year,major,university,campus,province,program_type,program_type_raw,admission_category,capacity,gender,intake,admission_conditions,source_id,source_page,base_source_id,base_source_page,notes
1401,آموزش ابتدایی,دانشگاه فرهنگیان,پردیس علامه امینی تبریز,آذربایجان شرقی,در جدول ذکر نشده,,تعهد خدمت,5,مرد,در جدول ذکر نشده,ادامه مخصوص داوطلبان بومی استان آذربایجان شرقی؛ پردیس علامه امینی تبریز/ اولویت پذیرش با داوطلبان بومی شهرستانهای هشترود، چاراویماق/محل خدمت هشترود؛ پذیرش دانشجو‌معلم با تعهد خدمت؛ ضوابط بخش فرهنگیان دفترچه,1401-humanities-booklet,117,1401-humanities-booklet,117,کدرشته‌محل منبع: 44278؛ عنوان رشته در منبع: آموزش ابتدایی؛ نحوه پذیرش: با آزمون (بخش دانشجو‌معلم)؛ استان در این ردیف مربوط به بومی‌گزینی/محل خدمت است
1401,آموزش ابتدایی,دانشگاه فرهنگیان,پردیس علامه امینی تبریز,آذربایجان شرقی,در جدول ذکر نشده,,تعهد خدمت,5,مرد,در جدول ذکر نشده,ادامه مخصوص داوطلبان بومی استان آذربایجان شرقی؛ پردیس علامه امینی تبریز/ اولویت پذیرش با داوطلبان بومی شهرستانهای هشترود، چاراویماق/محل خدمت نظرکهریز؛ پذیرش دانشجو‌معلم با تعهد خدمت؛ ضوابط بخش فرهنگیان دفترچه,1401-humanities-booklet,117,1401-humanities-booklet,117,کدرشته‌محل منبع: 44279؛ عنوان رشته در منبع: آموزش ابتدایی؛ نحوه پذیرش: با آزمون (بخش دانشجو‌معلم)؛ استان در این ردیف مربوط به بومی‌گزینی/محل خدمت است
1401,آموزش ابتدایی,دانشگاه فرهنگیان,پردیس علامه امینی تبریز,آذربایجان شرقی,در جدول ذکر نشده,,تعهد خدمت,5,مرد,در جدول ذکر نشده,ادامه مخصوص داوطلبان بومی استان آذربایجان شرقی؛ پردیس علامه امینی تبریز/ اولویت پذیرش با داوطلبان بومی شهرستانهای هشترود، چاراویماق/محل خدمت چاراویماق؛ پذیرش دانشجو‌معلم با تعهد خدمت؛ ضوابط بخش فرهنگیان دفترچه,1401-humanities-booklet,117,1401-humanities-booklet,117,کدرشته‌محل منبع: 44280؛ عنوان رشته در منبع: آموزش ابتدایی؛ نحوه پذیرش: با آزمون (بخش دانشجو‌معلم)؛ استان در این ردیف مربوط به بومی‌گزینی/محل خدمت است
1401,آموزش ابتدایی,دانشگاه فرهنگیان,پردیس علامه امینی تبریز,آذربایجان شرقی,در جدول ذکر نشده,,تعهد خدمت,7,مرد,در جدول ذکر نشده,ادامه مخصوص داوطلبان بومی استان آذربایجان شرقی؛ پردیس علامه امینی تبریز/ اولویت پذیرش با داوطلبان بومی شهرستانهای اسکو، تبریز، آذرشهر/محل خدمت آذرشهر؛ پذیرش دانشجو‌معلم با تعهد خدمت؛ ضوابط بخش فرهنگیان دفترچه,1401-humanities-booklet,117,1401-humanities-booklet,117,کدرشته‌محل منبع: 44281؛ عنوان رشته در منبع: آموزش ابتدایی؛ نحوه پذیرش: با آزمون (بخش دانشجو‌معلم)؛ استان در این ردیف مربوط به بومی‌گزینی/محل خدمت است
1401,آموزش ابتدایی,دانشگاه فرهنگیان,پردیس علامه امینی تبریز,آذربایجان شرقی,در جدول ذکر نشده,,تعهد خدمت,2,مرد,در جدول ذکر نشده,ادامه مخصوص داوطلبان بومی استان آذربایجان شرقی؛ پردیس علامه امینی تبریز/ اولویت پذیرش با داوطلبان بومی شهرستانهای اسکو، تبریز، آذرشهر/محل خدمت گوگان؛ پذیرش دانشجو‌معلم با تعهد خدمت؛ ضوابط بخش فرهنگیان دفترچه,1401-humanities-booklet,117,1401-humanities-booklet,117,کدرشته‌محل منبع: 44282؛ عنوان رشته در منبع: آموزش ابتدایی؛ نحوه پذیرش: با آزمون (بخش دانشجو‌معلم)؛ استان در این ردیف مربوط به بومی‌گزینی/محل خدمت است
1401,آموزش ابتدایی,دانشگاه فرهنگیان,پردیس علامه امینی تبریز,آذربایجان شرقی,در جدول ذکر نشده,,تعهد خدمت,11,مرد,در جدول ذکر نشده,ادامه مخصوص داوطلبان بومی استان آذربایجان شرقی؛ پردیس علامه امینی تبریز/ اولویت پذیرش با داوطلبان بومی شهرستانهای اسکو، تبریز، آذرشهر/محل خدمت اسکو؛ پذیرش دانشجو‌معلم با تعهد خدمت؛ ضوابط بخش فرهنگیان دفترچه,1401-humanities-booklet,117,1401-humanities-booklet,117,کدرشته‌محل منبع: 44283؛ عنوان رشته در منبع: آموزش ابتدایی؛ نحوه پذیرش: با آزمون (بخش دانشجو‌معلم)؛ استان در این ردیف مربوط به بومی‌گزینی/محل خدمت است
1401,آموزش ابتدایی,دانشگاه فرهنگیان,پردیس علامه امینی تبریز,آذربایجان شرقی,در جدول ذکر نشده,,تعهد خدمت,3,مرد,در جدول ذکر نشده,ادامه مخصوص داوطلبان بومی استان آذربایجان شرقی؛ پردیس علامه امینی تبریز/ اولویت پذیرش با داوطلبان بومی شهرستانهای اسکو، تبریز، آذرشهر/محل خدمت ایلخچی؛ پذیرش دانشجو‌معلم با تعهد خدمت؛ ضوابط بخش فرهنگیان دفترچه,1401-humanities-booklet,117,1401-humanities-booklet,117,کدرشته‌محل منبع: 44284؛ عنوان رشته در منبع: آموزش ابتدایی؛ نحوه پذیرش: با آزمون (بخش دانشجو‌معلم)؛ استان در این ردیف مربوط به بومی‌گزینی/محل خدمت است
1401,آموزش ابتدایی,دانشگاه فرهنگیان,پردیس علامه امینی تبریز,آذربایجان شرقی,در جدول ذکر نشده,,تعهد خدمت,4,مرد,در جدول ذکر نشده,ادامه مخصوص داوطلبان بومی استان آذربایجان شرقی؛ پردیس علامه امینی تبریز/ اولویت پذیرش با داوطلبان بومی شهرستانهای اسکو، تبریز، آذرشهر/محل خدمت خسروشهر؛ پذیرش دانشجو‌معلم با تعهد خدمت؛ ضوابط بخش فرهنگیان دفترچه,1401-humanities-booklet,117,1401-humanities-booklet,117,کدرشته‌محل منبع: 44285؛ عنوان رشته در منبع: آموزش ابتدایی؛ نحوه پذیرش: با آزمون (بخش دانشجو‌معلم)؛ استان در این ردیف مربوط به بومی‌گزینی/محل خدمت است
1401,آموزش ابتدایی,دانشگاه فرهنگیان,پردیس علامه امینی تبریز,آذربایجان شرقی,در جدول ذکر نشده,,تعهد خدمت,14,مرد,در جدول ذکر نشده,ادامه مخصوص داوطلبان بومی استان آذربایجان شرقی؛ پردیس علامه امینی تبریز/ اولویت پذیرش با داوطلبان بومی شهرستانهای اسکو، تبریز، آذرشهر/محل خدمت تبریز.ناحیه1؛ پذیرش دانشجو‌معلم با تعهد خدمت؛ ضوابط بخش فرهنگیان دفترچه,1401-humanities-booklet,117,1401-humanities-booklet,117,کدرشته‌محل منبع: 44286؛ عنوان رشته در منبع: آموزش ابتدایی؛ نحوه پذیرش: با آزمون (بخش دانشجو‌معلم)؛ استان در این ردیف مربوط به بومی‌گزینی/محل خدمت است
1401,آموزش ابتدایی,دانشگاه فرهنگیان,,آذربایجان شرقی,در جدول ذکر نشده,,تعهد خدمت,14,مرد,در جدول ذکر نشده,ادامه مخصوص داوطلبان بومی استان آذربایجان شرقی؛ /پردیس علامه امینی تبریز اولویت پذیرش با داوطلبان بومی شهرستانهای اسکو، تبریز، آذرشهر/محل خدمت تبریز.ناحیه2؛ پذیرش دانشجو‌معلم با تعهد خدمت؛ ضوابط بخش فرهنگیان دفترچه,1401-humanities-booklet,117,1401-humanities-booklet,117,کدرشته‌محل منبع: 44287؛ عنوان رشته در منبع: آموزش ابتدایی؛ نحوه پذیرش: با آزمون (بخش دانشجو‌معلم)؛ استان در این ردیف مربوط به بومی‌گزینی/محل خدمت است
1401,آموزش ابتدایی,دانشگاه فرهنگیان,پردیس علامه امینی تبریز,آذربایجان شرقی,در جدول ذکر نشده,,تعهد خدمت,20,مرد,در جدول ذکر نشده,ادامه مخصوص داوطلبان بومی استان آذربایجان شرقی؛ پردیس علامه امینی تبریز/ اولویت پذیرش با داوطلبان بومی شهرستانهای اسکو، تبریز، آذرشهر/محل خدمت تبریز.ناحیه3؛ پذیرش دانشجو‌معلم با تعهد خدمت؛ ضوابط بخش فرهنگیان دفترچه,1401-humanities-booklet,117,1401-humanities-booklet,117,کدرشته‌محل منبع: 44288؛ عنوان رشته در منبع: آموزش ابتدایی؛ نحوه پذیرش: با آزمون (بخش دانشجو‌معلم)؛ استان در این ردیف مربوط به بومی‌گزینی/محل خدمت است
1401,آموزش ابتدایی,دانشگاه فرهنگیان,پردیس علامه امینی تبریز,آذربایجان شرقی,در جدول ذکر نشده,,تعهد خدمت,14,مرد,در جدول ذکر نشده,ادامه مخصوص داوطلبان بومی استان آذربایجان شرقی؛ پردیس علامه امینی تبریز/ اولویت پذیرش با داوطلبان بومی شهرستانهای اسکو، تبریز، آذرشهر/محل خدمت تبریز.ناحیه4؛ پذیرش دانشجو‌معلم با تعهد خدمت؛ ضوابط بخش فرهنگیان دفترچه,1401-humanities-booklet,117,1401-humanities-booklet,117,کدرشته‌محل منبع: 44289؛ عنوان رشته در منبع: آموزش ابتدایی؛ نحوه پذیرش: با آزمون (بخش دانشجو‌معلم)؛ استان در این ردیف مربوط به بومی‌گزینی/محل خدمت است
1401,آموزش ابتدایی,دانشگاه فرهنگیان,پردیس علامه امینی تبریز,آذربایجان شرقی,در جدول ذکر نشده,,تعهد خدمت,22,مرد,در جدول ذکر نشده,ادامه مخصوص داوطلبان بومی استان آذربایجان شرقی؛ پردیس علامه امینی تبریز/ اولویت پذیرش با داوطلبان بومی شهرستانهای اسکو، تبریز، آذرشهر/محل خدمت تبریز.ناحیه5؛ پذیرش دانشجو‌معلم با تعهد خدمت؛ ضوابط بخش فرهنگیان دفترچه,1401-humanities-booklet,117,1401-humanities-booklet,117,کدرشته‌محل منبع: 44290؛ عنوان رشته در منبع: آموزش ابتدایی؛ نحوه پذیرش: با آزمون (بخش دانشجو‌معلم)؛ استان در این ردیف مربوط به بومی‌گزینی/محل خدمت است
1401,آموزش ابتدایی,دانشگاه فرهنگیان,پردیس علامه امینی تبریز,آذربایجان شرقی,در جدول ذکر نشده,,تعهد خدمت,7,مرد,در جدول ذکر نشده,ادامه مخصوص داوطلبان بومی استان آذربایجان شرقی؛ پردیس علامه امینی تبریز/ اولویت پذیرش با داوطلبان بومی شهرستانهای بستان آباد، سراب، هریس/محل خدمت بستان آباد؛ پذیرش دانشجو‌معلم با تعهد خدمت؛ ضوابط بخش فرهنگیان دفترچه,1401-humanities-booklet,117,1401-humanities-booklet,117,کدرشته‌محل منبع: 44291؛ عنوان رشته در منبع: آموزش ابتدایی؛ نحوه پذیرش: با آزمون (بخش دانشجو‌معلم)؛ استان در این ردیف مربوط به بومی‌گزینی/محل خدمت است
1401,آموزش ابتدایی,دانشگاه فرهنگیان,پردیس علامه امینی تبریز,آذربایجان شرقی,در جدول ذکر نشده,,تعهد خدمت,8,مرد,در جدول ذکر نشده,ادامه مخصوص داوطلبان بومی استان آذربایجان شرقی؛ پردیس علامه امینی تبریز/ اولویت پذیرش با داوطلبان بومی شهرستان میانه/محل خدمت میانه؛ پذیرش دانشجو‌معلم با تعهد خدمت؛ ضوابط بخش فرهنگیان دفترچه,1401-humanities-booklet,117,1401-humanities-booklet,117,کدرشته‌محل منبع: 44292؛ عنوان رشته در منبع: آموزش ابتدایی؛ نحوه پذیرش: با آزمون (بخش دانشجو‌معلم)؛ استان در این ردیف مربوط به بومی‌گزینی/محل خدمت است
1401,آموزش ابتدایی,دانشگاه فرهنگیان,پردیس علامه امینی تبریز,آذربایجان شرقی,در جدول ذکر نشده,,تعهد خدمت,4,مرد,در جدول ذکر نشده,ادامه مخصوص داوطلبان بومی استان آذربایجان شرقی؛ پردیس علامه امینی تبریز/ اولویت پذیرش با داوطلبان بومی شهرستان میانه/محل خدمت کندوان؛ پذیرش دانشجو‌معلم با تعهد خدمت؛ ضوابط بخش فرهنگیان دفترچه,1401-humanities-booklet,117,1401-humanities-booklet,117,کدرشته‌محل منبع: 44293؛ عنوان رشته در منبع: آموزش ابتدایی؛ نحوه پذیرش: با آزمون (بخش دانشجو‌معلم)؛ استان در این ردیف مربوط به بومی‌گزینی/محل خدمت است
1401,آموزش ابتدایی,دانشگاه فرهنگیان,پردیس علامه امینی تبریز,آذربایجان شرقی,در جدول ذکر نشده,,تعهد خدمت,4,مرد,در جدول ذکر نشده,ادامه مخصوص داوطلبان بومی استان آذربایجان شرقی؛ پردیس علامه امینی تبریز/ اولویت پذیرش با داوطلبان بومی شهرستان میانه/محل خدمت ترکمانچای؛ پذیرش دانشجو‌معلم با تعهد خدمت؛ ضوابط بخش فرهنگیان دفترچه,1401-humanities-booklet,117,1401-humanities-booklet,117,کدرشته‌محل منبع: 44294؛ عنوان رشته در منبع: آموزش ابتدایی؛ نحوه پذیرش: با آزمون (بخش دانشجو‌معلم)؛ استان در این ردیف مربوط به بومی‌گزینی/محل خدمت است
1401,آموزش ابتدایی,دانشگاه فرهنگیان,پردیس علامه امینی تبریز,آذربایجان شرقی,در جدول ذکر نشده,,تعهد خدمت,1,مرد,در جدول ذکر نشده,ادامه مخصوص داوطلبان بومی استان آذربایجان شرقی؛ پردیس علامه امینی تبریز/ اولویت پذیرش با داوطلبان بومی شهرستان میانه/محل خدمت کاغذکنان؛ پذیرش دانشجو‌معلم با تعهد خدمت؛ ضوابط بخش فرهنگیان دفترچه,1401-humanities-booklet,117,1401-humanities-booklet,117,کدرشته‌محل منبع: 44295؛ عنوان رشته در منبع: آموزش ابتدایی؛ نحوه پذیرش: با آزمون (بخش دانشجو‌معلم)؛ استان در این ردیف مربوط به بومی‌گزینی/محل خدمت است
1401,آموزش ابتدایی,دانشگاه فرهنگیان,پردیس علامه امینی تبریز,آذربایجان شرقی,در جدول ذکر نشده,,تعهد خدمت,5,مرد,در جدول ذکر نشده,ادامه مخصوص داوطلبان بومی استان آذربایجان شرقی؛ پردیس علامه امینی تبریز/ اولویت پذیرش با داوطلبان بومی شهرستانهای بستان آباد، سراب/محل خدمت تیکمه داش؛ پذیرش دانشجو‌معلم با تعهد خدمت؛ ضوابط بخش فرهنگیان دفترچه,1401-humanities-booklet,117,1401-humanities-booklet,117,کدرشته‌محل منبع: 44296؛ عنوان رشته در منبع: آموزش ابتدایی؛ نحوه پذیرش: با آزمون (بخش دانشجو‌معلم)؛ استان در این ردیف مربوط به بومی‌گزینی/محل خدمت است
1401,آموزش ابتدایی,دانشگاه فرهنگیان,پردیس علامه امینی تبریز,آذربایجان شرقی,در جدول ذکر نشده,,تعهد خدمت,18,مرد,در جدول ذکر نشده,ادامه مخصوص داوطلبان بومی استان آذربایجان شرقی؛ پردیس علامه امینی تبریز/ اولویت پذیرش با داوطلبان بومی شهرستانهای مراغه، بناب، عجب شیر، ملکان/محل خدمت مراغه؛ پذیرش دانشجو‌معلم با تعهد خدمت؛ ضوابط بخش فرهنگیان دفترچه,1401-humanities-booklet,117,1401-humanities-booklet,117,کدرشته‌محل منبع: 44297؛ عنوان رشته در منبع: آموزش ابتدایی؛ نحوه پذیرش: با آزمون (بخش دانشجو‌معلم)؛ استان در این ردیف مربوط به بومی‌گزینی/محل خدمت است
1401,آموزش ابتدایی,دانشگاه فرهنگیان,پردیس علامه امینی تبریز,آذربایجان شرقی,در جدول ذکر نشده,,تعهد خدمت,7,مرد,در جدول ذکر نشده,ادامه مخصوص داوطلبان بومی استان آذربایجان شرقی؛ پردیس علامه امینی تبریز/ اولویت پذیرش با داوطلبان بومی شهرستانهای مراغه، بناب، عجب شیر، ملکان/محل خدمت عجب شیر؛ پذیرش دانشجو‌معلم با تعهد خدمت؛ ضوابط بخش فرهنگیان دفترچه,1401-humanities-booklet,117,1401-humanities-booklet,117,کدرشته‌محل منبع: 44298؛ عنوان رشته در منبع: آموزش ابتدایی؛ نحوه پذیرش: با آزمون (بخش دانشجو‌معلم)؛ استان در این ردیف مربوط به بومی‌گزینی/محل خدمت است
1401,آموزش ابتدایی,دانشگاه فرهنگیان,پردیس علامه امینی تبریز,آذربایجان شرقی,در جدول ذکر نشده,,تعهد خدمت,14,مرد,در جدول ذکر نشده,ادامه مخصوص داوطلبان بومی استان آذربایجان شرقی؛ پردیس علامه امینی تبریز/ اولویت پذیرش با داوطلبان بومی شهرستانهای مراغه، بناب، عجب شیر، ملکان/محل خدمت بناب؛ پذیرش دانشجو‌معلم با تعهد خدمت؛ ضوابط بخش فرهنگیان دفترچه,1401-humanities-booklet,117,1401-humanities-booklet,117,کدرشته‌محل منبع: 44299؛ عنوان رشته در منبع: آموزش ابتدایی؛ نحوه پذیرش: با آزمون (بخش دانشجو‌معلم)؛ استان در این ردیف مربوط به بومی‌گزینی/محل خدمت است
1401,آموزش ابتدایی,دانشگاه فرهنگیان,پردیس علامه امینی تبریز,آذربایجان شرقی,در جدول ذکر نشده,,تعهد خدمت,10,مرد,در جدول ذکر نشده,ادامه مخصوص داوطلبان بومی استان آذربایجان شرقی؛ پردیس علامه امینی تبریز/ اولویت پذیرش با داوطلبان بومی شهرستانهای مراغه، بناب، عجب شیر، ملکان/محل خدمت ملکان؛ پذیرش دانشجو‌معلم با تعهد خدمت؛ ضوابط بخش فرهنگیان دفترچه,1401-humanities-booklet,117,1401-humanities-booklet,117,کدرشته‌محل منبع: 44300؛ عنوان رشته در منبع: آموزش ابتدایی؛ نحوه پذیرش: با آزمون (بخش دانشجو‌معلم)؛ استان در این ردیف مربوط به بومی‌گزینی/محل خدمت است
1401,آموزش ابتدایی,دانشگاه فرهنگیان,پردیس علامه امینی تبریز,آذربایجان شرقی,در جدول ذکر نشده,,تعهد خدمت,2,مرد,در جدول ذکر نشده,ادامه مخصوص داوطلبان بومی استان آذربایجان شرقی؛ پردیس علامه امینی تبریز/ اولویت پذیرش با داوطلبان بومی شهرستانهای خداآفرین، کلیبر/محل خدمت خداآفرین؛ پذیرش دانشجو‌معلم با تعهد خدمت؛ ضوابط بخش فرهنگیان دفترچه,1401-humanities-booklet,117,1401-humanities-booklet,117,کدرشته‌محل منبع: 44301؛ عنوان رشته در منبع: آموزش ابتدایی؛ نحوه پذیرش: با آزمون (بخش دانشجو‌معلم)؛ استان در این ردیف مربوط به بومی‌گزینی/محل خدمت است
1401,آموزش ابتدایی,دانشگاه فرهنگیان,پردیس علامه امینی تبریز,آذربایجان شرقی,در جدول ذکر نشده,,تعهد خدمت,2,مرد,در جدول ذکر نشده,ادامه مخصوص داوطلبان بومی استان آذربایجان شرقی؛ پردیس علامه امینی تبریز/ اولویت پذیرش با داوطلبان بومی شهرستانهای وزرقان، اهر، هوراند/محل خدمت خاروانا؛ پذیرش دانشجو‌معلم با تعهد خدمت؛ ضوابط بخش فرهنگیان دفترچه,1401-humanities-booklet,117,1401-humanities-booklet,117,کدرشته‌محل منبع: 44302؛ عنوان رشته در منبع: آموزش ابتدایی؛ نحوه پذیرش: با آزمون (بخش دانشجو‌معلم)؛ استان در این ردیف مربوط به بومی‌گزینی/محل خدمت است
1401,آموزش ابتدایی,دانشگاه فرهنگیان,پردیس علامه امینی تبریز,آذربایجان شرقی,در جدول ذکر نشده,,تعهد خدمت,8,مرد,در جدول ذکر نشده,ادامه مخصوص داوطلبان بومی استان آذربایجان شرقی؛ پردیس علامه امینی تبریز/ اولویت پذیرش با داوطلبان بومی شهرستانهای سراب، هریس، بستان آباد/محل خدمت سراب؛ پذیرش دانشجو‌معلم با تعهد خدمت؛ ضوابط بخش فرهنگیان دفترچه,1401-humanities-booklet,117,1401-humanities-booklet,117,کدرشته‌محل منبع: 44303؛ عنوان رشته در منبع: آموزش ابتدایی؛ نحوه پذیرش: با آزمون (بخش دانشجو‌معلم)؛ استان در این ردیف مربوط به بومی‌گزینی/محل خدمت است
1401,آموزش ابتدایی,دانشگاه فرهنگیان,پردیس علامه امینی تبریز,آذربایجان شرقی,در جدول ذکر نشده,,تعهد خدمت,5,مرد,در جدول ذکر نشده,ادامه مخصوص داوطلبان بومی استان آذربایجان شرقی؛ پردیس علامه امینی تبریز/ اولویت پذیرش با داوطلبان بومی شهرستانهای سراب، هریس، بستان آباد/محل خدمت مهربان؛ پذیرش دانشجو‌معلم با تعهد خدمت؛ ضوابط بخش فرهنگیان دفترچه,1401-humanities-booklet,117,1401-humanities-booklet,117,کدرشته‌محل منبع: 44304؛ عنوان رشته در منبع: آموزش ابتدایی؛ نحوه پذیرش: با آزمون (بخش دانشجو‌معلم)؛ استان در این ردیف مربوط به بومی‌گزینی/محل خدمت است
1401,آموزش ابتدایی,دانشگاه فرهنگیان,پردیس علامه امینی تبریز,آذربایجان شرقی,در جدول ذکر نشده,,تعهد خدمت,7,مرد,در جدول ذکر نشده,ادامه مخصوص داوطلبان بومی استان آذربایجان شرقی؛ پردیس علامه امینی تبریز/ اولویت پذیرش با داوطلبان بومی شهرستانهای هریس، وزرقان، اهر، هوراند/محل خدمت اهر؛ پذیرش دانشجو‌معلم با تعهد خدمت؛ ضوابط بخش فرهنگیان دفترچه,1401-humanities-booklet,117,1401-humanities-booklet,117,کدرشته‌محل منبع: 44305؛ عنوان رشته در منبع: آموزش ابتدایی؛ نحوه پذیرش: با آزمون (بخش دانشجو‌معلم)؛ استان در این ردیف مربوط به بومی‌گزینی/محل خدمت است
1401,آموزش ابتدایی,دانشگاه فرهنگیان,پردیس علامه امینی تبریز,آذربایجان شرقی,در جدول ذکر نشده,,تعهد خدمت,5,مرد,در جدول ذکر نشده,ادامه مخصوص داوطلبان بومی استان آذربایجان شرقی؛ پردیس علامه امینی تبریز/ اولویت پذیرش با داوطلبان بومی شهرستانهای هریس، وزرقان، اهر، هوراند/محل خدمت هریس؛ پذیرش دانشجو‌معلم با تعهد خدمت؛ ضوابط بخش فرهنگیان دفترچه,1401-humanities-booklet,117,1401-humanities-booklet,117,کدرشته‌محل منبع: 44306؛ عنوان رشته در منبع: آموزش ابتدایی؛ نحوه پذیرش: با آزمون (بخش دانشجو‌معلم)؛ استان در این ردیف مربوط به بومی‌گزینی/محل خدمت است
1401,آموزش ابتدایی,دانشگاه فرهنگیان,پردیس علامه امینی تبریز,آذربایجان شرقی,در جدول ذکر نشده,,تعهد خدمت,4,مرد,در جدول ذکر نشده,ادامه مخصوص داوطلبان بومی استان آذربایجان شرقی؛ پردیس علامه امینی تبریز/ اولویت پذیرش با داوطلبان بومی شهرستانهای اهر، هوراند، هریس/محل خدمت خواجه؛ پذیرش دانشجو‌معلم با تعهد خدمت؛ ضوابط بخش فرهنگیان دفترچه,1401-humanities-booklet,117,1401-humanities-booklet,117,کدرشته‌محل منبع: 44307؛ عنوان رشته در منبع: آموزش ابتدایی؛ نحوه پذیرش: با آزمون (بخش دانشجو‌معلم)؛ استان در این ردیف مربوط به بومی‌گزینی/محل خدمت است
1401,آموزش ابتدایی,دانشگاه فرهنگیان,پردیس علامه امینی تبریز,آذربایجان شرقی,در جدول ذکر نشده,,تعهد خدمت,2,مرد,در جدول ذکر نشده,ادامه مخصوص داوطلبان بومی استان آذربایجان شرقی؛ پردیس علامه امینی تبریز/ اولویت پذیرش با داوطلبان بومی شهرستانهای اهر، هوراند، کلیبر، خداآفرین/محل خدمت عشایری آذربایجان شرقی؛ پذیرش دانشجو‌معلم با تعهد خدمت؛ ضوابط بخش فرهنگیان دفترچه,1401-humanities-booklet,117,1401-humanities-booklet,117,کدرشته‌محل منبع: 44308؛ عنوان رشته در منبع: آموزش ابتدایی؛ نحوه پذیرش: با آزمون (بخش دانشجو‌معلم)؛ استان در این ردیف مربوط به بومی‌گزینی/محل خدمت است
1401,آموزش ابتدایی,دانشگاه فرهنگیان,،پردیس علامه امینی تبریز,آذربایجان شرقی,در جدول ذکر نشده,,تعهد خدمت,5,مرد,در جدول ذکر نشده,ادامه مخصوص داوطلبان بومی استان آذربایجان شرقی؛ ،پردیس علامه امینی تبریز/ اولویت پذیرش با داوطلبان بومی شهرستانهای اهر، هوراند، کلیبر خداآفرین/محل خدمت کلیبر؛ پذیرش دانشجو‌معلم با تعهد خدمت؛ ضوابط بخش فرهنگیان دفترچه,1401-humanities-booklet,118,1401-humanities-booklet,118,کدرشته‌محل منبع: 44309؛ عنوان رشته در منبع: آموزش ابتدایی؛ نحوه پذیرش: با آزمون (بخش دانشجو‌معلم)؛ استان در این ردیف مربوط به بومی‌گزینی/محل خدمت است
1401,آموزش ابتدایی,دانشگاه فرهنگیان,پردیس علامه امینی تبریز,آذربایجان شرقی,در جدول ذکر نشده,,تعهد خدمت,3,مرد,در جدول ذکر نشده,ادامه مخصوص داوطلبان بومی استان آذربایجان شرقی؛ پردیس علامه امینی تبریز/ اولویت پذیرش با داوطلبان بومی شهرستانهای اهر، هوراند، کلیبر، خداآفرین/محل خدمت هوراند؛ پذیرش دانشجو‌معلم با تعهد خدمت؛ ضوابط بخش فرهنگیان دفترچه,1401-humanities-booklet,118,1401-humanities-booklet,118,کدرشته‌محل منبع: 44310؛ عنوان رشته در منبع: آموزش ابتدایی؛ نحوه پذیرش: با آزمون (بخش دانشجو‌معلم)؛ استان در این ردیف مربوط به بومی‌گزینی/محل خدمت است
1401,آموزش ابتدایی,دانشگاه فرهنگیان,پردیس علامه امینی تبریز,آذربایجان شرقی,در جدول ذکر نشده,,تعهد خدمت,5,مرد,در جدول ذکر نشده,ادامه مخصوص داوطلبان بومی استان آذربایجان شرقی؛ پردیس علامه امینی تبریز/ اولویت پذیرش با داوطلبان بومی شهرستانهای وزرقان، اهر، هوراند/محل خدمت ورزقان؛ پذیرش دانشجو‌معلم با تعهد خدمت؛ ضوابط بخش فرهنگیان دفترچه,1401-humanities-booklet,118,1401-humanities-booklet,118,کدرشته‌محل منبع: 44311؛ عنوان رشته در منبع: آموزش ابتدایی؛ نحوه پذیرش: با آزمون (بخش دانشجو‌معلم)؛ استان در این ردیف مربوط به بومی‌گزینی/محل خدمت است
1401,آموزش ابتدایی,دانشگاه فرهنگیان,پردیس علامه امینی تبریز,آذربایجان شرقی,در جدول ذکر نشده,,تعهد خدمت,19,مرد,در جدول ذکر نشده,ادامه مخصوص داوطلبان بومی استان آذربایجان شرقی؛ پردیس علامه امینی تبریز/ اولویت پذیرش با داوطلبان بومی شهرستانهای شبستر، مرند، جلفا/محل خدمت مرند؛ پذیرش دانشجو‌معلم با تعهد خدمت؛ ضوابط بخش فرهنگیان دفترچه,1401-humanities-booklet,118,1401-humanities-booklet,118,کدرشته‌محل منبع: 44312؛ عنوان رشته در منبع: آموزش ابتدایی؛ نحوه پذیرش: با آزمون (بخش دانشجو‌معلم)؛ استان در این ردیف مربوط به بومی‌گزینی/محل خدمت است
1401,آموزش ابتدایی,دانشگاه فرهنگیان,پردیس علامه امینی تبریز,آذربایجان شرقی,در جدول ذکر نشده,,تعهد خدمت,7,مرد,در جدول ذکر نشده,ادامه مخصوص داوطلبان بومی استان آذربایجان شرقی؛ پردیس علامه امینی تبریز/ اولویت پذیرش با داوطلبان بومی شهرستانهای شبستر، مرند، جلفا/محل خدمت صوفیان؛ پذیرش دانشجو‌معلم با تعهد خدمت؛ ضوابط بخش فرهنگیان دفترچه,1401-humanities-booklet,118,1401-humanities-booklet,118,کدرشته‌محل منبع: 44313؛ عنوان رشته در منبع: آموزش ابتدایی؛ نحوه پذیرش: با آزمون (بخش دانشجو‌معلم)؛ استان در این ردیف مربوط به بومی‌گزینی/محل خدمت است
1401,آموزش ابتدایی,دانشگاه فرهنگیان,پردیس علامه امینی تبریز,آذربایجان شرقی,در جدول ذکر نشده,,تعهد خدمت,7,مرد,در جدول ذکر نشده,ادامه مخصوص داوطلبان بومی استان آذربایجان شرقی؛ پردیس علامه امینی تبریز/ اولویت پذیرش با داوطلبان بومی شهرستانهای شبستر، مرند، جلفا/محل خدمت شبستر؛ پذیرش دانشجو‌معلم با تعهد خدمت؛ ضوابط بخش فرهنگیان دفترچه,1401-humanities-booklet,118,1401-humanities-booklet,118,کدرشته‌محل منبع: 44314؛ عنوان رشته در منبع: آموزش ابتدایی؛ نحوه پذیرش: با آزمون (بخش دانشجو‌معلم)؛ استان در این ردیف مربوط به بومی‌گزینی/محل خدمت است
1401,آموزش ابتدایی,دانشگاه فرهنگیان,پردیس علامه امینی تبریز,آذربایجان شرقی,در جدول ذکر نشده,,تعهد خدمت,2,مرد,در جدول ذکر نشده,ادامه مخصوص داوطلبان بومی استان آذربایجان شرقی؛ پردیس علامه امینی تبریز/ اولویت پذیرش با داوطلبان بومی شهرستانهای شبستر، مرند، جلفا/محل خدمت تسوج؛ پذیرش دانشجو‌معلم با تعهد خدمت؛ ضوابط بخش فرهنگیان دفترچه,1401-humanities-booklet,118,1401-humanities-booklet,118,کدرشته‌محل منبع: 44315؛ عنوان رشته در منبع: آموزش ابتدایی؛ نحوه پذیرش: با آزمون (بخش دانشجو‌معلم)؛ استان در این ردیف مربوط به بومی‌گزینی/محل خدمت است
1401,آموزش ابتدایی,دانشگاه فرهنگیان,پردیس علامه امینی تبریز,آذربایجان شرقی,در جدول ذکر نشده,,تعهد خدمت,7,مرد,در جدول ذکر نشده,ادامه مخصوص داوطلبان بومی استان آذربایجان شرقی؛ پردیس علامه امینی تبریز/ اولویت پذیرش با داوطلبان بومی شهرستانهای شبستر، مرند، جلفا/محل خدمت جلفا؛ پذیرش دانشجو‌معلم با تعهد خدمت؛ ضوابط بخش فرهنگیان دفترچه,1401-humanities-booklet,118,1401-humanities-booklet,118,کدرشته‌محل منبع: 44316؛ عنوان رشته در منبع: آموزش ابتدایی؛ نحوه پذیرش: با آزمون (بخش دانشجو‌معلم)؛ استان در این ردیف مربوط به بومی‌گزینی/محل خدمت است
1401,آموزش ابتدایی,دانشگاه فرهنگیان,پردیس فاطمة الزهراء)س( تبریز,آذربایجان شرقی,در جدول ذکر نشده,,تعهد خدمت,3,زن,در جدول ذکر نشده,ادامه مخصوص داوطلبان بومی استان آذربایجان شرقی؛ پردیس فاطمة الزهراء)س( تبریز/ اولویت پذیرش با داوطلبان بومی شهرستانهای هشترود، چاراویماق/محل خدمت هشترود؛ پذیرش دانشجو‌معلم با تعهد خدمت؛ ضوابط بخش فرهنگیان دفترچه,1401-humanities-booklet,118,1401-humanities-booklet,118,کدرشته‌محل منبع: 44317؛ عنوان رشته در منبع: آموزش ابتدایی؛ نحوه پذیرش: با آزمون (بخش دانشجو‌معلم)؛ استان در این ردیف مربوط به بومی‌گزینی/محل خدمت است
1401,آموزش ابتدایی,دانشگاه فرهنگیان,پردیس فاطمة الزهراء)س( تبریز,آذربایجان شرقی,در جدول ذکر نشده,,تعهد خدمت,2,زن,در جدول ذکر نشده,ادامه مخصوص داوطلبان بومی استان آذربایجان شرقی؛ پردیس فاطمة الزهراء)س( تبریز/ اولویت پذیرش با داوطلبان بومی شهرستانهای هشترود، چاراویماق/محل خدمت نظرکهریز؛ پذیرش دانشجو‌معلم با تعهد خدمت؛ ضوابط بخش فرهنگیان دفترچه,1401-humanities-booklet,118,1401-humanities-booklet,118,کدرشته‌محل منبع: 44318؛ عنوان رشته در منبع: آموزش ابتدایی؛ نحوه پذیرش: با آزمون (بخش دانشجو‌معلم)؛ استان در این ردیف مربوط به بومی‌گزینی/محل خدمت است
1401,آموزش ابتدایی,دانشگاه فرهنگیان,پردیس فاطمة الزهراء)س( تبریز,آذربایجان شرقی,در جدول ذکر نشده,,تعهد خدمت,3,زن,در جدول ذکر نشده,ادامه مخصوص داوطلبان بومی استان آذربایجان شرقی؛ پردیس فاطمة الزهراء)س( تبریز/ اولویت پذیرش با داوطلبان بومی شهرستانهای هشترود، چاراویماق/محل خدمت چاراویماق؛ پذیرش دانشجو‌معلم با تعهد خدمت؛ ضوابط بخش فرهنگیان دفترچه,1401-humanities-booklet,118,1401-humanities-booklet,118,کدرشته‌محل منبع: 44319؛ عنوان رشته در منبع: آموزش ابتدایی؛ نحوه پذیرش: با آزمون (بخش دانشجو‌معلم)؛ استان در این ردیف مربوط به بومی‌گزینی/محل خدمت است
1401,آموزش ابتدایی,دانشگاه فرهنگیان,پردیس فاطمة الزهراء)س( تبریز,آذربایجان شرقی,در جدول ذکر نشده,,تعهد خدمت,5,زن,در جدول ذکر نشده,ادامه مخصوص داوطلبان بومی استان آذربایجان شرقی؛ پردیس فاطمة الزهراء)س( تبریز/ اولویت پذیرش با داوطلبان بومی شهرستانهای اسکو، تبریز، آذرشهر/محل خدمت آذرشهر؛ پذیرش دانشجو‌معلم با تعهد خدمت؛ ضوابط بخش فرهنگیان دفترچه,1401-humanities-booklet,118,1401-humanities-booklet,118,کدرشته‌محل منبع: 44320؛ عنوان رشته در منبع: آموزش ابتدایی؛ نحوه پذیرش: با آزمون (بخش دانشجو‌معلم)؛ استان در این ردیف مربوط به بومی‌گزینی/محل خدمت است
1401,آموزش ابتدایی,دانشگاه فرهنگیان,پردیس فاطمة الزهراء)س( تبریز,آذربایجان شرقی,در جدول ذکر نشده,,تعهد خدمت,2,زن,در جدول ذکر نشده,ادامه مخصوص داوطلبان بومی استان آذربایجان شرقی؛ پردیس فاطمة الزهراء)س( تبریز/ اولویت پذیرش با داوطلبان بومی شهرستانهای اسکو، تبریز، آذرشهر/محل خدمت گوگان؛ پذیرش دانشجو‌معلم با تعهد خدمت؛ ضوابط بخش فرهنگیان دفترچه,1401-humanities-booklet,118,1401-humanities-booklet,118,کدرشته‌محل منبع: 44321؛ عنوان رشته در منبع: آموزش ابتدایی؛ نحوه پذیرش: با آزمون (بخش دانشجو‌معلم)؛ استان در این ردیف مربوط به بومی‌گزینی/محل خدمت است
1401,آموزش ابتدایی,دانشگاه فرهنگیان,پردیس فاطمة الزهراء)س( تبریز,آذربایجان شرقی,در جدول ذکر نشده,,تعهد خدمت,7,زن,در جدول ذکر نشده,ادامه مخصوص داوطلبان بومی استان آذربایجان شرقی؛ پردیس فاطمة الزهراء)س( تبریز/ اولویت پذیرش با داوطلبان بومی شهرستانهای اسکو، تبریز، آذرشهر/محل خدمت اسکو؛ پذیرش دانشجو‌معلم با تعهد خدمت؛ ضوابط بخش فرهنگیان دفترچه,1401-humanities-booklet,118,1401-humanities-booklet,118,کدرشته‌محل منبع: 44322؛ عنوان رشته در منبع: آموزش ابتدایی؛ نحوه پذیرش: با آزمون (بخش دانشجو‌معلم)؛ استان در این ردیف مربوط به بومی‌گزینی/محل خدمت است
1401,آموزش ابتدایی,دانشگاه فرهنگیان,پردیس فاطمة الزهراء)س( تبریز,آذربایجان شرقی,در جدول ذکر نشده,,تعهد خدمت,2,زن,در جدول ذکر نشده,ادامه مخصوص داوطلبان بومی استان آذربایجان شرقی؛ پردیس فاطمة الزهراء)س( تبریز/ اولویت پذیرش با داوطلبان بومی شهرستانهای اسکو، تبریز، آذرشهر/محل خدمت ایلخچی؛ پذیرش دانشجو‌معلم با تعهد خدمت؛ ضوابط بخش فرهنگیان دفترچه,1401-humanities-booklet,118,1401-humanities-booklet,118,کدرشته‌محل منبع: 44323؛ عنوان رشته در منبع: آموزش ابتدایی؛ نحوه پذیرش: با آزمون (بخش دانشجو‌معلم)؛ استان در این ردیف مربوط به بومی‌گزینی/محل خدمت است
1401,آموزش ابتدایی,دانشگاه فرهنگیان,پردیس فاطمة الزهراء)س( تبریز,آذربایجان شرقی,در جدول ذکر نشده,,تعهد خدمت,4,زن,در جدول ذکر نشده,ادامه مخصوص داوطلبان بومی استان آذربایجان شرقی؛ پردیس فاطمة الزهراء)س( تبریز/ اولویت پذیرش با داوطلبان بومی شهرستانهای اسکو، تبریز، آذرشهر/محل خدمت خسروشهر؛ پذیرش دانشجو‌معلم با تعهد خدمت؛ ضوابط بخش فرهنگیان دفترچه,1401-humanities-booklet,118,1401-humanities-booklet,118,کدرشته‌محل منبع: 44324؛ عنوان رشته در منبع: آموزش ابتدایی؛ نحوه پذیرش: با آزمون (بخش دانشجو‌معلم)؛ استان در این ردیف مربوط به بومی‌گزینی/محل خدمت است
1401,آموزش ابتدایی,دانشگاه فرهنگیان,(پردیس فاطمة الزهراء)س تبریز,آذربایجان شرقی,در جدول ذکر نشده,,تعهد خدمت,10,زن,در جدول ذکر نشده,ادامه مخصوص داوطلبان بومی استان آذربایجان شرقی؛ (پردیس فاطمة الزهراء)س تبریز/ اولویت پذیرش با داوطلبان بومی شهرستانهای اسکو، تبریز، آذرشهر/محل خدمت تبریز.ناحیه1؛ پذیرش دانشجو‌معلم با تعهد خدمت؛ ضوابط بخش فرهنگیان دفترچه,1401-humanities-booklet,118,1401-humanities-booklet,118,کدرشته‌محل منبع: 44325؛ عنوان رشته در منبع: آموزش ابتدایی؛ نحوه پذیرش: با آزمون (بخش دانشجو‌معلم)؛ استان در این ردیف مربوط به بومی‌گزینی/محل خدمت است
1401,آموزش ابتدایی,دانشگاه فرهنگیان,پردیس فاطمة الزهراء)س( تبریز,آذربایجان شرقی,در جدول ذکر نشده,,تعهد خدمت,10,زن,در جدول ذکر نشده,ادامه مخصوص داوطلبان بومی استان آذربایجان شرقی؛ پردیس فاطمة الزهراء)س( تبریز/ اولویت پذیرش با داوطلبان بومی شهرستانهای اسکو، تبریز، آذرشهر/محل خدمت تبریز.ناحیه2؛ پذیرش دانشجو‌معلم با تعهد خدمت؛ ضوابط بخش فرهنگیان دفترچه,1401-humanities-booklet,118,1401-humanities-booklet,118,کدرشته‌محل منبع: 44326؛ عنوان رشته در منبع: آموزش ابتدایی؛ نحوه پذیرش: با آزمون (بخش دانشجو‌معلم)؛ استان در این ردیف مربوط به بومی‌گزینی/محل خدمت است
1401,آموزش ابتدایی,دانشگاه فرهنگیان,پردیس فاطمة الزهراء)س( تبریز,آذربایجان شرقی,در جدول ذکر نشده,,تعهد خدمت,13,زن,در جدول ذکر نشده,ادامه مخصوص داوطلبان بومی استان آذربایجان شرقی؛ پردیس فاطمة الزهراء)س( تبریز/ اولویت پذیرش با داوطلبان بومی شهرستانهای اسکو، تبریز، آذرشهر/محل خدمت تبریز.ناحیه3؛ پذیرش دانشجو‌معلم با تعهد خدمت؛ ضوابط بخش فرهنگیان دفترچه,1401-humanities-booklet,118,1401-humanities-booklet,118,کدرشته‌محل منبع: 44327؛ عنوان رشته در منبع: آموزش ابتدایی؛ نحوه پذیرش: با آزمون (بخش دانشجو‌معلم)؛ استان در این ردیف مربوط به بومی‌گزینی/محل خدمت است
1401,آموزش ابتدایی,دانشگاه فرهنگیان,پردیس فاطمة الزهراء)س( تبریز,آذربایجان شرقی,در جدول ذکر نشده,,تعهد خدمت,8,زن,در جدول ذکر نشده,ادامه مخصوص داوطلبان بومی استان آذربایجان شرقی؛ پردیس فاطمة الزهراء)س( تبریز/ اولویت پذیرش با داوطلبان بومی شهرستانهای اسکو، تبریز، آذرشهر/محل خدمت تبریز.ناحیه4؛ پذیرش دانشجو‌معلم با تعهد خدمت؛ ضوابط بخش فرهنگیان دفترچه,1401-humanities-booklet,118,1401-humanities-booklet,118,کدرشته‌محل منبع: 44328؛ عنوان رشته در منبع: آموزش ابتدایی؛ نحوه پذیرش: با آزمون (بخش دانشجو‌معلم)؛ استان در این ردیف مربوط به بومی‌گزینی/محل خدمت است
1401,آموزش ابتدایی,دانشگاه فرهنگیان,پردیس فاطمة الزهراء)س( تبریز,آذربایجان شرقی,در جدول ذکر نشده,,تعهد خدمت,14,زن,در جدول ذکر نشده,ادامه مخصوص داوطلبان بومی استان آذربایجان شرقی؛ پردیس فاطمة الزهراء)س( تبریز/ اولویت پذیرش با داوطلبان بومی شهرستانهای اسکو، تبریز، آذرشهر/محل خدمت تبریز.ناحیه5؛ پذیرش دانشجو‌معلم با تعهد خدمت؛ ضوابط بخش فرهنگیان دفترچه,1401-humanities-booklet,118,1401-humanities-booklet,118,کدرشته‌محل منبع: 44329؛ عنوان رشته در منبع: آموزش ابتدایی؛ نحوه پذیرش: با آزمون (بخش دانشجو‌معلم)؛ استان در این ردیف مربوط به بومی‌گزینی/محل خدمت است
1401,آموزش ابتدایی,دانشگاه فرهنگیان,پردیس فاطمة الزهراء)س( تبریز,آذربایجان شرقی,در جدول ذکر نشده,,تعهد خدمت,4,زن,در جدول ذکر نشده,ادامه مخصوص داوطلبان بومی استان آذربایجان شرقی؛ پردیس فاطمة الزهراء)س( تبریز/ اولویت پذیرش با داوطلبان بومی شهرستانهای بستان آباد، سراب، هریس/محل خدمت بستان آباد؛ پذیرش دانشجو‌معلم با تعهد خدمت؛ ضوابط بخش فرهنگیان دفترچه,1401-humanities-booklet,118,1401-humanities-booklet,118,کدرشته‌محل منبع: 44330؛ عنوان رشته در منبع: آموزش ابتدایی؛ نحوه پذیرش: با آزمون (بخش دانشجو‌معلم)؛ استان در این ردیف مربوط به بومی‌گزینی/محل خدمت است
1401,آموزش ابتدایی,دانشگاه فرهنگیان,پردیس فاطمة الزهراء)س( تبریز,آذربایجان شرقی,در جدول ذکر نشده,,تعهد خدمت,7,زن,در جدول ذکر نشده,ادامه مخصوص داوطلبان بومی استان آذربایجان شرقی؛ پردیس فاطمة الزهراء)س( تبریز/ اولویت پذیرش با داوطلبان بومی شهرستان میانه/محل خدمت میانه؛ پذیرش دانشجو‌معلم با تعهد خدمت؛ ضوابط بخش فرهنگیان دفترچه,1401-humanities-booklet,118,1401-humanities-booklet,118,کدرشته‌محل منبع: 44331؛ عنوان رشته در منبع: آموزش ابتدایی؛ نحوه پذیرش: با آزمون (بخش دانشجو‌معلم)؛ استان در این ردیف مربوط به بومی‌گزینی/محل خدمت است
1401,آموزش ابتدایی,دانشگاه فرهنگیان,پردیس فاطمة الزهراء)س( تبریز,آذربایجان شرقی,در جدول ذکر نشده,,تعهد خدمت,2,زن,در جدول ذکر نشده,ادامه مخصوص داوطلبان بومی استان آذربایجان شرقی؛ پردیس فاطمة الزهراء)س( تبریز/ اولویت پذیرش با داوطلبان بومی شهرستان میانه/محل خدمت کندوان؛ پذیرش دانشجو‌معلم با تعهد خدمت؛ ضوابط بخش فرهنگیان دفترچه,1401-humanities-booklet,118,1401-humanities-booklet,118,کدرشته‌محل منبع: 44332؛ عنوان رشته در منبع: آموزش ابتدایی؛ نحوه پذیرش: با آزمون (بخش دانشجو‌معلم)؛ استان در این ردیف مربوط به بومی‌گزینی/محل خدمت است
1401,آموزش ابتدایی,دانشگاه فرهنگیان,پردیس فاطمة الزهراء)س( تبریز,آذربایجان شرقی,در جدول ذکر نشده,,تعهد خدمت,2,زن,در جدول ذکر نشده,ادامه مخصوص داوطلبان بومی استان آذربایجان شرقی؛ پردیس فاطمة الزهراء)س( تبریز/ اولویت پذیرش با داوطلبان بومی شهرستان میانه/محل خدمت ترکمانچای؛ پذیرش دانشجو‌معلم با تعهد خدمت؛ ضوابط بخش فرهنگیان دفترچه,1401-humanities-booklet,118,1401-humanities-booklet,118,کدرشته‌محل منبع: 44333؛ عنوان رشته در منبع: آموزش ابتدایی؛ نحوه پذیرش: با آزمون (بخش دانشجو‌معلم)؛ استان در این ردیف مربوط به بومی‌گزینی/محل خدمت است
1401,آموزش ابتدایی,دانشگاه فرهنگیان,پردیس فاطمة الزهراء)س( تبریز,آذربایجان شرقی,در جدول ذکر نشده,,تعهد خدمت,1,زن,در جدول ذکر نشده,ادامه مخصوص داوطلبان بومی استان آذربایجان شرقی؛ پردیس فاطمة الزهراء)س( تبریز/ اولویت پذیرش با داوطلبان بومی شهرستان میانه/محل خدمت کاغذکنان؛ پذیرش دانشجو‌معلم با تعهد خدمت؛ ضوابط بخش فرهنگیان دفترچه,1401-humanities-booklet,118,1401-humanities-booklet,118,کدرشته‌محل منبع: 44334؛ عنوان رشته در منبع: آموزش ابتدایی؛ نحوه پذیرش: با آزمون (بخش دانشجو‌معلم)؛ استان در این ردیف مربوط به بومی‌گزینی/محل خدمت است
1401,آموزش ابتدایی,دانشگاه فرهنگیان,پردیس فاطمة الزهراء)س( تبریز,آذربایجان شرقی,در جدول ذکر نشده,,تعهد خدمت,3,زن,در جدول ذکر نشده,ادامه مخصوص داوطلبان بومی استان آذربایجان شرقی؛ پردیس فاطمة الزهراء)س( تبریز/ اولویت پذیرش با داوطلبان بومی شهرستانهای بستان آباد، سراب/محل خدمت تیکمه داش؛ پذیرش دانشجو‌معلم با تعهد خدمت؛ ضوابط بخش فرهنگیان دفترچه,1401-humanities-booklet,118,1401-humanities-booklet,118,کدرشته‌محل منبع: 44335؛ عنوان رشته در منبع: آموزش ابتدایی؛ نحوه پذیرش: با آزمون (بخش دانشجو‌معلم)؛ استان در این ردیف مربوط به بومی‌گزینی/محل خدمت است
1401,آموزش ابتدایی,دانشگاه فرهنگیان,پردیس فاطمة الزهراء)س( تبریز,آذربایجان شرقی,در جدول ذکر نشده,,تعهد خدمت,12,زن,در جدول ذکر نشده,ادامه مخصوص داوطلبان بومی استان آذربایجان شرقی؛ پردیس فاطمة الزهراء)س( تبریز/ اولویت پذیرش با داوطلبان بومی شهرستانهای مراغه، بناب، عجب شیر، ملکان/محل خدمت مراغه؛ پذیرش دانشجو‌معلم با تعهد خدمت؛ ضوابط بخش فرهنگیان دفترچه,1401-humanities-booklet,118,1401-humanities-booklet,118,کدرشته‌محل منبع: 44336؛ عنوان رشته در منبع: آموزش ابتدایی؛ نحوه پذیرش: با آزمون (بخش دانشجو‌معلم)؛ استان در این ردیف مربوط به بومی‌گزینی/محل خدمت است
1401,آموزش ابتدایی,دانشگاه فرهنگیان,پردیس فاطمة الزهراء)س( تبریز,آذربایجان شرقی,در جدول ذکر نشده,,تعهد خدمت,5,زن,در جدول ذکر نشده,ادامه مخصوص داوطلبان بومی استان آذربایجان شرقی؛ پردیس فاطمة الزهراء)س( تبریز/ اولویت پذیرش با داوطلبان بومی شهرستانهای مراغه، بناب، عجب شیر، ملکان/محل خدمت عجب شیر؛ پذیرش دانشجو‌معلم با تعهد خدمت؛ ضوابط بخش فرهنگیان دفترچه,1401-humanities-booklet,118,1401-humanities-booklet,118,کدرشته‌محل منبع: 44337؛ عنوان رشته در منبع: آموزش ابتدایی؛ نحوه پذیرش: با آزمون (بخش دانشجو‌معلم)؛ استان در این ردیف مربوط به بومی‌گزینی/محل خدمت است
1401,آموزش ابتدایی,دانشگاه فرهنگیان,پردیس فاطمة الزهراء)س( تبریز,آذربایجان شرقی,در جدول ذکر نشده,,تعهد خدمت,7,زن,در جدول ذکر نشده,ادامه مخصوص داوطلبان بومی استان آذربایجان شرقی؛ پردیس فاطمة الزهراء)س( تبریز/ اولویت پذیرش با داوطلبان بومی شهرستانهای مراغه، بناب، عجب شیر، ملکان/محل خدمت بناب؛ پذیرش دانشجو‌معلم با تعهد خدمت؛ ضوابط بخش فرهنگیان دفترچه,1401-humanities-booklet,118,1401-humanities-booklet,118,کدرشته‌محل منبع: 44338؛ عنوان رشته در منبع: آموزش ابتدایی؛ نحوه پذیرش: با آزمون (بخش دانشجو‌معلم)؛ استان در این ردیف مربوط به بومی‌گزینی/محل خدمت است
1401,آموزش ابتدایی,دانشگاه فرهنگیان,پردیس فاطمة الزهراء)س( تبریز,آذربایجان شرقی,در جدول ذکر نشده,,تعهد خدمت,7,زن,در جدول ذکر نشده,ادامه مخصوص داوطلبان بومی استان آذربایجان شرقی؛ پردیس فاطمة الزهراء)س( تبریز/ اولویت پذیرش با داوطلبان بومی شهرستانهای مراغه، بناب، عجب شیر، ملکان/محل خدمت ملکان؛ پذیرش دانشجو‌معلم با تعهد خدمت؛ ضوابط بخش فرهنگیان دفترچه,1401-humanities-booklet,118,1401-humanities-booklet,118,کدرشته‌محل منبع: 44339؛ عنوان رشته در منبع: آموزش ابتدایی؛ نحوه پذیرش: با آزمون (بخش دانشجو‌معلم)؛ استان در این ردیف مربوط به بومی‌گزینی/محل خدمت است
1401,آموزش ابتدایی,دانشگاه فرهنگیان,پردیس فاطمة الزهراء)س( تبریز,آذربایجان شرقی,در جدول ذکر نشده,,تعهد خدمت,2,زن,در جدول ذکر نشده,ادامه مخصوص داوطلبان بومی استان آذربایجان شرقی؛ پردیس فاطمة الزهراء)س( تبریز/ اولویت پذیرش با داوطلبان بومی شهرستانهای خداآفرین، کلیبر/محل خدمت خداآفرین؛ پذیرش دانشجو‌معلم با تعهد خدمت؛ ضوابط بخش فرهنگیان دفترچه,1401-humanities-booklet,118,1401-humanities-booklet,118,کدرشته‌محل منبع: 44340؛ عنوان رشته در منبع: آموزش ابتدایی؛ نحوه پذیرش: با آزمون (بخش دانشجو‌معلم)؛ استان در این ردیف مربوط به بومی‌گزینی/محل خدمت است
1401,آموزش ابتدایی,دانشگاه فرهنگیان,پردیس فاطمة الزهراء)س( تبریز,آذربایجان شرقی,در جدول ذکر نشده,,تعهد خدمت,1,زن,در جدول ذکر نشده,ادامه مخصوص داوطلبان بومی استان آذربایجان شرقی؛ پردیس فاطمة الزهراء)س( تبریز/ اولویت پذیرش با داوطلبان بومی شهرستانهای وزرقان، اهر، هوراند/محل خدمت خاروانا؛ پذیرش دانشجو‌معلم با تعهد خدمت؛ ضوابط بخش فرهنگیان دفترچه,1401-humanities-booklet,118,1401-humanities-booklet,118,کدرشته‌محل منبع: 44341؛ عنوان رشته در منبع: آموزش ابتدایی؛ نحوه پذیرش: با آزمون (بخش دانشجو‌معلم)؛ استان در این ردیف مربوط به بومی‌گزینی/محل خدمت است
1401,آموزش ابتدایی,دانشگاه فرهنگیان,(پردیس فاطمة الزهراء)س تبریز,آذربایجان شرقی,در جدول ذکر نشده,,تعهد خدمت,6,زن,در جدول ذکر نشده,ادامه مخصوص داوطلبان بومی استان آذربایجان شرقی؛ (پردیس فاطمة الزهراء)س تبریز/ اولویت پذیرش با داوطلبان بومی شهرستانهای سراب، هریس، بستان آباد/محل خدمت سراب؛ پذیرش دانشجو‌معلم با تعهد خدمت؛ ضوابط بخش فرهنگیان دفترچه,1401-humanities-booklet,118,1401-humanities-booklet,118,کدرشته‌محل منبع: 44342؛ عنوان رشته در منبع: آموزش ابتدایی؛ نحوه پذیرش: با آزمون (بخش دانشجو‌معلم)؛ استان در این ردیف مربوط به بومی‌گزینی/محل خدمت است
1401,آموزش ابتدایی,دانشگاه فرهنگیان,پردیس فاطمة الزهراء)س( تبریز,آذربایجان شرقی,در جدول ذکر نشده,,تعهد خدمت,2,زن,در جدول ذکر نشده,ادامه مخصوص داوطلبان بومی استان آذربایجان شرقی؛ پردیس فاطمة الزهراء)س( تبریز/ اولویت پذیرش با داوطلبان بومی شهرستانهای سراب، هریس، بستان آباد/محل خدمت مهربان؛ پذیرش دانشجو‌معلم با تعهد خدمت؛ ضوابط بخش فرهنگیان دفترچه,1401-humanities-booklet,118,1401-humanities-booklet,118,کدرشته‌محل منبع: 44343؛ عنوان رشته در منبع: آموزش ابتدایی؛ نحوه پذیرش: با آزمون (بخش دانشجو‌معلم)؛ استان در این ردیف مربوط به بومی‌گزینی/محل خدمت است
1401,آموزش ابتدایی,دانشگاه فرهنگیان,پردیس فاطمة الزهراء)س( تبریز,آذربایجان شرقی,در جدول ذکر نشده,,تعهد خدمت,6,زن,در جدول ذکر نشده,ادامه مخصوص داوطلبان بومی استان آذربایجان شرقی؛ پردیس فاطمة الزهراء)س( تبریز/ اولویت پذیرش با داوطلبان بومی شهرستانهای هریس، وزرقان، اهر، هوراند/محل خدمت اهر؛ پذیرش دانشجو‌معلم با تعهد خدمت؛ ضوابط بخش فرهنگیان دفترچه,1401-humanities-booklet,118,1401-humanities-booklet,118,کدرشته‌محل منبع: 44344؛ عنوان رشته در منبع: آموزش ابتدایی؛ نحوه پذیرش: با آزمون (بخش دانشجو‌معلم)؛ استان در این ردیف مربوط به بومی‌گزینی/محل خدمت است
1401,آموزش ابتدایی,دانشگاه فرهنگیان,پردیس فاطمة الزهراء)س( تبریز,آذربایجان شرقی,در جدول ذکر نشده,,تعهد خدمت,3,زن,در جدول ذکر نشده,ادامه مخصوص داوطلبان بومی استان آذربایجان شرقی؛ پردیس فاطمة الزهراء)س( تبریز/ اولویت پذیرش با داوطلبان بومی شهرستانهای هریس، وزرقان، اهر، هوراند/محل خدمت هریس؛ پذیرش دانشجو‌معلم با تعهد خدمت؛ ضوابط بخش فرهنگیان دفترچه,1401-humanities-booklet,118,1401-humanities-booklet,118,کدرشته‌محل منبع: 44345؛ عنوان رشته در منبع: آموزش ابتدایی؛ نحوه پذیرش: با آزمون (بخش دانشجو‌معلم)؛ استان در این ردیف مربوط به بومی‌گزینی/محل خدمت است
1401,آموزش ابتدایی,دانشگاه فرهنگیان,پردیس فاطمة الزهراء)س( تبریز,آذربایجان شرقی,در جدول ذکر نشده,,تعهد خدمت,2,زن,در جدول ذکر نشده,ادامه مخصوص داوطلبان بومی استان آذربایجان شرقی؛ پردیس فاطمة الزهراء)س( تبریز/ اولویت پذیرش با داوطلبان بومی شهرستانهای اهر، هوراند، هریس/محل خدمت خواجه؛ پذیرش دانشجو‌معلم با تعهد خدمت؛ ضوابط بخش فرهنگیان دفترچه,1401-humanities-booklet,118,1401-humanities-booklet,118,کدرشته‌محل منبع: 44346؛ عنوان رشته در منبع: آموزش ابتدایی؛ نحوه پذیرش: با آزمون (بخش دانشجو‌معلم)؛ استان در این ردیف مربوط به بومی‌گزینی/محل خدمت است
1401,آموزش ابتدایی,دانشگاه فرهنگیان,پردیس فاطمة الزهراء)س( تبریز,آذربایجان شرقی,در جدول ذکر نشده,,تعهد خدمت,2,زن,در جدول ذکر نشده,ادامه مخصوص داوطلبان بومی استان آذربایجان شرقی؛ پردیس فاطمة الزهراء)س( تبریز/ اولویت پذیرش با داوطلبان بومی شهرستانهای اهر، هوراند، کلیبر، خداآفرین/محل خدمت عشایری آذربایجان شرقی؛ پذیرش دانشجو‌معلم با تعهد خدمت؛ ضوابط بخش فرهنگیان دفترچه,1401-humanities-booklet,118,1401-humanities-booklet,118,کدرشته‌محل منبع: 44347؛ عنوان رشته در منبع: آموزش ابتدایی؛ نحوه پذیرش: با آزمون (بخش دانشجو‌معلم)؛ استان در این ردیف مربوط به بومی‌گزینی/محل خدمت است
1401,آموزش ابتدایی,دانشگاه فرهنگیان,پردیس فاطمة الزهراء)س( تبریز,آذربایجان شرقی,در جدول ذکر نشده,,تعهد خدمت,2,زن,در جدول ذکر نشده,ادامه مخصوص داوطلبان بومی استان آذربایجان شرقی؛ پردیس فاطمة الزهراء)س( تبریز/ اولویت پذیرش با داوطلبان بومی شهرستانهای اهر، هوراند، کلیبر، خداآفرین/محل خدمت کلیبر؛ پذیرش دانشجو‌معلم با تعهد خدمت؛ ضوابط بخش فرهنگیان دفترچه,1401-humanities-booklet,118,1401-humanities-booklet,118,کدرشته‌محل منبع: 44348؛ عنوان رشته در منبع: آموزش ابتدایی؛ نحوه پذیرش: با آزمون (بخش دانشجو‌معلم)؛ استان در این ردیف مربوط به بومی‌گزینی/محل خدمت است
1401,آموزش ابتدایی,دانشگاه فرهنگیان,پردیس فاطمة الزهراء)س( تبریز,آذربایجان شرقی,در جدول ذکر نشده,,تعهد خدمت,2,زن,در جدول ذکر نشده,ادامه مخصوص داوطلبان بومی استان آذربایجان شرقی؛ پردیس فاطمة الزهراء)س( تبریز/ اولویت پذیرش با داوطلبان بومی شهرستانهای اهر، هوراند، کلیبر، خداآفرین/محل خدمت هوراند؛ پذیرش دانشجو‌معلم با تعهد خدمت؛ ضوابط بخش فرهنگیان دفترچه,1401-humanities-booklet,118,1401-humanities-booklet,118,کدرشته‌محل منبع: 44349؛ عنوان رشته در منبع: آموزش ابتدایی؛ نحوه پذیرش: با آزمون (بخش دانشجو‌معلم)؛ استان در این ردیف مربوط به بومی‌گزینی/محل خدمت است
1401,آموزش ابتدایی,دانشگاه فرهنگیان,پردیس فاطمة الزهراء)س( تبریز,آذربایجان شرقی,در جدول ذکر نشده,,تعهد خدمت,2,زن,در جدول ذکر نشده,ادامه مخصوص داوطلبان بومی استان آذربایجان شرقی؛ پردیس فاطمة الزهراء)س( تبریز/ اولویت پذیرش با داوطلبان بومی شهرستانهای وزرقان، اهر، هوراند/محل خدمت ورزقان؛ پذیرش دانشجو‌معلم با تعهد خدمت؛ ضوابط بخش فرهنگیان دفترچه,1401-humanities-booklet,118,1401-humanities-booklet,118,کدرشته‌محل منبع: 44350؛ عنوان رشته در منبع: آموزش ابتدایی؛ نحوه پذیرش: با آزمون (بخش دانشجو‌معلم)؛ استان در این ردیف مربوط به بومی‌گزینی/محل خدمت است
1401,آموزش ابتدایی,دانشگاه فرهنگیان,پردیس فاطمة الزهراء)س( تبریز,آذربایجان شرقی,در جدول ذکر نشده,,تعهد خدمت,13,زن,در جدول ذکر نشده,ادامه مخصوص داوطلبان بومی استان آذربایجان شرقی؛ پردیس فاطمة الزهراء)س( تبریز/ اولویت پذیرش با داوطلبان بومی شهرستانهای شبستر، مرند، جلفا/محل خدمت مرند؛ پذیرش دانشجو‌معلم با تعهد خدمت؛ ضوابط بخش فرهنگیان دفترچه,1401-humanities-booklet,118,1401-humanities-booklet,118,کدرشته‌محل منبع: 44351؛ عنوان رشته در منبع: آموزش ابتدایی؛ نحوه پذیرش: با آزمون (بخش دانشجو‌معلم)؛ استان در این ردیف مربوط به بومی‌گزینی/محل خدمت است
1401,آموزش ابتدایی,دانشگاه فرهنگیان,پردیس فاطمة الزهراء)س( تبریز,آذربایجان شرقی,در جدول ذکر نشده,,تعهد خدمت,4,زن,در جدول ذکر نشده,ادامه مخصوص داوطلبان بومی استان آذربایجان شرقی؛ پردیس فاطمة الزهراء)س( تبریز/ اولویت پذیرش با داوطلبان بومی شهرستانهای شبستر، مرند، جلفا/محل خدمت صوفیان؛ پذیرش دانشجو‌معلم با تعهد خدمت؛ ضوابط بخش فرهنگیان دفترچه,1401-humanities-booklet,118,1401-humanities-booklet,118,کدرشته‌محل منبع: 44352؛ عنوان رشته در منبع: آموزش ابتدایی؛ نحوه پذیرش: با آزمون (بخش دانشجو‌معلم)؛ استان در این ردیف مربوط به بومی‌گزینی/محل خدمت است
1401,آموزش ابتدایی,دانشگاه فرهنگیان,,آذربایجان شرقی,در جدول ذکر نشده,,تعهد خدمت,5,زن,در جدول ذکر نشده,ادامه مخصوص داوطلبان بومی استان آذربایجان شرقی؛ /پردیس فاطمة الزهراء)س( تبریز اولویت پذیرش با داوطلبان بومی شهرستانهای شبستر، مرند، جلفا/محل خدمت شبستر؛ پذیرش دانشجو‌معلم با تعهد خدمت؛ ضوابط بخش فرهنگیان دفترچه,1401-humanities-booklet,118,1401-humanities-booklet,118,کدرشته‌محل منبع: 44353؛ عنوان رشته در منبع: آموزش ابتدایی؛ نحوه پذیرش: با آزمون (بخش دانشجو‌معلم)؛ استان در این ردیف مربوط به بومی‌گزینی/محل خدمت است
1401,آموزش ابتدایی,دانشگاه فرهنگیان,پردیس فاطمة الزهراء)س( تبریز,آذربایجان شرقی,در جدول ذکر نشده,,تعهد خدمت,2,زن,در جدول ذکر نشده,ادامه مخصوص داوطلبان بومی استان آذربایجان شرقی؛ پردیس فاطمة الزهراء)س( تبریز/ اولویت پذیرش با داوطلبان بومی شهرستانهای شبستر، مرند، جلفا/محل خدمت تسوج؛ پذیرش دانشجو‌معلم با تعهد خدمت؛ ضوابط بخش فرهنگیان دفترچه,1401-humanities-booklet,118,1401-humanities-booklet,118,کدرشته‌محل منبع: 44354؛ عنوان رشته در منبع: آموزش ابتدایی؛ نحوه پذیرش: با آزمون (بخش دانشجو‌معلم)؛ استان در این ردیف مربوط به بومی‌گزینی/محل خدمت است
1401,آموزش ابتدایی,دانشگاه فرهنگیان,(پردیس فاطمة الزهراء)س تبریز,آذربایجان شرقی,در جدول ذکر نشده,,تعهد خدمت,4,زن,در جدول ذکر نشده,ادامه مخصوص داوطلبان بومی استان آذربایجان شرقی؛ (پردیس فاطمة الزهراء)س تبریز/ اولویت پذیرش با داوطلبان بومی شهرستانهای شبستر، مرند، جلفا/محل خدمت جلفا؛ پذیرش دانشجو‌معلم با تعهد خدمت؛ ضوابط بخش فرهنگیان دفترچه,1401-humanities-booklet,118,1401-humanities-booklet,118,کدرشته‌محل منبع: 44355؛ عنوان رشته در منبع: آموزش ابتدایی؛ نحوه پذیرش: با آزمون (بخش دانشجو‌معلم)؛ استان در این ردیف مربوط به بومی‌گزینی/محل خدمت است
1401,آموزش ابتدایی,دانشگاه فرهنگیان,پردیس شهید رجایی ارومیه,آذربایجان غربی,در جدول ذکر نشده,,تعهد خدمت,28,مرد,در جدول ذکر نشده,ادامه مخصوص داوطلبان بومی استان آذربایجان غربی؛ پردیس شهید رجایی ارومیه/ اولویت پذیرش با داوطلبان بومی شهرستان ارومیه/محل خدمت ارومیه .ناحیه1؛ پذیرش دانشجو‌معلم با تعهد خدمت؛ ضوابط بخش فرهنگیان دفترچه,1401-humanities-booklet,121,1401-humanities-booklet,121,کدرشته‌محل منبع: 44410؛ عنوان رشته در منبع: آموزش ابتدایی؛ نحوه پذیرش: با آزمون (بخش دانشجو‌معلم)؛ استان در این ردیف مربوط به بومی‌گزینی/محل خدمت است
1401,آموزش ابتدایی,دانشگاه فرهنگیان,پردیس شهید رجایی ارومیه,آذربایجان غربی,در جدول ذکر نشده,,تعهد خدمت,28,مرد,در جدول ذکر نشده,ادامه مخصوص داوطلبان بومی استان آذربایجان غربی؛ پردیس شهید رجایی ارومیه/ اولویت پذیرش با داوطلبان بومی شهرستان ارومیه/محل خدمت ارومیه .ناحیه2؛ پذیرش دانشجو‌معلم با تعهد خدمت؛ ضوابط بخش فرهنگیان دفترچه,1401-humanities-booklet,121,1401-humanities-booklet,121,کدرشته‌محل منبع: 44411؛ عنوان رشته در منبع: آموزش ابتدایی؛ نحوه پذیرش: با آزمون (بخش دانشجو‌معلم)؛ استان در این ردیف مربوط به بومی‌گزینی/محل خدمت است
1401,آموزش ابتدایی,دانشگاه فرهنگیان,پردیس شهید رجایی ارومیه,آذربایجان غربی,در جدول ذکر نشده,,تعهد خدمت,3,مرد,در جدول ذکر نشده,ادامه مخصوص داوطلبان بومی استان آذربایجان غربی؛ پردیس شهید رجایی ارومیه/ اولویت پذیرش با داوطلبان بومی شهرستان ارومیه/محل خدمت انزل؛ پذیرش دانشجو‌معلم با تعهد خدمت؛ ضوابط بخش فرهنگیان دفترچه,1401-humanities-booklet,121,1401-humanities-booklet,121,کدرشته‌محل منبع: 44412؛ عنوان رشته در منبع: آموزش ابتدایی؛ نحوه پذیرش: با آزمون (بخش دانشجو‌معلم)؛ استان در این ردیف مربوط به بومی‌گزینی/محل خدمت است
1401,آموزش ابتدایی,دانشگاه فرهنگیان,پردیس شهید رجایی ارومیه,آذربایجان غربی,در جدول ذکر نشده,,تعهد خدمت,7,مرد,در جدول ذکر نشده,ادامه مخصوص داوطلبان بومی استان آذربایجان غربی؛ پردیس شهید رجایی ارومیه/ اولویت پذیرش با داوطلبان بومی شهرستان ارومیه/محل خدمت سیلوانا؛ پذیرش دانشجو‌معلم با تعهد خدمت؛ ضوابط بخش فرهنگیان دفترچه,1401-humanities-booklet,121,1401-humanities-booklet,121,کدرشته‌محل منبع: 44413؛ عنوان رشته در منبع: آموزش ابتدایی؛ نحوه پذیرش: با آزمون (بخش دانشجو‌معلم)؛ استان در این ردیف مربوط به بومی‌گزینی/محل خدمت است
1401,آموزش ابتدایی,دانشگاه فرهنگیان,پردیس شهید رجایی ارومیه,آذربایجان غربی,در جدول ذکر نشده,,تعهد خدمت,7,مرد,در جدول ذکر نشده,ادامه مخصوص داوطلبان بومی استان آذربایجان غربی؛ پردیس شهید رجایی ارومیه/ اولویت پذیرش با داوطلبان بومی شهرستان ارومیه/محل خدمت صومای برادوست؛ پذیرش دانشجو‌معلم با تعهد خدمت؛ ضوابط بخش فرهنگیان دفترچه,1401-humanities-booklet,121,1401-humanities-booklet,121,کدرشته‌محل منبع: 44414؛ عنوان رشته در منبع: آموزش ابتدایی؛ نحوه پذیرش: با آزمون (بخش دانشجو‌معلم)؛ استان در این ردیف مربوط به بومی‌گزینی/محل خدمت است
1401,آموزش ابتدایی,دانشگاه فرهنگیان,پردیس شهید رجایی ارومیه,آذربایجان غربی,در جدول ذکر نشده,,تعهد خدمت,4,مرد,در جدول ذکر نشده,ادامه مخصوص داوطلبان بومی استان آذربایجان غربی؛ پردیس شهید رجایی ارومیه/ اولویت پذیرش با داوطلبان بومی شهرستان ارومیه/محل خدمت نازلو؛ پذیرش دانشجو‌معلم با تعهد خدمت؛ ضوابط بخش فرهنگیان دفترچه,1401-humanities-booklet,121,1401-humanities-booklet,121,کدرشته‌محل منبع: 44415؛ عنوان رشته در منبع: آموزش ابتدایی؛ نحوه پذیرش: با آزمون (بخش دانشجو‌معلم)؛ استان در این ردیف مربوط به بومی‌گزینی/محل خدمت است
1401,آموزش ابتدایی,دانشگاه فرهنگیان,پردیس شهید رجایی ارومیه,آذربایجان غربی,در جدول ذکر نشده,,تعهد خدمت,6,مرد,در جدول ذکر نشده,ادامه مخصوص داوطلبان بومی استان آذربایجان غربی؛ پردیس شهید رجایی ارومیه/ اولویت پذیرش با داوطلبان بومی شهرستانهای نقده، اشنویه/محل خدمت اشنویه؛ پذیرش دانشجو‌معلم با تعهد خدمت؛ ضوابط بخش فرهنگیان دفترچه,1401-humanities-booklet,121,1401-humanities-booklet,121,کدرشته‌محل منبع: 44416؛ عنوان رشته در منبع: آموزش ابتدایی؛ نحوه پذیرش: با آزمون (بخش دانشجو‌معلم)؛ استان در این ردیف مربوط به بومی‌گزینی/محل خدمت است
1401,آموزش ابتدایی,دانشگاه فرهنگیان,پردیس شهید رجایی ارومیه,آذربایجان غربی,در جدول ذکر نشده,,تعهد خدمت,8,مرد,در جدول ذکر نشده,ادامه مخصوص داوطلبان بومی استان آذربایجان غربی؛ پردیس شهید رجایی ارومیه/ اولویت پذیرش با داوطلبان بومی شهرستان بوکان/محل خدمت بوکان؛ پذیرش دانشجو‌معلم با تعهد خدمت؛ ضوابط بخش فرهنگیان دفترچه,1401-humanities-booklet,121,1401-humanities-booklet,121,کدرشته‌محل منبع: 44417؛ عنوان رشته در منبع: آموزش ابتدایی؛ نحوه پذیرش: با آزمون (بخش دانشجو‌معلم)؛ استان در این ردیف مربوط به بومی‌گزینی/محل خدمت است
1401,آموزش ابتدایی,دانشگاه فرهنگیان,پردیس ،شهید رجایی ارومیه )مرکز آموزش عالی امام خمینی )ره( سلماس(,آذربایجان غربی,در جدول ذکر نشده,,تعهد خدمت,4,مرد,در جدول ذکر نشده,ادامه مخصوص داوطلبان بومی استان آذربایجان غربی؛ پردیس ،شهید رجایی ارومیه )مرکز آموزش عالی امام خمینی )ره( سلماس(/ اولویت پذیرش با داوطلبان بومی شهرستانهای ماکو پلدشت، شوط، چالدران/محل خدمت پلدشت؛ پذیرش دانشجو‌معلم با تعهد خدمت؛ ضوابط بخش فرهنگیان دفترچه,1401-humanities-booklet,121,1401-humanities-booklet,121,کدرشته‌محل منبع: 44418؛ عنوان رشته در منبع: آموزش ابتدایی؛ نحوه پذیرش: با آزمون (بخش دانشجو‌معلم)؛ استان در این ردیف مربوط به بومی‌گزینی/محل خدمت است
1401,آموزش ابتدایی,دانشگاه فرهنگیان,پردیس شهید رجایی ارومیه,آذربایجان غربی,در جدول ذکر نشده,,تعهد خدمت,11,مرد,در جدول ذکر نشده,ادامه مخصوص داوطلبان بومی استان آذربایجان غربی؛ پردیس شهید رجایی ارومیه/ اولویت پذیرش با داوطلبان بومی شهرستانهای پیرانشهر، سردشت/محل خد مت پیرانشهر؛ پذیرش دانشجو‌معلم با تعهد خدمت؛ ضوابط بخش فرهنگیان دفترچه,1401-humanities-booklet,121,1401-humanities-booklet,121,کدرشته‌محل منبع: 44419؛ عنوان رشته در منبع: آموزش ابتدایی؛ نحوه پذیرش: با آزمون (بخش دانشجو‌معلم)؛ استان در این ردیف مربوط به بومی‌گزینی/محل خدمت است
1401,آموزش ابتدایی,دانشگاه فرهنگیان,پردیس شهید رجایی ارومیه,آذربایجان غربی,در جدول ذکر نشده,,تعهد خدمت,5,مرد,در جدول ذکر نشده,ادامه مخصوص داوطلبان بومی استان آذربایجان غربی؛ پردیس شهید رجایی ارومیه/ اولویت پذیرش با داوطلبان بومی شهرستانهای شاهین دژ، تکاب/محل خدمت تکاب؛ پذیرش دانشجو‌معلم با تعهد خدمت؛ ضوابط بخش فرهنگیان دفترچه,1401-humanities-booklet,121,1401-humanities-booklet,121,کدرشته‌محل منبع: 44420؛ عنوان رشته در منبع: آموزش ابتدایی؛ نحوه پذیرش: با آزمون (بخش دانشجو‌معلم)؛ استان در این ردیف مربوط به بومی‌گزینی/محل خدمت است
1401,آموزش ابتدایی,دانشگاه فرهنگیان,پردیس شهید رجایی ارومیه )مرکز آموزش عالی امام خمینی )ره( سلماس(,آذربایجان غربی,در جدول ذکر نشده,,تعهد خدمت,6,مرد,در جدول ذکر نشده,ادامه مخصوص داوطلبان بومی استان آذربایجان غربی؛ پردیس شهید رجایی ارومیه )مرکز آموزش عالی امام خمینی )ره( سلماس(/ اولویت پذیرش با داوطلبان بومی ،شهرستانهای ماکو پلدشت، شوط، چالدران/محل خدمت چالدران؛ پذیرش دانشجو‌معلم با تعهد خدمت؛ ضوابط بخش فرهنگیان دفترچه,1401-humanities-booklet,121,1401-humanities-booklet,121,کدرشته‌محل منبع: 44421؛ عنوان رشته در منبع: آموزش ابتدایی؛ نحوه پذیرش: با آزمون (بخش دانشجو‌معلم)؛ استان در این ردیف مربوط به بومی‌گزینی/محل خدمت است
1401,آموزش ابتدایی,دانشگاه فرهنگیان,،پردیس شهید رجایی ارومیه )مرکز آموزش عالی امام خمینی )ره( سلماس(,آذربایجان غربی,در جدول ذکر نشده,,تعهد خدمت,4,مرد,در جدول ذکر نشده,ادامه مخصوص داوطلبان بومی استان آذربایجان غربی؛ ،پردیس شهید رجایی ارومیه )مرکز آموزش عالی امام خمینی )ره( سلماس(/ اولویت پذیرش با داوطلبان بومی شهرستانهای خوی چایپاره/محل خدمت چایپاره؛ پذیرش دانشجو‌معلم با تعهد خدمت؛ ضوابط بخش فرهنگیان دفترچه,1401-humanities-booklet,121,1401-humanities-booklet,121,کدرشته‌محل منبع: 44422؛ عنوان رشته در منبع: آموزش ابتدایی؛ نحوه پذیرش: با آزمون (بخش دانشجو‌معلم)؛ استان در این ردیف مربوط به بومی‌گزینی/محل خدمت است
1401,آموزش ابتدایی,دانشگاه فرهنگیان,پردیس شهید ،رجایی ارومیه )مرکز آموزش عالی امام خمینی )ره( سلماس(,آذربایجان غربی,در جدول ذکر نشده,,تعهد خدمت,28,مرد,در جدول ذکر نشده,ادامه مخصوص داوطلبان بومی استان آذربایجان غربی؛ پردیس شهید ،رجایی ارومیه )مرکز آموزش عالی امام خمینی )ره( سلماس(/ اولویت پذیرش با داوطلبان بومی شهرستانهای خوی چایپاره/محل خدمت خوی؛ پذیرش دانشجو‌معلم با تعهد خدمت؛ ضوابط بخش فرهنگیان دفترچه,1401-humanities-booklet,121,1401-humanities-booklet,121,کدرشته‌محل منبع: 44423؛ عنوان رشته در منبع: آموزش ابتدایی؛ نحوه پذیرش: با آزمون (بخش دانشجو‌معلم)؛ استان در این ردیف مربوط به بومی‌گزینی/محل خدمت است
1401,آموزش ابتدایی,دانشگاه فرهنگیان,پردیس شهید رجایی ارومیه,آذربایجان غربی,در جدول ذکر نشده,,تعهد خدمت,6,مرد,در جدول ذکر نشده,ادامه مخصوص داوطلبان بومی استان آذربایجان غربی؛ پردیس شهید رجایی ارومیه/ اولویت پذیرش با داوطلبان بومی شهرستانهای پیرانشهر، سردشت/محل خدمت سردشت؛ پذیرش دانشجو‌معلم با تعهد خدمت؛ ضوابط بخش فرهنگیان دفترچه,1401-humanities-booklet,121,1401-humanities-booklet,121,کدرشته‌محل منبع: 44424؛ عنوان رشته در منبع: آموزش ابتدایی؛ نحوه پذیرش: با آزمون (بخش دانشجو‌معلم)؛ استان در این ردیف مربوط به بومی‌گزینی/محل خدمت است
1401,آموزش ابتدایی,دانشگاه فرهنگیان,پردیس شهید رجایی ارومیه )مرکز آموزش عالی امام خمینی )ره( سلماس(,آذربایجان غربی,در جدول ذکر نشده,,تعهد خدمت,10,مرد,در جدول ذکر نشده,ادامه مخصوص داوطلبان بومی استان آذربایجان غربی؛ پردیس شهید رجایی ارومیه )مرکز آموزش عالی امام خمینی )ره( سلماس(/ اولویت پذیرش با داوطلبان بومی شهرستان سلماس/محل خدمت سلماس؛ پذیرش دانشجو‌معلم با تعهد خدمت؛ ضوابط بخش فرهنگیان دفترچه,1401-humanities-booklet,121,1401-humanities-booklet,121,کدرشته‌محل منبع: 44425؛ عنوان رشته در منبع: آموزش ابتدایی؛ نحوه پذیرش: با آزمون (بخش دانشجو‌معلم)؛ استان در این ردیف مربوط به بومی‌گزینی/محل خدمت است
1401,آموزش ابتدایی,دانشگاه فرهنگیان,،پردیس شهید رجایی ارومیه,آذربایجان غربی,در جدول ذکر نشده,,تعهد خدمت,6,مرد,در جدول ذکر نشده,ادامه مخصوص داوطلبان بومی استان آذربایجان غربی؛ ،پردیس شهید رجایی ارومیه/ اولویت پذیرش با داوطلبان بومی شهرستانهای شاهین دژ تکاب/محل خدمت شاهین دژ؛ پذیرش دانشجو‌معلم با تعهد خدمت؛ ضوابط بخش فرهنگیان دفترچه,1401-humanities-booklet,121,1401-humanities-booklet,121,کدرشته‌محل منبع: 44426؛ عنوان رشته در منبع: آموزش ابتدایی؛ نحوه پذیرش: با آزمون (بخش دانشجو‌معلم)؛ استان در این ردیف مربوط به بومی‌گزینی/محل خدمت است
1401,آموزش ابتدایی,دانشگاه فرهنگیان,،پردیس شهید رجایی ارومیه )مرکز آموزش عالی امام خمینی )ره( سلماس(,آذربایجان غربی,در جدول ذکر نشده,,تعهد خدمت,4,مرد,در جدول ذکر نشده,ادامه مخصوص داوطلبان بومی استان آذربایجان غربی؛ ،پردیس شهید رجایی ارومیه )مرکز آموزش عالی امام خمینی )ره( سلماس(/ اولویت پذیرش با داوطلبان بومی شهرستانهای ماکو پلدشت، شوط، چالدران/محل خدمت شوط؛ پذیرش دانشجو‌معلم با تعهد خدمت؛ ضوابط بخش فرهنگیان دفترچه,1401-humanities-booklet,121,1401-humanities-booklet,121,کدرشته‌محل منبع: 44427؛ عنوان رشته در منبع: آموزش ابتدایی؛ نحوه پذیرش: با آزمون (بخش دانشجو‌معلم)؛ استان در این ردیف مربوط به بومی‌گزینی/محل خدمت است
1401,آموزش ابتدایی,دانشگاه فرهنگیان,پردیس شهید رجایی ارومیه,آذربایجان غربی,در جدول ذکر نشده,,تعهد خدمت,2,مرد,در جدول ذکر نشده,ادامه مخصوص داوطلبان بومی استان آذربایجان غربی؛ پردیس شهید رجایی ارومیه/ اولویت پذیرش با داوطلبان بومی شهرستانهای شاهین دژ، تکاب/محل خدمت کشاورز؛ پذیرش دانشجو‌معلم با تعهد خدمت؛ ضوابط بخش فرهنگیان دفترچه,1401-humanities-booklet,121,1401-humanities-booklet,121,کدرشته‌محل منبع: 44428؛ عنوان رشته در منبع: آموزش ابتدایی؛ نحوه پذیرش: با آزمون (بخش دانشجو‌معلم)؛ استان در این ردیف مربوط به بومی‌گزینی/محل خدمت است
1401,آموزش ابتدایی,دانشگاه فرهنگیان,،پردیس شهید رجایی ارومیه )مرکز آموزش عالی امام خمینی )ره( سلماس(,آذربایجان غربی,در جدول ذکر نشده,,تعهد خدمت,14,مرد,در جدول ذکر نشده,ادامه مخصوص داوطلبان بومی استان آذربایجان غربی؛ ،پردیس شهید رجایی ارومیه )مرکز آموزش عالی امام خمینی )ره( سلماس(/ اولویت پذیرش با داوطلبان بومی شهرستانهای ماکو پلدشت، شوط، چالدران/محل خدمت ماکو؛ پذیرش دانشجو‌معلم با تعهد خدمت؛ ضوابط بخش فرهنگیان دفترچه,1401-humanities-booklet,121,1401-humanities-booklet,121,کدرشته‌محل منبع: 44429؛ عنوان رشته در منبع: آموزش ابتدایی؛ نحوه پذیرش: با آزمون (بخش دانشجو‌معلم)؛ استان در این ردیف مربوط به بومی‌گزینی/محل خدمت است
1401,آموزش ابتدایی,دانشگاه فرهنگیان,پردیس شهید رجایی ارومیه,آذربایجان غربی,در جدول ذکر نشده,,تعهد خدمت,2,مرد,در جدول ذکر نشده,ادامه مخصوص داوطلبان بومی استان آذربایجان غربی؛ پردیس شهید رجایی ارومیه/ اولویت پذیرش با داوطلبان بومی شهرستان میاندوآب/محل خدمت مرحمت آباد؛ پذیرش دانشجو‌معلم با تعهد خدمت؛ ضوابط بخش فرهنگیان دفترچه,1401-humanities-booklet,121,1401-humanities-booklet,121,کدرشته‌محل منبع: 44430؛ عنوان رشته در منبع: آموزش ابتدایی؛ نحوه پذیرش: با آزمون (بخش دانشجو‌معلم)؛ استان در این ردیف مربوط به بومی‌گزینی/محل خدمت است
1401,آموزش ابتدایی,دانشگاه فرهنگیان,پردیس شهید رجایی ارومیه,آذربایجان غربی,در جدول ذکر نشده,,تعهد خدمت,14,مرد,در جدول ذکر نشده,ادامه مخصوص داوطلبان بومی استان آذربایجان غربی؛ پردیس شهید رجایی ارومیه/ اولویت پذیرش با داوطلبان بومی شهرستان مهاباد/محل خدمت مهاباد؛ پذیرش دانشجو‌معلم با تعهد خدمت؛ ضوابط بخش فرهنگیان دفترچه,1401-humanities-booklet,121,1401-humanities-booklet,121,کدرشته‌محل منبع: 44431؛ عنوان رشته در منبع: آموزش ابتدایی؛ نحوه پذیرش: با آزمون (بخش دانشجو‌معلم)؛ استان در این ردیف مربوط به بومی‌گزینی/محل خدمت است
1401,آموزش ابتدایی,دانشگاه فرهنگیان,پردیس شهید رجایی ارومیه,آذربایجان غربی,در جدول ذکر نشده,,تعهد خدمت,19,مرد,در جدول ذکر نشده,ادامه مخصوص داوطلبان بومی استان آذربایجان غربی؛ پردیس شهید رجایی ارومیه/ اولویت پذیرش با داوطلبان بومی شهرستان میاندوآب/محل خدمت میاندوآب؛ پذیرش دانشجو‌معلم با تعهد خدمت؛ ضوابط بخش فرهنگیان دفترچه,1401-humanities-booklet,121,1401-humanities-booklet,121,کدرشته‌محل منبع: 44432؛ عنوان رشته در منبع: آموزش ابتدایی؛ نحوه پذیرش: با آزمون (بخش دانشجو‌معلم)؛ استان در این ردیف مربوط به بومی‌گزینی/محل خدمت است
1401,آموزش ابتدایی,دانشگاه فرهنگیان,,آذربایجان غربی,در جدول ذکر نشده,,تعهد خدمت,17,مرد,در جدول ذکر نشده,ادامه مخصوص داوطلبان بومی استان آذربایجان غربی؛ /پردیس شهید رجایی ارومیه اولویت پذیرش با داوطلبان بومی شهرستانهای نقده، اشنویه/محل خدمت نقده؛ پذیرش دانشجو‌معلم با تعهد خدمت؛ ضوابط بخش فرهنگیان دفترچه,1401-humanities-booklet,122,1401-humanities-booklet,122,کدرشته‌محل منبع: 44433؛ عنوان رشته در منبع: آموزش ابتدایی؛ نحوه پذیرش: با آزمون (بخش دانشجو‌معلم)؛ استان در این ردیف مربوط به بومی‌گزینی/محل خدمت است
1401,آموزش ابتدایی,دانشگاه فرهنگیان,پردیس علامه طباطبایی ارومیه,آذربایجان غربی,در جدول ذکر نشده,,تعهد خدمت,16,زن,در جدول ذکر نشده,ادامه مخصوص داوطلبان بومی استان آذربایجان غربی؛ پردیس علامه طباطبایی ارومیه/ اولویت پذیرش با داوطلبان بومی شهرستان ارومیه/محل خدمت ارومیه .ناحیه1؛ پذیرش دانشجو‌معلم با تعهد خدمت؛ ضوابط بخش فرهنگیان دفترچه,1401-humanities-booklet,122,1401-humanities-booklet,122,کدرشته‌محل منبع: 44434؛ عنوان رشته در منبع: آموزش ابتدایی؛ نحوه پذیرش: با آزمون (بخش دانشجو‌معلم)؛ استان در این ردیف مربوط به بومی‌گزینی/محل خدمت است
1401,آموزش ابتدایی,دانشگاه فرهنگیان,,آذربایجان غربی,در جدول ذکر نشده,,تعهد خدمت,16,زن,در جدول ذکر نشده,ادامه مخصوص داوطلبان بومی استان آذربایجان غربی؛ /پردیس علامه طباطبایی ارومیه اولویت پذیرش با داوطلبان بومی شهرستان ارومیه/محل خدمت ارومیه .ناحیه2؛ پذیرش دانشجو‌معلم با تعهد خدمت؛ ضوابط بخش فرهنگیان دفترچه,1401-humanities-booklet,122,1401-humanities-booklet,122,کدرشته‌محل منبع: 44435؛ عنوان رشته در منبع: آموزش ابتدایی؛ نحوه پذیرش: با آزمون (بخش دانشجو‌معلم)؛ استان در این ردیف مربوط به بومی‌گزینی/محل خدمت است
1401,آموزش ابتدایی,دانشگاه فرهنگیان,پردیس علامه طباطبایی ارومیه,آذربایجان غربی,در جدول ذکر نشده,,تعهد خدمت,3,زن,در جدول ذکر نشده,ادامه مخصوص داوطلبان بومی استان آذربایجان غربی؛ پردیس علامه طباطبایی ارومیه/ اولویت پذیرش با داوطلبان بومی شهرستان ارومیه/محل خدمت انزل؛ پذیرش دانشجو‌معلم با تعهد خدمت؛ ضوابط بخش فرهنگیان دفترچه,1401-humanities-booklet,122,1401-humanities-booklet,122,کدرشته‌محل منبع: 44436؛ عنوان رشته در منبع: آموزش ابتدایی؛ نحوه پذیرش: با آزمون (بخش دانشجو‌معلم)؛ استان در این ردیف مربوط به بومی‌گزینی/محل خدمت است
1401,آموزش ابتدایی,دانشگاه فرهنگیان,پردیس علامه طباطبایی ارومیه,آذربایجان غربی,در جدول ذکر نشده,,تعهد خدمت,3,زن,در جدول ذکر نشده,ادامه مخصوص داوطلبان بومی استان آذربایجان غربی؛ پردیس علامه طباطبایی ارومیه/ اولویت پذیرش با داوطلبان بومی شهرستان ارومیه/محل خدمت سیلوانا؛ پذیرش دانشجو‌معلم با تعهد خدمت؛ ضوابط بخش فرهنگیان دفترچه,1401-humanities-booklet,122,1401-humanities-booklet,122,کدرشته‌محل منبع: 44437؛ عنوان رشته در منبع: آموزش ابتدایی؛ نحوه پذیرش: با آزمون (بخش دانشجو‌معلم)؛ استان در این ردیف مربوط به بومی‌گزینی/محل خدمت است
1401,آموزش ابتدایی,دانشگاه فرهنگیان,پردیس علامه طباطبایی ارومیه,آذربایجان غربی,در جدول ذکر نشده,,تعهد خدمت,3,زن,در جدول ذکر نشده,ادامه مخصوص داوطلبان بومی استان آذربایجان غربی؛ پردیس علامه طباطبایی ارومیه/ اولویت پذیرش با داوطلبان بومی شهرستان ارومیه/محل خدمت صومای برادوست؛ پذیرش دانشجو‌معلم با تعهد خدمت؛ ضوابط بخش فرهنگیان دفترچه,1401-humanities-booklet,122,1401-humanities-booklet,122,کدرشته‌محل منبع: 44438؛ عنوان رشته در منبع: آموزش ابتدایی؛ نحوه پذیرش: با آزمون (بخش دانشجو‌معلم)؛ استان در این ردیف مربوط به بومی‌گزینی/محل خدمت است
1401,آموزش ابتدایی,دانشگاه فرهنگیان,پردیس علامه طباطبایی ارومیه,آذربایجان غربی,در جدول ذکر نشده,,تعهد خدمت,3,زن,در جدول ذکر نشده,ادامه مخصوص داوطلبان بومی استان آذربایجان غربی؛ پردیس علامه طباطبایی ارومیه/ اولویت پذیرش با داوطلبان بومی شهرستان ارومیه/محل خدمت نازلو؛ پذیرش دانشجو‌معلم با تعهد خدمت؛ ضوابط بخش فرهنگیان دفترچه,1401-humanities-booklet,122,1401-humanities-booklet,122,کدرشته‌محل منبع: 44439؛ عنوان رشته در منبع: آموزش ابتدایی؛ نحوه پذیرش: با آزمون (بخش دانشجو‌معلم)؛ استان در این ردیف مربوط به بومی‌گزینی/محل خدمت است
1401,آموزش ابتدایی,دانشگاه فرهنگیان,پردیس علامه طباطبایی ارومیه,آذربایجان غربی,در جدول ذکر نشده,,تعهد خدمت,4,زن,در جدول ذکر نشده,ادامه مخصوص داوطلبان بومی استان آذربایجان غربی؛ پردیس علامه طباطبایی ارومیه/ اولویت پذیرش با داوطلبان بومی شهرستانهای نقده، اشنویه/محل خدمت اشنویه؛ پذیرش دانشجو‌معلم با تعهد خدمت؛ ضوابط بخش فرهنگیان دفترچه,1401-humanities-booklet,122,1401-humanities-booklet,122,کدرشته‌محل منبع: 44440؛ عنوان رشته در منبع: آموزش ابتدایی؛ نحوه پذیرش: با آزمون (بخش دانشجو‌معلم)؛ استان در این ردیف مربوط به بومی‌گزینی/محل خدمت است
1401,آموزش ابتدایی,دانشگاه فرهنگیان,پردیس علامه طباطبایی ارومیه,آذربایجان غربی,در جدول ذکر نشده,,تعهد خدمت,7,زن,در جدول ذکر نشده,ادامه مخصوص داوطلبان بومی استان آذربایجان غربی؛ پردیس علامه طباطبایی ارومیه/ اولویت پذیرش با داوطلبان بومی شهرستان بوکان/محل خدمت بوکان؛ پذیرش دانشجو‌معلم با تعهد خدمت؛ ضوابط بخش فرهنگیان دفترچه,1401-humanities-booklet,122,1401-humanities-booklet,122,کدرشته‌محل منبع: 44441؛ عنوان رشته در منبع: آموزش ابتدایی؛ نحوه پذیرش: با آزمون (بخش دانشجو‌معلم)؛ استان در این ردیف مربوط به بومی‌گزینی/محل خدمت است
1401,آموزش ابتدایی,دانشگاه فرهنگیان,،پردیس علامه طباطبایی ارومیه )مرکز آموزش عالی شهیدمطهری خوی(,آذربایجان غربی,در جدول ذکر نشده,,تعهد خدمت,1,زن,در جدول ذکر نشده,ادامه مخصوص داوطلبان بومی استان آذربایجان غربی؛ ،پردیس علامه طباطبایی ارومیه )مرکز آموزش عالی شهیدمطهری خوی(/ اولویت پذیرش با داوطلبان بومی شهرستانهای ماکو، پلدشت شوط، چالدران/محل خدمت پلدشت؛ پذیرش دانشجو‌معلم با تعهد خدمت؛ ضوابط بخش فرهنگیان دفترچه,1401-humanities-booklet,122,1401-humanities-booklet,122,کدرشته‌محل منبع: 44442؛ عنوان رشته در منبع: آموزش ابتدایی؛ نحوه پذیرش: با آزمون (بخش دانشجو‌معلم)؛ استان در این ردیف مربوط به بومی‌گزینی/محل خدمت است
1401,آموزش ابتدایی,دانشگاه فرهنگیان,پردیس علامه طباطبایی ارومیه,آذربایجان غربی,در جدول ذکر نشده,,تعهد خدمت,10,زن,در جدول ذکر نشده,ادامه مخصوص داوطلبان بومی استان آذربایجان غربی؛ پردیس علامه طباطبایی ارومیه/ اولویت پذیرش با داوطلبان بومی شهرستانهای پیرانشهر، سردشت/محل خدمت پیرانشهر؛ پذیرش دانشجو‌معلم با تعهد خدمت؛ ضوابط بخش فرهنگیان دفترچه,1401-humanities-booklet,122,1401-humanities-booklet,122,کدرشته‌محل منبع: 44443؛ عنوان رشته در منبع: آموزش ابتدایی؛ نحوه پذیرش: با آزمون (بخش دانشجو‌معلم)؛ استان در این ردیف مربوط به بومی‌گزینی/محل خدمت است
1401,آموزش ابتدایی,دانشگاه فرهنگیان,پردیس علامه طباطبایی ارومیه,آذربایجان غربی,در جدول ذکر نشده,,تعهد خدمت,4,زن,در جدول ذکر نشده,ادامه مخصوص داوطلبان بومی استان آذربایجان غربی؛ پردیس علامه طباطبایی ارومیه/ اولویت پذیرش با داوطلبان بومی شهرستانهای شاهین دژ، تکاب/محل خدمت تکاب؛ پذیرش دانشجو‌معلم با تعهد خدمت؛ ضوابط بخش فرهنگیان دفترچه,1401-humanities-booklet,122,1401-humanities-booklet,122,کدرشته‌محل منبع: 44444؛ عنوان رشته در منبع: آموزش ابتدایی؛ نحوه پذیرش: با آزمون (بخش دانشجو‌معلم)؛ استان در این ردیف مربوط به بومی‌گزینی/محل خدمت است
1401,آموزش ابتدایی,دانشگاه فرهنگیان,پردیس علامه طباطبایی ارومیه )مرکز،آموزش عالی شهیدمطهری خوی(,آذربایجان غربی,در جدول ذکر نشده,,تعهد خدمت,3,زن,در جدول ذکر نشده,ادامه مخصوص داوطلبان بومی استان آذربایجان غربی؛ پردیس علامه طباطبایی ارومیه )مرکز،آموزش عالی شهیدمطهری خوی(/ اولویت پذیرش با داوطلبان بومی شهرستانهای ماکو، پلدشت شوط، چالدران/محل خدمت چالدران؛ پذیرش دانشجو‌معلم با تعهد خدمت؛ ضوابط بخش فرهنگیان دفترچه,1401-humanities-booklet,122,1401-humanities-booklet,122,کدرشته‌محل منبع: 44445؛ عنوان رشته در منبع: آموزش ابتدایی؛ نحوه پذیرش: با آزمون (بخش دانشجو‌معلم)؛ استان در این ردیف مربوط به بومی‌گزینی/محل خدمت است
1401,آموزش ابتدایی,دانشگاه فرهنگیان,،پردیس علامه طباطبایی ارومیه )مرکز آموزش عالی شهیدمطهری خوی(,آذربایجان غربی,در جدول ذکر نشده,,تعهد خدمت,2,زن,در جدول ذکر نشده,ادامه مخصوص داوطلبان بومی استان آذربایجان غربی؛ ،پردیس علامه طباطبایی ارومیه )مرکز آموزش عالی شهیدمطهری خوی(/ اولویت پذیرش با داوطلبان بومی شهرستانهای خوی چایپاره/محل خدمت چایپاره؛ پذیرش دانشجو‌معلم با تعهد خدمت؛ ضوابط بخش فرهنگیان دفترچه,1401-humanities-booklet,122,1401-humanities-booklet,122,کدرشته‌محل منبع: 44446؛ عنوان رشته در منبع: آموزش ابتدایی؛ نحوه پذیرش: با آزمون (بخش دانشجو‌معلم)؛ استان در این ردیف مربوط به بومی‌گزینی/محل خدمت است
1401,آموزش ابتدایی,دانشگاه فرهنگیان,،پردیس علامه طباطبایی ارومیه )مرکز آموزش عالی شهیدمطهری خوی(,آذربایجان غربی,در جدول ذکر نشده,,تعهد خدمت,20,زن,در جدول ذکر نشده,ادامه مخصوص داوطلبان بومی استان آذربایجان غربی؛ ،پردیس علامه طباطبایی ارومیه )مرکز آموزش عالی شهیدمطهری خوی(/ اولویت پذیرش با داوطلبان بومی شهرستانهای خوی چایپاره/محل خدمت خوی؛ پذیرش دانشجو‌معلم با تعهد خدمت؛ ضوابط بخش فرهنگیان دفترچه,1401-humanities-booklet,122,1401-humanities-booklet,122,کدرشته‌محل منبع: 44447؛ عنوان رشته در منبع: آموزش ابتدایی؛ نحوه پذیرش: با آزمون (بخش دانشجو‌معلم)؛ استان در این ردیف مربوط به بومی‌گزینی/محل خدمت است
1401,آموزش ابتدایی,دانشگاه فرهنگیان,پردیس علامه طباطبایی ارومیه,آذربایجان غربی,در جدول ذکر نشده,,تعهد خدمت,2,زن,در جدول ذکر نشده,ادامه مخصوص داوطلبان بومی استان آذربایجان غربی؛ پردیس علامه طباطبایی ارومیه/ اولویت پذیرش با داوطلبان بومی شهرستانهای پیرانشهر، سردشت/محل خدمت سردشت؛ پذیرش دانشجو‌معلم با تعهد خدمت؛ ضوابط بخش فرهنگیان دفترچه,1401-humanities-booklet,122,1401-humanities-booklet,122,کدرشته‌محل منبع: 44448؛ عنوان رشته در منبع: آموزش ابتدایی؛ نحوه پذیرش: با آزمون (بخش دانشجو‌معلم)؛ استان در این ردیف مربوط به بومی‌گزینی/محل خدمت است
1401,آموزش ابتدایی,دانشگاه فرهنگیان,پردیس علامه طباطبایی ارومیه )مرکز آموزش عالی شهیدمطهری خوی(,آذربایجان غربی,در جدول ذکر نشده,,تعهد خدمت,5,زن,در جدول ذکر نشده,ادامه مخصوص داوطلبان بومی استان آذربایجان غربی؛ پردیس علامه طباطبایی ارومیه )مرکز آموزش عالی شهیدمطهری خوی(/ اولویت پذیرش با داوطلبان بومی شهرستان سلماس/محل خدمت سلماس؛ پذیرش دانشجو‌معلم با تعهد خدمت؛ ضوابط بخش فرهنگیان دفترچه,1401-humanities-booklet,122,1401-humanities-booklet,122,کدرشته‌محل منبع: 44449؛ عنوان رشته در منبع: آموزش ابتدایی؛ نحوه پذیرش: با آزمون (بخش دانشجو‌معلم)؛ استان در این ردیف مربوط به بومی‌گزینی/محل خدمت است
1401,آموزش ابتدایی,دانشگاه فرهنگیان,پردیس علامه طباطبایی ارومیه,آذربایجان غربی,در جدول ذکر نشده,,تعهد خدمت,3,زن,در جدول ذکر نشده,ادامه مخصوص داوطلبان بومی استان آذربایجان غربی؛ پردیس علامه طباطبایی ارومیه/ اولویت پذیرش با داوطلبان بومی شهرستانهای شاهین دژ، تکاب/محل خدمت شاهین دژ؛ پذیرش دانشجو‌معلم با تعهد خدمت؛ ضوابط بخش فرهنگیان دفترچه,1401-humanities-booklet,122,1401-humanities-booklet,122,کدرشته‌محل منبع: 44450؛ عنوان رشته در منبع: آموزش ابتدایی؛ نحوه پذیرش: با آزمون (بخش دانشجو‌معلم)؛ استان در این ردیف مربوط به بومی‌گزینی/محل خدمت است
1401,آموزش ابتدایی,دانشگاه فرهنگیان,،پردیس علامه طباطبایی ارومیه )مرکز آموزش عالی شهیدمطهری خوی(,آذربایجان غربی,در جدول ذکر نشده,,تعهد خدمت,2,زن,در جدول ذکر نشده,ادامه مخصوص داوطلبان بومی استان آذربایجان غربی؛ ،پردیس علامه طباطبایی ارومیه )مرکز آموزش عالی شهیدمطهری خوی(/ اولویت پذیرش با داوطلبان بومی شهرستانهای ماکو، پلدشت شوط، چالدران/محل خدمت شوط؛ پذیرش دانشجو‌معلم با تعهد خدمت؛ ضوابط بخش فرهنگیان دفترچه,1401-humanities-booklet,122,1401-humanities-booklet,122,کدرشته‌محل منبع: 44451؛ عنوان رشته در منبع: آموزش ابتدایی؛ نحوه پذیرش: با آزمون (بخش دانشجو‌معلم)؛ استان در این ردیف مربوط به بومی‌گزینی/محل خدمت است
1401,آموزش ابتدایی,دانشگاه فرهنگیان,پردیس علامه طباطبایی ارومیه,آذربایجان غربی,در جدول ذکر نشده,,تعهد خدمت,3,زن,در جدول ذکر نشده,ادامه مخصوص داوطلبان بومی استان آذربایجان غربی؛ پردیس علامه طباطبایی ارومیه/ اولویت پذیرش با داوطلبان بومی شهرستانهای شاهین دژ، تکاب/محل خدمت کشاورز؛ پذیرش دانشجو‌معلم با تعهد خدمت؛ ضوابط بخش فرهنگیان دفترچه,1401-humanities-booklet,122,1401-humanities-booklet,122,کدرشته‌محل منبع: 44452؛ عنوان رشته در منبع: آموزش ابتدایی؛ نحوه پذیرش: با آزمون (بخش دانشجو‌معلم)؛ استان در این ردیف مربوط به بومی‌گزینی/محل خدمت است
1401,آموزش ابتدایی,دانشگاه فرهنگیان,،پردیس علامه طباطبایی ارومیه )مرکز آموزش عالی شهیدمطهری خوی(,آذربایجان غربی,در جدول ذکر نشده,,تعهد خدمت,3,زن,در جدول ذکر نشده,ادامه مخصوص داوطلبان بومی استان آذربایجان غربی؛ ،پردیس علامه طباطبایی ارومیه )مرکز آموزش عالی شهیدمطهری خوی(/ اولویت پذیرش با داوطلبان بومی شهرستانهای ماکو، پلدشت ،شوط چالدران/محل خدمت ماکو؛ پذیرش دانشجو‌معلم با تعهد خدمت؛ ضوابط بخش فرهنگیان دفترچه,1401-humanities-booklet,122,1401-humanities-booklet,122,کدرشته‌محل منبع: 44453؛ عنوان رشته در منبع: آموزش ابتدایی؛ نحوه پذیرش: با آزمون (بخش دانشجو‌معلم)؛ استان در این ردیف مربوط به بومی‌گزینی/محل خدمت است
1401,آموزش ابتدایی,دانشگاه فرهنگیان,پردیس علامه طباطبایی ارومیه,آذربایجان غربی,در جدول ذکر نشده,,تعهد خدمت,2,زن,در جدول ذکر نشده,ادامه مخصوص داوطلبان بومی استان آذربایجان غربی؛ پردیس علامه طباطبایی ارومیه/ اولویت پذیرش با داوطلبان بومی شهرستان میاندوآب/محل خدمت مرحمت آباد؛ پذیرش دانشجو‌معلم با تعهد خدمت؛ ضوابط بخش فرهنگیان دفترچه,1401-humanities-booklet,122,1401-humanities-booklet,122,کدرشته‌محل منبع: 44454؛ عنوان رشته در منبع: آموزش ابتدایی؛ نحوه پذیرش: با آزمون (بخش دانشجو‌معلم)؛ استان در این ردیف مربوط به بومی‌گزینی/محل خدمت است
1401,آموزش ابتدایی,دانشگاه فرهنگیان,پردیس علامه طباطبایی ارومیه,آذربایجان غربی,در جدول ذکر نشده,,تعهد خدمت,8,زن,در جدول ذکر نشده,ادامه مخصوص داوطلبان بومی استان آذربایجان غربی؛ پردیس علامه طباطبایی ارومیه/ اولویت پذیرش با داوطلبان بومی شهرستان مهاباد/محل خدمت مهاباد؛ پذیرش دانشجو‌معلم با تعهد خدمت؛ ضوابط بخش فرهنگیان دفترچه,1401-humanities-booklet,122,1401-humanities-booklet,122,کدرشته‌محل منبع: 44455؛ عنوان رشته در منبع: آموزش ابتدایی؛ نحوه پذیرش: با آزمون (بخش دانشجو‌معلم)؛ استان در این ردیف مربوط به بومی‌گزینی/محل خدمت است
1401,آموزش ابتدایی,دانشگاه فرهنگیان,پردیس علامه طباطبایی ارومیه,آذربایجان غربی,در جدول ذکر نشده,,تعهد خدمت,8,زن,در جدول ذکر نشده,ادامه مخصوص داوطلبان بومی استان آذربایجان غربی؛ پردیس علامه طباطبایی ارومیه/ اولویت پذیرش با داوطلبان بومی شهرستان میاندوآب/محل خدمت میاندوآب؛ پذیرش دانشجو‌معلم با تعهد خدمت؛ ضوابط بخش فرهنگیان دفترچه,1401-humanities-booklet,122,1401-humanities-booklet,122,کدرشته‌محل منبع: 44456؛ عنوان رشته در منبع: آموزش ابتدایی؛ نحوه پذیرش: با آزمون (بخش دانشجو‌معلم)؛ استان در این ردیف مربوط به بومی‌گزینی/محل خدمت است
1401,آموزش ابتدایی,دانشگاه فرهنگیان,پردیس علامه طباطبایی ارومیه,آذربایجان غربی,در جدول ذکر نشده,,تعهد خدمت,7,زن,در جدول ذکر نشده,ادامه مخصوص داوطلبان بومی استان آذربایجان غربی؛ پردیس علامه طباطبایی ارومیه/ اولویت پذیرش با داوطلبان بومی شهرستانهای نقده، اشنویه/محل خدمت نقده؛ پذیرش دانشجو‌معلم با تعهد خدمت؛ ضوابط بخش فرهنگیان دفترچه,1401-humanities-booklet,122,1401-humanities-booklet,122,کدرشته‌محل منبع: 44457؛ عنوان رشته در منبع: آموزش ابتدایی؛ نحوه پذیرش: با آزمون (بخش دانشجو‌معلم)؛ استان در این ردیف مربوط به بومی‌گزینی/محل خدمت است
1401,آموزش ابتدایی,دانشگاه فرهنگیان,پردیس بنت,اردبیل,در جدول ذکر نشده,,تعهد خدمت,8,زن,در جدول ذکر نشده,ادامه مخصوص داوطلبان بومی استان اردبیل؛ پردیس بنت/الهدی صدر اردبیل اولویت پذیرش با داوطلبان بومی شهرستانهای اردبیل، نمین، نیر، سرعین/محل خدمت اردبیل ناحیه1؛ پذیرش دانشجو‌معلم با تعهد خدمت؛ ضوابط بخش فرهنگیان دفترچه,1401-humanities-booklet,123,1401-humanities-booklet,123,کدرشته‌محل منبع: 44468؛ عنوان رشته در منبع: آموزش ابتدایی؛ نحوه پذیرش: با آزمون (بخش دانشجو‌معلم)؛ استان در این ردیف مربوط به بومی‌گزینی/محل خدمت است
1401,آموزش ابتدایی,دانشگاه فرهنگیان,پردیس بنت الهدی صدر اردبیل,اردبیل,در جدول ذکر نشده,,تعهد خدمت,8,زن,در جدول ذکر نشده,ادامه مخصوص داوطلبان بومی استان اردبیل؛ پردیس بنت الهدی صدر اردبیل/ اولویت پذیرش با داوطلبان بومی شهرستانهای اردبیل، نمین، نیر، سرعین/محل خدمت اردبیل ناحیه2؛ پذیرش دانشجو‌معلم با تعهد خدمت؛ ضوابط بخش فرهنگیان دفترچه,1401-humanities-booklet,123,1401-humanities-booklet,123,کدرشته‌محل منبع: 44469؛ عنوان رشته در منبع: آموزش ابتدایی؛ نحوه پذیرش: با آزمون (بخش دانشجو‌معلم)؛ استان در این ردیف مربوط به بومی‌گزینی/محل خدمت است
1401,آموزش ابتدایی,دانشگاه فرهنگیان,پردیس بنت الهدی صدر اردبیل,اردبیل,در جدول ذکر نشده,,تعهد خدمت,1,زن,در جدول ذکر نشده,ادامه مخصوص داوطلبان بومی استان اردبیل؛ پردیس بنت الهدی صدر اردبیل/ اولویت پذیرش با داوطلبان بومی شهرستانهای اردبیل، نمین، نیر، سرعین/محل خدمت نمین؛ پذیرش دانشجو‌معلم با تعهد خدمت؛ ضوابط بخش فرهنگیان دفترچه,1401-humanities-booklet,123,1401-humanities-booklet,123,کدرشته‌محل منبع: 44470؛ عنوان رشته در منبع: آموزش ابتدایی؛ نحوه پذیرش: با آزمون (بخش دانشجو‌معلم)؛ استان در این ردیف مربوط به بومی‌گزینی/محل خدمت است
1401,آموزش ابتدایی,دانشگاه فرهنگیان,پردیس بنت الهدی صدر اردبیل,اردبیل,در جدول ذکر نشده,,تعهد خدمت,1,زن,در جدول ذکر نشده,ادامه مخصوص داوطلبان بومی استان اردبیل؛ پردیس بنت الهدی صدر اردبیل/ اولویت پذیرش با داوطلبان بومی شهرستانهای اردبیل، نمین، نیر، سرعین/محل خدمت نیراردبیل؛ پذیرش دانشجو‌معلم با تعهد خدمت؛ ضوابط بخش فرهنگیان دفترچه,1401-humanities-booklet,123,1401-humanities-booklet,123,کدرشته‌محل منبع: 44471؛ عنوان رشته در منبع: آموزش ابتدایی؛ نحوه پذیرش: با آزمون (بخش دانشجو‌معلم)؛ استان در این ردیف مربوط به بومی‌گزینی/محل خدمت است
1401,آموزش ابتدایی,دانشگاه فرهنگیان,پردیس بنت الهدی صدر اردبیل,اردبیل,در جدول ذکر نشده,,تعهد خدمت,1,زن,در جدول ذکر نشده,ادامه مخصوص داوطلبان بومی استان اردبیل؛ پردیس بنت الهدی صدر اردبیل/ اولویت پذیرش با داوطلبان بومی شهرستانهای اردبیل، نمین، نیر، سرعین/محل خدمت هیر؛ پذیرش دانشجو‌معلم با تعهد خدمت؛ ضوابط بخش فرهنگیان دفترچه,1401-humanities-booklet,123,1401-humanities-booklet,123,کدرشته‌محل منبع: 44472؛ عنوان رشته در منبع: آموزش ابتدایی؛ نحوه پذیرش: با آزمون (بخش دانشجو‌معلم)؛ استان در این ردیف مربوط به بومی‌گزینی/محل خدمت است
1401,آموزش ابتدایی,دانشگاه فرهنگیان,پردیس بنت ،الهدی صدر اردبیل,اردبیل,در جدول ذکر نشده,,تعهد خدمت,1,زن,در جدول ذکر نشده,ادامه مخصوص داوطلبان بومی استان اردبیل؛ پردیس بنت ،الهدی صدر اردبیل/ اولویت پذیرش با داوطلبان بومی شهرستانهای اردبیل، نمین، نیر سرعین/محل خدمت سرعین؛ پذیرش دانشجو‌معلم با تعهد خدمت؛ ضوابط بخش فرهنگیان دفترچه,1401-humanities-booklet,123,1401-humanities-booklet,123,کدرشته‌محل منبع: 44473؛ عنوان رشته در منبع: آموزش ابتدایی؛ نحوه پذیرش: با آزمون (بخش دانشجو‌معلم)؛ استان در این ردیف مربوط به بومی‌گزینی/محل خدمت است
1401,آموزش ابتدایی,دانشگاه فرهنگیان,پردیس بنت الهدی صدر اردبیل,اردبیل,در جدول ذکر نشده,,تعهد خدمت,6,زن,در جدول ذکر نشده,ادامه مخصوص داوطلبان بومی استان اردبیل؛ پردیس بنت الهدی صدر اردبیل/ اولویت پذیرش با داوطلبان بومی شهرستانهای پارس آباد، اصلاندوز/محل خدمت پارس آباد؛ پذیرش دانشجو‌معلم با تعهد خدمت؛ ضوابط بخش فرهنگیان دفترچه,1401-humanities-booklet,123,1401-humanities-booklet,123,کدرشته‌محل منبع: 44474؛ عنوان رشته در منبع: آموزش ابتدایی؛ نحوه پذیرش: با آزمون (بخش دانشجو‌معلم)؛ استان در این ردیف مربوط به بومی‌گزینی/محل خدمت است
1401,آموزش ابتدایی,دانشگاه فرهنگیان,پردیس بنت الهدی صدر اردبیل,اردبیل,در جدول ذکر نشده,,تعهد خدمت,2,زن,در جدول ذکر نشده,ادامه مخصوص داوطلبان بومی استان اردبیل؛ پردیس بنت الهدی صدر اردبیل/ اولویت پذیرش با داوطلبان بومی شهرستانهای پارس آباد، اصلاندوز/محل خدمت اصلان دوز؛ پذیرش دانشجو‌معلم با تعهد خدمت؛ ضوابط بخش فرهنگیان دفترچه,1401-humanities-booklet,123,1401-humanities-booklet,123,کدرشته‌محل منبع: 44475؛ عنوان رشته در منبع: آموزش ابتدایی؛ نحوه پذیرش: با آزمون (بخش دانشجو‌معلم)؛ استان در این ردیف مربوط به بومی‌گزینی/محل خدمت است
1401,آموزش ابتدایی,دانشگاه فرهنگیان,پردیس بنت الهدی صدر اردبیل,اردبیل,در جدول ذکر نشده,,تعهد خدمت,2,زن,در جدول ذکر نشده,ادامه مخصوص داوطلبان بومی استان اردبیل؛ پردیس بنت الهدی صدر اردبیل/ اولویت پذیرش با داوطلبان بومی بیله سوار، قشلاقدشت /محل خدمت بیله سوار؛ پذیرش دانشجو‌معلم با تعهد خدمت؛ ضوابط بخش فرهنگیان دفترچه,1401-humanities-booklet,123,1401-humanities-booklet,123,کدرشته‌محل منبع: 44476؛ عنوان رشته در منبع: آموزش ابتدایی؛ نحوه پذیرش: با آزمون (بخش دانشجو‌معلم)؛ استان در این ردیف مربوط به بومی‌گزینی/محل خدمت است
1401,آموزش ابتدایی,دانشگاه فرهنگیان,پردیس بنت الهدی صدر اردبیل,اردبیل,در جدول ذکر نشده,,تعهد خدمت,1,زن,در جدول ذکر نشده,ادامه مخصوص داوطلبان بومی استان اردبیل؛ پردیس بنت الهدی صدر اردبیل/ اولویت پذیرش با داوطلبان بومی بیله سوار، قشلاقدشت /محل خدمت قشلاق دشت؛ پذیرش دانشجو‌معلم با تعهد خدمت؛ ضوابط بخش فرهنگیان دفترچه,1401-humanities-booklet,123,1401-humanities-booklet,123,کدرشته‌محل منبع: 44477؛ عنوان رشته در منبع: آموزش ابتدایی؛ نحوه پذیرش: با آزمون (بخش دانشجو‌معلم)؛ استان در این ردیف مربوط به بومی‌گزینی/محل خدمت است
1401,آموزش ابتدایی,دانشگاه فرهنگیان,پردیس بنت الهدی صدر اردبیل,اردبیل,در جدول ذکر نشده,,تعهد خدمت,5,زن,در جدول ذکر نشده,ادامه مخصوص داوطلبان بومی استان اردبیل؛ پردیس بنت الهدی صدر اردبیل/ اولویت پذیرش با داوطلبان بومی شهرستان مشگین شهر/محل خدمت مشکین شهر؛ پذیرش دانشجو‌معلم با تعهد خدمت؛ ضوابط بخش فرهنگیان دفترچه,1401-humanities-booklet,123,1401-humanities-booklet,123,کدرشته‌محل منبع: 44478؛ عنوان رشته در منبع: آموزش ابتدایی؛ نحوه پذیرش: با آزمون (بخش دانشجو‌معلم)؛ استان در این ردیف مربوط به بومی‌گزینی/محل خدمت است
1401,آموزش ابتدایی,دانشگاه فرهنگیان,پردیس بنت الهدی صدر اردبیل,اردبیل,در جدول ذکر نشده,,تعهد خدمت,1,زن,در جدول ذکر نشده,ادامه مخصوص داوطلبان بومی استان اردبیل؛ پردیس بنت الهدی صدر اردبیل/ اولویت پذیرش با داوطلبان بومی شهرستان مشگین شهر/محل خدمت ارشق؛ پذیرش دانشجو‌معلم با تعهد خدمت؛ ضوابط بخش فرهنگیان دفترچه,1401-humanities-booklet,123,1401-humanities-booklet,123,کدرشته‌محل منبع: 44479؛ عنوان رشته در منبع: آموزش ابتدایی؛ نحوه پذیرش: با آزمون (بخش دانشجو‌معلم)؛ استان در این ردیف مربوط به بومی‌گزینی/محل خدمت است
1401,آموزش ابتدایی,دانشگاه فرهنگیان,پردیس بنت الهدی صدر اردبیل,اردبیل,در جدول ذکر نشده,,تعهد خدمت,1,زن,در جدول ذکر نشده,ادامه مخصوص داوطلبان بومی استان اردبیل؛ پردیس بنت الهدی صدر اردبیل/ اولویت پذیرش با داوطلبان بومی شهرستان مشگین شهر/محل خدمت مشکین شرقی )لاهرود(؛ پذیرش دانشجو‌معلم با تعهد خدمت؛ ضوابط بخش فرهنگیان دفترچه,1401-humanities-booklet,123,1401-humanities-booklet,123,کدرشته‌محل منبع: 44480؛ عنوان رشته در منبع: آموزش ابتدایی؛ نحوه پذیرش: با آزمون (بخش دانشجو‌معلم)؛ استان در این ردیف مربوط به بومی‌گزینی/محل خدمت است
1401,آموزش ابتدایی,دانشگاه فرهنگیان,پردیس بنت الهدی صدر اردبیل,اردبیل,در جدول ذکر نشده,,تعهد خدمت,3,زن,در جدول ذکر نشده,ادامه مخصوص داوطلبان بومی استان اردبیل؛ پردیس بنت الهدی صدر اردبیل/ اولویت پذیرش با داوطلبان بومی شهرستانهای گرمی، انگوت/محل خدمت مغان )گرمی (؛ پذیرش دانشجو‌معلم با تعهد خدمت؛ ضوابط بخش فرهنگیان دفترچه,1401-humanities-booklet,123,1401-humanities-booklet,123,کدرشته‌محل منبع: 44481؛ عنوان رشته در منبع: آموزش ابتدایی؛ نحوه پذیرش: با آزمون (بخش دانشجو‌معلم)؛ استان در این ردیف مربوط به بومی‌گزینی/محل خدمت است
1401,آموزش ابتدایی,دانشگاه فرهنگیان,پردیس بنت الهدی صدر اردبیل,اردبیل,در جدول ذکر نشده,,تعهد خدمت,1,زن,در جدول ذکر نشده,ادامه مخصوص داوطلبان بومی استان اردبیل؛ پردیس بنت الهدی صدر اردبیل/ اولویت پذیرش با داوطلبان بومی شهرستانهای گرمی، انگوت/محل خدمت انگوت؛ پذیرش دانشجو‌معلم با تعهد خدمت؛ ضوابط بخش فرهنگیان دفترچه,1401-humanities-booklet,123,1401-humanities-booklet,123,کدرشته‌محل منبع: 44482؛ عنوان رشته در منبع: آموزش ابتدایی؛ نحوه پذیرش: با آزمون (بخش دانشجو‌معلم)؛ استان در این ردیف مربوط به بومی‌گزینی/محل خدمت است
1401,آموزش ابتدایی,دانشگاه فرهنگیان,پردیس بنت الهدی صدر اردبیل,اردبیل,در جدول ذکر نشده,,تعهد خدمت,5,زن,در جدول ذکر نشده,ادامه مخصوص داوطلبان بومی استان اردبیل؛ پردیس بنت الهدی صدر اردبیل/ اولویت پذیرش با داوطلبان بومی شهرستانهای خلخال، کوثر/محل خدمت خلخال؛ پذیرش دانشجو‌معلم با تعهد خدمت؛ ضوابط بخش فرهنگیان دفترچه,1401-humanities-booklet,123,1401-humanities-booklet,123,کدرشته‌محل منبع: 44483؛ عنوان رشته در منبع: آموزش ابتدایی؛ نحوه پذیرش: با آزمون (بخش دانشجو‌معلم)؛ استان در این ردیف مربوط به بومی‌گزینی/محل خدمت است
1401,آموزش ابتدایی,دانشگاه فرهنگیان,پردیس بنت الهدی صدر اردبیل,اردبیل,در جدول ذکر نشده,,تعهد خدمت,1,زن,در جدول ذکر نشده,ادامه مخصوص داوطلبان بومی استان اردبیل؛ پردیس بنت الهدی صدر اردبیل/ اولویت پذیرش با داوطلبان بومی شهرستانهای خلخال، کوثر/محل خدمت خورش رستم؛ پذیرش دانشجو‌معلم با تعهد خدمت؛ ضوابط بخش فرهنگیان دفترچه,1401-humanities-booklet,123,1401-humanities-booklet,123,کدرشته‌محل منبع: 44484؛ عنوان رشته در منبع: آموزش ابتدایی؛ نحوه پذیرش: با آزمون (بخش دانشجو‌معلم)؛ استان در این ردیف مربوط به بومی‌گزینی/محل خدمت است
1401,آموزش ابتدایی,دانشگاه فرهنگیان,پردیس بنت الهدی صدر اردبیل,اردبیل,در جدول ذکر نشده,,تعهد خدمت,1,زن,در جدول ذکر نشده,ادامه مخصوص داوطلبان بومی استان اردبیل؛ پردیس بنت الهدی صدر اردبیل/ اولویت پذیرش با داوطلبان بومی شهرستانهای خلخال، کوثر/محل خدمت شاهرود اردبیل؛ پذیرش دانشجو‌معلم با تعهد خدمت؛ ضوابط بخش فرهنگیان دفترچه,1401-humanities-booklet,123,1401-humanities-booklet,123,کدرشته‌محل منبع: 44485؛ عنوان رشته در منبع: آموزش ابتدایی؛ نحوه پذیرش: با آزمون (بخش دانشجو‌معلم)؛ استان در این ردیف مربوط به بومی‌گزینی/محل خدمت است
1401,آموزش ابتدایی,دانشگاه فرهنگیان,پردیس بنت الهدی صدر اردبیل,اردبیل,در جدول ذکر نشده,,تعهد خدمت,1,زن,در جدول ذکر نشده,ادامه مخصوص داوطلبان بومی استان اردبیل؛ پردیس بنت الهدی صدر اردبیل/ اولویت پذیرش با داوطلبان بومی شهرستانهای خلخال، کوثر/محل خدمت سنجبدگیوی؛ پذیرش دانشجو‌معلم با تعهد خدمت؛ ضوابط بخش فرهنگیان دفترچه,1401-humanities-booklet,123,1401-humanities-booklet,123,کدرشته‌محل منبع: 44486؛ عنوان رشته در منبع: آموزش ابتدایی؛ نحوه پذیرش: با آزمون (بخش دانشجو‌معلم)؛ استان در این ردیف مربوط به بومی‌گزینی/محل خدمت است
1401,آموزش ابتدایی,دانشگاه فرهنگیان,پردیس علامه طباطبایی اردبیل )مرکز آموزش عالی آزادگان نیر(,اردبیل,در جدول ذکر نشده,,تعهد خدمت,18,مرد,در جدول ذکر نشده,ادامه مخصوص داوطلبان بومی استان اردبیل؛ پردیس علامه طباطبایی اردبیل )مرکز آموزش عالی آزادگان نیر(/ اولویت پذیرش با داوطلبان بومی شهرستانهای اردبیل، نمین، نیر، سرعین/محل خدمت اردبیل ناحیه1؛ پذیرش دانشجو‌معلم با تعهد خدمت؛ ضوابط بخش فرهنگیان دفترچه,1401-humanities-booklet,123,1401-humanities-booklet,123,کدرشته‌محل منبع: 44487؛ عنوان رشته در منبع: آموزش ابتدایی؛ نحوه پذیرش: با آزمون (بخش دانشجو‌معلم)؛ استان در این ردیف مربوط به بومی‌گزینی/محل خدمت است
1401,آموزش ابتدایی,دانشگاه فرهنگیان,،پردیس علامه طباطبایی اردبیل )مرکز آموزش عالی آزادگان نیر(,اردبیل,در جدول ذکر نشده,,تعهد خدمت,16,مرد,در جدول ذکر نشده,ادامه مخصوص داوطلبان بومی استان اردبیل؛ ،پردیس علامه طباطبایی اردبیل )مرکز آموزش عالی آزادگان نیر(/ اولویت پذیرش با داوطلبان بومی شهرستانهای اردبیل، نمین، نیر سرعین/محل خدمت اردبیل ناحیه2؛ پذیرش دانشجو‌معلم با تعهد خدمت؛ ضوابط بخش فرهنگیان دفترچه,1401-humanities-booklet,123,1401-humanities-booklet,123,کدرشته‌محل منبع: 44488؛ عنوان رشته در منبع: آموزش ابتدایی؛ نحوه پذیرش: با آزمون (بخش دانشجو‌معلم)؛ استان در این ردیف مربوط به بومی‌گزینی/محل خدمت است
1401,آموزش ابتدایی,دانشگاه فرهنگیان,،پردیس علامه طباطبایی اردبیل )مرکز آموزش عالی آزادگان نیر(,اردبیل,در جدول ذکر نشده,,تعهد خدمت,2,مرد,در جدول ذکر نشده,ادامه مخصوص داوطلبان بومی استان اردبیل؛ ،پردیس علامه طباطبایی اردبیل )مرکز آموزش عالی آزادگان نیر(/ اولویت پذیرش با داوطلبان بومی شهرستانهای اردبیل، نمین، نیر سرعین/محل خدمت نمین؛ پذیرش دانشجو‌معلم با تعهد خدمت؛ ضوابط بخش فرهنگیان دفترچه,1401-humanities-booklet,123,1401-humanities-booklet,123,کدرشته‌محل منبع: 44489؛ عنوان رشته در منبع: آموزش ابتدایی؛ نحوه پذیرش: با آزمون (بخش دانشجو‌معلم)؛ استان در این ردیف مربوط به بومی‌گزینی/محل خدمت است
1401,آموزش ابتدایی,دانشگاه فرهنگیان,پردیس علامه طباطبایی اردبیل )مرکز آموزش عالی آزادگان نیر(,اردبیل,در جدول ذکر نشده,,تعهد خدمت,1,مرد,در جدول ذکر نشده,ادامه مخصوص داوطلبان بومی استان اردبیل؛ پردیس علامه طباطبایی اردبیل )مرکز آموزش عالی آزادگان نیر(/ اولویت پذیرش با داوطلبان بومی شهرستانهای اردبیل، نمین، نیر، سرعین/محل خدمت نیراردبیل؛ پذیرش دانشجو‌معلم با تعهد خدمت؛ ضوابط بخش فرهنگیان دفترچه,1401-humanities-booklet,123,1401-humanities-booklet,123,کدرشته‌محل منبع: 44490؛ عنوان رشته در منبع: آموزش ابتدایی؛ نحوه پذیرش: با آزمون (بخش دانشجو‌معلم)؛ استان در این ردیف مربوط به بومی‌گزینی/محل خدمت است
1401,آموزش ابتدایی,دانشگاه فرهنگیان,،پردیس علامه طباطبایی اردبیل )مرکز آموزش عالی آزادگان نیر(,اردبیل,در جدول ذکر نشده,,تعهد خدمت,1,مرد,در جدول ذکر نشده,ادامه مخصوص داوطلبان بومی استان اردبیل؛ ،پردیس علامه طباطبایی اردبیل )مرکز آموزش عالی آزادگان نیر(/ اولویت پذیرش با داوطلبان بومی شهرستانهای اردبیل، نمین، نیر سرعین/محل خدمت هیر؛ پذیرش دانشجو‌معلم با تعهد خدمت؛ ضوابط بخش فرهنگیان دفترچه,1401-humanities-booklet,123,1401-humanities-booklet,123,کدرشته‌محل منبع: 44491؛ عنوان رشته در منبع: آموزش ابتدایی؛ نحوه پذیرش: با آزمون (بخش دانشجو‌معلم)؛ استان در این ردیف مربوط به بومی‌گزینی/محل خدمت است
1401,آموزش ابتدایی,دانشگاه فرهنگیان,،پردیس علامه طباطبایی اردبیل )مرکز آموزش عالی آزادگان نیر(,اردبیل,در جدول ذکر نشده,,تعهد خدمت,1,مرد,در جدول ذکر نشده,ادامه مخصوص داوطلبان بومی استان اردبیل؛ ،پردیس علامه طباطبایی اردبیل )مرکز آموزش عالی آزادگان نیر(/ اولویت پذیرش با داوطلبان بومی شهرستانهای اردبیل، نمین، نیر سرعین/محل خدمت سرعین؛ پذیرش دانشجو‌معلم با تعهد خدمت؛ ضوابط بخش فرهنگیان دفترچه,1401-humanities-booklet,123,1401-humanities-booklet,123,کدرشته‌محل منبع: 44492؛ عنوان رشته در منبع: آموزش ابتدایی؛ نحوه پذیرش: با آزمون (بخش دانشجو‌معلم)؛ استان در این ردیف مربوط به بومی‌گزینی/محل خدمت است
1401,آموزش ابتدایی,دانشگاه فرهنگیان,پردیس علامه طباطبایی اردبیل )مرکز آموزش عالی آزادگان نیر(,اردبیل,در جدول ذکر نشده,,تعهد خدمت,8,مرد,در جدول ذکر نشده,ادامه مخصوص داوطلبان بومی استان اردبیل؛ پردیس علامه طباطبایی اردبیل )مرکز آموزش عالی آزادگان نیر(/ اولویت پذیرش با داوطلبان بومی شهرستانهای پارس آباد، اصلاندوز/محل خدمت پارس آباد؛ پذیرش دانشجو‌معلم با تعهد خدمت؛ ضوابط بخش فرهنگیان دفترچه,1401-humanities-booklet,123,1401-humanities-booklet,123,کدرشته‌محل منبع: 44493؛ عنوان رشته در منبع: آموزش ابتدایی؛ نحوه پذیرش: با آزمون (بخش دانشجو‌معلم)؛ استان در این ردیف مربوط به بومی‌گزینی/محل خدمت است
1401,آموزش ابتدایی,دانشگاه فرهنگیان,پردیس علامه طباطبایی اردبیل )مرکز آموزش عالی آزادگان ،نیر(,اردبیل,در جدول ذکر نشده,,تعهد خدمت,4,مرد,در جدول ذکر نشده,ادامه مخصوص داوطلبان بومی استان اردبیل؛ پردیس علامه طباطبایی اردبیل )مرکز آموزش عالی آزادگان ،نیر(/ اولویت پذیرش با داوطلبان بومی شهرستانهای پارس آباد اصلاندوز/محل خدمت اصلان دوز؛ پذیرش دانشجو‌معلم با تعهد خدمت؛ ضوابط بخش فرهنگیان دفترچه,1401-humanities-booklet,124,1401-humanities-booklet,124,کدرشته‌محل منبع: 44494؛ عنوان رشته در منبع: آموزش ابتدایی؛ نحوه پذیرش: با آزمون (بخش دانشجو‌معلم)؛ استان در این ردیف مربوط به بومی‌گزینی/محل خدمت است
1401,آموزش ابتدایی,دانشگاه فرهنگیان,پردیس علامه طباطبایی اردبیل )مرکز آموزش عالی آزادگان نیر(,اردبیل,در جدول ذکر نشده,,تعهد خدمت,2,مرد,در جدول ذکر نشده,ادامه مخصوص داوطلبان بومی استان اردبیل؛ پردیس علامه طباطبایی اردبیل )مرکز آموزش عالی آزادگان نیر(/ اولویت پذیرش با داوطلبان بومی بیله سوار، قشلاقدشت /محل خدمت بیله سوار؛ پذیرش دانشجو‌معلم با تعهد خدمت؛ ضوابط بخش فرهنگیان دفترچه,1401-humanities-booklet,124,1401-humanities-booklet,124,کدرشته‌محل منبع: 44495؛ عنوان رشته در منبع: آموزش ابتدایی؛ نحوه پذیرش: با آزمون (بخش دانشجو‌معلم)؛ استان در این ردیف مربوط به بومی‌گزینی/محل خدمت است
1401,آموزش ابتدایی,دانشگاه فرهنگیان,پردیس علامه طباطبایی اردبیل )مرکز آموزش عالی آزادگان نیر(,اردبیل,در جدول ذکر نشده,,تعهد خدمت,2,مرد,در جدول ذکر نشده,ادامه مخصوص داوطلبان بومی استان اردبیل؛ پردیس علامه طباطبایی اردبیل )مرکز آموزش عالی آزادگان نیر(/ اولویت پذیرش با داوطلبان بومی بیله سوار، قشلاقدشت /محل خدمت قشلاق دشت؛ پذیرش دانشجو‌معلم با تعهد خدمت؛ ضوابط بخش فرهنگیان دفترچه,1401-humanities-booklet,124,1401-humanities-booklet,124,کدرشته‌محل منبع: 44496؛ عنوان رشته در منبع: آموزش ابتدایی؛ نحوه پذیرش: با آزمون (بخش دانشجو‌معلم)؛ استان در این ردیف مربوط به بومی‌گزینی/محل خدمت است
1401,آموزش ابتدایی,دانشگاه فرهنگیان,پردیس علامه طباطبایی اردبیل )مرکز آموزش عالی آزادگان نیر(,اردبیل,در جدول ذکر نشده,,تعهد خدمت,7,مرد,در جدول ذکر نشده,ادامه مخصوص داوطلبان بومی استان اردبیل؛ پردیس علامه طباطبایی اردبیل )مرکز آموزش عالی آزادگان نیر(/ اولویت پذیرش با داوطلبان بومی شهرستان مشگین شهر/محل خدمت مشکین شهر؛ پذیرش دانشجو‌معلم با تعهد خدمت؛ ضوابط بخش فرهنگیان دفترچه,1401-humanities-booklet,124,1401-humanities-booklet,124,کدرشته‌محل منبع: 44497؛ عنوان رشته در منبع: آموزش ابتدایی؛ نحوه پذیرش: با آزمون (بخش دانشجو‌معلم)؛ استان در این ردیف مربوط به بومی‌گزینی/محل خدمت است
1401,آموزش ابتدایی,دانشگاه فرهنگیان,پردیس علامه طباطبایی اردبیل )مرکز آموزش عالی آزادگان نیر(,اردبیل,در جدول ذکر نشده,,تعهد خدمت,1,مرد,در جدول ذکر نشده,ادامه مخصوص داوطلبان بومی استان اردبیل؛ پردیس علامه طباطبایی اردبیل )مرکز آموزش عالی آزادگان نیر(/ اولویت پذیرش با داوطلبان بومی شهرستان مشگین شهر/محل خدمت ارشق؛ پذیرش دانشجو‌معلم با تعهد خدمت؛ ضوابط بخش فرهنگیان دفترچه,1401-humanities-booklet,124,1401-humanities-booklet,124,کدرشته‌محل منبع: 44498؛ عنوان رشته در منبع: آموزش ابتدایی؛ نحوه پذیرش: با آزمون (بخش دانشجو‌معلم)؛ استان در این ردیف مربوط به بومی‌گزینی/محل خدمت است
1401,آموزش ابتدایی,دانشگاه فرهنگیان,پردیس علامه طباطبایی اردبیل )مرکز آموزش عالی آزادگان نیر(,اردبیل,در جدول ذکر نشده,,تعهد خدمت,1,مرد,در جدول ذکر نشده,ادامه مخصوص داوطلبان بومی استان اردبیل؛ پردیس علامه طباطبایی اردبیل )مرکز آموزش عالی آزادگان نیر(/ اولویت پذیرش با داوطلبان بومی شهرستان مشگین شهر/محل (خدمت مشکین شرقی )لاهرود؛ پذیرش دانشجو‌معلم با تعهد خدمت؛ ضوابط بخش فرهنگیان دفترچه,1401-humanities-booklet,124,1401-humanities-booklet,124,کدرشته‌محل منبع: 44499؛ عنوان رشته در منبع: آموزش ابتدایی؛ نحوه پذیرش: با آزمون (بخش دانشجو‌معلم)؛ استان در این ردیف مربوط به بومی‌گزینی/محل خدمت است
1401,آموزش ابتدایی,دانشگاه فرهنگیان,پردیس علامه طباطبایی اردبیل )مرکز آموزش عالی آزادگان نیر(,اردبیل,در جدول ذکر نشده,,تعهد خدمت,5,مرد,در جدول ذکر نشده,ادامه مخصوص داوطلبان بومی استان اردبیل؛ پردیس علامه طباطبایی اردبیل )مرکز آموزش عالی آزادگان نیر(/ اولویت پذیرش با داوطلبان بومی شهرستانهای گرمی، انگوت/محل خدمت مغان )گرمی(؛ پذیرش دانشجو‌معلم با تعهد خدمت؛ ضوابط بخش فرهنگیان دفترچه,1401-humanities-booklet,124,1401-humanities-booklet,124,کدرشته‌محل منبع: 44500؛ عنوان رشته در منبع: آموزش ابتدایی؛ نحوه پذیرش: با آزمون (بخش دانشجو‌معلم)؛ استان در این ردیف مربوط به بومی‌گزینی/محل خدمت است
1401,آموزش ابتدایی,دانشگاه فرهنگیان,پردیس علامه طباطبایی اردبیل )مرکز آموزش عالی آزادگان نیر(,اردبیل,در جدول ذکر نشده,,تعهد خدمت,1,مرد,در جدول ذکر نشده,ادامه مخصوص داوطلبان بومی استان اردبیل؛ پردیس علامه طباطبایی اردبیل )مرکز آموزش عالی آزادگان نیر(/ اولویت پذیرش با داوطلبان بومی شهرستانهای گرمی، انگوت/محل خدمت انگوت؛ پذیرش دانشجو‌معلم با تعهد خدمت؛ ضوابط بخش فرهنگیان دفترچه,1401-humanities-booklet,124,1401-humanities-booklet,124,کدرشته‌محل منبع: 44501؛ عنوان رشته در منبع: آموزش ابتدایی؛ نحوه پذیرش: با آزمون (بخش دانشجو‌معلم)؛ استان در این ردیف مربوط به بومی‌گزینی/محل خدمت است
1401,آموزش ابتدایی,دانشگاه فرهنگیان,پردیس علامه طباطبایی اردبیل )مرکز آموزش عالی آزادگان نیر(,اردبیل,در جدول ذکر نشده,,تعهد خدمت,2,مرد,در جدول ذکر نشده,ادامه مخصوص داوطلبان بومی استان اردبیل؛ پردیس علامه طباطبایی اردبیل )مرکز آموزش عالی آزادگان نیر(/ اولویت پذیرش با داوطلبان بومی شهرستانهای خلخال، کوثر/محل خدمت خلخال؛ پذیرش دانشجو‌معلم با تعهد خدمت؛ ضوابط بخش فرهنگیان دفترچه,1401-humanities-booklet,124,1401-humanities-booklet,124,کدرشته‌محل منبع: 44502؛ عنوان رشته در منبع: آموزش ابتدایی؛ نحوه پذیرش: با آزمون (بخش دانشجو‌معلم)؛ استان در این ردیف مربوط به بومی‌گزینی/محل خدمت است
1401,آموزش ابتدایی,دانشگاه فرهنگیان,پردیس علامه طباطبایی اردبیل )مرکز آموزش عالی آزادگان نیر(,اردبیل,در جدول ذکر نشده,,تعهد خدمت,1,مرد,در جدول ذکر نشده,ادامه مخصوص داوطلبان بومی استان اردبیل؛ پردیس علامه طباطبایی اردبیل )مرکز آموزش عالی آزادگان نیر(/ اولویت پذیرش با داوطلبان بومی شهرستانهای خلخال، کوثر/محل خدمت خورش رستم؛ پذیرش دانشجو‌معلم با تعهد خدمت؛ ضوابط بخش فرهنگیان دفترچه,1401-humanities-booklet,124,1401-humanities-booklet,124,کدرشته‌محل منبع: 44503؛ عنوان رشته در منبع: آموزش ابتدایی؛ نحوه پذیرش: با آزمون (بخش دانشجو‌معلم)؛ استان در این ردیف مربوط به بومی‌گزینی/محل خدمت است
1401,آموزش ابتدایی,دانشگاه فرهنگیان,پردیس علامه طباطبایی اردبیل )مرکز آموزش عالی آزادگان نیر(,اردبیل,در جدول ذکر نشده,,تعهد خدمت,1,مرد,در جدول ذکر نشده,ادامه مخصوص داوطلبان بومی استان اردبیل؛ پردیس علامه طباطبایی اردبیل )مرکز آموزش عالی آزادگان نیر(/ اولویت پذیرش با داوطلبان بومی شهرستانهای خلخال، کوثر/محل خدمت شاهرود اردبیل؛ پذیرش دانشجو‌معلم با تعهد خدمت؛ ضوابط بخش فرهنگیان دفترچه,1401-humanities-booklet,124,1401-humanities-booklet,124,کدرشته‌محل منبع: 44504؛ عنوان رشته در منبع: آموزش ابتدایی؛ نحوه پذیرش: با آزمون (بخش دانشجو‌معلم)؛ استان در این ردیف مربوط به بومی‌گزینی/محل خدمت است
1401,آموزش ابتدایی,دانشگاه فرهنگیان,،پردیس علامه طباطبایی اردبیل )مرکز آموزش عالی آزادگان نیر(,اردبیل,در جدول ذکر نشده,,تعهد خدمت,2,مرد,در جدول ذکر نشده,ادامه مخصوص داوطلبان بومی استان اردبیل؛ ،پردیس علامه طباطبایی اردبیل )مرکز آموزش عالی آزادگان نیر(/ اولویت پذیرش با داوطلبان بومی شهرستانهای خلخال کوثر/محل خدمت سنجبدگیوی؛ پذیرش دانشجو‌معلم با تعهد خدمت؛ ضوابط بخش فرهنگیان دفترچه,1401-humanities-booklet,124,1401-humanities-booklet,124,کدرشته‌محل منبع: 44505؛ عنوان رشته در منبع: آموزش ابتدایی؛ نحوه پذیرش: با آزمون (بخش دانشجو‌معلم)؛ استان در این ردیف مربوط به بومی‌گزینی/محل خدمت است
1401,آموزش ابتدایی,دانشگاه فرهنگیان,،پردیس شهید باهنر اصفهان,اصفهان,در جدول ذکر نشده,,تعهد خدمت,7,مرد,در جدول ذکر نشده,ادامه مخصوص داوطلبان بومی استان اصفهان؛ ،پردیس شهید باهنر اصفهان/ اولویت پذیرش با داوطلبان بومی شهرستانهای اصفهان، شاهین شهرو میمه برخوار، خمینی شهر/محل خدمت اصفهان .ناحیه1؛ پذیرش دانشجو‌معلم با تعهد خدمت؛ ضوابط بخش فرهنگیان دفترچه,1401-humanities-booklet,131,1401-humanities-booklet,131,کدرشته‌محل منبع: 44517؛ عنوان رشته در منبع: آموزش ابتدایی؛ نحوه پذیرش: با آزمون (بخش دانشجو‌معلم)؛ استان در این ردیف مربوط به بومی‌گزینی/محل خدمت است
1401,آموزش ابتدایی,دانشگاه فرهنگیان,پردیس شهید باهنر اصفهان,اصفهان,در جدول ذکر نشده,,تعهد خدمت,13,مرد,در جدول ذکر نشده,ادامه مخصوص داوطلبان بومی استان اصفهان؛ پردیس شهید باهنر اصفهان/ اولویت پذیرش با داوطلبان بومی شهرستانهای اصفهان، شاهین شهرو میمه، برخوار، خمینی شهر/محل خدمت اصفهان .ناحیه2؛ پذیرش دانشجو‌معلم با تعهد خدمت؛ ضوابط بخش فرهنگیان دفترچه,1401-humanities-booklet,131,1401-humanities-booklet,131,کدرشته‌محل منبع: 44518؛ عنوان رشته در منبع: آموزش ابتدایی؛ نحوه پذیرش: با آزمون (بخش دانشجو‌معلم)؛ استان در این ردیف مربوط به بومی‌گزینی/محل خدمت است
1401,آموزش ابتدایی,دانشگاه فرهنگیان,,اصفهان,در جدول ذکر نشده,,تعهد خدمت,22,مرد,در جدول ذکر نشده,ادامه مخصوص داوطلبان بومی استان اصفهان؛ /پردیس شهید باهنر اصفهان اولویت پذیرش با داوطلبان بومی شهرستانهای اصفهان، شاهین شهرو میمه، برخوار، خمینی شهر/محل خدمت اصفهان .ناحیه3؛ پذیرش دانشجو‌معلم با تعهد خدمت؛ ضوابط بخش فرهنگیان دفترچه,1401-humanities-booklet,131,1401-humanities-booklet,131,کدرشته‌محل منبع: 44519؛ عنوان رشته در منبع: آموزش ابتدایی؛ نحوه پذیرش: با آزمون (بخش دانشجو‌معلم)؛ استان در این ردیف مربوط به بومی‌گزینی/محل خدمت است
1401,آموزش ابتدایی,دانشگاه فرهنگیان,پردیس شهید باهنر اصفهان,اصفهان,در جدول ذکر نشده,,تعهد خدمت,56,مرد,در جدول ذکر نشده,ادامه مخصوص داوطلبان بومی استان اصفهان؛ پردیس شهید باهنر اصفهان/ اولویت پذیرش با داوطلبان بومی شهرستانهای اصفهان، شاهین شهرو میمه، برخوار، خمینی شهر/محل خدمت اصفهان .ناحیه 4؛ پذیرش دانشجو‌معلم با تعهد خدمت؛ ضوابط بخش فرهنگیان دفترچه,1401-humanities-booklet,131,1401-humanities-booklet,131,کدرشته‌محل منبع: 44520؛ عنوان رشته در منبع: آموزش ابتدایی؛ نحوه پذیرش: با آزمون (بخش دانشجو‌معلم)؛ استان در این ردیف مربوط به بومی‌گزینی/محل خدمت است
1401,آموزش ابتدایی,دانشگاه فرهنگیان,پردیس شهید باهنر اصفهان,اصفهان,در جدول ذکر نشده,,تعهد خدمت,44,مرد,در جدول ذکر نشده,ادامه مخصوص داوطلبان بومی استان اصفهان؛ پردیس شهید باهنر اصفهان/ اولویت پذیرش با داوطلبان بومی شهرستانهای اصفهان، شاهین شهرو میمه، برخوار، خمینی شهر/محل خدمت اصفهان .ناحیه5؛ پذیرش دانشجو‌معلم با تعهد خدمت؛ ضوابط بخش فرهنگیان دفترچه,1401-humanities-booklet,131,1401-humanities-booklet,131,کدرشته‌محل منبع: 44521؛ عنوان رشته در منبع: آموزش ابتدایی؛ نحوه پذیرش: با آزمون (بخش دانشجو‌معلم)؛ استان در این ردیف مربوط به بومی‌گزینی/محل خدمت است
1401,آموزش ابتدایی,دانشگاه فرهنگیان,پردیس شهید باهنر اصفهان,اصفهان,در جدول ذکر نشده,,تعهد خدمت,1,مرد,در جدول ذکر نشده,ادامه مخصوص داوطلبان بومی استان اصفهان؛ پردیس شهید باهنر اصفهان/ اولویت پذیرش با داوطلبان بومی شهرستانهای اصفهان، شاهین شهرو میمه، برخوار، خمینی شهر/محل خدمت جرقویه سفلی؛ پذیرش دانشجو‌معلم با تعهد خدمت؛ ضوابط بخش فرهنگیان دفترچه,1401-humanities-booklet,131,1401-humanities-booklet,131,کدرشته‌محل منبع: 44522؛ عنوان رشته در منبع: آموزش ابتدایی؛ نحوه پذیرش: با آزمون (بخش دانشجو‌معلم)؛ استان در این ردیف مربوط به بومی‌گزینی/محل خدمت است
1401,آموزش ابتدایی,دانشگاه فرهنگیان,پردیس شهید باهنر اصفهان,اصفهان,در جدول ذکر نشده,,تعهد خدمت,2,مرد,در جدول ذکر نشده,ادامه مخصوص داوطلبان بومی استان اصفهان؛ پردیس شهید باهنر اصفهان/ اولویت پذیرش با داوطلبان بومی شهرستانهای اصفهان، شاهین شهرو میمه، برخوار، خمینی شهر/محل خدمت کوهپایه؛ پذیرش دانشجو‌معلم با تعهد خدمت؛ ضوابط بخش فرهنگیان دفترچه,1401-humanities-booklet,131,1401-humanities-booklet,131,کدرشته‌محل منبع: 44523؛ عنوان رشته در منبع: آموزش ابتدایی؛ نحوه پذیرش: با آزمون (بخش دانشجو‌معلم)؛ استان در این ردیف مربوط به بومی‌گزینی/محل خدمت است
1401,آموزش ابتدایی,دانشگاه فرهنگیان,پردیس شهید باهنر اصفهان,اصفهان,در جدول ذکر نشده,,تعهد خدمت,1,مرد,در جدول ذکر نشده,ادامه مخصوص داوطلبان بومی استان اصفهان؛ پردیس شهید باهنر اصفهان/ اولویت پذیرش با داوطلبان بومی شهرستانهای اصفهان، شاهین شهرو میمه، برخوار، خمینی شهر/محل خدمت جرقویه علیا؛ پذیرش دانشجو‌معلم با تعهد خدمت؛ ضوابط بخش فرهنگیان دفترچه,1401-humanities-booklet,131,1401-humanities-booklet,131,کدرشته‌محل منبع: 44524؛ عنوان رشته در منبع: آموزش ابتدایی؛ نحوه پذیرش: با آزمون (بخش دانشجو‌معلم)؛ استان در این ردیف مربوط به بومی‌گزینی/محل خدمت است
1401,آموزش ابتدایی,دانشگاه فرهنگیان,،پردیس شهید باهنر اصفهان,اصفهان,در جدول ذکر نشده,,تعهد خدمت,11,مرد,در جدول ذکر نشده,ادامه مخصوص داوطلبان بومی استان اصفهان؛ ،پردیس شهید باهنر اصفهان/ اولویت پذیرش با داوطلبان بومی شهرستانهای اصفهان، شاهین شهرو میمه برخوار، خمینی شهر/محل خدمت شاهین شهر؛ پذیرش دانشجو‌معلم با تعهد خدمت؛ ضوابط بخش فرهنگیان دفترچه,1401-humanities-booklet,131,1401-humanities-booklet,131,کدرشته‌محل منبع: 44525؛ عنوان رشته در منبع: آموزش ابتدایی؛ نحوه پذیرش: با آزمون (بخش دانشجو‌معلم)؛ استان در این ردیف مربوط به بومی‌گزینی/محل خدمت است
1401,آموزش ابتدایی,دانشگاه فرهنگیان,پردیس شهید باهنر اصفهان,اصفهان,در جدول ذکر نشده,,تعهد خدمت,2,مرد,در جدول ذکر نشده,ادامه مخصوص داوطلبان بومی استان اصفهان؛ پردیس شهید باهنر اصفهان/ اولویت پذیرش با داوطلبان بومی شهرستانهای اصفهان، شاهین شهرو میمه، برخوار، خمینی شهر/محل خدمت میمه؛ پذیرش دانشجو‌معلم با تعهد خدمت؛ ضوابط بخش فرهنگیان دفترچه,1401-humanities-booklet,131,1401-humanities-booklet,131,کدرشته‌محل منبع: 44526؛ عنوان رشته در منبع: آموزش ابتدایی؛ نحوه پذیرش: با آزمون (بخش دانشجو‌معلم)؛ استان در این ردیف مربوط به بومی‌گزینی/محل خدمت است
1401,آموزش ابتدایی,دانشگاه فرهنگیان,پردیس شهید باهنر اصفهان,اصفهان,در جدول ذکر نشده,,تعهد خدمت,13,مرد,در جدول ذکر نشده,ادامه مخصوص داوطلبان بومی استان اصفهان؛ پردیس شهید باهنر اصفهان/ اولویت پذیرش با داوطلبان بومی شهرستانهای اصفهان، شاهین شهرو میمه، برخوار، خمینی شهر/محل خدمت برخوار؛ پذیرش دانشجو‌معلم با تعهد خدمت؛ ضوابط بخش فرهنگیان دفترچه,1401-humanities-booklet,131,1401-humanities-booklet,131,کدرشته‌محل منبع: 44527؛ عنوان رشته در منبع: آموزش ابتدایی؛ نحوه پذیرش: با آزمون (بخش دانشجو‌معلم)؛ استان در این ردیف مربوط به بومی‌گزینی/محل خدمت است
1401,آموزش ابتدایی,دانشگاه فرهنگیان,پردیس شهید باهنر اصفهان,اصفهان,در جدول ذکر نشده,,تعهد خدمت,2,مرد,در جدول ذکر نشده,ادامه مخصوص داوطلبان بومی استان اصفهان؛ پردیس شهید باهنر اصفهان/ اولویت پذیرش با داوطلبان بومی شهرستانهای کاشان، آران و بیدگل، اردستان، نطنز/محل خدمت اردستان؛ پذیرش دانشجو‌معلم با تعهد خدمت؛ ضوابط بخش فرهنگیان دفترچه,1401-humanities-booklet,131,1401-humanities-booklet,131,کدرشته‌محل منبع: 44528؛ عنوان رشته در منبع: آموزش ابتدایی؛ نحوه پذیرش: با آزمون (بخش دانشجو‌معلم)؛ استان در این ردیف مربوط به بومی‌گزینی/محل خدمت است
1401,آموزش ابتدایی,دانشگاه فرهنگیان,پردیس شهید باهنر اصفهان )مرکز آموزش عالی دکتر آیت نجف آباد(,اصفهان,در جدول ذکر نشده,,تعهد خدمت,11,مرد,در جدول ذکر نشده,ادامه مخصوص داوطلبان بومی استان اصفهان؛ پردیس شهید باهنر اصفهان )مرکز آموزش عالی دکتر آیت نجف آباد(/ اولویت پذیرش با داوطلبان بومی شهرستانهای فلاورجان و ( لنجان /محل خدمت زرین شهر)لنجان؛ پذیرش دانشجو‌معلم با تعهد خدمت؛ ضوابط بخش فرهنگیان دفترچه,1401-humanities-booklet,131,1401-humanities-booklet,131,کدرشته‌محل منبع: 44529؛ عنوان رشته در منبع: آموزش ابتدایی؛ نحوه پذیرش: با آزمون (بخش دانشجو‌معلم)؛ استان در این ردیف مربوط به بومی‌گزینی/محل خدمت است
1401,آموزش ابتدایی,دانشگاه فرهنگیان,پردیس شهید باهنر اصفهان,اصفهان,در جدول ذکر نشده,,تعهد خدمت,19,مرد,در جدول ذکر نشده,ادامه مخصوص داوطلبان بومی استان اصفهان؛ پردیس شهید باهنر اصفهان/ اولویت پذیرش با داوطلبان بومی شهرستانهای فلاورجان و لنجان /محل خدمت فولادشهر؛ پذیرش دانشجو‌معلم با تعهد خدمت؛ ضوابط بخش فرهنگیان دفترچه,1401-humanities-booklet,131,1401-humanities-booklet,131,کدرشته‌محل منبع: 44530؛ عنوان رشته در منبع: آموزش ابتدایی؛ نحوه پذیرش: با آزمون (بخش دانشجو‌معلم)؛ استان در این ردیف مربوط به بومی‌گزینی/محل خدمت است
1401,آموزش ابتدایی,دانشگاه فرهنگیان,پردیس شهید باهنر اصفهان,اصفهان,در جدول ذکر نشده,,تعهد خدمت,32,مرد,در جدول ذکر نشده,ادامه مخصوص داوطلبان بومی استان اصفهان؛ پردیس شهید باهنر اصفهان/ اولویت پذیرش با داوطلبان بومی شهرستانهای اصفهان، شاهین شهرو میمه، برخوار، خمینی شهر/محل خدمت اصفهان .ناحیه6 (جی)؛ پذیرش دانشجو‌معلم با تعهد خدمت؛ ضوابط بخش فرهنگیان دفترچه,1401-humanities-booklet,131,1401-humanities-booklet,131,کدرشته‌محل منبع: 44531؛ عنوان رشته در منبع: آموزش ابتدایی؛ نحوه پذیرش: با آزمون (بخش دانشجو‌معلم)؛ استان در این ردیف مربوط به بومی‌گزینی/محل خدمت است
1401,آموزش ابتدایی,دانشگاه فرهنگیان,پردیس شهید باهنر اصفهان,اصفهان,در جدول ذکر نشده,,تعهد خدمت,19,مرد,در جدول ذکر نشده,ادامه مخصوص داوطلبان بومی استان اصفهان؛ پردیس شهید باهنر اصفهان/ اولویت پذیرش با داوطلبان بومی شهرستانهای شهرضا، مبارکه، دهاقان، سمیرم/محل خدمت مبارکه؛ پذیرش دانشجو‌معلم با تعهد خدمت؛ ضوابط بخش فرهنگیان دفترچه,1401-humanities-booklet,131,1401-humanities-booklet,131,کدرشته‌محل منبع: 44532؛ عنوان رشته در منبع: آموزش ابتدایی؛ نحوه پذیرش: با آزمون (بخش دانشجو‌معلم)؛ استان در این ردیف مربوط به بومی‌گزینی/محل خدمت است
1401,آموزش ابتدایی,دانشگاه فرهنگیان,پردیس شهید باهنر اصفهان,اصفهان,در جدول ذکر نشده,,تعهد خدمت,7,مرد,در جدول ذکر نشده,ادامه مخصوص داوطلبان بومی استان اصفهان؛ پردیس شهید باهنر اصفهان/ اولویت پذیرش با داوطلبان بومی شهرستانهای فلاورجان و لنجان /محل خدمت باغبادران؛ پذیرش دانشجو‌معلم با تعهد خدمت؛ ضوابط بخش فرهنگیان دفترچه,1401-humanities-booklet,131,1401-humanities-booklet,131,کدرشته‌محل منبع: 44533؛ عنوان رشته در منبع: آموزش ابتدایی؛ نحوه پذیرش: با آزمون (بخش دانشجو‌معلم)؛ استان در این ردیف مربوط به بومی‌گزینی/محل خدمت است
1401,آموزش ابتدایی,دانشگاه فرهنگیان,پردیس شهید باهنر اصفهان,اصفهان,در جدول ذکر نشده,,تعهد خدمت,12,مرد,در جدول ذکر نشده,پردیس شهید باهنر اصفهان؛ اولویت پذیرش با داوطلبان بومی شهرستانهای شهرضا، مبارکه، دهاقان، سمیرم؛ تعهد خدمت دانشجو‌معلم مطابق دفترچه,1401-correction-6,1,1401-humanities-booklet,131,کدرشته‌محل منبع: 44534؛ عنوان رشته در منبع: آموزش ابتدایی؛ نحوه پذیرش: با آزمون (بخش دانشجو‌معلم)؛ استان در این ردیف مربوط به بومی‌گزینی/محل خدمت است؛ اصلاحیه: conditions
1401,آموزش ابتدایی,دانشگاه فرهنگیان,پردیس شهید باهنر اصفهان,اصفهان,در جدول ذکر نشده,,تعهد خدمت,5,مرد,در جدول ذکر نشده,ادامه مخصوص داوطلبان بومی استان اصفهان؛ پردیس شهید باهنر اصفهان/ اولویت پذیرش با داوطلبان بومی شهرستانهای شهرضا، مبارکه، دهاقان، سمیرم/محل خدمت دهاقان ( سمیرم سفلی)؛ پذیرش دانشجو‌معلم با تعهد خدمت؛ ضوابط بخش فرهنگیان دفترچه,1401-humanities-booklet,131,1401-humanities-booklet,131,کدرشته‌محل منبع: 44535؛ عنوان رشته در منبع: آموزش ابتدایی؛ نحوه پذیرش: با آزمون (بخش دانشجو‌معلم)؛ استان در این ردیف مربوط به بومی‌گزینی/محل خدمت است
1401,آموزش ابتدایی,دانشگاه فرهنگیان,،پردیس شهید باهنر اصفهان )مرکز آموزش عالی دکتر آیت نجف آباد(,اصفهان,در جدول ذکر نشده,,تعهد خدمت,5,مرد,در جدول ذکر نشده,ادامه مخصوص داوطلبان بومی استان اصفهان؛ ،پردیس شهید باهنر اصفهان )مرکز آموزش عالی دکتر آیت نجف آباد(/ اولویت پذیرش با داوطلبان بومی شهرستانهای چادگان خوانسار، فریدن، فریدونشهر، گلپایگان، بویین و میاندشت/محل خدمت فریدن؛ پذیرش دانشجو‌معلم با تعهد خدمت؛ ضوابط بخش فرهنگیان دفترچه,1401-humanities-booklet,131,1401-humanities-booklet,131,کدرشته‌محل منبع: 44536؛ عنوان رشته در منبع: آموزش ابتدایی؛ نحوه پذیرش: با آزمون (بخش دانشجو‌معلم)؛ استان در این ردیف مربوط به بومی‌گزینی/محل خدمت است
1401,آموزش ابتدایی,دانشگاه فرهنگیان,پردیس شهید ،باهنر اصفهان )مرکز آموزش عالی دکتر آیت نجف آباد(,اصفهان,در جدول ذکر نشده,,تعهد خدمت,7,مرد,در جدول ذکر نشده,ادامه مخصوص داوطلبان بومی استان اصفهان؛ پردیس شهید ،باهنر اصفهان )مرکز آموزش عالی دکتر آیت نجف آباد(/ اولویت پذیرش با داوطلبان بومی شهرستانهای چادگان خوانسار، فریدن، فریدونشهر، گلپایگان، بویین و میاندشت/محل خدمت چادگان؛ پذیرش دانشجو‌معلم با تعهد خدمت؛ ضوابط بخش فرهنگیان دفترچه,1401-humanities-booklet,131,1401-humanities-booklet,131,کدرشته‌محل منبع: 44537؛ عنوان رشته در منبع: آموزش ابتدایی؛ نحوه پذیرش: با آزمون (بخش دانشجو‌معلم)؛ استان در این ردیف مربوط به بومی‌گزینی/محل خدمت است
1401,آموزش ابتدایی,دانشگاه فرهنگیان,,اصفهان,در جدول ذکر نشده,,تعهد خدمت,2,مرد,در جدول ذکر نشده,ادامه مخصوص داوطلبان بومی استان اصفهان؛ /(پردیس شهید باهنر اصفهان )مرکز آموزش عالی دکتر آیت نجف آباد ،اولویت پذیرش با داوطلبان بومی شهرستانهای چادگان خوانسار، فریدن، فریدونشهر، گلپایگان، بویین و میاندشت/محل خدمت بوئین ومیاندشت؛ پذیرش دانشجو‌معلم با تعهد خدمت؛ ضوابط بخش فرهنگیان دفترچه,1401-humanities-booklet,131,1401-humanities-booklet,131,کدرشته‌محل منبع: 44538؛ عنوان رشته در منبع: آموزش ابتدایی؛ نحوه پذیرش: با آزمون (بخش دانشجو‌معلم)؛ استان در این ردیف مربوط به بومی‌گزینی/محل خدمت است
1401,آموزش ابتدایی,دانشگاه فرهنگیان,پردیس شهید باهنر اصفهان,اصفهان,در جدول ذکر نشده,,تعهد خدمت,17,مرد,در جدول ذکر نشده,ادامه مخصوص داوطلبان بومی استان اصفهان؛ پردیس شهید باهنر اصفهان/ اولویت پذیرش با داوطلبان بومی شهرستانهای فلاورجان و لنجان /محل خدمت فلاورجان؛ پذیرش دانشجو‌معلم با تعهد خدمت؛ ضوابط بخش فرهنگیان دفترچه,1401-humanities-booklet,131,1401-humanities-booklet,131,کدرشته‌محل منبع: 44539؛ عنوان رشته در منبع: آموزش ابتدایی؛ نحوه پذیرش: با آزمون (بخش دانشجو‌معلم)؛ استان در این ردیف مربوط به بومی‌گزینی/محل خدمت است
1401,آموزش ابتدایی,دانشگاه فرهنگیان,،پردیس شهید باهنر اصفهان )مرکز آموزش عالی دکتر آیت نجف آباد(,اصفهان,در جدول ذکر نشده,,تعهد خدمت,10,مرد,در جدول ذکر نشده,ادامه مخصوص داوطلبان بومی استان اصفهان؛ ،پردیس شهید باهنر اصفهان )مرکز آموزش عالی دکتر آیت نجف آباد(/ اولویت پذیرش با داوطلبان بومی شهرستانهای چادگان خوانسار، فریدن، فریدونشهر، گلپایگان، بویین و میاندشت/محل خدمت فریدون شهر؛ پذیرش دانشجو‌معلم با تعهد خدمت؛ ضوابط بخش فرهنگیان دفترچه,1401-humanities-booklet,131,1401-humanities-booklet,131,کدرشته‌محل منبع: 44540؛ عنوان رشته در منبع: آموزش ابتدایی؛ نحوه پذیرش: با آزمون (بخش دانشجو‌معلم)؛ استان در این ردیف مربوط به بومی‌گزینی/محل خدمت است
1401,آموزش ابتدایی,دانشگاه فرهنگیان,پردیس شهید باهنر اصفهان,اصفهان,در جدول ذکر نشده,,تعهد خدمت,4,مرد,در جدول ذکر نشده,ادامه مخصوص داوطلبان بومی استان اصفهان؛ پردیس شهید باهنر اصفهان/ اولویت پذیرش با داوطلبان بومی شهرستانهای شهرضا، مبارکه، دهاقان، سمیرم/محل خدمت سمیرم؛ پذیرش دانشجو‌معلم با تعهد خدمت؛ ضوابط بخش فرهنگیان دفترچه,1401-humanities-booklet,131,1401-humanities-booklet,131,کدرشته‌محل منبع: 44541؛ عنوان رشته در منبع: آموزش ابتدایی؛ نحوه پذیرش: با آزمون (بخش دانشجو‌معلم)؛ استان در این ردیف مربوط به بومی‌گزینی/محل خدمت است
1401,آموزش ابتدایی,دانشگاه فرهنگیان,،پردیس شهید باهنر اصفهان )مرکز آموزش عالی دکتر آیت نجف آباد(,اصفهان,در جدول ذکر نشده,,تعهد خدمت,1,مرد,در جدول ذکر نشده,ادامه مخصوص داوطلبان بومی استان اصفهان؛ ،پردیس شهید باهنر اصفهان )مرکز آموزش عالی دکتر آیت نجف آباد(/ اولویت پذیرش با داوطلبان بومی شهرستانهای چادگان ،خوانسار، فریدن، فریدونشهر گلپایگان، بویین و میاندشت/محل خدمت خوانسار؛ پذیرش دانشجو‌معلم با تعهد خدمت؛ ضوابط بخش فرهنگیان دفترچه,1401-humanities-booklet,131,1401-humanities-booklet,131,کدرشته‌محل منبع: 44542؛ عنوان رشته در منبع: آموزش ابتدایی؛ نحوه پذیرش: با آزمون (بخش دانشجو‌معلم)؛ استان در این ردیف مربوط به بومی‌گزینی/محل خدمت است
1401,آموزش ابتدایی,دانشگاه فرهنگیان,پردیس شهید باهنر اصفهان,اصفهان,در جدول ذکر نشده,,تعهد خدمت,5,مرد,در جدول ذکر نشده,ادامه مخصوص داوطلبان بومی استان اصفهان؛ پردیس شهید باهنر اصفهان/ اولویت پذیرش با داوطلبان بومی شهرستانهای چادگان، خوانسار، فریدن، فریدونشهر، گلپایگان، بویین و میاندشت/محل خدمت گلپایگان؛ پذیرش دانشجو‌معلم با تعهد خدمت؛ ضوابط بخش فرهنگیان دفترچه,1401-humanities-booklet,131,1401-humanities-booklet,131,کدرشته‌محل منبع: 44543؛ عنوان رشته در منبع: آموزش ابتدایی؛ نحوه پذیرش: با آزمون (بخش دانشجو‌معلم)؛ استان در این ردیف مربوط به بومی‌گزینی/محل خدمت است
1401,آموزش ابتدایی,دانشگاه فرهنگیان,پردیس شهید باهنر اصفهان,اصفهان,در جدول ذکر نشده,,تعهد خدمت,2,مرد,در جدول ذکر نشده,ادامه مخصوص داوطلبان بومی استان اصفهان؛ پردیس شهید باهنر اصفهان/ اولویت پذیرش با داوطلبان بومی شهرستانهای نایین، خور و بیابانک/محل خدمت نائین؛ پذیرش دانشجو‌معلم با تعهد خدمت؛ ضوابط بخش فرهنگیان دفترچه,1401-humanities-booklet,131,1401-humanities-booklet,131,کدرشته‌محل منبع: 44544؛ عنوان رشته در منبع: آموزش ابتدایی؛ نحوه پذیرش: با آزمون (بخش دانشجو‌معلم)؛ استان در این ردیف مربوط به بومی‌گزینی/محل خدمت است
1401,آموزش ابتدایی,دانشگاه فرهنگیان,پردیس شهید باهنر اصفهان,اصفهان,در جدول ذکر نشده,,تعهد خدمت,2,مرد,در جدول ذکر نشده,ادامه مخصوص داوطلبان بومی استان اصفهان؛ پردیس شهید باهنر اصفهان/ اولویت پذیرش با داوطلبان بومی شهرستانهای نایین، خور و بیابانک/محل خدمت خوروبیابانک؛ پذیرش دانشجو‌معلم با تعهد خدمت؛ ضوابط بخش فرهنگیان دفترچه,1401-humanities-booklet,131,1401-humanities-booklet,131,کدرشته‌محل منبع: 44545؛ عنوان رشته در منبع: آموزش ابتدایی؛ نحوه پذیرش: با آزمون (بخش دانشجو‌معلم)؛ استان در این ردیف مربوط به بومی‌گزینی/محل خدمت است
1401,آموزش ابتدایی,دانشگاه فرهنگیان,،پردیس شهید باهنر اصفهان )مرکز آموزش عالی دکتر آیت نجف آباد(,اصفهان,در جدول ذکر نشده,,تعهد خدمت,46,مرد,در جدول ذکر نشده,ادامه مخصوص داوطلبان بومی استان اصفهان؛ ،پردیس شهید باهنر اصفهان )مرکز آموزش عالی دکتر آیت نجف آباد(/ اولویت پذیرش با داوطلبان بومی شهرستانهای تیران و کرون نجف آباد/محل خدمت نجف آباد؛ پذیرش دانشجو‌معلم با تعهد خدمت؛ ضوابط بخش فرهنگیان دفترچه,1401-humanities-booklet,131,1401-humanities-booklet,131,کدرشته‌محل منبع: 44546؛ عنوان رشته در منبع: آموزش ابتدایی؛ نحوه پذیرش: با آزمون (بخش دانشجو‌معلم)؛ استان در این ردیف مربوط به بومی‌گزینی/محل خدمت است
1401,آموزش ابتدایی,دانشگاه فرهنگیان,پردیس شهید باهنر اصفهان )مرکز آموزش عالی دکتر آیت نجف آباد(,اصفهان,در جدول ذکر نشده,,تعهد خدمت,18,مرد,در جدول ذکر نشده,ادامه مخصوص داوطلبان بومی استان اصفهان؛ پردیس شهید باهنر اصفهان )مرکز آموزش عالی دکتر آیت نجف آباد(/ اولویت پذیرش با داوطلبان ،بومی شهرستانهای تیران و کرون نجف آباد/محل خدمت تیران وکرون؛ پذیرش دانشجو‌معلم با تعهد خدمت؛ ضوابط بخش فرهنگیان دفترچه,1401-humanities-booklet,131,1401-humanities-booklet,131,کدرشته‌محل منبع: 44547؛ عنوان رشته در منبع: آموزش ابتدایی؛ نحوه پذیرش: با آزمون (بخش دانشجو‌معلم)؛ استان در این ردیف مربوط به بومی‌گزینی/محل خدمت است
1401,آموزش ابتدایی,دانشگاه فرهنگیان,پردیس شهید باهنر اصفهان,اصفهان,در جدول ذکر نشده,,تعهد خدمت,34,مرد,در جدول ذکر نشده,ادامه مخصوص داوطلبان بومی استان اصفهان؛ پردیس شهید باهنر اصفهان/ اولویت پذیرش با داوطلبان بومی شهرستانهای اصفهان، شاهین شهرو میمه، برخوار، خمینی شهر/محل خدمت خمینی شهر؛ پذیرش دانشجو‌معلم با تعهد خدمت؛ ضوابط بخش فرهنگیان دفترچه,1401-humanities-booklet,132,1401-humanities-booklet,132,کدرشته‌محل منبع: 44548؛ عنوان رشته در منبع: آموزش ابتدایی؛ نحوه پذیرش: با آزمون (بخش دانشجو‌معلم)؛ استان در این ردیف مربوط به بومی‌گزینی/محل خدمت است
1401,آموزش ابتدایی,دانشگاه فرهنگیان,پردیس شهید باهنر اصفهان,اصفهان,در جدول ذکر نشده,,تعهد خدمت,50,مرد,در جدول ذکر نشده,ادامه مخصوص داوطلبان بومی استان اصفهان؛ پردیس شهید باهنر اصفهان/ اولویت پذیرش با داوطلبان بومی شهرستانهای کاشان، آران و بیدگل، اردستان، نطنز/محل خدمت کاشان؛ پذیرش دانشجو‌معلم با تعهد خدمت؛ ضوابط بخش فرهنگیان دفترچه,1401-humanities-booklet,132,1401-humanities-booklet,132,کدرشته‌محل منبع: 44549؛ عنوان رشته در منبع: آموزش ابتدایی؛ نحوه پذیرش: با آزمون (بخش دانشجو‌معلم)؛ استان در این ردیف مربوط به بومی‌گزینی/محل خدمت است
1401,آموزش ابتدایی,دانشگاه فرهنگیان,پردیس شهید باهنر اصفهان,اصفهان,در جدول ذکر نشده,,تعهد خدمت,14,مرد,در جدول ذکر نشده,ادامه مخصوص داوطلبان بومی استان اصفهان؛ پردیس شهید باهنر اصفهان/ اولویت پذیرش با داوطلبان بومی شهرستانهای کاشان، آران و بیدگل، اردستان، نطنز/محل خدمت آران وبیدگل؛ پذیرش دانشجو‌معلم با تعهد خدمت؛ ضوابط بخش فرهنگیان دفترچه,1401-humanities-booklet,132,1401-humanities-booklet,132,کدرشته‌محل منبع: 44550؛ عنوان رشته در منبع: آموزش ابتدایی؛ نحوه پذیرش: با آزمون (بخش دانشجو‌معلم)؛ استان در این ردیف مربوط به بومی‌گزینی/محل خدمت است
1401,آموزش ابتدایی,دانشگاه فرهنگیان,پردیس شهید باهنر اصفهان,اصفهان,در جدول ذکر نشده,,تعهد خدمت,5,مرد,در جدول ذکر نشده,ادامه مخصوص داوطلبان بومی استان اصفهان؛ پردیس شهید باهنر اصفهان/ اولویت پذیرش با داوطلبان بومی شهرستانهای فلاورجان و لنجان /محل خدمت پیربکران؛ پذیرش دانشجو‌معلم با تعهد خدمت؛ ضوابط بخش فرهنگیان دفترچه,1401-humanities-booklet,132,1401-humanities-booklet,132,کدرشته‌محل منبع: 44551؛ عنوان رشته در منبع: آموزش ابتدایی؛ نحوه پذیرش: با آزمون (بخش دانشجو‌معلم)؛ استان در این ردیف مربوط به بومی‌گزینی/محل خدمت است
1401,آموزش ابتدایی,دانشگاه فرهنگیان,پردیس شهید باهنر اصفهان,اصفهان,در جدول ذکر نشده,,تعهد خدمت,4,مرد,در جدول ذکر نشده,ادامه مخصوص داوطلبان بومی استان اصفهان؛ پردیس شهید باهنر اصفهان/ اولویت پذیرش با داوطلبان بومی شهرستانهای تیران و کرون، نجف آباد/محل خدمت مهردشت؛ پذیرش دانشجو‌معلم با تعهد خدمت؛ ضوابط بخش فرهنگیان دفترچه,1401-humanities-booklet,132,1401-humanities-booklet,132,کدرشته‌محل منبع: 44552؛ عنوان رشته در منبع: آموزش ابتدایی؛ نحوه پذیرش: با آزمون (بخش دانشجو‌معلم)؛ استان در این ردیف مربوط به بومی‌گزینی/محل خدمت است
1401,آموزش ابتدایی,دانشگاه فرهنگیان,پردیس شهید باهنر اصفهان,اصفهان,در جدول ذکر نشده,,تعهد خدمت,1,مرد,در جدول ذکر نشده,ادامه مخصوص داوطلبان بومی استان اصفهان؛ پردیس شهید باهنر اصفهان/ اولویت پذیرش با داوطلبان بومی شهرستانهای کاشان، آران و بیدگل، اردستان، نطنز/محل خدمت نطنز؛ پذیرش دانشجو‌معلم با تعهد خدمت؛ ضوابط بخش فرهنگیان دفترچه,1401-humanities-booklet,132,1401-humanities-booklet,132,کدرشته‌محل منبع: 44553؛ عنوان رشته در منبع: آموزش ابتدایی؛ نحوه پذیرش: با آزمون (بخش دانشجو‌معلم)؛ استان در این ردیف مربوط به بومی‌گزینی/محل خدمت است
1401,آموزش ابتدایی,دانشگاه فرهنگیان,پردیس شهید باهنر اصفهان,اصفهان,در جدول ذکر نشده,,تعهد خدمت,5,مرد,در جدول ذکر نشده,ادامه مخصوص داوطلبان بومی استان اصفهان؛ پردیس شهید باهنر اصفهان/ اولویت پذیرش با داوطلبان بومی شهرستانهای اصفهان، شاهین شهرو میمه، برخوار، خمینی شهر/محل خدمت جلگه؛ پذیرش دانشجو‌معلم با تعهد خدمت؛ ضوابط بخش فرهنگیان دفترچه,1401-humanities-booklet,132,1401-humanities-booklet,132,کدرشته‌محل منبع: 44554؛ عنوان رشته در منبع: آموزش ابتدایی؛ نحوه پذیرش: با آزمون (بخش دانشجو‌معلم)؛ استان در این ردیف مربوط به بومی‌گزینی/محل خدمت است
1401,آموزش ابتدایی,دانشگاه فرهنگیان,،پردیس شهید باهنر اصفهان,اصفهان,در جدول ذکر نشده,,تعهد خدمت,5,مرد,در جدول ذکر نشده,ادامه مخصوص داوطلبان بومی استان اصفهان؛ ،پردیس شهید باهنر اصفهان/ اولویت پذیرش با داوطلبان بومی شهرستانهای اصفهان شاهین شهرو میمه، برخوار، خمینی شهر/محل خدمت بن رود؛ پذیرش دانشجو‌معلم با تعهد خدمت؛ ضوابط بخش فرهنگیان دفترچه,1401-humanities-booklet,132,1401-humanities-booklet,132,کدرشته‌محل منبع: 44555؛ عنوان رشته در منبع: آموزش ابتدایی؛ نحوه پذیرش: با آزمون (بخش دانشجو‌معلم)؛ استان در این ردیف مربوط به بومی‌گزینی/محل خدمت است
1401,آموزش ابتدایی,دانشگاه فرهنگیان,پردیس شهید باهنر اصفهان,اصفهان,در جدول ذکر نشده,,تعهد خدمت,1,مرد,در جدول ذکر نشده,ادامه مخصوص داوطلبان بومی استان اصفهان؛ پردیس شهید باهنر اصفهان/ اولویت پذیرش با داوطلبان بومی شهرستانهای کاشان، آران و بیدگل، اردستان، نطنز/محل خدمت زواره؛ پذیرش دانشجو‌معلم با تعهد خدمت؛ ضوابط بخش فرهنگیان دفترچه,1401-humanities-booklet,132,1401-humanities-booklet,132,کدرشته‌محل منبع: 44556؛ عنوان رشته در منبع: آموزش ابتدایی؛ نحوه پذیرش: با آزمون (بخش دانشجو‌معلم)؛ استان در این ردیف مربوط به بومی‌گزینی/محل خدمت است
1401,آموزش ابتدایی,دانشگاه فرهنگیان,پردیس شهید باهنر اصفهان,اصفهان,در جدول ذکر نشده,,تعهد خدمت,2,مرد,در جدول ذکر نشده,ادامه مخصوص داوطلبان بومی استان اصفهان؛ پردیس شهید باهنر اصفهان/ اولویت پذیرش با داوطلبان بومی شهرستانهای کاشان، آران و بیدگل، اردستان، نطنز/محل خدمت امامزاده؛ پذیرش دانشجو‌معلم با تعهد خدمت؛ ضوابط بخش فرهنگیان دفترچه,1401-humanities-booklet,132,1401-humanities-booklet,132,کدرشته‌محل منبع: 44557؛ عنوان رشته در منبع: آموزش ابتدایی؛ نحوه پذیرش: با آزمون (بخش دانشجو‌معلم)؛ استان در این ردیف مربوط به بومی‌گزینی/محل خدمت است
1401,آموزش ابتدایی,دانشگاه فرهنگیان,پردیس فاطمة الزهراء)س( اصفهان,اصفهان,در جدول ذکر نشده,,تعهد خدمت,8,زن,در جدول ذکر نشده,ادامه مخصوص داوطلبان بومی استان اصفهان؛ پردیس فاطمة الزهراء)س( اصفهان/ اولویت پذیرش با داوطلبان بومی شهرستانهای اصفهان، شاهین شهرو میمه، برخوار، خمینی شهر/محل خدمت اصفهان .ناحیه1؛ پذیرش دانشجو‌معلم با تعهد خدمت؛ ضوابط بخش فرهنگیان دفترچه,1401-humanities-booklet,132,1401-humanities-booklet,132,کدرشته‌محل منبع: 44558؛ عنوان رشته در منبع: آموزش ابتدایی؛ نحوه پذیرش: با آزمون (بخش دانشجو‌معلم)؛ استان در این ردیف مربوط به بومی‌گزینی/محل خدمت است
1401,آموزش ابتدایی,دانشگاه فرهنگیان,پردیس فاطمة الزهراء)س( اصفهان,اصفهان,در جدول ذکر نشده,,تعهد خدمت,10,زن,در جدول ذکر نشده,ادامه مخصوص داوطلبان بومی استان اصفهان؛ پردیس فاطمة الزهراء)س( اصفهان/ اولویت پذیرش با داوطلبان بومی شهرستانهای اصفهان، شاهین شهرو میمه، برخوار، خمینی شهر/محل خدمت اصفهان .ناحیه2؛ پذیرش دانشجو‌معلم با تعهد خدمت؛ ضوابط بخش فرهنگیان دفترچه,1401-humanities-booklet,132,1401-humanities-booklet,132,کدرشته‌محل منبع: 44559؛ عنوان رشته در منبع: آموزش ابتدایی؛ نحوه پذیرش: با آزمون (بخش دانشجو‌معلم)؛ استان در این ردیف مربوط به بومی‌گزینی/محل خدمت است
1401,آموزش ابتدایی,دانشگاه فرهنگیان,پردیس فاطمة الزهراء)س( اصفهان,اصفهان,در جدول ذکر نشده,,تعهد خدمت,13,زن,در جدول ذکر نشده,ادامه مخصوص داوطلبان بومی استان اصفهان؛ پردیس فاطمة الزهراء)س( اصفهان/ اولویت پذیرش با داوطلبان بومی شهرستانهای اصفهان، شاهین شهرو میمه، برخوار، خمینی شهر/محل خدمت اصفهان .ناحیه3؛ پذیرش دانشجو‌معلم با تعهد خدمت؛ ضوابط بخش فرهنگیان دفترچه,1401-humanities-booklet,132,1401-humanities-booklet,132,کدرشته‌محل منبع: 44560؛ عنوان رشته در منبع: آموزش ابتدایی؛ نحوه پذیرش: با آزمون (بخش دانشجو‌معلم)؛ استان در این ردیف مربوط به بومی‌گزینی/محل خدمت است
1401,آموزش ابتدایی,دانشگاه فرهنگیان,پردیس فاطمة الزهراء)س( اصفهان,اصفهان,در جدول ذکر نشده,,تعهد خدمت,48,زن,در جدول ذکر نشده,ادامه مخصوص داوطلبان بومی استان اصفهان؛ پردیس فاطمة الزهراء)س( اصفهان/ اولویت پذیرش با داوطلبان بومی شهرستانهای اصفهان، شاهین شهرو میمه، برخوار، خمینی شهر/محل خدمت اصفهان .ناحیه4؛ پذیرش دانشجو‌معلم با تعهد خدمت؛ ضوابط بخش فرهنگیان دفترچه,1401-humanities-booklet,132,1401-humanities-booklet,132,کدرشته‌محل منبع: 44561؛ عنوان رشته در منبع: آموزش ابتدایی؛ نحوه پذیرش: با آزمون (بخش دانشجو‌معلم)؛ استان در این ردیف مربوط به بومی‌گزینی/محل خدمت است
1401,آموزش ابتدایی,دانشگاه فرهنگیان,پردیس فاطمة الزهراء)س( اصفهان,اصفهان,در جدول ذکر نشده,,تعهد خدمت,37,زن,در جدول ذکر نشده,ادامه مخصوص داوطلبان بومی استان اصفهان؛ پردیس فاطمة الزهراء)س( اصفهان/ اولویت پذیرش با داوطلبان بومی شهرستانهای اصفهان، شاهین شهرو میمه، برخوار، خمینی شهر/محل خدمت اصفهان .ناحیه5؛ پذیرش دانشجو‌معلم با تعهد خدمت؛ ضوابط بخش فرهنگیان دفترچه,1401-humanities-booklet,132,1401-humanities-booklet,132,کدرشته‌محل منبع: 44562؛ عنوان رشته در منبع: آموزش ابتدایی؛ نحوه پذیرش: با آزمون (بخش دانشجو‌معلم)؛ استان در این ردیف مربوط به بومی‌گزینی/محل خدمت است
1401,آموزش ابتدایی,دانشگاه فرهنگیان,پردیس فاطمة الزهراء)س( اصفهان,اصفهان,در جدول ذکر نشده,,تعهد خدمت,1,زن,در جدول ذکر نشده,ادامه مخصوص داوطلبان بومی استان اصفهان؛ پردیس فاطمة الزهراء)س( اصفهان/ اولویت پذیرش با داوطلبان بومی شهرستانهای اصفهان، شاهین شهرو میمه، برخوار، خمینی شهر/محل خدمت جرقویه سفلی؛ پذیرش دانشجو‌معلم با تعهد خدمت؛ ضوابط بخش فرهنگیان دفترچه,1401-humanities-booklet,132,1401-humanities-booklet,132,کدرشته‌محل منبع: 44563؛ عنوان رشته در منبع: آموزش ابتدایی؛ نحوه پذیرش: با آزمون (بخش دانشجو‌معلم)؛ استان در این ردیف مربوط به بومی‌گزینی/محل خدمت است
1401,آموزش ابتدایی,دانشگاه فرهنگیان,پردیس فاطمة الزهراء)س( اصفهان,اصفهان,در جدول ذکر نشده,,تعهد خدمت,1,زن,در جدول ذکر نشده,ادامه مخصوص داوطلبان بومی استان اصفهان؛ پردیس فاطمة الزهراء)س( اصفهان/ اولویت پذیرش با داوطلبان بومی شهرستانهای اصفهان، شاهین شهرو میمه، برخوار، خمینی شهر/محل خدمت کوهپایه؛ پذیرش دانشجو‌معلم با تعهد خدمت؛ ضوابط بخش فرهنگیان دفترچه,1401-humanities-booklet,132,1401-humanities-booklet,132,کدرشته‌محل منبع: 44564؛ عنوان رشته در منبع: آموزش ابتدایی؛ نحوه پذیرش: با آزمون (بخش دانشجو‌معلم)؛ استان در این ردیف مربوط به بومی‌گزینی/محل خدمت است
1401,آموزش ابتدایی,دانشگاه فرهنگیان,پردیس فاطمة الزهراء)س( اصفهان,اصفهان,در جدول ذکر نشده,,تعهد خدمت,1,زن,در جدول ذکر نشده,ادامه مخصوص داوطلبان بومی استان اصفهان؛ پردیس فاطمة الزهراء)س( اصفهان/ اولویت پذیرش با داوطلبان بومی شهرستانهای اصفهان، شاهین شهرو میمه، برخوار، خمینی شهر/محل خدمت جرقویه علیا؛ پذیرش دانشجو‌معلم با تعهد خدمت؛ ضوابط بخش فرهنگیان دفترچه,1401-humanities-booklet,132,1401-humanities-booklet,132,کدرشته‌محل منبع: 44565؛ عنوان رشته در منبع: آموزش ابتدایی؛ نحوه پذیرش: با آزمون (بخش دانشجو‌معلم)؛ استان در این ردیف مربوط به بومی‌گزینی/محل خدمت است
1401,آموزش ابتدایی,دانشگاه فرهنگیان,پردیس فاطمة الزهراء)س( اصفهان,اصفهان,در جدول ذکر نشده,,تعهد خدمت,7,زن,در جدول ذکر نشده,ادامه مخصوص داوطلبان بومی استان اصفهان؛ پردیس فاطمة الزهراء)س( اصفهان/ اولویت پذیرش با داوطلبان بومی شهرستانهای اصفهان، شاهین شهرو میمه، برخوار، خمینی شهر/محل خدمت شاهین شهر؛ پذیرش دانشجو‌معلم با تعهد خدمت؛ ضوابط بخش فرهنگیان دفترچه,1401-humanities-booklet,132,1401-humanities-booklet,132,کدرشته‌محل منبع: 44566؛ عنوان رشته در منبع: آموزش ابتدایی؛ نحوه پذیرش: با آزمون (بخش دانشجو‌معلم)؛ استان در این ردیف مربوط به بومی‌گزینی/محل خدمت است
1401,آموزش ابتدایی,دانشگاه فرهنگیان,پردیس فاطمة الزهراء)س( اصفهان,اصفهان,در جدول ذکر نشده,,تعهد خدمت,1,زن,در جدول ذکر نشده,ادامه مخصوص داوطلبان بومی استان اصفهان؛ پردیس فاطمة الزهراء)س( اصفهان/ اولویت پذیرش با داوطلبان بومی شهرستانهای اصفهان، شاهین شهرو میمه، برخوار، خمینی شهر/محل خدمت میمه؛ پذیرش دانشجو‌معلم با تعهد خدمت؛ ضوابط بخش فرهنگیان دفترچه,1401-humanities-booklet,132,1401-humanities-booklet,132,کدرشته‌محل منبع: 44567؛ عنوان رشته در منبع: آموزش ابتدایی؛ نحوه پذیرش: با آزمون (بخش دانشجو‌معلم)؛ استان در این ردیف مربوط به بومی‌گزینی/محل خدمت است
1401,آموزش ابتدایی,دانشگاه فرهنگیان,(پردیس فاطمة الزهراء)س اصفهان,اصفهان,در جدول ذکر نشده,,تعهد خدمت,14,زن,در جدول ذکر نشده,ادامه مخصوص داوطلبان بومی استان اصفهان؛ (پردیس فاطمة الزهراء)س اصفهان/ اولویت پذیرش با داوطلبان بومی شهرستانهای اصفهان، شاهین شهرو میمه، برخوار، خمینی شهر/محل خدمت برخوار؛ پذیرش دانشجو‌معلم با تعهد خدمت؛ ضوابط بخش فرهنگیان دفترچه,1401-humanities-booklet,132,1401-humanities-booklet,132,کدرشته‌محل منبع: 44568؛ عنوان رشته در منبع: آموزش ابتدایی؛ نحوه پذیرش: با آزمون (بخش دانشجو‌معلم)؛ استان در این ردیف مربوط به بومی‌گزینی/محل خدمت است
1401,آموزش ابتدایی,دانشگاه فرهنگیان,پردیس فاطمة الزهراء)س( اصفهان )مرکز آموزش عالی امام خمینی )ره( کاشان(,اصفهان,در جدول ذکر نشده,,تعهد خدمت,1,زن,در جدول ذکر نشده,ادامه مخصوص داوطلبان بومی استان اصفهان؛ پردیس فاطمة الزهراء)س( اصفهان )مرکز آموزش عالی امام خمینی )ره( کاشان(/ اولویت پذیرش با داوطلبان بومی شهرستانهای ،کاشان آران و بیدگل، اردستان، نطنز/محل خدمت اردستان؛ پذیرش دانشجو‌معلم با تعهد خدمت؛ ضوابط بخش فرهنگیان دفترچه,1401-humanities-booklet,132,1401-humanities-booklet,132,کدرشته‌محل منبع: 44569؛ عنوان رشته در منبع: آموزش ابتدایی؛ نحوه پذیرش: با آزمون (بخش دانشجو‌معلم)؛ استان در این ردیف مربوط به بومی‌گزینی/محل خدمت است
1401,آموزش ابتدایی,دانشگاه فرهنگیان,( پردیس فاطمة الزهراء)س( اصفهان,اصفهان,در جدول ذکر نشده,,تعهد خدمت,10,زن,در جدول ذکر نشده,ادامه مخصوص داوطلبان بومی استان اصفهان؛ ( پردیس فاطمة الزهراء)س( اصفهان/ اولویت پذیرش با داوطلبان بومی شهرستانهای فلاورجان و لنجان /محل خدمت زرین شهر)لنجان؛ پذیرش دانشجو‌معلم با تعهد خدمت؛ ضوابط بخش فرهنگیان دفترچه,1401-humanities-booklet,132,1401-humanities-booklet,132,کدرشته‌محل منبع: 44570؛ عنوان رشته در منبع: آموزش ابتدایی؛ نحوه پذیرش: با آزمون (بخش دانشجو‌معلم)؛ استان در این ردیف مربوط به بومی‌گزینی/محل خدمت است
1401,آموزش ابتدایی,دانشگاه فرهنگیان,پردیس فاطمة الزهراء)س( اصفهان,اصفهان,در جدول ذکر نشده,,تعهد خدمت,17,زن,در جدول ذکر نشده,ادامه مخصوص داوطلبان بومی استان اصفهان؛ پردیس فاطمة الزهراء)س( اصفهان/ اولویت پذیرش با داوطلبان بومی شهرستانهای فلاورجان و لنجان /محل خدمت فولادشهر؛ پذیرش دانشجو‌معلم با تعهد خدمت؛ ضوابط بخش فرهنگیان دفترچه,1401-humanities-booklet,132,1401-humanities-booklet,132,کدرشته‌محل منبع: 44571؛ عنوان رشته در منبع: آموزش ابتدایی؛ نحوه پذیرش: با آزمون (بخش دانشجو‌معلم)؛ استان در این ردیف مربوط به بومی‌گزینی/محل خدمت است
1401,آموزش ابتدایی,دانشگاه فرهنگیان,پردیس فاطمة الزهراء)س( اصفهان,اصفهان,در جدول ذکر نشده,,تعهد خدمت,13,زن,در جدول ذکر نشده,ادامه مخصوص داوطلبان بومی استان اصفهان؛ پردیس فاطمة الزهراء)س( اصفهان/ اولویت پذیرش با داوطلبان بومی شهرستانهای اصفهان، شاهین شهرو میمه، برخوار، خمینی شهر/محل خدمت اصفهان .ناحیه6 (جی)؛ پذیرش دانشجو‌معلم با تعهد خدمت؛ ضوابط بخش فرهنگیان دفترچه,1401-humanities-booklet,132,1401-humanities-booklet,132,کدرشته‌محل منبع: 44572؛ عنوان رشته در منبع: آموزش ابتدایی؛ نحوه پذیرش: با آزمون (بخش دانشجو‌معلم)؛ استان در این ردیف مربوط به بومی‌گزینی/محل خدمت است
1401,آموزش ابتدایی,دانشگاه فرهنگیان,پردیس فاطمة الزهراء)س( اصفهان,اصفهان,در جدول ذکر نشده,,تعهد خدمت,7,زن,در جدول ذکر نشده,ادامه مخصوص داوطلبان بومی استان اصفهان؛ پردیس فاطمة الزهراء)س( اصفهان/ اولویت پذیرش با داوطلبان بومی شهرستانهای شهرضا، مبارکه، دهاقان، سمیرم/محل خدمت مبارکه؛ پذیرش دانشجو‌معلم با تعهد خدمت؛ ضوابط بخش فرهنگیان دفترچه,1401-humanities-booklet,132,1401-humanities-booklet,132,کدرشته‌محل منبع: 44573؛ عنوان رشته در منبع: آموزش ابتدایی؛ نحوه پذیرش: با آزمون (بخش دانشجو‌معلم)؛ استان در این ردیف مربوط به بومی‌گزینی/محل خدمت است
1401,آموزش ابتدایی,دانشگاه فرهنگیان,پردیس فاطمة الزهراء)س( اصفهان,اصفهان,در جدول ذکر نشده,,تعهد خدمت,2,زن,در جدول ذکر نشده,ادامه مخصوص داوطلبان بومی استان اصفهان؛ پردیس فاطمة الزهراء)س( اصفهان/ اولویت پذیرش با داوطلبان بومی شهرستانهای فلاورجان و لنجان /محل خدمت باغبادران؛ پذیرش دانشجو‌معلم با تعهد خدمت؛ ضوابط بخش فرهنگیان دفترچه,1401-humanities-booklet,132,1401-humanities-booklet,132,کدرشته‌محل منبع: 44574؛ عنوان رشته در منبع: آموزش ابتدایی؛ نحوه پذیرش: با آزمون (بخش دانشجو‌معلم)؛ استان در این ردیف مربوط به بومی‌گزینی/محل خدمت است
1401,آموزش ابتدایی,دانشگاه فرهنگیان,پردیس فاطمة الزهراء)س( اصفهان,اصفهان,در جدول ذکر نشده,,تعهد خدمت,10,زن,در جدول ذکر نشده,پردیس فاطمة الزهراء)س( اصفهان؛ اولویت پذیرش با داوطلبان بومی شهرستانهای شهرضا، مبارکه، دهاقان، سمیرم؛ محل خدمت: شهرضا)قمشه؛ تعهد خدمت دانشجو‌معلم مطابق دفترچه,1401-correction-6,1,1401-humanities-booklet,132,کدرشته‌محل منبع: 44575؛ عنوان رشته در منبع: آموزش ابتدایی؛ نحوه پذیرش: با آزمون (بخش دانشجو‌معلم)؛ استان در این ردیف مربوط به بومی‌گزینی/محل خدمت است؛ اصلاحیه: conditions
1401,آموزش ابتدایی,دانشگاه فرهنگیان,پردیس فاطمة الزهراء)س( اصفهان,اصفهان,در جدول ذکر نشده,,تعهد خدمت,2,زن,در جدول ذکر نشده,ادامه مخصوص داوطلبان بومی استان اصفهان؛ پردیس فاطمة الزهراء)س( اصفهان/ اولویت پذیرش با داوطلبان بومی شهرستانهای شهرضا، مبارکه، دهاقان، سمیرم/محل خدمت ( دهاقان )سمیرم سفلی؛ پذیرش دانشجو‌معلم با تعهد خدمت؛ ضوابط بخش فرهنگیان دفترچه,1401-humanities-booklet,132,1401-humanities-booklet,132,کدرشته‌محل منبع: 44576؛ عنوان رشته در منبع: آموزش ابتدایی؛ نحوه پذیرش: با آزمون (بخش دانشجو‌معلم)؛ استان در این ردیف مربوط به بومی‌گزینی/محل خدمت است
1401,آموزش ابتدایی,دانشگاه فرهنگیان,،پردیس فاطمة الزهراء)س( اصفهان,اصفهان,در جدول ذکر نشده,,تعهد خدمت,4,زن,در جدول ذکر نشده,ادامه مخصوص داوطلبان بومی استان اصفهان؛ ،پردیس فاطمة الزهراء)س( اصفهان/ اولویت پذیرش با داوطلبان بومی شهرستانهای چادگان، خوانسار، فریدن، فریدونشهر، گلپایگان بویین و میاندشت/محل خدمت فریدن؛ پذیرش دانشجو‌معلم با تعهد خدمت؛ ضوابط بخش فرهنگیان دفترچه,1401-humanities-booklet,132,1401-humanities-booklet,132,کدرشته‌محل منبع: 44577؛ عنوان رشته در منبع: آموزش ابتدایی؛ نحوه پذیرش: با آزمون (بخش دانشجو‌معلم)؛ استان در این ردیف مربوط به بومی‌گزینی/محل خدمت است
1401,آموزش ابتدایی,دانشگاه فرهنگیان,،پردیس فاطمة الزهراء)س( اصفهان,اصفهان,در جدول ذکر نشده,,تعهد خدمت,1,زن,در جدول ذکر نشده,ادامه مخصوص داوطلبان بومی استان اصفهان؛ ،پردیس فاطمة الزهراء)س( اصفهان/ اولویت پذیرش با داوطلبان بومی شهرستانهای چادگان، خوانسار، فریدن، فریدونشهر، گلپایگان بویین و میاندشت/محل خدمت چادگان؛ پذیرش دانشجو‌معلم با تعهد خدمت؛ ضوابط بخش فرهنگیان دفترچه,1401-humanities-booklet,132,1401-humanities-booklet,132,کدرشته‌محل منبع: 44578؛ عنوان رشته در منبع: آموزش ابتدایی؛ نحوه پذیرش: با آزمون (بخش دانشجو‌معلم)؛ استان در این ردیف مربوط به بومی‌گزینی/محل خدمت است
1401,آموزش ابتدایی,دانشگاه فرهنگیان,پردیس فاطمة الزهراء)س( اصفهان,اصفهان,در جدول ذکر نشده,,تعهد خدمت,11,زن,در جدول ذکر نشده,ادامه مخصوص داوطلبان بومی استان اصفهان؛ پردیس فاطمة الزهراء)س( اصفهان/ اولویت پذیرش با داوطلبان بومی شهرستانهای فلاورجان و لنجان /محل خدمت فلاورجان؛ پذیرش دانشجو‌معلم با تعهد خدمت؛ ضوابط بخش فرهنگیان دفترچه,1401-humanities-booklet,132,1401-humanities-booklet,132,کدرشته‌محل منبع: 44579؛ عنوان رشته در منبع: آموزش ابتدایی؛ نحوه پذیرش: با آزمون (بخش دانشجو‌معلم)؛ استان در این ردیف مربوط به بومی‌گزینی/محل خدمت است
1401,آموزش ابتدایی,دانشگاه فرهنگیان,پردیس فاطمة الزهراء)س( اصفهان,اصفهان,در جدول ذکر نشده,,تعهد خدمت,5,زن,در جدول ذکر نشده,ادامه مخصوص داوطلبان بومی استان اصفهان؛ پردیس فاطمة الزهراء)س( اصفهان/ اولویت پذیرش با داوطلبان بومی شهرستانهای ،چادگان، خوانسار، فریدن، فریدونشهر، گلپایگان بویین و میاندشت/محل خدمت فریدون شهر؛ پذیرش دانشجو‌معلم با تعهد خدمت؛ ضوابط بخش فرهنگیان دفترچه,1401-humanities-booklet,133,1401-humanities-booklet,133,کدرشته‌محل منبع: 44580؛ عنوان رشته در منبع: آموزش ابتدایی؛ نحوه پذیرش: با آزمون (بخش دانشجو‌معلم)؛ استان در این ردیف مربوط به بومی‌گزینی/محل خدمت است
1401,آموزش ابتدایی,دانشگاه فرهنگیان,پردیس فاطمة الزهراء)س( اصفهان,اصفهان,در جدول ذکر نشده,,تعهد خدمت,1,زن,در جدول ذکر نشده,ادامه مخصوص داوطلبان بومی استان اصفهان؛ پردیس فاطمة الزهراء)س( اصفهان/ اولویت پذیرش با داوطلبان بومی شهرستانهای شهرضا، مبارکه، دهاقان، سمیرم/محل خدمت سمیرم؛ پذیرش دانشجو‌معلم با تعهد خدمت؛ ضوابط بخش فرهنگیان دفترچه,1401-humanities-booklet,133,1401-humanities-booklet,133,کدرشته‌محل منبع: 44581؛ عنوان رشته در منبع: آموزش ابتدایی؛ نحوه پذیرش: با آزمون (بخش دانشجو‌معلم)؛ استان در این ردیف مربوط به بومی‌گزینی/محل خدمت است
1401,آموزش ابتدایی,دانشگاه فرهنگیان,پردیس ،فاطمة الزهراء)س( اصفهان,اصفهان,در جدول ذکر نشده,,تعهد خدمت,1,زن,در جدول ذکر نشده,ادامه مخصوص داوطلبان بومی استان اصفهان؛ پردیس ،فاطمة الزهراء)س( اصفهان/ اولویت پذیرش با داوطلبان بومی شهرستانهای چادگان، خوانسار، فریدن، فریدونشهر، گلپایگان بویین و میاندشت/محل خدمت خوانسار؛ پذیرش دانشجو‌معلم با تعهد خدمت؛ ضوابط بخش فرهنگیان دفترچه,1401-humanities-booklet,133,1401-humanities-booklet,133,کدرشته‌محل منبع: 44582؛ عنوان رشته در منبع: آموزش ابتدایی؛ نحوه پذیرش: با آزمون (بخش دانشجو‌معلم)؛ استان در این ردیف مربوط به بومی‌گزینی/محل خدمت است
1401,آموزش ابتدایی,دانشگاه فرهنگیان,پردیس فاطمة الزهراء)س( اصفهان )مرکز آموزش عالی امام خمینی )ره( کاشان(,اصفهان,در جدول ذکر نشده,,تعهد خدمت,3,زن,در جدول ذکر نشده,ادامه مخصوص داوطلبان بومی استان اصفهان؛ پردیس فاطمة الزهراء)س( اصفهان )مرکز آموزش عالی امام خمینی )ره( کاشان(/ اولویت پذیرش با داوطلبان بومی شهرستانهای چادگان، خوانسار، فریدن، فریدونشهر، گلپایگان، بویین و میاندشت/محل خدمت گلپایگان؛ پذیرش دانشجو‌معلم با تعهد خدمت؛ ضوابط بخش فرهنگیان دفترچه,1401-humanities-booklet,133,1401-humanities-booklet,133,کدرشته‌محل منبع: 44583؛ عنوان رشته در منبع: آموزش ابتدایی؛ نحوه پذیرش: با آزمون (بخش دانشجو‌معلم)؛ استان در این ردیف مربوط به بومی‌گزینی/محل خدمت است
1401,آموزش ابتدایی,دانشگاه فرهنگیان,،پردیس فاطمة الزهراء)س( اصفهان )مرکز آموزش عالی امام خمینی )ره( کاشان(,اصفهان,در جدول ذکر نشده,,تعهد خدمت,1,زن,در جدول ذکر نشده,ادامه مخصوص داوطلبان بومی استان اصفهان؛ ،پردیس فاطمة الزهراء)س( اصفهان )مرکز آموزش عالی امام خمینی )ره( کاشان(/ اولویت پذیرش با داوطلبان بومی شهرستانهای نایین خور و بیابانک/محل خدمت نائین؛ پذیرش دانشجو‌معلم با تعهد خدمت؛ ضوابط بخش فرهنگیان دفترچه,1401-humanities-booklet,133,1401-humanities-booklet,133,کدرشته‌محل منبع: 44584؛ عنوان رشته در منبع: آموزش ابتدایی؛ نحوه پذیرش: با آزمون (بخش دانشجو‌معلم)؛ استان در این ردیف مربوط به بومی‌گزینی/محل خدمت است
1401,آموزش ابتدایی,دانشگاه فرهنگیان,،پردیس فاطمة الزهراء)س( اصفهان )مرکز آموزش عالی امام خمینی )ره( کاشان(,اصفهان,در جدول ذکر نشده,,تعهد خدمت,2,زن,در جدول ذکر نشده,ادامه مخصوص داوطلبان بومی استان اصفهان؛ ،پردیس فاطمة الزهراء)س( اصفهان )مرکز آموزش عالی امام خمینی )ره( کاشان(/ اولویت پذیرش با داوطلبان بومی شهرستانهای نایین خور و بیابانک/محل خدمت خوروبیابانک؛ پذیرش دانشجو‌معلم با تعهد خدمت؛ ضوابط بخش فرهنگیان دفترچه,1401-humanities-booklet,133,1401-humanities-booklet,133,کدرشته‌محل منبع: 44585؛ عنوان رشته در منبع: آموزش ابتدایی؛ نحوه پذیرش: با آزمون (بخش دانشجو‌معلم)؛ استان در این ردیف مربوط به بومی‌گزینی/محل خدمت است
1401,آموزش ابتدایی,دانشگاه فرهنگیان,(پردیس فاطمة الزهراء)س اصفهان,اصفهان,در جدول ذکر نشده,,تعهد خدمت,23,زن,در جدول ذکر نشده,ادامه مخصوص داوطلبان بومی استان اصفهان؛ (پردیس فاطمة الزهراء)س اصفهان/ اولویت پذیرش با داوطلبان بومی شهرستانهای تیران و کرون، نجف آباد/محل خدمت نجف آباد؛ پذیرش دانشجو‌معلم با تعهد خدمت؛ ضوابط بخش فرهنگیان دفترچه,1401-humanities-booklet,133,1401-humanities-booklet,133,کدرشته‌محل منبع: 44586؛ عنوان رشته در منبع: آموزش ابتدایی؛ نحوه پذیرش: با آزمون (بخش دانشجو‌معلم)؛ استان در این ردیف مربوط به بومی‌گزینی/محل خدمت است
1401,آموزش ابتدایی,دانشگاه فرهنگیان,پردیس فاطمة الزهراء)س( اصفهان,اصفهان,در جدول ذکر نشده,,تعهد خدمت,11,زن,در جدول ذکر نشده,ادامه مخصوص داوطلبان بومی استان اصفهان؛ پردیس فاطمة الزهراء)س( اصفهان/ اولویت پذیرش با داوطلبان بومی شهرستانهای تیران و کرون، نجف آباد/محل خدمت تیران وکرون؛ پذیرش دانشجو‌معلم با تعهد خدمت؛ ضوابط بخش فرهنگیان دفترچه,1401-humanities-booklet,133,1401-humanities-booklet,133,کدرشته‌محل منبع: 44587؛ عنوان رشته در منبع: آموزش ابتدایی؛ نحوه پذیرش: با آزمون (بخش دانشجو‌معلم)؛ استان در این ردیف مربوط به بومی‌گزینی/محل خدمت است
1401,آموزش ابتدایی,دانشگاه فرهنگیان,پردیس فاطمة الزهراء)س( اصفهان,اصفهان,در جدول ذکر نشده,,تعهد خدمت,29,زن,در جدول ذکر نشده,ادامه مخصوص داوطلبان بومی استان اصفهان؛ پردیس فاطمة الزهراء)س( اصفهان/ اولویت پذیرش با داوطلبان بومی شهرستانهای اصفهان، شاهین شهرو میمه، برخوار، خمینی شهر/محل خدمت خمینی شهر؛ پذیرش دانشجو‌معلم با تعهد خدمت؛ ضوابط بخش فرهنگیان دفترچه,1401-humanities-booklet,133,1401-humanities-booklet,133,کدرشته‌محل منبع: 44588؛ عنوان رشته در منبع: آموزش ابتدایی؛ نحوه پذیرش: با آزمون (بخش دانشجو‌معلم)؛ استان در این ردیف مربوط به بومی‌گزینی/محل خدمت است
1401,آموزش ابتدایی,دانشگاه فرهنگیان,پردیس فاطمة الزهراء)س( اصفهان )مرکز آموزش عالی امام خمینی )ره( کاشان(,اصفهان,در جدول ذکر نشده,,تعهد خدمت,31,زن,در جدول ذکر نشده,ادامه مخصوص داوطلبان بومی استان اصفهان؛ پردیس فاطمة الزهراء)س( اصفهان )مرکز آموزش عالی امام خمینی )ره( کاشان(/ اولویت پذیرش با داوطلبان بومی شهرستانهای کاشان، آران و بیدگل، اردستان، نطنز/محل خدمت کاشان؛ پذیرش دانشجو‌معلم با تعهد خدمت؛ ضوابط بخش فرهنگیان دفترچه,1401-humanities-booklet,133,1401-humanities-booklet,133,کدرشته‌محل منبع: 44589؛ عنوان رشته در منبع: آموزش ابتدایی؛ نحوه پذیرش: با آزمون (بخش دانشجو‌معلم)؛ استان در این ردیف مربوط به بومی‌گزینی/محل خدمت است
1401,آموزش ابتدایی,دانشگاه فرهنگیان,پردیس فاطمة الزهراء)س( اصفهان )مرکز آموزش عالی امام خمینی )ره( کاشان(,اصفهان,در جدول ذکر نشده,,تعهد خدمت,12,زن,در جدول ذکر نشده,ادامه مخصوص داوطلبان بومی استان اصفهان؛ پردیس فاطمة الزهراء)س( اصفهان )مرکز آموزش عالی امام خمینی )ره( کاشان(/ اولویت پذیرش با داوطلبان بومی شهرستانهای کاشان، آران و بیدگل، اردستان، نطنز/محل خدمت آران وبیدگل؛ پذیرش دانشجو‌معلم با تعهد خدمت؛ ضوابط بخش فرهنگیان دفترچه,1401-humanities-booklet,133,1401-humanities-booklet,133,کدرشته‌محل منبع: 44590؛ عنوان رشته در منبع: آموزش ابتدایی؛ نحوه پذیرش: با آزمون (بخش دانشجو‌معلم)؛ استان در این ردیف مربوط به بومی‌گزینی/محل خدمت است
1401,آموزش ابتدایی,دانشگاه فرهنگیان,پردیس فاطمة الزهراء)س( اصفهان,اصفهان,در جدول ذکر نشده,,تعهد خدمت,1,زن,در جدول ذکر نشده,ادامه مخصوص داوطلبان بومی استان اصفهان؛ پردیس فاطمة الزهراء)س( اصفهان/ اولویت پذیرش با داوطلبان بومی شهرستانهای فلاورجان و لنجان /محل خدمت پیربکران؛ پذیرش دانشجو‌معلم با تعهد خدمت؛ ضوابط بخش فرهنگیان دفترچه,1401-humanities-booklet,133,1401-humanities-booklet,133,کدرشته‌محل منبع: 44591؛ عنوان رشته در منبع: آموزش ابتدایی؛ نحوه پذیرش: با آزمون (بخش دانشجو‌معلم)؛ استان در این ردیف مربوط به بومی‌گزینی/محل خدمت است
1401,آموزش ابتدایی,دانشگاه فرهنگیان,پردیس فاطمة الزهراء)س( اصفهان,اصفهان,در جدول ذکر نشده,,تعهد خدمت,2,زن,در جدول ذکر نشده,ادامه مخصوص داوطلبان بومی استان اصفهان؛ پردیس فاطمة الزهراء)س( اصفهان/ اولویت پذیرش با داوطلبان بومی شهرستانهای تیران و کرون، نجف آباد/محل خدمت مهردشت؛ پذیرش دانشجو‌معلم با تعهد خدمت؛ ضوابط بخش فرهنگیان دفترچه,1401-humanities-booklet,133,1401-humanities-booklet,133,کدرشته‌محل منبع: 44592؛ عنوان رشته در منبع: آموزش ابتدایی؛ نحوه پذیرش: با آزمون (بخش دانشجو‌معلم)؛ استان در این ردیف مربوط به بومی‌گزینی/محل خدمت است
1401,آموزش ابتدایی,دانشگاه فرهنگیان,پردیس فاطمة الزهراء)س( اصفهان )مرکز آموزش عالی امام خمینی )ره( کاشان(,اصفهان,در جدول ذکر نشده,,تعهد خدمت,1,زن,در جدول ذکر نشده,ادامه مخصوص داوطلبان بومی استان اصفهان؛ پردیس فاطمة الزهراء)س( اصفهان )مرکز آموزش عالی امام خمینی )ره( کاشان(/ اولویت پذیرش با داوطلبان بومی شهرستانهای کاشان، آران و بیدگل، اردستان، نطنز/محل خدمت نطنز؛ پذیرش دانشجو‌معلم با تعهد خدمت؛ ضوابط بخش فرهنگیان دفترچه,1401-humanities-booklet,133,1401-humanities-booklet,133,کدرشته‌محل منبع: 44593؛ عنوان رشته در منبع: آموزش ابتدایی؛ نحوه پذیرش: با آزمون (بخش دانشجو‌معلم)؛ استان در این ردیف مربوط به بومی‌گزینی/محل خدمت است
1401,آموزش ابتدایی,دانشگاه فرهنگیان,پردیس فاطمة الزهراء)س( اصفهان,اصفهان,در جدول ذکر نشده,,تعهد خدمت,2,زن,در جدول ذکر نشده,ادامه مخصوص داوطلبان بومی استان اصفهان؛ پردیس فاطمة الزهراء)س( اصفهان/ اولویت پذیرش با داوطلبان بومی شهرستانهای اصفهان، شاهین شهرو میمه، برخوار، خمینی شهر/محل خدمت جلگه؛ پذیرش دانشجو‌معلم با تعهد خدمت؛ ضوابط بخش فرهنگیان دفترچه,1401-humanities-booklet,133,1401-humanities-booklet,133,کدرشته‌محل منبع: 44594؛ عنوان رشته در منبع: آموزش ابتدایی؛ نحوه پذیرش: با آزمون (بخش دانشجو‌معلم)؛ استان در این ردیف مربوط به بومی‌گزینی/محل خدمت است
1401,آموزش ابتدایی,دانشگاه فرهنگیان,پردیس فاطمة الزهراء)س( اصفهان,اصفهان,در جدول ذکر نشده,,تعهد خدمت,1,زن,در جدول ذکر نشده,ادامه مخصوص داوطلبان بومی استان اصفهان؛ پردیس فاطمة الزهراء)س( اصفهان/ اولویت پذیرش با داوطلبان بومی شهرستانهای اصفهان، شاهین شهرو میمه، برخوار، خم ینی شهر/محل خدمت بن رود؛ پذیرش دانشجو‌معلم با تعهد خدمت؛ ضوابط بخش فرهنگیان دفترچه,1401-humanities-booklet,133,1401-humanities-booklet,133,کدرشته‌محل منبع: 44595؛ عنوان رشته در منبع: آموزش ابتدایی؛ نحوه پذیرش: با آزمون (بخش دانشجو‌معلم)؛ استان در این ردیف مربوط به بومی‌گزینی/محل خدمت است
1401,آموزش ابتدایی,دانشگاه فرهنگیان,پردیس فاطمة الزهراء)س( اصفهان,اصفهان,در جدول ذکر نشده,,تعهد خدمت,1,زن,در جدول ذکر نشده,ادامه مخصوص داوطلبان بومی استان اصفهان؛ پردیس فاطمة الزهراء)س( اصفهان/ اولویت پذیرش با داوطلبان بومی شهرستانهای کاشان، آران و بیدگل، اردستان، نطنز/محل خدمت امامزاده؛ پذیرش دانشجو‌معلم با تعهد خدمت؛ ضوابط بخش فرهنگیان دفترچه,1401-humanities-booklet,133,1401-humanities-booklet,133,کدرشته‌محل منبع: 44596؛ عنوان رشته در منبع: آموزش ابتدایی؛ نحوه پذیرش: با آزمون (بخش دانشجو‌معلم)؛ استان در این ردیف مربوط به بومی‌گزینی/محل خدمت است
1401,آموزش ابتدایی,دانشگاه فرهنگیان,پردیس امیرکبیر کرج,البرز,در جدول ذکر نشده,,تعهد خدمت,16,زن,در جدول ذکر نشده,مخصوص داوطلبان بومی استان البرز؛ پردیس امیرکبیر کرج/ مخصوص داوطلبان بومی استان البرز/محل خدمت کرج .ناحیه1؛ پذیرش دانشجو‌معلم با تعهد خدمت؛ ضوابط بخش فرهنگیان دفترچه,1401-humanities-booklet,137,1401-humanities-booklet,137,کدرشته‌محل منبع: 44697؛ عنوان رشته در منبع: آموزش ابتدایی؛ نحوه پذیرش: با آزمون (بخش دانشجو‌معلم)؛ استان در این ردیف مربوط به بومی‌گزینی/محل خدمت است
1401,آموزش ابتدایی,دانشگاه فرهنگیان,پردیس امیرکبیر کرج,البرز,در جدول ذکر نشده,,تعهد خدمت,14,زن,در جدول ذکر نشده,مخصوص داوطلبان بومی استان البرز؛ پردیس امیرکبیر کرج/ مخصوص داوطلبان بومی استان البرز/محل خدمت کرج .ناحیه2؛ پذیرش دانشجو‌معلم با تعهد خدمت؛ ضوابط بخش فرهنگیان دفترچه,1401-humanities-booklet,137,1401-humanities-booklet,137,کدرشته‌محل منبع: 44698؛ عنوان رشته در منبع: آموزش ابتدایی؛ نحوه پذیرش: با آزمون (بخش دانشجو‌معلم)؛ استان در این ردیف مربوط به بومی‌گزینی/محل خدمت است
1401,آموزش ابتدایی,دانشگاه فرهنگیان,پردیس امیرکبیر کرج,البرز,در جدول ذکر نشده,,تعهد خدمت,34,زن,در جدول ذکر نشده,مخصوص داوطلبان بومی استان البرز؛ پردیس امیرکبیر کرج/ مخصوص داوطلبان بومی استان البرز/محل خدمت کرج .ناحیه3؛ پذیرش دانشجو‌معلم با تعهد خدمت؛ ضوابط بخش فرهنگیان دفترچه,1401-humanities-booklet,137,1401-humanities-booklet,137,کدرشته‌محل منبع: 44699؛ عنوان رشته در منبع: آموزش ابتدایی؛ نحوه پذیرش: با آزمون (بخش دانشجو‌معلم)؛ استان در این ردیف مربوط به بومی‌گزینی/محل خدمت است
1401,آموزش ابتدایی,دانشگاه فرهنگیان,پردیس امیرکبیر کرج,البرز,در جدول ذکر نشده,,تعهد خدمت,46,زن,در جدول ذکر نشده,ادامه مخصوص داوطلبان بومی استان البرز؛ پردیس امیرکبیر کرج/ مخصوص داوطلبان بومی استان البرز/محل خدمت کرج .ناحیه4؛ پذیرش دانشجو‌معلم با تعهد خدمت؛ ضوابط بخش فرهنگیان دفترچه,1401-humanities-booklet,138,1401-humanities-booklet,138,کدرشته‌محل منبع: 44700؛ عنوان رشته در منبع: آموزش ابتدایی؛ نحوه پذیرش: با آزمون (بخش دانشجو‌معلم)؛ استان در این ردیف مربوط به بومی‌گزینی/محل خدمت است
1401,آموزش ابتدایی,دانشگاه فرهنگیان,پردیس امیرکبیر کرج,البرز,در جدول ذکر نشده,,تعهد خدمت,24,زن,در جدول ذکر نشده,ادامه مخصوص داوطلبان بومی استان البرز؛ پردیس امیرکبیر کرج/ اولویت پذیرش با داوطلبان بومی شهرستانهای نظرآباد، ساوجبلاغ/محل خدمت ساوجبلاغ؛ پذیرش دانشجو‌معلم با تعهد خدمت؛ ضوابط بخش فرهنگیان دفترچه,1401-humanities-booklet,138,1401-humanities-booklet,138,کدرشته‌محل منبع: 44701؛ عنوان رشته در منبع: آموزش ابتدایی؛ نحوه پذیرش: با آزمون (بخش دانشجو‌معلم)؛ استان در این ردیف مربوط به بومی‌گزینی/محل خدمت است
1401,آموزش ابتدایی,دانشگاه فرهنگیان,,البرز,در جدول ذکر نشده,,تعهد خدمت,11,زن,در جدول ذکر نشده,ادامه مخصوص داوطلبان بومی استان البرز؛ /پردیس امیرکبیر کرج اولویت پذیرش با داوطلبان بومی شهرستانهای نظرآباد، ساوجبلاغ/محل خدمت نظرآباد؛ پذیرش دانشجو‌معلم با تعهد خدمت؛ ضوابط بخش فرهنگیان دفترچه,1401-humanities-booklet,138,1401-humanities-booklet,138,کدرشته‌محل منبع: 44702؛ عنوان رشته در منبع: آموزش ابتدایی؛ نحوه پذیرش: با آزمون (بخش دانشجو‌معلم)؛ استان در این ردیف مربوط به بومی‌گزینی/محل خدمت است
1401,آموزش ابتدایی,دانشگاه فرهنگیان,پردیس امیرکبیر کرج,البرز,در جدول ذکر نشده,,تعهد خدمت,2,زن,در جدول ذکر نشده,ادامه مخصوص داوطلبان بومی استان البرز؛ پردیس امیرکبیر کرج/ اولویت پذیرش با داوطلبان بومی شهرستانهای اشتهارد، طالقان/محل خدمت اشتهارد؛ پذیرش دانشجو‌معلم با تعهد خدمت؛ ضوابط بخش فرهنگیان دفترچه,1401-humanities-booklet,138,1401-humanities-booklet,138,کدرشته‌محل منبع: 44703؛ عنوان رشته در منبع: آموزش ابتدایی؛ نحوه پذیرش: با آزمون (بخش دانشجو‌معلم)؛ استان در این ردیف مربوط به بومی‌گزینی/محل خدمت است
1401,آموزش ابتدایی,دانشگاه فرهنگیان,,البرز,در جدول ذکر نشده,,تعهد خدمت,16,مرد,در جدول ذکر نشده,ادامه مخصوص داوطلبان بومی استان البرز؛ /پردیس حکیم ابوالقاسم فردوسی کرج مخصوص داوطلبان بومی استان البرز/محل خدمت کرج .ناحیه1؛ پذیرش دانشجو‌معلم با تعهد خدمت؛ ضوابط بخش فرهنگیان دفترچه,1401-humanities-booklet,138,1401-humanities-booklet,138,کدرشته‌محل منبع: 44704؛ عنوان رشته در منبع: آموزش ابتدایی؛ نحوه پذیرش: با آزمون (بخش دانشجو‌معلم)؛ استان در این ردیف مربوط به بومی‌گزینی/محل خدمت است
1401,آموزش ابتدایی,دانشگاه فرهنگیان,پردیس حکیم ابوالقاسم فردوسی کرج,البرز,در جدول ذکر نشده,,تعهد خدمت,19,مرد,در جدول ذکر نشده,ادامه مخصوص داوطلبان بومی استان البرز؛ پردیس حکیم ابوالقاسم فردوسی کرج/ مخصوص داوطلبان بومی استان البرز/محل خدمت کرج .ناحیه2؛ پذیرش دانشجو‌معلم با تعهد خدمت؛ ضوابط بخش فرهنگیان دفترچه,1401-humanities-booklet,138,1401-humanities-booklet,138,کدرشته‌محل منبع: 44705؛ عنوان رشته در منبع: آموزش ابتدایی؛ نحوه پذیرش: با آزمون (بخش دانشجو‌معلم)؛ استان در این ردیف مربوط به بومی‌گزینی/محل خدمت است
1401,آموزش ابتدایی,دانشگاه فرهنگیان,پردیس حکیم ابوالقاسم فردوسی کرج,البرز,در جدول ذکر نشده,,تعهد خدمت,40,مرد,در جدول ذکر نشده,ادامه مخصوص داوطلبان بومی استان البرز؛ پردیس حکیم ابوالقاسم فردوسی کرج/ مخصوص داوطلبان بومی استان البرز/محل خدمت کرج .ناحیه3؛ پذیرش دانشجو‌معلم با تعهد خدمت؛ ضوابط بخش فرهنگیان دفترچه,1401-humanities-booklet,138,1401-humanities-booklet,138,کدرشته‌محل منبع: 44706؛ عنوان رشته در منبع: آموزش ابتدایی؛ نحوه پذیرش: با آزمون (بخش دانشجو‌معلم)؛ استان در این ردیف مربوط به بومی‌گزینی/محل خدمت است
1401,آموزش ابتدایی,دانشگاه فرهنگیان,پردیس حکیم ابوالقاسم فردوسی کرج,البرز,در جدول ذکر نشده,,تعهد خدمت,35,مرد,در جدول ذکر نشده,ادامه مخصوص داوطلبان بومی استان البرز؛ پردیس حکیم ابوالقاسم فردوسی کرج/ مخصوص داوطلبان بومی استان البرز/محل خدمت کرج .ناحیه4؛ پذیرش دانشجو‌معلم با تعهد خدمت؛ ضوابط بخش فرهنگیان دفترچه,1401-humanities-booklet,138,1401-humanities-booklet,138,کدرشته‌محل منبع: 44707؛ عنوان رشته در منبع: آموزش ابتدایی؛ نحوه پذیرش: با آزمون (بخش دانشجو‌معلم)؛ استان در این ردیف مربوط به بومی‌گزینی/محل خدمت است
1401,آموزش ابتدایی,دانشگاه فرهنگیان,،پردیس حکیم ابوالقاسم فردوسی کرج,البرز,در جدول ذکر نشده,,تعهد خدمت,58,مرد,در جدول ذکر نشده,ادامه مخصوص داوطلبان بومی استان البرز؛ ،پردیس حکیم ابوالقاسم فردوسی کرج/ اولویت پذیرش با داوطلبان بومی شهرستانهای نظرآباد ساوجبلاغ/محل خدمت ساوجبلاغ؛ پذیرش دانشجو‌معلم با تعهد خدمت؛ ضوابط بخش فرهنگیان دفترچه,1401-humanities-booklet,138,1401-humanities-booklet,138,کدرشته‌محل منبع: 44708؛ عنوان رشته در منبع: آموزش ابتدایی؛ نحوه پذیرش: با آزمون (بخش دانشجو‌معلم)؛ استان در این ردیف مربوط به بومی‌گزینی/محل خدمت است
1401,آموزش ابتدایی,دانشگاه فرهنگیان,پردیس حکیم ابوالقاسم فردوسی کرج,البرز,در جدول ذکر نشده,,تعهد خدمت,28,مرد,در جدول ذکر نشده,ادامه مخصوص داوطلبان بومی استان البرز؛ پردیس حکیم ابوالقاسم فردوسی کرج/ اولویت پذیرش با داوطلبان بومی شهرستانهای نظرآباد، ساوجبلاغ/محل خدمت نظرآباد؛ پذیرش دانشجو‌معلم با تعهد خدمت؛ ضوابط بخش فرهنگیان دفترچه,1401-humanities-booklet,138,1401-humanities-booklet,138,کدرشته‌محل منبع: 44709؛ عنوان رشته در منبع: آموزش ابتدایی؛ نحوه پذیرش: با آزمون (بخش دانشجو‌معلم)؛ استان در این ردیف مربوط به بومی‌گزینی/محل خدمت است
1401,آموزش ابتدایی,دانشگاه فرهنگیان,پردیس حکیم ابوالقاسم فردوسی کرج,البرز,در جدول ذکر نشده,,تعهد خدمت,25,مرد,در جدول ذکر نشده,ادامه مخصوص داوطلبان بومی استان البرز؛ پردیس حکیم ابوالقاسم فردوسی کرج/ اولویت پذیرش با داوطلبان بومی شهرستانهای اشتهارد، طالقان/محل خدمت اشتهارد؛ پذیرش دانشجو‌معلم با تعهد خدمت؛ ضوابط بخش فرهنگیان دفترچه,1401-humanities-booklet,138,1401-humanities-booklet,138,کدرشته‌محل منبع: 44710؛ عنوان رشته در منبع: آموزش ابتدایی؛ نحوه پذیرش: با آزمون (بخش دانشجو‌معلم)؛ استان در این ردیف مربوط به بومی‌گزینی/محل خدمت است
1401,آموزش ابتدایی,دانشگاه فرهنگیان,پردیس امام جعفر صادق)ع( ایلام,البرز,در جدول ذکر نشده,,تعهد خدمت,2,زن,در جدول ذکر نشده,ادامه مخصوص داوطلبان بومی استان البرز؛ پردیس امام جعفر صادق)ع( ایلام/ اولویت پذیرش با داوطلبان بومی شهرستان آبدانان/محل خدمت آبدانان؛ پذیرش دانشجو‌معلم با تعهد خدمت؛ ضوابط بخش فرهنگیان دفترچه,1401-humanities-booklet,138,1401-humanities-booklet,138,کدرشته‌محل منبع: 44723؛ عنوان رشته در منبع: آموزش ابتدایی؛ نحوه پذیرش: با آزمون (بخش دانشجو‌معلم)؛ استان در این ردیف مربوط به بومی‌گزینی/محل خدمت است
1401,آموزش ابتدایی,دانشگاه فرهنگیان,پردیس امام جعفر صادق)ع( ایلام,البرز,در جدول ذکر نشده,,تعهد خدمت,8,زن,در جدول ذکر نشده,ادامه مخصوص داوطلبان بومی استان البرز؛ پردیس امام جعفر صادق)ع( ایلام/ اولویت پذیرش با داوطلبان بومی شهرستانهای ایلام، چوار/محل خدمت ایلام؛ پذیرش دانشجو‌معلم با تعهد خدمت؛ ضوابط بخش فرهنگیان دفترچه,1401-humanities-booklet,138,1401-humanities-booklet,138,کدرشته‌محل منبع: 44724؛ عنوان رشته در منبع: آموزش ابتدایی؛ نحوه پذیرش: با آزمون (بخش دانشجو‌معلم)؛ استان در این ردیف مربوط به بومی‌گزینی/محل خدمت است
1401,آموزش ابتدایی,دانشگاه فرهنگیان,پردیس امام جعفر صادق)ع( ایلام,البرز,در جدول ذکر نشده,,تعهد خدمت,6,زن,در جدول ذکر نشده,ادامه مخصوص داوطلبان بومی استان البرز؛ پردیس امام جعفر صادق)ع( ایلام/ اولویت پذیرش با داوطلبان بومی شهرستان ایوان/محل خدمت ایوان؛ پذیرش دانشجو‌معلم با تعهد خدمت؛ ضوابط بخش فرهنگیان دفترچه,1401-humanities-booklet,138,1401-humanities-booklet,138,کدرشته‌محل منبع: 44725؛ عنوان رشته در منبع: آموزش ابتدایی؛ نحوه پذیرش: با آزمون (بخش دانشجو‌معلم)؛ استان در این ردیف مربوط به بومی‌گزینی/محل خدمت است
1401,آموزش ابتدایی,دانشگاه فرهنگیان,پردیس امام جعفر صادق)ع( ایلام,البرز,در جدول ذکر نشده,,تعهد خدمت,1,زن,در جدول ذکر نشده,ادامه مخصوص داوطلبان بومی استان البرز؛ پردیس امام جعفر صادق)ع( ایلام/ اولویت پذیرش با داوطلبان بومی شهرستانهای چرداول و هلیلان/محل خدمت چرداول؛ پذیرش دانشجو‌معلم با تعهد خدمت؛ ضوابط بخش فرهنگیان دفترچه,1401-humanities-booklet,138,1401-humanities-booklet,138,کدرشته‌محل منبع: 44726؛ عنوان رشته در منبع: آموزش ابتدایی؛ نحوه پذیرش: با آزمون (بخش دانشجو‌معلم)؛ استان در این ردیف مربوط به بومی‌گزینی/محل خدمت است
1401,آموزش ابتدایی,دانشگاه فرهنگیان,پردیس امام جعفر صادق)ع( ایلام,البرز,در جدول ذکر نشده,,تعهد خدمت,1,زن,در جدول ذکر نشده,ادامه مخصوص داوطلبان بومی استان البرز؛ پردیس امام جعفر صادق)ع( ایلام/ اولویت پذیرش با داوطلبان بومی شهرستان دره شهر/محل خدمت دره شهر؛ پذیرش دانشجو‌معلم با تعهد خدمت؛ ضوابط بخش فرهنگیان دفترچه,1401-humanities-booklet,138,1401-humanities-booklet,138,کدرشته‌محل منبع: 44727؛ عنوان رشته در منبع: آموزش ابتدایی؛ نحوه پذیرش: با آزمون (بخش دانشجو‌معلم)؛ استان در این ردیف مربوط به بومی‌گزینی/محل خدمت است
1401,آموزش ابتدایی,دانشگاه فرهنگیان,پردیس امام جعفر صادق)ع( ایلام,البرز,در جدول ذکر نشده,,تعهد خدمت,1,زن,در جدول ذکر نشده,ادامه مخصوص داوطلبان بومی استان البرز؛ پردیس امام جعفر صادق)ع( ایلام/ اولویت پذیرش با داوطلبان بومی شهرستان دهلران/محل خدمت دهلران؛ پذیرش دانشجو‌معلم با تعهد خدمت؛ ضوابط بخش فرهنگیان دفترچه,1401-humanities-booklet,138,1401-humanities-booklet,138,کدرشته‌محل منبع: 44728؛ عنوان رشته در منبع: آموزش ابتدایی؛ نحوه پذیرش: با آزمون (بخش دانشجو‌معلم)؛ استان در این ردیف مربوط به بومی‌گزینی/محل خدمت است
1401,آموزش ابتدایی,دانشگاه فرهنگیان,پردیس امام جعفر صادق)ع( ایلام,البرز,در جدول ذکر نشده,,تعهد خدمت,1,زن,در جدول ذکر نشده,ادامه مخصوص داوطلبان بومی استان البرز؛ پردیس امام جعفر صادق)ع( ایلام/ اولویت پذیرش با داوطلبان بومی شهرستان ملکشاهی/محل خدمت ملکشاهی؛ پذیرش دانشجو‌معلم با تعهد خدمت؛ ضوابط بخش فرهنگیان دفترچه,1401-humanities-booklet,138,1401-humanities-booklet,138,کدرشته‌محل منبع: 44729؛ عنوان رشته در منبع: آموزش ابتدایی؛ نحوه پذیرش: با آزمون (بخش دانشجو‌معلم)؛ استان در این ردیف مربوط به بومی‌گزینی/محل خدمت است
1401,آموزش ابتدایی,دانشگاه فرهنگیان,پردیس امام جعفر (صادق)ع ایلام,البرز,در جدول ذکر نشده,,تعهد خدمت,1,زن,در جدول ذکر نشده,ادامه مخصوص داوطلبان بومی استان البرز؛ پردیس امام جعفر (صادق)ع ایلام/ اولویت پذیرش با داوطلبان بومی شهرستان مهران/محل خدمت مهران؛ پذیرش دانشجو‌معلم با تعهد خدمت؛ ضوابط بخش فرهنگیان دفترچه,1401-humanities-booklet,138,1401-humanities-booklet,138,کدرشته‌محل منبع: 44730؛ عنوان رشته در منبع: آموزش ابتدایی؛ نحوه پذیرش: با آزمون (بخش دانشجو‌معلم)؛ استان در این ردیف مربوط به بومی‌گزینی/محل خدمت است
1401,آموزش ابتدایی,دانشگاه فرهنگیان,پردیس شهید مدرس ایلام,البرز,در جدول ذکر نشده,,تعهد خدمت,2,مرد,در جدول ذکر نشده,ادامه مخصوص داوطلبان بومی استان البرز؛ پردیس شهید مدرس ایلام/ اولویت پذیرش با داوطلبان بومی شهرستان آبدانان/محل خدمت آبدانان؛ پذیرش دانشجو‌معلم با تعهد خدمت؛ ضوابط بخش فرهنگیان دفترچه,1401-humanities-booklet,138,1401-humanities-booklet,138,کدرشته‌محل منبع: 44731؛ عنوان رشته در منبع: آموزش ابتدایی؛ نحوه پذیرش: با آزمون (بخش دانشجو‌معلم)؛ استان در این ردیف مربوط به بومی‌گزینی/محل خدمت است
1401,آموزش ابتدایی,دانشگاه فرهنگیان,پردیس شهید مدرس ایلام,البرز,در جدول ذکر نشده,,تعهد خدمت,12,مرد,در جدول ذکر نشده,ادامه مخصوص داوطلبان بومی استان البرز؛ پردیس شهید مدرس ایلام/ اولویت پذیرش با داوطلبان بومی شهرستانهای ایلام، چوار/محل خدمت ایلام؛ پذیرش دانشجو‌معلم با تعهد خدمت؛ ضوابط بخش فرهنگیان دفترچه,1401-humanities-booklet,138,1401-humanities-booklet,138,کدرشته‌محل منبع: 44732؛ عنوان رشته در منبع: آموزش ابتدایی؛ نحوه پذیرش: با آزمون (بخش دانشجو‌معلم)؛ استان در این ردیف مربوط به بومی‌گزینی/محل خدمت است
1401,آموزش ابتدایی,دانشگاه فرهنگیان,پردیس شهید مدرس ایلام,البرز,در جدول ذکر نشده,,تعهد خدمت,1,مرد,در جدول ذکر نشده,ادامه مخصوص داوطلبان بومی استان البرز؛ پردیس شهید مدرس ایلام/ اولویت پذیرش با داوطلبان بومی شهرستان ایوان/محل خدمت ایوان؛ پذیرش دانشجو‌معلم با تعهد خدمت؛ ضوابط بخش فرهنگیان دفترچه,1401-humanities-booklet,138,1401-humanities-booklet,138,کدرشته‌محل منبع: 44733؛ عنوان رشته در منبع: آموزش ابتدایی؛ نحوه پذیرش: با آزمون (بخش دانشجو‌معلم)؛ استان در این ردیف مربوط به بومی‌گزینی/محل خدمت است
1401,آموزش ابتدایی,دانشگاه فرهنگیان,پردیس شهید مدرس ایلام,البرز,در جدول ذکر نشده,,تعهد خدمت,1,مرد,در جدول ذکر نشده,ادامه مخصوص داوطلبان بومی استان البرز؛ پردیس شهید مدرس ایلام/ اولویت پذیرش با داوطلبان بومی شهرستان بدره/محل خدمت بدره؛ پذیرش دانشجو‌معلم با تعهد خدمت؛ ضوابط بخش فرهنگیان دفترچه,1401-humanities-booklet,138,1401-humanities-booklet,138,کدرشته‌محل منبع: 44734؛ عنوان رشته در منبع: آموزش ابتدایی؛ نحوه پذیرش: با آزمون (بخش دانشجو‌معلم)؛ استان در این ردیف مربوط به بومی‌گزینی/محل خدمت است
1401,آموزش ابتدایی,دانشگاه فرهنگیان,پردیس شهید مدرس ایلام,البرز,در جدول ذکر نشده,,تعهد خدمت,6,مرد,در جدول ذکر نشده,ادامه مخصوص داوطلبان بومی استان البرز؛ پردیس شهید مدرس ایلام/ اولویت پذیرش با داوطلبان بومی شهرستانهای چرداول و هلیلان/محل خدمت چرداول؛ پذیرش دانشجو‌معلم با تعهد خدمت؛ ضوابط بخش فرهنگیان دفترچه,1401-humanities-booklet,138,1401-humanities-booklet,138,کدرشته‌محل منبع: 44735؛ عنوان رشته در منبع: آموزش ابتدایی؛ نحوه پذیرش: با آزمون (بخش دانشجو‌معلم)؛ استان در این ردیف مربوط به بومی‌گزینی/محل خدمت است
1401,آموزش ابتدایی,دانشگاه فرهنگیان,پردیس شهید مدرس ایلام,ایلام,در جدول ذکر نشده,,تعهد خدمت,1,مرد,در جدول ذکر نشده,ادامه مخصوص داوطلبان بومی استان ایلام؛ پردیس شهید مدرس ایلام/ اولویت پذیرش با داوطلبان بومی شهرستانهای ایلام، چوار/محل خدمت چوار؛ پذیرش دانشجو‌معلم با تعهد خدمت؛ ضوابط بخش فرهنگیان دفترچه,1401-humanities-booklet,139,1401-humanities-booklet,139,کدرشته‌محل منبع: 44736؛ عنوان رشته در منبع: آموزش ابتدایی؛ نحوه پذیرش: با آزمون (بخش دانشجو‌معلم)؛ استان در این ردیف مربوط به بومی‌گزینی/محل خدمت است
1401,آموزش ابتدایی,دانشگاه فرهنگیان,پردیس شهید مدرس ایلام,ایلام,در جدول ذکر نشده,,تعهد خدمت,5,مرد,در جدول ذکر نشده,ادامه مخصوص داوطلبان بومی استان ایلام؛ پردیس شهید مدرس ایلام/ اولویت پذیرش با داوطلبان بومی شهرستان دره شهر/محل خدمت دره شهر؛ پذیرش دانشجو‌معلم با تعهد خدمت؛ ضوابط بخش فرهنگیان دفترچه,1401-humanities-booklet,139,1401-humanities-booklet,139,کدرشته‌محل منبع: 44737؛ عنوان رشته در منبع: آموزش ابتدایی؛ نحوه پذیرش: با آزمون (بخش دانشجو‌معلم)؛ استان در این ردیف مربوط به بومی‌گزینی/محل خدمت است
1401,آموزش ابتدایی,دانشگاه فرهنگیان,پردیس شهید مدرس ایلام,ایلام,در جدول ذکر نشده,,تعهد خدمت,1,مرد,در جدول ذکر نشده,ادامه مخصوص داوطلبان بومی استان ایلام؛ پردیس شهید مدرس ایلام/ اولویت پذیرش با داوطلبان بومی شهرستان دهلران/محل خدمت دهلران؛ پذیرش دانشجو‌معلم با تعهد خدمت؛ ضوابط بخش فرهنگیان دفترچه,1401-humanities-booklet,139,1401-humanities-booklet,139,کدرشته‌محل منبع: 44738؛ عنوان رشته در منبع: آموزش ابتدایی؛ نحوه پذیرش: با آزمون (بخش دانشجو‌معلم)؛ استان در این ردیف مربوط به بومی‌گزینی/محل خدمت است
1401,آموزش ابتدایی,دانشگاه فرهنگیان,پردیس شهید مدرس ایلام,ایلام,در جدول ذکر نشده,,تعهد خدمت,1,مرد,در جدول ذکر نشده,ادامه مخصوص داوطلبان بومی استان ایلام؛ پردیس شهید مدرس ایلام/ اولویت پذیرش با داوطلبان بومی شهرستان دهلران/محل خدمت زرین آباد؛ پذیرش دانشجو‌معلم با تعهد خدمت؛ ضوابط بخش فرهنگیان دفترچه,1401-humanities-booklet,139,1401-humanities-booklet,139,کدرشته‌محل منبع: 44739؛ عنوان رشته در منبع: آموزش ابتدایی؛ نحوه پذیرش: با آزمون (بخش دانشجو‌معلم)؛ استان در این ردیف مربوط به بومی‌گزینی/محل خدمت است
1401,آموزش ابتدایی,دانشگاه فرهنگیان,پردیس شهید مدرس ایلام,ایلام,در جدول ذکر نشده,,تعهد خدمت,1,مرد,در جدول ذکر نشده,ادامه مخصوص داوطلبان بومی استان ایلام؛ پردیس شهید مدرس ایلام/ اولویت پذیرش با داوطلبان بومی شهرستان سیروان/محل خدمت سیروان؛ پذیرش دانشجو‌معلم با تعهد خدمت؛ ضوابط بخش فرهنگیان دفترچه,1401-humanities-booklet,139,1401-humanities-booklet,139,کدرشته‌محل منبع: 44740؛ عنوان رشته در منبع: آموزش ابتدایی؛ نحوه پذیرش: با آزمون (بخش دانشجو‌معلم)؛ استان در این ردیف مربوط به بومی‌گزینی/محل خدمت است
1401,آموزش ابتدایی,دانشگاه فرهنگیان,پردیس شهید مدرس ایلام,ایلام,در جدول ذکر نشده,,تعهد خدمت,2,مرد,در جدول ذکر نشده,ادامه مخصوص داوطلبان بومی استان ایلام؛ پردیس شهید مدرس ایلام/ اولویت پذیرش با داوطلبان بومی شهرستان ملکشاهی/محل خدمت ملکشاهی؛ پذیرش دانشجو‌معلم با تعهد خدمت؛ ضوابط بخش فرهنگیان دفترچه,1401-humanities-booklet,139,1401-humanities-booklet,139,کدرشته‌محل منبع: 44741؛ عنوان رشته در منبع: آموزش ابتدایی؛ نحوه پذیرش: با آزمون (بخش دانشجو‌معلم)؛ استان در این ردیف مربوط به بومی‌گزینی/محل خدمت است
1401,آموزش ابتدایی,دانشگاه فرهنگیان,پردیس شهید مدرس ایلام,ایلام,در جدول ذکر نشده,,تعهد خدمت,1,مرد,در جدول ذکر نشده,ادامه مخصوص داوطلبان بومی استان ایلام؛ پردیس شهید مدرس ایلام/ اولویت پذیرش با داوطلبان بومی شهرستان دهلران/محل خدمت موسیان؛ پذیرش دانشجو‌معلم با تعهد خدمت؛ ضوابط بخش فرهنگیان دفترچه,1401-humanities-booklet,139,1401-humanities-booklet,139,کدرشته‌محل منبع: 44742؛ عنوان رشته در منبع: آموزش ابتدایی؛ نحوه پذیرش: با آزمون (بخش دانشجو‌معلم)؛ استان در این ردیف مربوط به بومی‌گزینی/محل خدمت است
1401,آموزش ابتدایی,دانشگاه فرهنگیان,پردیس شهید مدرس ایلام,ایلام,در جدول ذکر نشده,,تعهد خدمت,2,مرد,در جدول ذکر نشده,ادامه مخصوص داوطلبان بومی استان ایلام؛ پردیس شهید مدرس ایلام/ اولویت پذیرش با داوطلبان بومی شهرستان مهران/محل خدمت مهران؛ پذیرش دانشجو‌معلم با تعهد خدمت؛ ضوابط بخش فرهنگیان دفترچه,1401-humanities-booklet,139,1401-humanities-booklet,139,کدرشته‌محل منبع: 44743؛ عنوان رشته در منبع: آموزش ابتدایی؛ نحوه پذیرش: با آزمون (بخش دانشجو‌معلم)؛ استان در این ردیف مربوط به بومی‌گزینی/محل خدمت است
1401,آموزش ابتدایی,دانشگاه فرهنگیان,پردیس شهید مدرس ایلام,ایلام,در جدول ذکر نشده,,تعهد خدمت,1,مرد,در جدول ذکر نشده,ادامه مخصوص داوطلبان بومی استان ایلام؛ پردیس شهید مدرس ایلام/ اولویت پذیرش با داوطلبان بومی شهرستانهای چرداول و هلیلان/محل خدمت هلیلان؛ پذیرش دانشجو‌معلم با تعهد خدمت؛ ضوابط بخش فرهنگیان دفترچه,1401-humanities-booklet,139,1401-humanities-booklet,139,کدرشته‌محل منبع: 44744؛ عنوان رشته در منبع: آموزش ابتدایی؛ نحوه پذیرش: با آزمون (بخش دانشجو‌معلم)؛ استان در این ردیف مربوط به بومی‌گزینی/محل خدمت است
1401,آموزش ابتدایی,دانشگاه فرهنگیان,پردیس بنت الهدی صدر بوشهر,بوشهر,در جدول ذکر نشده,,تعهد خدمت,2,زن,در جدول ذکر نشده,ادامه مخصوص داوطلبان بومی استان بوشهر؛ پردیس بنت الهدی صدر بوشهر/ اولویت پذیرش با داوطلبان بومی شهرستان دشتستان/محل خدمت آبپخش؛ پذیرش دانشجو‌معلم با تعهد خدمت؛ ضوابط بخش فرهنگیان دفترچه,1401-humanities-booklet,140,1401-humanities-booklet,140,کدرشته‌محل منبع: 44755؛ عنوان رشته در منبع: آموزش ابتدایی؛ نحوه پذیرش: با آزمون (بخش دانشجو‌معلم)؛ استان در این ردیف مربوط به بومی‌گزینی/محل خدمت است
1401,آموزش ابتدایی,دانشگاه فرهنگیان,پردیس بنت الهدی صدر بوشهر,بوشهر,در جدول ذکر نشده,,تعهد خدمت,1,زن,در جدول ذکر نشده,ادامه مخصوص داوطلبان بومی استان بوشهر؛ پردیس بنت الهدی صدر بوشهر/ اولویت پذیرش با داوطلبان بومی شهرستانهای عسلویه، کنگان، جم، دیر/محل خدمت بردخون؛ پذیرش دانشجو‌معلم با تعهد خدمت؛ ضوابط بخش فرهنگیان دفترچه,1401-humanities-booklet,140,1401-humanities-booklet,140,کدرشته‌محل منبع: 44756؛ عنوان رشته در منبع: آموزش ابتدایی؛ نحوه پذیرش: با آزمون (بخش دانشجو‌معلم)؛ استان در این ردیف مربوط به بومی‌گزینی/محل خدمت است
1401,آموزش ابتدایی,دانشگاه فرهنگیان,پردیس بنت الهدی صدر بوشهر,بوشهر,در جدول ذکر نشده,,تعهد خدمت,1,زن,در جدول ذکر نشده,ادامه مخصوص داوطلبان بومی استان بوشهر؛ پردیس بنت الهدی صدر بوشهر/ اولویت پذیرش با داوطلبان بومی شهرستانهای گناوه، دیلم/محل خدمت بندرریگ؛ پذیرش دانشجو‌معلم با تعهد خدمت؛ ضوابط بخش فرهنگیان دفترچه,1401-humanities-booklet,140,1401-humanities-booklet,140,کدرشته‌محل منبع: 44757؛ عنوان رشته در منبع: آموزش ابتدایی؛ نحوه پذیرش: با آزمون (بخش دانشجو‌معلم)؛ استان در این ردیف مربوط به بومی‌گزینی/محل خدمت است
1401,آموزش ابتدایی,دانشگاه فرهنگیان,پردیس بنت الهدی صدر بوشهر,بوشهر,در جدول ذکر نشده,,تعهد خدمت,5,زن,در جدول ذکر نشده,ادامه مخصوص داوطلبان بومی استان بوشهر؛ پردیس بنت الهدی صدر بوشهر/ اولویت پذیرش با داوطلبان بومی شهرستان بوشهر/محل خدمت بوشهر؛ پذیرش دانشجو‌معلم با تعهد خدمت؛ ضوابط بخش فرهنگیان دفترچه,1401-humanities-booklet,140,1401-humanities-booklet,140,کدرشته‌محل منبع: 44758؛ عنوان رشته در منبع: آموزش ابتدایی؛ نحوه پذیرش: با آزمون (بخش دانشجو‌معلم)؛ استان در این ردیف مربوط به بومی‌گزینی/محل خدمت است
1401,آموزش ابتدایی,دانشگاه فرهنگیان,پردیس بنت الهدی صدر بوشهر,بوشهر,در جدول ذکر نشده,,تعهد خدمت,4,زن,در جدول ذکر نشده,ادامه مخصوص داوطلبان بومی استان بوشهر؛ پردیس بنت الهدی صدر بوشهر/ اولویت پذیرش با داوطلبان بومی شهرستانهای عسلویه، کنگان، جم، دیر/محل خدمت جم؛ پذیرش دانشجو‌معلم با تعهد خدمت؛ ضوابط بخش فرهنگیان دفترچه,1401-humanities-booklet,140,1401-humanities-booklet,140,کدرشته‌محل منبع: 44759؛ عنوان رشته در منبع: آموزش ابتدایی؛ نحوه پذیرش: با آزمون (بخش دانشجو‌معلم)؛ استان در این ردیف مربوط به بومی‌گزینی/محل خدمت است
1401,آموزش ابتدایی,دانشگاه فرهنگیان,پردیس بنت الهدی صدر بوشهر,بوشهر,در جدول ذکر نشده,,تعهد خدمت,1,زن,در جدول ذکر نشده,ادامه مخصوص داوطلبان بومی استان بوشهر؛ پردیس بنت الهدی صدر بوشهر/ اولویت پذیرش با داوطلبان بومی شهرستان بوشهر/محل خدمت خارک؛ پذیرش دانشجو‌معلم با تعهد خدمت؛ ضوابط بخش فرهنگیان دفترچه,1401-humanities-booklet,140,1401-humanities-booklet,140,کدرشته‌محل منبع: 44760؛ عنوان رشته در منبع: آموزش ابتدایی؛ نحوه پذیرش: با آزمون (بخش دانشجو‌معلم)؛ استان در این ردیف مربوط به بومی‌گزینی/محل خدمت است
1401,آموزش ابتدایی,دانشگاه فرهنگیان,پردیس بنت الهدی صدر بوشهر,بوشهر,در جدول ذکر نشده,,تعهد خدمت,2,زن,در جدول ذکر نشده,ادامه مخصوص داوطلبان بومی استان بوشهر؛ پردیس بنت الهدی صدر بوشهر/ اولویت پذیرش با داوطلبان بومی شهرستان های دشتی، تنگستان /محل خدمت دلوار؛ پذیرش دانشجو‌معلم با تعهد خدمت؛ ضوابط بخش فرهنگیان دفترچه,1401-humanities-booklet,140,1401-humanities-booklet,140,کدرشته‌محل منبع: 44761؛ عنوان رشته در منبع: آموزش ابتدایی؛ نحوه پذیرش: با آزمون (بخش دانشجو‌معلم)؛ استان در این ردیف مربوط به بومی‌گزینی/محل خدمت است
1401,آموزش ابتدایی,دانشگاه فرهنگیان,پردیس بنت الهدی صدر بوشهر,بوشهر,در جدول ذکر نشده,,تعهد خدمت,4,زن,در جدول ذکر نشده,ادامه مخصوص داوطلبان بومی استان بوشهر؛ پردیس بنت الهدی صدر بوشهر/ اولویت پذیرش با داوطلبان بومی شهرستانهای عسلویه، کنگان، جم، دیر/محل خدمت دیر؛ پذیرش دانشجو‌معلم با تعهد خدمت؛ ضوابط بخش فرهنگیان دفترچه,1401-humanities-booklet,140,1401-humanities-booklet,140,کدرشته‌محل منبع: 44762؛ عنوان رشته در منبع: آموزش ابتدایی؛ نحوه پذیرش: با آزمون (بخش دانشجو‌معلم)؛ استان در این ردیف مربوط به بومی‌گزینی/محل خدمت است
1401,آموزش ابتدایی,دانشگاه فرهنگیان,پردیس بنت الهدی صدر بوشهر,بوشهر,در جدول ذکر نشده,,تعهد خدمت,4,زن,در جدول ذکر نشده,ادامه مخصوص داوطلبان بومی استان بوشهر؛ پردیس بنت الهدی صدر بوشهر/ اولویت پذیرش با داوطلبان بومی شهرستانهای گناوه، دیلم/محل خدمت دیلم؛ پذیرش دانشجو‌معلم با تعهد خدمت؛ ضوابط بخش فرهنگیان دفترچه,1401-humanities-booklet,140,1401-humanities-booklet,140,کدرشته‌محل منبع: 44763؛ عنوان رشته در منبع: آموزش ابتدایی؛ نحوه پذیرش: با آزمون (بخش دانشجو‌معلم)؛ استان در این ردیف مربوط به بومی‌گزینی/محل خدمت است
1401,آموزش ابتدایی,دانشگاه فرهنگیان,پردیس بنت الهدی صدر بوشهر,بوشهر,در جدول ذکر نشده,,تعهد خدمت,2,زن,در جدول ذکر نشده,ادامه مخصوص داوطلبان بومی استان بوشهر؛ پردیس بنت الهدی صدر بوشهر/ اولویت پذیرش با داوطلبان بومی شهرستان دشتستان/محل خدمت سعدآباد؛ پذیرش دانشجو‌معلم با تعهد خدمت؛ ضوابط بخش فرهنگیان دفترچه,1401-humanities-booklet,140,1401-humanities-booklet,140,کدرشته‌محل منبع: 44764؛ عنوان رشته در منبع: آموزش ابتدایی؛ نحوه پذیرش: با آزمون (بخش دانشجو‌معلم)؛ استان در این ردیف مربوط به بومی‌گزینی/محل خدمت است
1401,آموزش ابتدایی,دانشگاه فرهنگیان,پردیس بنت الهدی صدر بوشهر,بوشهر,در جدول ذکر نشده,,تعهد خدمت,3,زن,در جدول ذکر نشده,ادامه مخصوص داوطلبان بومی استان بوشهر؛ پردیس بنت الهدی صدر بوشهر/ اولویت پذیرش با داوطلبان بومی شهرستان دشتستان/محل خدمت شبانکاره؛ پذیرش دانشجو‌معلم با تعهد خدمت؛ ضوابط بخش فرهنگیان دفترچه,1401-humanities-booklet,140,1401-humanities-booklet,140,کدرشته‌محل منبع: 44765؛ عنوان رشته در منبع: آموزش ابتدایی؛ نحوه پذیرش: با آزمون (بخش دانشجو‌معلم)؛ استان در این ردیف مربوط به بومی‌گزینی/محل خدمت است
1401,آموزش ابتدایی,دانشگاه فرهنگیان,پردیس بنت ,بوشهر,در جدول ذکر نشده,,تعهد خدمت,5,زن,در جدول ذکر نشده,ادامه مخصوص داوطلبان بومی استان بوشهر؛ پردیس بنت /الهدی صدر بوشهر اولویت پذیرش با داوطلبان بومی شهرستانهای عسلویه، کنگان، جم، دیر/محل خدمت عسلویه؛ پذیرش دانشجو‌معلم با تعهد خدمت؛ ضوابط بخش فرهنگیان دفترچه,1401-humanities-booklet,140,1401-humanities-booklet,140,کدرشته‌محل منبع: 44766؛ عنوان رشته در منبع: آموزش ابتدایی؛ نحوه پذیرش: با آزمون (بخش دانشجو‌معلم)؛ استان در این ردیف مربوط به بومی‌گزینی/محل خدمت است
1401,آموزش ابتدایی,دانشگاه فرهنگیان,پردیس بنت الهدی صدر بوشهر,بوشهر,در جدول ذکر نشده,,تعهد خدمت,2,زن,در جدول ذکر نشده,ادامه مخصوص داوطلبان بومی استان بوشهر؛ پردیس بنت الهدی صدر بوشهر/ اولویت پذیرش با داوطلبان بومی شهرستان های دشتی، تنگستان /محل خدمت کاکی؛ پذیرش دانشجو‌معلم با تعهد خدمت؛ ضوابط بخش فرهنگیان دفترچه,1401-humanities-booklet,140,1401-humanities-booklet,140,کدرشته‌محل منبع: 44767؛ عنوان رشته در منبع: آموزش ابتدایی؛ نحوه پذیرش: با آزمون (بخش دانشجو‌معلم)؛ استان در این ردیف مربوط به بومی‌گزینی/محل خدمت است
1401,آموزش ابتدایی,دانشگاه فرهنگیان,پردیس بنت الهدی صدر بوشهر,بوشهر,در جدول ذکر نشده,,تعهد خدمت,5,زن,در جدول ذکر نشده,ادامه مخصوص داوطلبان بومی استان بوشهر؛ پردیس بنت الهدی صدر بوشهر/ اولویت پذیرش با داوطلبان بومی شهرستانهای عسلویه، کنگان، جم، دیر/محل خدمت کنگان؛ پذیرش دانشجو‌معلم با تعهد خدمت؛ ضوابط بخش فرهنگیان دفترچه,1401-humanities-booklet,140,1401-humanities-booklet,140,کدرشته‌محل منبع: 44768؛ عنوان رشته در منبع: آموزش ابتدایی؛ نحوه پذیرش: با آزمون (بخش دانشجو‌معلم)؛ استان در این ردیف مربوط به بومی‌گزینی/محل خدمت است
1401,آموزش ابتدایی,دانشگاه فرهنگیان,پردیس بنت الهدی صدر بوشهر,بوشهر,در جدول ذکر نشده,,تعهد خدمت,4,زن,در جدول ذکر نشده,ادامه مخصوص داوطلبان بومی استان بوشهر؛ پردیس بنت الهدی صدر بوشهر/ اولویت پذیرش با داوطلبان بومی شهرستانهای گناوه، دیلم/محل خدمت گناوه؛ پذیرش دانشجو‌معلم با تعهد خدمت؛ ضوابط بخش فرهنگیان دفترچه,1401-humanities-booklet,140,1401-humanities-booklet,140,کدرشته‌محل منبع: 44769؛ عنوان رشته در منبع: آموزش ابتدایی؛ نحوه پذیرش: با آزمون (بخش دانشجو‌معلم)؛ استان در این ردیف مربوط به بومی‌گزینی/محل خدمت است
1401,آموزش ابتدایی,دانشگاه فرهنگیان,پردیس بنت الهدی صدر( بوشهر,بوشهر,در جدول ذکر نشده,,تعهد خدمت,2,زن,در جدول ذکر نشده,ادامه مخصوص داوطلبان بومی استان بوشهر؛ پردیس بنت الهدی صدر( بوشهر/ اولویت پذیرش با داوطلبان بومی شهرستان های دشتی، تنگستان /محل خدمت تنگستان )اهرم؛ پذیرش دانشجو‌معلم با تعهد خدمت؛ ضوابط بخش فرهنگیان دفترچه,1401-humanities-booklet,140,1401-humanities-booklet,140,کدرشته‌محل منبع: 44770؛ عنوان رشته در منبع: آموزش ابتدایی؛ نحوه پذیرش: با آزمون (بخش دانشجو‌معلم)؛ استان در این ردیف مربوط به بومی‌گزینی/محل خدمت است
1401,آموزش ابتدایی,دانشگاه فرهنگیان,پردیس بنت( الهدی صدر بوشهر,بوشهر,در جدول ذکر نشده,,تعهد خدمت,7,زن,در جدول ذکر نشده,ادامه مخصوص داوطلبان بومی استان بوشهر؛ پردیس بنت( الهدی صدر بوشهر/ اولویت پذیرش با داوطلبان بومی شهرستان دشتستان/محل خدمت دشتستان )برازجان؛ پذیرش دانشجو‌معلم با تعهد خدمت؛ ضوابط بخش فرهنگیان دفترچه,1401-humanities-booklet,140,1401-humanities-booklet,140,کدرشته‌محل منبع: 44771؛ عنوان رشته در منبع: آموزش ابتدایی؛ نحوه پذیرش: با آزمون (بخش دانشجو‌معلم)؛ استان در این ردیف مربوط به بومی‌گزینی/محل خدمت است
1401,آموزش ابتدایی,دانشگاه فرهنگیان,پردیس بنت( الهدی صدر بوشهر,بوشهر,در جدول ذکر نشده,,تعهد خدمت,4,زن,در جدول ذکر نشده,ادامه مخصوص داوطلبان بومی استان بوشهر؛ پردیس بنت( الهدی صدر بوشهر/ اولویت پذیرش با داوطلبان بومی شهرستان های دشتی، تنگستان /محل خدمت دشتی )خورموج؛ پذیرش دانشجو‌معلم با تعهد خدمت؛ ضوابط بخش فرهنگیان دفترچه,1401-humanities-booklet,140,1401-humanities-booklet,140,کدرشته‌محل منبع: 44772؛ عنوان رشته در منبع: آموزش ابتدایی؛ نحوه پذیرش: با آزمون (بخش دانشجو‌معلم)؛ استان در این ردیف مربوط به بومی‌گزینی/محل خدمت است
1401,آموزش ابتدایی,دانشگاه فرهنگیان,پردیس علامه طباطبایی بوشهر,بوشهر,در جدول ذکر نشده,,تعهد خدمت,4,مرد,در جدول ذکر نشده,ادامه مخصوص داوطلبان بومی استان بوشهر؛ پردیس علامه طباطبایی بوشهر/ اولویت پذیرش با داوطلبان بومی شهرستان دشتستان/محل خدمت آبپخش؛ پذیرش دانشجو‌معلم با تعهد خدمت؛ ضوابط بخش فرهنگیان دفترچه,1401-humanities-booklet,140,1401-humanities-booklet,140,کدرشته‌محل منبع: 44773؛ عنوان رشته در منبع: آموزش ابتدایی؛ نحوه پذیرش: با آزمون (بخش دانشجو‌معلم)؛ استان در این ردیف مربوط به بومی‌گزینی/محل خدمت است
1401,آموزش ابتدایی,دانشگاه فرهنگیان,پردیس علامه طباطبایی بوشهر,بوشهر,در جدول ذکر نشده,,تعهد خدمت,2,مرد,در جدول ذکر نشده,ادامه مخصوص داوطلبان بومی استان بوشهر؛ پردیس علامه طباطبایی بوشهر/ اولویت پذیرش با داوطلبان بومی شهرستانهای عسلویه، کنگان، جم، دیر/محل خدمت بردخون؛ پذیرش دانشجو‌معلم با تعهد خدمت؛ ضوابط بخش فرهنگیان دفترچه,1401-humanities-booklet,140,1401-humanities-booklet,140,کدرشته‌محل منبع: 44774؛ عنوان رشته در منبع: آموزش ابتدایی؛ نحوه پذیرش: با آزمون (بخش دانشجو‌معلم)؛ استان در این ردیف مربوط به بومی‌گزینی/محل خدمت است
1401,آموزش ابتدایی,دانشگاه فرهنگیان,پردیس علامه طباطبایی بوشهر,بوشهر,در جدول ذکر نشده,,تعهد خدمت,1,مرد,در جدول ذکر نشده,ادامه مخصوص داوطلبان بومی استان بوشهر؛ پردیس علامه طباطبایی بوشهر/ اولویت پذیرش با داوطلبان بومی شهرستانهای گناوه، دیلم/محل خدمت بندرریگ؛ پذیرش دانشجو‌معلم با تعهد خدمت؛ ضوابط بخش فرهنگیان دفترچه,1401-humanities-booklet,140,1401-humanities-booklet,140,کدرشته‌محل منبع: 44775؛ عنوان رشته در منبع: آموزش ابتدایی؛ نحوه پذیرش: با آزمون (بخش دانشجو‌معلم)؛ استان در این ردیف مربوط به بومی‌گزینی/محل خدمت است
1401,آموزش ابتدایی,دانشگاه فرهنگیان,پردیس علامه طباطبایی بوشهر,بوشهر,در جدول ذکر نشده,,تعهد خدمت,7,مرد,در جدول ذکر نشده,ادامه مخصوص داوطلبان بومی استان بوشهر؛ پردیس علامه طباطبایی بوشهر/ اولویت پذیرش با داوطلبان بومی شهرستان بوشهر/محل خدمت بوشهر؛ پذیرش دانشجو‌معلم با تعهد خدمت؛ ضوابط بخش فرهنگیان دفترچه,1401-humanities-booklet,140,1401-humanities-booklet,140,کدرشته‌محل منبع: 44776؛ عنوان رشته در منبع: آموزش ابتدایی؛ نحوه پذیرش: با آزمون (بخش دانشجو‌معلم)؛ استان در این ردیف مربوط به بومی‌گزینی/محل خدمت است
1401,آموزش ابتدایی,دانشگاه فرهنگیان,پردیس علامه طباطبایی بوشهر,بوشهر,در جدول ذکر نشده,,تعهد خدمت,5,مرد,در جدول ذکر نشده,ادامه مخصوص داوطلبان بومی استان بوشهر؛ پردیس علامه طباطبایی بوشهر/ اولویت پذیرش با داوطلبان بومی شهرستانهای عسلویه، کنگان، جم، دیر/محل خدمت جم؛ پذیرش دانشجو‌معلم با تعهد خدمت؛ ضوابط بخش فرهنگیان دفترچه,1401-humanities-booklet,140,1401-humanities-booklet,140,کدرشته‌محل منبع: 44777؛ عنوان رشته در منبع: آموزش ابتدایی؛ نحوه پذیرش: با آزمون (بخش دانشجو‌معلم)؛ استان در این ردیف مربوط به بومی‌گزینی/محل خدمت است
1401,آموزش ابتدایی,دانشگاه فرهنگیان,پردیس علامه طباطبایی بوشهر,بوشهر,در جدول ذکر نشده,,تعهد خدمت,1,مرد,در جدول ذکر نشده,ادامه مخصوص داوطلبان بومی استان بوشهر؛ پردیس علامه طباطبایی بوشهر/ اولویت پذیرش با داوطلبان بومی شهرستان بوشهر/محل خدمت خارک؛ پذیرش دانشجو‌معلم با تعهد خدمت؛ ضوابط بخش فرهنگیان دفترچه,1401-humanities-booklet,140,1401-humanities-booklet,140,کدرشته‌محل منبع: 44778؛ عنوان رشته در منبع: آموزش ابتدایی؛ نحوه پذیرش: با آزمون (بخش دانشجو‌معلم)؛ استان در این ردیف مربوط به بومی‌گزینی/محل خدمت است
1401,آموزش ابتدایی,دانشگاه فرهنگیان,پردیس علامه طباطبایی بوشهر,بوشهر,در جدول ذکر نشده,,تعهد خدمت,5,مرد,در جدول ذکر نشده,ادامه مخصوص داوطلبان بومی استان بوشهر؛ پردیس علامه طباطبایی بوشهر/ اولویت پذیرش با داوطلبان بومی شهرستان های دشتی، تنگستان /محل خدمت دلوار؛ پذیرش دانشجو‌معلم با تعهد خدمت؛ ضوابط بخش فرهنگیان دفترچه,1401-humanities-booklet,140,1401-humanities-booklet,140,کدرشته‌محل منبع: 44779؛ عنوان رشته در منبع: آموزش ابتدایی؛ نحوه پذیرش: با آزمون (بخش دانشجو‌معلم)؛ استان در این ردیف مربوط به بومی‌گزینی/محل خدمت است
1401,آموزش ابتدایی,دانشگاه فرهنگیان,,بوشهر,در جدول ذکر نشده,,تعهد خدمت,5,مرد,در جدول ذکر نشده,ادامه مخصوص داوطلبان بومی استان بوشهر؛ /پردیس علامه طباطبایی بوشهر اولویت پذیرش با داوطلبان بومی شهرستانهای عسلویه، کنگان، جم، دیر/محل خدمت دیر؛ پذیرش دانشجو‌معلم با تعهد خدمت؛ ضوابط بخش فرهنگیان دفترچه,1401-humanities-booklet,140,1401-humanities-booklet,140,کدرشته‌محل منبع: 44780؛ عنوان رشته در منبع: آموزش ابتدایی؛ نحوه پذیرش: با آزمون (بخش دانشجو‌معلم)؛ استان در این ردیف مربوط به بومی‌گزینی/محل خدمت است
1401,آموزش ابتدایی,دانشگاه فرهنگیان,پردیس علامه طباطبایی بوشهر,بوشهر,در جدول ذکر نشده,,تعهد خدمت,6,مرد,در جدول ذکر نشده,ادامه مخصوص داوطلبان بومی استان بوشهر؛ پردیس علامه طباطبایی بوشهر/ اولویت پذیرش با داوطلبان بومی شهرستانهای گناوه، دیلم/محل خدمت دیلم؛ پذیرش دانشجو‌معلم با تعهد خدمت؛ ضوابط بخش فرهنگیان دفترچه,1401-humanities-booklet,140,1401-humanities-booklet,140,کدرشته‌محل منبع: 44781؛ عنوان رشته در منبع: آموزش ابتدایی؛ نحوه پذیرش: با آزمون (بخش دانشجو‌معلم)؛ استان در این ردیف مربوط به بومی‌گزینی/محل خدمت است
1401,آموزش ابتدایی,دانشگاه فرهنگیان,,بوشهر,در جدول ذکر نشده,,تعهد خدمت,5,مرد,در جدول ذکر نشده,ادامه مخصوص داوطلبان بومی استان بوشهر؛ /پردیس علامه طباطبایی بوشهر اولویت پذیرش با داوطلبان بومی شهرستان دشتستان/محل خدمت سعدآباد؛ پذیرش دانشجو‌معلم با تعهد خدمت؛ ضوابط بخش فرهنگیان دفترچه,1401-humanities-booklet,140,1401-humanities-booklet,140,کدرشته‌محل منبع: 44782؛ عنوان رشته در منبع: آموزش ابتدایی؛ نحوه پذیرش: با آزمون (بخش دانشجو‌معلم)؛ استان در این ردیف مربوط به بومی‌گزینی/محل خدمت است
1401,آموزش ابتدایی,دانشگاه فرهنگیان,پردیس علامه طباطبایی بوشهر,بوشهر,در جدول ذکر نشده,,تعهد خدمت,2,مرد,در جدول ذکر نشده,ادامه مخصوص داوطلبان بومی استان بوشهر؛ پردیس علامه طباطبایی بوشهر/ اولویت پذیرش با داوطلبان بومی شهرستان دشتستان/محل خدمت شبانکاره؛ پذیرش دانشجو‌معلم با تعهد خدمت؛ ضوابط بخش فرهنگیان دفترچه,1401-humanities-booklet,140,1401-humanities-booklet,140,کدرشته‌محل منبع: 44783؛ عنوان رشته در منبع: آموزش ابتدایی؛ نحوه پذیرش: با آزمون (بخش دانشجو‌معلم)؛ استان در این ردیف مربوط به بومی‌گزینی/محل خدمت است
1401,آموزش ابتدایی,دانشگاه فرهنگیان,پردیس علامه طباطبایی بوشهر,بوشهر,در جدول ذکر نشده,,تعهد خدمت,7,مرد,در جدول ذکر نشده,ادامه مخصوص داوطلبان بومی استان بوشهر؛ پردیس علامه طباطبایی بوشهر/ اولویت پذیرش با داوطلبان بومی شهرستانهای عسلویه، کنگان، جم، دیر/محل خدمت عسلویه؛ پذیرش دانشجو‌معلم با تعهد خدمت؛ ضوابط بخش فرهنگیان دفترچه,1401-humanities-booklet,140,1401-humanities-booklet,140,کدرشته‌محل منبع: 44784؛ عنوان رشته در منبع: آموزش ابتدایی؛ نحوه پذیرش: با آزمون (بخش دانشجو‌معلم)؛ استان در این ردیف مربوط به بومی‌گزینی/محل خدمت است
1401,آموزش ابتدایی,دانشگاه فرهنگیان,پردیس علامه طباطبایی بوشهر,بوشهر,در جدول ذکر نشده,,تعهد خدمت,3,مرد,در جدول ذکر نشده,ادامه مخصوص داوطلبان بومی استان بوشهر؛ پردیس علامه طباطبایی بوشهر/ اولویت پذیرش با داوطلبان بومی شهرستان های دشتی، تنگستان /محل خدمت کاکی؛ پذیرش دانشجو‌معلم با تعهد خدمت؛ ضوابط بخش فرهنگیان دفترچه,1401-humanities-booklet,140,1401-humanities-booklet,140,کدرشته‌محل منبع: 44785؛ عنوان رشته در منبع: آموزش ابتدایی؛ نحوه پذیرش: با آزمون (بخش دانشجو‌معلم)؛ استان در این ردیف مربوط به بومی‌گزینی/محل خدمت است
1401,آموزش ابتدایی,دانشگاه فرهنگیان,پردیس علامه طباطبایی بوشهر,بوشهر,در جدول ذکر نشده,,تعهد خدمت,8,مرد,در جدول ذکر نشده,ادامه مخصوص داوطلبان بومی استان بوشهر؛ پردیس علامه طباطبایی بوشهر/ اولویت پذیرش با داوطلبان بومی شهرستانهای عسلویه، کنگان، جم، دیر/محل خدمت کنگان؛ پذیرش دانشجو‌معلم با تعهد خدمت؛ ضوابط بخش فرهنگیان دفترچه,1401-humanities-booklet,140,1401-humanities-booklet,140,کدرشته‌محل منبع: 44786؛ عنوان رشته در منبع: آموزش ابتدایی؛ نحوه پذیرش: با آزمون (بخش دانشجو‌معلم)؛ استان در این ردیف مربوط به بومی‌گزینی/محل خدمت است
1401,آموزش ابتدایی,دانشگاه فرهنگیان,پردیس علامه طباطبایی بوشهر,بوشهر,در جدول ذکر نشده,,تعهد خدمت,6,مرد,در جدول ذکر نشده,ادامه مخصوص داوطلبان بومی استان بوشهر؛ پردیس علامه طباطبایی بوشهر/ اولویت پذیرش با داوطلبان بومی شهرستانهای گناوه، دیلم/محل خدمت گناوه؛ پذیرش دانشجو‌معلم با تعهد خدمت؛ ضوابط بخش فرهنگیان دفترچه,1401-humanities-booklet,140,1401-humanities-booklet,140,کدرشته‌محل منبع: 44787؛ عنوان رشته در منبع: آموزش ابتدایی؛ نحوه پذیرش: با آزمون (بخش دانشجو‌معلم)؛ استان در این ردیف مربوط به بومی‌گزینی/محل خدمت است
1401,آموزش ابتدایی,دانشگاه فرهنگیان,پردیس علامه طباطبایی بوشهر,بوشهر,در جدول ذکر نشده,,تعهد خدمت,7,مرد,در جدول ذکر نشده,ادامه مخصوص داوطلبان بومی استان بوشهر؛ پردیس علامه طباطبایی بوشهر/ اولویت ( پذیرش با داوطلبان بومی شهرستان های دشتی، تنگستان /محل خدمت تنگستان )اهرم؛ پذیرش دانشجو‌معلم با تعهد خدمت؛ ضوابط بخش فرهنگیان دفترچه,1401-humanities-booklet,140,1401-humanities-booklet,140,کدرشته‌محل منبع: 44788؛ عنوان رشته در منبع: آموزش ابتدایی؛ نحوه پذیرش: با آزمون (بخش دانشجو‌معلم)؛ استان در این ردیف مربوط به بومی‌گزینی/محل خدمت است
1401,آموزش ابتدایی,دانشگاه فرهنگیان,( پردیس علامه طباطبایی بوشهر,بوشهر,در جدول ذکر نشده,,تعهد خدمت,11,مرد,در جدول ذکر نشده,ادامه مخصوص داوطلبان بومی استان بوشهر؛ ( پردیس علامه طباطبایی بوشهر/ اولویت پذیرش با داوطلبان بومی شهرستان دشتستان/محل خدمت دشتستان )برازجان؛ پذیرش دانشجو‌معلم با تعهد خدمت؛ ضوابط بخش فرهنگیان دفترچه,1401-humanities-booklet,140,1401-humanities-booklet,140,کدرشته‌محل منبع: 44789؛ عنوان رشته در منبع: آموزش ابتدایی؛ نحوه پذیرش: با آزمون (بخش دانشجو‌معلم)؛ استان در این ردیف مربوط به بومی‌گزینی/محل خدمت است
1401,آموزش ابتدایی,دانشگاه فرهنگیان,پردیس علامه طباطبایی( بوشهر,بوشهر,در جدول ذکر نشده,,تعهد خدمت,7,مرد,در جدول ذکر نشده,ادامه مخصوص داوطلبان بومی استان بوشهر؛ پردیس علامه طباطبایی( بوشهر/ اولویت پذیرش با داوطلبان بومی شهرستان های دشتی، تنگستان /محل خدمت دشتی )خورموج؛ پذیرش دانشجو‌معلم با تعهد خدمت؛ ضوابط بخش فرهنگیان دفترچه,1401-humanities-booklet,140,1401-humanities-booklet,140,کدرشته‌محل منبع: 44790؛ عنوان رشته در منبع: آموزش ابتدایی؛ نحوه پذیرش: با آزمون (بخش دانشجو‌معلم)؛ استان در این ردیف مربوط به بومی‌گزینی/محل خدمت است
1401,آموزش ابتدایی,دانشگاه فرهنگیان,پردیس زینبیه پیشوا)ورامین( )مرکز آموزش عالی عترت واوان(,تهران,در جدول ذکر نشده,,تعهد خدمت,55,زن,در جدول ذکر نشده,ادامه مخصوص داوطلبان بومی استان تهران؛ پردیس زینبیه پیشوا)ورامین( )مرکز آموزش عالی عترت واوان(/ اولویت پذیرش با دا ،وطلبان بومی شهرستانهای ملارد، شهریار، قدس رباط کریم، بهارستان، اسلامشهر/محل خدمت اسلام شهر؛ پذیرش دانشجو‌معلم با تعهد خدمت؛ ضوابط بخش فرهنگیان دفترچه,1401-humanities-booklet,150,1401-humanities-booklet,150,کدرشته‌محل منبع: 44806؛ عنوان رشته در منبع: آموزش ابتدایی؛ نحوه پذیرش: با آزمون (بخش دانشجو‌معلم)؛ استان در این ردیف مربوط به بومی‌گزینی/محل خدمت است
1401,آموزش ابتدایی,دانشگاه فرهنگیان,،پردیس زینبیه پیشوا)ورامین( )مرکز آموزش عالی عترت واوان(,تهران,در جدول ذکر نشده,,تعهد خدمت,24,زن,در جدول ذکر نشده,ادامه مخصوص داوطلبان بومی استان تهران؛ ،پردیس زینبیه پیشوا)ورامین( )مرکز آموزش عالی عترت واوان(/ اولویت پذیرش با داوطلبان بومی شهرستانهای ملارد، شهریار، قدس ،رباط کریم بهارستان، اسلامشهر/محل خدمت بهارستان1؛ پذیرش دانشجو‌معلم با تعهد خدمت؛ ضوابط بخش فرهنگیان دفترچه,1401-humanities-booklet,150,1401-humanities-booklet,150,کدرشته‌محل منبع: 44807؛ عنوان رشته در منبع: آموزش ابتدایی؛ نحوه پذیرش: با آزمون (بخش دانشجو‌معلم)؛ استان در این ردیف مربوط به بومی‌گزینی/محل خدمت است
1401,آموزش ابتدایی,دانشگاه فرهنگیان,،پردیس زینبیه پیشوا)ورامین( )مرکز آموزش عالی عترت واوان(,تهران,در جدول ذکر نشده,,تعهد خدمت,38,زن,در جدول ذکر نشده,ادامه مخصوص داوطلبان بومی استان تهران؛ ،پردیس زینبیه پیشوا)ورامین( )مرکز آموزش عالی عترت واوان(/ اولویت پذیرش با داوطلبان بومی شهرستانهای ملارد، شهریار، قدس رباط کریم، بهارستان، اسلامشهر/محل خدمت بهارستان2؛ پذیرش دانشجو‌معلم با تعهد خدمت؛ ضوابط بخش فرهنگیان دفترچه,1401-humanities-booklet,150,1401-humanities-booklet,150,کدرشته‌محل منبع: 44808؛ عنوان رشته در منبع: آموزش ابتدایی؛ نحوه پذیرش: با آزمون (بخش دانشجو‌معلم)؛ استان در این ردیف مربوط به بومی‌گزینی/محل خدمت است
1401,آموزش ابتدایی,دانشگاه فرهنگیان,،پردیس زینبیه پیشوا)ورامین(,تهران,در جدول ذکر نشده,,تعهد خدمت,44,زن,در جدول ذکر نشده,ادامه مخصوص داوطلبان بومی استان تهران؛ ،پردیس زینبیه پیشوا)ورامین(/ اولویت پذیرش با داوطلبان بومی شهرستانهای فیروزکوه، دماوند، رودهن، پردیس، ورامین، قرچک پاکدشت، پیشوا، جوادآباد، شهرری، فشاپویه، کهریزک/محل خدمت پاکدشت؛ پذیرش دانشجو‌معلم با تعهد خدمت؛ ضوابط بخش فرهنگیان دفترچه,1401-humanities-booklet,150,1401-humanities-booklet,150,کدرشته‌محل منبع: 44809؛ عنوان رشته در منبع: آموزش ابتدایی؛ نحوه پذیرش: با آزمون (بخش دانشجو‌معلم)؛ استان در این ردیف مربوط به بومی‌گزینی/محل خدمت است
1401,آموزش ابتدایی,دانشگاه فرهنگیان,پردیس زینبیه پیشوا)ورامین(,تهران,در جدول ذکر نشده,,تعهد خدمت,4,زن,در جدول ذکر نشده,ادامه مخصوص داوطلبان بومی استان تهران؛ پردیس زینبیه پیشوا)ورامین(/ اولویت پذیرش با ،داوطلبان بومی شهرستانهای فیروزکوه، دماوند، رودهن، پردیس، ورامین، قرچک پاکدشت، پیشوا، جوادآباد، شهرری، فشاپویه، کهریزک/محل خدمت پیشوا؛ پذیرش دانشجو‌معلم با تعهد خدمت؛ ضوابط بخش فرهنگیان دفترچه,1401-humanities-booklet,150,1401-humanities-booklet,150,کدرشته‌محل منبع: 44810؛ عنوان رشته در منبع: آموزش ابتدایی؛ نحوه پذیرش: با آزمون (بخش دانشجو‌معلم)؛ استان در این ردیف مربوط به بومی‌گزینی/محل خدمت است
1401,آموزش ابتدایی,دانشگاه فرهنگیان,،پردیس زینبیه پیشوا)ورامین( )مرکز آموزش عالی عترت واوان(,تهران,در جدول ذکر نشده,,تعهد خدمت,6,زن,در جدول ذکر نشده,ادامه مخصوص داوطلبان بومی استان تهران؛ ،پردیس زینبیه پیشوا)ورامین( )مرکز آموزش عالی عترت واوان(/ اولویت پذیرش با داوطلبان بومی شهرستانهای فیروزکوه، دماوند رودهن، پردیس، ورامین، قرچک، پاکدشت، پیشوا، جوادآباد، شهرری، فشاپویه، کهریزک/محل خدمت جوادآباد؛ پذیرش دانشجو‌معلم با تعهد خدمت؛ ضوابط بخش فرهنگیان دفترچه,1401-humanities-booklet,151,1401-humanities-booklet,151,کدرشته‌محل منبع: 44811؛ عنوان رشته در منبع: آموزش ابتدایی؛ نحوه پذیرش: با آزمون (بخش دانشجو‌معلم)؛ استان در این ردیف مربوط به بومی‌گزینی/محل خدمت است
1401,آموزش ابتدایی,دانشگاه فرهنگیان,پردیس ،زینبیه پیشوا)ورامین( )مرکز آموزش عالی عترت واوان(,تهران,در جدول ذکر نشده,,تعهد خدمت,7,زن,در جدول ذکر نشده,ادامه مخصوص داوطلبان بومی استان تهران؛ پردیس ،زینبیه پیشوا)ورامین( )مرکز آموزش عالی عترت واوان(/ اولویت پذیرش با داوطلبان بومی شهرستانهای ملارد، شهریار، قدس رباط کریم، بهارستان، اسلامشهر/محل خدمت چهاردانگه شهرستانها؛ پذیرش دانشجو‌معلم با تعهد خدمت؛ ضوابط بخش فرهنگیان دفترچه,1401-humanities-booklet,151,1401-humanities-booklet,151,کدرشته‌محل منبع: 44812؛ عنوان رشته در منبع: آموزش ابتدایی؛ نحوه پذیرش: با آزمون (بخش دانشجو‌معلم)؛ استان در این ردیف مربوط به بومی‌گزینی/محل خدمت است
1401,آموزش ابتدایی,دانشگاه فرهنگیان,,تهران,در جدول ذکر نشده,,تعهد خدمت,54,زن,در جدول ذکر نشده,ادامه مخصوص داوطلبان بومی استان تهران؛ /(پردیس زینبیه پیشوا)ورامین( )مرکز آموزش عالی عترت واوان ،اولویت پذیرش با داوطلبان بومی شهرستانهای ملارد، شهریار، قدس رباط کریم، بهارستان، اسلامشهر/محل خدمت رباط کریم؛ پذیرش دانشجو‌معلم با تعهد خدمت؛ ضوابط بخش فرهنگیان دفترچه,1401-humanities-booklet,151,1401-humanities-booklet,151,کدرشته‌محل منبع: 44813؛ عنوان رشته در منبع: آموزش ابتدایی؛ نحوه پذیرش: با آزمون (بخش دانشجو‌معلم)؛ استان در این ردیف مربوط به بومی‌گزینی/محل خدمت است
1401,آموزش ابتدایی,دانشگاه فرهنگیان,،پردیس زینبیه پیشوا)ورامین(,تهران,در جدول ذکر نشده,,تعهد خدمت,18,زن,در جدول ذکر نشده,ادامه مخصوص داوطلبان بومی استان تهران؛ ،پردیس زینبیه پیشوا)ورامین(/ اولویت پذیرش با داوطلبان بومی شهرستانهای فیروزکوه، دماوند، رودهن، پردیس، ورامین، قرچک پاکد شت، پیشوا، جوادآباد، شهرری، فشاپویه، کهریزک/محل خدمت شهرری .ناحیه1؛ پذیرش دانشجو‌معلم با تعهد خدمت؛ ضوابط بخش فرهنگیان دفترچه,1401-humanities-booklet,151,1401-humanities-booklet,151,کدرشته‌محل منبع: 44814؛ عنوان رشته در منبع: آموزش ابتدایی؛ نحوه پذیرش: با آزمون (بخش دانشجو‌معلم)؛ استان در این ردیف مربوط به بومی‌گزینی/محل خدمت است
1401,آموزش ابتدایی,دانشگاه فرهنگیان,،پردیس زینبیه پیشوا)ورامین(,تهران,در جدول ذکر نشده,,تعهد خدمت,13,زن,در جدول ذکر نشده,ادامه مخصوص داوطلبان بومی استان تهران؛ ،پردیس زینبیه پیشوا)ورامین(/ اولویت پذیرش با داوطلبان بومی شهرستانهای فیروزکوه، دماوند، رودهن، پردیس، ورامین، قرچک ،پاکدشت، پیشوا، جوادآباد، شهرری، فشاپویه کهریزک/محل خدمت شهرری .ناحیه2؛ پذیرش دانشجو‌معلم با تعهد خدمت؛ ضوابط بخش فرهنگیان دفترچه,1401-humanities-booklet,151,1401-humanities-booklet,151,کدرشته‌محل منبع: 44815؛ عنوان رشته در منبع: آموزش ابتدایی؛ نحوه پذیرش: با آزمون (بخش دانشجو‌معلم)؛ استان در این ردیف مربوط به بومی‌گزینی/محل خدمت است
1401,آموزش ابتدایی,دانشگاه فرهنگیان,،پردیس زینبیه پیشوا)ورامین(,تهران,در جدول ذکر نشده,,تعهد خدمت,20,زن,در جدول ذکر نشده,ادامه مخصوص داوطلبان بومی استان تهران؛ ،پردیس زینبیه پیشوا)ورامین(/ اولویت پذیرش با داوطلبان بومی شهرستانهای ملارد، شهریار، قدس، رباط کریم، بهارستان اسلامشهر/محل خدمت شهرقدس؛ پذیرش دانشجو‌معلم با تعهد خدمت؛ ضوابط بخش فرهنگیان دفترچه,1401-humanities-booklet,151,1401-humanities-booklet,151,کدرشته‌محل منبع: 44816؛ عنوان رشته در منبع: آموزش ابتدایی؛ نحوه پذیرش: با آزمون (بخش دانشجو‌معلم)؛ استان در این ردیف مربوط به بومی‌گزینی/محل خدمت است
1401,آموزش ابتدایی,دانشگاه فرهنگیان,پردیس زینبیه پیشوا)ورامین( )مرکز ،آموزش عالی عترت واوان(,تهران,در جدول ذکر نشده,,تعهد خدمت,49,زن,در جدول ذکر نشده,ادامه مخصوص داوطلبان بومی استان تهران؛ پردیس زینبیه پیشوا)ورامین( )مرکز ،آموزش عالی عترت واوان(/ اولویت پذیرش با داوطلبان بومی شهرستانهای ملارد، شهریار، قدس رباط کریم، بهارستان، اسلامشهر/محل خدمت شهریار؛ پذیرش دانشجو‌معلم با تعهد خدمت؛ ضوابط بخش فرهنگیان دفترچه,1401-humanities-booklet,151,1401-humanities-booklet,151,کدرشته‌محل منبع: 44817؛ عنوان رشته در منبع: آموزش ابتدایی؛ نحوه پذیرش: با آزمون (بخش دانشجو‌معلم)؛ استان در این ردیف مربوط به بومی‌گزینی/محل خدمت است
1401,آموزش ابتدایی,دانشگاه فرهنگیان,،پردیس زینبیه پیشوا)ورامین(,تهران,در جدول ذکر نشده,,تعهد خدمت,12,زن,در جدول ذکر نشده,ادامه مخصوص داوطلبان بومی استان تهران؛ ،پردیس زینبیه پیشوا)ورامین(/ اولویت پذیرش با داوطلبان بومی شهرستانهای فیروزکوه، دماوند، رودهن ،پردیس، ورامین، قرچک پاکدشت، پیشوا، جوادآباد، شهرری، فشاپویه، کهریزک/محل خدمت فشافویه؛ پذیرش دانشجو‌معلم با تعهد خدمت؛ ضوابط بخش فرهنگیان دفترچه,1401-humanities-booklet,151,1401-humanities-booklet,151,کدرشته‌محل منبع: 44818؛ عنوان رشته در منبع: آموزش ابتدایی؛ نحوه پذیرش: با آزمون (بخش دانشجو‌معلم)؛ استان در این ردیف مربوط به بومی‌گزینی/محل خدمت است
1401,آموزش ابتدایی,دانشگاه فرهنگیان,،پردیس زینبیه پیشوا)ورامین(,تهران,در جدول ذکر نشده,,تعهد خدمت,10,زن,در جدول ذکر نشده,ادامه مخصوص داوطلبان بومی استان تهران؛ ،پردیس زینبیه پیشوا)ورامین(/ اولویت پذیرش با داوطلبان بومی شهرستانهای فیروزکوه، دماوند، رودهن، پردیس، ورامین، قرچک ،پاکدشت، پیشوا، جوادآباد شهرری، فشاپویه، کهریزک/محل خدمت قرچک؛ پذیرش دانشجو‌معلم با تعهد خدمت؛ ضوابط بخش فرهنگیان دفترچه,1401-humanities-booklet,151,1401-humanities-booklet,151,کدرشته‌محل منبع: 44819؛ عنوان رشته در منبع: آموزش ابتدایی؛ نحوه پذیرش: با آزمون (بخش دانشجو‌معلم)؛ استان در این ردیف مربوط به بومی‌گزینی/محل خدمت است
1401,آموزش ابتدایی,دانشگاه فرهنگیان,،پردیس زینبیه پیشوا)ورامین(,تهران,در جدول ذکر نشده,,تعهد خدمت,7,زن,در جدول ذکر نشده,ادامه مخصوص داوطلبان بومی استان تهران؛ ،پردیس زینبیه پیشوا)ورامین(/ اولویت پذیرش با داوطلبان بومی شهرستانهای فیروزکوه، دماوند، رودهن، پردیس، ورامین، قرچک پاکدشت، پیشوا، جوادآباد، شهرری، فشاپویه، کهریزک/محل خدمت کهریزک؛ پذیرش دانشجو‌معلم با تعهد خدمت؛ ضوابط بخش فرهنگیان دفترچه,1401-humanities-booklet,151,1401-humanities-booklet,151,کدرشته‌محل منبع: 44820؛ عنوان رشته در منبع: آموزش ابتدایی؛ نحوه پذیرش: با آزمون (بخش دانشجو‌معلم)؛ استان در این ردیف مربوط به بومی‌گزینی/محل خدمت است
1401,آموزش ابتدایی,دانشگاه فرهنگیان,،پردیس زینبیه پیشوا)ورامین( )مرکز آموزش عالی عترت واوان(,تهران,در جدول ذکر نشده,,تعهد خدمت,17,زن,در جدول ذکر نشده,ادامه مخصوص داوطلبان بومی استان تهران؛ ،پردیس زینبیه پیشوا)ورامین( )مرکز آموزش عالی عترت واوان(/ اولویت پذیرش با داوطلبان بومی شهرستانهای ملارد، شهریار، قدس رباط کریم، بهارستان، اسلامشهر/محل خدمت ملارد؛ پذیرش دانشجو‌معلم با تعهد خدمت؛ ضوابط بخش فرهنگیان دفترچه,1401-humanities-booklet,151,1401-humanities-booklet,151,کدرشته‌محل منبع: 44821؛ عنوان رشته در منبع: آموزش ابتدایی؛ نحوه پذیرش: با آزمون (بخش دانشجو‌معلم)؛ استان در این ردیف مربوط به بومی‌گزینی/محل خدمت است
1401,آموزش ابتدایی,دانشگاه فرهنگیان,پردیس زینبیه پیشوا)ورامین(,تهران,در جدول ذکر نشده,,تعهد خدمت,13,زن,در جدول ذکر نشده,ادامه مخصوص داوطلبان بومی استان تهران؛ پردیس زینبیه پیشوا)ورامین(/ اولویت پذیرش با ،داوطلبان بومی شهرستانهای فیروزکوه، دماوند، رودهن، پردیس، ورامین، قرچک پاکدشت، پیشوا، جوادآباد، شهرری، فشاپویه، کهریزک/محل خدمت ورامین؛ پذیرش دانشجو‌معلم با تعهد خدمت؛ ضوابط بخش فرهنگیان دفترچه,1401-humanities-booklet,151,1401-humanities-booklet,151,کدرشته‌محل منبع: 44822؛ عنوان رشته در منبع: آموزش ابتدایی؛ نحوه پذیرش: با آزمون (بخش دانشجو‌معلم)؛ استان در این ردیف مربوط به بومی‌گزینی/محل خدمت است
1401,آموزش ابتدایی,دانشگاه فرهنگیان,پردیس شهید چمران تهران,تهران,در جدول ذکر نشده,,تعهد خدمت,13,مرد,در جدول ذکر نشده,ادامه مخصوص داوطلبان بومی استان تهران؛ پردیس شهید چمران تهران/ مخصوص داوطلبان بومی شهرستانهای تهران و شمیرانات/محل خدمت تهران . منطقه 1؛ پذیرش دانشجو‌معلم با تعهد خدمت؛ ضوابط بخش فرهنگیان دفترچه,1401-humanities-booklet,151,1401-humanities-booklet,151,کدرشته‌محل منبع: 44823؛ عنوان رشته در منبع: آموزش ابتدایی؛ نحوه پذیرش: با آزمون (بخش دانشجو‌معلم)؛ استان در این ردیف مربوط به بومی‌گزینی/محل خدمت است
1401,آموزش ابتدایی,دانشگاه فرهنگیان,پردیس شهید چمران تهران,تهران,در جدول ذکر نشده,,تعهد خدمت,17,مرد,در جدول ذکر نشده,ادامه مخصوص داوطلبان بومی استان تهران؛ پردیس شهید چمران تهران/ مخصوص داوطلبان بومی شهرستانهای تهران و شمیرانات/محل خدمت تهران .منطقه2؛ پذیرش دانشجو‌معلم با تعهد خدمت؛ ضوابط بخش فرهنگیان دفترچه,1401-humanities-booklet,151,1401-humanities-booklet,151,کدرشته‌محل منبع: 44824؛ عنوان رشته در منبع: آموزش ابتدایی؛ نحوه پذیرش: با آزمون (بخش دانشجو‌معلم)؛ استان در این ردیف مربوط به بومی‌گزینی/محل خدمت است
1401,آموزش ابتدایی,دانشگاه فرهنگیان,پردیس شهید چمران تهران,تهران,در جدول ذکر نشده,,تعهد خدمت,7,مرد,در جدول ذکر نشده,ادامه مخصوص داوطلبان بومی استان تهران؛ پردیس شهید چمران تهران/ مخصوص داوطلبان بومی شهرستانهای تهران و شمیرانات/محل خدمت تهران .منطقه3؛ پذیرش دانشجو‌معلم با تعهد خدمت؛ ضوابط بخش فرهنگیان دفترچه,1401-humanities-booklet,151,1401-humanities-booklet,151,کدرشته‌محل منبع: 44825؛ عنوان رشته در منبع: آموزش ابتدایی؛ نحوه پذیرش: با آزمون (بخش دانشجو‌معلم)؛ استان در این ردیف مربوط به بومی‌گزینی/محل خدمت است
1401,آموزش ابتدایی,دانشگاه فرهنگیان,پردیس شهید چمران تهران,تهران,در جدول ذکر نشده,,تعهد خدمت,37,مرد,در جدول ذکر نشده,ادامه مخصوص داوطلبان بومی استان تهران؛ پردیس شهید چمران تهران/ مخصوص داوطلبان بومی شهرستانهای تهران و شمیرانات/محل خدمت تهران .منطقه4؛ پذیرش دانشجو‌معلم با تعهد خدمت؛ ضوابط بخش فرهنگیان دفترچه,1401-humanities-booklet,151,1401-humanities-booklet,151,کدرشته‌محل منبع: 44826؛ عنوان رشته در منبع: آموزش ابتدایی؛ نحوه پذیرش: با آزمون (بخش دانشجو‌معلم)؛ استان در این ردیف مربوط به بومی‌گزینی/محل خدمت است
1401,آموزش ابتدایی,دانشگاه فرهنگیان,پردیس شهید چمران تهران,تهران,در جدول ذکر نشده,,تعهد خدمت,35,مرد,در جدول ذکر نشده,ادامه مخصوص داوطلبان بومی استان تهران؛ پردیس شهید چمران تهران/ مخصوص داوطلبان بومی شهرستانهای تهران و شمیرانات/محل خدمت تهران .منطقه5؛ پذیرش دانشجو‌معلم با تعهد خدمت؛ ضوابط بخش فرهنگیان دفترچه,1401-humanities-booklet,151,1401-humanities-booklet,151,کدرشته‌محل منبع: 44827؛ عنوان رشته در منبع: آموزش ابتدایی؛ نحوه پذیرش: با آزمون (بخش دانشجو‌معلم)؛ استان در این ردیف مربوط به بومی‌گزینی/محل خدمت است
1401,آموزش ابتدایی,دانشگاه فرهنگیان,پردیس شهید چمران تهران,تهران,در جدول ذکر نشده,,تعهد خدمت,8,مرد,در جدول ذکر نشده,ادامه مخصوص داوطلبان بومی استان تهران؛ پردیس شهید چمران تهران/ مخصوص داوطلبان بومی شهرستانهای تهران و شمیرانات/محل خدمت تهران .منطقه6؛ پذیرش دانشجو‌معلم با تعهد خدمت؛ ضوابط بخش فرهنگیان دفترچه,1401-humanities-booklet,151,1401-humanities-booklet,151,کدرشته‌محل منبع: 44828؛ عنوان رشته در منبع: آموزش ابتدایی؛ نحوه پذیرش: با آزمون (بخش دانشجو‌معلم)؛ استان در این ردیف مربوط به بومی‌گزینی/محل خدمت است
1401,آموزش ابتدایی,دانشگاه فرهنگیان,پردیس شهید چمران تهران,تهران,در جدول ذکر نشده,,تعهد خدمت,11,مرد,در جدول ذکر نشده,ادامه مخصوص داوطلبان بومی استان تهران؛ پردیس شهید چمران تهران/ مخصوص داوطلبان بومی شهرستانهای تهران و شمیرانات/محل خدمت تهران .منطقه7؛ پذیرش دانشجو‌معلم با تعهد خدمت؛ ضوابط بخش فرهنگیان دفترچه,1401-humanities-booklet,151,1401-humanities-booklet,151,کدرشته‌محل منبع: 44829؛ عنوان رشته در منبع: آموزش ابتدایی؛ نحوه پذیرش: با آزمون (بخش دانشجو‌معلم)؛ استان در این ردیف مربوط به بومی‌گزینی/محل خدمت است
1401,آموزش ابتدایی,دانشگاه فرهنگیان,پردیس شهید چمران تهران,تهران,در جدول ذکر نشده,,تعهد خدمت,16,مرد,در جدول ذکر نشده,ادامه مخصوص داوطلبان بومی استان تهران؛ پردیس شهید چمران تهران/ مخصوص داوطلبان بومی شهرستانهای تهران و شمیرانات/محل خدمت تهران .منطقه8؛ پذیرش دانشجو‌معلم با تعهد خدمت؛ ضوابط بخش فرهنگیان دفترچه,1401-humanities-booklet,151,1401-humanities-booklet,151,کدرشته‌محل منبع: 44830؛ عنوان رشته در منبع: آموزش ابتدایی؛ نحوه پذیرش: با آزمون (بخش دانشجو‌معلم)؛ استان در این ردیف مربوط به بومی‌گزینی/محل خدمت است
1401,آموزش ابتدایی,دانشگاه فرهنگیان,پردیس شهید چمران تهران,تهران,در جدول ذکر نشده,,تعهد خدمت,20,مرد,در جدول ذکر نشده,ادامه مخصوص داوطلبان بومی استان تهران؛ پردیس شهید چمران تهران/ مخصوص داوطلبان بومی شهرستانهای تهران و شمیرانات/محل خدمت تهران .منطقه9؛ پذیرش دانشجو‌معلم با تعهد خدمت؛ ضوابط بخش فرهنگیان دفترچه,1401-humanities-booklet,151,1401-humanities-booklet,151,کدرشته‌محل منبع: 44831؛ عنوان رشته در منبع: آموزش ابتدایی؛ نحوه پذیرش: با آزمون (بخش دانشجو‌معلم)؛ استان در این ردیف مربوط به بومی‌گزینی/محل خدمت است
1401,آموزش ابتدایی,دانشگاه فرهنگیان,پردیس شهید چمران تهران,تهران,در جدول ذکر نشده,,تعهد خدمت,13,مرد,در جدول ذکر نشده,ادامه مخصوص داوطلبان بومی استان تهران؛ پردیس شهید چمران تهران/ مخصوص داوطلبان بومی شهرستانهای تهران و شمیرانات/محل خدمت تهران .منطقه10؛ پذیرش دانشجو‌معلم با تعهد خدمت؛ ضوابط بخش فرهنگیان دفترچه,1401-humanities-booklet,151,1401-humanities-booklet,151,کدرشته‌محل منبع: 44832؛ عنوان رشته در منبع: آموزش ابتدایی؛ نحوه پذیرش: با آزمون (بخش دانشجو‌معلم)؛ استان در این ردیف مربوط به بومی‌گزینی/محل خدمت است
1401,آموزش ابتدایی,دانشگاه فرهنگیان,پردیس شهید چمران تهران,تهران,در جدول ذکر نشده,,تعهد خدمت,12,مرد,در جدول ذکر نشده,ادامه مخصوص داوطلبان بومی استان تهران؛ پردیس شهید چمران تهران/ مخصوص داوطلبان بومی شهرستانهای تهران و شمیرانات/محل خدمت تهران .منطقه11؛ پذیرش دانشجو‌معلم با تعهد خدمت؛ ضوابط بخش فرهنگیان دفترچه,1401-humanities-booklet,151,1401-humanities-booklet,151,کدرشته‌محل منبع: 44833؛ عنوان رشته در منبع: آموزش ابتدایی؛ نحوه پذیرش: با آزمون (بخش دانشجو‌معلم)؛ استان در این ردیف مربوط به بومی‌گزینی/محل خدمت است
1401,آموزش ابتدایی,دانشگاه فرهنگیان,پردیس شهید چمران تهران,تهران,در جدول ذکر نشده,,تعهد خدمت,16,مرد,در جدول ذکر نشده,ادامه مخصوص داوطلبان بومی استان تهران؛ پردیس شهید چمران تهران/ مخصوص داوطلبان بومی شهرستانهای تهران و شمیرانات/محل خدمت تهران .منطقه12؛ پذیرش دانشجو‌معلم با تعهد خدمت؛ ضوابط بخش فرهنگیان دفترچه,1401-humanities-booklet,151,1401-humanities-booklet,151,کدرشته‌محل منبع: 44834؛ عنوان رشته در منبع: آموزش ابتدایی؛ نحوه پذیرش: با آزمون (بخش دانشجو‌معلم)؛ استان در این ردیف مربوط به بومی‌گزینی/محل خدمت است
1401,آموزش ابتدایی,دانشگاه فرهنگیان,پردیس شهید چمران تهران,تهران,در جدول ذکر نشده,,تعهد خدمت,13,مرد,در جدول ذکر نشده,ادامه مخصوص داوطلبان بومی استان تهران؛ پردیس شهید چمران تهران/ مخصوص داوطلبان بومی شهرستانهای تهران و شمیرانات/محل خدمت تهران .منطقه13؛ پذیرش دانشجو‌معلم با تعهد خدمت؛ ضوابط بخش فرهنگیان دفترچه,1401-humanities-booklet,151,1401-humanities-booklet,151,کدرشته‌محل منبع: 44835؛ عنوان رشته در منبع: آموزش ابتدایی؛ نحوه پذیرش: با آزمون (بخش دانشجو‌معلم)؛ استان در این ردیف مربوط به بومی‌گزینی/محل خدمت است
1401,آموزش ابتدایی,دانشگاه فرهنگیان,پردیس شهید چمران تهران,تهران,در جدول ذکر نشده,,تعهد خدمت,26,مرد,در جدول ذکر نشده,ادامه مخصوص داوطلبان بومی استان تهران؛ پردیس شهید چمران تهران/ مخصوص داوطلبان بومی شهرستانهای تهران و شمیرانات/محل خدمت تهران .منطقه14؛ پذیرش دانشجو‌معلم با تعهد خدمت؛ ضوابط بخش فرهنگیان دفترچه,1401-humanities-booklet,151,1401-humanities-booklet,151,کدرشته‌محل منبع: 44836؛ عنوان رشته در منبع: آموزش ابتدایی؛ نحوه پذیرش: با آزمون (بخش دانشجو‌معلم)؛ استان در این ردیف مربوط به بومی‌گزینی/محل خدمت است
1401,آموزش ابتدایی,دانشگاه فرهنگیان,پردیس شهید چمران تهران,تهران,در جدول ذکر نشده,,تعهد خدمت,34,مرد,در جدول ذکر نشده,ادامه مخصوص داوطلبان بومی استان تهران؛ پردیس شهید چمران تهران/ مخصوص داوطلبان بومی شهرستانهای تهران و شمیرانات/محل خدمت تهران .منطقه15؛ پذیرش دانشجو‌معلم با تعهد خدمت؛ ضوابط بخش فرهنگیان دفترچه,1401-humanities-booklet,151,1401-humanities-booklet,151,کدرشته‌محل منبع: 44837؛ عنوان رشته در منبع: آموزش ابتدایی؛ نحوه پذیرش: با آزمون (بخش دانشجو‌معلم)؛ استان در این ردیف مربوط به بومی‌گزینی/محل خدمت است
1401,آموزش ابتدایی,دانشگاه فرهنگیان,پردیس شهید چمران تهران,تهران,در جدول ذکر نشده,,تعهد خدمت,25,مرد,در جدول ذکر نشده,ادامه مخصوص داوطلبان بومی استان تهران؛ پردیس شهید چمران تهران/ مخصوص داوطلبان بومی شهرستانهای تهران و شمیرانات/محل خدمت تهران .منطقه16؛ پذیرش دانشجو‌معلم با تعهد خدمت؛ ضوابط بخش فرهنگیان دفترچه,1401-humanities-booklet,151,1401-humanities-booklet,151,کدرشته‌محل منبع: 44838؛ عنوان رشته در منبع: آموزش ابتدایی؛ نحوه پذیرش: با آزمون (بخش دانشجو‌معلم)؛ استان در این ردیف مربوط به بومی‌گزینی/محل خدمت است
1401,آموزش ابتدایی,دانشگاه فرهنگیان,پردیس شهید چمران تهران,تهران,در جدول ذکر نشده,,تعهد خدمت,16,مرد,در جدول ذکر نشده,ادامه مخصوص داوطلبان بومی استان تهران؛ پردیس شهید چمران تهران/ مخصوص داوطلبان بومی شهرستانهای تهران و شمیرانات/محل خدمت تهران .منطقه17؛ پذیرش دانشجو‌معلم با تعهد خدمت؛ ضوابط بخش فرهنگیان دفترچه,1401-humanities-booklet,151,1401-humanities-booklet,151,کدرشته‌محل منبع: 44839؛ عنوان رشته در منبع: آموزش ابتدایی؛ نحوه پذیرش: با آزمون (بخش دانشجو‌معلم)؛ استان در این ردیف مربوط به بومی‌گزینی/محل خدمت است
1401,آموزش ابتدایی,دانشگاه فرهنگیان,,تهران,در جدول ذکر نشده,,تعهد خدمت,25,مرد,در جدول ذکر نشده,ادامه مخصوص داوطلبان بومی استان تهران؛ /پردیس شهید چمران تهران مخصوص داوطلبان بومی شهرستانهای تهران و شمیرانات/محل خدمت تهران .منطقه18؛ پذیرش دانشجو‌معلم با تعهد خدمت؛ ضوابط بخش فرهنگیان دفترچه,1401-humanities-booklet,151,1401-humanities-booklet,151,کدرشته‌محل منبع: 44840؛ عنوان رشته در منبع: آموزش ابتدایی؛ نحوه پذیرش: با آزمون (بخش دانشجو‌معلم)؛ استان در این ردیف مربوط به بومی‌گزینی/محل خدمت است
1401,آموزش ابتدایی,دانشگاه فرهنگیان,پردیس شهید چمران تهران,تهران,در جدول ذکر نشده,,تعهد خدمت,19,مرد,در جدول ذکر نشده,ادامه مخصوص داوطلبان بومی استان تهران؛ پردیس شهید چمران تهران/ مخصوص داوطلبان بومی شهرستانهای تهران و شمیرانات/محل خدمت تهران .منطقه19؛ پذیرش دانشجو‌معلم با تعهد خدمت؛ ضوابط بخش فرهنگیان دفترچه,1401-humanities-booklet,151,1401-humanities-booklet,151,کدرشته‌محل منبع: 44841؛ عنوان رشته در منبع: آموزش ابتدایی؛ نحوه پذیرش: با آزمون (بخش دانشجو‌معلم)؛ استان در این ردیف مربوط به بومی‌گزینی/محل خدمت است
1401,آموزش ابتدایی,دانشگاه فرهنگیان,,تهران,در جدول ذکر نشده,,تعهد خدمت,30,مرد,در جدول ذکر نشده,ادامه مخصوص داوطلبان بومی استان تهران؛ /پردیس شهید چمران تهران ،اولویت پذیرش با داوطلبان بومی شهرستانهای فیروزکوه، دماوند، رودهن، پردیس، ورامین، قرچک پاکدشت، پیشوا، جوادآباد، شهرری، فشاپویه، کهریزک/محل خدمت پردیس؛ پذیرش دانشجو‌معلم با تعهد خدمت؛ ضوابط بخش فرهنگیان دفترچه,1401-humanities-booklet,151,1401-humanities-booklet,151,کدرشته‌محل منبع: 44842؛ عنوان رشته در منبع: آموزش ابتدایی؛ نحوه پذیرش: با آزمون (بخش دانشجو‌معلم)؛ استان در این ردیف مربوط به بومی‌گزینی/محل خدمت است
1401,آموزش ابتدایی,دانشگاه فرهنگیان,،پردیس شهید چمران تهران,تهران,در جدول ذکر نشده,,تعهد خدمت,14,مرد,در جدول ذکر نشده,ادامه مخصوص داوطلبان بومی استان تهران؛ ،پردیس شهید چمران تهران/ اولویت پذیرش با داوطلبان بومی شهرستانهای فیروزکوه ،دماوند، رودهن، پردیس، ورامین، قرچک پاکدشت، پیشوا، جوادآباد، شهرری، فشاپویه، کهریزک/محل خدمت دماوند؛ پذیرش دانشجو‌معلم با تعهد خدمت؛ ضوابط بخش فرهنگیان دفترچه,1401-humanities-booklet,151,1401-humanities-booklet,151,کدرشته‌محل منبع: 44843؛ عنوان رشته در منبع: آموزش ابتدایی؛ نحوه پذیرش: با آزمون (بخش دانشجو‌معلم)؛ استان در این ردیف مربوط به بومی‌گزینی/محل خدمت است
1401,آموزش ابتدایی,دانشگاه فرهنگیان,،پردیس شهید چمران تهران,تهران,در جدول ذکر نشده,,تعهد خدمت,13,مرد,در جدول ذکر نشده,ادامه مخصوص داوطلبان بومی استان تهران؛ ،پردیس شهید چمران تهران/ اولویت پذیرش با داوطلبان بومی شهرستانهای فیروزکوه، دماوند، رودهن، پردیس، ورامین، قرچک ،پاکدشت، پیشوا جوادآباد، شهرری، فشاپویه، کهریزک/محل خدمت رودهن؛ پذیرش دانشجو‌معلم با تعهد خدمت؛ ضوابط بخش فرهنگیان دفترچه,1401-humanities-booklet,151,1401-humanities-booklet,151,کدرشته‌محل منبع: 44844؛ عنوان رشته در منبع: آموزش ابتدایی؛ نحوه پذیرش: با آزمون (بخش دانشجو‌معلم)؛ استان در این ردیف مربوط به بومی‌گزینی/محل خدمت است
1401,آموزش ابتدایی,دانشگاه فرهنگیان,،پردیس شهید چمران تهران,تهران,در جدول ذکر نشده,,تعهد خدمت,8,مرد,در جدول ذکر نشده,ادامه مخصوص داوطلبان بومی استان تهران؛ ،پردیس شهید چمران تهران/ اولویت پذیرش با داوطلبان بومی شهرستانهای فیروزکوه، دماوند، رودهن، پردیس، ورامین، قرچک پاکدشت، پیشوا، جوادآباد، شهرری، فشاپویه، کهریزک/محل خدمت فیروزکوه؛ پذیرش دانشجو‌معلم با تعهد خدمت؛ ضوابط بخش فرهنگیان دفترچه,1401-humanities-booklet,151,1401-humanities-booklet,151,کدرشته‌محل منبع: 44845؛ عنوان رشته در منبع: آموزش ابتدایی؛ نحوه پذیرش: با آزمون (بخش دانشجو‌معلم)؛ استان در این ردیف مربوط به بومی‌گزینی/محل خدمت است
1401,آموزش ابتدایی,دانشگاه فرهنگیان,،پردیس شهید مفتح شهرری,تهران,در جدول ذکر نشده,,تعهد خدمت,65,مرد,در جدول ذکر نشده,ادامه مخصوص داوطلبان بومی استان تهران؛ ،پردیس شهید مفتح شهرری/ اولویت پذیرش با داوطلبان بومی شهرستانهای ملارد، شهریار، قدس، رباط کریم، بهارستان اسلامشهر/محل خدمت اسلام شهر؛ پذیرش دانشجو‌معلم با تعهد خدمت؛ ضوابط بخش فرهنگیان دفترچه,1401-humanities-booklet,151,1401-humanities-booklet,151,کدرشته‌محل منبع: 44846؛ عنوان رشته در منبع: آموزش ابتدایی؛ نحوه پذیرش: با آزمون (بخش دانشجو‌معلم)؛ استان در این ردیف مربوط به بومی‌گزینی/محل خدمت است
1401,آموزش ابتدایی,دانشگاه فرهنگیان,،پردیس شهید مفتح شهرری,تهران,در جدول ذکر نشده,,تعهد خدمت,43,مرد,در جدول ذکر نشده,ادامه مخصوص داوطلبان بومی استان تهران؛ ،پردیس شهید مفتح شهرری/ اولویت پذیرش با داوطلبان بومی شهرستانهای ملارد، شهریار، قدس، رباط کریم، بهارستان اسلامشهر/محل خدمت بهارستان1؛ پذیرش دانشجو‌معلم با تعهد خدمت؛ ضوابط بخش فرهنگیان دفترچه,1401-humanities-booklet,152,1401-humanities-booklet,152,کدرشته‌محل منبع: 44847؛ عنوان رشته در منبع: آموزش ابتدایی؛ نحوه پذیرش: با آزمون (بخش دانشجو‌معلم)؛ استان در این ردیف مربوط به بومی‌گزینی/محل خدمت است
1401,آموزش ابتدایی,دانشگاه فرهنگیان,پردیس شهید مفتح شهرری,تهران,در جدول ذکر نشده,,تعهد خدمت,58,مرد,در جدول ذکر نشده,ادامه مخصوص داوطلبان بومی استان تهران؛ پردیس شهید مفتح شهرری/ اولویت پذیرش با داوطلبان بومی ،شهرستانهای ملارد، شهریار، قدس، رباط کریم، بهارستان اسلامشهر/محل خدمت بهارستان2؛ پذیرش دانشجو‌معلم با تعهد خدمت؛ ضوابط بخش فرهنگیان دفترچه,1401-humanities-booklet,152,1401-humanities-booklet,152,کدرشته‌محل منبع: 44848؛ عنوان رشته در منبع: آموزش ابتدایی؛ نحوه پذیرش: با آزمون (بخش دانشجو‌معلم)؛ استان در این ردیف مربوط به بومی‌گزینی/محل خدمت است
1401,آموزش ابتدایی,دانشگاه فرهنگیان,،پردیس شهید مفتح شهرری,تهران,در جدول ذکر نشده,,تعهد خدمت,61,مرد,در جدول ذکر نشده,ادامه مخصوص داوطلبان بومی استان تهران؛ ،پردیس شهید مفتح شهرری/ اولویت پذیرش با داوطلبان بومی شهرستانهای فیروزکوه، دماوند، رودهن، پردیس، ورامین، قرچک ،پاکدشت، پیشوا، جوادآباد، شهرری فشاپویه، کهریزک/محل خدمت پاکدشت؛ پذیرش دانشجو‌معلم با تعهد خدمت؛ ضوابط بخش فرهنگیان دفترچه,1401-humanities-booklet,152,1401-humanities-booklet,152,کدرشته‌محل منبع: 44849؛ عنوان رشته در منبع: آموزش ابتدایی؛ نحوه پذیرش: با آزمون (بخش دانشجو‌معلم)؛ استان در این ردیف مربوط به بومی‌گزینی/محل خدمت است
1401,آموزش ابتدایی,دانشگاه فرهنگیان,،پردیس شهید مفتح شهرری,تهران,در جدول ذکر نشده,,تعهد خدمت,6,مرد,در جدول ذکر نشده,ادامه مخصوص داوطلبان بومی استان تهران؛ ،پردیس شهید مفتح شهرری/ اولویت پذیرش با داوطلبان بومی شهرستانهای فیروزکوه، دماوند، رودهن، پردیس، ورامین، قرچک پاکدشت، پیشوا، جوادآباد، شهرری، فشاپویه، کهریزک/محل خدمت پیشوا؛ پذیرش دانشجو‌معلم با تعهد خدمت؛ ضوابط بخش فرهنگیان دفترچه,1401-humanities-booklet,152,1401-humanities-booklet,152,کدرشته‌محل منبع: 44850؛ عنوان رشته در منبع: آموزش ابتدایی؛ نحوه پذیرش: با آزمون (بخش دانشجو‌معلم)؛ استان در این ردیف مربوط به بومی‌گزینی/محل خدمت است
1401,آموزش ابتدایی,دانشگاه فرهنگیان,،پردیس شهید مفتح شهرری,تهران,در جدول ذکر نشده,,تعهد خدمت,7,مرد,در جدول ذکر نشده,ادامه مخصوص داوطلبان بومی استان تهران؛ ،پردیس شهید مفتح شهرری/ اولویت پذیرش با داوطلبان بومی شهرستانهای فیروزکوه، دماوند، رودهن، پردیس، ورامین، قرچک پاکدشت، پیشوا، جوادآباد، شهرری، فشاپویه، کهریزک/محل خدمت جوادآباد؛ پذیرش دانشجو‌معلم با تعهد خدمت؛ ضوابط بخش فرهنگیان دفترچه,1401-humanities-booklet,152,1401-humanities-booklet,152,کدرشته‌محل منبع: 44851؛ عنوان رشته در منبع: آموزش ابتدایی؛ نحوه پذیرش: با آزمون (بخش دانشجو‌معلم)؛ استان در این ردیف مربوط به بومی‌گزینی/محل خدمت است
1401,آموزش ابتدایی,دانشگاه فرهنگیان,پردیس شهید مفتح شهرری,تهران,در جدول ذکر نشده,,تعهد خدمت,10,مرد,در جدول ذکر نشده,ادامه مخصوص داوطلبان بومی استان تهران؛ پردیس شهید مفتح شهرری/ اولویت پذیرش با ،داوطلبان بومی شهرستانهای ملارد، شهریار، قدس، رباط کریم، بهارستان اسلامشهر/محل خدمت چهاردانگه شهرستانها؛ پذیرش دانشجو‌معلم با تعهد خدمت؛ ضوابط بخش فرهنگیان دفترچه,1401-humanities-booklet,152,1401-humanities-booklet,152,کدرشته‌محل منبع: 44852؛ عنوان رشته در منبع: آموزش ابتدایی؛ نحوه پذیرش: با آزمون (بخش دانشجو‌معلم)؛ استان در این ردیف مربوط به بومی‌گزینی/محل خدمت است
1401,آموزش ابتدایی,دانشگاه فرهنگیان,،پردیس شهید مفتح شهرری,تهران,در جدول ذکر نشده,,تعهد خدمت,83,مرد,در جدول ذکر نشده,ادامه مخصوص داوطلبان بومی استان تهران؛ ،پردیس شهید مفتح شهرری/ اولویت پذیرش با داوطلبان بومی شهرستانهای ملارد، شهریار، قدس، رباط کریم، بهارستان اسلامشهر/محل خدمت رباط کریم؛ پذیرش دانشجو‌معلم با تعهد خدمت؛ ضوابط بخش فرهنگیان دفترچه,1401-humanities-booklet,152,1401-humanities-booklet,152,کدرشته‌محل منبع: 44853؛ عنوان رشته در منبع: آموزش ابتدایی؛ نحوه پذیرش: با آزمون (بخش دانشجو‌معلم)؛ استان در این ردیف مربوط به بومی‌گزینی/محل خدمت است
1401,آموزش ابتدایی,دانشگاه فرهنگیان,،پردیس شهید مفتح شهرری,تهران,در جدول ذکر نشده,,تعهد خدمت,18,مرد,در جدول ذکر نشده,ادامه مخصوص داوطلبان بومی استان تهران؛ ،پردیس شهید مفتح شهرری/ اولویت پذیرش با داوطلبان بومی شهرستانهای فیروزکوه، دماوند، رودهن، پردیس، ورامین، قرچک پاکدشت، پیشوا، جوادآباد، شهرری، فشاپویه، کهریزک/محل خدمت شهرری .ناحیه1؛ پذیرش دانشجو‌معلم با تعهد خدمت؛ ضوابط بخش فرهنگیان دفترچه,1401-humanities-booklet,152,1401-humanities-booklet,152,کدرشته‌محل منبع: 44854؛ عنوان رشته در منبع: آموزش ابتدایی؛ نحوه پذیرش: با آزمون (بخش دانشجو‌معلم)؛ استان در این ردیف مربوط به بومی‌گزینی/محل خدمت است
1401,آموزش ابتدایی,دانشگاه فرهنگیان,پردیس ،شهید مفتح شهرری,تهران,در جدول ذکر نشده,,تعهد خدمت,17,مرد,در جدول ذکر نشده,ادامه مخصوص داوطلبان بومی استان تهران؛ پردیس ،شهید مفتح شهرری/ اولویت پذیرش با داوطلبان بومی شهرستانهای فیروزکوه، دماوند، رودهن، پردیس، ورامین، قرچک پاکدشت، پیشوا، جوادآباد، شهرری، فشاپویه، کهریزک/محل خدمت شهرری .ناحیه2؛ پذیرش دانشجو‌معلم با تعهد خدمت؛ ضوابط بخش فرهنگیان دفترچه,1401-humanities-booklet,152,1401-humanities-booklet,152,کدرشته‌محل منبع: 44855؛ عنوان رشته در منبع: آموزش ابتدایی؛ نحوه پذیرش: با آزمون (بخش دانشجو‌معلم)؛ استان در این ردیف مربوط به بومی‌گزینی/محل خدمت است
1401,آموزش ابتدایی,دانشگاه فرهنگیان,پردیس شهید مفتح شهرری,تهران,در جدول ذکر نشده,,تعهد خدمت,36,مرد,در جدول ذکر نشده,ادامه مخصوص داوطلبان بومی استان تهران؛ پردیس شهید مفتح شهرری/ اولویت پذیرش با داوطلبان بومی ،شهرستانهای ملارد، شهریار، قدس، رباط کریم، بهارستان اسلامشهر/محل خدمت شهرقدس؛ پذیرش دانشجو‌معلم با تعهد خدمت؛ ضوابط بخش فرهنگیان دفترچه,1401-humanities-booklet,152,1401-humanities-booklet,152,کدرشته‌محل منبع: 44856؛ عنوان رشته در منبع: آموزش ابتدایی؛ نحوه پذیرش: با آزمون (بخش دانشجو‌معلم)؛ استان در این ردیف مربوط به بومی‌گزینی/محل خدمت است
1401,آموزش ابتدایی,دانشگاه فرهنگیان,،پردیس شهید مفتح شهرری,تهران,در جدول ذکر نشده,,تعهد خدمت,76,مرد,در جدول ذکر نشده,ادامه مخصوص داوطلبان بومی استان تهران؛ ،پردیس شهید مفتح شهرری/ اولویت پذیرش با داوطلبان بومی شهرستانهای ملارد، شهریار، قدس، رباط کریم، بهارستان اسلامشهر/محل خدمت شهریار؛ پذیرش دانشجو‌معلم با تعهد خدمت؛ ضوابط بخش فرهنگیان دفترچه,1401-humanities-booklet,152,1401-humanities-booklet,152,کدرشته‌محل منبع: 44857؛ عنوان رشته در منبع: آموزش ابتدایی؛ نحوه پذیرش: با آزمون (بخش دانشجو‌معلم)؛ استان در این ردیف مربوط به بومی‌گزینی/محل خدمت است
1401,آموزش ابتدایی,دانشگاه فرهنگیان,،پردیس شهید مفتح شهرری,تهران,در جدول ذکر نشده,,تعهد خدمت,18,مرد,در جدول ذکر نشده,ادامه مخصوص داوطلبان بومی استان تهران؛ ،پردیس شهید مفتح شهرری/ اولویت پذیرش با داوطلبان بومی شهرستانهای فیروزکوه، دماوند، رودهن، پردیس، ورامین، قرچک پاکدشت، پیشوا، جوادآباد، شهرری، فشاپویه، کهریزک/محل خدمت فشافویه؛ پذیرش دانشجو‌معلم با تعهد خدمت؛ ضوابط بخش فرهنگیان دفترچه,1401-humanities-booklet,152,1401-humanities-booklet,152,کدرشته‌محل منبع: 44858؛ عنوان رشته در منبع: آموزش ابتدایی؛ نحوه پذیرش: با آزمون (بخش دانشجو‌معلم)؛ استان در این ردیف مربوط به بومی‌گزینی/محل خدمت است
1401,آموزش ابتدایی,دانشگاه فرهنگیان,پردیس شهید مفتح شهرری,تهران,در جدول ذکر نشده,,تعهد خدمت,18,مرد,در جدول ذکر نشده,ادامه مخصوص داوطلبان بومی استان تهران؛ پردیس شهید مفتح شهرری/ اولویت پذیرش با ،داوطلبان بومی شهرستانهای فیروزکوه، دماوند، رودهن، پردیس، ورامین، قرچک پاکدشت، پیشوا، جوادآباد، شهرری، فشاپویه، کهریزک/محل خدمت قرچک؛ پذیرش دانشجو‌معلم با تعهد خدمت؛ ضوابط بخش فرهنگیان دفترچه,1401-humanities-booklet,152,1401-humanities-booklet,152,کدرشته‌محل منبع: 44859؛ عنوان رشته در منبع: آموزش ابتدایی؛ نحوه پذیرش: با آزمون (بخش دانشجو‌معلم)؛ استان در این ردیف مربوط به بومی‌گزینی/محل خدمت است
1401,آموزش ابتدایی,دانشگاه فرهنگیان,،پردیس شهید مفتح شهرری,تهران,در جدول ذکر نشده,,تعهد خدمت,11,مرد,در جدول ذکر نشده,ادامه مخصوص داوطلبان بومی استان تهران؛ ،پردیس شهید مفتح شهرری/ اولویت پذیرش با داوطلبان بومی شهرستانهای فیروزکوه، دماوند، رودهن، پردیس ،ورامین، قرچک پاکدشت، پیشوا، جوادآباد، شهرری، فشاپویه، کهریزک/محل خدمت کهریزک؛ پذیرش دانشجو‌معلم با تعهد خدمت؛ ضوابط بخش فرهنگیان دفترچه,1401-humanities-booklet,152,1401-humanities-booklet,152,کدرشته‌محل منبع: 44860؛ عنوان رشته در منبع: آموزش ابتدایی؛ نحوه پذیرش: با آزمون (بخش دانشجو‌معلم)؛ استان در این ردیف مربوط به بومی‌گزینی/محل خدمت است
1401,آموزش ابتدایی,دانشگاه فرهنگیان,،پردیس شهید مفتح شهرری,تهران,در جدول ذکر نشده,,تعهد خدمت,29,مرد,در جدول ذکر نشده,ادامه مخصوص داوطلبان بومی استان تهران؛ ،پردیس شهید مفتح شهرری/ اولویت پذیرش با داوطلبان بومی شهرستانهای ملارد، شهریار، قدس، رباط کریم، بهارستان اسلامشهر/محل خدمت ملارد؛ پذیرش دانشجو‌معلم با تعهد خدمت؛ ضوابط بخش فرهنگیان دفترچه,1401-humanities-booklet,152,1401-humanities-booklet,152,کدرشته‌محل منبع: 44861؛ عنوان رشته در منبع: آموزش ابتدایی؛ نحوه پذیرش: با آزمون (بخش دانشجو‌معلم)؛ استان در این ردیف مربوط به بومی‌گزینی/محل خدمت است
1401,آموزش ابتدایی,دانشگاه فرهنگیان,،پردیس شهید مفتح شهرری,تهران,در جدول ذکر نشده,,تعهد خدمت,23,مرد,در جدول ذکر نشده,ادامه مخصوص داوطلبان بومی استان تهران؛ ،پردیس شهید مفتح شهرری/ اولویت پذیرش با داوطلبان بومی شهرستانهای فیروزکوه، دماوند، رودهن، پردیس، ورامین، قرچک پاکدشت، پیشوا، جوادآباد، شهرری، فشاپویه، کهریزک/محل خدمت ورامین؛ پذیرش دانشجو‌معلم با تعهد خدمت؛ ضوابط بخش فرهنگیان دفترچه,1401-humanities-booklet,152,1401-humanities-booklet,152,کدرشته‌محل منبع: 44862؛ عنوان رشته در منبع: آموزش ابتدایی؛ نحوه پذیرش: با آزمون (بخش دانشجو‌معلم)؛ استان در این ردیف مربوط به بومی‌گزینی/محل خدمت است
1401,آموزش ابتدایی,دانشگاه فرهنگیان,پردیس نسیبه تهران,تهران,در جدول ذکر نشده,,تعهد خدمت,8,زن,در جدول ذکر نشده,ادامه مخصوص داوطلبان بومی استان تهران؛ پردیس نسیبه تهران/ مخصوص داوطلبان بومی شهرستانهای تهران و شمیرانات/محل خدمت تهران . منطقه1؛ پذیرش دانشجو‌معلم با تعهد خدمت؛ ضوابط بخش فرهنگیان دفترچه,1401-humanities-booklet,152,1401-humanities-booklet,152,کدرشته‌محل منبع: 44863؛ عنوان رشته در منبع: آموزش ابتدایی؛ نحوه پذیرش: با آزمون (بخش دانشجو‌معلم)؛ استان در این ردیف مربوط به بومی‌گزینی/محل خدمت است
1401,آموزش ابتدایی,دانشگاه فرهنگیان,پردیس نسیبه تهران,تهران,در جدول ذکر نشده,,تعهد خدمت,11,زن,در جدول ذکر نشده,ادامه مخصوص داوطلبان بومی استان تهران؛ پردیس نسیبه تهران/ مخصوص داوطلبان بومی شهرستانهای تهران و شمیرانات/محل خدمت تهران .منطقه2؛ پذیرش دانشجو‌معلم با تعهد خدمت؛ ضوابط بخش فرهنگیان دفترچه,1401-humanities-booklet,152,1401-humanities-booklet,152,کدرشته‌محل منبع: 44864؛ عنوان رشته در منبع: آموزش ابتدایی؛ نحوه پذیرش: با آزمون (بخش دانشجو‌معلم)؛ استان در این ردیف مربوط به بومی‌گزینی/محل خدمت است
1401,آموزش ابتدایی,دانشگاه فرهنگیان,پردیس نسیبه تهران,تهران,در جدول ذکر نشده,,تعهد خدمت,5,زن,در جدول ذکر نشده,ادامه مخصوص داوطلبان بومی استان تهران؛ پردیس نسیبه تهران/ مخصوص داوطلبان بومی شهرستانهای تهران و شمیرانات/محل خدمت تهران .منطقه3؛ پذیرش دانشجو‌معلم با تعهد خدمت؛ ضوابط بخش فرهنگیان دفترچه,1401-humanities-booklet,152,1401-humanities-booklet,152,کدرشته‌محل منبع: 44865؛ عنوان رشته در منبع: آموزش ابتدایی؛ نحوه پذیرش: با آزمون (بخش دانشجو‌معلم)؛ استان در این ردیف مربوط به بومی‌گزینی/محل خدمت است
1401,آموزش ابتدایی,دانشگاه فرهنگیان,پردیس نسیبه تهران,تهران,در جدول ذکر نشده,,تعهد خدمت,24,زن,در جدول ذکر نشده,ادامه مخصوص داوطلبان بومی استان تهران؛ پردیس نسیبه تهران/ مخصوص داوطلبان بومی شهرستانهای تهران و شمیرانات/محل خدمت تهران .منطقه4؛ پذیرش دانشجو‌معلم با تعهد خدمت؛ ضوابط بخش فرهنگیان دفترچه,1401-humanities-booklet,152,1401-humanities-booklet,152,کدرشته‌محل منبع: 44866؛ عنوان رشته در منبع: آموزش ابتدایی؛ نحوه پذیرش: با آزمون (بخش دانشجو‌معلم)؛ استان در این ردیف مربوط به بومی‌گزینی/محل خدمت است
1401,آموزش ابتدایی,دانشگاه فرهنگیان,پردیس نسیبه تهران,تهران,در جدول ذکر نشده,,تعهد خدمت,23,زن,در جدول ذکر نشده,ادامه مخصوص داوطلبان بومی استان تهران؛ پردیس نسیبه تهران/ مخصوص داوطلبان بومی شهرستانهای تهران و شمیرانات/محل خدمت تهران .منطقه5؛ پذیرش دانشجو‌معلم با تعهد خدمت؛ ضوابط بخش فرهنگیان دفترچه,1401-humanities-booklet,152,1401-humanities-booklet,152,کدرشته‌محل منبع: 44867؛ عنوان رشته در منبع: آموزش ابتدایی؛ نحوه پذیرش: با آزمون (بخش دانشجو‌معلم)؛ استان در این ردیف مربوط به بومی‌گزینی/محل خدمت است
1401,آموزش ابتدایی,دانشگاه فرهنگیان,پردیس نسیبه تهران,تهران,در جدول ذکر نشده,,تعهد خدمت,6,زن,در جدول ذکر نشده,ادامه مخصوص داوطلبان بومی استان تهران؛ پردیس نسیبه تهران/ مخصوص داوطلبان بومی شهرستانهای تهران و شمیرانات/محل خدمت تهران .منطقه6؛ پذیرش دانشجو‌معلم با تعهد خدمت؛ ضوابط بخش فرهنگیان دفترچه,1401-humanities-booklet,152,1401-humanities-booklet,152,کدرشته‌محل منبع: 44868؛ عنوان رشته در منبع: آموزش ابتدایی؛ نحوه پذیرش: با آزمون (بخش دانشجو‌معلم)؛ استان در این ردیف مربوط به بومی‌گزینی/محل خدمت است
1401,آموزش ابتدایی,دانشگاه فرهنگیان,پردیس نسیبه تهران,تهران,در جدول ذکر نشده,,تعهد خدمت,7,زن,در جدول ذکر نشده,ادامه مخصوص داوطلبان بومی استان تهران؛ پردیس نسیبه تهران/ مخصوص داوطلبان بومی شهرستانهای تهران و شمیرانات/محل خدمت تهران .منطقه7؛ پذیرش دانشجو‌معلم با تعهد خدمت؛ ضوابط بخش فرهنگیان دفترچه,1401-humanities-booklet,152,1401-humanities-booklet,152,کدرشته‌محل منبع: 44869؛ عنوان رشته در منبع: آموزش ابتدایی؛ نحوه پذیرش: با آزمون (بخش دانشجو‌معلم)؛ استان در این ردیف مربوط به بومی‌گزینی/محل خدمت است
1401,آموزش ابتدایی,دانشگاه فرهنگیان,پردیس نسیبه تهران,تهران,در جدول ذکر نشده,,تعهد خدمت,11,زن,در جدول ذکر نشده,ادامه مخصوص داوطلبان بومی استان تهران؛ پردیس نسیبه تهران/ مخصوص داوطلبان بومی شهرستانهای تهران و شمیرانات/محل خدمت تهران .منطقه8؛ پذیرش دانشجو‌معلم با تعهد خدمت؛ ضوابط بخش فرهنگیان دفترچه,1401-humanities-booklet,152,1401-humanities-booklet,152,کدرشته‌محل منبع: 44870؛ عنوان رشته در منبع: آموزش ابتدایی؛ نحوه پذیرش: با آزمون (بخش دانشجو‌معلم)؛ استان در این ردیف مربوط به بومی‌گزینی/محل خدمت است
1401,آموزش ابتدایی,دانشگاه فرهنگیان,پردیس نسیبه تهران,تهران,در جدول ذکر نشده,,تعهد خدمت,14,زن,در جدول ذکر نشده,ادامه مخصوص داوطلبان بومی استان تهران؛ پردیس نسیبه تهران/ مخصوص داوطلبان بومی شهرستانهای تهران و شمیرانات/محل خدمت تهران .منطقه9؛ پذیرش دانشجو‌معلم با تعهد خدمت؛ ضوابط بخش فرهنگیان دفترچه,1401-humanities-booklet,152,1401-humanities-booklet,152,کدرشته‌محل منبع: 44871؛ عنوان رشته در منبع: آموزش ابتدایی؛ نحوه پذیرش: با آزمون (بخش دانشجو‌معلم)؛ استان در این ردیف مربوط به بومی‌گزینی/محل خدمت است
1401,آموزش ابتدایی,دانشگاه فرهنگیان,پردیس نسیبه تهران,تهران,در جدول ذکر نشده,,تعهد خدمت,10,زن,در جدول ذکر نشده,ادامه مخصوص داوطلبان بومی استان تهران؛ پردیس نسیبه تهران/ مخصوص داوطلبان بومی شهرستانهای تهران و شمیرانات/محل خدمت تهران .منطقه10؛ پذیرش دانشجو‌معلم با تعهد خدمت؛ ضوابط بخش فرهنگیان دفترچه,1401-humanities-booklet,152,1401-humanities-booklet,152,کدرشته‌محل منبع: 44872؛ عنوان رشته در منبع: آموزش ابتدایی؛ نحوه پذیرش: با آزمون (بخش دانشجو‌معلم)؛ استان در این ردیف مربوط به بومی‌گزینی/محل خدمت است
1401,آموزش ابتدایی,دانشگاه فرهنگیان,پردیس نسیبه تهران,تهران,در جدول ذکر نشده,,تعهد خدمت,7,زن,در جدول ذکر نشده,ادامه مخصوص داوطلبان بومی استان تهران؛ پردیس نسیبه تهران/ مخصوص داوطلبان بومی شهرستانهای تهران و شمیرانات/محل خدمت تهران .منطقه11؛ پذیرش دانشجو‌معلم با تعهد خدمت؛ ضوابط بخش فرهنگیان دفترچه,1401-humanities-booklet,152,1401-humanities-booklet,152,کدرشته‌محل منبع: 44873؛ عنوان رشته در منبع: آموزش ابتدایی؛ نحوه پذیرش: با آزمون (بخش دانشجو‌معلم)؛ استان در این ردیف مربوط به بومی‌گزینی/محل خدمت است
1401,آموزش ابتدایی,دانشگاه فرهنگیان,,تهران,در جدول ذکر نشده,,تعهد خدمت,11,زن,در جدول ذکر نشده,ادامه مخصوص داوطلبان بومی استان تهران؛ /پردیس نسیبه تهران مخصوص داوطلبان بومی شهرستانهای تهران و شمیرانات/محل خدمت تهران .منطقه12؛ پذیرش دانشجو‌معلم با تعهد خدمت؛ ضوابط بخش فرهنگیان دفترچه,1401-humanities-booklet,152,1401-humanities-booklet,152,کدرشته‌محل منبع: 44874؛ عنوان رشته در منبع: آموزش ابتدایی؛ نحوه پذیرش: با آزمون (بخش دانشجو‌معلم)؛ استان در این ردیف مربوط به بومی‌گزینی/محل خدمت است
1401,آموزش ابتدایی,دانشگاه فرهنگیان,پردیس نسیبه تهران,تهران,در جدول ذکر نشده,,تعهد خدمت,8,زن,در جدول ذکر نشده,ادامه مخصوص داوطلبان بومی استان تهران؛ پردیس نسیبه تهران/ مخصوص داوطلبان بومی شهرستانهای تهران و شمیرانات/محل خدمت تهران .منطقه13؛ پذیرش دانشجو‌معلم با تعهد خدمت؛ ضوابط بخش فرهنگیان دفترچه,1401-humanities-booklet,152,1401-humanities-booklet,152,کدرشته‌محل منبع: 44875؛ عنوان رشته در منبع: آموزش ابتدایی؛ نحوه پذیرش: با آزمون (بخش دانشجو‌معلم)؛ استان در این ردیف مربوط به بومی‌گزینی/محل خدمت است
1401,آموزش ابتدایی,دانشگاه فرهنگیان,پردیس نسیبه تهران,تهران,در جدول ذکر نشده,,تعهد خدمت,18,زن,در جدول ذکر نشده,ادامه مخصوص داوطلبان بومی استان تهران؛ پردیس نسیبه تهران/ مخصوص داوطلبان بومی شهرستانهای تهران و شمیرانات/محل خدمت تهران .منطقه14؛ پذیرش دانشجو‌معلم با تعهد خدمت؛ ضوابط بخش فرهنگیان دفترچه,1401-humanities-booklet,152,1401-humanities-booklet,152,کدرشته‌محل منبع: 44876؛ عنوان رشته در منبع: آموزش ابتدایی؛ نحوه پذیرش: با آزمون (بخش دانشجو‌معلم)؛ استان در این ردیف مربوط به بومی‌گزینی/محل خدمت است
1401,آموزش ابتدایی,دانشگاه فرهنگیان,پردیس نسیبه تهران,تهران,در جدول ذکر نشده,,تعهد خدمت,22,زن,در جدول ذکر نشده,ادامه مخصوص داوطلبان بومی استان تهران؛ پردیس نسیبه تهران/ مخصوص داوطلبان بومی شهرستانهای تهران و شمیرانات/محل خدمت تهران .منطقه15؛ پذیرش دانشجو‌معلم با تعهد خدمت؛ ضوابط بخش فرهنگیان دفترچه,1401-humanities-booklet,152,1401-humanities-booklet,152,کدرشته‌محل منبع: 44877؛ عنوان رشته در منبع: آموزش ابتدایی؛ نحوه پذیرش: با آزمون (بخش دانشجو‌معلم)؛ استان در این ردیف مربوط به بومی‌گزینی/محل خدمت است
1401,آموزش ابتدایی,دانشگاه فرهنگیان,پردیس نسیبه تهران,تهران,در جدول ذکر نشده,,تعهد خدمت,16,زن,در جدول ذکر نشده,ادامه مخصوص داوطلبان بومی استان تهران؛ پردیس نسیبه تهران/ مخصوص داوطلبان بومی شهرستانهای تهران و شمیرانات/محل خدمت تهران .منطقه16؛ پذیرش دانشجو‌معلم با تعهد خدمت؛ ضوابط بخش فرهنگیان دفترچه,1401-humanities-booklet,152,1401-humanities-booklet,152,کدرشته‌محل منبع: 44878؛ عنوان رشته در منبع: آموزش ابتدایی؛ نحوه پذیرش: با آزمون (بخش دانشجو‌معلم)؛ استان در این ردیف مربوط به بومی‌گزینی/محل خدمت است
1401,آموزش ابتدایی,دانشگاه فرهنگیان,پردیس نسیبه تهران,تهران,در جدول ذکر نشده,,تعهد خدمت,10,زن,در جدول ذکر نشده,ادامه مخصوص داوطلبان بومی استان تهران؛ پردیس نسیبه تهران/ مخصوص داوطلبان بومی شهرستانهای تهران و شمیرانات/محل خدمت تهران .منطقه17؛ پذیرش دانشجو‌معلم با تعهد خدمت؛ ضوابط بخش فرهنگیان دفترچه,1401-humanities-booklet,152,1401-humanities-booklet,152,کدرشته‌محل منبع: 44879؛ عنوان رشته در منبع: آموزش ابتدایی؛ نحوه پذیرش: با آزمون (بخش دانشجو‌معلم)؛ استان در این ردیف مربوط به بومی‌گزینی/محل خدمت است
1401,آموزش ابتدایی,دانشگاه فرهنگیان,پردیس نسیبه تهران,تهران,در جدول ذکر نشده,,تعهد خدمت,16,زن,در جدول ذکر نشده,ادامه مخصوص داوطلبان بومی استان تهران؛ پردیس نسیبه تهران/ مخصوص داوطلبان بومی شهرستانهای تهران و شمیرانات/محل خدمت تهران .منطقه18؛ پذیرش دانشجو‌معلم با تعهد خدمت؛ ضوابط بخش فرهنگیان دفترچه,1401-humanities-booklet,152,1401-humanities-booklet,152,کدرشته‌محل منبع: 44880؛ عنوان رشته در منبع: آموزش ابتدایی؛ نحوه پذیرش: با آزمون (بخش دانشجو‌معلم)؛ استان در این ردیف مربوط به بومی‌گزینی/محل خدمت است
1401,آموزش ابتدایی,دانشگاه فرهنگیان,پردیس نسیبه تهران,تهران,در جدول ذکر نشده,,تعهد خدمت,13,زن,در جدول ذکر نشده,ادامه مخصوص داوطلبان بومی استان تهران؛ پردیس نسیبه تهران/ مخصوص داوطلبان بومی شهرستانهای تهران و شمیرانات/محل خدمت تهران .منطقه19؛ پذیرش دانشجو‌معلم با تعهد خدمت؛ ضوابط بخش فرهنگیان دفترچه,1401-humanities-booklet,152,1401-humanities-booklet,152,کدرشته‌محل منبع: 44881؛ عنوان رشته در منبع: آموزش ابتدایی؛ نحوه پذیرش: با آزمون (بخش دانشجو‌معلم)؛ استان در این ردیف مربوط به بومی‌گزینی/محل خدمت است
1401,آموزش ابتدایی,دانشگاه فرهنگیان,،پردیس نسیبه تهران,تهران,در جدول ذکر نشده,,تعهد خدمت,17,زن,در جدول ذکر نشده,ادامه مخصوص داوطلبان بومی استان تهران؛ ،پردیس نسیبه تهران/ اولویت پذیرش با داوطلبان بومی شهرستانهای فیروزکوه ،دماوند، رودهن، پردیس، ورامین، قرچک، پاکدشت پیشوا، جوادآباد، شهرری، فشاپویه، کهریزک/محل خدمت پردیس؛ پذیرش دانشجو‌معلم با تعهد خدمت؛ ضوابط بخش فرهنگیان دفترچه,1401-humanities-booklet,152,1401-humanities-booklet,152,کدرشته‌محل منبع: 44882؛ عنوان رشته در منبع: آموزش ابتدایی؛ نحوه پذیرش: با آزمون (بخش دانشجو‌معلم)؛ استان در این ردیف مربوط به بومی‌گزینی/محل خدمت است
1401,آموزش ابتدایی,دانشگاه فرهنگیان,,تهران,در جدول ذکر نشده,,تعهد خدمت,8,زن,در جدول ذکر نشده,ادامه مخصوص داوطلبان بومی استان تهران؛ /پردیس نسیبه تهران ،اولویت پذیرش با داوطلبان بومی شهرستانهای فیروزکوه، دماوند، رودهن، پردیس، ورامین، قرچک، پاکدشت پیشوا، جوادآباد، شهرری، فشاپویه، کهریزک/محل خدمت دماوند؛ پذیرش دانشجو‌معلم با تعهد خدمت؛ ضوابط بخش فرهنگیان دفترچه,1401-humanities-booklet,153,1401-humanities-booklet,153,کدرشته‌محل منبع: 44883؛ عنوان رشته در منبع: آموزش ابتدایی؛ نحوه پذیرش: با آزمون (بخش دانشجو‌معلم)؛ استان در این ردیف مربوط به بومی‌گزینی/محل خدمت است
1401,آموزش ابتدایی,دانشگاه فرهنگیان,،پردیس نسیبه تهران,تهران,در جدول ذکر نشده,,تعهد خدمت,7,زن,در جدول ذکر نشده,ادامه مخصوص داوطلبان بومی استان تهران؛ ،پردیس نسیبه تهران/ اولویت پذیرش با داوطلبان بومی شهرستانهای فیروزکوه، دماوند ،رودهن، پردیس، ورامین، قرچک، پاکدشت پیشوا، جوادآباد، شهرری، فشاپویه، کهریزک/محل خدمت رودهن؛ پذیرش دانشجو‌معلم با تعهد خدمت؛ ضوابط بخش فرهنگیان دفترچه,1401-humanities-booklet,153,1401-humanities-booklet,153,کدرشته‌محل منبع: 44884؛ عنوان رشته در منبع: آموزش ابتدایی؛ نحوه پذیرش: با آزمون (بخش دانشجو‌معلم)؛ استان در این ردیف مربوط به بومی‌گزینی/محل خدمت است
1401,آموزش ابتدایی,دانشگاه فرهنگیان,،پردیس نسیبه تهران,تهران,در جدول ذکر نشده,,تعهد خدمت,5,زن,در جدول ذکر نشده,ادامه مخصوص داوطلبان بومی استان تهران؛ ،پردیس نسیبه تهران/ اولویت پذیرش با داوطلبان بومی شهرستانهای فیروزکوه، دماوند، رودهن، پردیس، ورامین، قرچک، پاکدشت ،پیشوا، جوادآباد، شهرری فشاپویه، کهریزک/محل خدمت فیروزکوه؛ پذیرش دانشجو‌معلم با تعهد خدمت؛ ضوابط بخش فرهنگیان دفترچه,1401-humanities-booklet,153,1401-humanities-booklet,153,کدرشته‌محل منبع: 44885؛ عنوان رشته در منبع: آموزش ابتدایی؛ نحوه پذیرش: با آزمون (بخش دانشجو‌معلم)؛ استان در این ردیف مربوط به بومی‌گزینی/محل خدمت است
1401,آموزش ابتدایی,دانشگاه فرهنگیان,پردیس بحر العلوم شهرکرد,چهارمحال و بختیاری,در جدول ذکر نشده,,تعهد خدمت,13,مرد,در جدول ذکر نشده,ادامه مخصوص داوطلبان بومی استان چهارمحال و بختیاری؛ پردیس بحر العلوم شهرکرد/ اولویت پذیرش با داوطلبان بومی شهرستانهای کیار، اردل/محل خدمت اردل؛ پذیرش دانشجو‌معلم با تعهد خدمت؛ ضوابط بخش فرهنگیان دفترچه,1401-humanities-booklet,158,1401-humanities-booklet,158,کدرشته‌محل منبع: 44992؛ عنوان رشته در منبع: آموزش ابتدایی؛ نحوه پذیرش: با آزمون (بخش دانشجو‌معلم)؛ استان در این ردیف مربوط به بومی‌گزینی/محل خدمت است
1401,آموزش ابتدایی,دانشگاه فرهنگیان,پردیس بحر العلوم شهرکرد,چهارمحال و بختیاری,در جدول ذکر نشده,,تعهد خدمت,13,مرد,در جدول ذکر نشده,ادامه مخصوص داوطلبان بومی استان چهارمحال و بختیاری؛ پردیس بحر العلوم شهرکرد/ اولویت پذیرش با داوطلبان بومی شهرستان بروجن/محل خدمت بلداجی؛ پذیرش دانشجو‌معلم با تعهد خدمت؛ ضوابط بخش فرهنگیان دفترچه,1401-humanities-booklet,158,1401-humanities-booklet,158,کدرشته‌محل منبع: 44993؛ عنوان رشته در منبع: آموزش ابتدایی؛ نحوه پذیرش: با آزمون (بخش دانشجو‌معلم)؛ استان در این ردیف مربوط به بومی‌گزینی/محل خدمت است
1401,آموزش ابتدایی,دانشگاه فرهنگیان,پردیس بحر العلوم شهرکرد,چهارمحال و بختیاری,در جدول ذکر نشده,,تعهد خدمت,14,مرد,در جدول ذکر نشده,ادامه مخصوص داوطلبان بومی استان چهارمحال و بختیاری؛ پردیس بحر العلوم شهرکرد/ اولویت پذیرش با داوطلبان بومی شهرستانهای شهر کرد، سامان، بن/محل خدمت بن؛ پذیرش دانشجو‌معلم با تعهد خدمت؛ ضوابط بخش فرهنگیان دفترچه,1401-humanities-booklet,158,1401-humanities-booklet,158,کدرشته‌محل منبع: 44994؛ عنوان رشته در منبع: آموزش ابتدایی؛ نحوه پذیرش: با آزمون (بخش دانشجو‌معلم)؛ استان در این ردیف مربوط به بومی‌گزینی/محل خدمت است
1401,آموزش ابتدایی,دانشگاه فرهنگیان,پردیس بحر العلوم شهرکرد,چهارمحال و بختیاری,در جدول ذکر نشده,,تعهد خدمت,16,مرد,در جدول ذکر نشده,ادامه مخصوص داوطلبان بومی استان چهارمحال و بختیاری؛ پردیس بحر العلوم شهرکرد/ اولویت پذیرش با داوطلبان بومی شهرستان لردگان و خانمیرزا/محل خدمت خانمیرزا؛ پذیرش دانشجو‌معلم با تعهد خدمت؛ ضوابط بخش فرهنگیان دفترچه,1401-humanities-booklet,158,1401-humanities-booklet,158,کدرشته‌محل منبع: 44995؛ عنوان رشته در منبع: آموزش ابتدایی؛ نحوه پذیرش: با آزمون (بخش دانشجو‌معلم)؛ استان در این ردیف مربوط به بومی‌گزینی/محل خدمت است
1401,آموزش ابتدایی,دانشگاه فرهنگیان,پردیس بحر العلوم شهرکرد,چهارمحال و بختیاری,در جدول ذکر نشده,,تعهد خدمت,14,مرد,در جدول ذکر نشده,ادامه مخصوص داوطلبان بومی استان چهارمحال و بختیاری؛ پردیس بحر العلوم شهرکرد/ اولویت پذیرش با داوطلبان بومی شهرستانهای شهر کرد، سامان، بن/محل خدمت سامان؛ پذیرش دانشجو‌معلم با تعهد خدمت؛ ضوابط بخش فرهنگیان دفترچه,1401-humanities-booklet,158,1401-humanities-booklet,158,کدرشته‌محل منبع: 44996؛ عنوان رشته در منبع: آموزش ابتدایی؛ نحوه پذیرش: با آزمون (بخش دانشجو‌معلم)؛ استان در این ردیف مربوط به بومی‌گزینی/محل خدمت است
1401,آموزش ابتدایی,دانشگاه فرهنگیان,پردیس بحر العلوم شهرکرد,چهارمحال و بختیاری,در جدول ذکر نشده,,تعهد خدمت,23,مرد,در جدول ذکر نشده,ادامه مخصوص داوطلبان بومی استان چهارمحال و بختیاری؛ پردیس بحر العلوم شهرکرد/ اولویت پذیرش با داوطلبان بومی شهرستانهای کوهرنگ، فارسان/محل خدمت فارسان؛ پذیرش دانشجو‌معلم با تعهد خدمت؛ ضوابط بخش فرهنگیان دفترچه,1401-humanities-booklet,158,1401-humanities-booklet,158,کدرشته‌محل منبع: 44997؛ عنوان رشته در منبع: آموزش ابتدایی؛ نحوه پذیرش: با آزمون (بخش دانشجو‌معلم)؛ استان در این ردیف مربوط به بومی‌گزینی/محل خدمت است
1401,آموزش ابتدایی,دانشگاه فرهنگیان,پردیس بحر العلوم شهرکرد,چهارمحال و بختیاری,در جدول ذکر نشده,,تعهد خدمت,13,مرد,در جدول ذکر نشده,ادامه مخصوص داوطلبان بومی استان چهارمحال و بختیاری؛ پردیس بحر العلوم شهرکرد/ اولویت پذیرش با داوطلبان بومی شهرستان لردگان و خانمیرزا/محل خدمت فلارد؛ پذیرش دانشجو‌معلم با تعهد خدمت؛ ضوابط بخش فرهنگیان دفترچه,1401-humanities-booklet,158,1401-humanities-booklet,158,کدرشته‌محل منبع: 44998؛ عنوان رشته در منبع: آموزش ابتدایی؛ نحوه پذیرش: با آزمون (بخش دانشجو‌معلم)؛ استان در این ردیف مربوط به بومی‌گزینی/محل خدمت است
1401,آموزش ابتدایی,دانشگاه فرهنگیان,پردیس بحر العلوم شهرکرد,چهارمحال و بختیاری,در جدول ذکر نشده,,تعهد خدمت,14,مرد,در جدول ذکر نشده,ادامه مخصوص داوطلبان بومی استان چهارمحال و بختیاری؛ پردیس بحر العلوم شهرکرد/ اولویت پذیرش با داوطلبان بومی شهرستانهای کوهرنگ، فارسان/محل خدمت کوهرنگ؛ پذیرش دانشجو‌معلم با تعهد خدمت؛ ضوابط بخش فرهنگیان دفترچه,1401-humanities-booklet,158,1401-humanities-booklet,158,کدرشته‌محل منبع: 44999؛ عنوان رشته در منبع: آموزش ابتدایی؛ نحوه پذیرش: با آزمون (بخش دانشجو‌معلم)؛ استان در این ردیف مربوط به بومی‌گزینی/محل خدمت است
1401,آموزش ابتدایی,دانشگاه فرهنگیان,پردیس بحر العلوم شهرکرد,چهارمحال و بختیاری,در جدول ذکر نشده,,تعهد خدمت,18,مرد,در جدول ذکر نشده,ادامه مخصوص داوطلبان بومی استان چهارمحال و بختیاری؛ پردیس بحر العلوم شهرکرد/ اولویت پذیرش با داوطلبان بومی شهرستانهای کیار، اردل/محل خدمت کیار؛ پذیرش دانشجو‌معلم با تعهد خدمت؛ ضوابط بخش فرهنگیان دفترچه,1401-humanities-booklet,158,1401-humanities-booklet,158,کدرشته‌محل منبع: 45000؛ عنوان رشته در منبع: آموزش ابتدایی؛ نحوه پذیرش: با آزمون (بخش دانشجو‌معلم)؛ استان در این ردیف مربوط به بومی‌گزینی/محل خدمت است
1401,آموزش ابتدایی,دانشگاه فرهنگیان,پردیس بحر العلوم شهرکرد,چهارمحال و بختیاری,در جدول ذکر نشده,,تعهد خدمت,13,مرد,در جدول ذکر نشده,ادامه مخصوص داوطلبان بومی استان چهارمحال و بختیاری؛ پردیس بحر العلوم شهرکرد/ اولویت پذیرش با داوطلبان بومی شهرستان بروجن/محل خدمت گندمان؛ پذیرش دانشجو‌معلم با تعهد خدمت؛ ضوابط بخش فرهنگیان دفترچه,1401-humanities-booklet,158,1401-humanities-booklet,158,کدرشته‌محل منبع: 45001؛ عنوان رشته در منبع: آموزش ابتدایی؛ نحوه پذیرش: با آزمون (بخش دانشجو‌معلم)؛ استان در این ردیف مربوط به بومی‌گزینی/محل خدمت است
1401,آموزش ابتدایی,دانشگاه فرهنگیان,پردیس بحر العلوم شهرکرد,چهارمحال و بختیاری,در جدول ذکر نشده,,تعهد خدمت,14,مرد,در جدول ذکر نشده,ادامه مخصوص داوطلبان بومی استان چهارمحال و بختیاری؛ پردیس بحر العلوم شهرکرد/ اولویت پذیرش با داوطلبان بومی شهرستانهای شهر کرد، سامان، بن/محل خدمت لاران؛ پذیرش دانشجو‌معلم با تعهد خدمت؛ ضوابط بخش فرهنگیان دفترچه,1401-humanities-booklet,158,1401-humanities-booklet,158,کدرشته‌محل منبع: 45002؛ عنوان رشته در منبع: آموزش ابتدایی؛ نحوه پذیرش: با آزمون (بخش دانشجو‌معلم)؛ استان در این ردیف مربوط به بومی‌گزینی/محل خدمت است
1401,آموزش ابتدایی,دانشگاه فرهنگیان,,چهارمحال و بختیاری,در جدول ذکر نشده,,تعهد خدمت,25,مرد,در جدول ذکر نشده,ادامه مخصوص داوطلبان بومی استان چهارمحال و بختیاری؛ /پردیس بحر العلوم شهرکرد اولویت پذیرش با داوطلبان بومی شهرستان لردگان و خانمیرزا/محل خدمت لردگان؛ پذیرش دانشجو‌معلم با تعهد خدمت؛ ضوابط بخش فرهنگیان دفترچه,1401-humanities-booklet,158,1401-humanities-booklet,158,کدرشته‌محل منبع: 45003؛ عنوان رشته در منبع: آموزش ابتدایی؛ نحوه پذیرش: با آزمون (بخش دانشجو‌معلم)؛ استان در این ردیف مربوط به بومی‌گزینی/محل خدمت است
1401,آموزش ابتدایی,دانشگاه فرهنگیان,پردیس بحر العلوم شهرکرد,چهارمحال و بختیاری,در جدول ذکر نشده,,تعهد خدمت,7,مرد,در جدول ذکر نشده,ادامه مخصوص داوطلبان بومی استان چهارمحال و بختیاری؛ پردیس بحر العلوم شهرکرد/ اولویت پذیرش با داوطلبان بومی شهرستانهای کیار، اردل/محل خدمت میانکوه؛ پذیرش دانشجو‌معلم با تعهد خدمت؛ ضوابط بخش فرهنگیان دفترچه,1401-humanities-booklet,158,1401-humanities-booklet,158,کدرشته‌محل منبع: 45004؛ عنوان رشته در منبع: آموزش ابتدایی؛ نحوه پذیرش: با آزمون (بخش دانشجو‌معلم)؛ استان در این ردیف مربوط به بومی‌گزینی/محل خدمت است
1401,آموزش ابتدایی,دانشگاه فرهنگیان,پردیس بحر العلوم شهرکرد,چهارمحال و بختیاری,در جدول ذکر نشده,,تعهد خدمت,13,مرد,در جدول ذکر نشده,ادامه مخصوص داوطلبان بومی استان چهارمحال و بختیاری؛ پردیس بحر العلوم شهرکرد/ اولویت پذیرش با داوطلبان بومی شهرستان لردگان و خانمیرزا/محل خدمت عشایری چهارمحال وبختیاری؛ پذیرش دانشجو‌معلم با تعهد خدمت؛ ضوابط بخش فرهنگیان دفترچه,1401-humanities-booklet,158,1401-humanities-booklet,158,کدرشته‌محل منبع: 45005؛ عنوان رشته در منبع: آموزش ابتدایی؛ نحوه پذیرش: با آزمون (بخش دانشجو‌معلم)؛ استان در این ردیف مربوط به بومی‌گزینی/محل خدمت است
1401,آموزش ابتدایی,دانشگاه فرهنگیان,پردیس بحر العلوم شهرکرد,چهارمحال و بختیاری,در جدول ذکر نشده,,تعهد خدمت,1,مرد,در جدول ذکر نشده,ادامه مخصوص داوطلبان بومی استان چهارمحال و بختیاری؛ پردیس بحر العلوم شهرکرد/ اولویت پذیرش با داوطلبان بومی شهرستانهای کیار، اردل/محل خدمت عشایری چهارمحال وبختیاری؛ پذیرش دانشجو‌معلم با تعهد خدمت؛ ضوابط بخش فرهنگیان دفترچه,1401-humanities-booklet,158,1401-humanities-booklet,158,کدرشته‌محل منبع: 45006؛ عنوان رشته در منبع: آموزش ابتدایی؛ نحوه پذیرش: با آزمون (بخش دانشجو‌معلم)؛ استان در این ردیف مربوط به بومی‌گزینی/محل خدمت است
1401,آموزش ابتدایی,دانشگاه فرهنگیان,پردیس بحر العلوم شهرکرد,چهارمحال و بختیاری,در جدول ذکر نشده,,تعهد خدمت,1,مرد,در جدول ذکر نشده,ادامه مخصوص داوطلبان بومی استان چهارمحال و بختیاری؛ پردیس بحر العلوم شهرکرد/ اولویت پذیرش با داوطلبان بومی شهرستانهای کوهرنگ، فارسان/محل خدمت عشایری چهارمحال وبختیاری؛ پذیرش دانشجو‌معلم با تعهد خدمت؛ ضوابط بخش فرهنگیان دفترچه,1401-humanities-booklet,158,1401-humanities-booklet,158,کدرشته‌محل منبع: 45007؛ عنوان رشته در منبع: آموزش ابتدایی؛ نحوه پذیرش: با آزمون (بخش دانشجو‌معلم)؛ استان در این ردیف مربوط به بومی‌گزینی/محل خدمت است
1401,آموزش ابتدایی,دانشگاه فرهنگیان,پردیس شهید باهنر شهرکرد,چهارمحال و بختیاری,در جدول ذکر نشده,,تعهد خدمت,8,زن,در جدول ذکر نشده,ادامه مخصوص داوطلبان بومی استان چهارمحال و بختیاری؛ پردیس شهید باهنر شهرکرد/ اولویت پذیرش با داوطلبان بومی شهرستانهای کیار، اردل/محل خدمت اردل؛ پذیرش دانشجو‌معلم با تعهد خدمت؛ ضوابط بخش فرهنگیان دفترچه,1401-humanities-booklet,158,1401-humanities-booklet,158,کدرشته‌محل منبع: 45008؛ عنوان رشته در منبع: آموزش ابتدایی؛ نحوه پذیرش: با آزمون (بخش دانشجو‌معلم)؛ استان در این ردیف مربوط به بومی‌گزینی/محل خدمت است
1401,آموزش ابتدایی,دانشگاه فرهنگیان,پردیس شهید باهنر شهرکرد,چهارمحال و بختیاری,در جدول ذکر نشده,,تعهد خدمت,8,زن,در جدول ذکر نشده,ادامه مخصوص داوطلبان بومی استان چهارمحال و بختیاری؛ پردیس شهید باهنر شهرکرد/ اولویت پذیرش با داوطلبان بومی شهرستان بروجن/محل خدمت بلداجی؛ پذیرش دانشجو‌معلم با تعهد خدمت؛ ضوابط بخش فرهنگیان دفترچه,1401-humanities-booklet,158,1401-humanities-booklet,158,کدرشته‌محل منبع: 45009؛ عنوان رشته در منبع: آموزش ابتدایی؛ نحوه پذیرش: با آزمون (بخش دانشجو‌معلم)؛ استان در این ردیف مربوط به بومی‌گزینی/محل خدمت است
1401,آموزش ابتدایی,دانشگاه فرهنگیان,پردیس شهید باهنر شهرکرد,چهارمحال و بختیاری,در جدول ذکر نشده,,تعهد خدمت,10,زن,در جدول ذکر نشده,ادامه مخصوص داوطلبان بومی استان چهارمحال و بختیاری؛ پردیس شهید باهنر شهرکرد/ اولویت پذیرش با داوطلبان بومی شهرستانهای شهر کرد، سامان، بن/محل خدمت بن؛ پذیرش دانشجو‌معلم با تعهد خدمت؛ ضوابط بخش فرهنگیان دفترچه,1401-humanities-booklet,158,1401-humanities-booklet,158,کدرشته‌محل منبع: 45010؛ عنوان رشته در منبع: آموزش ابتدایی؛ نحوه پذیرش: با آزمون (بخش دانشجو‌معلم)؛ استان در این ردیف مربوط به بومی‌گزینی/محل خدمت است
1401,آموزش ابتدایی,دانشگاه فرهنگیان,پردیس شهید باهنر شهرکرد,چهارمحال و بختیاری,در جدول ذکر نشده,,تعهد خدمت,11,زن,در جدول ذکر نشده,ادامه مخصوص داوطلبان بومی استان چهارمحال و بختیاری؛ پردیس شهید باهنر شهرکرد/ اولویت پذیرش با داوطلبان بومی شهرستان لردگان و خانمیرزا/محل خدمت خانمیرزا؛ پذیرش دانشجو‌معلم با تعهد خدمت؛ ضوابط بخش فرهنگیان دفترچه,1401-humanities-booklet,158,1401-humanities-booklet,158,کدرشته‌محل منبع: 45011؛ عنوان رشته در منبع: آموزش ابتدایی؛ نحوه پذیرش: با آزمون (بخش دانشجو‌معلم)؛ استان در این ردیف مربوط به بومی‌گزینی/محل خدمت است
1401,آموزش ابتدایی,دانشگاه فرهنگیان,پردیس شهید باهنر شهرکرد,چهارمحال و بختیاری,در جدول ذکر نشده,,تعهد خدمت,8,زن,در جدول ذکر نشده,ادامه مخصوص داوطلبان بومی استان چهارمحال و بختیاری؛ پردیس شهید باهنر شهرکرد/ اولویت پذیرش با داوطلبان بومی شهرستانهای شهر کرد، سامان، بن/محل خدمت سامان؛ پذیرش دانشجو‌معلم با تعهد خدمت؛ ضوابط بخش فرهنگیان دفترچه,1401-humanities-booklet,158,1401-humanities-booklet,158,کدرشته‌محل منبع: 45012؛ عنوان رشته در منبع: آموزش ابتدایی؛ نحوه پذیرش: با آزمون (بخش دانشجو‌معلم)؛ استان در این ردیف مربوط به بومی‌گزینی/محل خدمت است
1401,آموزش ابتدایی,دانشگاه فرهنگیان,پردیس شهید باهنر شهرکرد,چهارمحال و بختیاری,در جدول ذکر نشده,,تعهد خدمت,16,زن,در جدول ذکر نشده,ادامه مخصوص داوطلبان بومی استان چهارمحال و بختیاری؛ پردیس شهید باهنر شهرکرد/ اولویت پذیرش با داوطلبان بومی شهرستانهای کوهرنگ، فارسان/محل خدمت فارسان؛ پذیرش دانشجو‌معلم با تعهد خدمت؛ ضوابط بخش فرهنگیان دفترچه,1401-humanities-booklet,158,1401-humanities-booklet,158,کدرشته‌محل منبع: 45013؛ عنوان رشته در منبع: آموزش ابتدایی؛ نحوه پذیرش: با آزمون (بخش دانشجو‌معلم)؛ استان در این ردیف مربوط به بومی‌گزینی/محل خدمت است
1401,آموزش ابتدایی,دانشگاه فرهنگیان,پردیس شهید باهنر شهرکرد,چهارمحال و بختیاری,در جدول ذکر نشده,,تعهد خدمت,8,زن,در جدول ذکر نشده,ادامه مخصوص داوطلبان بومی استان چهارمحال و بختیاری؛ پردیس شهید باهنر شهرکرد/ اولویت پذیرش با داوطلبان بومی شهرستان لردگان و خانمیرزا/محل خدمت فلارد؛ پذیرش دانشجو‌معلم با تعهد خدمت؛ ضوابط بخش فرهنگیان دفترچه,1401-humanities-booklet,158,1401-humanities-booklet,158,کدرشته‌محل منبع: 45014؛ عنوان رشته در منبع: آموزش ابتدایی؛ نحوه پذیرش: با آزمون (بخش دانشجو‌معلم)؛ استان در این ردیف مربوط به بومی‌گزینی/محل خدمت است
1401,آموزش ابتدایی,دانشگاه فرهنگیان,,چهارمحال و بختیاری,در جدول ذکر نشده,,تعهد خدمت,10,زن,در جدول ذکر نشده,ادامه مخصوص داوطلبان بومی استان چهارمحال و بختیاری؛ /پردیس شهید باهنر شهرکرد اولویت پذیرش با داوطلبان بومی شهرستانهای کوهرنگ، فارسان/محل خدمت کوهرنگ؛ پذیرش دانشجو‌معلم با تعهد خدمت؛ ضوابط بخش فرهنگیان دفترچه,1401-humanities-booklet,158,1401-humanities-booklet,158,کدرشته‌محل منبع: 45015؛ عنوان رشته در منبع: آموزش ابتدایی؛ نحوه پذیرش: با آزمون (بخش دانشجو‌معلم)؛ استان در این ردیف مربوط به بومی‌گزینی/محل خدمت است
1401,آموزش ابتدایی,دانشگاه فرهنگیان,پردیس شهید باهنر شهرکرد,چهارمحال و بختیاری,در جدول ذکر نشده,,تعهد خدمت,12,زن,در جدول ذکر نشده,ادامه مخصوص داوطلبان بومی استان چهارمحال و بختیاری؛ پردیس شهید باهنر شهرکرد/ اولویت پذیرش با داوطلبان بومی شهرستانهای کیار، اردل/محل خدمت کیار؛ پذیرش دانشجو‌معلم با تعهد خدمت؛ ضوابط بخش فرهنگیان دفترچه,1401-humanities-booklet,158,1401-humanities-booklet,158,کدرشته‌محل منبع: 45016؛ عنوان رشته در منبع: آموزش ابتدایی؛ نحوه پذیرش: با آزمون (بخش دانشجو‌معلم)؛ استان در این ردیف مربوط به بومی‌گزینی/محل خدمت است
1401,آموزش ابتدایی,دانشگاه فرهنگیان,پردیس شهید باهنر شهرکرد,چهارمحال و بختیاری,در جدول ذکر نشده,,تعهد خدمت,8,زن,در جدول ذکر نشده,ادامه مخصوص داوطلبان بومی استان چهارمحال و بختیاری؛ پردیس شهید باهنر شهرکرد/ اولویت پذیرش با داوطلبان بومی شهرستان بروجن/محل خدمت گندمان؛ پذیرش دانشجو‌معلم با تعهد خدمت؛ ضوابط بخش فرهنگیان دفترچه,1401-humanities-booklet,158,1401-humanities-booklet,158,کدرشته‌محل منبع: 45017؛ عنوان رشته در منبع: آموزش ابتدایی؛ نحوه پذیرش: با آزمون (بخش دانشجو‌معلم)؛ استان در این ردیف مربوط به بومی‌گزینی/محل خدمت است
1401,آموزش ابتدایی,دانشگاه فرهنگیان,پردیس شهید باهنر شهرکرد,چهارمحال و بختیاری,در جدول ذکر نشده,,تعهد خدمت,10,زن,در جدول ذکر نشده,ادامه مخصوص داوطلبان بومی استان چهارمحال و بختیاری؛ پردیس شهید باهنر شهرکرد/ اولویت پذیرش با داوطلبان بومی شهرستانهای شهر کرد، سامان، بن/محل خدمت لاران؛ پذیرش دانشجو‌معلم با تعهد خدمت؛ ضوابط بخش فرهنگیان دفترچه,1401-humanities-booklet,158,1401-humanities-booklet,158,کدرشته‌محل منبع: 45018؛ عنوان رشته در منبع: آموزش ابتدایی؛ نحوه پذیرش: با آزمون (بخش دانشجو‌معلم)؛ استان در این ردیف مربوط به بومی‌گزینی/محل خدمت است
1401,آموزش ابتدایی,دانشگاه فرهنگیان,پردیس شهید باهنر شهرکرد,چهارمحال و بختیاری,در جدول ذکر نشده,,تعهد خدمت,16,زن,در جدول ذکر نشده,ادامه مخصوص داوطلبان بومی استان چهارمحال و بختیاری؛ پردیس شهید باهنر شهرکرد/ اولویت پذیرش با داوطلبان بومی شهرستان لردگان و خانمیرزا/محل خدمت لردگان؛ پذیرش دانشجو‌معلم با تعهد خدمت؛ ضوابط بخش فرهنگیان دفترچه,1401-humanities-booklet,158,1401-humanities-booklet,158,کدرشته‌محل منبع: 45019؛ عنوان رشته در منبع: آموزش ابتدایی؛ نحوه پذیرش: با آزمون (بخش دانشجو‌معلم)؛ استان در این ردیف مربوط به بومی‌گزینی/محل خدمت است
1401,آموزش ابتدایی,دانشگاه فرهنگیان,پردیس شهید باهنر شهرکرد,چهارمحال و بختیاری,در جدول ذکر نشده,,تعهد خدمت,4,زن,در جدول ذکر نشده,ادامه مخصوص داوطلبان بومی استان چهارمحال و بختیاری؛ پردیس شهید باهنر شهرکرد/ اولویت پذیرش با داوطلبان بومی شهرستانهای کیار، اردل/محل خدمت میانکوه؛ پذیرش دانشجو‌معلم با تعهد خدمت؛ ضوابط بخش فرهنگیان دفترچه,1401-humanities-booklet,158,1401-humanities-booklet,158,کدرشته‌محل منبع: 45020؛ عنوان رشته در منبع: آموزش ابتدایی؛ نحوه پذیرش: با آزمون (بخش دانشجو‌معلم)؛ استان در این ردیف مربوط به بومی‌گزینی/محل خدمت است
1401,آموزش ابتدایی,دانشگاه فرهنگیان,پردیس شهید باهنر شهرکرد,چهارمحال و بختیاری,در جدول ذکر نشده,,تعهد خدمت,8,زن,در جدول ذکر نشده,ادامه مخصوص داوطلبان بومی استان چهارمحال و بختیاری؛ پردیس شهید باهنر شهرکرد/ اولویت پذیرش با داوطلبان بومی شهرستان لردگان و خانمیرزا/محل خدمت عشایری چهارمحال وبختیاری؛ پذیرش دانشجو‌معلم با تعهد خدمت؛ ضوابط بخش فرهنگیان دفترچه,1401-humanities-booklet,158,1401-humanities-booklet,158,کدرشته‌محل منبع: 45021؛ عنوان رشته در منبع: آموزش ابتدایی؛ نحوه پذیرش: با آزمون (بخش دانشجو‌معلم)؛ استان در این ردیف مربوط به بومی‌گزینی/محل خدمت است
1401,آموزش ابتدایی,دانشگاه فرهنگیان,پردیس شهید باهنر شهرکرد,چهارمحال و بختیاری,در جدول ذکر نشده,,تعهد خدمت,1,زن,در جدول ذکر نشده,ادامه مخصوص داوطلبان بومی استان چهارمحال و بختیاری؛ پردیس شهید باهنر شهرکرد/ اولویت پذیرش با داوطلبان بومی شهرستانهای کیار، اردل/محل خدمت عشایری چهارمحال وبختیاری؛ پذیرش دانشجو‌معلم با تعهد خدمت؛ ضوابط بخش فرهنگیان دفترچه,1401-humanities-booklet,158,1401-humanities-booklet,158,کدرشته‌محل منبع: 45022؛ عنوان رشته در منبع: آموزش ابتدایی؛ نحوه پذیرش: با آزمون (بخش دانشجو‌معلم)؛ استان در این ردیف مربوط به بومی‌گزینی/محل خدمت است
1401,آموزش ابتدایی,دانشگاه فرهنگیان,پردیس شهید باهنر شهرکرد,چهارمحال و بختیاری,در جدول ذکر نشده,,تعهد خدمت,1,زن,در جدول ذکر نشده,ادامه مخصوص داوطلبان بومی استان چهارمحال و بختیاری؛ پردیس شهید باهنر شهرکرد/ اولویت پذیرش با داوطلبان بومی شهرستانهای کوهرنگ، فارسان/محل خدمت عشایری چهارمحال وبختیاری؛ پذیرش دانشجو‌معلم با تعهد خدمت؛ ضوابط بخش فرهنگیان دفترچه,1401-humanities-booklet,158,1401-humanities-booklet,158,کدرشته‌محل منبع: 45023؛ عنوان رشته در منبع: آموزش ابتدایی؛ نحوه پذیرش: با آزمون (بخش دانشجو‌معلم)؛ استان در این ردیف مربوط به بومی‌گزینی/محل خدمت است
1401,آموزش ابتدایی,دانشگاه فرهنگیان,،پردیس امام سجاد)ع( بیرجند )مرکز آموزش عالی بنت الهدی صدر فردوس(,خراسان جنوبی,در جدول ذکر نشده,,تعهد خدمت,2,زن,در جدول ذکر نشده,ادامه مخصوص داوطلبان بومی استان خراسان جنوبی؛ ،پردیس امام سجاد)ع( بیرجند )مرکز آموزش عالی بنت الهدی صدر فردوس(/ اولویت پذیرش با داوطلبان بومی شهرستانهای بشرویه طبس/محل خدمت بشرویه؛ پذیرش دانشجو‌معلم با تعهد خدمت؛ ضوابط بخش فرهنگیان دفترچه,1401-humanities-booklet,160,1401-humanities-booklet,160,کدرشته‌محل منبع: 45059؛ عنوان رشته در منبع: آموزش ابتدایی؛ نحوه پذیرش: با آزمون (بخش دانشجو‌معلم)؛ استان در این ردیف مربوط به بومی‌گزینی/محل خدمت است
1401,آموزش ابتدایی,دانشگاه فرهنگیان,پردیس امام سجاد)ع( بیرجند,خراسان جنوبی,در جدول ذکر نشده,,تعهد خدمت,35,زن,در جدول ذکر نشده,ادامه مخصوص داوطلبان بومی استان خراسان جنوبی؛ پردیس امام سجاد)ع( بیرجند/ اولویت پذیرش با داوطلبان بومی شهرستانهای بیرجند، خوسف، درمیان/محل خدمت بیرجند؛ پذیرش دانشجو‌معلم با تعهد خدمت؛ ضوابط بخش فرهنگیان دفترچه,1401-humanities-booklet,160,1401-humanities-booklet,160,کدرشته‌محل منبع: 45060؛ عنوان رشته در منبع: آموزش ابتدایی؛ نحوه پذیرش: با آزمون (بخش دانشجو‌معلم)؛ استان در این ردیف مربوط به بومی‌گزینی/محل خدمت است
1401,آموزش ابتدایی,دانشگاه فرهنگیان,پردیس امام سجاد)ع( بیرجند,خراسان جنوبی,در جدول ذکر نشده,,تعهد خدمت,1,زن,در جدول ذکر نشده,ادامه مخصوص داوطلبان بومی استان خراسان جنوبی؛ پردیس امام سجاد)ع( بیرجند/ اولویت پذیرش با داوطلبان بومی شهرستانهای بیرجند، خوسف، درمیان/محل خدمت خوسف؛ پذیرش دانشجو‌معلم با تعهد خدمت؛ ضوابط بخش فرهنگیان دفترچه,1401-humanities-booklet,160,1401-humanities-booklet,160,کدرشته‌محل منبع: 45061؛ عنوان رشته در منبع: آموزش ابتدایی؛ نحوه پذیرش: با آزمون (بخش دانشجو‌معلم)؛ استان در این ردیف مربوط به بومی‌گزینی/محل خدمت است
1401,آموزش ابتدایی,دانشگاه فرهنگیان,پردیس امام سجاد)ع( بیرجند,خراسان جنوبی,در جدول ذکر نشده,,تعهد خدمت,7,زن,در جدول ذکر نشده,ادامه مخصوص داوطلبان بومی استان خراسان جنوبی؛ پردیس امام سجاد)ع( بیرجند/ اولویت پذیرش با داوطلبان بومی شهرستانهای بیرجند، خوسف، درمیان/محل خدمت درمیان؛ پذیرش دانشجو‌معلم با تعهد خدمت؛ ضوابط بخش فرهنگیان دفترچه,1401-humanities-booklet,160,1401-humanities-booklet,160,کدرشته‌محل منبع: 45062؛ عنوان رشته در منبع: آموزش ابتدایی؛ نحوه پذیرش: با آزمون (بخش دانشجو‌معلم)؛ استان در این ردیف مربوط به بومی‌گزینی/محل خدمت است
1401,آموزش ابتدایی,دانشگاه فرهنگیان,پردیس امام سجاد)ع( بیرجند,خراسان جنوبی,در جدول ذکر نشده,,تعهد خدمت,1,زن,در جدول ذکر نشده,ادامه مخصوص داوطلبان بومی استان خراسان جنوبی؛ پردیس امام سجاد)ع( بیرجند/ اولویت پذیرش با داوطلبان بومی شهرستانهای بشرویه، طبس/محل خدمت دستگردان؛ پذیرش دانشجو‌معلم با تعهد خدمت؛ ضوابط بخش فرهنگیان دفترچه,1401-humanities-booklet,160,1401-humanities-booklet,160,کدرشته‌محل منبع: 45063؛ عنوان رشته در منبع: آموزش ابتدایی؛ نحوه پذیرش: با آزمون (بخش دانشجو‌معلم)؛ استان در این ردیف مربوط به بومی‌گزینی/محل خدمت است
1401,آموزش ابتدایی,دانشگاه فرهنگیان,پردیس امام سجاد)ع( بیرجند,خراسان جنوبی,در جدول ذکر نشده,,تعهد خدمت,2,زن,در جدول ذکر نشده,ادامه مخصوص داوطلبان بومی استان خراسان جنوبی؛ پردیس امام سجاد)ع( بیرجند/ اولویت پذیرش با داوطلبان بومی شهرستانهای زیرکوه، قاینات/محل خدمت زیرکوه؛ پذیرش دانشجو‌معلم با تعهد خدمت؛ ضوابط بخش فرهنگیان دفترچه,1401-humanities-booklet,160,1401-humanities-booklet,160,کدرشته‌محل منبع: 45064؛ عنوان رشته در منبع: آموزش ابتدایی؛ نحوه پذیرش: با آزمون (بخش دانشجو‌معلم)؛ استان در این ردیف مربوط به بومی‌گزینی/محل خدمت است
1401,آموزش ابتدایی,دانشگاه فرهنگیان,پردیس امام سجاد)ع( بیرجند )مرکز آموزش عالی بنت الهدی صدر فردوس(,خراسان جنوبی,در جدول ذکر نشده,,تعهد خدمت,2,زن,در جدول ذکر نشده,ادامه مخصوص داوطلبان بومی استان خراسان جنوبی؛ پردیس امام سجاد)ع( بیرجند )مرکز آموزش عالی بنت الهدی صدر فردوس(/ اولویت پذیرش با داوطلبان بومی شهرستان های فردوس، سرایان /محل خدمت سرایان؛ پذیرش دانشجو‌معلم با تعهد خدمت؛ ضوابط بخش فرهنگیان دفترچه,1401-humanities-booklet,160,1401-humanities-booklet,160,کدرشته‌محل منبع: 45065؛ عنوان رشته در منبع: آموزش ابتدایی؛ نحوه پذیرش: با آزمون (بخش دانشجو‌معلم)؛ استان در این ردیف مربوط به بومی‌گزینی/محل خدمت است
1401,آموزش ابتدایی,دانشگاه فرهنگیان,(پردیس امام سجاد)ع بیرجند,خراسان جنوبی,در جدول ذکر نشده,,تعهد خدمت,5,زن,در جدول ذکر نشده,ادامه مخصوص داوطلبان بومی استان خراسان جنوبی؛ (پردیس امام سجاد)ع بیرجند/ اولویت پذیرش با داوطلبان بومی شهرستان های سربیشه، نهبندان /محل خدمت سربیشه؛ پذیرش دانشجو‌معلم با تعهد خدمت؛ ضوابط بخش فرهنگیان دفترچه,1401-humanities-booklet,160,1401-humanities-booklet,160,کدرشته‌محل منبع: 45066؛ عنوان رشته در منبع: آموزش ابتدایی؛ نحوه پذیرش: با آزمون (بخش دانشجو‌معلم)؛ استان در این ردیف مربوط به بومی‌گزینی/محل خدمت است
1401,آموزش ابتدایی,دانشگاه فرهنگیان,،پردیس امام سجاد)ع( بیرجند )مرکز آموزش عالی بنت الهدی صدر فردوس(,خراسان جنوبی,در جدول ذکر نشده,,تعهد خدمت,7,زن,در جدول ذکر نشده,ادامه مخصوص داوطلبان بومی استان خراسان جنوبی؛ ،پردیس امام سجاد)ع( بیرجند )مرکز آموزش عالی بنت الهدی صدر فردوس(/ اولویت پذیرش با داوطلبان بومی شهرستانهای بشرویه طبس/محل خدمت طبس؛ پذیرش دانشجو‌معلم با تعهد خدمت؛ ضوابط بخش فرهنگیان دفترچه,1401-humanities-booklet,160,1401-humanities-booklet,160,کدرشته‌محل منبع: 45067؛ عنوان رشته در منبع: آموزش ابتدایی؛ نحوه پذیرش: با آزمون (بخش دانشجو‌معلم)؛ استان در این ردیف مربوط به بومی‌گزینی/محل خدمت است
1401,آموزش ابتدایی,دانشگاه فرهنگیان,پردیس امام سجاد)ع( بیرجند )مرکز آموزش عالی بنت الهدی صدر فردوس(,خراسان جنوبی,در جدول ذکر نشده,,تعهد خدمت,5,زن,در جدول ذکر نشده,ادامه مخصوص داوطلبان بومی استان خراسان جنوبی؛ پردیس امام سجاد)ع( بیرجند )مرکز آموزش عالی بنت الهدی صدر فردوس(/ اولویت پذیرش با داوطلبان بومی شهرستان های فردوس، سرایان /محل خدمت فردوس؛ پذیرش دانشجو‌معلم با تعهد خدمت؛ ضوابط بخش فرهنگیان دفترچه,1401-humanities-booklet,160,1401-humanities-booklet,160,کدرشته‌محل منبع: 45068؛ عنوان رشته در منبع: آموزش ابتدایی؛ نحوه پذیرش: با آزمون (بخش دانشجو‌معلم)؛ استان در این ردیف مربوط به بومی‌گزینی/محل خدمت است
1401,آموزش ابتدایی,دانشگاه فرهنگیان,،پردیس امام سجاد)ع( بیرجند,خراسان جنوبی,در جدول ذکر نشده,,تعهد خدمت,16,زن,در جدول ذکر نشده,ادامه مخصوص داوطلبان بومی استان خراسان جنوبی؛ ،پردیس امام سجاد)ع( بیرجند/ اولویت پذیرش با داوطلبان بومی شهرستانهای زیرکوه قاینات/محل خدمت قائنات؛ پذیرش دانشجو‌معلم با تعهد خدمت؛ ضوابط بخش فرهنگیان دفترچه,1401-humanities-booklet,160,1401-humanities-booklet,160,کدرشته‌محل منبع: 45069؛ عنوان رشته در منبع: آموزش ابتدایی؛ نحوه پذیرش: با آزمون (بخش دانشجو‌معلم)؛ استان در این ردیف مربوط به بومی‌گزینی/محل خدمت است
1401,آموزش ابتدایی,دانشگاه فرهنگیان,پردیس امام سجاد)ع( بیرجند,خراسان جنوبی,در جدول ذکر نشده,,تعهد خدمت,7,زن,در جدول ذکر نشده,ادامه مخصوص داوطلبان بومی استان خراسان جنوبی؛ پردیس امام سجاد)ع( بیرجند/ اولویت پذیرش با داوطلبان بومی شهرستان های سربیشه، نهبندان /محل خدمت نهبندان؛ پذیرش دانشجو‌معلم با تعهد خدمت؛ ضوابط بخش فرهنگیان دفترچه,1401-humanities-booklet,160,1401-humanities-booklet,160,کدرشته‌محل منبع: 45070؛ عنوان رشته در منبع: آموزش ابتدایی؛ نحوه پذیرش: با آزمون (بخش دانشجو‌معلم)؛ استان در این ردیف مربوط به بومی‌گزینی/محل خدمت است
1401,آموزش ابتدایی,دانشگاه فرهنگیان,،پردیس شهید باهنر بیرجند,خراسان جنوبی,در جدول ذکر نشده,,تعهد خدمت,5,مرد,در جدول ذکر نشده,ادامه مخصوص داوطلبان بومی استان خراسان جنوبی؛ ،پردیس شهید باهنر بیرجند/ اولویت پذیرش با داوطلبان بومی شهرستانهای بشرویه طبس/محل خدمت بشرویه؛ پذیرش دانشجو‌معلم با تعهد خدمت؛ ضوابط بخش فرهنگیان دفترچه,1401-humanities-booklet,160,1401-humanities-booklet,160,کدرشته‌محل منبع: 45071؛ عنوان رشته در منبع: آموزش ابتدایی؛ نحوه پذیرش: با آزمون (بخش دانشجو‌معلم)؛ استان در این ردیف مربوط به بومی‌گزینی/محل خدمت است
1401,آموزش ابتدایی,دانشگاه فرهنگیان,پردیس شهید باهنر بیرجند,خراسان جنوبی,در جدول ذکر نشده,,تعهد خدمت,46,مرد,در جدول ذکر نشده,ادامه مخصوص داوطلبان بومی استان خراسان جنوبی؛ پردیس شهید باهنر بیرجند/ اولویت پذیرش با داوطلبان بومی شهرستانهای بیرجند، خوسف، درمیان/محل خدمت بیرجند؛ پذیرش دانشجو‌معلم با تعهد خدمت؛ ضوابط بخش فرهنگیان دفترچه,1401-humanities-booklet,160,1401-humanities-booklet,160,کدرشته‌محل منبع: 45072؛ عنوان رشته در منبع: آموزش ابتدایی؛ نحوه پذیرش: با آزمون (بخش دانشجو‌معلم)؛ استان در این ردیف مربوط به بومی‌گزینی/محل خدمت است
1401,آموزش ابتدایی,دانشگاه فرهنگیان,،پردیس شهید باهنر بیرجند,خراسان جنوبی,در جدول ذکر نشده,,تعهد خدمت,2,مرد,در جدول ذکر نشده,ادامه مخصوص داوطلبان بومی استان خراسان جنوبی؛ ،پردیس شهید باهنر بیرجند/ اولویت پذیرش با داوطلبان بومی شهرستانهای بیرجند خوسف، درمیان/محل خدمت خوسف؛ پذیرش دانشجو‌معلم با تعهد خدمت؛ ضوابط بخش فرهنگیان دفترچه,1401-humanities-booklet,160,1401-humanities-booklet,160,کدرشته‌محل منبع: 45073؛ عنوان رشته در منبع: آموزش ابتدایی؛ نحوه پذیرش: با آزمون (بخش دانشجو‌معلم)؛ استان در این ردیف مربوط به بومی‌گزینی/محل خدمت است
1401,آموزش ابتدایی,دانشگاه فرهنگیان,پردیس شهید باهنر بیرجند,خراسان جنوبی,در جدول ذکر نشده,,تعهد خدمت,10,مرد,در جدول ذکر نشده,ادامه مخصوص داوطلبان بومی استان خراسان جنوبی؛ پردیس شهید باهنر بیرجند/ اولویت پذیرش با داوطلبان بومی شهرستانهای بیرجند، خوسف، درمیان/محل خدمت درمیان؛ پذیرش دانشجو‌معلم با تعهد خدمت؛ ضوابط بخش فرهنگیان دفترچه,1401-humanities-booklet,160,1401-humanities-booklet,160,کدرشته‌محل منبع: 45074؛ عنوان رشته در منبع: آموزش ابتدایی؛ نحوه پذیرش: با آزمون (بخش دانشجو‌معلم)؛ استان در این ردیف مربوط به بومی‌گزینی/محل خدمت است
1401,آموزش ابتدایی,دانشگاه فرهنگیان,پردیس شهید باهنر بیرجند,خراسان جنوبی,در جدول ذکر نشده,,تعهد خدمت,2,مرد,در جدول ذکر نشده,ادامه مخصوص داوطلبان بومی استان خراسان جنوبی؛ پردیس شهید باهنر بیرجند/ اولویت پذیرش با داوطلبان بومی شهرستانهای بشرویه، طبس/محل خدمت دستگردان؛ پذیرش دانشجو‌معلم با تعهد خدمت؛ ضوابط بخش فرهنگیان دفترچه,1401-humanities-booklet,160,1401-humanities-booklet,160,کدرشته‌محل منبع: 45075؛ عنوان رشته در منبع: آموزش ابتدایی؛ نحوه پذیرش: با آزمون (بخش دانشجو‌معلم)؛ استان در این ردیف مربوط به بومی‌گزینی/محل خدمت است
1401,آموزش ابتدایی,دانشگاه فرهنگیان,پردیس شهید باهنر بیرجند,خراسان جنوبی,در جدول ذکر نشده,,تعهد خدمت,7,مرد,در جدول ذکر نشده,ادامه مخصوص داوطلبان بومی استان خراسان جنوبی؛ پردیس شهید باهنر بیرجند/ اولویت پذیرش با داوطلبان بومی شهرستانهای زیرکوه، قاینات/محل خدمت زیرکوه؛ پذیرش دانشجو‌معلم با تعهد خدمت؛ ضوابط بخش فرهنگیان دفترچه,1401-humanities-booklet,160,1401-humanities-booklet,160,کدرشته‌محل منبع: 45076؛ عنوان رشته در منبع: آموزش ابتدایی؛ نحوه پذیرش: با آزمون (بخش دانشجو‌معلم)؛ استان در این ردیف مربوط به بومی‌گزینی/محل خدمت است
1401,آموزش ابتدایی,دانشگاه فرهنگیان,،پردیس شهید باهنر بیرجند,خراسان جنوبی,در جدول ذکر نشده,,تعهد خدمت,5,مرد,در جدول ذکر نشده,ادامه مخصوص داوطلبان بومی استان خراسان جنوبی؛ ،پردیس شهید باهنر بیرجند/ اولویت پذیرش با داوطلبان بومی شهرستان های فردوس سرایان /محل خدمت سرایان؛ پذیرش دانشجو‌معلم با تعهد خدمت؛ ضوابط بخش فرهنگیان دفترچه,1401-humanities-booklet,160,1401-humanities-booklet,160,کدرشته‌محل منبع: 45077؛ عنوان رشته در منبع: آموزش ابتدایی؛ نحوه پذیرش: با آزمون (بخش دانشجو‌معلم)؛ استان در این ردیف مربوط به بومی‌گزینی/محل خدمت است
1401,آموزش ابتدایی,دانشگاه فرهنگیان,پردیس شهید باهنر بیرجند,خراسان جنوبی,در جدول ذکر نشده,,تعهد خدمت,10,مرد,در جدول ذکر نشده,ادامه مخصوص داوطلبان بومی استان خراسان جنوبی؛ پردیس شهید باهنر بیرجند/ اولویت پذیرش با داوطلبان بومی شهرستان های سربیشه، نهبندان /محل خدمت سربیشه؛ پذیرش دانشجو‌معلم با تعهد خدمت؛ ضوابط بخش فرهنگیان دفترچه,1401-humanities-booklet,161,1401-humanities-booklet,161,کدرشته‌محل منبع: 45078؛ عنوان رشته در منبع: آموزش ابتدایی؛ نحوه پذیرش: با آزمون (بخش دانشجو‌معلم)؛ استان در این ردیف مربوط به بومی‌گزینی/محل خدمت است
1401,آموزش ابتدایی,دانشگاه فرهنگیان,پردیس شهید باهنر بیرجند,خراسان جنوبی,در جدول ذکر نشده,,تعهد خدمت,11,مرد,در جدول ذکر نشده,ادامه مخصوص داوطلبان بومی استان خراسان جنوبی؛ پردیس شهید باهنر بیرجند/ اولویت پذیرش با داوطلبان بومی شهرستانهای بشرویه، طبس/محل خدمت طبس؛ پذیرش دانشجو‌معلم با تعهد خدمت؛ ضوابط بخش فرهنگیان دفترچه,1401-humanities-booklet,161,1401-humanities-booklet,161,کدرشته‌محل منبع: 45079؛ عنوان رشته در منبع: آموزش ابتدایی؛ نحوه پذیرش: با آزمون (بخش دانشجو‌معلم)؛ استان در این ردیف مربوط به بومی‌گزینی/محل خدمت است
1401,آموزش ابتدایی,دانشگاه فرهنگیان,پردیس شهید باهنر بیرجند,خراسان جنوبی,در جدول ذکر نشده,,تعهد خدمت,7,مرد,در جدول ذکر نشده,ادامه مخصوص داوطلبان بومی استان خراسان جنوبی؛ پردیس شهید باهنر بیرجند/ اولویت پذیرش با داوطلبان بومی شهرستان های فردوس، سرایان /محل خدمت فردوس؛ پذیرش دانشجو‌معلم با تعهد خدمت؛ ضوابط بخش فرهنگیان دفترچه,1401-humanities-booklet,161,1401-humanities-booklet,161,کدرشته‌محل منبع: 45080؛ عنوان رشته در منبع: آموزش ابتدایی؛ نحوه پذیرش: با آزمون (بخش دانشجو‌معلم)؛ استان در این ردیف مربوط به بومی‌گزینی/محل خدمت است
1401,آموزش ابتدایی,دانشگاه فرهنگیان,پردیس شهید باهنر بیرجند,خراسان جنوبی,در جدول ذکر نشده,,تعهد خدمت,25,مرد,در جدول ذکر نشده,ادامه مخصوص داوطلبان بومی استان خراسان جنوبی؛ پردیس شهید باهنر بیرجند/ اولویت پذیرش با داوطلبان بومی شهرستانهای زیرکوه، قاینات/محل خدمت قائنات؛ پذیرش دانشجو‌معلم با تعهد خدمت؛ ضوابط بخش فرهنگیان دفترچه,1401-humanities-booklet,161,1401-humanities-booklet,161,کدرشته‌محل منبع: 45081؛ عنوان رشته در منبع: آموزش ابتدایی؛ نحوه پذیرش: با آزمون (بخش دانشجو‌معلم)؛ استان در این ردیف مربوط به بومی‌گزینی/محل خدمت است
1401,آموزش ابتدایی,دانشگاه فرهنگیان,پردیس شهید باهنر بیرجند,خراسان جنوبی,در جدول ذکر نشده,,تعهد خدمت,11,مرد,در جدول ذکر نشده,ادامه مخصوص داوطلبان بومی استان خراسان جنوبی؛ پردیس شهید باهنر بیرجند/ اولویت پذیرش با داوطلبان بومی شهرستان های سربیشه، نهبندان /محل خدمت نهبندان؛ پذیرش دانشجو‌معلم با تعهد خدمت؛ ضوابط بخش فرهنگیان دفترچه,1401-humanities-booklet,161,1401-humanities-booklet,161,کدرشته‌محل منبع: 45082؛ عنوان رشته در منبع: آموزش ابتدایی؛ نحوه پذیرش: با آزمون (بخش دانشجو‌معلم)؛ استان در این ردیف مربوط به بومی‌گزینی/محل خدمت است
1401,آموزش ابتدایی,دانشگاه فرهنگیان,پردیس امام جعفرصادق)ع( بجنورد,خراسان رضوی,در جدول ذکر نشده,,تعهد خدمت,8,زن,در جدول ذکر نشده,ادامه مخصوص داوطلبان بومی استان خراسان رضوی؛ پردیس امام جعفرصادق)ع( بجنورد/ اولویت پذیرش با داوطلبان بومی شهرستانهای درگز و کلات/محل خدمت کلات؛ پذیرش دانشجو‌معلم با تعهد خدمت؛ ضوابط بخش فرهنگیان دفترچه,1401-humanities-booklet,165,1401-humanities-booklet,165,کدرشته‌محل منبع: 45096؛ عنوان رشته در منبع: آموزش ابتدایی؛ نحوه پذیرش: با آزمون (بخش دانشجو‌معلم)؛ استان در این ردیف مربوط به بومی‌گزینی/محل خدمت است
1401,آموزش ابتدایی,دانشگاه فرهنگیان,پردیس امام جعفرصادق)ع( بجنورد,خراسان رضوی,در جدول ذکر نشده,,تعهد خدمت,8,زن,در جدول ذکر نشده,ادامه مخصوص داوطلبان بومی استان خراسان رضوی؛ پردیس امام جعفرصادق)ع( بجنورد/ اولویت پذیرش با داوطلبان بومی شهرستان نیشابور/محل خدمت میان جلگه؛ پذیرش دانشجو‌معلم با تعهد خدمت؛ ضوابط بخش فرهنگیان دفترچه,1401-humanities-booklet,165,1401-humanities-booklet,165,کدرشته‌محل منبع: 45097؛ عنوان رشته در منبع: آموزش ابتدایی؛ نحوه پذیرش: با آزمون (بخش دانشجو‌معلم)؛ استان در این ردیف مربوط به بومی‌گزینی/محل خدمت است
1401,آموزش ابتدایی,دانشگاه فرهنگیان,پردیس امام جعفرصادق)ع( بجنورد,خراسان رضوی,در جدول ذکر نشده,,تعهد خدمت,7,زن,در جدول ذکر نشده,ادامه مخصوص داوطلبان بومی استان خراسان رضوی؛ پردیس امام جعفرصادق)ع( بجنورد/ اولویت پذیرش با داوطلبان بومی شهرستانهای جغتای، جوین/محل خدمت جغتای؛ پذیرش دانشجو‌معلم با تعهد خدمت؛ ضوابط بخش فرهنگیان دفترچه,1401-humanities-booklet,165,1401-humanities-booklet,165,کدرشته‌محل منبع: 45098؛ عنوان رشته در منبع: آموزش ابتدایی؛ نحوه پذیرش: با آزمون (بخش دانشجو‌معلم)؛ استان در این ردیف مربوط به بومی‌گزینی/محل خدمت است
1401,آموزش ابتدایی,دانشگاه فرهنگیان,پردیس امام جعفرصادق)ع( بجنورد,خراسان رضوی,در جدول ذکر نشده,,تعهد خدمت,6,زن,در جدول ذکر نشده,ادامه مخصوص داوطلبان بومی استان خراسان رضوی؛ پردیس امام جعفرصادق)ع( بجنورد/ اولویت پذیرش با داوطلبان بومی شهرستانهای جغتای، جوین/محل خدمت جوین؛ پذیرش دانشجو‌معلم با تعهد خدمت؛ ضوابط بخش فرهنگیان دفترچه,1401-humanities-booklet,165,1401-humanities-booklet,165,کدرشته‌محل منبع: 45099؛ عنوان رشته در منبع: آموزش ابتدایی؛ نحوه پذیرش: با آزمون (بخش دانشجو‌معلم)؛ استان در این ردیف مربوط به بومی‌گزینی/محل خدمت است
1401,آموزش ابتدایی,دانشگاه فرهنگیان,پردیس امام جعفرصادق)ع( بجنورد,خراسان رضوی,در جدول ذکر نشده,,تعهد خدمت,4,زن,در جدول ذکر نشده,ادامه مخصوص داوطلبان بومی استان خراسان رضوی؛ پردیس امام جعفرصادق)ع( بجنورد/ اولویت پذیرش با داوطلبان بومی شهرستان نیشابور/محل خدمت سرولایت؛ پذیرش دانشجو‌معلم با تعهد خدمت؛ ضوابط بخش فرهنگیان دفترچه,1401-humanities-booklet,165,1401-humanities-booklet,165,کدرشته‌محل منبع: 45100؛ عنوان رشته در منبع: آموزش ابتدایی؛ نحوه پذیرش: با آزمون (بخش دانشجو‌معلم)؛ استان در این ردیف مربوط به بومی‌گزینی/محل خدمت است
1401,آموزش ابتدایی,دانشگاه فرهنگیان,پردیس امام سجاد)ع( بیرجند )مرکز آموزش عالی بنت الهدی صدر فردوس(,خراسان رضوی,در جدول ذکر نشده,,تعهد خدمت,8,زن,در جدول ذکر نشده,ادامه مخصوص داوطلبان بومی استان خراسان رضوی؛ پردیس امام سجاد)ع( بیرجند )مرکز آموزش عالی بنت الهدی صدر فردوس(/ اولویت پذیرش با داوطلبان بومی شهرستان سرخس/محل خدمت سرخس؛ پذیرش دانشجو‌معلم با تعهد خدمت؛ ضوابط بخش فرهنگیان دفترچه,1401-humanities-booklet,165,1401-humanities-booklet,165,کدرشته‌محل منبع: 45101؛ عنوان رشته در منبع: آموزش ابتدایی؛ نحوه پذیرش: با آزمون (بخش دانشجو‌معلم)؛ استان در این ردیف مربوط به بومی‌گزینی/محل خدمت است
1401,آموزش ابتدایی,دانشگاه فرهنگیان,،پردیس امام سجاد)ع( بیرجند )مرکز آموزش عالی بنت الهدی صدر فردوس(,خراسان رضوی,در جدول ذکر نشده,,تعهد خدمت,14,زن,در جدول ذکر نشده,ادامه مخصوص داوطلبان بومی استان خراسان رضوی؛ ،پردیس امام سجاد)ع( بیرجند )مرکز آموزش عالی بنت الهدی صدر فردوس(/ اولویت پذیرش با داوطلبان بومی شهرستانهای باخرز تایباد/محل خدمت تایباد؛ پذیرش دانشجو‌معلم با تعهد خدمت؛ ضوابط بخش فرهنگیان دفترچه,1401-humanities-booklet,165,1401-humanities-booklet,165,کدرشته‌محل منبع: 45102؛ عنوان رشته در منبع: آموزش ابتدایی؛ نحوه پذیرش: با آزمون (بخش دانشجو‌معلم)؛ استان در این ردیف مربوط به بومی‌گزینی/محل خدمت است
1401,آموزش ابتدایی,دانشگاه فرهنگیان,پردیس امام سجاد)ع( بیرجند )مرکز آموزش عالی بنت الهدی صدر فردوس(,خراسان رضوی,در جدول ذکر نشده,,تعهد خدمت,19,زن,در جدول ذکر نشده,ادامه مخصوص داوطلبان بومی استان خراسان رضوی؛ پردیس امام سجاد)ع( بیرجند )مرکز آموزش عالی بنت الهدی صدر فردوس(/ اولویت پذیرش با داوطلبان بومی شهرستان تربت جام/محل خدمت تربت جام؛ پذیرش دانشجو‌معلم با تعهد خدمت؛ ضوابط بخش فرهنگیان دفترچه,1401-humanities-booklet,165,1401-humanities-booklet,165,کدرشته‌محل منبع: 45103؛ عنوان رشته در منبع: آموزش ابتدایی؛ نحوه پذیرش: با آزمون (بخش دانشجو‌معلم)؛ استان در این ردیف مربوط به بومی‌گزینی/محل خدمت است
1401,آموزش ابتدایی,دانشگاه فرهنگیان,پردیس امام سجاد)ع( بیرجند )مرکز آموزش عالی بنت الهدی صدر فردوس(,خراسان رضوی,در جدول ذکر نشده,,تعهد خدمت,7,زن,در جدول ذکر نشده,ادامه مخصوص داوطلبان بومی استان خراسان رضوی؛ پردیس امام سجاد)ع( بیرجند )مرکز آموزش عالی بنت الهدی صدر فردوس(/ اولویت پذیرش با داوطلبان بومی شهرستان صالح آباد/محل خدمت صالح آباد؛ پذیرش دانشجو‌معلم با تعهد خدمت؛ ضوابط بخش فرهنگیان دفترچه,1401-humanities-booklet,165,1401-humanities-booklet,165,کدرشته‌محل منبع: 45104؛ عنوان رشته در منبع: آموزش ابتدایی؛ نحوه پذیرش: با آزمون (بخش دانشجو‌معلم)؛ استان در این ردیف مربوط به بومی‌گزینی/محل خدمت است
1401,آموزش ابتدایی,دانشگاه فرهنگیان,پردیس امام سجاد)ع( بیرجند )مرکز آموزش عالی بنت الهدی صدر فردوس(,خراسان رضوی,در جدول ذکر نشده,,تعهد خدمت,10,زن,در جدول ذکر نشده,ادامه مخصوص داوطلبان بومی استان خراسان رضوی؛ پردیس امام سجاد)ع( بیرجند )مرکز آموزش عالی بنت الهدی صدر فردوس(/ اولویت پذیرش با داوطلبان بومی شهرستان تربت حیدریه/محل خدمت تربت حیدریه؛ پذیرش دانشجو‌معلم با تعهد خدمت؛ ضوابط بخش فرهنگیان دفترچه,1401-humanities-booklet,165,1401-humanities-booklet,165,کدرشته‌محل منبع: 45105؛ عنوان رشته در منبع: آموزش ابتدایی؛ نحوه پذیرش: با آزمون (بخش دانشجو‌معلم)؛ استان در این ردیف مربوط به بومی‌گزینی/محل خدمت است
1401,آموزش ابتدایی,دانشگاه فرهنگیان,پردیس امام سجاد)ع( بیرجند )مرکز آموزش عالی بنت الهدی صدر فردوس(,خراسان رضوی,در جدول ذکر نشده,,تعهد خدمت,8,زن,در جدول ذکر نشده,ادامه مخصوص داوطلبان بومی استان خراسان رضوی؛ پردیس امام سجاد)ع( بیرجند )مرکز آموزش عالی بنت الهدی صدر فردوس(/ اولویت پذیرش با داوطلبان بومی شهرستانهای زاوه و مه ولات/محل خدمت زاوه؛ پذیرش دانشجو‌معلم با تعهد خدمت؛ ضوابط بخش فرهنگیان دفترچه,1401-humanities-booklet,165,1401-humanities-booklet,165,کدرشته‌محل منبع: 45106؛ عنوان رشته در منبع: آموزش ابتدایی؛ نحوه پذیرش: با آزمون (بخش دانشجو‌معلم)؛ استان در این ردیف مربوط به بومی‌گزینی/محل خدمت است
1401,آموزش ابتدایی,دانشگاه فرهنگیان,،پردیس امام سجاد)ع( بیرجند )مرکز آموزش عالی بنت الهدی صدر فردوس(,خراسان رضوی,در جدول ذکر نشده,,تعهد خدمت,7,زن,در جدول ذکر نشده,ادامه مخصوص داوطلبان بومی استان خراسان رضوی؛ ،پردیس امام سجاد)ع( بیرجند )مرکز آموزش عالی بنت الهدی صدر فردوس(/ اولویت پذیرش با داوطلبان بومی شهرستانهای خواف رشتخوار/محل خدمت رشتخوار؛ پذیرش دانشجو‌معلم با تعهد خدمت؛ ضوابط بخش فرهنگیان دفترچه,1401-humanities-booklet,165,1401-humanities-booklet,165,کدرشته‌محل منبع: 45107؛ عنوان رشته در منبع: آموزش ابتدایی؛ نحوه پذیرش: با آزمون (بخش دانشجو‌معلم)؛ استان در این ردیف مربوط به بومی‌گزینی/محل خدمت است
1401,آموزش ابتدایی,دانشگاه فرهنگیان,پردیس امام سجاد)ع( بیرجند )مرکز آموزش عالی بنت الهدی صدر ،فردوس(,خراسان رضوی,در جدول ذکر نشده,,تعهد خدمت,10,زن,در جدول ذکر نشده,ادامه مخصوص داوطلبان بومی استان خراسان رضوی؛ پردیس امام سجاد)ع( بیرجند )مرکز آموزش عالی بنت الهدی صدر ،فردوس(/ اولویت پذیرش با داوطلبان بومی شهرستانهای خواف رشتخوار/محل خدمت خواف؛ پذیرش دانشجو‌معلم با تعهد خدمت؛ ضوابط بخش فرهنگیان دفترچه,1401-humanities-booklet,165,1401-humanities-booklet,165,کدرشته‌محل منبع: 45108؛ عنوان رشته در منبع: آموزش ابتدایی؛ نحوه پذیرش: با آزمون (بخش دانشجو‌معلم)؛ استان در این ردیف مربوط به بومی‌گزینی/محل خدمت است
1401,آموزش ابتدایی,دانشگاه فرهنگیان,،پردیس امام سجاد)ع( بیرجند )مرکز آموزش عالی بنت الهدی صدر فردوس(,خراسان رضوی,در جدول ذکر نشده,,تعهد خدمت,13,زن,در جدول ذکر نشده,ادامه مخصوص داوطلبان بومی استان خراسان رضوی؛ ،پردیس امام سجاد)ع( بیرجند )مرکز آموزش عالی بنت الهدی صدر فردوس(/ اولویت پذیرش با داوطلبان بومی شهرستانهای باخرز تایباد/محل خدمت باخرز؛ پذیرش دانشجو‌معلم با تعهد خدمت؛ ضوابط بخش فرهنگیان دفترچه,1401-humanities-booklet,165,1401-humanities-booklet,165,کدرشته‌محل منبع: 45109؛ عنوان رشته در منبع: آموزش ابتدایی؛ نحوه پذیرش: با آزمون (بخش دانشجو‌معلم)؛ استان در این ردیف مربوط به بومی‌گزینی/محل خدمت است
1401,آموزش ابتدایی,دانشگاه فرهنگیان,،پردیس امام سجاد)ع( بیرجند )مرکز آموزش عالی بنت الهدی صدر فردوس(,خراسان رضوی,در جدول ذکر نشده,,تعهد خدمت,11,زن,در جدول ذکر نشده,ادامه مخصوص داوطلبان بومی استان خراسان رضوی؛ ،پردیس امام سجاد)ع( بیرجند )مرکز آموزش عالی بنت الهدی صدر فردوس(/ اولویت پذیرش با داوطلبان بومی شهرستانهای کاشمر کوهسرخ/محل خدمت کاشمر؛ پذیرش دانشجو‌معلم با تعهد خدمت؛ ضوابط بخش فرهنگیان دفترچه,1401-humanities-booklet,165,1401-humanities-booklet,165,کدرشته‌محل منبع: 45110؛ عنوان رشته در منبع: آموزش ابتدایی؛ نحوه پذیرش: با آزمون (بخش دانشجو‌معلم)؛ استان در این ردیف مربوط به بومی‌گزینی/محل خدمت است
1401,آموزش ابتدایی,دانشگاه فرهنگیان,پردیس امام سجاد)ع( بیرجند )مرکز آموزش عالی بنت الهدی صدر فردوس(,خراسان رضوی,در جدول ذکر نشده,,تعهد خدمت,10,زن,در جدول ذکر نشده,ادامه مخصوص داوطلبان بومی استان خراسان رضوی؛ پردیس امام سجاد)ع( بیرجند )مرکز آموزش عالی بنت الهدی صدر فردوس(/ اولویت پذیرش با داوطلبان بومی شهرستانهای بردسکن، خلیل آباد/محل خدمت بردسکن؛ پذیرش دانشجو‌معلم با تعهد خدمت؛ ضوابط بخش فرهنگیان دفترچه,1401-humanities-booklet,165,1401-humanities-booklet,165,کدرشته‌محل منبع: 45111؛ عنوان رشته در منبع: آموزش ابتدایی؛ نحوه پذیرش: با آزمون (بخش دانشجو‌معلم)؛ استان در این ردیف مربوط به بومی‌گزینی/محل خدمت است
1401,آموزش ابتدایی,دانشگاه فرهنگیان,پردیس امام سجاد)ع( بیرجند,خراسان رضوی,در جدول ذکر نشده,,تعهد خدمت,11,زن,در جدول ذکر نشده,ادامه مخصوص داوطلبان بومی استان خراسان رضوی؛ پردیس امام سجاد)ع( بیرجند/ اولویت پذیرش با داوطلبان بومی شهرستانهای بجستان، گناباد/محل خدمت گناباد؛ پذیرش دانشجو‌معلم با تعهد خدمت؛ ضوابط بخش فرهنگیان دفترچه,1401-humanities-booklet,165,1401-humanities-booklet,165,کدرشته‌محل منبع: 45112؛ عنوان رشته در منبع: آموزش ابتدایی؛ نحوه پذیرش: با آزمون (بخش دانشجو‌معلم)؛ استان در این ردیف مربوط به بومی‌گزینی/محل خدمت است
1401,آموزش ابتدایی,دانشگاه فرهنگیان,پردیس امام سجاد)ع( بیرجند )مرکز آموزش،عالی بنت الهدی صدر فردوس(,خراسان رضوی,در جدول ذکر نشده,,تعهد خدمت,7,زن,در جدول ذکر نشده,ادامه مخصوص داوطلبان بومی استان خراسان رضوی؛ پردیس امام سجاد)ع( بیرجند )مرکز آموزش،عالی بنت الهدی صدر فردوس(/ اولویت پذیرش با داوطلبان بومی شهرستانهای بجستان گناباد/محل خدمت بجستان؛ پذیرش دانشجو‌معلم با تعهد خدمت؛ ضوابط بخش فرهنگیان دفترچه,1401-humanities-booklet,165,1401-humanities-booklet,165,کدرشته‌محل منبع: 45113؛ عنوان رشته در منبع: آموزش ابتدایی؛ نحوه پذیرش: با آزمون (بخش دانشجو‌معلم)؛ استان در این ردیف مربوط به بومی‌گزینی/محل خدمت است
1401,آموزش ابتدایی,دانشگاه فرهنگیان,پردیس امام سجاد)ع( بیرجند )مرکز آموزش عالی بنت الهدی صدر فردوس(,خراسان رضوی,در جدول ذکر نشده,,تعهد خدمت,5,زن,در جدول ذکر نشده,ادامه مخصوص داوطلبان بومی استان خراسان رضوی؛ پردیس امام سجاد)ع( بیرجند )مرکز آموزش عالی بنت الهدی صدر فردوس(/ اولویت پذیرش با داوطلبان بومی شهرستان تربت حیدریه/محل خدمت جلگه رخ؛ پذیرش دانشجو‌معلم با تعهد خدمت؛ ضوابط بخش فرهنگیان دفترچه,1401-humanities-booklet,166,1401-humanities-booklet,166,کدرشته‌محل منبع: 45114؛ عنوان رشته در منبع: آموزش ابتدایی؛ نحوه پذیرش: با آزمون (بخش دانشجو‌معلم)؛ استان در این ردیف مربوط به بومی‌گزینی/محل خدمت است
1401,آموزش ابتدایی,دانشگاه فرهنگیان,پردیس امام سجاد)ع( بیرجند )مرکز آموزش عالی بنت الهدی صدر فردوس(,خراسان رضوی,در جدول ذکر نشده,,تعهد خدمت,5,زن,در جدول ذکر نشده,ادامه مخصوص داوطلبان بومی استان خراسان رضوی؛ پردیس امام سجاد)ع( بیرجند )مرکز آموزش عالی بنت الهدی صدر فردوس(/ اولویت پذیرش با داوطلبان بومی شهرستانهای زاوه و مه ولات/محل خدمت مه ولات؛ پذیرش دانشجو‌معلم با تعهد خدمت؛ ضوابط بخش فرهنگیان دفترچه,1401-humanities-booklet,166,1401-humanities-booklet,166,کدرشته‌محل منبع: 45115؛ عنوان رشته در منبع: آموزش ابتدایی؛ نحوه پذیرش: با آزمون (بخش دانشجو‌معلم)؛ استان در این ردیف مربوط به بومی‌گزینی/محل خدمت است
1401,آموزش ابتدایی,دانشگاه فرهنگیان,پردیس امام سجاد)ع( بیرجند )مرکز آموزش عالی بنت الهدی صدر فردوس(,خراسان رضوی,در جدول ذکر نشده,,تعهد خدمت,7,زن,در جدول ذکر نشده,ادامه مخصوص داوطلبان بومی استان خراسان رضوی؛ پردیس امام سجاد)ع( بیرجند )مرکز آموزش عالی بنت الهدی صدر فردوس(/ اولویت پذیرش با داوطلبان بومی شهرستانهای بردسکن، خلیل آباد/محل خدمت خلیل آباد؛ پذیرش دانشجو‌معلم با تعهد خدمت؛ ضوابط بخش فرهنگیان دفترچه,1401-humanities-booklet,166,1401-humanities-booklet,166,کدرشته‌محل منبع: 45116؛ عنوان رشته در منبع: آموزش ابتدایی؛ نحوه پذیرش: با آزمون (بخش دانشجو‌معلم)؛ استان در این ردیف مربوط به بومی‌گزینی/محل خدمت است
1401,آموزش ابتدایی,دانشگاه فرهنگیان,(پردیس امام محمد باقر)ع بجنورد,خراسان رضوی,در جدول ذکر نشده,,تعهد خدمت,26,مرد,در جدول ذکر نشده,ادامه مخصوص داوطلبان بومی استان خراسان رضوی؛ (پردیس امام محمد باقر)ع بجنورد/ اولویت پذیرش با داوطلبان بومی شهرستانهای درگز و کلات/محل خدمت درگز؛ پذیرش دانشجو‌معلم با تعهد خدمت؛ ضوابط بخش فرهنگیان دفترچه,1401-humanities-booklet,166,1401-humanities-booklet,166,کدرشته‌محل منبع: 45117؛ عنوان رشته در منبع: آموزش ابتدایی؛ نحوه پذیرش: با آزمون (بخش دانشجو‌معلم)؛ استان در این ردیف مربوط به بومی‌گزینی/محل خدمت است
1401,آموزش ابتدایی,دانشگاه فرهنگیان,پردیس امام محمد باقر)ع( بجنورد,خراسان رضوی,در جدول ذکر نشده,,تعهد خدمت,7,مرد,در جدول ذکر نشده,ادامه مخصوص داوطلبان بومی استان خراسان رضوی؛ پردیس امام محمد باقر)ع( بجنورد/ اولویت پذیرش با داوطلبان بومی شهرستانهای درگز و کلات/محل خدمت نوخندان؛ پذیرش دانشجو‌معلم با تعهد خدمت؛ ضوابط بخش فرهنگیان دفترچه,1401-humanities-booklet,166,1401-humanities-booklet,166,کدرشته‌محل منبع: 45118؛ عنوان رشته در منبع: آموزش ابتدایی؛ نحوه پذیرش: با آزمون (بخش دانشجو‌معلم)؛ استان در این ردیف مربوط به بومی‌گزینی/محل خدمت است
1401,آموزش ابتدایی,دانشگاه فرهنگیان,(پردیس امام محمد باقر)ع بجنورد,خراسان رضوی,در جدول ذکر نشده,,تعهد خدمت,14,مرد,در جدول ذکر نشده,ادامه مخصوص داوطلبان بومی استان خراسان رضوی؛ (پردیس امام محمد باقر)ع بجنورد/ اولویت پذیرش با داوطلبان بومی شهرستان قوچان/محل خدمت قوچان؛ پذیرش دانشجو‌معلم با تعهد خدمت؛ ضوابط بخش فرهنگیان دفترچه,1401-humanities-booklet,166,1401-humanities-booklet,166,کدرشته‌محل منبع: 45119؛ عنوان رشته در منبع: آموزش ابتدایی؛ نحوه پذیرش: با آزمون (بخش دانشجو‌معلم)؛ استان در این ردیف مربوط به بومی‌گزینی/محل خدمت است
1401,آموزش ابتدایی,دانشگاه فرهنگیان,پردیس شهید باهنر بیرجند,خراسان رضوی,در جدول ذکر نشده,,تعهد خدمت,19,مرد,در جدول ذکر نشده,ادامه مخصوص داوطلبان بومی استان خراسان رضوی؛ پردیس شهید باهنر بیرجند/ اولویت پذیرش با داوطلبان بومی شهرستانهای باخرز، تایباد/محل خدمت تایباد؛ پذیرش دانشجو‌معلم با تعهد خدمت؛ ضوابط بخش فرهنگیان دفترچه,1401-humanities-booklet,166,1401-humanities-booklet,166,کدرشته‌محل منبع: 45120؛ عنوان رشته در منبع: آموزش ابتدایی؛ نحوه پذیرش: با آزمون (بخش دانشجو‌معلم)؛ استان در این ردیف مربوط به بومی‌گزینی/محل خدمت است
1401,آموزش ابتدایی,دانشگاه فرهنگیان,پردیس شهید باهنر بیرجند,خراسان رضوی,در جدول ذکر نشده,,تعهد خدمت,23,مرد,در جدول ذکر نشده,ادامه مخصوص داوطلبان بومی استان خراسان رضوی؛ پردیس شهید باهنر بیرجند/ اولویت پذیرش با داوطلبان بومی شهرستانهای خواف، رشتخوار/محل خدمت خواف؛ پذیرش دانشجو‌معلم با تعهد خدمت؛ ضوابط بخش فرهنگیان دفترچه,1401-humanities-booklet,166,1401-humanities-booklet,166,کدرشته‌محل منبع: 45121؛ عنوان رشته در منبع: آموزش ابتدایی؛ نحوه پذیرش: با آزمون (بخش دانشجو‌معلم)؛ استان در این ردیف مربوط به بومی‌گزینی/محل خدمت است
1401,آموزش ابتدایی,دانشگاه فرهنگیان,پردیس شهید باهنر بیرجند,خراسان رضوی,در جدول ذکر نشده,,تعهد خدمت,8,مرد,در جدول ذکر نشده,ادامه مخصوص داوطلبان بومی استان خراسان رضوی؛ پردیس شهید باهنر بیرجند/ اولویت پذیرش با داوطلبان بومی شهرستانهای بجستان، گناباد/محل خدمت گناباد؛ پذیرش دانشجو‌معلم با تعهد خدمت؛ ضوابط بخش فرهنگیان دفترچه,1401-humanities-booklet,166,1401-humanities-booklet,166,کدرشته‌محل منبع: 45122؛ عنوان رشته در منبع: آموزش ابتدایی؛ نحوه پذیرش: با آزمون (بخش دانشجو‌معلم)؛ استان در این ردیف مربوط به بومی‌گزینی/محل خدمت است
1401,آموزش ابتدایی,دانشگاه فرهنگیان,پردیس شهید بهشتی مشهد )مرکز آموزش عالی ثامن ،الحجج مشهد(,خراسان رضوی,در جدول ذکر نشده,,تعهد خدمت,18,مرد,در جدول ذکر نشده,ادامه مخصوص داوطلبان بومی استان خراسان رضوی؛ پردیس شهید بهشتی مشهد )مرکز آموزش عالی ثامن ،الحجج مشهد(/ اولویت پذیرش با داوطلبان بومی شهرستانهای مشهد بینالود/محل خدمت احمدآباد؛ پذیرش دانشجو‌معلم با تعهد خدمت؛ ضوابط بخش فرهنگیان دفترچه,1401-humanities-booklet,166,1401-humanities-booklet,166,کدرشته‌محل منبع: 45123؛ عنوان رشته در منبع: آموزش ابتدایی؛ نحوه پذیرش: با آزمون (بخش دانشجو‌معلم)؛ استان در این ردیف مربوط به بومی‌گزینی/محل خدمت است
1401,آموزش ابتدایی,دانشگاه فرهنگیان,،پردیس شهید بهشتی مشهد )مرکز آموزش عالی ثامن الحجج مشهد(,خراسان رضوی,در جدول ذکر نشده,,تعهد خدمت,31,مرد,در جدول ذکر نشده,ادامه مخصوص داوطلبان بومی استان خراسان رضوی؛ ،پردیس شهید بهشتی مشهد )مرکز آموزش عالی ثامن الحجج مشهد(/ اولویت پذیرش با داوطلبان بومی شهرستانهای مشهد بینالود/محل خدمت تبادکان؛ پذیرش دانشجو‌معلم با تعهد خدمت؛ ضوابط بخش فرهنگیان دفترچه,1401-humanities-booklet,166,1401-humanities-booklet,166,کدرشته‌محل منبع: 45124؛ عنوان رشته در منبع: آموزش ابتدایی؛ نحوه پذیرش: با آزمون (بخش دانشجو‌معلم)؛ استان در این ردیف مربوط به بومی‌گزینی/محل خدمت است
1401,آموزش ابتدایی,دانشگاه فرهنگیان,،پردیس شهید بهشتی مشهد )مرکز آموزش عالی ثامن الحجج مشهد(,خراسان رضوی,در جدول ذکر نشده,,تعهد خدمت,7,مرد,در جدول ذکر نشده,ادامه مخصوص داوطلبان بومی استان خراسان رضوی؛ ،پردیس شهید بهشتی مشهد )مرکز آموزش عالی ثامن الحجج مشهد(/ اولویت پذیرش با داوطلبان بومی شهرستانهای مشهد بینالود/محل خدمت طرقبه؛ پذیرش دانشجو‌معلم با تعهد خدمت؛ ضوابط بخش فرهنگیان دفترچه,1401-humanities-booklet,166,1401-humanities-booklet,166,کدرشته‌محل منبع: 45125؛ عنوان رشته در منبع: آموزش ابتدایی؛ نحوه پذیرش: با آزمون (بخش دانشجو‌معلم)؛ استان در این ردیف مربوط به بومی‌گزینی/محل خدمت است
1401,آموزش ابتدایی,دانشگاه فرهنگیان,پردیس شهید بهشتی مشهد )مرکز آموزش عالی شهیدرجایی تربت حیدریه(,خراسان رضوی,در جدول ذکر نشده,,تعهد خدمت,22,مرد,در جدول ذکر نشده,ادامه مخصوص داوطلبان بومی استان خراسان رضوی؛ پردیس شهید بهشتی مشهد )مرکز آموزش عالی شهیدرجایی تربت حیدریه(/ اولویت پذیرش با داوطلبان بومی شهرستان فریمان/محل خدمت فریمان؛ پذیرش دانشجو‌معلم با تعهد خدمت؛ ضوابط بخش فرهنگیان دفترچه,1401-humanities-booklet,166,1401-humanities-booklet,166,کدرشته‌محل منبع: 45126؛ عنوان رشته در منبع: آموزش ابتدایی؛ نحوه پذیرش: با آزمون (بخش دانشجو‌معلم)؛ استان در این ردیف مربوط به بومی‌گزینی/محل خدمت است
1401,آموزش ابتدایی,دانشگاه فرهنگیان,پردیس شهید بهشتی مشهد )مرکز آموزش عالی علامه طباطبایی سبزوار(,خراسان رضوی,در جدول ذکر نشده,,تعهد خدمت,25,مرد,در جدول ذکر نشده,ادامه مخصوص داوطلبان بومی استان خراسان رضوی؛ پردیس شهید بهشتی مشهد )مرکز آموزش عالی علامه طباطبایی سبزوار(/ اولویت پذیرش با داوطلبان بومی شهرستانهای درگز و کلات/محل خدمت کلات؛ پذیرش دانشجو‌معلم با تعهد خدمت؛ ضوابط بخش فرهنگیان دفترچه,1401-humanities-booklet,166,1401-humanities-booklet,166,کدرشته‌محل منبع: 45127؛ عنوان رشته در منبع: آموزش ابتدایی؛ نحوه پذیرش: با آزمون (بخش دانشجو‌معلم)؛ استان در این ردیف مربوط به بومی‌گزینی/محل خدمت است
1401,آموزش ابتدایی,دانشگاه فرهنگیان,پردیس شهید بهشتی مشهد )مرکز آموزش عالی دانشور نیشابور(,خراسان رضوی,در جدول ذکر نشده,,تعهد خدمت,17,مرد,در جدول ذکر نشده,ادامه مخصوص داوطلبان بومی استان خراسان رضوی؛ پردیس شهید بهشتی مشهد )مرکز آموزش عالی دانشور نیشابور(/ اولویت پذیرش با داوطلبان بومی شهرستانهای چناران، گلبهار/محل خدمت چناران؛ پذیرش دانشجو‌معلم با تعهد خدمت؛ ضوابط بخش فرهنگیان دفترچه,1401-humanities-booklet,166,1401-humanities-booklet,166,کدرشته‌محل منبع: 45128؛ عنوان رشته در منبع: آموزش ابتدایی؛ نحوه پذیرش: با آزمون (بخش دانشجو‌معلم)؛ استان در این ردیف مربوط به بومی‌گزینی/محل خدمت است
1401,آموزش ابتدایی,دانشگاه فرهنگیان,پردیس شهید بهشتی مشهد )مرکز آموزش عالی علامه طباطبایی سبزوار(,خراسان رضوی,در جدول ذکر نشده,,تعهد خدمت,17,مرد,در جدول ذکر نشده,ادامه مخصوص داوطلبان بومی استان خراسان رضوی؛ پردیس شهید بهشتی مشهد )مرکز آموزش عالی علامه طباطبایی سبزوار(/ اولویت پذیرش با داوطلبان بومی شهرستان خوشاب/محل خدمت خوشاب؛ پذیرش دانشجو‌معلم با تعهد خدمت؛ ضوابط بخش فرهنگیان دفترچه,1401-humanities-booklet,166,1401-humanities-booklet,166,کدرشته‌محل منبع: 45129؛ عنوان رشته در منبع: آموزش ابتدایی؛ نحوه پذیرش: با آزمون (بخش دانشجو‌معلم)؛ استان در این ردیف مربوط به بومی‌گزینی/محل خدمت است
1401,آموزش ابتدایی,دانشگاه فرهنگیان,پردیس شهید بهشتی مشهد )مرکز آموزش عالی دانشور نیشابور(,خراسان رضوی,در جدول ذکر نشده,,تعهد خدمت,12,مرد,در جدول ذکر نشده,ادامه مخصوص داوطلبان بومی استان خراسان رضوی؛ پردیس شهید بهشتی مشهد )مرکز آموزش عالی دانشور نیشابور(/ اولویت پذیرش با داوطلبان بومی شهرستان سرخس/محل خدمت سرخس؛ پذیرش دانشجو‌معلم با تعهد خدمت؛ ضوابط بخش فرهنگیان دفترچه,1401-humanities-booklet,166,1401-humanities-booklet,166,کدرشته‌محل منبع: 45130؛ عنوان رشته در منبع: آموزش ابتدایی؛ نحوه پذیرش: با آزمون (بخش دانشجو‌معلم)؛ استان در این ردیف مربوط به بومی‌گزینی/محل خدمت است
1401,آموزش ابتدایی,دانشگاه فرهنگیان,پردیس شهید بهشتی مشهد )مرکز آموزش عالی ثامن الحجج مشهد(,خراسان رضوی,در جدول ذکر نشده,,تعهد خدمت,12,مرد,در جدول ذکر نشده,ادامه مخصوص داوطلبان بومی استان خراسان رضوی؛ پردیس شهید بهشتی مشهد )مرکز آموزش عالی ثامن الحجج مشهد(/ اولویت پذیرش با داوطلبان بومی ،شهرستانهای مشهد بینالود/محل خدمت رضویه؛ پذیرش دانشجو‌معلم با تعهد خدمت؛ ضوابط بخش فرهنگیان دفترچه,1401-humanities-booklet,166,1401-humanities-booklet,166,کدرشته‌محل منبع: 45131؛ عنوان رشته در منبع: آموزش ابتدایی؛ نحوه پذیرش: با آزمون (بخش دانشجو‌معلم)؛ استان در این ردیف مربوط به بومی‌گزینی/محل خدمت است
1401,آموزش ابتدایی,دانشگاه فرهنگیان,پردیس شهید بهشتی مشهد )مرکز آموزش عالی دانشور نیشابور(,خراسان رضوی,در جدول ذکر نشده,,تعهد خدمت,13,مرد,در جدول ذکر نشده,ادامه مخصوص داوطلبان بومی استان خراسان رضوی؛ پردیس شهید بهشتی مشهد )مرکز آموزش عالی دانشور نیشابور(/ اولویت پذیرش با داوطلبان بومی شهرستان تربت جام/محل خدمت تربت جام؛ پذیرش دانشجو‌معلم با تعهد خدمت؛ ضوابط بخش فرهنگیان دفترچه,1401-humanities-booklet,166,1401-humanities-booklet,166,کدرشته‌محل منبع: 45132؛ عنوان رشته در منبع: آموزش ابتدایی؛ نحوه پذیرش: با آزمون (بخش دانشجو‌معلم)؛ استان در این ردیف مربوط به بومی‌گزینی/محل خدمت است
1401,آموزش ابتدایی,دانشگاه فرهنگیان,پردیس شهید بهشتی مشهد )مرکز آموزش عالی دانشور نیشابور(,خراسان رضوی,در جدول ذکر نشده,,تعهد خدمت,19,مرد,در جدول ذکر نشده,ادامه مخصوص داوطلبان بومی استان خراسان رضوی؛ پردیس شهید بهشتی مشهد )مرکز آموزش عالی دانشور نیشابور(/ اولویت پذیرش با داوطلبان بومی شهرستان صالح آباد/محل خدمت صالح آباد؛ پذیرش دانشجو‌معلم با تعهد خدمت؛ ضوابط بخش فرهنگیان دفترچه,1401-humanities-booklet,166,1401-humanities-booklet,166,کدرشته‌محل منبع: 45133؛ عنوان رشته در منبع: آموزش ابتدایی؛ نحوه پذیرش: با آزمون (بخش دانشجو‌معلم)؛ استان در این ردیف مربوط به بومی‌گزینی/محل خدمت است
1401,آموزش ابتدایی,دانشگاه فرهنگیان,پردیس شهید بهشتی مشهد )مرکز آموزش عالی شهیدرجایی تربت حیدریه(,خراسان رضوی,در جدول ذکر نشده,,تعهد خدمت,18,مرد,در جدول ذکر نشده,ادامه مخصوص داوطلبان بومی استان خراسان رضوی؛ پردیس شهید بهشتی مشهد )مرکز آموزش عالی شهیدرجایی تربت حیدریه(/ اولویت پذیرش با داوطلبان بومی شهرستان تربت حیدریه/محل خدمت تربت حیدریه؛ پذیرش دانشجو‌معلم با تعهد خدمت؛ ضوابط بخش فرهنگیان دفترچه,1401-humanities-booklet,166,1401-humanities-booklet,166,کدرشته‌محل منبع: 45134؛ عنوان رشته در منبع: آموزش ابتدایی؛ نحوه پذیرش: با آزمون (بخش دانشجو‌معلم)؛ استان در این ردیف مربوط به بومی‌گزینی/محل خدمت است
1401,آموزش ابتدایی,دانشگاه فرهنگیان,پردیس شهید بهشتی مشهد )مرکز آموزش عالی شهیدرجایی تربت حیدریه(,خراسان رضوی,در جدول ذکر نشده,,تعهد خدمت,13,مرد,در جدول ذکر نشده,ادامه مخصوص داوطلبان بومی استان خراسان رضوی؛ پردیس شهید بهشتی مشهد )مرکز آموزش عالی شهیدرجایی تربت حیدریه(/ اولویت پذیرش با داوطلبان بومی شهرستانهای زاوه و مه ولات/محل خدمت زاوه؛ پذیرش دانشجو‌معلم با تعهد خدمت؛ ضوابط بخش فرهنگیان دفترچه,1401-humanities-booklet,166,1401-humanities-booklet,166,کدرشته‌محل منبع: 45135؛ عنوان رشته در منبع: آموزش ابتدایی؛ نحوه پذیرش: با آزمون (بخش دانشجو‌معلم)؛ استان در این ردیف مربوط به بومی‌گزینی/محل خدمت است
1401,آموزش ابتدایی,دانشگاه فرهنگیان,پردیس شهید بهشتی مشهد )مرکز آموزش عالی شهیدرجایی تربت حیدریه(,خراسان رضوی,در جدول ذکر نشده,,تعهد خدمت,16,مرد,در جدول ذکر نشده,ادامه مخصوص داوطلبان بومی استان خراسان رضوی؛ پردیس شهید بهشتی مشهد )مرکز آموزش عالی شهیدرجایی تربت حیدریه(/ اولویت ،پذیرش با داوطلبان بومی شهرستانهای خواف رشتخوار/محل خدمت رشتخوار؛ پذیرش دانشجو‌معلم با تعهد خدمت؛ ضوابط بخش فرهنگیان دفترچه,1401-humanities-booklet,166,1401-humanities-booklet,166,کدرشته‌محل منبع: 45136؛ عنوان رشته در منبع: آموزش ابتدایی؛ نحوه پذیرش: با آزمون (بخش دانشجو‌معلم)؛ استان در این ردیف مربوط به بومی‌گزینی/محل خدمت است
1401,آموزش ابتدایی,دانشگاه فرهنگیان,،پردیس شهید بهشتی مشهد )مرکز آموزش عالی ثامن الحجج مشهد(,خراسان رضوی,در جدول ذکر نشده,,تعهد خدمت,26,مرد,در جدول ذکر نشده,ادامه مخصوص داوطلبان بومی استان خراسان رضوی؛ ،پردیس شهید بهشتی مشهد )مرکز آموزش عالی ثامن الحجج مشهد(/ اولویت پذیرش با داوطلبان بومی شهرستانهای چناران گلبهار/محل خدمت گلبهار؛ پذیرش دانشجو‌معلم با تعهد خدمت؛ ضوابط بخش فرهنگیان دفترچه,1401-humanities-booklet,166,1401-humanities-booklet,166,کدرشته‌محل منبع: 45137؛ عنوان رشته در منبع: آموزش ابتدایی؛ نحوه پذیرش: با آزمون (بخش دانشجو‌معلم)؛ استان در این ردیف مربوط به بومی‌گزینی/محل خدمت است
1401,آموزش ابتدایی,دانشگاه فرهنگیان,پردیس شهید بهشتی مشهد )مرکز آموزش عالی دانشور نیشابور(,خراسان رضوی,در جدول ذکر نشده,,تعهد خدمت,13,مرد,در جدول ذکر نشده,ادامه مخصوص داوطلبان بومی استان خراسان رضوی؛ پردیس شهید بهشتی مشهد )مرکز آموزش عالی دانشور نیشابور(/ اولویت پذیرش با داوطلبان بومی شهرستان نیشابور/محل خدمت میان جلگه؛ پذیرش دانشجو‌معلم با تعهد خدمت؛ ضوابط بخش فرهنگیان دفترچه,1401-humanities-booklet,166,1401-humanities-booklet,166,کدرشته‌محل منبع: 45138؛ عنوان رشته در منبع: آموزش ابتدایی؛ نحوه پذیرش: با آزمون (بخش دانشجو‌معلم)؛ استان در این ردیف مربوط به بومی‌گزینی/محل خدمت است
1401,آموزش ابتدایی,دانشگاه فرهنگیان,پردیس شهید بهشتی مشهد )مرکز آموزش عالی علامه طباطبایی سبزوار(,خراسان رضوی,در جدول ذکر نشده,,تعهد خدمت,11,مرد,در جدول ذکر نشده,ادامه مخصوص داوطلبان بومی استان خراسان رضوی؛ پردیس شهید بهشتی مشهد )مرکز آموزش عالی علامه طباطبایی سبزوار(/ اولویت پذیرش با داوطلبان بومی شهرستان سبزوار /محل خدمت سبزوار؛ پذیرش دانشجو‌معلم با تعهد خدمت؛ ضوابط بخش فرهنگیان دفترچه,1401-humanities-booklet,166,1401-humanities-booklet,166,کدرشته‌محل منبع: 45139؛ عنوان رشته در منبع: آموزش ابتدایی؛ نحوه پذیرش: با آزمون (بخش دانشجو‌معلم)؛ استان در این ردیف مربوط به بومی‌گزینی/محل خدمت است
1401,آموزش ابتدایی,دانشگاه فرهنگیان,،پردیس شهید بهشتی مشهد )مرکز آموزش عالی علامه طباطبایی سبزوار(,خراسان رضوی,در جدول ذکر نشده,,تعهد خدمت,5,مرد,در جدول ذکر نشده,ادامه مخصوص داوطلبان بومی استان خراسان رضوی؛ ،پردیس شهید بهشتی مشهد )مرکز آموزش عالی علامه طباطبایی سبزوار(/ اولویت پذیرش با داوطلبان بومی شهرستانهای داورزن ششتمد/محل خدمت ششتمد؛ پذیرش دانشجو‌معلم با تعهد خدمت؛ ضوابط بخش فرهنگیان دفترچه,1401-humanities-booklet,166,1401-humanities-booklet,166,کدرشته‌محل منبع: 45140؛ عنوان رشته در منبع: آموزش ابتدایی؛ نحوه پذیرش: با آزمون (بخش دانشجو‌معلم)؛ استان در این ردیف مربوط به بومی‌گزینی/محل خدمت است
1401,آموزش ابتدایی,دانشگاه فرهنگیان,,خراسان رضوی,در جدول ذکر نشده,,تعهد خدمت,31,مرد,در جدول ذکر نشده,ادامه مخصوص داوطلبان بومی استان خراسان رضوی؛ /(پردیس شهید بهشتی مشهد )مرکز آموزش عالی دانشور نیشابور اولویت پذیرش با داوطلبان بومی شهرستان زبرخان/محل خدمت زبرخان؛ پذیرش دانشجو‌معلم با تعهد خدمت؛ ضوابط بخش فرهنگیان دفترچه,1401-humanities-booklet,166,1401-humanities-booklet,166,کدرشته‌محل منبع: 45141؛ عنوان رشته در منبع: آموزش ابتدایی؛ نحوه پذیرش: با آزمون (بخش دانشجو‌معلم)؛ استان در این ردیف مربوط به بومی‌گزینی/محل خدمت است
1401,آموزش ابتدایی,دانشگاه فرهنگیان,،پردیس شهید بهشتی مشهد )مرکز آموزش عالی علامه طباطبایی سبزوار(,خراسان رضوی,در جدول ذکر نشده,,تعهد خدمت,12,مرد,در جدول ذکر نشده,ادامه مخصوص داوطلبان بومی استان خراسان رضوی؛ ،پردیس شهید بهشتی مشهد )مرکز آموزش عالی علامه طباطبایی سبزوار(/ اولویت پذیرش با داوطلبان بومی شهرستانهای جغتای جوین/محل خدمت جغتای؛ پذیرش دانشجو‌معلم با تعهد خدمت؛ ضوابط بخش فرهنگیان دفترچه,1401-humanities-booklet,166,1401-humanities-booklet,166,کدرشته‌محل منبع: 45142؛ عنوان رشته در منبع: آموزش ابتدایی؛ نحوه پذیرش: با آزمون (بخش دانشجو‌معلم)؛ استان در این ردیف مربوط به بومی‌گزینی/محل خدمت است
1401,آموزش ابتدایی,دانشگاه فرهنگیان,پردیس ،شهید بهشتی مشهد )مرکز آموزش عالی علامه طباطبایی سبزوار(,خراسان رضوی,در جدول ذکر نشده,,تعهد خدمت,12,مرد,در جدول ذکر نشده,ادامه مخصوص داوطلبان بومی استان خراسان رضوی؛ پردیس ،شهید بهشتی مشهد )مرکز آموزش عالی علامه طباطبایی سبزوار(/ اولویت پذیرش با داوطلبان بومی شهرستانهای جغتای جوین/محل خدمت جوین؛ پذیرش دانشجو‌معلم با تعهد خدمت؛ ضوابط بخش فرهنگیان دفترچه,1401-humanities-booklet,166,1401-humanities-booklet,166,کدرشته‌محل منبع: 45143؛ عنوان رشته در منبع: آموزش ابتدایی؛ نحوه پذیرش: با آزمون (بخش دانشجو‌معلم)؛ استان در این ردیف مربوط به بومی‌گزینی/محل خدمت است
1401,آموزش ابتدایی,دانشگاه فرهنگیان,پردیس شهید بهشتی مشهد )مرکز آموزش عالی دانشور نیشابور(,خراسان رضوی,در جدول ذکر نشده,,تعهد خدمت,16,مرد,در جدول ذکر نشده,ادامه مخصوص داوطلبان بومی استان خراسان رضوی؛ پردیس شهید بهشتی مشهد )مرکز آموزش عالی دانشور نیشابور(/ اولویت پذیرش با داوطلبان بومی شهرستان فیروزه/محل خدمت فیروزه؛ پذیرش دانشجو‌معلم با تعهد خدمت؛ ضوابط بخش فرهنگیان دفترچه,1401-humanities-booklet,167,1401-humanities-booklet,167,کدرشته‌محل منبع: 45144؛ عنوان رشته در منبع: آموزش ابتدایی؛ نحوه پذیرش: با آزمون (بخش دانشجو‌معلم)؛ استان در این ردیف مربوط به بومی‌گزینی/محل خدمت است
1401,آموزش ابتدایی,دانشگاه فرهنگیان,پردیس شهید بهشتی مشهد )مرکز آموزش عالی شهیدرجایی تربت حیدریه(,خراسان رضوی,در جدول ذکر نشده,,تعهد خدمت,26,مرد,در جدول ذکر نشده,ادامه مخصوص داوطلبان بومی استان خراسان رضوی؛ پردیس شهید بهشتی مشهد )مرکز آموزش عالی شهیدرجایی تربت حیدریه(/ اولویت پذیرش با داوطلبان بومی ،شهرستانهای باخرز تایباد/محل خدمت باخرز؛ پذیرش دانشجو‌معلم با تعهد خدمت؛ ضوابط بخش فرهنگیان دفترچه,1401-humanities-booklet,167,1401-humanities-booklet,167,کدرشته‌محل منبع: 45145؛ عنوان رشته در منبع: آموزش ابتدایی؛ نحوه پذیرش: با آزمون (بخش دانشجو‌معلم)؛ استان در این ردیف مربوط به بومی‌گزینی/محل خدمت است
1401,آموزش ابتدایی,دانشگاه فرهنگیان,،پردیس شهید بهشتی مشهد )مرکز آموزش عالی علامه طباطبایی سبزوار(,خراسان رضوی,در جدول ذکر نشده,,تعهد خدمت,7,مرد,در جدول ذکر نشده,ادامه مخصوص داوطلبان بومی استان خراسان رضوی؛ ،پردیس شهید بهشتی مشهد )مرکز آموزش عالی علامه طباطبایی سبزوار(/ اولویت پذیرش با داوطلبان بومی شهرستانهای داورزن ششتمد/محل خدمت داورزن؛ پذیرش دانشجو‌معلم با تعهد خدمت؛ ضوابط بخش فرهنگیان دفترچه,1401-humanities-booklet,167,1401-humanities-booklet,167,کدرشته‌محل منبع: 45146؛ عنوان رشته در منبع: آموزش ابتدایی؛ نحوه پذیرش: با آزمون (بخش دانشجو‌معلم)؛ استان در این ردیف مربوط به بومی‌گزینی/محل خدمت است
1401,آموزش ابتدایی,دانشگاه فرهنگیان,پردیس شهید بهشتی مشهد )مرکز ،آموزش عالی علامه طباطبایی سبزوار(,خراسان رضوی,در جدول ذکر نشده,,تعهد خدمت,8,مرد,در جدول ذکر نشده,ادامه مخصوص داوطلبان بومی استان خراسان رضوی؛ پردیس شهید بهشتی مشهد )مرکز ،آموزش عالی علامه طباطبایی سبزوار(/ اولویت پذیرش با داوطلبان بومی شهرستانهای کاشمر کوهسرخ/محل خدمت کاشمر؛ پذیرش دانشجو‌معلم با تعهد خدمت؛ ضوابط بخش فرهنگیان دفترچه,1401-humanities-booklet,167,1401-humanities-booklet,167,کدرشته‌محل منبع: 45147؛ عنوان رشته در منبع: آموزش ابتدایی؛ نحوه پذیرش: با آزمون (بخش دانشجو‌معلم)؛ استان در این ردیف مربوط به بومی‌گزینی/محل خدمت است
1401,آموزش ابتدایی,دانشگاه فرهنگیان,،پردیس شهید بهشتی مشهد )مرکز آموزش عالی علامه طباطبایی سبزوار(,خراسان رضوی,در جدول ذکر نشده,,تعهد خدمت,12,مرد,در جدول ذکر نشده,ادامه مخصوص داوطلبان بومی استان خراسان رضوی؛ ،پردیس شهید بهشتی مشهد )مرکز آموزش عالی علامه طباطبایی سبزوار(/ اولویت پذیرش با داوطلبان بومی شهرستانهای کاشمر کوهسرخ/محل خدمت کوهسرخ؛ پذیرش دانشجو‌معلم با تعهد خدمت؛ ضوابط بخش فرهنگیان دفترچه,1401-humanities-booklet,167,1401-humanities-booklet,167,کدرشته‌محل منبع: 45148؛ عنوان رشته در منبع: آموزش ابتدایی؛ نحوه پذیرش: با آزمون (بخش دانشجو‌معلم)؛ استان در این ردیف مربوط به بومی‌گزینی/محل خدمت است
1401,آموزش ابتدایی,دانشگاه فرهنگیان,،پردیس شهید بهشتی مشهد )مرکز آموزش عالی علامه طباطبایی سبزوار(,خراسان رضوی,در جدول ذکر نشده,,تعهد خدمت,17,مرد,در جدول ذکر نشده,ادامه مخصوص داوطلبان بومی استان خراسان رضوی؛ ،پردیس شهید بهشتی مشهد )مرکز آموزش عالی علامه طباطبایی سبزوار(/ اولویت پذیرش با داوطلبان بومی شهرستانهای بردسکن خلیل آباد/محل خدمت بردسکن؛ پذیرش دانشجو‌معلم با تعهد خدمت؛ ضوابط بخش فرهنگیان دفترچه,1401-humanities-booklet,167,1401-humanities-booklet,167,کدرشته‌محل منبع: 45149؛ عنوان رشته در منبع: آموزش ابتدایی؛ نحوه پذیرش: با آزمون (بخش دانشجو‌معلم)؛ استان در این ردیف مربوط به بومی‌گزینی/محل خدمت است
1401,آموزش ابتدایی,دانشگاه فرهنگیان,پردیس شهید بهشتی مشهد )مرکز آموزش عالی شهیدرجایی ،تربت حیدریه(,خراسان رضوی,در جدول ذکر نشده,,تعهد خدمت,13,مرد,در جدول ذکر نشده,ادامه مخصوص داوطلبان بومی استان خراسان رضوی؛ پردیس شهید بهشتی مشهد )مرکز آموزش عالی شهیدرجایی ،تربت حیدریه(/ اولویت پذیرش با داوطلبان بومی شهرستانهای بجستان گناباد/محل خدمت بجستان؛ پذیرش دانشجو‌معلم با تعهد خدمت؛ ضوابط بخش فرهنگیان دفترچه,1401-humanities-booklet,167,1401-humanities-booklet,167,کدرشته‌محل منبع: 45150؛ عنوان رشته در منبع: آموزش ابتدایی؛ نحوه پذیرش: با آزمون (بخش دانشجو‌معلم)؛ استان در این ردیف مربوط به بومی‌گزینی/محل خدمت است
1401,آموزش ابتدایی,دانشگاه فرهنگیان,پردیس شهید بهشتی مشهد )مرکز آموزش عالی شهیدرجایی تربت حیدریه(,خراسان رضوی,در جدول ذکر نشده,,تعهد خدمت,10,مرد,در جدول ذکر نشده,ادامه مخصوص داوطلبان بومی استان خراسان رضوی؛ پردیس شهید بهشتی مشهد )مرکز آموزش عالی شهیدرجایی تربت حیدریه(/ اولویت پذیرش با داوطلبان بومی شهرستان تربت حیدریه/محل خدمت جلگه رخ؛ پذیرش دانشجو‌معلم با تعهد خدمت؛ ضوابط بخش فرهنگیان دفترچه,1401-humanities-booklet,167,1401-humanities-booklet,167,کدرشته‌محل منبع: 45151؛ عنوان رشته در منبع: آموزش ابتدایی؛ نحوه پذیرش: با آزمون (بخش دانشجو‌معلم)؛ استان در این ردیف مربوط به بومی‌گزینی/محل خدمت است
1401,آموزش ابتدایی,دانشگاه فرهنگیان,پردیس شهید بهشتی مشهد )مرکز آموزش عالی دانشور نیشابور(,خراسان رضوی,در جدول ذکر نشده,,تعهد خدمت,17,مرد,در جدول ذکر نشده,ادامه مخصوص داوطلبان بومی استان خراسان رضوی؛ پردیس شهید بهشتی مشهد )مرکز آموزش عالی دانشور نیشابور(/ اولویت پذیرش با داوطلبان بومی شهرستان نیشابور/محل خدمت نیشابور؛ پذیرش دانشجو‌معلم با تعهد خدمت؛ ضوابط بخش فرهنگیان دفترچه,1401-humanities-booklet,167,1401-humanities-booklet,167,کدرشته‌محل منبع: 45152؛ عنوان رشته در منبع: آموزش ابتدایی؛ نحوه پذیرش: با آزمون (بخش دانشجو‌معلم)؛ استان در این ردیف مربوط به بومی‌گزینی/محل خدمت است
1401,آموزش ابتدایی,دانشگاه فرهنگیان,پردیس شهید بهشتی مشهد )مرکز آموزش عالی دانشور نیشابور(,خراسان رضوی,در جدول ذکر نشده,,تعهد خدمت,8,مرد,در جدول ذکر نشده,ادامه مخصوص داوطلبان بومی استان خراسان رضوی؛ پردیس شهید بهشتی مشهد )مرکز آموزش عالی دانشور نیشابور(/ اولویت پذیرش با داوطلبان بومی شهرستان نیشابور/محل خدمت سرولایت؛ پذیرش دانشجو‌معلم با تعهد خدمت؛ ضوابط بخش فرهنگیان دفترچه,1401-humanities-booklet,167,1401-humanities-booklet,167,کدرشته‌محل منبع: 45153؛ عنوان رشته در منبع: آموزش ابتدایی؛ نحوه پذیرش: با آزمون (بخش دانشجو‌معلم)؛ استان در این ردیف مربوط به بومی‌گزینی/محل خدمت است
1401,آموزش ابتدایی,دانشگاه فرهنگیان,پردیس شهید بهشتی مشهد )مرکز آموزش عالی شهیدرجایی تربت حیدریه(,خراسان رضوی,در جدول ذکر نشده,,تعهد خدمت,10,مرد,در جدول ذکر نشده,ادامه مخصوص داوطلبان بومی استان خراسان رضوی؛ پردیس شهید بهشتی مشهد )مرکز آموزش عالی شهیدرجایی تربت حیدریه(/ اولویت پذیرش با داوطلبان بومی شهرستانهای زاوه و مه ولات/محل خدمت مه ولات؛ پذیرش دانشجو‌معلم با تعهد خدمت؛ ضوابط بخش فرهنگیان دفترچه,1401-humanities-booklet,167,1401-humanities-booklet,167,کدرشته‌محل منبع: 45154؛ عنوان رشته در منبع: آموزش ابتدایی؛ نحوه پذیرش: با آزمون (بخش دانشجو‌معلم)؛ استان در این ردیف مربوط به بومی‌گزینی/محل خدمت است
1401,آموزش ابتدایی,دانشگاه فرهنگیان,پردیس شهید بهشتی مشهد )مرکز آموزش عالی شهیدرجایی تربت حیدریه(,خراسان رضوی,در جدول ذکر نشده,,تعهد خدمت,10,مرد,در جدول ذکر نشده,ادامه مخصوص داوطلبان بومی استان خراسان رضوی؛ پردیس شهید بهشتی مشهد )مرکز آموزش عالی شهیدرجایی تربت حیدریه(/ اولویت پذیرش با داوطلبان بومی شهرستان تربت حیدریه/محل خدمت کدکن؛ پذیرش دانشجو‌معلم با تعهد خدمت؛ ضوابط بخش فرهنگیان دفترچه,1401-humanities-booklet,167,1401-humanities-booklet,167,کدرشته‌محل منبع: 45155؛ عنوان رشته در منبع: آموزش ابتدایی؛ نحوه پذیرش: با آزمون (بخش دانشجو‌معلم)؛ استان در این ردیف مربوط به بومی‌گزینی/محل خدمت است
1401,آموزش ابتدایی,دانشگاه فرهنگیان,،پردیس شهید بهشتی مشهد )مرکز آموزش عالی علامه طباطبایی سبزوار(,خراسان رضوی,در جدول ذکر نشده,,تعهد خدمت,10,مرد,در جدول ذکر نشده,ادامه مخصوص داوطلبان بومی استان خراسان رضوی؛ ،پردیس شهید بهشتی مشهد )مرکز آموزش عالی علامه طباطبایی سبزوار(/ اولویت پذیرش با داوطلبان بومی شهرستانهای بردسکن خلیل آباد/محل خدمت خلیل آباد؛ پذیرش دانشجو‌معلم با تعهد خدمت؛ ضوابط بخش فرهنگیان دفترچه,1401-humanities-booklet,167,1401-humanities-booklet,167,کدرشته‌محل منبع: 45156؛ عنوان رشته در منبع: آموزش ابتدایی؛ نحوه پذیرش: با آزمون (بخش دانشجو‌معلم)؛ استان در این ردیف مربوط به بومی‌گزینی/محل خدمت است
1401,آموزش ابتدایی,دانشگاه فرهنگیان,پردیس شهید هاشمی نژاد مشهد,خراسان رضوی,در جدول ذکر نشده,,تعهد خدمت,8,زن,در جدول ذکر نشده,ادامه مخصوص داوطلبان بومی استان خراسان رضوی؛ پردیس شهید هاشمی نژاد مشهد/ اولویت پذیرش با داوطلبان بومی شهرستانهای مشهد، بینالود/محل خدمت احمدآباد؛ پذیرش دانشجو‌معلم با تعهد خدمت؛ ضوابط بخش فرهنگیان دفترچه,1401-humanities-booklet,167,1401-humanities-booklet,167,کدرشته‌محل منبع: 45157؛ عنوان رشته در منبع: آموزش ابتدایی؛ نحوه پذیرش: با آزمون (بخش دانشجو‌معلم)؛ استان در این ردیف مربوط به بومی‌گزینی/محل خدمت است
1401,آموزش ابتدایی,دانشگاه فرهنگیان,پردیس شهید هاشمی نژاد مشهد,خراسان رضوی,در جدول ذکر نشده,,تعهد خدمت,19,زن,در جدول ذکر نشده,ادامه مخصوص داوطلبان بومی استان خراسان رضوی؛ پردیس شهید هاشمی نژاد مشهد/ اولویت پذیرش با داوطلبان بومی شهرستانهای مشهد، بینالود/محل خدمت تبادکان؛ پذیرش دانشجو‌معلم با تعهد خدمت؛ ضوابط بخش فرهنگیان دفترچه,1401-humanities-booklet,167,1401-humanities-booklet,167,کدرشته‌محل منبع: 45158؛ عنوان رشته در منبع: آموزش ابتدایی؛ نحوه پذیرش: با آزمون (بخش دانشجو‌معلم)؛ استان در این ردیف مربوط به بومی‌گزینی/محل خدمت است
1401,آموزش ابتدایی,دانشگاه فرهنگیان,پردیس شهید هاشمی نژاد مشهد,خراسان رضوی,در جدول ذکر نشده,,تعهد خدمت,7,زن,در جدول ذکر نشده,ادامه مخصوص داوطلبان بومی استان خراسان رضوی؛ پردیس شهید هاشمی نژاد مشهد/ اولویت پذیرش با داوطلبان بومی شهرستانهای مشهد، بینالود/محل خدمت طرقبه؛ پذیرش دانشجو‌معلم با تعهد خدمت؛ ضوابط بخش فرهنگیان دفترچه,1401-humanities-booklet,167,1401-humanities-booklet,167,کدرشته‌محل منبع: 45159؛ عنوان رشته در منبع: آموزش ابتدایی؛ نحوه پذیرش: با آزمون (بخش دانشجو‌معلم)؛ استان در این ردیف مربوط به بومی‌گزینی/محل خدمت است
1401,آموزش ابتدایی,دانشگاه فرهنگیان,پردیس شهید هاشمی نژاد مشهد,خراسان رضوی,در جدول ذکر نشده,,تعهد خدمت,12,زن,در جدول ذکر نشده,ادامه مخصوص داوطلبان بومی استان خراسان رضوی؛ پردیس شهید هاشمی نژاد مشهد/ اولویت پذیرش با داوطلبان بومی شهرستان فریمان/محل خدمت فریمان؛ پذیرش دانشجو‌معلم با تعهد خدمت؛ ضوابط بخش فرهنگیان دفترچه,1401-humanities-booklet,167,1401-humanities-booklet,167,کدرشته‌محل منبع: 45160؛ عنوان رشته در منبع: آموزش ابتدایی؛ نحوه پذیرش: با آزمون (بخش دانشجو‌معلم)؛ استان در این ردیف مربوط به بومی‌گزینی/محل خدمت است
1401,آموزش ابتدایی,دانشگاه فرهنگیان,پردیس شهید هاشمی ،نژاد مشهد )مرکز آموزش عالی شهید کلاهدوز قوچان(,خراسان رضوی,در جدول ذکر نشده,,تعهد خدمت,11,زن,در جدول ذکر نشده,ادامه مخصوص داوطلبان بومی استان خراسان رضوی؛ پردیس شهید هاشمی ،نژاد مشهد )مرکز آموزش عالی شهید کلاهدوز قوچان(/ اولویت پذیرش با داوطلبان بومی شهرستانهای چناران گلبهار/محل خدمت چناران؛ پذیرش دانشجو‌معلم با تعهد خدمت؛ ضوابط بخش فرهنگیان دفترچه,1401-humanities-booklet,167,1401-humanities-booklet,167,کدرشته‌محل منبع: 45161؛ عنوان رشته در منبع: آموزش ابتدایی؛ نحوه پذیرش: با آزمون (بخش دانشجو‌معلم)؛ استان در این ردیف مربوط به بومی‌گزینی/محل خدمت است
1401,آموزش ابتدایی,دانشگاه فرهنگیان,پردیس شهید هاشمی نژاد مشهد )مرکز آموزش عالی شهید کلاهدوز قوچان(,خراسان رضوی,در جدول ذکر نشده,,تعهد خدمت,11,زن,در جدول ذکر نشده,ادامه مخصوص داوطلبان بومی استان خراسان رضوی؛ پردیس شهید هاشمی نژاد مشهد )مرکز آموزش عالی شهید کلاهدوز قوچان(/ اولویت پذیرش با داوطلبان بومی شهرستان خوشاب/محل خدمت خوشاب؛ پذیرش دانشجو‌معلم با تعهد خدمت؛ ضوابط بخش فرهنگیان دفترچه,1401-humanities-booklet,167,1401-humanities-booklet,167,کدرشته‌محل منبع: 45162؛ عنوان رشته در منبع: آموزش ابتدایی؛ نحوه پذیرش: با آزمون (بخش دانشجو‌معلم)؛ استان در این ردیف مربوط به بومی‌گزینی/محل خدمت است
1401,آموزش ابتدایی,دانشگاه فرهنگیان,پردیس شهید هاشمی نژاد مشهد,خراسان رضوی,در جدول ذکر نشده,,تعهد خدمت,7,زن,در جدول ذکر نشده,ادامه مخصوص داوطلبان بومی استان خراسان رضوی؛ پردیس شهید هاشمی نژاد مشهد/ اولویت پذیرش با داوطلبان بومی شهرستانهای مشهد، بینالود/محل خدمت رضویه؛ پذیرش دانشجو‌معلم با تعهد خدمت؛ ضوابط بخش فرهنگیان دفترچه,1401-humanities-booklet,167,1401-humanities-booklet,167,کدرشته‌محل منبع: 45163؛ عنوان رشته در منبع: آموزش ابتدایی؛ نحوه پذیرش: با آزمون (بخش دانشجو‌معلم)؛ استان در این ردیف مربوط به بومی‌گزینی/محل خدمت است
1401,آموزش ابتدایی,دانشگاه فرهنگیان,پردیس شهید هاشمی نژاد مشهد,خراسان رضوی,در جدول ذکر نشده,,تعهد خدمت,18,زن,در جدول ذکر نشده,ادامه مخصوص داوطلبان بومی استان خراسان رضوی؛ پردیس شهید هاشمی نژاد مشهد/ اولویت پذیرش با داوطلبان بومی شهرستانهای چناران، گلبهار/محل خدمت گلبهار؛ پذیرش دانشجو‌معلم با تعهد خدمت؛ ضوابط بخش فرهنگیان دفترچه,1401-humanities-booklet,167,1401-humanities-booklet,167,کدرشته‌محل منبع: 45164؛ عنوان رشته در منبع: آموزش ابتدایی؛ نحوه پذیرش: با آزمون (بخش دانشجو‌معلم)؛ استان در این ردیف مربوط به بومی‌گزینی/محل خدمت است
1401,آموزش ابتدایی,دانشگاه فرهنگیان,پردیس شهید هاشمی نژاد مشهد )مرکز آموزش عالی شهید کلاهدوز قوچان(,خراسان رضوی,در جدول ذکر نشده,,تعهد خدمت,8,زن,در جدول ذکر نشده,ادامه مخصوص داوطلبان بومی استان خراسان رضوی؛ پردیس شهید هاشمی نژاد مشهد )مرکز آموزش عالی شهید کلاهدوز قوچان(/ اولویت پذیرش با داوطلبان بومی شهرستانهای درگز و کلات/محل خدمت درگز؛ پذیرش دانشجو‌معلم با تعهد خدمت؛ ضوابط بخش فرهنگیان دفترچه,1401-humanities-booklet,167,1401-humanities-booklet,167,کدرشته‌محل منبع: 45165؛ عنوان رشته در منبع: آموزش ابتدایی؛ نحوه پذیرش: با آزمون (بخش دانشجو‌معلم)؛ استان در این ردیف مربوط به بومی‌گزینی/محل خدمت است
1401,آموزش ابتدایی,دانشگاه فرهنگیان,پردیس شهید هاشمی نژاد مشهد مرکز آموزش عالی شهید کلاهدوز قوچان(,خراسان رضوی,در جدول ذکر نشده,,تعهد خدمت,5,زن,در جدول ذکر نشده,ادامه مخصوص داوطلبان بومی استان خراسان رضوی؛ پردیس شهید هاشمی نژاد مشهد مرکز آموزش عالی شهید کلاهدوز قوچان(/ اولویت پذیرش با داوطلبان بومی شهرستانهای درگز و ) کلات/محل خدمت نوخندان؛ پذیرش دانشجو‌معلم با تعهد خدمت؛ ضوابط بخش فرهنگیان دفترچه,1401-humanities-booklet,167,1401-humanities-booklet,167,کدرشته‌محل منبع: 45166؛ عنوان رشته در منبع: آموزش ابتدایی؛ نحوه پذیرش: با آزمون (بخش دانشجو‌معلم)؛ استان در این ردیف مربوط به بومی‌گزینی/محل خدمت است
1401,آموزش ابتدایی,دانشگاه فرهنگیان,پردیس شهید هاشمی ،نژاد مشهد )مرکز آموزش عالی شهید کلاهدوز قوچان(,خراسان رضوی,در جدول ذکر نشده,,تعهد خدمت,8,زن,در جدول ذکر نشده,ادامه مخصوص داوطلبان بومی استان خراسان رضوی؛ پردیس شهید هاشمی ،نژاد مشهد )مرکز آموزش عالی شهید کلاهدوز قوچان(/ اولویت پذیرش با داوطلبان بومی شهرستانهای داورزن ششتمد/محل خدمت ششتمد؛ پذیرش دانشجو‌معلم با تعهد خدمت؛ ضوابط بخش فرهنگیان دفترچه,1401-humanities-booklet,167,1401-humanities-booklet,167,کدرشته‌محل منبع: 45167؛ عنوان رشته در منبع: آموزش ابتدایی؛ نحوه پذیرش: با آزمون (بخش دانشجو‌معلم)؛ استان در این ردیف مربوط به بومی‌گزینی/محل خدمت است
1401,آموزش ابتدایی,دانشگاه فرهنگیان,پردیس شهید هاشمی نژاد مشهد )مرکز آموزش عالی شهید کلاهدوز قوچان(,خراسان رضوی,در جدول ذکر نشده,,تعهد خدمت,18,زن,در جدول ذکر نشده,ادامه مخصوص داوطلبان بومی استان خراسان رضوی؛ پردیس شهید هاشمی نژاد مشهد )مرکز آموزش عالی شهید کلاهدوز قوچان(/ اولویت پذیرش با داوطلبان بومی شهرستان زبرخان/محل خدمت زبرخان؛ پذیرش دانشجو‌معلم با تعهد خدمت؛ ضوابط بخش فرهنگیان دفترچه,1401-humanities-booklet,167,1401-humanities-booklet,167,کدرشته‌محل منبع: 45168؛ عنوان رشته در منبع: آموزش ابتدایی؛ نحوه پذیرش: با آزمون (بخش دانشجو‌معلم)؛ استان در این ردیف مربوط به بومی‌گزینی/محل خدمت است
1401,آموزش ابتدایی,دانشگاه فرهنگیان,پردیس شهید هاشمی نژاد مشهد )مرکز آموزش عالی شهید کلاهدوز قوچان(,خراسان رضوی,در جدول ذکر نشده,,تعهد خدمت,7,زن,در جدول ذکر نشده,ادامه مخصوص داوطلبان بومی استان خراسان رضوی؛ پردیس شهید هاشمی نژاد مشهد )مرکز آموزش عالی شهید کلاهدوز قوچان(/ اولویت پذیرش با داوطلبان بومی شهرستان فیروزه/محل خدمت فیروزه؛ پذیرش دانشجو‌معلم با تعهد خدمت؛ ضوابط بخش فرهنگیان دفترچه,1401-humanities-booklet,167,1401-humanities-booklet,167,کدرشته‌محل منبع: 45169؛ عنوان رشته در منبع: آموزش ابتدایی؛ نحوه پذیرش: با آزمون (بخش دانشجو‌معلم)؛ استان در این ردیف مربوط به بومی‌گزینی/محل خدمت است
1401,آموزش ابتدایی,دانشگاه فرهنگیان,پردیس شهید هاشمی نژاد مشهد )مرکز آموزش عالی شهید کلاهدوز قوچان(,خراسان رضوی,در جدول ذکر نشده,,تعهد خدمت,18,زن,در جدول ذکر نشده,ادامه مخصوص داوطلبان بومی استان خراسان رضوی؛ پردیس شهید هاشمی نژاد مشهد )مرکز آموزش عالی شهید کلاهدوز قوچان(/ اولویت پذیرش با داوطلبان بومی شهرستان قوچان/محل خدمت قوچان؛ پذیرش دانشجو‌معلم با تعهد خدمت؛ ضوابط بخش فرهنگیان دفترچه,1401-humanities-booklet,167,1401-humanities-booklet,167,کدرشته‌محل منبع: 45170؛ عنوان رشته در منبع: آموزش ابتدایی؛ نحوه پذیرش: با آزمون (بخش دانشجو‌معلم)؛ استان در این ردیف مربوط به بومی‌گزینی/محل خدمت است
1401,آموزش ابتدایی,دانشگاه فرهنگیان,پردیس شهید هاشمی نژاد مشهد )مرکز آموزش عالی شهید کلاهدوز قوچان(,خراسان رضوی,در جدول ذکر نشده,,تعهد خدمت,4,زن,در جدول ذکر نشده,ادامه مخصوص داوطلبان بومی استان خراسان رضوی؛ پردیس شهید هاشمی نژاد مشهد )مرکز آموزش عالی شهید کلاهدوز قوچان(/ اولویت پذیرش با داوطلبان بومی شهرستانهای داورزن، ششتمد/محل خدمت داورزن؛ پذیرش دانشجو‌معلم با تعهد خدمت؛ ضوابط بخش فرهنگیان دفترچه,1401-humanities-booklet,167,1401-humanities-booklet,167,کدرشته‌محل منبع: 45171؛ عنوان رشته در منبع: آموزش ابتدایی؛ نحوه پذیرش: با آزمون (بخش دانشجو‌معلم)؛ استان در این ردیف مربوط به بومی‌گزینی/محل خدمت است
1401,آموزش ابتدایی,دانشگاه فرهنگیان,پردیس شهید هاشمی نژاد مشهد )مرکز آموزش عالی شهید کلاهدوز قوچان(,خراسان رضوی,در جدول ذکر نشده,,تعهد خدمت,7,زن,در جدول ذکر نشده,ادامه مخصوص داوطلبان بومی استان خراسان رضوی؛ پردیس شهید هاشمی نژاد مشهد )مرکز آموزش عالی شهید کلاهدوز قوچان(/ اولویت پذیرش با داوطلبان بومی شهرستانهای کاشمر، کوهسرخ/محل خدمت کوهسرخ؛ پذیرش دانشجو‌معلم با تعهد خدمت؛ ضوابط بخش فرهنگیان دفترچه,1401-humanities-booklet,167,1401-humanities-booklet,167,کدرشته‌محل منبع: 45172؛ عنوان رشته در منبع: آموزش ابتدایی؛ نحوه پذیرش: با آزمون (بخش دانشجو‌معلم)؛ استان در این ردیف مربوط به بومی‌گزینی/محل خدمت است
1401,آموزش ابتدایی,دانشگاه فرهنگیان,پردیس شهید هاشمی نژاد مشهد )مرکز آموزش عالی شهید کلاهدوز قوچان(,خراسان رضوی,در جدول ذکر نشده,,تعهد خدمت,29,زن,در جدول ذکر نشده,ادامه مخصوص داوطلبان بومی استان خراسان رضوی؛ پردیس شهید هاشمی نژاد مشهد )مرکز آموزش عالی شهید کلاهدوز قوچان(/ اولویت پذیرش با داوطلبان بومی شهرستان نیشابور/محل خدمت نیشابور؛ پذیرش دانشجو‌معلم با تعهد خدمت؛ ضوابط بخش فرهنگیان دفترچه,1401-humanities-booklet,167,1401-humanities-booklet,167,کدرشته‌محل منبع: 45173؛ عنوان رشته در منبع: آموزش ابتدایی؛ نحوه پذیرش: با آزمون (بخش دانشجو‌معلم)؛ استان در این ردیف مربوط به بومی‌گزینی/محل خدمت است
1401,آموزش ابتدایی,دانشگاه فرهنگیان,پردیس شهید هاشمی نژاد مشهد )مرکز آموزش عالی شهید کلاهدوز قوچان(,خراسان رضوی,در جدول ذکر نشده,,تعهد خدمت,3,زن,در جدول ذکر نشده,ادامه مخصوص داوطلبان بومی استان خراسان رضوی؛ پردیس شهید هاشمی نژاد مشهد )مرکز آموزش عالی شهید کلاهدوز قوچان(/ اولویت پذیرش با داوطلبان بومی شهرستان تربت حیدریه/محل خدمت کدکن؛ پذیرش دانشجو‌معلم با تعهد خدمت؛ ضوابط بخش فرهنگیان دفترچه,1401-humanities-booklet,168,1401-humanities-booklet,168,کدرشته‌محل منبع: 45174؛ عنوان رشته در منبع: آموزش ابتدایی؛ نحوه پذیرش: با آزمون (بخش دانشجو‌معلم)؛ استان در این ردیف مربوط به بومی‌گزینی/محل خدمت است
1401,آموزش ابتدایی,دانشگاه فرهنگیان,پردیس فاطمة الزهراء)س( سمنان,خراسان رضوی,در جدول ذکر نشده,,تعهد خدمت,16,زن,در جدول ذکر نشده,ادامه مخصوص داوطلبان بومی استان خراسان رضوی؛ پردیس فاطمة الزهراء)س( سمنان/ اولویت پذیرش با داوطلبان بومی شهرستان سبزوار /محل خدمت سبزوار؛ پذیرش دانشجو‌معلم با تعهد خدمت؛ ضوابط بخش فرهنگیان دفترچه,1401-humanities-booklet,168,1401-humanities-booklet,168,کدرشته‌محل منبع: 45175؛ عنوان رشته در منبع: آموزش ابتدایی؛ نحوه پذیرش: با آزمون (بخش دانشجو‌معلم)؛ استان در این ردیف مربوط به بومی‌گزینی/محل خدمت است
1401,آموزش ابتدایی,دانشگاه فرهنگیان,پردیس امام جعفرصادق)ع( بجنورد,خراسان شمالی,در جدول ذکر نشده,,تعهد خدمت,6,زن,در جدول ذکر نشده,ادامه مخصوص داوطلبان بومی استان خراسان شمالی؛ پردیس امام جعفرصادق)ع( بجنورد/ اولویت پذیرش با داوطلبان بومی شهرستان اسفراین/محل خدمت اسفراین؛ پذیرش دانشجو‌معلم با تعهد خدمت؛ ضوابط بخش فرهنگیان دفترچه,1401-humanities-booklet,170,1401-humanities-booklet,170,کدرشته‌محل منبع: 45262؛ عنوان رشته در منبع: آموزش ابتدایی؛ نحوه پذیرش: با آزمون (بخش دانشجو‌معلم)؛ استان در این ردیف مربوط به بومی‌گزینی/محل خدمت است
1401,آموزش ابتدایی,دانشگاه فرهنگیان,پردیس امام جعفرصادق)ع( بجنورد,خراسان شمالی,در جدول ذکر نشده,,تعهد خدمت,2,زن,در جدول ذکر نشده,ادامه مخصوص داوطلبان بومی استان خراسان شمالی؛ پردیس امام جعفرصادق)ع( بجنورد/ اولویت پذیرش با داوطلبان بومی شهرستان اسفراین/محل خدمت بام وصفی آباد؛ پذیرش دانشجو‌معلم با تعهد خدمت؛ ضوابط بخش فرهنگیان دفترچه,1401-humanities-booklet,170,1401-humanities-booklet,170,کدرشته‌محل منبع: 45263؛ عنوان رشته در منبع: آموزش ابتدایی؛ نحوه پذیرش: با آزمون (بخش دانشجو‌معلم)؛ استان در این ردیف مربوط به بومی‌گزینی/محل خدمت است
1401,آموزش ابتدایی,دانشگاه فرهنگیان,پردیس امام جعفرصادق)ع( بجنورد,خراسان شمالی,در جدول ذکر نشده,,تعهد خدمت,19,زن,در جدول ذکر نشده,ادامه مخصوص داوطلبان بومی استان خراسان شمالی؛ پردیس امام جعفرصادق)ع( بجنورد/ اولویت پذیرش با داوطلبان بومی شهرستانهای بجنورد، مانه وسملقان، رازوجرگلان/محل خدمت بجنورد؛ پذیرش دانشجو‌معلم با تعهد خدمت؛ ضوابط بخش فرهنگیان دفترچه,1401-humanities-booklet,170,1401-humanities-booklet,170,کدرشته‌محل منبع: 45264؛ عنوان رشته در منبع: آموزش ابتدایی؛ نحوه پذیرش: با آزمون (بخش دانشجو‌معلم)؛ استان در این ردیف مربوط به بومی‌گزینی/محل خدمت است
1401,آموزش ابتدایی,دانشگاه فرهنگیان,،پردیس امام جعفرصادق)ع( بجنورد,خراسان شمالی,در جدول ذکر نشده,,تعهد خدمت,1,زن,در جدول ذکر نشده,ادامه مخصوص داوطلبان بومی استان خراسان شمالی؛ ،پردیس امام جعفرصادق)ع( بجنورد/ اولویت پذیرش با داوطلبان بومی شهرستانهای جاجرم گرمه/محل خدمت جاجرم؛ پذیرش دانشجو‌معلم با تعهد خدمت؛ ضوابط بخش فرهنگیان دفترچه,1401-humanities-booklet,170,1401-humanities-booklet,170,کدرشته‌محل منبع: 45265؛ عنوان رشته در منبع: آموزش ابتدایی؛ نحوه پذیرش: با آزمون (بخش دانشجو‌معلم)؛ استان در این ردیف مربوط به بومی‌گزینی/محل خدمت است
1401,آموزش ابتدایی,دانشگاه فرهنگیان,پردیس امام جعفرصادق)ع( بجنورد,خراسان شمالی,در جدول ذکر نشده,,تعهد خدمت,5,زن,در جدول ذکر نشده,ادامه مخصوص داوطلبان بومی استان خراسان شمالی؛ پردیس امام جعفرصادق)ع( بجنورد/ اولویت پذیرش با داوطلبان بومی شهرستانهای بجنورد، مانه وسملقان، رازوجرگلان/محل خدمت رازوجرگلان؛ پذیرش دانشجو‌معلم با تعهد خدمت؛ ضوابط بخش فرهنگیان دفترچه,1401-humanities-booklet,170,1401-humanities-booklet,170,کدرشته‌محل منبع: 45266؛ عنوان رشته در منبع: آموزش ابتدایی؛ نحوه پذیرش: با آزمون (بخش دانشجو‌معلم)؛ استان در این ردیف مربوط به بومی‌گزینی/محل خدمت است
1401,آموزش ابتدایی,دانشگاه فرهنگیان,پردیس امام جعفرصادق)ع( بجنورد,خراسان شمالی,در جدول ذکر نشده,,تعهد خدمت,11,زن,در جدول ذکر نشده,ادامه مخصوص داوطلبان بومی استان خراسان شمالی؛ پردیس امام جعفرصادق)ع( بجنورد/ اولویت پذیرش با داوطلبان بومی شهرستان شیروان/محل خدمت شیروان خراسان شمالی؛ پذیرش دانشجو‌معلم با تعهد خدمت؛ ضوابط بخش فرهنگیان دفترچه,1401-humanities-booklet,170,1401-humanities-booklet,170,کدرشته‌محل منبع: 45267؛ عنوان رشته در منبع: آموزش ابتدایی؛ نحوه پذیرش: با آزمون (بخش دانشجو‌معلم)؛ استان در این ردیف مربوط به بومی‌گزینی/محل خدمت است
1401,آموزش ابتدایی,دانشگاه فرهنگیان,پردیس امام جعفرصادق)ع( بجنورد,خراسان شمالی,در جدول ذکر نشده,,تعهد خدمت,1,زن,در جدول ذکر نشده,ادامه مخصوص داوطلبان بومی استان خراسان شمالی؛ پردیس امام جعفرصادق)ع( بجنورد/ اولویت پذیرش با داوطلبان بومی شهرستان فاروج/محل خدمت فاروج؛ پذیرش دانشجو‌معلم با تعهد خدمت؛ ضوابط بخش فرهنگیان دفترچه,1401-humanities-booklet,170,1401-humanities-booklet,170,کدرشته‌محل منبع: 45268؛ عنوان رشته در منبع: آموزش ابتدایی؛ نحوه پذیرش: با آزمون (بخش دانشجو‌معلم)؛ استان در این ردیف مربوط به بومی‌گزینی/محل خدمت است
1401,آموزش ابتدایی,دانشگاه فرهنگیان,پردیس امام جعفرصادق)ع( بجنورد,خراسان شمالی,در جدول ذکر نشده,,تعهد خدمت,1,زن,در جدول ذکر نشده,ادامه مخصوص داوطلبان بومی استان خراسان شمالی؛ پردیس امام جعفرصادق)ع( بجنورد/ اولویت پذیرش با داوطلبان بومی شهرستانهای جاجرم، گرمه/محل خدمت گرمه؛ پذیرش دانشجو‌معلم با تعهد خدمت؛ ضوابط بخش فرهنگیان دفترچه,1401-humanities-booklet,170,1401-humanities-booklet,170,کدرشته‌محل منبع: 45269؛ عنوان رشته در منبع: آموزش ابتدایی؛ نحوه پذیرش: با آزمون (بخش دانشجو‌معلم)؛ استان در این ردیف مربوط به بومی‌گزینی/محل خدمت است
1401,آموزش ابتدایی,دانشگاه فرهنگیان,پردیس امام جعفرصادق)ع( بجنورد,خراسان شمالی,در جدول ذکر نشده,,تعهد خدمت,10,زن,در جدول ذکر نشده,ادامه مخصوص داوطلبان بومی استان خراسان شمالی؛ پردیس امام جعفرصادق)ع( بجنورد/ اولویت پذیرش با داوطلبان بومی شهرستانهای بجنورد، مانه وسملقان، رازوجرگلان/محل خدمت مانه وسملقان؛ پذیرش دانشجو‌معلم با تعهد خدمت؛ ضوابط بخش فرهنگیان دفترچه,1401-humanities-booklet,170,1401-humanities-booklet,170,کدرشته‌محل منبع: 45270؛ عنوان رشته در منبع: آموزش ابتدایی؛ نحوه پذیرش: با آزمون (بخش دانشجو‌معلم)؛ استان در این ردیف مربوط به بومی‌گزینی/محل خدمت است
1401,آموزش ابتدایی,دانشگاه فرهنگیان,پردیس امام محمد باقر)ع( بجنورد,خراسان شمالی,در جدول ذکر نشده,,تعهد خدمت,8,مرد,در جدول ذکر نشده,ادامه مخصوص داوطلبان بومی استان خراسان شمالی؛ پردیس امام محمد باقر)ع( بجنورد/ اولویت پذیرش با داوطلبان بومی شهرستان اسفراین/محل خدمت اسفراین؛ پذیرش دانشجو‌معلم با تعهد خدمت؛ ضوابط بخش فرهنگیان دفترچه,1401-humanities-booklet,170,1401-humanities-booklet,170,کدرشته‌محل منبع: 45271؛ عنوان رشته در منبع: آموزش ابتدایی؛ نحوه پذیرش: با آزمون (بخش دانشجو‌معلم)؛ استان در این ردیف مربوط به بومی‌گزینی/محل خدمت است
1401,آموزش ابتدایی,دانشگاه فرهنگیان,پردیس امام محمد باقر)ع( بجنورد,خراسان شمالی,در جدول ذکر نشده,,تعهد خدمت,4,مرد,در جدول ذکر نشده,ادامه مخصوص داوطلبان بومی استان خراسان شمالی؛ پردیس امام محمد باقر)ع( بجنورد/ اولویت پذیرش با داوطلبان بومی شهرستان اسفراین/محل خدمت بام وصفی آباد؛ پذیرش دانشجو‌معلم با تعهد خدمت؛ ضوابط بخش فرهنگیان دفترچه,1401-humanities-booklet,170,1401-humanities-booklet,170,کدرشته‌محل منبع: 45272؛ عنوان رشته در منبع: آموزش ابتدایی؛ نحوه پذیرش: با آزمون (بخش دانشجو‌معلم)؛ استان در این ردیف مربوط به بومی‌گزینی/محل خدمت است
1401,آموزش ابتدایی,دانشگاه فرهنگیان,پردیس امام محمد باقر)ع( بجنورد,خراسان شمالی,در جدول ذکر نشده,,تعهد خدمت,26,مرد,در جدول ذکر نشده,ادامه مخصوص داوطلبان بومی استان خراسان شمالی؛ پردیس امام محمد باقر)ع( بجنورد/ اولویت پذیرش با داوطلبان بومی شهرستانهای بجنورد، مانه وسملقان، رازوجرگلان/محل خدمت بجنورد؛ پذیرش دانشجو‌معلم با تعهد خدمت؛ ضوابط بخش فرهنگیان دفترچه,1401-humanities-booklet,170,1401-humanities-booklet,170,کدرشته‌محل منبع: 45273؛ عنوان رشته در منبع: آموزش ابتدایی؛ نحوه پذیرش: با آزمون (بخش دانشجو‌معلم)؛ استان در این ردیف مربوط به بومی‌گزینی/محل خدمت است
1401,آموزش ابتدایی,دانشگاه فرهنگیان,پردیس امام محمد باقر)ع( بجنورد,خراسان شمالی,در جدول ذکر نشده,,تعهد خدمت,2,مرد,در جدول ذکر نشده,ادامه مخصوص داوطلبان بومی استان خراسان شمالی؛ پردیس امام محمد باقر)ع( بجنورد/ اولویت پذیرش با داوطلبان بومی شهرستانهای جاجرم، گرمه/محل خدمت جاجرم؛ پذیرش دانشجو‌معلم با تعهد خدمت؛ ضوابط بخش فرهنگیان دفترچه,1401-humanities-booklet,170,1401-humanities-booklet,170,کدرشته‌محل منبع: 45274؛ عنوان رشته در منبع: آموزش ابتدایی؛ نحوه پذیرش: با آزمون (بخش دانشجو‌معلم)؛ استان در این ردیف مربوط به بومی‌گزینی/محل خدمت است
1401,آموزش ابتدایی,دانشگاه فرهنگیان,(پردیس امام محمد باقر)ع بجنورد,خراسان شمالی,در جدول ذکر نشده,,تعهد خدمت,7,مرد,در جدول ذکر نشده,ادامه مخصوص داوطلبان بومی استان خراسان شمالی؛ (پردیس امام محمد باقر)ع بجنورد/ اولویت پذیرش با داوطلبان بومی شهرستانهای بجنورد، مانه وسملقان، رازوجرگلان/محل خدمت رازوجرگلان؛ پذیرش دانشجو‌معلم با تعهد خدمت؛ ضوابط بخش فرهنگیان دفترچه,1401-humanities-booklet,170,1401-humanities-booklet,170,کدرشته‌محل منبع: 45275؛ عنوان رشته در منبع: آموزش ابتدایی؛ نحوه پذیرش: با آزمون (بخش دانشجو‌معلم)؛ استان در این ردیف مربوط به بومی‌گزینی/محل خدمت است
1401,آموزش ابتدایی,دانشگاه فرهنگیان,پردیس امام محمد باقر)ع( بجنورد,خراسان شمالی,در جدول ذکر نشده,,تعهد خدمت,14,مرد,در جدول ذکر نشده,ادامه مخصوص داوطلبان بومی استان خراسان شمالی؛ پردیس امام محمد باقر)ع( بجنورد/ اولویت پذیرش با داوطلبان بومی شهرستان شیروان/محل خدمت شیروان خراسان شمالی؛ پذیرش دانشجو‌معلم با تعهد خدمت؛ ضوابط بخش فرهنگیان دفترچه,1401-humanities-booklet,170,1401-humanities-booklet,170,کدرشته‌محل منبع: 45276؛ عنوان رشته در منبع: آموزش ابتدایی؛ نحوه پذیرش: با آزمون (بخش دانشجو‌معلم)؛ استان در این ردیف مربوط به بومی‌گزینی/محل خدمت است
1401,آموزش ابتدایی,دانشگاه فرهنگیان,پردیس امام محمد باقر)ع( بجنورد,خراسان شمالی,در جدول ذکر نشده,,تعهد خدمت,3,مرد,در جدول ذکر نشده,ادامه مخصوص داوطلبان بومی استان خراسان شمالی؛ پردیس امام محمد باقر)ع( بجنورد/ اولویت پذیرش با داوطلبان بومی شهرستان فاروج/محل خدمت فاروج؛ پذیرش دانشجو‌معلم با تعهد خدمت؛ ضوابط بخش فرهنگیان دفترچه,1401-humanities-booklet,171,1401-humanities-booklet,171,کدرشته‌محل منبع: 45277؛ عنوان رشته در منبع: آموزش ابتدایی؛ نحوه پذیرش: با آزمون (بخش دانشجو‌معلم)؛ استان در این ردیف مربوط به بومی‌گزینی/محل خدمت است
1401,آموزش ابتدایی,دانشگاه فرهنگیان,پردیس امام محمد باقر)ع( بجنورد,خراسان شمالی,در جدول ذکر نشده,,تعهد خدمت,2,مرد,در جدول ذکر نشده,ادامه مخصوص داوطلبان بومی استان خراسان شمالی؛ پردیس امام محمد باقر)ع( بجنورد/ اولویت پذیرش با داوطلبان بومی شهرستانهای جاجرم، گرمه/محل خدمت گرمه؛ پذیرش دانشجو‌معلم با تعهد خدمت؛ ضوابط بخش فرهنگیان دفترچه,1401-humanities-booklet,171,1401-humanities-booklet,171,کدرشته‌محل منبع: 45278؛ عنوان رشته در منبع: آموزش ابتدایی؛ نحوه پذیرش: با آزمون (بخش دانشجو‌معلم)؛ استان در این ردیف مربوط به بومی‌گزینی/محل خدمت است
1401,آموزش ابتدایی,دانشگاه فرهنگیان,پردیس امام محمد باقر)ع( بجنورد,خراسان شمالی,در جدول ذکر نشده,,تعهد خدمت,14,مرد,در جدول ذکر نشده,ادامه مخصوص داوطلبان بومی استان خراسان شمالی؛ پردیس امام محمد باقر)ع( بجنورد/ اولویت پذیرش با داوطلبان بومی شهرستانهای بجنورد، مانه وسملقان، رازوجرگلان/محل خدمت مانه وسملقان؛ پذیرش دانشجو‌معلم با تعهد خدمت؛ ضوابط بخش فرهنگیان دفترچه,1401-humanities-booklet,171,1401-humanities-booklet,171,کدرشته‌محل منبع: 45279؛ عنوان رشته در منبع: آموزش ابتدایی؛ نحوه پذیرش: با آزمون (بخش دانشجو‌معلم)؛ استان در این ردیف مربوط به بومی‌گزینی/محل خدمت است
1401,آموزش ابتدایی,دانشگاه فرهنگیان,،پردیس حضرت رسول اکرم)ص( اهواز,خوزستان,در جدول ذکر نشده,,تعهد خدمت,1,مرد,در جدول ذکر نشده,ادامه مخصوص داوطلبان بومی استان خوزستان؛ ،پردیس حضرت رسول اکرم)ص( اهواز/ اولویت پذیرش با داوطلبان بومی شهرستانهای آبادان، دشت آزادگان، هویزه، خرمشهر شادگان/محل خدمت اروندکنار؛ پذیرش دانشجو‌معلم با تعهد خدمت؛ ضوابط بخش فرهنگیان دفترچه,1401-humanities-booklet,178,1401-humanities-booklet,178,کدرشته‌محل منبع: 45292؛ عنوان رشته در منبع: آموزش ابتدایی؛ نحوه پذیرش: با آزمون (بخش دانشجو‌معلم)؛ استان در این ردیف مربوط به بومی‌گزینی/محل خدمت است
1401,آموزش ابتدایی,دانشگاه فرهنگیان,،پردیس حضرت رسول اکرم)ص( اهواز,خوزستان,در جدول ذکر نشده,,تعهد خدمت,2,مرد,در جدول ذکر نشده,ادامه مخصوص داوطلبان بومی استان خوزستان؛ ،پردیس حضرت رسول اکرم)ص( اهواز/ اولویت پذیرش با داوطلبان بومی شهرستانهای دزفول، شوش، اندیمشک شوشتر، گتوند/محل خدمت الوارگرم سیری؛ پذیرش دانشجو‌معلم با تعهد خدمت؛ ضوابط بخش فرهنگیان دفترچه,1401-humanities-booklet,178,1401-humanities-booklet,178,کدرشته‌محل منبع: 45293؛ عنوان رشته در منبع: آموزش ابتدایی؛ نحوه پذیرش: با آزمون (بخش دانشجو‌معلم)؛ استان در این ردیف مربوط به بومی‌گزینی/محل خدمت است
1401,آموزش ابتدایی,دانشگاه فرهنگیان,،پردیس حضرت رسول اکرم)ص( اهواز,خوزستان,در جدول ذکر نشده,,تعهد خدمت,8,مرد,در جدول ذکر نشده,ادامه مخصوص داوطلبان بومی استان خوزستان؛ ،پردیس حضرت رسول اکرم)ص( اهواز/ اولویت پذیرش با داوطلبان بومی شهرستانهای آغاجاری، رامهرمز، رامشیر، بهبهان، امیدیه هندیجان، بندرماهشهر/محل خدمت امیدیه؛ پذیرش دانشجو‌معلم با تعهد خدمت؛ ضوابط بخش فرهنگیان دفترچه,1401-humanities-booklet,178,1401-humanities-booklet,178,کدرشته‌محل منبع: 45294؛ عنوان رشته در منبع: آموزش ابتدایی؛ نحوه پذیرش: با آزمون (بخش دانشجو‌معلم)؛ استان در این ردیف مربوط به بومی‌گزینی/محل خدمت است
1401,آموزش ابتدایی,دانشگاه فرهنگیان,پردیس حضرت رسول ،اکرم)ص( اهواز,خوزستان,در جدول ذکر نشده,,تعهد خدمت,1,مرد,در جدول ذکر نشده,ادامه مخصوص داوطلبان بومی استان خوزستان؛ پردیس حضرت رسول ،اکرم)ص( اهواز/ اولویت پذیرش با داوطلبان بومی شهرستانهای ایذه، باغملک، هفتگل، اندیکا، لالی مسجدسلیمان/محل خدمت اندیکا؛ پذیرش دانشجو‌معلم با تعهد خدمت؛ ضوابط بخش فرهنگیان دفترچه,1401-humanities-booklet,178,1401-humanities-booklet,178,کدرشته‌محل منبع: 45295؛ عنوان رشته در منبع: آموزش ابتدایی؛ نحوه پذیرش: با آزمون (بخش دانشجو‌معلم)؛ استان در این ردیف مربوط به بومی‌گزینی/محل خدمت است
1401,آموزش ابتدایی,دانشگاه فرهنگیان,پردیس حضرت رسول اکرم)ص( اهواز,خوزستان,در جدول ذکر نشده,,تعهد خدمت,7,مرد,در جدول ذکر نشده,ادامه مخصوص داوطلبان بومی استان خوزستان؛ پردیس حضرت رسول اکرم)ص( اهواز/ اولویت پذیرش با داوطلبان بومی شهرستانهای دزفول، شوش، اندیمشک، شوشتر، گتوند/محل خ دمت اندیمشک؛ پذیرش دانشجو‌معلم با تعهد خدمت؛ ضوابط بخش فرهنگیان دفترچه,1401-humanities-booklet,178,1401-humanities-booklet,178,کدرشته‌محل منبع: 45296؛ عنوان رشته در منبع: آموزش ابتدایی؛ نحوه پذیرش: با آزمون (بخش دانشجو‌معلم)؛ استان در این ردیف مربوط به بومی‌گزینی/محل خدمت است
1401,آموزش ابتدایی,دانشگاه فرهنگیان,پردیس حضرت رسول اکرم)ص( اهواز,خوزستان,در جدول ذکر نشده,,تعهد خدمت,29,مرد,در جدول ذکر نشده,ادامه مخصوص داوطلبان بومی استان خوزستان؛ پردیس حضرت رسول اکرم)ص( اهواز/ اولویت پذیرش با داوطلبان بومی شهرستانهای کارون، اهواز، باوی، حمیدیه/محل خدمت اهواز.ناحیه1؛ پذیرش دانشجو‌معلم با تعهد خدمت؛ ضوابط بخش فرهنگیان دفترچه,1401-humanities-booklet,178,1401-humanities-booklet,178,کدرشته‌محل منبع: 45297؛ عنوان رشته در منبع: آموزش ابتدایی؛ نحوه پذیرش: با آزمون (بخش دانشجو‌معلم)؛ استان در این ردیف مربوط به بومی‌گزینی/محل خدمت است
1401,آموزش ابتدایی,دانشگاه فرهنگیان,پردیس حضرت رسول اکرم)ص( اهواز,خوزستان,در جدول ذکر نشده,,تعهد خدمت,17,مرد,در جدول ذکر نشده,ادامه مخصوص داوطلبان بومی استان خوزستان؛ پردیس حضرت رسول اکرم)ص( اهواز/ اولویت پذیرش با داوطلبان بومی شهرستانهای کارون، اهواز، باوی، حمیدیه/محل خدمت اهواز.ناحیه2؛ پذیرش دانشجو‌معلم با تعهد خدمت؛ ضوابط بخش فرهنگیان دفترچه,1401-humanities-booklet,178,1401-humanities-booklet,178,کدرشته‌محل منبع: 45298؛ عنوان رشته در منبع: آموزش ابتدایی؛ نحوه پذیرش: با آزمون (بخش دانشجو‌معلم)؛ استان در این ردیف مربوط به بومی‌گزینی/محل خدمت است
1401,آموزش ابتدایی,دانشگاه فرهنگیان,پردیس حضرت رسول اکرم)ص( اهواز,خوزستان,در جدول ذکر نشده,,تعهد خدمت,3,مرد,در جدول ذکر نشده,ادامه مخصوص داوطلبان بومی استان خوزستان؛ پردیس حضرت رسول اکرم)ص( اهواز/ اولویت پذیرش با داوطلبان بومی شهرستانهای کارون، اهواز، باوی، حمیدیه/محل خدمت اهواز.ناحیه3؛ پذیرش دانشجو‌معلم با تعهد خدمت؛ ضوابط بخش فرهنگیان دفترچه,1401-humanities-booklet,178,1401-humanities-booklet,178,کدرشته‌محل منبع: 45299؛ عنوان رشته در منبع: آموزش ابتدایی؛ نحوه پذیرش: با آزمون (بخش دانشجو‌معلم)؛ استان در این ردیف مربوط به بومی‌گزینی/محل خدمت است
1401,آموزش ابتدایی,دانشگاه فرهنگیان,پردیس حضرت رسول اکرم)ص( اهواز,خوزستان,در جدول ذکر نشده,,تعهد خدمت,13,مرد,در جدول ذکر نشده,ادامه مخصوص داوطلبان بومی استان خوزستان؛ پردیس حضرت رسول اکرم)ص( اهواز/ اولویت پذیرش با داوطلبان بومی شهرستانهای کارون، اهواز، باوی، حمیدیه/محل خدمت اهواز.ناحیه4؛ پذیرش دانشجو‌معلم با تعهد خدمت؛ ضوابط بخش فرهنگیان دفترچه,1401-humanities-booklet,178,1401-humanities-booklet,178,کدرشته‌محل منبع: 45300؛ عنوان رشته در منبع: آموزش ابتدایی؛ نحوه پذیرش: با آزمون (بخش دانشجو‌معلم)؛ استان در این ردیف مربوط به بومی‌گزینی/محل خدمت است
1401,آموزش ابتدایی,دانشگاه فرهنگیان,،پردیس حضرت رسول اکرم)ص( اهواز,خوزستان,در جدول ذکر نشده,,تعهد خدمت,7,مرد,در جدول ذکر نشده,ادامه مخصوص داوطلبان بومی استان خوزستان؛ ،پردیس حضرت رسول اکرم)ص( اهواز/ اولویت پذیرش با داوطلبان بومی شهرستانهای ایذه، باغملک، هفتگل، اندیکا، لالی مسجدسلیمان/محل خدمت ایذه؛ پذیرش دانشجو‌معلم با تعهد خدمت؛ ضوابط بخش فرهنگیان دفترچه,1401-humanities-booklet,178,1401-humanities-booklet,178,کدرشته‌محل منبع: 45301؛ عنوان رشته در منبع: آموزش ابتدایی؛ نحوه پذیرش: با آزمون (بخش دانشجو‌معلم)؛ استان در این ردیف مربوط به بومی‌گزینی/محل خدمت است
1401,آموزش ابتدایی,دانشگاه فرهنگیان,،پردیس حضرت رسول اکرم)ص( اهواز,خوزستان,در جدول ذکر نشده,,تعهد خدمت,25,مرد,در جدول ذکر نشده,ادامه مخصوص داوطلبان بومی استان خوزستان؛ ،پردیس حضرت رسول اکرم)ص( اهواز/ اولویت پذیرش با داوطلبان بومی شهرستانهای آبادان، دشت آزادگان، هویزه، خرمشهر شادگان/محل خدمت آبادان؛ پذیرش دانشجو‌معلم با تعهد خدمت؛ ضوابط بخش فرهنگیان دفترچه,1401-humanities-booklet,178,1401-humanities-booklet,178,کدرشته‌محل منبع: 45302؛ عنوان رشته در منبع: آموزش ابتدایی؛ نحوه پذیرش: با آزمون (بخش دانشجو‌معلم)؛ استان در این ردیف مربوط به بومی‌گزینی/محل خدمت است
1401,آموزش ابتدایی,دانشگاه فرهنگیان,پردیس حضرت رسول اکرم)ص( اهواز,خوزستان,در جدول ذکر نشده,,تعهد خدمت,1,مرد,در جدول ذکر نشده,ادامه مخصوص داوطلبان بومی استان خوزستان؛ پردیس حضرت رسول اکرم)ص( اهواز/ اولویت پذیرش با داوطلبان بومی ،شهرستانهای آغاجاری، رامهرمز، رامشیر، بهبهان، امیدیه هندیجان، بندرماهشهر/محل خدمت آغاجاری؛ پذیرش دانشجو‌معلم با تعهد خدمت؛ ضوابط بخش فرهنگیان دفترچه,1401-humanities-booklet,178,1401-humanities-booklet,178,کدرشته‌محل منبع: 45303؛ عنوان رشته در منبع: آموزش ابتدایی؛ نحوه پذیرش: با آزمون (بخش دانشجو‌معلم)؛ استان در این ردیف مربوط به بومی‌گزینی/محل خدمت است
1401,آموزش ابتدایی,دانشگاه فرهنگیان,،پردیس حضرت رسول اکرم)ص( اهواز,خوزستان,در جدول ذکر نشده,,تعهد خدمت,6,مرد,در جدول ذکر نشده,ادامه مخصوص داوطلبان بومی استان خوزستان؛ ،پردیس حضرت رسول اکرم)ص( اهواز/ اولویت پذیرش با داوطلبان بومی شهرستانهای ایذه، باغملک، هفتگل، اندیکا، لالی مسجدسلیمان/محل خدمت باغملک جانکی؛ پذیرش دانشجو‌معلم با تعهد خدمت؛ ضوابط بخش فرهنگیان دفترچه,1401-humanities-booklet,178,1401-humanities-booklet,178,کدرشته‌محل منبع: 45304؛ عنوان رشته در منبع: آموزش ابتدایی؛ نحوه پذیرش: با آزمون (بخش دانشجو‌معلم)؛ استان در این ردیف مربوط به بومی‌گزینی/محل خدمت است
1401,آموزش ابتدایی,دانشگاه فرهنگیان,پردیس حضرت رسول اکرم)ص( اهواز,خوزستان,در جدول ذکر نشده,,تعهد خدمت,5,مرد,در جدول ذکر نشده,ادامه مخصوص داوطلبان بومی استان خوزستان؛ پردیس حضرت رسول اکرم)ص( اهواز/ اولویت پذیرش با داوطلبان بومی شهرستانهای کارون، اهواز، باوی، حمیدیه/محل خدمت باوی؛ پذیرش دانشجو‌معلم با تعهد خدمت؛ ضوابط بخش فرهنگیان دفترچه,1401-humanities-booklet,178,1401-humanities-booklet,178,کدرشته‌محل منبع: 45305؛ عنوان رشته در منبع: آموزش ابتدایی؛ نحوه پذیرش: با آزمون (بخش دانشجو‌معلم)؛ استان در این ردیف مربوط به بومی‌گزینی/محل خدمت است
1401,آموزش ابتدایی,دانشگاه فرهنگیان,پردیس حضرت رسول اکرم)ص( اهواز,خوزستان,در جدول ذکر نشده,,تعهد خدمت,1,مرد,در جدول ذکر نشده,ادامه مخصوص داوطلبان بومی استان خوزستان؛ پردیس حضرت رسول اکرم)ص( اهواز/ اولویت پذیرش با داوطلبان بومی شهرستانهای آبادان، دشت ،آزادگان، هویزه، خرمشهر شادگان/محل خدمت بستان؛ پذیرش دانشجو‌معلم با تعهد خدمت؛ ضوابط بخش فرهنگیان دفترچه,1401-humanities-booklet,178,1401-humanities-booklet,178,کدرشته‌محل منبع: 45306؛ عنوان رشته در منبع: آموزش ابتدایی؛ نحوه پذیرش: با آزمون (بخش دانشجو‌معلم)؛ استان در این ردیف مربوط به بومی‌گزینی/محل خدمت است
1401,آموزش ابتدایی,دانشگاه فرهنگیان,،پردیس حضرت رسول اکرم)ص( اهواز,خوزستان,در جدول ذکر نشده,,تعهد خدمت,5,مرد,در جدول ذکر نشده,ادامه مخصوص داوطلبان بومی استان خوزستان؛ ،پردیس حضرت رسول اکرم)ص( اهواز/ اولویت پذیرش با داوطلبان بومی شهرستانهای آغاجاری، رامهرمز، رامشیر، بهبهان، امیدیه هندیجان، بندرماهشهر/محل خدمت بندرامام خمینی؛ پذیرش دانشجو‌معلم با تعهد خدمت؛ ضوابط بخش فرهنگیان دفترچه,1401-humanities-booklet,178,1401-humanities-booklet,178,کدرشته‌محل منبع: 45307؛ عنوان رشته در منبع: آموزش ابتدایی؛ نحوه پذیرش: با آزمون (بخش دانشجو‌معلم)؛ استان در این ردیف مربوط به بومی‌گزینی/محل خدمت است
1401,آموزش ابتدایی,دانشگاه فرهنگیان,،پردیس حضرت رسول اکرم)ص( اهواز,خوزستان,در جدول ذکر نشده,,تعهد خدمت,20,مرد,در جدول ذکر نشده,ادامه مخصوص داوطلبان بومی استان خوزستان؛ ،پردیس حضرت رسول اکرم)ص( اهواز/ اولویت پذیرش با داوطلبان بومی شهرستانهای آغاجاری، رامهرمز، رامشیر، بهبهان، امیدیه هندیجان، بندرماهشهر/محل خدمت بهبهان؛ پذیرش دانشجو‌معلم با تعهد خدمت؛ ضوابط بخش فرهنگیان دفترچه,1401-humanities-booklet,178,1401-humanities-booklet,178,کدرشته‌محل منبع: 45308؛ عنوان رشته در منبع: آموزش ابتدایی؛ نحوه پذیرش: با آزمون (بخش دانشجو‌معلم)؛ استان در این ردیف مربوط به بومی‌گزینی/محل خدمت است
1401,آموزش ابتدایی,دانشگاه فرهنگیان,پردیس حضرت رسول اکرم)ص( اهواز,خوزستان,در جدول ذکر نشده,,تعهد خدمت,2,مرد,در جدول ذکر نشده,ادامه مخصوص داوطلبان بومی استان خوزستان؛ پردیس حضرت رسول اکرم)ص( اهواز/ اولویت پذیرش با داوطلبان بومی شهرستانهای کارون، اهواز، باوی، حمیدیه/محل خدمت حمیدیه؛ پذیرش دانشجو‌معلم با تعهد خدمت؛ ضوابط بخش فرهنگیان دفترچه,1401-humanities-booklet,178,1401-humanities-booklet,178,کدرشته‌محل منبع: 45309؛ عنوان رشته در منبع: آموزش ابتدایی؛ نحوه پذیرش: با آزمون (بخش دانشجو‌معلم)؛ استان در این ردیف مربوط به بومی‌گزینی/محل خدمت است
1401,آموزش ابتدایی,دانشگاه فرهنگیان,،پردیس حضرت رسول اکرم)ص( اهواز,خوزستان,در جدول ذکر نشده,,تعهد خدمت,20,مرد,در جدول ذکر نشده,ادامه مخصوص داوطلبان بومی استان خوزستان؛ ،پردیس حضرت رسول اکرم)ص( اهواز/ اولویت پذیرش با داوطلبان بومی شهرستانهای آبادان، دشت آزادگان، هویزه، خرمشهر شادگان/محل خدمت خرمشهر؛ پذیرش دانشجو‌معلم با تعهد خدمت؛ ضوابط بخش فرهنگیان دفترچه,1401-humanities-booklet,178,1401-humanities-booklet,178,کدرشته‌محل منبع: 45310؛ عنوان رشته در منبع: آموزش ابتدایی؛ نحوه پذیرش: با آزمون (بخش دانشجو‌معلم)؛ استان در این ردیف مربوط به بومی‌گزینی/محل خدمت است
1401,آموزش ابتدایی,دانشگاه فرهنگیان,(پردیس حضرت رسول اکرم)ص اهواز,خوزستان,در جدول ذکر نشده,,تعهد خدمت,61,مرد,در جدول ذکر نشده,ادامه مخصوص داوطلبان بومی استان خوزستان؛ (پردیس حضرت رسول اکرم)ص اهواز/ اولویت پذیرش با داوطلبان بومی شهرستانهای دزفول، شوش، اندیمشک، شوشتر، گتوند/محل خدمت دزفول؛ پذیرش دانشجو‌معلم با تعهد خدمت؛ ضوابط بخش فرهنگیان دفترچه,1401-humanities-booklet,178,1401-humanities-booklet,178,کدرشته‌محل منبع: 45311؛ عنوان رشته در منبع: آموزش ابتدایی؛ نحوه پذیرش: با آزمون (بخش دانشجو‌معلم)؛ استان در این ردیف مربوط به بومی‌گزینی/محل خدمت است
1401,آموزش ابتدایی,دانشگاه فرهنگیان,،پردیس حضرت رسول اکرم)ص( اهواز,خوزستان,در جدول ذکر نشده,,تعهد خدمت,13,مرد,در جدول ذکر نشده,ادامه مخصوص داوطلبان بومی استان خوزستان؛ ،پردیس حضرت رسول اکرم)ص( اهواز/ اولویت پذیرش با داوطلبان بومی شهرستانهای آبادان، دشت آزادگان، هویزه، خرمشهر شادگان/محل خدمت دشت آزادگان؛ پذیرش دانشجو‌معلم با تعهد خدمت؛ ضوابط بخش فرهنگیان دفترچه,1401-humanities-booklet,178,1401-humanities-booklet,178,کدرشته‌محل منبع: 45312؛ عنوان رشته در منبع: آموزش ابتدایی؛ نحوه پذیرش: با آزمون (بخش دانشجو‌معلم)؛ استان در این ردیف مربوط به بومی‌گزینی/محل خدمت است
1401,آموزش ابتدایی,دانشگاه فرهنگیان,،پردیس حضرت رسول اکرم)ص( اهواز,خوزستان,در جدول ذکر نشده,,تعهد خدمت,2,مرد,در جدول ذکر نشده,ادامه مخصوص داوطلبان بومی استان خوزستان؛ ،پردیس حضرت رسول اکرم)ص( اهواز/ اولویت پذیرش با داوطلبان بومی شهرستانهای ایذه، باغملک، هفتگل، اندیکا، لالی مسجدسلیمان/محل خدمت دهدز؛ پذیرش دانشجو‌معلم با تعهد خدمت؛ ضوابط بخش فرهنگیان دفترچه,1401-humanities-booklet,178,1401-humanities-booklet,178,کدرشته‌محل منبع: 45313؛ عنوان رشته در منبع: آموزش ابتدایی؛ نحوه پذیرش: با آزمون (بخش دانشجو‌معلم)؛ استان در این ردیف مربوط به بومی‌گزینی/محل خدمت است
1401,آموزش ابتدایی,دانشگاه فرهنگیان,پردیس حضرت رسول اکرم)ص( اهواز,خوزستان,در جدول ذکر نشده,,تعهد خدمت,5,مرد,در جدول ذکر نشده,ادامه مخصوص داوطلبان بومی استان خوزستان؛ پردیس حضرت رسول اکرم)ص( اهواز/ اولویت پذیرش با داوطلبان بومی ،شهرستانهای آغاجاری، رامهرمز، رامشیر، بهبهان، امیدیه هندیجان، بندرماهشهر/محل خدمت رامشیر؛ پذیرش دانشجو‌معلم با تعهد خدمت؛ ضوابط بخش فرهنگیان دفترچه,1401-humanities-booklet,178,1401-humanities-booklet,178,کدرشته‌محل منبع: 45314؛ عنوان رشته در منبع: آموزش ابتدایی؛ نحوه پذیرش: با آزمون (بخش دانشجو‌معلم)؛ استان در این ردیف مربوط به بومی‌گزینی/محل خدمت است
1401,آموزش ابتدایی,دانشگاه فرهنگیان,،پردیس حضرت رسول اکرم)ص( اهواز,خوزستان,در جدول ذکر نشده,,تعهد خدمت,5,مرد,در جدول ذکر نشده,ادامه مخصوص داوطلبان بومی استان خوزستان؛ ،پردیس حضرت رسول اکرم)ص( اهواز/ اولویت پذیرش با داوطلبان بومی شهرستانهای آغاجاری، رامهرمز، رامشیر، بهبهان، امیدیه هندیجان، بندرماهشهر/محل خد مت رامهرمز؛ پذیرش دانشجو‌معلم با تعهد خدمت؛ ضوابط بخش فرهنگیان دفترچه,1401-humanities-booklet,178,1401-humanities-booklet,178,کدرشته‌محل منبع: 45315؛ عنوان رشته در منبع: آموزش ابتدایی؛ نحوه پذیرش: با آزمون (بخش دانشجو‌معلم)؛ استان در این ردیف مربوط به بومی‌گزینی/محل خدمت است
1401,آموزش ابتدایی,دانشگاه فرهنگیان,،پردیس حضرت رسول اکرم)ص( اهواز,خوزستان,در جدول ذکر نشده,,تعهد خدمت,1,مرد,در جدول ذکر نشده,ادامه مخصوص داوطلبان بومی استان خوزستان؛ ،پردیس حضرت رسول اکرم)ص( اهواز/ اولویت پذیرش با داوطلبان بومی شهرستانهای آغاجاری، رامهرمز، رامشیر، بهبهان ،امیدیه هندیجان، بندرماهشهر/محل خدمت زیدون؛ پذیرش دانشجو‌معلم با تعهد خدمت؛ ضوابط بخش فرهنگیان دفترچه,1401-humanities-booklet,179,1401-humanities-booklet,179,کدرشته‌محل منبع: 45316؛ عنوان رشته در منبع: آموزش ابتدایی؛ نحوه پذیرش: با آزمون (بخش دانشجو‌معلم)؛ استان در این ردیف مربوط به بومی‌گزینی/محل خدمت است
1401,آموزش ابتدایی,دانشگاه فرهنگیان,پردیس حضرت رسول اکرم)ص( اهواز,خوزستان,در جدول ذکر نشده,,تعهد خدمت,1,مرد,در جدول ذکر نشده,ادامه مخصوص داوطلبان بومی استان خوزستان؛ پردیس حضرت رسول اکرم)ص( اهواز/ اولویت پذیرش با داوطلبان بومی شهرستانهای دزفول، شوش، اندیمشک، شوشتر، گتوند/محل خدمت سردشت دزفول؛ پذیرش دانشجو‌معلم با تعهد خدمت؛ ضوابط بخش فرهنگیان دفترچه,1401-humanities-booklet,179,1401-humanities-booklet,179,کدرشته‌محل منبع: 45317؛ عنوان رشته در منبع: آموزش ابتدایی؛ نحوه پذیرش: با آزمون (بخش دانشجو‌معلم)؛ استان در این ردیف مربوط به بومی‌گزینی/محل خدمت است
1401,آموزش ابتدایی,دانشگاه فرهنگیان,,خوزستان,در جدول ذکر نشده,,تعهد خدمت,17,مرد,در جدول ذکر نشده,ادامه مخصوص داوطلبان بومی استان خوزستان؛ /پردیس حضرت رسول اکرم)ص( اهواز ،اولویت پذیرش با داوطلبان بومی شهرستانهای آبادان، دشت آزادگان، هویزه، خرمشهر شادگان/محل خدمت شادگان؛ پذیرش دانشجو‌معلم با تعهد خدمت؛ ضوابط بخش فرهنگیان دفترچه,1401-humanities-booklet,179,1401-humanities-booklet,179,کدرشته‌محل منبع: 45318؛ عنوان رشته در منبع: آموزش ابتدایی؛ نحوه پذیرش: با آزمون (بخش دانشجو‌معلم)؛ استان در این ردیف مربوط به بومی‌گزینی/محل خدمت است
1401,آموزش ابتدایی,دانشگاه فرهنگیان,پردیس حضرت رسول اکرم)ص( اهواز,خوزستان,در جدول ذکر نشده,,تعهد خدمت,2,مرد,در جدول ذکر نشده,ادامه مخصوص داوطلبان بومی استان خوزستان؛ پردیس حضرت رسول اکرم)ص( اهواز/ اولویت پذیرش با داوطلبان بومی شهرستانهای دزفول، شوش، اندیمشک، شوشتر، گتوند/محل خدمت شاوور؛ پذیرش دانشجو‌معلم با تعهد خدمت؛ ضوابط بخش فرهنگیان دفترچه,1401-humanities-booklet,179,1401-humanities-booklet,179,کدرشته‌محل منبع: 45319؛ عنوان رشته در منبع: آموزش ابتدایی؛ نحوه پذیرش: با آزمون (بخش دانشجو‌معلم)؛ استان در این ردیف مربوط به بومی‌گزینی/محل خدمت است
1401,آموزش ابتدایی,دانشگاه فرهنگیان,پردیس حضرت رسول اکرم)ص( اهواز,خوزستان,در جدول ذکر نشده,,تعهد خدمت,34,مرد,در جدول ذکر نشده,ادامه مخصوص داوطلبان بومی استان خوزستان؛ پردیس حضرت رسول اکرم)ص( اهواز/ اولویت پذیرش با داوطلبان بومی شهرستانهای دزفول، شوش، اندیمشک، شوشتر، گتوند/محل خدمت شوش؛ پذیرش دانشجو‌معلم با تعهد خدمت؛ ضوابط بخش فرهنگیان دفترچه,1401-humanities-booklet,179,1401-humanities-booklet,179,کدرشته‌محل منبع: 45320؛ عنوان رشته در منبع: آموزش ابتدایی؛ نحوه پذیرش: با آزمون (بخش دانشجو‌معلم)؛ استان در این ردیف مربوط به بومی‌گزینی/محل خدمت است
1401,آموزش ابتدایی,دانشگاه فرهنگیان,،پردیس حضرت رسول اکرم)ص( اهواز,خوزستان,در جدول ذکر نشده,,تعهد خدمت,25,مرد,در جدول ذکر نشده,ادامه مخصوص داوطلبان بومی استان خوزستان؛ ،پردیس حضرت رسول اکرم)ص( اهواز/ اولویت پذیرش با داوطلبان بومی شهرستانهای دزفول، شوش اندیمشک، شوشتر، گتوند/محل خدمت شوشتر؛ پذیرش دانشجو‌معلم با تعهد خدمت؛ ضوابط بخش فرهنگیان دفترچه,1401-humanities-booklet,179,1401-humanities-booklet,179,کدرشته‌محل منبع: 45321؛ عنوان رشته در منبع: آموزش ابتدایی؛ نحوه پذیرش: با آزمون (بخش دانشجو‌معلم)؛ استان در این ردیف مربوط به بومی‌گزینی/محل خدمت است
1401,آموزش ابتدایی,دانشگاه فرهنگیان,،پردیس حضرت رسول اکرم)ص( اهواز,خوزستان,در جدول ذکر نشده,,تعهد خدمت,1,مرد,در جدول ذکر نشده,ادامه مخصوص داوطلبان بومی استان خوزستان؛ ،پردیس حضرت رسول اکرم)ص( اهواز/ اولویت پذیرش با داوطلبان بومی شهرستانهای ایذه، باغملک، هفتگل، اندیکا، لالی مسجدسلیمان/محل خدمت صیدون؛ پذیرش دانشجو‌معلم با تعهد خدمت؛ ضوابط بخش فرهنگیان دفترچه,1401-humanities-booklet,179,1401-humanities-booklet,179,کدرشته‌محل منبع: 45322؛ عنوان رشته در منبع: آموزش ابتدایی؛ نحوه پذیرش: با آزمون (بخش دانشجو‌معلم)؛ استان در این ردیف مربوط به بومی‌گزینی/محل خدمت است
1401,آموزش ابتدایی,دانشگاه فرهنگیان,,خوزستان,در جدول ذکر نشده,,تعهد خدمت,49,مرد,در جدول ذکر نشده,ادامه مخصوص داوطلبان بومی استان خوزستان؛ /پردیس حضرت رسول اکرم)ص( اهواز مخصوص داوطلبان بومی استان خوزستان/محل خدمت عشایری خوزستان؛ پذیرش دانشجو‌معلم با تعهد خدمت؛ ضوابط بخش فرهنگیان دفترچه,1401-humanities-booklet,179,1401-humanities-booklet,179,کدرشته‌محل منبع: 45323؛ عنوان رشته در منبع: آموزش ابتدایی؛ نحوه پذیرش: با آزمون (بخش دانشجو‌معلم)؛ استان در این ردیف مربوط به بومی‌گزینی/محل خدمت است
1401,آموزش ابتدایی,دانشگاه فرهنگیان,پردیس حضرت رسول اکرم)ص( اهواز,خوزستان,در جدول ذکر نشده,,تعهد خدمت,19,مرد,در جدول ذکر نشده,ادامه مخصوص داوطلبان بومی استان خوزستان؛ پردیس حضرت رسول اکرم)ص( اهواز/ اولویت پذیرش با داوطلبان بومی شهرستانهای کارون، اهواز، باوی، حمیدیه/محل خدمت کارون؛ پذیرش دانشجو‌معلم با تعهد خدمت؛ ضوابط بخش فرهنگیان دفترچه,1401-humanities-booklet,179,1401-humanities-booklet,179,کدرشته‌محل منبع: 45324؛ عنوان رشته در منبع: آموزش ابتدایی؛ نحوه پذیرش: با آزمون (بخش دانشجو‌معلم)؛ استان در این ردیف مربوط به بومی‌گزینی/محل خدمت است
1401,آموزش ابتدایی,دانشگاه فرهنگیان,(پردیس حضرت رسول اکرم)ص اهواز,خوزستان,در جدول ذکر نشده,,تعهد خدمت,8,مرد,در جدول ذکر نشده,ادامه مخصوص داوطلبان بومی استان خوزستان؛ (پردیس حضرت رسول اکرم)ص اهواز/ اولویت پذیرش با داوطلبان بومی شهرستانهای دزفول، شوش، اندیمشک، شوشتر، گتوند/محل خدمت گتوند؛ پذیرش دانشجو‌معلم با تعهد خدمت؛ ضوابط بخش فرهنگیان دفترچه,1401-humanities-booklet,179,1401-humanities-booklet,179,کدرشته‌محل منبع: 45325؛ عنوان رشته در منبع: آموزش ابتدایی؛ نحوه پذیرش: با آزمون (بخش دانشجو‌معلم)؛ استان در این ردیف مربوط به بومی‌گزینی/محل خدمت است
1401,آموزش ابتدایی,دانشگاه فرهنگیان,،پردیس حضرت رسول اکرم)ص( اهواز,خوزستان,در جدول ذکر نشده,,تعهد خدمت,1,مرد,در جدول ذکر نشده,ادامه مخصوص داوطلبان بومی استان خوزستان؛ ،پردیس حضرت رسول اکرم)ص( اهواز/ اولویت پذیرش با داوطلبان بومی شهرستانهای ایذه، باغملک، هفتگل، اندیکا، لالی مسجدسلیمان/محل خدمت لالی؛ پذیرش دانشجو‌معلم با تعهد خدمت؛ ضوابط بخش فرهنگیان دفترچه,1401-humanities-booklet,179,1401-humanities-booklet,179,کدرشته‌محل منبع: 45326؛ عنوان رشته در منبع: آموزش ابتدایی؛ نحوه پذیرش: با آزمون (بخش دانشجو‌معلم)؛ استان در این ردیف مربوط به بومی‌گزینی/محل خدمت است
1401,آموزش ابتدایی,دانشگاه فرهنگیان,،پردیس حضرت رسول اکرم)ص( اهواز,خوزستان,در جدول ذکر نشده,,تعهد خدمت,24,مرد,در جدول ذکر نشده,ادامه مخصوص داوطلبان بومی استان خوزستان؛ ،پردیس حضرت رسول اکرم)ص( اهواز/ اولویت پذیرش با داوطلبان بومی شهرستانهای آغاجاری، رامهرمز، رامشیر، بهبهان، امیدیه هندیجان، بندرماهشهر/محل خدمت ماهشهر؛ پذیرش دانشجو‌معلم با تعهد خدمت؛ ضوابط بخش فرهنگیان دفترچه,1401-humanities-booklet,179,1401-humanities-booklet,179,کدرشته‌محل منبع: 45327؛ عنوان رشته در منبع: آموزش ابتدایی؛ نحوه پذیرش: با آزمون (بخش دانشجو‌معلم)؛ استان در این ردیف مربوط به بومی‌گزینی/محل خدمت است
1401,آموزش ابتدایی,دانشگاه فرهنگیان,پردیس حضرت رسول اکرم)ص( اهواز,خوزستان,در جدول ذکر نشده,,تعهد خدمت,7,مرد,در جدول ذکر نشده,ادامه مخصوص داوطلبان بومی استان خوزستان؛ پردیس حضرت رسول اکرم)ص( اهواز/ اولویت پذیرش با ،داوطلبان بومی شهرستانهای ایذه، باغملک، هفتگل، اندیکا، لالی مسجدسلیمان/محل خدمت مسجدسلیمان؛ پذیرش دانشجو‌معلم با تعهد خدمت؛ ضوابط بخش فرهنگیان دفترچه,1401-humanities-booklet,179,1401-humanities-booklet,179,کدرشته‌محل منبع: 45328؛ عنوان رشته در منبع: آموزش ابتدایی؛ نحوه پذیرش: با آزمون (بخش دانشجو‌معلم)؛ استان در این ردیف مربوط به بومی‌گزینی/محل خدمت است
1401,آموزش ابتدایی,دانشگاه فرهنگیان,،پردیس حضرت رسول اکرم)ص( اهواز,خوزستان,در جدول ذکر نشده,,تعهد خدمت,1,مرد,در جدول ذکر نشده,ادامه مخصوص داوطلبان بومی استان خوزستان؛ ،پردیس حضرت رسول اکرم)ص( اهواز/ اولویت پذیرش با داوطلبان بومی شهرستانهای ایذه، باغملک، هفتگل، اندیکا، لالی مسجدسلیمان/محل خدمت هفتگل؛ پذیرش دانشجو‌معلم با تعهد خدمت؛ ضوابط بخش فرهنگیان دفترچه,1401-humanities-booklet,179,1401-humanities-booklet,179,کدرشته‌محل منبع: 45329؛ عنوان رشته در منبع: آموزش ابتدایی؛ نحوه پذیرش: با آزمون (بخش دانشجو‌معلم)؛ استان در این ردیف مربوط به بومی‌گزینی/محل خدمت است
1401,آموزش ابتدایی,دانشگاه فرهنگیان,،پردیس حضرت رسول اکرم)ص( اهواز,خوزستان,در جدول ذکر نشده,,تعهد خدمت,8,مرد,در جدول ذکر نشده,ادامه مخصوص داوطلبان بومی استان خوزستان؛ ،پردیس حضرت رسول اکرم)ص( اهواز/ اولویت پذیرش با داوطلبان بومی شهرستانهای آغاجاری، رامهرمز، رامشیر، بهبهان، امیدیه هندیجان، بندرماهشهر/محل خدمت هندیجان؛ پذیرش دانشجو‌معلم با تعهد خدمت؛ ضوابط بخش فرهنگیان دفترچه,1401-humanities-booklet,179,1401-humanities-booklet,179,کدرشته‌محل منبع: 45330؛ عنوان رشته در منبع: آموزش ابتدایی؛ نحوه پذیرش: با آزمون (بخش دانشجو‌معلم)؛ استان در این ردیف مربوط به بومی‌گزینی/محل خدمت است
1401,آموزش ابتدایی,دانشگاه فرهنگیان,پردیس حضرت رسول اکرم)ص( اهواز,خوزستان,در جدول ذکر نشده,,تعهد خدمت,1,مرد,در جدول ذکر نشده,ادامه مخصوص داوطلبان بومی استان خوزستان؛ پردیس حضرت رسول اکرم)ص( اهواز/ اولویت پذیرش با داوطلبان ،بومی شهرستانهای آبادان، دشت آزادگان، هویزه، خرمشهر شادگان/محل خدمت هویزه؛ پذیرش دانشجو‌معلم با تعهد خدمت؛ ضوابط بخش فرهنگیان دفترچه,1401-humanities-booklet,179,1401-humanities-booklet,179,کدرشته‌محل منبع: 45331؛ عنوان رشته در منبع: آموزش ابتدایی؛ نحوه پذیرش: با آزمون (بخش دانشجو‌معلم)؛ استان در این ردیف مربوط به بومی‌گزینی/محل خدمت است
1401,آموزش ابتدایی,دانشگاه فرهنگیان,پردیس فاطمة الزهراء)س( اهواز,خوزستان,در جدول ذکر نشده,,تعهد خدمت,1,زن,در جدول ذکر نشده,ادامه مخصوص داوطلبان بومی استان خوزستان؛ پردیس فاطمة الزهراء)س( اهواز/ اولویت پذیرش با داوطلبان بومی شهرستانهای آبادان، دشت آزادگان، هویزه، خرمشهر، شادگان/محل خدمت اروندکنار؛ پذیرش دانشجو‌معلم با تعهد خدمت؛ ضوابط بخش فرهنگیان دفترچه,1401-humanities-booklet,179,1401-humanities-booklet,179,کدرشته‌محل منبع: 45332؛ عنوان رشته در منبع: آموزش ابتدایی؛ نحوه پذیرش: با آزمون (بخش دانشجو‌معلم)؛ استان در این ردیف مربوط به بومی‌گزینی/محل خدمت است
1401,آموزش ابتدایی,دانشگاه فرهنگیان,پردیس فاطمة الزهراء)س( اهواز,خوزستان,در جدول ذکر نشده,,تعهد خدمت,1,زن,در جدول ذکر نشده,ادامه مخصوص داوطلبان بومی استان خوزستان؛ پردیس فاطمة الزهراء)س( اهواز/ اولویت پذیرش با داوطلبان بومی شهرستانهای دزفول، شوش، اندیمشک، شوشتر، گتوند/محل خدمت الوارگرم سیری؛ پذیرش دانشجو‌معلم با تعهد خدمت؛ ضوابط بخش فرهنگیان دفترچه,1401-humanities-booklet,179,1401-humanities-booklet,179,کدرشته‌محل منبع: 45333؛ عنوان رشته در منبع: آموزش ابتدایی؛ نحوه پذیرش: با آزمون (بخش دانشجو‌معلم)؛ استان در این ردیف مربوط به بومی‌گزینی/محل خدمت است
1401,آموزش ابتدایی,دانشگاه فرهنگیان,،پردیس فاطمة الزهراء)س( اهواز,خوزستان,در جدول ذکر نشده,,تعهد خدمت,7,زن,در جدول ذکر نشده,ادامه مخصوص داوطلبان بومی استان خوزستان؛ ،پردیس فاطمة الزهراء)س( اهواز/ اولویت پذیرش با داوطلبان بومی شهرستانهای آغاجاری، رامهرمز ،رامشیر، بهبهان، امیدیه، هندیجان بندرماهشهر/محل خدمت امیدیه؛ پذیرش دانشجو‌معلم با تعهد خدمت؛ ضوابط بخش فرهنگیان دفترچه,1401-humanities-booklet,179,1401-humanities-booklet,179,کدرشته‌محل منبع: 45334؛ عنوان رشته در منبع: آموزش ابتدایی؛ نحوه پذیرش: با آزمون (بخش دانشجو‌معلم)؛ استان در این ردیف مربوط به بومی‌گزینی/محل خدمت است
1401,آموزش ابتدایی,دانشگاه فرهنگیان,پردیس فاطمة الزهراء)س( اهواز,خوزستان,در جدول ذکر نشده,,تعهد خدمت,1,زن,در جدول ذکر نشده,ادامه مخصوص داوطلبان بومی استان خوزستان؛ پردیس فاطمة الزهراء)س( اهواز/ اولویت پذیرش با داوطلبان بومی شهرستانهای ایذه، باغملک، هفتگل، اندیکا، لالی، مسجدسلیمان/محل خدمت اندیکا؛ پذیرش دانشجو‌معلم با تعهد خدمت؛ ضوابط بخش فرهنگیان دفترچه,1401-humanities-booklet,179,1401-humanities-booklet,179,کدرشته‌محل منبع: 45335؛ عنوان رشته در منبع: آموزش ابتدایی؛ نحوه پذیرش: با آزمون (بخش دانشجو‌معلم)؛ استان در این ردیف مربوط به بومی‌گزینی/محل خدمت است
1401,آموزش ابتدایی,دانشگاه فرهنگیان,پردیس فاطمة الزهراء)س( اهواز,خوزستان,در جدول ذکر نشده,,تعهد خدمت,5,زن,در جدول ذکر نشده,ادامه مخصوص داوطلبان بومی استان خوزستان؛ پردیس فاطمة الزهراء)س( اهواز/ اولویت پذیرش با داوطلبان بومی شهرستانهای دزفول، شوش، اندیمشک، شوشتر، گتوند/محل خدمت اندیمشک؛ پذیرش دانشجو‌معلم با تعهد خدمت؛ ضوابط بخش فرهنگیان دفترچه,1401-humanities-booklet,179,1401-humanities-booklet,179,کدرشته‌محل منبع: 45336؛ عنوان رشته در منبع: آموزش ابتدایی؛ نحوه پذیرش: با آزمون (بخش دانشجو‌معلم)؛ استان در این ردیف مربوط به بومی‌گزینی/محل خدمت است
1401,آموزش ابتدایی,دانشگاه فرهنگیان,پردیس فاطمة الزهراء)س( اهواز,خوزستان,در جدول ذکر نشده,,تعهد خدمت,19,زن,در جدول ذکر نشده,ادامه مخصوص داوطلبان بومی استان خوزستان؛ پردیس فاطمة الزهراء)س( اهواز/ اولویت پذیرش با داوطلبان بومی شهرستانهای کارون، اهواز، باوی، حمیدیه/محل خدمت اهواز.ناحیه1؛ پذیرش دانشجو‌معلم با تعهد خدمت؛ ضوابط بخش فرهنگیان دفترچه,1401-humanities-booklet,179,1401-humanities-booklet,179,کدرشته‌محل منبع: 45337؛ عنوان رشته در منبع: آموزش ابتدایی؛ نحوه پذیرش: با آزمون (بخش دانشجو‌معلم)؛ استان در این ردیف مربوط به بومی‌گزینی/محل خدمت است
1401,آموزش ابتدایی,دانشگاه فرهنگیان,پردیس فاطمة الزهراء)س( اهواز,خوزستان,در جدول ذکر نشده,,تعهد خدمت,12,زن,در جدول ذکر نشده,ادامه مخصوص داوطلبان بومی استان خوزستان؛ پردیس فاطمة الزهراء)س( اهواز/ اولویت پذیرش با داوطلبان بومی شهرستانهای کارون، اهواز، باوی، حمیدیه/محل خدمت اهواز.ناحیه2؛ پذیرش دانشجو‌معلم با تعهد خدمت؛ ضوابط بخش فرهنگیان دفترچه,1401-humanities-booklet,179,1401-humanities-booklet,179,کدرشته‌محل منبع: 45338؛ عنوان رشته در منبع: آموزش ابتدایی؛ نحوه پذیرش: با آزمون (بخش دانشجو‌معلم)؛ استان در این ردیف مربوط به بومی‌گزینی/محل خدمت است
1401,آموزش ابتدایی,دانشگاه فرهنگیان,،پردیس فاطمة الزهراء)س( اهواز,خوزستان,در جدول ذکر نشده,,تعهد خدمت,2,زن,در جدول ذکر نشده,ادامه مخصوص داوطلبان بومی استان خوزستان؛ ،پردیس فاطمة الزهراء)س( اهواز/ اولویت پذیرش با داوطلبان بومی شهرستانهای کارون اهواز، باوی، حمیدیه/محل خدمت اهواز.ناحیه3؛ پذیرش دانشجو‌معلم با تعهد خدمت؛ ضوابط بخش فرهنگیان دفترچه,1401-humanities-booklet,179,1401-humanities-booklet,179,کدرشته‌محل منبع: 45339؛ عنوان رشته در منبع: آموزش ابتدایی؛ نحوه پذیرش: با آزمون (بخش دانشجو‌معلم)؛ استان در این ردیف مربوط به بومی‌گزینی/محل خدمت است
1401,آموزش ابتدایی,دانشگاه فرهنگیان,پردیس فاطمة الزهراء)س( اهواز,خوزستان,در جدول ذکر نشده,,تعهد خدمت,10,زن,در جدول ذکر نشده,ادامه مخصوص داوطلبان بومی استان خوزستان؛ پردیس فاطمة الزهراء)س( اهواز/ اولویت پذیرش با داوطلبان بومی شهرستانهای کارون، اهواز، باوی، حمیدیه/محل خدمت اهواز.ناحیه4؛ پذیرش دانشجو‌معلم با تعهد خدمت؛ ضوابط بخش فرهنگیان دفترچه,1401-humanities-booklet,179,1401-humanities-booklet,179,کدرشته‌محل منبع: 45340؛ عنوان رشته در منبع: آموزش ابتدایی؛ نحوه پذیرش: با آزمون (بخش دانشجو‌معلم)؛ استان در این ردیف مربوط به بومی‌گزینی/محل خدمت است
1401,آموزش ابتدایی,دانشگاه فرهنگیان,پردیس فاطمة الزهراء)س( اهواز,خوزستان,در جدول ذکر نشده,,تعهد خدمت,5,زن,در جدول ذکر نشده,ادامه مخصوص داوطلبان بومی استان خوزستان؛ پردیس فاطمة الزهراء)س( اهواز/ اولویت پذیرش با داوطلبان بومی شهرستانهای ایذه، باغملک، هفتگل، اندیکا، لالی، مسجدسلیمان/محل خدمت ایذه؛ پذیرش دانشجو‌معلم با تعهد خدمت؛ ضوابط بخش فرهنگیان دفترچه,1401-humanities-booklet,179,1401-humanities-booklet,179,کدرشته‌محل منبع: 45341؛ عنوان رشته در منبع: آموزش ابتدایی؛ نحوه پذیرش: با آزمون (بخش دانشجو‌معلم)؛ استان در این ردیف مربوط به بومی‌گزینی/محل خدمت است
1401,آموزش ابتدایی,دانشگاه فرهنگیان,پردیس فاطمة الزهراء)س( اهواز,خوزستان,در جدول ذکر نشده,,تعهد خدمت,16,زن,در جدول ذکر نشده,ادامه مخصوص داوطلبان بومی استان خوزستان؛ پردیس فاطمة الزهراء)س( اهواز/ اولویت پذیرش با داوطلبان بومی شهرستانهای آبادان، دشت آزادگان، هویزه، خرمشهر، شادگان/محل خدمت آبادان؛ پذیرش دانشجو‌معلم با تعهد خدمت؛ ضوابط بخش فرهنگیان دفترچه,1401-humanities-booklet,179,1401-humanities-booklet,179,کدرشته‌محل منبع: 45342؛ عنوان رشته در منبع: آموزش ابتدایی؛ نحوه پذیرش: با آزمون (بخش دانشجو‌معلم)؛ استان در این ردیف مربوط به بومی‌گزینی/محل خدمت است
1401,آموزش ابتدایی,دانشگاه فرهنگیان,،پردیس فاطمة الزهراء)س( اهواز,خوزستان,در جدول ذکر نشده,,تعهد خدمت,1,زن,در جدول ذکر نشده,ادامه مخصوص داوطلبان بومی استان خوزستان؛ ،پردیس فاطمة الزهراء)س( اهواز/ اولویت پذیرش با داوطلبان بومی شهرستانهای آغاجاری، رامهرمز، رامشیر، بهبهان، امیدیه، هندیجان بندرماهشهر/محل خدمت آغاجاری؛ پذیرش دانشجو‌معلم با تعهد خدمت؛ ضوابط بخش فرهنگیان دفترچه,1401-humanities-booklet,179,1401-humanities-booklet,179,کدرشته‌محل منبع: 45343؛ عنوان رشته در منبع: آموزش ابتدایی؛ نحوه پذیرش: با آزمون (بخش دانشجو‌معلم)؛ استان در این ردیف مربوط به بومی‌گزینی/محل خدمت است
1401,آموزش ابتدایی,دانشگاه فرهنگیان,پردیس فاطمة الزهراء)س( اهواز,خوزستان,در جدول ذکر نشده,,تعهد خدمت,4,زن,در جدول ذکر نشده,ادامه مخصوص داوطلبان بومی استان خوزستان؛ پردیس فاطمة الزهراء)س( اهواز/ اولویت پذیرش با داوطلبان بومی شهرستانهای ایذه، باغملک، هفتگل، اندیکا، لالی، مسجدسلیمان/محل خدمت باغملک جانکی؛ پذیرش دانشجو‌معلم با تعهد خدمت؛ ضوابط بخش فرهنگیان دفترچه,1401-humanities-booklet,179,1401-humanities-booklet,179,کدرشته‌محل منبع: 45344؛ عنوان رشته در منبع: آموزش ابتدایی؛ نحوه پذیرش: با آزمون (بخش دانشجو‌معلم)؛ استان در این ردیف مربوط به بومی‌گزینی/محل خدمت است
1401,آموزش ابتدایی,دانشگاه فرهنگیان,پردیس فاطمة الزهراء)س( اهواز,خوزستان,در جدول ذکر نشده,,تعهد خدمت,3,زن,در جدول ذکر نشده,ادامه مخصوص داوطلبان بومی استان خوزستان؛ پردیس فاطمة الزهراء)س( اهواز/ اولویت پذیرش با داوطلبان بومی شهرستانهای کارون، اهواز، باوی، حمیدیه/محل خدمت باوی؛ پذیرش دانشجو‌معلم با تعهد خدمت؛ ضوابط بخش فرهنگیان دفترچه,1401-humanities-booklet,179,1401-humanities-booklet,179,کدرشته‌محل منبع: 45345؛ عنوان رشته در منبع: آموزش ابتدایی؛ نحوه پذیرش: با آزمون (بخش دانشجو‌معلم)؛ استان در این ردیف مربوط به بومی‌گزینی/محل خدمت است
1401,آموزش ابتدایی,دانشگاه فرهنگیان,پردیس فاطمة الزهراء)س( اهواز,خوزستان,در جدول ذکر نشده,,تعهد خدمت,1,زن,در جدول ذکر نشده,ادامه مخصوص داوطلبان بومی استان خوزستان؛ پردیس فاطمة الزهراء)س( اهواز/ اولویت پذیرش با داوطلبان بومی شهرستانهای آبادان، دشت آزادگان، هویزه، خرمشهر، شادگان/محل خدمت بستان؛ پذیرش دانشجو‌معلم با تعهد خدمت؛ ضوابط بخش فرهنگیان دفترچه,1401-humanities-booklet,180,1401-humanities-booklet,180,کدرشته‌محل منبع: 45346؛ عنوان رشته در منبع: آموزش ابتدایی؛ نحوه پذیرش: با آزمون (بخش دانشجو‌معلم)؛ استان در این ردیف مربوط به بومی‌گزینی/محل خدمت است
1401,آموزش ابتدایی,دانشگاه فرهنگیان,،پردیس فاطمة الزهراء)س( اهواز,خوزستان,در جدول ذکر نشده,,تعهد خدمت,2,زن,در جدول ذکر نشده,ادامه مخصوص داوطلبان بومی استان خوزستان؛ ،پردیس فاطمة الزهراء)س( اهواز/ اولویت پذیرش با داوطلبان بومی شهرستانهای آغاجاری، رامهرمز، رامشیر، بهبهان، امیدیه، هندیجان بندرماهشهر/محل خدمت بندرامام خمینی؛ پذیرش دانشجو‌معلم با تعهد خدمت؛ ضوابط بخش فرهنگیان دفترچه,1401-humanities-booklet,180,1401-humanities-booklet,180,کدرشته‌محل منبع: 45347؛ عنوان رشته در منبع: آموزش ابتدایی؛ نحوه پذیرش: با آزمون (بخش دانشجو‌معلم)؛ استان در این ردیف مربوط به بومی‌گزینی/محل خدمت است
1401,آموزش ابتدایی,دانشگاه فرهنگیان,پردیس فاطمة الزهراء)س( اهواز,خوزستان,در جدول ذکر نشده,,تعهد خدمت,13,زن,در جدول ذکر نشده,ادامه مخصوص داوطلبان بومی استان خوزستان؛ پردیس فاطمة الزهراء)س( اهواز/ اولویت پذیرش با داوطلبان بومی شهرستانهای ،آغاجاری، رامهرمز، رامشیر، بهبهان، امیدیه، هندیجان بندرماهشهر/محل خدمت بهبهان؛ پذیرش دانشجو‌معلم با تعهد خدمت؛ ضوابط بخش فرهنگیان دفترچه,1401-humanities-booklet,180,1401-humanities-booklet,180,کدرشته‌محل منبع: 45348؛ عنوان رشته در منبع: آموزش ابتدایی؛ نحوه پذیرش: با آزمون (بخش دانشجو‌معلم)؛ استان در این ردیف مربوط به بومی‌گزینی/محل خدمت است
1401,آموزش ابتدایی,دانشگاه فرهنگیان,پردیس فاطمة الزهراء)س( اهواز,خوزستان,در جدول ذکر نشده,,تعهد خدمت,1,زن,در جدول ذکر نشده,ادامه مخصوص داوطلبان بومی استان خوزستان؛ پردیس فاطمة الزهراء)س( اهواز/ اولویت پذیرش با داوطلبان بومی شهرستانهای کارون، اهواز، باوی، حمیدیه/محل خدمت حمیدیه؛ پذیرش دانشجو‌معلم با تعهد خدمت؛ ضوابط بخش فرهنگیان دفترچه,1401-humanities-booklet,180,1401-humanities-booklet,180,کدرشته‌محل منبع: 45349؛ عنوان رشته در منبع: آموزش ابتدایی؛ نحوه پذیرش: با آزمون (بخش دانشجو‌معلم)؛ استان در این ردیف مربوط به بومی‌گزینی/محل خدمت است
1401,آموزش ابتدایی,دانشگاه فرهنگیان,پردیس فاطمة الزهراء)س( اهواز,خوزستان,در جدول ذکر نشده,,تعهد خدمت,13,زن,در جدول ذکر نشده,ادامه مخصوص داوطلبان بومی استان خوزستان؛ پردیس فاطمة الزهراء)س( اهواز/ اولویت پذیرش با داوطلبان بومی شهرستانهای آبادان، دشت آزادگان، هویزه، خرمشهر، شادگان/محل خدمت خرمشهر؛ پذیرش دانشجو‌معلم با تعهد خدمت؛ ضوابط بخش فرهنگیان دفترچه,1401-humanities-booklet,180,1401-humanities-booklet,180,کدرشته‌محل منبع: 45350؛ عنوان رشته در منبع: آموزش ابتدایی؛ نحوه پذیرش: با آزمون (بخش دانشجو‌معلم)؛ استان در این ردیف مربوط به بومی‌گزینی/محل خدمت است
1401,آموزش ابتدایی,دانشگاه فرهنگیان,پردیس فاطمة الزهراء)س( اهواز,خوزستان,در جدول ذکر نشده,,تعهد خدمت,40,زن,در جدول ذکر نشده,ادامه مخصوص داوطلبان بومی استان خوزستان؛ پردیس فاطمة الزهراء)س( اهواز/ اولویت پذیرش با داوطلبان بومی شهرستانهای دزفول، شوش، اندیمشک، شوشتر، گتوند/محل خدمت دزفول؛ پذیرش دانشجو‌معلم با تعهد خدمت؛ ضوابط بخش فرهنگیان دفترچه,1401-humanities-booklet,180,1401-humanities-booklet,180,کدرشته‌محل منبع: 45351؛ عنوان رشته در منبع: آموزش ابتدایی؛ نحوه پذیرش: با آزمون (بخش دانشجو‌معلم)؛ استان در این ردیف مربوط به بومی‌گزینی/محل خدمت است
1401,آموزش ابتدایی,دانشگاه فرهنگیان,پردیس فاطمة الزهراء)س( اهواز,خوزستان,در جدول ذکر نشده,,تعهد خدمت,7,زن,در جدول ذکر نشده,ادامه مخصوص داوطلبان بومی استان خوزستان؛ پردیس فاطمة الزهراء)س( اهواز/ اولویت پذیرش با داوطلبان بومی شهرستانهای آبادان، دشت آزادگان، هویزه، خرمشهر، شادگان/محل خدمت دشت آزادگان؛ پذیرش دانشجو‌معلم با تعهد خدمت؛ ضوابط بخش فرهنگیان دفترچه,1401-humanities-booklet,180,1401-humanities-booklet,180,کدرشته‌محل منبع: 45352؛ عنوان رشته در منبع: آموزش ابتدایی؛ نحوه پذیرش: با آزمون (بخش دانشجو‌معلم)؛ استان در این ردیف مربوط به بومی‌گزینی/محل خدمت است
1401,آموزش ابتدایی,دانشگاه فرهنگیان,پردیس فاطمة الزهراء)س( اهواز,خوزستان,در جدول ذکر نشده,,تعهد خدمت,1,زن,در جدول ذکر نشده,ادامه مخصوص داوطلبان بومی استان خوزستان؛ پردیس فاطمة الزهراء)س( اهواز/ اولویت پذیرش با داوطلبان بومی شهرستانهای ایذه، باغملک، هفتگل، اندیکا، لالی، مسجدسلیمان/محل خدمت دهدز؛ پذیرش دانشجو‌معلم با تعهد خدمت؛ ضوابط بخش فرهنگیان دفترچه,1401-humanities-booklet,180,1401-humanities-booklet,180,کدرشته‌محل منبع: 45353؛ عنوان رشته در منبع: آموزش ابتدایی؛ نحوه پذیرش: با آزمون (بخش دانشجو‌معلم)؛ استان در این ردیف مربوط به بومی‌گزینی/محل خدمت است
1401,آموزش ابتدایی,دانشگاه فرهنگیان,،پردیس فاطمة الزهراء)س( اهواز,خوزستان,در جدول ذکر نشده,,تعهد خدمت,2,زن,در جدول ذکر نشده,ادامه مخصوص داوطلبان بومی استان خوزستان؛ ،پردیس فاطمة الزهراء)س( اهواز/ اولویت پذیرش با داوطلبان بومی شهرستانهای آغاجاری، رامهرمز، رامشیر، بهبهان، امیدیه، هندیجان بندرماهشهر/محل خدمت رامشیر؛ پذیرش دانشجو‌معلم با تعهد خدمت؛ ضوابط بخش فرهنگیان دفترچه,1401-humanities-booklet,180,1401-humanities-booklet,180,کدرشته‌محل منبع: 45354؛ عنوان رشته در منبع: آموزش ابتدایی؛ نحوه پذیرش: با آزمون (بخش دانشجو‌معلم)؛ استان در این ردیف مربوط به بومی‌گزینی/محل خدمت است
1401,آموزش ابتدایی,دانشگاه فرهنگیان,،پردیس فاطمة الزهراء)س( اهواز,خوزستان,در جدول ذکر نشده,,تعهد خدمت,5,زن,در جدول ذکر نشده,ادامه مخصوص داوطلبان بومی استان خوزستان؛ ،پردیس فاطمة الزهراء)س( اهواز/ اولویت پذیرش با داوطلبان بومی شهرستانهای آغاجاری، رامهرمز، رامشیر، بهبهان، امیدیه، هندیجان بندرماهشهر/محل خدمت رامهرمز؛ پذیرش دانشجو‌معلم با تعهد خدمت؛ ضوابط بخش فرهنگیان دفترچه,1401-humanities-booklet,180,1401-humanities-booklet,180,کدرشته‌محل منبع: 45355؛ عنوان رشته در منبع: آموزش ابتدایی؛ نحوه پذیرش: با آزمون (بخش دانشجو‌معلم)؛ استان در این ردیف مربوط به بومی‌گزینی/محل خدمت است
1401,آموزش ابتدایی,دانشگاه فرهنگیان,پردیس فاطمة الزهراء)س( اهواز,خوزستان,در جدول ذکر نشده,,تعهد خدمت,1,زن,در جدول ذکر نشده,ادامه مخصوص داوطلبان بومی استان خوزستان؛ پردیس فاطمة الزهراء)س( اهواز/ اولویت پذیرش با داوطلبان بومی ،شهرستانهای آغاجاری، رامهرمز، رامشیر، بهبهان، امیدیه، هندیجان بندرماهشهر/محل خدمت زیدون؛ پذیرش دانشجو‌معلم با تعهد خدمت؛ ضوابط بخش فرهنگیان دفترچه,1401-humanities-booklet,180,1401-humanities-booklet,180,کدرشته‌محل منبع: 45356؛ عنوان رشته در منبع: آموزش ابتدایی؛ نحوه پذیرش: با آزمون (بخش دانشجو‌معلم)؛ استان در این ردیف مربوط به بومی‌گزینی/محل خدمت است
1401,آموزش ابتدایی,دانشگاه فرهنگیان,پردیس فاطمة الزهراء)س( اهواز,خوزستان,در جدول ذکر نشده,,تعهد خدمت,1,زن,در جدول ذکر نشده,ادامه مخصوص داوطلبان بومی استان خوزستان؛ پردیس فاطمة الزهراء)س( اهواز/ اولویت پذیرش با داوطلبان بومی شهرستانهای دزفول، شوش، اندیمشک، شوشتر، گتوند/محل خدمت سردشت دزفول؛ پذیرش دانشجو‌معلم با تعهد خدمت؛ ضوابط بخش فرهنگیان دفترچه,1401-humanities-booklet,180,1401-humanities-booklet,180,کدرشته‌محل منبع: 45357؛ عنوان رشته در منبع: آموزش ابتدایی؛ نحوه پذیرش: با آزمون (بخش دانشجو‌معلم)؛ استان در این ردیف مربوط به بومی‌گزینی/محل خدمت است
1401,آموزش ابتدایی,دانشگاه فرهنگیان,پردیس فاطمة الزهراء)س( اهواز,خوزستان,در جدول ذکر نشده,,تعهد خدمت,11,زن,در جدول ذکر نشده,ادامه مخصوص داوطلبان بومی استان خوزستان؛ پردیس فاطمة الزهراء)س( اهواز/ اولویت پذیرش با داوطلبان بومی شهرستانهای آبادان، دشت آزادگان، هویزه، خرمشهر، شادگان/محل خدمت شادگان؛ پذیرش دانشجو‌معلم با تعهد خدمت؛ ضوابط بخش فرهنگیان دفترچه,1401-humanities-booklet,180,1401-humanities-booklet,180,کدرشته‌محل منبع: 45358؛ عنوان رشته در منبع: آموزش ابتدایی؛ نحوه پذیرش: با آزمون (بخش دانشجو‌معلم)؛ استان در این ردیف مربوط به بومی‌گزینی/محل خدمت است
1401,آموزش ابتدایی,دانشگاه فرهنگیان,،پردیس فاطمة الزهراء)س( اهواز,خوزستان,در جدول ذکر نشده,,تعهد خدمت,1,زن,در جدول ذکر نشده,ادامه مخصوص داوطلبان بومی استان خوزستان؛ ،پردیس فاطمة الزهراء)س( اهواز/ اولویت پذیرش با داوطلبان بومی شهرستانهای دزفول، شوش اندیمشک، شوشتر، گتوند/محل خدمت شاوور؛ پذیرش دانشجو‌معلم با تعهد خدمت؛ ضوابط بخش فرهنگیان دفترچه,1401-humanities-booklet,180,1401-humanities-booklet,180,کدرشته‌محل منبع: 45359؛ عنوان رشته در منبع: آموزش ابتدایی؛ نحوه پذیرش: با آزمون (بخش دانشجو‌معلم)؛ استان در این ردیف مربوط به بومی‌گزینی/محل خدمت است
1401,آموزش ابتدایی,دانشگاه فرهنگیان,پردیس فاطمة الزهراء)س( اهواز,خوزستان,در جدول ذکر نشده,,تعهد خدمت,22,زن,در جدول ذکر نشده,ادامه مخصوص داوطلبان بومی استان خوزستان؛ پردیس فاطمة الزهراء)س( اهواز/ اولویت پذیرش با داوطلبان بومی شهرستانهای دزفول، شوش، اندیمشک، شوشتر، گتوند/محل خدمت شوش؛ پذیرش دانشجو‌معلم با تعهد خدمت؛ ضوابط بخش فرهنگیان دفترچه,1401-humanities-booklet,180,1401-humanities-booklet,180,کدرشته‌محل منبع: 45360؛ عنوان رشته در منبع: آموزش ابتدایی؛ نحوه پذیرش: با آزمون (بخش دانشجو‌معلم)؛ استان در این ردیف مربوط به بومی‌گزینی/محل خدمت است
1401,آموزش ابتدایی,دانشگاه فرهنگیان,پردیس فاطمة الزهراء)س( اهواز,خوزستان,در جدول ذکر نشده,,تعهد خدمت,17,زن,در جدول ذکر نشده,ادامه مخصوص داوطلبان بومی استان خوزستان؛ پردیس فاطمة الزهراء)س( اهواز/ اولویت پذیرش با داوطلبان بومی شهرستانهای دزفول، شوش، اندیمشک، شوشتر، گتوند/محل خدمت شوشتر؛ پذیرش دانشجو‌معلم با تعهد خدمت؛ ضوابط بخش فرهنگیان دفترچه,1401-humanities-booklet,180,1401-humanities-booklet,180,کدرشته‌محل منبع: 45361؛ عنوان رشته در منبع: آموزش ابتدایی؛ نحوه پذیرش: با آزمون (بخش دانشجو‌معلم)؛ استان در این ردیف مربوط به بومی‌گزینی/محل خدمت است
1401,آموزش ابتدایی,دانشگاه فرهنگیان,پردیس فاطمة الزهراء)س( اهواز,خوزستان,در جدول ذکر نشده,,تعهد خدمت,1,زن,در جدول ذکر نشده,ادامه مخصوص داوطلبان بومی استان خوزستان؛ پردیس فاطمة الزهراء)س( اهواز/ اولویت پذیرش با داوطلبان بومی شهرستانهای ایذه، باغملک، هفتگل، اندیکا، لالی، مسجدسلیمان/محل خدمت صیدون؛ پذیرش دانشجو‌معلم با تعهد خدمت؛ ضوابط بخش فرهنگیان دفترچه,1401-humanities-booklet,180,1401-humanities-booklet,180,کدرشته‌محل منبع: 45362؛ عنوان رشته در منبع: آموزش ابتدایی؛ نحوه پذیرش: با آزمون (بخش دانشجو‌معلم)؛ استان در این ردیف مربوط به بومی‌گزینی/محل خدمت است
1401,آموزش ابتدایی,دانشگاه فرهنگیان,پردیس فاطمة الزهراء)س( اهواز,خوزستان,در جدول ذکر نشده,,تعهد خدمت,32,زن,در جدول ذکر نشده,ادامه مخصوص داوطلبان بومی استان خوزستان؛ پردیس فاطمة الزهراء)س( اهواز/ مخصوص داوطلبان بومی استان خوزستان/محل خدمت عشایری خوزستان؛ پذیرش دانشجو‌معلم با تعهد خدمت؛ ضوابط بخش فرهنگیان دفترچه,1401-humanities-booklet,180,1401-humanities-booklet,180,کدرشته‌محل منبع: 45363؛ عنوان رشته در منبع: آموزش ابتدایی؛ نحوه پذیرش: با آزمون (بخش دانشجو‌معلم)؛ استان در این ردیف مربوط به بومی‌گزینی/محل خدمت است
1401,آموزش ابتدایی,دانشگاه فرهنگیان,پردیس فاطمة الزهراء)س( اهواز,خوزستان,در جدول ذکر نشده,,تعهد خدمت,13,زن,در جدول ذکر نشده,ادامه مخصوص داوطلبان بومی استان خوزستان؛ پردیس فاطمة الزهراء)س( اهواز/ اولویت پذیرش با داوطلبان بومی شهرستانهای کارون، اهواز، باوی، حمیدیه/محل خدمت کارون؛ پذیرش دانشجو‌معلم با تعهد خدمت؛ ضوابط بخش فرهنگیان دفترچه,1401-humanities-booklet,180,1401-humanities-booklet,180,کدرشته‌محل منبع: 45364؛ عنوان رشته در منبع: آموزش ابتدایی؛ نحوه پذیرش: با آزمون (بخش دانشجو‌معلم)؛ استان در این ردیف مربوط به بومی‌گزینی/محل خدمت است
1401,آموزش ابتدایی,دانشگاه فرهنگیان,پردیس فاطمة الزهراء)س( اهواز,خوزستان,در جدول ذکر نشده,,تعهد خدمت,6,زن,در جدول ذکر نشده,ادامه مخصوص داوطلبان بومی استان خوزستان؛ پردیس فاطمة الزهراء)س( اهواز/ اولویت پذیرش با داوطلبان بومی شهرستانهای دزفول، شوش، اندیمشک، شوشتر، گتوند/محل خدمت گتوند؛ پذیرش دانشجو‌معلم با تعهد خدمت؛ ضوابط بخش فرهنگیان دفترچه,1401-humanities-booklet,180,1401-humanities-booklet,180,کدرشته‌محل منبع: 45365؛ عنوان رشته در منبع: آموزش ابتدایی؛ نحوه پذیرش: با آزمون (بخش دانشجو‌معلم)؛ استان در این ردیف مربوط به بومی‌گزینی/محل خدمت است
1401,آموزش ابتدایی,دانشگاه فرهنگیان,،پردیس فاطمة الزهراء)س( اهواز,خوزستان,در جدول ذکر نشده,,تعهد خدمت,1,زن,در جدول ذکر نشده,ادامه مخصوص داوطلبان بومی استان خوزستان؛ ،پردیس فاطمة الزهراء)س( اهواز/ اولویت پذیرش با داوطلبان بومی شهرستانهای ایذه، باغملک، هفتگل، اندیکا لالی، مسجدسلیمان/محل خدمت لالی؛ پذیرش دانشجو‌معلم با تعهد خدمت؛ ضوابط بخش فرهنگیان دفترچه,1401-humanities-booklet,180,1401-humanities-booklet,180,کدرشته‌محل منبع: 45366؛ عنوان رشته در منبع: آموزش ابتدایی؛ نحوه پذیرش: با آزمون (بخش دانشجو‌معلم)؛ استان در این ردیف مربوط به بومی‌گزینی/محل خدمت است
1401,آموزش ابتدایی,دانشگاه فرهنگیان,،پردیس فاطمة الزهراء)س( اهواز,خوزستان,در جدول ذکر نشده,,تعهد خدمت,16,زن,در جدول ذکر نشده,ادامه مخصوص داوطلبان بومی استان خوزستان؛ ،پردیس فاطمة الزهراء)س( اهواز/ اولویت پذیرش با داوطلبان بومی شهرستانهای آغاجاری، رامهرمز، رامشیر، بهبهان، امیدیه، هندیجان بندرماهشهر/محل خدمت ماهشهر؛ پذیرش دانشجو‌معلم با تعهد خدمت؛ ضوابط بخش فرهنگیان دفترچه,1401-humanities-booklet,180,1401-humanities-booklet,180,کدرشته‌محل منبع: 45367؛ عنوان رشته در منبع: آموزش ابتدایی؛ نحوه پذیرش: با آزمون (بخش دانشجو‌معلم)؛ استان در این ردیف مربوط به بومی‌گزینی/محل خدمت است
1401,آموزش ابتدایی,دانشگاه فرهنگیان,(پردیس فاطمة الزهراء)س اهواز,خوزستان,در جدول ذکر نشده,,تعهد خدمت,5,زن,در جدول ذکر نشده,ادامه مخصوص داوطلبان بومی استان خوزستان؛ (پردیس فاطمة الزهراء)س اهواز/ اولویت پذیرش با داوطلبان بومی شهرستانهای ایذه، باغملک، هفتگل، اندیکا، لالی، مسجدسلیمان/محل خدمت مسجدسلیمان؛ پذیرش دانشجو‌معلم با تعهد خدمت؛ ضوابط بخش فرهنگیان دفترچه,1401-humanities-booklet,180,1401-humanities-booklet,180,کدرشته‌محل منبع: 45368؛ عنوان رشته در منبع: آموزش ابتدایی؛ نحوه پذیرش: با آزمون (بخش دانشجو‌معلم)؛ استان در این ردیف مربوط به بومی‌گزینی/محل خدمت است
1401,آموزش ابتدایی,دانشگاه فرهنگیان,،پردیس فاطمة الزهراء)س( اهواز,خوزستان,در جدول ذکر نشده,,تعهد خدمت,1,زن,در جدول ذکر نشده,ادامه مخصوص داوطلبان بومی استان خوزستان؛ ،پردیس فاطمة الزهراء)س( اهواز/ اولویت پذیرش با داوطلبان بومی شهرستانهای ایذه، باغملک، هفتگل، اندیکا، لالی مسجدسلیمان/محل خدمت هفتگل؛ پذیرش دانشجو‌معلم با تعهد خدمت؛ ضوابط بخش فرهنگیان دفترچه,1401-humanities-booklet,180,1401-humanities-booklet,180,کدرشته‌محل منبع: 45369؛ عنوان رشته در منبع: آموزش ابتدایی؛ نحوه پذیرش: با آزمون (بخش دانشجو‌معلم)؛ استان در این ردیف مربوط به بومی‌گزینی/محل خدمت است
1401,آموزش ابتدایی,دانشگاه فرهنگیان,،پردیس فاطمة الزهراء)س( اهواز,خوزستان,در جدول ذکر نشده,,تعهد خدمت,6,زن,در جدول ذکر نشده,ادامه مخصوص داوطلبان بومی استان خوزستان؛ ،پردیس فاطمة الزهراء)س( اهواز/ اولویت پذیرش با داوطلبان بومی شهرستانهای آغاجاری، رامهرمز، رامشیر، بهبهان، امیدیه، هندیجان بندرماهشهر/محل خدمت هندیجان؛ پذیرش دانشجو‌معلم با تعهد خدمت؛ ضوابط بخش فرهنگیان دفترچه,1401-humanities-booklet,180,1401-humanities-booklet,180,کدرشته‌محل منبع: 45370؛ عنوان رشته در منبع: آموزش ابتدایی؛ نحوه پذیرش: با آزمون (بخش دانشجو‌معلم)؛ استان در این ردیف مربوط به بومی‌گزینی/محل خدمت است
1401,آموزش ابتدایی,دانشگاه فرهنگیان,(پردیس فاطمة الزهراء)س اهواز,خوزستان,در جدول ذکر نشده,,تعهد خدمت,1,زن,در جدول ذکر نشده,ادامه مخصوص داوطلبان بومی استان خوزستان؛ (پردیس فاطمة الزهراء)س اهواز/ اولویت پذیرش با داوطلبان بومی شهرستانهای آبادان، دشت آزادگان، هویزه، خرمشهر، شادگان/محل خدمت هویزه؛ پذیرش دانشجو‌معلم با تعهد خدمت؛ ضوابط بخش فرهنگیان دفترچه,1401-humanities-booklet,180,1401-humanities-booklet,180,کدرشته‌محل منبع: 45371؛ عنوان رشته در منبع: آموزش ابتدایی؛ نحوه پذیرش: با آزمون (بخش دانشجو‌معلم)؛ استان در این ردیف مربوط به بومی‌گزینی/محل خدمت است
1401,آموزش ابتدایی,دانشگاه فرهنگیان,پردیس شهید بهشتی زنجان,زنجان,در جدول ذکر نشده,,تعهد خدمت,5,مرد,در جدول ذکر نشده,ادامه مخصوص داوطلبان بومی استان زنجان؛ پردیس شهید بهشتی زنجان/ اولویت پذیرش با داوطلبان بومی شهرستانهای ابهر ، خرمدره سلطانیه /محل خدمت ابهر،؛ پذیرش دانشجو‌معلم با تعهد خدمت؛ ضوابط بخش فرهنگیان دفترچه,1401-humanities-booklet,185,1401-humanities-booklet,185,کدرشته‌محل منبع: 45465؛ عنوان رشته در منبع: آموزش ابتدایی؛ نحوه پذیرش: با آزمون (بخش دانشجو‌معلم)؛ استان در این ردیف مربوط به بومی‌گزینی/محل خدمت است
1401,آموزش ابتدایی,دانشگاه فرهنگیان,پردیس شهید بهشتی زنجان,زنجان,در جدول ذکر نشده,,تعهد خدمت,5,مرد,در جدول ذکر نشده,ادامه مخصوص داوطلبان بومی استان زنجان؛ پردیس شهید بهشتی زنجان/ اولویت پذیرش با داوطلبان بومی بخشهای افشار و بزینه رود و سجاسرود شهرستان خدابنده/محل خدمت افشار؛ پذیرش دانشجو‌معلم با تعهد خدمت؛ ضوابط بخش فرهنگیان دفترچه,1401-humanities-booklet,185,1401-humanities-booklet,185,کدرشته‌محل منبع: 45466؛ عنوان رشته در منبع: آموزش ابتدایی؛ نحوه پذیرش: با آزمون (بخش دانشجو‌معلم)؛ استان در این ردیف مربوط به بومی‌گزینی/محل خدمت است
1401,آموزش ابتدایی,دانشگاه فرهنگیان,پردیس شهید بهشتی زنجان,زنجان,در جدول ذکر نشده,,تعهد خدمت,7,مرد,در جدول ذکر نشده,ادامه مخصوص داوطلبان بومی استان زنجان؛ پردیس شهید بهشتی زنجان/ اولویت پذیرش با داوطلبان بومی شهرستانهای ماهنشان و ایجرود و بخش زنجانرود /محل خدمت انگوران؛ پذیرش دانشجو‌معلم با تعهد خدمت؛ ضوابط بخش فرهنگیان دفترچه,1401-humanities-booklet,185,1401-humanities-booklet,185,کدرشته‌محل منبع: 45467؛ عنوان رشته در منبع: آموزش ابتدایی؛ نحوه پذیرش: با آزمون (بخش دانشجو‌معلم)؛ استان در این ردیف مربوط به بومی‌گزینی/محل خدمت است
1401,آموزش ابتدایی,دانشگاه فرهنگیان,پردیس شهید بهشتی زنجان,زنجان,در جدول ذکر نشده,,تعهد خدمت,8,مرد,در جدول ذکر نشده,ادامه مخصوص داوطلبان بومی استان زنجان؛ پردیس شهید بهشتی زنجان/ اولویت پذیرش با داوطلبان بومی شهرستانهای ماهنشان و ایجرود و بخش زنجانرود /محل خدمت ایجرود؛ پذیرش دانشجو‌معلم با تعهد خدمت؛ ضوابط بخش فرهنگیان دفترچه,1401-humanities-booklet,185,1401-humanities-booklet,185,کدرشته‌محل منبع: 45468؛ عنوان رشته در منبع: آموزش ابتدایی؛ نحوه پذیرش: با آزمون (بخش دانشجو‌معلم)؛ استان در این ردیف مربوط به بومی‌گزینی/محل خدمت است
1401,آموزش ابتدایی,دانشگاه فرهنگیان,,زنجان,در جدول ذکر نشده,,تعهد خدمت,5,مرد,در جدول ذکر نشده,ادامه مخصوص داوطلبان بومی استان زنجان؛ /پردیس شهید بهشتی زنجان اولویت پذیرش با داوطلبان بومی بخشهای افشار و بزینه رود و سجاسرود شهرستان خدابنده/محل خدمت بزینه رود؛ پذیرش دانشجو‌معلم با تعهد خدمت؛ ضوابط بخش فرهنگیان دفترچه,1401-humanities-booklet,185,1401-humanities-booklet,185,کدرشته‌محل منبع: 45469؛ عنوان رشته در منبع: آموزش ابتدایی؛ نحوه پذیرش: با آزمون (بخش دانشجو‌معلم)؛ استان در این ردیف مربوط به بومی‌گزینی/محل خدمت است
1401,آموزش ابتدایی,دانشگاه فرهنگیان,پردیس شهید بهشتی زنجان,زنجان,در جدول ذکر نشده,,تعهد خدمت,4,مرد,در جدول ذکر نشده,ادامه مخصوص داوطلبان بومی استان زنجان؛ پردیس شهید بهشتی زنجان/ اولویت پذیرش با داوطلبان بومی بخش مرکزی شهرستان خدابنده/محل خدمت خدابنده؛ پذیرش دانشجو‌معلم با تعهد خدمت؛ ضوابط بخش فرهنگیان دفترچه,1401-humanities-booklet,185,1401-humanities-booklet,185,کدرشته‌محل منبع: 45470؛ عنوان رشته در منبع: آموزش ابتدایی؛ نحوه پذیرش: با آزمون (بخش دانشجو‌معلم)؛ استان در این ردیف مربوط به بومی‌گزینی/محل خدمت است
1401,آموزش ابتدایی,دانشگاه فرهنگیان,پردیس شهید بهشتی زنجان,زنجان,در جدول ذکر نشده,,تعهد خدمت,2,مرد,در جدول ذکر نشده,ادامه مخصوص داوطلبان بومی استان زنجان؛ پردیس شهید بهشتی زنجان/ اولویت پذیرش با داوطلبان بومی شهرستانهای ابهر ، خرمدره ، سلطانیه /محل خدمت خرمدره؛ پذیرش دانشجو‌معلم با تعهد خدمت؛ ضوابط بخش فرهنگیان دفترچه,1401-humanities-booklet,185,1401-humanities-booklet,185,کدرشته‌محل منبع: 45471؛ عنوان رشته در منبع: آموزش ابتدایی؛ نحوه پذیرش: با آزمون (بخش دانشجو‌معلم)؛ استان در این ردیف مربوط به بومی‌گزینی/محل خدمت است
1401,آموزش ابتدایی,دانشگاه فرهنگیان,پردیس شهید بهشتی زنجان,زنجان,در جدول ذکر نشده,,تعهد خدمت,4,مرد,در جدول ذکر نشده,ادامه مخصوص داوطلبان بومی استان زنجان؛ پردیس شهید بهشتی زنجان/ اولویت پذیرش با داوطلبان بومی بخش قره پشتلو و مرکزی شهرستان زنجان /محل خدمت زنجان ناحیه. 1؛ پذیرش دانشجو‌معلم با تعهد خدمت؛ ضوابط بخش فرهنگیان دفترچه,1401-humanities-booklet,185,1401-humanities-booklet,185,کدرشته‌محل منبع: 45472؛ عنوان رشته در منبع: آموزش ابتدایی؛ نحوه پذیرش: با آزمون (بخش دانشجو‌معلم)؛ استان در این ردیف مربوط به بومی‌گزینی/محل خدمت است
1401,آموزش ابتدایی,دانشگاه فرهنگیان,پردیس شهید بهشتی زنجان,زنجان,در جدول ذکر نشده,,تعهد خدمت,4,مرد,در جدول ذکر نشده,ادامه مخصوص داوطلبان بومی استان زنجان؛ پردیس شهید بهشتی زنجان/ اولویت پذیرش با داوطلبان بومی بخش قره پشتلو و مرکزی شهرستان زنجان /محل خدمت زنجان ناحیه. 2؛ پذیرش دانشجو‌معلم با تعهد خدمت؛ ضوابط بخش فرهنگیان دفترچه,1401-humanities-booklet,185,1401-humanities-booklet,185,کدرشته‌محل منبع: 45473؛ عنوان رشته در منبع: آموزش ابتدایی؛ نحوه پذیرش: با آزمون (بخش دانشجو‌معلم)؛ استان در این ردیف مربوط به بومی‌گزینی/محل خدمت است
1401,آموزش ابتدایی,دانشگاه فرهنگیان,پردیس شهید بهشتی زنجان,زنجان,در جدول ذکر نشده,,تعهد خدمت,13,مرد,در جدول ذکر نشده,ادامه مخصوص داوطلبان بومی استان زنجان؛ پردیس شهید بهشتی زنجان/ اولویت پذیرش با داوطلبان بومی شهرستانهای ماهنشان و ایجرود و بخش زنجانرود/ محل خدمت زنجانرود؛ پذیرش دانشجو‌معلم با تعهد خدمت؛ ضوابط بخش فرهنگیان دفترچه,1401-humanities-booklet,185,1401-humanities-booklet,185,کدرشته‌محل منبع: 45474؛ عنوان رشته در منبع: آموزش ابتدایی؛ نحوه پذیرش: با آزمون (بخش دانشجو‌معلم)؛ استان در این ردیف مربوط به بومی‌گزینی/محل خدمت است
1401,آموزش ابتدایی,دانشگاه فرهنگیان,پردیس شهید بهشتی زنجان,زنجان,در جدول ذکر نشده,,تعهد خدمت,2,مرد,در جدول ذکر نشده,ادامه مخصوص داوطلبان بومی استان زنجان؛ پردیس شهید بهشتی زنجان/ اولویت پذیرش با داوطلبان بومی بخشهای افشار و بزینه رود و سجاسرود شهرستان خدابنده/محل خدمت سجاسرود؛ پذیرش دانشجو‌معلم با تعهد خدمت؛ ضوابط بخش فرهنگیان دفترچه,1401-humanities-booklet,185,1401-humanities-booklet,185,کدرشته‌محل منبع: 45475؛ عنوان رشته در منبع: آموزش ابتدایی؛ نحوه پذیرش: با آزمون (بخش دانشجو‌معلم)؛ استان در این ردیف مربوط به بومی‌گزینی/محل خدمت است
1401,آموزش ابتدایی,دانشگاه فرهنگیان,پردیس شهید بهشتی زنجان,زنجان,در جدول ذکر نشده,,تعهد خدمت,2,مرد,در جدول ذکر نشده,ادامه مخصوص داوطلبان بومی استان زنجان؛ پردیس شهید بهشتی زنجان/ اولویت پذیرش با داوطلبان بومی شهرستانهای ابهر ، خرمدره ، سلطانیه /محل خدمت سلطانیه؛ پذیرش دانشجو‌معلم با تعهد خدمت؛ ضوابط بخش فرهنگیان دفترچه,1401-humanities-booklet,185,1401-humanities-booklet,185,کدرشته‌محل منبع: 45476؛ عنوان رشته در منبع: آموزش ابتدایی؛ نحوه پذیرش: با آزمون (بخش دانشجو‌معلم)؛ استان در این ردیف مربوط به بومی‌گزینی/محل خدمت است
1401,آموزش ابتدایی,دانشگاه فرهنگیان,پردیس شهید بهشتی زنجان,زنجان,در جدول ذکر نشده,,تعهد خدمت,2,مرد,در جدول ذکر نشده,ادامه مخصوص داوطلبان بومی استان زنجان؛ پردیس شهید بهشتی زنجان/ اولویت پذیرش با داوطلبان بومی شهرستان طارم/محل خدمت طارم؛ پذیرش دانشجو‌معلم با تعهد خدمت؛ ضوابط بخش فرهنگیان دفترچه,1401-humanities-booklet,185,1401-humanities-booklet,185,کدرشته‌محل منبع: 45477؛ عنوان رشته در منبع: آموزش ابتدایی؛ نحوه پذیرش: با آزمون (بخش دانشجو‌معلم)؛ استان در این ردیف مربوط به بومی‌گزینی/محل خدمت است
1401,آموزش ابتدایی,دانشگاه فرهنگیان,پردیس شهید بهشتی زنجان,زنجان,در جدول ذکر نشده,,تعهد خدمت,8,مرد,در جدول ذکر نشده,ادامه مخصوص داوطلبان بومی استان زنجان؛ پردیس شهید بهشتی زنجان/ اولویت پذیرش با داوطلبان بومی شهرستانهای ماهنشان و ایجرود و بخش زنجانرود /محل خدمت ماه نشان؛ پذیرش دانشجو‌معلم با تعهد خدمت؛ ضوابط بخش فرهنگیان دفترچه,1401-humanities-booklet,185,1401-humanities-booklet,185,کدرشته‌محل منبع: 45478؛ عنوان رشته در منبع: آموزش ابتدایی؛ نحوه پذیرش: با آزمون (بخش دانشجو‌معلم)؛ استان در این ردیف مربوط به بومی‌گزینی/محل خدمت است
1401,آموزش ابتدایی,دانشگاه فرهنگیان,پردیس فاطمة الزهراء)س( زنجان,زنجان,در جدول ذکر نشده,,تعهد خدمت,5,زن,در جدول ذکر نشده,ادامه مخصوص داوطلبان بومی استان زنجان؛ پردیس فاطمة الزهراء)س( زنجان/ اولویت پذیرش با داوطلبان بومی شهرستانهای ابهر ، خرمدره ، سلطانیه /محل خدمت ابهر؛ پذیرش دانشجو‌معلم با تعهد خدمت؛ ضوابط بخش فرهنگیان دفترچه,1401-humanities-booklet,185,1401-humanities-booklet,185,کدرشته‌محل منبع: 45479؛ عنوان رشته در منبع: آموزش ابتدایی؛ نحوه پذیرش: با آزمون (بخش دانشجو‌معلم)؛ استان در این ردیف مربوط به بومی‌گزینی/محل خدمت است
1401,آموزش ابتدایی,دانشگاه فرهنگیان,پردیس فاطمة الزهراء)س( زنجان,زنجان,در جدول ذکر نشده,,تعهد خدمت,2,زن,در جدول ذکر نشده,ادامه مخصوص داوطلبان بومی استان زنجان؛ پردیس فاطمة الزهراء)س( زنجان/ اولویت پذیرش با داوطلبان بومی بخشهای افشار و بزینه رود و سجاسرود شهرستان خدابنده/محل خدمت افشار؛ پذیرش دانشجو‌معلم با تعهد خدمت؛ ضوابط بخش فرهنگیان دفترچه,1401-humanities-booklet,185,1401-humanities-booklet,185,کدرشته‌محل منبع: 45480؛ عنوان رشته در منبع: آموزش ابتدایی؛ نحوه پذیرش: با آزمون (بخش دانشجو‌معلم)؛ استان در این ردیف مربوط به بومی‌گزینی/محل خدمت است
1401,آموزش ابتدایی,دانشگاه فرهنگیان,پردیس فاطمة الزهراء)س( زنجان,زنجان,در جدول ذکر نشده,,تعهد خدمت,5,زن,در جدول ذکر نشده,ادامه مخصوص داوطلبان بومی استان زنجان؛ پردیس فاطمة الزهراء)س( زنجان/ اولویت پذیرش با داوطلبان بومی شهرستانهای ماهنشان و ایجرود و بخش زنجانرود /محل خدمت انگوران؛ پذیرش دانشجو‌معلم با تعهد خدمت؛ ضوابط بخش فرهنگیان دفترچه,1401-humanities-booklet,185,1401-humanities-booklet,185,کدرشته‌محل منبع: 45481؛ عنوان رشته در منبع: آموزش ابتدایی؛ نحوه پذیرش: با آزمون (بخش دانشجو‌معلم)؛ استان در این ردیف مربوط به بومی‌گزینی/محل خدمت است
1401,آموزش ابتدایی,دانشگاه فرهنگیان,پردیس فاطمة الزهراء)س( زنجان,زنجان,در جدول ذکر نشده,,تعهد خدمت,4,زن,در جدول ذکر نشده,ادامه مخصوص داوطلبان بومی استان زنجان؛ پردیس فاطمة الزهراء)س( زنجان/ اولویت پذیرش با داوطلبان بومی شهرستانهای ماهنشان و ایجرود و بخش زنجانرود /محل خدمت ایجرود؛ پذیرش دانشجو‌معلم با تعهد خدمت؛ ضوابط بخش فرهنگیان دفترچه,1401-humanities-booklet,185,1401-humanities-booklet,185,کدرشته‌محل منبع: 45482؛ عنوان رشته در منبع: آموزش ابتدایی؛ نحوه پذیرش: با آزمون (بخش دانشجو‌معلم)؛ استان در این ردیف مربوط به بومی‌گزینی/محل خدمت است
1401,آموزش ابتدایی,دانشگاه فرهنگیان,پردیس فاطمة الزهراء)س( زنجان,زنجان,در جدول ذکر نشده,,تعهد خدمت,2,زن,در جدول ذکر نشده,ادامه مخصوص داوطلبان بومی استان زنجان؛ پردیس فاطمة الزهراء)س( زنجان/ اولویت پذیرش با داوطلبان بومی بخشهای افشار و بزینه رود و سجاسرود شهرستان خدابند ه/محل خدمت بزینه رود؛ پذیرش دانشجو‌معلم با تعهد خدمت؛ ضوابط بخش فرهنگیان دفترچه,1401-humanities-booklet,185,1401-humanities-booklet,185,کدرشته‌محل منبع: 45483؛ عنوان رشته در منبع: آموزش ابتدایی؛ نحوه پذیرش: با آزمون (بخش دانشجو‌معلم)؛ استان در این ردیف مربوط به بومی‌گزینی/محل خدمت است
1401,آموزش ابتدایی,دانشگاه فرهنگیان,پردیس فاطمة الزهراء)س( زنجان,زنجان,در جدول ذکر نشده,,تعهد خدمت,2,زن,در جدول ذکر نشده,ادامه مخصوص داوطلبان بومی استان زنجان؛ پردیس فاطمة الزهراء)س( زنجان/ اولویت پذیرش با داوطلبان بومی بخش مرکزی شهرستان خدابنده/محل خدمت خدابنده؛ پذیرش دانشجو‌معلم با تعهد خدمت؛ ضوابط بخش فرهنگیان دفترچه,1401-humanities-booklet,186,1401-humanities-booklet,186,کدرشته‌محل منبع: 45484؛ عنوان رشته در منبع: آموزش ابتدایی؛ نحوه پذیرش: با آزمون (بخش دانشجو‌معلم)؛ استان در این ردیف مربوط به بومی‌گزینی/محل خدمت است
1401,آموزش ابتدایی,دانشگاه فرهنگیان,پردیس فاطمة الزهراء)س( زنجان,زنجان,در جدول ذکر نشده,,تعهد خدمت,2,زن,در جدول ذکر نشده,ادامه مخصوص داوطلبان بومی استان زنجان؛ پردیس فاطمة الزهراء)س( زنجان/ اولویت پذیرش با داوطلبان بومی شهرستانهای ابهر ، خرمدره ، سلطانیه /محل خدمت خرمدره؛ پذیرش دانشجو‌معلم با تعهد خدمت؛ ضوابط بخش فرهنگیان دفترچه,1401-humanities-booklet,186,1401-humanities-booklet,186,کدرشته‌محل منبع: 45485؛ عنوان رشته در منبع: آموزش ابتدایی؛ نحوه پذیرش: با آزمون (بخش دانشجو‌معلم)؛ استان در این ردیف مربوط به بومی‌گزینی/محل خدمت است
1401,آموزش ابتدایی,دانشگاه فرهنگیان,پردیس فاطمة الزهراء)س( زنجان,زنجان,در جدول ذکر نشده,,تعهد خدمت,3,زن,در جدول ذکر نشده,ادامه مخصوص داوطلبان بومی استان زنجان؛ پردیس فاطمة الزهراء)س( زنجان/ اولویت پذیرش با داوطلبان بومی بخش قره پشتلو و مرکزی شهرستان زنجان /محل خدمت زنجان ناحیه. 1؛ پذیرش دانشجو‌معلم با تعهد خدمت؛ ضوابط بخش فرهنگیان دفترچه,1401-humanities-booklet,186,1401-humanities-booklet,186,کدرشته‌محل منبع: 45486؛ عنوان رشته در منبع: آموزش ابتدایی؛ نحوه پذیرش: با آزمون (بخش دانشجو‌معلم)؛ استان در این ردیف مربوط به بومی‌گزینی/محل خدمت است
1401,آموزش ابتدایی,دانشگاه فرهنگیان,پردیس فاطمة الزهراء)س( زنجان,زنجان,در جدول ذکر نشده,,تعهد خدمت,2,زن,در جدول ذکر نشده,ادامه مخصوص داوطلبان بومی استان زنجان؛ پردیس فاطمة الزهراء)س( زنجان/ اولویت پذیرش با داوطلبان بومی بخش قره پشتلو و مرکزی شهرستان زنجان /محل خدمت زنجان ناحیه. 2؛ پذیرش دانشجو‌معلم با تعهد خدمت؛ ضوابط بخش فرهنگیان دفترچه,1401-humanities-booklet,186,1401-humanities-booklet,186,کدرشته‌محل منبع: 45487؛ عنوان رشته در منبع: آموزش ابتدایی؛ نحوه پذیرش: با آزمون (بخش دانشجو‌معلم)؛ استان در این ردیف مربوط به بومی‌گزینی/محل خدمت است
1401,آموزش ابتدایی,دانشگاه فرهنگیان,پردیس فاطمة الزهراء)س( زنجان,زنجان,در جدول ذکر نشده,,تعهد خدمت,7,زن,در جدول ذکر نشده,ادامه مخصوص داوطلبان بومی استان زنجان؛ پردیس فاطمة الزهراء)س( زنجان/ اولویت پذیرش با داوطلبان بومی شهرستانهای ماهنشان و ایجرود و بخش زنجانرود /محل خدمت زنجانرود؛ پذیرش دانشجو‌معلم با تعهد خدمت؛ ضوابط بخش فرهنگیان دفترچه,1401-humanities-booklet,186,1401-humanities-booklet,186,کدرشته‌محل منبع: 45488؛ عنوان رشته در منبع: آموزش ابتدایی؛ نحوه پذیرش: با آزمون (بخش دانشجو‌معلم)؛ استان در این ردیف مربوط به بومی‌گزینی/محل خدمت است
1401,آموزش ابتدایی,دانشگاه فرهنگیان,پردیس فاطمة الزهراء)س( زنجان,زنجان,در جدول ذکر نشده,,تعهد خدمت,1,زن,در جدول ذکر نشده,ادامه مخصوص داوطلبان بومی استان زنجان؛ پردیس فاطمة الزهراء)س( زنجان/ اولویت پذیرش با داوطلبان بومی بخشهای افشار و بزینه رود و سجاسرود شهرستان خدابنده/محل خدمت سجاسرود؛ پذیرش دانشجو‌معلم با تعهد خدمت؛ ضوابط بخش فرهنگیان دفترچه,1401-humanities-booklet,186,1401-humanities-booklet,186,کدرشته‌محل منبع: 45489؛ عنوان رشته در منبع: آموزش ابتدایی؛ نحوه پذیرش: با آزمون (بخش دانشجو‌معلم)؛ استان در این ردیف مربوط به بومی‌گزینی/محل خدمت است
1401,آموزش ابتدایی,دانشگاه فرهنگیان,پردیس فاطمة الزهراء)س( زنجان,زنجان,در جدول ذکر نشده,,تعهد خدمت,1,زن,در جدول ذکر نشده,ادامه مخصوص داوطلبان بومی استان زنجان؛ پردیس فاطمة الزهراء)س( زنجان/ اولویت پذیرش با داوطلبان بومی شهرستانهای ابهر ، خرمدره ، سلطانیه /محل خدمت سلطانیه؛ پذیرش دانشجو‌معلم با تعهد خدمت؛ ضوابط بخش فرهنگیان دفترچه,1401-humanities-booklet,186,1401-humanities-booklet,186,کدرشته‌محل منبع: 45490؛ عنوان رشته در منبع: آموزش ابتدایی؛ نحوه پذیرش: با آزمون (بخش دانشجو‌معلم)؛ استان در این ردیف مربوط به بومی‌گزینی/محل خدمت است
1401,آموزش ابتدایی,دانشگاه فرهنگیان,پردیس فاطمة الزهراء)س( زنجان,زنجان,در جدول ذکر نشده,,تعهد خدمت,1,زن,در جدول ذکر نشده,ادامه مخصوص داوطلبان بومی استان زنجان؛ پردیس فاطمة الزهراء)س( زنجان/ اولویت پذیرش با داوطلبان بومی شهرستان طارم/محل خدمت طارم؛ پذیرش دانشجو‌معلم با تعهد خدمت؛ ضوابط بخش فرهنگیان دفترچه,1401-humanities-booklet,186,1401-humanities-booklet,186,کدرشته‌محل منبع: 45491؛ عنوان رشته در منبع: آموزش ابتدایی؛ نحوه پذیرش: با آزمون (بخش دانشجو‌معلم)؛ استان در این ردیف مربوط به بومی‌گزینی/محل خدمت است
1401,آموزش ابتدایی,دانشگاه فرهنگیان,پردیس فاطمة الزهراء)س( زنجان,زنجان,در جدول ذکر نشده,,تعهد خدمت,6,زن,در جدول ذکر نشده,ادامه مخصوص داوطلبان بومی استان زنجان؛ پردیس فاطمة الزهراء)س( زنجان/ اولویت پذیرش با داوطلبان بومی شهرستانهای ماهنشان و ایجرود و بخش زنجانرود /محل خدمت ماه نشان؛ پذیرش دانشجو‌معلم با تعهد خدمت؛ ضوابط بخش فرهنگیان دفترچه,1401-humanities-booklet,186,1401-humanities-booklet,186,کدرشته‌محل منبع: 45492؛ عنوان رشته در منبع: آموزش ابتدایی؛ نحوه پذیرش: با آزمون (بخش دانشجو‌معلم)؛ استان در این ردیف مربوط به بومی‌گزینی/محل خدمت است
1401,آموزش ابتدایی,دانشگاه فرهنگیان,پردیس شهید رجایی سمنان,سمنان,در جدول ذکر نشده,,تعهد خدمت,5,مرد,در جدول ذکر نشده,ادامه مخصوص داوطلبان بومی استان سمنان؛ پردیس شهید رجایی سمنان/ اولویت پذیرش با داوطلبان بومی شهرستانهای شاهرود، میامی/محل خدمت بیارجمند؛ پذیرش دانشجو‌معلم با تعهد خدمت؛ ضوابط بخش فرهنگیان دفترچه,1401-humanities-booklet,188,1401-humanities-booklet,188,کدرشته‌محل منبع: 45515؛ عنوان رشته در منبع: آموزش ابتدایی؛ نحوه پذیرش: با آزمون (بخش دانشجو‌معلم)؛ استان در این ردیف مربوط به بومی‌گزینی/محل خدمت است
1401,آموزش ابتدایی,دانشگاه فرهنگیان,پردیس شهید رجایی سمنان,سمنان,در جدول ذکر نشده,,تعهد خدمت,13,مرد,در جدول ذکر نشده,ادامه مخصوص داوطلبان بومی استان سمنان؛ پردیس شهید رجایی سمنان/ اولویت پذیرش با داوطلبان بومی شهرستانهای شاهرود، میامی/محل خدمت میامی؛ پذیرش دانشجو‌معلم با تعهد خدمت؛ ضوابط بخش فرهنگیان دفترچه,1401-humanities-booklet,188,1401-humanities-booklet,188,کدرشته‌محل منبع: 45516؛ عنوان رشته در منبع: آموزش ابتدایی؛ نحوه پذیرش: با آزمون (بخش دانشجو‌معلم)؛ استان در این ردیف مربوط به بومی‌گزینی/محل خدمت است
1401,آموزش ابتدایی,دانشگاه فرهنگیان,پردیس شهید رجایی سمنان,سمنان,در جدول ذکر نشده,,تعهد خدمت,24,مرد,در جدول ذکر نشده,ادامه مخصوص داوطلبان بومی استان سمنان؛ پردیس شهید رجایی سمنان/ اولویت پذیرش با داوطلبان بومی شهرستانهای شاهرود، میامی/محل خدمت شاهرودسمنان؛ پذیرش دانشجو‌معلم با تعهد خدمت؛ ضوابط بخش فرهنگیان دفترچه,1401-humanities-booklet,188,1401-humanities-booklet,188,کدرشته‌محل منبع: 45517؛ عنوان رشته در منبع: آموزش ابتدایی؛ نحوه پذیرش: با آزمون (بخش دانشجو‌معلم)؛ استان در این ردیف مربوط به بومی‌گزینی/محل خدمت است
1401,آموزش ابتدایی,دانشگاه فرهنگیان,پردیس شهید رجایی سمنان,سمنان,در جدول ذکر نشده,,تعهد خدمت,14,مرد,در جدول ذکر نشده,ادامه مخصوص داوطلبان بومی استان سمنان؛ پردیس شهید رجایی سمنان/ اولویت پذیرش با داوطلبان بومی شهرستان دامغان/محل خدمت دامغان؛ پذیرش دانشجو‌معلم با تعهد خدمت؛ ضوابط بخش فرهنگیان دفترچه,1401-humanities-booklet,188,1401-humanities-booklet,188,کدرشته‌محل منبع: 45518؛ عنوان رشته در منبع: آموزش ابتدایی؛ نحوه پذیرش: با آزمون (بخش دانشجو‌معلم)؛ استان در این ردیف مربوط به بومی‌گزینی/محل خدمت است
1401,آموزش ابتدایی,دانشگاه فرهنگیان,پردیس شهید رجایی سمنان,سمنان,در جدول ذکر نشده,,تعهد خدمت,3,مرد,در جدول ذکر نشده,ادامه مخصوص داوطلبان بومی استان سمنان؛ پردیس شهید رجایی سمنان/ اولویت پذیرش با داوطلبان بومی شهرستان دامغان/محل خدمت امیرآباد؛ پذیرش دانشجو‌معلم با تعهد خدمت؛ ضوابط بخش فرهنگیان دفترچه,1401-humanities-booklet,188,1401-humanities-booklet,188,کدرشته‌محل منبع: 45519؛ عنوان رشته در منبع: آموزش ابتدایی؛ نحوه پذیرش: با آزمون (بخش دانشجو‌معلم)؛ استان در این ردیف مربوط به بومی‌گزینی/محل خدمت است
1401,آموزش ابتدایی,دانشگاه فرهنگیان,پردیس شهید رجایی سمنان,سمنان,در جدول ذکر نشده,,تعهد خدمت,4,مرد,در جدول ذکر نشده,ادامه مخصوص داوطلبان بومی استان سمنان؛ پردیس شهید رجایی سمنان/ اولویت پذیرش با داوطلبان بومی شهرستانهای سمنان، سرخه، مهدی شهر/محل خدمت سرخه؛ پذیرش دانشجو‌معلم با تعهد خدمت؛ ضوابط بخش فرهنگیان دفترچه,1401-humanities-booklet,188,1401-humanities-booklet,188,کدرشته‌محل منبع: 45520؛ عنوان رشته در منبع: آموزش ابتدایی؛ نحوه پذیرش: با آزمون (بخش دانشجو‌معلم)؛ استان در این ردیف مربوط به بومی‌گزینی/محل خدمت است
1401,آموزش ابتدایی,دانشگاه فرهنگیان,پردیس شهید رجایی سمنان,سمنان,در جدول ذکر نشده,,تعهد خدمت,8,مرد,در جدول ذکر نشده,ادامه مخصوص داوطلبان بومی استان سمنان؛ پردیس شهید رجایی سمنان/ اولویت پذیرش با داوطلبان بومی شهرستانهای سمنان، سرخه، مهدی شهر/محل خدمت مهدیشهر؛ پذیرش دانشجو‌معلم با تعهد خدمت؛ ضوابط بخش فرهنگیان دفترچه,1401-humanities-booklet,188,1401-humanities-booklet,188,کدرشته‌محل منبع: 45521؛ عنوان رشته در منبع: آموزش ابتدایی؛ نحوه پذیرش: با آزمون (بخش دانشجو‌معلم)؛ استان در این ردیف مربوط به بومی‌گزینی/محل خدمت است
1401,آموزش ابتدایی,دانشگاه فرهنگیان,پردیس شهید رجایی سمنان,سمنان,در جدول ذکر نشده,,تعهد خدمت,37,مرد,در جدول ذکر نشده,ادامه مخصوص داوطلبان بومی استان سمنان؛ پردیس شهید رجایی سمنان/ اولویت پذیرش با داوطلبان بومی شهرستانهای سمنان، سرخه، مهدی شهر/محل خدمت سمنان؛ پذیرش دانشجو‌معلم با تعهد خدمت؛ ضوابط بخش فرهنگیان دفترچه,1401-humanities-booklet,188,1401-humanities-booklet,188,کدرشته‌محل منبع: 45522؛ عنوان رشته در منبع: آموزش ابتدایی؛ نحوه پذیرش: با آزمون (بخش دانشجو‌معلم)؛ استان در این ردیف مربوط به بومی‌گزینی/محل خدمت است
1401,آموزش ابتدایی,دانشگاه فرهنگیان,پردیس شهید رجایی سمنان,سمنان,در جدول ذکر نشده,,تعهد خدمت,5,مرد,در جدول ذکر نشده,ادامه مخصوص داوطلبان بومی استان سمنان؛ پردیس شهید رجایی سمنان/ اولویت پذیرش با داوطلبان بومی شهرستانهای گرمسار، آرادان/محل خدمت آرادان؛ پذیرش دانشجو‌معلم با تعهد خدمت؛ ضوابط بخش فرهنگیان دفترچه,1401-humanities-booklet,188,1401-humanities-booklet,188,کدرشته‌محل منبع: 45523؛ عنوان رشته در منبع: آموزش ابتدایی؛ نحوه پذیرش: با آزمون (بخش دانشجو‌معلم)؛ استان در این ردیف مربوط به بومی‌گزینی/محل خدمت است
1401,آموزش ابتدایی,دانشگاه فرهنگیان,پردیس شهید رجایی سمنان,سمنان,در جدول ذکر نشده,,تعهد خدمت,16,مرد,در جدول ذکر نشده,ادامه مخصوص داوطلبان بومی استان سمنان؛ پردیس شهید رجایی سمنان/ اولویت پذیرش با داوطلبان بومی شهرستانهای گرمسار، آرادان/محل خدمت گرمسار؛ پذیرش دانشجو‌معلم با تعهد خدمت؛ ضوابط بخش فرهنگیان دفترچه,1401-humanities-booklet,188,1401-humanities-booklet,188,کدرشته‌محل منبع: 45524؛ عنوان رشته در منبع: آموزش ابتدایی؛ نحوه پذیرش: با آزمون (بخش دانشجو‌معلم)؛ استان در این ردیف مربوط به بومی‌گزینی/محل خدمت است
1401,آموزش ابتدایی,دانشگاه فرهنگیان,پردیس شهید رجایی سمنان,سمنان,در جدول ذکر نشده,,تعهد خدمت,11,مرد,در جدول ذکر نشده,ادامه مخصوص داوطلبان بومی استان سمنان؛ پردیس شهید رجایی سمنان/ اولویت پذیرش با داوطلبان بومی شهرستانهای شاهرود، میامی/محل خدمت بسطام؛ پذیرش دانشجو‌معلم با تعهد خدمت؛ ضوابط بخش فرهنگیان دفترچه,1401-humanities-booklet,188,1401-humanities-booklet,188,کدرشته‌محل منبع: 45525؛ عنوان رشته در منبع: آموزش ابتدایی؛ نحوه پذیرش: با آزمون (بخش دانشجو‌معلم)؛ استان در این ردیف مربوط به بومی‌گزینی/محل خدمت است
1401,آموزش ابتدایی,دانشگاه فرهنگیان,پردیس فاطمة الزهراء)س( سمنان,سمنان,در جدول ذکر نشده,,تعهد خدمت,2,زن,در جدول ذکر نشده,ادامه مخصوص داوطلبان بومی استان سمنان؛ پردیس فاطمة الزهراء)س( سمنان/ اولویت پذیرش با داوطلبان بومی شهرستانهای شاهرود، میامی/محل خدمت بیارجمند؛ پذیرش دانشجو‌معلم با تعهد خدمت؛ ضوابط بخش فرهنگیان دفترچه,1401-humanities-booklet,188,1401-humanities-booklet,188,کدرشته‌محل منبع: 45526؛ عنوان رشته در منبع: آموزش ابتدایی؛ نحوه پذیرش: با آزمون (بخش دانشجو‌معلم)؛ استان در این ردیف مربوط به بومی‌گزینی/محل خدمت است
1401,آموزش ابتدایی,دانشگاه فرهنگیان,پردیس فاطمة الزهراء)س( سمنان,سمنان,در جدول ذکر نشده,,تعهد خدمت,8,زن,در جدول ذکر نشده,ادامه مخصوص داوطلبان بومی استان سمنان؛ پردیس فاطمة الزهراء)س( سمنان/ اولویت پذیرش با داوطلبان بومی شهرستانهای شاهرود، میامی/محل خدمت میامی؛ پذیرش دانشجو‌معلم با تعهد خدمت؛ ضوابط بخش فرهنگیان دفترچه,1401-humanities-booklet,188,1401-humanities-booklet,188,کدرشته‌محل منبع: 45527؛ عنوان رشته در منبع: آموزش ابتدایی؛ نحوه پذیرش: با آزمون (بخش دانشجو‌معلم)؛ استان در این ردیف مربوط به بومی‌گزینی/محل خدمت است
1401,آموزش ابتدایی,دانشگاه فرهنگیان,پردیس فاطمة الزهراء)س( سمنان,سمنان,در جدول ذکر نشده,,تعهد خدمت,24,زن,در جدول ذکر نشده,ادامه مخصوص داوطلبان بومی استان سمنان؛ پردیس فاطمة الزهراء)س( سمنان/ اولویت پذیرش با داوطلبان بومی شهرستانهای شاهرود، میامی/محل خدمت شاهرودسمنان؛ پذیرش دانشجو‌معلم با تعهد خدمت؛ ضوابط بخش فرهنگیان دفترچه,1401-humanities-booklet,188,1401-humanities-booklet,188,کدرشته‌محل منبع: 45528؛ عنوان رشته در منبع: آموزش ابتدایی؛ نحوه پذیرش: با آزمون (بخش دانشجو‌معلم)؛ استان در این ردیف مربوط به بومی‌گزینی/محل خدمت است
1401,آموزش ابتدایی,دانشگاه فرهنگیان,پردیس فاطمة الزهراء)س( سمنان,سمنان,در جدول ذکر نشده,,تعهد خدمت,8,زن,در جدول ذکر نشده,ادامه مخصوص داوطلبان بومی استان سمنان؛ پردیس فاطمة الزهراء)س( سمنان/ اولویت پذیرش با داوطلبان بومی شهرستان دامغان/محل خدمت دامغان؛ پذیرش دانشجو‌معلم با تعهد خدمت؛ ضوابط بخش فرهنگیان دفترچه,1401-humanities-booklet,188,1401-humanities-booklet,188,کدرشته‌محل منبع: 45529؛ عنوان رشته در منبع: آموزش ابتدایی؛ نحوه پذیرش: با آزمون (بخش دانشجو‌معلم)؛ استان در این ردیف مربوط به بومی‌گزینی/محل خدمت است
1401,آموزش ابتدایی,دانشگاه فرهنگیان,پردیس فاطمة الزهراء)س( سمنان,سمنان,در جدول ذکر نشده,,تعهد خدمت,1,زن,در جدول ذکر نشده,ادامه مخصوص داوطلبان بومی استان سمنان؛ پردیس فاطمة الزهراء)س( سمنان/ اولویت پذیرش با داوطلبان بومی شهرستان دامغان/محل خدمت امیرآباد؛ پذیرش دانشجو‌معلم با تعهد خدمت؛ ضوابط بخش فرهنگیان دفترچه,1401-humanities-booklet,188,1401-humanities-booklet,188,کدرشته‌محل منبع: 45530؛ عنوان رشته در منبع: آموزش ابتدایی؛ نحوه پذیرش: با آزمون (بخش دانشجو‌معلم)؛ استان در این ردیف مربوط به بومی‌گزینی/محل خدمت است
1401,آموزش ابتدایی,دانشگاه فرهنگیان,پردیس فاطمة الزهراء)س( سمنان,سمنان,در جدول ذکر نشده,,تعهد خدمت,2,زن,در جدول ذکر نشده,ادامه مخصوص داوطلبان بومی استان سمنان؛ پردیس فاطمة الزهراء)س( سمنان/ اولویت پذیرش با داوطلبان بومی شهرستانهای سمنان، سرخه، مهدی شهر/محل خدمت سرخه؛ پذیرش دانشجو‌معلم با تعهد خدمت؛ ضوابط بخش فرهنگیان دفترچه,1401-humanities-booklet,188,1401-humanities-booklet,188,کدرشته‌محل منبع: 45531؛ عنوان رشته در منبع: آموزش ابتدایی؛ نحوه پذیرش: با آزمون (بخش دانشجو‌معلم)؛ استان در این ردیف مربوط به بومی‌گزینی/محل خدمت است
1401,آموزش ابتدایی,دانشگاه فرهنگیان,پردیس فاطمة الزهراء)س( سمنان,سمنان,در جدول ذکر نشده,,تعهد خدمت,6,زن,در جدول ذکر نشده,ادامه مخصوص داوطلبان بومی استان سمنان؛ پردیس فاطمة الزهراء)س( سمنان/ اولویت پذیرش با داوطلبان بومی شهرستانهای سمنان، سرخه، مهدی شهر/محل خدمت مهدیشهر؛ پذیرش دانشجو‌معلم با تعهد خدمت؛ ضوابط بخش فرهنگیان دفترچه,1401-humanities-booklet,188,1401-humanities-booklet,188,کدرشته‌محل منبع: 45532؛ عنوان رشته در منبع: آموزش ابتدایی؛ نحوه پذیرش: با آزمون (بخش دانشجو‌معلم)؛ استان در این ردیف مربوط به بومی‌گزینی/محل خدمت است
1401,آموزش ابتدایی,دانشگاه فرهنگیان,پردیس فاطمة الزهراء)س( سمنان,سمنان,در جدول ذکر نشده,,تعهد خدمت,17,زن,در جدول ذکر نشده,ادامه مخصوص داوطلبان بومی استان سمنان؛ پردیس فاطمة الزهراء)س( سمنان/ اولویت پذیرش با داوطلبان بومی شهرستانهای سمنان، سرخه، مهدی شهر/محل خدمت سمنان؛ پذیرش دانشجو‌معلم با تعهد خدمت؛ ضوابط بخش فرهنگیان دفترچه,1401-humanities-booklet,188,1401-humanities-booklet,188,کدرشته‌محل منبع: 45533؛ عنوان رشته در منبع: آموزش ابتدایی؛ نحوه پذیرش: با آزمون (بخش دانشجو‌معلم)؛ استان در این ردیف مربوط به بومی‌گزینی/محل خدمت است
1401,آموزش ابتدایی,دانشگاه فرهنگیان,پردیس فاطمة الزهراء)س( سمنان,سمنان,در جدول ذکر نشده,,تعهد خدمت,3,زن,در جدول ذکر نشده,ادامه مخصوص داوطلبان بومی استان سمنان؛ پردیس فاطمة الزهراء)س( سمنان/ اولویت پذیرش با داوطلبان بومی شهرستانهای گرمسار، آرادان/محل خدمت آرادان؛ پذیرش دانشجو‌معلم با تعهد خدمت؛ ضوابط بخش فرهنگیان دفترچه,1401-humanities-booklet,188,1401-humanities-booklet,188,کدرشته‌محل منبع: 45534؛ عنوان رشته در منبع: آموزش ابتدایی؛ نحوه پذیرش: با آزمون (بخش دانشجو‌معلم)؛ استان در این ردیف مربوط به بومی‌گزینی/محل خدمت است
1401,آموزش ابتدایی,دانشگاه فرهنگیان,پردیس فاطمة الزهراء)س( سمنان,سمنان,در جدول ذکر نشده,,تعهد خدمت,10,زن,در جدول ذکر نشده,ادامه مخصوص داوطلبان بومی استان سمنان؛ پردیس فاطمة الزهراء)س( سمنان/ اولویت پذیرش با داوطلبان بومی شهرستانهای گرمسار، آرادان/محل خدمت گرمسار؛ پذیرش دانشجو‌معلم با تعهد خدمت؛ ضوابط بخش فرهنگیان دفترچه,1401-humanities-booklet,188,1401-humanities-booklet,188,کدرشته‌محل منبع: 45535؛ عنوان رشته در منبع: آموزش ابتدایی؛ نحوه پذیرش: با آزمون (بخش دانشجو‌معلم)؛ استان در این ردیف مربوط به بومی‌گزینی/محل خدمت است
1401,آموزش ابتدایی,دانشگاه فرهنگیان,پردیس فاطمة الزهراء)س( سمنان,سمنان,در جدول ذکر نشده,,تعهد خدمت,7,زن,در جدول ذکر نشده,ادامه مخصوص داوطلبان بومی استان سمنان؛ پردیس فاطمة الزهراء)س( سمنان/ اولویت پذیرش با داوطلبان بومی شهرستانهای شاهرود، میامی/محل خدمت بسطام؛ پذیرش دانشجو‌معلم با تعهد خدمت؛ ضوابط بخش فرهنگیان دفترچه,1401-humanities-booklet,188,1401-humanities-booklet,188,کدرشته‌محل منبع: 45536؛ عنوان رشته در منبع: آموزش ابتدایی؛ نحوه پذیرش: با آزمون (بخش دانشجو‌معلم)؛ استان در این ردیف مربوط به بومی‌گزینی/محل خدمت است
1401,آموزش ابتدایی,دانشگاه فرهنگیان,پردیس رسالت زاهدان,سیستان و بلوچستان,در جدول ذکر نشده,,تعهد خدمت,7,زن,در جدول ذکر نشده,ادامه مخصوص داوطلبان بومی استان سیستان و بلوچستان؛ پردیس رسالت زاهدان/ اولویت پذیرش با داوطلبان بومی شهرستانهای ایرانشهر، دلگان، بمپور، سرباز، فنوج، لاشار، نیک شهر/محل خدمت ایرانشهر؛ پذیرش دانشجو‌معلم با تعهد خدمت؛ ضوابط بخش فرهنگیان دفترچه,1401-humanities-booklet,191,1401-humanities-booklet,191,کدرشته‌محل منبع: 45553؛ عنوان رشته در منبع: آموزش ابتدایی؛ نحوه پذیرش: با آزمون (بخش دانشجو‌معلم)؛ استان در این ردیف مربوط به بومی‌گزینی/محل خدمت است
1401,آموزش ابتدایی,دانشگاه فرهنگیان,،پردیس رسالت زاهدان,سیستان و بلوچستان,در جدول ذکر نشده,,تعهد خدمت,1,زن,در جدول ذکر نشده,ادامه مخصوص داوطلبان بومی استان سیستان و بلوچستان؛ ،پردیس رسالت زاهدان/ اولویت پذیرش با داوطلبان بومی شهرستانهای ایرانشهر، دلگان، بمپور، سرباز، فنوج، لاشار نیک شهر/محل خدمت بزمان؛ پذیرش دانشجو‌معلم با تعهد خدمت؛ ضوابط بخش فرهنگیان دفترچه,1401-humanities-booklet,191,1401-humanities-booklet,191,کدرشته‌محل منبع: 45554؛ عنوان رشته در منبع: آموزش ابتدایی؛ نحوه پذیرش: با آزمون (بخش دانشجو‌معلم)؛ استان در این ردیف مربوط به بومی‌گزینی/محل خدمت است
1401,آموزش ابتدایی,دانشگاه فرهنگیان,پردیس رسالت زاهدان,سیستان و بلوچستان,در جدول ذکر نشده,,تعهد خدمت,7,زن,در جدول ذکر نشده,ادامه مخصوص داوطلبان بومی استان سیستان و بلوچستان؛ پردیس رسالت زاهدان/ اولویت پذیرش با داوطلبان بومی شهرستانهای سراوان، سیب سوران، مهرستان، گلشن)جالق(/محل خدمت بم پشت؛ پذیرش دانشجو‌معلم با تعهد خدمت؛ ضوابط بخش فرهنگیان دفترچه,1401-humanities-booklet,191,1401-humanities-booklet,191,کدرشته‌محل منبع: 45555؛ عنوان رشته در منبع: آموزش ابتدایی؛ نحوه پذیرش: با آزمون (بخش دانشجو‌معلم)؛ استان در این ردیف مربوط به بومی‌گزینی/محل خدمت است
1401,آموزش ابتدایی,دانشگاه فرهنگیان,پردیس رسالت زاهدان,سیستان و بلوچستان,در جدول ذکر نشده,,تعهد خدمت,1,زن,در جدول ذکر نشده,ادامه مخصوص داوطلبان بومی استان سیستان و بلوچستان؛ پردیس رسالت زاهدان/ اولویت پذیرش با داوطلبان بومی شهرستانهای ایرانشهر، دلگان، بمپور، سرباز، فنوج، لاشار، نیک شهر/محل خدمت بمپور؛ پذیرش دانشجو‌معلم با تعهد خدمت؛ ضوابط بخش فرهنگیان دفترچه,1401-humanities-booklet,191,1401-humanities-booklet,191,کدرشته‌محل منبع: 45556؛ عنوان رشته در منبع: آموزش ابتدایی؛ نحوه پذیرش: با آزمون (بخش دانشجو‌معلم)؛ استان در این ردیف مربوط به بومی‌گزینی/محل خدمت است
1401,آموزش ابتدایی,دانشگاه فرهنگیان,پردیس رسالت زاهدان,سیستان و بلوچستان,در جدول ذکر نشده,,تعهد خدمت,4,زن,در جدول ذکر نشده,پردیس رسالت زاهدان؛ اولویت پذیرش با داوطلبان بومی شهرستانهای چاه بهار، کنارک، نیکشهر، قصرقند، زرآباد، دشتیاری؛ محل خدمت: بنت؛ تعهد خدمت دانشجو‌معلم مطابق دفترچه,1401-correction-4,3,1401-humanities-booklet,194,کدرشته‌محل منبع: 45557؛ عنوان رشته در منبع: آموزش ابتدایی؛ نحوه پذیرش: با آزمون (بخش دانشجو‌معلم)؛ استان در این ردیف مربوط به بومی‌گزینی/محل خدمت است؛ اصلاحیه: conditions؛ عبارت استان در منبع: سیستان وبلوچستان
1401,آموزش ابتدایی,دانشگاه فرهنگیان,پردیس رسالت زاهدان,سیستان و بلوچستان,در جدول ذکر نشده,,تعهد خدمت,3,زن,در جدول ذکر نشده,ادامه مخصوص داوطلبان بومی استان سیستان و بلوچستان؛ پردیس رسالت زاهدان/ اولویت پذیرش با داوطلبان بومی شهرستانهای زابل، زهک، هامون، نیمروز، هیرمند/محل خدمت بنجار؛ پذیرش دانشجو‌معلم با تعهد خدمت؛ ضوابط بخش فرهنگیان دفترچه,1401-humanities-booklet,191,1401-humanities-booklet,191,کدرشته‌محل منبع: 45558؛ عنوان رشته در منبع: آموزش ابتدایی؛ نحوه پذیرش: با آزمون (بخش دانشجو‌معلم)؛ استان در این ردیف مربوط به بومی‌گزینی/محل خدمت است
1401,آموزش ابتدایی,دانشگاه فرهنگیان,پردیس رسالت زاهدان,سیستان و بلوچستان,در جدول ذکر نشده,,تعهد خدمت,8,زن,در جدول ذکر نشده,پردیس رسالت زاهدان؛ اولویت پذیرش با داوطلبان بومی شهرستانهای چاه بهار، کنارک، نیکشهر، قصرقند، زرآباد، دشتیاری؛ محل خدمت: پلان؛ تعهد خدمت دانشجو‌معلم مطابق دفترچه,1401-correction-4,3,1401-humanities-booklet,194,کدرشته‌محل منبع: 45559؛ عنوان رشته در منبع: آموزش ابتدایی؛ نحوه پذیرش: با آزمون (بخش دانشجو‌معلم)؛ استان در این ردیف مربوط به بومی‌گزینی/محل خدمت است؛ اصلاحیه: conditions؛ عبارت استان در منبع: سیستان وبلوچستان
1401,آموزش ابتدایی,دانشگاه فرهنگیان,پردیس رسالت زاهدان,سیستان و بلوچستان,در جدول ذکر نشده,,تعهد خدمت,5,زن,در جدول ذکر نشده,ادامه مخصوص داوطلبان بومی استان سیستان و بلوچستان؛ پردیس رسالت زاهدان/ اولویت پذیرش با داوطلبان بومی شهرستانهای سراوان، سیب سوران، مهرستان، گلشن)جالق(/محل خدمت جالق؛ پذیرش دانشجو‌معلم با تعهد خدمت؛ ضوابط بخش فرهنگیان دفترچه,1401-humanities-booklet,191,1401-humanities-booklet,191,کدرشته‌محل منبع: 45560؛ عنوان رشته در منبع: آموزش ابتدایی؛ نحوه پذیرش: با آزمون (بخش دانشجو‌معلم)؛ استان در این ردیف مربوط به بومی‌گزینی/محل خدمت است
1401,آموزش ابتدایی,دانشگاه فرهنگیان,پردیس رسالت زاهدان,سیستان و بلوچستان,در جدول ذکر نشده,,تعهد خدمت,4,زن,در جدول ذکر نشده,پردیس رسالت زاهدان؛ اولویت پذیرش با داوطلبان بومی شهرستانهای چاه بهار، کنارک، نیکشهر، قصرقند، زرآباد، دشتیاری؛ محل خدمت: چابهار؛ تعهد خدمت دانشجو‌معلم مطابق دفترچه,1401-correction-4,3,1401-humanities-booklet,194,کدرشته‌محل منبع: 45561؛ عنوان رشته در منبع: آموزش ابتدایی؛ نحوه پذیرش: با آزمون (بخش دانشجو‌معلم)؛ استان در این ردیف مربوط به بومی‌گزینی/محل خدمت است؛ اصلاحیه: conditions؛ عبارت استان در منبع: سیستان وبلوچستان
1401,آموزش ابتدایی,دانشگاه فرهنگیان,پردیس رسالت زاهدان,سیستان و بلوچستان,در جدول ذکر نشده,,تعهد خدمت,8,زن,در جدول ذکر نشده,ادامه مخصوص داوطلبان بومی استان سیستان و بلوچستان؛ پردیس رسالت زاهدان/ اولویت پذیرش با داوطلبان بومی شهرستانهای خاش، میرجاوه، تفتان/محل خدمت خاش؛ پذیرش دانشجو‌معلم با تعهد خدمت؛ ضوابط بخش فرهنگیان دفترچه,1401-humanities-booklet,191,1401-humanities-booklet,191,کدرشته‌محل منبع: 45562؛ عنوان رشته در منبع: آموزش ابتدایی؛ نحوه پذیرش: با آزمون (بخش دانشجو‌معلم)؛ استان در این ردیف مربوط به بومی‌گزینی/محل خدمت است
1401,آموزش ابتدایی,دانشگاه فرهنگیان,،پردیس رسالت زاهدان,سیستان و بلوچستان,در جدول ذکر نشده,,تعهد خدمت,17,زن,در جدول ذکر نشده,،پردیس رسالت زاهدان؛ اولویت پذیرش با داوطلبان بومی شهرستانهای چاه بهار، کنارک، نیکشهر، قصرقند، زرآباد، دشتیاری؛ محل خدمت: دشتیاری؛ تعهد خدمت دانشجو‌معلم مطابق دفترچه,1401-correction-4,3,1401-humanities-booklet,194,کدرشته‌محل منبع: 45563؛ عنوان رشته در منبع: آموزش ابتدایی؛ نحوه پذیرش: با آزمون (بخش دانشجو‌معلم)؛ استان در این ردیف مربوط به بومی‌گزینی/محل خدمت است؛ اصلاحیه: conditions؛ عبارت استان در منبع: سیستان وبلوچستان
1401,آموزش ابتدایی,دانشگاه فرهنگیان,,سیستان و بلوچستان,در جدول ذکر نشده,,تعهد خدمت,7,زن,در جدول ذکر نشده,ادامه مخصوص داوطلبان بومی استان سیستان و بلوچستان؛ /پردیس رسالت زاهدان اولویت پذیرش با داوطلبان بومی شهرستانهای ایرانشهر، دلگان، بمپور، سرباز، فنوج، لاشار، نیک شهر/محل خدمت دلگان؛ پذیرش دانشجو‌معلم با تعهد خدمت؛ ضوابط بخش فرهنگیان دفترچه,1401-humanities-booklet,191,1401-humanities-booklet,191,کدرشته‌محل منبع: 45564؛ عنوان رشته در منبع: آموزش ابتدایی؛ نحوه پذیرش: با آزمون (بخش دانشجو‌معلم)؛ استان در این ردیف مربوط به بومی‌گزینی/محل خدمت است
1401,آموزش ابتدایی,دانشگاه فرهنگیان,پردیس رسالت زاهدان,سیستان و بلوچستان,در جدول ذکر نشده,,تعهد خدمت,18,زن,در جدول ذکر نشده,ادامه مخصوص داوطلبان بومی استان سیستان و بلوچستان؛ پردیس رسالت زاهدان/ اولویت پذیرش با داوطلبان بومی شهرستانهای ایرانشهر، دلگان، بمپور، سرباز، فنوج، لاشار، نیک شهر/محل خدمت راسک؛ پذیرش دانشجو‌معلم با تعهد خدمت؛ ضوابط بخش فرهنگیان دفترچه,1401-humanities-booklet,191,1401-humanities-booklet,191,کدرشته‌محل منبع: 45565؛ عنوان رشته در منبع: آموزش ابتدایی؛ نحوه پذیرش: با آزمون (بخش دانشجو‌معلم)؛ استان در این ردیف مربوط به بومی‌گزینی/محل خدمت است
1401,آموزش ابتدایی,دانشگاه فرهنگیان,پردیس رسالت زاهدان,سیستان و بلوچستان,در جدول ذکر نشده,,تعهد خدمت,5,زن,در جدول ذکر نشده,ادامه مخصوص داوطلبان بومی استان سیستان و بلوچستان؛ پردیس رسالت زاهدان/ اولویت پذیرش با داوطلبان بومی شهرستانهای زابل، زهک، هامون، نیمروز، هیرمند/محل خدمت زابل؛ پذیرش دانشجو‌معلم با تعهد خدمت؛ ضوابط بخش فرهنگیان دفترچه,1401-humanities-booklet,191,1401-humanities-booklet,191,کدرشته‌محل منبع: 45566؛ عنوان رشته در منبع: آموزش ابتدایی؛ نحوه پذیرش: با آزمون (بخش دانشجو‌معلم)؛ استان در این ردیف مربوط به بومی‌گزینی/محل خدمت است
1401,آموزش ابتدایی,دانشگاه فرهنگیان,،پردیس رسالت زاهدان,سیستان و بلوچستان,در جدول ذکر نشده,,تعهد خدمت,6,زن,در جدول ذکر نشده,ادامه مخصوص داوطلبان بومی استان سیستان و بلوچستان؛ ،پردیس رسالت زاهدان/ اولویت پذیرش با داوطلبان بومی شهرستانهای سراوان، سیب سوران، مهرستان گلشن)جالق(/محل خدمت (زابلی)مهرستان؛ پذیرش دانشجو‌معلم با تعهد خدمت؛ ضوابط بخش فرهنگیان دفترچه,1401-humanities-booklet,191,1401-humanities-booklet,191,کدرشته‌محل منبع: 45567؛ عنوان رشته در منبع: آموزش ابتدایی؛ نحوه پذیرش: با آزمون (بخش دانشجو‌معلم)؛ استان در این ردیف مربوط به بومی‌گزینی/محل خدمت است
1401,آموزش ابتدایی,دانشگاه فرهنگیان,پردیس رسالت زاهدان,سیستان و بلوچستان,در جدول ذکر نشده,,تعهد خدمت,5,زن,در جدول ذکر نشده,ادامه مخصوص داوطلبان بومی استان سیستان و بلوچستان؛ پردیس رسالت زاهدان/ اولویت پذیرش با داوطلبان بومی شهرستان زاهدان /محل خدمت زاهدان .ناحیه1؛ پذیرش دانشجو‌معلم با تعهد خدمت؛ ضوابط بخش فرهنگیان دفترچه,1401-humanities-booklet,191,1401-humanities-booklet,191,کدرشته‌محل منبع: 45568؛ عنوان رشته در منبع: آموزش ابتدایی؛ نحوه پذیرش: با آزمون (بخش دانشجو‌معلم)؛ استان در این ردیف مربوط به بومی‌گزینی/محل خدمت است
1401,آموزش ابتدایی,دانشگاه فرهنگیان,پردیس رسالت زاهدان,سیستان و بلوچستان,در جدول ذکر نشده,,تعهد خدمت,5,زن,در جدول ذکر نشده,ادامه مخصوص داوطلبان بومی استان سیستان و بلوچستان؛ پردیس رسالت زاهدان/ اولویت پذیرش با داوطلبان بومی شهرستان زاهدان /محل خدمت زاهدان .ناحیه2؛ پذیرش دانشجو‌معلم با تعهد خدمت؛ ضوابط بخش فرهنگیان دفترچه,1401-humanities-booklet,191,1401-humanities-booklet,191,کدرشته‌محل منبع: 45569؛ عنوان رشته در منبع: آموزش ابتدایی؛ نحوه پذیرش: با آزمون (بخش دانشجو‌معلم)؛ استان در این ردیف مربوط به بومی‌گزینی/محل خدمت است
1401,آموزش ابتدایی,دانشگاه فرهنگیان,پردیس رسالت زاهدان,سیستان و بلوچستان,در جدول ذکر نشده,,تعهد خدمت,5,زن,در جدول ذکر نشده,ادامه مخصوص داوطلبان بومی استان سیستان و بلوچستان؛ پردیس رسالت زاهدان/ اولویت پذیرش با داوطلبان بومی شهرستانهای زابل، زهک، هامون، نیمروز، هیرمند/محل خدمت زهک؛ پذیرش دانشجو‌معلم با تعهد خدمت؛ ضوابط بخش فرهنگیان دفترچه,1401-humanities-booklet,191,1401-humanities-booklet,191,کدرشته‌محل منبع: 45570؛ عنوان رشته در منبع: آموزش ابتدایی؛ نحوه پذیرش: با آزمون (بخش دانشجو‌معلم)؛ استان در این ردیف مربوط به بومی‌گزینی/محل خدمت است
1401,آموزش ابتدایی,دانشگاه فرهنگیان,،پردیس رسالت زاهدان,سیستان و بلوچستان,در جدول ذکر نشده,,تعهد خدمت,6,زن,در جدول ذکر نشده,ادامه مخصوص داوطلبان بومی استان سیستان و بلوچستان؛ ،پردیس رسالت زاهدان/ اولویت پذیرش با داوطلبان بومی شهرستانهای سراوان، سیب سوران مهرستان، گلشن)جالق(/محل خدمت سراوان؛ پذیرش دانشجو‌معلم با تعهد خدمت؛ ضوابط بخش فرهنگیان دفترچه,1401-humanities-booklet,191,1401-humanities-booklet,191,کدرشته‌محل منبع: 45571؛ عنوان رشته در منبع: آموزش ابتدایی؛ نحوه پذیرش: با آزمون (بخش دانشجو‌معلم)؛ استان در این ردیف مربوط به بومی‌گزینی/محل خدمت است
1401,آموزش ابتدایی,دانشگاه فرهنگیان,پردیس رسالت زاهدان,سیستان و بلوچستان,در جدول ذکر نشده,,تعهد خدمت,16,زن,در جدول ذکر نشده,ادامه مخصوص داوطلبان بومی استان سیستان و بلوچستان؛ پردیس رسالت زاهدان/ اولویت پذیرش با داوطلبان بومی شهرستانهای ایرانشهر، دلگان، بمپور، سرباز، فنوج، لاشار، نیک شهر/محل خدمت سرباز؛ پذیرش دانشجو‌معلم با تعهد خدمت؛ ضوابط بخش فرهنگیان دفترچه,1401-humanities-booklet,191,1401-humanities-booklet,191,کدرشته‌محل منبع: 45572؛ عنوان رشته در منبع: آموزش ابتدایی؛ نحوه پذیرش: با آزمون (بخش دانشجو‌معلم)؛ استان در این ردیف مربوط به بومی‌گزینی/محل خدمت است
1401,آموزش ابتدایی,دانشگاه فرهنگیان,پردیس رسالت زاهدان,سیستان و بلوچستان,در جدول ذکر نشده,,تعهد خدمت,8,زن,در جدول ذکر نشده,ادامه مخصوص داوطلبان بومی استان سیستان و بلوچستان؛ پردیس رسالت زاهدان/ اولویت پذیرش با داوطلبان بومی شهرستانهای سراوان، سیب سوران، مهرستان، گلشن)جالق(/محل خدمت سیب وسوران؛ پذیرش دانشجو‌معلم با تعهد خدمت؛ ضوابط بخش فرهنگیان دفترچه,1401-humanities-booklet,191,1401-humanities-booklet,191,کدرشته‌محل منبع: 45573؛ عنوان رشته در منبع: آموزش ابتدایی؛ نحوه پذیرش: با آزمون (بخش دانشجو‌معلم)؛ استان در این ردیف مربوط به بومی‌گزینی/محل خدمت است
1401,آموزش ابتدایی,دانشگاه فرهنگیان,پردیس رسالت زاهدان,سیستان و بلوچستان,در جدول ذکر نشده,,تعهد خدمت,31,زن,در جدول ذکر نشده,ادامه مخصوص داوطلبان بومی استان سیستان و بلوچستان؛ پردیس رسالت زاهدان/ مخصوص داوطلبان بومی استان سیستان و بلوچستان/محل خدمت عشایری سیستان وبلوچستان؛ پذیرش دانشجو‌معلم با تعهد خدمت؛ ضوابط بخش فرهنگیان دفترچه,1401-humanities-booklet,191,1401-humanities-booklet,191,کدرشته‌محل منبع: 45574؛ عنوان رشته در منبع: آموزش ابتدایی؛ نحوه پذیرش: با آزمون (بخش دانشجو‌معلم)؛ استان در این ردیف مربوط به بومی‌گزینی/محل خدمت است
1401,آموزش ابتدایی,دانشگاه فرهنگیان,,سیستان و بلوچستان,در جدول ذکر نشده,,تعهد خدمت,5,زن,در جدول ذکر نشده,ادامه مخصوص داوطلبان بومی استان سیستان و بلوچستان؛ /پردیس رسالت زاهدان اولویت پذیرش با داوطلبان بومی شهرستانهای ایرانشهر، دلگان، بمپور، سرباز، فنوج، لاشار، نیک شهر/محل خدمت فنوج؛ پذیرش دانشجو‌معلم با تعهد خدمت؛ ضوابط بخش فرهنگیان دفترچه,1401-humanities-booklet,191,1401-humanities-booklet,191,کدرشته‌محل منبع: 45575؛ عنوان رشته در منبع: آموزش ابتدایی؛ نحوه پذیرش: با آزمون (بخش دانشجو‌معلم)؛ استان در این ردیف مربوط به بومی‌گزینی/محل خدمت است
1401,آموزش ابتدایی,دانشگاه فرهنگیان,پردیس رسالت زاهدان,سیستان و بلوچستان,در جدول ذکر نشده,,تعهد خدمت,5,زن,در جدول ذکر نشده,پردیس رسالت زاهدان؛ اولویت پذیرش با داوطلبان بومی شهرستانهای چاه بهار، کنارک، نیکشهر، قصرقند، زرآباد، دشتیاری؛ محل خدمت: قصرقند؛ تعهد خدمت دانشجو‌معلم مطابق دفترچه,1401-correction-4,3,1401-humanities-booklet,194,کدرشته‌محل منبع: 45576؛ عنوان رشته در منبع: آموزش ابتدایی؛ نحوه پذیرش: با آزمون (بخش دانشجو‌معلم)؛ استان در این ردیف مربوط به بومی‌گزینی/محل خدمت است؛ اصلاحیه: conditions؛ عبارت استان در منبع: سیستان وبلوچستان
1401,آموزش ابتدایی,دانشگاه فرهنگیان,پردیس رسالت زاهدان,سیستان و بلوچستان,در جدول ذکر نشده,,تعهد خدمت,17,زن,در جدول ذکر نشده,پردیس رسالت زاهدان؛ اولویت پذیرش با داوطلبان بومی شهرستانهای چاه بهار، کنارک، نیکشهر، قصرقند، زرآباد، دشتیاری؛ محل خدمت: کنارک؛ تعهد خدمت دانشجو‌معلم مطابق دفترچه,1401-correction-4,3,1401-humanities-booklet,194,کدرشته‌محل منبع: 45577؛ عنوان رشته در منبع: آموزش ابتدایی؛ نحوه پذیرش: با آزمون (بخش دانشجو‌معلم)؛ استان در این ردیف مربوط به بومی‌گزینی/محل خدمت است؛ اصلاحیه: conditions؛ عبارت استان در منبع: سیستان وبلوچستان
1401,آموزش ابتدایی,دانشگاه فرهنگیان,پردیس رسالت زاهدان,سیستان و بلوچستان,در جدول ذکر نشده,,تعهد خدمت,3,زن,در جدول ذکر نشده,ادامه مخصوص داوطلبان بومی استان سیستان و بلوچستان؛ پردیس رسالت زاهدان/ اولویت پذیرش با داوطلبان بومی شهرستانهای ایرانشهر، دلگان، بمپور، سرباز، فنوج، لاشار، نیک شهر/محل خدمت لاشار؛ پذیرش دانشجو‌معلم با تعهد خدمت؛ ضوابط بخش فرهنگیان دفترچه,1401-humanities-booklet,191,1401-humanities-booklet,191,کدرشته‌محل منبع: 45578؛ عنوان رشته در منبع: آموزش ابتدایی؛ نحوه پذیرش: با آزمون (بخش دانشجو‌معلم)؛ استان در این ردیف مربوط به بومی‌گزینی/محل خدمت است
1401,آموزش ابتدایی,دانشگاه فرهنگیان,پردیس رسالت زاهدان,سیستان و بلوچستان,در جدول ذکر نشده,,تعهد خدمت,3,زن,در جدول ذکر نشده,ادامه مخصوص داوطلبان بومی استان سیستان و بلوچستان؛ پردیس رسالت زاهدان/ اولویت پذیرش با داوطلبان بومی شهرستانهای خاش، میرجاوه، تفتان/محل خدمت میرجاوه؛ پذیرش دانشجو‌معلم با تعهد خدمت؛ ضوابط بخش فرهنگیان دفترچه,1401-humanities-booklet,191,1401-humanities-booklet,191,کدرشته‌محل منبع: 45579؛ عنوان رشته در منبع: آموزش ابتدایی؛ نحوه پذیرش: با آزمون (بخش دانشجو‌معلم)؛ استان در این ردیف مربوط به بومی‌گزینی/محل خدمت است
1401,آموزش ابتدایی,دانشگاه فرهنگیان,پردیس رسالت زاهدان,سیستان و بلوچستان,در جدول ذکر نشده,,تعهد خدمت,5,زن,در جدول ذکر نشده,ادامه مخصوص داوطلبان بومی استان سیستان و بلوچستان؛ پردیس رسالت زاهدان/ اولویت پذیرش با داوطلبان بومی شهرستان زاهدان /محل خدمت نصرت آباد؛ پذیرش دانشجو‌معلم با تعهد خدمت؛ ضوابط بخش فرهنگیان دفترچه,1401-humanities-booklet,191,1401-humanities-booklet,191,کدرشته‌محل منبع: 45580؛ عنوان رشته در منبع: آموزش ابتدایی؛ نحوه پذیرش: با آزمون (بخش دانشجو‌معلم)؛ استان در این ردیف مربوط به بومی‌گزینی/محل خدمت است
1401,آموزش ابتدایی,دانشگاه فرهنگیان,پردیس رسالت زاهدان,سیستان و بلوچستان,در جدول ذکر نشده,,تعهد خدمت,5,زن,در جدول ذکر نشده,ادامه مخصوص داوطلبان بومی استان سیستان و بلوچستان؛ پردیس رسالت زاهدان/ اولویت پذیرش با داوطلبان بومی شهرستانهای خاش، میرجاوه، تفتان/محل خدمت نوک آباد؛ پذیرش دانشجو‌معلم با تعهد خدمت؛ ضوابط بخش فرهنگیان دفترچه,1401-humanities-booklet,191,1401-humanities-booklet,191,کدرشته‌محل منبع: 45581؛ عنوان رشته در منبع: آموزش ابتدایی؛ نحوه پذیرش: با آزمون (بخش دانشجو‌معلم)؛ استان در این ردیف مربوط به بومی‌گزینی/محل خدمت است
1401,آموزش ابتدایی,دانشگاه فرهنگیان,پردیس رسالت زاهدان,سیستان و بلوچستان,در جدول ذکر نشده,,تعهد خدمت,2,زن,در جدول ذکر نشده,پردیس رسالت زاهدان؛ اولویت پذیرش با داوطلبان بومی شهرستانهای چاه بهار، کنارک، نیکشهر، قصرقند، زرآباد، دشتیاری؛ محل خدمت: نیک شهر؛ تعهد خدمت دانشجو‌معلم مطابق دفترچه,1401-correction-4,3,1401-humanities-booklet,194,کدرشته‌محل منبع: 45582؛ عنوان رشته در منبع: آموزش ابتدایی؛ نحوه پذیرش: با آزمون (بخش دانشجو‌معلم)؛ استان در این ردیف مربوط به بومی‌گزینی/محل خدمت است؛ اصلاحیه: conditions؛ عبارت استان در منبع: سیستان وبلوچستان
1401,آموزش ابتدایی,دانشگاه فرهنگیان,پردیس رسالت زاهدان,سیستان و بلوچستان,در جدول ذکر نشده,,تعهد خدمت,2,زن,در جدول ذکر نشده,ادامه مخصوص داوطلبان بومی استان سیستان و بلوچستان؛ پردیس رسالت زاهدان/ اولویت پذیرش با داوطلبان بومی شهرستانهای زابل، زهک، هامون، نیمروز، هیرمند/محل خدمت نیمروز؛ پذیرش دانشجو‌معلم با تعهد خدمت؛ ضوابط بخش فرهنگیان دفترچه,1401-humanities-booklet,191,1401-humanities-booklet,191,کدرشته‌محل منبع: 45583؛ عنوان رشته در منبع: آموزش ابتدایی؛ نحوه پذیرش: با آزمون (بخش دانشجو‌معلم)؛ استان در این ردیف مربوط به بومی‌گزینی/محل خدمت است
1401,آموزش ابتدایی,دانشگاه فرهنگیان,پردیس رسالت زاهدان,سیستان و بلوچستان,در جدول ذکر نشده,,تعهد خدمت,2,زن,در جدول ذکر نشده,ادامه مخصوص داوطلبان بومی استان سیستان و بلوچستان؛ پردیس رسالت زاهدان/ اولویت پذیرش با داوطلبان بومی شهرستانهای زابل، زهک، هامون، نیمروز، هیرمند/محل خدمت هامون؛ پذیرش دانشجو‌معلم با تعهد خدمت؛ ضوابط بخش فرهنگیان دفترچه,1401-humanities-booklet,191,1401-humanities-booklet,191,کدرشته‌محل منبع: 45584؛ عنوان رشته در منبع: آموزش ابتدایی؛ نحوه پذیرش: با آزمون (بخش دانشجو‌معلم)؛ استان در این ردیف مربوط به بومی‌گزینی/محل خدمت است
1401,آموزش ابتدایی,دانشگاه فرهنگیان,پردیس رسالت زاهدان,سیستان و بلوچستان,در جدول ذکر نشده,,تعهد خدمت,4,زن,در جدول ذکر نشده,ادامه مخصوص داوطلبان بومی استان سیستان و بلوچستان؛ پردیس رسالت زاهدان/ اولویت پذیرش با داوطلبان بومی شهرستانهای زابل، زهک، هامون، نیمروز، هیرمند/محل خدمت هیرمند؛ پذیرش دانشجو‌معلم با تعهد خدمت؛ ضوابط بخش فرهنگیان دفترچه,1401-humanities-booklet,191,1401-humanities-booklet,191,کدرشته‌محل منبع: 45585؛ عنوان رشته در منبع: آموزش ابتدایی؛ نحوه پذیرش: با آزمون (بخش دانشجو‌معلم)؛ استان در این ردیف مربوط به بومی‌گزینی/محل خدمت است
1401,آموزش ابتدایی,دانشگاه فرهنگیان,پردیس شهید مطهری زاهدان,سیستان و بلوچستان,در جدول ذکر نشده,,تعهد خدمت,8,مرد,در جدول ذکر نشده,ادامه مخصوص داوطلبان بومی استان سیستان و بلوچستان؛ پردیس شهید مطهری زاهدان/ اولویت پذیرش با داوطلبان بومی شهرستانهای ایرانشهر، دلگان، بمپور، سرباز، فنوج، لاشار، نیک شهر/محل خدمت ایرانشهر؛ پذیرش دانشجو‌معلم با تعهد خدمت؛ ضوابط بخش فرهنگیان دفترچه,1401-humanities-booklet,191,1401-humanities-booklet,191,کدرشته‌محل منبع: 45586؛ عنوان رشته در منبع: آموزش ابتدایی؛ نحوه پذیرش: با آزمون (بخش دانشجو‌معلم)؛ استان در این ردیف مربوط به بومی‌گزینی/محل خدمت است
1401,آموزش ابتدایی,دانشگاه فرهنگیان,،پردیس شهید مطهری زاهدان )مرکز آموزش عالی شهید حسینی زاهدان(,سیستان و بلوچستان,در جدول ذکر نشده,,تعهد خدمت,1,مرد,در جدول ذکر نشده,ادامه مخصوص داوطلبان بومی استان سیستان و بلوچستان؛ ،پردیس شهید مطهری زاهدان )مرکز آموزش عالی شهید حسینی زاهدان(/ اولویت پذیرش با داوطلبان بومی شهرستانهای ایرانشهر دلگان، بمپور، سرباز، فنوج، لاشار، نیک شهر/محل خدمت بزمان؛ پذیرش دانشجو‌معلم با تعهد خدمت؛ ضوابط بخش فرهنگیان دفترچه,1401-humanities-booklet,192,1401-humanities-booklet,192,کدرشته‌محل منبع: 45587؛ عنوان رشته در منبع: آموزش ابتدایی؛ نحوه پذیرش: با آزمون (بخش دانشجو‌معلم)؛ استان در این ردیف مربوط به بومی‌گزینی/محل خدمت است
1401,آموزش ابتدایی,دانشگاه فرهنگیان,پردیس شهید مطهری زاهدان,سیستان و بلوچستان,در جدول ذکر نشده,,تعهد خدمت,10,مرد,در جدول ذکر نشده,ادامه مخصوص داوطلبان بومی استان سیستان و بلوچستان؛ پردیس شهید مطهری زاهدان/ اولویت پذیرش با داوطلبان بومی شهرستانهای سراوان، سیب سوران، مهرستان، گلشن)جالق(/محل خدمت بم پشت؛ پذیرش دانشجو‌معلم با تعهد خدمت؛ ضوابط بخش فرهنگیان دفترچه,1401-humanities-booklet,192,1401-humanities-booklet,192,کدرشته‌محل منبع: 45588؛ عنوان رشته در منبع: آموزش ابتدایی؛ نحوه پذیرش: با آزمون (بخش دانشجو‌معلم)؛ استان در این ردیف مربوط به بومی‌گزینی/محل خدمت است
1401,آموزش ابتدایی,دانشگاه فرهنگیان,،پردیس شهید مطهری زاهدان,سیستان و بلوچستان,در جدول ذکر نشده,,تعهد خدمت,3,مرد,در جدول ذکر نشده,ادامه مخصوص داوطلبان بومی استان سیستان و بلوچستان؛ ،پردیس شهید مطهری زاهدان/ اولویت پذیرش با داوطلبان بومی شهرستانهای ایرانشهر، دلگان، بمپور سرباز، فنوج، لاشار، نیک شهر/محل خدمت بمپور؛ پذیرش دانشجو‌معلم با تعهد خدمت؛ ضوابط بخش فرهنگیان دفترچه,1401-humanities-booklet,192,1401-humanities-booklet,192,کدرشته‌محل منبع: 45589؛ عنوان رشته در منبع: آموزش ابتدایی؛ نحوه پذیرش: با آزمون (بخش دانشجو‌معلم)؛ استان در این ردیف مربوط به بومی‌گزینی/محل خدمت است
1401,آموزش ابتدایی,دانشگاه فرهنگیان,پردیس شهید مطهری زاهدان,سیستان و بلوچستان,در جدول ذکر نشده,,تعهد خدمت,6,مرد,در جدول ذکر نشده,پردیس شهید مطهری زاهدان؛ اولویت پذیرش با داوطلبان بومی شهرستانهای چاه بهار، کنارک، نیکشهر، قصرقند، زرآباد، دشتیاری؛ محل خدمت: بنت؛ تعهد خدمت دانشجو‌معلم مطابق دفترچه,1401-correction-4,3,1401-humanities-booklet,194,کدرشته‌محل منبع: 45590؛ عنوان رشته در منبع: آموزش ابتدایی؛ نحوه پذیرش: با آزمون (بخش دانشجو‌معلم)؛ استان در این ردیف مربوط به بومی‌گزینی/محل خدمت است؛ اصلاحیه: conditions؛ عبارت استان در منبع: سیستان وبلوچستان
1401,آموزش ابتدایی,دانشگاه فرهنگیان,پردیس شهید مطهری زاهدان,سیستان و بلوچستان,در جدول ذکر نشده,,تعهد خدمت,5,مرد,در جدول ذکر نشده,ادامه مخصوص داوطلبان بومی استان سیستان و بلوچستان؛ پردیس شهید مطهری زاهدان/ اولویت پذیرش با داوطلبان بومی شهرستانهای زابل، زهک، هامون، نیمروز، هیرمند/محل خدمت بنجار؛ پذیرش دانشجو‌معلم با تعهد خدمت؛ ضوابط بخش فرهنگیان دفترچه,1401-humanities-booklet,192,1401-humanities-booklet,192,کدرشته‌محل منبع: 45591؛ عنوان رشته در منبع: آموزش ابتدایی؛ نحوه پذیرش: با آزمون (بخش دانشجو‌معلم)؛ استان در این ردیف مربوط به بومی‌گزینی/محل خدمت است
1401,آموزش ابتدایی,دانشگاه فرهنگیان,پردیس شهید مطهری زاهدان,سیستان و بلوچستان,در جدول ذکر نشده,,تعهد خدمت,13,مرد,در جدول ذکر نشده,پردیس شهید مطهری زاهدان؛ اولویت پذیرش با داوطلبان بومی شهرستانهای چاه بهار، کنارک، نیکشهر، قصرقند، زرآباد، دشتیاری؛ محل خدمت: پلان؛ تعهد خدمت دانشجو‌معلم مطابق دفترچه,1401-correction-4,3,1401-humanities-booklet,194,کدرشته‌محل منبع: 45592؛ عنوان رشته در منبع: آموزش ابتدایی؛ نحوه پذیرش: با آزمون (بخش دانشجو‌معلم)؛ استان در این ردیف مربوط به بومی‌گزینی/محل خدمت است؛ اصلاحیه: conditions؛ عبارت استان در منبع: سیستان وبلوچستان
1401,آموزش ابتدایی,دانشگاه فرهنگیان,پردیس شهید مطهری زاهدان,سیستان و بلوچستان,در جدول ذکر نشده,,تعهد خدمت,7,مرد,در جدول ذکر نشده,ادامه مخصوص داوطلبان بومی استان سیستان و بلوچستان؛ پردیس شهید مطهری زاهدان/ اولویت پذیرش با داوطلبان بومی شهرستانهای سراوان، سیب سوران، مهرستان، گلشن)جالق(/محل خدمت جالق؛ پذیرش دانشجو‌معلم با تعهد خدمت؛ ضوابط بخش فرهنگیان دفترچه,1401-humanities-booklet,192,1401-humanities-booklet,192,کدرشته‌محل منبع: 45593؛ عنوان رشته در منبع: آموزش ابتدایی؛ نحوه پذیرش: با آزمون (بخش دانشجو‌معلم)؛ استان در این ردیف مربوط به بومی‌گزینی/محل خدمت است
1401,آموزش ابتدایی,دانشگاه فرهنگیان,،پردیس شهید مطهری زاهدان )مرکز آموزش عالی شهید حسینی زاهدان(,سیستان و بلوچستان,در جدول ذکر نشده,,تعهد خدمت,7,مرد,در جدول ذکر نشده,،پردیس شهید مطهری زاهدان )مرکز آموزش عالی شهید حسینی زاهدان(؛ اولویت پذیرش با داوطلبان بومی شهرستانهای چاه بهار، کنارک، نیکشهر، قصرقند، زرآباد، دشتیاری؛ محل خدمت: چابهار؛ تعهد خدمت دانشجو‌معلم مطابق دفترچه,1401-correction-4,3,1401-humanities-booklet,194,کدرشته‌محل منبع: 45594؛ عنوان رشته در منبع: آموزش ابتدایی؛ نحوه پذیرش: با آزمون (بخش دانشجو‌معلم)؛ استان در این ردیف مربوط به بومی‌گزینی/محل خدمت است؛ اصلاحیه: conditions؛ عبارت استان در منبع: سیستان وبلوچستان
1401,آموزش ابتدایی,دانشگاه فرهنگیان,پردیس شهید مطهری زاهدان,سیستان و بلوچستان,در جدول ذکر نشده,,تعهد خدمت,12,مرد,در جدول ذکر نشده,ادامه مخصوص داوطلبان بومی استان سیستان و بلوچستان؛ پردیس شهید مطهری زاهدان/ اولویت پذیرش با داوطلبان بومی شهرستانهای خاش، میرجاوه، تفتان/محل خدمت خاش؛ پذیرش دانشجو‌معلم با تعهد خدمت؛ ضوابط بخش فرهنگیان دفترچه,1401-humanities-booklet,192,1401-humanities-booklet,192,کدرشته‌محل منبع: 45595؛ عنوان رشته در منبع: آموزش ابتدایی؛ نحوه پذیرش: با آزمون (بخش دانشجو‌معلم)؛ استان در این ردیف مربوط به بومی‌گزینی/محل خدمت است
1401,آموزش ابتدایی,دانشگاه فرهنگیان,پردیس شهید مطهری زاهدان )مرکز آموزش عالی شهید حسینی ،زاهدان(,سیستان و بلوچستان,در جدول ذکر نشده,,تعهد خدمت,25,مرد,در جدول ذکر نشده,پردیس شهید مطهری زاهدان )مرکز آموزش عالی شهید حسینی ،زاهدان(؛ اولویت پذیرش با داوطلبان بومی شهرستانهای چاه بهار، کنارک، نیکشهر، قصرقند، زرآباد، دشتیاری؛ محل خدمت: دشتیاری؛ تعهد خدمت دانشجو‌معلم مطابق دفترچه,1401-correction-4,3,1401-humanities-booklet,194,کدرشته‌محل منبع: 45596؛ عنوان رشته در منبع: آموزش ابتدایی؛ نحوه پذیرش: با آزمون (بخش دانشجو‌معلم)؛ استان در این ردیف مربوط به بومی‌گزینی/محل خدمت است؛ اصلاحیه: conditions؛ عبارت استان در منبع: سیستان وبلوچستان
1401,آموزش ابتدایی,دانشگاه فرهنگیان,پردیس شهید مطهری زاهدان ،مرکز آموزش عالی شهید حسینی زاهدان(,سیستان و بلوچستان,در جدول ذکر نشده,,تعهد خدمت,12,مرد,در جدول ذکر نشده,ادامه مخصوص داوطلبان بومی استان سیستان و بلوچستان؛ پردیس شهید مطهری زاهدان ،مرکز آموزش عالی شهید حسینی زاهدان(/ اولویت پذیرش با داوطلبان بومی شهرستانهای ایرانشهر) دلگان، بمپور، سرباز، فنوج، لاشار، نیک شهر/محل خدمت دلگان؛ پذیرش دانشجو‌معلم با تعهد خدمت؛ ضوابط بخش فرهنگیان دفترچه,1401-humanities-booklet,192,1401-humanities-booklet,192,کدرشته‌محل منبع: 45597؛ عنوان رشته در منبع: آموزش ابتدایی؛ نحوه پذیرش: با آزمون (بخش دانشجو‌معلم)؛ استان در این ردیف مربوط به بومی‌گزینی/محل خدمت است
1401,آموزش ابتدایی,دانشگاه فرهنگیان,،پردیس شهید مطهری زاهدان,سیستان و بلوچستان,در جدول ذکر نشده,,تعهد خدمت,26,مرد,در جدول ذکر نشده,ادامه مخصوص داوطلبان بومی استان سیستان و بلوچستان؛ ،پردیس شهید مطهری زاهدان/ اولویت پذیرش با داوطلبان بومی شهرستانهای ایرانشهر، دلگان بمپور، سرباز، فنوج، لاشار، نیک شهر/محل خدمت راسک؛ پذیرش دانشجو‌معلم با تعهد خدمت؛ ضوابط بخش فرهنگیان دفترچه,1401-humanities-booklet,192,1401-humanities-booklet,192,کدرشته‌محل منبع: 45598؛ عنوان رشته در منبع: آموزش ابتدایی؛ نحوه پذیرش: با آزمون (بخش دانشجو‌معلم)؛ استان در این ردیف مربوط به بومی‌گزینی/محل خدمت است
1401,آموزش ابتدایی,دانشگاه فرهنگیان,پردیس شهید مطهری زاهدان,سیستان و بلوچستان,در جدول ذکر نشده,,تعهد خدمت,5,مرد,در جدول ذکر نشده,ادامه مخصوص داوطلبان بومی استان سیستان و بلوچستان؛ پردیس شهید مطهری زاهدان/ اولویت پذیرش با داوطلبان بومی شهرستانهای زابل، زهک، هامون، نیمروز، هیرمند/محل خدمت زابل؛ پذیرش دانشجو‌معلم با تعهد خدمت؛ ضوابط بخش فرهنگیان دفترچه,1401-humanities-booklet,192,1401-humanities-booklet,192,کدرشته‌محل منبع: 45599؛ عنوان رشته در منبع: آموزش ابتدایی؛ نحوه پذیرش: با آزمون (بخش دانشجو‌معلم)؛ استان در این ردیف مربوط به بومی‌گزینی/محل خدمت است
1401,آموزش ابتدایی,دانشگاه فرهنگیان,پردیس شهید مطهری زاهدان,سیستان و بلوچستان,در جدول ذکر نشده,,تعهد خدمت,8,مرد,در جدول ذکر نشده,ادامه مخصوص داوطلبان بومی استان سیستان و بلوچستان؛ پردیس شهید مطهری زاهدان/ اولویت پذیرش با داوطلبان بومی شهرستانهای سراوان، سیب سوران، مهرستان، گلشن)جالق(/محل (خدمت زابلی)مهرستان؛ پذیرش دانشجو‌معلم با تعهد خدمت؛ ضوابط بخش فرهنگیان دفترچه,1401-humanities-booklet,192,1401-humanities-booklet,192,کدرشته‌محل منبع: 45600؛ عنوان رشته در منبع: آموزش ابتدایی؛ نحوه پذیرش: با آزمون (بخش دانشجو‌معلم)؛ استان در این ردیف مربوط به بومی‌گزینی/محل خدمت است
1401,آموزش ابتدایی,دانشگاه فرهنگیان,پردیس شهید مطهری زاهدان,سیستان و بلوچستان,در جدول ذکر نشده,,تعهد خدمت,7,مرد,در جدول ذکر نشده,ادامه مخصوص داوطلبان بومی استان سیستان و بلوچستان؛ پردیس شهید مطهری زاهدان/ اولویت پذیرش با داوطلبان بومی شهرستان زاهدان /محل خدمت زاهدان .ناحیه1؛ پذیرش دانشجو‌معلم با تعهد خدمت؛ ضوابط بخش فرهنگیان دفترچه,1401-humanities-booklet,192,1401-humanities-booklet,192,کدرشته‌محل منبع: 45601؛ عنوان رشته در منبع: آموزش ابتدایی؛ نحوه پذیرش: با آزمون (بخش دانشجو‌معلم)؛ استان در این ردیف مربوط به بومی‌گزینی/محل خدمت است
1401,آموزش ابتدایی,دانشگاه فرهنگیان,پردیس شهید مطهری زاهدان,سیستان و بلوچستان,در جدول ذکر نشده,,تعهد خدمت,7,مرد,در جدول ذکر نشده,ادامه مخصوص داوطلبان بومی استان سیستان و بلوچستان؛ پردیس شهید مطهری زاهدان/ اولویت پذیرش با داوطلبان بومی شهرستان زاهدان /محل خدمت زاهدان .ناحیه2؛ پذیرش دانشجو‌معلم با تعهد خدمت؛ ضوابط بخش فرهنگیان دفترچه,1401-humanities-booklet,192,1401-humanities-booklet,192,کدرشته‌محل منبع: 45602؛ عنوان رشته در منبع: آموزش ابتدایی؛ نحوه پذیرش: با آزمون (بخش دانشجو‌معلم)؛ استان در این ردیف مربوط به بومی‌گزینی/محل خدمت است
1401,آموزش ابتدایی,دانشگاه فرهنگیان,پردیس شهید مطهری زاهدان,سیستان و بلوچستان,در جدول ذکر نشده,,تعهد خدمت,8,مرد,در جدول ذکر نشده,ادامه مخصوص داوطلبان بومی استان سیستان و بلوچستان؛ پردیس شهید مطهری زاهدان/ اولویت پذیرش با داوطلبان بومی شهرستانهای زابل، زهک، هامون، نیمروز، هیرمند/محل خدمت زهک؛ پذیرش دانشجو‌معلم با تعهد خدمت؛ ضوابط بخش فرهنگیان دفترچه,1401-humanities-booklet,192,1401-humanities-booklet,192,کدرشته‌محل منبع: 45603؛ عنوان رشته در منبع: آموزش ابتدایی؛ نحوه پذیرش: با آزمون (بخش دانشجو‌معلم)؛ استان در این ردیف مربوط به بومی‌گزینی/محل خدمت است
1401,آموزش ابتدایی,دانشگاه فرهنگیان,پردیس شهید مطهری زاهدان,سیستان و بلوچستان,در جدول ذکر نشده,,تعهد خدمت,8,مرد,در جدول ذکر نشده,ادامه مخصوص داوطلبان بومی استان سیستان و بلوچستان؛ پردیس شهید مطهری زاهدان/ اولویت پذیرش با داوطلبان بومی شهرستانهای سراوان، سیب سوران، مهرستان، گلشن)جالق(/محل خدمت سراوان؛ پذیرش دانشجو‌معلم با تعهد خدمت؛ ضوابط بخش فرهنگیان دفترچه,1401-humanities-booklet,192,1401-humanities-booklet,192,کدرشته‌محل منبع: 45604؛ عنوان رشته در منبع: آموزش ابتدایی؛ نحوه پذیرش: با آزمون (بخش دانشجو‌معلم)؛ استان در این ردیف مربوط به بومی‌گزینی/محل خدمت است
1401,آموزش ابتدایی,دانشگاه فرهنگیان,پردیس شهید مطهری زاهدان,سیستان و بلوچستان,در جدول ذکر نشده,,تعهد خدمت,23,مرد,در جدول ذکر نشده,ادامه مخصوص داوطلبان بومی استان سیستان و بلوچستان؛ پردیس شهید مطهری زاهدان/ اولویت پذیرش با داوطلبان بومی شهرستانهای ایرانشهر، دلگان، بمپور، سرباز، فنوج، لاشار، نیک شهر/محل خدمت سرباز؛ پذیرش دانشجو‌معلم با تعهد خدمت؛ ضوابط بخش فرهنگیان دفترچه,1401-humanities-booklet,192,1401-humanities-booklet,192,کدرشته‌محل منبع: 45605؛ عنوان رشته در منبع: آموزش ابتدایی؛ نحوه پذیرش: با آزمون (بخش دانشجو‌معلم)؛ استان در این ردیف مربوط به بومی‌گزینی/محل خدمت است
1401,آموزش ابتدایی,دانشگاه فرهنگیان,پردیس شهید مطهری زاهدان,سیستان و بلوچستان,در جدول ذکر نشده,,تعهد خدمت,13,مرد,در جدول ذکر نشده,ادامه مخصوص داوطلبان بومی استان سیستان و بلوچستان؛ پردیس شهید مطهری زاهدان/ اولویت پذیرش با داوطلبان بومی شهرستانهای سراوان، سیب سوران، مهرستان، گلشن)جالق(/محل خدمت سیب وسوران؛ پذیرش دانشجو‌معلم با تعهد خدمت؛ ضوابط بخش فرهنگیان دفترچه,1401-humanities-booklet,192,1401-humanities-booklet,192,کدرشته‌محل منبع: 45606؛ عنوان رشته در منبع: آموزش ابتدایی؛ نحوه پذیرش: با آزمون (بخش دانشجو‌معلم)؛ استان در این ردیف مربوط به بومی‌گزینی/محل خدمت است
1401,آموزش ابتدایی,دانشگاه فرهنگیان,پردیس شهید مطهری زاهدان,سیستان و بلوچستان,در جدول ذکر نشده,,تعهد خدمت,56,مرد,در جدول ذکر نشده,ادامه مخصوص داوطلبان بومی استان سیستان و بلوچستان؛ پردیس شهید مطهری زاهدان/ مخصوص داوطلبان بومی استان سیستان و بلوچستان/محل خدمت عشایری سیستان وبلوچستان؛ پذیرش دانشجو‌معلم با تعهد خدمت؛ ضوابط بخش فرهنگیان دفترچه,1401-humanities-booklet,192,1401-humanities-booklet,192,کدرشته‌محل منبع: 45607؛ عنوان رشته در منبع: آموزش ابتدایی؛ نحوه پذیرش: با آزمون (بخش دانشجو‌معلم)؛ استان در این ردیف مربوط به بومی‌گزینی/محل خدمت است
1401,آموزش ابتدایی,دانشگاه فرهنگیان,پردیس شهید مطهری زاهدان,سیستان و بلوچستان,در جدول ذکر نشده,,تعهد خدمت,7,مرد,در جدول ذکر نشده,ادامه مخصوص داوطلبان بومی استان سیستان و بلوچستان؛ پردیس شهید مطهری زاهدان/ اولویت پذیرش با داوطلبان بومی شهرستانهای ایرانشهر، دلگان، بمپور، سرباز، فنوج، لاشار، نیک شهر/محل خدمت فنوج؛ پذیرش دانشجو‌معلم با تعهد خدمت؛ ضوابط بخش فرهنگیان دفترچه,1401-humanities-booklet,192,1401-humanities-booklet,192,کدرشته‌محل منبع: 45608؛ عنوان رشته در منبع: آموزش ابتدایی؛ نحوه پذیرش: با آزمون (بخش دانشجو‌معلم)؛ استان در این ردیف مربوط به بومی‌گزینی/محل خدمت است
1401,آموزش ابتدایی,دانشگاه فرهنگیان,،پردیس شهید مطهری زاهدان )مرکز آموزش عالی شهید حسینی زاهدان(,سیستان و بلوچستان,در جدول ذکر نشده,,تعهد خدمت,7,مرد,در جدول ذکر نشده,،پردیس شهید مطهری زاهدان )مرکز آموزش عالی شهید حسینی زاهدان(؛ اولویت پذیرش با داوطلبان بومی شهرستانهای چاه بهار، کنارک، نیکشهر، قصرقند، زرآباد، دشتیاری؛ محل خدمت: قصرقند،؛ تعهد خدمت دانشجو‌معلم مطابق دفترچه,1401-correction-4,3,1401-humanities-booklet,194,کدرشته‌محل منبع: 45609؛ عنوان رشته در منبع: آموزش ابتدایی؛ نحوه پذیرش: با آزمون (بخش دانشجو‌معلم)؛ استان در این ردیف مربوط به بومی‌گزینی/محل خدمت است؛ اصلاحیه: conditions؛ عبارت استان در منبع: سیستان وبلوچستان
1401,آموزش ابتدایی,دانشگاه فرهنگیان,،پردیس شهید مطهری زاهدان )مرکز آموزش عالی شهید حسینی زاهدان(,سیستان و بلوچستان,در جدول ذکر نشده,,تعهد خدمت,25,مرد,در جدول ذکر نشده,،پردیس شهید مطهری زاهدان )مرکز آموزش عالی شهید حسینی زاهدان(؛ اولویت پذیرش با داوطلبان بومی شهرستانهای چاه بهار، کنارک، نیکشهر، قصرقند، زرآباد، دشتیاری؛ محل خدمت: کنارک؛ تعهد خدمت دانشجو‌معلم مطابق دفترچه,1401-correction-4,3,1401-humanities-booklet,194,کدرشته‌محل منبع: 45610؛ عنوان رشته در منبع: آموزش ابتدایی؛ نحوه پذیرش: با آزمون (بخش دانشجو‌معلم)؛ استان در این ردیف مربوط به بومی‌گزینی/محل خدمت است؛ اصلاحیه: conditions؛ عبارت استان در منبع: سیستان وبلوچستان
1401,آموزش ابتدایی,دانشگاه فرهنگیان,پردیس شهید مطهری ،زاهدان )مرکز آموزش عالی شهید حسینی زاهدان(,سیستان و بلوچستان,در جدول ذکر نشده,,تعهد خدمت,5,مرد,در جدول ذکر نشده,ادامه مخصوص داوطلبان بومی استان سیستان و بلوچستان؛ پردیس شهید مطهری ،زاهدان )مرکز آموزش عالی شهید حسینی زاهدان(/ اولویت پذیرش با داوطلبان بومی شهرستانهای ایرانشهر دلگان، بمپور، سرباز، فنوج، لاشار، نیک شهر/محل خدمت لاشار؛ پذیرش دانشجو‌معلم با تعهد خدمت؛ ضوابط بخش فرهنگیان دفترچه,1401-humanities-booklet,192,1401-humanities-booklet,192,کدرشته‌محل منبع: 45611؛ عنوان رشته در منبع: آموزش ابتدایی؛ نحوه پذیرش: با آزمون (بخش دانشجو‌معلم)؛ استان در این ردیف مربوط به بومی‌گزینی/محل خدمت است
1401,آموزش ابتدایی,دانشگاه فرهنگیان,،پردیس شهید مطهری زاهدان,سیستان و بلوچستان,در جدول ذکر نشده,,تعهد خدمت,5,مرد,در جدول ذکر نشده,ادامه مخصوص داوطلبان بومی استان سیستان و بلوچستان؛ ،پردیس شهید مطهری زاهدان/ اولویت پذیرش با داوطلبان بومی شهرستانهای خاش میرجاوه، تفتان/محل خدمت میرجاوه؛ پذیرش دانشجو‌معلم با تعهد خدمت؛ ضوابط بخش فرهنگیان دفترچه,1401-humanities-booklet,192,1401-humanities-booklet,192,کدرشته‌محل منبع: 45612؛ عنوان رشته در منبع: آموزش ابتدایی؛ نحوه پذیرش: با آزمون (بخش دانشجو‌معلم)؛ استان در این ردیف مربوط به بومی‌گزینی/محل خدمت است
1401,آموزش ابتدایی,دانشگاه فرهنگیان,پردیس شهید مطهری زاهدان,سیستان و بلوچستان,در جدول ذکر نشده,,تعهد خدمت,7,مرد,در جدول ذکر نشده,ادامه مخصوص داوطلبان بومی استان سیستان و بلوچستان؛ پردیس شهید مطهری زاهدان/ اولویت پذیرش با داوطلبان بومی شهرستان زاهدان /محل خدمت نصرت آباد؛ پذیرش دانشجو‌معلم با تعهد خدمت؛ ضوابط بخش فرهنگیان دفترچه,1401-humanities-booklet,192,1401-humanities-booklet,192,کدرشته‌محل منبع: 45613؛ عنوان رشته در منبع: آموزش ابتدایی؛ نحوه پذیرش: با آزمون (بخش دانشجو‌معلم)؛ استان در این ردیف مربوط به بومی‌گزینی/محل خدمت است
1401,آموزش ابتدایی,دانشگاه فرهنگیان,،پردیس شهید مطهری زاهدان,سیستان و بلوچستان,در جدول ذکر نشده,,تعهد خدمت,7,مرد,در جدول ذکر نشده,ادامه مخصوص داوطلبان بومی استان سیستان و بلوچستان؛ ،پردیس شهید مطهری زاهدان/ اولویت پذیرش با داوطلبان بومی شهرستانهای خاش، میرجاوه تفتان/محل خدمت نوک آباد؛ پذیرش دانشجو‌معلم با تعهد خدمت؛ ضوابط بخش فرهنگیان دفترچه,1401-humanities-booklet,192,1401-humanities-booklet,192,کدرشته‌محل منبع: 45614؛ عنوان رشته در منبع: آموزش ابتدایی؛ نحوه پذیرش: با آزمون (بخش دانشجو‌معلم)؛ استان در این ردیف مربوط به بومی‌گزینی/محل خدمت است
1401,آموزش ابتدایی,دانشگاه فرهنگیان,پردیس شهید ،مطهری زاهدان )مرکز آموزش عالی شهید حسینی زاهدان(,سیستان و بلوچستان,در جدول ذکر نشده,,تعهد خدمت,5,مرد,در جدول ذکر نشده,پردیس شهید ،مطهری زاهدان )مرکز آموزش عالی شهید حسینی زاهدان(؛ اولویت پذیرش با داوطلبان بومی شهرستانهای چاه بهار، کنارک، نیکشهر، قصرقند، زرآباد، دشتیاری؛ محل خدمت: نیک شهر؛ تعهد خدمت دانشجو‌معلم مطابق دفترچه,1401-correction-4,3,1401-humanities-booklet,194,کدرشته‌محل منبع: 45615؛ عنوان رشته در منبع: آموزش ابتدایی؛ نحوه پذیرش: با آزمون (بخش دانشجو‌معلم)؛ استان در این ردیف مربوط به بومی‌گزینی/محل خدمت است؛ اصلاحیه: conditions؛ عبارت استان در منبع: سیستان وبلوچستان
1401,آموزش ابتدایی,دانشگاه فرهنگیان,پردیس شهید مطهری زاهدان,سیستان و بلوچستان,در جدول ذکر نشده,,تعهد خدمت,3,مرد,در جدول ذکر نشده,ادامه مخصوص داوطلبان بومی استان سیستان و بلوچستان؛ پردیس شهید مطهری زاهدان/ اولویت پذیرش با داوطلبان بومی شهرستانهای زابل، زهک، هامون، نیمروز، هیرمند/محل خدمت نیمروز؛ پذیرش دانشجو‌معلم با تعهد خدمت؛ ضوابط بخش فرهنگیان دفترچه,1401-humanities-booklet,192,1401-humanities-booklet,192,کدرشته‌محل منبع: 45616؛ عنوان رشته در منبع: آموزش ابتدایی؛ نحوه پذیرش: با آزمون (بخش دانشجو‌معلم)؛ استان در این ردیف مربوط به بومی‌گزینی/محل خدمت است
1401,آموزش ابتدایی,دانشگاه فرهنگیان,پردیس شهید مطهری زاهدان,سیستان و بلوچستان,در جدول ذکر نشده,,تعهد خدمت,2,مرد,در جدول ذکر نشده,ادامه مخصوص داوطلبان بومی استان سیستان و بلوچستان؛ پردیس شهید مطهری زاهدان/ اولویت پذیرش با داوطلبان بومی شهرستانهای زابل، زهک، هامون، نیمروز، هیرمند/محل خدمت هامون؛ پذیرش دانشجو‌معلم با تعهد خدمت؛ ضوابط بخش فرهنگیان دفترچه,1401-humanities-booklet,192,1401-humanities-booklet,192,کدرشته‌محل منبع: 45617؛ عنوان رشته در منبع: آموزش ابتدایی؛ نحوه پذیرش: با آزمون (بخش دانشجو‌معلم)؛ استان در این ردیف مربوط به بومی‌گزینی/محل خدمت است
1401,آموزش ابتدایی,دانشگاه فرهنگیان,پردیس شهید مطهری زاهدان,سیستان و بلوچستان,در جدول ذکر نشده,,تعهد خدمت,7,مرد,در جدول ذکر نشده,ادامه مخصوص داوطلبان بومی استان سیستان و بلوچستان؛ پردیس شهید مطهری زاهدان/ اولویت پذیرش با داوطلبان بومی شهرستانهای زابل، زهک، هامون، نیمروز، هیرمند/محل خدمت هیرمند؛ پذیرش دانشجو‌معلم با تعهد خدمت؛ ضوابط بخش فرهنگیان دفترچه,1401-humanities-booklet,192,1401-humanities-booklet,192,کدرشته‌محل منبع: 45618؛ عنوان رشته در منبع: آموزش ابتدایی؛ نحوه پذیرش: با آزمون (بخش دانشجو‌معلم)؛ استان در این ردیف مربوط به بومی‌گزینی/محل خدمت است
1401,آموزش ابتدایی,دانشگاه فرهنگیان,پردیس شهید باهنر شیراز )مرکز آموزش عالی سلمان فارسی شیراز(,فارس,در جدول ذکر نشده,,تعهد خدمت,5,زن,در جدول ذکر نشده,ادامه مخصوص داوطلبان بومی استان فارس؛ پردیس شهید باهنر شیراز )مرکز آموزش عالی سلمان فارسی شیراز(/ اولویت پذیرش با داوطلبان بومی،شهرستانهای سپیدان، ارسنجان ( خرامه، سروستان، شیراز، کوار، مرودشت، بیضا، زرقان/محل خدمت ارژن )کوهمره سرخی؛ پذیرش دانشجو‌معلم با تعهد خدمت؛ ضوابط بخش فرهنگیان دفترچه,1401-humanities-booklet,199,1401-humanities-booklet,199,کدرشته‌محل منبع: 45662؛ عنوان رشته در منبع: آموزش ابتدایی؛ نحوه پذیرش: با آزمون (بخش دانشجو‌معلم)؛ استان در این ردیف مربوط به بومی‌گزینی/محل خدمت است
1401,آموزش ابتدایی,دانشگاه فرهنگیان,،پردیس شهید باهنر شیراز )مرکز آموزش عالی سلمان فارسی شیراز(,فارس,در جدول ذکر نشده,,تعهد خدمت,2,زن,در جدول ذکر نشده,ادامه مخصوص داوطلبان بومی استان فارس؛ ،پردیس شهید باهنر شیراز )مرکز آموزش عالی سلمان فارسی شیراز(/ اولویت پذیرش با داوطلبان بومی شهرستانهای رستم، کازرون ممسنی، کو ه چنار/محل خدمت دشمن زیاری؛ پذیرش دانشجو‌معلم با تعهد خدمت؛ ضوابط بخش فرهنگیان دفترچه,1401-humanities-booklet,199,1401-humanities-booklet,199,کدرشته‌محل منبع: 45663؛ عنوان رشته در منبع: آموزش ابتدایی؛ نحوه پذیرش: با آزمون (بخش دانشجو‌معلم)؛ استان در این ردیف مربوط به بومی‌گزینی/محل خدمت است
1401,آموزش ابتدایی,دانشگاه فرهنگیان,،پردیس شهید باهنر شیراز )مرکز آموزش عالی سلمان فارسی شیراز(,فارس,در جدول ذکر نشده,,تعهد خدمت,2,زن,در جدول ذکر نشده,ادامه مخصوص داوطلبان بومی استان فارس؛ ،پردیس شهید باهنر شیراز )مرکز آموزش عالی سلمان فارسی شیراز(/ اولویت پذیرش با داوطلبان بومی شهرستانهای رستم، کازرون ممسنی، کوه چنار/محل خدمت ممسنی؛ پذیرش دانشجو‌معلم با تعهد خدمت؛ ضوابط بخش فرهنگیان دفترچه,1401-humanities-booklet,199,1401-humanities-booklet,199,کدرشته‌محل منبع: 45664؛ عنوان رشته در منبع: آموزش ابتدایی؛ نحوه پذیرش: با آزمون (بخش دانشجو‌معلم)؛ استان در این ردیف مربوط به بومی‌گزینی/محل خدمت است
1401,آموزش ابتدایی,دانشگاه فرهنگیان,پردیس شهید باهنر شیراز )مرکز ،آموزش عالی سلمان فارسی شیراز(,فارس,در جدول ذکر نشده,,تعهد خدمت,2,زن,در جدول ذکر نشده,ادامه مخصوص داوطلبان بومی استان فارس؛ پردیس شهید باهنر شیراز )مرکز ،آموزش عالی سلمان فارسی شیراز(/ اولویت پذیرش با داوطلبان بومی شهرستانهای رستم، کازرون ممسنی، کوه چنار/محل خدمت بابامنیرماهورمیلاتی؛ پذیرش دانشجو‌معلم با تعهد خدمت؛ ضوابط بخش فرهنگیان دفترچه,1401-humanities-booklet,199,1401-humanities-booklet,199,کدرشته‌محل منبع: 45665؛ عنوان رشته در منبع: آموزش ابتدایی؛ نحوه پذیرش: با آزمون (بخش دانشجو‌معلم)؛ استان در این ردیف مربوط به بومی‌گزینی/محل خدمت است
1401,آموزش ابتدایی,دانشگاه فرهنگیان,پردیس شهید باهنر شیراز )مرکز آموزش عالی سلمان فارسی شیراز(,فارس,در جدول ذکر نشده,,تعهد خدمت,3,زن,در جدول ذکر نشده,ادامه مخصوص داوطلبان بومی استان فارس؛ پردیس شهید باهنر شیراز )مرکز آموزش عالی سلمان فارسی شیراز(/ اولویت پذیرش با داوطلبان بومی شهرستانها،ی سپیدان، ارسنجان خرامه، سروستان، شیراز، کوار، مرودشت، بیضا، زرقان/محل خدمت خرامه؛ پذیرش دانشجو‌معلم با تعهد خدمت؛ ضوابط بخش فرهنگیان دفترچه,1401-humanities-booklet,199,1401-humanities-booklet,199,کدرشته‌محل منبع: 45666؛ عنوان رشته در منبع: آموزش ابتدایی؛ نحوه پذیرش: با آزمون (بخش دانشجو‌معلم)؛ استان در این ردیف مربوط به بومی‌گزینی/محل خدمت است
1401,آموزش ابتدایی,دانشگاه فرهنگیان,،پردیس شهید باهنر شیراز )مرکز آموزش عالی سلمان فارسی شیراز(,فارس,در جدول ذکر نشده,,تعهد خدمت,5,زن,در جدول ذکر نشده,ادامه مخصوص داوطلبان بومی استان فارس؛ ،پردیس شهید باهنر شیراز )مرکز آموزش عالی سلمان فارسی شیراز(/ اولویت پذیرش با داوطلبان بومی شهرستانهای سپیدان، ارسنجان ،خرامه، سروستان، شیراز، کوار مرودشت، بیضا، زرقان/محل خدمت زرقان؛ پذیرش دانشجو‌معلم با تعهد خدمت؛ ضوابط بخش فرهنگیان دفترچه,1401-humanities-booklet,199,1401-humanities-booklet,199,کدرشته‌محل منبع: 45667؛ عنوان رشته در منبع: آموزش ابتدایی؛ نحوه پذیرش: با آزمون (بخش دانشجو‌معلم)؛ استان در این ردیف مربوط به بومی‌گزینی/محل خدمت است
1401,آموزش ابتدایی,دانشگاه فرهنگیان,،پردیس شهید باهنر شیراز )مرکز آموزش عالی سلمان فارسی شیراز(,فارس,در جدول ذکر نشده,,تعهد خدمت,3,زن,در جدول ذکر نشده,ادامه مخصوص داوطلبان بومی استان فارس؛ ،پردیس شهید باهنر شیراز )مرکز آموزش عالی سلمان فارسی شیراز(/ اولویت پذیرش با داوطلبان بومی شهرستانهای سپیدان، ارسنجان خرامه، سروستان، شیراز، کوار، مرودشت، بیضا، زرقان/محل خدمت سروستان؛ پذیرش دانشجو‌معلم با تعهد خدمت؛ ضوابط بخش فرهنگیان دفترچه,1401-humanities-booklet,199,1401-humanities-booklet,199,کدرشته‌محل منبع: 45668؛ عنوان رشته در منبع: آموزش ابتدایی؛ نحوه پذیرش: با آزمون (بخش دانشجو‌معلم)؛ استان در این ردیف مربوط به بومی‌گزینی/محل خدمت است
1401,آموزش ابتدایی,دانشگاه فرهنگیان,،پردیس شهید باهنر شیراز )مرکز آموزش عالی سلمان فارسی شیراز(,فارس,در جدول ذکر نشده,,تعهد خدمت,5,زن,در جدول ذکر نشده,ادامه مخصوص داوطلبان بومی استان فارس؛ ،پردیس شهید باهنر شیراز )مرکز آموزش عالی سلمان فارسی شیراز(/ اولویت پذیرش با داوطلبان بومی شهرستانهای سپیدان، ارسنجان خرامه، سروستان، شیراز، کوار، مرودشت، بیضا، زرقان/محل خدمت کوار؛ پذیرش دانشجو‌معلم با تعهد خدمت؛ ضوابط بخش فرهنگیان دفترچه,1401-humanities-booklet,199,1401-humanities-booklet,199,کدرشته‌محل منبع: 45669؛ عنوان رشته در منبع: آموزش ابتدایی؛ نحوه پذیرش: با آزمون (بخش دانشجو‌معلم)؛ استان در این ردیف مربوط به بومی‌گزینی/محل خدمت است
1401,آموزش ابتدایی,دانشگاه فرهنگیان,پردیس شهید باهنر شیراز )مرکز آموزش ،عالی سلمان فارسی شیراز(,فارس,در جدول ذکر نشده,,تعهد خدمت,4,زن,در جدول ذکر نشده,ادامه مخصوص داوطلبان بومی استان فارس؛ پردیس شهید باهنر شیراز )مرکز آموزش ،عالی سلمان فارسی شیراز(/ اولویت پذیرش با داوطلبان بومی شهرستانهای اقلید، آباده بوانات، پاسارگاد، خرم بید، سرچهان/محل خدمت آباده؛ پذیرش دانشجو‌معلم با تعهد خدمت؛ ضوابط بخش فرهنگیان دفترچه,1401-humanities-booklet,199,1401-humanities-booklet,199,کدرشته‌محل منبع: 45670؛ عنوان رشته در منبع: آموزش ابتدایی؛ نحوه پذیرش: با آزمون (بخش دانشجو‌معلم)؛ استان در این ردیف مربوط به بومی‌گزینی/محل خدمت است
1401,آموزش ابتدایی,دانشگاه فرهنگیان,پردیس شهید باهنر شیراز )مرکز آموزش عالی سلمان فارسی شیراز(,فارس,در جدول ذکر نشده,,تعهد خدمت,3,زن,در جدول ذکر نشده,ادامه مخصوص داوطلبان بومی استان فارس؛ پردیس شهید باهنر شیراز )مرکز آموزش عالی سلمان فارسی شیراز(/ اولویت پذیرش با داوطلبان بومی شهرستانهای ،اقلید، آباده بوانات، پاسارگاد، خرم بید، سرچهان/محل خدمت خرم بید؛ پذیرش دانشجو‌معلم با تعهد خدمت؛ ضوابط بخش فرهنگیان دفترچه,1401-humanities-booklet,199,1401-humanities-booklet,199,کدرشته‌محل منبع: 45671؛ عنوان رشته در منبع: آموزش ابتدایی؛ نحوه پذیرش: با آزمون (بخش دانشجو‌معلم)؛ استان در این ردیف مربوط به بومی‌گزینی/محل خدمت است
1401,آموزش ابتدایی,دانشگاه فرهنگیان,،پردیس شهید باهنر شیراز )مرکز آموزش عالی سلمان فارسی شیراز(,فارس,در جدول ذکر نشده,,تعهد خدمت,2,زن,در جدول ذکر نشده,ادامه مخصوص داوطلبان بومی استان فارس؛ ،پردیس شهید باهنر شیراز )مرکز آموزش عالی سلمان فارسی شیراز(/ اولویت پذیرش با داوطلبان بومی شهرستانهای اقلید، آباده بوانات، پاسارگاد، خرم بید، سرچهان/محل خدمت مشهدمر غاب )قادرآباد(؛ پذیرش دانشجو‌معلم با تعهد خدمت؛ ضوابط بخش فرهنگیان دفترچه,1401-humanities-booklet,199,1401-humanities-booklet,199,کدرشته‌محل منبع: 45672؛ عنوان رشته در منبع: آموزش ابتدایی؛ نحوه پذیرش: با آزمون (بخش دانشجو‌معلم)؛ استان در این ردیف مربوط به بومی‌گزینی/محل خدمت است
1401,آموزش ابتدایی,دانشگاه فرهنگیان,،پردیس شهید باهنر شیراز )مرکز آموزش عالی سلمان فارسی شیراز(,فارس,در جدول ذکر نشده,,تعهد خدمت,2,زن,در جدول ذکر نشده,ادامه مخصوص داوطلبان بومی استان فارس؛ ،پردیس شهید باهنر شیراز )مرکز آموزش عالی سلمان فارسی شیراز(/ اولویت پذیرش با داوطلبان بومی شهرستانهای اقلید، آباده بوانات، پاسارگاد، خرم بید، سرچهان/محل خدمت بوانات؛ پذیرش دانشجو‌معلم با تعهد خدمت؛ ضوابط بخش فرهنگیان دفترچه,1401-humanities-booklet,199,1401-humanities-booklet,199,کدرشته‌محل منبع: 45673؛ عنوان رشته در منبع: آموزش ابتدایی؛ نحوه پذیرش: با آزمون (بخش دانشجو‌معلم)؛ استان در این ردیف مربوط به بومی‌گزینی/محل خدمت است
1401,آموزش ابتدایی,دانشگاه فرهنگیان,پردیس شهید باهنر شیراز ،مرکز آموزش عالی سلمان فارسی شیراز(,فارس,در جدول ذکر نشده,,تعهد خدمت,2,زن,در جدول ذکر نشده,ادامه مخصوص داوطلبان بومی استان فارس؛ پردیس شهید باهنر شیراز ،مرکز آموزش عالی سلمان فارسی شیراز(/ اولویت پذیرش با داوطلبان بومی شهرستانهای اقلید، آباده) بوانات، پاسارگاد، خرم بید، سرچهان/محل خدمت سرچهان؛ پذیرش دانشجو‌معلم با تعهد خدمت؛ ضوابط بخش فرهنگیان دفترچه,1401-humanities-booklet,199,1401-humanities-booklet,199,کدرشته‌محل منبع: 45674؛ عنوان رشته در منبع: آموزش ابتدایی؛ نحوه پذیرش: با آزمون (بخش دانشجو‌معلم)؛ استان در این ردیف مربوط به بومی‌گزینی/محل خدمت است
1401,آموزش ابتدایی,دانشگاه فرهنگیان,پردیس شهید باهنر شیراز )مرکز آموزش عالی سلمان فارسی شیراز(,فارس,در جدول ذکر نشده,,تعهد خدمت,4,زن,در جدول ذکر نشده,ادامه مخصوص داوطلبان بومی استان فارس؛ پردیس شهید باهنر شیراز )مرکز آموزش عالی سلمان فارسی شیراز(/ اولویت پذیرش با داوطلبان بوم ،ی شهرستانهای اقلید، آباده بوانات، پاسارگاد، خرم بید، سرچهان/محل خدمت اقلید؛ پذیرش دانشجو‌معلم با تعهد خدمت؛ ضوابط بخش فرهنگیان دفترچه,1401-humanities-booklet,199,1401-humanities-booklet,199,کدرشته‌محل منبع: 45675؛ عنوان رشته در منبع: آموزش ابتدایی؛ نحوه پذیرش: با آزمون (بخش دانشجو‌معلم)؛ استان در این ردیف مربوط به بومی‌گزینی/محل خدمت است
1401,آموزش ابتدایی,دانشگاه فرهنگیان,،پردیس شهید باهنر شیراز )مرکز آموزش عالی سلمان فارسی شیراز(,فارس,در جدول ذکر نشده,,تعهد خدمت,2,زن,در جدول ذکر نشده,ادامه مخصوص داوطلبان بومی استان فارس؛ ،پردیس شهید باهنر شیراز )مرکز آموزش عالی سلمان فارسی شیراز(/ اولویت پذیرش با داوطلبان بومی شهرستانهای اقلید، آباده بوانات، پاسارگاد، خرم بید، سرچهان/محل خدمت سده؛ پذیرش دانشجو‌معلم با تعهد خدمت؛ ضوابط بخش فرهنگیان دفترچه,1401-humanities-booklet,199,1401-humanities-booklet,199,کدرشته‌محل منبع: 45676؛ عنوان رشته در منبع: آموزش ابتدایی؛ نحوه پذیرش: با آزمون (بخش دانشجو‌معلم)؛ استان در این ردیف مربوط به بومی‌گزینی/محل خدمت است
1401,آموزش ابتدایی,دانشگاه فرهنگیان,پردیس شهید باهنر شیراز )مرکز آموزش عالی سلمان فارسی شیراز(,فارس,در جدول ذکر نشده,,تعهد خدمت,3,زن,در جدول ذکر نشده,ادامه مخصوص داوطلبان بومی استان فارس؛ پردیس شهید باهنر شیراز )مرکز آموزش عالی سلمان فارسی شیراز(/ اولویت پذیرش با داوطلبان بومی شهرستانهای استهبان، فسا، نی ریز، بختگان/محل خدمت استهبان؛ پذیرش دانشجو‌معلم با تعهد خدمت؛ ضوابط بخش فرهنگیان دفترچه,1401-humanities-booklet,199,1401-humanities-booklet,199,کدرشته‌محل منبع: 45677؛ عنوان رشته در منبع: آموزش ابتدایی؛ نحوه پذیرش: با آزمون (بخش دانشجو‌معلم)؛ استان در این ردیف مربوط به بومی‌گزینی/محل خدمت است
1401,آموزش ابتدایی,دانشگاه فرهنگیان,پردیس شهید باهنر شیراز )مرکز آموزش عالی زینب ،کبری )س(کازرون(,فارس,در جدول ذکر نشده,,تعهد خدمت,5,زن,در جدول ذکر نشده,ادامه مخصوص داوطلبان بومی استان فارس؛ پردیس شهید باهنر شیراز )مرکز آموزش عالی زینب ،کبری )س(کازرون(/ اولویت پذیرش با داوطلبان بومی شهرستانهای جهرم داراب، زرین دشت، لارستان، خفر، اوز /محل خدمت جهرم؛ پذیرش دانشجو‌معلم با تعهد خدمت؛ ضوابط بخش فرهنگیان دفترچه,1401-humanities-booklet,199,1401-humanities-booklet,199,کدرشته‌محل منبع: 45678؛ عنوان رشته در منبع: آموزش ابتدایی؛ نحوه پذیرش: با آزمون (بخش دانشجو‌معلم)؛ استان در این ردیف مربوط به بومی‌گزینی/محل خدمت است
1401,آموزش ابتدایی,دانشگاه فرهنگیان,،پردیس شهید باهنر شیراز )مرکز آموزش عالی زینب کبری )س(کازرون(,فارس,در جدول ذکر نشده,,تعهد خدمت,3,زن,در جدول ذکر نشده,ادامه مخصوص داوطلبان بومی استان فارس؛ ،پردیس شهید باهنر شیراز )مرکز آموزش عالی زینب کبری )س(کازرون(/ اولویت پذیرش با داوطلبان بومی شهرستانهای جهرم ،داراب زرین دشت، لارستان، خفر، اوز /محل خدمت خفر؛ پذیرش دانشجو‌معلم با تعهد خدمت؛ ضوابط بخش فرهنگیان دفترچه,1401-humanities-booklet,199,1401-humanities-booklet,199,کدرشته‌محل منبع: 45679؛ عنوان رشته در منبع: آموزش ابتدایی؛ نحوه پذیرش: با آزمون (بخش دانشجو‌معلم)؛ استان در این ردیف مربوط به بومی‌گزینی/محل خدمت است
1401,آموزش ابتدایی,دانشگاه فرهنگیان,پردیس شهید باهنر شیراز )مرکز آموزش عالی زینب کبری )س(کازرون(,فارس,در جدول ذکر نشده,,تعهد خدمت,5,زن,در جدول ذکر نشده,ادامه مخصوص داوطلبان بومی استان فارس؛ پردیس شهید باهنر شیراز )مرکز آموزش عالی زینب کبری )س(کازرون(/ اولویت پذیرش با ،داوطلبان بومی شهرستانهای جهرم داراب، زرین دشت، لارستان، خفر، اوز /محل خدمت داراب؛ پذیرش دانشجو‌معلم با تعهد خدمت؛ ضوابط بخش فرهنگیان دفترچه,1401-humanities-booklet,200,1401-humanities-booklet,200,کدرشته‌محل منبع: 45680؛ عنوان رشته در منبع: آموزش ابتدایی؛ نحوه پذیرش: با آزمون (بخش دانشجو‌معلم)؛ استان در این ردیف مربوط به بومی‌گزینی/محل خدمت است
1401,آموزش ابتدایی,دانشگاه فرهنگیان,،پردیس شهید باهنر شیراز )مرکز آموزش عالی سلمان فارسی شیراز(,فارس,در جدول ذکر نشده,,تعهد خدمت,6,زن,در جدول ذکر نشده,ادامه مخصوص داوطلبان بومی استان فارس؛ ،پردیس شهید باهنر شیراز )مرکز آموزش عالی سلمان فارسی شیراز(/ اولویت پذیرش با داوطلبان بومی شهرستانهای جهرم، داراب زرین دشت، لارستان، خفر، اوز /محل خدمت فرگ؛ پذیرش دانشجو‌معلم با تعهد خدمت؛ ضوابط بخش فرهنگیان دفترچه,1401-humanities-booklet,200,1401-humanities-booklet,200,کدرشته‌محل منبع: 45681؛ عنوان رشته در منبع: آموزش ابتدایی؛ نحوه پذیرش: با آزمون (بخش دانشجو‌معلم)؛ استان در این ردیف مربوط به بومی‌گزینی/محل خدمت است
1401,آموزش ابتدایی,دانشگاه فرهنگیان,،پردیس شهید باهنر شیراز )مرکز آموزش عالی سلمان فارسی شیراز(,فارس,در جدول ذکر نشده,,تعهد خدمت,3,زن,در جدول ذکر نشده,ادامه مخصوص داوطلبان بومی استان فارس؛ ،پردیس شهید باهنر شیراز )مرکز آموزش عالی سلمان فارسی شیراز(/ اولویت پذیرش با داوطلبان بومی شهرستانهای جهرم، داراب زرین دشت، لارستان، خفر، اوز /محل خدمت زرین دشت؛ پذیرش دانشجو‌معلم با تعهد خدمت؛ ضوابط بخش فرهنگیان دفترچه,1401-humanities-booklet,200,1401-humanities-booklet,200,کدرشته‌محل منبع: 45682؛ عنوان رشته در منبع: آموزش ابتدایی؛ نحوه پذیرش: با آزمون (بخش دانشجو‌معلم)؛ استان در این ردیف مربوط به بومی‌گزینی/محل خدمت است
1401,آموزش ابتدایی,دانشگاه فرهنگیان,پردیس شهید باهنر شیراز )مرکز آموزش ،عالی سلمان فارسی شیراز(,فارس,در جدول ذکر نشده,,تعهد خدمت,3,زن,در جدول ذکر نشده,ادامه مخصوص داوطلبان بومی استان فارس؛ پردیس شهید باهنر شیراز )مرکز آموزش ،عالی سلمان فارسی شیراز(/ اولویت پذیرش با داوطلبان بومی شهرستانهای سپیدان، ارسنجان خرامه، سروستان، شیراز، کوار، مرودشت، بیضا، زرقان/محل خدمت سپیدان؛ پذیرش دانشجو‌معلم با تعهد خدمت؛ ضوابط بخش فرهنگیان دفترچه,1401-humanities-booklet,200,1401-humanities-booklet,200,کدرشته‌محل منبع: 45683؛ عنوان رشته در منبع: آموزش ابتدایی؛ نحوه پذیرش: با آزمون (بخش دانشجو‌معلم)؛ استان در این ردیف مربوط به بومی‌گزینی/محل خدمت است
1401,آموزش ابتدایی,دانشگاه فرهنگیان,پردیس شهید باهنر شیراز )مرکز آموزش عالی سلمان فارسی شیراز(,فارس,در جدول ذکر نشده,,تعهد خدمت,5,زن,در جدول ذکر نشده,ادامه مخصوص داوطلبان بومی استان فارس؛ پردیس شهید باهنر شیراز )مرکز آموزش عالی سلمان فارسی شیراز(/ اولویت پذیرش با،داوطلبان بومی شهرستانهای سپیدان، ارسنجان خرامه، سروستان، شیراز، کوار، مرودشت، بیضا، زرقان/محل خدمت بیضا؛ پذیرش دانشجو‌معلم با تعهد خدمت؛ ضوابط بخش فرهنگیان دفترچه,1401-humanities-booklet,200,1401-humanities-booklet,200,کدرشته‌محل منبع: 45684؛ عنوان رشته در منبع: آموزش ابتدایی؛ نحوه پذیرش: با آزمون (بخش دانشجو‌معلم)؛ استان در این ردیف مربوط به بومی‌گزینی/محل خدمت است
1401,آموزش ابتدایی,دانشگاه فرهنگیان,پردیس شهید باهنر شیراز )مرکز آموزش عالی سلمان فارسی شیراز(,فارس,در جدول ذکر نشده,,تعهد خدمت,6,زن,در جدول ذکر نشده,ادامه مخصوص داوطلبان بومی استان فارس؛ پردیس شهید باهنر شیراز )مرکز آموزش عالی سلمان فارسی شیراز(/ اولویت پذیرش با داوطلبان بومی شهرستانهای استهبان، فسا، نی ،ریز بختگان/محل خدمت فسا؛ پذیرش دانشجو‌معلم با تعهد خدمت؛ ضوابط بخش فرهنگیان دفترچه,1401-humanities-booklet,200,1401-humanities-booklet,200,کدرشته‌محل منبع: 45685؛ عنوان رشته در منبع: آموزش ابتدایی؛ نحوه پذیرش: با آزمون (بخش دانشجو‌معلم)؛ استان در این ردیف مربوط به بومی‌گزینی/محل خدمت است
1401,آموزش ابتدایی,دانشگاه فرهنگیان,پردیس شهید باهنر شیراز )مرکز آموزش عالی سلمان فارسی شیراز(,فارس,در جدول ذکر نشده,,تعهد خدمت,4,زن,در جدول ذکر نشده,ادامه مخصوص داوطلبان بومی استان فارس؛ پردیس شهید باهنر شیراز )مرکز آموزش عالی سلمان فارسی شیراز(/ اولویت پذیرش با داوطلبان بومی شهرستانهای استهبان، فسا، نی ریز، بختگان/محل خدمت ششده وقره بلاغ؛ پذیرش دانشجو‌معلم با تعهد خدمت؛ ضوابط بخش فرهنگیان دفترچه,1401-humanities-booklet,200,1401-humanities-booklet,200,کدرشته‌محل منبع: 45686؛ عنوان رشته در منبع: آموزش ابتدایی؛ نحوه پذیرش: با آزمون (بخش دانشجو‌معلم)؛ استان در این ردیف مربوط به بومی‌گزینی/محل خدمت است
1401,آموزش ابتدایی,دانشگاه فرهنگیان,پردیس شهید باهنر شیراز )مرکز آموزش عالی سلمان فارسی شیراز(,فارس,در جدول ذکر نشده,,تعهد خدمت,3,زن,در جدول ذکر نشده,ادامه مخصوص داوطلبان بومی استان فارس؛ پردیس شهید باهنر شیراز )مرکز آموزش عالی سلمان فارسی شیراز(/ اولویت پذیرش با داوطلبان بومی شهرستانهای استهبان، فسا، نی ریز، بختگان/محل خدمت شیب کوه فارس؛ پذیرش دانشجو‌معلم با تعهد خدمت؛ ضوابط بخش فرهنگیان دفترچه,1401-humanities-booklet,200,1401-humanities-booklet,200,کدرشته‌محل منبع: 45687؛ عنوان رشته در منبع: آموزش ابتدایی؛ نحوه پذیرش: با آزمون (بخش دانشجو‌معلم)؛ استان در این ردیف مربوط به بومی‌گزینی/محل خدمت است
1401,آموزش ابتدایی,دانشگاه فرهنگیان,پردیس شهید باهنر شیراز )مرکز آموزش عالی زینب کبری )س(کازرون(,فارس,در جدول ذکر نشده,,تعهد خدمت,5,زن,در جدول ذکر نشده,ادامه مخصوص داوطلبان بومی استان فارس؛ پردیس شهید باهنر شیراز )مرکز آموزش عالی زینب کبری )س(کازرون(/ اولویت پذیرش با داوطلبان بومی شهرستانهای ،فراشبند فیروزآباد، قیر و کارزین/محل خدمت فیروزآباد؛ پذیرش دانشجو‌معلم با تعهد خدمت؛ ضوابط بخش فرهنگیان دفترچه,1401-humanities-booklet,200,1401-humanities-booklet,200,کدرشته‌محل منبع: 45688؛ عنوان رشته در منبع: آموزش ابتدایی؛ نحوه پذیرش: با آزمون (بخش دانشجو‌معلم)؛ استان در این ردیف مربوط به بومی‌گزینی/محل خدمت است
1401,آموزش ابتدایی,دانشگاه فرهنگیان,،پردیس شهید باهنر شیراز )مرکز آموزش عالی سلمان فارسی شیراز(,فارس,در جدول ذکر نشده,,تعهد خدمت,4,زن,در جدول ذکر نشده,ادامه مخصوص داوطلبان بومی استان فارس؛ ،پردیس شهید باهنر شیراز )مرکز آموزش عالی سلمان فارسی شیراز(/ اولویت پذیرش با داوطلبان بومی شهرستانهای فراشبند فیروزآباد، قیر و کارزین/محل خدمت میمند؛ پذیرش دانشجو‌معلم با تعهد خدمت؛ ضوابط بخش فرهنگیان دفترچه,1401-humanities-booklet,200,1401-humanities-booklet,200,کدرشته‌محل منبع: 45689؛ عنوان رشته در منبع: آموزش ابتدایی؛ نحوه پذیرش: با آزمون (بخش دانشجو‌معلم)؛ استان در این ردیف مربوط به بومی‌گزینی/محل خدمت است
1401,آموزش ابتدایی,دانشگاه فرهنگیان,،پردیس شهید باهنر شیراز )مرکز آموزش عالی زینب کبری )س(کازرون(,فارس,در جدول ذکر نشده,,تعهد خدمت,3,زن,در جدول ذکر نشده,ادامه مخصوص داوطلبان بومی استان فارس؛ ،پردیس شهید باهنر شیراز )مرکز آموزش عالی زینب کبری )س(کازرون(/ اولویت پذیرش با داوطلبان بومی شهرستانهای فراشبند فیروزآباد، قیر و کارزین/محل خدمت فراشبند؛ پذیرش دانشجو‌معلم با تعهد خدمت؛ ضوابط بخش فرهنگیان دفترچه,1401-humanities-booklet,200,1401-humanities-booklet,200,کدرشته‌محل منبع: 45690؛ عنوان رشته در منبع: آموزش ابتدایی؛ نحوه پذیرش: با آزمون (بخش دانشجو‌معلم)؛ استان در این ردیف مربوط به بومی‌گزینی/محل خدمت است
1401,آموزش ابتدایی,دانشگاه فرهنگیان,پردیس شهید باهنر شیراز )مرکز آموزش عالی زینب کبری )س(کازرون(,فارس,در جدول ذکر نشده,,تعهد خدمت,5,زن,در جدول ذکر نشده,ادامه مخصوص داوطلبان بومی استان فارس؛ پردیس شهید باهنر شیراز )مرکز آموزش عالی زینب کبری )س(کازرون(/ اولویت پذیرش با ،داوطلبان بومی شهرستانهای فراشبند فیروزآباد، قیر و کارزین/محل خدمت قیروکارزین؛ پذیرش دانشجو‌معلم با تعهد خدمت؛ ضوابط بخش فرهنگیان دفترچه,1401-humanities-booklet,200,1401-humanities-booklet,200,کدرشته‌محل منبع: 45691؛ عنوان رشته در منبع: آموزش ابتدایی؛ نحوه پذیرش: با آزمون (بخش دانشجو‌معلم)؛ استان در این ردیف مربوط به بومی‌گزینی/محل خدمت است
1401,آموزش ابتدایی,دانشگاه فرهنگیان,،پردیس شهید باهنر شیراز )مرکز آموزش عالی زینب کبری )س(کازرون(,فارس,در جدول ذکر نشده,,تعهد خدمت,4,زن,در جدول ذکر نشده,ادامه مخصوص داوطلبان بومی استان فارس؛ ،پردیس شهید باهنر شیراز )مرکز آموزش عالی زینب کبری )س(کازرون(/ اولویت پذیرش با داوطلبان بومی شهرستانهای رستم کازرون، ممسنی، کوه چنار/محل خدمت کازرون؛ پذیرش دانشجو‌معلم با تعهد خدمت؛ ضوابط بخش فرهنگیان دفترچه,1401-humanities-booklet,200,1401-humanities-booklet,200,کدرشته‌محل منبع: 45692؛ عنوان رشته در منبع: آموزش ابتدایی؛ نحوه پذیرش: با آزمون (بخش دانشجو‌معلم)؛ استان در این ردیف مربوط به بومی‌گزینی/محل خدمت است
1401,آموزش ابتدایی,دانشگاه فرهنگیان,،پردیس شهید باهنر شیراز )مرکز آموزش عالی سلمان فارسی شیراز(,فارس,در جدول ذکر نشده,,تعهد خدمت,3,زن,در جدول ذکر نشده,ادامه مخصوص داوطلبان بومی استان فارس؛ ،پردیس شهید باهنر شیراز )مرکز آموزش عالی سلمان فارسی شیراز(/ اولویت پذیرش با داوطلبان بومی شهرستانهای رستم، کازرون ممسنی، کوه چنار/محل خدمت بالاده؛ پذیرش دانشجو‌معلم با تعهد خدمت؛ ضوابط بخش فرهنگیان دفترچه,1401-humanities-booklet,200,1401-humanities-booklet,200,کدرشته‌محل منبع: 45693؛ عنوان رشته در منبع: آموزش ابتدایی؛ نحوه پذیرش: با آزمون (بخش دانشجو‌معلم)؛ استان در این ردیف مربوط به بومی‌گزینی/محل خدمت است
1401,آموزش ابتدایی,دانشگاه فرهنگیان,,فارس,در جدول ذکر نشده,,تعهد خدمت,3,زن,در جدول ذکر نشده,ادامه مخصوص داوطلبان بومی استان فارس؛ /(پردیس شهید باهنر شیراز )مرکز آموزش عالی سلمان فارسی شیراز ،اولویت پذیرش با داوطلبان بومی شهرستانهای رستم، کازرون ممسنی، کوه چنار/محل خدمت خشت وکمارج؛ پذیرش دانشجو‌معلم با تعهد خدمت؛ ضوابط بخش فرهنگیان دفترچه,1401-humanities-booklet,200,1401-humanities-booklet,200,کدرشته‌محل منبع: 45694؛ عنوان رشته در منبع: آموزش ابتدایی؛ نحوه پذیرش: با آزمون (بخش دانشجو‌معلم)؛ استان در این ردیف مربوط به بومی‌گزینی/محل خدمت است
1401,آموزش ابتدایی,دانشگاه فرهنگیان,،پردیس شهید باهنر شیراز )مرکز آموزش عالی سلمان فارسی شیراز(,فارس,در جدول ذکر نشده,,تعهد خدمت,2,زن,در جدول ذکر نشده,ادامه مخصوص داوطلبان بومی استان فارس؛ ،پردیس شهید باهنر شیراز )مرکز آموزش عالی سلمان فارسی شیراز(/ اولویت پذیرش با داوطلبان بومی شهرستانهای رستم، کازرون ممسنی، کوه چنار/محل خدمت کهمره؛ پذیرش دانشجو‌معلم با تعهد خدمت؛ ضوابط بخش فرهنگیان دفترچه,1401-humanities-booklet,200,1401-humanities-booklet,200,کدرشته‌محل منبع: 45695؛ عنوان رشته در منبع: آموزش ابتدایی؛ نحوه پذیرش: با آزمون (بخش دانشجو‌معلم)؛ استان در این ردیف مربوط به بومی‌گزینی/محل خدمت است
1401,آموزش ابتدایی,دانشگاه فرهنگیان,،پردیس شهید باهنر شیراز )مرکز آموزش عالی سلمان فارسی شیراز(,فارس,در جدول ذکر نشده,,تعهد خدمت,3,زن,در جدول ذکر نشده,ادامه مخصوص داوطلبان بومی استان فارس؛ ،پردیس شهید باهنر شیراز )مرکز آموزش عالی سلمان فارسی شیراز(/ اولویت پذیرش با داوطلبان بومی شهرستانهای رستم، کازرون ممسنی، کوه چنار/محل خدمت قایمیه؛ پذیرش دانشجو‌معلم با تعهد خدمت؛ ضوابط بخش فرهنگیان دفترچه,1401-humanities-booklet,200,1401-humanities-booklet,200,کدرشته‌محل منبع: 45696؛ عنوان رشته در منبع: آموزش ابتدایی؛ نحوه پذیرش: با آزمون (بخش دانشجو‌معلم)؛ استان در این ردیف مربوط به بومی‌گزینی/محل خدمت است
1401,آموزش ابتدایی,دانشگاه فرهنگیان,پردیس شهید باهنر شیراز )مرکز آموزش عالی سلمان ،فارسی شیراز(,فارس,در جدول ذکر نشده,,تعهد خدمت,5,زن,در جدول ذکر نشده,ادامه مخصوص داوطلبان بومی استان فارس؛ پردیس شهید باهنر شیراز )مرکز آموزش عالی سلمان ،فارسی شیراز(/ اولویت پذیرش با داوطلبان بومی شهرستانهای خنج، گراش لامرد، مهر/محل خدمت گله دار؛ پذیرش دانشجو‌معلم با تعهد خدمت؛ ضوابط بخش فرهنگیان دفترچه,1401-humanities-booklet,200,1401-humanities-booklet,200,کدرشته‌محل منبع: 45697؛ عنوان رشته در منبع: آموزش ابتدایی؛ نحوه پذیرش: با آزمون (بخش دانشجو‌معلم)؛ استان در این ردیف مربوط به بومی‌گزینی/محل خدمت است
1401,آموزش ابتدایی,دانشگاه فرهنگیان,،پردیس شهید باهنر شیراز )مرکز آموزش عالی سلمان فارسی شیراز(,فارس,در جدول ذکر نشده,,تعهد خدمت,2,زن,در جدول ذکر نشده,ادامه مخصوص داوطلبان بومی استان فارس؛ ،پردیس شهید باهنر شیراز )مرکز آموزش عالی سلمان فارسی شیراز(/ اولویت پذیرش با داوطلبان بومی شهرستانهای خنج، گراش لامرد، مهر/محل خدمت مهر؛ پذیرش دانشجو‌معلم با تعهد خدمت؛ ضوابط بخش فرهنگیان دفترچه,1401-humanities-booklet,200,1401-humanities-booklet,200,کدرشته‌محل منبع: 45698؛ عنوان رشته در منبع: آموزش ابتدایی؛ نحوه پذیرش: با آزمون (بخش دانشجو‌معلم)؛ استان در این ردیف مربوط به بومی‌گزینی/محل خدمت است
1401,آموزش ابتدایی,دانشگاه فرهنگیان,،پردیس شهید باهنر شیراز )مرکز آموزش عالی سلمان فارسی شیراز(,فارس,در جدول ذکر نشده,,تعهد خدمت,7,زن,در جدول ذکر نشده,ادامه مخصوص داوطلبان بومی استان فارس؛ ،پردیس شهید باهنر شیراز )مرکز آموزش عالی سلمان فارسی شیراز(/ اولویت پذیرش با داوطلبان بومی شهرستانهای جهرم، داراب زرین دشت، لارستان، خفر، اوز /محل خدمت لارستان؛ پذیرش دانشجو‌معلم با تعهد خدمت؛ ضوابط بخش فرهنگیان دفترچه,1401-humanities-booklet,200,1401-humanities-booklet,200,کدرشته‌محل منبع: 45699؛ عنوان رشته در منبع: آموزش ابتدایی؛ نحوه پذیرش: با آزمون (بخش دانشجو‌معلم)؛ استان در این ردیف مربوط به بومی‌گزینی/محل خدمت است
1401,آموزش ابتدایی,دانشگاه فرهنگیان,پردیس شهید باهنر شیراز )مرکز آموزش عالی ،سلمان فارسی شیراز(,فارس,در جدول ذکر نشده,,تعهد خدمت,2,زن,در جدول ذکر نشده,ادامه مخصوص داوطلبان بومی استان فارس؛ پردیس شهید باهنر شیراز )مرکز آموزش عالی ،سلمان فارسی شیراز(/ اولویت پذیرش با داوطلبان بومی شهرستانهای جهرم، داراب زرین دشت، لارستان، خفر، اوز /محل خدمت بیرم؛ پذیرش دانشجو‌معلم با تعهد خدمت؛ ضوابط بخش فرهنگیان دفترچه,1401-humanities-booklet,200,1401-humanities-booklet,200,کدرشته‌محل منبع: 45700؛ عنوان رشته در منبع: آموزش ابتدایی؛ نحوه پذیرش: با آزمون (بخش دانشجو‌معلم)؛ استان در این ردیف مربوط به بومی‌گزینی/محل خدمت است
1401,آموزش ابتدایی,دانشگاه فرهنگیان,،پردیس شهید باهنر شیراز )مرکز آموزش عالی سلمان فارسی شیراز(,فارس,در جدول ذکر نشده,,تعهد خدمت,4,زن,در جدول ذکر نشده,ادامه مخصوص داوطلبان بومی استان فارس؛ ،پردیس شهید باهنر شیراز )مرکز آموزش عالی سلمان فارسی شیراز(/ اولویت پذیرش با داوطلبان بومی شهرستانهای جهرم، داراب زرین دشت، لارستان، خفر، اوز /محل خدمت جویم؛ پذیرش دانشجو‌معلم با تعهد خدمت؛ ضوابط بخش فرهنگیان دفترچه,1401-humanities-booklet,200,1401-humanities-booklet,200,کدرشته‌محل منبع: 45701؛ عنوان رشته در منبع: آموزش ابتدایی؛ نحوه پذیرش: با آزمون (بخش دانشجو‌معلم)؛ استان در این ردیف مربوط به بومی‌گزینی/محل خدمت است
1401,آموزش ابتدایی,دانشگاه فرهنگیان,،پردیس شهید باهنر شیراز )مرکز آموزش عالی زینب کبری )س(کازرون(,فارس,در جدول ذکر نشده,,تعهد خدمت,5,زن,در جدول ذکر نشده,ادامه مخصوص داوطلبان بومی استان فارس؛ ،پردیس شهید باهنر شیراز )مرکز آموزش عالی زینب کبری )س(کازرون(/ اولویت پذیرش با داوطلبان بومی شهرستانهای خنج، گراش لامرد، مهر/محل خدمت گراش؛ پذیرش دانشجو‌معلم با تعهد خدمت؛ ضوابط بخش فرهنگیان دفترچه,1401-humanities-booklet,200,1401-humanities-booklet,200,کدرشته‌محل منبع: 45702؛ عنوان رشته در منبع: آموزش ابتدایی؛ نحوه پذیرش: با آزمون (بخش دانشجو‌معلم)؛ استان در این ردیف مربوط به بومی‌گزینی/محل خدمت است
1401,آموزش ابتدایی,دانشگاه فرهنگیان,پردیس شهید باهنر ،شیراز )مرکز آموزش عالی سلمان فارسی شیراز(,فارس,در جدول ذکر نشده,,تعهد خدمت,7,زن,در جدول ذکر نشده,ادامه مخصوص داوطلبان بومی استان فارس؛ پردیس شهید باهنر ،شیراز )مرکز آموزش عالی سلمان فارسی شیراز(/ اولویت پذیرش با داوطلبان بومی شهرستانهای جهرم، داراب زرین دشت، لارستان، خفر، اوز /محل خدمت اوز؛ پذیرش دانشجو‌معلم با تعهد خدمت؛ ضوابط بخش فرهنگیان دفترچه,1401-humanities-booklet,200,1401-humanities-booklet,200,کدرشته‌محل منبع: 45703؛ عنوان رشته در منبع: آموزش ابتدایی؛ نحوه پذیرش: با آزمون (بخش دانشجو‌معلم)؛ استان در این ردیف مربوط به بومی‌گزینی/محل خدمت است
1401,آموزش ابتدایی,دانشگاه فرهنگیان,پردیس شهید باهنر شیراز )مرکز آموزش عالی زینب کبری )س(کازرون(,فارس,در جدول ذکر نشده,,تعهد خدمت,6,زن,در جدول ذکر نشده,ادامه مخصوص داوطلبان بومی استان فارس؛ پردیس شهید باهنر شیراز )مرکز آموزش عالی زینب کبری )س(کازرون(/ اولویت پذیرش با داوطلبان بومی ،شهرستانهای خنج، گراش لامرد، مهر/محل خدمت خنج؛ پذیرش دانشجو‌معلم با تعهد خدمت؛ ضوابط بخش فرهنگیان دفترچه,1401-humanities-booklet,200,1401-humanities-booklet,200,کدرشته‌محل منبع: 45704؛ عنوان رشته در منبع: آموزش ابتدایی؛ نحوه پذیرش: با آزمون (بخش دانشجو‌معلم)؛ استان در این ردیف مربوط به بومی‌گزینی/محل خدمت است
1401,آموزش ابتدایی,دانشگاه فرهنگیان,،پردیس شهید باهنر شیراز )مرکز آموزش عالی زینب کبری )س(کازرون(,فارس,در جدول ذکر نشده,,تعهد خدمت,5,زن,در جدول ذکر نشده,ادامه مخصوص داوطلبان بومی استان فارس؛ ،پردیس شهید باهنر شیراز )مرکز آموزش عالی زینب کبری )س(کازرون(/ اولویت پذیرش با داوطلبان بومی شهرستانهای خنج، گراش لامرد، مهر/محل خدمت لامرد؛ پذیرش دانشجو‌معلم با تعهد خدمت؛ ضوابط بخش فرهنگیان دفترچه,1401-humanities-booklet,200,1401-humanities-booklet,200,کدرشته‌محل منبع: 45705؛ عنوان رشته در منبع: آموزش ابتدایی؛ نحوه پذیرش: با آزمون (بخش دانشجو‌معلم)؛ استان در این ردیف مربوط به بومی‌گزینی/محل خدمت است
1401,آموزش ابتدایی,دانشگاه فرهنگیان,پردیس شهید باهنر ،شیراز )مرکز آموزش عالی سلمان فارسی شیراز(,فارس,در جدول ذکر نشده,,تعهد خدمت,3,زن,در جدول ذکر نشده,ادامه مخصوص داوطلبان بومی استان فارس؛ پردیس شهید باهنر ،شیراز )مرکز آموزش عالی سلمان فارسی شیراز(/ اولویت پذیرش با داوطلبان بومی شهرستانهای خنج، گراش لامرد، مهر/محل خدمت اشکنان؛ پذیرش دانشجو‌معلم با تعهد خدمت؛ ضوابط بخش فرهنگیان دفترچه,1401-humanities-booklet,200,1401-humanities-booklet,200,کدرشته‌محل منبع: 45706؛ عنوان رشته در منبع: آموزش ابتدایی؛ نحوه پذیرش: با آزمون (بخش دانشجو‌معلم)؛ استان در این ردیف مربوط به بومی‌گزینی/محل خدمت است
1401,آموزش ابتدایی,دانشگاه فرهنگیان,،پردیس شهید باهنر شیراز )مرکز آموزش عالی سلمان فارسی شیراز(,فارس,در جدول ذکر نشده,,تعهد خدمت,3,زن,در جدول ذکر نشده,ادامه مخصوص داوطلبان بومی استان فارس؛ ،پردیس شهید باهنر شیراز )مرکز آموزش عالی سلمان فارسی شیراز(/ اولویت پذیرش با داوطلبان بومی شهرستانهای خنج، گراش لامرد، مهر/محل خدمت علامرودشت؛ پذیرش دانشجو‌معلم با تعهد خدمت؛ ضوابط بخش فرهنگیان دفترچه,1401-humanities-booklet,201,1401-humanities-booklet,201,کدرشته‌محل منبع: 45707؛ عنوان رشته در منبع: آموزش ابتدایی؛ نحوه پذیرش: با آزمون (بخش دانشجو‌معلم)؛ استان در این ردیف مربوط به بومی‌گزینی/محل خدمت است
1401,آموزش ابتدایی,دانشگاه فرهنگیان,پردیس شهید باهنر شیراز )مرکز آموزش عالی سلمان فارسی شیراز(,فارس,در جدول ذکر نشده,,تعهد خدمت,6,زن,در جدول ذکر نشده,ادامه مخصوص داوطلبان بومی استان فارس؛ پردیس شهید باهنر شیراز )مرکز آموزش عالی سلمان فارسی شیراز(/ اولویت پذیرش با داوطلبان،بومی شهرستانهای سپیدان، ارسنجان خرامه، سروستان، شیراز، کوار، مرودشت، بیضا، زرقان/محل خدمت مرودشت؛ پذیرش دانشجو‌معلم با تعهد خدمت؛ ضوابط بخش فرهنگیان دفترچه,1401-humanities-booklet,201,1401-humanities-booklet,201,کدرشته‌محل منبع: 45708؛ عنوان رشته در منبع: آموزش ابتدایی؛ نحوه پذیرش: با آزمون (بخش دانشجو‌معلم)؛ استان در این ردیف مربوط به بومی‌گزینی/محل خدمت است
1401,آموزش ابتدایی,دانشگاه فرهنگیان,،پردیس شهید باهنر شیراز )مرکز آموزش عالی سلمان فارسی شیراز(,فارس,در جدول ذکر نشده,,تعهد خدمت,5,زن,در جدول ذکر نشده,ادامه مخصوص داوطلبان بومی استان فارس؛ ،پردیس شهید باهنر شیراز )مرکز آموزش عالی سلمان فارسی شیراز(/ اولویت پذیرش با داوطلبان بومی شهرستانهای سپیدان، ارسنجان ،خرامه سروستان، شیراز، کوار، مرودشت، بیضا، زرقان/محل خدمت کامفیروز؛ پذیرش دانشجو‌معلم با تعهد خدمت؛ ضوابط بخش فرهنگیان دفترچه,1401-humanities-booklet,201,1401-humanities-booklet,201,کدرشته‌محل منبع: 45709؛ عنوان رشته در منبع: آموزش ابتدایی؛ نحوه پذیرش: با آزمون (بخش دانشجو‌معلم)؛ استان در این ردیف مربوط به بومی‌گزینی/محل خدمت است
1401,آموزش ابتدایی,دانشگاه فرهنگیان,،پردیس شهید باهنر شیراز )مرکز آموزش عالی سلمان فارسی شیراز(,فارس,در جدول ذکر نشده,,تعهد خدمت,4,زن,در جدول ذکر نشده,ادامه مخصوص داوطلبان بومی استان فارس؛ ،پردیس شهید باهنر شیراز )مرکز آموزش عالی سلمان فارسی شیراز(/ اولویت پذیرش با داوطلبان بومی شهرستانهای سپیدان، ارسنجان خرامه، سروستان، شیراز، کوار، مرودشت، بیضا، زرقان/محل خدمت درودزن؛ پذیرش دانشجو‌معلم با تعهد خدمت؛ ضوابط بخش فرهنگیان دفترچه,1401-humanities-booklet,201,1401-humanities-booklet,201,کدرشته‌محل منبع: 45710؛ عنوان رشته در منبع: آموزش ابتدایی؛ نحوه پذیرش: با آزمون (بخش دانشجو‌معلم)؛ استان در این ردیف مربوط به بومی‌گزینی/محل خدمت است
1401,آموزش ابتدایی,دانشگاه فرهنگیان,،پردیس شهید باهنر شیراز )مرکز آموزش عالی سلمان فارسی شیراز(,فارس,در جدول ذکر نشده,,تعهد خدمت,3,زن,در جدول ذکر نشده,ادامه مخصوص داوطلبان بومی استان فارس؛ ،پردیس شهید باهنر شیراز )مرکز آموزش عالی سلمان فارسی شیراز(/ اولویت پذیرش با داوطلبان بومی شهرستانهای سپیدان، ارسنجان خرامه، سروستان، شیراز، کوار، مرودشت، بیضا، زرقان/محل خدمت ارسنجان؛ پذیرش دانشجو‌معلم با تعهد خدمت؛ ضوابط بخش فرهنگیان دفترچه,1401-humanities-booklet,201,1401-humanities-booklet,201,کدرشته‌محل منبع: 45711؛ عنوان رشته در منبع: آموزش ابتدایی؛ نحوه پذیرش: با آزمون (بخش دانشجو‌معلم)؛ استان در این ردیف مربوط به بومی‌گزینی/محل خدمت است
1401,آموزش ابتدایی,دانشگاه فرهنگیان,پردیس ،شهید باهنر شیراز )مرکز آموزش عالی سلمان فارسی شیراز(,فارس,در جدول ذکر نشده,,تعهد خدمت,3,زن,در جدول ذکر نشده,ادامه مخصوص داوطلبان بومی استان فارس؛ پردیس ،شهید باهنر شیراز )مرکز آموزش عالی سلمان فارسی شیراز(/ اولویت پذیرش با داوطلبان بومی شهرستانهای اقلید، آباده بوانات، پاسارگاد، خرم بید، سرچهان/محل خدمت پاسارگاد؛ پذیرش دانشجو‌معلم با تعهد خدمت؛ ضوابط بخش فرهنگیان دفترچه,1401-humanities-booklet,201,1401-humanities-booklet,201,کدرشته‌محل منبع: 45712؛ عنوان رشته در منبع: آموزش ابتدایی؛ نحوه پذیرش: با آزمون (بخش دانشجو‌معلم)؛ استان در این ردیف مربوط به بومی‌گزینی/محل خدمت است
1401,آموزش ابتدایی,دانشگاه فرهنگیان,پردیس شهید باهنر شیراز )مرکز آموزش عالی زینب کبری )س(کازرون(,فارس,در جدول ذکر نشده,,تعهد خدمت,2,زن,در جدول ذکر نشده,ادامه مخصوص داوطلبان بومی استان فارس؛ پردیس شهید باهنر شیراز )مرکز آموزش عالی زینب کبری )س(کازرون(/ اولویت ،پذیرش با داوطلبان بومی شهرستانهای رستم کازرون، ممسنی، کوه چنار/محل خدمت رستم؛ پذیرش دانشجو‌معلم با تعهد خدمت؛ ضوابط بخش فرهنگیان دفترچه,1401-humanities-booklet,201,1401-humanities-booklet,201,کدرشته‌محل منبع: 45713؛ عنوان رشته در منبع: آموزش ابتدایی؛ نحوه پذیرش: با آزمون (بخش دانشجو‌معلم)؛ استان در این ردیف مربوط به بومی‌گزینی/محل خدمت است
1401,آموزش ابتدایی,دانشگاه فرهنگیان,پردیس شهید باهنر شیراز )مرکز آموزش عالی سلمان فارسی شیراز(,فارس,در جدول ذکر نشده,,تعهد خدمت,3,زن,در جدول ذکر نشده,ادامه مخصوص داوطلبان بومی استان فارس؛ پردیس شهید باهنر شیراز )مرکز آموزش عالی سلمان فارسی شیراز(/ اولویت پذیرش با داوطلبان بومی شهرستانهای استهبان، فسا، نی ریز، بختگان/محل خدمت نی ریز؛ پذیرش دانشجو‌معلم با تعهد خدمت؛ ضوابط بخش فرهنگیان دفترچه,1401-humanities-booklet,201,1401-humanities-booklet,201,کدرشته‌محل منبع: 45714؛ عنوان رشته در منبع: آموزش ابتدایی؛ نحوه پذیرش: با آزمون (بخش دانشجو‌معلم)؛ استان در این ردیف مربوط به بومی‌گزینی/محل خدمت است
1401,آموزش ابتدایی,دانشگاه فرهنگیان,پردیس شهید باهنر شیراز )مرکز آموزش عالی سلمان فارسی شیراز(,فارس,در جدول ذکر نشده,,تعهد خدمت,3,زن,در جدول ذکر نشده,ادامه مخصوص داوطلبان بومی استان فارس؛ پردیس شهید باهنر شیراز )مرکز آموزش عالی سلمان فارسی شیراز(/ اولویت پذیرش با داوطلبان بومی شهرستانهای استهبان، فسا، نی ریز، بختگان/محل خدمت آباده طشک؛ پذیرش دانشجو‌معلم با تعهد خدمت؛ ضوابط بخش فرهنگیان دفترچه,1401-humanities-booklet,201,1401-humanities-booklet,201,کدرشته‌محل منبع: 45715؛ عنوان رشته در منبع: آموزش ابتدایی؛ نحوه پذیرش: با آزمون (بخش دانشجو‌معلم)؛ استان در این ردیف مربوط به بومی‌گزینی/محل خدمت است
1401,آموزش ابتدایی,دانشگاه فرهنگیان,,فارس,در جدول ذکر نشده,,تعهد خدمت,1,زن,در جدول ذکر نشده,ادامه مخصوص داوطلبان بومی استان فارس؛ /(پردیس شهید باهنر شیراز )مرکز آموزش عالی سلمان فارسی شیراز مخصوص داوطلبان بومی استان فارس/محل خدمت عشایری فارس؛ پذیرش دانشجو‌معلم با تعهد خدمت؛ ضوابط بخش فرهنگیان دفترچه,1401-humanities-booklet,201,1401-humanities-booklet,201,کدرشته‌محل منبع: 45716؛ عنوان رشته در منبع: آموزش ابتدایی؛ نحوه پذیرش: با آزمون (بخش دانشجو‌معلم)؛ استان در این ردیف مربوط به بومی‌گزینی/محل خدمت است
1401,آموزش ابتدایی,دانشگاه فرهنگیان,،پردیس شهید رجایی شیراز )مرکز آموزش عالی شهیدمطهری شیراز(,فارس,در جدول ذکر نشده,,تعهد خدمت,7,مرد,در جدول ذکر نشده,ادامه مخصوص داوطلبان بومی استان فارس؛ ،پردیس شهید رجایی شیراز )مرکز آموزش عالی شهیدمطهری شیراز(/ اولویت پذیرش با داوطلبان بومی شهرستانهای سپیدان ارسنجان، خرامه، سروستان، شیراز، کوار، مرودشت، بیضا، زرقان/محل خدمت ارژن ( کوهمره سرخی)؛ پذیرش دانشجو‌معلم با تعهد خدمت؛ ضوابط بخش فرهنگیان دفترچه,1401-humanities-booklet,201,1401-humanities-booklet,201,کدرشته‌محل منبع: 45717؛ عنوان رشته در منبع: آموزش ابتدایی؛ نحوه پذیرش: با آزمون (بخش دانشجو‌معلم)؛ استان در این ردیف مربوط به بومی‌گزینی/محل خدمت است
1401,آموزش ابتدایی,دانشگاه فرهنگیان,،پردیس شهید رجایی شیراز )مرکز آموزش عالی شهیدمطهری شیراز(,فارس,در جدول ذکر نشده,,تعهد خدمت,4,مرد,در جدول ذکر نشده,ادامه مخصوص داوطلبان بومی استان فارس؛ ،پردیس شهید رجایی شیراز )مرکز آموزش عالی شهیدمطهری شیراز(/ اولویت پذیرش با داوطلبان بومی شهرستانهای رستم، کازرون ممسنی، کوه چنار/محل خدمت دشمن زیاری؛ پذیرش دانشجو‌معلم با تعهد خدمت؛ ضوابط بخش فرهنگیان دفترچه,1401-humanities-booklet,201,1401-humanities-booklet,201,کدرشته‌محل منبع: 45718؛ عنوان رشته در منبع: آموزش ابتدایی؛ نحوه پذیرش: با آزمون (بخش دانشجو‌معلم)؛ استان در این ردیف مربوط به بومی‌گزینی/محل خدمت است
1401,آموزش ابتدایی,دانشگاه فرهنگیان,پردیس شهید رجایی شیراز )مرکز آموزش ،عالی شهید بهشتی اقلید(,فارس,در جدول ذکر نشده,,تعهد خدمت,5,مرد,در جدول ذکر نشده,ادامه مخصوص داوطلبان بومی استان فارس؛ پردیس شهید رجایی شیراز )مرکز آموزش ،عالی شهید بهشتی اقلید(/ اولویت پذیرش با داوطلبان بومی شهرستانهای رستم، کازرون ممسنی، کوه چنار/محل خدمت ممسنی؛ پذیرش دانشجو‌معلم با تعهد خدمت؛ ضوابط بخش فرهنگیان دفترچه,1401-humanities-booklet,201,1401-humanities-booklet,201,کدرشته‌محل منبع: 45719؛ عنوان رشته در منبع: آموزش ابتدایی؛ نحوه پذیرش: با آزمون (بخش دانشجو‌معلم)؛ استان در این ردیف مربوط به بومی‌گزینی/محل خدمت است
1401,آموزش ابتدایی,دانشگاه فرهنگیان,،پردیس شهید رجایی شیراز )مرکز آموزش عالی شهیدمطهری شیراز(,فارس,در جدول ذکر نشده,,تعهد خدمت,4,مرد,در جدول ذکر نشده,ادامه مخصوص داوطلبان بومی استان فارس؛ ،پردیس شهید رجایی شیراز )مرکز آموزش عالی شهیدمطهری شیراز(/ اولویت پذیرش با داوطلبان بومی شهرستانهای رستم، کازرون ،ممسنی کوه چنار/محل خدمت بابامنیرماهورمیلاتی؛ پذیرش دانشجو‌معلم با تعهد خدمت؛ ضوابط بخش فرهنگیان دفترچه,1401-humanities-booklet,201,1401-humanities-booklet,201,کدرشته‌محل منبع: 45720؛ عنوان رشته در منبع: آموزش ابتدایی؛ نحوه پذیرش: با آزمون (بخش دانشجو‌معلم)؛ استان در این ردیف مربوط به بومی‌گزینی/محل خدمت است
1401,آموزش ابتدایی,دانشگاه فرهنگیان,،پردیس شهید رجایی شیراز )مرکز آموزش عالی شهید بهشتی اقلید(,فارس,در جدول ذکر نشده,,تعهد خدمت,5,مرد,در جدول ذکر نشده,ادامه مخصوص داوطلبان بومی استان فارس؛ ،پردیس شهید رجایی شیراز )مرکز آموزش عالی شهید بهشتی اقلید(/ اولویت پذیرش با داوطلبان بومی شهرستانهای سپیدان، ارسنجان خرامه، سروستان، شیراز، کوار، مرودشت، بیضا، زرقان/محل خدمت خرامه؛ پذیرش دانشجو‌معلم با تعهد خدمت؛ ضوابط بخش فرهنگیان دفترچه,1401-humanities-booklet,201,1401-humanities-booklet,201,کدرشته‌محل منبع: 45721؛ عنوان رشته در منبع: آموزش ابتدایی؛ نحوه پذیرش: با آزمون (بخش دانشجو‌معلم)؛ استان در این ردیف مربوط به بومی‌گزینی/محل خدمت است
1401,آموزش ابتدایی,دانشگاه فرهنگیان,،پردیس شهید رجایی شیراز )مرکز آموزش عالی شهیدمطهری شیراز(,فارس,در جدول ذکر نشده,,تعهد خدمت,7,مرد,در جدول ذکر نشده,ادامه مخصوص داوطلبان بومی استان فارس؛ ،پردیس شهید رجایی شیراز )مرکز آموزش عالی شهیدمطهری شیراز(/ اولویت پذیرش با داوطلبان بومی شهرستانهای سپیدان ارسنجان، خرامه، سروستان، شیراز، کوار، مرودشت، بیضا، زرقان/محل خدمت زرقان؛ پذیرش دانشجو‌معلم با تعهد خدمت؛ ضوابط بخش فرهنگیان دفترچه,1401-humanities-booklet,201,1401-humanities-booklet,201,کدرشته‌محل منبع: 45722؛ عنوان رشته در منبع: آموزش ابتدایی؛ نحوه پذیرش: با آزمون (بخش دانشجو‌معلم)؛ استان در این ردیف مربوط به بومی‌گزینی/محل خدمت است
1401,آموزش ابتدایی,دانشگاه فرهنگیان,پردیس شهید رجایی شیراز )مرکز ،آموزش عالی شهیدمطهری شیراز(,فارس,در جدول ذکر نشده,,تعهد خدمت,5,مرد,در جدول ذکر نشده,ادامه مخصوص داوطلبان بومی استان فارس؛ پردیس شهید رجایی شیراز )مرکز ،آموزش عالی شهیدمطهری شیراز(/ اولویت پذیرش با داوطلبان بومی شهرستانهای سپیدان ارسنجان، خرامه، سروستان، شیراز، کوار، مرودشت، بیضا، زرقان/محل خدمت سروستان؛ پذیرش دانشجو‌معلم با تعهد خدمت؛ ضوابط بخش فرهنگیان دفترچه,1401-humanities-booklet,201,1401-humanities-booklet,201,کدرشته‌محل منبع: 45723؛ عنوان رشته در منبع: آموزش ابتدایی؛ نحوه پذیرش: با آزمون (بخش دانشجو‌معلم)؛ استان در این ردیف مربوط به بومی‌گزینی/محل خدمت است
1401,آموزش ابتدایی,دانشگاه فرهنگیان,پردیس شهید رجایی شیراز )مرکز آموزش عالی شهیدمطهری شیراز(,فارس,در جدول ذکر نشده,,تعهد خدمت,7,مرد,در جدول ذکر نشده,ادامه مخصوص داوطلبان بومی استان فارس؛ پردیس شهید رجایی شیراز )مرکز آموزش عالی شهیدمطهری شیراز(/ اولویت پذیرش با ،داوطلبان بومی شهرستانهای سپیدان ارسنجان، خرامه، سروستان، شیراز، کوار، مرودشت، بیضا، زرقان/محل خدمت کوار؛ پذیرش دانشجو‌معلم با تعهد خدمت؛ ضوابط بخش فرهنگیان دفترچه,1401-humanities-booklet,201,1401-humanities-booklet,201,کدرشته‌محل منبع: 45724؛ عنوان رشته در منبع: آموزش ابتدایی؛ نحوه پذیرش: با آزمون (بخش دانشجو‌معلم)؛ استان در این ردیف مربوط به بومی‌گزینی/محل خدمت است
1401,آموزش ابتدایی,دانشگاه فرهنگیان,،پردیس شهید رجایی شیراز )مرکز آموزش عالی شهید بهشتی اقلید(,فارس,در جدول ذکر نشده,,تعهد خدمت,6,مرد,در جدول ذکر نشده,ادامه مخصوص داوطلبان بومی استان فارس؛ ،پردیس شهید رجایی شیراز )مرکز آموزش عالی شهید بهشتی اقلید(/ اولویت پذیرش با داوطلبان بومی شهرستانهای اقلید، آباده، بوانات پا سارگاد، خرم بید، سرچهان/محل خدمت آباده؛ پذیرش دانشجو‌معلم با تعهد خدمت؛ ضوابط بخش فرهنگیان دفترچه,1401-humanities-booklet,201,1401-humanities-booklet,201,کدرشته‌محل منبع: 45725؛ عنوان رشته در منبع: آموزش ابتدایی؛ نحوه پذیرش: با آزمون (بخش دانشجو‌معلم)؛ استان در این ردیف مربوط به بومی‌گزینی/محل خدمت است
1401,آموزش ابتدایی,دانشگاه فرهنگیان,،پردیس شهید رجایی شیراز )مرکز آموزش عالی شهیدمطهری شیراز(,فارس,در جدول ذکر نشده,,تعهد خدمت,6,مرد,در جدول ذکر نشده,ادامه مخصوص داوطلبان بومی استان فارس؛ ،پردیس شهید رجایی شیراز )مرکز آموزش عالی شهیدمطهری شیراز(/ اولویت پذیرش با داوطلبان بومی شهرستانهای اقلید، آباده بوانات، پاسارگاد، خرم بید، سرچهان/محل خدمت خرم بید؛ پذیرش دانشجو‌معلم با تعهد خدمت؛ ضوابط بخش فرهنگیان دفترچه,1401-humanities-booklet,201,1401-humanities-booklet,201,کدرشته‌محل منبع: 45726؛ عنوان رشته در منبع: آموزش ابتدایی؛ نحوه پذیرش: با آزمون (بخش دانشجو‌معلم)؛ استان در این ردیف مربوط به بومی‌گزینی/محل خدمت است
1401,آموزش ابتدایی,دانشگاه فرهنگیان,،پردیس شهید رجایی شیراز )مرکز آموزش عالی شهیدمطهری شیراز(,فارس,در جدول ذکر نشده,,تعهد خدمت,4,مرد,در جدول ذکر نشده,ادامه مخصوص داوطلبان بومی استان فارس؛ ،پردیس شهید رجایی شیراز )مرکز آموزش عالی شهیدمطهری شیراز(/ اولویت پذیرش با داوطلبان بومی شهرستانهای اقلید، آباده (بوانات، پاسارگاد، خرم بید، سرچهان/محل خدمت مشهدمرغاب )قادرآباد؛ پذیرش دانشجو‌معلم با تعهد خدمت؛ ضوابط بخش فرهنگیان دفترچه,1401-humanities-booklet,201,1401-humanities-booklet,201,کدرشته‌محل منبع: 45727؛ عنوان رشته در منبع: آموزش ابتدایی؛ نحوه پذیرش: با آزمون (بخش دانشجو‌معلم)؛ استان در این ردیف مربوط به بومی‌گزینی/محل خدمت است
1401,آموزش ابتدایی,دانشگاه فرهنگیان,پردیس شهید رجایی شیراز )مرکز آموزش عالی شهید بهشتی،اقلید(,فارس,در جدول ذکر نشده,,تعهد خدمت,5,مرد,در جدول ذکر نشده,ادامه مخصوص داوطلبان بومی استان فارس؛ پردیس شهید رجایی شیراز )مرکز آموزش عالی شهید بهشتی،اقلید(/ اولویت پذیرش با داوطلبان بومی شهرستانهای اقلید، آباده، بوانات پاسارگاد، خرم بید، سرچهان/محل خدمت بوانات؛ پذیرش دانشجو‌معلم با تعهد خدمت؛ ضوابط بخش فرهنگیان دفترچه,1401-humanities-booklet,201,1401-humanities-booklet,201,کدرشته‌محل منبع: 45728؛ عنوان رشته در منبع: آموزش ابتدایی؛ نحوه پذیرش: با آزمون (بخش دانشجو‌معلم)؛ استان در این ردیف مربوط به بومی‌گزینی/محل خدمت است
1401,آموزش ابتدایی,دانشگاه فرهنگیان,،پردیس شهید رجایی شیراز )مرکز آموزش عالی شهید بهشتی اقلید(,فارس,در جدول ذکر نشده,,تعهد خدمت,5,مرد,در جدول ذکر نشده,ادامه مخصوص داوطلبان بومی استان فارس؛ ،پردیس شهید رجایی شیراز )مرکز آموزش عالی شهید بهشتی اقلید(/ اولویت پذیرش با داوطلبان بومی شهرستانهای اقلید، آباده،بوانات پاسارگاد، خرم بید، سرچهان/محل خدمت سرچهان؛ پذیرش دانشجو‌معلم با تعهد خدمت؛ ضوابط بخش فرهنگیان دفترچه,1401-humanities-booklet,201,1401-humanities-booklet,201,کدرشته‌محل منبع: 45729؛ عنوان رشته در منبع: آموزش ابتدایی؛ نحوه پذیرش: با آزمون (بخش دانشجو‌معلم)؛ استان در این ردیف مربوط به بومی‌گزینی/محل خدمت است
1401,آموزش ابتدایی,دانشگاه فرهنگیان,،پردیس شهید رجایی شیراز )مرکز آموزش عالی شهید بهشتی اقلید(,فارس,در جدول ذکر نشده,,تعهد خدمت,6,مرد,در جدول ذکر نشده,ادامه مخصوص داوطلبان بومی استان فارس؛ ،پردیس شهید رجایی شیراز )مرکز آموزش عالی شهید بهشتی اقلید(/ اولویت پذیرش با داوطلبان بومی شهرستانهای اقلید، آباده، بوانات پاسارگاد، خرم بید، سرچهان/محل خدمت اقلید؛ پذیرش دانشجو‌معلم با تعهد خدمت؛ ضوابط بخش فرهنگیان دفترچه,1401-humanities-booklet,201,1401-humanities-booklet,201,کدرشته‌محل منبع: 45730؛ عنوان رشته در منبع: آموزش ابتدایی؛ نحوه پذیرش: با آزمون (بخش دانشجو‌معلم)؛ استان در این ردیف مربوط به بومی‌گزینی/محل خدمت است
1401,آموزش ابتدایی,دانشگاه فرهنگیان,،پردیس شهید رجایی شیراز )مرکز آموزش عالی شهیدمطهری شیراز(,فارس,در جدول ذکر نشده,,تعهد خدمت,4,مرد,در جدول ذکر نشده,ادامه مخصوص داوطلبان بومی استان فارس؛ ،پردیس شهید رجایی شیراز )مرکز آموزش عالی شهیدمطهری شیراز(/ اولویت پذیرش با داوطلبان بومی شهرستانهای اقلید، آباده بوانات، پاسارگاد، خرم بید، سرچهان/محل خدمت سده؛ پذیرش دانشجو‌معلم با تعهد خدمت؛ ضوابط بخش فرهنگیان دفترچه,1401-humanities-booklet,201,1401-humanities-booklet,201,کدرشته‌محل منبع: 45731؛ عنوان رشته در منبع: آموزش ابتدایی؛ نحوه پذیرش: با آزمون (بخش دانشجو‌معلم)؛ استان در این ردیف مربوط به بومی‌گزینی/محل خدمت است
1401,آموزش ابتدایی,دانشگاه فرهنگیان,پردیس شهید رجایی شیراز )مرکز آموزش عالی شهید بهشتی اقلید(,فارس,در جدول ذکر نشده,,تعهد خدمت,5,مرد,در جدول ذکر نشده,ادامه مخصوص داوطلبان بومی استان فارس؛ پردیس شهید رجایی شیراز )مرکز آموزش عالی شهید بهشتی اقلید(/ اولویت پذیرش با داوطلبان بومی شهرستانهای استهبان، فسا، نی ریز، بختگان/محل خدمت استهبان؛ پذیرش دانشجو‌معلم با تعهد خدمت؛ ضوابط بخش فرهنگیان دفترچه,1401-humanities-booklet,201,1401-humanities-booklet,201,کدرشته‌محل منبع: 45732؛ عنوان رشته در منبع: آموزش ابتدایی؛ نحوه پذیرش: با آزمون (بخش دانشجو‌معلم)؛ استان در این ردیف مربوط به بومی‌گزینی/محل خدمت است
1401,آموزش ابتدایی,دانشگاه فرهنگیان,،پردیس شهید رجایی شیراز )مرکز آموزش عالی شهید بهشتی اقلید(,فارس,در جدول ذکر نشده,,تعهد خدمت,7,مرد,در جدول ذکر نشده,ادامه مخصوص داوطلبان بومی استان فارس؛ ،پردیس شهید رجایی شیراز )مرکز آموزش عالی شهید بهشتی اقلید(/ اولویت پذیرش با داوطلبان بومی شهرستانهای جهرم، داراب ،زرین دشت، لارستان خفر، اوز /محل خدمت جهرم؛ پذیرش دانشجو‌معلم با تعهد خدمت؛ ضوابط بخش فرهنگیان دفترچه,1401-humanities-booklet,201,1401-humanities-booklet,201,کدرشته‌محل منبع: 45733؛ عنوان رشته در منبع: آموزش ابتدایی؛ نحوه پذیرش: با آزمون (بخش دانشجو‌معلم)؛ استان در این ردیف مربوط به بومی‌گزینی/محل خدمت است
1401,آموزش ابتدایی,دانشگاه فرهنگیان,پردیس شهید رجایی شیراز )مرکز آموزش عالی شهیدمطهری شیراز(,فارس,در جدول ذکر نشده,,تعهد خدمت,5,مرد,در جدول ذکر نشده,ادامه مخصوص داوطلبان بومی استان فارس؛ پردیس شهید رجایی شیراز )مرکز آموزش عالی شهیدمطهری شیراز(/ اولویت پذیرش با داوطلبان بومی شهرستانهای ،جهرم، داراب زرین دشت، لارستان، خفر، اوز /محل خدمت خفر؛ پذیرش دانشجو‌معلم با تعهد خدمت؛ ضوابط بخش فرهنگیان دفترچه,1401-humanities-booklet,202,1401-humanities-booklet,202,کدرشته‌محل منبع: 45734؛ عنوان رشته در منبع: آموزش ابتدایی؛ نحوه پذیرش: با آزمون (بخش دانشجو‌معلم)؛ استان در این ردیف مربوط به بومی‌گزینی/محل خدمت است
1401,آموزش ابتدایی,دانشگاه فرهنگیان,،پردیس شهید رجایی شیراز )مرکز آموزش عالی شهید بهشتی اقلید(,فارس,در جدول ذکر نشده,,تعهد خدمت,8,مرد,در جدول ذکر نشده,ادامه مخصوص داوطلبان بومی استان فارس؛ ،پردیس شهید رجایی شیراز )مرکز آموزش عالی شهید بهشتی اقلید(/ اولویت پذیرش با داوطلبان بومی شهرستانهای جهرم، داراب زرین دشت، لارستان، خفر، اوز /محل خدمت داراب؛ پذیرش دانشجو‌معلم با تعهد خدمت؛ ضوابط بخش فرهنگیان دفترچه,1401-humanities-booklet,202,1401-humanities-booklet,202,کدرشته‌محل منبع: 45735؛ عنوان رشته در منبع: آموزش ابتدایی؛ نحوه پذیرش: با آزمون (بخش دانشجو‌معلم)؛ استان در این ردیف مربوط به بومی‌گزینی/محل خدمت است
1401,آموزش ابتدایی,دانشگاه فرهنگیان,،پردیس شهید رجایی شیراز )مرکز آموزش عالی شهیدمطهری شیراز(,فارس,در جدول ذکر نشده,,تعهد خدمت,7,مرد,در جدول ذکر نشده,ادامه مخصوص داوطلبان بومی استان فارس؛ ،پردیس شهید رجایی شیراز )مرکز آموزش عالی شهیدمطهری شیراز(/ اولویت پذیرش با داوطلبان بومی شهرستانهای جهرم، داراب زرین دشت، لارستان، خفر، اوز /محل خدمت فرگ؛ پذیرش دانشجو‌معلم با تعهد خدمت؛ ضوابط بخش فرهنگیان دفترچه,1401-humanities-booklet,202,1401-humanities-booklet,202,کدرشته‌محل منبع: 45736؛ عنوان رشته در منبع: آموزش ابتدایی؛ نحوه پذیرش: با آزمون (بخش دانشجو‌معلم)؛ استان در این ردیف مربوط به بومی‌گزینی/محل خدمت است
1401,آموزش ابتدایی,دانشگاه فرهنگیان,,فارس,در جدول ذکر نشده,,تعهد خدمت,5,مرد,در جدول ذکر نشده,ادامه مخصوص داوطلبان بومی استان فارس؛ /(پردیس شهید رجایی شیراز )مرکز آموزش عالی شهیدمطهری شیراز ،اولویت پذیرش با داوطلبان بومی شهرستانهای جهرم، داراب زرین دشت، لارستان، خفر، اوز /محل خدمت زرین دشت؛ پذیرش دانشجو‌معلم با تعهد خدمت؛ ضوابط بخش فرهنگیان دفترچه,1401-humanities-booklet,202,1401-humanities-booklet,202,کدرشته‌محل منبع: 45737؛ عنوان رشته در منبع: آموزش ابتدایی؛ نحوه پذیرش: با آزمون (بخش دانشجو‌معلم)؛ استان در این ردیف مربوط به بومی‌گزینی/محل خدمت است
1401,آموزش ابتدایی,دانشگاه فرهنگیان,،پردیس شهید رجایی شیراز )مرکز آموزش عالی شهید بهشتی اقلید(,فارس,در جدول ذکر نشده,,تعهد خدمت,5,مرد,در جدول ذکر نشده,ادامه مخصوص داوطلبان بومی استان فارس؛ ،پردیس شهید رجایی شیراز )مرکز آموزش عالی شهید بهشتی اقلید(/ اولویت پذیرش با داوطلبان بومی شهرستانهای سپیدان، ارسنجان ،خرامه سروستان، شیراز، کوار، مرودشت، بیضا، زرقان/محل خدمت سپیدان؛ پذیرش دانشجو‌معلم با تعهد خدمت؛ ضوابط بخش فرهنگیان دفترچه,1401-humanities-booklet,202,1401-humanities-booklet,202,کدرشته‌محل منبع: 45738؛ عنوان رشته در منبع: آموزش ابتدایی؛ نحوه پذیرش: با آزمون (بخش دانشجو‌معلم)؛ استان در این ردیف مربوط به بومی‌گزینی/محل خدمت است
1401,آموزش ابتدایی,دانشگاه فرهنگیان,،پردیس شهید رجایی شیراز )مرکز آموزش عالی شهیدمطهری شیراز(,فارس,در جدول ذکر نشده,,تعهد خدمت,7,مرد,در جدول ذکر نشده,ادامه مخصوص داوطلبان بومی استان فارس؛ ،پردیس شهید رجایی شیراز )مرکز آموزش عالی شهیدمطهری شیراز(/ اولویت پذیرش با داوطلبان بومی شهرستانهای سپیدان ارسنجان، خرامه، سروستان، شیراز، کوار، مرودشت، بیضا، زرقان/محل خدمت بیضا؛ پذیرش دانشجو‌معلم با تعهد خدمت؛ ضوابط بخش فرهنگیان دفترچه,1401-humanities-booklet,202,1401-humanities-booklet,202,کدرشته‌محل منبع: 45739؛ عنوان رشته در منبع: آموزش ابتدایی؛ نحوه پذیرش: با آزمون (بخش دانشجو‌معلم)؛ استان در این ردیف مربوط به بومی‌گزینی/محل خدمت است
1401,آموزش ابتدایی,دانشگاه فرهنگیان,پردیس شهید رجایی شیراز )مرکز آموزش عالی شهید بهشتی اقلید(,فارس,در جدول ذکر نشده,,تعهد خدمت,8,مرد,در جدول ذکر نشده,ادامه مخصوص داوطلبان بومی استان فارس؛ پردیس شهید رجایی شیراز )مرکز آموزش عالی شهید بهشتی اقلید(/ اولویت پذیرش با داوطلبان بومی شهرستانهای استهبان، فسا، نی ریز، بختگان/محل خدمت فسا؛ پذیرش دانشجو‌معلم با تعهد خدمت؛ ضوابط بخش فرهنگیان دفترچه,1401-humanities-booklet,202,1401-humanities-booklet,202,کدرشته‌محل منبع: 45740؛ عنوان رشته در منبع: آموزش ابتدایی؛ نحوه پذیرش: با آزمون (بخش دانشجو‌معلم)؛ استان در این ردیف مربوط به بومی‌گزینی/محل خدمت است
1401,آموزش ابتدایی,دانشگاه فرهنگیان,پردیس شهید رجایی شیراز )مرکز آموزش عالی شهیدمطهری شیراز(,فارس,در جدول ذکر نشده,,تعهد خدمت,7,مرد,در جدول ذکر نشده,ادامه مخصوص داوطلبان بومی استان فارس؛ پردیس شهید رجایی شیراز )مرکز آموزش عالی شهیدمطهری شیراز(/ اولویت پذیرش با داوطلبان بومی شهرستانهای استهبان، فسا، نی ریز، بختگان/محل خدمت ششده وقره بلاغ؛ پذیرش دانشجو‌معلم با تعهد خدمت؛ ضوابط بخش فرهنگیان دفترچه,1401-humanities-booklet,202,1401-humanities-booklet,202,کدرشته‌محل منبع: 45741؛ عنوان رشته در منبع: آموزش ابتدایی؛ نحوه پذیرش: با آزمون (بخش دانشجو‌معلم)؛ استان در این ردیف مربوط به بومی‌گزینی/محل خدمت است
1401,آموزش ابتدایی,دانشگاه فرهنگیان,پردیس شهید رجایی شیراز )مرکز آموزش عالی شهیدمطهری شیراز(,فارس,در جدول ذکر نشده,,تعهد خدمت,5,مرد,در جدول ذکر نشده,ادامه مخصوص داوطلبان بومی استان فارس؛ پردیس شهید رجایی شیراز )مرکز آموزش عالی شهیدمطهری شیراز(/ اولویت پذیرش با داوطلبان بومی شهرستانهای استهبان، فسا، نی ،ریز بختگان/محل خدمت شیب کوه فارس؛ پذیرش دانشجو‌معلم با تعهد خدمت؛ ضوابط بخش فرهنگیان دفترچه,1401-humanities-booklet,202,1401-humanities-booklet,202,کدرشته‌محل منبع: 45742؛ عنوان رشته در منبع: آموزش ابتدایی؛ نحوه پذیرش: با آزمون (بخش دانشجو‌معلم)؛ استان در این ردیف مربوط به بومی‌گزینی/محل خدمت است
1401,آموزش ابتدایی,دانشگاه فرهنگیان,،پردیس شهید رجایی شیراز )مرکز آموزش عالی شهیدمطهری شیراز(,فارس,در جدول ذکر نشده,,تعهد خدمت,7,مرد,در جدول ذکر نشده,ادامه مخصوص داوطلبان بومی استان فارس؛ ،پردیس شهید رجایی شیراز )مرکز آموزش عالی شهیدمطهری شیراز(/ اولویت پذیرش با داوطلبان بومی شهرستانهای فراشبند فیروزآباد، قیر و کارزین/محل خدمت فیروزآباد؛ پذیرش دانشجو‌معلم با تعهد خدمت؛ ضوابط بخش فرهنگیان دفترچه,1401-humanities-booklet,202,1401-humanities-booklet,202,کدرشته‌محل منبع: 45743؛ عنوان رشته در منبع: آموزش ابتدایی؛ نحوه پذیرش: با آزمون (بخش دانشجو‌معلم)؛ استان در این ردیف مربوط به بومی‌گزینی/محل خدمت است
1401,آموزش ابتدایی,دانشگاه فرهنگیان,پردیس شهید رجایی شیراز ،مرکز آموزش عالی شهیدمطهری شیراز(,فارس,در جدول ذکر نشده,,تعهد خدمت,7,مرد,در جدول ذکر نشده,ادامه مخصوص داوطلبان بومی استان فارس؛ پردیس شهید رجایی شیراز ،مرکز آموزش عالی شهیدمطهری شیراز(/ اولویت پذیرش با داوطلبان بومی شهرستانهای فراشبند) فیروزآباد، قیر و کارزین/محل خدمت میمند؛ پذیرش دانشجو‌معلم با تعهد خدمت؛ ضوابط بخش فرهنگیان دفترچه,1401-humanities-booklet,202,1401-humanities-booklet,202,کدرشته‌محل منبع: 45744؛ عنوان رشته در منبع: آموزش ابتدایی؛ نحوه پذیرش: با آزمون (بخش دانشجو‌معلم)؛ استان در این ردیف مربوط به بومی‌گزینی/محل خدمت است
1401,آموزش ابتدایی,دانشگاه فرهنگیان,پردیس شهید رجایی شیراز )مرکز آموزش عالی شهید بهشتی اقلید(,فارس,در جدول ذکر نشده,,تعهد خدمت,5,مرد,در جدول ذکر نشده,ادامه مخصوص داوطلبان بومی استان فارس؛ پردیس شهید رجایی شیراز )مرکز آموزش عالی شهید بهشتی اقلید(/ اولویت پذیرش با داوطلبان بومی شهرستانهای،فراشبند، فیروزآباد قیر و کارزین/محل خدمت فراشبند؛ پذیرش دانشجو‌معلم با تعهد خدمت؛ ضوابط بخش فرهنگیان دفترچه,1401-humanities-booklet,202,1401-humanities-booklet,202,کدرشته‌محل منبع: 45745؛ عنوان رشته در منبع: آموزش ابتدایی؛ نحوه پذیرش: با آزمون (بخش دانشجو‌معلم)؛ استان در این ردیف مربوط به بومی‌گزینی/محل خدمت است
1401,آموزش ابتدایی,دانشگاه فرهنگیان,،پردیس شهید رجایی شیراز )مرکز آموزش عالی شهید بهشتی اقلید(,فارس,در جدول ذکر نشده,,تعهد خدمت,7,مرد,در جدول ذکر نشده,ادامه مخصوص داوطلبان بومی استان فارس؛ ،پردیس شهید رجایی شیراز )مرکز آموزش عالی شهید بهشتی اقلید(/ اولویت پذیرش با داوطلبان بومی شهرستانهای فراشبند، فیروزآباد قیر و کارزین/محل خدمت قیروکارزین؛ پذیرش دانشجو‌معلم با تعهد خدمت؛ ضوابط بخش فرهنگیان دفترچه,1401-humanities-booklet,202,1401-humanities-booklet,202,کدرشته‌محل منبع: 45746؛ عنوان رشته در منبع: آموزش ابتدایی؛ نحوه پذیرش: با آزمون (بخش دانشجو‌معلم)؛ استان در این ردیف مربوط به بومی‌گزینی/محل خدمت است
1401,آموزش ابتدایی,دانشگاه فرهنگیان,،پردیس شهید رجایی شیراز )مرکز آموزش عالی شهید بهشتی اقلید(,فارس,در جدول ذکر نشده,,تعهد خدمت,7,مرد,در جدول ذکر نشده,ادامه مخصوص داوطلبان بومی استان فارس؛ ،پردیس شهید رجایی شیراز )مرکز آموزش عالی شهید بهشتی اقلید(/ اولویت پذیرش با داوطلبان بومی شهرستانهای رستم، کازرون ممسنی، کوه چنار/محل خدمت کازرون؛ پذیرش دانشجو‌معلم با تعهد خدمت؛ ضوابط بخش فرهنگیان دفترچه,1401-humanities-booklet,202,1401-humanities-booklet,202,کدرشته‌محل منبع: 45747؛ عنوان رشته در منبع: آموزش ابتدایی؛ نحوه پذیرش: با آزمون (بخش دانشجو‌معلم)؛ استان در این ردیف مربوط به بومی‌گزینی/محل خدمت است
1401,آموزش ابتدایی,دانشگاه فرهنگیان,پردیس شهید رجایی شیراز )مرکز آموزش عالی شهیدمطهری شیراز(,فارس,در جدول ذکر نشده,,تعهد خدمت,5,مرد,در جدول ذکر نشده,ادامه مخصوص داوطلبان بومی استان فارس؛ پردیس شهید رجایی شیراز )مرکز آموزش عالی شهیدمطهری شیراز(/ اولویت پذیرش با داوطلبان ،بومی شهرستانهای رستم، کازرون ممسنی، کوه چنار/محل خدمت بالاده؛ پذیرش دانشجو‌معلم با تعهد خدمت؛ ضوابط بخش فرهنگیان دفترچه,1401-humanities-booklet,202,1401-humanities-booklet,202,کدرشته‌محل منبع: 45748؛ عنوان رشته در منبع: آموزش ابتدایی؛ نحوه پذیرش: با آزمون (بخش دانشجو‌معلم)؛ استان در این ردیف مربوط به بومی‌گزینی/محل خدمت است
1401,آموزش ابتدایی,دانشگاه فرهنگیان,،پردیس شهید رجایی شیراز )مرکز آموزش عالی شهیدمطهری شیراز(,فارس,در جدول ذکر نشده,,تعهد خدمت,5,مرد,در جدول ذکر نشده,ادامه مخصوص داوطلبان بومی استان فارس؛ ،پردیس شهید رجایی شیراز )مرکز آموزش عالی شهیدمطهری شیراز(/ اولویت پذیرش با داوطلبان بومی شهرستانهای رستم، کازرون ممسنی، کوه چنار/محل خدمت خشت وکمارج؛ پذیرش دانشجو‌معلم با تعهد خدمت؛ ضوابط بخش فرهنگیان دفترچه,1401-humanities-booklet,202,1401-humanities-booklet,202,کدرشته‌محل منبع: 45749؛ عنوان رشته در منبع: آموزش ابتدایی؛ نحوه پذیرش: با آزمون (بخش دانشجو‌معلم)؛ استان در این ردیف مربوط به بومی‌گزینی/محل خدمت است
1401,آموزش ابتدایی,دانشگاه فرهنگیان,،پردیس شهید رجایی شیراز )مرکز آموزش عالی شهیدمطهری شیراز(,فارس,در جدول ذکر نشده,,تعهد خدمت,4,مرد,در جدول ذکر نشده,ادامه مخصوص داوطلبان بومی استان فارس؛ ،پردیس شهید رجایی شیراز )مرکز آموزش عالی شهیدمطهری شیراز(/ اولویت پذیرش با داوطلبان بومی شهرستانهای رستم، کازرون ممسنی، کوه چنار/محل خدمت کهمره؛ پذیرش دانشجو‌معلم با تعهد خدمت؛ ضوابط بخش فرهنگیان دفترچه,1401-humanities-booklet,202,1401-humanities-booklet,202,کدرشته‌محل منبع: 45750؛ عنوان رشته در منبع: آموزش ابتدایی؛ نحوه پذیرش: با آزمون (بخش دانشجو‌معلم)؛ استان در این ردیف مربوط به بومی‌گزینی/محل خدمت است
1401,آموزش ابتدایی,دانشگاه فرهنگیان,پردیس شهید رجایی شیراز )مرکز آموزش عالی شهیدمطهری شیراز(,فارس,در جدول ذکر نشده,,تعهد خدمت,5,مرد,در جدول ذکر نشده,ادامه مخصوص داوطلبان بومی استان فارس؛ پردیس شهید رجایی شیراز )مرکز آموزش عالی شهیدمطهری شیراز(/ اولویت پذیرش ،با داوطلبان بومی شهرستانهای رستم، کازرون ممسنی، کوه چنار/محل خدمت قایمیه؛ پذیرش دانشجو‌معلم با تعهد خدمت؛ ضوابط بخش فرهنگیان دفترچه,1401-humanities-booklet,202,1401-humanities-booklet,202,کدرشته‌محل منبع: 45751؛ عنوان رشته در منبع: آموزش ابتدایی؛ نحوه پذیرش: با آزمون (بخش دانشجو‌معلم)؛ استان در این ردیف مربوط به بومی‌گزینی/محل خدمت است
1401,آموزش ابتدایی,دانشگاه فرهنگیان,،پردیس شهید رجایی شیراز )مرکز آموزش عالی شهیدمطهری شیراز(,فارس,در جدول ذکر نشده,,تعهد خدمت,7,مرد,در جدول ذکر نشده,ادامه مخصوص داوطلبان بومی استان فارس؛ ،پردیس شهید رجایی شیراز )مرکز آموزش عالی شهیدمطهری شیراز(/ اولویت پذیرش با داوطلبان بومی شهرستانهای خنج، گراش لامرد، مهر/محل خدمت گله دار؛ پذیرش دانشجو‌معلم با تعهد خدمت؛ ضوابط بخش فرهنگیان دفترچه,1401-humanities-booklet,202,1401-humanities-booklet,202,کدرشته‌محل منبع: 45752؛ عنوان رشته در منبع: آموزش ابتدایی؛ نحوه پذیرش: با آزمون (بخش دانشجو‌معلم)؛ استان در این ردیف مربوط به بومی‌گزینی/محل خدمت است
1401,آموزش ابتدایی,دانشگاه فرهنگیان,،پردیس شهید رجایی شیراز )مرکز آموزش عالی شهیدمطهری شیراز(,فارس,در جدول ذکر نشده,,تعهد خدمت,4,مرد,در جدول ذکر نشده,ادامه مخصوص داوطلبان بومی استان فارس؛ ،پردیس شهید رجایی شیراز )مرکز آموزش عالی شهیدمطهری شیراز(/ اولویت پذیرش با داوطلبان بومی شهرستانهای خنج، گراش لامرد، مهر/محل خدمت مهر؛ پذیرش دانشجو‌معلم با تعهد خدمت؛ ضوابط بخش فرهنگیان دفترچه,1401-humanities-booklet,202,1401-humanities-booklet,202,کدرشته‌محل منبع: 45753؛ عنوان رشته در منبع: آموزش ابتدایی؛ نحوه پذیرش: با آزمون (بخش دانشجو‌معلم)؛ استان در این ردیف مربوط به بومی‌گزینی/محل خدمت است
1401,آموزش ابتدایی,دانشگاه فرهنگیان,پردیس شهید رجایی شیراز )مرکز آموزش عالی شهیدمطهری شیراز(,فارس,در جدول ذکر نشده,,تعهد خدمت,7,مرد,در جدول ذکر نشده,ادامه مخصوص داوطلبان بومی استان فارس؛ پردیس شهید رجایی شیراز )مرکز آموزش عالی شهیدمطهری شیراز(/ اولویت پذیرش با ،داوطلبان بومی شهرستانهای جهرم، داراب زرین دشت، لارستان، خفر، اوز /محل خدمت لارستان؛ پذیرش دانشجو‌معلم با تعهد خدمت؛ ضوابط بخش فرهنگیان دفترچه,1401-humanities-booklet,202,1401-humanities-booklet,202,کدرشته‌محل منبع: 45754؛ عنوان رشته در منبع: آموزش ابتدایی؛ نحوه پذیرش: با آزمون (بخش دانشجو‌معلم)؛ استان در این ردیف مربوط به بومی‌گزینی/محل خدمت است
1401,آموزش ابتدایی,دانشگاه فرهنگیان,،پردیس شهید رجایی شیراز )مرکز آموزش عالی شهیدمطهری شیراز(,فارس,در جدول ذکر نشده,,تعهد خدمت,4,مرد,در جدول ذکر نشده,ادامه مخصوص داوطلبان بومی استان فارس؛ ،پردیس شهید رجایی شیراز )مرکز آموزش عالی شهیدمطهری شیراز(/ اولویت پذیرش با داوطلبان بومی شهرستانهای جهرم، داراب زرین دشت، لارستان، خفر، اوز /محل خدمت بیرم؛ پذیرش دانشجو‌معلم با تعهد خدمت؛ ضوابط بخش فرهنگیان دفترچه,1401-humanities-booklet,202,1401-humanities-booklet,202,کدرشته‌محل منبع: 45755؛ عنوان رشته در منبع: آموزش ابتدایی؛ نحوه پذیرش: با آزمون (بخش دانشجو‌معلم)؛ استان در این ردیف مربوط به بومی‌گزینی/محل خدمت است
1401,آموزش ابتدایی,دانشگاه فرهنگیان,،پردیس شهید رجایی شیراز )مرکز آموزش عالی شهیدمطهری شیراز(,فارس,در جدول ذکر نشده,,تعهد خدمت,7,مرد,در جدول ذکر نشده,ادامه مخصوص داوطلبان بومی استان فارس؛ ،پردیس شهید رجایی شیراز )مرکز آموزش عالی شهیدمطهری شیراز(/ اولویت پذیرش با داوطلبان بومی شهرستانهای جهرم، داراب زرین دشت، لارستان، خفر، اوز /محل خدمت جویم؛ پذیرش دانشجو‌معلم با تعهد خدمت؛ ضوابط بخش فرهنگیان دفترچه,1401-humanities-booklet,202,1401-humanities-booklet,202,کدرشته‌محل منبع: 45756؛ عنوان رشته در منبع: آموزش ابتدایی؛ نحوه پذیرش: با آزمون (بخش دانشجو‌معلم)؛ استان در این ردیف مربوط به بومی‌گزینی/محل خدمت است
1401,آموزش ابتدایی,دانشگاه فرهنگیان,پردیس شهید رجایی شیراز )مرکز آموزش ،عالی شهیدمطهری شیراز(,فارس,در جدول ذکر نشده,,تعهد خدمت,7,مرد,در جدول ذکر نشده,ادامه مخصوص داوطلبان بومی استان فارس؛ پردیس شهید رجایی شیراز )مرکز آموزش ،عالی شهیدمطهری شیراز(/ اولویت پذیرش با داوطلبان بومی شهرستانهای خنج، گراش لامرد، مهر/محل خدمت گراش؛ پذیرش دانشجو‌معلم با تعهد خدمت؛ ضوابط بخش فرهنگیان دفترچه,1401-humanities-booklet,202,1401-humanities-booklet,202,کدرشته‌محل منبع: 45757؛ عنوان رشته در منبع: آموزش ابتدایی؛ نحوه پذیرش: با آزمون (بخش دانشجو‌معلم)؛ استان در این ردیف مربوط به بومی‌گزینی/محل خدمت است
1401,آموزش ابتدایی,دانشگاه فرهنگیان,،پردیس شهید رجایی شیراز )مرکز آموزش عالی شهیدمطهری شیراز(,فارس,در جدول ذکر نشده,,تعهد خدمت,10,مرد,در جدول ذکر نشده,ادامه مخصوص داوطلبان بومی استان فارس؛ ،پردیس شهید رجایی شیراز )مرکز آموزش عالی شهیدمطهری شیراز(/ اولویت پذیرش با داوطلبان بومی شهرستانهای جهرم، داراب ،زرین دشت لارستان، خفر، اوز /محل خدمت اوز؛ پذیرش دانشجو‌معلم با تعهد خدمت؛ ضوابط بخش فرهنگیان دفترچه,1401-humanities-booklet,202,1401-humanities-booklet,202,کدرشته‌محل منبع: 45758؛ عنوان رشته در منبع: آموزش ابتدایی؛ نحوه پذیرش: با آزمون (بخش دانشجو‌معلم)؛ استان در این ردیف مربوط به بومی‌گزینی/محل خدمت است
1401,آموزش ابتدایی,دانشگاه فرهنگیان,،پردیس شهید رجایی شیراز )مرکز آموزش عالی شهیدمطهری شیراز(,فارس,در جدول ذکر نشده,,تعهد خدمت,7,مرد,در جدول ذکر نشده,ادامه مخصوص داوطلبان بومی استان فارس؛ ،پردیس شهید رجایی شیراز )مرکز آموزش عالی شهیدمطهری شیراز(/ اولویت پذیرش با داوطلبان بومی شهرستانهای خنج، گراش لامرد، مهر/محل خدمت خنج؛ پذیرش دانشجو‌معلم با تعهد خدمت؛ ضوابط بخش فرهنگیان دفترچه,1401-humanities-booklet,202,1401-humanities-booklet,202,کدرشته‌محل منبع: 45759؛ عنوان رشته در منبع: آموزش ابتدایی؛ نحوه پذیرش: با آزمون (بخش دانشجو‌معلم)؛ استان در این ردیف مربوط به بومی‌گزینی/محل خدمت است
1401,آموزش ابتدایی,دانشگاه فرهنگیان,پردیس شهید رجایی شیراز )مرکز آموزش ،عالی شهیدمطهری شیراز(,فارس,در جدول ذکر نشده,,تعهد خدمت,7,مرد,در جدول ذکر نشده,ادامه مخصوص داوطلبان بومی استان فارس؛ پردیس شهید رجایی شیراز )مرکز آموزش ،عالی شهیدمطهری شیراز(/ اولویت پذیرش با داوطلبان بومی شهرستانهای خنج، گراش لامرد، مهر/محل خدمت لامرد؛ پذیرش دانشجو‌معلم با تعهد خدمت؛ ضوابط بخش فرهنگیان دفترچه,1401-humanities-booklet,202,1401-humanities-booklet,202,کدرشته‌محل منبع: 45760؛ عنوان رشته در منبع: آموزش ابتدایی؛ نحوه پذیرش: با آزمون (بخش دانشجو‌معلم)؛ استان در این ردیف مربوط به بومی‌گزینی/محل خدمت است
1401,آموزش ابتدایی,دانشگاه فرهنگیان,پردیس شهید رجایی ،شیراز )مرکز آموزش عالی شهیدمطهری شیراز(,فارس,در جدول ذکر نشده,,تعهد خدمت,5,مرد,در جدول ذکر نشده,ادامه مخصوص داوطلبان بومی استان فارس؛ پردیس شهید رجایی ،شیراز )مرکز آموزش عالی شهیدمطهری شیراز(/ اولویت پذیرش با داوطلبان بومی شهرستانهای خنج، گراش لامرد، مهر/محل خدمت اشکنان؛ پذیرش دانشجو‌معلم با تعهد خدمت؛ ضوابط بخش فرهنگیان دفترچه,1401-humanities-booklet,203,1401-humanities-booklet,203,کدرشته‌محل منبع: 45761؛ عنوان رشته در منبع: آموزش ابتدایی؛ نحوه پذیرش: با آزمون (بخش دانشجو‌معلم)؛ استان در این ردیف مربوط به بومی‌گزینی/محل خدمت است
1401,آموزش ابتدایی,دانشگاه فرهنگیان,،پردیس شهید رجایی شیراز )مرکز آموزش عالی شهیدمطهری شیراز(,فارس,در جدول ذکر نشده,,تعهد خدمت,6,مرد,در جدول ذکر نشده,ادامه مخصوص داوطلبان بومی استان فارس؛ ،پردیس شهید رجایی شیراز )مرکز آموزش عالی شهیدمطهری شیراز(/ اولویت پذیرش با داوطلبان بومی شهرستانهای خنج، گراش لامرد، مهر/محل خدمت علامرودشت؛ پذیرش دانشجو‌معلم با تعهد خدمت؛ ضوابط بخش فرهنگیان دفترچه,1401-humanities-booklet,203,1401-humanities-booklet,203,کدرشته‌محل منبع: 45762؛ عنوان رشته در منبع: آموزش ابتدایی؛ نحوه پذیرش: با آزمون (بخش دانشجو‌معلم)؛ استان در این ردیف مربوط به بومی‌گزینی/محل خدمت است
1401,آموزش ابتدایی,دانشگاه فرهنگیان,،پردیس شهید رجایی شیراز )مرکز آموزش عالی شهیدمطهری شیراز(,فارس,در جدول ذکر نشده,,تعهد خدمت,7,مرد,در جدول ذکر نشده,ادامه مخصوص داوطلبان بومی استان فارس؛ ،پردیس شهید رجایی شیراز )مرکز آموزش عالی شهیدمطهری شیراز(/ اولویت پذیرش با داوطلبان بومی شهرستانهای سپیدان ارسنجان، خرامه، سروستان، شیراز، کوار، مرودشت، بیضا، زرقان/محل خدمت مرودشت؛ پذیرش دانشجو‌معلم با تعهد خدمت؛ ضوابط بخش فرهنگیان دفترچه,1401-humanities-booklet,203,1401-humanities-booklet,203,کدرشته‌محل منبع: 45763؛ عنوان رشته در منبع: آموزش ابتدایی؛ نحوه پذیرش: با آزمون (بخش دانشجو‌معلم)؛ استان در این ردیف مربوط به بومی‌گزینی/محل خدمت است
1401,آموزش ابتدایی,دانشگاه فرهنگیان,،پردیس شهید رجایی شیراز )مرکز آموزش عالی شهیدمطهری شیراز(,فارس,در جدول ذکر نشده,,تعهد خدمت,7,مرد,در جدول ذکر نشده,ادامه مخصوص داوطلبان بومی استان فارس؛ ،پردیس شهید رجایی شیراز )مرکز آموزش عالی شهیدمطهری شیراز(/ اولویت پذیرش با داوطلبان بومی شهرستانهای سپیدان ارسنجان، خرامه، سروستان، شیراز، کوار، مرودشت، بیضا، زرقان/محل خدمت کامفیروز؛ پذیرش دانشجو‌معلم با تعهد خدمت؛ ضوابط بخش فرهنگیان دفترچه,1401-humanities-booklet,203,1401-humanities-booklet,203,کدرشته‌محل منبع: 45764؛ عنوان رشته در منبع: آموزش ابتدایی؛ نحوه پذیرش: با آزمون (بخش دانشجو‌معلم)؛ استان در این ردیف مربوط به بومی‌گزینی/محل خدمت است
1401,آموزش ابتدایی,دانشگاه فرهنگیان,پردیس شهید رجایی شیراز )مرکز ،آموزش عالی شهیدمطهری شیراز(,فارس,در جدول ذکر نشده,,تعهد خدمت,6,مرد,در جدول ذکر نشده,ادامه مخصوص داوطلبان بومی استان فارس؛ پردیس شهید رجایی شیراز )مرکز ،آموزش عالی شهیدمطهری شیراز(/ اولویت پذیرش با داوطلبان بومی شهرستانهای سپیدان ارسنجان، خرامه، سروستان، شیراز، کوار، مرودشت، بیضا، زرقان/محل خدمت درودزن؛ پذیرش دانشجو‌معلم با تعهد خدمت؛ ضوابط بخش فرهنگیان دفترچه,1401-humanities-booklet,203,1401-humanities-booklet,203,کدرشته‌محل منبع: 45765؛ عنوان رشته در منبع: آموزش ابتدایی؛ نحوه پذیرش: با آزمون (بخش دانشجو‌معلم)؛ استان در این ردیف مربوط به بومی‌گزینی/محل خدمت است
1401,آموزش ابتدایی,دانشگاه فرهنگیان,پردیس شهید رجایی شیراز )مرکز آموزش عالی شهید بهشتی اقلید(,فارس,در جدول ذکر نشده,,تعهد خدمت,5,مرد,در جدول ذکر نشده,ادامه مخصوص داوطلبان بومی استان فارس؛ پردیس شهید رجایی شیراز )مرکز آموزش عالی شهید بهشتی اقلید(/ اولویت پذیرش با ،داوطلبان بومی شهرستانهای سپیدان، ارسنجان خرامه، سروستان، شیراز، کوار، مرودشت، بیضا، زرقان/محل خدمت ارسنجان؛ پذیرش دانشجو‌معلم با تعهد خدمت؛ ضوابط بخش فرهنگیان دفترچه,1401-humanities-booklet,203,1401-humanities-booklet,203,کدرشته‌محل منبع: 45766؛ عنوان رشته در منبع: آموزش ابتدایی؛ نحوه پذیرش: با آزمون (بخش دانشجو‌معلم)؛ استان در این ردیف مربوط به بومی‌گزینی/محل خدمت است
1401,آموزش ابتدایی,دانشگاه فرهنگیان,،پردیس شهید رجایی شیراز )مرکز آموزش عالی شهید بهشتی اقلید(,فارس,در جدول ذکر نشده,,تعهد خدمت,5,مرد,در جدول ذکر نشده,ادامه مخصوص داوطلبان بومی استان فارس؛ ،پردیس شهید رجایی شیراز )مرکز آموزش عالی شهید بهشتی اقلید(/ اولویت پذیرش با داوطلبان بومی شهرستانهای اقلید، آباده، بوانات پاسارگاد، خرم بید، سرچهان/محل خدمت پاسارگاد؛ پذیرش دانشجو‌معلم با تعهد خدمت؛ ضوابط بخش فرهنگیان دفترچه,1401-humanities-booklet,203,1401-humanities-booklet,203,کدرشته‌محل منبع: 45767؛ عنوان رشته در منبع: آموزش ابتدایی؛ نحوه پذیرش: با آزمون (بخش دانشجو‌معلم)؛ استان در این ردیف مربوط به بومی‌گزینی/محل خدمت است
1401,آموزش ابتدایی,دانشگاه فرهنگیان,،پردیس شهید رجایی شیراز )مرکز آموزش عالی شهید بهشتی اقلید(,فارس,در جدول ذکر نشده,,تعهد خدمت,5,مرد,در جدول ذکر نشده,ادامه مخصوص داوطلبان بومی استان فارس؛ ،پردیس شهید رجایی شیراز )مرکز آموزش عالی شهید بهشتی اقلید(/ اولویت پذیرش با داوطلبان بومی شهرستانهای رستم، کازرون ممسنی، کوه چنار/محل خدمت رستم؛ پذیرش دانشجو‌معلم با تعهد خدمت؛ ضوابط بخش فرهنگیان دفترچه,1401-humanities-booklet,203,1401-humanities-booklet,203,کدرشته‌محل منبع: 45768؛ عنوان رشته در منبع: آموزش ابتدایی؛ نحوه پذیرش: با آزمون (بخش دانشجو‌معلم)؛ استان در این ردیف مربوط به بومی‌گزینی/محل خدمت است
1401,آموزش ابتدایی,دانشگاه فرهنگیان,پردیس شهید رجایی شیراز )مرکز آموزش عالی شهید بهشتی اقلید(,فارس,در جدول ذکر نشده,,تعهد خدمت,5,مرد,در جدول ذکر نشده,ادامه مخصوص داوطلبان بومی استان فارس؛ پردیس شهید رجایی شیراز )مرکز آموزش عالی شهید بهشتی اقلید(/ اولویت پذیرش با داوطلبان بومی شهرستانهای استهبان، فسا، نی ریز، بختگان/محل خدمت نی ریز؛ پذیرش دانشجو‌معلم با تعهد خدمت؛ ضوابط بخش فرهنگیان دفترچه,1401-humanities-booklet,203,1401-humanities-booklet,203,کدرشته‌محل منبع: 45769؛ عنوان رشته در منبع: آموزش ابتدایی؛ نحوه پذیرش: با آزمون (بخش دانشجو‌معلم)؛ استان در این ردیف مربوط به بومی‌گزینی/محل خدمت است
1401,آموزش ابتدایی,دانشگاه فرهنگیان,پردیس شهید رجایی شیراز )مرکز آموزش عالی شهید بهشتی اقلید(,فارس,در جدول ذکر نشده,,تعهد خدمت,5,مرد,در جدول ذکر نشده,ادامه مخصوص داوطلبان بومی استان فارس؛ پردیس شهید رجایی شیراز )مرکز آموزش عالی شهید بهشتی اقلید(/ اولویت پذیرش با داوطلبان بومی شهرستانهای استهبان، فسا، نی ریز، بختگان/محل خدمت آباده طشک؛ پذیرش دانشجو‌معلم با تعهد خدمت؛ ضوابط بخش فرهنگیان دفترچه,1401-humanities-booklet,203,1401-humanities-booklet,203,کدرشته‌محل منبع: 45770؛ عنوان رشته در منبع: آموزش ابتدایی؛ نحوه پذیرش: با آزمون (بخش دانشجو‌معلم)؛ استان در این ردیف مربوط به بومی‌گزینی/محل خدمت است
1401,آموزش ابتدایی,دانشگاه فرهنگیان,پردیس شهید رجایی شیراز )مرکز آموزش عالی شهیدمطهری شیراز(,فارس,در جدول ذکر نشده,,تعهد خدمت,17,مرد,در جدول ذکر نشده,ادامه مخصوص داوطلبان بومی استان فارس؛ پردیس شهید رجایی شیراز )مرکز آموزش عالی شهیدمطهری شیراز(/ مخصوص داوطلبان بومی استان فارس/محل خدمت عشایری فارس؛ پذیرش دانشجو‌معلم با تعهد خدمت؛ ضوابط بخش فرهنگیان دفترچه,1401-humanities-booklet,203,1401-humanities-booklet,203,کدرشته‌محل منبع: 45771؛ عنوان رشته در منبع: آموزش ابتدایی؛ نحوه پذیرش: با آزمون (بخش دانشجو‌معلم)؛ استان در این ردیف مربوط به بومی‌گزینی/محل خدمت است
1401,آموزش ابتدایی,دانشگاه فرهنگیان,پردیس بنت الهدی صدر قزوین,فارس,در جدول ذکر نشده,,تعهد خدمت,6,زن,در جدول ذکر نشده,ادامه مخصوص داوطلبان بومی استان فارس؛ پردیس بنت الهدی صدر قزوین/ اولویت پذیرش با داوطلبان بومی شهرستان تاکستان/محل خدمت تاکستان؛ پذیرش دانشجو‌معلم با تعهد خدمت؛ ضوابط بخش فرهنگیان دفترچه,1401-humanities-booklet,207,1401-humanities-booklet,207,کدرشته‌محل منبع: 45877؛ عنوان رشته در منبع: آموزش ابتدایی؛ نحوه پذیرش: با آزمون (بخش دانشجو‌معلم)؛ استان در این ردیف مربوط به بومی‌گزینی/محل خدمت است
1401,آموزش ابتدایی,دانشگاه فرهنگیان,پردیس بنت الهدی صدر قزوین,فارس,در جدول ذکر نشده,,تعهد خدمت,1,زن,در جدول ذکر نشده,ادامه مخصوص داوطلبان بومی استان فارس؛ پردیس بنت الهدی صدر قزوین/ اولویت پذیرش با داوطلبان بومی شهرستان تاکستان/محل خدمت ضیاءآباد؛ پذیرش دانشجو‌معلم با تعهد خدمت؛ ضوابط بخش فرهنگیان دفترچه,1401-humanities-booklet,207,1401-humanities-booklet,207,کدرشته‌محل منبع: 45878؛ عنوان رشته در منبع: آموزش ابتدایی؛ نحوه پذیرش: با آزمون (بخش دانشجو‌معلم)؛ استان در این ردیف مربوط به بومی‌گزینی/محل خدمت است
1401,آموزش ابتدایی,دانشگاه فرهنگیان,پردیس بنت الهدی صدر قزوین,فارس,در جدول ذکر نشده,,تعهد خدمت,10,زن,در جدول ذکر نشده,ادامه مخصوص داوطلبان بومی استان فارس؛ پردیس بنت الهدی صدر قزوین/ اولویت پذیرش با داوطلبان بومی شهرستان قزوین/محل خدمت قزوین ناحیه1؛ پذیرش دانشجو‌معلم با تعهد خدمت؛ ضوابط بخش فرهنگیان دفترچه,1401-humanities-booklet,207,1401-humanities-booklet,207,کدرشته‌محل منبع: 45879؛ عنوان رشته در منبع: آموزش ابتدایی؛ نحوه پذیرش: با آزمون (بخش دانشجو‌معلم)؛ استان در این ردیف مربوط به بومی‌گزینی/محل خدمت است
1401,آموزش ابتدایی,دانشگاه فرهنگیان,پردیس بنت الهدی صدر قزوین,فارس,در جدول ذکر نشده,,تعهد خدمت,2,زن,در جدول ذکر نشده,ادامه مخصوص داوطلبان بومی استان فارس؛ پردیس بنت الهدی صدر قزوین/ اولویت پذیرش با داوطلبان بومی شهرستان قزوین/محل خدمت قزوین ناحیه2؛ پذیرش دانشجو‌معلم با تعهد خدمت؛ ضوابط بخش فرهنگیان دفترچه,1401-humanities-booklet,207,1401-humanities-booklet,207,کدرشته‌محل منبع: 45880؛ عنوان رشته در منبع: آموزش ابتدایی؛ نحوه پذیرش: با آزمون (بخش دانشجو‌معلم)؛ استان در این ردیف مربوط به بومی‌گزینی/محل خدمت است
1401,آموزش ابتدایی,دانشگاه فرهنگیان,پردیس بنت الهدی صدر قزوین,فارس,در جدول ذکر نشده,,تعهد خدمت,3,زن,در جدول ذکر نشده,ادامه مخصوص داوطلبان بومی استان فارس؛ پردیس بنت الهدی صدر قزوین/ اولویت پذیرش با داوطلبان بومی شهرستان آبیک/محل خدمت آبیک؛ پذیرش دانشجو‌معلم با تعهد خدمت؛ ضوابط بخش فرهنگیان دفترچه,1401-humanities-booklet,207,1401-humanities-booklet,207,کدرشته‌محل منبع: 45881؛ عنوان رشته در منبع: آموزش ابتدایی؛ نحوه پذیرش: با آزمون (بخش دانشجو‌معلم)؛ استان در این ردیف مربوط به بومی‌گزینی/محل خدمت است
1401,آموزش ابتدایی,دانشگاه فرهنگیان,پردیس بنت الهدی صدر قزوین,فارس,در جدول ذکر نشده,,تعهد خدمت,3,زن,در جدول ذکر نشده,ادامه مخصوص داوطلبان بومی استان فارس؛ پردیس بنت الهدی صدر قزوین/ اولویت پذیرش با داوطلبان بومی شهرستان آوج /محل خدمت آوج؛ پذیرش دانشجو‌معلم با تعهد خدمت؛ ضوابط بخش فرهنگیان دفترچه,1401-humanities-booklet,207,1401-humanities-booklet,207,کدرشته‌محل منبع: 45882؛ عنوان رشته در منبع: آموزش ابتدایی؛ نحوه پذیرش: با آزمون (بخش دانشجو‌معلم)؛ استان در این ردیف مربوط به بومی‌گزینی/محل خدمت است
1401,آموزش ابتدایی,دانشگاه فرهنگیان,پردیس بنت الهدی صدر قزوین,قزوین,در جدول ذکر نشده,,تعهد خدمت,8,زن,در جدول ذکر نشده,ادامه مخصوص داوطلبان بومی استان قزوین؛ پردیس بنت الهدی صدر قزوین/ اولویت پذیرش با داوطلبان بومی شهرستان بویین زهرا /محل خدمت بوئین زهرا؛ پذیرش دانشجو‌معلم با تعهد خدمت؛ ضوابط بخش فرهنگیان دفترچه,1401-humanities-booklet,208,1401-humanities-booklet,208,کدرشته‌محل منبع: 45883؛ عنوان رشته در منبع: آموزش ابتدایی؛ نحوه پذیرش: با آزمون (بخش دانشجو‌معلم)؛ استان در این ردیف مربوط به بومی‌گزینی/محل خدمت است
1401,آموزش ابتدایی,دانشگاه فرهنگیان,پردیس بنت الهدی صدر قزوین,قزوین,در جدول ذکر نشده,,تعهد خدمت,1,زن,در جدول ذکر نشده,ادامه مخصوص داوطلبان بومی استان قزوین؛ پردیس بنت الهدی صدر قزوین/ اولویت پذیرش با داوطلبان بومی شهرستان قزوین/محل خدمت رودبارالموت؛ پذیرش دانشجو‌معلم با تعهد خدمت؛ ضوابط بخش فرهنگیان دفترچه,1401-humanities-booklet,208,1401-humanities-booklet,208,کدرشته‌محل منبع: 45884؛ عنوان رشته در منبع: آموزش ابتدایی؛ نحوه پذیرش: با آزمون (بخش دانشجو‌معلم)؛ استان در این ردیف مربوط به بومی‌گزینی/محل خدمت است
1401,آموزش ابتدایی,دانشگاه فرهنگیان,پردیس بنت الهدی صدر قزوین,قزوین,در جدول ذکر نشده,,تعهد خدمت,1,زن,در جدول ذکر نشده,ادامه مخصوص داوطلبان بومی استان قزوین؛ پردیس بنت الهدی صدر قزوین/ اولویت پذیرش با داوطلبان بومی شهرستان قزوین/محل خدمت رودبارشهرستان؛ پذیرش دانشجو‌معلم با تعهد خدمت؛ ضوابط بخش فرهنگیان دفترچه,1401-humanities-booklet,208,1401-humanities-booklet,208,کدرشته‌محل منبع: 45885؛ عنوان رشته در منبع: آموزش ابتدایی؛ نحوه پذیرش: با آزمون (بخش دانشجو‌معلم)؛ استان در این ردیف مربوط به بومی‌گزینی/محل خدمت است
1401,آموزش ابتدایی,دانشگاه فرهنگیان,پردیس بنت الهدی صدر قزوین,قزوین,در جدول ذکر نشده,,تعهد خدمت,1,زن,در جدول ذکر نشده,ادامه مخصوص داوطلبان بومی استان قزوین؛ پردیس بنت الهدی صدر قزوین/ اولویت پذیرش با داوطلبان بومی شهرستان قزوین/محل خدمت طارم سفلی؛ پذیرش دانشجو‌معلم با تعهد خدمت؛ ضوابط بخش فرهنگیان دفترچه,1401-humanities-booklet,208,1401-humanities-booklet,208,کدرشته‌محل منبع: 45886؛ عنوان رشته در منبع: آموزش ابتدایی؛ نحوه پذیرش: با آزمون (بخش دانشجو‌معلم)؛ استان در این ردیف مربوط به بومی‌گزینی/محل خدمت است
1401,آموزش ابتدایی,دانشگاه فرهنگیان,پردیس بنت الهدی صدر قزوین,قزوین,در جدول ذکر نشده,,تعهد خدمت,3,زن,در جدول ذکر نشده,ادامه مخصوص داوطلبان بومی استان قزوین؛ پردیس بنت الهدی صدر قزوین/ اولویت پذیرش با داوطلبان بومی شهرستان تاکستان/محل خدمت خرمدشت؛ پذیرش دانشجو‌معلم با تعهد خدمت؛ ضوابط بخش فرهنگیان دفترچه,1401-humanities-booklet,208,1401-humanities-booklet,208,کدرشته‌محل منبع: 45887؛ عنوان رشته در منبع: آموزش ابتدایی؛ نحوه پذیرش: با آزمون (بخش دانشجو‌معلم)؛ استان در این ردیف مربوط به بومی‌گزینی/محل خدمت است
1401,آموزش ابتدایی,دانشگاه فرهنگیان,پردیس بنت الهدی صدر قزوین,قزوین,در جدول ذکر نشده,,تعهد خدمت,10,زن,در جدول ذکر نشده,ادامه مخصوص داوطلبان بومی استان قزوین؛ پردیس بنت الهدی صدر قزوین/ اولویت پذیرش با داوطلبان بومی شهرستان البرز/محل خدمت البرز؛ پذیرش دانشجو‌معلم با تعهد خدمت؛ ضوابط بخش فرهنگیان دفترچه,1401-humanities-booklet,208,1401-humanities-booklet,208,کدرشته‌محل منبع: 45888؛ عنوان رشته در منبع: آموزش ابتدایی؛ نحوه پذیرش: با آزمون (بخش دانشجو‌معلم)؛ استان در این ردیف مربوط به بومی‌گزینی/محل خدمت است
1401,آموزش ابتدایی,دانشگاه فرهنگیان,پردیس بنت الهدی صدر قزوین,قزوین,در جدول ذکر نشده,,تعهد خدمت,3,زن,در جدول ذکر نشده,ادامه مخصوص داوطلبان بومی استان قزوین؛ پردیس بنت الهدی صدر قزوین/ اولویت پذیرش با داوطلبان بومی شهرستان تاکستان/محل خدمت اسفرورین؛ پذیرش دانشجو‌معلم با تعهد خدمت؛ ضوابط بخش فرهنگیان دفترچه,1401-humanities-booklet,208,1401-humanities-booklet,208,کدرشته‌محل منبع: 45889؛ عنوان رشته در منبع: آموزش ابتدایی؛ نحوه پذیرش: با آزمون (بخش دانشجو‌معلم)؛ استان در این ردیف مربوط به بومی‌گزینی/محل خدمت است
1401,آموزش ابتدایی,دانشگاه فرهنگیان,پردیس بنت الهدی صدر قزوین,قزوین,در جدول ذکر نشده,,تعهد خدمت,2,زن,در جدول ذکر نشده,ادامه مخصوص داوطلبان بومی استان قزوین؛ پردیس بنت الهدی صدر قزوین/ اولویت پذیرش با داوطلبان بومی شهرستان بویین زهرا /محل خدمت شال؛ پذیرش دانشجو‌معلم با تعهد خدمت؛ ضوابط بخش فرهنگیان دفترچه,1401-humanities-booklet,208,1401-humanities-booklet,208,کدرشته‌محل منبع: 45890؛ عنوان رشته در منبع: آموزش ابتدایی؛ نحوه پذیرش: با آزمون (بخش دانشجو‌معلم)؛ استان در این ردیف مربوط به بومی‌گزینی/محل خدمت است
1401,آموزش ابتدایی,دانشگاه فرهنگیان,پردیس شهید رجایی قزوین,قزوین,در جدول ذکر نشده,,تعهد خدمت,8,مرد,در جدول ذکر نشده,ادامه مخصوص داوطلبان بومی استان قزوین؛ پردیس شهید رجایی قزوین/ اولویت پذیرش با داوطلبان بومی شهرستان تاکستان/محل خدمت تاکستان؛ پذیرش دانشجو‌معلم با تعهد خدمت؛ ضوابط بخش فرهنگیان دفترچه,1401-humanities-booklet,208,1401-humanities-booklet,208,کدرشته‌محل منبع: 45891؛ عنوان رشته در منبع: آموزش ابتدایی؛ نحوه پذیرش: با آزمون (بخش دانشجو‌معلم)؛ استان در این ردیف مربوط به بومی‌گزینی/محل خدمت است
1401,آموزش ابتدایی,دانشگاه فرهنگیان,پردیس شهید رجایی قزوین,قزوین,در جدول ذکر نشده,,تعهد خدمت,2,مرد,در جدول ذکر نشده,ادامه مخصوص داوطلبان بومی استان قزوین؛ پردیس شهید رجایی قزوین/ اولویت پذیرش با داوطلبان بومی شهرستان تاکستان/محل خدمت ضیاءآباد؛ پذیرش دانشجو‌معلم با تعهد خدمت؛ ضوابط بخش فرهنگیان دفترچه,1401-humanities-booklet,208,1401-humanities-booklet,208,کدرشته‌محل منبع: 45892؛ عنوان رشته در منبع: آموزش ابتدایی؛ نحوه پذیرش: با آزمون (بخش دانشجو‌معلم)؛ استان در این ردیف مربوط به بومی‌گزینی/محل خدمت است
1401,آموزش ابتدایی,دانشگاه فرهنگیان,پردیس شهید رجایی قزوین,قزوین,در جدول ذکر نشده,,تعهد خدمت,13,مرد,در جدول ذکر نشده,ادامه مخصوص داوطلبان بومی استان قزوین؛ پردیس شهید رجایی قزوین/ اولویت پذیرش با داوطلبان بومی شهرستان قزوین/محل خدمت قزوین ناحیه1؛ پذیرش دانشجو‌معلم با تعهد خدمت؛ ضوابط بخش فرهنگیان دفترچه,1401-humanities-booklet,208,1401-humanities-booklet,208,کدرشته‌محل منبع: 45893؛ عنوان رشته در منبع: آموزش ابتدایی؛ نحوه پذیرش: با آزمون (بخش دانشجو‌معلم)؛ استان در این ردیف مربوط به بومی‌گزینی/محل خدمت است
1401,آموزش ابتدایی,دانشگاه فرهنگیان,پردیس شهید رجایی قزوین,قزوین,در جدول ذکر نشده,,تعهد خدمت,2,مرد,در جدول ذکر نشده,ادامه مخصوص داوطلبان بومی استان قزوین؛ پردیس شهید رجایی قزوین/ اولویت پذیرش با داوطلبان بومی شهرستان قزوین/محل خدمت قزوین ناحیه2؛ پذیرش دانشجو‌معلم با تعهد خدمت؛ ضوابط بخش فرهنگیان دفترچه,1401-humanities-booklet,208,1401-humanities-booklet,208,کدرشته‌محل منبع: 45894؛ عنوان رشته در منبع: آموزش ابتدایی؛ نحوه پذیرش: با آزمون (بخش دانشجو‌معلم)؛ استان در این ردیف مربوط به بومی‌گزینی/محل خدمت است
1401,آموزش ابتدایی,دانشگاه فرهنگیان,پردیس شهید رجایی قزوین,قزوین,در جدول ذکر نشده,,تعهد خدمت,8,مرد,در جدول ذکر نشده,ادامه مخصوص داوطلبان بومی استان قزوین؛ پردیس شهید رجایی قزوین/ اولویت پذیرش با داوطلبان بومی شهرستان آبیک/محل خدمت آبیک؛ پذیرش دانشجو‌معلم با تعهد خدمت؛ ضوابط بخش فرهنگیان دفترچه,1401-humanities-booklet,208,1401-humanities-booklet,208,کدرشته‌محل منبع: 45895؛ عنوان رشته در منبع: آموزش ابتدایی؛ نحوه پذیرش: با آزمون (بخش دانشجو‌معلم)؛ استان در این ردیف مربوط به بومی‌گزینی/محل خدمت است
1401,آموزش ابتدایی,دانشگاه فرهنگیان,پردیس شهید رجایی قزوین,قزوین,در جدول ذکر نشده,,تعهد خدمت,6,مرد,در جدول ذکر نشده,ادامه مخصوص داوطلبان بومی استان قزوین؛ پردیس شهید رجایی قزوین/ اولویت پذیرش با داوطلبان بومی شهرستان آوج /محل خدمت آوج؛ پذیرش دانشجو‌معلم با تعهد خدمت؛ ضوابط بخش فرهنگیان دفترچه,1401-humanities-booklet,208,1401-humanities-booklet,208,کدرشته‌محل منبع: 45896؛ عنوان رشته در منبع: آموزش ابتدایی؛ نحوه پذیرش: با آزمون (بخش دانشجو‌معلم)؛ استان در این ردیف مربوط به بومی‌گزینی/محل خدمت است
1401,آموزش ابتدایی,دانشگاه فرهنگیان,پردیس شهید رجایی قزوین,قزوین,در جدول ذکر نشده,,تعهد خدمت,16,مرد,در جدول ذکر نشده,ادامه مخصوص داوطلبان بومی استان قزوین؛ پردیس شهید رجایی قزوین/ اولویت پذیرش با داوطلبان بومی شهرستان بویین زهرا /محل خدمت بوئین زهرا؛ پذیرش دانشجو‌معلم با تعهد خدمت؛ ضوابط بخش فرهنگیان دفترچه,1401-humanities-booklet,208,1401-humanities-booklet,208,کدرشته‌محل منبع: 45897؛ عنوان رشته در منبع: آموزش ابتدایی؛ نحوه پذیرش: با آزمون (بخش دانشجو‌معلم)؛ استان در این ردیف مربوط به بومی‌گزینی/محل خدمت است
1401,آموزش ابتدایی,دانشگاه فرهنگیان,پردیس شهید رجایی قزوین,قزوین,در جدول ذکر نشده,,تعهد خدمت,1,مرد,در جدول ذکر نشده,ادامه مخصوص داوطلبان بومی استان قزوین؛ پردیس شهید رجایی قزوین/ اولویت پذیرش با داوطلبان بومی شهرستان قزوین/محل خدمت رودبارالموت؛ پذیرش دانشجو‌معلم با تعهد خدمت؛ ضوابط بخش فرهنگیان دفترچه,1401-humanities-booklet,208,1401-humanities-booklet,208,کدرشته‌محل منبع: 45898؛ عنوان رشته در منبع: آموزش ابتدایی؛ نحوه پذیرش: با آزمون (بخش دانشجو‌معلم)؛ استان در این ردیف مربوط به بومی‌گزینی/محل خدمت است
1401,آموزش ابتدایی,دانشگاه فرهنگیان,پردیس شهید رجایی قزوین,قزوین,در جدول ذکر نشده,,تعهد خدمت,1,مرد,در جدول ذکر نشده,ادامه مخصوص داوطلبان بومی استان قزوین؛ پردیس شهید رجایی قزوین/ اولویت پذیرش با داوطلبان بومی شهرستان قزوین/محل خدمت رودبارشهرستان؛ پذیرش دانشجو‌معلم با تعهد خدمت؛ ضوابط بخش فرهنگیان دفترچه,1401-humanities-booklet,208,1401-humanities-booklet,208,کدرشته‌محل منبع: 45899؛ عنوان رشته در منبع: آموزش ابتدایی؛ نحوه پذیرش: با آزمون (بخش دانشجو‌معلم)؛ استان در این ردیف مربوط به بومی‌گزینی/محل خدمت است
1401,آموزش ابتدایی,دانشگاه فرهنگیان,پردیس شهید رجایی قزوین,قزوین,در جدول ذکر نشده,,تعهد خدمت,6,مرد,در جدول ذکر نشده,ادامه مخصوص داوطلبان بومی استان قزوین؛ پردیس شهید رجایی قزوین/ اولویت پذیرش با داوطلبان بومی شهرستان قزوین/محل خدمت طارم سفلی؛ پذیرش دانشجو‌معلم با تعهد خدمت؛ ضوابط بخش فرهنگیان دفترچه,1401-humanities-booklet,208,1401-humanities-booklet,208,کدرشته‌محل منبع: 45900؛ عنوان رشته در منبع: آموزش ابتدایی؛ نحوه پذیرش: با آزمون (بخش دانشجو‌معلم)؛ استان در این ردیف مربوط به بومی‌گزینی/محل خدمت است
1401,آموزش ابتدایی,دانشگاه فرهنگیان,پردیس شهید رجایی قزوین,قزوین,در جدول ذکر نشده,,تعهد خدمت,5,مرد,در جدول ذکر نشده,ادامه مخصوص داوطلبان بومی استان قزوین؛ پردیس شهید رجایی قزوین/ اولویت پذیرش با داوطلبان بومی شهرستان تاکستان/محل خدمت خرمدشت؛ پذیرش دانشجو‌معلم با تعهد خدمت؛ ضوابط بخش فرهنگیان دفترچه,1401-humanities-booklet,208,1401-humanities-booklet,208,کدرشته‌محل منبع: 45901؛ عنوان رشته در منبع: آموزش ابتدایی؛ نحوه پذیرش: با آزمون (بخش دانشجو‌معلم)؛ استان در این ردیف مربوط به بومی‌گزینی/محل خدمت است
1401,آموزش ابتدایی,دانشگاه فرهنگیان,پردیس شهید رجایی قزوین,قزوین,در جدول ذکر نشده,,تعهد خدمت,13,مرد,در جدول ذکر نشده,ادامه مخصوص داوطلبان بومی استان قزوین؛ پردیس شهید رجایی قزوین/ اولویت پذیرش با داوطلبان بومی شهرستان البرز/محل خدمت البرز؛ پذیرش دانشجو‌معلم با تعهد خدمت؛ ضوابط بخش فرهنگیان دفترچه,1401-humanities-booklet,208,1401-humanities-booklet,208,کدرشته‌محل منبع: 45902؛ عنوان رشته در منبع: آموزش ابتدایی؛ نحوه پذیرش: با آزمون (بخش دانشجو‌معلم)؛ استان در این ردیف مربوط به بومی‌گزینی/محل خدمت است
1401,آموزش ابتدایی,دانشگاه فرهنگیان,پردیس شهید رجایی قزوین,قزوین,در جدول ذکر نشده,,تعهد خدمت,3,مرد,در جدول ذکر نشده,ادامه مخصوص داوطلبان بومی استان قزوین؛ پردیس شهید رجایی قزوین/ اولویت پذیرش با داوطلبان بومی شهرستان تاکستان/محل خدمت اسفرورین؛ پذیرش دانشجو‌معلم با تعهد خدمت؛ ضوابط بخش فرهنگیان دفترچه,1401-humanities-booklet,208,1401-humanities-booklet,208,کدرشته‌محل منبع: 45903؛ عنوان رشته در منبع: آموزش ابتدایی؛ نحوه پذیرش: با آزمون (بخش دانشجو‌معلم)؛ استان در این ردیف مربوط به بومی‌گزینی/محل خدمت است
1401,آموزش ابتدایی,دانشگاه فرهنگیان,پردیس شهید رجایی قزوین,قزوین,در جدول ذکر نشده,,تعهد خدمت,5,مرد,در جدول ذکر نشده,ادامه مخصوص داوطلبان بومی استان قزوین؛ پردیس شهید رجایی قزوین/ اولویت پذیرش با داوطلبان بومی شهرستان بویین زهرا /محل خدمت شال؛ پذیرش دانشجو‌معلم با تعهد خدمت؛ ضوابط بخش فرهنگیان دفترچه,1401-humanities-booklet,208,1401-humanities-booklet,208,کدرشته‌محل منبع: 45904؛ عنوان رشته در منبع: آموزش ابتدایی؛ نحوه پذیرش: با آزمون (بخش دانشجو‌معلم)؛ استان در این ردیف مربوط به بومی‌گزینی/محل خدمت است
1401,آموزش ابتدایی,دانشگاه فرهنگیان,پردیس آیت اله طالقانی قم,قم,در جدول ذکر نشده,,تعهد خدمت,14,مرد,در جدول ذکر نشده,ادامه مخصوص داوطلبان بومی استان قم؛ پردیس آیت اله طالقانی قم/ مخصوص داوطلبان بومی استان قم/محل خدمت قم .ناحیه1؛ پذیرش دانشجو‌معلم با تعهد خدمت؛ ضوابط بخش فرهنگیان دفترچه,1401-humanities-booklet,209,1401-humanities-booklet,209,کدرشته‌محل منبع: 45920؛ عنوان رشته در منبع: آموزش ابتدایی؛ نحوه پذیرش: با آزمون (بخش دانشجو‌معلم)؛ استان در این ردیف مربوط به بومی‌گزینی/محل خدمت است
1401,آموزش ابتدایی,دانشگاه فرهنگیان,پردیس آیت اله طالقانی قم,قم,در جدول ذکر نشده,,تعهد خدمت,14,مرد,در جدول ذکر نشده,ادامه مخصوص داوطلبان بومی استان قم؛ پردیس آیت اله طالقانی قم/ مخصوص داوطلبان بومی استان قم/محل خدمت قم .ناحیه2؛ پذیرش دانشجو‌معلم با تعهد خدمت؛ ضوابط بخش فرهنگیان دفترچه,1401-humanities-booklet,209,1401-humanities-booklet,209,کدرشته‌محل منبع: 45921؛ عنوان رشته در منبع: آموزش ابتدایی؛ نحوه پذیرش: با آزمون (بخش دانشجو‌معلم)؛ استان در این ردیف مربوط به بومی‌گزینی/محل خدمت است
1401,آموزش ابتدایی,دانشگاه فرهنگیان,پردیس آیت اله طالقانی قم,قم,در جدول ذکر نشده,,تعهد خدمت,14,مرد,در جدول ذکر نشده,ادامه مخصوص داوطلبان بومی استان قم؛ پردیس آیت اله طالقانی قم/ مخصوص داوطلبان بومی استان قم/محل خدمت قم .ناحیه3؛ پذیرش دانشجو‌معلم با تعهد خدمت؛ ضوابط بخش فرهنگیان دفترچه,1401-humanities-booklet,209,1401-humanities-booklet,209,کدرشته‌محل منبع: 45922؛ عنوان رشته در منبع: آموزش ابتدایی؛ نحوه پذیرش: با آزمون (بخش دانشجو‌معلم)؛ استان در این ردیف مربوط به بومی‌گزینی/محل خدمت است
1401,آموزش ابتدایی,دانشگاه فرهنگیان,پردیس آیت اله طالقانی قم,قم,در جدول ذکر نشده,,تعهد خدمت,14,مرد,در جدول ذکر نشده,ادامه مخصوص داوطلبان بومی استان قم؛ پردیس آیت اله طالقانی قم/ مخصوص داوطلبان بومی استان قم/محل خدمت قم .ناحیه4؛ پذیرش دانشجو‌معلم با تعهد خدمت؛ ضوابط بخش فرهنگیان دفترچه,1401-humanities-booklet,209,1401-humanities-booklet,209,کدرشته‌محل منبع: 45923؛ عنوان رشته در منبع: آموزش ابتدایی؛ نحوه پذیرش: با آزمون (بخش دانشجو‌معلم)؛ استان در این ردیف مربوط به بومی‌گزینی/محل خدمت است
1401,آموزش ابتدایی,دانشگاه فرهنگیان,پردیس آیت اله طالقانی قم,قم,در جدول ذکر نشده,,تعهد خدمت,36,مرد,در جدول ذکر نشده,ادامه مخصوص داوطلبان بومی استان قم؛ پردیس آیت اله طالقانی قم/ مخصوص داوطلبان بومی استان قم/محل خدمت جعفرآباد؛ پذیرش دانشجو‌معلم با تعهد خدمت؛ ضوابط بخش فرهنگیان دفترچه,1401-humanities-booklet,209,1401-humanities-booklet,209,کدرشته‌محل منبع: 45924؛ عنوان رشته در منبع: آموزش ابتدایی؛ نحوه پذیرش: با آزمون (بخش دانشجو‌معلم)؛ استان در این ردیف مربوط به بومی‌گزینی/محل خدمت است
1401,آموزش ابتدایی,دانشگاه فرهنگیان,پردیس آیت اله طالقانی قم,قم,در جدول ذکر نشده,,تعهد خدمت,20,مرد,در جدول ذکر نشده,ادامه مخصوص داوطلبان بومی استان قم؛ پردیس آیت اله طالقانی قم/ مخصوص داوطلبان بومی استان قم/محل خدمت خلجستان؛ پذیرش دانشجو‌معلم با تعهد خدمت؛ ضوابط بخش فرهنگیان دفترچه,1401-humanities-booklet,209,1401-humanities-booklet,209,کدرشته‌محل منبع: 45925؛ عنوان رشته در منبع: آموزش ابتدایی؛ نحوه پذیرش: با آزمون (بخش دانشجو‌معلم)؛ استان در این ردیف مربوط به بومی‌گزینی/محل خدمت است
1401,آموزش ابتدایی,دانشگاه فرهنگیان,پردیس آیت اله طالقانی قم,قم,در جدول ذکر نشده,,تعهد خدمت,31,مرد,در جدول ذکر نشده,ادامه مخصوص داوطلبان بومی استان قم؛ پردیس آیت اله طالقانی قم/ مخصوص داوطلبان بومی استان قم/محل خدمت قم(کهک )نوفل لوشاتو.؛ پذیرش دانشجو‌معلم با تعهد خدمت؛ ضوابط بخش فرهنگیان دفترچه,1401-humanities-booklet,209,1401-humanities-booklet,209,کدرشته‌محل منبع: 45926؛ عنوان رشته در منبع: آموزش ابتدایی؛ نحوه پذیرش: با آزمون (بخش دانشجو‌معلم)؛ استان در این ردیف مربوط به بومی‌گزینی/محل خدمت است
1401,آموزش ابتدایی,دانشگاه فرهنگیان,پردیس حضرت معصومه)س( قم,قم,در جدول ذکر نشده,,تعهد خدمت,6,زن,در جدول ذکر نشده,ادامه مخصوص داوطلبان بومی استان قم؛ پردیس حضرت معصومه)س( قم/ مخصوص داوطلبان بومی استان قم/محل خدمت قم .ناحیه1؛ پذیرش دانشجو‌معلم با تعهد خدمت؛ ضوابط بخش فرهنگیان دفترچه,1401-humanities-booklet,209,1401-humanities-booklet,209,کدرشته‌محل منبع: 45927؛ عنوان رشته در منبع: آموزش ابتدایی؛ نحوه پذیرش: با آزمون (بخش دانشجو‌معلم)؛ استان در این ردیف مربوط به بومی‌گزینی/محل خدمت است
1401,آموزش ابتدایی,دانشگاه فرهنگیان,پردیس حضرت معصومه)س( قم,قم,در جدول ذکر نشده,,تعهد خدمت,6,زن,در جدول ذکر نشده,ادامه مخصوص داوطلبان بومی استان قم؛ پردیس حضرت معصومه)س( قم/ مخصوص داوطلبان بومی استان قم/محل خدمت قم .ناحیه2؛ پذیرش دانشجو‌معلم با تعهد خدمت؛ ضوابط بخش فرهنگیان دفترچه,1401-humanities-booklet,209,1401-humanities-booklet,209,کدرشته‌محل منبع: 45928؛ عنوان رشته در منبع: آموزش ابتدایی؛ نحوه پذیرش: با آزمون (بخش دانشجو‌معلم)؛ استان در این ردیف مربوط به بومی‌گزینی/محل خدمت است
1401,آموزش ابتدایی,دانشگاه فرهنگیان,پردیس حضرت معصومه)س( قم,قم,در جدول ذکر نشده,,تعهد خدمت,6,زن,در جدول ذکر نشده,ادامه مخصوص داوطلبان بومی استان قم؛ پردیس حضرت معصومه)س( قم/ مخصوص داوطلبان بومی استان قم/محل خدمت قم .ناحیه3؛ پذیرش دانشجو‌معلم با تعهد خدمت؛ ضوابط بخش فرهنگیان دفترچه,1401-humanities-booklet,209,1401-humanities-booklet,209,کدرشته‌محل منبع: 45929؛ عنوان رشته در منبع: آموزش ابتدایی؛ نحوه پذیرش: با آزمون (بخش دانشجو‌معلم)؛ استان در این ردیف مربوط به بومی‌گزینی/محل خدمت است
1401,آموزش ابتدایی,دانشگاه فرهنگیان,پردیس حضرت معصومه)س( قم,قم,در جدول ذکر نشده,,تعهد خدمت,6,زن,در جدول ذکر نشده,ادامه مخصوص داوطلبان بومی استان قم؛ پردیس حضرت معصومه)س( قم/ مخصوص داوطلبان بومی استان قم/محل خدمت قم .ناحیه4؛ پذیرش دانشجو‌معلم با تعهد خدمت؛ ضوابط بخش فرهنگیان دفترچه,1401-humanities-booklet,209,1401-humanities-booklet,209,کدرشته‌محل منبع: 45930؛ عنوان رشته در منبع: آموزش ابتدایی؛ نحوه پذیرش: با آزمون (بخش دانشجو‌معلم)؛ استان در این ردیف مربوط به بومی‌گزینی/محل خدمت است
1401,آموزش ابتدایی,دانشگاه فرهنگیان,پردیس حضرت معصومه)س( قم,قم,در جدول ذکر نشده,,تعهد خدمت,30,زن,در جدول ذکر نشده,ادامه مخصوص داوطلبان بومی استان قم؛ پردیس حضرت معصومه)س( قم/ مخصوص داوطلبان بومی استان قم/محل خدمت جعفرآباد؛ پذیرش دانشجو‌معلم با تعهد خدمت؛ ضوابط بخش فرهنگیان دفترچه,1401-humanities-booklet,209,1401-humanities-booklet,209,کدرشته‌محل منبع: 45931؛ عنوان رشته در منبع: آموزش ابتدایی؛ نحوه پذیرش: با آزمون (بخش دانشجو‌معلم)؛ استان در این ردیف مربوط به بومی‌گزینی/محل خدمت است
1401,آموزش ابتدایی,دانشگاه فرهنگیان,پردیس حضرت معصومه)س( قم,قم,در جدول ذکر نشده,,تعهد خدمت,14,زن,در جدول ذکر نشده,ادامه مخصوص داوطلبان بومی استان قم؛ پردیس حضرت معصومه)س( قم/ مخصوص داوطلبان بومی استان قم/محل خدمت خلجستان؛ پذیرش دانشجو‌معلم با تعهد خدمت؛ ضوابط بخش فرهنگیان دفترچه,1401-humanities-booklet,209,1401-humanities-booklet,209,کدرشته‌محل منبع: 45932؛ عنوان رشته در منبع: آموزش ابتدایی؛ نحوه پذیرش: با آزمون (بخش دانشجو‌معلم)؛ استان در این ردیف مربوط به بومی‌گزینی/محل خدمت است
1401,آموزش ابتدایی,دانشگاه فرهنگیان,(پردیس حضرت معصومه)س( قم,قم,در جدول ذکر نشده,,تعهد خدمت,26,زن,در جدول ذکر نشده,ادامه مخصوص داوطلبان بومی استان قم؛ (پردیس حضرت معصومه)س( قم/ مخصوص داوطلبان بومی استان قم/محل خدمت قم .کهک )نوفل لوشاتو؛ پذیرش دانشجو‌معلم با تعهد خدمت؛ ضوابط بخش فرهنگیان دفترچه,1401-humanities-booklet,209,1401-humanities-booklet,209,کدرشته‌محل منبع: 45933؛ عنوان رشته در منبع: آموزش ابتدایی؛ نحوه پذیرش: با آزمون (بخش دانشجو‌معلم)؛ استان در این ردیف مربوط به بومی‌گزینی/محل خدمت است
1401,آموزش ابتدایی,دانشگاه فرهنگیان,پردیس بنت الهدی صدر سنندج,کردستان,در جدول ذکر نشده,,تعهد خدمت,7,زن,در جدول ذکر نشده,مخصوص داوطلبان بومی استان کردستان؛ پردیس بنت الهدی صدر سنندج/ اولویت پذیرش با داوطلبان بومی شهرستانهای بانه، سقز/محل خدمت بانه؛ پذیرش دانشجو‌معلم با تعهد خدمت؛ ضوابط بخش فرهنگیان دفترچه,1401-humanities-booklet,210,1401-humanities-booklet,210,کدرشته‌محل منبع: 45946؛ عنوان رشته در منبع: آموزش ابتدایی؛ نحوه پذیرش: با آزمون (بخش دانشجو‌معلم)؛ استان در این ردیف مربوط به بومی‌گزینی/محل خدمت است
1401,آموزش ابتدایی,دانشگاه فرهنگیان,پردیس بنت الهدی صدر سنندج,کردستان,در جدول ذکر نشده,,تعهد خدمت,2,زن,در جدول ذکر نشده,مخصوص داوطلبان بومی استان کردستان؛ پردیس بنت الهدی صدر سنندج/ اولویت پذیرش با داوطلبان بومی شهرستانهای بانه، سقز/محل خدمت زیویه؛ پذیرش دانشجو‌معلم با تعهد خدمت؛ ضوابط بخش فرهنگیان دفترچه,1401-humanities-booklet,210,1401-humanities-booklet,210,کدرشته‌محل منبع: 45947؛ عنوان رشته در منبع: آموزش ابتدایی؛ نحوه پذیرش: با آزمون (بخش دانشجو‌معلم)؛ استان در این ردیف مربوط به بومی‌گزینی/محل خدمت است
1401,آموزش ابتدایی,دانشگاه فرهنگیان,پردیس بنت الهدی صدر سنندج,کردستان,در جدول ذکر نشده,,تعهد خدمت,6,زن,در جدول ذکر نشده,مخصوص داوطلبان بومی استان کردستان؛ پردیس بنت الهدی صدر سنندج/ اولویت پذیرش با داوطلبان بومی شهرستانهای بانه، سقز/محل خدمت سقز؛ پذیرش دانشجو‌معلم با تعهد خدمت؛ ضوابط بخش فرهنگیان دفترچه,1401-humanities-booklet,210,1401-humanities-booklet,210,کدرشته‌محل منبع: 45948؛ عنوان رشته در منبع: آموزش ابتدایی؛ نحوه پذیرش: با آزمون (بخش دانشجو‌معلم)؛ استان در این ردیف مربوط به بومی‌گزینی/محل خدمت است
1401,آموزش ابتدایی,دانشگاه فرهنگیان,پردیس بنت الهدی صدر سنندج,کردستان,در جدول ذکر نشده,,تعهد خدمت,4,زن,در جدول ذکر نشده,مخصوص داوطلبان بومی استان کردستان؛ پردیس بنت الهدی صدر سنندج/ اولویت پذیرش با داوطلبان بومی شهرستان بیجار/محل خدمت بیجار؛ پذیرش دانشجو‌معلم با تعهد خدمت؛ ضوابط بخش فرهنگیان دفترچه,1401-humanities-booklet,210,1401-humanities-booklet,210,کدرشته‌محل منبع: 45949؛ عنوان رشته در منبع: آموزش ابتدایی؛ نحوه پذیرش: با آزمون (بخش دانشجو‌معلم)؛ استان در این ردیف مربوط به بومی‌گزینی/محل خدمت است
1401,آموزش ابتدایی,دانشگاه فرهنگیان,پردیس بنت الهدی صدر سنندج,کردستان,در جدول ذکر نشده,,تعهد خدمت,2,زن,در جدول ذکر نشده,مخصوص داوطلبان بومی استان کردستان؛ پردیس بنت الهدی صدر سنندج/ اولویت پذیرش با داوطلبان بومی شهرستان بیجار/محل خدمت کرانی؛ پذیرش دانشجو‌معلم با تعهد خدمت؛ ضوابط بخش فرهنگیان دفترچه,1401-humanities-booklet,210,1401-humanities-booklet,210,کدرشته‌محل منبع: 45950؛ عنوان رشته در منبع: آموزش ابتدایی؛ نحوه پذیرش: با آزمون (بخش دانشجو‌معلم)؛ استان در این ردیف مربوط به بومی‌گزینی/محل خدمت است
1401,آموزش ابتدایی,دانشگاه فرهنگیان,پردیس بنت الهدی صدر سنندج,کردستان,در جدول ذکر نشده,,تعهد خدمت,3,زن,در جدول ذکر نشده,مخصوص داوطلبان بومی استان کردستان؛ پردیس بنت الهدی صدر سنندج/ اولویت پذیرش با داوطلبان بومی شهرستانهای قروه، دهگلان/محل خدمت دهگلان؛ پذیرش دانشجو‌معلم با تعهد خدمت؛ ضوابط بخش فرهنگیان دفترچه,1401-humanities-booklet,210,1401-humanities-booklet,210,کدرشته‌محل منبع: 45951؛ عنوان رشته در منبع: آموزش ابتدایی؛ نحوه پذیرش: با آزمون (بخش دانشجو‌معلم)؛ استان در این ردیف مربوط به بومی‌گزینی/محل خدمت است
1401,آموزش ابتدایی,دانشگاه فرهنگیان,پردیس بنت الهدی صدر سنندج,کردستان,در جدول ذکر نشده,,تعهد خدمت,2,زن,در جدول ذکر نشده,مخصوص داوطلبان بومی استان کردستان؛ پردیس بنت الهدی صدر سنندج/ اولویت پذیرش با داوطلبان بومی شهرستانهای قروه، دهگلان/محل خدمت سریش آباد؛ پذیرش دانشجو‌معلم با تعهد خدمت؛ ضوابط بخش فرهنگیان دفترچه,1401-humanities-booklet,210,1401-humanities-booklet,210,کدرشته‌محل منبع: 45952؛ عنوان رشته در منبع: آموزش ابتدایی؛ نحوه پذیرش: با آزمون (بخش دانشجو‌معلم)؛ استان در این ردیف مربوط به بومی‌گزینی/محل خدمت است
1401,آموزش ابتدایی,دانشگاه فرهنگیان,پردیس بنت الهدی صدر سنندج,کردستان,در جدول ذکر نشده,,تعهد خدمت,2,زن,در جدول ذکر نشده,مخصوص داوطلبان بومی استان کردستان؛ پردیس بنت الهدی صدر سنندج/ اولویت پذیرش با داوطلبان بومی شهرستانهای قروه، دهگلان/محل خدمت قروه؛ پذیرش دانشجو‌معلم با تعهد خدمت؛ ضوابط بخش فرهنگیان دفترچه,1401-humanities-booklet,210,1401-humanities-booklet,210,کدرشته‌محل منبع: 45953؛ عنوان رشته در منبع: آموزش ابتدایی؛ نحوه پذیرش: با آزمون (بخش دانشجو‌معلم)؛ استان در این ردیف مربوط به بومی‌گزینی/محل خدمت است
1401,آموزش ابتدایی,دانشگاه فرهنگیان,پردیس بنت الهدی صدر سنندج,کردستان,در جدول ذکر نشده,,تعهد خدمت,2,زن,در جدول ذکر نشده,مخصوص داوطلبان بومی استان کردستان؛ پردیس بنت الهدی صدر سنندج/ اولویت پذیرش با داوطلبان بومی شهرستانهای مریوان، سروآباد/محل خدمت سروآباد؛ پذیرش دانشجو‌معلم با تعهد خدمت؛ ضوابط بخش فرهنگیان دفترچه,1401-humanities-booklet,210,1401-humanities-booklet,210,کدرشته‌محل منبع: 45954؛ عنوان رشته در منبع: آموزش ابتدایی؛ نحوه پذیرش: با آزمون (بخش دانشجو‌معلم)؛ استان در این ردیف مربوط به بومی‌گزینی/محل خدمت است
1401,آموزش ابتدایی,دانشگاه فرهنگیان,پردیس بنت الهدی صدر سنندج,کردستان,در جدول ذکر نشده,,تعهد خدمت,6,زن,در جدول ذکر نشده,مخصوص داوطلبان بومی استان کردستان؛ پردیس بنت الهدی صدر سنندج/ اولویت پذیرش با داوطلبان بومی شهرستانهای مریوان، سروآباد/محل خدمت مریوان؛ پذیرش دانشجو‌معلم با تعهد خدمت؛ ضوابط بخش فرهنگیان دفترچه,1401-humanities-booklet,210,1401-humanities-booklet,210,کدرشته‌محل منبع: 45955؛ عنوان رشته در منبع: آموزش ابتدایی؛ نحوه پذیرش: با آزمون (بخش دانشجو‌معلم)؛ استان در این ردیف مربوط به بومی‌گزینی/محل خدمت است
1401,آموزش ابتدایی,دانشگاه فرهنگیان,پردیس بنت الهدی صدر سنندج,کردستان,در جدول ذکر نشده,,تعهد خدمت,4,زن,در جدول ذکر نشده,مخصوص داوطلبان بومی استان کردستان؛ پردیس بنت الهدی صدر سنندج/ اولویت پذیرش با داوطلبان بومی شهرستانهای سنندج، کامیاران، دیواندره/محل خدمت دیواندره؛ پذیرش دانشجو‌معلم با تعهد خدمت؛ ضوابط بخش فرهنگیان دفترچه,1401-humanities-booklet,210,1401-humanities-booklet,210,کدرشته‌محل منبع: 45956؛ عنوان رشته در منبع: آموزش ابتدایی؛ نحوه پذیرش: با آزمون (بخش دانشجو‌معلم)؛ استان در این ردیف مربوط به بومی‌گزینی/محل خدمت است
1401,آموزش ابتدایی,دانشگاه فرهنگیان,پردیس بنت الهدی صدر سنندج,کردستان,در جدول ذکر نشده,,تعهد خدمت,8,زن,در جدول ذکر نشده,مخصوص داوطلبان بومی استان کردستان؛ پردیس بنت الهدی صدر سنندج/ اولویت پذیرش با داوطلبان بومی شهرستانهای سنندج، کامیاران، دیواندره/محل خدمت سنندج ناحیه1؛ پذیرش دانشجو‌معلم با تعهد خدمت؛ ضوابط بخش فرهنگیان دفترچه,1401-humanities-booklet,210,1401-humanities-booklet,210,کدرشته‌محل منبع: 45957؛ عنوان رشته در منبع: آموزش ابتدایی؛ نحوه پذیرش: با آزمون (بخش دانشجو‌معلم)؛ استان در این ردیف مربوط به بومی‌گزینی/محل خدمت است
1401,آموزش ابتدایی,دانشگاه فرهنگیان,پردیس بنت الهدی صدر سنندج,کردستان,در جدول ذکر نشده,,تعهد خدمت,6,زن,در جدول ذکر نشده,مخصوص داوطلبان بومی استان کردستان؛ پردیس بنت الهدی صدر سنندج/ اولویت پذیرش با داوطلبان بومی شهرستانهای سنندج، کامیاران، دیواندره/محل خدمت سنندج ناحیه2؛ پذیرش دانشجو‌معلم با تعهد خدمت؛ ضوابط بخش فرهنگیان دفترچه,1401-humanities-booklet,210,1401-humanities-booklet,210,کدرشته‌محل منبع: 45958؛ عنوان رشته در منبع: آموزش ابتدایی؛ نحوه پذیرش: با آزمون (بخش دانشجو‌معلم)؛ استان در این ردیف مربوط به بومی‌گزینی/محل خدمت است
1401,آموزش ابتدایی,دانشگاه فرهنگیان,پردیس بنت الهدی صدر سنندج,کردستان,در جدول ذکر نشده,,تعهد خدمت,2,زن,در جدول ذکر نشده,مخصوص داوطلبان بومی استان کردستان؛ پردیس بنت الهدی صدر سنندج/ اولویت پذیرش با داوطلبان بومی شهرستانهای سنندج، کامیاران، دیواندره/محل خدمت کامیاران؛ پذیرش دانشجو‌معلم با تعهد خدمت؛ ضوابط بخش فرهنگیان دفترچه,1401-humanities-booklet,210,1401-humanities-booklet,210,کدرشته‌محل منبع: 45959؛ عنوان رشته در منبع: آموزش ابتدایی؛ نحوه پذیرش: با آزمون (بخش دانشجو‌معلم)؛ استان در این ردیف مربوط به بومی‌گزینی/محل خدمت است
1401,آموزش ابتدایی,دانشگاه فرهنگیان,پردیس بنت الهدی صدر سنندج,کردستان,در جدول ذکر نشده,,تعهد خدمت,2,زن,در جدول ذکر نشده,مخصوص داوطلبان بومی استان کردستان؛ پردیس بنت الهدی صدر سنندج/ اولویت پذیرش با داوطلبان بومی شهرستانهای سنندج، کامیاران، دیواندره/محل خدمت کلاترزان؛ پذیرش دانشجو‌معلم با تعهد خدمت؛ ضوابط بخش فرهنگیان دفترچه,1401-humanities-booklet,210,1401-humanities-booklet,210,کدرشته‌محل منبع: 45960؛ عنوان رشته در منبع: آموزش ابتدایی؛ نحوه پذیرش: با آزمون (بخش دانشجو‌معلم)؛ استان در این ردیف مربوط به بومی‌گزینی/محل خدمت است
1401,آموزش ابتدایی,دانشگاه فرهنگیان,پردیس بنت الهدی صدر سنندج,کردستان,در جدول ذکر نشده,,تعهد خدمت,2,زن,در جدول ذکر نشده,مخصوص داوطلبان بومی استان کردستان؛ پردیس بنت الهدی صدر سنندج/ اولویت پذیرش با داوطلبان بومی شهرستانهای سنندج، کامیاران، دیواندره/محل خدمت موچش؛ پذیرش دانشجو‌معلم با تعهد خدمت؛ ضوابط بخش فرهنگیان دفترچه,1401-humanities-booklet,210,1401-humanities-booklet,210,کدرشته‌محل منبع: 45961؛ عنوان رشته در منبع: آموزش ابتدایی؛ نحوه پذیرش: با آزمون (بخش دانشجو‌معلم)؛ استان در این ردیف مربوط به بومی‌گزینی/محل خدمت است
1401,آموزش ابتدایی,دانشگاه فرهنگیان,پردیس شهید مدرس سنندج,کردستان,در جدول ذکر نشده,,تعهد خدمت,7,مرد,در جدول ذکر نشده,مخصوص داوطلبان بومی استان کردستان؛ پردیس شهید مدرس سنندج/ اولویت پذیرش با داوطلبان بومی شهرستانهای بانه، سقز/محل خدمت بانه؛ پذیرش دانشجو‌معلم با تعهد خدمت؛ ضوابط بخش فرهنگیان دفترچه,1401-humanities-booklet,210,1401-humanities-booklet,210,کدرشته‌محل منبع: 45962؛ عنوان رشته در منبع: آموزش ابتدایی؛ نحوه پذیرش: با آزمون (بخش دانشجو‌معلم)؛ استان در این ردیف مربوط به بومی‌گزینی/محل خدمت است
1401,آموزش ابتدایی,دانشگاه فرهنگیان,پردیس شهید مدرس سنندج,کردستان,در جدول ذکر نشده,,تعهد خدمت,2,مرد,در جدول ذکر نشده,ادامه مخصوص داوطلبان بومی استان کردستان؛ پردیس شهید مدرس سنندج/ اولویت پذیرش با داوطلبان بومی شهرستانهای بانه، سقز/محل خدمت زیویه؛ پذیرش دانشجو‌معلم با تعهد خدمت؛ ضوابط بخش فرهنگیان دفترچه,1401-humanities-booklet,211,1401-humanities-booklet,211,کدرشته‌محل منبع: 45963؛ عنوان رشته در منبع: آموزش ابتدایی؛ نحوه پذیرش: با آزمون (بخش دانشجو‌معلم)؛ استان در این ردیف مربوط به بومی‌گزینی/محل خدمت است
1401,آموزش ابتدایی,دانشگاه فرهنگیان,پردیس شهید مدرس سنندج,کردستان,در جدول ذکر نشده,,تعهد خدمت,8,مرد,در جدول ذکر نشده,ادامه مخصوص داوطلبان بومی استان کردستان؛ پردیس شهید مدرس سنندج/ اولویت پذیرش با داوطلبان بومی شهرستانهای بانه، سقز/محل خدمت سقز؛ پذیرش دانشجو‌معلم با تعهد خدمت؛ ضوابط بخش فرهنگیان دفترچه,1401-humanities-booklet,211,1401-humanities-booklet,211,کدرشته‌محل منبع: 45964؛ عنوان رشته در منبع: آموزش ابتدایی؛ نحوه پذیرش: با آزمون (بخش دانشجو‌معلم)؛ استان در این ردیف مربوط به بومی‌گزینی/محل خدمت است
1401,آموزش ابتدایی,دانشگاه فرهنگیان,پردیس شهید مدرس سنندج,کردستان,در جدول ذکر نشده,,تعهد خدمت,5,مرد,در جدول ذکر نشده,ادامه مخصوص داوطلبان بومی استان کردستان؛ پردیس شهید مدرس سنندج/ اولویت پذیرش با داوطلبان بومی شهرستان بیجار/محل خدمت بیجار؛ پذیرش دانشجو‌معلم با تعهد خدمت؛ ضوابط بخش فرهنگیان دفترچه,1401-humanities-booklet,211,1401-humanities-booklet,211,کدرشته‌محل منبع: 45965؛ عنوان رشته در منبع: آموزش ابتدایی؛ نحوه پذیرش: با آزمون (بخش دانشجو‌معلم)؛ استان در این ردیف مربوط به بومی‌گزینی/محل خدمت است
1401,آموزش ابتدایی,دانشگاه فرهنگیان,پردیس شهید مدرس سنندج,کردستان,در جدول ذکر نشده,,تعهد خدمت,2,مرد,در جدول ذکر نشده,ادامه مخصوص داوطلبان بومی استان کردستان؛ پردیس شهید مدرس سنندج/ اولویت پذیرش با داوطلبان بومی شهرستان بیجار/محل خدمت کرانی؛ پذیرش دانشجو‌معلم با تعهد خدمت؛ ضوابط بخش فرهنگیان دفترچه,1401-humanities-booklet,211,1401-humanities-booklet,211,کدرشته‌محل منبع: 45966؛ عنوان رشته در منبع: آموزش ابتدایی؛ نحوه پذیرش: با آزمون (بخش دانشجو‌معلم)؛ استان در این ردیف مربوط به بومی‌گزینی/محل خدمت است
1401,آموزش ابتدایی,دانشگاه فرهنگیان,پردیس شهید مدرس سنندج,کردستان,در جدول ذکر نشده,,تعهد خدمت,4,مرد,در جدول ذکر نشده,ادامه مخصوص داوطلبان بومی استان کردستان؛ پردیس شهید مدرس سنندج/ اولویت پذیرش با داوطلبان بومی شهرستانهای قروه، دهگلان/محل خدمت دهگلان؛ پذیرش دانشجو‌معلم با تعهد خدمت؛ ضوابط بخش فرهنگیان دفترچه,1401-humanities-booklet,211,1401-humanities-booklet,211,کدرشته‌محل منبع: 45967؛ عنوان رشته در منبع: آموزش ابتدایی؛ نحوه پذیرش: با آزمون (بخش دانشجو‌معلم)؛ استان در این ردیف مربوط به بومی‌گزینی/محل خدمت است
1401,آموزش ابتدایی,دانشگاه فرهنگیان,پردیس شهید مدرس سنندج,کردستان,در جدول ذکر نشده,,تعهد خدمت,2,مرد,در جدول ذکر نشده,ادامه مخصوص داوطلبان بومی استان کردستان؛ پردیس شهید مدرس سنندج/ اولویت پذیرش با داوطلبان بومی شهرستانهای قروه، دهگلان/محل خدمت سریش آباد؛ پذیرش دانشجو‌معلم با تعهد خدمت؛ ضوابط بخش فرهنگیان دفترچه,1401-humanities-booklet,211,1401-humanities-booklet,211,کدرشته‌محل منبع: 45968؛ عنوان رشته در منبع: آموزش ابتدایی؛ نحوه پذیرش: با آزمون (بخش دانشجو‌معلم)؛ استان در این ردیف مربوط به بومی‌گزینی/محل خدمت است
1401,آموزش ابتدایی,دانشگاه فرهنگیان,پردیس شهید مدرس سنندج,کردستان,در جدول ذکر نشده,,تعهد خدمت,6,مرد,در جدول ذکر نشده,ادامه مخصوص داوطلبان بومی استان کردستان؛ پردیس شهید مدرس سنندج/ اولویت پذیرش با داوطلبان بومی شهرستانهای قروه، دهگلان/محل خدمت قروه؛ پذیرش دانشجو‌معلم با تعهد خدمت؛ ضوابط بخش فرهنگیان دفترچه,1401-humanities-booklet,211,1401-humanities-booklet,211,کدرشته‌محل منبع: 45969؛ عنوان رشته در منبع: آموزش ابتدایی؛ نحوه پذیرش: با آزمون (بخش دانشجو‌معلم)؛ استان در این ردیف مربوط به بومی‌گزینی/محل خدمت است
1401,آموزش ابتدایی,دانشگاه فرهنگیان,،پردیس شهید مدرس سنندج,کردستان,در جدول ذکر نشده,,تعهد خدمت,6,مرد,در جدول ذکر نشده,ادامه مخصوص داوطلبان بومی استان کردستان؛ ،پردیس شهید مدرس سنندج/ اولویت پذیرش با داوطلبان بومی شهرستانهای مریوان سروآباد/محل خدمت سروآباد؛ پذیرش دانشجو‌معلم با تعهد خدمت؛ ضوابط بخش فرهنگیان دفترچه,1401-humanities-booklet,211,1401-humanities-booklet,211,کدرشته‌محل منبع: 45970؛ عنوان رشته در منبع: آموزش ابتدایی؛ نحوه پذیرش: با آزمون (بخش دانشجو‌معلم)؛ استان در این ردیف مربوط به بومی‌گزینی/محل خدمت است
1401,آموزش ابتدایی,دانشگاه فرهنگیان,پردیس شهید مدرس سنندج,کردستان,در جدول ذکر نشده,,تعهد خدمت,8,مرد,در جدول ذکر نشده,ادامه مخصوص داوطلبان بومی استان کردستان؛ پردیس شهید مدرس سنندج/ اولویت پذیرش با داوطلبان بومی شهرستانهای مریوان، سروآباد/محل خدمت مریوان؛ پذیرش دانشجو‌معلم با تعهد خدمت؛ ضوابط بخش فرهنگیان دفترچه,1401-humanities-booklet,211,1401-humanities-booklet,211,کدرشته‌محل منبع: 45971؛ عنوان رشته در منبع: آموزش ابتدایی؛ نحوه پذیرش: با آزمون (بخش دانشجو‌معلم)؛ استان در این ردیف مربوط به بومی‌گزینی/محل خدمت است
1401,آموزش ابتدایی,دانشگاه فرهنگیان,،پردیس شهید مدرس سنندج,کردستان,در جدول ذکر نشده,,تعهد خدمت,7,مرد,در جدول ذکر نشده,ادامه مخصوص داوطلبان بومی استان کردستان؛ ،پردیس شهید مدرس سنندج/ اولویت پذیرش با داوطلبان بومی شهرستانهای سنندج، کامیاران دیواندره/محل خدمت دیواندره؛ پذیرش دانشجو‌معلم با تعهد خدمت؛ ضوابط بخش فرهنگیان دفترچه,1401-humanities-booklet,211,1401-humanities-booklet,211,کدرشته‌محل منبع: 45972؛ عنوان رشته در منبع: آموزش ابتدایی؛ نحوه پذیرش: با آزمون (بخش دانشجو‌معلم)؛ استان در این ردیف مربوط به بومی‌گزینی/محل خدمت است
1401,آموزش ابتدایی,دانشگاه فرهنگیان,پردیس شهید مدرس سنندج,کردستان,در جدول ذکر نشده,,تعهد خدمت,14,مرد,در جدول ذکر نشده,ادامه مخصوص داوطلبان بومی استان کردستان؛ پردیس شهید مدرس سنندج/ اولویت پذیرش با داوطلبان بومی شهرستانهای سنندج، کامیاران، دیواندره/محل خدمت سنندج ناحیه1؛ پذیرش دانشجو‌معلم با تعهد خدمت؛ ضوابط بخش فرهنگیان دفترچه,1401-humanities-booklet,211,1401-humanities-booklet,211,کدرشته‌محل منبع: 45973؛ عنوان رشته در منبع: آموزش ابتدایی؛ نحوه پذیرش: با آزمون (بخش دانشجو‌معلم)؛ استان در این ردیف مربوط به بومی‌گزینی/محل خدمت است
1401,آموزش ابتدایی,دانشگاه فرهنگیان,پردیس شهید مدرس سنندج,کردستان,در جدول ذکر نشده,,تعهد خدمت,12,مرد,در جدول ذکر نشده,ادامه مخصوص داوطلبان بومی استان کردستان؛ پردیس شهید مدرس سنندج/ اولویت پذیرش با داوطلبان بومی شهرستانهای سنندج، کامیاران، دیواندره/محل خدمت سنندج ناحیه2؛ پذیرش دانشجو‌معلم با تعهد خدمت؛ ضوابط بخش فرهنگیان دفترچه,1401-humanities-booklet,211,1401-humanities-booklet,211,کدرشته‌محل منبع: 45974؛ عنوان رشته در منبع: آموزش ابتدایی؛ نحوه پذیرش: با آزمون (بخش دانشجو‌معلم)؛ استان در این ردیف مربوط به بومی‌گزینی/محل خدمت است
1401,آموزش ابتدایی,دانشگاه فرهنگیان,پردیس شهید مدرس سنندج,کردستان,در جدول ذکر نشده,,تعهد خدمت,6,مرد,در جدول ذکر نشده,ادامه مخصوص داوطلبان بومی استان کردستان؛ پردیس شهید مدرس سنندج/ اولویت پذیرش با داوطلبان بومی شهرستانهای سنندج، کامیاران، دیواندره/محل خدمت کامیاران؛ پذیرش دانشجو‌معلم با تعهد خدمت؛ ضوابط بخش فرهنگیان دفترچه,1401-humanities-booklet,211,1401-humanities-booklet,211,کدرشته‌محل منبع: 45975؛ عنوان رشته در منبع: آموزش ابتدایی؛ نحوه پذیرش: با آزمون (بخش دانشجو‌معلم)؛ استان در این ردیف مربوط به بومی‌گزینی/محل خدمت است
1401,آموزش ابتدایی,دانشگاه فرهنگیان,پردیس شهید مدرس سنندج,کردستان,در جدول ذکر نشده,,تعهد خدمت,2,مرد,در جدول ذکر نشده,ادامه مخصوص داوطلبان بومی استان کردستان؛ پردیس شهید مدرس سنندج/ اولویت پذیرش با داوطلبان بومی شهرستانهای سنندج، کامیاران، دیواندره/محل خدمت کلاترزان؛ پذیرش دانشجو‌معلم با تعهد خدمت؛ ضوابط بخش فرهنگیان دفترچه,1401-humanities-booklet,211,1401-humanities-booklet,211,کدرشته‌محل منبع: 45976؛ عنوان رشته در منبع: آموزش ابتدایی؛ نحوه پذیرش: با آزمون (بخش دانشجو‌معلم)؛ استان در این ردیف مربوط به بومی‌گزینی/محل خدمت است
1401,آموزش ابتدایی,دانشگاه فرهنگیان,پردیس شهید مدرس سنندج,کردستان,در جدول ذکر نشده,,تعهد خدمت,2,مرد,در جدول ذکر نشده,ادامه مخصوص داوطلبان بومی استان کردستان؛ پردیس شهید مدرس سنندج/ اولویت پذیرش با داوطلبان بومی شهرستانهای سنندج، کامیاران، دیواندره/محل خدمت موچش؛ پذیرش دانشجو‌معلم با تعهد خدمت؛ ضوابط بخش فرهنگیان دفترچه,1401-humanities-booklet,211,1401-humanities-booklet,211,کدرشته‌محل منبع: 45977؛ عنوان رشته در منبع: آموزش ابتدایی؛ نحوه پذیرش: با آزمون (بخش دانشجو‌معلم)؛ استان در این ردیف مربوط به بومی‌گزینی/محل خدمت است
1401,آموزش ابتدایی,دانشگاه فرهنگیان,پردیس خواجه نصیر الدین طوسی کرمان,کرمان,در جدول ذکر نشده,,تعهد خدمت,4,مرد,در جدول ذکر نشده,ادامه مخصوص داوطلبان بومی استان کرمان؛ پردیس خواجه نصیر الدین طوسی کرمان/ اولویت پذیرش با داوطلبان بومی شهرستانهای ارزوییه، بافت، رابر/محل خدمت ارزوئیه؛ پذیرش دانشجو‌معلم با تعهد خدمت؛ ضوابط بخش فرهنگیان دفترچه,1401-humanities-booklet,212,1401-humanities-booklet,212,کدرشته‌محل منبع: 46005؛ عنوان رشته در منبع: آموزش ابتدایی؛ نحوه پذیرش: با آزمون (بخش دانشجو‌معلم)؛ استان در این ردیف مربوط به بومی‌گزینی/محل خدمت است
1401,آموزش ابتدایی,دانشگاه فرهنگیان,پردیس خواجه نصیر الدین طوسی کرمان,کرمان,در جدول ذکر نشده,,تعهد خدمت,2,مرد,در جدول ذکر نشده,ادامه مخصوص داوطلبان بومی استان کرمان؛ پردیس خواجه نصیر الدین طوسی کرمان/ اولویت پذیرش با داوطلبان بومی شهرستانهای رفسنجان، انار/محل خدمت انار؛ پذیرش دانشجو‌معلم با تعهد خدمت؛ ضوابط بخش فرهنگیان دفترچه,1401-humanities-booklet,212,1401-humanities-booklet,212,کدرشته‌محل منبع: 46006؛ عنوان رشته در منبع: آموزش ابتدایی؛ نحوه پذیرش: با آزمون (بخش دانشجو‌معلم)؛ استان در این ردیف مربوط به بومی‌گزینی/محل خدمت است
1401,آموزش ابتدایی,دانشگاه فرهنگیان,،پردیس خواجه نصیر الدین طوسی کرمان,کرمان,در جدول ذکر نشده,,تعهد خدمت,3,مرد,در جدول ذکر نشده,ادامه مخصوص داوطلبان بومی استان کرمان؛ ،پردیس خواجه نصیر الدین طوسی کرمان/ اولویت پذیرش با داوطلبان بومی شهرستانهای ارزوییه، بافت رابر/محل خدمت بافت؛ پذیرش دانشجو‌معلم با تعهد خدمت؛ ضوابط بخش فرهنگیان دفترچه,1401-humanities-booklet,212,1401-humanities-booklet,212,کدرشته‌محل منبع: 46007؛ عنوان رشته در منبع: آموزش ابتدایی؛ نحوه پذیرش: با آزمون (بخش دانشجو‌معلم)؛ استان در این ردیف مربوط به بومی‌گزینی/محل خدمت است
1401,آموزش ابتدایی,دانشگاه فرهنگیان,پردیس خواجه نصیر الدین طوسی کرمان,کرمان,در جدول ذکر نشده,,تعهد خدمت,5,مرد,در جدول ذکر نشده,ادامه مخصوص داوطلبان بومی استان کرمان؛ پردیس خواجه نصیر الدین طوسی کرمان/ اولویت پذیرش با داوطلبان بومی شهرستانهای سیرجان، بردسیر/محل خدمت بردسیر؛ پذیرش دانشجو‌معلم با تعهد خدمت؛ ضوابط بخش فرهنگیان دفترچه,1401-humanities-booklet,212,1401-humanities-booklet,212,کدرشته‌محل منبع: 46008؛ عنوان رشته در منبع: آموزش ابتدایی؛ نحوه پذیرش: با آزمون (بخش دانشجو‌معلم)؛ استان در این ردیف مربوط به بومی‌گزینی/محل خدمت است
1401,آموزش ابتدایی,دانشگاه فرهنگیان,پردیس خواجه نصیر الدین طوسی کرمان,کرمان,در جدول ذکر نشده,,تعهد خدمت,8,مرد,در جدول ذکر نشده,ادامه مخصوص داوطلبان بومی استان کرمان؛ پردیس خواجه نصیر الدین طوسی کرمان/ اولویت پذیرش با داوطلبان بومی شهرستانهای بم، نرماشیر، فهرج، ریگان/محل خدمت بم؛ پذیرش دانشجو‌معلم با تعهد خدمت؛ ضوابط بخش فرهنگیان دفترچه,1401-humanities-booklet,212,1401-humanities-booklet,212,کدرشته‌محل منبع: 46009؛ عنوان رشته در منبع: آموزش ابتدایی؛ نحوه پذیرش: با آزمون (بخش دانشجو‌معلم)؛ استان در این ردیف مربوط به بومی‌گزینی/محل خدمت است
1401,آموزش ابتدایی,دانشگاه فرهنگیان,،پردیس خواجه نصیر الدین طوسی کرمان,کرمان,در جدول ذکر نشده,,تعهد خدمت,6,مرد,در جدول ذکر نشده,ادامه مخصوص داوطلبان بومی استان کرمان؛ ،پردیس خواجه نصیر الدین طوسی کرمان/ اولویت پذیرش با داوطلبان بومی شهرستانهای جیرفت عنبرآباد/محل خدمت جیرفت؛ پذیرش دانشجو‌معلم با تعهد خدمت؛ ضوابط بخش فرهنگیان دفترچه,1401-humanities-booklet,213,1401-humanities-booklet,213,کدرشته‌محل منبع: 46010؛ عنوان رشته در منبع: آموزش ابتدایی؛ نحوه پذیرش: با آزمون (بخش دانشجو‌معلم)؛ استان در این ردیف مربوط به بومی‌گزینی/محل خدمت است
1401,آموزش ابتدایی,دانشگاه فرهنگیان,پردیس خواجه نصیر الدین طوسی کرمان,کرمان,در جدول ذکر نشده,,تعهد خدمت,4,مرد,در جدول ذکر نشده,ادامه مخصوص داوطلبان بومی استان کرمان؛ پردیس خواجه نصیر الدین طوسی کرمان/ اولویت پذیرش با داوطلبان بومی شهرستان کرمان/محل خدمت چترود؛ پذیرش دانشجو‌معلم با تعهد خدمت؛ ضوابط بخش فرهنگیان دفترچه,1401-humanities-booklet,213,1401-humanities-booklet,213,کدرشته‌محل منبع: 46011؛ عنوان رشته در منبع: آموزش ابتدایی؛ نحوه پذیرش: با آزمون (بخش دانشجو‌معلم)؛ استان در این ردیف مربوط به بومی‌گزینی/محل خدمت است
1401,آموزش ابتدایی,دانشگاه فرهنگیان,،پردیس خواجه نصیر الدین طوسی کرمان,کرمان,در جدول ذکر نشده,,تعهد خدمت,2,مرد,در جدول ذکر نشده,ادامه مخصوص داوطلبان بومی استان کرمان؛ ،پردیس خواجه نصیر الدین طوسی کرمان/ اولویت پذیرش با داوطلبان بومی شهرستانهای ارزوییه بافت، رابر/محل خدمت رابر؛ پذیرش دانشجو‌معلم با تعهد خدمت؛ ضوابط بخش فرهنگیان دفترچه,1401-humanities-booklet,213,1401-humanities-booklet,213,کدرشته‌محل منبع: 46012؛ عنوان رشته در منبع: آموزش ابتدایی؛ نحوه پذیرش: با آزمون (بخش دانشجو‌معلم)؛ استان در این ردیف مربوط به بومی‌گزینی/محل خدمت است
1401,آموزش ابتدایی,دانشگاه فرهنگیان,پردیس خواجه نصیر الدین طوسی کرمان,کرمان,در جدول ذکر نشده,,تعهد خدمت,3,مرد,در جدول ذکر نشده,ادامه مخصوص داوطلبان بومی استان کرمان؛ پردیس خواجه نصیر الدین طوسی کرمان/ اولویت پذیرش با داوطلبان بومی شهرستانهای زرند، کوهبنان، راور/محل خدمت راور؛ پذیرش دانشجو‌معلم با تعهد خدمت؛ ضوابط بخش فرهنگیان دفترچه,1401-humanities-booklet,213,1401-humanities-booklet,213,کدرشته‌محل منبع: 46013؛ عنوان رشته در منبع: آموزش ابتدایی؛ نحوه پذیرش: با آزمون (بخش دانشجو‌معلم)؛ استان در این ردیف مربوط به بومی‌گزینی/محل خدمت است
1401,آموزش ابتدایی,دانشگاه فرهنگیان,پردیس خواجه نصیر الدین طوسی کرمان,کرمان,در جدول ذکر نشده,,تعهد خدمت,3,مرد,در جدول ذکر نشده,ادامه مخصوص داوطلبان بومی استان کرمان؛ پردیس خواجه نصیر الدین طوسی کرمان/ اولویت پذیرش با داوطلبان بومی شهرستان کرمان/محل خدمت راین؛ پذیرش دانشجو‌معلم با تعهد خدمت؛ ضوابط بخش فرهنگیان دفترچه,1401-humanities-booklet,213,1401-humanities-booklet,213,کدرشته‌محل منبع: 46014؛ عنوان رشته در منبع: آموزش ابتدایی؛ نحوه پذیرش: با آزمون (بخش دانشجو‌معلم)؛ استان در این ردیف مربوط به بومی‌گزینی/محل خدمت است
1401,آموزش ابتدایی,دانشگاه فرهنگیان,پردیس خواجه نصیر الدین طوسی کرمان,کرمان,در جدول ذکر نشده,,تعهد خدمت,10,مرد,در جدول ذکر نشده,ادامه مخصوص داوطلبان بومی استان کرمان؛ پردیس خواجه نصیر الدین طوسی کرمان/ اولویت پذیرش با داوطلبان بومی شهرستانهای رفسنجان، انار/محل خدمت رفسنجان؛ پذیرش دانشجو‌معلم با تعهد خدمت؛ ضوابط بخش فرهنگیان دفترچه,1401-humanities-booklet,213,1401-humanities-booklet,213,کدرشته‌محل منبع: 46015؛ عنوان رشته در منبع: آموزش ابتدایی؛ نحوه پذیرش: با آزمون (بخش دانشجو‌معلم)؛ استان در این ردیف مربوط به بومی‌گزینی/محل خدمت است
1401,آموزش ابتدایی,دانشگاه فرهنگیان,پردیس خواجه نصیر الدین طوسی کرمان,کرمان,در جدول ذکر نشده,,تعهد خدمت,8,مرد,در جدول ذکر نشده,ادامه مخصوص داوطلبان بومی استان کرمان؛ پردیس خواجه نصیر الدین طوسی کرمان/ اولویت پذیرش با داوطلبان بومی ،شهرستانهای رودبارجنوب، فاریاب، قلعه گنج، کهنوج منوجان/محل خدمت رودبارکرمان؛ پذیرش دانشجو‌معلم با تعهد خدمت؛ ضوابط بخش فرهنگیان دفترچه,1401-humanities-booklet,213,1401-humanities-booklet,213,کدرشته‌محل منبع: 46016؛ عنوان رشته در منبع: آموزش ابتدایی؛ نحوه پذیرش: با آزمون (بخش دانشجو‌معلم)؛ استان در این ردیف مربوط به بومی‌گزینی/محل خدمت است
1401,آموزش ابتدایی,دانشگاه فرهنگیان,پردیس خواجه نصیر الدین طوسی کرمان,کرمان,در جدول ذکر نشده,,تعهد خدمت,5,مرد,در جدول ذکر نشده,ادامه مخصوص داوطلبان بومی استان کرمان؛ پردیس خواجه نصیر الدین طوسی کرمان/ اولویت پذیرش با داوطلبان بومی شهرستانهای بم، نرماشیر، فهرج، ریگان/محل خدمت ریگان؛ پذیرش دانشجو‌معلم با تعهد خدمت؛ ضوابط بخش فرهنگیان دفترچه,1401-humanities-booklet,213,1401-humanities-booklet,213,کدرشته‌محل منبع: 46017؛ عنوان رشته در منبع: آموزش ابتدایی؛ نحوه پذیرش: با آزمون (بخش دانشجو‌معلم)؛ استان در این ردیف مربوط به بومی‌گزینی/محل خدمت است
1401,آموزش ابتدایی,دانشگاه فرهنگیان,پردیس خواجه نصیر الدین طوسی کرمان,کرمان,در جدول ذکر نشده,,تعهد خدمت,8,مرد,در جدول ذکر نشده,ادامه مخصوص داوطلبان بومی استان کرمان؛ پردیس خواجه نصیر الدین طوسی کرمان/ اولویت پذیرش با داوطلبان بومی شهرستانهای زرند، کوهبنان، راور/محل خدمت زرند؛ پذیرش دانشجو‌معلم با تعهد خدمت؛ ضوابط بخش فرهنگیان دفترچه,1401-humanities-booklet,213,1401-humanities-booklet,213,کدرشته‌محل منبع: 46018؛ عنوان رشته در منبع: آموزش ابتدایی؛ نحوه پذیرش: با آزمون (بخش دانشجو‌معلم)؛ استان در این ردیف مربوط به بومی‌گزینی/محل خدمت است
1401,آموزش ابتدایی,دانشگاه فرهنگیان,پردیس خواجه نصیر الدین طوسی کرمان,کرمان,در جدول ذکر نشده,,تعهد خدمت,10,مرد,در جدول ذکر نشده,ادامه مخصوص داوطلبان بومی استان کرمان؛ پردیس خواجه نصیر الدین طوسی کرمان/ اولویت پذیرش با داوطلبان بومی شهرستانهای سیرجان، بردسیر/محل خدمت سیرجان؛ پذیرش دانشجو‌معلم با تعهد خدمت؛ ضوابط بخش فرهنگیان دفترچه,1401-humanities-booklet,213,1401-humanities-booklet,213,کدرشته‌محل منبع: 46019؛ عنوان رشته در منبع: آموزش ابتدایی؛ نحوه پذیرش: با آزمون (بخش دانشجو‌معلم)؛ استان در این ردیف مربوط به بومی‌گزینی/محل خدمت است
1401,آموزش ابتدایی,دانشگاه فرهنگیان,پردیس خواجه نصیر الدین طوسی کرمان,کرمان,در جدول ذکر نشده,,تعهد خدمت,5,مرد,در جدول ذکر نشده,ادامه مخصوص داوطلبان بومی استان کرمان؛ پردیس خواجه نصیر الدین طوسی کرمان/ اولویت پذیرش با داوطلبان بومی شهرستان کرمان/محل خدمت شهداد؛ پذیرش دانشجو‌معلم با تعهد خدمت؛ ضوابط بخش فرهنگیان دفترچه,1401-humanities-booklet,213,1401-humanities-booklet,213,کدرشته‌محل منبع: 46020؛ عنوان رشته در منبع: آموزش ابتدایی؛ نحوه پذیرش: با آزمون (بخش دانشجو‌معلم)؛ استان در این ردیف مربوط به بومی‌گزینی/محل خدمت است
1401,آموزش ابتدایی,دانشگاه فرهنگیان,پردیس خواجه نصیر الدین طوسی کرمان,کرمان,در جدول ذکر نشده,,تعهد خدمت,7,مرد,در جدول ذکر نشده,ادامه مخصوص داوطلبان بومی استان کرمان؛ پردیس خواجه نصیر الدین طوسی کرمان/ اولویت پذیرش با داوطلبان بومی شهرستان شهربابک/محل خدمت شهربابک؛ پذیرش دانشجو‌معلم با تعهد خدمت؛ ضوابط بخش فرهنگیان دفترچه,1401-humanities-booklet,213,1401-humanities-booklet,213,کدرشته‌محل منبع: 46021؛ عنوان رشته در منبع: آموزش ابتدایی؛ نحوه پذیرش: با آزمون (بخش دانشجو‌معلم)؛ استان در این ردیف مربوط به بومی‌گزینی/محل خدمت است
1401,آموزش ابتدایی,دانشگاه فرهنگیان,،پردیس خواجه نصیر الدین طوسی کرمان,کرمان,در جدول ذکر نشده,,تعهد خدمت,10,مرد,در جدول ذکر نشده,ادامه مخصوص داوطلبان بومی استان کرمان؛ ،پردیس خواجه نصیر الدین طوسی کرمان/ اولویت پذیرش با داوطلبان بومی شهرستانهای ارزوییه، بافت، رابر، سیرجان، جیرفت رودبارجنوب، عنبرآباد، فاریاب، قلعه گنج، منوجان، کهنوج، بم، ریگان، فهرج، نرماشیر/محل خدمت عشایری کرمان؛ پذیرش دانشجو‌معلم با تعهد خدمت؛ ضوابط بخش فرهنگیان دفترچه,1401-humanities-booklet,213,1401-humanities-booklet,213,کدرشته‌محل منبع: 46022؛ عنوان رشته در منبع: آموزش ابتدایی؛ نحوه پذیرش: با آزمون (بخش دانشجو‌معلم)؛ استان در این ردیف مربوط به بومی‌گزینی/محل خدمت است
1401,آموزش ابتدایی,دانشگاه فرهنگیان,پردیس خواجه نصیر الدین طوسی کرمان,کرمان,در جدول ذکر نشده,,تعهد خدمت,5,مرد,در جدول ذکر نشده,ادامه مخصوص داوطلبان بومی استان کرمان؛ پردیس خواجه نصیر الدین طوسی کرمان/ اولویت پذیرش با داوطلبان بومی شهرستانهای جیرفت، عنبرآباد/محل خدمت عنبرآباد؛ پذیرش دانشجو‌معلم با تعهد خدمت؛ ضوابط بخش فرهنگیان دفترچه,1401-humanities-booklet,213,1401-humanities-booklet,213,کدرشته‌محل منبع: 46023؛ عنوان رشته در منبع: آموزش ابتدایی؛ نحوه پذیرش: با آزمون (بخش دانشجو‌معلم)؛ استان در این ردیف مربوط به بومی‌گزینی/محل خدمت است
1401,آموزش ابتدایی,دانشگاه فرهنگیان,،پردیس خواجه نصیر الدین طوسی کرمان,کرمان,در جدول ذکر نشده,,تعهد خدمت,4,مرد,در جدول ذکر نشده,ادامه مخصوص داوطلبان بومی استان کرمان؛ ،پردیس خواجه نصیر الدین طوسی کرمان/ اولویت پذیرش با داوطلبان بومی شهرستانهای رودبارجنوب، فاریاب، قلعه گنج، کهنوج منوجان/محل خدمت فاریاب؛ پذیرش دانشجو‌معلم با تعهد خدمت؛ ضوابط بخش فرهنگیان دفترچه,1401-humanities-booklet,213,1401-humanities-booklet,213,کدرشته‌محل منبع: 46024؛ عنوان رشته در منبع: آموزش ابتدایی؛ نحوه پذیرش: با آزمون (بخش دانشجو‌معلم)؛ استان در این ردیف مربوط به بومی‌گزینی/محل خدمت است
1401,آموزش ابتدایی,دانشگاه فرهنگیان,پردیس خواجه نصیر الدین طوسی کرمان,کرمان,در جدول ذکر نشده,,تعهد خدمت,5,مرد,در جدول ذکر نشده,ادامه مخصوص داوطلبان بومی استان کرمان؛ پردیس خواجه نصیر الدین طوسی کرمان/ اولویت پذیرش با داوطلبان بومی شهرستانهای بم، نرماشیر، فهرج، ریگان/محل خدمت فهرج؛ پذیرش دانشجو‌معلم با تعهد خدمت؛ ضوابط بخش فرهنگیان دفترچه,1401-humanities-booklet,213,1401-humanities-booklet,213,کدرشته‌محل منبع: 46025؛ عنوان رشته در منبع: آموزش ابتدایی؛ نحوه پذیرش: با آزمون (بخش دانشجو‌معلم)؛ استان در این ردیف مربوط به بومی‌گزینی/محل خدمت است
1401,آموزش ابتدایی,دانشگاه فرهنگیان,پردیس خواجه نصیر الدین طوسی کرمان,کرمان,در جدول ذکر نشده,,تعهد خدمت,4,مرد,در جدول ذکر نشده,ادامه مخصوص داوطلبان بومی استان کرمان؛ پردیس خواجه نصیر الدین طوسی کرمان/ اولویت پذیرش با داوطلبان بومی شهرستانهای ،رودبارجنوب، فاریاب، قلعه گنج، کهنوج منوجان/محل خدمت قلعه گنج؛ پذیرش دانشجو‌معلم با تعهد خدمت؛ ضوابط بخش فرهنگیان دفترچه,1401-humanities-booklet,213,1401-humanities-booklet,213,کدرشته‌محل منبع: 46026؛ عنوان رشته در منبع: آموزش ابتدایی؛ نحوه پذیرش: با آزمون (بخش دانشجو‌معلم)؛ استان در این ردیف مربوط به بومی‌گزینی/محل خدمت است
1401,آموزش ابتدایی,دانشگاه فرهنگیان,پردیس خواجه نصیر الدین طوسی کرمان,کرمان,در جدول ذکر نشده,,تعهد خدمت,6,مرد,در جدول ذکر نشده,ادامه مخصوص داوطلبان بومی استان کرمان؛ پردیس خواجه نصیر الدین طوسی کرمان/ اولویت پذیرش با داوطلبان بومی شهرستان کرمان/محل خدمت کرمان .ناحیه1؛ پذیرش دانشجو‌معلم با تعهد خدمت؛ ضوابط بخش فرهنگیان دفترچه,1401-humanities-booklet,213,1401-humanities-booklet,213,کدرشته‌محل منبع: 46027؛ عنوان رشته در منبع: آموزش ابتدایی؛ نحوه پذیرش: با آزمون (بخش دانشجو‌معلم)؛ استان در این ردیف مربوط به بومی‌گزینی/محل خدمت است
1401,آموزش ابتدایی,دانشگاه فرهنگیان,,کرمان,در جدول ذکر نشده,,تعهد خدمت,7,مرد,در جدول ذکر نشده,ادامه مخصوص داوطلبان بومی استان کرمان؛ /پردیس خواجه نصیر الدین طوسی کرمان اولویت پذیرش با داوطلبان بومی شهرستان کرمان/محل خدمت کرمان .ناحیه2؛ پذیرش دانشجو‌معلم با تعهد خدمت؛ ضوابط بخش فرهنگیان دفترچه,1401-humanities-booklet,213,1401-humanities-booklet,213,کدرشته‌محل منبع: 46028؛ عنوان رشته در منبع: آموزش ابتدایی؛ نحوه پذیرش: با آزمون (بخش دانشجو‌معلم)؛ استان در این ردیف مربوط به بومی‌گزینی/محل خدمت است
1401,آموزش ابتدایی,دانشگاه فرهنگیان,پردیس خواجه نصیر الدین طوسی کرمان,کرمان,در جدول ذکر نشده,,تعهد خدمت,2,مرد,در جدول ذکر نشده,ادامه مخصوص داوطلبان بومی استان کرمان؛ پردیس خواجه نصیر الدین طوسی کرمان/ اولویت پذیرش با داوطلبان بومی شهرستانهای رفسنجان، انار/محل خدمت کشکوئیه؛ پذیرش دانشجو‌معلم با تعهد خدمت؛ ضوابط بخش فرهنگیان دفترچه,1401-humanities-booklet,213,1401-humanities-booklet,213,کدرشته‌محل منبع: 46029؛ عنوان رشته در منبع: آموزش ابتدایی؛ نحوه پذیرش: با آزمون (بخش دانشجو‌معلم)؛ استان در این ردیف مربوط به بومی‌گزینی/محل خدمت است
1401,آموزش ابتدایی,دانشگاه فرهنگیان,پردیس خواجه نصیر الدین طوسی ،کرمان,کرمان,در جدول ذکر نشده,,تعهد خدمت,5,مرد,در جدول ذکر نشده,ادامه مخصوص داوطلبان بومی استان کرمان؛ پردیس خواجه نصیر الدین طوسی ،کرمان/ اولویت پذیرش با داوطلبان بومی شهرستانهای رودبارجنوب، فاریاب، قلعه گنج، کهنوج منوجان/محل خدمت کهنوج؛ پذیرش دانشجو‌معلم با تعهد خدمت؛ ضوابط بخش فرهنگیان دفترچه,1401-humanities-booklet,213,1401-humanities-booklet,213,کدرشته‌محل منبع: 46030؛ عنوان رشته در منبع: آموزش ابتدایی؛ نحوه پذیرش: با آزمون (بخش دانشجو‌معلم)؛ استان در این ردیف مربوط به بومی‌گزینی/محل خدمت است
1401,آموزش ابتدایی,دانشگاه فرهنگیان,پردیس خواجه نصیر الدین طوسی کرمان,کرمان,در جدول ذکر نشده,,تعهد خدمت,3,مرد,در جدول ذکر نشده,ادامه مخصوص داوطلبان بومی استان کرمان؛ پردیس خواجه نصیر الدین طوسی کرمان/ اولویت پذیرش با داوطلبان بومی شهرستانهای زرند، کوهبنان، راور/محل خدمت کوهبنان؛ پذیرش دانشجو‌معلم با تعهد خدمت؛ ضوابط بخش فرهنگیان دفترچه,1401-humanities-booklet,213,1401-humanities-booklet,213,کدرشته‌محل منبع: 46031؛ عنوان رشته در منبع: آموزش ابتدایی؛ نحوه پذیرش: با آزمون (بخش دانشجو‌معلم)؛ استان در این ردیف مربوط به بومی‌گزینی/محل خدمت است
1401,آموزش ابتدایی,دانشگاه فرهنگیان,پردیس خواجه نصیر الدین طوسی کرمان,کرمان,در جدول ذکر نشده,,تعهد خدمت,3,مرد,در جدول ذکر نشده,ادامه مخصوص داوطلبان بومی استان کرمان؛ پردیس خواجه نصیر الدین طوسی کرمان/ اولویت پذیرش با داوطلبان بومی شهرستان کرمان/محل خدمت گلباف؛ پذیرش دانشجو‌معلم با تعهد خدمت؛ ضوابط بخش فرهنگیان دفترچه,1401-humanities-booklet,213,1401-humanities-booklet,213,کدرشته‌محل منبع: 46032؛ عنوان رشته در منبع: آموزش ابتدایی؛ نحوه پذیرش: با آزمون (بخش دانشجو‌معلم)؛ استان در این ردیف مربوط به بومی‌گزینی/محل خدمت است
1401,آموزش ابتدایی,دانشگاه فرهنگیان,پردیس خواجه نصیر الدین طوسی کرمان,کرمان,در جدول ذکر نشده,,تعهد خدمت,4,مرد,در جدول ذکر نشده,ادامه مخصوص داوطلبان بومی استان کرمان؛ پردیس خواجه نصیر الدین طوسی کرمان/ اولویت پذیرش با داوطلبان بومی شهرستان کرمان/محل خدمت ماهان؛ پذیرش دانشجو‌معلم با تعهد خدمت؛ ضوابط بخش فرهنگیان دفترچه,1401-humanities-booklet,213,1401-humanities-booklet,213,کدرشته‌محل منبع: 46033؛ عنوان رشته در منبع: آموزش ابتدایی؛ نحوه پذیرش: با آزمون (بخش دانشجو‌معلم)؛ استان در این ردیف مربوط به بومی‌گزینی/محل خدمت است
1401,آموزش ابتدایی,دانشگاه فرهنگیان,،پردیس خواجه نصیر الدین طوسی کرمان,کرمان,در جدول ذکر نشده,,تعهد خدمت,5,مرد,در جدول ذکر نشده,ادامه مخصوص داوطلبان بومی استان کرمان؛ ،پردیس خواجه نصیر الدین طوسی کرمان/ اولویت پذیرش با داوطلبان بومی شهرستانهای رودبارجنوب، فاریاب، قلعه گنج، کهنوج منوجان/محل خدمت منوجان؛ پذیرش دانشجو‌معلم با تعهد خدمت؛ ضوابط بخش فرهنگیان دفترچه,1401-humanities-booklet,213,1401-humanities-booklet,213,کدرشته‌محل منبع: 46034؛ عنوان رشته در منبع: آموزش ابتدایی؛ نحوه پذیرش: با آزمون (بخش دانشجو‌معلم)؛ استان در این ردیف مربوط به بومی‌گزینی/محل خدمت است
1401,آموزش ابتدایی,دانشگاه فرهنگیان,،پردیس خواجه نصیر الدین طوسی کرمان,کرمان,در جدول ذکر نشده,,تعهد خدمت,6,مرد,در جدول ذکر نشده,ادامه مخصوص داوطلبان بومی استان کرمان؛ ،پردیس خواجه نصیر الدین طوسی کرمان/ اولویت پذیرش با داوطلبان بومی شهرستانهای بم نرماشیر، فهرج، ریگان/محل خدمت نرماشیر؛ پذیرش دانشجو‌معلم با تعهد خدمت؛ ضوابط بخش فرهنگیان دفترچه,1401-humanities-booklet,213,1401-humanities-booklet,213,کدرشته‌محل منبع: 46035؛ عنوان رشته در منبع: آموزش ابتدایی؛ نحوه پذیرش: با آزمون (بخش دانشجو‌معلم)؛ استان در این ردیف مربوط به بومی‌گزینی/محل خدمت است
1401,آموزش ابتدایی,دانشگاه فرهنگیان,پردیس خواجه نصیر الدین طوسی کرمان,کرمان,در جدول ذکر نشده,,تعهد خدمت,3,مرد,در جدول ذکر نشده,ادامه مخصوص داوطلبان بومی استان کرمان؛ پردیس خواجه نصیر الدین طوسی کرمان/ اولویت پذیرش با داوطلبان بومی شهرستانهای رفسنجان، انار/محل خدمت نوق؛ پذیرش دانشجو‌معلم با تعهد خدمت؛ ضوابط بخش فرهنگیان دفترچه,1401-humanities-booklet,213,1401-humanities-booklet,213,کدرشته‌محل منبع: 46036؛ عنوان رشته در منبع: آموزش ابتدایی؛ نحوه پذیرش: با آزمون (بخش دانشجو‌معلم)؛ استان در این ردیف مربوط به بومی‌گزینی/محل خدمت است
1401,آموزش ابتدایی,دانشگاه فرهنگیان,پردیس شهید باهنر کرمان,کرمان,در جدول ذکر نشده,,تعهد خدمت,2,زن,در جدول ذکر نشده,ادامه مخصوص داوطلبان بومی استان کرمان؛ پردیس شهید باهنر کرمان/ اولویت پذیرش با داوطلبان بومی شهرستانهای ارزوییه، بافت، رابر/محل خدمت ارزوئیه؛ پذیرش دانشجو‌معلم با تعهد خدمت؛ ضوابط بخش فرهنگیان دفترچه,1401-humanities-booklet,213,1401-humanities-booklet,213,کدرشته‌محل منبع: 46037؛ عنوان رشته در منبع: آموزش ابتدایی؛ نحوه پذیرش: با آزمون (بخش دانشجو‌معلم)؛ استان در این ردیف مربوط به بومی‌گزینی/محل خدمت است
1401,آموزش ابتدایی,دانشگاه فرهنگیان,پردیس شهید باهنر کرمان,کرمان,در جدول ذکر نشده,,تعهد خدمت,2,زن,در جدول ذکر نشده,ادامه مخصوص داوطلبان بومی استان کرمان؛ پردیس شهید باهنر کرمان/ اولویت پذیرش با داوطلبان بومی شهرستانهای رفسنجان، انار/محل خدمت انار؛ پذیرش دانشجو‌معلم با تعهد خدمت؛ ضوابط بخش فرهنگیان دفترچه,1401-humanities-booklet,213,1401-humanities-booklet,213,کدرشته‌محل منبع: 46038؛ عنوان رشته در منبع: آموزش ابتدایی؛ نحوه پذیرش: با آزمون (بخش دانشجو‌معلم)؛ استان در این ردیف مربوط به بومی‌گزینی/محل خدمت است
1401,آموزش ابتدایی,دانشگاه فرهنگیان,پردیس شهید باهنر کرمان,کرمان,در جدول ذکر نشده,,تعهد خدمت,2,زن,در جدول ذکر نشده,ادامه مخصوص داوطلبان بومی استان کرمان؛ پردیس شهید باهنر کرمان/ اولویت پذیرش با داوطلبان بومی شهرستانهای ارزوییه، بافت، رابر/محل خدمت بافت؛ پذیرش دانشجو‌معلم با تعهد خدمت؛ ضوابط بخش فرهنگیان دفترچه,1401-humanities-booklet,213,1401-humanities-booklet,213,کدرشته‌محل منبع: 46039؛ عنوان رشته در منبع: آموزش ابتدایی؛ نحوه پذیرش: با آزمون (بخش دانشجو‌معلم)؛ استان در این ردیف مربوط به بومی‌گزینی/محل خدمت است
1401,آموزش ابتدایی,دانشگاه فرهنگیان,پردیس شهید باهنر کرمان,کرمان,در جدول ذکر نشده,,تعهد خدمت,4,زن,در جدول ذکر نشده,ادامه مخصوص داوطلبان بومی استان کرمان؛ پردیس شهید باهنر کرمان/ اولویت پذیرش با داوطلبان بومی شهرستانهای سیرجان، بردسیر/محل خدمت بردسیر؛ پذیرش دانشجو‌معلم با تعهد خدمت؛ ضوابط بخش فرهنگیان دفترچه,1401-humanities-booklet,213,1401-humanities-booklet,213,کدرشته‌محل منبع: 46040؛ عنوان رشته در منبع: آموزش ابتدایی؛ نحوه پذیرش: با آزمون (بخش دانشجو‌معلم)؛ استان در این ردیف مربوط به بومی‌گزینی/محل خدمت است
1401,آموزش ابتدایی,دانشگاه فرهنگیان,پردیس شهید باهنر کرمان,کرمان,در جدول ذکر نشده,,تعهد خدمت,5,زن,در جدول ذکر نشده,ادامه مخصوص داوطلبان بومی استان کرمان؛ پردیس شهید باهنر کرمان/ اولویت پذیرش با داوطلبان بومی شهرستانهای بم، نرماشیر، فهرج، ریگان/محل خدمت بم؛ پذیرش دانشجو‌معلم با تعهد خدمت؛ ضوابط بخش فرهنگیان دفترچه,1401-humanities-booklet,213,1401-humanities-booklet,213,کدرشته‌محل منبع: 46041؛ عنوان رشته در منبع: آموزش ابتدایی؛ نحوه پذیرش: با آزمون (بخش دانشجو‌معلم)؛ استان در این ردیف مربوط به بومی‌گزینی/محل خدمت است
1401,آموزش ابتدایی,دانشگاه فرهنگیان,پردیس شهید باهنر کرمان,کرمان,در جدول ذکر نشده,,تعهد خدمت,2,زن,در جدول ذکر نشده,ادامه مخصوص داوطلبان بومی استان کرمان؛ پردیس شهید باهنر کرمان/ اولویت پذیرش با داوطلبان بومی شهرستانهای جیرفت، عنبرآباد/محل خدمت جیرفت؛ پذیرش دانشجو‌معلم با تعهد خدمت؛ ضوابط بخش فرهنگیان دفترچه,1401-humanities-booklet,213,1401-humanities-booklet,213,کدرشته‌محل منبع: 46042؛ عنوان رشته در منبع: آموزش ابتدایی؛ نحوه پذیرش: با آزمون (بخش دانشجو‌معلم)؛ استان در این ردیف مربوط به بومی‌گزینی/محل خدمت است
1401,آموزش ابتدایی,دانشگاه فرهنگیان,پردیس شهید باهنر کرمان,کرمان,در جدول ذکر نشده,,تعهد خدمت,2,زن,در جدول ذکر نشده,ادامه مخصوص داوطلبان بومی استان کرمان؛ پردیس شهید باهنر کرمان/ اولویت پذیرش با داوطلبان بومی شهرستان کرمان/محل خدمت چترود؛ پذیرش دانشجو‌معلم با تعهد خدمت؛ ضوابط بخش فرهنگیان دفترچه,1401-humanities-booklet,213,1401-humanities-booklet,213,کدرشته‌محل منبع: 46043؛ عنوان رشته در منبع: آموزش ابتدایی؛ نحوه پذیرش: با آزمون (بخش دانشجو‌معلم)؛ استان در این ردیف مربوط به بومی‌گزینی/محل خدمت است
1401,آموزش ابتدایی,دانشگاه فرهنگیان,پردیس شهید باهنر کرمان,کرمان,در جدول ذکر نشده,,تعهد خدمت,1,زن,در جدول ذکر نشده,ادامه مخصوص داوطلبان بومی استان کرمان؛ پردیس شهید باهنر کرمان/ اولویت پذیرش با داوطلبان بومی شهرستانهای ارزوییه، بافت، رابر/محل خدمت رابر؛ پذیرش دانشجو‌معلم با تعهد خدمت؛ ضوابط بخش فرهنگیان دفترچه,1401-humanities-booklet,213,1401-humanities-booklet,213,کدرشته‌محل منبع: 46044؛ عنوان رشته در منبع: آموزش ابتدایی؛ نحوه پذیرش: با آزمون (بخش دانشجو‌معلم)؛ استان در این ردیف مربوط به بومی‌گزینی/محل خدمت است
1401,آموزش ابتدایی,دانشگاه فرهنگیان,،پردیس شهید باهنر کرمان,کرمان,در جدول ذکر نشده,,تعهد خدمت,2,زن,در جدول ذکر نشده,ادامه مخصوص داوطلبان بومی استان کرمان؛ ،پردیس شهید باهنر کرمان/ اولویت پذیرش با داوطلبان بومی شهرستانهای زرند کوهبنان، راور/محل خدمت راور؛ پذیرش دانشجو‌معلم با تعهد خدمت؛ ضوابط بخش فرهنگیان دفترچه,1401-humanities-booklet,213,1401-humanities-booklet,213,کدرشته‌محل منبع: 46045؛ عنوان رشته در منبع: آموزش ابتدایی؛ نحوه پذیرش: با آزمون (بخش دانشجو‌معلم)؛ استان در این ردیف مربوط به بومی‌گزینی/محل خدمت است
1401,آموزش ابتدایی,دانشگاه فرهنگیان,پردیس شهید باهنر کرمان,کرمان,در جدول ذکر نشده,,تعهد خدمت,2,زن,در جدول ذکر نشده,ادامه مخصوص داوطلبان بومی استان کرمان؛ پردیس شهید باهنر کرمان/ اولویت پذیرش با داوطلبان بومی شهرستان کرمان/محل خدمت راین؛ پذیرش دانشجو‌معلم با تعهد خدمت؛ ضوابط بخش فرهنگیان دفترچه,1401-humanities-booklet,213,1401-humanities-booklet,213,کدرشته‌محل منبع: 46046؛ عنوان رشته در منبع: آموزش ابتدایی؛ نحوه پذیرش: با آزمون (بخش دانشجو‌معلم)؛ استان در این ردیف مربوط به بومی‌گزینی/محل خدمت است
1401,آموزش ابتدایی,دانشگاه فرهنگیان,پردیس شهید باهنر کرمان,کرمان,در جدول ذکر نشده,,تعهد خدمت,7,زن,در جدول ذکر نشده,ادامه مخصوص داوطلبان بومی استان کرمان؛ پردیس شهید باهنر کرمان/ اولویت پذیرش با داوطلبان بومی شهرستانهای رفسنجان، انار/محل خدمت رفسنجان؛ پذیرش دانشجو‌معلم با تعهد خدمت؛ ضوابط بخش فرهنگیان دفترچه,1401-humanities-booklet,213,1401-humanities-booklet,213,کدرشته‌محل منبع: 46047؛ عنوان رشته در منبع: آموزش ابتدایی؛ نحوه پذیرش: با آزمون (بخش دانشجو‌معلم)؛ استان در این ردیف مربوط به بومی‌گزینی/محل خدمت است
1401,آموزش ابتدایی,دانشگاه فرهنگیان,پردیس شهید باهنر کرمان,کرمان,در جدول ذکر نشده,,تعهد خدمت,5,زن,در جدول ذکر نشده,ادامه مخصوص داوطلبان بومی استان کرمان؛ پردیس شهید باهنر کرمان/ اولویت پذیرش با داوطلبان بومی شهرستانهای رودبارجنوب، فاریاب، قلعه گنج، کهنوج، منوجان/محل خدمت رودبارکرمان؛ پذیرش دانشجو‌معلم با تعهد خدمت؛ ضوابط بخش فرهنگیان دفترچه,1401-humanities-booklet,213,1401-humanities-booklet,213,کدرشته‌محل منبع: 46048؛ عنوان رشته در منبع: آموزش ابتدایی؛ نحوه پذیرش: با آزمون (بخش دانشجو‌معلم)؛ استان در این ردیف مربوط به بومی‌گزینی/محل خدمت است
1401,آموزش ابتدایی,دانشگاه فرهنگیان,پردیس شهید باهنر کرمان,کرمان,در جدول ذکر نشده,,تعهد خدمت,4,زن,در جدول ذکر نشده,ادامه مخصوص داوطلبان بومی استان کرمان؛ پردیس شهید باهنر کرمان/ اولویت پذیرش با داوطلبان بومی شهرستانهای بم، نرماشیر، فهرج، ریگان/محل خدمت ریگان؛ پذیرش دانشجو‌معلم با تعهد خدمت؛ ضوابط بخش فرهنگیان دفترچه,1401-humanities-booklet,213,1401-humanities-booklet,213,کدرشته‌محل منبع: 46049؛ عنوان رشته در منبع: آموزش ابتدایی؛ نحوه پذیرش: با آزمون (بخش دانشجو‌معلم)؛ استان در این ردیف مربوط به بومی‌گزینی/محل خدمت است
1401,آموزش ابتدایی,دانشگاه فرهنگیان,پردیس شهید باهنر کرمان,کرمان,در جدول ذکر نشده,,تعهد خدمت,6,زن,در جدول ذکر نشده,ادامه مخصوص داوطلبان بومی استان کرمان؛ پردیس شهید باهنر کرمان/ اولویت پذیرش با داوطلبان بومی شهرستانهای زرند، کوهبنان، راور/محل خدمت زرند؛ پذیرش دانشجو‌معلم با تعهد خدمت؛ ضوابط بخش فرهنگیان دفترچه,1401-humanities-booklet,213,1401-humanities-booklet,213,کدرشته‌محل منبع: 46050؛ عنوان رشته در منبع: آموزش ابتدایی؛ نحوه پذیرش: با آزمون (بخش دانشجو‌معلم)؛ استان در این ردیف مربوط به بومی‌گزینی/محل خدمت است
1401,آموزش ابتدایی,دانشگاه فرهنگیان,پردیس شهید باهنر کرمان,کرمان,در جدول ذکر نشده,,تعهد خدمت,7,زن,در جدول ذکر نشده,ادامه مخصوص داوطلبان بومی استان کرمان؛ پردیس شهید باهنر کرمان/ اولویت پذیرش با داوطلبان بومی شهرستانهای سیرجان، بردسیر/محل خدمت سیرجان؛ پذیرش دانشجو‌معلم با تعهد خدمت؛ ضوابط بخش فرهنگیان دفترچه,1401-humanities-booklet,213,1401-humanities-booklet,213,کدرشته‌محل منبع: 46051؛ عنوان رشته در منبع: آموزش ابتدایی؛ نحوه پذیرش: با آزمون (بخش دانشجو‌معلم)؛ استان در این ردیف مربوط به بومی‌گزینی/محل خدمت است
1401,آموزش ابتدایی,دانشگاه فرهنگیان,پردیس شهید باهنر کرمان,کرمان,در جدول ذکر نشده,,تعهد خدمت,2,زن,در جدول ذکر نشده,ادامه مخصوص داوطلبان بومی استان کرمان؛ پردیس شهید باهنر کرمان/ اولویت پذیرش با داوطلبان بومی شهرستان کرمان/محل خدمت شهداد؛ پذیرش دانشجو‌معلم با تعهد خدمت؛ ضوابط بخش فرهنگیان دفترچه,1401-humanities-booklet,213,1401-humanities-booklet,213,کدرشته‌محل منبع: 46052؛ عنوان رشته در منبع: آموزش ابتدایی؛ نحوه پذیرش: با آزمون (بخش دانشجو‌معلم)؛ استان در این ردیف مربوط به بومی‌گزینی/محل خدمت است
1401,آموزش ابتدایی,دانشگاه فرهنگیان,پردیس شهید باهنر کرمان,کرمان,در جدول ذکر نشده,,تعهد خدمت,3,زن,در جدول ذکر نشده,ادامه مخصوص داوطلبان بومی استان کرمان؛ پردیس شهید باهنر کرمان/ اولویت پذیرش با داوطلبان بومی شهرستان شهربابک/محل خدمت شهربابک؛ پذیرش دانشجو‌معلم با تعهد خدمت؛ ضوابط بخش فرهنگیان دفترچه,1401-humanities-booklet,213,1401-humanities-booklet,213,کدرشته‌محل منبع: 46053؛ عنوان رشته در منبع: آموزش ابتدایی؛ نحوه پذیرش: با آزمون (بخش دانشجو‌معلم)؛ استان در این ردیف مربوط به بومی‌گزینی/محل خدمت است
1401,آموزش ابتدایی,دانشگاه فرهنگیان,،پردیس شهید باهنر کرمان,کرمان,در جدول ذکر نشده,,تعهد خدمت,2,زن,در جدول ذکر نشده,ادامه مخصوص داوطلبان بومی استان کرمان؛ ،پردیس شهید باهنر کرمان/ اولویت پذیرش با داوطلبان بومی شهرستانهای ارزوییه، بافت، رابر، سیرجان، جیرفت، رودبارجنوب عنبرآباد، فاریاب، قلعه گنج، منوجان، کهنوج، بم، ریگان، فهرج، نرماشیر/محل خدمت عشایری کرمان؛ پذیرش دانشجو‌معلم با تعهد خدمت؛ ضوابط بخش فرهنگیان دفترچه,1401-humanities-booklet,213,1401-humanities-booklet,213,کدرشته‌محل منبع: 46054؛ عنوان رشته در منبع: آموزش ابتدایی؛ نحوه پذیرش: با آزمون (بخش دانشجو‌معلم)؛ استان در این ردیف مربوط به بومی‌گزینی/محل خدمت است
1401,آموزش ابتدایی,دانشگاه فرهنگیان,پردیس شهید باهنر کرمان,کرمان,در جدول ذکر نشده,,تعهد خدمت,3,زن,در جدول ذکر نشده,ادامه مخصوص داوطلبان بومی استان کرمان؛ پردیس شهید باهنر کرمان/ اولویت پذیرش با داوطلبان بومی شهرستانهای جیرفت، عنبرآباد/محل خدمت عنبرآباد؛ پذیرش دانشجو‌معلم با تعهد خدمت؛ ضوابط بخش فرهنگیان دفترچه,1401-humanities-booklet,214,1401-humanities-booklet,214,کدرشته‌محل منبع: 46055؛ عنوان رشته در منبع: آموزش ابتدایی؛ نحوه پذیرش: با آزمون (بخش دانشجو‌معلم)؛ استان در این ردیف مربوط به بومی‌گزینی/محل خدمت است
1401,آموزش ابتدایی,دانشگاه فرهنگیان,,کرمان,در جدول ذکر نشده,,تعهد خدمت,2,زن,در جدول ذکر نشده,ادامه مخصوص داوطلبان بومی استان کرمان؛ /پردیس شهید باهنر کرمان اولویت پذیرش با داوطلبان بومی شهرستانهای رودبارجنوب، فاریاب، قلعه گنج، کهنوج، منوجان/محل خدمت فاریاب؛ پذیرش دانشجو‌معلم با تعهد خدمت؛ ضوابط بخش فرهنگیان دفترچه,1401-humanities-booklet,214,1401-humanities-booklet,214,کدرشته‌محل منبع: 46056؛ عنوان رشته در منبع: آموزش ابتدایی؛ نحوه پذیرش: با آزمون (بخش دانشجو‌معلم)؛ استان در این ردیف مربوط به بومی‌گزینی/محل خدمت است
1401,آموزش ابتدایی,دانشگاه فرهنگیان,پردیس شهید باهنر کرمان,کرمان,در جدول ذکر نشده,,تعهد خدمت,3,زن,در جدول ذکر نشده,ادامه مخصوص داوطلبان بومی استان کرمان؛ پردیس شهید باهنر کرمان/ اولویت پذیرش با داوطلبان بومی شهرستانهای بم، نرماشیر، فهرج، ریگان/محل خدمت فهرج؛ پذیرش دانشجو‌معلم با تعهد خدمت؛ ضوابط بخش فرهنگیان دفترچه,1401-humanities-booklet,214,1401-humanities-booklet,214,کدرشته‌محل منبع: 46057؛ عنوان رشته در منبع: آموزش ابتدایی؛ نحوه پذیرش: با آزمون (بخش دانشجو‌معلم)؛ استان در این ردیف مربوط به بومی‌گزینی/محل خدمت است
1401,آموزش ابتدایی,دانشگاه فرهنگیان,پردیس شهید باهنر کرمان,کرمان,در جدول ذکر نشده,,تعهد خدمت,2,زن,در جدول ذکر نشده,ادامه مخصوص داوطلبان بومی استان کرمان؛ پردیس شهید باهنر کرمان/ اولویت پذیرش با داوطلبان بومی شهرستانهای رودبارجنوب، فاریاب، قلعه گنج، کهنوج، منوجان/محل خدمت قلعه گنج؛ پذیرش دانشجو‌معلم با تعهد خدمت؛ ضوابط بخش فرهنگیان دفترچه,1401-humanities-booklet,214,1401-humanities-booklet,214,کدرشته‌محل منبع: 46058؛ عنوان رشته در منبع: آموزش ابتدایی؛ نحوه پذیرش: با آزمون (بخش دانشجو‌معلم)؛ استان در این ردیف مربوط به بومی‌گزینی/محل خدمت است
1401,آموزش ابتدایی,دانشگاه فرهنگیان,پردیس شهید باهنر کرمان,کرمان,در جدول ذکر نشده,,تعهد خدمت,4,زن,در جدول ذکر نشده,ادامه مخصوص داوطلبان بومی استان کرمان؛ پردیس شهید باهنر کرمان/ اولویت پذیرش با داوطلبان بومی شهرستان کرمان/محل خدمت کرمان .ناحیه1؛ پذیرش دانشجو‌معلم با تعهد خدمت؛ ضوابط بخش فرهنگیان دفترچه,1401-humanities-booklet,214,1401-humanities-booklet,214,کدرشته‌محل منبع: 46059؛ عنوان رشته در منبع: آموزش ابتدایی؛ نحوه پذیرش: با آزمون (بخش دانشجو‌معلم)؛ استان در این ردیف مربوط به بومی‌گزینی/محل خدمت است
1401,آموزش ابتدایی,دانشگاه فرهنگیان,پردیس شهید باهنر کرمان,کرمان,در جدول ذکر نشده,,تعهد خدمت,5,زن,در جدول ذکر نشده,ادامه مخصوص داوطلبان بومی استان کرمان؛ پردیس شهید باهنر کرمان/ اولویت پذیرش با داوطلبان بومی شهرستان کرمان/محل خدمت کرمان .ناحیه2؛ پذیرش دانشجو‌معلم با تعهد خدمت؛ ضوابط بخش فرهنگیان دفترچه,1401-humanities-booklet,214,1401-humanities-booklet,214,کدرشته‌محل منبع: 46060؛ عنوان رشته در منبع: آموزش ابتدایی؛ نحوه پذیرش: با آزمون (بخش دانشجو‌معلم)؛ استان در این ردیف مربوط به بومی‌گزینی/محل خدمت است
1401,آموزش ابتدایی,دانشگاه فرهنگیان,پردیس شهید باهنر کرمان,کرمان,در جدول ذکر نشده,,تعهد خدمت,2,زن,در جدول ذکر نشده,ادامه مخصوص داوطلبان بومی استان کرمان؛ پردیس شهید باهنر کرمان/ اولویت پذیرش با داوطلبان بومی شهرستانهای رفسنجان، انار/محل خدمت کشکوئیه؛ پذیرش دانشجو‌معلم با تعهد خدمت؛ ضوابط بخش فرهنگیان دفترچه,1401-humanities-booklet,214,1401-humanities-booklet,214,کدرشته‌محل منبع: 46061؛ عنوان رشته در منبع: آموزش ابتدایی؛ نحوه پذیرش: با آزمون (بخش دانشجو‌معلم)؛ استان در این ردیف مربوط به بومی‌گزینی/محل خدمت است
1401,آموزش ابتدایی,دانشگاه فرهنگیان,پردیس شهید باهنر کرمان,کرمان,در جدول ذکر نشده,,تعهد خدمت,2,زن,در جدول ذکر نشده,ادامه مخصوص داوطلبان بومی استان کرمان؛ پردیس شهید باهنر کرمان/ اولویت پذیرش با داوطلبان بومی شهرستانهای رودبارجنوب، فاریاب، قلعه گنج، کهنوج، منوجان/محل خدمت کهنوج؛ پذیرش دانشجو‌معلم با تعهد خدمت؛ ضوابط بخش فرهنگیان دفترچه,1401-humanities-booklet,214,1401-humanities-booklet,214,کدرشته‌محل منبع: 46062؛ عنوان رشته در منبع: آموزش ابتدایی؛ نحوه پذیرش: با آزمون (بخش دانشجو‌معلم)؛ استان در این ردیف مربوط به بومی‌گزینی/محل خدمت است
1401,آموزش ابتدایی,دانشگاه فرهنگیان,پردیس شهید باهنر کرمان,کرمان,در جدول ذکر نشده,,تعهد خدمت,2,زن,در جدول ذکر نشده,ادامه مخصوص داوطلبان بومی استان کرمان؛ پردیس شهید باهنر کرمان/ اولویت پذیرش با داوطلبان بومی شهرستانهای زرند، کوهبنان، راور/محل خدمت کوهبنان؛ پذیرش دانشجو‌معلم با تعهد خدمت؛ ضوابط بخش فرهنگیان دفترچه,1401-humanities-booklet,214,1401-humanities-booklet,214,کدرشته‌محل منبع: 46063؛ عنوان رشته در منبع: آموزش ابتدایی؛ نحوه پذیرش: با آزمون (بخش دانشجو‌معلم)؛ استان در این ردیف مربوط به بومی‌گزینی/محل خدمت است
1401,آموزش ابتدایی,دانشگاه فرهنگیان,پردیس شهید باهنر کرمان,کرمان,در جدول ذکر نشده,,تعهد خدمت,2,زن,در جدول ذکر نشده,ادامه مخصوص داوطلبان بومی استان کرمان؛ پردیس شهید باهنر کرمان/ اولویت پذیرش با داوطلبان بومی شهرستان کرمان/محل خدمت گلباف؛ پذیرش دانشجو‌معلم با تعهد خدمت؛ ضوابط بخش فرهنگیان دفترچه,1401-humanities-booklet,214,1401-humanities-booklet,214,کدرشته‌محل منبع: 46064؛ عنوان رشته در منبع: آموزش ابتدایی؛ نحوه پذیرش: با آزمون (بخش دانشجو‌معلم)؛ استان در این ردیف مربوط به بومی‌گزینی/محل خدمت است
1401,آموزش ابتدایی,دانشگاه فرهنگیان,پردیس شهید باهنر کرمان,کرمان,در جدول ذکر نشده,,تعهد خدمت,3,زن,در جدول ذکر نشده,ادامه مخصوص داوطلبان بومی استان کرمان؛ پردیس شهید باهنر کرمان/ اولویت پذیرش با داوطلبان بومی شهرستان کرمان/محل خدمت ماهان؛ پذیرش دانشجو‌معلم با تعهد خدمت؛ ضوابط بخش فرهنگیان دفترچه,1401-humanities-booklet,214,1401-humanities-booklet,214,کدرشته‌محل منبع: 46065؛ عنوان رشته در منبع: آموزش ابتدایی؛ نحوه پذیرش: با آزمون (بخش دانشجو‌معلم)؛ استان در این ردیف مربوط به بومی‌گزینی/محل خدمت است
1401,آموزش ابتدایی,دانشگاه فرهنگیان,پردیس شهید باهنر کرمان,کرمان,در جدول ذکر نشده,,تعهد خدمت,2,زن,در جدول ذکر نشده,ادامه مخصوص داوطلبان بومی استان کرمان؛ پردیس شهید باهنر کرمان/ اولویت پذیرش با داوطلبان بومی شهرستانهای رودبارجنوب، فاریاب، قلعه گنج، کهنوج، منوجان/محل خدمت منوجان؛ پذیرش دانشجو‌معلم با تعهد خدمت؛ ضوابط بخش فرهنگیان دفترچه,1401-humanities-booklet,214,1401-humanities-booklet,214,کدرشته‌محل منبع: 46066؛ عنوان رشته در منبع: آموزش ابتدایی؛ نحوه پذیرش: با آزمون (بخش دانشجو‌معلم)؛ استان در این ردیف مربوط به بومی‌گزینی/محل خدمت است
1401,آموزش ابتدایی,دانشگاه فرهنگیان,پردیس شهید باهنر کرمان,کرمان,در جدول ذکر نشده,,تعهد خدمت,3,زن,در جدول ذکر نشده,ادامه مخصوص داوطلبان بومی استان کرمان؛ پردیس شهید باهنر کرمان/ اولویت پذیرش با داوطلبان بومی شهرستانهای بم، نرماشیر، فهرج، ریگان/محل خدمت نرماشیر؛ پذیرش دانشجو‌معلم با تعهد خدمت؛ ضوابط بخش فرهنگیان دفترچه,1401-humanities-booklet,214,1401-humanities-booklet,214,کدرشته‌محل منبع: 46067؛ عنوان رشته در منبع: آموزش ابتدایی؛ نحوه پذیرش: با آزمون (بخش دانشجو‌معلم)؛ استان در این ردیف مربوط به بومی‌گزینی/محل خدمت است
1401,آموزش ابتدایی,دانشگاه فرهنگیان,پردیس شهید باهنر کرمان,کرمان,در جدول ذکر نشده,,تعهد خدمت,2,زن,در جدول ذکر نشده,ادامه مخصوص داوطلبان بومی استان کرمان؛ پردیس شهید باهنر کرمان/ اولویت پذیرش با داوطلبان بومی شهرستانهای رفسنجان، انار/محل خدمت نوق؛ پذیرش دانشجو‌معلم با تعهد خدمت؛ ضوابط بخش فرهنگیان دفترچه,1401-humanities-booklet,214,1401-humanities-booklet,214,کدرشته‌محل منبع: 46068؛ عنوان رشته در منبع: آموزش ابتدایی؛ نحوه پذیرش: با آزمون (بخش دانشجو‌معلم)؛ استان در این ردیف مربوط به بومی‌گزینی/محل خدمت است
1401,آموزش ابتدایی,دانشگاه فرهنگیان,پردیس شهید رجایی کرمانشاه,کرمان,در جدول ذکر نشده,,تعهد خدمت,10,مرد,در جدول ذکر نشده,ادامه مخصوص داوطلبان بومی استان کرمان؛ پردیس شهید رجایی کرمانشاه/ اولویت پذیرش با داوطلبان بومی شهرستان اسلام آباد غرب/محل خدمت اسلام آباد؛ پذیرش دانشجو‌معلم با تعهد خدمت؛ ضوابط بخش فرهنگیان دفترچه,1401-humanities-booklet,215,1401-humanities-booklet,215,کدرشته‌محل منبع: 46109؛ عنوان رشته در منبع: آموزش ابتدایی؛ نحوه پذیرش: با آزمون (بخش دانشجو‌معلم)؛ استان در این ردیف مربوط به بومی‌گزینی/محل خدمت است
1401,آموزش ابتدایی,دانشگاه فرهنگیان,پردیس شهید رجایی کرمانشاه,کرمان,در جدول ذکر نشده,,تعهد خدمت,1,مرد,در جدول ذکر نشده,ادامه مخصوص داوطلبان بومی استان کرمان؛ پردیس شهید رجایی کرمانشاه/ اولویت پذیرش با داوطلبان بومی شهرستان پاوه/محل خدمت باینگان؛ پذیرش دانشجو‌معلم با تعهد خدمت؛ ضوابط بخش فرهنگیان دفترچه,1401-humanities-booklet,215,1401-humanities-booklet,215,کدرشته‌محل منبع: 46110؛ عنوان رشته در منبع: آموزش ابتدایی؛ نحوه پذیرش: با آزمون (بخش دانشجو‌معلم)؛ استان در این ردیف مربوط به بومی‌گزینی/محل خدمت است
1401,آموزش ابتدایی,دانشگاه فرهنگیان,پردیس شهید رجایی کرمانشاه,کرمان,در جدول ذکر نشده,,تعهد خدمت,1,مرد,در جدول ذکر نشده,ادامه مخصوص داوطلبان بومی استان کرمان؛ پردیس شهید رجایی کرمانشاه/ اولویت پذیرش با داوطلبان بومی شهرستان هرسین/محل خدمت بیستون؛ پذیرش دانشجو‌معلم با تعهد خدمت؛ ضوابط بخش فرهنگیان دفترچه,1401-humanities-booklet,215,1401-humanities-booklet,215,کدرشته‌محل منبع: 46111؛ عنوان رشته در منبع: آموزش ابتدایی؛ نحوه پذیرش: با آزمون (بخش دانشجو‌معلم)؛ استان در این ردیف مربوط به بومی‌گزینی/محل خدمت است
1401,آموزش ابتدایی,دانشگاه فرهنگیان,( پردیس شهید رجایی کرمانشاه,کرمان,در جدول ذکر نشده,,تعهد خدمت,2,مرد,در جدول ذکر نشده,ادامه مخصوص داوطلبان بومی استان کرمان؛ ( پردیس شهید رجایی کرمانشاه/ اولویت پذیرش با داوطلبان بومی شهرستان پاوه/محل خدمت پاوه )اورامانات؛ پذیرش دانشجو‌معلم با تعهد خدمت؛ ضوابط بخش فرهنگیان دفترچه,1401-humanities-booklet,215,1401-humanities-booklet,215,کدرشته‌محل منبع: 46112؛ عنوان رشته در منبع: آموزش ابتدایی؛ نحوه پذیرش: با آزمون (بخش دانشجو‌معلم)؛ استان در این ردیف مربوط به بومی‌گزینی/محل خدمت است
1401,آموزش ابتدایی,دانشگاه فرهنگیان,پردیس شهید رجایی کرمانشاه,کرمان,در جدول ذکر نشده,,تعهد خدمت,3,مرد,در جدول ذکر نشده,ادامه مخصوص داوطلبان بومی استان کرمان؛ پردیس شهید رجایی کرمانشاه/ اولویت پذیرش با داوطلبان بومی شهرستان ثلاث باباجانی/محل خدمت ثلاث باباجانی؛ پذیرش دانشجو‌معلم با تعهد خدمت؛ ضوابط بخش فرهنگیان دفترچه,1401-humanities-booklet,215,1401-humanities-booklet,215,کدرشته‌محل منبع: 46113؛ عنوان رشته در منبع: آموزش ابتدایی؛ نحوه پذیرش: با آزمون (بخش دانشجو‌معلم)؛ استان در این ردیف مربوط به بومی‌گزینی/محل خدمت است
1401,آموزش ابتدایی,دانشگاه فرهنگیان,پردیس شهید رجایی کرمانشاه,کرمانشاه,در جدول ذکر نشده,,تعهد خدمت,5,مرد,در جدول ذکر نشده,ادامه مخصوص داوطلبان بومی استان کرمانشاه؛ پردیس شهید رجایی کرمانشاه/ اولویت پذیرش با داوطلبان بومی شهرستان جوانرود/محل خدمت جوانرود؛ پذیرش دانشجو‌معلم با تعهد خدمت؛ ضوابط بخش فرهنگیان دفترچه,1401-humanities-booklet,216,1401-humanities-booklet,216,کدرشته‌محل منبع: 46114؛ عنوان رشته در منبع: آموزش ابتدایی؛ نحوه پذیرش: با آزمون (بخش دانشجو‌معلم)؛ استان در این ردیف مربوط به بومی‌گزینی/محل خدمت است
1401,آموزش ابتدایی,دانشگاه فرهنگیان,پردیس شهید رجایی کرمانشاه,کرمانشاه,در جدول ذکر نشده,,تعهد خدمت,1,مرد,در جدول ذکر نشده,ادامه مخصوص داوطلبان بومی استان کرمانشاه؛ پردیس شهید رجایی کرمانشاه/ اولویت پذیرش با داوطلبان بومی شهرستان اسلام آباد غرب/محل خدمت حمیل؛ پذیرش دانشجو‌معلم با تعهد خدمت؛ ضوابط بخش فرهنگیان دفترچه,1401-humanities-booklet,216,1401-humanities-booklet,216,کدرشته‌محل منبع: 46115؛ عنوان رشته در منبع: آموزش ابتدایی؛ نحوه پذیرش: با آزمون (بخش دانشجو‌معلم)؛ استان در این ردیف مربوط به بومی‌گزینی/محل خدمت است
1401,آموزش ابتدایی,دانشگاه فرهنگیان,پردیس شهید رجایی کرمانشاه,کرمانشاه,در جدول ذکر نشده,,تعهد خدمت,1,مرد,در جدول ذکر نشده,ادامه مخصوص داوطلبان بومی استان کرمانشاه؛ پردیس شهید رجایی کرمانشاه/ اولویت پذیرش با داوطلبان بومی شهرستان صحنه/محل خدمت دینور؛ پذیرش دانشجو‌معلم با تعهد خدمت؛ ضوابط بخش فرهنگیان دفترچه,1401-humanities-booklet,216,1401-humanities-booklet,216,کدرشته‌محل منبع: 46116؛ عنوان رشته در منبع: آموزش ابتدایی؛ نحوه پذیرش: با آزمون (بخش دانشجو‌معلم)؛ استان در این ردیف مربوط به بومی‌گزینی/محل خدمت است
1401,آموزش ابتدایی,دانشگاه فرهنگیان,پردیس شهید رجایی کرمانشاه,کرمانشاه,در جدول ذکر نشده,,تعهد خدمت,3,مرد,در جدول ذکر نشده,ادامه مخصوص داوطلبان بومی استان کرمانشاه؛ پردیس شهید رجایی کرمانشاه/ اولویت پذیرش با داوطلبان بومی شهرستان روانسر/محل خدمت روانسر؛ پذیرش دانشجو‌معلم با تعهد خدمت؛ ضوابط بخش فرهنگیان دفترچه,1401-humanities-booklet,216,1401-humanities-booklet,216,کدرشته‌محل منبع: 46117؛ عنوان رشته در منبع: آموزش ابتدایی؛ نحوه پذیرش: با آزمون (بخش دانشجو‌معلم)؛ استان در این ردیف مربوط به بومی‌گزینی/محل خدمت است
1401,آموزش ابتدایی,دانشگاه فرهنگیان,پردیس شهید رجایی کرمانشاه,کرمانشاه,در جدول ذکر نشده,,تعهد خدمت,7,مرد,در جدول ذکر نشده,ادامه مخصوص داوطلبان بومی استان کرمانشاه؛ پردیس شهید رجایی کرمانشاه/ اولویت پذیرش با داوطلبان بومی شهرستان سرپل ذهاب/محل خدمت سرپل ذهاب؛ پذیرش دانشجو‌معلم با تعهد خدمت؛ ضوابط بخش فرهنگیان دفترچه,1401-humanities-booklet,216,1401-humanities-booklet,216,کدرشته‌محل منبع: 46118؛ عنوان رشته در منبع: آموزش ابتدایی؛ نحوه پذیرش: با آزمون (بخش دانشجو‌معلم)؛ استان در این ردیف مربوط به بومی‌گزینی/محل خدمت است
1401,آموزش ابتدایی,دانشگاه فرهنگیان,پردیس شهید رجایی کرمانشاه,کرمانشاه,در جدول ذکر نشده,,تعهد خدمت,4,مرد,در جدول ذکر نشده,ادامه مخصوص داوطلبان بومی استان کرمانشاه؛ پردیس شهید رجایی کرمانشاه/ اولویت پذیرش با داوطلبان بومی شهرستان سنقر/محل خدمت سنقرکلیایی؛ پذیرش دانشجو‌معلم با تعهد خدمت؛ ضوابط بخش فرهنگیان دفترچه,1401-humanities-booklet,216,1401-humanities-booklet,216,کدرشته‌محل منبع: 46119؛ عنوان رشته در منبع: آموزش ابتدایی؛ نحوه پذیرش: با آزمون (بخش دانشجو‌معلم)؛ استان در این ردیف مربوط به بومی‌گزینی/محل خدمت است
1401,آموزش ابتدایی,دانشگاه فرهنگیان,پردیس شهید رجایی کرمانشاه,کرمانشاه,در جدول ذکر نشده,,تعهد خدمت,2,مرد,در جدول ذکر نشده,ادامه مخصوص داوطلبان بومی استان کرمانشاه؛ پردیس شهید رجایی کرمانشاه/ اولویت پذیرش با داوطلبان بومی شهرستان صحنه/محل خدمت صحنه؛ پذیرش دانشجو‌معلم با تعهد خدمت؛ ضوابط بخش فرهنگیان دفترچه,1401-humanities-booklet,216,1401-humanities-booklet,216,کدرشته‌محل منبع: 46120؛ عنوان رشته در منبع: آموزش ابتدایی؛ نحوه پذیرش: با آزمون (بخش دانشجو‌معلم)؛ استان در این ردیف مربوط به بومی‌گزینی/محل خدمت است
1401,آموزش ابتدایی,دانشگاه فرهنگیان,پردیس شهید رجایی کرمانشاه,کرمانشاه,در جدول ذکر نشده,,تعهد خدمت,2,مرد,در جدول ذکر نشده,ادامه مخصوص داوطلبان بومی استان کرمانشاه؛ پردیس شهید رجایی کرمانشاه/ اولویت پذیرش با داوطلبان بومی شهرستان قصرشیرین/محل خدمت قصرشیرین؛ پذیرش دانشجو‌معلم با تعهد خدمت؛ ضوابط بخش فرهنگیان دفترچه,1401-humanities-booklet,216,1401-humanities-booklet,216,کدرشته‌محل منبع: 46121؛ عنوان رشته در منبع: آموزش ابتدایی؛ نحوه پذیرش: با آزمون (بخش دانشجو‌معلم)؛ استان در این ردیف مربوط به بومی‌گزینی/محل خدمت است
1401,آموزش ابتدایی,دانشگاه فرهنگیان,پردیس شهید رجایی کرمانشاه,کرمانشاه,در جدول ذکر نشده,,تعهد خدمت,18,مرد,در جدول ذکر نشده,ادامه مخصوص داوطلبان بومی استان کرمانشاه؛ پردیس شهید رجایی کرمانشاه/ اولویت پذیرش با داوطلبان بومی شهرستان کرمانشاه/محل خدمت کرمانشاه .ناحیه1؛ پذیرش دانشجو‌معلم با تعهد خدمت؛ ضوابط بخش فرهنگیان دفترچه,1401-humanities-booklet,216,1401-humanities-booklet,216,کدرشته‌محل منبع: 46122؛ عنوان رشته در منبع: آموزش ابتدایی؛ نحوه پذیرش: با آزمون (بخش دانشجو‌معلم)؛ استان در این ردیف مربوط به بومی‌گزینی/محل خدمت است
1401,آموزش ابتدایی,دانشگاه فرهنگیان,پردیس شهید رجایی کرمانشاه,کرمانشاه,در جدول ذکر نشده,,تعهد خدمت,22,مرد,در جدول ذکر نشده,ادامه مخصوص داوطلبان بومی استان کرمانشاه؛ پردیس شهید رجایی کرمانشاه/ اولویت پذیرش با داوطلبان بومی شهرستان کرمانشاه/محل خدمت کرمانشاه .ناحیه2؛ پذیرش دانشجو‌معلم با تعهد خدمت؛ ضوابط بخش فرهنگیان دفترچه,1401-humanities-booklet,216,1401-humanities-booklet,216,کدرشته‌محل منبع: 46123؛ عنوان رشته در منبع: آموزش ابتدایی؛ نحوه پذیرش: با آزمون (بخش دانشجو‌معلم)؛ استان در این ردیف مربوط به بومی‌گزینی/محل خدمت است
1401,آموزش ابتدایی,دانشگاه فرهنگیان,پردیس شهید رجایی کرمانشاه,کرمانشاه,در جدول ذکر نشده,,تعهد خدمت,23,مرد,در جدول ذکر نشده,ادامه مخصوص داوطلبان بومی استان کرمانشاه؛ پردیس شهید رجایی کرمانشاه/ اولویت پذیرش با داوطلبان بومی شهرستان کرمانشاه/محل خدمت کرمانشاه .ناحیه3؛ پذیرش دانشجو‌معلم با تعهد خدمت؛ ضوابط بخش فرهنگیان دفترچه,1401-humanities-booklet,216,1401-humanities-booklet,216,کدرشته‌محل منبع: 46124؛ عنوان رشته در منبع: آموزش ابتدایی؛ نحوه پذیرش: با آزمون (بخش دانشجو‌معلم)؛ استان در این ردیف مربوط به بومی‌گزینی/محل خدمت است
1401,آموزش ابتدایی,دانشگاه فرهنگیان,پردیس شهید رجایی کرمانشاه,کرمانشاه,در جدول ذکر نشده,,تعهد خدمت,1,مرد,در جدول ذکر نشده,ادامه مخصوص داوطلبان بومی استان کرمانشاه؛ پردیس شهید رجایی کرمانشاه/ اولویت پذیرش با داوطلبان بومی شهرستان دالاهو/محل خدمت کرندغرب؛ پذیرش دانشجو‌معلم با تعهد خدمت؛ ضوابط بخش فرهنگیان دفترچه,1401-humanities-booklet,216,1401-humanities-booklet,216,کدرشته‌محل منبع: 46125؛ عنوان رشته در منبع: آموزش ابتدایی؛ نحوه پذیرش: با آزمون (بخش دانشجو‌معلم)؛ استان در این ردیف مربوط به بومی‌گزینی/محل خدمت است
1401,آموزش ابتدایی,دانشگاه فرهنگیان,پردیس شهید رجایی کرمانشاه,کرمانشاه,در جدول ذکر نشده,,تعهد خدمت,5,مرد,در جدول ذکر نشده,ادامه مخصوص داوطلبان بومی استان کرمانشاه؛ پردیس شهید رجایی کرمانشاه/ اولویت پذیرش با داوطلبان بومی شهرستان کنگاور/محل خدمت کنگاور؛ پذیرش دانشجو‌معلم با تعهد خدمت؛ ضوابط بخش فرهنگیان دفترچه,1401-humanities-booklet,216,1401-humanities-booklet,216,کدرشته‌محل منبع: 46126؛ عنوان رشته در منبع: آموزش ابتدایی؛ نحوه پذیرش: با آزمون (بخش دانشجو‌معلم)؛ استان در این ردیف مربوط به بومی‌گزینی/محل خدمت است
1401,آموزش ابتدایی,دانشگاه فرهنگیان,پردیس شهید رجایی کرمانشاه,کرمانشاه,در جدول ذکر نشده,,تعهد خدمت,3,مرد,در جدول ذکر نشده,ادامه مخصوص داوطلبان بومی استان کرمانشاه؛ پردیس شهید رجایی کرمانشاه/ اولویت پذیرش با داوطلبان بومی شهرستان دالاهو/محل خدمت گهواره؛ پذیرش دانشجو‌معلم با تعهد خدمت؛ ضوابط بخش فرهنگیان دفترچه,1401-humanities-booklet,216,1401-humanities-booklet,216,کدرشته‌محل منبع: 46127؛ عنوان رشته در منبع: آموزش ابتدایی؛ نحوه پذیرش: با آزمون (بخش دانشجو‌معلم)؛ استان در این ردیف مربوط به بومی‌گزینی/محل خدمت است
1401,آموزش ابتدایی,دانشگاه فرهنگیان,پردیس شهید رجایی کرمانشاه,کرمانشاه,در جدول ذکر نشده,,تعهد خدمت,2,مرد,در جدول ذکر نشده,ادامه مخصوص داوطلبان بومی استان کرمانشاه؛ پردیس شهید رجایی کرمانشاه/ اولویت پذیرش با داوطلبان بومی شهرستان گیلانغرب/محل خدمت گواور؛ پذیرش دانشجو‌معلم با تعهد خدمت؛ ضوابط بخش فرهنگیان دفترچه,1401-humanities-booklet,216,1401-humanities-booklet,216,کدرشته‌محل منبع: 46128؛ عنوان رشته در منبع: آموزش ابتدایی؛ نحوه پذیرش: با آزمون (بخش دانشجو‌معلم)؛ استان در این ردیف مربوط به بومی‌گزینی/محل خدمت است
1401,آموزش ابتدایی,دانشگاه فرهنگیان,پردیس شهید رجایی کرمانشاه,کرمانشاه,در جدول ذکر نشده,,تعهد خدمت,5,مرد,در جدول ذکر نشده,ادامه مخصوص داوطلبان بومی استان کرمانشاه؛ پردیس شهید رجایی کرمانشاه/ اولویت پذیرش با داوطلبان بومی شهرستان گیلانغرب/محل خدمت گیلانغرب؛ پذیرش دانشجو‌معلم با تعهد خدمت؛ ضوابط بخش فرهنگیان دفترچه,1401-humanities-booklet,216,1401-humanities-booklet,216,کدرشته‌محل منبع: 46129؛ عنوان رشته در منبع: آموزش ابتدایی؛ نحوه پذیرش: با آزمون (بخش دانشجو‌معلم)؛ استان در این ردیف مربوط به بومی‌گزینی/محل خدمت است
1401,آموزش ابتدایی,دانشگاه فرهنگیان,پردیس شهید رجایی کرمانشاه,کرمانشاه,در جدول ذکر نشده,,تعهد خدمت,2,مرد,در جدول ذکر نشده,ادامه مخصوص داوطلبان بومی استان کرمانشاه؛ پردیس شهید رجایی کرمانشاه/ اولویت پذیرش با داوطلبان بومی شهرستان کرمانشاه/محل خدمت ماهیدشت؛ پذیرش دانشجو‌معلم با تعهد خدمت؛ ضوابط بخش فرهنگیان دفترچه,1401-humanities-booklet,216,1401-humanities-booklet,216,کدرشته‌محل منبع: 46130؛ عنوان رشته در منبع: آموزش ابتدایی؛ نحوه پذیرش: با آزمون (بخش دانشجو‌معلم)؛ استان در این ردیف مربوط به بومی‌گزینی/محل خدمت است
1401,آموزش ابتدایی,دانشگاه فرهنگیان,پردیس شهید رجایی کرمانشاه,کرمانشاه,در جدول ذکر نشده,,تعهد خدمت,1,مرد,در جدول ذکر نشده,ادامه مخصوص داوطلبان بومی استان کرمانشاه؛ پردیس شهید رجایی کرمانشاه/ اولویت پذیرش با داوطلبان بومی شهرستان پاوه/محل خدمت نوسود؛ پذیرش دانشجو‌معلم با تعهد خدمت؛ ضوابط بخش فرهنگیان دفترچه,1401-humanities-booklet,216,1401-humanities-booklet,216,کدرشته‌محل منبع: 46131؛ عنوان رشته در منبع: آموزش ابتدایی؛ نحوه پذیرش: با آزمون (بخش دانشجو‌معلم)؛ استان در این ردیف مربوط به بومی‌گزینی/محل خدمت است
1401,آموزش ابتدایی,دانشگاه فرهنگیان,پردیس شهید رجایی کرمانشاه,کرمانشاه,در جدول ذکر نشده,,تعهد خدمت,5,مرد,در جدول ذکر نشده,ادامه مخصوص داوطلبان بومی استان کرمانشاه؛ پردیس شهید رجایی کرمانشاه/ اولویت پذیرش با داوطلبان بومی شهرستان هرسین/محل خدمت هرسین؛ پذیرش دانشجو‌معلم با تعهد خدمت؛ ضوابط بخش فرهنگیان دفترچه,1401-humanities-booklet,216,1401-humanities-booklet,216,کدرشته‌محل منبع: 46132؛ عنوان رشته در منبع: آموزش ابتدایی؛ نحوه پذیرش: با آزمون (بخش دانشجو‌معلم)؛ استان در این ردیف مربوط به بومی‌گزینی/محل خدمت است
1401,آموزش ابتدایی,دانشگاه فرهنگیان,پردیس شهید صدوقی کرمانشاه,کرمانشاه,در جدول ذکر نشده,,تعهد خدمت,5,زن,در جدول ذکر نشده,ادامه مخصوص داوطلبان بومی استان کرمانشاه؛ پردیس شهید صدوقی کرمانشاه/ اولویت پذیرش با داوطلبان بومی شهرستان اسلام آباد غرب/محل خدمت اسلام آباد؛ پذیرش دانشجو‌معلم با تعهد خدمت؛ ضوابط بخش فرهنگیان دفترچه,1401-humanities-booklet,216,1401-humanities-booklet,216,کدرشته‌محل منبع: 46133؛ عنوان رشته در منبع: آموزش ابتدایی؛ نحوه پذیرش: با آزمون (بخش دانشجو‌معلم)؛ استان در این ردیف مربوط به بومی‌گزینی/محل خدمت است
1401,آموزش ابتدایی,دانشگاه فرهنگیان,پردیس شهید صدوقی کرمانشاه,کرمانشاه,در جدول ذکر نشده,,تعهد خدمت,1,زن,در جدول ذکر نشده,ادامه مخصوص داوطلبان بومی استان کرمانشاه؛ پردیس شهید صدوقی کرمانشاه/ اولویت پذیرش با داوطلبان بومی شهرستان پاوه/محل خدمت باینگان؛ پذیرش دانشجو‌معلم با تعهد خدمت؛ ضوابط بخش فرهنگیان دفترچه,1401-humanities-booklet,216,1401-humanities-booklet,216,کدرشته‌محل منبع: 46134؛ عنوان رشته در منبع: آموزش ابتدایی؛ نحوه پذیرش: با آزمون (بخش دانشجو‌معلم)؛ استان در این ردیف مربوط به بومی‌گزینی/محل خدمت است
1401,آموزش ابتدایی,دانشگاه فرهنگیان,پردیس شهید صدوقی کرمانشاه,کرمانشاه,در جدول ذکر نشده,,تعهد خدمت,1,زن,در جدول ذکر نشده,ادامه مخصوص داوطلبان بومی استان کرمانشاه؛ پردیس شهید صدوقی کرمانشاه/ اولویت پذیرش با داوطلبان بومی شهرستان هرسین/محل خدمت بیستون؛ پذیرش دانشجو‌معلم با تعهد خدمت؛ ضوابط بخش فرهنگیان دفترچه,1401-humanities-booklet,216,1401-humanities-booklet,216,کدرشته‌محل منبع: 46135؛ عنوان رشته در منبع: آموزش ابتدایی؛ نحوه پذیرش: با آزمون (بخش دانشجو‌معلم)؛ استان در این ردیف مربوط به بومی‌گزینی/محل خدمت است
1401,آموزش ابتدایی,دانشگاه فرهنگیان,پردیس( شهید صدوقی کرمانشاه,کرمانشاه,در جدول ذکر نشده,,تعهد خدمت,2,زن,در جدول ذکر نشده,ادامه مخصوص داوطلبان بومی استان کرمانشاه؛ پردیس( شهید صدوقی کرمانشاه/ اولویت پذیرش با داوطلبان بومی شهرستان پاوه/محل خدمت پاوه )اورامانات؛ پذیرش دانشجو‌معلم با تعهد خدمت؛ ضوابط بخش فرهنگیان دفترچه,1401-humanities-booklet,216,1401-humanities-booklet,216,کدرشته‌محل منبع: 46136؛ عنوان رشته در منبع: آموزش ابتدایی؛ نحوه پذیرش: با آزمون (بخش دانشجو‌معلم)؛ استان در این ردیف مربوط به بومی‌گزینی/محل خدمت است
1401,آموزش ابتدایی,دانشگاه فرهنگیان,پردیس شهید صدوقی کرمانشاه,کرمانشاه,در جدول ذکر نشده,,تعهد خدمت,2,زن,در جدول ذکر نشده,ادامه مخصوص داوطلبان بومی استان کرمانشاه؛ پردیس شهید صدوقی کرمانشاه/ اولویت پذیرش با داوطلبان بومی شهرستان ثلاث باباجانی/محل خدمت ثلاث باباجانی؛ پذیرش دانشجو‌معلم با تعهد خدمت؛ ضوابط بخش فرهنگیان دفترچه,1401-humanities-booklet,216,1401-humanities-booklet,216,کدرشته‌محل منبع: 46137؛ عنوان رشته در منبع: آموزش ابتدایی؛ نحوه پذیرش: با آزمون (بخش دانشجو‌معلم)؛ استان در این ردیف مربوط به بومی‌گزینی/محل خدمت است
1401,آموزش ابتدایی,دانشگاه فرهنگیان,پردیس شهید صدوقی کرمانشاه,کرمانشاه,در جدول ذکر نشده,,تعهد خدمت,2,زن,در جدول ذکر نشده,ادامه مخصوص داوطلبان بومی استان کرمانشاه؛ پردیس شهید صدوقی کرمانشاه/ اولویت پذیرش با داوطلبان بومی شهرستان جوانرود/محل خدمت جوانرود؛ پذیرش دانشجو‌معلم با تعهد خدمت؛ ضوابط بخش فرهنگیان دفترچه,1401-humanities-booklet,216,1401-humanities-booklet,216,کدرشته‌محل منبع: 46138؛ عنوان رشته در منبع: آموزش ابتدایی؛ نحوه پذیرش: با آزمون (بخش دانشجو‌معلم)؛ استان در این ردیف مربوط به بومی‌گزینی/محل خدمت است
1401,آموزش ابتدایی,دانشگاه فرهنگیان,پردیس شهید صدوقی کرمانشاه,کرمانشاه,در جدول ذکر نشده,,تعهد خدمت,1,زن,در جدول ذکر نشده,ادامه مخصوص داوطلبان بومی استان کرمانشاه؛ پردیس شهید صدوقی کرمانشاه/ اولویت پذیرش با داوطلبان بومی شهرستان اسلام آباد غرب/محل خدمت حمیل؛ پذیرش دانشجو‌معلم با تعهد خدمت؛ ضوابط بخش فرهنگیان دفترچه,1401-humanities-booklet,216,1401-humanities-booklet,216,کدرشته‌محل منبع: 46139؛ عنوان رشته در منبع: آموزش ابتدایی؛ نحوه پذیرش: با آزمون (بخش دانشجو‌معلم)؛ استان در این ردیف مربوط به بومی‌گزینی/محل خدمت است
1401,آموزش ابتدایی,دانشگاه فرهنگیان,,کرمانشاه,در جدول ذکر نشده,,تعهد خدمت,1,زن,در جدول ذکر نشده,ادامه مخصوص داوطلبان بومی استان کرمانشاه؛ /پردیس شهید صدوقی کرمانشاه اولویت پذیرش با داوطلبان بومی شهرستان صحنه/محل خدمت دینور؛ پذیرش دانشجو‌معلم با تعهد خدمت؛ ضوابط بخش فرهنگیان دفترچه,1401-humanities-booklet,216,1401-humanities-booklet,216,کدرشته‌محل منبع: 46140؛ عنوان رشته در منبع: آموزش ابتدایی؛ نحوه پذیرش: با آزمون (بخش دانشجو‌معلم)؛ استان در این ردیف مربوط به بومی‌گزینی/محل خدمت است
1401,آموزش ابتدایی,دانشگاه فرهنگیان,پردیس شهید صدوقی کرمانشاه,کرمانشاه,در جدول ذکر نشده,,تعهد خدمت,3,زن,در جدول ذکر نشده,ادامه مخصوص داوطلبان بومی استان کرمانشاه؛ پردیس شهید صدوقی کرمانشاه/ اولویت پذیرش با داوطلبان بومی شهرستان روانسر/محل خدمت روانسر؛ پذیرش دانشجو‌معلم با تعهد خدمت؛ ضوابط بخش فرهنگیان دفترچه,1401-humanities-booklet,216,1401-humanities-booklet,216,کدرشته‌محل منبع: 46141؛ عنوان رشته در منبع: آموزش ابتدایی؛ نحوه پذیرش: با آزمون (بخش دانشجو‌معلم)؛ استان در این ردیف مربوط به بومی‌گزینی/محل خدمت است
1401,آموزش ابتدایی,دانشگاه فرهنگیان,پردیس شهید صدوقی کرمانشاه,کرمانشاه,در جدول ذکر نشده,,تعهد خدمت,3,زن,در جدول ذکر نشده,ادامه مخصوص داوطلبان بومی استان کرمانشاه؛ پردیس شهید صدوقی کرمانشاه/ اولویت پذیرش با داوطلبان بومی شهرستان سرپل ذهاب/محل خدمت سرپل ذهاب؛ پذیرش دانشجو‌معلم با تعهد خدمت؛ ضوابط بخش فرهنگیان دفترچه,1401-humanities-booklet,216,1401-humanities-booklet,216,کدرشته‌محل منبع: 46142؛ عنوان رشته در منبع: آموزش ابتدایی؛ نحوه پذیرش: با آزمون (بخش دانشجو‌معلم)؛ استان در این ردیف مربوط به بومی‌گزینی/محل خدمت است
1401,آموزش ابتدایی,دانشگاه فرهنگیان,پردیس شهید صدوقی کرمانشاه,کرمانشاه,در جدول ذکر نشده,,تعهد خدمت,5,زن,در جدول ذکر نشده,ادامه مخصوص داوطلبان بومی استان کرمانشاه؛ پردیس شهید صدوقی کرمانشاه/ اولویت پذیرش با داوطلبان بومی شهرستان سنقر/محل خدمت سنقرکلیایی؛ پذیرش دانشجو‌معلم با تعهد خدمت؛ ضوابط بخش فرهنگیان دفترچه,1401-humanities-booklet,216,1401-humanities-booklet,216,کدرشته‌محل منبع: 46143؛ عنوان رشته در منبع: آموزش ابتدایی؛ نحوه پذیرش: با آزمون (بخش دانشجو‌معلم)؛ استان در این ردیف مربوط به بومی‌گزینی/محل خدمت است
1401,آموزش ابتدایی,دانشگاه فرهنگیان,پردیس شهید صدوقی کرمانشاه,کرمانشاه,در جدول ذکر نشده,,تعهد خدمت,2,زن,در جدول ذکر نشده,ادامه مخصوص داوطلبان بومی استان کرمانشاه؛ پردیس شهید صدوقی کرمانشاه/ اولویت پذیرش با داوطلبان بومی شهرستان صحنه/محل خدمت صحنه؛ پذیرش دانشجو‌معلم با تعهد خدمت؛ ضوابط بخش فرهنگیان دفترچه,1401-humanities-booklet,216,1401-humanities-booklet,216,کدرشته‌محل منبع: 46144؛ عنوان رشته در منبع: آموزش ابتدایی؛ نحوه پذیرش: با آزمون (بخش دانشجو‌معلم)؛ استان در این ردیف مربوط به بومی‌گزینی/محل خدمت است
1401,آموزش ابتدایی,دانشگاه فرهنگیان,پردیس شهید صدوقی کرمانشاه,کرمانشاه,در جدول ذکر نشده,,تعهد خدمت,1,زن,در جدول ذکر نشده,ادامه مخصوص داوطلبان بومی استان کرمانشاه؛ پردیس شهید صدوقی کرمانشاه/ اولویت پذیرش با داوطلبان بومی شهرستان قصرشیرین/محل خدمت قصرشیرین؛ پذیرش دانشجو‌معلم با تعهد خدمت؛ ضوابط بخش فرهنگیان دفترچه,1401-humanities-booklet,216,1401-humanities-booklet,216,کدرشته‌محل منبع: 46145؛ عنوان رشته در منبع: آموزش ابتدایی؛ نحوه پذیرش: با آزمون (بخش دانشجو‌معلم)؛ استان در این ردیف مربوط به بومی‌گزینی/محل خدمت است
1401,آموزش ابتدایی,دانشگاه فرهنگیان,پردیس شهید صدوقی کرمانشاه,کرمانشاه,در جدول ذکر نشده,,تعهد خدمت,11,زن,در جدول ذکر نشده,ادامه مخصوص داوطلبان بومی استان کرمانشاه؛ پردیس شهید صدوقی کرمانشاه/ اولویت پذیرش با داوطلبان بومی شهرستان کرمانشاه/محل خدمت کرمانشاه .ناحیه1؛ پذیرش دانشجو‌معلم با تعهد خدمت؛ ضوابط بخش فرهنگیان دفترچه,1401-humanities-booklet,216,1401-humanities-booklet,216,کدرشته‌محل منبع: 46146؛ عنوان رشته در منبع: آموزش ابتدایی؛ نحوه پذیرش: با آزمون (بخش دانشجو‌معلم)؛ استان در این ردیف مربوط به بومی‌گزینی/محل خدمت است
1401,آموزش ابتدایی,دانشگاه فرهنگیان,پردیس شهید صدوقی کرمانشاه,کرمانشاه,در جدول ذکر نشده,,تعهد خدمت,7,زن,در جدول ذکر نشده,ادامه مخصوص داوطلبان بومی استان کرمانشاه؛ پردیس شهید صدوقی کرمانشاه/ اولویت پذیرش با داوطلبان بومی شهرستان کرمانشاه/محل خدمت کرمانشاه .ناحیه2؛ پذیرش دانشجو‌معلم با تعهد خدمت؛ ضوابط بخش فرهنگیان دفترچه,1401-humanities-booklet,216,1401-humanities-booklet,216,کدرشته‌محل منبع: 46147؛ عنوان رشته در منبع: آموزش ابتدایی؛ نحوه پذیرش: با آزمون (بخش دانشجو‌معلم)؛ استان در این ردیف مربوط به بومی‌گزینی/محل خدمت است
1401,آموزش ابتدایی,دانشگاه فرهنگیان,پردیس شهید صدوقی کرمانشاه,کرمانشاه,در جدول ذکر نشده,,تعهد خدمت,19,زن,در جدول ذکر نشده,ادامه مخصوص داوطلبان بومی استان کرمانشاه؛ پردیس شهید صدوقی کرمانشاه/ اولویت پذیرش با داوطلبان بومی شهرستان کرمانشاه/محل خدمت کرمانشاه .ناحیه3؛ پذیرش دانشجو‌معلم با تعهد خدمت؛ ضوابط بخش فرهنگیان دفترچه,1401-humanities-booklet,216,1401-humanities-booklet,216,کدرشته‌محل منبع: 46148؛ عنوان رشته در منبع: آموزش ابتدایی؛ نحوه پذیرش: با آزمون (بخش دانشجو‌معلم)؛ استان در این ردیف مربوط به بومی‌گزینی/محل خدمت است
1401,آموزش ابتدایی,دانشگاه فرهنگیان,پردیس شهید صدوقی کرمانشاه,کرمانشاه,در جدول ذکر نشده,,تعهد خدمت,1,زن,در جدول ذکر نشده,ادامه مخصوص داوطلبان بومی استان کرمانشاه؛ پردیس شهید صدوقی کرمانشاه/ اولویت پذیرش با داوطلبان بومی شهرستان دالاهو/محل خدمت کرندغرب؛ پذیرش دانشجو‌معلم با تعهد خدمت؛ ضوابط بخش فرهنگیان دفترچه,1401-humanities-booklet,216,1401-humanities-booklet,216,کدرشته‌محل منبع: 46149؛ عنوان رشته در منبع: آموزش ابتدایی؛ نحوه پذیرش: با آزمون (بخش دانشجو‌معلم)؛ استان در این ردیف مربوط به بومی‌گزینی/محل خدمت است
1401,آموزش ابتدایی,دانشگاه فرهنگیان,پردیس شهید صدوقی کرمانشاه,کرمانشاه,در جدول ذکر نشده,,تعهد خدمت,5,زن,در جدول ذکر نشده,ادامه مخصوص داوطلبان بومی استان کرمانشاه؛ پردیس شهید صدوقی کرمانشاه/ اولویت پذیرش با داوطلبان بومی شهرستان کنگاور/محل خدمت کنگاور؛ پذیرش دانشجو‌معلم با تعهد خدمت؛ ضوابط بخش فرهنگیان دفترچه,1401-humanities-booklet,216,1401-humanities-booklet,216,کدرشته‌محل منبع: 46150؛ عنوان رشته در منبع: آموزش ابتدایی؛ نحوه پذیرش: با آزمون (بخش دانشجو‌معلم)؛ استان در این ردیف مربوط به بومی‌گزینی/محل خدمت است
1401,آموزش ابتدایی,دانشگاه فرهنگیان,پردیس شهید صدوقی کرمانشاه,کرمانشاه,در جدول ذکر نشده,,تعهد خدمت,2,زن,در جدول ذکر نشده,ادامه مخصوص داوطلبان بومی استان کرمانشاه؛ پردیس شهید صدوقی کرمانشاه/ اولویت پذیرش با داوطلبان بومی شهرستان دالاهو/محل خدمت گهواره؛ پذیرش دانشجو‌معلم با تعهد خدمت؛ ضوابط بخش فرهنگیان دفترچه,1401-humanities-booklet,216,1401-humanities-booklet,216,کدرشته‌محل منبع: 46151؛ عنوان رشته در منبع: آموزش ابتدایی؛ نحوه پذیرش: با آزمون (بخش دانشجو‌معلم)؛ استان در این ردیف مربوط به بومی‌گزینی/محل خدمت است
1401,آموزش ابتدایی,دانشگاه فرهنگیان,پردیس شهید صدوقی کرمانشاه,کرمانشاه,در جدول ذکر نشده,,تعهد خدمت,1,زن,در جدول ذکر نشده,ادامه مخصوص داوطلبان بومی استان کرمانشاه؛ پردیس شهید صدوقی کرمانشاه/ اولویت پذیرش با داوطلبان بومی شهرستان گیلانغرب/محل خدمت گواور؛ پذیرش دانشجو‌معلم با تعهد خدمت؛ ضوابط بخش فرهنگیان دفترچه,1401-humanities-booklet,216,1401-humanities-booklet,216,کدرشته‌محل منبع: 46152؛ عنوان رشته در منبع: آموزش ابتدایی؛ نحوه پذیرش: با آزمون (بخش دانشجو‌معلم)؛ استان در این ردیف مربوط به بومی‌گزینی/محل خدمت است
1401,آموزش ابتدایی,دانشگاه فرهنگیان,,کرمانشاه,در جدول ذکر نشده,,تعهد خدمت,2,زن,در جدول ذکر نشده,ادامه مخصوص داوطلبان بومی استان کرمانشاه؛ /پردیس شهید صدوقی کرمانشاه اولویت پذیرش با داوطلبان بومی شهرستان گیلانغرب/محل خدمت گیلانغرب؛ پذیرش دانشجو‌معلم با تعهد خدمت؛ ضوابط بخش فرهنگیان دفترچه,1401-humanities-booklet,216,1401-humanities-booklet,216,کدرشته‌محل منبع: 46153؛ عنوان رشته در منبع: آموزش ابتدایی؛ نحوه پذیرش: با آزمون (بخش دانشجو‌معلم)؛ استان در این ردیف مربوط به بومی‌گزینی/محل خدمت است
1401,آموزش ابتدایی,دانشگاه فرهنگیان,پردیس شهید صدوقی کرمانشاه,کرمانشاه,در جدول ذکر نشده,,تعهد خدمت,1,زن,در جدول ذکر نشده,ادامه مخصوص داوطلبان بومی استان کرمانشاه؛ پردیس شهید صدوقی کرمانشاه/ اولویت پذیرش با داوطلبان بومی شهرستان کرمانشاه/محل خدمت ماهیدشت؛ پذیرش دانشجو‌معلم با تعهد خدمت؛ ضوابط بخش فرهنگیان دفترچه,1401-humanities-booklet,216,1401-humanities-booklet,216,کدرشته‌محل منبع: 46154؛ عنوان رشته در منبع: آموزش ابتدایی؛ نحوه پذیرش: با آزمون (بخش دانشجو‌معلم)؛ استان در این ردیف مربوط به بومی‌گزینی/محل خدمت است
1401,آموزش ابتدایی,دانشگاه فرهنگیان,پردیس شهید صدوقی کرمانشاه,کرمانشاه,در جدول ذکر نشده,,تعهد خدمت,1,زن,در جدول ذکر نشده,ادامه مخصوص داوطلبان بومی استان کرمانشاه؛ پردیس شهید صدوقی کرمانشاه/ اولویت پذیرش با داوطلبان بومی شهرستان پاوه/محل خدمت نوسود؛ پذیرش دانشجو‌معلم با تعهد خدمت؛ ضوابط بخش فرهنگیان دفترچه,1401-humanities-booklet,216,1401-humanities-booklet,216,کدرشته‌محل منبع: 46155؛ عنوان رشته در منبع: آموزش ابتدایی؛ نحوه پذیرش: با آزمون (بخش دانشجو‌معلم)؛ استان در این ردیف مربوط به بومی‌گزینی/محل خدمت است
1401,آموزش ابتدایی,دانشگاه فرهنگیان,پردیس شهید صدوقی کرمانشاه,کرمانشاه,در جدول ذکر نشده,,تعهد خدمت,2,زن,در جدول ذکر نشده,ادامه مخصوص داوطلبان بومی استان کرمانشاه؛ پردیس شهید صدوقی کرمانشاه/ اولویت پذیرش با داوطلبان بومی شهرستان هرسین/محل خدمت هرسین؛ پذیرش دانشجو‌معلم با تعهد خدمت؛ ضوابط بخش فرهنگیان دفترچه,1401-humanities-booklet,216,1401-humanities-booklet,216,کدرشته‌محل منبع: 46156؛ عنوان رشته در منبع: آموزش ابتدایی؛ نحوه پذیرش: با آزمون (بخش دانشجو‌معلم)؛ استان در این ردیف مربوط به بومی‌گزینی/محل خدمت است
1401,آموزش ابتدایی,دانشگاه فرهنگیان,پردیس شهید ایزدپناه یاسوج,کهگیلویه و بویراحمد,در جدول ذکر نشده,,تعهد خدمت,1,مرد,در جدول ذکر نشده,ادامه مخصوص داوطلبان بومی استان کهگیلویه و بویراحمد؛ پردیس شهید ایزدپناه یاسوج/ اولویت پذیرش با داوطلبان بومی شهرستانهای گچساران، باشت/محل خدمت باشت؛ پذیرش دانشجو‌معلم با تعهد خدمت؛ ضوابط بخش فرهنگیان دفترچه,1401-humanities-booklet,218,1401-humanities-booklet,218,کدرشته‌محل منبع: 46191؛ عنوان رشته در منبع: آموزش ابتدایی؛ نحوه پذیرش: با آزمون (بخش دانشجو‌معلم)؛ استان در این ردیف مربوط به بومی‌گزینی/محل خدمت است
1401,آموزش ابتدایی,دانشگاه فرهنگیان,پردیس شهید ایزدپناه یاسوج,کهگیلویه و بویراحمد,در جدول ذکر نشده,,تعهد خدمت,7,مرد,در جدول ذکر نشده,ادامه مخصوص داوطلبان بومی استان کهگیلویه و بویراحمد؛ پردیس شهید ایزدپناه یاسوج/ اولویت پذیرش با داوطلبان بومی شهرستانهای گچساران، باشت/محل خدمت گچساران؛ پذیرش دانشجو‌معلم با تعهد خدمت؛ ضوابط بخش فرهنگیان دفترچه,1401-humanities-booklet,218,1401-humanities-booklet,218,کدرشته‌محل منبع: 46192؛ عنوان رشته در منبع: آموزش ابتدایی؛ نحوه پذیرش: با آزمون (بخش دانشجو‌معلم)؛ استان در این ردیف مربوط به بومی‌گزینی/محل خدمت است
1401,آموزش ابتدایی,دانشگاه فرهنگیان,پردیس شهید ایزدپناه یاسوج,کهگیلویه و بویراحمد,در جدول ذکر نشده,,تعهد خدمت,2,مرد,در جدول ذکر نشده,ادامه مخصوص داوطلبان بومی استان کهگیلویه و بویراحمد؛ پردیس شهید ایزدپناه یاسوج/ اولویت پذیرش با داوطلبان بومی شهرستان بهمئی/محل خدمت بهمئی؛ پذیرش دانشجو‌معلم با تعهد خدمت؛ ضوابط بخش فرهنگیان دفترچه,1401-humanities-booklet,218,1401-humanities-booklet,218,کدرشته‌محل منبع: 46193؛ عنوان رشته در منبع: آموزش ابتدایی؛ نحوه پذیرش: با آزمون (بخش دانشجو‌معلم)؛ استان در این ردیف مربوط به بومی‌گزینی/محل خدمت است
1401,آموزش ابتدایی,دانشگاه فرهنگیان,پردیس شهید ایزدپناه یاسوج,کهگیلویه و بویراحمد,در جدول ذکر نشده,,تعهد خدمت,1,مرد,در جدول ذکر نشده,ادامه مخصوص داوطلبان بومی استان کهگیلویه و بویراحمد؛ پردیس شهید ایزدپناه یاسوج/ اولویت پذیرش با داوطلبان بومی شهرستانهای کهگیلویه، لنده، چرام/محل خدمت چاروسا؛ پذیرش دانشجو‌معلم با تعهد خدمت؛ ضوابط بخش فرهنگیان دفترچه,1401-humanities-booklet,218,1401-humanities-booklet,218,کدرشته‌محل منبع: 46194؛ عنوان رشته در منبع: آموزش ابتدایی؛ نحوه پذیرش: با آزمون (بخش دانشجو‌معلم)؛ استان در این ردیف مربوط به بومی‌گزینی/محل خدمت است
1401,آموزش ابتدایی,دانشگاه فرهنگیان,پردیس شهید ایزدپناه یاسوج,کهگیلویه و بویراحمد,در جدول ذکر نشده,,تعهد خدمت,1,مرد,در جدول ذکر نشده,ادامه مخصوص داوطلبان بومی استان کهگیلویه و بویراحمد؛ پردیس شهید ایزدپناه یاسوج/ اولویت پذیرش با داوطلبان بومی شهرستانهای کهگیلویه، لنده، چرام/محل خدمت چرام؛ پذیرش دانشجو‌معلم با تعهد خدمت؛ ضوابط بخش فرهنگیان دفترچه,1401-humanities-booklet,218,1401-humanities-booklet,218,کدرشته‌محل منبع: 46195؛ عنوان رشته در منبع: آموزش ابتدایی؛ نحوه پذیرش: با آزمون (بخش دانشجو‌معلم)؛ استان در این ردیف مربوط به بومی‌گزینی/محل خدمت است
1401,آموزش ابتدایی,دانشگاه فرهنگیان,پردیس شهید ایزدپناه یاسوج,کهگیلویه و بویراحمد,در جدول ذکر نشده,,تعهد خدمت,1,مرد,در جدول ذکر نشده,ادامه مخصوص داوطلبان بومی استان کهگیلویه و بویراحمد؛ پردیس شهید ایزدپناه یاسوج/ اولویت پذیرش با داوطلبان بومی شهرستانهای کهگیلویه، لنده، چرام/محل خدمت لنده؛ پذیرش دانشجو‌معلم با تعهد خدمت؛ ضوابط بخش فرهنگیان دفترچه,1401-humanities-booklet,218,1401-humanities-booklet,218,کدرشته‌محل منبع: 46196؛ عنوان رشته در منبع: آموزش ابتدایی؛ نحوه پذیرش: با آزمون (بخش دانشجو‌معلم)؛ استان در این ردیف مربوط به بومی‌گزینی/محل خدمت است
1401,آموزش ابتدایی,دانشگاه فرهنگیان,پردیس شهید ایزدپناه یاسوج,کهگیلویه و بویراحمد,در جدول ذکر نشده,,تعهد خدمت,5,مرد,در جدول ذکر نشده,ادامه مخصوص داوطلبان بومی استان کهگیلویه و بویراحمد؛ پردیس شهید ایزدپناه یاسوج/ اولویت پذیرش با( داوطلبان بومی شهرستانهای کهگیلویه، لنده، چرام/محل خدمت دهدشت )کهکیلویه؛ پذیرش دانشجو‌معلم با تعهد خدمت؛ ضوابط بخش فرهنگیان دفترچه,1401-humanities-booklet,218,1401-humanities-booklet,218,کدرشته‌محل منبع: 46197؛ عنوان رشته در منبع: آموزش ابتدایی؛ نحوه پذیرش: با آزمون (بخش دانشجو‌معلم)؛ استان در این ردیف مربوط به بومی‌گزینی/محل خدمت است
1401,آموزش ابتدایی,دانشگاه فرهنگیان,پردیس شهید ایزدپناه یاسوج,کهگیلویه و بویراحمد,در جدول ذکر نشده,,تعهد خدمت,1,مرد,در جدول ذکر نشده,ادامه مخصوص داوطلبان بومی استان کهگیلویه و بویراحمد؛ پردیس شهید ایزدپناه یاسوج/ اولویت پذیرش با داوطلبان بومی شهرستانهای کهگیلویه، لنده، چرام/محل خدمت دیشموک؛ پذیرش دانشجو‌معلم با تعهد خدمت؛ ضوابط بخش فرهنگیان دفترچه,1401-humanities-booklet,218,1401-humanities-booklet,218,کدرشته‌محل منبع: 46198؛ عنوان رشته در منبع: آموزش ابتدایی؛ نحوه پذیرش: با آزمون (بخش دانشجو‌معلم)؛ استان در این ردیف مربوط به بومی‌گزینی/محل خدمت است
1401,آموزش ابتدایی,دانشگاه فرهنگیان,پردیس شهید ایزدپناه یاسوج,کهگیلویه و بویراحمد,در جدول ذکر نشده,,تعهد خدمت,1,مرد,در جدول ذکر نشده,ادامه مخصوص داوطلبان بومی استان کهگیلویه و بویراحمد؛ پردیس شهید ایزدپناه یاسوج/ اولویت پذیرش با داوطلبان بومی شهرستانهای بویراحمد، دنا، مارگون/محل خدمت عشایری کهکیلویه وبویراحمد؛ پذیرش دانشجو‌معلم با تعهد خدمت؛ ضوابط بخش فرهنگیان دفترچه,1401-humanities-booklet,218,1401-humanities-booklet,218,کدرشته‌محل منبع: 46199؛ عنوان رشته در منبع: آموزش ابتدایی؛ نحوه پذیرش: با آزمون (بخش دانشجو‌معلم)؛ استان در این ردیف مربوط به بومی‌گزینی/محل خدمت است
1401,آموزش ابتدایی,دانشگاه فرهنگیان,پردیس شهید ایزدپناه یاسوج,کهگیلویه و بویراحمد,در جدول ذکر نشده,,تعهد خدمت,1,مرد,در جدول ذکر نشده,ادامه مخصوص داوطلبان بومی استان کهگیلویه و بویراحمد؛ پردیس شهید ایزدپناه یاسوج/ اولویت پذیرش با داوطلبان بومی شهرستانهای بویراحمد، دنا، مارگون/محل خدمت دنا؛ پذیرش دانشجو‌معلم با تعهد خدمت؛ ضوابط بخش فرهنگیان دفترچه,1401-humanities-booklet,218,1401-humanities-booklet,218,کدرشته‌محل منبع: 46200؛ عنوان رشته در منبع: آموزش ابتدایی؛ نحوه پذیرش: با آزمون (بخش دانشجو‌معلم)؛ استان در این ردیف مربوط به بومی‌گزینی/محل خدمت است
1401,آموزش ابتدایی,دانشگاه فرهنگیان,پردیس شهید ایزدپناه یاسوج,کهگیلویه و بویراحمد,در جدول ذکر نشده,,تعهد خدمت,1,مرد,در جدول ذکر نشده,ادامه مخصوص داوطلبان بومی استان کهگیلویه و بویراحمد؛ پردیس شهید ایزدپناه یاسوج/ اولویت پذیرش با داوطلبان بومی شهرستانهای بویراحمد، دنا، مارگون/محل خدمت لوداب؛ پذیرش دانشجو‌معلم با تعهد خدمت؛ ضوابط بخش فرهنگیان دفترچه,1401-humanities-booklet,218,1401-humanities-booklet,218,کدرشته‌محل منبع: 46201؛ عنوان رشته در منبع: آموزش ابتدایی؛ نحوه پذیرش: با آزمون (بخش دانشجو‌معلم)؛ استان در این ردیف مربوط به بومی‌گزینی/محل خدمت است
1401,آموزش ابتدایی,دانشگاه فرهنگیان,پردیس شهید ایزدپناه یاسوج,کهگیلویه و بویراحمد,در جدول ذکر نشده,,تعهد خدمت,1,مرد,در جدول ذکر نشده,ادامه مخصوص داوطلبان بومی استان کهگیلویه و بویراحمد؛ پردیس شهید ایزدپناه یاسوج/ اولویت پذیرش با داوطلبان بومی شهرستانهای بویراحمد، دنا، مارگون/محل خدمت مارگون؛ پذیرش دانشجو‌معلم با تعهد خدمت؛ ضوابط بخش فرهنگیان دفترچه,1401-humanities-booklet,218,1401-humanities-booklet,218,کدرشته‌محل منبع: 46202؛ عنوان رشته در منبع: آموزش ابتدایی؛ نحوه پذیرش: با آزمون (بخش دانشجو‌معلم)؛ استان در این ردیف مربوط به بومی‌گزینی/محل خدمت است
1401,آموزش ابتدایی,دانشگاه فرهنگیان,پردیس شهید ایزدپناه یاسوج,کهگیلویه و بویراحمد,در جدول ذکر نشده,,تعهد خدمت,16,مرد,در جدول ذکر نشده,ادامه مخصوص داوطلبان بومی استان کهگیلویه و بویراحمد؛ پردیس شهید ایزدپناه یاسوج/ اولویت پذیرش با داوطلبان بومی شهرستانهای بویراحمد، دنا، مارگون/محل خدمت یاسوج؛ پذیرش دانشجو‌معلم با تعهد خدمت؛ ضوابط بخش فرهنگیان دفترچه,1401-humanities-booklet,218,1401-humanities-booklet,218,کدرشته‌محل منبع: 46203؛ عنوان رشته در منبع: آموزش ابتدایی؛ نحوه پذیرش: با آزمون (بخش دانشجو‌معلم)؛ استان در این ردیف مربوط به بومی‌گزینی/محل خدمت است
1401,آموزش ابتدایی,دانشگاه فرهنگیان,پردیس شهید ایزدپناه یاسوج,کهگیلویه و بویراحمد,در جدول ذکر نشده,,تعهد خدمت,1,مرد,در جدول ذکر نشده,ادامه مخصوص داوطلبان بومی استان کهگیلویه و بویراحمد؛ پردیس شهید ایزدپناه یاسوج/ اولویت پذیرش با داوطلبان بومی شهرستانهای گچساران، بویراحمد، دنا/محل خدمت عشایری کهکیلویه وبویراحمد؛ پذیرش دانشجو‌معلم با تعهد خدمت؛ ضوابط بخش فرهنگیان دفترچه,1401-humanities-booklet,218,1401-humanities-booklet,218,کدرشته‌محل منبع: 46204؛ عنوان رشته در منبع: آموزش ابتدایی؛ نحوه پذیرش: با آزمون (بخش دانشجو‌معلم)؛ استان در این ردیف مربوط به بومی‌گزینی/محل خدمت است
1401,آموزش ابتدایی,دانشگاه فرهنگیان,پردیس کوثر یاسوج,کهگیلویه و بویراحمد,در جدول ذکر نشده,,تعهد خدمت,1,زن,در جدول ذکر نشده,ادامه مخصوص داوطلبان بومی استان کهگیلویه و بویراحمد؛ پردیس کوثر یاسوج/ اولویت پذیرش با داوطلبان بومی شهرستانهای گچساران، باشت/محل خدمت باشت؛ پذیرش دانشجو‌معلم با تعهد خدمت؛ ضوابط بخش فرهنگیان دفترچه,1401-humanities-booklet,218,1401-humanities-booklet,218,کدرشته‌محل منبع: 46205؛ عنوان رشته در منبع: آموزش ابتدایی؛ نحوه پذیرش: با آزمون (بخش دانشجو‌معلم)؛ استان در این ردیف مربوط به بومی‌گزینی/محل خدمت است
1401,آموزش ابتدایی,دانشگاه فرهنگیان,پردیس کوثر یاسوج,کهگیلویه و بویراحمد,در جدول ذکر نشده,,تعهد خدمت,4,زن,در جدول ذکر نشده,ادامه مخصوص داوطلبان بومی استان کهگیلویه و بویراحمد؛ پردیس کوثر یاسوج/ اولویت پذیرش با داوطلبان بومی شهرستانهای گچساران، باشت/محل خدمت گچساران؛ پذیرش دانشجو‌معلم با تعهد خدمت؛ ضوابط بخش فرهنگیان دفترچه,1401-humanities-booklet,218,1401-humanities-booklet,218,کدرشته‌محل منبع: 46206؛ عنوان رشته در منبع: آموزش ابتدایی؛ نحوه پذیرش: با آزمون (بخش دانشجو‌معلم)؛ استان در این ردیف مربوط به بومی‌گزینی/محل خدمت است
1401,آموزش ابتدایی,دانشگاه فرهنگیان,پردیس کوثر یاسوج,کهگیلویه و بویراحمد,در جدول ذکر نشده,,تعهد خدمت,1,زن,در جدول ذکر نشده,ادامه مخصوص داوطلبان بومی استان کهگیلویه و بویراحمد؛ پردیس کوثر یاسوج/ اولویت پذیرش با داوطلبان بومی شهرستان بهمئی/محل خدمت بهمئی؛ پذیرش دانشجو‌معلم با تعهد خدمت؛ ضوابط بخش فرهنگیان دفترچه,1401-humanities-booklet,218,1401-humanities-booklet,218,کدرشته‌محل منبع: 46207؛ عنوان رشته در منبع: آموزش ابتدایی؛ نحوه پذیرش: با آزمون (بخش دانشجو‌معلم)؛ استان در این ردیف مربوط به بومی‌گزینی/محل خدمت است
1401,آموزش ابتدایی,دانشگاه فرهنگیان,پردیس کوثر یاسوج,کهگیلویه و بویراحمد,در جدول ذکر نشده,,تعهد خدمت,1,زن,در جدول ذکر نشده,ادامه مخصوص داوطلبان بومی استان کهگیلویه و بویراحمد؛ پردیس کوثر یاسوج/ اولویت پذیرش با داوطلبان بومی شهرستانهای کهگیلویه، لنده، چرام/محل خدمت چاروسا؛ پذیرش دانشجو‌معلم با تعهد خدمت؛ ضوابط بخش فرهنگیان دفترچه,1401-humanities-booklet,218,1401-humanities-booklet,218,کدرشته‌محل منبع: 46208؛ عنوان رشته در منبع: آموزش ابتدایی؛ نحوه پذیرش: با آزمون (بخش دانشجو‌معلم)؛ استان در این ردیف مربوط به بومی‌گزینی/محل خدمت است
1401,آموزش ابتدایی,دانشگاه فرهنگیان,پردیس کوثر یاسوج,کهگیلویه و بویراحمد,در جدول ذکر نشده,,تعهد خدمت,1,زن,در جدول ذکر نشده,ادامه مخصوص داوطلبان بومی استان کهگیلویه و بویراحمد؛ پردیس کوثر یاسوج/ اولویت پذیرش با داوطلبان بومی شهرستانهای کهگیلویه، لنده، چرام/محل خدمت چرام؛ پذیرش دانشجو‌معلم با تعهد خدمت؛ ضوابط بخش فرهنگیان دفترچه,1401-humanities-booklet,218,1401-humanities-booklet,218,کدرشته‌محل منبع: 46209؛ عنوان رشته در منبع: آموزش ابتدایی؛ نحوه پذیرش: با آزمون (بخش دانشجو‌معلم)؛ استان در این ردیف مربوط به بومی‌گزینی/محل خدمت است
1401,آموزش ابتدایی,دانشگاه فرهنگیان,پردیس کوثر یاسوج,کهگیلویه و بویراحمد,در جدول ذکر نشده,,تعهد خدمت,1,زن,در جدول ذکر نشده,ادامه مخصوص داوطلبان بومی استان کهگیلویه و بویراحمد؛ پردیس کوثر یاسوج/ اولویت پذیرش با داوطلبان بومی شهرستانهای کهگیلویه، لنده، چرام/محل خدمت لنده؛ پذیرش دانشجو‌معلم با تعهد خدمت؛ ضوابط بخش فرهنگیان دفترچه,1401-humanities-booklet,218,1401-humanities-booklet,218,کدرشته‌محل منبع: 46210؛ عنوان رشته در منبع: آموزش ابتدایی؛ نحوه پذیرش: با آزمون (بخش دانشجو‌معلم)؛ استان در این ردیف مربوط به بومی‌گزینی/محل خدمت است
1401,آموزش ابتدایی,دانشگاه فرهنگیان,پردیس کوثر یاسوج,کهگیلویه و بویراحمد,در جدول ذکر نشده,,تعهد خدمت,3,زن,در جدول ذکر نشده,ادامه مخصوص داوطلبان بومی استان کهگیلویه و بویراحمد؛ پردیس کوثر یاسوج/ اولویت( پذیرش با داوطلبان بومی شهرستانهای کهگیلویه، لنده، چرام/محل خدمت دهدشت )کهکیلویه؛ پذیرش دانشجو‌معلم با تعهد خدمت؛ ضوابط بخش فرهنگیان دفترچه,1401-humanities-booklet,218,1401-humanities-booklet,218,کدرشته‌محل منبع: 46211؛ عنوان رشته در منبع: آموزش ابتدایی؛ نحوه پذیرش: با آزمون (بخش دانشجو‌معلم)؛ استان در این ردیف مربوط به بومی‌گزینی/محل خدمت است
1401,آموزش ابتدایی,دانشگاه فرهنگیان,پردیس کوثر یاسوج,کهگیلویه و بویراحمد,در جدول ذکر نشده,,تعهد خدمت,1,زن,در جدول ذکر نشده,ادامه مخصوص داوطلبان بومی استان کهگیلویه و بویراحمد؛ پردیس کوثر یاسوج/ اولویت پذیرش با داوطلبان بومی شهرستانهای کهگیلویه، لنده، چرام/محل خدمت دیشموک؛ پذیرش دانشجو‌معلم با تعهد خدمت؛ ضوابط بخش فرهنگیان دفترچه,1401-humanities-booklet,218,1401-humanities-booklet,218,کدرشته‌محل منبع: 46212؛ عنوان رشته در منبع: آموزش ابتدایی؛ نحوه پذیرش: با آزمون (بخش دانشجو‌معلم)؛ استان در این ردیف مربوط به بومی‌گزینی/محل خدمت است
1401,آموزش ابتدایی,دانشگاه فرهنگیان,پردیس کوثر یاسوج,کهگیلویه و بویراحمد,در جدول ذکر نشده,,تعهد خدمت,1,زن,در جدول ذکر نشده,ادامه مخصوص داوطلبان بومی استان کهگیلویه و بویراحمد؛ پردیس کوثر یاسوج/ اولویت پذیرش با داوطلبان بومی شهرستانهای بویراحمد، دنا، مارگون/محل خدمت عشایری کهکیلویه وبویراحمد؛ پذیرش دانشجو‌معلم با تعهد خدمت؛ ضوابط بخش فرهنگیان دفترچه,1401-humanities-booklet,218,1401-humanities-booklet,218,کدرشته‌محل منبع: 46213؛ عنوان رشته در منبع: آموزش ابتدایی؛ نحوه پذیرش: با آزمون (بخش دانشجو‌معلم)؛ استان در این ردیف مربوط به بومی‌گزینی/محل خدمت است
1401,آموزش ابتدایی,دانشگاه فرهنگیان,پردیس کوثر یاسوج,کهگیلویه و بویراحمد,در جدول ذکر نشده,,تعهد خدمت,1,زن,در جدول ذکر نشده,ادامه مخصوص داوطلبان بومی استان کهگیلویه و بویراحمد؛ پردیس کوثر یاسوج/ اولویت پذیرش با داوطلبان بومی شهرستانهای بویراحمد، دنا، مارگون/محل خدمت دنا؛ پذیرش دانشجو‌معلم با تعهد خدمت؛ ضوابط بخش فرهنگیان دفترچه,1401-humanities-booklet,218,1401-humanities-booklet,218,کدرشته‌محل منبع: 46214؛ عنوان رشته در منبع: آموزش ابتدایی؛ نحوه پذیرش: با آزمون (بخش دانشجو‌معلم)؛ استان در این ردیف مربوط به بومی‌گزینی/محل خدمت است
1401,آموزش ابتدایی,دانشگاه فرهنگیان,,کهگیلویه و بویراحمد,در جدول ذکر نشده,,تعهد خدمت,1,زن,در جدول ذکر نشده,ادامه مخصوص داوطلبان بومی استان کهگیلویه و بویراحمد؛ /پردیس کوثر یاسوج اولویت پذیرش با داوطلبان بومی شهرستانهای بویراحمد، دنا، مارگون/محل خدمت لوداب؛ پذیرش دانشجو‌معلم با تعهد خدمت؛ ضوابط بخش فرهنگیان دفترچه,1401-humanities-booklet,218,1401-humanities-booklet,218,کدرشته‌محل منبع: 46215؛ عنوان رشته در منبع: آموزش ابتدایی؛ نحوه پذیرش: با آزمون (بخش دانشجو‌معلم)؛ استان در این ردیف مربوط به بومی‌گزینی/محل خدمت است
1401,آموزش ابتدایی,دانشگاه فرهنگیان,پردیس کوثر یاسوج,کهگیلویه و بویراحمد,در جدول ذکر نشده,,تعهد خدمت,1,زن,در جدول ذکر نشده,ادامه مخصوص داوطلبان بومی استان کهگیلویه و بویراحمد؛ پردیس کوثر یاسوج/ اولویت پذیرش با داوطلبان بومی شهرستانهای بویراحمد، دنا، مارگون/محل خدمت مارگون؛ پذیرش دانشجو‌معلم با تعهد خدمت؛ ضوابط بخش فرهنگیان دفترچه,1401-humanities-booklet,218,1401-humanities-booklet,218,کدرشته‌محل منبع: 46216؛ عنوان رشته در منبع: آموزش ابتدایی؛ نحوه پذیرش: با آزمون (بخش دانشجو‌معلم)؛ استان در این ردیف مربوط به بومی‌گزینی/محل خدمت است
1401,آموزش ابتدایی,دانشگاه فرهنگیان,پردیس کوثر یاسوج,کهگیلویه و بویراحمد,در جدول ذکر نشده,,تعهد خدمت,12,زن,در جدول ذکر نشده,ادامه مخصوص داوطلبان بومی استان کهگیلویه و بویراحمد؛ پردیس کوثر یاسوج/ اولویت پذیرش با داوطلبان بومی شهرستانهای بویراحمد، دنا، مارگون/محل خدمت یاسوج؛ پذیرش دانشجو‌معلم با تعهد خدمت؛ ضوابط بخش فرهنگیان دفترچه,1401-humanities-booklet,218,1401-humanities-booklet,218,کدرشته‌محل منبع: 46217؛ عنوان رشته در منبع: آموزش ابتدایی؛ نحوه پذیرش: با آزمون (بخش دانشجو‌معلم)؛ استان در این ردیف مربوط به بومی‌گزینی/محل خدمت است
1401,آموزش ابتدایی,دانشگاه فرهنگیان,پردیس آیت اله خامنه ای گرگان,گلستان,در جدول ذکر نشده,,تعهد خدمت,34,مرد,در جدول ذکر نشده,پردیس آیت اله خامنه ای گرگان؛ اولویت پذیرش با داوطلبان بومی شهرستان گرگان؛ محل خدمت: گرگان؛ تعهد خدمت دانشجو‌معلم مطابق دفترچه,1401-correction-4,4,1401-humanities-booklet,220,کدرشته‌محل منبع: 46229؛ عنوان رشته در منبع: آموزش ابتدایی؛ نحوه پذیرش: با آزمون (بخش دانشجو‌معلم)؛ استان در این ردیف مربوط به بومی‌گزینی/محل خدمت است؛ اصلاحیه: conditions
1401,آموزش ابتدایی,دانشگاه فرهنگیان,پردیس آیت اله خامنه ای گرگان,گلستان,در جدول ذکر نشده,,تعهد خدمت,8,مرد,در جدول ذکر نشده,پردیس آیت اله خامنه ای گرگان؛ اولویت پذیرش با داوطلبان بومی شهرستانهای ،آق قال، تترکمن، گمیشتان بندرگز، کردکو ی؛ محل خدمت: کردکوی؛ تعهد خدمت دانشجو‌معلم مطابق دفترچه,1401-correction-4,4,1401-humanities-booklet,220,کدرشته‌محل منبع: 46230؛ عنوان رشته در منبع: آموزش ابتدایی؛ نحوه پذیرش: با آزمون (بخش دانشجو‌معلم)؛ استان در این ردیف مربوط به بومی‌گزینی/محل خدمت است؛ اصلاحیه: conditions
1401,آموزش ابتدایی,دانشگاه فرهنگیان,پردیس آیت اله خامنه ای گرگان,گلستان,در جدول ذکر نشده,,تعهد خدمت,4,مرد,در جدول ذکر نشده,پردیس آیت اله خامنه ای گرگان؛ اولویت پذیرش با داوطلبان بومی شهرستانهای ،آق قال، تترکمن، گمیشتان بندرگز، کردکو ی؛ محل خدمت: بندرگز؛ تعهد خدمت دانشجو‌معلم مطابق دفترچه,1401-correction-4,4,1401-humanities-booklet,220,کدرشته‌محل منبع: 46231؛ عنوان رشته در منبع: آموزش ابتدایی؛ نحوه پذیرش: با آزمون (بخش دانشجو‌معلم)؛ استان در این ردیف مربوط به بومی‌گزینی/محل خدمت است؛ اصلاحیه: conditions
1401,آموزش ابتدایی,دانشگاه فرهنگیان,پردیس آیت اله خامنه ای گرگان,گلستان,در جدول ذکر نشده,,تعهد خدمت,8,مرد,در جدول ذکر نشده,پردیس آیت اله خامنه ای گرگان؛ اولویت پذیرش بتا داوطلبان بومی شهرستانهای ،آق قال، ترکمن، گمیشان بندرگز ،کردکو ی؛ محل خدمت: آق قلا؛ تعهد خدمت دانشجو‌معلم مطابق دفترچه,1401-correction-4,3,1401-humanities-booklet,220,کدرشته‌محل منبع: 46232؛ عنوان رشته در منبع: آموزش ابتدایی؛ نحوه پذیرش: با آزمون (بخش دانشجو‌معلم)؛ استان در این ردیف مربوط به بومی‌گزینی/محل خدمت است؛ اصلاحیه: conditions
1401,آموزش ابتدایی,دانشگاه فرهنگیان,پردیس آیت اله خامنه ای گرگان,گلستان,در جدول ذکر نشده,,تعهد خدمت,7,مرد,در جدول ذکر نشده,پردیس آیت اله خامنه ای گرگان؛ اولویت پذیرش بتا داوطلبان بومی شهرستانهای ،آق قال، ترکمن، گمیشان بندرگز ،کردکو ی؛ محل خدمت: بندرترکمن؛ تعهد خدمت دانشجو‌معلم مطابق دفترچه,1401-correction-4,3,1401-humanities-booklet,220,کدرشته‌محل منبع: 46233؛ عنوان رشته در منبع: آموزش ابتدایی؛ نحوه پذیرش: با آزمون (بخش دانشجو‌معلم)؛ استان در این ردیف مربوط به بومی‌گزینی/محل خدمت است؛ اصلاحیه: conditions
1401,آموزش ابتدایی,دانشگاه فرهنگیان,پردیس آیت اله خامنه ای گرگان,گلستان,در جدول ذکر نشده,,تعهد خدمت,8,مرد,در جدول ذکر نشده,پردیس آیت اله خامنه ای گرگان؛ اولویت پذیرش بتا داوطلبان بومی شهرستانهای ،آق قال، ترکمن، گمیشان بندرگز ،کردکو ی؛ محل خدمت: گمیشان؛ تعهد خدمت دانشجو‌معلم مطابق دفترچه,1401-correction-4,3,1401-humanities-booklet,220,کدرشته‌محل منبع: 46234؛ عنوان رشته در منبع: آموزش ابتدایی؛ نحوه پذیرش: با آزمون (بخش دانشجو‌معلم)؛ استان در این ردیف مربوط به بومی‌گزینی/محل خدمت است؛ اصلاحیه: conditions
1401,آموزش ابتدایی,دانشگاه فرهنگیان,پردیس آیت اله خامنه ،ای گرگان,گلستان,در جدول ذکر نشده,,تعهد خدمت,11,مرد,در جدول ذکر نشده,ادامه مخصوص داوطلبان بومی استان گلستان؛ پردیس آیت اله خامنه ،ای گرگان/ اولویت پذیرش با داوطلبان بومی شهرستانهای آزادشهر رامیان، علی آباد، مینودشت/محل خدمت علی آباد؛ پذیرش دانشجو‌معلم با تعهد خدمت؛ ضوابط بخش فرهنگیان دفترچه,1401-humanities-booklet,220,1401-humanities-booklet,220,کدرشته‌محل منبع: 46235؛ عنوان رشته در منبع: آموزش ابتدایی؛ نحوه پذیرش: با آزمون (بخش دانشجو‌معلم)؛ استان در این ردیف مربوط به بومی‌گزینی/محل خدمت است
1401,آموزش ابتدایی,دانشگاه فرهنگیان,پردیس آیت اله خامنه ای گرگان,گلستان,در جدول ذکر نشده,,تعهد خدمت,10,مرد,در جدول ذکر نشده,ادامه مخصوص داوطلبان بومی استان گلستان؛ پردیس آیت اله خامنه ای گرگان/ اولویت پذیرش با داوطلبان بومی شهرستانهای آزادشهر، رامیان، علی آباد، مینودشت/محل خدمت رامیان؛ پذیرش دانشجو‌معلم با تعهد خدمت؛ ضوابط بخش فرهنگیان دفترچه,1401-humanities-booklet,220,1401-humanities-booklet,220,کدرشته‌محل منبع: 46236؛ عنوان رشته در منبع: آموزش ابتدایی؛ نحوه پذیرش: با آزمون (بخش دانشجو‌معلم)؛ استان در این ردیف مربوط به بومی‌گزینی/محل خدمت است
1401,آموزش ابتدایی,دانشگاه فرهنگیان,پردیس آیت اله خامنه ,گلستان,در جدول ذکر نشده,,تعهد خدمت,10,مرد,در جدول ذکر نشده,ادامه مخصوص داوطلبان بومی استان گلستان؛ پردیس آیت اله خامنه /ای گرگان اولویت پذیرش با داوطلبان بومی شهرستانهای آزادشهر، رامیان، علی آباد، مینودشت/محل خدمت آزادشهر؛ پذیرش دانشجو‌معلم با تعهد خدمت؛ ضوابط بخش فرهنگیان دفترچه,1401-humanities-booklet,220,1401-humanities-booklet,220,کدرشته‌محل منبع: 46237؛ عنوان رشته در منبع: آموزش ابتدایی؛ نحوه پذیرش: با آزمون (بخش دانشجو‌معلم)؛ استان در این ردیف مربوط به بومی‌گزینی/محل خدمت است
1401,آموزش ابتدایی,دانشگاه فرهنگیان,پردیس آیت اله خامنه ای گرگان,گلستان,در جدول ذکر نشده,,تعهد خدمت,10,مرد,در جدول ذکر نشده,ادامه مخصوص داوطلبان بومی استان گلستان؛ پردیس آیت اله خامنه ای گرگان/ اولویت پذیرش با داوطلبان بومی شهرستانهای آزادشهر، رامیان، علی آباد، مینودشت/محل خدمت مینودشت؛ پذیرش دانشجو‌معلم با تعهد خدمت؛ ضوابط بخش فرهنگیان دفترچه,1401-humanities-booklet,220,1401-humanities-booklet,220,کدرشته‌محل منبع: 46238؛ عنوان رشته در منبع: آموزش ابتدایی؛ نحوه پذیرش: با آزمون (بخش دانشجو‌معلم)؛ استان در این ردیف مربوط به بومی‌گزینی/محل خدمت است
1401,آموزش ابتدایی,دانشگاه فرهنگیان,پردیس آیت اله خامنه ای گرگان,گلستان,در جدول ذکر نشده,,تعهد خدمت,12,مرد,در جدول ذکر نشده,ادامه مخصوص داوطلبان بومی استان گلستان؛ پردیس آیت اله خامنه ای گرگان/ اولویت پذیرش با داوطلبان بومی شهرستانهای گنبد کاووس، گالیکش، کلاله، مراوه تپه/محل خدمت کلاله؛ پذیرش دانشجو‌معلم با تعهد خدمت؛ ضوابط بخش فرهنگیان دفترچه,1401-humanities-booklet,220,1401-humanities-booklet,220,کدرشته‌محل منبع: 46239؛ عنوان رشته در منبع: آموزش ابتدایی؛ نحوه پذیرش: با آزمون (بخش دانشجو‌معلم)؛ استان در این ردیف مربوط به بومی‌گزینی/محل خدمت است
1401,آموزش ابتدایی,دانشگاه فرهنگیان,پردیس آیت اله خامنه ،ای گرگان,گلستان,در جدول ذکر نشده,,تعهد خدمت,11,مرد,در جدول ذکر نشده,ادامه مخصوص داوطلبان بومی استان گلستان؛ پردیس آیت اله خامنه ،ای گرگان/ اولویت پذیرش با داوطلبان بومی شهرستانهای گنبد کاووس گالیکش، کلاله، مراوه تپه/محل خدمت گالیکش؛ پذیرش دانشجو‌معلم با تعهد خدمت؛ ضوابط بخش فرهنگیان دفترچه,1401-humanities-booklet,220,1401-humanities-booklet,220,کدرشته‌محل منبع: 46240؛ عنوان رشته در منبع: آموزش ابتدایی؛ نحوه پذیرش: با آزمون (بخش دانشجو‌معلم)؛ استان در این ردیف مربوط به بومی‌گزینی/محل خدمت است
1401,آموزش ابتدایی,دانشگاه فرهنگیان,پردیس آیت اله خامنه ای گرگان,گلستان,در جدول ذکر نشده,,تعهد خدمت,31,مرد,در جدول ذکر نشده,ادامه مخصوص داوطلبان بومی استان گلستان؛ پردیس آیت اله خامنه ای گرگان/ اولویت پذیرش با داوطلبان بومی شهرستانهای گنبد کاووس، گالیکش، کلاله، مراوه تپه/محل خدمت گنبدکاووس؛ پذیرش دانشجو‌معلم با تعهد خدمت؛ ضوابط بخش فرهنگیان دفترچه,1401-humanities-booklet,220,1401-humanities-booklet,220,کدرشته‌محل منبع: 46241؛ عنوان رشته در منبع: آموزش ابتدایی؛ نحوه پذیرش: با آزمون (بخش دانشجو‌معلم)؛ استان در این ردیف مربوط به بومی‌گزینی/محل خدمت است
1401,آموزش ابتدایی,دانشگاه فرهنگیان,پردیس آیت اله خامنه ,گلستان,در جدول ذکر نشده,,تعهد خدمت,6,مرد,در جدول ذکر نشده,ادامه مخصوص داوطلبان بومی استان گلستان؛ پردیس آیت اله خامنه /ای گرگان اولویت پذیرش با داوطلبان بومی شهرستانهای گنبد کاووس، گالیکش، کلاله، مراوه تپه/محل خدمت مراوه تپه؛ پذیرش دانشجو‌معلم با تعهد خدمت؛ ضوابط بخش فرهنگیان دفترچه,1401-humanities-booklet,220,1401-humanities-booklet,220,کدرشته‌محل منبع: 46242؛ عنوان رشته در منبع: آموزش ابتدایی؛ نحوه پذیرش: با آزمون (بخش دانشجو‌معلم)؛ استان در این ردیف مربوط به بومی‌گزینی/محل خدمت است
1401,آموزش ابتدایی,دانشگاه فرهنگیان,پردیس امام خمینی)ره( گرگان,گلستان,در جدول ذکر نشده,,تعهد خدمت,23,زن,در جدول ذکر نشده,پردیس امام خمینی)ره( گرگان؛ اولویت پذیرش با داوطلبان بومی شهرستان گرگان؛ محل خدمت: گرگان؛ تعهد خدمت دانشجو‌معلم مطابق دفترچه,1401-correction-4,4,1401-humanities-booklet,220,کدرشته‌محل منبع: 46243؛ عنوان رشته در منبع: آموزش ابتدایی؛ نحوه پذیرش: با آزمون (بخش دانشجو‌معلم)؛ استان در این ردیف مربوط به بومی‌گزینی/محل خدمت است؛ اصلاحیه: conditions
1401,آموزش ابتدایی,دانشگاه فرهنگیان,پردیس امام خمینی)ره( گرگان,گلستان,در جدول ذکر نشده,,تعهد خدمت,5,زن,در جدول ذکر نشده,پردیس امام خمینی)ره( گرگان؛ اولویت پذیرش با داوطلبان بومی شهرستانهای ،آق قال، تترکمن، گمیشتان بندرگز، کردکو ی؛ محل خدمت: کردکوی؛ تعهد خدمت دانشجو‌معلم مطابق دفترچه,1401-correction-4,4,1401-humanities-booklet,220,کدرشته‌محل منبع: 46244؛ عنوان رشته در منبع: آموزش ابتدایی؛ نحوه پذیرش: با آزمون (بخش دانشجو‌معلم)؛ استان در این ردیف مربوط به بومی‌گزینی/محل خدمت است؛ اصلاحیه: conditions
1401,آموزش ابتدایی,دانشگاه فرهنگیان,پردیس امام خمینی)ره( گرگان,گلستان,در جدول ذکر نشده,,تعهد خدمت,2,زن,در جدول ذکر نشده,پردیس امام خمینی)ره( گرگان؛ اولویت پذیرش با داوطلبان بومی شهرستانهای ،آق قال، تترکمن، گمیشتان بندرگز، کردکو ی؛ محل خدمت: بندرگز؛ تعهد خدمت دانشجو‌معلم مطابق دفترچه,1401-correction-4,4,1401-humanities-booklet,220,کدرشته‌محل منبع: 46245؛ عنوان رشته در منبع: آموزش ابتدایی؛ نحوه پذیرش: با آزمون (بخش دانشجو‌معلم)؛ استان در این ردیف مربوط به بومی‌گزینی/محل خدمت است؛ اصلاحیه: conditions
1401,آموزش ابتدایی,دانشگاه فرهنگیان,پردیس امام خمینی)ره( گرگان,گلستان,در جدول ذکر نشده,,تعهد خدمت,7,زن,در جدول ذکر نشده,پردیس امام خمینی)ره( گرگان؛ اولویت پذیرش بتا داوطلبان بومی شهرستانهای ،آق قال، ترکمن، گمیشان بندرگز ،کردکو ی؛ محل خدمت: آق قلا؛ تعهد خدمت دانشجو‌معلم مطابق دفترچه,1401-correction-4,3,1401-humanities-booklet,220,کدرشته‌محل منبع: 46246؛ عنوان رشته در منبع: آموزش ابتدایی؛ نحوه پذیرش: با آزمون (بخش دانشجو‌معلم)؛ استان در این ردیف مربوط به بومی‌گزینی/محل خدمت است؛ اصلاحیه: conditions
1401,آموزش ابتدایی,دانشگاه فرهنگیان,پردیس امام خمینی)ره( گرگان,گلستان,در جدول ذکر نشده,,تعهد خدمت,4,زن,در جدول ذکر نشده,پردیس امام خمینی)ره( گرگان؛ اولویت پذیرش بتا داوطلبان بومی شهرستانهای ،آق قال، ترکمن، گمیشان بندرگز ،کردکو ی؛ محل خدمت: بندرترکمن؛ تعهد خدمت دانشجو‌معلم مطابق دفترچه,1401-correction-4,3,1401-humanities-booklet,220,کدرشته‌محل منبع: 46247؛ عنوان رشته در منبع: آموزش ابتدایی؛ نحوه پذیرش: با آزمون (بخش دانشجو‌معلم)؛ استان در این ردیف مربوط به بومی‌گزینی/محل خدمت است؛ اصلاحیه: conditions
1401,آموزش ابتدایی,دانشگاه فرهنگیان,پردیس امام خمینی)ره( گرگان,گلستان,در جدول ذکر نشده,,تعهد خدمت,5,زن,در جدول ذکر نشده,پردیس امام خمینی)ره( گرگان؛ اولویت پذیرش بتا داوطلبان بومی شهرستانهای ،آق قال، ترکمن، گمیشان بندرگز ،کردکو ی؛ محل خدمت: گمیشان؛ تعهد خدمت دانشجو‌معلم مطابق دفترچه,1401-correction-4,3,1401-humanities-booklet,220,کدرشته‌محل منبع: 46248؛ عنوان رشته در منبع: آموزش ابتدایی؛ نحوه پذیرش: با آزمون (بخش دانشجو‌معلم)؛ استان در این ردیف مربوط به بومی‌گزینی/محل خدمت است؛ اصلاحیه: conditions
1401,آموزش ابتدایی,دانشگاه فرهنگیان,،پردیس امام خمینی)ره( گرگان,گلستان,در جدول ذکر نشده,,تعهد خدمت,8,زن,در جدول ذکر نشده,ادامه مخصوص داوطلبان بومی استان گلستان؛ ،پردیس امام خمینی)ره( گرگان/ اولویت پذیرش با داوطلبان بومی شهرستانهای آزادشهر، رامیان علی آباد، مینودشت/محل خدمت علی آباد؛ پذیرش دانشجو‌معلم با تعهد خدمت؛ ضوابط بخش فرهنگیان دفترچه,1401-humanities-booklet,220,1401-humanities-booklet,220,کدرشته‌محل منبع: 46249؛ عنوان رشته در منبع: آموزش ابتدایی؛ نحوه پذیرش: با آزمون (بخش دانشجو‌معلم)؛ استان در این ردیف مربوط به بومی‌گزینی/محل خدمت است
1401,آموزش ابتدایی,دانشگاه فرهنگیان,پردیس امام خمینی)ره( گرگان,گلستان,در جدول ذکر نشده,,تعهد خدمت,7,زن,در جدول ذکر نشده,ادامه مخصوص داوطلبان بومی استان گلستان؛ پردیس امام خمینی)ره( گرگان/ اولویت پذیرش با داوطلبان بومی شهرستانهای آزادشهر، رامیان، علی آباد، مینودشت/محل خدمت رامیان؛ پذیرش دانشجو‌معلم با تعهد خدمت؛ ضوابط بخش فرهنگیان دفترچه,1401-humanities-booklet,220,1401-humanities-booklet,220,کدرشته‌محل منبع: 46250؛ عنوان رشته در منبع: آموزش ابتدایی؛ نحوه پذیرش: با آزمون (بخش دانشجو‌معلم)؛ استان در این ردیف مربوط به بومی‌گزینی/محل خدمت است
1401,آموزش ابتدایی,دانشگاه فرهنگیان,پردیس امام خمینی)ره( گرگان,گلستان,در جدول ذکر نشده,,تعهد خدمت,7,زن,در جدول ذکر نشده,ادامه مخصوص داوطلبان بومی استان گلستان؛ پردیس امام خمینی)ره( گرگان/ اولویت پذیرش با داوطلبان بومی شهرستانهای آزادشهر، رامیان، علی آباد، مینودشت/محل خدمت آزادشهر؛ پذیرش دانشجو‌معلم با تعهد خدمت؛ ضوابط بخش فرهنگیان دفترچه,1401-humanities-booklet,221,1401-humanities-booklet,221,کدرشته‌محل منبع: 46251؛ عنوان رشته در منبع: آموزش ابتدایی؛ نحوه پذیرش: با آزمون (بخش دانشجو‌معلم)؛ استان در این ردیف مربوط به بومی‌گزینی/محل خدمت است
1401,آموزش ابتدایی,دانشگاه فرهنگیان,پردیس امام خمینی)ره( گرگان,گلستان,در جدول ذکر نشده,,تعهد خدمت,6,زن,در جدول ذکر نشده,ادامه مخصوص داوطلبان بومی استان گلستان؛ پردیس امام خمینی)ره( گرگان/ اولویت پذیرش با داوطلبان بومی شهرستانهای آزادشهر، رامیان، علی آباد، مینودشت/محل خدمت مینودشت؛ پذیرش دانشجو‌معلم با تعهد خدمت؛ ضوابط بخش فرهنگیان دفترچه,1401-humanities-booklet,221,1401-humanities-booklet,221,کدرشته‌محل منبع: 46252؛ عنوان رشته در منبع: آموزش ابتدایی؛ نحوه پذیرش: با آزمون (بخش دانشجو‌معلم)؛ استان در این ردیف مربوط به بومی‌گزینی/محل خدمت است
1401,آموزش ابتدایی,دانشگاه فرهنگیان,پردیس امام خمینی)ره( گرگان,گلستان,در جدول ذکر نشده,,تعهد خدمت,8,زن,در جدول ذکر نشده,ادامه مخصوص داوطلبان بومی استان گلستان؛ پردیس امام خمینی)ره( گرگان/ اولویت پذیرش با داوطلبان بومی شهرستانهای گنبد کاووس، گالیکش، کلاله، مراوه تپه/محل خدمت کلاله؛ پذیرش دانشجو‌معلم با تعهد خدمت؛ ضوابط بخش فرهنگیان دفترچه,1401-humanities-booklet,221,1401-humanities-booklet,221,کدرشته‌محل منبع: 46253؛ عنوان رشته در منبع: آموزش ابتدایی؛ نحوه پذیرش: با آزمون (بخش دانشجو‌معلم)؛ استان در این ردیف مربوط به بومی‌گزینی/محل خدمت است
1401,آموزش ابتدایی,دانشگاه فرهنگیان,پردیس امام خمینی)ره( گرگان,گلستان,در جدول ذکر نشده,,تعهد خدمت,7,زن,در جدول ذکر نشده,ادامه مخصوص داوطلبان بومی استان گلستان؛ پردیس امام خمینی)ره( گرگان/ اولویت پذیرش با داوطلبان بومی شهرستانهای گنبد کاووس، گالیکش، کلاله، مراوه تپه/محل خدمت گالیکش؛ پذیرش دانشجو‌معلم با تعهد خدمت؛ ضوابط بخش فرهنگیان دفترچه,1401-humanities-booklet,221,1401-humanities-booklet,221,کدرشته‌محل منبع: 46254؛ عنوان رشته در منبع: آموزش ابتدایی؛ نحوه پذیرش: با آزمون (بخش دانشجو‌معلم)؛ استان در این ردیف مربوط به بومی‌گزینی/محل خدمت است
1401,آموزش ابتدایی,دانشگاه فرهنگیان,پردیس امام خمینی)ره( گرگان,گلستان,در جدول ذکر نشده,,تعهد خدمت,19,زن,در جدول ذکر نشده,ادامه مخصوص داوطلبان بومی استان گلستان؛ پردیس امام خمینی)ره( گرگان/ اولویت پذیرش با داوطلبان بومی شهرستانهای گنبد کاووس، گالیکش، کلاله، مراوه تپه/محل خدمت گنبدکاووس؛ پذیرش دانشجو‌معلم با تعهد خدمت؛ ضوابط بخش فرهنگیان دفترچه,1401-humanities-booklet,221,1401-humanities-booklet,221,کدرشته‌محل منبع: 46255؛ عنوان رشته در منبع: آموزش ابتدایی؛ نحوه پذیرش: با آزمون (بخش دانشجو‌معلم)؛ استان در این ردیف مربوط به بومی‌گزینی/محل خدمت است
1401,آموزش ابتدایی,دانشگاه فرهنگیان,پردیس امام خمینی)ره( گرگان,گلستان,در جدول ذکر نشده,,تعهد خدمت,3,زن,در جدول ذکر نشده,ادامه مخصوص داوطلبان بومی استان گلستان؛ پردیس امام خمینی)ره( گرگان/ اولویت پذیرش با داوطلبان بومی شهرستانهای گنبد کاووس، گالیکش، کلاله، مراوه تپه/محل خدمت مراوه تپه؛ پذیرش دانشجو‌معلم با تعهد خدمت؛ ضوابط بخش فرهنگیان دفترچه,1401-humanities-booklet,221,1401-humanities-booklet,221,کدرشته‌محل منبع: 46256؛ عنوان رشته در منبع: آموزش ابتدایی؛ نحوه پذیرش: با آزمون (بخش دانشجو‌معلم)؛ استان در این ردیف مربوط به بومی‌گزینی/محل خدمت است
1401,آموزش ابتدایی,دانشگاه فرهنگیان,پردیس امام علی)ع( رشت,گیلان,در جدول ذکر نشده,,تعهد خدمت,2,مرد,در جدول ذکر نشده,ادامه مخصوص داوطلبان بومی استان گیلان؛ پردیس امام علی)ع( رشت/ اولویت پذیرش با داوطلبان بومی شهرستانهای لنگرود، املش/محل خدمت اتاق ور؛ پذیرش دانشجو‌معلم با تعهد خدمت؛ ضوابط بخش فرهنگیان دفترچه,1401-humanities-booklet,223,1401-humanities-booklet,223,کدرشته‌محل منبع: 46291؛ عنوان رشته در منبع: آموزش ابتدایی؛ نحوه پذیرش: با آزمون (بخش دانشجو‌معلم)؛ استان در این ردیف مربوط به بومی‌گزینی/محل خدمت است
1401,آموزش ابتدایی,دانشگاه فرهنگیان,پردیس امام علی)ع( رشت,گیلان,در جدول ذکر نشده,,تعهد خدمت,6,مرد,در جدول ذکر نشده,ادامه مخصوص داوطلبان بومی استان گیلان؛ پردیس امام علی)ع( رشت/ اولویت پذیرش با داوطلبان بومی شهرستان آستارا/محل خدمت آستارا؛ پذیرش دانشجو‌معلم با تعهد خدمت؛ ضوابط بخش فرهنگیان دفترچه,1401-humanities-booklet,223,1401-humanities-booklet,223,کدرشته‌محل منبع: 46292؛ عنوان رشته در منبع: آموزش ابتدایی؛ نحوه پذیرش: با آزمون (بخش دانشجو‌معلم)؛ استان در این ردیف مربوط به بومی‌گزینی/محل خدمت است
1401,آموزش ابتدایی,دانشگاه فرهنگیان,پردیس امام علی)ع( رشت,گیلان,در جدول ذکر نشده,,تعهد خدمت,2,مرد,در جدول ذکر نشده,ادامه مخصوص داوطلبان بومی استان گیلان؛ پردیس امام علی)ع( رشت/ اولویت پذیرش با داوطلبان بومی شهرستانهای آستانه اشرفیه، کیاشهر/محل خدمت آستانه اشرفیه؛ پذیرش دانشجو‌معلم با تعهد خدمت؛ ضوابط بخش فرهنگیان دفترچه,1401-humanities-booklet,223,1401-humanities-booklet,223,کدرشته‌محل منبع: 46293؛ عنوان رشته در منبع: آموزش ابتدایی؛ نحوه پذیرش: با آزمون (بخش دانشجو‌معلم)؛ استان در این ردیف مربوط به بومی‌گزینی/محل خدمت است
1401,آموزش ابتدایی,دانشگاه فرهنگیان,پردیس امام علی)ع( رشت,گیلان,در جدول ذکر نشده,,تعهد خدمت,2,مرد,در جدول ذکر نشده,ادامه مخصوص داوطلبان بومی استان گیلان؛ پردیس امام علی)ع( رشت/ اولویت پذیرش با داوطلبان بومی شهرستانهای لنگرود، املش/محل خدمت املش؛ پذیرش دانشجو‌معلم با تعهد خدمت؛ ضوابط بخش فرهنگیان دفترچه,1401-humanities-booklet,223,1401-humanities-booklet,223,کدرشته‌محل منبع: 46294؛ عنوان رشته در منبع: آموزش ابتدایی؛ نحوه پذیرش: با آزمون (بخش دانشجو‌معلم)؛ استان در این ردیف مربوط به بومی‌گزینی/محل خدمت است
1401,آموزش ابتدایی,دانشگاه فرهنگیان,پردیس امام علی)ع( رشت,گیلان,در جدول ذکر نشده,,تعهد خدمت,7,مرد,در جدول ذکر نشده,ادامه مخصوص داوطلبان بومی استان گیلان؛ پردیس امام علی)ع( رشت/ اولویت پذیرش با داوطلبان بومی شهرستانهای بندر انزلی، رضوانشهر/محل خدمت بندرانزلی؛ پذیرش دانشجو‌معلم با تعهد خدمت؛ ضوابط بخش فرهنگیان دفترچه,1401-humanities-booklet,223,1401-humanities-booklet,223,کدرشته‌محل منبع: 46295؛ عنوان رشته در منبع: آموزش ابتدایی؛ نحوه پذیرش: با آزمون (بخش دانشجو‌معلم)؛ استان در این ردیف مربوط به بومی‌گزینی/محل خدمت است
1401,آموزش ابتدایی,دانشگاه فرهنگیان,پردیس امام علی)ع( رشت,گیلان,در جدول ذکر نشده,,تعهد خدمت,1,مرد,در جدول ذکر نشده,ادامه مخصوص داوطلبان بومی استان گیلان؛ پردیس امام علی)ع( رشت/ اولویت پذیرش با داوطلبان بومی شهرستانهای آستانه اشرفیه، کیاشهر/محل خدمت بندرکیاشهر؛ پذیرش دانشجو‌معلم با تعهد خدمت؛ ضوابط بخش فرهنگیان دفترچه,1401-humanities-booklet,223,1401-humanities-booklet,223,کدرشته‌محل منبع: 46296؛ عنوان رشته در منبع: آموزش ابتدایی؛ نحوه پذیرش: با آزمون (بخش دانشجو‌معلم)؛ استان در این ردیف مربوط به بومی‌گزینی/محل خدمت است
1401,آموزش ابتدایی,دانشگاه فرهنگیان,پردیس امام علی)ع( رشت,گیلان,در جدول ذکر نشده,,تعهد خدمت,10,مرد,در جدول ذکر نشده,ادامه مخصوص داوطلبان بومی استان گیلان؛ پردیس امام علی)ع( رشت/ اولویت پذیرش با داوطلبان بومی شهرستان طوالش/محل خدمت تالش؛ پذیرش دانشجو‌معلم با تعهد خدمت؛ ضوابط بخش فرهنگیان دفترچه,1401-humanities-booklet,223,1401-humanities-booklet,223,کدرشته‌محل منبع: 46297؛ عنوان رشته در منبع: آموزش ابتدایی؛ نحوه پذیرش: با آزمون (بخش دانشجو‌معلم)؛ استان در این ردیف مربوط به بومی‌گزینی/محل خدمت است
1401,آموزش ابتدایی,دانشگاه فرهنگیان,پردیس امام علی)ع( رشت,گیلان,در جدول ذکر نشده,,تعهد خدمت,1,مرد,در جدول ذکر نشده,ادامه مخصوص داوطلبان بومی استان گیلان؛ پردیس امام علی)ع( رشت/ اولویت پذیرش با داوطلبان بومی شهرستانهای ماسال، صومعه سرا/محل خدمت تولمات؛ پذیرش دانشجو‌معلم با تعهد خدمت؛ ضوابط بخش فرهنگیان دفترچه,1401-humanities-booklet,223,1401-humanities-booklet,223,کدرشته‌محل منبع: 46298؛ عنوان رشته در منبع: آموزش ابتدایی؛ نحوه پذیرش: با آزمون (بخش دانشجو‌معلم)؛ استان در این ردیف مربوط به بومی‌گزینی/محل خدمت است
1401,آموزش ابتدایی,دانشگاه فرهنگیان,پردیس امام علی)ع( رشت,گیلان,در جدول ذکر نشده,,تعهد خدمت,2,مرد,در جدول ذکر نشده,ادامه مخصوص داوطلبان بومی استان گیلان؛ پردیس امام علی)ع( رشت/ اولویت پذیرش با داوطلبان بومی شهرستان رودسر/محل خدمت چابکسر؛ پذیرش دانشجو‌معلم با تعهد خدمت؛ ضوابط بخش فرهنگیان دفترچه,1401-humanities-booklet,223,1401-humanities-booklet,223,کدرشته‌محل منبع: 46299؛ عنوان رشته در منبع: آموزش ابتدایی؛ نحوه پذیرش: با آزمون (بخش دانشجو‌معلم)؛ استان در این ردیف مربوط به بومی‌گزینی/محل خدمت است
1401,آموزش ابتدایی,دانشگاه فرهنگیان,پردیس امام علی)ع( رشت,گیلان,در جدول ذکر نشده,,تعهد خدمت,4,مرد,در جدول ذکر نشده,ادامه مخصوص داوطلبان بومی استان گیلان؛ پردیس امام علی)ع( رشت/ اولویت پذیرش با داوطلبان بومی شهرستان طوالش/محل خدمت حویق؛ پذیرش دانشجو‌معلم با تعهد خدمت؛ ضوابط بخش فرهنگیان دفترچه,1401-humanities-booklet,223,1401-humanities-booklet,223,کدرشته‌محل منبع: 46300؛ عنوان رشته در منبع: آموزش ابتدایی؛ نحوه پذیرش: با آزمون (بخش دانشجو‌معلم)؛ استان در این ردیف مربوط به بومی‌گزینی/محل خدمت است
1401,آموزش ابتدایی,دانشگاه فرهنگیان,پردیس امام علی)ع( رشت,گیلان,در جدول ذکر نشده,,تعهد خدمت,1,مرد,در جدول ذکر نشده,ادامه مخصوص داوطلبان بومی استان گیلان؛ پردیس امام علی)ع( رشت/ اولویت پذیرش با داوطلبان بومی شهرستان رشت/محل خدمت خشکبیجار؛ پذیرش دانشجو‌معلم با تعهد خدمت؛ ضوابط بخش فرهنگیان دفترچه,1401-humanities-booklet,223,1401-humanities-booklet,223,کدرشته‌محل منبع: 46301؛ عنوان رشته در منبع: آموزش ابتدایی؛ نحوه پذیرش: با آزمون (بخش دانشجو‌معلم)؛ استان در این ردیف مربوط به بومی‌گزینی/محل خدمت است
1401,آموزش ابتدایی,دانشگاه فرهنگیان,پردیس امام علی)ع( رشت,گیلان,در جدول ذکر نشده,,تعهد خدمت,1,مرد,در جدول ذکر نشده,ادامه مخصوص داوطلبان بومی استان گیلان؛ پردیس امام علی)ع( رشت/ اولویت پذیرش با داوطلبان بومی شهرستان رشت/محل خدمت خمام؛ پذیرش دانشجو‌معلم با تعهد خدمت؛ ضوابط بخش فرهنگیان دفترچه,1401-humanities-booklet,223,1401-humanities-booklet,223,کدرشته‌محل منبع: 46302؛ عنوان رشته در منبع: آموزش ابتدایی؛ نحوه پذیرش: با آزمون (بخش دانشجو‌معلم)؛ استان در این ردیف مربوط به بومی‌گزینی/محل خدمت است
1401,آموزش ابتدایی,دانشگاه فرهنگیان,(پردیس امام علی)ع رشت,گیلان,در جدول ذکر نشده,,تعهد خدمت,5,مرد,در جدول ذکر نشده,ادامه مخصوص داوطلبان بومی استان گیلان؛ (پردیس امام علی)ع رشت/ اولویت پذیرش با داوطلبان بومی شهرستانهای لاهیجان، سیاهکل/محل خدمت دیلمان؛ پذیرش دانشجو‌معلم با تعهد خدمت؛ ضوابط بخش فرهنگیان دفترچه,1401-humanities-booklet,223,1401-humanities-booklet,223,کدرشته‌محل منبع: 46303؛ عنوان رشته در منبع: آموزش ابتدایی؛ نحوه پذیرش: با آزمون (بخش دانشجو‌معلم)؛ استان در این ردیف مربوط به بومی‌گزینی/محل خدمت است
1401,آموزش ابتدایی,دانشگاه فرهنگیان,پردیس امام علی)ع( رشت,گیلان,در جدول ذکر نشده,,تعهد خدمت,4,مرد,در جدول ذکر نشده,ادامه مخصوص داوطلبان بومی استان گیلان؛ پردیس امام علی)ع( رشت/ اولویت پذیرش با داوطلبان بومی شهرستان رودبار/محل خدمت رحمت آبادبلوکات؛ پذیرش دانشجو‌معلم با تعهد خدمت؛ ضوابط بخش فرهنگیان دفترچه,1401-humanities-booklet,223,1401-humanities-booklet,223,کدرشته‌محل منبع: 46304؛ عنوان رشته در منبع: آموزش ابتدایی؛ نحوه پذیرش: با آزمون (بخش دانشجو‌معلم)؛ استان در این ردیف مربوط به بومی‌گزینی/محل خدمت است
1401,آموزش ابتدایی,دانشگاه فرهنگیان,پردیس امام علی)ع( رشت,گیلان,در جدول ذکر نشده,,تعهد خدمت,2,مرد,در جدول ذکر نشده,ادامه مخصوص داوطلبان بومی استان گیلان؛ پردیس امام علی)ع( رشت/ اولویت پذیرش با داوطلبان بومی شهرستان رودسر/محل خدمت رحیم آباد؛ پذیرش دانشجو‌معلم با تعهد خدمت؛ ضوابط بخش فرهنگیان دفترچه,1401-humanities-booklet,223,1401-humanities-booklet,223,کدرشته‌محل منبع: 46305؛ عنوان رشته در منبع: آموزش ابتدایی؛ نحوه پذیرش: با آزمون (بخش دانشجو‌معلم)؛ استان در این ردیف مربوط به بومی‌گزینی/محل خدمت است
1401,آموزش ابتدایی,دانشگاه فرهنگیان,پردیس امام علی)ع( رشت,گیلان,در جدول ذکر نشده,,تعهد خدمت,5,مرد,در جدول ذکر نشده,ادامه مخصوص داوطلبان بومی استان گیلان؛ پردیس امام علی)ع( رشت/ اولویت پذیرش با داوطلبان بومی شهرستان رشت/محل خدمت رشت .ناحیه1؛ پذیرش دانشجو‌معلم با تعهد خدمت؛ ضوابط بخش فرهنگیان دفترچه,1401-humanities-booklet,223,1401-humanities-booklet,223,کدرشته‌محل منبع: 46306؛ عنوان رشته در منبع: آموزش ابتدایی؛ نحوه پذیرش: با آزمون (بخش دانشجو‌معلم)؛ استان در این ردیف مربوط به بومی‌گزینی/محل خدمت است
1401,آموزش ابتدایی,دانشگاه فرهنگیان,پردیس امام علی)ع( رشت,گیلان,در جدول ذکر نشده,,تعهد خدمت,2,مرد,در جدول ذکر نشده,ادامه مخصوص داوطلبان بومی استان گیلان؛ پردیس امام علی)ع( رشت/ اولویت پذیرش با داوطلبان بومی شهرستان رشت/محل خدمت رشت .ناحیه2؛ پذیرش دانشجو‌معلم با تعهد خدمت؛ ضوابط بخش فرهنگیان دفترچه,1401-humanities-booklet,223,1401-humanities-booklet,223,کدرشته‌محل منبع: 46307؛ عنوان رشته در منبع: آموزش ابتدایی؛ نحوه پذیرش: با آزمون (بخش دانشجو‌معلم)؛ استان در این ردیف مربوط به بومی‌گزینی/محل خدمت است
1401,آموزش ابتدایی,دانشگاه فرهنگیان,پردیس امام علی)ع( رشت,گیلان,در جدول ذکر نشده,,تعهد خدمت,5,مرد,در جدول ذکر نشده,ادامه مخصوص داوطلبان بومی استان گیلان؛ پردیس امام علی)ع( رشت/ اولویت پذیرش با داوطلبان بومی شهرستانهای بندر انزلی، رضوانشهر/محل خدمت رضوانشهر؛ پذیرش دانشجو‌معلم با تعهد خدمت؛ ضوابط بخش فرهنگیان دفترچه,1401-humanities-booklet,223,1401-humanities-booklet,223,کدرشته‌محل منبع: 46308؛ عنوان رشته در منبع: آموزش ابتدایی؛ نحوه پذیرش: با آزمون (بخش دانشجو‌معلم)؛ استان در این ردیف مربوط به بومی‌گزینی/محل خدمت است
1401,آموزش ابتدایی,دانشگاه فرهنگیان,پردیس امام علی)ع( رشت,گیلان,در جدول ذکر نشده,,تعهد خدمت,6,مرد,در جدول ذکر نشده,ادامه مخصوص داوطلبان بومی استان گیلان؛ پردیس امام علی)ع( رشت/ اولویت پذیرش با داوطلبان بومی شهرستان رودبار/محل خدمت رودبارگیلان؛ پذیرش دانشجو‌معلم با تعهد خدمت؛ ضوابط بخش فرهنگیان دفترچه,1401-humanities-booklet,223,1401-humanities-booklet,223,کدرشته‌محل منبع: 46309؛ عنوان رشته در منبع: آموزش ابتدایی؛ نحوه پذیرش: با آزمون (بخش دانشجو‌معلم)؛ استان در این ردیف مربوط به بومی‌گزینی/محل خدمت است
1401,آموزش ابتدایی,دانشگاه فرهنگیان,پردیس امام علی)ع( رشت,گیلان,در جدول ذکر نشده,,تعهد خدمت,2,مرد,در جدول ذکر نشده,ادامه مخصوص داوطلبان بومی استان گیلان؛ پردیس امام علی)ع( رشت/ اولویت پذیرش با داوطلبان بومی شهرستانهای لاهیجان، سیاهکل/محل خدمت رودبنه؛ پذیرش دانشجو‌معلم با تعهد خدمت؛ ضوابط بخش فرهنگیان دفترچه,1401-humanities-booklet,223,1401-humanities-booklet,223,کدرشته‌محل منبع: 46310؛ عنوان رشته در منبع: آموزش ابتدایی؛ نحوه پذیرش: با آزمون (بخش دانشجو‌معلم)؛ استان در این ردیف مربوط به بومی‌گزینی/محل خدمت است
1401,آموزش ابتدایی,دانشگاه فرهنگیان,پردیس امام علی)ع( رشت,گیلان,در جدول ذکر نشده,,تعهد خدمت,4,مرد,در جدول ذکر نشده,ادامه مخصوص داوطلبان بومی استان گیلان؛ پردیس امام علی)ع( رشت/ اولویت پذیرش با داوطلبان بومی شهرستان رودسر/محل خدمت رودسر؛ پذیرش دانشجو‌معلم با تعهد خدمت؛ ضوابط بخش فرهنگیان دفترچه,1401-humanities-booklet,223,1401-humanities-booklet,223,کدرشته‌محل منبع: 46311؛ عنوان رشته در منبع: آموزش ابتدایی؛ نحوه پذیرش: با آزمون (بخش دانشجو‌معلم)؛ استان در این ردیف مربوط به بومی‌گزینی/محل خدمت است
1401,آموزش ابتدایی,دانشگاه فرهنگیان,پردیس امام علی)ع( رشت,گیلان,در جدول ذکر نشده,,تعهد خدمت,1,مرد,در جدول ذکر نشده,ادامه مخصوص داوطلبان بومی استان گیلان؛ پردیس امام علی)ع( رشت/ اولویت پذیرش با داوطلبان بومی شهرستان رشت/محل خدمت سنگر؛ پذیرش دانشجو‌معلم با تعهد خدمت؛ ضوابط بخش فرهنگیان دفترچه,1401-humanities-booklet,223,1401-humanities-booklet,223,کدرشته‌محل منبع: 46312؛ عنوان رشته در منبع: آموزش ابتدایی؛ نحوه پذیرش: با آزمون (بخش دانشجو‌معلم)؛ استان در این ردیف مربوط به بومی‌گزینی/محل خدمت است
1401,آموزش ابتدایی,دانشگاه فرهنگیان,پردیس امام علی)ع( رشت,گیلان,در جدول ذکر نشده,,تعهد خدمت,4,مرد,در جدول ذکر نشده,ادامه مخصوص داوطلبان بومی استان گیلان؛ پردیس امام علی)ع( رشت/ اولویت پذیرش با داوطلبان بومی شهرستانهای لاهیجان، سیاهکل/محل خدمت سیاهکل؛ پذیرش دانشجو‌معلم با تعهد خدمت؛ ضوابط بخش فرهنگیان دفترچه,1401-humanities-booklet,223,1401-humanities-booklet,223,کدرشته‌محل منبع: 46313؛ عنوان رشته در منبع: آموزش ابتدایی؛ نحوه پذیرش: با آزمون (بخش دانشجو‌معلم)؛ استان در این ردیف مربوط به بومی‌گزینی/محل خدمت است
1401,آموزش ابتدایی,دانشگاه فرهنگیان,پردیس امام علی)ع( رشت,گیلان,در جدول ذکر نشده,,تعهد خدمت,5,مرد,در جدول ذکر نشده,ادامه مخصوص داوطلبان بومی استان گیلان؛ پردیس امام علی)ع( رشت/ اولویت پذیرش با داوطلبان بومی شهرستانهای شفت، فومن/محل خدمت شفت؛ پذیرش دانشجو‌معلم با تعهد خدمت؛ ضوابط بخش فرهنگیان دفترچه,1401-humanities-booklet,223,1401-humanities-booklet,223,کدرشته‌محل منبع: 46314؛ عنوان رشته در منبع: آموزش ابتدایی؛ نحوه پذیرش: با آزمون (بخش دانشجو‌معلم)؛ استان در این ردیف مربوط به بومی‌گزینی/محل خدمت است
1401,آموزش ابتدایی,دانشگاه فرهنگیان,پردیس امام علی)ع( رشت,گیلان,در جدول ذکر نشده,,تعهد خدمت,6,مرد,در جدول ذکر نشده,ادامه مخصوص داوطلبان بومی استان گیلان؛ پردیس امام علی)ع( رشت/ اولویت پذیرش با داوطلبان بومی شهرستانهای ماسال، صومعه سرا/محل خدمت صومعه سرا؛ پذیرش دانشجو‌معلم با تعهد خدمت؛ ضوابط بخش فرهنگیان دفترچه,1401-humanities-booklet,223,1401-humanities-booklet,223,کدرشته‌محل منبع: 46315؛ عنوان رشته در منبع: آموزش ابتدایی؛ نحوه پذیرش: با آزمون (بخش دانشجو‌معلم)؛ استان در این ردیف مربوط به بومی‌گزینی/محل خدمت است
1401,آموزش ابتدایی,دانشگاه فرهنگیان,پردیس امام علی)ع( رشت,گیلان,در جدول ذکر نشده,,تعهد خدمت,5,مرد,در جدول ذکر نشده,ادامه مخصوص داوطلبان بومی استان گیلان؛ پردیس امام علی)ع( رشت/ اولویت پذیرش با داوطلبان بومی شهرستان رودبار/محل خدمت عمارلو؛ پذیرش دانشجو‌معلم با تعهد خدمت؛ ضوابط بخش فرهنگیان دفترچه,1401-humanities-booklet,223,1401-humanities-booklet,223,کدرشته‌محل منبع: 46316؛ عنوان رشته در منبع: آموزش ابتدایی؛ نحوه پذیرش: با آزمون (بخش دانشجو‌معلم)؛ استان در این ردیف مربوط به بومی‌گزینی/محل خدمت است
1401,آموزش ابتدایی,دانشگاه فرهنگیان,پردیس امام علی)ع( رشت,گیلان,در جدول ذکر نشده,,تعهد خدمت,7,مرد,در جدول ذکر نشده,ادامه مخصوص داوطلبان بومی استان گیلان؛ پردیس امام علی)ع( رشت/ اولویت پذیرش با داوطلبان بومی شهرستانهای شفت، فومن/محل خدمت فومن؛ پذیرش دانشجو‌معلم با تعهد خدمت؛ ضوابط بخش فرهنگیان دفترچه,1401-humanities-booklet,223,1401-humanities-booklet,223,کدرشته‌محل منبع: 46317؛ عنوان رشته در منبع: آموزش ابتدایی؛ نحوه پذیرش: با آزمون (بخش دانشجو‌معلم)؛ استان در این ردیف مربوط به بومی‌گزینی/محل خدمت است
1401,آموزش ابتدایی,دانشگاه فرهنگیان,پردیس امام علی)ع( رشت,گیلان,در جدول ذکر نشده,,تعهد خدمت,1,مرد,در جدول ذکر نشده,ادامه مخصوص داوطلبان بومی استان گیلان؛ پردیس امام علی)ع( رشت/ اولویت پذیرش با داوطلبان بومی شهرستانهای لنگرود، املش/محل خدمت کلاچای؛ پذیرش دانشجو‌معلم با تعهد خدمت؛ ضوابط بخش فرهنگیان دفترچه,1401-humanities-booklet,223,1401-humanities-booklet,223,کدرشته‌محل منبع: 46318؛ عنوان رشته در منبع: آموزش ابتدایی؛ نحوه پذیرش: با آزمون (بخش دانشجو‌معلم)؛ استان در این ردیف مربوط به بومی‌گزینی/محل خدمت است
1401,آموزش ابتدایی,دانشگاه فرهنگیان,پردیس امام علی)ع( رشت,گیلان,در جدول ذکر نشده,,تعهد خدمت,2,مرد,در جدول ذکر نشده,ادامه مخصوص داوطلبان بومی استان گیلان؛ پردیس امام علی)ع( رشت/ اولویت پذیرش با داوطلبان بومی شهرستان رشت/محل خدمت کوچصفهان؛ پذیرش دانشجو‌معلم با تعهد خدمت؛ ضوابط بخش فرهنگیان دفترچه,1401-humanities-booklet,223,1401-humanities-booklet,223,کدرشته‌محل منبع: 46319؛ عنوان رشته در منبع: آموزش ابتدایی؛ نحوه پذیرش: با آزمون (بخش دانشجو‌معلم)؛ استان در این ردیف مربوط به بومی‌گزینی/محل خدمت است
1401,آموزش ابتدایی,دانشگاه فرهنگیان,پردیس امام علی)ع( رشت,گیلان,در جدول ذکر نشده,,تعهد خدمت,1,مرد,در جدول ذکر نشده,ادامه مخصوص داوطلبان بومی استان گیلان؛ پردیس امام علی)ع( رشت/ اولویت پذیرش با داوطلبان بومی شهرستانهای لنگرود، املش/محل خدمت کومله؛ پذیرش دانشجو‌معلم با تعهد خدمت؛ ضوابط بخش فرهنگیان دفترچه,1401-humanities-booklet,223,1401-humanities-booklet,223,کدرشته‌محل منبع: 46320؛ عنوان رشته در منبع: آموزش ابتدایی؛ نحوه پذیرش: با آزمون (بخش دانشجو‌معلم)؛ استان در این ردیف مربوط به بومی‌گزینی/محل خدمت است
1401,آموزش ابتدایی,دانشگاه فرهنگیان,پردیس امام علی)ع( رشت,گیلان,در جدول ذکر نشده,,تعهد خدمت,7,مرد,در جدول ذکر نشده,ادامه مخصوص داوطلبان بومی استان گیلان؛ پردیس امام علی)ع( رشت/ اولویت پذیرش با داوطلبان بومی شهرستانهای لاهیجان، سیاهکل/محل خدمت لاهیجان؛ پذیرش دانشجو‌معلم با تعهد خدمت؛ ضوابط بخش فرهنگیان دفترچه,1401-humanities-booklet,223,1401-humanities-booklet,223,کدرشته‌محل منبع: 46321؛ عنوان رشته در منبع: آموزش ابتدایی؛ نحوه پذیرش: با آزمون (بخش دانشجو‌معلم)؛ استان در این ردیف مربوط به بومی‌گزینی/محل خدمت است
1401,آموزش ابتدایی,دانشگاه فرهنگیان,پردیس امام علی)ع( رشت,گیلان,در جدول ذکر نشده,,تعهد خدمت,1,مرد,در جدول ذکر نشده,ادامه مخصوص داوطلبان بومی استان گیلان؛ پردیس امام علی)ع( رشت/ اولویت پذیرش با داوطلبان بومی شهرستان رشت/محل خدمت لشت نشاء؛ پذیرش دانشجو‌معلم با تعهد خدمت؛ ضوابط بخش فرهنگیان دفترچه,1401-humanities-booklet,223,1401-humanities-booklet,223,کدرشته‌محل منبع: 46322؛ عنوان رشته در منبع: آموزش ابتدایی؛ نحوه پذیرش: با آزمون (بخش دانشجو‌معلم)؛ استان در این ردیف مربوط به بومی‌گزینی/محل خدمت است
1401,آموزش ابتدایی,دانشگاه فرهنگیان,پردیس امام علی)ع( رشت,گیلان,در جدول ذکر نشده,,تعهد خدمت,7,مرد,در جدول ذکر نشده,ادامه مخصوص داوطلبان بومی استان گیلان؛ پردیس امام علی)ع( رشت/ اولویت پذیرش با داوطلبان بومی شهرستانهای لنگرود، املش/محل خدمت لنگرود؛ پذیرش دانشجو‌معلم با تعهد خدمت؛ ضوابط بخش فرهنگیان دفترچه,1401-humanities-booklet,223,1401-humanities-booklet,223,کدرشته‌محل منبع: 46323؛ عنوان رشته در منبع: آموزش ابتدایی؛ نحوه پذیرش: با آزمون (بخش دانشجو‌معلم)؛ استان در این ردیف مربوط به بومی‌گزینی/محل خدمت است
1401,آموزش ابتدایی,دانشگاه فرهنگیان,پردیس امام علی)ع( رشت,گیلان,در جدول ذکر نشده,,تعهد خدمت,6,مرد,در جدول ذکر نشده,ادامه مخصوص داوطلبان بومی استان گیلان؛ پردیس امام علی)ع( رشت/ اولویت پذیرش با داوطلبان بومی شهرستانهای ماسال، صومعه سرا/محل خدمت ماسال وشاندرمن؛ پذیرش دانشجو‌معلم با تعهد خدمت؛ ضوابط بخش فرهنگیان دفترچه,1401-humanities-booklet,223,1401-humanities-booklet,223,کدرشته‌محل منبع: 46324؛ عنوان رشته در منبع: آموزش ابتدایی؛ نحوه پذیرش: با آزمون (بخش دانشجو‌معلم)؛ استان در این ردیف مربوط به بومی‌گزینی/محل خدمت است
1401,آموزش ابتدایی,دانشگاه فرهنگیان,پردیس بنت الهدی صدر رشت,گیلان,در جدول ذکر نشده,,تعهد خدمت,2,زن,در جدول ذکر نشده,ادامه مخصوص داوطلبان بومی استان گیلان؛ پردیس بنت الهدی صدر رشت/ اولویت پذیرش با داوطلبان بومی شهرستانهای لنگرود، املش/محل خدمت اتاق ور؛ پذیرش دانشجو‌معلم با تعهد خدمت؛ ضوابط بخش فرهنگیان دفترچه,1401-humanities-booklet,224,1401-humanities-booklet,224,کدرشته‌محل منبع: 46325؛ عنوان رشته در منبع: آموزش ابتدایی؛ نحوه پذیرش: با آزمون (بخش دانشجو‌معلم)؛ استان در این ردیف مربوط به بومی‌گزینی/محل خدمت است
1401,آموزش ابتدایی,دانشگاه فرهنگیان,پردیس بنت الهدی صدر رشت,گیلان,در جدول ذکر نشده,,تعهد خدمت,2,زن,در جدول ذکر نشده,ادامه مخصوص داوطلبان بومی استان گیلان؛ پردیس بنت الهدی صدر رشت/ اولویت پذیرش با داوطلبان بومی شهرستان آستارا/محل خدمت آستارا؛ پذیرش دانشجو‌معلم با تعهد خدمت؛ ضوابط بخش فرهنگیان دفترچه,1401-humanities-booklet,224,1401-humanities-booklet,224,کدرشته‌محل منبع: 46326؛ عنوان رشته در منبع: آموزش ابتدایی؛ نحوه پذیرش: با آزمون (بخش دانشجو‌معلم)؛ استان در این ردیف مربوط به بومی‌گزینی/محل خدمت است
1401,آموزش ابتدایی,دانشگاه فرهنگیان,پردیس بنت الهدی صدر رشت,گیلان,در جدول ذکر نشده,,تعهد خدمت,1,زن,در جدول ذکر نشده,ادامه مخصوص داوطلبان بومی استان گیلان؛ پردیس بنت الهدی صدر رشت/ اولویت پذیرش با داوطلبان بومی شهرستانهای آستانه اشرفیه، کیاشهر/محل خدمت آستانه اشرفیه؛ پذیرش دانشجو‌معلم با تعهد خدمت؛ ضوابط بخش فرهنگیان دفترچه,1401-humanities-booklet,224,1401-humanities-booklet,224,کدرشته‌محل منبع: 46327؛ عنوان رشته در منبع: آموزش ابتدایی؛ نحوه پذیرش: با آزمون (بخش دانشجو‌معلم)؛ استان در این ردیف مربوط به بومی‌گزینی/محل خدمت است
1401,آموزش ابتدایی,دانشگاه فرهنگیان,پردیس بنت الهدی صدر رشت,گیلان,در جدول ذکر نشده,,تعهد خدمت,1,زن,در جدول ذکر نشده,ادامه مخصوص داوطلبان بومی استان گیلان؛ پردیس بنت الهدی صدر رشت/ اولویت پذیرش با داوطلبان بومی شهرستانهای لنگرود، املش/محل خدمت املش؛ پذیرش دانشجو‌معلم با تعهد خدمت؛ ضوابط بخش فرهنگیان دفترچه,1401-humanities-booklet,224,1401-humanities-booklet,224,کدرشته‌محل منبع: 46328؛ عنوان رشته در منبع: آموزش ابتدایی؛ نحوه پذیرش: با آزمون (بخش دانشجو‌معلم)؛ استان در این ردیف مربوط به بومی‌گزینی/محل خدمت است
1401,آموزش ابتدایی,دانشگاه فرهنگیان,پردیس بنت الهدی صدر رشت,گیلان,در جدول ذکر نشده,,تعهد خدمت,3,زن,در جدول ذکر نشده,ادامه مخصوص داوطلبان بومی استان گیلان؛ پردیس بنت الهدی صدر رشت/ اولویت پذیرش با داوطلبان بومی شهرستانهای بندر انزلی، رضوانشهر/محل خدمت بندرانزلی؛ پذیرش دانشجو‌معلم با تعهد خدمت؛ ضوابط بخش فرهنگیان دفترچه,1401-humanities-booklet,224,1401-humanities-booklet,224,کدرشته‌محل منبع: 46329؛ عنوان رشته در منبع: آموزش ابتدایی؛ نحوه پذیرش: با آزمون (بخش دانشجو‌معلم)؛ استان در این ردیف مربوط به بومی‌گزینی/محل خدمت است
1401,آموزش ابتدایی,دانشگاه فرهنگیان,پردیس بنت الهدی صدر رشت,گیلان,در جدول ذکر نشده,,تعهد خدمت,1,زن,در جدول ذکر نشده,ادامه مخصوص داوطلبان بومی استان گیلان؛ پردیس بنت الهدی صدر رشت/ اولویت پذیرش با داوطلبان بومی شهرستانهای آستانه اشرفیه، کیاشهر/محل خدمت بندرکیاشهر؛ پذیرش دانشجو‌معلم با تعهد خدمت؛ ضوابط بخش فرهنگیان دفترچه,1401-humanities-booklet,224,1401-humanities-booklet,224,کدرشته‌محل منبع: 46330؛ عنوان رشته در منبع: آموزش ابتدایی؛ نحوه پذیرش: با آزمون (بخش دانشجو‌معلم)؛ استان در این ردیف مربوط به بومی‌گزینی/محل خدمت است
1401,آموزش ابتدایی,دانشگاه فرهنگیان,پردیس بنت الهدی صدر رشت,گیلان,در جدول ذکر نشده,,تعهد خدمت,5,زن,در جدول ذکر نشده,ادامه مخصوص داوطلبان بومی استان گیلان؛ پردیس بنت الهدی صدر رشت/ اولویت پذیرش با داوطلبان بومی شهرستان طوالش/محل خدمت تالش؛ پذیرش دانشجو‌معلم با تعهد خدمت؛ ضوابط بخش فرهنگیان دفترچه,1401-humanities-booklet,224,1401-humanities-booklet,224,کدرشته‌محل منبع: 46331؛ عنوان رشته در منبع: آموزش ابتدایی؛ نحوه پذیرش: با آزمون (بخش دانشجو‌معلم)؛ استان در این ردیف مربوط به بومی‌گزینی/محل خدمت است
1401,آموزش ابتدایی,دانشگاه فرهنگیان,پردیس بنت الهدی صدر رشت,گیلان,در جدول ذکر نشده,,تعهد خدمت,1,زن,در جدول ذکر نشده,ادامه مخصوص داوطلبان بومی استان گیلان؛ پردیس بنت الهدی صدر رشت/ اولویت پذیرش با داوطلبان بومی شهرستانهای ماسال، صومعه سرا/محل خدمت تولمات؛ پذیرش دانشجو‌معلم با تعهد خدمت؛ ضوابط بخش فرهنگیان دفترچه,1401-humanities-booklet,224,1401-humanities-booklet,224,کدرشته‌محل منبع: 46332؛ عنوان رشته در منبع: آموزش ابتدایی؛ نحوه پذیرش: با آزمون (بخش دانشجو‌معلم)؛ استان در این ردیف مربوط به بومی‌گزینی/محل خدمت است
1401,آموزش ابتدایی,دانشگاه فرهنگیان,پردیس بنت الهدی صدر رشت,گیلان,در جدول ذکر نشده,,تعهد خدمت,1,زن,در جدول ذکر نشده,ادامه مخصوص داوطلبان بومی استان گیلان؛ پردیس بنت الهدی صدر رشت/ اولویت پذیرش با داوطلبان بومی شهرستان رودسر/محل خدمت چابکسر؛ پذیرش دانشجو‌معلم با تعهد خدمت؛ ضوابط بخش فرهنگیان دفترچه,1401-humanities-booklet,224,1401-humanities-booklet,224,کدرشته‌محل منبع: 46333؛ عنوان رشته در منبع: آموزش ابتدایی؛ نحوه پذیرش: با آزمون (بخش دانشجو‌معلم)؛ استان در این ردیف مربوط به بومی‌گزینی/محل خدمت است
1401,آموزش ابتدایی,دانشگاه فرهنگیان,پردیس بنت الهدی صدر رشت,گیلان,در جدول ذکر نشده,,تعهد خدمت,2,زن,در جدول ذکر نشده,ادامه مخصوص داوطلبان بومی استان گیلان؛ پردیس بنت الهدی صدر رشت/ اولویت پذیرش با داوطلبان بومی شهرستان طوالش/محل خدمت حویق؛ پذیرش دانشجو‌معلم با تعهد خدمت؛ ضوابط بخش فرهنگیان دفترچه,1401-humanities-booklet,224,1401-humanities-booklet,224,کدرشته‌محل منبع: 46334؛ عنوان رشته در منبع: آموزش ابتدایی؛ نحوه پذیرش: با آزمون (بخش دانشجو‌معلم)؛ استان در این ردیف مربوط به بومی‌گزینی/محل خدمت است
1401,آموزش ابتدایی,دانشگاه فرهنگیان,پردیس بنت الهدی صدر رشت,گیلان,در جدول ذکر نشده,,تعهد خدمت,1,زن,در جدول ذکر نشده,ادامه مخصوص داوطلبان بومی استان گیلان؛ پردیس بنت الهدی صدر رشت/ اولویت پذیرش با داوطلبان بومی شهرستان رشت/محل خدمت خشکبیجار؛ پذیرش دانشجو‌معلم با تعهد خدمت؛ ضوابط بخش فرهنگیان دفترچه,1401-humanities-booklet,224,1401-humanities-booklet,224,کدرشته‌محل منبع: 46335؛ عنوان رشته در منبع: آموزش ابتدایی؛ نحوه پذیرش: با آزمون (بخش دانشجو‌معلم)؛ استان در این ردیف مربوط به بومی‌گزینی/محل خدمت است
1401,آموزش ابتدایی,دانشگاه فرهنگیان,پردیس بنت الهدی صدر رشت,گیلان,در جدول ذکر نشده,,تعهد خدمت,1,زن,در جدول ذکر نشده,ادامه مخصوص داوطلبان بومی استان گیلان؛ پردیس بنت الهدی صدر رشت/ اولویت پذیرش با داوطلبان بومی شهرستان رشت/محل خدمت خمام؛ پذیرش دانشجو‌معلم با تعهد خدمت؛ ضوابط بخش فرهنگیان دفترچه,1401-humanities-booklet,224,1401-humanities-booklet,224,کدرشته‌محل منبع: 46336؛ عنوان رشته در منبع: آموزش ابتدایی؛ نحوه پذیرش: با آزمون (بخش دانشجو‌معلم)؛ استان در این ردیف مربوط به بومی‌گزینی/محل خدمت است
1401,آموزش ابتدایی,دانشگاه فرهنگیان,پردیس بنت الهدی صدر رشت,گیلان,در جدول ذکر نشده,,تعهد خدمت,2,زن,در جدول ذکر نشده,ادامه مخصوص داوطلبان بومی استان گیلان؛ پردیس بنت الهدی صدر رشت/ اولویت پذیرش با داوطلبان بومی شهرستانهای لاهیجان، سیاهکل/محل خدمت دیلمان؛ پذیرش دانشجو‌معلم با تعهد خدمت؛ ضوابط بخش فرهنگیان دفترچه,1401-humanities-booklet,224,1401-humanities-booklet,224,کدرشته‌محل منبع: 46337؛ عنوان رشته در منبع: آموزش ابتدایی؛ نحوه پذیرش: با آزمون (بخش دانشجو‌معلم)؛ استان در این ردیف مربوط به بومی‌گزینی/محل خدمت است
1401,آموزش ابتدایی,دانشگاه فرهنگیان,پردیس بنت الهدی صدر رشت,گیلان,در جدول ذکر نشده,,تعهد خدمت,1,زن,در جدول ذکر نشده,ادامه مخصوص داوطلبان بومی استان گیلان؛ پردیس بنت الهدی صدر رشت/ اولویت پذیرش با داوطلبان بومی شهرستان رودبار/محل خدمت رحمت آبادبلوکات؛ پذیرش دانشجو‌معلم با تعهد خدمت؛ ضوابط بخش فرهنگیان دفترچه,1401-humanities-booklet,224,1401-humanities-booklet,224,کدرشته‌محل منبع: 46338؛ عنوان رشته در منبع: آموزش ابتدایی؛ نحوه پذیرش: با آزمون (بخش دانشجو‌معلم)؛ استان در این ردیف مربوط به بومی‌گزینی/محل خدمت است
1401,آموزش ابتدایی,دانشگاه فرهنگیان,پردیس بنت الهدی صدر رشت,گیلان,در جدول ذکر نشده,,تعهد خدمت,1,زن,در جدول ذکر نشده,ادامه مخصوص داوطلبان بومی استان گیلان؛ پردیس بنت الهدی صدر رشت/ اولویت پذیرش با داوطلبان بومی شهرستان رودسر/محل خدمت رحیم آباد؛ پذیرش دانشجو‌معلم با تعهد خدمت؛ ضوابط بخش فرهنگیان دفترچه,1401-humanities-booklet,224,1401-humanities-booklet,224,کدرشته‌محل منبع: 46339؛ عنوان رشته در منبع: آموزش ابتدایی؛ نحوه پذیرش: با آزمون (بخش دانشجو‌معلم)؛ استان در این ردیف مربوط به بومی‌گزینی/محل خدمت است
1401,آموزش ابتدایی,دانشگاه فرهنگیان,پردیس بنت الهدی صدر رشت,گیلان,در جدول ذکر نشده,,تعهد خدمت,2,زن,در جدول ذکر نشده,ادامه مخصوص داوطلبان بومی استان گیلان؛ پردیس بنت الهدی صدر رشت/ اولویت پذیرش با داوطلبان بومی شهرستان رشت/محل خدمت رشت .ناحیه1؛ پذیرش دانشجو‌معلم با تعهد خدمت؛ ضوابط بخش فرهنگیان دفترچه,1401-humanities-booklet,224,1401-humanities-booklet,224,کدرشته‌محل منبع: 46340؛ عنوان رشته در منبع: آموزش ابتدایی؛ نحوه پذیرش: با آزمون (بخش دانشجو‌معلم)؛ استان در این ردیف مربوط به بومی‌گزینی/محل خدمت است
1401,آموزش ابتدایی,دانشگاه فرهنگیان,پردیس بنت الهدی صدر رشت,گیلان,در جدول ذکر نشده,,تعهد خدمت,1,زن,در جدول ذکر نشده,ادامه مخصوص داوطلبان بومی استان گیلان؛ پردیس بنت الهدی صدر رشت/ اولویت پذیرش با داوطلبان بومی شهرستان رشت/محل خدمت رشت .ناحیه2؛ پذیرش دانشجو‌معلم با تعهد خدمت؛ ضوابط بخش فرهنگیان دفترچه,1401-humanities-booklet,224,1401-humanities-booklet,224,کدرشته‌محل منبع: 46341؛ عنوان رشته در منبع: آموزش ابتدایی؛ نحوه پذیرش: با آزمون (بخش دانشجو‌معلم)؛ استان در این ردیف مربوط به بومی‌گزینی/محل خدمت است
1401,آموزش ابتدایی,دانشگاه فرهنگیان,پردیس بنت الهدی صدر رشت,گیلان,در جدول ذکر نشده,,تعهد خدمت,2,زن,در جدول ذکر نشده,ادامه مخصوص داوطلبان بومی استان گیلان؛ پردیس بنت الهدی صدر رشت/ اولویت پذیرش با داوطلبان بومی شهرستانهای بندر انزلی، رضوانشهر/محل خدمت رضوانشهر؛ پذیرش دانشجو‌معلم با تعهد خدمت؛ ضوابط بخش فرهنگیان دفترچه,1401-humanities-booklet,224,1401-humanities-booklet,224,کدرشته‌محل منبع: 46342؛ عنوان رشته در منبع: آموزش ابتدایی؛ نحوه پذیرش: با آزمون (بخش دانشجو‌معلم)؛ استان در این ردیف مربوط به بومی‌گزینی/محل خدمت است
1401,آموزش ابتدایی,دانشگاه فرهنگیان,پردیس بنت الهدی صدر رشت,گیلان,در جدول ذکر نشده,,تعهد خدمت,2,زن,در جدول ذکر نشده,ادامه مخصوص داوطلبان بومی استان گیلان؛ پردیس بنت الهدی صدر رشت/ اولویت پذیرش با داوطلبان بومی شهرستان رودبار/محل خدمت رودبارگیلان؛ پذیرش دانشجو‌معلم با تعهد خدمت؛ ضوابط بخش فرهنگیان دفترچه,1401-humanities-booklet,224,1401-humanities-booklet,224,کدرشته‌محل منبع: 46343؛ عنوان رشته در منبع: آموزش ابتدایی؛ نحوه پذیرش: با آزمون (بخش دانشجو‌معلم)؛ استان در این ردیف مربوط به بومی‌گزینی/محل خدمت است
1401,آموزش ابتدایی,دانشگاه فرهنگیان,پردیس بنت الهدی صدر رشت,گیلان,در جدول ذکر نشده,,تعهد خدمت,1,زن,در جدول ذکر نشده,ادامه مخصوص داوطلبان بومی استان گیلان؛ پردیس بنت الهدی صدر رشت/ اولویت پذیرش با داوطلبان بومی شهرستانهای لاهیجان، سیاهکل/محل خدمت رودبنه؛ پذیرش دانشجو‌معلم با تعهد خدمت؛ ضوابط بخش فرهنگیان دفترچه,1401-humanities-booklet,224,1401-humanities-booklet,224,کدرشته‌محل منبع: 46344؛ عنوان رشته در منبع: آموزش ابتدایی؛ نحوه پذیرش: با آزمون (بخش دانشجو‌معلم)؛ استان در این ردیف مربوط به بومی‌گزینی/محل خدمت است
1401,آموزش ابتدایی,دانشگاه فرهنگیان,پردیس بنت الهدی صدر رشت,گیلان,در جدول ذکر نشده,,تعهد خدمت,1,زن,در جدول ذکر نشده,ادامه مخصوص داوطلبان بومی استان گیلان؛ پردیس بنت الهدی صدر رشت/ اولویت پذیرش با داوطلبان بومی شهرستان رودسر/محل خدمت رودسر؛ پذیرش دانشجو‌معلم با تعهد خدمت؛ ضوابط بخش فرهنگیان دفترچه,1401-humanities-booklet,224,1401-humanities-booklet,224,کدرشته‌محل منبع: 46345؛ عنوان رشته در منبع: آموزش ابتدایی؛ نحوه پذیرش: با آزمون (بخش دانشجو‌معلم)؛ استان در این ردیف مربوط به بومی‌گزینی/محل خدمت است
1401,آموزش ابتدایی,دانشگاه فرهنگیان,پردیس بنت الهدی صدر رشت,گیلان,در جدول ذکر نشده,,تعهد خدمت,1,زن,در جدول ذکر نشده,ادامه مخصوص داوطلبان بومی استان گیلان؛ پردیس بنت الهدی صدر رشت/ اولویت پذیرش با داوطلبان بومی شهرستان رشت/محل خدمت سنگر؛ پذیرش دانشجو‌معلم با تعهد خدمت؛ ضوابط بخش فرهنگیان دفترچه,1401-humanities-booklet,224,1401-humanities-booklet,224,کدرشته‌محل منبع: 46346؛ عنوان رشته در منبع: آموزش ابتدایی؛ نحوه پذیرش: با آزمون (بخش دانشجو‌معلم)؛ استان در این ردیف مربوط به بومی‌گزینی/محل خدمت است
1401,آموزش ابتدایی,دانشگاه فرهنگیان,پردیس بنت الهدی صدر رشت,گیلان,در جدول ذکر نشده,,تعهد خدمت,2,زن,در جدول ذکر نشده,ادامه مخصوص داوطلبان بومی استان گیلان؛ پردیس بنت الهدی صدر رشت/ اولویت پذیرش با داوطلبان بومی شهرستانهای لاهیجان، سیاهکل/محل خدمت سیاهکل؛ پذیرش دانشجو‌معلم با تعهد خدمت؛ ضوابط بخش فرهنگیان دفترچه,1401-humanities-booklet,224,1401-humanities-booklet,224,کدرشته‌محل منبع: 46347؛ عنوان رشته در منبع: آموزش ابتدایی؛ نحوه پذیرش: با آزمون (بخش دانشجو‌معلم)؛ استان در این ردیف مربوط به بومی‌گزینی/محل خدمت است
1401,آموزش ابتدایی,دانشگاه فرهنگیان,پردیس بنت الهدی صدر رشت,گیلان,در جدول ذکر نشده,,تعهد خدمت,2,زن,در جدول ذکر نشده,ادامه مخصوص داوطلبان بومی استان گیلان؛ پردیس بنت الهدی صدر رشت/ اولویت پذیرش با داوطلبان بومی شهرستانهای شفت، فومن/محل خدمت شفت؛ پذیرش دانشجو‌معلم با تعهد خدمت؛ ضوابط بخش فرهنگیان دفترچه,1401-humanities-booklet,224,1401-humanities-booklet,224,کدرشته‌محل منبع: 46348؛ عنوان رشته در منبع: آموزش ابتدایی؛ نحوه پذیرش: با آزمون (بخش دانشجو‌معلم)؛ استان در این ردیف مربوط به بومی‌گزینی/محل خدمت است
1401,آموزش ابتدایی,دانشگاه فرهنگیان,پردیس بنت,گیلان,در جدول ذکر نشده,,تعهد خدمت,2,زن,در جدول ذکر نشده,ادامه مخصوص داوطلبان بومی استان گیلان؛ پردیس بنت/الهدی صدر رشت اولویت پذیرش با داوطلبان بومی شهرستانهای ماسال، صومعه سرا/محل خدمت صومعه سرا؛ پذیرش دانشجو‌معلم با تعهد خدمت؛ ضوابط بخش فرهنگیان دفترچه,1401-humanities-booklet,224,1401-humanities-booklet,224,کدرشته‌محل منبع: 46349؛ عنوان رشته در منبع: آموزش ابتدایی؛ نحوه پذیرش: با آزمون (بخش دانشجو‌معلم)؛ استان در این ردیف مربوط به بومی‌گزینی/محل خدمت است
1401,آموزش ابتدایی,دانشگاه فرهنگیان,پردیس بنت الهدی صدر رشت,گیلان,در جدول ذکر نشده,,تعهد خدمت,3,زن,در جدول ذکر نشده,ادامه مخصوص داوطلبان بومی استان گیلان؛ پردیس بنت الهدی صدر رشت/ اولویت پذیرش با داوطلبان بومی شهرستان رودبار/محل خدمت عمارلو؛ پذیرش دانشجو‌معلم با تعهد خدمت؛ ضوابط بخش فرهنگیان دفترچه,1401-humanities-booklet,224,1401-humanities-booklet,224,کدرشته‌محل منبع: 46350؛ عنوان رشته در منبع: آموزش ابتدایی؛ نحوه پذیرش: با آزمون (بخش دانشجو‌معلم)؛ استان در این ردیف مربوط به بومی‌گزینی/محل خدمت است
1401,آموزش ابتدایی,دانشگاه فرهنگیان,پردیس بنت الهدی صدر رشت,گیلان,در جدول ذکر نشده,,تعهد خدمت,3,زن,در جدول ذکر نشده,ادامه مخصوص داوطلبان بومی استان گیلان؛ پردیس بنت الهدی صدر رشت/ اولویت پذیرش با داوطلبان بومی شهرستانهای شفت، فومن/محل خدمت فومن؛ پذیرش دانشجو‌معلم با تعهد خدمت؛ ضوابط بخش فرهنگیان دفترچه,1401-humanities-booklet,224,1401-humanities-booklet,224,کدرشته‌محل منبع: 46351؛ عنوان رشته در منبع: آموزش ابتدایی؛ نحوه پذیرش: با آزمون (بخش دانشجو‌معلم)؛ استان در این ردیف مربوط به بومی‌گزینی/محل خدمت است
1401,آموزش ابتدایی,دانشگاه فرهنگیان,پردیس بنت الهدی صدر رشت,گیلان,در جدول ذکر نشده,,تعهد خدمت,1,زن,در جدول ذکر نشده,ادامه مخصوص داوطلبان بومی استان گیلان؛ پردیس بنت الهدی صدر رشت/ اولویت پذیرش با داوطلبان بومی شهرستانهای لنگرود، املش/محل خدمت کلاچای؛ پذیرش دانشجو‌معلم با تعهد خدمت؛ ضوابط بخش فرهنگیان دفترچه,1401-humanities-booklet,224,1401-humanities-booklet,224,کدرشته‌محل منبع: 46352؛ عنوان رشته در منبع: آموزش ابتدایی؛ نحوه پذیرش: با آزمون (بخش دانشجو‌معلم)؛ استان در این ردیف مربوط به بومی‌گزینی/محل خدمت است
1401,آموزش ابتدایی,دانشگاه فرهنگیان,پردیس بنت الهدی صدر رشت,گیلان,در جدول ذکر نشده,,تعهد خدمت,1,زن,در جدول ذکر نشده,ادامه مخصوص داوطلبان بومی استان گیلان؛ پردیس بنت الهدی صدر رشت/ اولویت پذیرش با داوطلبان بومی شهرستان رشت/محل خدمت کوچصفهان؛ پذیرش دانشجو‌معلم با تعهد خدمت؛ ضوابط بخش فرهنگیان دفترچه,1401-humanities-booklet,224,1401-humanities-booklet,224,کدرشته‌محل منبع: 46353؛ عنوان رشته در منبع: آموزش ابتدایی؛ نحوه پذیرش: با آزمون (بخش دانشجو‌معلم)؛ استان در این ردیف مربوط به بومی‌گزینی/محل خدمت است
1401,آموزش ابتدایی,دانشگاه فرهنگیان,پردیس بنت الهدی صدر رشت,گیلان,در جدول ذکر نشده,,تعهد خدمت,1,زن,در جدول ذکر نشده,ادامه مخصوص داوطلبان بومی استان گیلان؛ پردیس بنت الهدی صدر رشت/ اولویت پذیرش با داوطلبان بومی شهرستانهای لنگرود، املش/محل خدمت کومله؛ پذیرش دانشجو‌معلم با تعهد خدمت؛ ضوابط بخش فرهنگیان دفترچه,1401-humanities-booklet,224,1401-humanities-booklet,224,کدرشته‌محل منبع: 46354؛ عنوان رشته در منبع: آموزش ابتدایی؛ نحوه پذیرش: با آزمون (بخش دانشجو‌معلم)؛ استان در این ردیف مربوط به بومی‌گزینی/محل خدمت است
1401,آموزش ابتدایی,دانشگاه فرهنگیان,پردیس بنت ،الهدی صدر رشت,گیلان,در جدول ذکر نشده,,تعهد خدمت,3,زن,در جدول ذکر نشده,ادامه مخصوص داوطلبان بومی استان گیلان؛ پردیس بنت ،الهدی صدر رشت/ اولویت پذیرش با داوطلبان بومی شهرستانهای لاهیجان سیاهکل/محل خدمت لاهیجان؛ پذیرش دانشجو‌معلم با تعهد خدمت؛ ضوابط بخش فرهنگیان دفترچه,1401-humanities-booklet,224,1401-humanities-booklet,224,کدرشته‌محل منبع: 46355؛ عنوان رشته در منبع: آموزش ابتدایی؛ نحوه پذیرش: با آزمون (بخش دانشجو‌معلم)؛ استان در این ردیف مربوط به بومی‌گزینی/محل خدمت است
1401,آموزش ابتدایی,دانشگاه فرهنگیان,پردیس بنت الهدی صدر رشت,گیلان,در جدول ذکر نشده,,تعهد خدمت,1,زن,در جدول ذکر نشده,ادامه مخصوص داوطلبان بومی استان گیلان؛ پردیس بنت الهدی صدر رشت/ اولویت پذیرش با داوطلبان بومی شهرستان رشت/محل خدمت لشت نشاء؛ پذیرش دانشجو‌معلم با تعهد خدمت؛ ضوابط بخش فرهنگیان دفترچه,1401-humanities-booklet,224,1401-humanities-booklet,224,کدرشته‌محل منبع: 46356؛ عنوان رشته در منبع: آموزش ابتدایی؛ نحوه پذیرش: با آزمون (بخش دانشجو‌معلم)؛ استان در این ردیف مربوط به بومی‌گزینی/محل خدمت است
1401,آموزش ابتدایی,دانشگاه فرهنگیان,پردیس بنت الهدی صدر رشت,گیلان,در جدول ذکر نشده,,تعهد خدمت,4,زن,در جدول ذکر نشده,ادامه مخصوص داوطلبان بومی استان گیلان؛ پردیس بنت الهدی صدر رشت/ اولویت پذیرش با داوطلبان بومی شهرستانهای لنگرود، املش/محل خدمت لنگرود؛ پذیرش دانشجو‌معلم با تعهد خدمت؛ ضوابط بخش فرهنگیان دفترچه,1401-humanities-booklet,224,1401-humanities-booklet,224,کدرشته‌محل منبع: 46357؛ عنوان رشته در منبع: آموزش ابتدایی؛ نحوه پذیرش: با آزمون (بخش دانشجو‌معلم)؛ استان در این ردیف مربوط به بومی‌گزینی/محل خدمت است
1401,آموزش ابتدایی,دانشگاه فرهنگیان,پردیس بنت الهدی صدر رشت,گیلان,در جدول ذکر نشده,,تعهد خدمت,2,زن,در جدول ذکر نشده,ادامه مخصوص داوطلبان بومی استان گیلان؛ پردیس بنت الهدی صدر رشت/ اولویت پذیرش با داوطلبان بومی شهرستانهای ماسال، صومعه سرا/محل خدمت ماسال وشاندرمن؛ پذیرش دانشجو‌معلم با تعهد خدمت؛ ضوابط بخش فرهنگیان دفترچه,1401-humanities-booklet,224,1401-humanities-booklet,224,کدرشته‌محل منبع: 46358؛ عنوان رشته در منبع: آموزش ابتدایی؛ نحوه پذیرش: با آزمون (بخش دانشجو‌معلم)؛ استان در این ردیف مربوط به بومی‌گزینی/محل خدمت است
1401,آموزش ابتدایی,دانشگاه فرهنگیان,پردیس آیت اله کمالوند خرم آباد )مرکز آموزش عالی حضرت زینب کبری)س( بروجرد(,لرستان,در جدول ذکر نشده,,تعهد خدمت,2,زن,در جدول ذکر نشده,مخصوص داوطلبان بومی استان لرستان؛ پردیس آیت اله کمالوند خرم آباد )مرکز آموزش عالی حضرت زینب کبری)س( بروجرد(/ اولویت پذیرش با داوطلبان بومی شهرستانهای ازنا، بروجرد، الیگودرز، درود/محل خدمت ازنا؛ پذیرش دانشجو‌معلم با تعهد خدمت؛ ضوابط بخش فرهنگیان دفترچه,1401-humanities-booklet,225,1401-humanities-booklet,225,کدرشته‌محل منبع: 46376؛ عنوان رشته در منبع: آموزش ابتدایی؛ نحوه پذیرش: با آزمون (بخش دانشجو‌معلم)؛ استان در این ردیف مربوط به بومی‌گزینی/محل خدمت است
1401,آموزش ابتدایی,دانشگاه فرهنگیان,پردیس آیت اله کمالوند خرم آباد )مرکز آموزش عالی حضرت زینب کبری)س( بروجرد(,لرستان,در جدول ذکر نشده,,تعهد خدمت,5,زن,در جدول ذکر نشده,مخصوص داوطلبان بومی استان لرستان؛ پردیس آیت اله کمالوند خرم آباد )مرکز آموزش عالی حضرت زینب کبری)س( بروجرد(/ اولویت پذیرش با دا وطلبان بومی شهرستانهای ازنا، بروجرد، الیگودرز، درود/محل خدمت الیگودرز؛ پذیرش دانشجو‌معلم با تعهد خدمت؛ ضوابط بخش فرهنگیان دفترچه,1401-humanities-booklet,225,1401-humanities-booklet,225,کدرشته‌محل منبع: 46377؛ عنوان رشته در منبع: آموزش ابتدایی؛ نحوه پذیرش: با آزمون (بخش دانشجو‌معلم)؛ استان در این ردیف مربوط به بومی‌گزینی/محل خدمت است
1401,آموزش ابتدایی,دانشگاه فرهنگیان,پردیس آیت اله کمالوند خرم آباد,لرستان,در جدول ذکر نشده,,تعهد خدمت,14,زن,در جدول ذکر نشده,مخصوص داوطلبان بومی استان لرستان؛ پردیس آیت اله کمالوند خرم آباد/ اولویت پذیرش با داوطلبان بومی شهرستانهای ازنا، بروجرد، الیگودرز، درود/محل خدمت بروجرد؛ پذیرش دانشجو‌معلم با تعهد خدمت؛ ضوابط بخش فرهنگیان دفترچه,1401-humanities-booklet,225,1401-humanities-booklet,225,کدرشته‌محل منبع: 46378؛ عنوان رشته در منبع: آموزش ابتدایی؛ نحوه پذیرش: با آزمون (بخش دانشجو‌معلم)؛ استان در این ردیف مربوط به بومی‌گزینی/محل خدمت است
1401,آموزش ابتدایی,دانشگاه فرهنگیان,پردیس آیت اله کمالوند خرم آباد,لرستان,در جدول ذکر نشده,,تعهد خدمت,1,زن,در جدول ذکر نشده,مخصوص داوطلبان بومی استان لرستان؛ پردیس آیت اله کمالوند خرم آباد/ اولویت پذیرش با داوطلبان بومی شهرستانهای ازنا، بروجرد، الیگودرز، درود/محل خدمت اشترینان؛ پذیرش دانشجو‌معلم با تعهد خدمت؛ ضوابط بخش فرهنگیان دفترچه,1401-humanities-booklet,225,1401-humanities-booklet,225,کدرشته‌محل منبع: 46379؛ عنوان رشته در منبع: آموزش ابتدایی؛ نحوه پذیرش: با آزمون (بخش دانشجو‌معلم)؛ استان در این ردیف مربوط به بومی‌گزینی/محل خدمت است
1401,آموزش ابتدایی,دانشگاه فرهنگیان,پردیس آیت اله کمالوند خرم آباد )مرکز آموزش عالی حضرت زینب کبری)س( بروجرد(,لرستان,در جدول ذکر نشده,,تعهد خدمت,7,زن,در جدول ذکر نشده,مخصوص داوطلبان بومی استان لرستان؛ پردیس آیت اله کمالوند خرم آباد )مرکز آموزش عالی حضرت زینب کبری)س( بروجرد(/ اولویت پذیرش با داوطلبان بومی شهرستانهای ازنا، بر وجرد، الیگودرز، درود/محل خدمت دورود؛ پذیرش دانشجو‌معلم با تعهد خدمت؛ ضوابط بخش فرهنگیان دفترچه,1401-humanities-booklet,225,1401-humanities-booklet,225,کدرشته‌محل منبع: 46380؛ عنوان رشته در منبع: آموزش ابتدایی؛ نحوه پذیرش: با آزمون (بخش دانشجو‌معلم)؛ استان در این ردیف مربوط به بومی‌گزینی/محل خدمت است
1401,آموزش ابتدایی,دانشگاه فرهنگیان,پردیس آیت اله کمالوند خرم آباد,لرستان,در جدول ذکر نشده,,تعهد خدمت,10,زن,در جدول ذکر نشده,پردیس آیت اله کمالوند خرم آباد؛ اولویت پذیرش با داوطلبان بومی شهرستانهای خرم آباد، چگنی (دوره سابق)؛ محل خدمت: خرم آباد.ناحیه1؛ تعهد خدمت دانشجو‌معلم مطابق دفترچه,1401-correction-6,1,1401-humanities-booklet,225,کدرشته‌محل منبع: 46381؛ عنوان رشته در منبع: آموزش ابتدایی؛ نحوه پذیرش: با آزمون (بخش دانشجو‌معلم)؛ استان در این ردیف مربوط به بومی‌گزینی/محل خدمت است؛ اصلاحیه: conditions
1401,آموزش ابتدایی,دانشگاه فرهنگیان,پردیس آیت اله کمالوند خرم آباد,لرستان,در جدول ذکر نشده,,تعهد خدمت,10,زن,در جدول ذکر نشده,پردیس آیت اله کمالوند خرم آباد؛ اولویت پذیرش با داوطلبان بومی شهرستانهای خرم آباد، چگنی (دوره سابق)؛ محل خدمت: خرم آباد.ناحیه2؛ تعهد خدمت دانشجو‌معلم مطابق دفترچه,1401-correction-6,1,1401-humanities-booklet,225,کدرشته‌محل منبع: 46382؛ عنوان رشته در منبع: آموزش ابتدایی؛ نحوه پذیرش: با آزمون (بخش دانشجو‌معلم)؛ استان در این ردیف مربوط به بومی‌گزینی/محل خدمت است؛ اصلاحیه: conditions
1401,آموزش ابتدایی,دانشگاه فرهنگیان,پردیس آیت اله کمالوند خرم آباد,لرستان,در جدول ذکر نشده,,تعهد خدمت,1,زن,در جدول ذکر نشده,پردیس آیت اله کمالوند خرم آباد؛ اولویت پذیرش با داوطلبان بومی شهرستانهای خرم آباد، چگنی (دوره سابق)؛ محل خدمت: پاپی )راه آهن؛ تعهد خدمت دانشجو‌معلم مطابق دفترچه,1401-correction-6,1,1401-humanities-booklet,226,کدرشته‌محل منبع: 46383؛ عنوان رشته در منبع: آموزش ابتدایی؛ نحوه پذیرش: با آزمون (بخش دانشجو‌معلم)؛ استان در این ردیف مربوط به بومی‌گزینی/محل خدمت است؛ اصلاحیه: conditions
1401,آموزش ابتدایی,دانشگاه فرهنگیان,پردیس آیت اله کمالوند خرم آباد,لرستان,در جدول ذکر نشده,,تعهد خدمت,1,زن,در جدول ذکر نشده,پردیس آیت اله کمالوند خرم آباد؛ اولویت پذیرش با داوطلبان بومی شهرستانهای خرم آباد، چگنی (دوره سابق)؛ محل خدمت: چغلوندی؛ تعهد خدمت دانشجو‌معلم مطابق دفترچه,1401-correction-6,1,1401-humanities-booklet,226,کدرشته‌محل منبع: 46384؛ عنوان رشته در منبع: آموزش ابتدایی؛ نحوه پذیرش: با آزمون (بخش دانشجو‌معلم)؛ استان در این ردیف مربوط به بومی‌گزینی/محل خدمت است؛ اصلاحیه: conditions
1401,آموزش ابتدایی,دانشگاه فرهنگیان,پردیس آیت اله کمالوند خرم ,لرستان,در جدول ذکر نشده,,تعهد خدمت,1,زن,در جدول ذکر نشده,پردیس آیت اله کمالوند خرم ؛ اولویت پذیرش با داوطلبان بومی شهرستانهای خرم آباد، چگنی (دوره سابق)؛ محل خدمت: زاغه؛ تعهد خدمت دانشجو‌معلم مطابق دفترچه,1401-correction-6,1,1401-humanities-booklet,226,کدرشته‌محل منبع: 46385؛ عنوان رشته در منبع: آموزش ابتدایی؛ نحوه پذیرش: با آزمون (بخش دانشجو‌معلم)؛ استان در این ردیف مربوط به بومی‌گزینی/محل خدمت است؛ اصلاحیه: conditions
1401,آموزش ابتدایی,دانشگاه فرهنگیان,پردیس آیت اله کمالوند خرم آباد,لرستان,در جدول ذکر نشده,,تعهد خدمت,1,زن,در جدول ذکر نشده,پردیس آیت اله کمالوند خرم آباد؛ اولویت پذیرش با داوطلبان بومی شهرستانهای خرم آباد، چگنی (دوره سابق)؛ محل خدمت: چگنی؛ تعهد خدمت دانشجو‌معلم مطابق دفترچه,1401-correction-6,1,1401-humanities-booklet,226,کدرشته‌محل منبع: 46386؛ عنوان رشته در منبع: آموزش ابتدایی؛ نحوه پذیرش: با آزمون (بخش دانشجو‌معلم)؛ استان در این ردیف مربوط به بومی‌گزینی/محل خدمت است؛ اصلاحیه: conditions
1401,آموزش ابتدایی,دانشگاه فرهنگیان,پردیس آیت اله کمالوند خرم ,لرستان,در جدول ذکر نشده,,تعهد خدمت,1,زن,در جدول ذکر نشده,پردیس آیت اله کمالوند خرم ؛ اولویت پذیرش با داوطلبان بومی شهرستانهای خرم آباد، چگنی (دوره سابق)؛ محل خدمت: ویسیان؛ تعهد خدمت دانشجو‌معلم مطابق دفترچه,1401-correction-6,1,1401-humanities-booklet,226,کدرشته‌محل منبع: 46387؛ عنوان رشته در منبع: آموزش ابتدایی؛ نحوه پذیرش: با آزمون (بخش دانشجو‌معلم)؛ استان در این ردیف مربوط به بومی‌گزینی/محل خدمت است؛ اصلاحیه: conditions
1401,آموزش ابتدایی,دانشگاه فرهنگیان,پردیس آیت اله کمالوند خرم آباد )مرکز آموزش عالی حضرت زینب کبری)س( بروجرد(,لرستان,در جدول ذکر نشده,,تعهد خدمت,2,زن,در جدول ذکر نشده,ادامه مخصوص داوطلبان بومی استان لرستان؛ پردیس آیت اله کمالوند خرم آباد )مرکز آموزش عالی حضرت زینب کبری)س( بروجرد(/ اولویت پذیرش با داوطلبان بومی شهرستان سلسله، دلفان/محل خدمت الشتر؛ پذیرش دانشجو‌معلم با تعهد خدمت؛ ضوابط بخش فرهنگیان دفترچه,1401-humanities-booklet,226,1401-humanities-booklet,226,کدرشته‌محل منبع: 46388؛ عنوان رشته در منبع: آموزش ابتدایی؛ نحوه پذیرش: با آزمون (بخش دانشجو‌معلم)؛ استان در این ردیف مربوط به بومی‌گزینی/محل خدمت است
1401,آموزش ابتدایی,دانشگاه فرهنگیان,پردیس آیت اله کمالوند خرم آباد )مرکز آموزش عالی حضرت زینب کبری)س( بروجرد(,لرستان,در جدول ذکر نشده,,تعهد خدمت,5,زن,در جدول ذکر نشده,ادامه مخصوص داوطلبان بومی استان لرستان؛ پردیس آیت اله کمالوند خرم آباد )مرکز آموزش عالی حضرت زینب کبری)س( بروجرد(/ اولویت پذیرش با داوطلبان بومی شهرستان ( سلسله، دلفان/محل خدمت نورآباد)دلفان؛ پذیرش دانشجو‌معلم با تعهد خدمت؛ ضوابط بخش فرهنگیان دفترچه,1401-humanities-booklet,226,1401-humanities-booklet,226,کدرشته‌محل منبع: 46389؛ عنوان رشته در منبع: آموزش ابتدایی؛ نحوه پذیرش: با آزمون (بخش دانشجو‌معلم)؛ استان در این ردیف مربوط به بومی‌گزینی/محل خدمت است
1401,آموزش ابتدایی,دانشگاه فرهنگیان,پردیس آیت اله کمالوند خرم آباد,لرستان,در جدول ذکر نشده,,تعهد خدمت,1,زن,در جدول ذکر نشده,ادامه مخصوص داوطلبان بومی استان لرستان؛ پردیس آیت اله کمالوند خرم آباد/ اولویت پذیرش با داوطلبان بومی شهرستان سلسله، دلفان/محل خدمت کاکاوند؛ پذیرش دانشجو‌معلم با تعهد خدمت؛ ضوابط بخش فرهنگیان دفترچه,1401-humanities-booklet,226,1401-humanities-booklet,226,کدرشته‌محل منبع: 46390؛ عنوان رشته در منبع: آموزش ابتدایی؛ نحوه پذیرش: با آزمون (بخش دانشجو‌معلم)؛ استان در این ردیف مربوط به بومی‌گزینی/محل خدمت است
1401,آموزش ابتدایی,دانشگاه فرهنگیان,پردیس آیت اله کمالوند خرم آباد,لرستان,در جدول ذکر نشده,,تعهد خدمت,2,زن,در جدول ذکر نشده,ادامه مخصوص داوطلبان بومی استان لرستان؛ پردیس آیت اله کمالوند خرم آباد/ اولویت پذیرش با داوطلبان بومی شهرستانهای پلدختر، کوهدشت، رومشگان/محل خدمت ( پلدختر)ملاوی؛ پذیرش دانشجو‌معلم با تعهد خدمت؛ ضوابط بخش فرهنگیان دفترچه,1401-humanities-booklet,226,1401-humanities-booklet,226,کدرشته‌محل منبع: 46391؛ عنوان رشته در منبع: آموزش ابتدایی؛ نحوه پذیرش: با آزمون (بخش دانشجو‌معلم)؛ استان در این ردیف مربوط به بومی‌گزینی/محل خدمت است
1401,آموزش ابتدایی,دانشگاه فرهنگیان,پردیس آیت اله کمالوند خرم آباد,لرستان,در جدول ذکر نشده,,تعهد خدمت,1,زن,در جدول ذکر نشده,ادامه مخصوص داوطلبان بومی استان لرستان؛ پردیس آیت اله کمالوند خرم آباد/ اولویت پذیرش با داوطلبان بومی شهرستانهای پلدختر، کوهدشت، رومشگان/محل خدمت معمولان؛ پذیرش دانشجو‌معلم با تعهد خدمت؛ ضوابط بخش فرهنگیان دفترچه,1401-humanities-booklet,226,1401-humanities-booklet,226,کدرشته‌محل منبع: 46392؛ عنوان رشته در منبع: آموزش ابتدایی؛ نحوه پذیرش: با آزمون (بخش دانشجو‌معلم)؛ استان در این ردیف مربوط به بومی‌گزینی/محل خدمت است
1401,آموزش ابتدایی,دانشگاه فرهنگیان,پردیس آیت اله کمالوند خرم آباد,لرستان,در جدول ذکر نشده,,تعهد خدمت,5,زن,در جدول ذکر نشده,ادامه مخصوص داوطلبان بومی استان لرستان؛ پردیس آیت اله کمالوند خرم آباد/ اولویت پذیرش با داوطلبان بومی شهرستانهای پلدختر، کوهدشت، رومشگان/محل خدمت کوهدشت؛ پذیرش دانشجو‌معلم با تعهد خدمت؛ ضوابط بخش فرهنگیان دفترچه,1401-humanities-booklet,226,1401-humanities-booklet,226,کدرشته‌محل منبع: 46393؛ عنوان رشته در منبع: آموزش ابتدایی؛ نحوه پذیرش: با آزمون (بخش دانشجو‌معلم)؛ استان در این ردیف مربوط به بومی‌گزینی/محل خدمت است
1401,آموزش ابتدایی,دانشگاه فرهنگیان,پردیس آیت اله کمالوند خرم آباد,لرستان,در جدول ذکر نشده,,تعهد خدمت,1,زن,در جدول ذکر نشده,ادامه مخصوص داوطلبان بومی استان لرستان؛ پردیس آیت اله کمالوند خرم آباد/ اولویت پذیرش با داوطلبان بومی شهرستانهای پلدختر، کوهدشت، رومشگان/محل خدمت رومشگان؛ پذیرش دانشجو‌معلم با تعهد خدمت؛ ضوابط بخش فرهنگیان دفترچه,1401-humanities-booklet,226,1401-humanities-booklet,226,کدرشته‌محل منبع: 46394؛ عنوان رشته در منبع: آموزش ابتدایی؛ نحوه پذیرش: با آزمون (بخش دانشجو‌معلم)؛ استان در این ردیف مربوط به بومی‌گزینی/محل خدمت است
1401,آموزش ابتدایی,دانشگاه فرهنگیان,،پردیس علامه طباطبایی خرم آباد )مرکز آموزش عالی شهیدمیرشاکی الیگودرز(,لرستان,در جدول ذکر نشده,,تعهد خدمت,5,مرد,در جدول ذکر نشده,ادامه مخصوص داوطلبان بومی استان لرستان؛ ،پردیس علامه طباطبایی خرم آباد )مرکز آموزش عالی شهیدمیرشاکی الیگودرز(/ اولویت پذیرش با داوطلبان بومی شهرستانهای ازنا ،بروجرد، الیگودرز درود/محل خدمت ازنا؛ پذیرش دانشجو‌معلم با تعهد خدمت؛ ضوابط بخش فرهنگیان دفترچه,1401-humanities-booklet,226,1401-humanities-booklet,226,کدرشته‌محل منبع: 46395؛ عنوان رشته در منبع: آموزش ابتدایی؛ نحوه پذیرش: با آزمون (بخش دانشجو‌معلم)؛ استان در این ردیف مربوط به بومی‌گزینی/محل خدمت است
1401,آموزش ابتدایی,دانشگاه فرهنگیان,،پردیس علامه طباطبایی خرم آباد )مرکز آموزش عالی شهیدمیرشاکی الیگودرز(,لرستان,در جدول ذکر نشده,,تعهد خدمت,1,مرد,در جدول ذکر نشده,ادامه مخصوص داوطلبان بومی استان لرستان؛ ،پردیس علامه طباطبایی خرم آباد )مرکز آموزش عالی شهیدمیرشاکی الیگودرز(/ اولویت پذیرش با داوطلبان بومی شهرستانهای ازنا بروجرد، الیگودرز، درود/محل خدمت ززوماهرو؛ پذیرش دانشجو‌معلم با تعهد خدمت؛ ضوابط بخش فرهنگیان دفترچه,1401-humanities-booklet,226,1401-humanities-booklet,226,کدرشته‌محل منبع: 46396؛ عنوان رشته در منبع: آموزش ابتدایی؛ نحوه پذیرش: با آزمون (بخش دانشجو‌معلم)؛ استان در این ردیف مربوط به بومی‌گزینی/محل خدمت است
1401,آموزش ابتدایی,دانشگاه فرهنگیان,پردیس علامه طباطبایی خرم ،آباد )مرکز آموزش عالی شهیدمیرشاکی الیگودرز(,لرستان,در جدول ذکر نشده,,تعهد خدمت,7,مرد,در جدول ذکر نشده,ادامه مخصوص داوطلبان بومی استان لرستان؛ پردیس علامه طباطبایی خرم ،آباد )مرکز آموزش عالی شهیدمیرشاکی الیگودرز(/ اولویت پذیرش با داوطلبان بومی شهرستانهای ازنا بروجرد، الیگودرز، درود/محل خدمت الیگودرز؛ پذیرش دانشجو‌معلم با تعهد خدمت؛ ضوابط بخش فرهنگیان دفترچه,1401-humanities-booklet,226,1401-humanities-booklet,226,کدرشته‌محل منبع: 46397؛ عنوان رشته در منبع: آموزش ابتدایی؛ نحوه پذیرش: با آزمون (بخش دانشجو‌معلم)؛ استان در این ردیف مربوط به بومی‌گزینی/محل خدمت است
1401,آموزش ابتدایی,دانشگاه فرهنگیان,،پردیس علامه طباطبایی خرم آباد,لرستان,در جدول ذکر نشده,,تعهد خدمت,16,مرد,در جدول ذکر نشده,ادامه مخصوص داوطلبان بومی استان لرستان؛ ،پردیس علامه طباطبایی خرم آباد/ اولویت پذیرش با داوطلبان بومی شهرستانهای ازنا، بروجرد، الیگودرز درود/محل خدمت بروجرد؛ پذیرش دانشجو‌معلم با تعهد خدمت؛ ضوابط بخش فرهنگیان دفترچه,1401-humanities-booklet,226,1401-humanities-booklet,226,کدرشته‌محل منبع: 46398؛ عنوان رشته در منبع: آموزش ابتدایی؛ نحوه پذیرش: با آزمون (بخش دانشجو‌معلم)؛ استان در این ردیف مربوط به بومی‌گزینی/محل خدمت است
1401,آموزش ابتدایی,دانشگاه فرهنگیان,،پردیس علامه طباطبایی خرم آباد )مرکز آموزش عالی شهیدمیرشاکی الیگودرز(,لرستان,در جدول ذکر نشده,,تعهد خدمت,1,مرد,در جدول ذکر نشده,ادامه مخصوص داوطلبان بومی استان لرستان؛ ،پردیس علامه طباطبایی خرم آباد )مرکز آموزش عالی شهیدمیرشاکی الیگودرز(/ اولویت پذیرش با داوطلبان بومی شهرستانهای ازنا بروجرد، الیگودرز، درود/محل خدمت اشترینان؛ پذیرش دانشجو‌معلم با تعهد خدمت؛ ضوابط بخش فرهنگیان دفترچه,1401-humanities-booklet,226,1401-humanities-booklet,226,کدرشته‌محل منبع: 46399؛ عنوان رشته در منبع: آموزش ابتدایی؛ نحوه پذیرش: با آزمون (بخش دانشجو‌معلم)؛ استان در این ردیف مربوط به بومی‌گزینی/محل خدمت است
1401,آموزش ابتدایی,دانشگاه فرهنگیان,پردیس علامه طباطبایی ،خرم آباد )مرکز آموزش عالی شهیدمیرشاکی الیگودرز(,لرستان,در جدول ذکر نشده,,تعهد خدمت,10,مرد,در جدول ذکر نشده,ادامه مخصوص داوطلبان بومی استان لرستان؛ پردیس علامه طباطبایی ،خرم آباد )مرکز آموزش عالی شهیدمیرشاکی الیگودرز(/ اولویت پذیرش با داوطلبان بومی شهرستانهای ازنا بروجرد، الیگودرز، درود/محل خدمت دورود؛ پذیرش دانشجو‌معلم با تعهد خدمت؛ ضوابط بخش فرهنگیان دفترچه,1401-humanities-booklet,226,1401-humanities-booklet,226,کدرشته‌محل منبع: 46400؛ عنوان رشته در منبع: آموزش ابتدایی؛ نحوه پذیرش: با آزمون (بخش دانشجو‌معلم)؛ استان در این ردیف مربوط به بومی‌گزینی/محل خدمت است
1401,آموزش ابتدایی,دانشگاه فرهنگیان,پردیس علامه طباطبایی خرم آباد )مرکز آموزش عالی شهیدمیرشاکی الیگودرز(,لرستان,در جدول ذکر نشده,,تعهد خدمت,1,مرد,در جدول ذکر نشده,ادامه مخصوص داوطلبان بومی استان لرستان؛ پردیس علامه طباطبایی خرم آباد )مرکز آموزش عالی شهیدمیرشاکی الیگودرز(/ اولویت پذیرش با داوطلبان ،بومی شهرستانهای ازنا بروجرد، الیگودرز، درود/محل خدمت سیلاخور؛ پذیرش دانشجو‌معلم با تعهد خدمت؛ ضوابط بخش فرهنگیان دفترچه,1401-humanities-booklet,226,1401-humanities-booklet,226,کدرشته‌محل منبع: 46401؛ عنوان رشته در منبع: آموزش ابتدایی؛ نحوه پذیرش: با آزمون (بخش دانشجو‌معلم)؛ استان در این ردیف مربوط به بومی‌گزینی/محل خدمت است
1401,آموزش ابتدایی,دانشگاه فرهنگیان,پردیس علامه طباطبایی خرم آباد,لرستان,در جدول ذکر نشده,,تعهد خدمت,14,مرد,در جدول ذکر نشده,پردیس علامه طباطبایی خرم آباد؛ اولویت پذیرش با داوطلبان بومی شهرستانهای خرم آباد، چگنی (دوره سابق)؛ محل خدمت: خرم آباد.ناحیه1؛ تعهد خدمت دانشجو‌معلم مطابق دفترچه,1401-correction-6,1,1401-humanities-booklet,226,کدرشته‌محل منبع: 46402؛ عنوان رشته در منبع: آموزش ابتدایی؛ نحوه پذیرش: با آزمون (بخش دانشجو‌معلم)؛ استان در این ردیف مربوط به بومی‌گزینی/محل خدمت است؛ اصلاحیه: conditions
1401,آموزش ابتدایی,دانشگاه فرهنگیان,پردیس علامه طباطبایی خرم آباد,لرستان,در جدول ذکر نشده,,تعهد خدمت,14,مرد,در جدول ذکر نشده,پردیس علامه طباطبایی خرم آباد؛ اولویت پذیرش با داوطلبان بومی شهرستانهای خرم آباد، چگنی (دوره سابق)؛ محل خدمت: خرم آباد.ناحیه2؛ تعهد خدمت دانشجو‌معلم مطابق دفترچه,1401-correction-6,1,1401-humanities-booklet,226,کدرشته‌محل منبع: 46403؛ عنوان رشته در منبع: آموزش ابتدایی؛ نحوه پذیرش: با آزمون (بخش دانشجو‌معلم)؛ استان در این ردیف مربوط به بومی‌گزینی/محل خدمت است؛ اصلاحیه: conditions
1401,آموزش ابتدایی,دانشگاه فرهنگیان,پردیس علامه طباطبایی خرم آباد )مرکز آموزش عالی شهیدمیرشاکی الیگودرز(,لرستان,در جدول ذکر نشده,,تعهد خدمت,1,مرد,در جدول ذکر نشده,پردیس علامه طباطبایی خرم آباد )مرکز آموزش عالی شهیدمیرشاکی الیگودرز(؛ اولویت پذیرش با داوطلبان بومی شهرستانهای خرم آباد، چگنی (دوره سابق)؛ محل خدمت: پاپی( راه آهن)؛ تعهد خدمت دانشجو‌معلم مطابق دفترچه,1401-correction-6,1,1401-humanities-booklet,226,کدرشته‌محل منبع: 46404؛ عنوان رشته در منبع: آموزش ابتدایی؛ نحوه پذیرش: با آزمون (بخش دانشجو‌معلم)؛ استان در این ردیف مربوط به بومی‌گزینی/محل خدمت است؛ اصلاحیه: conditions
1401,آموزش ابتدایی,دانشگاه فرهنگیان,پردیس علامه طباطبایی خرم آباد )مرکز آموزش عالی شهیدمیرشاکی الیگودرز(,لرستان,در جدول ذکر نشده,,تعهد خدمت,1,مرد,در جدول ذکر نشده,پردیس علامه طباطبایی خرم آباد )مرکز آموزش عالی شهیدمیرشاکی الیگودرز(؛ اولویت پذیرش با داوطلبان بومی شهرستانهای خرم آباد، چگنی (دوره سابق)؛ محل خدمت: چغلوندی؛ تعهد خدمت دانشجو‌معلم مطابق دفترچه,1401-correction-6,1,1401-humanities-booklet,226,کدرشته‌محل منبع: 46405؛ عنوان رشته در منبع: آموزش ابتدایی؛ نحوه پذیرش: با آزمون (بخش دانشجو‌معلم)؛ استان در این ردیف مربوط به بومی‌گزینی/محل خدمت است؛ اصلاحیه: conditions
1401,آموزش ابتدایی,دانشگاه فرهنگیان,پردیس علامه طباطبایی خرم آباد )مرکز آموزش عالی شهیدمیرشاکی الیگودرز(,لرستان,در جدول ذکر نشده,,تعهد خدمت,1,مرد,در جدول ذکر نشده,پردیس علامه طباطبایی خرم آباد )مرکز آموزش عالی شهیدمیرشاکی الیگودرز(؛ اولویت پذیرش با داوطلبان بومی شهرستانهای خرم آباد، چگنی (دوره سابق)؛ محل خدمت: زاغه؛ تعهد خدمت دانشجو‌معلم مطابق دفترچه,1401-correction-6,1,1401-humanities-booklet,226,کدرشته‌محل منبع: 46406؛ عنوان رشته در منبع: آموزش ابتدایی؛ نحوه پذیرش: با آزمون (بخش دانشجو‌معلم)؛ استان در این ردیف مربوط به بومی‌گزینی/محل خدمت است؛ اصلاحیه: conditions
1401,آموزش ابتدایی,دانشگاه فرهنگیان,پردیس علامه طباطبایی خرم آباد )مرکز آموزش عالی شهیدمیرشاکی الیگودرز(,لرستان,در جدول ذکر نشده,,تعهد خدمت,1,مرد,در جدول ذکر نشده,پردیس علامه طباطبایی خرم آباد )مرکز آموزش عالی شهیدمیرشاکی الیگودرز(؛ اولویت پذیرش با داوطلبان بومی شهرستانهای خرم آباد، چگنی (دوره سابق)؛ محل خدمت: گنی؛ تعهد خدمت دانشجو‌معلم مطابق دفترچه,1401-correction-6,1,1401-humanities-booklet,226,کدرشته‌محل منبع: 46407؛ عنوان رشته در منبع: آموزش ابتدایی؛ نحوه پذیرش: با آزمون (بخش دانشجو‌معلم)؛ استان در این ردیف مربوط به بومی‌گزینی/محل خدمت است؛ اصلاحیه: conditions
1401,آموزش ابتدایی,دانشگاه فرهنگیان,پردیس علامه طباطبایی خرم آباد )مرکز آموزش عالی شهیدمیرشاکی الیگودرز(,لرستان,در جدول ذکر نشده,,تعهد خدمت,1,مرد,در جدول ذکر نشده,پردیس علامه طباطبایی خرم آباد )مرکز آموزش عالی شهیدمیرشاکی الیگودرز(؛ اولویت پذیرش با داوطلبان بومی شهرستانهای خرم آباد، چگنی (دوره سابق)؛ محل خدمت: ویسیان؛ تعهد خدمت دانشجو‌معلم مطابق دفترچه,1401-correction-6,1,1401-humanities-booklet,226,کدرشته‌محل منبع: 46408؛ عنوان رشته در منبع: آموزش ابتدایی؛ نحوه پذیرش: با آزمون (بخش دانشجو‌معلم)؛ استان در این ردیف مربوط به بومی‌گزینی/محل خدمت است؛ اصلاحیه: conditions
1401,آموزش ابتدایی,دانشگاه فرهنگیان,پردیس علامه طباطبایی خرم آباد,لرستان,در جدول ذکر نشده,,تعهد خدمت,2,مرد,در جدول ذکر نشده,ادامه مخصوص داوطلبان بومی استان لرستان؛ پردیس علامه طباطبایی خرم آباد/ اولویت پذیرش با داوطلبان بومی شهرستان سلسله، دلفان/محل خدمت الشتر؛ پذیرش دانشجو‌معلم با تعهد خدمت؛ ضوابط بخش فرهنگیان دفترچه,1401-humanities-booklet,226,1401-humanities-booklet,226,کدرشته‌محل منبع: 46409؛ عنوان رشته در منبع: آموزش ابتدایی؛ نحوه پذیرش: با آزمون (بخش دانشجو‌معلم)؛ استان در این ردیف مربوط به بومی‌گزینی/محل خدمت است
1401,آموزش ابتدایی,دانشگاه فرهنگیان,( پردیس علامه طباطبایی خرم آباد,لرستان,در جدول ذکر نشده,,تعهد خدمت,7,مرد,در جدول ذکر نشده,ادامه مخصوص داوطلبان بومی استان لرستان؛ ( پردیس علامه طباطبایی خرم آباد/ اولویت پذیرش با داوطلبان بومی شهرستان سلسله، دلفان/محل خدمت نورآباد)دلفان؛ پذیرش دانشجو‌معلم با تعهد خدمت؛ ضوابط بخش فرهنگیان دفترچه,1401-humanities-booklet,226,1401-humanities-booklet,226,کدرشته‌محل منبع: 46410؛ عنوان رشته در منبع: آموزش ابتدایی؛ نحوه پذیرش: با آزمون (بخش دانشجو‌معلم)؛ استان در این ردیف مربوط به بومی‌گزینی/محل خدمت است
1401,آموزش ابتدایی,دانشگاه فرهنگیان,پردیس علامه طباطبایی خرم آباد )مرکز آموزش عالی ،شهیدمیرشاکی الیگودرز(,لرستان,در جدول ذکر نشده,,تعهد خدمت,1,مرد,در جدول ذکر نشده,ادامه مخصوص داوطلبان بومی استان لرستان؛ پردیس علامه طباطبایی خرم آباد )مرکز آموزش عالی ،شهیدمیرشاکی الیگودرز(/ اولویت پذیرش با داوطلبان بومی شهرستان سلسله دلفان/محل خدمت کاکاوند؛ پذیرش دانشجو‌معلم با تعهد خدمت؛ ضوابط بخش فرهنگیان دفترچه,1401-humanities-booklet,226,1401-humanities-booklet,226,کدرشته‌محل منبع: 46411؛ عنوان رشته در منبع: آموزش ابتدایی؛ نحوه پذیرش: با آزمون (بخش دانشجو‌معلم)؛ استان در این ردیف مربوط به بومی‌گزینی/محل خدمت است
1401,آموزش ابتدایی,دانشگاه فرهنگیان,پردیس علامه طباطبایی خرم آباد,لرستان,در جدول ذکر نشده,,تعهد خدمت,2,مرد,در جدول ذکر نشده,ادامه مخصوص داوطلبان بومی استان لرستان؛ پردیس علامه طباطبایی خرم آباد/ اولویت پذیرش با داوطلبان بومی شهرستانهای پلدختر، کوهدشت، رومشگان/محل خدمت ( پلدختر)ملاوی؛ پذیرش دانشجو‌معلم با تعهد خدمت؛ ضوابط بخش فرهنگیان دفترچه,1401-humanities-booklet,226,1401-humanities-booklet,226,کدرشته‌محل منبع: 46412؛ عنوان رشته در منبع: آموزش ابتدایی؛ نحوه پذیرش: با آزمون (بخش دانشجو‌معلم)؛ استان در این ردیف مربوط به بومی‌گزینی/محل خدمت است
1401,آموزش ابتدایی,دانشگاه فرهنگیان,پردیس علامه طباطبایی خرم آباد,لرستان,در جدول ذکر نشده,,تعهد خدمت,1,مرد,در جدول ذکر نشده,ادامه مخصوص داوطلبان بومی استان لرستان؛ پردیس علامه طباطبایی خرم آباد/ اولویت پذیرش با داوطلبان بومی شهرستانهای پلدختر، کوهدشت، رومشگان/محل خدمت معمولان؛ پذیرش دانشجو‌معلم با تعهد خدمت؛ ضوابط بخش فرهنگیان دفترچه,1401-humanities-booklet,226,1401-humanities-booklet,226,کدرشته‌محل منبع: 46413؛ عنوان رشته در منبع: آموزش ابتدایی؛ نحوه پذیرش: با آزمون (بخش دانشجو‌معلم)؛ استان در این ردیف مربوط به بومی‌گزینی/محل خدمت است
1401,آموزش ابتدایی,دانشگاه فرهنگیان,پردیس علامه طباطبایی خرم آباد,لرستان,در جدول ذکر نشده,,تعهد خدمت,7,مرد,در جدول ذکر نشده,ادامه مخصوص داوطلبان بومی استان لرستان؛ پردیس علامه طباطبایی خرم آباد/ اولویت پذیرش با داوطلبان بومی شهرستانهای پلدختر، کوهدشت، رومشگان/محل خدمت کوهدشت؛ پذیرش دانشجو‌معلم با تعهد خدمت؛ ضوابط بخش فرهنگیان دفترچه,1401-humanities-booklet,226,1401-humanities-booklet,226,کدرشته‌محل منبع: 46414؛ عنوان رشته در منبع: آموزش ابتدایی؛ نحوه پذیرش: با آزمون (بخش دانشجو‌معلم)؛ استان در این ردیف مربوط به بومی‌گزینی/محل خدمت است
1401,آموزش ابتدایی,دانشگاه فرهنگیان,پردیس علامه طباطبایی خرم آباد )مرکز آموزش عالی شهیدمیرشاکی الیگودرز(,لرستان,در جدول ذکر نشده,,تعهد خدمت,1,مرد,در جدول ذکر نشده,ادامه مخصوص داوطلبان بومی استان لرستان؛ پردیس علامه طباطبایی خرم آباد )مرکز آموزش عالی شهیدمیرشاکی الیگودرز(/ اولویت پذیرش با داوطلبان بومی شهرستانهای پلدختر، کوهدشت، رومشگان/محل خدمت طرحان؛ پذیرش دانشجو‌معلم با تعهد خدمت؛ ضوابط بخش فرهنگیان دفترچه,1401-humanities-booklet,226,1401-humanities-booklet,226,کدرشته‌محل منبع: 46415؛ عنوان رشته در منبع: آموزش ابتدایی؛ نحوه پذیرش: با آزمون (بخش دانشجو‌معلم)؛ استان در این ردیف مربوط به بومی‌گزینی/محل خدمت است
1401,آموزش ابتدایی,دانشگاه فرهنگیان,پردیس علامه طباطبایی خرم آباد )مرکز آموزش عالی شهیدمیرشاکی الیگودرز(,لرستان,در جدول ذکر نشده,,تعهد خدمت,1,مرد,در جدول ذکر نشده,ادامه مخصوص داوطلبان بومی استان لرستان؛ پردیس علامه طباطبایی خرم آباد )مرکز آموزش عالی شهیدمیرشاکی الیگودرز(/ اولویت پذیرش با داوطلبان بومی شهرستانهای پلدختر، کوهدشت، رومشگان/محل خدمت کوهنان؛ پذیرش دانشجو‌معلم با تعهد خدمت؛ ضوابط بخش فرهنگیان دفترچه,1401-humanities-booklet,226,1401-humanities-booklet,226,کدرشته‌محل منبع: 46416؛ عنوان رشته در منبع: آموزش ابتدایی؛ نحوه پذیرش: با آزمون (بخش دانشجو‌معلم)؛ استان در این ردیف مربوط به بومی‌گزینی/محل خدمت است
1401,آموزش ابتدایی,دانشگاه فرهنگیان,پردیس علامه طباطبایی خرم آباد )مرکز آموزش عالی شهیدمیرشاکی الیگودرز(,لرستان,در جدول ذکر نشده,,تعهد خدمت,2,مرد,در جدول ذکر نشده,ادامه مخصوص داوطلبان بومی استان لرستان؛ پردیس علامه طباطبایی خرم آباد )مرکز آموزش عالی شهیدمیرشاکی الیگودرز(/ اولویت پذیرش با داوطلبان بومی شهرستانهای پلدختر، کوهدشت، رومشگان/محل خدمت رومشگان؛ پذیرش دانشجو‌معلم با تعهد خدمت؛ ضوابط بخش فرهنگیان دفترچه,1401-humanities-booklet,227,1401-humanities-booklet,227,کدرشته‌محل منبع: 46417؛ عنوان رشته در منبع: آموزش ابتدایی؛ نحوه پذیرش: با آزمون (بخش دانشجو‌معلم)؛ استان در این ردیف مربوط به بومی‌گزینی/محل خدمت است
1401,آموزش ابتدایی,دانشگاه فرهنگیان,پردیس علامه طباطبایی خرم آباد )مرکز آموزش عالی شهیدمیرشاکی الیگودرز(,لرستان,در جدول ذکر نشده,,تعهد خدمت,5,مرد,در جدول ذکر نشده,ادامه مخصوص داوطلبان بومی استان لرستان؛ پردیس علامه طباطبایی خرم آباد )مرکز آموزش عالی شهیدمیرشاکی الیگودرز(/ مخصوص داوطلبان بومی استان لرستان/محل خدمت عشایری لرستان؛ پذیرش دانشجو‌معلم با تعهد خدمت؛ ضوابط بخش فرهنگیان دفترچه,1401-humanities-booklet,227,1401-humanities-booklet,227,کدرشته‌محل منبع: 46418؛ عنوان رشته در منبع: آموزش ابتدایی؛ نحوه پذیرش: با آزمون (بخش دانشجو‌معلم)؛ استان در این ردیف مربوط به بومی‌گزینی/محل خدمت است
1401,آموزش ابتدایی,دانشگاه فرهنگیان,،پردیس دکتر شریعتی ساری )مرکز آموزش عالی شهیدرجایی بابل(,مازندران,در جدول ذکر نشده,,تعهد خدمت,34,مرد,در جدول ذکر نشده,ادامه مخصوص داوطلبان بومی استان مازندران؛ ،پردیس دکتر شریعتی ساری )مرکز آموزش عالی شهیدرجایی بابل(/ اولویت پذیرش با داوطلبان بومی شهرستانهای آمل،لاریجان ،چمستان،بلده، محمودآباد، فریدون کنار نور/محل خدمت آمل؛ پذیرش دانشجو‌معلم با تعهد خدمت؛ ضوابط بخش فرهنگیان دفترچه,1401-humanities-booklet,231,1401-humanities-booklet,231,کدرشته‌محل منبع: 46445؛ عنوان رشته در منبع: آموزش ابتدایی؛ نحوه پذیرش: با آزمون (بخش دانشجو‌معلم)؛ استان در این ردیف مربوط به بومی‌گزینی/محل خدمت است
1401,آموزش ابتدایی,دانشگاه فرهنگیان,،پردیس دکتر شریعتی ساری )مرکز آموزش عالی شهیدرجایی بابل(,مازندران,در جدول ذکر نشده,,تعهد خدمت,34,مرد,در جدول ذکر نشده,ادامه مخصوص داوطلبان بومی استان مازندران؛ ،پردیس دکتر شریعتی ساری )مرکز آموزش عالی شهیدرجایی بابل(/ اولویت پذیرش با داوطلبان بومی شهرستانهای بابل، بندپی شرقی بندپی غربی، قائم شهر، جویبار، سوادکوه، سوادکوه شمالی، سیمرغ، بابلسر، بهنمیر/محل خدمت بابل؛ پذیرش دانشجو‌معلم با تعهد خدمت؛ ضوابط بخش فرهنگیان دفترچه,1401-humanities-booklet,231,1401-humanities-booklet,231,کدرشته‌محل منبع: 46446؛ عنوان رشته در منبع: آموزش ابتدایی؛ نحوه پذیرش: با آزمون (بخش دانشجو‌معلم)؛ استان در این ردیف مربوط به بومی‌گزینی/محل خدمت است
1401,آموزش ابتدایی,دانشگاه فرهنگیان,،پردیس دکتر شریعتی ساری )مرکز آموزش عالی شهیدرجایی بابل(,مازندران,در جدول ذکر نشده,,تعهد خدمت,8,مرد,در جدول ذکر نشده,ادامه مخصوص داوطلبان بومی استان مازندران؛ ،پردیس دکتر شریعتی ساری )مرکز آموزش عالی شهیدرجایی بابل(/ اولویت پذیرش با داوطلبان بومی شهرستانهای بابل، بندپی شرقی بندپی غربی، قائم شهر، جویبار، سوادکوه، سوادکوه شمالی، سیمرغ، بابلسر، بهنمیر/محل خدمت بابلسر؛ پذیرش دانشجو‌معلم با تعهد خدمت؛ ضوابط بخش فرهنگیان دفترچه,1401-humanities-booklet,231,1401-humanities-booklet,231,کدرشته‌محل منبع: 46447؛ عنوان رشته در منبع: آموزش ابتدایی؛ نحوه پذیرش: با آزمون (بخش دانشجو‌معلم)؛ استان در این ردیف مربوط به بومی‌گزینی/محل خدمت است
1401,آموزش ابتدایی,دانشگاه فرهنگیان,،پردیس دکتر شریعتی ساری )مرکز آموزش عالی شهیدرجایی بابل(,مازندران,در جدول ذکر نشده,,تعهد خدمت,3,مرد,در جدول ذکر نشده,ادامه مخصوص داوطلبان بومی استان مازندران؛ ،پردیس دکتر شریعتی ساری )مرکز آموزش عالی شهیدرجایی بابل(/ اولویت پذیرش با داوطلبان بومی شهرستانهای بابل، بندپی شرقی بندپی غربی، قائم شهر، جویبار، سوادکوه، سوادکوه شمالی، سیمرغ، بابلسر، بهنمیر/محل خدمت بندپی شرقی؛ پذیرش دانشجو‌معلم با تعهد خدمت؛ ضوابط بخش فرهنگیان دفترچه,1401-humanities-booklet,231,1401-humanities-booklet,231,کدرشته‌محل منبع: 46448؛ عنوان رشته در منبع: آموزش ابتدایی؛ نحوه پذیرش: با آزمون (بخش دانشجو‌معلم)؛ استان در این ردیف مربوط به بومی‌گزینی/محل خدمت است
1401,آموزش ابتدایی,دانشگاه فرهنگیان,پردیس دکتر ،شریعتی ساری )مرکز آموزش عالی شهیدرجایی بابل(,مازندران,در جدول ذکر نشده,,تعهد خدمت,1,مرد,در جدول ذکر نشده,ادامه مخصوص داوطلبان بومی استان مازندران؛ پردیس دکتر ،شریعتی ساری )مرکز آموزش عالی شهیدرجایی بابل(/ اولویت پذیرش با داوطلبان بومی شهرستانهای بابل، بندپی شرقی بندپی غربی، قائم شهر، جویبار، سوادکوه، سوادکوه شمالی، سیمرغ، بابلسر، بهنمیر/محل خدمت بندپی غربی؛ پذیرش دانشجو‌معلم با تعهد خدمت؛ ضوابط بخش فرهنگیان دفترچه,1401-humanities-booklet,231,1401-humanities-booklet,231,کدرشته‌محل منبع: 46449؛ عنوان رشته در منبع: آموزش ابتدایی؛ نحوه پذیرش: با آزمون (بخش دانشجو‌معلم)؛ استان در این ردیف مربوط به بومی‌گزینی/محل خدمت است
1401,آموزش ابتدایی,دانشگاه فرهنگیان,پردیس دکتر شریعتی ساری,مازندران,در جدول ذکر نشده,,تعهد خدمت,10,مرد,در جدول ذکر نشده,ادامه مخصوص داوطلبان بومی استان مازندران؛ پردیس دکتر شریعتی ساری/ اول ،ویت پذیرش با داوطلبان بومی شهرستانهای ساری، چهاردانگه، دودانگه، میاندرود، نکا، بهشهر گلوگاه/محل خدمت بهشهر؛ پذیرش دانشجو‌معلم با تعهد خدمت؛ ضوابط بخش فرهنگیان دفترچه,1401-humanities-booklet,231,1401-humanities-booklet,231,کدرشته‌محل منبع: 46450؛ عنوان رشته در منبع: آموزش ابتدایی؛ نحوه پذیرش: با آزمون (بخش دانشجو‌معلم)؛ استان در این ردیف مربوط به بومی‌گزینی/محل خدمت است
1401,آموزش ابتدایی,دانشگاه فرهنگیان,،پردیس دکتر شریعتی ساری,مازندران,در جدول ذکر نشده,,تعهد خدمت,1,مرد,در جدول ذکر نشده,ادامه مخصوص داوطلبان بومی استان مازندران؛ ،پردیس دکتر شریعتی ساری/ اولویت پذیرش با داوطلبان بومی شهرستانهای بابل، بندپی شرقی، بندپی غربی، قائم شهر، جویبار سوادکوه، سوادکوه شمالی، سیمرغ، بابلسر، بهنمیر/محل خدمت بهنمیر؛ پذیرش دانشجو‌معلم با تعهد خدمت؛ ضوابط بخش فرهنگیان دفترچه,1401-humanities-booklet,231,1401-humanities-booklet,231,کدرشته‌محل منبع: 46451؛ عنوان رشته در منبع: آموزش ابتدایی؛ نحوه پذیرش: با آزمون (بخش دانشجو‌معلم)؛ استان در این ردیف مربوط به بومی‌گزینی/محل خدمت است
1401,آموزش ابتدایی,دانشگاه فرهنگیان,پردیس دکتر شریعتی ساری )مرکز آموزش عالی شهید مطهری نوشهر(,مازندران,در جدول ذکر نشده,,تعهد خدمت,8,مرد,در جدول ذکر نشده,ادامه مخصوص داوطلبان بومی استان مازندران؛ پردیس دکتر شریعتی ساری )مرکز آموزش عالی شهید مطهری نوشهر(/ اولویت پذیرش با داوطلبان بومی شهرستانهای چالوس، مرزن آباد، نوشهر، کجور، کلاردشت، تنکابن، رامسر، عباس آباد/محل خدمت تنکابن؛ پذیرش دانشجو‌معلم با تعهد خدمت؛ ضوابط بخش فرهنگیان دفترچه,1401-humanities-booklet,231,1401-humanities-booklet,231,کدرشته‌محل منبع: 46452؛ عنوان رشته در منبع: آموزش ابتدایی؛ نحوه پذیرش: با آزمون (بخش دانشجو‌معلم)؛ استان در این ردیف مربوط به بومی‌گزینی/محل خدمت است
1401,آموزش ابتدایی,دانشگاه فرهنگیان,،پردیس دکتر شریعتی ساری,مازندران,در جدول ذکر نشده,,تعهد خدمت,8,مرد,در جدول ذکر نشده,ادامه مخصوص داوطلبان بومی استان مازندران؛ ،پردیس دکتر شریعتی ساری/ اولویت پذیرش با داوطلبان بومی شهرستانهای بابل، بندپی شرقی، بندپی غربی، قائم شهر، جویبار سوادکوه، سوادکوه شمالی، سیمرغ، بابلسر، بهنمیر/محل خدمت جویبار؛ پذیرش دانشجو‌معلم با تعهد خدمت؛ ضوابط بخش فرهنگیان دفترچه,1401-humanities-booklet,231,1401-humanities-booklet,231,کدرشته‌محل منبع: 46453؛ عنوان رشته در منبع: آموزش ابتدایی؛ نحوه پذیرش: با آزمون (بخش دانشجو‌معلم)؛ استان در این ردیف مربوط به بومی‌گزینی/محل خدمت است
1401,آموزش ابتدایی,دانشگاه فرهنگیان,پردیس دکتر شریعتی ساری )مرکز آموزش عالی شهید مطهری نوشهر(,مازندران,در جدول ذکر نشده,,تعهد خدمت,5,مرد,در جدول ذکر نشده,ادامه مخصوص داوطلبان بومی استان مازندران؛ پردیس دکتر شریعتی ساری )مرکز آموزش عالی شهید مطهری نوشهر(/ اولویت پذیرش با داوطلبان بومی شهرستانهای چالوس، مرزن آباد، نوشهر، کجور، کلاردشت، تنکابن، رامسر، عباس آباد/محل خدمت چالوس؛ پذیرش دانشجو‌معلم با تعهد خدمت؛ ضوابط بخش فرهنگیان دفترچه,1401-humanities-booklet,231,1401-humanities-booklet,231,کدرشته‌محل منبع: 46454؛ عنوان رشته در منبع: آموزش ابتدایی؛ نحوه پذیرش: با آزمون (بخش دانشجو‌معلم)؛ استان در این ردیف مربوط به بومی‌گزینی/محل خدمت است
1401,آموزش ابتدایی,دانشگاه فرهنگیان,پردیس دکتر شریعتی ساری )مرکز آموزش عالی شهید مطهری ،نوشهر(,مازندران,در جدول ذکر نشده,,تعهد خدمت,3,مرد,در جدول ذکر نشده,ادامه مخصوص داوطلبان بومی استان مازندران؛ پردیس دکتر شریعتی ساری )مرکز آموزش عالی شهید مطهری ،نوشهر(/ اولویت پذیرش با داوطلبان بومی شهرستانهای آمل،لاریجان چمستان،بلده، محمودآباد، فریدون کنار، نور/محل خدمت چمستان؛ پذیرش دانشجو‌معلم با تعهد خدمت؛ ضوابط بخش فرهنگیان دفترچه,1401-humanities-booklet,231,1401-humanities-booklet,231,کدرشته‌محل منبع: 46455؛ عنوان رشته در منبع: آموزش ابتدایی؛ نحوه پذیرش: با آزمون (بخش دانشجو‌معلم)؛ استان در این ردیف مربوط به بومی‌گزینی/محل خدمت است
1401,آموزش ابتدایی,دانشگاه فرهنگیان,پردیس دکتر شریعتی ساری,مازندران,در جدول ذکر نشده,,تعهد خدمت,1,مرد,در جدول ذکر نشده,ادامه مخصوص داوطلبان بومی استان مازندران؛ پردیس دکتر شریعتی ساری/ اولویت پذیرش با داوطلبان بومی شهرستانهای ساری، چهاردانگه، دودانگه، میاندرود، نکا، بهشه ،ر گلوگاه/محل خدمت چهاردانگه مازندران؛ پذیرش دانشجو‌معلم با تعهد خدمت؛ ضوابط بخش فرهنگیان دفترچه,1401-humanities-booklet,231,1401-humanities-booklet,231,کدرشته‌محل منبع: 46456؛ عنوان رشته در منبع: آموزش ابتدایی؛ نحوه پذیرش: با آزمون (بخش دانشجو‌معلم)؛ استان در این ردیف مربوط به بومی‌گزینی/محل خدمت است
1401,آموزش ابتدایی,دانشگاه فرهنگیان,،پردیس دکتر شریعتی ساری,مازندران,در جدول ذکر نشده,,تعهد خدمت,1,مرد,در جدول ذکر نشده,ادامه مخصوص داوطلبان بومی استان مازندران؛ ،پردیس دکتر شریعتی ساری/ اولویت پذیرش با داوطلبان بومی شهرستانهای ساری، چهاردانگه، دودانگه، میاندرود، نکا، بهشهر گلوگاه/محل خدمت دودانگه؛ پذیرش دانشجو‌معلم با تعهد خدمت؛ ضوابط بخش فرهنگیان دفترچه,1401-humanities-booklet,231,1401-humanities-booklet,231,کدرشته‌محل منبع: 46457؛ عنوان رشته در منبع: آموزش ابتدایی؛ نحوه پذیرش: با آزمون (بخش دانشجو‌معلم)؛ استان در این ردیف مربوط به بومی‌گزینی/محل خدمت است
1401,آموزش ابتدایی,دانشگاه فرهنگیان,پردیس دکتر شریعتی ساری مرکز آموزش عالی شهید مطهری نوشهر(,مازندران,در جدول ذکر نشده,,تعهد خدمت,2,مرد,در جدول ذکر نشده,ادامه مخصوص داوطلبان بومی استان مازندران؛ پردیس دکتر شریعتی ساری مرکز آموزش عالی شهید مطهری نوشهر(/ اولویت پذیرش با داوطلبان بومی شهرستانهای چالوس، مرزن) آباد، نوشهر، کجور، کلاردشت، تنکابن، رامسر، عباس آباد/محل خدمت رامسر؛ پذیرش دانشجو‌معلم با تعهد خدمت؛ ضوابط بخش فرهنگیان دفترچه,1401-humanities-booklet,231,1401-humanities-booklet,231,کدرشته‌محل منبع: 46458؛ عنوان رشته در منبع: آموزش ابتدایی؛ نحوه پذیرش: با آزمون (بخش دانشجو‌معلم)؛ استان در این ردیف مربوط به بومی‌گزینی/محل خدمت است
1401,آموزش ابتدایی,دانشگاه فرهنگیان,چ ،پردیس دکتر شریعتی ساری,مازندران,در جدول ذکر نشده,,تعهد خدمت,18,مرد,در جدول ذکر نشده,ادامه مخصوص داوطلبان بومی استان مازندران؛ چ ،پردیس دکتر شریعتی ساری/ اولویت پذیرش با داوطلبان بومی شهرستانهای ساری ،هاردانگه، دودانگه، میاندرود، نکا، بهشهر گلوگاه/محل خدمت ساری .ناحیه1؛ پذیرش دانشجو‌معلم با تعهد خدمت؛ ضوابط بخش فرهنگیان دفترچه,1401-humanities-booklet,231,1401-humanities-booklet,231,کدرشته‌محل منبع: 46459؛ عنوان رشته در منبع: آموزش ابتدایی؛ نحوه پذیرش: با آزمون (بخش دانشجو‌معلم)؛ استان در این ردیف مربوط به بومی‌گزینی/محل خدمت است
1401,آموزش ابتدایی,دانشگاه فرهنگیان,،پردیس دکتر شریعتی ساری,مازندران,در جدول ذکر نشده,,تعهد خدمت,13,مرد,در جدول ذکر نشده,ادامه مخصوص داوطلبان بومی استان مازندران؛ ،پردیس دکتر شریعتی ساری/ اولویت پذیرش با داوطلبان بومی شهرستانهای ساری، چهاردانگه، دودانگه، میاندرود، نکا، بهشهر گلوگاه/محل خدمت ساری .ناحیه2؛ پذیرش دانشجو‌معلم با تعهد خدمت؛ ضوابط بخش فرهنگیان دفترچه,1401-humanities-booklet,231,1401-humanities-booklet,231,کدرشته‌محل منبع: 46460؛ عنوان رشته در منبع: آموزش ابتدایی؛ نحوه پذیرش: با آزمون (بخش دانشجو‌معلم)؛ استان در این ردیف مربوط به بومی‌گزینی/محل خدمت است
1401,آموزش ابتدایی,دانشگاه فرهنگیان,،پردیس دکتر شریعتی ساری,مازندران,در جدول ذکر نشده,,تعهد خدمت,2,مرد,در جدول ذکر نشده,ادامه مخصوص داوطلبان بومی استان مازندران؛ ،پردیس دکتر شریعتی ساری/ اولویت پذیرش با داوطلبان بومی شهرستانهای بابل، بندپی شرقی، بندپی غربی، قائم شهر، جویبار سوادکوه، سوادکوه شمالی، سیمرغ، بابلسر، بهنمیر/محل خدمت سوادکوه؛ پذیرش دانشجو‌معلم با تعهد خدمت؛ ضوابط بخش فرهنگیان دفترچه,1401-humanities-booklet,231,1401-humanities-booklet,231,کدرشته‌محل منبع: 46461؛ عنوان رشته در منبع: آموزش ابتدایی؛ نحوه پذیرش: با آزمون (بخش دانشجو‌معلم)؛ استان در این ردیف مربوط به بومی‌گزینی/محل خدمت است
1401,آموزش ابتدایی,دانشگاه فرهنگیان,پردیس دکتر شریعتی ساری,مازندران,در جدول ذکر نشده,,تعهد خدمت,1,مرد,در جدول ذکر نشده,ادامه مخصوص داوطلبان بومی استان مازندران؛ پردیس دکتر شریعتی ساری/ اولویت پذیرش ،با داوطلبان بومی شهرستانهای بابل، بندپی شرقی، بندپی غربی، قائم شهر، جویبار سوادکوه، سوادکوه شمالی، سیمرغ، بابلسر، بهنمیر/محل خدمت شیرگاه؛ پذیرش دانشجو‌معلم با تعهد خدمت؛ ضوابط بخش فرهنگیان دفترچه,1401-humanities-booklet,231,1401-humanities-booklet,231,کدرشته‌محل منبع: 46462؛ عنوان رشته در منبع: آموزش ابتدایی؛ نحوه پذیرش: با آزمون (بخش دانشجو‌معلم)؛ استان در این ردیف مربوط به بومی‌گزینی/محل خدمت است
1401,آموزش ابتدایی,دانشگاه فرهنگیان,پردیس دکتر شریعتی ساری,مازندران,در جدول ذکر نشده,,تعهد خدمت,1,مرد,در جدول ذکر نشده,ادامه مخصوص داوطلبان بومی استان مازندران؛ پردیس دکتر شریعتی ساری/ اولویت پذیرش با داوطلبان بومی شهرستانهای بابل، بندپی شرقی، بندپی ،غربی، قائم شهر، جویبار سوادکوه، سوادکوه شمالی، سیمرغ، بابلسر، بهنمیر/محل خدمت کیاکلا؛ پذیرش دانشجو‌معلم با تعهد خدمت؛ ضوابط بخش فرهنگیان دفترچه,1401-humanities-booklet,231,1401-humanities-booklet,231,کدرشته‌محل منبع: 46463؛ عنوان رشته در منبع: آموزش ابتدایی؛ نحوه پذیرش: با آزمون (بخش دانشجو‌معلم)؛ استان در این ردیف مربوط به بومی‌گزینی/محل خدمت است
1401,آموزش ابتدایی,دانشگاه فرهنگیان,پردیس دکتر شریعتی ساری )مرکز آموزش عالی شهید مطهری نوشهر(,مازندران,در جدول ذکر نشده,,تعهد خدمت,1,مرد,در جدول ذکر نشده,ادامه مخصوص داوطلبان بومی استان مازندران؛ پردیس دکتر شریعتی ساری )مرکز آموزش عالی شهید مطهری نوشهر(/ اولویت پذیرش با داوطلبان بومی شهرستانهای چالوس، مرزن ،آباد، نوشهر، کجور، کلاردشت تنکابن، رامسر، عباس آباد/محل خدمت عباس آباد؛ پذیرش دانشجو‌معلم با تعهد خدمت؛ ضوابط بخش فرهنگیان دفترچه,1401-humanities-booklet,231,1401-humanities-booklet,231,کدرشته‌محل منبع: 46464؛ عنوان رشته در منبع: آموزش ابتدایی؛ نحوه پذیرش: با آزمون (بخش دانشجو‌معلم)؛ استان در این ردیف مربوط به بومی‌گزینی/محل خدمت است
1401,آموزش ابتدایی,دانشگاه فرهنگیان,،پردیس دکتر شریعتی ساری )مرکز آموزش عالی شهید مطهری نوشهر(,مازندران,در جدول ذکر نشده,,تعهد خدمت,2,مرد,در جدول ذکر نشده,ادامه مخصوص داوطلبان بومی استان مازندران؛ ،پردیس دکتر شریعتی ساری )مرکز آموزش عالی شهید مطهری نوشهر(/ اولویت پذیرش با داوطلبان بومی شهرستانهای آمل،لاریجان چمستان،بلده، محمودآباد، فریدون کنار، نور/محل خدمت فریدون کنار؛ پذیرش دانشجو‌معلم با تعهد خدمت؛ ضوابط بخش فرهنگیان دفترچه,1401-humanities-booklet,231,1401-humanities-booklet,231,کدرشته‌محل منبع: 46465؛ عنوان رشته در منبع: آموزش ابتدایی؛ نحوه پذیرش: با آزمون (بخش دانشجو‌معلم)؛ استان در این ردیف مربوط به بومی‌گزینی/محل خدمت است
1401,آموزش ابتدایی,دانشگاه فرهنگیان,،پردیس دکتر شریعتی ساری )مرکز آموزش عالی شهیدرجایی بابل(,مازندران,در جدول ذکر نشده,,تعهد خدمت,23,مرد,در جدول ذکر نشده,ادامه مخصوص داوطلبان بومی استان مازندران؛ ،پردیس دکتر شریعتی ساری )مرکز آموزش عالی شهیدرجایی بابل(/ اولویت پذیرش با داوطلبان بومی شهرستانهای بابل، بندپی شرقی بندپی غربی، قائم شهر، جویبار، سوادکوه، سوادکوه شمالی، سیمرغ، بابلسر، بهنمیر/محل خدمت قائم شهر؛ پذیرش دانشجو‌معلم با تعهد خدمت؛ ضوابط بخش فرهنگیان دفترچه,1401-humanities-booklet,231,1401-humanities-booklet,231,کدرشته‌محل منبع: 46466؛ عنوان رشته در منبع: آموزش ابتدایی؛ نحوه پذیرش: با آزمون (بخش دانشجو‌معلم)؛ استان در این ردیف مربوط به بومی‌گزینی/محل خدمت است
1401,آموزش ابتدایی,دانشگاه فرهنگیان,پردیس دکتر شریعتی ساری )مرکز آموزش عالی شهید مطهری نوشهر(,مازندران,در جدول ذکر نشده,,تعهد خدمت,1,مرد,در جدول ذکر نشده,ادامه مخصوص داوطلبان بومی استان مازندران؛ پردیس دکتر شریعتی ساری )مرکز آموزش عالی شهید مطهری نوشهر(/ اولویت پذیرش با داوطلبان بومی شهرستانهای چالوس، مرزن ،آباد، نوشهر، کجور، کلاردشت تنکابن، رامسر، عباس آباد/محل خدمت کجور؛ پذیرش دانشجو‌معلم با تعهد خدمت؛ ضوابط بخش فرهنگیان دفترچه,1401-humanities-booklet,232,1401-humanities-booklet,232,کدرشته‌محل منبع: 46467؛ عنوان رشته در منبع: آموزش ابتدایی؛ نحوه پذیرش: با آزمون (بخش دانشجو‌معلم)؛ استان در این ردیف مربوط به بومی‌گزینی/محل خدمت است
1401,آموزش ابتدایی,دانشگاه فرهنگیان,پردیس دکتر شریعتی ساری )مرکز آموزش عالی شهید مطهری نوشهر(,مازندران,در جدول ذکر نشده,,تعهد خدمت,1,مرد,در جدول ذکر نشده,ادامه مخصوص داوطلبان بومی استان مازندران؛ پردیس دکتر شریعتی ساری )مرکز آموزش عالی شهید مطهری نوشهر(/ اولویت پذیرش با داوطلبان بومی شهرستانهای چالوس، مرزن آباد، نوشهر، کجور، کلاردشت، تنکابن، رامسر، عباس آباد/محل خدمت کلاردشت؛ پذیرش دانشجو‌معلم با تعهد خدمت؛ ضوابط بخش فرهنگیان دفترچه,1401-humanities-booklet,232,1401-humanities-booklet,232,کدرشته‌محل منبع: 46468؛ عنوان رشته در منبع: آموزش ابتدایی؛ نحوه پذیرش: با آزمون (بخش دانشجو‌معلم)؛ استان در این ردیف مربوط به بومی‌گزینی/محل خدمت است
1401,آموزش ابتدایی,دانشگاه فرهنگیان,،پردیس دکتر شریعتی ساری,مازندران,در جدول ذکر نشده,,تعهد خدمت,2,مرد,در جدول ذکر نشده,ادامه مخصوص داوطلبان بومی استان مازندران؛ ،پردیس دکتر شریعتی ساری/ اولویت پذیرش با داوطلبان بومی شهرستانهای ساری، چهاردانگه، دودانگه، میاندرود، نکا، بهشهر گلوگاه/محل خدمت گلوگاه؛ پذیرش دانشجو‌معلم با تعهد خدمت؛ ضوابط بخش فرهنگیان دفترچه,1401-humanities-booklet,232,1401-humanities-booklet,232,کدرشته‌محل منبع: 46469؛ عنوان رشته در منبع: آموزش ابتدایی؛ نحوه پذیرش: با آزمون (بخش دانشجو‌معلم)؛ استان در این ردیف مربوط به بومی‌گزینی/محل خدمت است
1401,آموزش ابتدایی,دانشگاه فرهنگیان,پردیس دکتر شریعتی ساری )مرکز آموزش عالی شهیدرجایی بابل(,مازندران,در جدول ذکر نشده,,تعهد خدمت,1,مرد,در جدول ذکر نشده,ادامه مخصوص داوطلبان بومی استان مازندران؛ پردیس دکتر شریعتی ساری )مرکز آموزش عالی شهیدرجایی بابل(/ اولویت پذیرش با ،داوطلبان بومی شهرستانهای آمل،لاریجان چمستان،بلده، محمودآباد، فریدون کنار، نور/محل خدمت لاریجان؛ پذیرش دانشجو‌معلم با تعهد خدمت؛ ضوابط بخش فرهنگیان دفترچه,1401-humanities-booklet,232,1401-humanities-booklet,232,کدرشته‌محل منبع: 46470؛ عنوان رشته در منبع: آموزش ابتدایی؛ نحوه پذیرش: با آزمون (بخش دانشجو‌معلم)؛ استان در این ردیف مربوط به بومی‌گزینی/محل خدمت است
1401,آموزش ابتدایی,دانشگاه فرهنگیان,،پردیس دکتر شریعتی ساری )مرکز آموزش عالی شهید مطهری نوشهر(,مازندران,در جدول ذکر نشده,,تعهد خدمت,7,مرد,در جدول ذکر نشده,ادامه مخصوص داوطلبان بومی استان مازندران؛ ،پردیس دکتر شریعتی ساری )مرکز آموزش عالی شهید مطهری نوشهر(/ اولویت پذیرش با داوطلبان بومی شهرستانهای آمل،لاریجان ،چمستان،بلده محمودآباد، فریدون کنار، نور/محل خدمت محمود آباد؛ پذیرش دانشجو‌معلم با تعهد خدمت؛ ضوابط بخش فرهنگیان دفترچه,1401-humanities-booklet,232,1401-humanities-booklet,232,کدرشته‌محل منبع: 46471؛ عنوان رشته در منبع: آموزش ابتدایی؛ نحوه پذیرش: با آزمون (بخش دانشجو‌معلم)؛ استان در این ردیف مربوط به بومی‌گزینی/محل خدمت است
1401,آموزش ابتدایی,دانشگاه فرهنگیان,پردیس دکتر شریعتی ساری )مرکز آموزش عالی شهید مطهری نوشهر(,مازندران,در جدول ذکر نشده,,تعهد خدمت,1,مرد,در جدول ذکر نشده,ادامه مخصوص داوطلبان بومی استان مازندران؛ پردیس دکتر شریعتی ساری )مرکز آموزش عالی شهید مطهری نوشهر(/ اولویت پذیرش با داوطلبان بومی شهرستانهای چالوس، مرزن آباد، نوشهر، کجور، کلاردشت، تنکابن، رامسر، عباس آباد/محل خدمت مرزن آباد؛ پذیرش دانشجو‌معلم با تعهد خدمت؛ ضوابط بخش فرهنگیان دفترچه,1401-humanities-booklet,232,1401-humanities-booklet,232,کدرشته‌محل منبع: 46472؛ عنوان رشته در منبع: آموزش ابتدایی؛ نحوه پذیرش: با آزمون (بخش دانشجو‌معلم)؛ استان در این ردیف مربوط به بومی‌گزینی/محل خدمت است
1401,آموزش ابتدایی,دانشگاه فرهنگیان,،پردیس دکتر شریعتی ساری,مازندران,در جدول ذکر نشده,,تعهد خدمت,4,مرد,در جدول ذکر نشده,ادامه مخصوص داوطلبان بومی استان مازندران؛ ،پردیس دکتر شریعتی ساری/ اولویت پذیرش با داوطلبان بومی شهرستانهای ساری، چهاردانگه، دودانگه، میاندرود، نکا، بهشهر گلوگاه/محل خدمت میاندرود؛ پذیرش دانشجو‌معلم با تعهد خدمت؛ ضوابط بخش فرهنگیان دفترچه,1401-humanities-booklet,232,1401-humanities-booklet,232,کدرشته‌محل منبع: 46473؛ عنوان رشته در منبع: آموزش ابتدایی؛ نحوه پذیرش: با آزمون (بخش دانشجو‌معلم)؛ استان در این ردیف مربوط به بومی‌گزینی/محل خدمت است
1401,آموزش ابتدایی,دانشگاه فرهنگیان,پردیس دکتر شریعتی ساری,مازندران,در جدول ذکر نشده,,تعهد خدمت,10,مرد,در جدول ذکر نشده,ادامه مخصوص داوطلبان بومی استان مازندران؛ پردیس دکتر شریعتی ساری/ اولویت پذیرش با داوطلبان بومی ،شهرستانهای ساری، چهاردانگه، دودانگه، میاندرود، نکا، بهشهر گلوگاه/محل خدمت نکاء؛ پذیرش دانشجو‌معلم با تعهد خدمت؛ ضوابط بخش فرهنگیان دفترچه,1401-humanities-booklet,232,1401-humanities-booklet,232,کدرشته‌محل منبع: 46474؛ عنوان رشته در منبع: آموزش ابتدایی؛ نحوه پذیرش: با آزمون (بخش دانشجو‌معلم)؛ استان در این ردیف مربوط به بومی‌گزینی/محل خدمت است
1401,آموزش ابتدایی,دانشگاه فرهنگیان,،پردیس دکتر شریعتی ساری )مرکز آموزش عالی شهید مطهری نوشهر(,مازندران,در جدول ذکر نشده,,تعهد خدمت,1,مرد,در جدول ذکر نشده,ادامه مخصوص داوطلبان بومی استان مازندران؛ ،پردیس دکتر شریعتی ساری )مرکز آموزش عالی شهید مطهری نوشهر(/ اولویت پذیرش با داوطلبان بومی شهرستانهای آمل،لاریجان چمستان،بلده، محمودآباد، فریدون کنار، نور/محل خدمت نور؛ پذیرش دانشجو‌معلم با تعهد خدمت؛ ضوابط بخش فرهنگیان دفترچه,1401-humanities-booklet,232,1401-humanities-booklet,232,کدرشته‌محل منبع: 46475؛ عنوان رشته در منبع: آموزش ابتدایی؛ نحوه پذیرش: با آزمون (بخش دانشجو‌معلم)؛ استان در این ردیف مربوط به بومی‌گزینی/محل خدمت است
1401,آموزش ابتدایی,دانشگاه فرهنگیان,پردیس دکتر شریعتی ساری )مرکز آموزش عالی شهید مطهری نوشهر(,مازندران,در جدول ذکر نشده,,تعهد خدمت,6,مرد,در جدول ذکر نشده,ادامه مخصوص داوطلبان بومی استان مازندران؛ پردیس دکتر شریعتی ساری )مرکز آموزش عالی شهید مطهری نوشهر(/ اولویت پذیرش با داوطلبان بومی شهرستانهای چالوس، مرزن آباد، نوشهر، کجور، کلاردشت، تنکابن، رامسر، عباس آباد/محل خدمت نوشهر؛ پذیرش دانشجو‌معلم با تعهد خدمت؛ ضوابط بخش فرهنگیان دفترچه,1401-humanities-booklet,232,1401-humanities-booklet,232,کدرشته‌محل منبع: 46476؛ عنوان رشته در منبع: آموزش ابتدایی؛ نحوه پذیرش: با آزمون (بخش دانشجو‌معلم)؛ استان در این ردیف مربوط به بومی‌گزینی/محل خدمت است
1401,آموزش ابتدایی,دانشگاه فرهنگیان,،پردیس فاطمة الزهراء)س( ساری,مازندران,در جدول ذکر نشده,,تعهد خدمت,22,زن,در جدول ذکر نشده,ادامه مخصوص داوطلبان بومی استان مازندران؛ ،پردیس فاطمة الزهراء)س( ساری/ اولویت پذیرش با داوطلبان بومی شهرستانهای آمل،لاریجان، چمستان،بلده، محمودآباد، فریدون کنار نور/محل خدمت آمل؛ پذیرش دانشجو‌معلم با تعهد خدمت؛ ضوابط بخش فرهنگیان دفترچه,1401-humanities-booklet,232,1401-humanities-booklet,232,کدرشته‌محل منبع: 46477؛ عنوان رشته در منبع: آموزش ابتدایی؛ نحوه پذیرش: با آزمون (بخش دانشجو‌معلم)؛ استان در این ردیف مربوط به بومی‌گزینی/محل خدمت است
1401,آموزش ابتدایی,دانشگاه فرهنگیان,پردیس فاطمة الزهراء)س( ساری )مرکز آموزش عالی حضرت فاطمه )س( قایم شهر(,مازندران,در جدول ذکر نشده,,تعهد خدمت,23,زن,در جدول ذکر نشده,ادامه مخصوص داوطلبان بومی استان مازندران؛ پردیس فاطمة الزهراء)س( ساری )مرکز آموزش عالی حضرت فاطمه )س( قایم شهر(/ اولویت پذیرش با داوطلبان بومی شهرستانهای بابل، بندپی شرقی، بندپی غربی، قائم شهر، جویبار، سوادکوه، سوادکوه شمالی، سیمرغ، بابلسر، بهنمیر/محل خدمت بابل؛ پذیرش دانشجو‌معلم با تعهد خدمت؛ ضوابط بخش فرهنگیان دفترچه,1401-humanities-booklet,232,1401-humanities-booklet,232,کدرشته‌محل منبع: 46478؛ عنوان رشته در منبع: آموزش ابتدایی؛ نحوه پذیرش: با آزمون (بخش دانشجو‌معلم)؛ استان در این ردیف مربوط به بومی‌گزینی/محل خدمت است
1401,آموزش ابتدایی,دانشگاه فرهنگیان,پردیس فاطمة الزهراء)س( ساری )مرکز آموزش عالی حضرت فاطمه )س( قایم شهر(,مازندران,در جدول ذکر نشده,,تعهد خدمت,6,زن,در جدول ذکر نشده,ادامه مخصوص داوطلبان بومی استان مازندران؛ پردیس فاطمة الزهراء)س( ساری )مرکز آموزش عالی حضرت فاطمه )س( قایم شهر(/ اولویت پذیرش با داوطلبان بومی شهرستانهای بابل، بندپی شرقی، بندپی غربی، قائم شهر، جویبار، سوادکوه، سوادکوه شمالی، سیمرغ، بابلسر، بهنمیر/محل خدمت بابلسر؛ پذیرش دانشجو‌معلم با تعهد خدمت؛ ضوابط بخش فرهنگیان دفترچه,1401-humanities-booklet,232,1401-humanities-booklet,232,کدرشته‌محل منبع: 46479؛ عنوان رشته در منبع: آموزش ابتدایی؛ نحوه پذیرش: با آزمون (بخش دانشجو‌معلم)؛ استان در این ردیف مربوط به بومی‌گزینی/محل خدمت است
1401,آموزش ابتدایی,دانشگاه فرهنگیان,پردیس فاطمة الزهراء)س( ساری )مرکز آموزش عالی حضرت فاطمه )س( قایم شهر(,مازندران,در جدول ذکر نشده,,تعهد خدمت,2,زن,در جدول ذکر نشده,ادامه مخصوص داوطلبان بومی استان مازندران؛ پردیس فاطمة الزهراء)س( ساری )مرکز آموزش عالی حضرت فاطمه )س( قایم شهر(/ اولویت پذیرش با داوطلبان بومی شهر ستانهای بابل، بندپی شرقی، بندپی غربی، قائم شهر، جویبار، سوادکوه، سوادکوه شمالی، سیمرغ، بابلسر، بهنمیر/محل خدمت بندپی شرقی؛ پذیرش دانشجو‌معلم با تعهد خدمت؛ ضوابط بخش فرهنگیان دفترچه,1401-humanities-booklet,232,1401-humanities-booklet,232,کدرشته‌محل منبع: 46480؛ عنوان رشته در منبع: آموزش ابتدایی؛ نحوه پذیرش: با آزمون (بخش دانشجو‌معلم)؛ استان در این ردیف مربوط به بومی‌گزینی/محل خدمت است
1401,آموزش ابتدایی,دانشگاه فرهنگیان,پردیس فاطمة الزهراء)س( ساری )مرکز آموزش عالی حضرت فاطمه )س( قایم شهر(,مازندران,در جدول ذکر نشده,,تعهد خدمت,1,زن,در جدول ذکر نشده,ادامه مخصوص داوطلبان بومی استان مازندران؛ پردیس فاطمة الزهراء)س( ساری )مرکز آموزش عالی حضرت فاطمه )س( قایم شهر(/ اولویت پذیرش با داوطلبان بومی شهرستانهای بابل، بندپی شرقی، بندپی غربی، قائم شهر، جویبار، سوادکوه، سوادکوه شمالی، سیمرغ، بابلسر، بهنمیر/محل خدمت بندپی غربی؛ پذیرش دانشجو‌معلم با تعهد خدمت؛ ضوابط بخش فرهنگیان دفترچه,1401-humanities-booklet,232,1401-humanities-booklet,232,کدرشته‌محل منبع: 46481؛ عنوان رشته در منبع: آموزش ابتدایی؛ نحوه پذیرش: با آزمون (بخش دانشجو‌معلم)؛ استان در این ردیف مربوط به بومی‌گزینی/محل خدمت است
1401,آموزش ابتدایی,دانشگاه فرهنگیان,،پردیس فاطمة الزهراء)س( ساری,مازندران,در جدول ذکر نشده,,تعهد خدمت,7,زن,در جدول ذکر نشده,ادامه مخصوص داوطلبان بومی استان مازندران؛ ،پردیس فاطمة الزهراء)س( ساری/ اولویت پذیرش با داوطلبان بومی شهرستانهای ساری، چهاردانگه، دودانگه، میاندرود ،نکا، بهشهر گلوگاه/محل خدمت بهشهر؛ پذیرش دانشجو‌معلم با تعهد خدمت؛ ضوابط بخش فرهنگیان دفترچه,1401-humanities-booklet,232,1401-humanities-booklet,232,کدرشته‌محل منبع: 46482؛ عنوان رشته در منبع: آموزش ابتدایی؛ نحوه پذیرش: با آزمون (بخش دانشجو‌معلم)؛ استان در این ردیف مربوط به بومی‌گزینی/محل خدمت است
1401,آموزش ابتدایی,دانشگاه فرهنگیان,،پردیس فاطمة الزهراء)س( ساری,مازندران,در جدول ذکر نشده,,تعهد خدمت,1,زن,در جدول ذکر نشده,ادامه مخصوص داوطلبان بومی استان مازندران؛ ،پردیس فاطمة الزهراء)س( ساری/ اولویت پذیرش با داوطلبان بومی شهرستانهای بابل، بندپی شرقی، بندپی غربی، قائم شهر، جویبار سوادکوه، سوادکوه شمالی، سیمرغ، بابلسر، بهنمیر/محل خدمت بهنمیر؛ پذیرش دانشجو‌معلم با تعهد خدمت؛ ضوابط بخش فرهنگیان دفترچه,1401-humanities-booklet,232,1401-humanities-booklet,232,کدرشته‌محل منبع: 46483؛ عنوان رشته در منبع: آموزش ابتدایی؛ نحوه پذیرش: با آزمون (بخش دانشجو‌معلم)؛ استان در این ردیف مربوط به بومی‌گزینی/محل خدمت است
1401,آموزش ابتدایی,دانشگاه فرهنگیان,،پردیس فاطمة الزهراء)س( ساری,مازندران,در جدول ذکر نشده,,تعهد خدمت,5,زن,در جدول ذکر نشده,ادامه مخصوص داوطلبان بومی استان مازندران؛ ،پردیس فاطمة الزهراء)س( ساری/ اولویت پذیرش با داوطلبان بومی شهرستانهای چالوس، مرزن آباد، نوشهر، کجور، کلاردشت، تنکابن رامسر، عباس آباد/محل خدمت تنکابن؛ پذیرش دانشجو‌معلم با تعهد خدمت؛ ضوابط بخش فرهنگیان دفترچه,1401-humanities-booklet,232,1401-humanities-booklet,232,کدرشته‌محل منبع: 46484؛ عنوان رشته در منبع: آموزش ابتدایی؛ نحوه پذیرش: با آزمون (بخش دانشجو‌معلم)؛ استان در این ردیف مربوط به بومی‌گزینی/محل خدمت است
1401,آموزش ابتدایی,دانشگاه فرهنگیان,پردیس فاطمة الزهراء)س( ساری,مازندران,در جدول ذکر نشده,,تعهد خدمت,5,زن,در جدول ذکر نشده,ادامه مخصوص داوطلبان بومی استان مازندران؛ پردیس فاطمة الزهراء)س( ساری/ اولویت پذیرش با داوطلبان بومی ،شهرستانهای بابل، بندپی شرقی، بندپی غربی، قائم شهر، جویبار سوادکوه، سوادکوه شمالی، سیمرغ، بابلسر، بهنمیر/محل خدمت جویبار؛ پذیرش دانشجو‌معلم با تعهد خدمت؛ ضوابط بخش فرهنگیان دفترچه,1401-humanities-booklet,232,1401-humanities-booklet,232,کدرشته‌محل منبع: 46485؛ عنوان رشته در منبع: آموزش ابتدایی؛ نحوه پذیرش: با آزمون (بخش دانشجو‌معلم)؛ استان در این ردیف مربوط به بومی‌گزینی/محل خدمت است
1401,آموزش ابتدایی,دانشگاه فرهنگیان,،پردیس فاطمة الزهراء)س( ساری )مرکز آموزش عالی بنت الهدی آمل(,مازندران,در جدول ذکر نشده,,تعهد خدمت,2,زن,در جدول ذکر نشده,ادامه مخصوص داوطلبان بومی استان مازندران؛ ،پردیس فاطمة الزهراء)س( ساری )مرکز آموزش عالی بنت الهدی آمل(/ اولویت پذیرش با داوطلبان بومی شهرستانهای چالوس مرزن آباد، نوشهر، کجور، کلاردشت، تنکابن، رامسر، عباس آباد/محل خدمت چالوس؛ پذیرش دانشجو‌معلم با تعهد خدمت؛ ضوابط بخش فرهنگیان دفترچه,1401-humanities-booklet,232,1401-humanities-booklet,232,کدرشته‌محل منبع: 46486؛ عنوان رشته در منبع: آموزش ابتدایی؛ نحوه پذیرش: با آزمون (بخش دانشجو‌معلم)؛ استان در این ردیف مربوط به بومی‌گزینی/محل خدمت است
1401,آموزش ابتدایی,دانشگاه فرهنگیان,،پردیس فاطمة الزهراء)س( ساری )مرکز آموزش عالی بنت الهدی آمل(,مازندران,در جدول ذکر نشده,,تعهد خدمت,2,زن,در جدول ذکر نشده,ادامه مخصوص داوطلبان بومی استان مازندران؛ ،پردیس فاطمة الزهراء)س( ساری )مرکز آموزش عالی بنت الهدی آمل(/ اولویت پذیرش با داوطلبان بومی شهرستانهای آمل،لاریجان ،چمستان،بلده، محمودآباد، فریدون کنار نور/محل خدمت چمستان؛ پذیرش دانشجو‌معلم با تعهد خدمت؛ ضوابط بخش فرهنگیان دفترچه,1401-humanities-booklet,232,1401-humanities-booklet,232,کدرشته‌محل منبع: 46487؛ عنوان رشته در منبع: آموزش ابتدایی؛ نحوه پذیرش: با آزمون (بخش دانشجو‌معلم)؛ استان در این ردیف مربوط به بومی‌گزینی/محل خدمت است
1401,آموزش ابتدایی,دانشگاه فرهنگیان,،پردیس فاطمة الزهراء)س( ساری,مازندران,در جدول ذکر نشده,,تعهد خدمت,1,زن,در جدول ذکر نشده,ادامه مخصوص داوطلبان بومی استان مازندران؛ ،پردیس فاطمة الزهراء)س( ساری/ اولویت پذیرش با داوطلبان بومی شهرستانهای ساری، چهاردانگه، دودانگه، میاندرود، نکا، بهشهر گلوگاه/محل خدمت چهاردانگه مازندران؛ پذیرش دانشجو‌معلم با تعهد خدمت؛ ضوابط بخش فرهنگیان دفترچه,1401-humanities-booklet,232,1401-humanities-booklet,232,کدرشته‌محل منبع: 46488؛ عنوان رشته در منبع: آموزش ابتدایی؛ نحوه پذیرش: با آزمون (بخش دانشجو‌معلم)؛ استان در این ردیف مربوط به بومی‌گزینی/محل خدمت است
1401,آموزش ابتدایی,دانشگاه فرهنگیان,پردیس فاطمة الزهراء)س( ساری مرکز آموزش عالی بنت الهدی آمل(,مازندران,در جدول ذکر نشده,,تعهد خدمت,2,زن,در جدول ذکر نشده,ادامه مخصوص داوطلبان بومی استان مازندران؛ پردیس فاطمة الزهراء)س( ساری مرکز آموزش عالی بنت الهدی آمل(/ اولویت پذیرش با داوطلبان بومی شهرستانهای چالوس، مرزن) آباد، نوشهر، کجور، کلاردشت، تنکابن، رامسر، عباس آباد/محل خدمت رامسر؛ پذیرش دانشجو‌معلم با تعهد خدمت؛ ضوابط بخش فرهنگیان دفترچه,1401-humanities-booklet,232,1401-humanities-booklet,232,کدرشته‌محل منبع: 46489؛ عنوان رشته در منبع: آموزش ابتدایی؛ نحوه پذیرش: با آزمون (بخش دانشجو‌معلم)؛ استان در این ردیف مربوط به بومی‌گزینی/محل خدمت است
1401,آموزش ابتدایی,دانشگاه فرهنگیان,،پردیس فاطمة الزهراء)س( ساری,مازندران,در جدول ذکر نشده,,تعهد خدمت,11,زن,در جدول ذکر نشده,ادامه مخصوص داوطلبان بومی استان مازندران؛ ،پردیس فاطمة الزهراء)س( ساری/ اولویت پذیرش با داوطلبان بومی شهرستانهای ساری ،چهاردانگه، دودانگه، میاندرود، نکا، بهشهر گلوگاه/محل خدمت ساری .ناحیه1؛ پذیرش دانشجو‌معلم با تعهد خدمت؛ ضوابط بخش فرهنگیان دفترچه,1401-humanities-booklet,232,1401-humanities-booklet,232,کدرشته‌محل منبع: 46490؛ عنوان رشته در منبع: آموزش ابتدایی؛ نحوه پذیرش: با آزمون (بخش دانشجو‌معلم)؛ استان در این ردیف مربوط به بومی‌گزینی/محل خدمت است
1401,آموزش ابتدایی,دانشگاه فرهنگیان,،پردیس فاطمة الزهراء)س( ساری,مازندران,در جدول ذکر نشده,,تعهد خدمت,8,زن,در جدول ذکر نشده,ادامه مخصوص داوطلبان بومی استان مازندران؛ ،پردیس فاطمة الزهراء)س( ساری/ اولویت پذیرش با داوطلبان بومی شهرستانهای ساری، چهاردانگه، دودانگه، میاندرود، نکا، بهشهر گلوگاه/محل خدمت ساری .ناحیه2؛ پذیرش دانشجو‌معلم با تعهد خدمت؛ ضوابط بخش فرهنگیان دفترچه,1401-humanities-booklet,232,1401-humanities-booklet,232,کدرشته‌محل منبع: 46491؛ عنوان رشته در منبع: آموزش ابتدایی؛ نحوه پذیرش: با آزمون (بخش دانشجو‌معلم)؛ استان در این ردیف مربوط به بومی‌گزینی/محل خدمت است
1401,آموزش ابتدایی,دانشگاه فرهنگیان,پردیس فاطمة الزهراء)س( ساری )مرکز آموزش عالی حضرت فاطمه )س( قایم شهر(,مازندران,در جدول ذکر نشده,,تعهد خدمت,1,زن,در جدول ذکر نشده,ادامه مخصوص داوطلبان بومی استان مازندران؛ پردیس فاطمة الزهراء)س( ساری )مرکز آموزش عالی حضرت فاطمه )س( قایم شهر(/ اولویت پذیرش با داوطلبان بومی شهرستانهای بابل، بندپی شرقی، بندپی غربی، قائم شهر، جویبار، سوادکوه، سوادکوه شمالی، سیمرغ، بابلسر، بهنمیر/محل خدمت سوادکوه؛ پذیرش دانشجو‌معلم با تعهد خدمت؛ ضوابط بخش فرهنگیان دفترچه,1401-humanities-booklet,232,1401-humanities-booklet,232,کدرشته‌محل منبع: 46492؛ عنوان رشته در منبع: آموزش ابتدایی؛ نحوه پذیرش: با آزمون (بخش دانشجو‌معلم)؛ استان در این ردیف مربوط به بومی‌گزینی/محل خدمت است
1401,آموزش ابتدایی,دانشگاه فرهنگیان,پردیس فاطمة الزهراء)س( ساری )مرکز آموزش عالی حضرت فاطمه )س( قایم شهر(,مازندران,در جدول ذکر نشده,,تعهد خدمت,1,زن,در جدول ذکر نشده,ادامه مخصوص داوطلبان بومی استان مازندران؛ پردیس فاطمة الزهراء)س( ساری )مرکز آموزش عالی حضرت فاطمه )س( قایم شهر(/ اولویت پذیرش با داوطلبان بومی شهرستانهای بابل، بندپی شرقی، بندپی غربی، قائم شهر، جویبار، سوادکوه، سوادکوه شمالی، سیمرغ، بابلسر، بهنمیر/محل خدمت شیرگاه؛ پذیرش دانشجو‌معلم با تعهد خدمت؛ ضوابط بخش فرهنگیان دفترچه,1401-humanities-booklet,232,1401-humanities-booklet,232,کدرشته‌محل منبع: 46493؛ عنوان رشته در منبع: آموزش ابتدایی؛ نحوه پذیرش: با آزمون (بخش دانشجو‌معلم)؛ استان در این ردیف مربوط به بومی‌گزینی/محل خدمت است
1401,آموزش ابتدایی,دانشگاه فرهنگیان,،پردیس فاطمة الزهراء)س( ساری,مازندران,در جدول ذکر نشده,,تعهد خدمت,1,زن,در جدول ذکر نشده,ادامه مخصوص داوطلبان بومی استان مازندران؛ ،پردیس فاطمة الزهراء)س( ساری/ اولویت پذیرش با داوطلبان بومی شهرستانهای بابل، بندپی شرقی، بندپی غربی، قائم شهر، جویبار سوادکوه، سوادکوه شمالی، سیمرغ، بابلسر، بهنمیر/محل خدمت کیاکلا؛ پذیرش دانشجو‌معلم با تعهد خدمت؛ ضوابط بخش فرهنگیان دفترچه,1401-humanities-booklet,233,1401-humanities-booklet,233,کدرشته‌محل منبع: 46494؛ عنوان رشته در منبع: آموزش ابتدایی؛ نحوه پذیرش: با آزمون (بخش دانشجو‌معلم)؛ استان در این ردیف مربوط به بومی‌گزینی/محل خدمت است
1401,آموزش ابتدایی,دانشگاه فرهنگیان,پردیس فاطمة الزهراء)س( ساری )مرکز آموزش عالی بنت الهدی آمل(,مازندران,در جدول ذکر نشده,,تعهد خدمت,1,زن,در جدول ذکر نشده,ادامه مخصوص داوطلبان بومی استان مازندران؛ پردیس فاطمة الزهراء)س( ساری )مرکز آموزش عالی بنت الهدی آمل(/ اولویت پذیرش با داوطلبان بومی شهرستانهای چالوس، مرزن آباد، نوشهر، کجور، کلاردشت، تنکابن، رامسر، عباس آباد/محل خدمت عباس آباد؛ پذیرش دانشجو‌معلم با تعهد خدمت؛ ضوابط بخش فرهنگیان دفترچه,1401-humanities-booklet,233,1401-humanities-booklet,233,کدرشته‌محل منبع: 46495؛ عنوان رشته در منبع: آموزش ابتدایی؛ نحوه پذیرش: با آزمون (بخش دانشجو‌معلم)؛ استان در این ردیف مربوط به بومی‌گزینی/محل خدمت است
1401,آموزش ابتدایی,دانشگاه فرهنگیان,،پردیس فاطمة الزهراء)س( ساری )مرکز آموزش عالی بنت الهدی آمل(,مازندران,در جدول ذکر نشده,,تعهد خدمت,1,زن,در جدول ذکر نشده,ادامه مخصوص داوطلبان بومی استان مازندران؛ ،پردیس فاطمة الزهراء)س( ساری )مرکز آموزش عالی بنت الهدی آمل(/ اولویت پذیرش با داوطلبان بومی شهرستانهای آمل،لاریجان چمستان،بلده، محمودآباد، فریدون کنار، نور/محل خدمت فریدون کنار؛ پذیرش دانشجو‌معلم با تعهد خدمت؛ ضوابط بخش فرهنگیان دفترچه,1401-humanities-booklet,233,1401-humanities-booklet,233,کدرشته‌محل منبع: 46496؛ عنوان رشته در منبع: آموزش ابتدایی؛ نحوه پذیرش: با آزمون (بخش دانشجو‌معلم)؛ استان در این ردیف مربوط به بومی‌گزینی/محل خدمت است
1401,آموزش ابتدایی,دانشگاه فرهنگیان,(پردیس فاطمة الزهراء)س ساری )مرکز آموزش عالی حضرت فاطمه )س( قایم شهر(,مازندران,در جدول ذکر نشده,,تعهد خدمت,16,زن,در جدول ذکر نشده,ادامه مخصوص داوطلبان بومی استان مازندران؛ (پردیس فاطمة الزهراء)س ساری )مرکز آموزش عالی حضرت فاطمه )س( قایم شهر(/ اولویت پذیرش با داوطلبان بومی شهرستانهای بابل، بندپی شرقی، بندپی غربی، قائم شهر، جویبار، سوادکوه، سوادکوه شمالی، سیمرغ، بابلسر، بهنمیر/محل خدمت قائم شهر؛ پذیرش دانشجو‌معلم با تعهد خدمت؛ ضوابط بخش فرهنگیان دفترچه,1401-humanities-booklet,233,1401-humanities-booklet,233,کدرشته‌محل منبع: 46497؛ عنوان رشته در منبع: آموزش ابتدایی؛ نحوه پذیرش: با آزمون (بخش دانشجو‌معلم)؛ استان در این ردیف مربوط به بومی‌گزینی/محل خدمت است
1401,آموزش ابتدایی,دانشگاه فرهنگیان,پردیس فاطمة الزهراء)س( ساری مرکز آموزش عالی بنت الهدی آمل(,مازندران,در جدول ذکر نشده,,تعهد خدمت,1,زن,در جدول ذکر نشده,ادامه مخصوص داوطلبان بومی استان مازندران؛ پردیس فاطمة الزهراء)س( ساری مرکز آموزش عالی بنت الهدی آمل(/ اولویت پذیرش با داوطلبان بومی شهرستانهای چالوس، مرزن) آباد، نوشهر، کجور، کلاردشت، تنکابن، رامسر، عباس آباد/محل خدمت کلاردشت؛ پذیرش دانشجو‌معلم با تعهد خدمت؛ ضوابط بخش فرهنگیان دفترچه,1401-humanities-booklet,233,1401-humanities-booklet,233,کدرشته‌محل منبع: 46498؛ عنوان رشته در منبع: آموزش ابتدایی؛ نحوه پذیرش: با آزمون (بخش دانشجو‌معلم)؛ استان در این ردیف مربوط به بومی‌گزینی/محل خدمت است
1401,آموزش ابتدایی,دانشگاه فرهنگیان,پردیس فاطمة الزهراء)س( ساری,مازندران,در جدول ذکر نشده,,تعهد خدمت,1,زن,در جدول ذکر نشده,ادامه مخصوص داوطلبان بومی استان مازندران؛ پردیس فاطمة الزهراء)س( ساری/ اولویت پذیرش با داوطلبان بومی شهرستانهای ،ساری، چهاردانگه، دودانگه، میاندرود، نکا، بهشهر گلوگاه/محل خدمت گلوگاه؛ پذیرش دانشجو‌معلم با تعهد خدمت؛ ضوابط بخش فرهنگیان دفترچه,1401-humanities-booklet,233,1401-humanities-booklet,233,کدرشته‌محل منبع: 46499؛ عنوان رشته در منبع: آموزش ابتدایی؛ نحوه پذیرش: با آزمون (بخش دانشجو‌معلم)؛ استان در این ردیف مربوط به بومی‌گزینی/محل خدمت است
1401,آموزش ابتدایی,دانشگاه فرهنگیان,،پردیس فاطمة الزهراء)س( ساری )مرکز آموزش عالی بنت الهدی آمل(,مازندران,در جدول ذکر نشده,,تعهد خدمت,1,زن,در جدول ذکر نشده,ادامه مخصوص داوطلبان بومی استان مازندران؛ ،پردیس فاطمة الزهراء)س( ساری )مرکز آموزش عالی بنت الهدی آمل(/ اولویت پذیرش با داوطلبان بومی شهرستانهای آمل،لاریجان چمستان،بلده، محمودآباد، فریدون کنار، نور/محل خدمت لاریجان؛ پذیرش دانشجو‌معلم با تعهد خدمت؛ ضوابط بخش فرهنگیان دفترچه,1401-humanities-booklet,233,1401-humanities-booklet,233,کدرشته‌محل منبع: 46500؛ عنوان رشته در منبع: آموزش ابتدایی؛ نحوه پذیرش: با آزمون (بخش دانشجو‌معلم)؛ استان در این ردیف مربوط به بومی‌گزینی/محل خدمت است
1401,آموزش ابتدایی,دانشگاه فرهنگیان,،پردیس فاطمة الزهراء)س( ساری )مرکز آموزش عالی بنت الهدی آمل(,مازندران,در جدول ذکر نشده,,تعهد خدمت,4,زن,در جدول ذکر نشده,ادامه مخصوص داوطلبان بومی استان مازندران؛ ،پردیس فاطمة الزهراء)س( ساری )مرکز آموزش عالی بنت الهدی آمل(/ اولویت پذیرش با داوطلبان بومی شهرستانهای آمل،لاریجان چمستان،بلده، محمودآباد، فریدون کنار، نور/محل خدمت محمود آباد؛ پذیرش دانشجو‌معلم با تعهد خدمت؛ ضوابط بخش فرهنگیان دفترچه,1401-humanities-booklet,233,1401-humanities-booklet,233,کدرشته‌محل منبع: 46501؛ عنوان رشته در منبع: آموزش ابتدایی؛ نحوه پذیرش: با آزمون (بخش دانشجو‌معلم)؛ استان در این ردیف مربوط به بومی‌گزینی/محل خدمت است
1401,آموزش ابتدایی,دانشگاه فرهنگیان,پردیس فاطمة الزهراء)س( ساری )مرکز آموزش عالی بنت الهدی آمل(,مازندران,در جدول ذکر نشده,,تعهد خدمت,1,زن,در جدول ذکر نشده,ادامه مخصوص داوطلبان بومی استان مازندران؛ پردیس فاطمة الزهراء)س( ساری )مرکز آموزش عالی بنت الهدی آمل(/ اولویت پذیرش با داوطلبان بومی شهرستانهای چالوس، مرزن آباد، نوشهر، کجور، کلاردشت، تنکابن، رامسر، عباس آباد/محل خدمت مرزن آباد؛ پذیرش دانشجو‌معلم با تعهد خدمت؛ ضوابط بخش فرهنگیان دفترچه,1401-humanities-booklet,233,1401-humanities-booklet,233,کدرشته‌محل منبع: 46502؛ عنوان رشته در منبع: آموزش ابتدایی؛ نحوه پذیرش: با آزمون (بخش دانشجو‌معلم)؛ استان در این ردیف مربوط به بومی‌گزینی/محل خدمت است
1401,آموزش ابتدایی,دانشگاه فرهنگیان,پردیس فاطمة الزهراء)س( ساری,مازندران,در جدول ذکر نشده,,تعهد خدمت,2,زن,در جدول ذکر نشده,ادامه مخصوص داوطلبان بومی استان مازندران؛ پردیس فاطمة الزهراء)س( ساری/ اولویت پذیرش با داوطلبان ،بومی شهرستانهای ساری، چهاردانگه، دودانگه، میاندرود، نکا، بهشهر گلوگاه/محل خدمت میاندرود؛ پذیرش دانشجو‌معلم با تعهد خدمت؛ ضوابط بخش فرهنگیان دفترچه,1401-humanities-booklet,233,1401-humanities-booklet,233,کدرشته‌محل منبع: 46503؛ عنوان رشته در منبع: آموزش ابتدایی؛ نحوه پذیرش: با آزمون (بخش دانشجو‌معلم)؛ استان در این ردیف مربوط به بومی‌گزینی/محل خدمت است
1401,آموزش ابتدایی,دانشگاه فرهنگیان,،پردیس فاطمة الزهراء)س( ساری,مازندران,در جدول ذکر نشده,,تعهد خدمت,6,زن,در جدول ذکر نشده,ادامه مخصوص داوطلبان بومی استان مازندران؛ ،پردیس فاطمة الزهراء)س( ساری/ اولویت پذیرش با داوطلبان بومی شهرستانهای ساری، چهاردانگه، دودانگه، میاندرود، نکا، بهشهر گلوگاه/محل خدمت نکاء؛ پذیرش دانشجو‌معلم با تعهد خدمت؛ ضوابط بخش فرهنگیان دفترچه,1401-humanities-booklet,233,1401-humanities-booklet,233,کدرشته‌محل منبع: 46504؛ عنوان رشته در منبع: آموزش ابتدایی؛ نحوه پذیرش: با آزمون (بخش دانشجو‌معلم)؛ استان در این ردیف مربوط به بومی‌گزینی/محل خدمت است
1401,آموزش ابتدایی,دانشگاه فرهنگیان,،پردیس فاطمة الزهراء)س( ساری )مرکز آموزش عالی بنت الهدی آمل(,مازندران,در جدول ذکر نشده,,تعهد خدمت,1,زن,در جدول ذکر نشده,ادامه مخصوص داوطلبان بومی استان مازندران؛ ،پردیس فاطمة الزهراء)س( ساری )مرکز آموزش عالی بنت الهدی آمل(/ اولویت پذیرش با داوطلبان بومی شهرستانهای آمل،لاریجان چمستان،بلده، محمودآباد، فریدون کنار، نور/محل خدمت نور؛ پذیرش دانشجو‌معلم با تعهد خدمت؛ ضوابط بخش فرهنگیان دفترچه,1401-humanities-booklet,233,1401-humanities-booklet,233,کدرشته‌محل منبع: 46505؛ عنوان رشته در منبع: آموزش ابتدایی؛ نحوه پذیرش: با آزمون (بخش دانشجو‌معلم)؛ استان در این ردیف مربوط به بومی‌گزینی/محل خدمت است
1401,آموزش ابتدایی,دانشگاه فرهنگیان,پردیس فاطمة الزهراء)س( ساری )مرکز آموزش عالی بنت الهدی آمل(,مازندران,در جدول ذکر نشده,,تعهد خدمت,4,زن,در جدول ذکر نشده,ادامه مخصوص داوطلبان بومی استان مازندران؛ پردیس فاطمة الزهراء)س( ساری )مرکز آموزش عالی بنت الهدی آمل(/ اولویت پذیرش با داوطلبان بومی شهرستانهای چالوس، مرزن آباد، نوشهر، کجور، کلاردشت، تنکابن، رامسر، عباس آباد/محل خدمت نوشهر؛ پذیرش دانشجو‌معلم با تعهد خدمت؛ ضوابط بخش فرهنگیان دفترچه,1401-humanities-booklet,233,1401-humanities-booklet,233,کدرشته‌محل منبع: 46506؛ عنوان رشته در منبع: آموزش ابتدایی؛ نحوه پذیرش: با آزمون (بخش دانشجو‌معلم)؛ استان در این ردیف مربوط به بومی‌گزینی/محل خدمت است
1401,آموزش ابتدایی,دانشگاه فرهنگیان,پردیس زینب کبری)س( اراک,مازندران,در جدول ذکر نشده,,تعهد خدمت,2,زن,در جدول ذکر نشده,ادامه مخصوص داوطلبان بومی استان مازندران؛ پردیس زینب کبری)س( اراک/ اولویت پذیرش با داوطلبان بومی شهرستانهای اراک، آشتیان، تفرش، فراهان، کمیجان/محل خدمت آشتیان؛ پذیرش دانشجو‌معلم با تعهد خدمت؛ ضوابط بخش فرهنگیان دفترچه,1401-humanities-booklet,235,1401-humanities-booklet,235,کدرشته‌محل منبع: 46552؛ عنوان رشته در منبع: آموزش ابتدایی؛ نحوه پذیرش: با آزمون (بخش دانشجو‌معلم)؛ استان در این ردیف مربوط به بومی‌گزینی/محل خدمت است
1401,آموزش ابتدایی,دانشگاه فرهنگیان,پردیس زینب کبری)س( اراک,مازندران,در جدول ذکر نشده,,تعهد خدمت,2,زن,در جدول ذکر نشده,ادامه مخصوص داوطلبان بومی استان مازندران؛ پردیس زینب کبری)س( اراک/ اولویت پذیرش با داوطلبان بومی شهرستانهای اراک، آشتیان، تفرش، فراهان، کمیجان/محل خدمت تفرش؛ پذیرش دانشجو‌معلم با تعهد خدمت؛ ضوابط بخش فرهنگیان دفترچه,1401-humanities-booklet,235,1401-humanities-booklet,235,کدرشته‌محل منبع: 46553؛ عنوان رشته در منبع: آموزش ابتدایی؛ نحوه پذیرش: با آزمون (بخش دانشجو‌معلم)؛ استان در این ردیف مربوط به بومی‌گزینی/محل خدمت است
1401,آموزش ابتدایی,دانشگاه فرهنگیان,,مازندران,در جدول ذکر نشده,,تعهد خدمت,5,زن,در جدول ذکر نشده,ادامه مخصوص داوطلبان بومی استان مازندران؛ /پردیس زینب کبری)س( اراک اولویت پذیرش با داوطلبان بومی شهرستانهای خمین، دلیجان، محلات/محل خدمت خمین؛ پذیرش دانشجو‌معلم با تعهد خدمت؛ ضوابط بخش فرهنگیان دفترچه,1401-humanities-booklet,235,1401-humanities-booklet,235,کدرشته‌محل منبع: 46554؛ عنوان رشته در منبع: آموزش ابتدایی؛ نحوه پذیرش: با آزمون (بخش دانشجو‌معلم)؛ استان در این ردیف مربوط به بومی‌گزینی/محل خدمت است
1401,آموزش ابتدایی,دانشگاه فرهنگیان,پردیس زینب کبری)س( اراک,مازندران,در جدول ذکر نشده,,تعهد خدمت,7,زن,در جدول ذکر نشده,ادامه مخصوص داوطلبان بومی استان مازندران؛ پردیس زینب کبری)س( اراک/ اولویت پذیرش با داوطلبان بومی شهرستانهای اراک، خنداب، شازند/محل خدمت خنداب؛ پذیرش دانشجو‌معلم با تعهد خدمت؛ ضوابط بخش فرهنگیان دفترچه,1401-humanities-booklet,235,1401-humanities-booklet,235,کدرشته‌محل منبع: 46555؛ عنوان رشته در منبع: آموزش ابتدایی؛ نحوه پذیرش: با آزمون (بخش دانشجو‌معلم)؛ استان در این ردیف مربوط به بومی‌گزینی/محل خدمت است
1401,آموزش ابتدایی,دانشگاه فرهنگیان,,مازندران,در جدول ذکر نشده,,تعهد خدمت,5,زن,در جدول ذکر نشده,ادامه مخصوص داوطلبان بومی استان مازندران؛ /پردیس زینب کبری)س( اراک اولویت پذیرش با داوطلبان بومی شهرستانهای خمین، دلیجان، محلات/محل خدمت دلیجان؛ پذیرش دانشجو‌معلم با تعهد خدمت؛ ضوابط بخش فرهنگیان دفترچه,1401-humanities-booklet,235,1401-humanities-booklet,235,کدرشته‌محل منبع: 46556؛ عنوان رشته در منبع: آموزش ابتدایی؛ نحوه پذیرش: با آزمون (بخش دانشجو‌معلم)؛ استان در این ردیف مربوط به بومی‌گزینی/محل خدمت است
1401,آموزش ابتدایی,دانشگاه فرهنگیان,پردیس زینب کبری)س( اراک,مازندران,در جدول ذکر نشده,,تعهد خدمت,6,زن,در جدول ذکر نشده,ادامه مخصوص داوطلبان بومی استان مازندران؛ پردیس زینب کبری)س( اراک/ اولویت پذیرش با داوطلبان بومی شهرستانهای ساوه، زرندیه/محل خدمت زرندیه؛ پذیرش دانشجو‌معلم با تعهد خدمت؛ ضوابط بخش فرهنگیان دفترچه,1401-humanities-booklet,235,1401-humanities-booklet,235,کدرشته‌محل منبع: 46557؛ عنوان رشته در منبع: آموزش ابتدایی؛ نحوه پذیرش: با آزمون (بخش دانشجو‌معلم)؛ استان در این ردیف مربوط به بومی‌گزینی/محل خدمت است
1401,آموزش ابتدایی,دانشگاه فرهنگیان,پردیس زینب کبری)س( اراک,مازندران,در جدول ذکر نشده,,تعهد خدمت,14,زن,در جدول ذکر نشده,ادامه مخصوص داوطلبان بومی استان مازندران؛ پردیس زینب کبری)س( اراک/ اولویت پذیرش با داوطلبان بومی شهرستانهای ساوه، زرندیه/محل خدمت ساوه؛ پذیرش دانشجو‌معلم با تعهد خدمت؛ ضوابط بخش فرهنگیان دفترچه,1401-humanities-booklet,235,1401-humanities-booklet,235,کدرشته‌محل منبع: 46558؛ عنوان رشته در منبع: آموزش ابتدایی؛ نحوه پذیرش: با آزمون (بخش دانشجو‌معلم)؛ استان در این ردیف مربوط به بومی‌گزینی/محل خدمت است
1401,آموزش ابتدایی,دانشگاه فرهنگیان,پردیس زینب کبری)س( اراک,مازندران,در جدول ذکر نشده,,تعهد خدمت,1,زن,در جدول ذکر نشده,ادامه مخصوص داوطلبان بومی استان مازندران؛ پردیس زینب کبری)س( اراک/ اولویت پذیرش با داوطلبان بومی شهرستانهای اراک، خنداب، شازند/محل خدمت سربند؛ پذیرش دانشجو‌معلم با تعهد خدمت؛ ضوابط بخش فرهنگیان دفترچه,1401-humanities-booklet,235,1401-humanities-booklet,235,کدرشته‌محل منبع: 46559؛ عنوان رشته در منبع: آموزش ابتدایی؛ نحوه پذیرش: با آزمون (بخش دانشجو‌معلم)؛ استان در این ردیف مربوط به بومی‌گزینی/محل خدمت است
1401,آموزش ابتدایی,دانشگاه فرهنگیان,پردیس زینب کبری)س( اراک,مازندران,در جدول ذکر نشده,,تعهد خدمت,10,زن,در جدول ذکر نشده,ادامه مخصوص داوطلبان بومی استان مازندران؛ پردیس زینب کبری)س( اراک/ اولویت پذیرش با(داوطلبان بومی شهرستانهای اراک، خنداب، شازند/محل خدمت شازند)سربند؛ پذیرش دانشجو‌معلم با تعهد خدمت؛ ضوابط بخش فرهنگیان دفترچه,1401-humanities-booklet,235,1401-humanities-booklet,235,کدرشته‌محل منبع: 46560؛ عنوان رشته در منبع: آموزش ابتدایی؛ نحوه پذیرش: با آزمون (بخش دانشجو‌معلم)؛ استان در این ردیف مربوط به بومی‌گزینی/محل خدمت است
1401,آموزش ابتدایی,دانشگاه فرهنگیان,پردیس زینب کبری)س( اراک,مازندران,در جدول ذکر نشده,,تعهد خدمت,2,زن,در جدول ذکر نشده,ادامه مخصوص داوطلبان بومی استان مازندران؛ پردیس زینب کبری)س( اراک/ اولویت پذیرش با داوطلبان بومی شهرستانهای اراک، آشتیان، تفرش، فراهان، کمیجان/محل خدمت فراهان؛ پذیرش دانشجو‌معلم با تعهد خدمت؛ ضوابط بخش فرهنگیان دفترچه,1401-humanities-booklet,235,1401-humanities-booklet,235,کدرشته‌محل منبع: 46561؛ عنوان رشته در منبع: آموزش ابتدایی؛ نحوه پذیرش: با آزمون (بخش دانشجو‌معلم)؛ استان در این ردیف مربوط به بومی‌گزینی/محل خدمت است
1401,آموزش ابتدایی,دانشگاه فرهنگیان,(پردیس زینب کبری)س اراک,مازندران,در جدول ذکر نشده,,تعهد خدمت,5,زن,در جدول ذکر نشده,ادامه مخصوص داوطلبان بومی استان مازندران؛ (پردیس زینب کبری)س اراک/ اولویت پذیرش با داوطلبان بومی شهرستانهای اراک، آشتیان، تفرش، فراهان، کمیجان/محل خدمت کمیجان؛ پذیرش دانشجو‌معلم با تعهد خدمت؛ ضوابط بخش فرهنگیان دفترچه,1401-humanities-booklet,235,1401-humanities-booklet,235,کدرشته‌محل منبع: 46562؛ عنوان رشته در منبع: آموزش ابتدایی؛ نحوه پذیرش: با آزمون (بخش دانشجو‌معلم)؛ استان در این ردیف مربوط به بومی‌گزینی/محل خدمت است
1401,آموزش ابتدایی,دانشگاه فرهنگیان,,مرکزی,در جدول ذکر نشده,,تعهد خدمت,5,زن,در جدول ذکر نشده,ادامه مخصوص داوطلبان بومی استان مرکزی؛ /پردیس زینب کبری)س( اراک اولویت پذیرش با داوطلبان بومی شهرستانهای خمین، دلیجان، محلات/محل خدمت محلات؛ پذیرش دانشجو‌معلم با تعهد خدمت؛ ضوابط بخش فرهنگیان دفترچه,1401-humanities-booklet,236,1401-humanities-booklet,236,کدرشته‌محل منبع: 46563؛ عنوان رشته در منبع: آموزش ابتدایی؛ نحوه پذیرش: با آزمون (بخش دانشجو‌معلم)؛ استان در این ردیف مربوط به بومی‌گزینی/محل خدمت است
1401,آموزش ابتدایی,دانشگاه فرهنگیان,پردیس زینب کبری)س( اراک,مرکزی,در جدول ذکر نشده,,تعهد خدمت,3,زن,در جدول ذکر نشده,ادامه مخصوص داوطلبان بومی استان مرکزی؛ پردیس زینب کبری)س( اراک/ اولویت پذیرش با داوطلبان بومی شهرستانهای ساوه، زرندیه/محل خدمت نوبران؛ پذیرش دانشجو‌معلم با تعهد خدمت؛ ضوابط بخش فرهنگیان دفترچه,1401-humanities-booklet,236,1401-humanities-booklet,236,کدرشته‌محل منبع: 46564؛ عنوان رشته در منبع: آموزش ابتدایی؛ نحوه پذیرش: با آزمون (بخش دانشجو‌معلم)؛ استان در این ردیف مربوط به بومی‌گزینی/محل خدمت است
1401,آموزش ابتدایی,دانشگاه فرهنگیان,پردیس شهید باهنر اراک,مرکزی,در جدول ذکر نشده,,تعهد خدمت,4,مرد,در جدول ذکر نشده,ادامه مخصوص داوطلبان بومی استان مرکزی؛ پردیس شهید باهنر اراک/ اولویت پذیرش با داوطلبان بومی شهرستانهای اراک، آشتیان، تفرش، فراهان، کمیجان/محل خدمت آشتیان؛ پذیرش دانشجو‌معلم با تعهد خدمت؛ ضوابط بخش فرهنگیان دفترچه,1401-humanities-booklet,236,1401-humanities-booklet,236,کدرشته‌محل منبع: 46565؛ عنوان رشته در منبع: آموزش ابتدایی؛ نحوه پذیرش: با آزمون (بخش دانشجو‌معلم)؛ استان در این ردیف مربوط به بومی‌گزینی/محل خدمت است
1401,آموزش ابتدایی,دانشگاه فرهنگیان,پردیس شهید باهنر اراک,مرکزی,در جدول ذکر نشده,,تعهد خدمت,3,مرد,در جدول ذکر نشده,ادامه مخصوص داوطلبان بومی استان مرکزی؛ پردیس شهید باهنر اراک/ اولویت پذیرش با داوطلبان بومی شهرستانهای اراک، آشتیان، تفرش، فراهان، کمیجان/محل خدمت تفرش؛ پذیرش دانشجو‌معلم با تعهد خدمت؛ ضوابط بخش فرهنگیان دفترچه,1401-humanities-booklet,236,1401-humanities-booklet,236,کدرشته‌محل منبع: 46566؛ عنوان رشته در منبع: آموزش ابتدایی؛ نحوه پذیرش: با آزمون (بخش دانشجو‌معلم)؛ استان در این ردیف مربوط به بومی‌گزینی/محل خدمت است
1401,آموزش ابتدایی,دانشگاه فرهنگیان,پردیس شهید باهنر اراک,مرکزی,در جدول ذکر نشده,,تعهد خدمت,6,مرد,در جدول ذکر نشده,ادامه مخصوص داوطلبان بومی استان مرکزی؛ پردیس شهید باهنر اراک/ اولویت پذیرش با داوطلبان بومی شهرستانهای خمین، دلیجان، محلات/محل خدمت خمین؛ پذیرش دانشجو‌معلم با تعهد خدمت؛ ضوابط بخش فرهنگیان دفترچه,1401-humanities-booklet,236,1401-humanities-booklet,236,کدرشته‌محل منبع: 46567؛ عنوان رشته در منبع: آموزش ابتدایی؛ نحوه پذیرش: با آزمون (بخش دانشجو‌معلم)؛ استان در این ردیف مربوط به بومی‌گزینی/محل خدمت است
1401,آموزش ابتدایی,دانشگاه فرهنگیان,پردیس شهید باهنر اراک,مرکزی,در جدول ذکر نشده,,تعهد خدمت,11,مرد,در جدول ذکر نشده,ادامه مخصوص داوطلبان بومی استان مرکزی؛ پردیس شهید باهنر اراک/ اولویت پذیرش با داوطلبان بومی شهرستانهای اراک، خنداب، شازند/محل خدمت خنداب؛ پذیرش دانشجو‌معلم با تعهد خدمت؛ ضوابط بخش فرهنگیان دفترچه,1401-humanities-booklet,236,1401-humanities-booklet,236,کدرشته‌محل منبع: 46568؛ عنوان رشته در منبع: آموزش ابتدایی؛ نحوه پذیرش: با آزمون (بخش دانشجو‌معلم)؛ استان در این ردیف مربوط به بومی‌گزینی/محل خدمت است
1401,آموزش ابتدایی,دانشگاه فرهنگیان,پردیس شهید باهنر اراک,مرکزی,در جدول ذکر نشده,,تعهد خدمت,7,مرد,در جدول ذکر نشده,ادامه مخصوص داوطلبان بومی استان مرکزی؛ پردیس شهید باهنر اراک/ اولویت پذیرش با داوطلبان بومی شهرستانهای خمین، دلیجان، محلات/محل خدمت دلیجان؛ پذیرش دانشجو‌معلم با تعهد خدمت؛ ضوابط بخش فرهنگیان دفترچه,1401-humanities-booklet,236,1401-humanities-booklet,236,کدرشته‌محل منبع: 46569؛ عنوان رشته در منبع: آموزش ابتدایی؛ نحوه پذیرش: با آزمون (بخش دانشجو‌معلم)؛ استان در این ردیف مربوط به بومی‌گزینی/محل خدمت است
1401,آموزش ابتدایی,دانشگاه فرهنگیان,پردیس شهید باهنر اراک,مرکزی,در جدول ذکر نشده,,تعهد خدمت,8,مرد,در جدول ذکر نشده,ادامه مخصوص داوطلبان بومی استان مرکزی؛ پردیس شهید باهنر اراک/ اولویت پذیرش با داوطلبان بومی شهرستانهای ساوه، زرندیه/محل خدمت زرندیه؛ پذیرش دانشجو‌معلم با تعهد خدمت؛ ضوابط بخش فرهنگیان دفترچه,1401-humanities-booklet,236,1401-humanities-booklet,236,کدرشته‌محل منبع: 46570؛ عنوان رشته در منبع: آموزش ابتدایی؛ نحوه پذیرش: با آزمون (بخش دانشجو‌معلم)؛ استان در این ردیف مربوط به بومی‌گزینی/محل خدمت است
1401,آموزش ابتدایی,دانشگاه فرهنگیان,پردیس شهید باهنر اراک,مرکزی,در جدول ذکر نشده,,تعهد خدمت,22,مرد,در جدول ذکر نشده,ادامه مخصوص داوطلبان بومی استان مرکزی؛ پردیس شهید باهنر اراک/ اولویت پذیرش با داوطلبان بومی شهرستانهای ساوه، زرندیه/محل خدمت ساوه؛ پذیرش دانشجو‌معلم با تعهد خدمت؛ ضوابط بخش فرهنگیان دفترچه,1401-humanities-booklet,236,1401-humanities-booklet,236,کدرشته‌محل منبع: 46571؛ عنوان رشته در منبع: آموزش ابتدایی؛ نحوه پذیرش: با آزمون (بخش دانشجو‌معلم)؛ استان در این ردیف مربوط به بومی‌گزینی/محل خدمت است
1401,آموزش ابتدایی,دانشگاه فرهنگیان,پردیس شهید باهنر اراک,مرکزی,در جدول ذکر نشده,,تعهد خدمت,1,مرد,در جدول ذکر نشده,ادامه مخصوص داوطلبان بومی استان مرکزی؛ پردیس شهید باهنر اراک/ اولویت پذیرش با داوطلبان بومی شهرستانهای اراک، خنداب، شازند/محل خدمت سربند؛ پذیرش دانشجو‌معلم با تعهد خدمت؛ ضوابط بخش فرهنگیان دفترچه,1401-humanities-booklet,236,1401-humanities-booklet,236,کدرشته‌محل منبع: 46572؛ عنوان رشته در منبع: آموزش ابتدایی؛ نحوه پذیرش: با آزمون (بخش دانشجو‌معلم)؛ استان در این ردیف مربوط به بومی‌گزینی/محل خدمت است
1401,آموزش ابتدایی,دانشگاه فرهنگیان,,مرکزی,در جدول ذکر نشده,,تعهد خدمت,13,مرد,در جدول ذکر نشده,ادامه مخصوص داوطلبان بومی استان مرکزی؛ /پردیس شهید باهنر اراک(اولویت پذیرش با داوطلبان بومی شهرستانهای اراک، خنداب، شازند/محل خدمت شازند)سربند؛ پذیرش دانشجو‌معلم با تعهد خدمت؛ ضوابط بخش فرهنگیان دفترچه,1401-humanities-booklet,236,1401-humanities-booklet,236,کدرشته‌محل منبع: 46573؛ عنوان رشته در منبع: آموزش ابتدایی؛ نحوه پذیرش: با آزمون (بخش دانشجو‌معلم)؛ استان در این ردیف مربوط به بومی‌گزینی/محل خدمت است
1401,آموزش ابتدایی,دانشگاه فرهنگیان,پردیس شهید باهنر اراک,مرکزی,در جدول ذکر نشده,,تعهد خدمت,3,مرد,در جدول ذکر نشده,ادامه مخصوص داوطلبان بومی استان مرکزی؛ پردیس شهید باهنر اراک/ اولویت پذیرش با داوطلبان بومی شهرستانهای اراک، آشتیان، تفرش، فراهان، کمیجان/محل خدمت فراهان؛ پذیرش دانشجو‌معلم با تعهد خدمت؛ ضوابط بخش فرهنگیان دفترچه,1401-humanities-booklet,236,1401-humanities-booklet,236,کدرشته‌محل منبع: 46574؛ عنوان رشته در منبع: آموزش ابتدایی؛ نحوه پذیرش: با آزمون (بخش دانشجو‌معلم)؛ استان در این ردیف مربوط به بومی‌گزینی/محل خدمت است
1401,آموزش ابتدایی,دانشگاه فرهنگیان,پردیس شهید باهنر اراک,مرکزی,در جدول ذکر نشده,,تعهد خدمت,6,مرد,در جدول ذکر نشده,ادامه مخصوص داوطلبان بومی استان مرکزی؛ پردیس شهید باهنر اراک/ اولویت پذیرش با داوطلبان بومی شهرستانهای اراک، آشتیان، تفرش، فراهان، کمیجان/محل خدمت کمیجان؛ پذیرش دانشجو‌معلم با تعهد خدمت؛ ضوابط بخش فرهنگیان دفترچه,1401-humanities-booklet,236,1401-humanities-booklet,236,کدرشته‌محل منبع: 46575؛ عنوان رشته در منبع: آموزش ابتدایی؛ نحوه پذیرش: با آزمون (بخش دانشجو‌معلم)؛ استان در این ردیف مربوط به بومی‌گزینی/محل خدمت است
1401,آموزش ابتدایی,دانشگاه فرهنگیان,پردیس شهید باهنر اراک,مرکزی,در جدول ذکر نشده,,تعهد خدمت,6,مرد,در جدول ذکر نشده,ادامه مخصوص داوطلبان بومی استان مرکزی؛ پردیس شهید باهنر اراک/ اولویت پذیرش با داوطلبان بومی شهرستانهای خمین، دلیجان، محلات/محل خدمت محلات؛ پذیرش دانشجو‌معلم با تعهد خدمت؛ ضوابط بخش فرهنگیان دفترچه,1401-humanities-booklet,236,1401-humanities-booklet,236,کدرشته‌محل منبع: 46576؛ عنوان رشته در منبع: آموزش ابتدایی؛ نحوه پذیرش: با آزمون (بخش دانشجو‌معلم)؛ استان در این ردیف مربوط به بومی‌گزینی/محل خدمت است
1401,آموزش ابتدایی,دانشگاه فرهنگیان,پردیس شهید باهنر اراک,مرکزی,در جدول ذکر نشده,,تعهد خدمت,5,مرد,در جدول ذکر نشده,ادامه مخصوص داوطلبان بومی استان مرکزی؛ پردیس شهید باهنر اراک/ اولویت پذیرش با داوطلبان بومی شهرستانهای ساوه، زرندیه/محل خدمت نوبران؛ پذیرش دانشجو‌معلم با تعهد خدمت؛ ضوابط بخش فرهنگیان دفترچه,1401-humanities-booklet,236,1401-humanities-booklet,236,کدرشته‌محل منبع: 46577؛ عنوان رشته در منبع: آموزش ابتدایی؛ نحوه پذیرش: با آزمون (بخش دانشجو‌معلم)؛ استان در این ردیف مربوط به بومی‌گزینی/محل خدمت است
1401,آموزش ابتدایی,دانشگاه فرهنگیان,پردیس شهید بهشتی بندرعباس,هرمزگان,در جدول ذکر نشده,,تعهد خدمت,2,مرد,در جدول ذکر نشده,ادامه مخصوص داوطلبان بومی استان هرمزگان؛ پردیس شهید بهشتی بندرعباس/ اولویت پذیرش با داوطلبان بومی شهرستان بستک/محل خدمت جناح؛ پذیرش دانشجو‌معلم با تعهد خدمت؛ ضوابط بخش فرهنگیان دفترچه,1401-humanities-booklet,237,1401-humanities-booklet,237,کدرشته‌محل منبع: 46599؛ عنوان رشته در منبع: آموزش ابتدایی؛ نحوه پذیرش: با آزمون (بخش دانشجو‌معلم)؛ استان در این ردیف مربوط به بومی‌گزینی/محل خدمت است
1401,آموزش ابتدایی,دانشگاه فرهنگیان,پردیس شهید بهشتی بندرعباس,هرمزگان,در جدول ذکر نشده,,تعهد خدمت,5,مرد,در جدول ذکر نشده,ادامه مخصوص داوطلبان بومی استان هرمزگان؛ پردیس شهید بهشتی بندرعباس/ اولویت پذیرش با داوطلبان بومی شهرستان حاجی آباد/محل خدمت حاجی آباد؛ پذیرش دانشجو‌معلم با تعهد خدمت؛ ضوابط بخش فرهنگیان دفترچه,1401-humanities-booklet,238,1401-humanities-booklet,238,کدرشته‌محل منبع: 46600؛ عنوان رشته در منبع: آموزش ابتدایی؛ نحوه پذیرش: با آزمون (بخش دانشجو‌معلم)؛ استان در این ردیف مربوط به بومی‌گزینی/محل خدمت است
1401,آموزش ابتدایی,دانشگاه فرهنگیان,پردیس شهید بهشتی بندرعباس,هرمزگان,در جدول ذکر نشده,,تعهد خدمت,7,مرد,در جدول ذکر نشده,ادامه مخصوص داوطلبان بومی استان هرمزگان؛ پردیس شهید بهشتی بندرعباس/ اولویت پذیرش با داوطلبان بومی شهرستانهای بندرعباس، ابوموسی، خمیر/محل خدمت خمیر؛ پذیرش دانشجو‌معلم با تعهد خدمت؛ ضوابط بخش فرهنگیان دفترچه,1401-humanities-booklet,238,1401-humanities-booklet,238,کدرشته‌محل منبع: 46601؛ عنوان رشته در منبع: آموزش ابتدایی؛ نحوه پذیرش: با آزمون (بخش دانشجو‌معلم)؛ استان در این ردیف مربوط به بومی‌گزینی/محل خدمت است
1401,آموزش ابتدایی,دانشگاه فرهنگیان,پردیس شهید بهشتی بندرعباس,هرمزگان,در جدول ذکر نشده,,تعهد خدمت,10,مرد,در جدول ذکر نشده,ادامه مخصوص داوطلبان بومی استان هرمزگان؛ پردیس شهید بهشتی بندرعباس/ اولویت پذیرش با داوطلبان بومی شهرستانهای بشاگرد، جاسک، سیریک، رودان، میناب/محل خدمت رودان؛ پذیرش دانشجو‌معلم با تعهد خدمت؛ ضوابط بخش فرهنگیان دفترچه,1401-humanities-booklet,238,1401-humanities-booklet,238,کدرشته‌محل منبع: 46602؛ عنوان رشته در منبع: آموزش ابتدایی؛ نحوه پذیرش: با آزمون (بخش دانشجو‌معلم)؛ استان در این ردیف مربوط به بومی‌گزینی/محل خدمت است
1401,آموزش ابتدایی,دانشگاه فرهنگیان,،پردیس شهید بهشتی بندرعباس,هرمزگان,در جدول ذکر نشده,,تعهد خدمت,14,مرد,در جدول ذکر نشده,ادامه مخصوص داوطلبان بومی استان هرمزگان؛ ،پردیس شهید بهشتی بندرعباس/ اولویت پذیرش با داوطلبان بومی شهرستانهای بشاگرد، جاسک، سیریک، رودان میناب/محل خدمت میناب؛ پذیرش دانشجو‌معلم با تعهد خدمت؛ ضوابط بخش فرهنگیان دفترچه,1401-humanities-booklet,238,1401-humanities-booklet,238,کدرشته‌محل منبع: 46603؛ عنوان رشته در منبع: آموزش ابتدایی؛ نحوه پذیرش: با آزمون (بخش دانشجو‌معلم)؛ استان در این ردیف مربوط به بومی‌گزینی/محل خدمت است
1401,آموزش ابتدایی,دانشگاه فرهنگیان,پردیس شهید بهشتی بندرعباس,هرمزگان,در جدول ذکر نشده,,تعهد خدمت,10,مرد,در جدول ذکر نشده,ادامه مخصوص داوطلبان بومی استان هرمزگان؛ پردیس شهید بهشتی بندرعباس/ اولویت پذیرش با داوطلبان بومی شهرستانهای بندرعباس، ابوموسی، خمیر/محل خدمت بندرعباس ناحیه. 2؛ پذیرش دانشجو‌معلم با تعهد خدمت؛ ضوابط بخش فرهنگیان دفترچه,1401-humanities-booklet,238,1401-humanities-booklet,238,کدرشته‌محل منبع: 46604؛ عنوان رشته در منبع: آموزش ابتدایی؛ نحوه پذیرش: با آزمون (بخش دانشجو‌معلم)؛ استان در این ردیف مربوط به بومی‌گزینی/محل خدمت است
1401,آموزش ابتدایی,دانشگاه فرهنگیان,پردیس شهید بهشتی بندرعباس,هرمزگان,در جدول ذکر نشده,,تعهد خدمت,12,مرد,در جدول ذکر نشده,ادامه مخصوص داوطلبان بومی استان هرمزگان؛ پردیس شهید بهشتی بندرعباس/ اولویت پذیرش با داوطلبان بومی شهرستانهای بندرعباس، ابوموسی، خمیر/محل خدمت بندرعباس ناحیه. 1؛ پذیرش دانشجو‌معلم با تعهد خدمت؛ ضوابط بخش فرهنگیان دفترچه,1401-humanities-booklet,238,1401-humanities-booklet,238,کدرشته‌محل منبع: 46605؛ عنوان رشته در منبع: آموزش ابتدایی؛ نحوه پذیرش: با آزمون (بخش دانشجو‌معلم)؛ استان در این ردیف مربوط به بومی‌گزینی/محل خدمت است
1401,آموزش ابتدایی,دانشگاه فرهنگیان,پردیس شهید بهشتی بندرعباس,هرمزگان,در جدول ذکر نشده,,تعهد خدمت,5,مرد,در جدول ذکر نشده,ادامه مخصوص داوطلبان بومی استان هرمزگان؛ پردیس شهید بهشتی بندرعباس/ اولویت پذیرش با داوطلبان بومی شهرستان پارسیان/محل خدمت پارسیان؛ پذیرش دانشجو‌معلم با تعهد خدمت؛ ضوابط بخش فرهنگیان دفترچه,1401-humanities-booklet,238,1401-humanities-booklet,238,کدرشته‌محل منبع: 46606؛ عنوان رشته در منبع: آموزش ابتدایی؛ نحوه پذیرش: با آزمون (بخش دانشجو‌معلم)؛ استان در این ردیف مربوط به بومی‌گزینی/محل خدمت است
1401,آموزش ابتدایی,دانشگاه فرهنگیان,پردیس شهید بهشتی بندرعباس,هرمزگان,در جدول ذکر نشده,,تعهد خدمت,5,مرد,در جدول ذکر نشده,ادامه مخصوص داوطلبان بومی استان هرمزگان؛ پردیس شهید بهشتی بندرعباس/ اولویت پذیرش با داوطلبان بومی شهرستانهای بشاگرد، جاسک، سیریک، رودان، میناب/محل خدمت سیریک؛ پذیرش دانشجو‌معلم با تعهد خدمت؛ ضوابط بخش فرهنگیان دفترچه,1401-humanities-booklet,238,1401-humanities-booklet,238,کدرشته‌محل منبع: 46607؛ عنوان رشته در منبع: آموزش ابتدایی؛ نحوه پذیرش: با آزمون (بخش دانشجو‌معلم)؛ استان در این ردیف مربوط به بومی‌گزینی/محل خدمت است
1401,آموزش ابتدایی,دانشگاه فرهنگیان,پردیس شهید بهشتی بندرعباس,هرمزگان,در جدول ذکر نشده,,تعهد خدمت,3,مرد,در جدول ذکر نشده,ادامه مخصوص داوطلبان بومی استان هرمزگان؛ پردیس شهید بهشتی بندرعباس/ اولویت پذیرش با داوطلبان بومی شهرستانهای بشاگرد، جاسک، سیریک، رودان، میناب/محل خدمت بشاگرد؛ پذیرش دانشجو‌معلم با تعهد خدمت؛ ضوابط بخش فرهنگیان دفترچه,1401-humanities-booklet,238,1401-humanities-booklet,238,کدرشته‌محل منبع: 46608؛ عنوان رشته در منبع: آموزش ابتدایی؛ نحوه پذیرش: با آزمون (بخش دانشجو‌معلم)؛ استان در این ردیف مربوط به بومی‌گزینی/محل خدمت است
1401,آموزش ابتدایی,دانشگاه فرهنگیان,پردیس شهید بهشتی بندرعباس,هرمزگان,در جدول ذکر نشده,,تعهد خدمت,5,مرد,در جدول ذکر نشده,ادامه مخصوص داوطلبان بومی استان هرمزگان؛ پردیس شهید بهشتی بندرعباس/ اولویت پذیرش با داوطلبان بومی شهرستان قشم/محل خدمت قشم؛ پذیرش دانشجو‌معلم با تعهد خدمت؛ ضوابط بخش فرهنگیان دفترچه,1401-humanities-booklet,238,1401-humanities-booklet,238,کدرشته‌محل منبع: 46609؛ عنوان رشته در منبع: آموزش ابتدایی؛ نحوه پذیرش: با آزمون (بخش دانشجو‌معلم)؛ استان در این ردیف مربوط به بومی‌گزینی/محل خدمت است
1401,آموزش ابتدایی,دانشگاه فرهنگیان,پردیس شهید بهشتی بندرعباس,هرمزگان,در جدول ذکر نشده,,تعهد خدمت,1,مرد,در جدول ذکر نشده,ادامه مخصوص داوطلبان بومی استان هرمزگان؛ پردیس شهید بهشتی بندرعباس/ اولویت پذیرش با داوطلبان بومی شهرستان بندرلنگه/محل خدمت کیش؛ پذیرش دانشجو‌معلم با تعهد خدمت؛ ضوابط بخش فرهنگیان دفترچه,1401-humanities-booklet,238,1401-humanities-booklet,238,کدرشته‌محل منبع: 46610؛ عنوان رشته در منبع: آموزش ابتدایی؛ نحوه پذیرش: با آزمون (بخش دانشجو‌معلم)؛ استان در این ردیف مربوط به بومی‌گزینی/محل خدمت است
1401,آموزش ابتدایی,دانشگاه فرهنگیان,پردیس شهید بهشتی بندرعباس,هرمزگان,در جدول ذکر نشده,,تعهد خدمت,1,مرد,در جدول ذکر نشده,ادامه مخصوص داوطلبان بومی استان هرمزگان؛ پردیس شهید بهشتی بندرعباس/ اولویت پذیرش با داوطلبان بومی شهرستانهای بشاگرد، جاسک، سیریک، رودان، میناب/محل خدمت رودخانه؛ پذیرش دانشجو‌معلم با تعهد خدمت؛ ضوابط بخش فرهنگیان دفترچه,1401-humanities-booklet,238,1401-humanities-booklet,238,کدرشته‌محل منبع: 46611؛ عنوان رشته در منبع: آموزش ابتدایی؛ نحوه پذیرش: با آزمون (بخش دانشجو‌معلم)؛ استان در این ردیف مربوط به بومی‌گزینی/محل خدمت است
1401,آموزش ابتدایی,دانشگاه فرهنگیان,پردیس شهید بهشتی بندرعباس,هرمزگان,در جدول ذکر نشده,,تعهد خدمت,7,مرد,در جدول ذکر نشده,ادامه مخصوص داوطلبان بومی استان هرمزگان؛ پردیس شهید بهشتی بندرعباس/ اولویت پذیرش با داوطلبان بومی شهرستان بندرلنگه/محل خدمت بندرلنگه؛ پذیرش دانشجو‌معلم با تعهد خدمت؛ ضوابط بخش فرهنگیان دفترچه,1401-humanities-booklet,238,1401-humanities-booklet,238,کدرشته‌محل منبع: 46612؛ عنوان رشته در منبع: آموزش ابتدایی؛ نحوه پذیرش: با آزمون (بخش دانشجو‌معلم)؛ استان در این ردیف مربوط به بومی‌گزینی/محل خدمت است
1401,آموزش ابتدایی,دانشگاه فرهنگیان,پردیس شهید بهشتی بندرعباس,هرمزگان,در جدول ذکر نشده,,تعهد خدمت,3,مرد,در جدول ذکر نشده,ادامه مخصوص داوطلبان بومی استان هرمزگان؛ پردیس شهید بهشتی بندرعباس/ اولویت پذیرش با داوطلبان بومی شهرستانهای بشاگرد، جاسک، سیریک، رودان، میناب/محل خدمت جاسک؛ پذیرش دانشجو‌معلم با تعهد خدمت؛ ضوابط بخش فرهنگیان دفترچه,1401-humanities-booklet,238,1401-humanities-booklet,238,کدرشته‌محل منبع: 46613؛ عنوان رشته در منبع: آموزش ابتدایی؛ نحوه پذیرش: با آزمون (بخش دانشجو‌معلم)؛ استان در این ردیف مربوط به بومی‌گزینی/محل خدمت است
1401,آموزش ابتدایی,دانشگاه فرهنگیان,پردیس شهید بهشتی بندرعباس,هرمزگان,در جدول ذکر نشده,,تعهد خدمت,1,مرد,در جدول ذکر نشده,ادامه مخصوص داوطلبان بومی استان هرمزگان؛ پردیس شهید بهشتی بندرعباس/ اولویت پذیرش با داوطلبان بومی شهرستانهای بشاگرد، جاسک، سیریک، رودان، میناب/محل خدمت سندرک؛ پذیرش دانشجو‌معلم با تعهد خدمت؛ ضوابط بخش فرهنگیان دفترچه,1401-humanities-booklet,238,1401-humanities-booklet,238,کدرشته‌محل منبع: 46614؛ عنوان رشته در منبع: آموزش ابتدایی؛ نحوه پذیرش: با آزمون (بخش دانشجو‌معلم)؛ استان در این ردیف مربوط به بومی‌گزینی/محل خدمت است
1401,آموزش ابتدایی,دانشگاه فرهنگیان,پردیس شهید بهشتی بندرعباس,هرمزگان,در جدول ذکر نشده,,تعهد خدمت,3,مرد,در جدول ذکر نشده,ادامه مخصوص داوطلبان بومی استان هرمزگان؛ پردیس شهید بهشتی بندرعباس/ اولویت پذیرش با داوطلبان بومی شهرستان بندرلنگه/محل خدمت شیب کوه هرمزگان؛ پذیرش دانشجو‌معلم با تعهد خدمت؛ ضوابط بخش فرهنگیان دفترچه,1401-humanities-booklet,238,1401-humanities-booklet,238,کدرشته‌محل منبع: 46615؛ عنوان رشته در منبع: آموزش ابتدایی؛ نحوه پذیرش: با آزمون (بخش دانشجو‌معلم)؛ استان در این ردیف مربوط به بومی‌گزینی/محل خدمت است
1401,آموزش ابتدایی,دانشگاه فرهنگیان,پردیس شهید بهشتی بندرعباس,هرمزگان,در جدول ذکر نشده,,تعهد خدمت,4,مرد,در جدول ذکر نشده,ادامه مخصوص داوطلبان بومی استان هرمزگان؛ پردیس شهید بهشتی بندرعباس/ اولویت پذیرش با داوطلبان بومی شهرستان قشم/محل خدمت شهاب؛ پذیرش دانشجو‌معلم با تعهد خدمت؛ ضوابط بخش فرهنگیان دفترچه,1401-humanities-booklet,238,1401-humanities-booklet,238,کدرشته‌محل منبع: 46616؛ عنوان رشته در منبع: آموزش ابتدایی؛ نحوه پذیرش: با آزمون (بخش دانشجو‌معلم)؛ استان در این ردیف مربوط به بومی‌گزینی/محل خدمت است
1401,آموزش ابتدایی,دانشگاه فرهنگیان,پردیس شهید بهشتی بندرعباس,هرمزگان,در جدول ذکر نشده,,تعهد خدمت,1,مرد,در جدول ذکر نشده,ادامه مخصوص داوطلبان بومی استان هرمزگان؛ پردیس شهید بهشتی بندرعباس/ اولویت پذیرش با داوطلبان بومی شهرستانهای بندرعباس، ابوموسی، خمیر/محل خدمت ابوموسی؛ پذیرش دانشجو‌معلم با تعهد خدمت؛ ضوابط بخش فرهنگیان دفترچه,1401-humanities-booklet,238,1401-humanities-booklet,238,کدرشته‌محل منبع: 46617؛ عنوان رشته در منبع: آموزش ابتدایی؛ نحوه پذیرش: با آزمون (بخش دانشجو‌معلم)؛ استان در این ردیف مربوط به بومی‌گزینی/محل خدمت است
1401,آموزش ابتدایی,دانشگاه فرهنگیان,پردیس شهید بهشتی بندرعباس,هرمزگان,در جدول ذکر نشده,,تعهد خدمت,2,مرد,در جدول ذکر نشده,ادامه مخصوص داوطلبان بومی استان هرمزگان؛ پردیس شهید بهشتی بندرعباس/ اولویت پذیرش با داوطلبان بومی شهرستان بستک/محل خدمت بستک؛ پذیرش دانشجو‌معلم با تعهد خدمت؛ ضوابط بخش فرهنگیان دفترچه,1401-humanities-booklet,238,1401-humanities-booklet,238,کدرشته‌محل منبع: 46618؛ عنوان رشته در منبع: آموزش ابتدایی؛ نحوه پذیرش: با آزمون (بخش دانشجو‌معلم)؛ استان در این ردیف مربوط به بومی‌گزینی/محل خدمت است
1401,آموزش ابتدایی,دانشگاه فرهنگیان,,هرمزگان,در جدول ذکر نشده,,تعهد خدمت,1,مرد,در جدول ذکر نشده,ادامه مخصوص داوطلبان بومی استان هرمزگان؛ /پردیس شهید بهشتی بندرعباس اولویت پذیرش با داوطلبان بومی شهرستانهای بندرعباس، ابوموسی، خمیر/محل خدمت فین؛ پذیرش دانشجو‌معلم با تعهد خدمت؛ ضوابط بخش فرهنگیان دفترچه,1401-humanities-booklet,238,1401-humanities-booklet,238,کدرشته‌محل منبع: 46619؛ عنوان رشته در منبع: آموزش ابتدایی؛ نحوه پذیرش: با آزمون (بخش دانشجو‌معلم)؛ استان در این ردیف مربوط به بومی‌گزینی/محل خدمت است
1401,آموزش ابتدایی,دانشگاه فرهنگیان,پردیس فاطمة الزهراء)س( بندرعباس,هرمزگان,در جدول ذکر نشده,,تعهد خدمت,1,زن,در جدول ذکر نشده,ادامه مخصوص داوطلبان بومی استان هرمزگان؛ پردیس فاطمة الزهراء)س( بندرعباس/ اولویت پذیرش با داوطلبان بومی شهرستان بندرلنگه/محل خدمت شیب کوه هرمزگان؛ پذیرش دانشجو‌معلم با تعهد خدمت؛ ضوابط بخش فرهنگیان دفترچه,1401-humanities-booklet,238,1401-humanities-booklet,238,کدرشته‌محل منبع: 46620؛ عنوان رشته در منبع: آموزش ابتدایی؛ نحوه پذیرش: با آزمون (بخش دانشجو‌معلم)؛ استان در این ردیف مربوط به بومی‌گزینی/محل خدمت است
1401,آموزش ابتدایی,دانشگاه فرهنگیان,پردیس فاطمة الزهراء)س( بندرعباس,هرمزگان,در جدول ذکر نشده,,تعهد خدمت,1,زن,در جدول ذکر نشده,ادامه مخصوص داوطلبان بومی استان هرمزگان؛ پردیس فاطمة الزهراء)س( بندرعباس/ اولویت پذیرش با داوطلبان بومی شهرستان قشم/محل خدمت شهاب؛ پذیرش دانشجو‌معلم با تعهد خدمت؛ ضوابط بخش فرهنگیان دفترچه,1401-humanities-booklet,238,1401-humanities-booklet,238,کدرشته‌محل منبع: 46621؛ عنوان رشته در منبع: آموزش ابتدایی؛ نحوه پذیرش: با آزمون (بخش دانشجو‌معلم)؛ استان در این ردیف مربوط به بومی‌گزینی/محل خدمت است
1401,آموزش ابتدایی,دانشگاه فرهنگیان,پردیس فاطمة الزهراء)س( بندرعباس,هرمزگان,در جدول ذکر نشده,,تعهد خدمت,1,زن,در جدول ذکر نشده,ادامه مخصوص داوطلبان بومی استان هرمزگان؛ پردیس فاطمة الزهراء)س( بندرعباس/ اولویت پذیرش با داوطلبان بومی شهرستان بستک/محل خدمت بستک؛ پذیرش دانشجو‌معلم با تعهد خدمت؛ ضوابط بخش فرهنگیان دفترچه,1401-humanities-booklet,238,1401-humanities-booklet,238,کدرشته‌محل منبع: 46622؛ عنوان رشته در منبع: آموزش ابتدایی؛ نحوه پذیرش: با آزمون (بخش دانشجو‌معلم)؛ استان در این ردیف مربوط به بومی‌گزینی/محل خدمت است
1401,آموزش ابتدایی,دانشگاه فرهنگیان,,هرمزگان,در جدول ذکر نشده,,تعهد خدمت,1,زن,در جدول ذکر نشده,ادامه مخصوص داوطلبان بومی استان هرمزگان؛ /پردیس فاطمة الزهراء)س( بندرعباس اولویت پذیرش با داوطلبان بومی شهرستانهای بندرعباس، ابوموسی، خمیر/محل خدمت فین؛ پذیرش دانشجو‌معلم با تعهد خدمت؛ ضوابط بخش فرهنگیان دفترچه,1401-humanities-booklet,238,1401-humanities-booklet,238,کدرشته‌محل منبع: 46623؛ عنوان رشته در منبع: آموزش ابتدایی؛ نحوه پذیرش: با آزمون (بخش دانشجو‌معلم)؛ استان در این ردیف مربوط به بومی‌گزینی/محل خدمت است
1401,آموزش ابتدایی,دانشگاه فرهنگیان,پردیس فاطمة الزهراء)س( بندرعباس,هرمزگان,در جدول ذکر نشده,,تعهد خدمت,1,زن,در جدول ذکر نشده,ادامه مخصوص داوطلبان بومی استان هرمزگان؛ پردیس فاطمة الزهراء)س( بندرعباس/ اولویت پذیرش با داوطلبان بومی شهرستانهای بندرعباس، ابوموسی، خمیر/محل خدمت هرمز؛ پذیرش دانشجو‌معلم با تعهد خدمت؛ ضوابط بخش فرهنگیان دفترچه,1401-humanities-booklet,238,1401-humanities-booklet,238,کدرشته‌محل منبع: 46624؛ عنوان رشته در منبع: آموزش ابتدایی؛ نحوه پذیرش: با آزمون (بخش دانشجو‌معلم)؛ استان در این ردیف مربوط به بومی‌گزینی/محل خدمت است
1401,آموزش ابتدایی,دانشگاه فرهنگیان,پردیس فاطمة الزهراء)س( بندرعباس,هرمزگان,در جدول ذکر نشده,,تعهد خدمت,2,زن,در جدول ذکر نشده,ادامه مخصوص داوطلبان بومی استان هرمزگان؛ پردیس فاطمة الزهراء)س( بندرعباس/ اولویت پذیرش با داوطلبان بومی شهرستان بستک/محل خدمت جناح؛ پذیرش دانشجو‌معلم با تعهد خدمت؛ ضوابط بخش فرهنگیان دفترچه,1401-humanities-booklet,238,1401-humanities-booklet,238,کدرشته‌محل منبع: 46625؛ عنوان رشته در منبع: آموزش ابتدایی؛ نحوه پذیرش: با آزمون (بخش دانشجو‌معلم)؛ استان در این ردیف مربوط به بومی‌گزینی/محل خدمت است
1401,آموزش ابتدایی,دانشگاه فرهنگیان,پردیس فاطمة الزهراء)س( بندرعباس,هرمزگان,در جدول ذکر نشده,,تعهد خدمت,1,زن,در جدول ذکر نشده,ادامه مخصوص داوطلبان بومی استان هرمزگان؛ پردیس فاطمة الزهراء)س( بندرعباس/ اولویت پذیرش با داوطلبان بومی شهرستان حاجی آباد/محل خدمت حاجی آباد؛ پذیرش دانشجو‌معلم با تعهد خدمت؛ ضوابط بخش فرهنگیان دفترچه,1401-humanities-booklet,238,1401-humanities-booklet,238,کدرشته‌محل منبع: 46626؛ عنوان رشته در منبع: آموزش ابتدایی؛ نحوه پذیرش: با آزمون (بخش دانشجو‌معلم)؛ استان در این ردیف مربوط به بومی‌گزینی/محل خدمت است
1401,آموزش ابتدایی,دانشگاه فرهنگیان,(پردیس فاطمة الزهراء)س بندرعباس,هرمزگان,در جدول ذکر نشده,,تعهد خدمت,2,زن,در جدول ذکر نشده,ادامه مخصوص داوطلبان بومی استان هرمزگان؛ (پردیس فاطمة الزهراء)س بندرعباس/ اولویت پذیرش با داوطلبان بومی شهرستانهای بندرعباس، ابوموسی، خمیر/محل خدمت خمیر؛ پذیرش دانشجو‌معلم با تعهد خدمت؛ ضوابط بخش فرهنگیان دفترچه,1401-humanities-booklet,238,1401-humanities-booklet,238,کدرشته‌محل منبع: 46627؛ عنوان رشته در منبع: آموزش ابتدایی؛ نحوه پذیرش: با آزمون (بخش دانشجو‌معلم)؛ استان در این ردیف مربوط به بومی‌گزینی/محل خدمت است
1401,آموزش ابتدایی,دانشگاه فرهنگیان,پردیس فاطمة الزهراء)س( بندرعباس,هرمزگان,در جدول ذکر نشده,,تعهد خدمت,5,زن,در جدول ذکر نشده,ادامه مخصوص داوطلبان بومی استان هرمزگان؛ پردیس فاطمة الزهراء)س( بندرعباس/ اولویت پذیرش با داوطلبان بومی شهرستانهای بشاگرد، جاسک، سیریک، رودان، میناب/محل خدمت رودان؛ پذیرش دانشجو‌معلم با تعهد خدمت؛ ضوابط بخش فرهنگیان دفترچه,1401-humanities-booklet,238,1401-humanities-booklet,238,کدرشته‌محل منبع: 46628؛ عنوان رشته در منبع: آموزش ابتدایی؛ نحوه پذیرش: با آزمون (بخش دانشجو‌معلم)؛ استان در این ردیف مربوط به بومی‌گزینی/محل خدمت است
1401,آموزش ابتدایی,دانشگاه فرهنگیان,پردیس فاطمة الزهراء)س( بندرعباس,هرمزگان,در جدول ذکر نشده,,تعهد خدمت,12,زن,در جدول ذکر نشده,ادامه مخصوص داوطلبان بومی استان هرمزگان؛ پردیس فاطمة الزهراء)س( بندرعباس/ اولویت پذیرش با داوطلبان بومی شهرستانهای بشاگرد، جاسک، سیریک، رودان، میناب/محل خدمت میناب؛ پذیرش دانشجو‌معلم با تعهد خدمت؛ ضوابط بخش فرهنگیان دفترچه,1401-humanities-booklet,238,1401-humanities-booklet,238,کدرشته‌محل منبع: 46629؛ عنوان رشته در منبع: آموزش ابتدایی؛ نحوه پذیرش: با آزمون (بخش دانشجو‌معلم)؛ استان در این ردیف مربوط به بومی‌گزینی/محل خدمت است
1401,آموزش ابتدایی,دانشگاه فرهنگیان,،پردیس فاطمة الزهراء)س( بندرعباس,هرمزگان,در جدول ذکر نشده,,تعهد خدمت,10,زن,در جدول ذکر نشده,ادامه مخصوص داوطلبان بومی استان هرمزگان؛ ،پردیس فاطمة الزهراء)س( بندرعباس/ اولویت پذیرش با داوطلبان بومی شهرستانهای بندرعباس، ابوموسی خمیر/محل خدمت بندرعباس .ناحیه2؛ پذیرش دانشجو‌معلم با تعهد خدمت؛ ضوابط بخش فرهنگیان دفترچه,1401-humanities-booklet,238,1401-humanities-booklet,238,کدرشته‌محل منبع: 46630؛ عنوان رشته در منبع: آموزش ابتدایی؛ نحوه پذیرش: با آزمون (بخش دانشجو‌معلم)؛ استان در این ردیف مربوط به بومی‌گزینی/محل خدمت است
1401,آموزش ابتدایی,دانشگاه فرهنگیان,پردیس فاطمة الزهراء)س( بندرعباس,هرمزگان,در جدول ذکر نشده,,تعهد خدمت,14,زن,در جدول ذکر نشده,ادامه مخصوص داوطلبان بومی استان هرمزگان؛ پردیس فاطمة الزهراء)س( بندرعباس/ اولویت پذیرش با داوطلبان بومی شهرستانهای بندرعباس، ابوموسی، خمیر/محل خدمت بندرعباس .ناحیه1؛ پذیرش دانشجو‌معلم با تعهد خدمت؛ ضوابط بخش فرهنگیان دفترچه,1401-humanities-booklet,238,1401-humanities-booklet,238,کدرشته‌محل منبع: 46631؛ عنوان رشته در منبع: آموزش ابتدایی؛ نحوه پذیرش: با آزمون (بخش دانشجو‌معلم)؛ استان در این ردیف مربوط به بومی‌گزینی/محل خدمت است
1401,آموزش ابتدایی,دانشگاه فرهنگیان,پردیس فاطمة الزهراء)س( بندرعباس,هرمزگان,در جدول ذکر نشده,,تعهد خدمت,1,زن,در جدول ذکر نشده,ادامه مخصوص داوطلبان بومی استان هرمزگان؛ پردیس فاطمة الزهراء)س( بندرعباس/ اولویت پذیرش با داوطلبان بومی شهرستان پارسیان/محل خدمت پارسیان؛ پذیرش دانشجو‌معلم با تعهد خدمت؛ ضوابط بخش فرهنگیان دفترچه,1401-humanities-booklet,238,1401-humanities-booklet,238,کدرشته‌محل منبع: 46632؛ عنوان رشته در منبع: آموزش ابتدایی؛ نحوه پذیرش: با آزمون (بخش دانشجو‌معلم)؛ استان در این ردیف مربوط به بومی‌گزینی/محل خدمت است
1401,آموزش ابتدایی,دانشگاه فرهنگیان,پردیس فاطمة الزهراء)س( بندرعباس,هرمزگان,در جدول ذکر نشده,,تعهد خدمت,2,زن,در جدول ذکر نشده,ادامه مخصوص داوطلبان بومی استان هرمزگان؛ پردیس فاطمة الزهراء)س( بندرعباس/ اولویت پذیرش با داوطلبان بومی شهرستانهای بشاگرد، جاسک، سیریک، رودان، میناب/محل خدمت سیریک؛ پذیرش دانشجو‌معلم با تعهد خدمت؛ ضوابط بخش فرهنگیان دفترچه,1401-humanities-booklet,238,1401-humanities-booklet,238,کدرشته‌محل منبع: 46633؛ عنوان رشته در منبع: آموزش ابتدایی؛ نحوه پذیرش: با آزمون (بخش دانشجو‌معلم)؛ استان در این ردیف مربوط به بومی‌گزینی/محل خدمت است
1401,آموزش ابتدایی,دانشگاه فرهنگیان,(پردیس فاطمة الزهراء)س بندرعباس,هرمزگان,در جدول ذکر نشده,,تعهد خدمت,1,زن,در جدول ذکر نشده,ادامه مخصوص داوطلبان بومی استان هرمزگان؛ (پردیس فاطمة الزهراء)س بندرعباس/ اولویت پذیرش با داوطلبان بومی شهرستانهای بشاگرد، جاسک، سیریک، رودان، میناب/محل خدمت بشاگرد؛ پذیرش دانشجو‌معلم با تعهد خدمت؛ ضوابط بخش فرهنگیان دفترچه,1401-humanities-booklet,238,1401-humanities-booklet,238,کدرشته‌محل منبع: 46634؛ عنوان رشته در منبع: آموزش ابتدایی؛ نحوه پذیرش: با آزمون (بخش دانشجو‌معلم)؛ استان در این ردیف مربوط به بومی‌گزینی/محل خدمت است
1401,آموزش ابتدایی,دانشگاه فرهنگیان,پردیس فاطمة الزهراء)س( بندرعباس,هرمزگان,در جدول ذکر نشده,,تعهد خدمت,5,زن,در جدول ذکر نشده,ادامه مخصوص داوطلبان بومی استان هرمزگان؛ پردیس فاطمة الزهراء)س( بندرعباس/ اولویت پذیرش با داوطلبان بومی شهرستان قشم/محل خدمت قشم؛ پذیرش دانشجو‌معلم با تعهد خدمت؛ ضوابط بخش فرهنگیان دفترچه,1401-humanities-booklet,238,1401-humanities-booklet,238,کدرشته‌محل منبع: 46635؛ عنوان رشته در منبع: آموزش ابتدایی؛ نحوه پذیرش: با آزمون (بخش دانشجو‌معلم)؛ استان در این ردیف مربوط به بومی‌گزینی/محل خدمت است
1401,آموزش ابتدایی,دانشگاه فرهنگیان,پردیس فاطمة الزهراء)س( بندرعباس,هرمزگان,در جدول ذکر نشده,,تعهد خدمت,2,زن,در جدول ذکر نشده,ادامه مخصوص داوطلبان بومی استان هرمزگان؛ پردیس فاطمة الزهراء)س( بندرعباس/ اولویت پذیرش با داوطلبان بومی شهرستان بندرلنگه/محل خدمت کیش؛ پذیرش دانشجو‌معلم با تعهد خدمت؛ ضوابط بخش فرهنگیان دفترچه,1401-humanities-booklet,238,1401-humanities-booklet,238,کدرشته‌محل منبع: 46636؛ عنوان رشته در منبع: آموزش ابتدایی؛ نحوه پذیرش: با آزمون (بخش دانشجو‌معلم)؛ استان در این ردیف مربوط به بومی‌گزینی/محل خدمت است
1401,آموزش ابتدایی,دانشگاه فرهنگیان,پردیس فاطمة الزهراء)س( بندرعباس,هرمزگان,در جدول ذکر نشده,,تعهد خدمت,1,زن,در جدول ذکر نشده,ادامه مخصوص داوطلبان بومی استان هرمزگان؛ پردیس فاطمة الزهراء)س( بندرعباس/ اولویت پذیرش با داوطلبان بومی شهرستانهای بشاگرد، جاسک، سیریک، رودان، میناب/محل خدمت رودخانه؛ پذیرش دانشجو‌معلم با تعهد خدمت؛ ضوابط بخش فرهنگیان دفترچه,1401-humanities-booklet,238,1401-humanities-booklet,238,کدرشته‌محل منبع: 46637؛ عنوان رشته در منبع: آموزش ابتدایی؛ نحوه پذیرش: با آزمون (بخش دانشجو‌معلم)؛ استان در این ردیف مربوط به بومی‌گزینی/محل خدمت است
1401,آموزش ابتدایی,دانشگاه فرهنگیان,پردیس فاطمة الزهراء)س( بندرعباس,هرمزگان,در جدول ذکر نشده,,تعهد خدمت,2,زن,در جدول ذکر نشده,ادامه مخصوص داوطلبان بومی استان هرمزگان؛ پردیس فاطمة الزهراء)س( بندرعباس/ اولویت پذیرش با داوطلبان بومی شهرستان بندرلنگه/محل خدمت بندرلنگه؛ پذیرش دانشجو‌معلم با تعهد خدمت؛ ضوابط بخش فرهنگیان دفترچه,1401-humanities-booklet,239,1401-humanities-booklet,239,کدرشته‌محل منبع: 46638؛ عنوان رشته در منبع: آموزش ابتدایی؛ نحوه پذیرش: با آزمون (بخش دانشجو‌معلم)؛ استان در این ردیف مربوط به بومی‌گزینی/محل خدمت است
1401,آموزش ابتدایی,دانشگاه فرهنگیان,پردیس فاطمة الزهراء)س( بندرعباس,هرمزگان,در جدول ذکر نشده,,تعهد خدمت,1,زن,در جدول ذکر نشده,ادامه مخصوص داوطلبان بومی استان هرمزگان؛ پردیس فاطمة الزهراء)س( بندرعباس/ اولویت پذیرش با داوطلبان بومی شهرستانهای بشاگرد، جاسک، سیریک، رودان، میناب/محل خدمت جاسک؛ پذیرش دانشجو‌معلم با تعهد خدمت؛ ضوابط بخش فرهنگیان دفترچه,1401-humanities-booklet,239,1401-humanities-booklet,239,کدرشته‌محل منبع: 46639؛ عنوان رشته در منبع: آموزش ابتدایی؛ نحوه پذیرش: با آزمون (بخش دانشجو‌معلم)؛ استان در این ردیف مربوط به بومی‌گزینی/محل خدمت است
1401,آموزش ابتدایی,دانشگاه فرهنگیان,پردیس فاطمة الزهراء)س( بندرعباس,هرمزگان,در جدول ذکر نشده,,تعهد خدمت,1,زن,در جدول ذکر نشده,ادامه مخصوص داوطلبان بومی استان هرمزگان؛ پردیس فاطمة الزهراء)س( بندرعباس/ اولویت پذیرش با داوطلبان بومی شهرستانهای بشاگرد، جاسک، سیریک، رودان، میناب/محل خدمت سندرک؛ پذیرش دانشجو‌معلم با تعهد خدمت؛ ضوابط بخش فرهنگیان دفترچه,1401-humanities-booklet,239,1401-humanities-booklet,239,کدرشته‌محل منبع: 46640؛ عنوان رشته در منبع: آموزش ابتدایی؛ نحوه پذیرش: با آزمون (بخش دانشجو‌معلم)؛ استان در این ردیف مربوط به بومی‌گزینی/محل خدمت است
1401,آموزش ابتدایی,دانشگاه فرهنگیان,پردیس شهید باهنر همدان,همدان,در جدول ذکر نشده,,تعهد خدمت,4,زن,در جدول ذکر نشده,ادامه مخصوص داوطلبان بومی استان همدان؛ پردیس شهید باهنر همدان/ اولویت پذیرش با داوطلبان بومی شهرستان اسد آباد/محل خدمت اسدآباد؛ پذیرش دانشجو‌معلم با تعهد خدمت؛ ضوابط بخش فرهنگیان دفترچه,1401-humanities-booklet,240,1401-humanities-booklet,240,کدرشته‌محل منبع: 46665؛ عنوان رشته در منبع: آموزش ابتدایی؛ نحوه پذیرش: با آزمون (بخش دانشجو‌معلم)؛ استان در این ردیف مربوط به بومی‌گزینی/محل خدمت است
1401,آموزش ابتدایی,دانشگاه فرهنگیان,پردیس شهید باهنر همدان,همدان,در جدول ذکر نشده,,تعهد خدمت,2,زن,در جدول ذکر نشده,ادامه مخصوص داوطلبان بومی استان همدان؛ پردیس شهید باهنر همدان/ اولویت پذیرش با داوطلبان بومی شهرستان بهار/محل خدمت بهار؛ پذیرش دانشجو‌معلم با تعهد خدمت؛ ضوابط بخش فرهنگیان دفترچه,1401-humanities-booklet,240,1401-humanities-booklet,240,کدرشته‌محل منبع: 46666؛ عنوان رشته در منبع: آموزش ابتدایی؛ نحوه پذیرش: با آزمون (بخش دانشجو‌معلم)؛ استان در این ردیف مربوط به بومی‌گزینی/محل خدمت است
1401,آموزش ابتدایی,دانشگاه فرهنگیان,پردیس شهید باهنر همدان,همدان,در جدول ذکر نشده,,تعهد خدمت,1,زن,در جدول ذکر نشده,ادامه مخصوص داوطلبان بومی استان همدان؛ پردیس شهید باهنر همدان/ اولویت پذیرش با داوطلبان بومی شهرستان تویسرکان/محل خدمت تویسرکان؛ پذیرش دانشجو‌معلم با تعهد خدمت؛ ضوابط بخش فرهنگیان دفترچه,1401-humanities-booklet,240,1401-humanities-booklet,240,کدرشته‌محل منبع: 46667؛ عنوان رشته در منبع: آموزش ابتدایی؛ نحوه پذیرش: با آزمون (بخش دانشجو‌معلم)؛ استان در این ردیف مربوط به بومی‌گزینی/محل خدمت است
1401,آموزش ابتدایی,دانشگاه فرهنگیان,پردیس شهید باهنر همدان,همدان,در جدول ذکر نشده,,تعهد خدمت,7,زن,در جدول ذکر نشده,ادامه مخصوص داوطلبان بومی استان همدان؛ پردیس شهید باهنر همدان/ اولویت پذیرش با داوطلبان بومی شهرستان ملایر/محل خدمت جوکار؛ پذیرش دانشجو‌معلم با تعهد خدمت؛ ضوابط بخش فرهنگیان دفترچه,1401-humanities-booklet,240,1401-humanities-booklet,240,کدرشته‌محل منبع: 46668؛ عنوان رشته در منبع: آموزش ابتدایی؛ نحوه پذیرش: با آزمون (بخش دانشجو‌معلم)؛ استان در این ردیف مربوط به بومی‌گزینی/محل خدمت است
1401,آموزش ابتدایی,دانشگاه فرهنگیان,پردیس شهید باهنر همدان,همدان,در جدول ذکر نشده,,تعهد خدمت,1,زن,در جدول ذکر نشده,ادامه مخصوص داوطلبان بومی استان همدان؛ پردیس شهید باهنر همدان/ اولویت پذیرش با داوطلبان بومی شهرستان نهاوند/محل خدمت خزل؛ پذیرش دانشجو‌معلم با تعهد خدمت؛ ضوابط بخش فرهنگیان دفترچه,1401-humanities-booklet,240,1401-humanities-booklet,240,کدرشته‌محل منبع: 46669؛ عنوان رشته در منبع: آموزش ابتدایی؛ نحوه پذیرش: با آزمون (بخش دانشجو‌معلم)؛ استان در این ردیف مربوط به بومی‌گزینی/محل خدمت است
1401,آموزش ابتدایی,دانشگاه فرهنگیان,پردیس شهید باهنر همدان,همدان,در جدول ذکر نشده,,تعهد خدمت,1,زن,در جدول ذکر نشده,ادامه مخصوص داوطلبان بومی استان همدان؛ پردیس شهید باهنر همدان/ اولویت پذیرش با داوطلبان بومی شهرستانهای رزن، درگزین/محل خدمت رزن؛ پذیرش دانشجو‌معلم با تعهد خدمت؛ ضوابط بخش فرهنگیان دفترچه,1401-humanities-booklet,240,1401-humanities-booklet,240,کدرشته‌محل منبع: 46670؛ عنوان رشته در منبع: آموزش ابتدایی؛ نحوه پذیرش: با آزمون (بخش دانشجو‌معلم)؛ استان در این ردیف مربوط به بومی‌گزینی/محل خدمت است
1401,آموزش ابتدایی,دانشگاه فرهنگیان,پردیس شهید باهنر همدان,همدان,در جدول ذکر نشده,,تعهد خدمت,2,زن,در جدول ذکر نشده,ادامه مخصوص داوطلبان بومی استان همدان؛ پردیس شهید باهنر همدان/ اولویت پذیرش با داوطلبان بومی شهرستان ملایر/محل خدمت سامن؛ پذیرش دانشجو‌معلم با تعهد خدمت؛ ضوابط بخش فرهنگیان دفترچه,1401-humanities-booklet,240,1401-humanities-booklet,240,کدرشته‌محل منبع: 46671؛ عنوان رشته در منبع: آموزش ابتدایی؛ نحوه پذیرش: با آزمون (بخش دانشجو‌معلم)؛ استان در این ردیف مربوط به بومی‌گزینی/محل خدمت است
1401,آموزش ابتدایی,دانشگاه فرهنگیان,پردیس شهید باهنر همدان,همدان,در جدول ذکر نشده,,تعهد خدمت,3,زن,در جدول ذکر نشده,ادامه مخصوص داوطلبان بومی استان همدان؛ پردیس شهید باهنر همدان/ اولویت پذیرش با داوطلبان بومی شهرستانهای رزن، درگزین/محل خدمت سردرود؛ پذیرش دانشجو‌معلم با تعهد خدمت؛ ضوابط بخش فرهنگیان دفترچه,1401-humanities-booklet,240,1401-humanities-booklet,240,کدرشته‌محل منبع: 46672؛ عنوان رشته در منبع: آموزش ابتدایی؛ نحوه پذیرش: با آزمون (بخش دانشجو‌معلم)؛ استان در این ردیف مربوط به بومی‌گزینی/محل خدمت است
1401,آموزش ابتدایی,دانشگاه فرهنگیان,پردیس شهید باهنر همدان,همدان,در جدول ذکر نشده,,تعهد خدمت,5,زن,در جدول ذکر نشده,ادامه مخصوص داوطلبان بومی استان همدان؛ پردیس شهید باهنر همدان/ اولویت پذیرش با داوطلبان بومی شهرستان فامنین/محل خدمت فامنین؛ پذیرش دانشجو‌معلم با تعهد خدمت؛ ضوابط بخش فرهنگیان دفترچه,1401-humanities-booklet,240,1401-humanities-booklet,240,کدرشته‌محل منبع: 46673؛ عنوان رشته در منبع: آموزش ابتدایی؛ نحوه پذیرش: با آزمون (بخش دانشجو‌معلم)؛ استان در این ردیف مربوط به بومی‌گزینی/محل خدمت است
1401,آموزش ابتدایی,دانشگاه فرهنگیان,پردیس شهید باهنر( همدان,همدان,در جدول ذکر نشده,,تعهد خدمت,1,زن,در جدول ذکر نشده,ادامه مخصوص داوطلبان بومی استان همدان؛ پردیس شهید باهنر( همدان/ اولویت پذیرش با داوطلبان بومی شهرستان تویسرکان/محل خدمت قلقل رود)فرسفج؛ پذیرش دانشجو‌معلم با تعهد خدمت؛ ضوابط بخش فرهنگیان دفترچه,1401-humanities-booklet,240,1401-humanities-booklet,240,کدرشته‌محل منبع: 46674؛ عنوان رشته در منبع: آموزش ابتدایی؛ نحوه پذیرش: با آزمون (بخش دانشجو‌معلم)؛ استان در این ردیف مربوط به بومی‌گزینی/محل خدمت است
1401,آموزش ابتدایی,دانشگاه فرهنگیان,پردیس شهید باهنر همدان,همدان,در جدول ذکر نشده,,تعهد خدمت,1,زن,در جدول ذکر نشده,ادامه مخصوص داوطلبان بومی استان همدان؛ پردیس شهید باهنر همدان/ اولویت پذیرش با داوطلبان بومی شهرستان همدان/محل خدمت قهاوند شرا؛ پذیرش دانشجو‌معلم با تعهد خدمت؛ ضوابط بخش فرهنگیان دفترچه,1401-humanities-booklet,240,1401-humanities-booklet,240,کدرشته‌محل منبع: 46675؛ عنوان رشته در منبع: آموزش ابتدایی؛ نحوه پذیرش: با آزمون (بخش دانشجو‌معلم)؛ استان در این ردیف مربوط به بومی‌گزینی/محل خدمت است
1401,آموزش ابتدایی,دانشگاه فرهنگیان,پردیس شهید باهنر همدان,همدان,در جدول ذکر نشده,,تعهد خدمت,6,زن,در جدول ذکر نشده,ادامه مخصوص داوطلبان بومی استان همدان؛ پردیس شهید باهنر همدان/ اولویت پذیرش با داوطلبان بومی شهرستان کبودراهنگ/محل خدمت کبوترآهنگ؛ پذیرش دانشجو‌معلم با تعهد خدمت؛ ضوابط بخش فرهنگیان دفترچه,1401-humanities-booklet,240,1401-humanities-booklet,240,کدرشته‌محل منبع: 46676؛ عنوان رشته در منبع: آموزش ابتدایی؛ نحوه پذیرش: با آزمون (بخش دانشجو‌معلم)؛ استان در این ردیف مربوط به بومی‌گزینی/محل خدمت است
1401,آموزش ابتدایی,دانشگاه فرهنگیان,پردیس شهید باهنر همدان,همدان,در جدول ذکر نشده,,تعهد خدمت,1,زن,در جدول ذکر نشده,ادامه مخصوص داوطلبان بومی استان همدان؛ پردیس شهید باهنر همدان/ اولویت پذیرش با داوطلبان بومی شهرستان کبودراهنگ/محل خدمت گل تپه؛ پذیرش دانشجو‌معلم با تعهد خدمت؛ ضوابط بخش فرهنگیان دفترچه,1401-humanities-booklet,240,1401-humanities-booklet,240,کدرشته‌محل منبع: 46677؛ عنوان رشته در منبع: آموزش ابتدایی؛ نحوه پذیرش: با آزمون (بخش دانشجو‌معلم)؛ استان در این ردیف مربوط به بومی‌گزینی/محل خدمت است
1401,آموزش ابتدایی,دانشگاه فرهنگیان,پردیس شهید باهنر همدان,همدان,در جدول ذکر نشده,,تعهد خدمت,2,زن,در جدول ذکر نشده,ادامه مخصوص داوطلبان بومی استان همدان؛ پردیس شهید باهنر همدان/ اولویت پذیرش با داوطلبان بومی شهرستان بهار/محل خدمت لالجین؛ پذیرش دانشجو‌معلم با تعهد خدمت؛ ضوابط بخش فرهنگیان دفترچه,1401-humanities-booklet,240,1401-humanities-booklet,240,کدرشته‌محل منبع: 46678؛ عنوان رشته در منبع: آموزش ابتدایی؛ نحوه پذیرش: با آزمون (بخش دانشجو‌معلم)؛ استان در این ردیف مربوط به بومی‌گزینی/محل خدمت است
1401,آموزش ابتدایی,دانشگاه فرهنگیان,پردیس شهید باهنر همدان,همدان,در جدول ذکر نشده,,تعهد خدمت,8,زن,در جدول ذکر نشده,ادامه مخصوص داوطلبان بومی استان همدان؛ پردیس شهید باهنر همدان/ اولویت پذیرش با داوطلبان بومی شهرستان ملایر/محل خدمت ملایر؛ پذیرش دانشجو‌معلم با تعهد خدمت؛ ضوابط بخش فرهنگیان دفترچه,1401-humanities-booklet,240,1401-humanities-booklet,240,کدرشته‌محل منبع: 46679؛ عنوان رشته در منبع: آموزش ابتدایی؛ نحوه پذیرش: با آزمون (بخش دانشجو‌معلم)؛ استان در این ردیف مربوط به بومی‌گزینی/محل خدمت است
1401,آموزش ابتدایی,دانشگاه فرهنگیان,پردیس شهید باهنر همدان,همدان,در جدول ذکر نشده,,تعهد خدمت,5,زن,در جدول ذکر نشده,ادامه مخصوص داوطلبان بومی استان همدان؛ پردیس شهید باهنر همدان/ اولویت پذیرش با داوطلبان بومی شهرستان نهاوند/محل خدمت نهاوند؛ پذیرش دانشجو‌معلم با تعهد خدمت؛ ضوابط بخش فرهنگیان دفترچه,1401-humanities-booklet,240,1401-humanities-booklet,240,کدرشته‌محل منبع: 46680؛ عنوان رشته در منبع: آموزش ابتدایی؛ نحوه پذیرش: با آزمون (بخش دانشجو‌معلم)؛ استان در این ردیف مربوط به بومی‌گزینی/محل خدمت است
1401,آموزش ابتدایی,دانشگاه فرهنگیان,پردیس شهید باهنر همدان,همدان,در جدول ذکر نشده,,تعهد خدمت,12,زن,در جدول ذکر نشده,ادامه مخصوص داوطلبان بومی استان همدان؛ پردیس شهید باهنر همدان/ اولویت پذیرش با داوطلبان بومی شهرستان همدان/محل خدمت همدان .ناحیه1؛ پذیرش دانشجو‌معلم با تعهد خدمت؛ ضوابط بخش فرهنگیان دفترچه,1401-humanities-booklet,240,1401-humanities-booklet,240,کدرشته‌محل منبع: 46681؛ عنوان رشته در منبع: آموزش ابتدایی؛ نحوه پذیرش: با آزمون (بخش دانشجو‌معلم)؛ استان در این ردیف مربوط به بومی‌گزینی/محل خدمت است
1401,آموزش ابتدایی,دانشگاه فرهنگیان,پردیس شهید باهنر همدان,همدان,در جدول ذکر نشده,,تعهد خدمت,13,زن,در جدول ذکر نشده,ادامه مخصوص داوطلبان بومی استان همدان؛ پردیس شهید باهنر همدان/ اولویت پذیرش با داوطلبان بومی شهرستان همدان/محل خدمت همدان .ناحیه2؛ پذیرش دانشجو‌معلم با تعهد خدمت؛ ضوابط بخش فرهنگیان دفترچه,1401-humanities-booklet,240,1401-humanities-booklet,240,کدرشته‌محل منبع: 46682؛ عنوان رشته در منبع: آموزش ابتدایی؛ نحوه پذیرش: با آزمون (بخش دانشجو‌معلم)؛ استان در این ردیف مربوط به بومی‌گزینی/محل خدمت است
1401,آموزش ابتدایی,دانشگاه فرهنگیان,پردیس شهید مقصودی همدان,همدان,در جدول ذکر نشده,,تعهد خدمت,6,مرد,در جدول ذکر نشده,ادامه مخصوص داوطلبان بومی استان همدان؛ پردیس شهید مقصودی همدان/ اولویت پذیرش با داوطلبان بومی شهرستان اسد آباد/محل خدمت اسدآباد؛ پذیرش دانشجو‌معلم با تعهد خدمت؛ ضوابط بخش فرهنگیان دفترچه,1401-humanities-booklet,240,1401-humanities-booklet,240,کدرشته‌محل منبع: 46683؛ عنوان رشته در منبع: آموزش ابتدایی؛ نحوه پذیرش: با آزمون (بخش دانشجو‌معلم)؛ استان در این ردیف مربوط به بومی‌گزینی/محل خدمت است
1401,آموزش ابتدایی,دانشگاه فرهنگیان,پردیس شهید مقصودی همدان,همدان,در جدول ذکر نشده,,تعهد خدمت,2,مرد,در جدول ذکر نشده,ادامه مخصوص داوطلبان بومی استان همدان؛ پردیس شهید مقصودی همدان/ اولویت پذیرش با داوطلبان بومی شهرستان بهار/محل خدمت بهار؛ پذیرش دانشجو‌معلم با تعهد خدمت؛ ضوابط بخش فرهنگیان دفترچه,1401-humanities-booklet,240,1401-humanities-booklet,240,کدرشته‌محل منبع: 46684؛ عنوان رشته در منبع: آموزش ابتدایی؛ نحوه پذیرش: با آزمون (بخش دانشجو‌معلم)؛ استان در این ردیف مربوط به بومی‌گزینی/محل خدمت است
1401,آموزش ابتدایی,دانشگاه فرهنگیان,پردیس شهید مقصودی همدان,همدان,در جدول ذکر نشده,,تعهد خدمت,2,مرد,در جدول ذکر نشده,ادامه مخصوص داوطلبان بومی استان همدان؛ پردیس شهید مقصودی همدان/ اولویت پذیرش با داوطلبان بومی شهرستان تویسرکان/محل خدمت تویسرکان؛ پذیرش دانشجو‌معلم با تعهد خدمت؛ ضوابط بخش فرهنگیان دفترچه,1401-humanities-booklet,240,1401-humanities-booklet,240,کدرشته‌محل منبع: 46685؛ عنوان رشته در منبع: آموزش ابتدایی؛ نحوه پذیرش: با آزمون (بخش دانشجو‌معلم)؛ استان در این ردیف مربوط به بومی‌گزینی/محل خدمت است
1401,آموزش ابتدایی,دانشگاه فرهنگیان,پردیس شهید مقصودی همدان,همدان,در جدول ذکر نشده,,تعهد خدمت,7,مرد,در جدول ذکر نشده,ادامه مخصوص داوطلبان بومی استان همدان؛ پردیس شهید مقصودی همدان/ اولویت پذیرش با داوطلبان بومی شهرستان ملایر/محل خدمت جوکار؛ پذیرش دانشجو‌معلم با تعهد خدمت؛ ضوابط بخش فرهنگیان دفترچه,1401-humanities-booklet,240,1401-humanities-booklet,240,کدرشته‌محل منبع: 46686؛ عنوان رشته در منبع: آموزش ابتدایی؛ نحوه پذیرش: با آزمون (بخش دانشجو‌معلم)؛ استان در این ردیف مربوط به بومی‌گزینی/محل خدمت است
1401,آموزش ابتدایی,دانشگاه فرهنگیان,پردیس شهید مقصودی همدان,همدان,در جدول ذکر نشده,,تعهد خدمت,1,مرد,در جدول ذکر نشده,ادامه مخصوص داوطلبان بومی استان همدان؛ پردیس شهید مقصودی همدان/ اولویت پذیرش با داوطلبان بومی شهرستان نهاوند/محل خدمت خزل؛ پذیرش دانشجو‌معلم با تعهد خدمت؛ ضوابط بخش فرهنگیان دفترچه,1401-humanities-booklet,240,1401-humanities-booklet,240,کدرشته‌محل منبع: 46687؛ عنوان رشته در منبع: آموزش ابتدایی؛ نحوه پذیرش: با آزمون (بخش دانشجو‌معلم)؛ استان در این ردیف مربوط به بومی‌گزینی/محل خدمت است
1401,آموزش ابتدایی,دانشگاه فرهنگیان,پردیس شهید مقصودی همدان,همدان,در جدول ذکر نشده,,تعهد خدمت,1,مرد,در جدول ذکر نشده,ادامه مخصوص داوطلبان بومی استان همدان؛ پردیس شهید مقصودی همدان/ اولویت پذیرش با داوطلبان بومی شهرستانهای رزن، درگزین/محل خدمت رزن؛ پذیرش دانشجو‌معلم با تعهد خدمت؛ ضوابط بخش فرهنگیان دفترچه,1401-humanities-booklet,241,1401-humanities-booklet,241,کدرشته‌محل منبع: 46688؛ عنوان رشته در منبع: آموزش ابتدایی؛ نحوه پذیرش: با آزمون (بخش دانشجو‌معلم)؛ استان در این ردیف مربوط به بومی‌گزینی/محل خدمت است
1401,آموزش ابتدایی,دانشگاه فرهنگیان,پردیس شهید مقصودی همدان,همدان,در جدول ذکر نشده,,تعهد خدمت,3,مرد,در جدول ذکر نشده,ادامه مخصوص داوطلبان بومی استان همدان؛ پردیس شهید مقصودی همدان/ اولویت پذیرش با داوطلبان بومی شهرستان ملایر/محل خدمت سامن؛ پذیرش دانشجو‌معلم با تعهد خدمت؛ ضوابط بخش فرهنگیان دفترچه,1401-humanities-booklet,241,1401-humanities-booklet,241,کدرشته‌محل منبع: 46689؛ عنوان رشته در منبع: آموزش ابتدایی؛ نحوه پذیرش: با آزمون (بخش دانشجو‌معلم)؛ استان در این ردیف مربوط به بومی‌گزینی/محل خدمت است
1401,آموزش ابتدایی,دانشگاه فرهنگیان,پردیس شهید مقصودی همدان,همدان,در جدول ذکر نشده,,تعهد خدمت,4,مرد,در جدول ذکر نشده,ادامه مخصوص داوطلبان بومی استان همدان؛ پردیس شهید مقصودی همدان/ اولویت پذیرش با داوطلبان بومی شهرستانهای رزن، درگزین/محل خدمت سردرود؛ پذیرش دانشجو‌معلم با تعهد خدمت؛ ضوابط بخش فرهنگیان دفترچه,1401-humanities-booklet,241,1401-humanities-booklet,241,کدرشته‌محل منبع: 46690؛ عنوان رشته در منبع: آموزش ابتدایی؛ نحوه پذیرش: با آزمون (بخش دانشجو‌معلم)؛ استان در این ردیف مربوط به بومی‌گزینی/محل خدمت است
1401,آموزش ابتدایی,دانشگاه فرهنگیان,پردیس شهید مقصودی همدان,همدان,در جدول ذکر نشده,,تعهد خدمت,10,مرد,در جدول ذکر نشده,ادامه مخصوص داوطلبان بومی استان همدان؛ پردیس شهید مقصودی همدان/ اولویت پذیرش با داوطلبان بومی شهرستان فامنین/محل خدمت فامنین؛ پذیرش دانشجو‌معلم با تعهد خدمت؛ ضوابط بخش فرهنگیان دفترچه,1401-humanities-booklet,241,1401-humanities-booklet,241,کدرشته‌محل منبع: 46691؛ عنوان رشته در منبع: آموزش ابتدایی؛ نحوه پذیرش: با آزمون (بخش دانشجو‌معلم)؛ استان در این ردیف مربوط به بومی‌گزینی/محل خدمت است
1401,آموزش ابتدایی,دانشگاه فرهنگیان,پردیس شهید مقصودی همدان,همدان,در جدول ذکر نشده,,تعهد خدمت,1,مرد,در جدول ذکر نشده,ادامه مخصوص داوطلبان بومی استان همدان؛ پردیس شهید مقصودی همدان/ اولویت پذیرش با داوطلبان بومی شهرستانهای رزن، درگزین/محل خدمت قروه درجزین؛ پذیرش دانشجو‌معلم با تعهد خدمت؛ ضوابط بخش فرهنگیان دفترچه,1401-humanities-booklet,241,1401-humanities-booklet,241,کدرشته‌محل منبع: 46692؛ عنوان رشته در منبع: آموزش ابتدایی؛ نحوه پذیرش: با آزمون (بخش دانشجو‌معلم)؛ استان در این ردیف مربوط به بومی‌گزینی/محل خدمت است
1401,آموزش ابتدایی,دانشگاه فرهنگیان,پردیس شهید( مقصودی همدان,همدان,در جدول ذکر نشده,,تعهد خدمت,1,مرد,در جدول ذکر نشده,ادامه مخصوص داوطلبان بومی استان همدان؛ پردیس شهید( مقصودی همدان/ اولویت پذیرش با داوطلبان بومی شهرستان تویسرکان/محل خدمت قلقل رود)فرسفج؛ پذیرش دانشجو‌معلم با تعهد خدمت؛ ضوابط بخش فرهنگیان دفترچه,1401-humanities-booklet,241,1401-humanities-booklet,241,کدرشته‌محل منبع: 46693؛ عنوان رشته در منبع: آموزش ابتدایی؛ نحوه پذیرش: با آزمون (بخش دانشجو‌معلم)؛ استان در این ردیف مربوط به بومی‌گزینی/محل خدمت است
1401,آموزش ابتدایی,دانشگاه فرهنگیان,پردیس شهید مقصودی همدان,همدان,در جدول ذکر نشده,,تعهد خدمت,2,مرد,در جدول ذکر نشده,ادامه مخصوص داوطلبان بومی استان همدان؛ پردیس شهید مقصودی همدان/ اولویت پذیرش با داوطلبان بومی شهرستان همدان/محل خدمت قهاوند شرا؛ پذیرش دانشجو‌معلم با تعهد خدمت؛ ضوابط بخش فرهنگیان دفترچه,1401-humanities-booklet,241,1401-humanities-booklet,241,کدرشته‌محل منبع: 46694؛ عنوان رشته در منبع: آموزش ابتدایی؛ نحوه پذیرش: با آزمون (بخش دانشجو‌معلم)؛ استان در این ردیف مربوط به بومی‌گزینی/محل خدمت است
1401,آموزش ابتدایی,دانشگاه فرهنگیان,,همدان,در جدول ذکر نشده,,تعهد خدمت,10,مرد,در جدول ذکر نشده,ادامه مخصوص داوطلبان بومی استان همدان؛ /پردیس شهید مقصودی همدان اولویت پذیرش با داوطلبان بومی شهرستان کبودراهنگ/محل خدمت کبوترآهنگ؛ پذیرش دانشجو‌معلم با تعهد خدمت؛ ضوابط بخش فرهنگیان دفترچه,1401-humanities-booklet,241,1401-humanities-booklet,241,کدرشته‌محل منبع: 46695؛ عنوان رشته در منبع: آموزش ابتدایی؛ نحوه پذیرش: با آزمون (بخش دانشجو‌معلم)؛ استان در این ردیف مربوط به بومی‌گزینی/محل خدمت است
1401,آموزش ابتدایی,دانشگاه فرهنگیان,پردیس شهید مقصودی همدان,همدان,در جدول ذکر نشده,,تعهد خدمت,2,مرد,در جدول ذکر نشده,ادامه مخصوص داوطلبان بومی استان همدان؛ پردیس شهید مقصودی همدان/ اولویت پذیرش با داوطلبان بومی شهرستان کبودراهنگ/محل خدمت گل تپه؛ پذیرش دانشجو‌معلم با تعهد خدمت؛ ضوابط بخش فرهنگیان دفترچه,1401-humanities-booklet,241,1401-humanities-booklet,241,کدرشته‌محل منبع: 46696؛ عنوان رشته در منبع: آموزش ابتدایی؛ نحوه پذیرش: با آزمون (بخش دانشجو‌معلم)؛ استان در این ردیف مربوط به بومی‌گزینی/محل خدمت است
1401,آموزش ابتدایی,دانشگاه فرهنگیان,پردیس شهید مقصودی همدان,همدان,در جدول ذکر نشده,,تعهد خدمت,3,مرد,در جدول ذکر نشده,ادامه مخصوص داوطلبان بومی استان همدان؛ پردیس شهید مقصودی همدان/ اولویت پذیرش با داوطلبان بومی شهرستان بهار/محل خدمت لالجین؛ پذیرش دانشجو‌معلم با تعهد خدمت؛ ضوابط بخش فرهنگیان دفترچه,1401-humanities-booklet,241,1401-humanities-booklet,241,کدرشته‌محل منبع: 46697؛ عنوان رشته در منبع: آموزش ابتدایی؛ نحوه پذیرش: با آزمون (بخش دانشجو‌معلم)؛ استان در این ردیف مربوط به بومی‌گزینی/محل خدمت است
1401,آموزش ابتدایی,دانشگاه فرهنگیان,پردیس شهید مقصودی همدان,همدان,در جدول ذکر نشده,,تعهد خدمت,13,مرد,در جدول ذکر نشده,ادامه مخصوص داوطلبان بومی استان همدان؛ پردیس شهید مقصودی همدان/ اولویت پذیرش با داوطلبان بومی شهرستان ملایر/محل خدمت ملایر؛ پذیرش دانشجو‌معلم با تعهد خدمت؛ ضوابط بخش فرهنگیان دفترچه,1401-humanities-booklet,241,1401-humanities-booklet,241,کدرشته‌محل منبع: 46698؛ عنوان رشته در منبع: آموزش ابتدایی؛ نحوه پذیرش: با آزمون (بخش دانشجو‌معلم)؛ استان در این ردیف مربوط به بومی‌گزینی/محل خدمت است
1401,آموزش ابتدایی,دانشگاه فرهنگیان,پردیس شهید مقصودی همدان,همدان,در جدول ذکر نشده,,تعهد خدمت,7,مرد,در جدول ذکر نشده,ادامه مخصوص داوطلبان بومی استان همدان؛ پردیس شهید مقصودی همدان/ اولویت پذیرش با داوطلبان بومی شهرستان نهاوند/محل خدمت نهاوند؛ پذیرش دانشجو‌معلم با تعهد خدمت؛ ضوابط بخش فرهنگیان دفترچه,1401-humanities-booklet,241,1401-humanities-booklet,241,کدرشته‌محل منبع: 46699؛ عنوان رشته در منبع: آموزش ابتدایی؛ نحوه پذیرش: با آزمون (بخش دانشجو‌معلم)؛ استان در این ردیف مربوط به بومی‌گزینی/محل خدمت است
1401,آموزش ابتدایی,دانشگاه فرهنگیان,پردیس شهید مقصودی همدان,همدان,در جدول ذکر نشده,,تعهد خدمت,19,مرد,در جدول ذکر نشده,ادامه مخصوص داوطلبان بومی استان همدان؛ پردیس شهید مقصودی همدان/ اولویت پذیرش با داوطلبان بومی شهرستان همدان/محل خدمت همدان .ناحیه1؛ پذیرش دانشجو‌معلم با تعهد خدمت؛ ضوابط بخش فرهنگیان دفترچه,1401-humanities-booklet,241,1401-humanities-booklet,241,کدرشته‌محل منبع: 46700؛ عنوان رشته در منبع: آموزش ابتدایی؛ نحوه پذیرش: با آزمون (بخش دانشجو‌معلم)؛ استان در این ردیف مربوط به بومی‌گزینی/محل خدمت است
1401,آموزش ابتدایی,دانشگاه فرهنگیان,پردیس شهید مقصودی همدان,همدان,در جدول ذکر نشده,,تعهد خدمت,19,مرد,در جدول ذکر نشده,ادامه مخصوص داوطلبان بومی استان همدان؛ پردیس شهید مقصودی همدان/ اولویت پذیرش با داوطلبان بومی شهرستان همدان/محل خدمت همدان .ناحیه2؛ پذیرش دانشجو‌معلم با تعهد خدمت؛ ضوابط بخش فرهنگیان دفترچه,1401-humanities-booklet,241,1401-humanities-booklet,241,کدرشته‌محل منبع: 46701؛ عنوان رشته در منبع: آموزش ابتدایی؛ نحوه پذیرش: با آزمون (بخش دانشجو‌معلم)؛ استان در این ردیف مربوط به بومی‌گزینی/محل خدمت است
1401,آموزش ابتدایی,دانشگاه فرهنگیان,پردیس شهید پاک نژاد یزد,یزد,در جدول ذکر نشده,,تعهد خدمت,10,مرد,در جدول ذکر نشده,ادامه مخصوص داوطلبان بومی استان یزد؛ پردیس شهید پاک نژاد یزد/ اولویت پذیرش با داوطلبان بومی شهرستانهای تفت، ابرکوه/محل خدمت ابرکوه؛ پذیرش دانشجو‌معلم با تعهد خدمت؛ ضوابط بخش فرهنگیان دفترچه,1401-humanities-booklet,242,1401-humanities-booklet,242,کدرشته‌محل منبع: 46718؛ عنوان رشته در منبع: آموزش ابتدایی؛ نحوه پذیرش: با آزمون (بخش دانشجو‌معلم)؛ استان در این ردیف مربوط به بومی‌گزینی/محل خدمت است
1401,آموزش ابتدایی,دانشگاه فرهنگیان,,یزد,در جدول ذکر نشده,,تعهد خدمت,19,مرد,در جدول ذکر نشده,ادامه مخصوص داوطلبان بومی استان یزد؛ /پردیس شهید پاک نژاد یزد اولویت پذیرش با داوطلبان بومی شهرستانهای میبد، اردکان، صدوق) اشکذر(/محل خدمت اردکان؛ پذیرش دانشجو‌معلم با تعهد خدمت؛ ضوابط بخش فرهنگیان دفترچه,1401-humanities-booklet,242,1401-humanities-booklet,242,کدرشته‌محل منبع: 46719؛ عنوان رشته در منبع: آموزش ابتدایی؛ نحوه پذیرش: با آزمون (بخش دانشجو‌معلم)؛ استان در این ردیف مربوط به بومی‌گزینی/محل خدمت است
1401,آموزش ابتدایی,دانشگاه فرهنگیان,پردیس شهید پاک نژاد یزد,یزد,در جدول ذکر نشده,,تعهد خدمت,2,مرد,در جدول ذکر نشده,ادامه مخصوص داوطلبان بومی استان یزد؛ پردیس شهید پاک نژاد یزد/ اولویت پذیرش با داوطلبان بومی شهرستانهای میبد، اردکان، صدوق) اشکذر(/محل خدمت صدوق؛ پذیرش دانشجو‌معلم با تعهد خدمت؛ ضوابط بخش فرهنگیان دفترچه,1401-humanities-booklet,242,1401-humanities-booklet,242,کدرشته‌محل منبع: 46720؛ عنوان رشته در منبع: آموزش ابتدایی؛ نحوه پذیرش: با آزمون (بخش دانشجو‌معلم)؛ استان در این ردیف مربوط به بومی‌گزینی/محل خدمت است
1401,آموزش ابتدایی,دانشگاه فرهنگیان,پردیس شهید پاک نژاد یزد,یزد,در جدول ذکر نشده,,تعهد خدمت,5,مرد,در جدول ذکر نشده,ادامه مخصوص داوطلبان بومی استان یزد؛ پردیس شهید پاک نژاد یزد/ اولویت پذیرش با داوطلبان بومی شهرستانهای بهاباد، بافق/محل خدمت بافق؛ پذیرش دانشجو‌معلم با تعهد خدمت؛ ضوابط بخش فرهنگیان دفترچه,1401-humanities-booklet,242,1401-humanities-booklet,242,کدرشته‌محل منبع: 46721؛ عنوان رشته در منبع: آموزش ابتدایی؛ نحوه پذیرش: با آزمون (بخش دانشجو‌معلم)؛ استان در این ردیف مربوط به بومی‌گزینی/محل خدمت است
1401,آموزش ابتدایی,دانشگاه فرهنگیان,پردیس شهید پاک نژاد یزد,یزد,در جدول ذکر نشده,,تعهد خدمت,2,مرد,در جدول ذکر نشده,ادامه مخصوص داوطلبان بومی استان یزد؛ پردیس شهید پاک نژاد یزد/ اولویت پذیرش با داوطلبان بومی شهرستانهای بهاباد، بافق/محل خدمت بهاباد؛ پذیرش دانشجو‌معلم با تعهد خدمت؛ ضوابط بخش فرهنگیان دفترچه,1401-humanities-booklet,242,1401-humanities-booklet,242,کدرشته‌محل منبع: 46722؛ عنوان رشته در منبع: آموزش ابتدایی؛ نحوه پذیرش: با آزمون (بخش دانشجو‌معلم)؛ استان در این ردیف مربوط به بومی‌گزینی/محل خدمت است
1401,آموزش ابتدایی,دانشگاه فرهنگیان,,یزد,در جدول ذکر نشده,,تعهد خدمت,6,مرد,در جدول ذکر نشده,ادامه مخصوص داوطلبان بومی استان یزد؛ /پردیس شهید پاک نژاد یزد اولویت پذیرش با داوطلبان بومی شهرستانهای تفت، ابرکوه/محل خدمت تفت؛ پذیرش دانشجو‌معلم با تعهد خدمت؛ ضوابط بخش فرهنگیان دفترچه,1401-humanities-booklet,242,1401-humanities-booklet,242,کدرشته‌محل منبع: 46723؛ عنوان رشته در منبع: آموزش ابتدایی؛ نحوه پذیرش: با آزمون (بخش دانشجو‌معلم)؛ استان در این ردیف مربوط به بومی‌گزینی/محل خدمت است
1401,آموزش ابتدایی,دانشگاه فرهنگیان,پردیس شهید پاک نژاد یزد,یزد,در جدول ذکر نشده,,تعهد خدمت,2,مرد,در جدول ذکر نشده,ادامه مخصوص داوطلبان بومی استان یزد؛ پردیس شهید پاک نژاد یزد/ اولویت پذیرش با داوطلبان بومی شهرستانهای مهریز، خاتم/محل خدمت خاتم؛ پذیرش دانشجو‌معلم با تعهد خدمت؛ ضوابط بخش فرهنگیان دفترچه,1401-humanities-booklet,242,1401-humanities-booklet,242,کدرشته‌محل منبع: 46724؛ عنوان رشته در منبع: آموزش ابتدایی؛ نحوه پذیرش: با آزمون (بخش دانشجو‌معلم)؛ استان در این ردیف مربوط به بومی‌گزینی/محل خدمت است
1401,آموزش ابتدایی,دانشگاه فرهنگیان,پردیس شهید پاک نژاد یزد,یزد,در جدول ذکر نشده,,تعهد خدمت,2,مرد,در جدول ذکر نشده,ادامه مخصوص داوطلبان بومی استان یزد؛ پردیس شهید پاک نژاد یزد/ اولویت پذیرش با داوطلبان بومی شهرستان یزد/محل خدمت زارچ؛ پذیرش دانشجو‌معلم با تعهد خدمت؛ ضوابط بخش فرهنگیان دفترچه,1401-humanities-booklet,242,1401-humanities-booklet,242,کدرشته‌محل منبع: 46725؛ عنوان رشته در منبع: آموزش ابتدایی؛ نحوه پذیرش: با آزمون (بخش دانشجو‌معلم)؛ استان در این ردیف مربوط به بومی‌گزینی/محل خدمت است
1401,آموزش ابتدایی,دانشگاه فرهنگیان,پردیس شهید پاک نژاد یزد,یزد,در جدول ذکر نشده,,تعهد خدمت,2,مرد,در جدول ذکر نشده,ادامه مخصوص داوطلبان بومی استان یزد؛ پردیس شهید پاک نژاد یزد/ اولویت پذیرش با داوطلبان بومی شهرستانهای مهریز، خاتم/محل خدمت مروست؛ پذیرش دانشجو‌معلم با تعهد خدمت؛ ضوابط بخش فرهنگیان دفترچه,1401-humanities-booklet,242,1401-humanities-booklet,242,کدرشته‌محل منبع: 46726؛ عنوان رشته در منبع: آموزش ابتدایی؛ نحوه پذیرش: با آزمون (بخش دانشجو‌معلم)؛ استان در این ردیف مربوط به بومی‌گزینی/محل خدمت است
1401,آموزش ابتدایی,دانشگاه فرهنگیان,پردیس شهید پاک نژاد یزد,یزد,در جدول ذکر نشده,,تعهد خدمت,2,مرد,در جدول ذکر نشده,ادامه مخصوص داوطلبان بومی استان یزد؛ پردیس شهید پاک نژاد یزد/ اولویت پذیرش با داوطلبان بومی شهرستانهای مهریز، خاتم/محل خدمت مهریز؛ پذیرش دانشجو‌معلم با تعهد خدمت؛ ضوابط بخش فرهنگیان دفترچه,1401-humanities-booklet,242,1401-humanities-booklet,242,کدرشته‌محل منبع: 46727؛ عنوان رشته در منبع: آموزش ابتدایی؛ نحوه پذیرش: با آزمون (بخش دانشجو‌معلم)؛ استان در این ردیف مربوط به بومی‌گزینی/محل خدمت است
1401,آموزش ابتدایی,دانشگاه فرهنگیان,پردیس شهید پاک نژاد یزد,یزد,در جدول ذکر نشده,,تعهد خدمت,19,مرد,در جدول ذکر نشده,ادامه مخصوص داوطلبان بومی استان یزد؛ پردیس شهید پاک نژاد یزد/ اولویت پذیرش با داوطلبان بومی شهرستانهای میبد، اردکان، صدوق) اشکذر(/محل خدمت میبد؛ پذیرش دانشجو‌معلم با تعهد خدمت؛ ضوابط بخش فرهنگیان دفترچه,1401-humanities-booklet,242,1401-humanities-booklet,242,کدرشته‌محل منبع: 46728؛ عنوان رشته در منبع: آموزش ابتدایی؛ نحوه پذیرش: با آزمون (بخش دانشجو‌معلم)؛ استان در این ردیف مربوط به بومی‌گزینی/محل خدمت است
1401,آموزش ابتدایی,دانشگاه فرهنگیان,پردیس شهید پاک نژاد یزد,یزد,در جدول ذکر نشده,,تعهد خدمت,11,مرد,در جدول ذکر نشده,ادامه مخصوص داوطلبان بومی استان یزد؛ پردیس شهید پاک نژاد یزد/ اولویت پذیرش با داوطلبان بومی شهرستان یزد/محل خدمت یزد.ناحیه1؛ پذیرش دانشجو‌معلم با تعهد خدمت؛ ضوابط بخش فرهنگیان دفترچه,1401-humanities-booklet,242,1401-humanities-booklet,242,کدرشته‌محل منبع: 46729؛ عنوان رشته در منبع: آموزش ابتدایی؛ نحوه پذیرش: با آزمون (بخش دانشجو‌معلم)؛ استان در این ردیف مربوط به بومی‌گزینی/محل خدمت است
1401,آموزش ابتدایی,دانشگاه فرهنگیان,پردیس شهید پاک نژاد یزد,یزد,در جدول ذکر نشده,,تعهد خدمت,19,مرد,در جدول ذکر نشده,ادامه مخصوص داوطلبان بومی استان یزد؛ پردیس شهید پاک نژاد یزد/ اولویت پذیرش با داوطلبان بومی شهرستان یزد/محل خدمت یزد.ناحیه2؛ پذیرش دانشجو‌معلم با تعهد خدمت؛ ضوابط بخش فرهنگیان دفترچه,1401-humanities-booklet,242,1401-humanities-booklet,242,کدرشته‌محل منبع: 46730؛ عنوان رشته در منبع: آموزش ابتدایی؛ نحوه پذیرش: با آزمون (بخش دانشجو‌معلم)؛ استان در این ردیف مربوط به بومی‌گزینی/محل خدمت است
1401,آموزش ابتدایی,دانشگاه فرهنگیان,پردیس شهید پاک نژاد یزد,یزد,در جدول ذکر نشده,,تعهد خدمت,2,مرد,در جدول ذکر نشده,ادامه مخصوص داوطلبان بومی استان یزد؛ پردیس شهید پاک نژاد یزد/ اولویت پذیرش با داوطلبان بومی شهرستانهای تفت، ابرکوه/محل خدمت نیریزد؛ پذیرش دانشجو‌معلم با تعهد خدمت؛ ضوابط بخش فرهنگیان دفترچه,1401-humanities-booklet,242,1401-humanities-booklet,242,کدرشته‌محل منبع: 46731؛ عنوان رشته در منبع: آموزش ابتدایی؛ نحوه پذیرش: با آزمون (بخش دانشجو‌معلم)؛ استان در این ردیف مربوط به بومی‌گزینی/محل خدمت است
1401,آموزش ابتدایی,دانشگاه فرهنگیان,پردیس فاطمة الزهراء)س( یزد,یزد,در جدول ذکر نشده,,تعهد خدمت,6,زن,در جدول ذکر نشده,ادامه مخصوص داوطلبان بومی استان یزد؛ پردیس فاطمة الزهراء)س( یزد/ اولویت پذیرش با داوطلبان بومی شهرستانهای تفت، ابرکوه/محل خدمت ابرکوه؛ پذیرش دانشجو‌معلم با تعهد خدمت؛ ضوابط بخش فرهنگیان دفترچه,1401-humanities-booklet,242,1401-humanities-booklet,242,کدرشته‌محل منبع: 46732؛ عنوان رشته در منبع: آموزش ابتدایی؛ نحوه پذیرش: با آزمون (بخش دانشجو‌معلم)؛ استان در این ردیف مربوط به بومی‌گزینی/محل خدمت است
1401,آموزش ابتدایی,دانشگاه فرهنگیان,پردیس فاطمة الزهراء)س( یزد,یزد,در جدول ذکر نشده,,تعهد خدمت,13,زن,در جدول ذکر نشده,ادامه مخصوص داوطلبان بومی استان یزد؛ پردیس فاطمة الزهراء)س( یزد/ اولویت پذیرش با داوطلبان بومی شهرستانهای میبد، اردکان، صدوق) اشکذر(/محل خدمت اردکان؛ پذیرش دانشجو‌معلم با تعهد خدمت؛ ضوابط بخش فرهنگیان دفترچه,1401-humanities-booklet,242,1401-humanities-booklet,242,کدرشته‌محل منبع: 46733؛ عنوان رشته در منبع: آموزش ابتدایی؛ نحوه پذیرش: با آزمون (بخش دانشجو‌معلم)؛ استان در این ردیف مربوط به بومی‌گزینی/محل خدمت است
1401,آموزش ابتدایی,دانشگاه فرهنگیان,پردیس فاطمة الزهراء)س( یزد,یزد,در جدول ذکر نشده,,تعهد خدمت,1,زن,در جدول ذکر نشده,ادامه مخصوص داوطلبان بومی استان یزد؛ پردیس فاطمة الزهراء)س( یزد/ اولویت پذیرش با داوطلبان بومی شهرستانهای میبد، اردکان، صدوق) اشکذر(/محل خدمت صدوق؛ پذیرش دانشجو‌معلم با تعهد خدمت؛ ضوابط بخش فرهنگیان دفترچه,1401-humanities-booklet,242,1401-humanities-booklet,242,کدرشته‌محل منبع: 46734؛ عنوان رشته در منبع: آموزش ابتدایی؛ نحوه پذیرش: با آزمون (بخش دانشجو‌معلم)؛ استان در این ردیف مربوط به بومی‌گزینی/محل خدمت است
1401,آموزش ابتدایی,دانشگاه فرهنگیان,،پردیس فاطمة الزهراء)س( یزد,یزد,در جدول ذکر نشده,,تعهد خدمت,2,زن,در جدول ذکر نشده,ادامه مخصوص داوطلبان بومی استان یزد؛ ،پردیس فاطمة الزهراء)س( یزد/ اولویت پذیرش با داوطلبان بومی شهرستانهای بهاباد بافق/محل خدمت بافق؛ پذیرش دانشجو‌معلم با تعهد خدمت؛ ضوابط بخش فرهنگیان دفترچه,1401-humanities-booklet,242,1401-humanities-booklet,242,کدرشته‌محل منبع: 46735؛ عنوان رشته در منبع: آموزش ابتدایی؛ نحوه پذیرش: با آزمون (بخش دانشجو‌معلم)؛ استان در این ردیف مربوط به بومی‌گزینی/محل خدمت است
1401,آموزش ابتدایی,دانشگاه فرهنگیان,پردیس فاطمة الزهراء)س( یزد,یزد,در جدول ذکر نشده,,تعهد خدمت,1,زن,در جدول ذکر نشده,ادامه مخصوص داوطلبان بومی استان یزد؛ پردیس فاطمة الزهراء)س( یزد/ اولویت پذیرش با داوطلبان بومی شهرستانهای بهاباد، بافق/محل خدمت بهاباد؛ پذیرش دانشجو‌معلم با تعهد خدمت؛ ضوابط بخش فرهنگیان دفترچه,1401-humanities-booklet,242,1401-humanities-booklet,242,کدرشته‌محل منبع: 46736؛ عنوان رشته در منبع: آموزش ابتدایی؛ نحوه پذیرش: با آزمون (بخش دانشجو‌معلم)؛ استان در این ردیف مربوط به بومی‌گزینی/محل خدمت است
1401,آموزش ابتدایی,دانشگاه فرهنگیان,پردیس فاطمة الزهراء)س( یزد,یزد,در جدول ذکر نشده,,تعهد خدمت,4,زن,در جدول ذکر نشده,ادامه مخصوص داوطلبان بومی استان یزد؛ پردیس فاطمة الزهراء)س( یزد/ اولویت پذیرش با داوطلبان بومی شهرستانهای تفت، ابرکوه/محل خدمت تفت؛ پذیرش دانشجو‌معلم با تعهد خدمت؛ ضوابط بخش فرهنگیان دفترچه,1401-humanities-booklet,242,1401-humanities-booklet,242,کدرشته‌محل منبع: 46737؛ عنوان رشته در منبع: آموزش ابتدایی؛ نحوه پذیرش: با آزمون (بخش دانشجو‌معلم)؛ استان در این ردیف مربوط به بومی‌گزینی/محل خدمت است
1401,آموزش ابتدایی,دانشگاه فرهنگیان,پردیس فاطمة الزهراء)س( یزد,یزد,در جدول ذکر نشده,,تعهد خدمت,1,زن,در جدول ذکر نشده,ادامه مخصوص داوطلبان بومی استان یزد؛ پردیس فاطمة الزهراء)س( یزد/ اولویت پذیرش با داوطلبان بومی شهرستانهای مهریز، خاتم/محل خدمت خاتم؛ پذیرش دانشجو‌معلم با تعهد خدمت؛ ضوابط بخش فرهنگیان دفترچه,1401-humanities-booklet,242,1401-humanities-booklet,242,کدرشته‌محل منبع: 46738؛ عنوان رشته در منبع: آموزش ابتدایی؛ نحوه پذیرش: با آزمون (بخش دانشجو‌معلم)؛ استان در این ردیف مربوط به بومی‌گزینی/محل خدمت است
1401,آموزش ابتدایی,دانشگاه فرهنگیان,پردیس فاطمة الزهراء)س( یزد,یزد,در جدول ذکر نشده,,تعهد خدمت,1,زن,در جدول ذکر نشده,ادامه مخصوص داوطلبان بومی استان یزد؛ پردیس فاطمة الزهراء)س( یزد/ اولویت پذیرش با داوطلبان بومی شهرستان یزد/محل خدمت زارچ؛ پذیرش دانشجو‌معلم با تعهد خدمت؛ ضوابط بخش فرهنگیان دفترچه,1401-humanities-booklet,242,1401-humanities-booklet,242,کدرشته‌محل منبع: 46739؛ عنوان رشته در منبع: آموزش ابتدایی؛ نحوه پذیرش: با آزمون (بخش دانشجو‌معلم)؛ استان در این ردیف مربوط به بومی‌گزینی/محل خدمت است
1401,آموزش ابتدایی,دانشگاه فرهنگیان,پردیس فاطمة الزهراء)س( یزد,یزد,در جدول ذکر نشده,,تعهد خدمت,2,زن,در جدول ذکر نشده,ادامه مخصوص داوطلبان بومی استان یزد؛ پردیس فاطمة الزهراء)س( یزد/ اولویت پذیرش با داوطلبان بومی شهرستانهای مهریز، خاتم/محل خدمت مروست؛ پذیرش دانشجو‌معلم با تعهد خدمت؛ ضوابط بخش فرهنگیان دفترچه,1401-humanities-booklet,242,1401-humanities-booklet,242,کدرشته‌محل منبع: 46740؛ عنوان رشته در منبع: آموزش ابتدایی؛ نحوه پذیرش: با آزمون (بخش دانشجو‌معلم)؛ استان در این ردیف مربوط به بومی‌گزینی/محل خدمت است
1401,آموزش ابتدایی,دانشگاه فرهنگیان,پردیس فاطمة الزهراء)س( یزد,یزد,در جدول ذکر نشده,,تعهد خدمت,1,زن,در جدول ذکر نشده,ادامه مخصوص داوطلبان بومی استان یزد؛ پردیس فاطمة الزهراء)س( یزد/ اولویت پذیرش با داوطلبان بومی شهرستانهای مهریز، خاتم/محل خدمت مهریز؛ پذیرش دانشجو‌معلم با تعهد خدمت؛ ضوابط بخش فرهنگیان دفترچه,1401-humanities-booklet,242,1401-humanities-booklet,242,کدرشته‌محل منبع: 46741؛ عنوان رشته در منبع: آموزش ابتدایی؛ نحوه پذیرش: با آزمون (بخش دانشجو‌معلم)؛ استان در این ردیف مربوط به بومی‌گزینی/محل خدمت است
1401,آموزش ابتدایی,دانشگاه فرهنگیان,پردیس فاطمة الزهراء)س( یزد,یزد,در جدول ذکر نشده,,تعهد خدمت,13,زن,در جدول ذکر نشده,ادامه مخصوص داوطلبان بومی استان یزد؛ پردیس فاطمة الزهراء)س( یزد/ اولویت پذیرش با داوطلبان بومی شهرستانهای میبد، اردکان، صدوق) اشکذر(/محل خدمت میبد؛ پذیرش دانشجو‌معلم با تعهد خدمت؛ ضوابط بخش فرهنگیان دفترچه,1401-humanities-booklet,242,1401-humanities-booklet,242,کدرشته‌محل منبع: 46742؛ عنوان رشته در منبع: آموزش ابتدایی؛ نحوه پذیرش: با آزمون (بخش دانشجو‌معلم)؛ استان در این ردیف مربوط به بومی‌گزینی/محل خدمت است
1401,آموزش ابتدایی,دانشگاه فرهنگیان,پردیس فاطمة الزهراء)س( یزد,یزد,در جدول ذکر نشده,,تعهد خدمت,7,زن,در جدول ذکر نشده,ادامه مخصوص داوطلبان بومی استان یزد؛ پردیس فاطمة الزهراء)س( یزد/ اولویت پذیرش با داوطلبان بومی شهرستان یزد/محل خدمت یزد.ناحیه1؛ پذیرش دانشجو‌معلم با تعهد خدمت؛ ضوابط بخش فرهنگیان دفترچه,1401-humanities-booklet,242,1401-humanities-booklet,242,کدرشته‌محل منبع: 46743؛ عنوان رشته در منبع: آموزش ابتدایی؛ نحوه پذیرش: با آزمون (بخش دانشجو‌معلم)؛ استان در این ردیف مربوط به بومی‌گزینی/محل خدمت است
1401,آموزش ابتدایی,دانشگاه فرهنگیان,پردیس فاطمة الزهراء)س( یزد,یزد,در جدول ذکر نشده,,تعهد خدمت,13,زن,در جدول ذکر نشده,ادامه مخصوص داوطلبان بومی استان یزد؛ پردیس فاطمة الزهراء)س( یزد/ اولویت پذیرش با داوطلبان بومی شهرستان یزد/محل خدمت یزد.ناحیه2؛ پذیرش دانشجو‌معلم با تعهد خدمت؛ ضوابط بخش فرهنگیان دفترچه,1401-humanities-booklet,242,1401-humanities-booklet,242,کدرشته‌محل منبع: 46744؛ عنوان رشته در منبع: آموزش ابتدایی؛ نحوه پذیرش: با آزمون (بخش دانشجو‌معلم)؛ استان در این ردیف مربوط به بومی‌گزینی/محل خدمت است
1401,آموزش ابتدایی,دانشگاه فرهنگیان,پردیس فاطمة الزهراء)س( یزد,یزد,در جدول ذکر نشده,,تعهد خدمت,1,زن,در جدول ذکر نشده,ادامه مخصوص داوطلبان بومی استان یزد؛ پردیس فاطمة الزهراء)س( یزد/ اولویت پذیرش با داوطلبان بومی شهرستانهای تفت، ابرکوه/محل خدمت نیریزد؛ پذیرش دانشجو‌معلم با تعهد خدمت؛ ضوابط بخش فرهنگیان دفترچه,1401-humanities-booklet,242,1401-humanities-booklet,242,کدرشته‌محل منبع: 46745؛ عنوان رشته در منبع: آموزش ابتدایی؛ نحوه پذیرش: با آزمون (بخش دانشجو‌معلم)؛ استان در این ردیف مربوط به بومی‌گزینی/محل خدمت است
