سال,گروه آزمایشی,رتبه کشوری,رتبه در سهمیه,سهمیه,رشته قبولی,دانشگاه قبولی,نوع دوره قبولی,منبع
1404,تجربی,,,,پزشکی,دانشگاه آزاد اسلامی واحد اصفهان (خوراسگان),آزاد,sibtorsh
1404,تجربی,,,,پزشکی,دانشگاه آزاد اسلامی واحد پزشکی تهران,آزاد,sibtorsh
1404,تجربی,,,,پزشکی,دانشگاه آزاد اسلامی واحد پزشکی تهران,آزاد,sibtorsh
1404,تجربی,,,,پزشکی,دانشگاه آزاد اسلامی واحد تبریز,آزاد,sibtorsh
1404,تجربی,,,,پزشکی,دانشگاه علوم پزشکی اردبیل,نامشخص,sibtorsh
1404,تجربی,,,,پزشکی,دانشگاه علوم پزشکی ارومیه,نامشخص,sibtorsh
1404,تجربی,,,,پزشکی,دانشگاه علوم پزشکی ایلام,نامشخص,sibtorsh
1404,تجربی,,,,پزشکی,دانشگاه علوم پزشکی بقیةالله (عج),نامشخص,sibtorsh
1404,تجربی,,,,پزشکی,دانشگاه علوم پزشکی تبریز,نامشخص,sibtorsh
1404,تجربی,,,,پزشکی,دانشگاه علوم پزشکی تبریز,نامشخص,sibtorsh
1404,تجربی,,,,پزشکی,دانشگاه علوم پزشکی جندی شاپور اهواز,نامشخص,sibtorsh
1404,تجربی,,,,پزشکی,دانشگاه علوم پزشکی جندی شاپور اهواز,نامشخص,sibtorsh
1404,تجربی,,,,پزشکی,دانشگاه علوم پزشکی جهرم,نامشخص,sibtorsh
1404,تجربی,,,,پزشکی,دانشگاه علوم پزشکی خراسان شمالی - بجنورد,نامشخص,sibtorsh
1404,تجربی,,,,پزشکی,دانشگاه علوم پزشکی خراسان شمالی - بجنورد,نامشخص,sibtorsh
1404,تجربی,,,,پزشکی,دانشگاه علوم پزشکی زاهدان,نامشخص,sibtorsh
1404,تجربی,,,,پزشکی,دانشگاه علوم پزشکی زاهدان,نامشخص,sibtorsh
1404,تجربی,,,,پزشکی,دانشگاه علوم پزشکی سبزوار,نامشخص,sibtorsh
1404,تجربی,,,,پزشکی,دانشگاه علوم پزشکی سبزوار,نامشخص,sibtorsh
1404,تجربی,,,,پزشکی,دانشگاه علوم پزشکی سمنان,نامشخص,sibtorsh
1404,تجربی,,,,پزشکی,دانشگاه علوم پزشکی شاهرود,نامشخص,sibtorsh
1404,تجربی,,,,پزشکی,دانشگاه علوم پزشکی شهید صدوقی یزد,نامشخص,sibtorsh
1404,تجربی,,,,پزشکی,دانشگاه علوم پزشکی شهید صدوقی یزد,نامشخص,sibtorsh
1404,تجربی,,,,پزشکی,دانشگاه علوم پزشکی شهید صدوقی یزد,نامشخص,sibtorsh
1404,تجربی,,,,پزشکی,دانشگاه علوم پزشکی شیراز,نامشخص,sibtorsh
1404,تجربی,,,,پزشکی,دانشگاه علوم پزشکی قزوین,نامشخص,sibtorsh
1404,تجربی,,,,پزشکی,دانشگاه علوم پزشکی قم,نامشخص,sibtorsh
1404,تجربی,,,,پزشکی,دانشگاه علوم پزشکی کرمان,نامشخص,sibtorsh
1404,تجربی,,,,پزشکی,دانشگاه علوم پزشکی کرمان,نامشخص,sibtorsh
1404,تجربی,,,,پزشکی,دانشگاه علوم پزشکی کرمان,نامشخص,sibtorsh
1404,تجربی,,,,پزشکی,دانشگاه علوم پزشکی کرمانشاه,نامشخص,sibtorsh
1404,تجربی,,,,پزشکی,دانشگاه علوم پزشکی کرمانشاه,نامشخص,sibtorsh
1404,تجربی,,,,پزشکی,دانشگاه علوم پزشکی گلستان - گرگان,نامشخص,sibtorsh
1404,تجربی,,,,پزشکی,دانشگاه علوم پزشکی گناباد,نامشخص,sibtorsh
1404,تجربی,,,,پزشکی,دانشگاه علوم پزشکی همدان,نامشخص,sibtorsh
1404,تجربی,,,,پزشکی,دانشگاه علوم پزشکی همدان,نامشخص,sibtorsh
1404,تجربی,,,,پزشکی,نامشخص,نامشخص,sibtorsh
1404,تجربی,,,,داروسازی,دانشگاه علوم پزشکی کرمانشاه,نامشخص,sibtorsh
1404,تجربی,,,,داروسازی,دانشگاه علوم پزشکی کرمانشاه,نامشخص,sibtorsh
1404,تجربی,,,,داروسازی,نامشخص,نامشخص,sibtorsh
1404,تجربی,,,,فیزیوتراپی,دانشگاه علوم پزشکی ایران,نامشخص,sibtorsh
1404,تجربی,,,,فیزیوتراپی,دانشگاه علوم پزشکی ایران,نامشخص,sibtorsh
1404,تجربی,,,,فیزیوتراپی,دانشگاه علوم پزشکی شهید صدوقی یزد,نامشخص,sibtorsh
1404,تجربی,,,,فیزیوتراپی,دانشگاه علوم پزشکی کرمانشاه,نامشخص,sibtorsh
1404,تجربی,2,1,منطقه 2,پزشکی,دانشگاه علوم پزشکی تهران,نامشخص,kanoon
1404,تجربی,5,1,منطقه 3,پزشکی,دانشگاه علوم پزشکی تهران,نامشخص,kanoon
1404,تجربی,3,2,منطقه 1,دندانپزشکی,دانشگاه علوم پزشکی تهران,نامشخص,kanoon
1404,تجربی,7,2,منطقه 2,دندانپزشکی,دانشگاه علوم پزشکی تهران,نامشخص,kanoon
1404,تجربی,24,2,منطقه 3,پزشکی,دانشگاه علوم پزشکی تهران,نامشخص,kanoon
1404,تجربی,4,3,منطقه 1,پزشکی,دانشگاه علوم پزشکی تهران,نامشخص,kanoon
1404,تجربی,8,3,منطقه 2,پزشکی,دانشگاه علوم پزشکی تهران,نامشخص,kanoon
1404,تجربی,26,3,منطقه 3,پزشکی,دانشگاه علوم پزشکی تهران,نامشخص,kanoon
1404,تجربی,6,4,منطقه 1,پزشکی,دانشگاه علوم پزشکی مشهد,نامشخص,kanoon
1404,تجربی,10,4,منطقه 2,پزشکی,دانشگاه علوم پزشکی تهران,نامشخص,kanoon
1404,تجربی,29,4,منطقه 3,پزشکی,دانشگاه علوم پزشکی تهران,نامشخص,kanoon
1404,تجربی,9,5,منطقه 1,دندانپزشکی,دانشگاه علوم پزشکی تبریز,نامشخص,kanoon
1404,تجربی,11,5,منطقه 2,دندانپزشکی,دانشگاه علوم پزشکی تهران,نامشخص,kanoon
1404,تجربی,35,5,منطقه 3,پزشکی,دانشگاه علوم پزشکی تهران,نامشخص,kanoon
1404,تجربی,12,6,منطقه 1,پزشکی,دانشگاه علوم پزشکی تهران,نامشخص,kanoon
1404,تجربی,14,6,منطقه 2,دندانپزشکی,دانشگاه علوم پزشکی تهران,نامشخص,kanoon
1404,تجربی,37,6,منطقه 3,پزشکی,دانشگاه علوم پزشکی تهران,نامشخص,kanoon
1404,تجربی,13,7,منطقه 1,پزشکی,دانشگاه علوم پزشکی تهران,نامشخص,kanoon
1404,تجربی,15,7,منطقه 2,پزشکی,دانشگاه علوم پزشکی تهران,نامشخص,kanoon
1404,تجربی,43,7,منطقه 3,پزشکی,دانشگاه علوم پزشکی تهران,نامشخص,kanoon
1404,تجربی,16,8,منطقه 1,پزشکی,دانشگاه علوم پزشکی تهران,نامشخص,kanoon
1404,تجربی,17,8,منطقه 2,پزشکی,دانشگاه علوم پزشکی شیراز,نامشخص,kanoon
1404,تجربی,44,8,منطقه 3,پزشکی,دانشگاه علوم پزشکی تهران,نامشخص,kanoon
1404,تجربی,18,9,منطقه 1,داروسازی,دانشگاه علوم پزشکی تهران,نامشخص,kanoon
1404,تجربی,19,9,منطقه 2,پزشکی,دانشگاه علوم پزشکی تهران,نامشخص,kanoon
1404,تجربی,70,9,منطقه 3,دندانپزشکی,دانشگاه علوم پزشکی تهران,نامشخص,kanoon
1404,تجربی,22,10,منطقه 1,پزشکی,دانشگاه علوم پزشکی تهران,نامشخص,kanoon
1404,تجربی,21,11,منطقه 2,پزشکی,دانشگاه علوم پزشکی تهران,نامشخص,kanoon
1404,تجربی,28,11,منطقه 1,دندانپزشکی,دانشگاه علوم پزشکی مشهد,نامشخص,kanoon
1404,تجربی,76,11,منطقه 3,پزشکی,دانشگاه علوم پزشکی تهران,نامشخص,kanoon
1404,تجربی,23,12,منطقه 2,پزشکی,دانشگاه علوم پزشکی تهران,نامشخص,kanoon
1404,تجربی,31,12,منطقه 1,دندانپزشکی,دانشگاه علوم پزشکی تبریز,نامشخص,kanoon
1404,تجربی,25,13,منطقه 2,دندانپزشکی,دانشگاه علوم پزشکی تهران,نامشخص,kanoon
1404,تجربی,32,13,منطقه 1,پزشکی,دانشگاه علوم پزشکی تهران,نامشخص,kanoon
1404,تجربی,79,13,منطقه 3,پزشکی,دانشگاه علوم پزشکی تهران,نامشخص,kanoon
1404,تجربی,33,14,منطقه 1,پزشکی,دانشگاه علوم پزشکی مشهد,نامشخص,kanoon
1404,تجربی,82,14,منطقه 3,پزشکی,دانشگاه علوم پزشکی تهران,نامشخص,kanoon
1404,تجربی,30,15,منطقه 2,پزشکی,دانشگاه علوم پزشکی تهران,نامشخص,kanoon
1404,تجربی,36,15,منطقه 1,دندانپزشکی,دانشگاه علوم پزشکی شهید بهشتی - تهران,نامشخص,kanoon
1404,تجربی,94,15,منطقه 3,دندانپزشکی,دانشگاه علوم پزشکی تبریز,نامشخص,kanoon
1404,تجربی,34,16,منطقه 2,پزشکی,دانشگاه علوم پزشکی تهران,نامشخص,kanoon
1404,تجربی,38,17,منطقه 2,پزشکی,دانشگاه علوم پزشکی تهران,نامشخص,kanoon
1404,تجربی,114,17,منطقه 3,دندانپزشکی,دانشگاه علوم پزشکی شیراز,نامشخص,kanoon
1404,تجربی,40,18,منطقه 2,پزشکی,دانشگاه علوم پزشکی تهران,نامشخص,kanoon
1404,تجربی,47,18,منطقه 1,پزشکی,دانشگاه علوم پزشکی تهران,نامشخص,kanoon
1404,تجربی,119,18,منطقه 3,پزشکی,دانشگاه علوم پزشکی تهران,نامشخص,kanoon
1404,تجربی,41,19,منطقه 2,دندانپزشکی,دانشگاه علوم پزشکی شهید بهشتی - تهران,نامشخص,kanoon
1404,تجربی,49,19,منطقه 1,پزشکی,دانشگاه علوم پزشکی تهران,نامشخص,kanoon
1404,تجربی,45,20,منطقه 2,پزشکی,دانشگاه علوم پزشکی تهران,نامشخص,kanoon
1404,تجربی,138,20,منطقه 3,پزشکی,دانشگاه علوم پزشکی تهران,نامشخص,kanoon
1404,تجربی,51,21,منطقه 1,پزشکی,دانشگاه علوم پزشکی تهران,نامشخص,kanoon
1404,تجربی,142,21,منطقه 3,پزشکی,دانشگاه علوم پزشکی تهران,نامشخص,kanoon
1404,تجربی,48,22,منطقه 2,پزشکی,دانشگاه علوم پزشکی تهران,نامشخص,kanoon
1404,تجربی,54,22,منطقه 1,پزشکی,دانشگاه علوم پزشکی تهران,نامشخص,kanoon
1404,تجربی,148,22,منطقه 3,پزشکی,دانشگاه علوم پزشکی تهران,نامشخص,kanoon
1404,تجربی,148,22,منطقه 3,پزشکی,دانشگاه علوم پزشکی تهران,نامشخص,kanoon
1404,تجربی,52,23,منطقه 2,پزشکی,دانشگاه علوم پزشکی تهران,نامشخص,kanoon
1404,تجربی,53,24,منطقه 2,دندانپزشکی,دانشگاه علوم پزشکی تهران,نامشخص,kanoon
1404,تجربی,60,24,منطقه 1,دندانپزشکی,دانشگاه علوم پزشکی تهران,نامشخص,kanoon
1404,تجربی,150,24,منطقه 3,پزشکی,دانشگاه علوم پزشکی تهران,نامشخص,kanoon
1404,تجربی,62,25,منطقه 1,دندانپزشکی,دانشگاه علوم پزشکی شهید بهشتی - تهران,نامشخص,kanoon
1404,تجربی,154,25,منطقه 3,دندانپزشکی,دانشگاه علوم پزشکی تهران,نامشخص,kanoon
1404,تجربی,56,26,منطقه 2,پزشکی,دانشگاه علوم پزشکی تهران,نامشخص,kanoon
1404,تجربی,67,26,منطقه 1,پزشکی,دانشگاه علوم پزشکی تهران,نامشخص,kanoon
1404,تجربی,57,27,منطقه 2,پزشکی,دانشگاه علوم پزشکی تهران,نامشخص,kanoon
1404,تجربی,71,27,منطقه 1,پزشکی,دانشگاه علوم پزشکی تهران,نامشخص,kanoon
1404,تجربی,166,27,منطقه 3,دندانپزشکی,دانشگاه علوم پزشکی شهید بهشتی - تهران,نامشخص,kanoon
1404,تجربی,58,28,منطقه 2,دندانپزشکی,دانشگاه علوم پزشکی شهید بهشتی - تهران,نامشخص,kanoon
1404,تجربی,78,28,منطقه 1,دندانپزشکی,دانشگاه علوم پزشکی شهید بهشتی - تهران,نامشخص,kanoon
1404,تجربی,178,28,منطقه 3,دندانپزشکی,دانشگاه علوم پزشکی تبریز,نامشخص,kanoon
1404,تجربی,61,29,منطقه 2,پزشکی,دانشگاه علوم پزشکی تهران,نامشخص,kanoon
1404,تجربی,80,29,منطقه 1,پزشکی,دانشگاه علوم پزشکی اصفهان,نامشخص,kanoon
1404,تجربی,189,29,منطقه 3,پزشکی,دانشگاه علوم پزشکی تهران,نامشخص,kanoon
1404,تجربی,63,30,منطقه 2,دندانپزشکی,دانشگاه علوم پزشکی شهید بهشتی - تهران,نامشخص,kanoon
1404,تجربی,83,30,منطقه 1,دندانپزشکی,دانشگاه علوم پزشکی شهید بهشتی - تهران,نامشخص,kanoon
1404,تجربی,84,31,منطقه 1,پزشکی,دانشگاه علوم پزشکی شیراز,نامشخص,kanoon
1404,تجربی,196,31,منطقه 3,پزشکی,دانشگاه علوم پزشکی تهران,نامشخص,kanoon
1404,تجربی,85,32,منطقه 1,پزشکی,دانشگاه علوم پزشکی شیراز,نامشخص,kanoon
1404,تجربی,199,32,منطقه 3,دندانپزشکی,دانشگاه علوم پزشکی شهید بهشتی - تهران,نامشخص,kanoon
1404,تجربی,66,33,منطقه 2,دندانپزشکی,دانشگاه علوم پزشکی تهران,نامشخص,kanoon
1404,تجربی,205,33,منطقه 3,پزشکی,دانشگاه علوم پزشکی تهران,نامشخص,kanoon
1404,تجربی,68,34,منطقه 2,پزشکی,دانشگاه علوم پزشکی تهران,نامشخص,kanoon
1404,تجربی,88,34,منطقه 1,پزشکی,دانشگاه علوم پزشکی تهران,نامشخص,kanoon
1404,تجربی,207,34,منطقه 3,پزشکی,دانشگاه علوم پزشکی شیراز,نامشخص,kanoon
1404,تجربی,69,35,منطقه 2,پزشکی,دانشگاه علوم پزشکی تهران,نامشخص,kanoon
1404,تجربی,90,35,منطقه 1,پزشکی,دانشگاه علوم پزشکی شیراز,شهریه پرداز,kanoon
1404,تجربی,211,35,منطقه 3,دندانپزشکی,دانشگاه علوم پزشکی تبریز,نامشخص,kanoon
1404,تجربی,72,36,منطقه 2,پزشکی,دانشگاه علوم پزشکی تهران,نامشخص,kanoon
1404,تجربی,92,36,منطقه 1,پزشکی,دانشگاه علوم پزشکی تهران,نامشخص,kanoon
1404,تجربی,92,36,منطقه 1,دندانپزشکی,دانشگاه علوم پزشکی مشهد,نامشخص,kanoon
1404,تجربی,226,36,منطقه 3,دندانپزشکی,دانشگاه علوم پزشکی شیراز,نامشخص,kanoon
1404,تجربی,227,37,منطقه 3,دندانپزشکی,دانشگاه علوم پزشکی شیراز,نامشخص,kanoon
1404,تجربی,75,38,منطقه 2,دندانپزشکی,دانشگاه علوم پزشکی تهران,نامشخص,kanoon
1404,تجربی,96,38,منطقه 1,دندانپزشکی,دانشگاه علوم پزشکی شهید بهشتی - تهران,نامشخص,kanoon
1404,تجربی,81,39,منطقه 2,پزشکی,دانشگاه علوم پزشکی تهران,نامشخص,kanoon
1404,تجربی,100,39,منطقه 1,دندانپزشکی,دانشگاه علوم پزشکی شهید بهشتی - تهران,نامشخص,kanoon
1404,تجربی,240,39,منطقه 3,پزشکی,دانشگاه علوم پزشکی مشهد,نامشخص,kanoon
1404,تجربی,,40,منطقه 3,دندانپزشکی,نامشخص,نامشخص,sibtorsh
1404,تجربی,86,40,منطقه 2,پزشکی,دانشگاه علوم پزشکی تهران,نامشخص,kanoon
1404,تجربی,249,40,منطقه 3,دندانپزشکی,دانشگاه علوم پزشکی تهران,نامشخص,kanoon
1404,تجربی,88,41,منطقه 2,دندانپزشکی,دانشگاه علوم پزشکی تهران,نامشخص,kanoon
1404,تجربی,103,41,منطقه 1,پزشکی,دانشگاه علوم پزشکی شیراز,نامشخص,kanoon
1404,تجربی,254,41,منطقه 3,دندانپزشکی,دانشگاه علوم پزشکی تهران,نامشخص,kanoon
1404,تجربی,91,42,منطقه 2,دندانپزشکی,دانشگاه علوم پزشکی شهید بهشتی - تهران,نامشخص,kanoon
1404,تجربی,263,42,منطقه 3,دندانپزشکی,دانشگاه علوم پزشکی تهران,نامشخص,kanoon
1404,تجربی,94,43,منطقه 2,پزشکی,دانشگاه علوم پزشکی تهران,نامشخص,kanoon
1404,تجربی,268,43,منطقه 3,پزشکی,دانشگاه علوم پزشکی شهید بهشتی - تهران,نامشخص,kanoon
1404,تجربی,97,44,منطقه 2,دندانپزشکی,دانشگاه علوم پزشکی تهران,نامشخص,kanoon
1404,تجربی,98,45,منطقه 2,پزشکی,دانشگاه علوم پزشکی تهران,نامشخص,kanoon
1404,تجربی,291,45,منطقه 3,دندانپزشکی,دانشگاه علوم پزشکی اصفهان,نامشخص,kanoon
1404,تجربی,99,46,منطقه 2,دندانپزشکی,دانشگاه علوم پزشکی شهید بهشتی - تهران,نامشخص,kanoon
1404,تجربی,117,46,منطقه 1,پزشکی,دانشگاه علوم پزشکی تهران,نامشخص,kanoon
1404,تجربی,296,46,منطقه 3,پزشکی,دانشگاه علوم پزشکی تهران,نامشخص,kanoon
1404,تجربی,102,47,منطقه 2,پزشکی,دانشگاه علوم پزشکی تهران,نامشخص,kanoon
1404,تجربی,118,47,منطقه 1,پزشکی,دانشگاه علوم پزشکی مشهد,نامشخص,kanoon
1404,تجربی,306,47,منطقه 3,دندانپزشکی,دانشگاه علوم پزشکی شیراز,نامشخص,kanoon
1404,تجربی,103,48,منطقه 2,دندانپزشکی,دانشگاه علوم پزشکی شهید بهشتی - تهران,نامشخص,kanoon
1404,تجربی,319,48,منطقه 3,دندانپزشکی,دانشگاه علوم پزشکی شیراز,نامشخص,kanoon
1404,تجربی,106,49,منطقه 2,پزشکی,دانشگاه علوم پزشکی تهران,نامشخص,kanoon
1404,تجربی,123,50,منطقه 1,پزشکی,دانشگاه علوم پزشکی تهران,نامشخص,kanoon
1404,تجربی,123,50,منطقه 1,دندانپزشکی,دانشگاه علوم پزشکی شهید بهشتی - تهران,نامشخص,kanoon
1404,تجربی,123,50,منطقه 1,دندانپزشکی,دانشگاه علوم پزشکی مشهد,نامشخص,kanoon
1404,تجربی,324,50,منطقه 3,پزشکی,دانشگاه علوم پزشکی تهران,نامشخص,kanoon
1404,تجربی,109,51,منطقه 2,دندانپزشکی,دانشگاه علوم پزشکی شهید بهشتی - تهران,نامشخص,kanoon
1404,تجربی,111,52,منطقه 2,پزشکی,دانشگاه علوم پزشکی تهران,نامشخص,kanoon
1404,تجربی,111,52,منطقه 2,دندانپزشکی,دانشگاه علوم پزشکی شهید بهشتی - تهران,نامشخص,kanoon
1404,تجربی,126,52,منطقه 1,پزشکی,دانشگاه علوم پزشکی تهران,نامشخص,kanoon
1404,تجربی,330,52,منطقه 3,پزشکی,دانشگاه علوم پزشکی تهران,نامشخص,kanoon
1404,تجربی,330,52,منطقه 3,دندانپزشکی,دانشگاه علوم پزشکی شهید بهشتی - تهران,نامشخص,kanoon
1404,تجربی,132,53,منطقه 1,پزشکی,دانشگاه علوم پزشکی تهران,نامشخص,kanoon
1404,تجربی,113,54,منطقه 2,دندانپزشکی,دانشگاه علوم پزشکی شهید بهشتی - تهران,نامشخص,kanoon
1404,تجربی,333,54,منطقه 3,دندانپزشکی,دانشگاه علوم پزشکی شیراز,نامشخص,kanoon
1404,تجربی,121,55,منطقه 2,پزشکی,دانشگاه علوم پزشکی تهران,نامشخص,kanoon
1404,تجربی,334,55,منطقه 3,پزشکی,دانشگاه علوم پزشکی تهران,نامشخص,kanoon
1404,تجربی,125,56,منطقه 2,دندانپزشکی,دانشگاه علوم پزشکی شهید بهشتی - تهران,نامشخص,kanoon
1404,تجربی,141,56,منطقه 1,دندانپزشکی,دانشگاه علوم پزشکی تهران,نامشخص,kanoon
1404,تجربی,337,56,منطقه 3,دندانپزشکی,دانشگاه علوم پزشکی مشهد,نامشخص,kanoon
1404,تجربی,128,58,منطقه 2,پزشکی,دانشگاه علوم پزشکی تهران,نامشخص,kanoon
1404,تجربی,147,59,منطقه 1,دندانپزشکی,دانشگاه علوم پزشکی تبریز,نامشخص,kanoon
1404,تجربی,151,60,منطقه 1,پزشکی,دانشگاه علوم پزشکی تهران,نامشخص,kanoon
1404,تجربی,134,61,منطقه 2,دندانپزشکی,دانشگاه علوم پزشکی شهید بهشتی - تهران,نامشخص,kanoon
1404,تجربی,135,62,منطقه 2,پزشکی,دانشگاه علوم پزشکی تهران,نامشخص,kanoon
1404,تجربی,160,62,منطقه 1,پزشکی,دانشگاه علوم پزشکی تهران,نامشخص,kanoon
1404,تجربی,356,62,منطقه 3,دندانپزشکی,دانشگاه علوم پزشکی مشهد,نامشخص,kanoon
1404,تجربی,137,63,منطقه 2,پزشکی,دانشگاه علوم پزشکی تهران,نامشخص,kanoon
1404,تجربی,139,64,منطقه 2,داروسازی,دانشگاه علوم پزشکی تهران,نامشخص,kanoon
1404,تجربی,162,64,منطقه 1,دندانپزشکی,دانشگاه علوم پزشکی تهران,نامشخص,kanoon
1404,تجربی,376,64,منطقه 3,دندانپزشکی,دانشگاه علوم پزشکی شیراز,نامشخص,kanoon
1404,تجربی,163,65,منطقه 1,دندانپزشکی,دانشگاه علوم پزشکی شهید بهشتی - تهران,نامشخص,kanoon
1404,تجربی,387,65,منطقه 3,پزشکی,دانشگاه علوم پزشکی شهید بهشتی - تهران,نامشخص,kanoon
1404,تجربی,145,66,منطقه 2,پزشکی,دانشگاه علوم پزشکی تهران,نامشخص,kanoon
1404,تجربی,165,66,منطقه 1,پزشکی,دانشگاه علوم پزشکی تهران,نامشخص,kanoon
1404,تجربی,391,66,منطقه 3,پزشکی,دانشگاه علوم پزشکی مشهد,نامشخص,kanoon
1404,تجربی,146,67,منطقه 2,پزشکی,دانشگاه علوم پزشکی تهران,نامشخص,kanoon
1404,تجربی,394,67,منطقه 3,دندانپزشکی,دانشگاه علوم پزشکی تبریز,نامشخص,kanoon
1404,تجربی,417,67,منطقه 3,پزشکی,دانشگاه علوم پزشکی تهران,نامشخص,kanoon
1404,تجربی,398,68,منطقه 3,دندانپزشکی,دانشگاه علوم پزشکی مشهد,نامشخص,kanoon
1404,تجربی,175,70,منطقه 1,دندانپزشکی,دانشگاه علوم پزشکی تهران,نامشخص,kanoon
1404,تجربی,413,70,منطقه 3,دندانپزشکی,دانشگاه علوم پزشکی شیراز,نامشخص,kanoon
1404,تجربی,158,71,منطقه 2,پزشکی,دانشگاه علوم پزشکی تهران,نامشخص,kanoon
1404,تجربی,159,72,منطقه 2,دندانپزشکی,دانشگاه علوم پزشکی تهران,نامشخص,kanoon
1404,تجربی,179,72,منطقه 1,دندانپزشکی,دانشگاه علوم پزشکی تهران,نامشخص,kanoon
1404,تجربی,419,72,منطقه 3,پزشکی,دانشگاه علوم پزشکی تهران,نامشخص,kanoon
1404,تجربی,419,72,منطقه 3,دندانپزشکی,دانشگاه علوم پزشکی مشهد,نامشخص,kanoon
1404,تجربی,168,74,منطقه 2,پزشکی,دانشگاه علوم پزشکی تهران,نامشخص,kanoon
1404,تجربی,182,74,منطقه 1,پزشکی,دانشگاه علوم پزشکی تهران,نامشخص,kanoon
1404,تجربی,426,74,منطقه 3,دندانپزشکی,دانشگاه علوم پزشکی شیراز,نامشخص,kanoon
1404,تجربی,170,76,منطقه 2,دندانپزشکی,دانشگاه علوم پزشکی تهران,نامشخص,kanoon
1404,تجربی,170,76,منطقه 2,دندانپزشکی,دانشگاه علوم پزشکی تهران,نامشخص,kanoon
1404,تجربی,170,76,منطقه 2,دندانپزشکی,دانشگاه علوم پزشکی شهید بهشتی - تهران,نامشخص,kanoon
1404,تجربی,435,76,منطقه 3,پزشکی,دانشگاه علوم پزشکی تهران,نامشخص,kanoon
1404,تجربی,173,78,منطقه 2,پزشکی,دانشگاه علوم پزشکی تهران,نامشخص,kanoon
1404,تجربی,194,78,منطقه 1,پزشکی,دانشگاه علوم پزشکی تهران,نامشخص,kanoon
1404,تجربی,440,78,منطقه 3,پزشکی,دانشگاه علوم پزشکی تبریز,نامشخص,kanoon
1404,تجربی,440,78,منطقه 3,پزشکی,دانشگاه علوم پزشکی تهران,نامشخص,kanoon
1404,تجربی,440,78,منطقه 3,پزشکی,دانشگاه علوم پزشکی شهید بهشتی - تهران,نامشخص,kanoon
1404,تجربی,175,79,منطقه 2,دندانپزشکی,دانشگاه علوم پزشکی تبریز,نامشخص,kanoon
1404,تجربی,196,79,منطقه 1,پزشکی,دانشگاه علوم پزشکی تهران,نامشخص,kanoon
1404,تجربی,180,80,منطقه 2,پزشکی,دانشگاه علوم پزشکی تهران,نامشخص,kanoon
1404,تجربی,449,80,منطقه 3,پزشکی,دانشگاه علوم پزشکی تهران,نامشخص,kanoon
1404,تجربی,184,81,منطقه 2,پزشکی,دانشگاه علوم پزشکی تهران,نامشخص,kanoon
1404,تجربی,204,82,منطقه 1,دندانپزشکی,دانشگاه علوم پزشکی اصفهان,نامشخص,kanoon
1404,تجربی,186,83,منطقه 2,پزشکی,دانشگاه علوم پزشکی تهران,نامشخص,kanoon
1404,تجربی,207,83,منطقه 1,پزشکی,دانشگاه علوم پزشکی تهران,نامشخص,kanoon
1404,تجربی,460,83,منطقه 3,پزشکی,دانشگاه علوم پزشکی کرمان,نامشخص,kanoon
1404,تجربی,213,84,منطقه 1,دندانپزشکی,دانشگاه علوم پزشکی شهید بهشتی - تهران,نامشخص,kanoon
1404,تجربی,463,84,منطقه 3,پزشکی,دانشگاه علوم پزشکی شیراز,نامشخص,kanoon
1404,تجربی,189,85,منطقه 2,پزشکی,دانشگاه علوم پزشکی تهران,نامشخص,kanoon
1404,تجربی,189,85,منطقه 2,پزشکی,دانشگاه علوم پزشکی تهران,نامشخص,kanoon
1404,تجربی,474,85,منطقه 3,پزشکی,دانشگاه علوم پزشکی شهید بهشتی - تهران,نامشخص,kanoon
1404,تجربی,216,86,منطقه 1,پزشکی,دانشگاه علوم پزشکی مشهد,نامشخص,kanoon
1404,تجربی,475,86,منطقه 3,پزشکی,دانشگاه علوم پزشکی شهید بهشتی - تهران,نامشخص,kanoon
1404,تجربی,192,87,منطقه 2,دندانپزشکی,دانشگاه علوم پزشکی تهران,نامشخص,kanoon
1404,تجربی,484,87,منطقه 3,پزشکی,دانشگاه علوم پزشکی شهید بهشتی - تهران,نامشخص,kanoon
1404,تجربی,198,88,منطقه 2,دندانپزشکی,دانشگاه علوم پزشکی تهران,نامشخص,kanoon
1404,تجربی,219,88,منطقه 1,پزشکی,دانشگاه علوم پزشکی تهران,نامشخص,kanoon
1404,تجربی,487,88,منطقه 3,دندانپزشکی,دانشگاه علوم پزشکی شیراز,نامشخص,kanoon
1404,تجربی,,90,منطقه 3,دندانپزشکی,دانشگاه علوم پزشکی تبریز,نامشخص,sibtorsh
1404,تجربی,202,90,منطقه 2,پزشکی,دانشگاه علوم پزشکی تهران,نامشخص,kanoon
1404,تجربی,491,90,منطقه 3,دندانپزشکی,دانشگاه علوم پزشکی تبریز,نامشخص,kanoon
1404,تجربی,205,91,منطقه 2,دندانپزشکی,دانشگاه علوم پزشکی شهید بهشتی - تهران,نامشخص,kanoon
1404,تجربی,209,91,منطقه 2,دندانپزشکی,دانشگاه علوم پزشکی شهید بهشتی - تهران,نامشخص,kanoon
1404,تجربی,229,91,منطقه 1,دندانپزشکی,دانشگاه علوم پزشکی شهید بهشتی - تهران,نامشخص,kanoon
1404,تجربی,497,92,منطقه 3,پزشکی,دانشگاه علوم پزشکی شهید بهشتی - تهران,نامشخص,kanoon
1404,تجربی,210,93,منطقه 2,پزشکی,دانشگاه علوم پزشکی شهید بهشتی - تهران,نامشخص,kanoon
1404,تجربی,236,93,منطقه 1,پزشکی,دانشگاه علوم پزشکی مشهد,نامشخص,kanoon
1404,تجربی,499,93,منطقه 3,پزشکی,دانشگاه علوم پزشکی شهید بهشتی - تهران,نامشخص,kanoon
1404,تجربی,237,94,منطقه 1,دندانپزشکی,دانشگاه علوم پزشکی تبریز,نامشخص,kanoon
1404,تجربی,507,94,منطقه 3,دندانپزشکی,دانشگاه علوم پزشکی مشهد,نامشخص,kanoon
1404,تجربی,512,95,منطقه 3,پزشکی,دانشگاه علوم پزشکی شهید بهشتی - تهران,نامشخص,kanoon
1404,تجربی,216,96,منطقه 2,پزشکی,دانشگاه علوم پزشکی کردستان - سنندج,نامشخص,kanoon
1404,تجربی,514,96,منطقه 3,پزشکی,دانشگاه علوم پزشکی شهید بهشتی - تهران,نامشخص,kanoon
1404,تجربی,220,97,منطقه 2,دندانپزشکی,دانشگاه علوم پزشکی شهید بهشتی - تهران,نامشخص,kanoon
1404,تجربی,516,97,منطقه 3,پزشکی,دانشگاه علوم پزشکی شهید بهشتی - تهران,نامشخص,kanoon
1404,تجربی,516,97,منطقه 3,دندانپزشکی,دانشگاه علوم پزشکی شیراز,نامشخص,kanoon
1404,تجربی,221,98,منطقه 2,دندانپزشکی,دانشگاه علوم پزشکی تهران,نامشخص,kanoon
1404,تجربی,521,99,منطقه 3,پزشکی,دانشگاه علوم پزشکی شهید بهشتی - تهران,نامشخص,kanoon
1404,تجربی,224,100,منطقه 2,پزشکی,دانشگاه علوم پزشکی تهران,نامشخص,kanoon
1404,تجربی,523,100,منطقه 3,دندانپزشکی,دانشگاه علوم پزشکی مازندران - ساری,نامشخص,kanoon
1404,تجربی,256,101,منطقه 1,دندانپزشکی,دانشگاه علوم پزشکی تهران,نامشخص,kanoon
1404,تجربی,256,101,منطقه 1,دندانپزشکی,دانشگاه علوم پزشکی شهید بهشتی - تهران,نامشخص,kanoon
1404,تجربی,531,102,منطقه 3,دندانپزشکی,دانشگاه علوم پزشکی تبریز,نامشخص,kanoon
1404,تجربی,232,103,منطقه 2,دندانپزشکی,دانشگاه علوم پزشکی تهران,نامشخص,kanoon
1404,تجربی,232,103,منطقه 2,دندانپزشکی,دانشگاه علوم پزشکی تهران,نامشخص,kanoon
1404,تجربی,533,103,منطقه 3,پزشکی,دانشگاه علوم پزشکی شهید بهشتی - تهران,نامشخص,kanoon
1404,تجربی,234,105,منطقه 2,دندانپزشکی,دانشگاه علوم پزشکی شهید بهشتی - تهران,نامشخص,kanoon
1404,تجربی,273,105,منطقه 1,پزشکی,دانشگاه علوم پزشکی تهران,نامشخص,kanoon
1404,تجربی,273,105,منطقه 1,دندانپزشکی,دانشگاه علوم پزشکی مشهد,نامشخص,kanoon
1404,تجربی,535,105,منطقه 3,پزشکی,دانشگاه علوم پزشکی شهید بهشتی - تهران,نامشخص,kanoon
1404,تجربی,235,106,منطقه 2,پزشکی,دانشگاه علوم پزشکی تهران,نامشخص,kanoon
1404,تجربی,536,106,منطقه 3,پزشکی,دانشگاه علوم پزشکی شهید بهشتی - تهران,نامشخص,kanoon
1404,تجربی,276,107,منطقه 1,دندانپزشکی,دانشگاه علوم پزشکی شیراز,نامشخص,kanoon
1404,تجربی,545,107,منطقه 3,پزشکی,دانشگاه علوم پزشکی شهید بهشتی - تهران,نامشخص,kanoon
1404,تجربی,240,108,منطقه 2,دندانپزشکی,دانشگاه علوم پزشکی شهید بهشتی - تهران,نامشخص,kanoon
1404,تجربی,277,108,منطقه 1,پزشکی,دانشگاه علوم پزشکی تهران,نامشخص,kanoon
1404,تجربی,550,108,منطقه 3,دندانپزشکی,دانشگاه علوم پزشکی شهید بهشتی - تهران,نامشخص,kanoon
1404,تجربی,242,109,منطقه 2,پزشکی,دانشگاه علوم پزشکی تهران,نامشخص,kanoon
1404,تجربی,294,109,منطقه 1,پزشکی,دانشگاه علوم پزشکی تهران,نامشخص,kanoon
1404,تجربی,555,109,منطقه 3,دندانپزشکی,دانشگاه علوم پزشکی شیراز,نامشخص,kanoon
1404,تجربی,243,110,منطقه 2,پزشکی,دانشگاه علوم پزشکی تهران,نامشخص,kanoon
1404,تجربی,559,110,منطقه 3,دندانپزشکی,دانشگاه علوم پزشکی تبریز,نامشخص,kanoon
1404,تجربی,,111,منطقه 3,دندانپزشکی,دانشگاه علوم پزشکی شیراز,نامشخص,sibtorsh
1404,تجربی,245,111,منطقه 2,پزشکی,دانشگاه علوم پزشکی تهران,نامشخص,kanoon
1404,تجربی,245,111,منطقه 2,پزشکی,دانشگاه علوم پزشکی تهران,نامشخص,kanoon
1404,تجربی,298,111,منطقه 1,پزشکی,دانشگاه علوم پزشکی تهران,نامشخص,kanoon
1404,تجربی,566,111,منطقه 3,دندانپزشکی,دانشگاه علوم پزشکی شیراز,نامشخص,kanoon
1404,تجربی,570,112,منطقه 3,دندانپزشکی,دانشگاه علوم پزشکی مشهد,نامشخص,kanoon
1404,تجربی,251,113,منطقه 2,دندانپزشکی,دانشگاه علوم پزشکی تهران,نامشخص,kanoon
1404,تجربی,301,113,منطقه 1,پزشکی,دانشگاه علوم پزشکی تهران,نامشخص,kanoon
1404,تجربی,572,113,منطقه 3,دندانپزشکی,دانشگاه علوم پزشکی شیراز,نامشخص,kanoon
1404,تجربی,254,114,منطقه 2,پزشکی,دانشگاه علوم پزشکی تهران,نامشخص,kanoon
1404,تجربی,310,115,منطقه 1,پزشکی,دانشگاه علوم پزشکی شیراز,نامشخص,kanoon
1404,تجربی,,116,منطقه 2,دندانپزشکی,دانشگاه علوم پزشکی شهید صدوقی یزد,نامشخص,sibtorsh
1404,تجربی,259,116,منطقه 2,پزشکی,دانشگاه علوم پزشکی تهران,نامشخص,kanoon
1404,تجربی,259,116,منطقه 2,دندانپزشکی,دانشگاه علوم پزشکی یزد,نامشخص,kanoon
1404,تجربی,314,116,منطقه 1,دندانپزشکی,دانشگاه علوم پزشکی شهید بهشتی - تهران,شهریه پرداز,kanoon
1404,تجربی,604,116,منطقه 3,دندانپزشکی,دانشگاه علوم پزشکی مشهد,نامشخص,kanoon
1404,تجربی,315,117,منطقه 1,دندانپزشکی,دانشگاه علوم پزشکی شیراز,نامشخص,kanoon
1404,تجربی,262,118,منطقه 2,پزشکی,دانشگاه علوم پزشکی تهران,نامشخص,kanoon
1404,تجربی,318,118,منطقه 1,دندانپزشکی,دانشگاه علوم پزشکی مشهد,نامشخص,kanoon
1404,تجربی,607,118,منطقه 3,دندانپزشکی,دانشگاه علوم پزشکی تبریز,نامشخص,kanoon
1404,تجربی,264,119,منطقه 2,پزشکی,دانشگاه علوم پزشکی شهید بهشتی - تهران,نامشخص,kanoon
1404,تجربی,264,119,منطقه 2,دندانپزشکی,دانشگاه علوم پزشکی مشهد,نامشخص,kanoon
1404,تجربی,322,119,منطقه 1,پزشکی,دانشگاه علوم پزشکی شیراز,نامشخص,kanoon
1404,تجربی,626,120,منطقه 3,پزشکی,دانشگاه علوم پزشکی شهید بهشتی - تهران,نامشخص,kanoon
1404,تجربی,626,120,منطقه 3,پزشکی,دانشگاه علوم پزشکی مشهد,نامشخص,kanoon
1404,تجربی,266,121,منطقه 2,دندانپزشکی,دانشگاه علوم پزشکی اصفهان,نامشخص,kanoon
1404,تجربی,330,121,منطقه 1,دندانپزشکی,دانشگاه علوم پزشکی البرز - کرج,نامشخص,kanoon
1404,تجربی,330,121,منطقه 1,دندانپزشکی,دانشگاه علوم پزشکی شیراز,نامشخص,kanoon
1404,تجربی,268,122,منطقه 2,دندانپزشکی,دانشگاه علوم پزشکی گیلان - رشت,نامشخص,kanoon
1404,تجربی,270,123,منطقه 2,پزشکی,دانشگاه علوم پزشکی تهران,نامشخص,kanoon
1404,تجربی,270,123,منطقه 2,دندانپزشکی,دانشگاه علوم پزشکی شهید بهشتی - تهران,نامشخص,kanoon
1404,تجربی,336,123,منطقه 1,پزشکی,دانشگاه علوم پزشکی تهران,نامشخص,kanoon
1404,تجربی,633,123,منطقه 3,پزشکی,دانشگاه علوم پزشکی شیراز,نامشخص,kanoon
1404,تجربی,338,124,منطقه 1,پزشکی,دانشگاه علوم پزشکی شیراز,نامشخص,kanoon
1404,تجربی,272,125,منطقه 2,پزشکی,دانشگاه علوم پزشکی تهران,نامشخص,kanoon
1404,تجربی,635,125,منطقه 3,پزشکی,دانشگاه علوم پزشکی شهید بهشتی - تهران,نامشخص,kanoon
1404,تجربی,278,127,منطقه 2,دندانپزشکی,دانشگاه علوم پزشکی شهید بهشتی - تهران,نامشخص,kanoon
1404,تجربی,,128,منطقه 1,پزشکی,دانشگاه علوم پزشکی شهید بهشتی - تهران,نامشخص,sibtorsh
1404,تجربی,280,129,منطقه 2,دندانپزشکی,دانشگاه علوم پزشکی شهید بهشتی - تهران,نامشخص,kanoon
1404,تجربی,281,130,منطقه 2,دندانپزشکی,دانشگاه علوم پزشکی البرز - کرج,نامشخص,kanoon
1404,تجربی,363,130,منطقه 1,دندانپزشکی,دانشگاه علوم پزشکی مشهد,نامشخص,kanoon
1404,تجربی,283,131,منطقه 2,پزشکی,دانشگاه علوم پزشکی تهران,نامشخص,kanoon
1404,تجربی,660,131,منطقه 3,دندانپزشکی,دانشگاه علوم پزشکی شهید بهشتی - تهران,نامشخص,kanoon
1404,تجربی,284,132,منطقه 2,دندانپزشکی,دانشگاه علوم پزشکی شهید بهشتی - تهران,نامشخص,kanoon
1404,تجربی,366,132,منطقه 1,پزشکی,دانشگاه علوم پزشکی تهران,نامشخص,kanoon
1404,تجربی,663,132,منطقه 3,پزشکی,دانشگاه علوم پزشکی شهید بهشتی - تهران,نامشخص,kanoon
1404,تجربی,367,133,منطقه 1,دندانپزشکی,دانشگاه علوم پزشکی شیراز,نامشخص,kanoon
1404,تجربی,286,134,منطقه 2,دندانپزشکی,دانشگاه علوم پزشکی تبریز,نامشخص,kanoon
1404,تجربی,370,134,منطقه 1,پزشکی,دانشگاه علوم پزشکی تهران,نامشخص,kanoon
1404,تجربی,287,135,منطقه 2,دندانپزشکی,دانشگاه علوم پزشکی تبریز,نامشخص,kanoon
1404,تجربی,371,135,منطقه 1,دندانپزشکی,دانشگاه علوم پزشکی شهید بهشتی - تهران,شهریه پرداز,kanoon
1404,تجربی,678,135,منطقه 3,پزشکی,دانشگاه علوم پزشکی شهید بهشتی - تهران,نامشخص,kanoon
1404,تجربی,288,136,منطقه 2,دندانپزشکی,دانشگاه علوم پزشکی اصفهان,نامشخص,kanoon
1404,تجربی,682,136,منطقه 3,دندانپزشکی,دانشگاه علوم پزشکی تبریز,نامشخص,kanoon
1404,تجربی,289,137,منطقه 2,پزشکی,دانشگاه علوم پزشکی تهران,نامشخص,kanoon
1404,تجربی,689,138,منطقه 3,پزشکی,دانشگاه علوم پزشکی مشهد,نامشخص,kanoon
1404,تجربی,291,139,منطقه 2,دندانپزشکی,دانشگاه علوم پزشکی مشهد,نامشخص,kanoon
1404,تجربی,697,139,منطقه 3,دندانپزشکی,دانشگاه علوم پزشکی مشهد,نامشخص,kanoon
1404,تجربی,701,140,منطقه 3,دندانپزشکی,دانشگاه علوم پزشکی اصفهان,نامشخص,kanoon
1404,تجربی,706,141,منطقه 3,دندانپزشکی,دانشگاه علوم پزشکی اصفهان,نامشخص,kanoon
1404,تجربی,300,142,منطقه 2,داروسازی,دانشگاه علوم پزشکی کرمانشاه,نامشخص,kanoon
1404,تجربی,708,143,منطقه 3,پزشکی,دانشگاه علوم پزشکی تهران,نامشخص,kanoon
1404,تجربی,304,144,منطقه 2,دندانپزشکی,دانشگاه علوم پزشکی شیراز,نامشخص,kanoon
1404,تجربی,719,145,منطقه 3,دندانپزشکی,دانشگاه علوم پزشکی بابل,نامشخص,kanoon
1404,تجربی,306,146,منطقه 2,پزشکی,دانشگاه علوم پزشکی شهید بهشتی - تهران,نامشخص,kanoon
1404,تجربی,411,146,منطقه 1,دندانپزشکی,دانشگاه علوم پزشکی اصفهان,نامشخص,kanoon
1404,تجربی,725,146,منطقه 3,پزشکی,دانشگاه علوم پزشکی شهید بهشتی - تهران,نامشخص,kanoon
1404,تجربی,725,146,منطقه 3,دندانپزشکی,دانشگاه علوم پزشکی تبریز,نامشخص,kanoon
1404,تجربی,308,147,منطقه 2,پزشکی,دانشگاه علوم پزشکی تهران,نامشخص,kanoon
1404,تجربی,308,147,منطقه 2,دندانپزشکی,دانشگاه علوم پزشکی البرز - کرج,نامشخص,kanoon
1404,تجربی,311,149,منطقه 2,پزشکی,دانشگاه علوم پزشکی مشهد,نامشخص,kanoon
1404,تجربی,731,149,منطقه 3,دندانپزشکی,دانشگاه علوم پزشکی تبریز,نامشخص,kanoon
1404,تجربی,732,150,منطقه 3,بهداشت عمومی,دانشگاه علوم پزشکی قم,نامشخص,kanoon
1404,تجربی,429,151,منطقه 1,پزشکی,دانشگاه علوم پزشکی اصفهان,نامشخص,kanoon
1404,تجربی,429,151,منطقه 1,دکترای پیوسته بیوتکنولوژی,دانشگاه تهران,نامشخص,kanoon
1404,تجربی,733,151,منطقه 3,دندانپزشکی,دانشگاه علوم پزشکی کرمان,نامشخص,kanoon
1404,تجربی,,152,منطقه 3,پزشکی,دانشگاه علوم پزشکی شهید بهشتی - تهران,نامشخص,sibtorsh
1404,تجربی,735,152,منطقه 3,پزشکی,دانشگاه علوم پزشکی شهید بهشتی - تهران,نامشخص,kanoon
1404,تجربی,432,153,منطقه 1,دندانپزشکی,دانشگاه علوم پزشکی تبریز,نامشخص,kanoon
1404,تجربی,321,154,منطقه 2,پزشکی,دانشگاه علوم پزشکی تهران,نامشخص,kanoon
1404,تجربی,741,154,منطقه 3,پزشکی,دانشگاه علوم پزشکی شهید بهشتی - تهران,نامشخص,kanoon
1404,تجربی,440,155,منطقه 1,پزشکی,دانشگاه علوم پزشکی شهید بهشتی - تهران,نامشخص,kanoon
1404,تجربی,743,155,منطقه 3,پزشکی,دانشگاه علوم پزشکی شهید بهشتی - تهران,نامشخص,kanoon
1404,تجربی,750,156,منطقه 3,پزشکی,دانشگاه علوم پزشکی شیراز,نامشخص,kanoon
1404,تجربی,334,158,منطقه 2,دندانپزشکی,دانشگاه علوم پزشکی مشهد,نامشخص,kanoon
1404,تجربی,449,158,منطقه 1,پزشکی,دانشگاه علوم پزشکی شیراز,نامشخص,kanoon
1404,تجربی,762,158,منطقه 3,پزشکی,دانشگاه علوم پزشکی شهید بهشتی - تهران,نامشخص,kanoon
1404,تجربی,762,158,منطقه 3,دندانپزشکی,دانشگاه علوم پزشکی بیرجند,نامشخص,kanoon
1404,تجربی,455,159,منطقه 1,پزشکی,دانشگاه علوم پزشکی شیراز,نامشخص,kanoon
1404,تجربی,340,160,منطقه 2,پزشکی,دانشگاه علوم پزشکی تهران,نامشخص,kanoon
1404,تجربی,764,160,منطقه 3,دندانپزشکی,دانشگاه علوم پزشکی شهید بهشتی - تهران,نامشخص,kanoon
1404,تجربی,341,161,منطقه 2,پزشکی,دانشگاه علوم پزشکی تهران,نامشخص,kanoon
1404,تجربی,462,161,منطقه 1,پزشکی,دانشگاه علوم پزشکی شهید بهشتی - تهران,نامشخص,kanoon
1404,تجربی,766,161,منطقه 3,دندانپزشکی,دانشگاه علوم پزشکی جندی شاپور اهواز,نامشخص,kanoon
1404,تجربی,344,163,منطقه 2,پزشکی,دانشگاه علوم پزشکی تهران,نامشخص,kanoon
1404,تجربی,344,163,منطقه 2,داروسازی,دانشگاه علوم پزشکی مازندران - ساری,نامشخص,kanoon
1404,تجربی,465,163,منطقه 1,پزشکی,دانشگاه علوم پزشکی شهید بهشتی - تهران,نامشخص,kanoon
1404,تجربی,774,163,منطقه 3,پزشکی,دانشگاه علوم پزشکی شهید بهشتی - تهران,نامشخص,kanoon
1404,تجربی,472,165,منطقه 1,پزشکی,دانشگاه علوم پزشکی اصفهان,نامشخص,kanoon
1404,تجربی,351,166,منطقه 2,دندانپزشکی,دانشگاه علوم پزشکی قم,نامشخص,kanoon
1404,تجربی,799,167,منطقه 3,دندانپزشکی,دانشگاه علوم پزشکی مازندران - ساری,نامشخص,kanoon
1404,تجربی,355,168,منطقه 2,پزشکی,دانشگاه علوم پزشکی تهران,نامشخص,kanoon
1404,تجربی,,169,منطقه 3,دندانپزشکی,دانشگاه علوم پزشکی جندی شاپور اهواز,نامشخص,sibtorsh
1404,تجربی,358,169,منطقه 2,پزشکی,دانشگاه علوم پزشکی تهران,نامشخص,kanoon
1404,تجربی,360,170,منطقه 2,پزشکی,دانشگاه علوم پزشکی شهید بهشتی - تهران,نامشخص,kanoon
1404,تجربی,821,170,منطقه 3,دندانپزشکی,دانشگاه علوم پزشکی یزد,نامشخص,kanoon
1404,تجربی,365,171,منطقه 2,پزشکی,دانشگاه علوم پزشکی تهران,نامشخص,kanoon
1404,تجربی,832,173,منطقه 3,دندانپزشکی,دانشگاه علوم پزشکی همدان,نامشخص,kanoon
1404,تجربی,,174,منطقه 3,پزشکی,دانشگاه علوم پزشکی ایران,نامشخص,sibtorsh
1404,تجربی,372,174,منطقه 2,دندانپزشکی,دانشگاه علوم پزشکی البرز - کرج,نامشخص,kanoon
1404,تجربی,846,174,منطقه 3,پزشکی,دانشگاه علوم پزشکی ایران,نامشخص,kanoon
1404,تجربی,373,175,منطقه 2,پزشکی,دانشگاه علوم پزشکی تهران,نامشخص,kanoon
1404,تجربی,376,176,منطقه 2,دندانپزشکی,دانشگاه علوم پزشکی اصفهان,نامشخص,kanoon
1404,تجربی,503,176,منطقه 1,پزشکی,دانشگاه علوم پزشکی شهید بهشتی - تهران,نامشخص,kanoon
1404,تجربی,378,177,منطقه 2,پزشکی,دانشگاه علوم پزشکی تهران,نامشخص,kanoon
1404,تجربی,507,178,منطقه 1,پزشکی,دانشگاه علوم پزشکی مشهد,نامشخص,kanoon
1404,تجربی,895,178,منطقه 3,دندانپزشکی,دانشگاه علوم پزشکی تبریز,نامشخص,kanoon
1404,تجربی,511,180,منطقه 1,دندانپزشکی,دانشگاه علوم پزشکی اصفهان,نامشخص,kanoon
1404,تجربی,906,180,منطقه 3,پزشکی,دانشگاه علوم پزشکی ایران,نامشخص,kanoon
1404,تجربی,384,181,منطقه 2,دندانپزشکی,دانشگاه علوم پزشکی شیراز,نامشخص,kanoon
1404,تجربی,385,182,منطقه 2,پزشکی,دانشگاه علوم پزشکی تهران,نامشخص,kanoon
1404,تجربی,912,182,منطقه 3,دندانپزشکی,دانشگاه علوم پزشکی البرز - کرج,نامشخص,kanoon
1404,تجربی,912,182,منطقه 3,دندانپزشکی,دانشگاه علوم پزشکی بابل,نامشخص,kanoon
1404,تجربی,912,182,منطقه 3,دندانپزشکی,دانشگاه علوم پزشکی مازندران - ساری,نامشخص,kanoon
1404,تجربی,387,183,منطقه 2,دندانپزشکی,دانشگاه علوم پزشکی تبریز,نامشخص,kanoon
1404,تجربی,917,184,منطقه 3,پزشکی,دانشگاه علوم پزشکی ایران,روزانه,sajad
1404,تجربی,527,186,منطقه 1,پزشکی,دانشگاه علوم پزشکی شهید بهشتی - تهران,نامشخص,kanoon
1404,تجربی,949,186,منطقه 3,پزشکی,دانشگاه علوم پزشکی تبریز,نامشخص,kanoon
1404,تجربی,396,188,منطقه 2,پزشکی,دانشگاه علوم پزشکی تهران,نامشخص,kanoon
1404,تجربی,396,188,منطقه 2,پزشکی,دانشگاه علوم پزشکی تهران,نامشخص,kanoon
1404,تجربی,537,188,منطقه 1,دندانپزشکی,دانشگاه علوم پزشکی مشهد,نامشخص,kanoon
1404,تجربی,960,189,منطقه 3,دندانپزشکی,دانشگاه علوم پزشکی کرمان,نامشخص,kanoon
1404,تجربی,398,190,منطقه 2,پزشکی,دانشگاه علوم پزشکی تهران,نامشخص,kanoon
1404,تجربی,548,190,منطقه 1,دندانپزشکی,دانشگاه علوم پزشکی تهران,شهریه پرداز,kanoon
1404,تجربی,400,191,منطقه 2,پزشکی,دانشگاه علوم پزشکی شهید بهشتی - تهران,نامشخص,kanoon
1404,تجربی,556,192,منطقه 1,پزشکی,دانشگاه علوم پزشکی شهید بهشتی - تهران,نامشخص,kanoon
1404,تجربی,560,193,منطقه 1,دندانپزشکی,دانشگاه علوم پزشکی اصفهان,نامشخص,kanoon
1404,تجربی,406,194,منطقه 2,دندانپزشکی,دانشگاه علوم پزشکی البرز - کرج,نامشخص,kanoon
1404,تجربی,566,194,منطقه 1,دندانپزشکی,دانشگاه علوم پزشکی مشهد,نامشخص,kanoon
1404,تجربی,409,196,منطقه 2,پزشکی,دانشگاه علوم پزشکی تهران,نامشخص,kanoon
1404,تجربی,991,196,منطقه 3,دندانپزشکی,دانشگاه علوم پزشکی شهید بهشتی - تهران,نامشخص,kanoon
1404,تجربی,576,197,منطقه 1,دندانپزشکی,دانشگاه علوم پزشکی مشهد,نامشخص,kanoon
1404,تجربی,993,197,منطقه 3,پزشکی,دانشگاه علوم پزشکی شیراز,نامشخص,kanoon
1404,تجربی,993,197,منطقه 3,پزشکی,دانشگاه علوم پزشکی شیراز,نامشخص,kanoon
1404,تجربی,,198,منطقه 2,پزشکی,دانشگاه علوم پزشکی مشهد,نامشخص,sibtorsh
1404,تجربی,416,198,منطقه 2,پزشکی,دانشگاه علوم پزشکی مشهد,نامشخص,kanoon
1404,تجربی,578,198,منطقه 1,پزشکی,دانشگاه علوم پزشکی شیراز,نامشخص,kanoon
1404,تجربی,581,199,منطقه 1,پزشکی,دانشگاه علوم پزشکی شهید بهشتی - تهران,نامشخص,kanoon
1404,تجربی,995,199,منطقه 3,دندانپزشکی,دانشگاه علوم پزشکی مازندران - ساری,نامشخص,kanoon
1404,تجربی,583,200,منطقه 1,پزشکی,دانشگاه علوم پزشکی شهید بهشتی - تهران,نامشخص,kanoon
1404,تجربی,583,200,منطقه 1,دندانپزشکی,دانشگاه علوم پزشکی البرز - کرج,نامشخص,kanoon
1404,تجربی,424,201,منطقه 2,پزشکی,دانشگاه علوم پزشکی تهران,نامشخص,kanoon
1404,تجربی,424,201,منطقه 2,پزشکی,دانشگاه علوم پزشکی تهران,نامشخص,kanoon
1404,تجربی,1001,201,منطقه 3,دندانپزشکی,دانشگاه علوم پزشکی تهران,نامشخص,kanoon
1404,تجربی,585,202,منطقه 1,دندانپزشکی,دانشگاه علوم پزشکی مشهد,نامشخص,kanoon
1404,تجربی,587,203,منطقه 1,دندانپزشکی,دانشگاه علوم پزشکی اصفهان,نامشخص,kanoon
1404,تجربی,1013,203,منطقه 3,پزشکی,دانشگاه علوم پزشکی ایران,نامشخص,kanoon
1404,تجربی,431,204,منطقه 2,دندانپزشکی,دانشگاه علوم پزشکی بابل,نامشخص,kanoon
1404,تجربی,434,205,منطقه 2,دندانپزشکی,دانشگاه علوم پزشکی اصفهان,نامشخص,kanoon
1404,تجربی,1027,205,منطقه 3,پزشکی,دانشگاه علوم پزشکی تهران,نامشخص,kanoon
1404,تجربی,436,206,منطقه 2,پزشکی,دانشگاه علوم پزشکی تهران,نامشخص,kanoon
1404,تجربی,436,206,منطقه 2,دندانپزشکی,دانشگاه علوم پزشکی شیراز,نامشخص,kanoon
1404,تجربی,594,206,منطقه 1,دندانپزشکی,دانشگاه علوم پزشکی شیراز,نامشخص,kanoon
1404,تجربی,1030,206,منطقه 3,دندانپزشکی,دانشگاه علوم پزشکی اردبیل,نامشخص,kanoon
1404,تجربی,596,207,منطقه 1,دندانپزشکی,دانشگاه علوم پزشکی شیراز,نامشخص,kanoon
1404,تجربی,440,208,منطقه 2,دندانپزشکی,دانشگاه علوم پزشکی البرز - کرج,نامشخص,kanoon
1404,تجربی,443,209,منطقه 2,پزشکی,دانشگاه علوم پزشکی تهران,نامشخص,kanoon
1404,تجربی,600,209,منطقه 1,دندانپزشکی,دانشگاه علوم پزشکی مشهد,نامشخص,kanoon
1404,تجربی,445,210,منطقه 2,دندانپزشکی,دانشگاه علوم پزشکی اصفهان,نامشخص,kanoon
1404,تجربی,446,211,منطقه 2,دندانپزشکی,دانشگاه علوم پزشکی اصفهان,نامشخص,kanoon
1404,تجربی,602,211,منطقه 1,پزشکی,دانشگاه علوم پزشکی شهید بهشتی - تهران,نامشخص,kanoon
1404,تجربی,1041,211,منطقه 3,پزشکی,دانشگاه علوم پزشکی ایران,نامشخص,kanoon
1404,تجربی,449,212,منطقه 2,دندانپزشکی,دانشگاه علوم پزشکی البرز - کرج,نامشخص,kanoon
1404,تجربی,449,212,منطقه 2,دندانپزشکی,دانشگاه علوم پزشکی مشهد,نامشخص,kanoon
1404,تجربی,1046,212,منطقه 3,دندانپزشکی,دانشگاه علوم پزشکی ارومیه,نامشخص,kanoon
1404,تجربی,607,213,منطقه 1,پزشکی,دانشگاه علوم پزشکی مشهد,نامشخص,kanoon
1404,تجربی,1049,213,منطقه 3,پزشکی,دانشگاه علوم پزشکی شیراز,نامشخص,kanoon
1404,تجربی,452,214,منطقه 2,پزشکی,دانشگاه علوم پزشکی تهران,نامشخص,kanoon
1404,تجربی,452,214,منطقه 2,پزشکی,دانشگاه علوم پزشکی شهید بهشتی - تهران,نامشخص,kanoon
1404,تجربی,1064,215,منطقه 3,دندانپزشکی,دانشگاه علوم پزشکی بوشهر,نامشخص,kanoon
1404,تجربی,460,217,منطقه 2,پزشکی,دانشگاه علوم پزشکی تهران,نامشخص,kanoon
1404,تجربی,1071,217,منطقه 3,دندانپزشکی,دانشگاه علوم پزشکی گیلان - رشت,نامشخص,kanoon
1404,تجربی,1075,218,منطقه 3,دندانپزشکی,دانشگاه علوم پزشکی اصفهان,نامشخص,kanoon
1404,تجربی,1080,219,منطقه 3,دندانپزشکی,دانشگاه علوم پزشکی همدان,نامشخص,kanoon
1404,تجربی,468,220,منطقه 2,دندانپزشکی,دانشگاه علوم پزشکی مشهد,نامشخص,kanoon
1404,تجربی,626,220,منطقه 1,دندانپزشکی,دانشگاه علوم پزشکی مشهد,نامشخص,kanoon
1404,تجربی,637,221,منطقه 1,دندانپزشکی,دانشگاه علوم پزشکی تبریز,روزانه,sajad
1404,تجربی,470,222,منطقه 2,پزشکی,دانشگاه علوم پزشکی تهران,نامشخص,kanoon
1404,تجربی,1087,222,منطقه 3,دندانپزشکی,دانشگاه علوم پزشکی ایلام,نامشخص,kanoon
1404,تجربی,678,223,منطقه 1,دندانپزشکی,دانشگاه علوم پزشکی تبریز,نامشخص,kanoon
1404,تجربی,1115,224,منطقه 3,پزشکی,دانشگاه علوم پزشکی ایران,نامشخص,kanoon
1404,تجربی,476,225,منطقه 2,پزشکی,دانشگاه علوم پزشکی تهران,نامشخص,kanoon
1404,تجربی,1122,225,منطقه 3,پزشکی,دانشگاه علوم پزشکی مشهد,نامشخص,kanoon
1404,تجربی,660,226,منطقه 1,پزشکی,دانشگاه علوم پزشکی شهید بهشتی - تهران,نامشخص,kanoon
1404,تجربی,665,228,منطقه 1,دندانپزشکی,دانشگاه علوم پزشکی اصفهان,نامشخص,kanoon
1404,تجربی,,230,منطقه 2,دندانپزشکی,نامشخص,نامشخص,sibtorsh
1404,تجربی,484,230,منطقه 2,دندانپزشکی,دانشگاه علوم پزشکی بابل,نامشخص,kanoon
1404,تجربی,670,230,منطقه 1,پزشکی,دانشگاه علوم پزشکی شهید بهشتی - تهران,نامشخص,kanoon
1404,تجربی,1147,230,منطقه 3,پزشکی,دانشگاه علوم پزشکی شیراز,نامشخص,kanoon
1404,تجربی,1150,231,منطقه 3,پزشکی,دانشگاه علوم پزشکی ایران,نامشخص,kanoon
1404,تجربی,1150,231,منطقه 3,پزشکی,دانشگاه علوم پزشکی شیراز,نامشخص,kanoon
1404,تجربی,489,232,منطقه 2,دندانپزشکی,دانشگاه علوم پزشکی اصفهان,نامشخص,kanoon
1404,تجربی,493,233,منطقه 2,پزشکی,دانشگاه علوم پزشکی شهید بهشتی - تهران,نامشخص,kanoon
1404,تجربی,678,233,منطقه 1,دندانپزشکی,دانشگاه علوم پزشکی شیراز,نامشخص,kanoon
1404,تجربی,1154,233,منطقه 3,پزشکی,دانشگاه علوم پزشکی ایران,نامشخص,kanoon
1404,تجربی,497,234,منطقه 2,پزشکی,دانشگاه علوم پزشکی مشهد,نامشخص,kanoon
1404,تجربی,503,235,منطقه 2,دندانپزشکی,دانشگاه علوم پزشکی اصفهان,نامشخص,kanoon
1404,تجربی,1174,235,منطقه 3,دندانپزشکی,دانشگاه علوم پزشکی یزد,نامشخص,kanoon
1404,تجربی,505,236,منطقه 2,پزشکی,دانشگاه علوم پزشکی تهران,نامشخص,kanoon
1404,تجربی,687,236,منطقه 1,داروسازی,دانشگاه علوم پزشکی تهران,نامشخص,kanoon
1404,تجربی,1181,236,منطقه 3,دندانپزشکی,دانشگاه علوم پزشکی تهران,نامشخص,kanoon
1404,تجربی,1193,237,منطقه 3,پزشکی,دانشگاه علوم پزشکی ایران,نامشخص,kanoon
1404,تجربی,4507,237,سهمیه 5٪,دندانپزشکی,دانشگاه آزاد اسلامی واحد پزشکی تهران,آزاد,sajad
1404,تجربی,519,238,منطقه 2,پزشکی,دانشگاه علوم پزشکی شهید بهشتی - تهران,نامشخص,kanoon
1404,تجربی,519,238,منطقه 2,پزشکی,دانشگاه علوم پزشکی شهید بهشتی - تهران,نامشخص,kanoon
1404,تجربی,697,239,منطقه 1,پزشکی,دانشگاه علوم پزشکی اصفهان,نامشخص,kanoon
1404,تجربی,1203,239,منطقه 3,پزشکی,دانشگاه علوم پزشکی مشهد,نامشخص,kanoon
1404,تجربی,523,240,منطقه 2,پزشکی,دانشگاه علوم پزشکی شهید بهشتی - تهران,نامشخص,kanoon
1404,تجربی,523,240,منطقه 2,دندانپزشکی,دانشگاه علوم پزشکی اصفهان,نامشخص,kanoon
1404,تجربی,1215,241,منطقه 3,دندانپزشکی,دانشگاه علوم پزشکی همدان,نامشخص,kanoon
1404,تجربی,531,243,منطقه 2,پزشکی,دانشگاه علوم پزشکی شهید بهشتی - تهران,نامشخص,kanoon
1404,تجربی,539,244,منطقه 2,پزشکی,دانشگاه علوم پزشکی شهید بهشتی - تهران,نامشخص,kanoon
1404,تجربی,539,244,منطقه 2,دندانپزشکی,دانشگاه شاهد - تهران(رشته های پزشکی),نامشخص,kanoon
1404,تجربی,541,246,منطقه 2,دندانپزشکی,دانشگاه علوم پزشکی شیراز,نامشخص,kanoon
1404,تجربی,1231,246,منطقه 3,دندانپزشکی,دانشگاه علوم پزشکی شهید بهشتی - تهران,نامشخص,kanoon
1404,تجربی,542,247,منطقه 2,پزشکی,دانشگاه علوم پزشکی تهران,نامشخص,kanoon
1404,تجربی,542,247,منطقه 2,دندانپزشکی,دانشگاه علوم پزشکی اصفهان,نامشخص,kanoon
1404,تجربی,725,247,منطقه 1,پزشکی,دانشگاه علوم پزشکی شیراز,نامشخص,kanoon
1404,تجربی,1234,247,منطقه 3,پزشکی,دانشگاه علوم پزشکی تهران,نامشخص,kanoon
1404,تجربی,1243,249,منطقه 3,پزشکی,دانشگاه علوم پزشکی تهران,نامشخص,kanoon
1404,تجربی,545,250,منطقه 2,پزشکی,دانشگاه علوم پزشکی شهید بهشتی - تهران,نامشخص,kanoon
1404,تجربی,739,250,منطقه 1,پزشکی,دانشگاه علوم پزشکی اصفهان,نامشخص,kanoon
1404,تجربی,1249,251,منطقه 3,پزشکی,دانشگاه علوم پزشکی اصفهان,نامشخص,kanoon
1404,تجربی,,252,منطقه 3,پزشکی,دانشگاه علوم پزشکی ایلام,نامشخص,sibtorsh
1404,تجربی,1255,252,منطقه 3,پزشکی,دانشگاه علوم پزشکی ایلام,نامشخص,kanoon
1404,تجربی,552,253,منطقه 2,پزشکی,دانشگاه علوم پزشکی شیراز,نامشخص,kanoon
1404,تجربی,553,254,منطقه 2,دندانپزشکی,دانشگاه علوم پزشکی شیراز,نامشخص,kanoon
1404,تجربی,553,254,منطقه 2,دندانپزشکی,دانشگاه علوم پزشکی گیلان - رشت,نامشخص,kanoon
1404,تجربی,753,254,منطقه 1,پزشکی,دانشگاه علوم پزشکی مشهد,نامشخص,kanoon
1404,تجربی,1264,254,منطقه 3,دندانپزشکی,دانشگاه علوم پزشکی همدان,نامشخص,kanoon
1404,تجربی,756,255,منطقه 1,پزشکی,دانشگاه علوم پزشکی شیراز,نامشخص,kanoon
1404,تجربی,1271,255,منطقه 3,دندانپزشکی,دانشگاه علوم پزشکی بیرجند,نامشخص,kanoon
1404,تجربی,557,256,منطقه 2,دندانپزشکی,دانشگاه علوم پزشکی اراک,نامشخص,kanoon
1404,تجربی,1274,256,منطقه 3,پزشکی,دانشگاه علوم پزشکی تهران,نامشخص,kanoon
1404,تجربی,760,257,منطقه 1,دندانپزشکی,دانشگاه علوم پزشکی کاشان,نامشخص,kanoon
1404,تجربی,1281,257,منطقه 3,پزشکی,دانشگاه علوم پزشکی تهران,نامشخص,kanoon
1404,تجربی,1281,257,منطقه 3,دندانپزشکی,دانشگاه علوم پزشکی جندی شاپور اهواز,نامشخص,kanoon
1404,تجربی,562,259,منطقه 2,پزشکی,دانشگاه علوم پزشکی تهران,نامشخص,kanoon
1404,تجربی,1479,259,منطقه 3,دندانپزشکی,دانشگاه علوم پزشکی البرز - کرج,نامشخص,kanoon
1404,تجربی,4931,259,سهمیه 5٪,پزشکی,دانشگاه علوم پزشکی ایران,روزانه,sajad
1404,تجربی,1302,260,منطقه 3,پزشکی,دانشگاه علوم پزشکی ایران,نامشخص,kanoon
1404,تجربی,1302,260,منطقه 3,پزشکی,دانشگاه علوم پزشکی شیراز,نامشخص,kanoon
1404,تجربی,564,261,منطقه 2,دندانپزشکی,دانشگاه علوم پزشکی البرز - کرج,نامشخص,kanoon
1404,تجربی,787,261,منطقه 1,پزشکی,دانشگاه علوم پزشکی شهید بهشتی - تهران,نامشخص,kanoon
1404,تجربی,,262,منطقه 2,پزشکی,دانشگاه علوم پزشکی شهید بهشتی - تهران,نامشخص,sibtorsh
1404,تجربی,566,262,منطقه 2,پزشکی,دانشگاه علوم پزشکی شهید بهشتی - تهران,نامشخص,kanoon
1404,تجربی,790,262,منطقه 1,دندانپزشکی,دانشگاه علوم پزشکی شیراز,شهریه پرداز,kanoon
1404,تجربی,573,264,منطقه 2,پزشکی,دانشگاه علوم پزشکی شهید بهشتی - تهران,نامشخص,kanoon
1404,تجربی,573,264,منطقه 2,دندانپزشکی,دانشگاه علوم پزشکی تبریز,نامشخص,kanoon
1404,تجربی,793,264,منطقه 1,پزشکی,دانشگاه علوم پزشکی شیراز,نامشخص,kanoon
1404,تجربی,1317,264,منطقه 3,دندانپزشکی,دانشگاه علوم پزشکی مازندران - ساری,نامشخص,kanoon
1404,تجربی,796,265,منطقه 1,هوشبری,دانشگاه علوم پزشکی گناباد,شهریه پرداز,kanoon
1404,تجربی,1320,265,منطقه 3,دندانپزشکی,دانشگاه علوم پزشکی کرمان,نامشخص,kanoon
1404,تجربی,802,267,منطقه 1,پزشکی,دانشگاه علوم پزشکی شیراز,نامشخص,kanoon
1404,تجربی,1325,267,منطقه 3,دندانپزشکی,دانشگاه علوم پزشکی خراسان شمالی - بجنورد,نامشخص,kanoon
1404,تجربی,585,269,منطقه 2,دندانپزشکی,دانشگاه علوم پزشکی اصفهان,نامشخص,kanoon
1404,تجربی,1331,269,منطقه 3,دندانپزشکی,دانشگاه علوم پزشکی البرز - کرج,نامشخص,kanoon
1404,تجربی,1331,269,منطقه 3,دندانپزشکی,دانشگاه علوم پزشکی البرز - کرج,روزانه,sajad
1404,تجربی,588,270,منطقه 2,دندانپزشکی,دانشگاه علوم پزشکی مشهد,نامشخص,kanoon
1404,تجربی,589,271,منطقه 2,دندانپزشکی,دانشگاه علوم پزشکی شیراز,نامشخص,kanoon
1404,تجربی,590,272,منطقه 2,پزشکی,دانشگاه علوم پزشکی شهید بهشتی - تهران,نامشخص,kanoon
1404,تجربی,813,272,منطقه 1,دندانپزشکی,دانشگاه آزاداسلامی-واحدپزشکی تهران,آزاد,kanoon
1404,تجربی,592,273,منطقه 2,دندانپزشکی,دانشگاه علوم پزشکی تبریز,نامشخص,kanoon
1404,تجربی,816,273,منطقه 1,پزشکی,دانشگاه علوم پزشکی تبریز,نامشخص,kanoon
1404,تجربی,1347,273,منطقه 3,پزشکی,دانشگاه علوم پزشکی تبریز,نامشخص,kanoon
1404,تجربی,595,274,منطقه 2,پزشکی,دانشگاه علوم پزشکی شهید بهشتی - تهران,نامشخص,kanoon
1404,تجربی,597,275,منطقه 2,پزشکی,دانشگاه علوم پزشکی شهید بهشتی - تهران,نامشخص,kanoon
1404,تجربی,1353,275,منطقه 3,دندانپزشکی,دانشگاه علوم پزشکی اردبیل,نامشخص,kanoon
1404,تجربی,1364,276,منطقه 3,پزشکی,دانشگاه علوم پزشکی شیراز,نامشخص,kanoon
1404,تجربی,604,277,منطقه 2,دندانپزشکی,دانشگاه علوم پزشکی کاشان,نامشخص,kanoon
1404,تجربی,1372,277,منطقه 3,دندانپزشکی,دانشگاه علوم پزشکی یزد,نامشخص,kanoon
1404,تجربی,610,278,منطقه 2,پزشکی,دانشگاه علوم پزشکی تهران,نامشخص,kanoon
1404,تجربی,827,278,منطقه 1,پزشکی,دانشگاه علوم پزشکی شیراز,نامشخص,kanoon
1404,تجربی,1379,278,منطقه 3,پزشکی,دانشگاه علوم پزشکی اصفهان,نامشخص,kanoon
1404,تجربی,613,279,منطقه 2,پزشکی,دانشگاه علوم پزشکی تهران,نامشخص,kanoon
1404,تجربی,1383,279,منطقه 3,دندانپزشکی,دانشگاه علوم پزشکی گیلان - رشت,نامشخص,kanoon
1404,تجربی,1389,280,منطقه 3,دندانپزشکی,دانشگاه علوم پزشکی خراسان شمالی - بجنورد,نامشخص,kanoon
1404,تجربی,615,281,منطقه 2,دندانپزشکی,دانشگاه علوم پزشکی شیراز,نامشخص,kanoon
1404,تجربی,1406,282,منطقه 3,دندانپزشکی,دانشگاه علوم پزشکی تهران,شهریه پرداز,kanoon
1404,تجربی,619,283,منطقه 2,پزشکی,دانشگاه علوم پزشکی شهید بهشتی - تهران,نامشخص,kanoon
1404,تجربی,839,283,منطقه 1,پزشکی,دانشگاه علوم پزشکی شیراز,نامشخص,kanoon
1404,تجربی,621,284,منطقه 2,پزشکی,دانشگاه علوم پزشکی شهید بهشتی - تهران,نامشخص,kanoon
1404,تجربی,1421,284,منطقه 3,دندانپزشکی,دانشگاه علوم پزشکی مازندران - ساری,نامشخص,kanoon
1404,تجربی,850,286,منطقه 1,دندانپزشکی,دانشگاه علوم پزشکی البرز - کرج,نامشخص,kanoon
1404,تجربی,1427,286,منطقه 3,پزشکی,دانشگاه علوم پزشکی تبریز,نامشخص,kanoon
1404,تجربی,629,287,منطقه 2,پزشکی,دانشگاه علوم پزشکی تهران,نامشخص,kanoon
1404,تجربی,629,287,منطقه 2,پزشکی,دانشگاه علوم پزشکی شهید بهشتی - تهران,نامشخص,kanoon
1404,تجربی,852,287,منطقه 1,پزشکی,دانشگاه علوم پزشکی تبریز,نامشخص,kanoon
1404,تجربی,631,289,منطقه 2,پزشکی,دانشگاه علوم پزشکی تبریز,نامشخص,kanoon
1404,تجربی,1456,290,منطقه 3,پزشکی,دانشگاه علوم پزشکی تبریز,نامشخص,kanoon
1404,تجربی,1456,290,منطقه 3,پزشکی,دانشگاه علوم پزشکی تهران,نامشخص,kanoon
1404,تجربی,635,291,منطقه 2,پزشکی,دانشگاه علوم پزشکی شیراز,نامشخص,kanoon
1404,تجربی,639,292,منطقه 2,دندانپزشکی,دانشگاه علوم پزشکی شیراز,نامشخص,kanoon
1404,تجربی,1462,292,منطقه 3,پزشکی,دانشگاه علوم پزشکی مازندران - ساری,نامشخص,kanoon
1404,تجربی,871,293,منطقه 1,دندانپزشکی,دانشگاه آزاداسلامی-واحدپزشکی تهران,آزاد,kanoon
1404,تجربی,641,294,منطقه 2,دندانپزشکی,دانشگاه علوم پزشکی تبریز,نامشخص,kanoon
1404,تجربی,643,295,منطقه 2,دندانپزشکی,دانشگاه علوم پزشکی گیلان - رشت,نامشخص,kanoon
1404,تجربی,1479,295,منطقه 3,پزشکی,دانشگاه علوم پزشکی شیراز,نامشخص,kanoon
1404,تجربی,1479,295,منطقه 3,پزشکی,دانشگاه علوم پزشکی مشهد,نامشخص,kanoon
1404,تجربی,886,297,منطقه 1,پزشکی,دانشگاه علوم پزشکی شیراز,نامشخص,kanoon
1404,تجربی,651,299,منطقه 2,پزشکی,دانشگاه علوم پزشکی شهید بهشتی - تهران,نامشخص,kanoon
1404,تجربی,903,299,منطقه 1,دندانپزشکی,دانشگاه علوم پزشکی مازندران - ساری,نامشخص,kanoon
1404,تجربی,1512,300,منطقه 3,پزشکی,دانشگاه علوم پزشکی شیراز,نامشخص,kanoon
1404,تجربی,,302,منطقه 2,پزشکی,دانشگاه علوم پزشکی بابل,نامشخص,sibtorsh
1404,تجربی,656,302,منطقه 2,دندانپزشکی,دانشگاه علوم پزشکی شیراز,نامشخص,kanoon
1404,تجربی,656,302,منطقه 2,دندانپزشکی,دانشگاه علوم پزشکی مشهد,نامشخص,kanoon
1404,تجربی,912,302,منطقه 1,پزشکی,دانشگاه علوم پزشکی شیراز,نامشخص,kanoon
1404,تجربی,,304,منطقه 3,دندانپزشکی,دانشگاه علوم پزشکی ارومیه,نامشخص,sibtorsh
1404,تجربی,660,304,منطقه 2,پزشکی,دانشگاه علوم پزشکی تهران,نامشخص,kanoon
1404,تجربی,919,304,منطقه 1,دندانپزشکی,دانشگاه علوم پزشکی اصفهان,شهریه پرداز,kanoon
1404,تجربی,1531,304,منطقه 3,دندانپزشکی,دانشگاه علوم پزشکی ارومیه,نامشخص,kanoon
1404,تجربی,665,305,منطقه 2,دندانپزشکی,دانشگاه علوم پزشکی مشهد,نامشخص,kanoon
1404,تجربی,672,308,منطقه 2,دندانپزشکی,دانشگاه علوم پزشکی اصفهان,نامشخص,kanoon
1404,تجربی,1543,309,منطقه 3,پزشکی,دانشگاه علوم پزشکی تبریز,نامشخص,kanoon
1404,تجربی,674,310,منطقه 2,دندانپزشکی,دانشگاه علوم پزشکی اصفهان,نامشخص,kanoon
1404,تجربی,930,310,منطقه 1,دندانپزشکی,دانشگاه علوم پزشکی البرز - کرج,نامشخص,kanoon
1404,تجربی,1547,310,منطقه 3,دندانپزشکی,دانشگاه علوم پزشکی کاشان,نامشخص,kanoon
1404,تجربی,678,311,منطقه 2,پزشکی,دانشگاه علوم پزشکی شهید بهشتی - تهران,نامشخص,kanoon
1404,تجربی,682,312,منطقه 2,پزشکی,دانشگاه علوم پزشکی تهران,نامشخص,kanoon
1404,تجربی,1554,312,منطقه 3,دندانپزشکی,دانشگاه علوم پزشکی البرز - کرج,نامشخص,kanoon
1404,تجربی,682,313,منطقه 2,پزشکی,دانشگاه علوم پزشکی شهید بهشتی - تهران,نامشخص,kanoon
1404,تجربی,944,313,منطقه 1,دندانپزشکی,دانشگاه علوم پزشکی ارومیه,نامشخص,kanoon
1404,تجربی,687,314,منطقه 2,پزشکی,دانشگاه علوم پزشکی شهید بهشتی - تهران,نامشخص,kanoon
1404,تجربی,687,314,منطقه 2,دندانپزشکی,دانشگاه علوم پزشکی قم,نامشخص,kanoon
1404,تجربی,1560,315,منطقه 3,پزشکی,دانشگاه علوم پزشکی تهران,نامشخص,kanoon
1404,تجربی,1560,315,منطقه 3,پزشکی,دانشگاه علوم پزشکی مشهد,نامشخص,kanoon
1404,تجربی,6277,315,سهمیه 5٪,دندانپزشکی,دانشگاه آزاد اسلامی واحد پزشکی تهران,آزاد,sajad
1404,تجربی,692,317,منطقه 2,دندانپزشکی,دانشگاه علوم پزشکی شیراز,نامشخص,kanoon
1404,تجربی,964,317,منطقه 1,پزشکی,دانشگاه علوم پزشکی ایران,نامشخص,kanoon
1404,تجربی,694,318,منطقه 2,پزشکی,دانشگاه علوم پزشکی مشهد,نامشخص,kanoon
1404,تجربی,697,319,منطقه 2,دندانپزشکی,دانشگاه علوم پزشکی اصفهان,نامشخص,kanoon
1404,تجربی,966,319,منطقه 1,پزشکی,دانشگاه علوم پزشکی شیراز,نامشخص,kanoon
1404,تجربی,966,319,منطقه 1,دندانپزشکی,دانشگاه علوم پزشکی کاشان,نامشخص,kanoon
1404,تجربی,701,321,منطقه 2,پزشکی,دانشگاه علوم پزشکی شهید بهشتی - تهران,نامشخص,kanoon
1404,تجربی,701,321,منطقه 2,دندانپزشکی,دانشگاه علوم پزشکی کاشان,نامشخص,kanoon
1404,تجربی,971,321,منطقه 1,پزشکی,دانشگاه علوم پزشکی ایران,نامشخص,kanoon
1404,تجربی,703,323,منطقه 2,دندانپزشکی,دانشگاه علوم پزشکی اصفهان,نامشخص,kanoon
1404,تجربی,706,324,منطقه 2,پزشکی,دانشگاه علوم پزشکی شهید بهشتی - تهران,نامشخص,kanoon
1404,تجربی,980,325,منطقه 1,پزشکی,دانشگاه علوم پزشکی اصفهان,نامشخص,kanoon
1404,تجربی,980,325,منطقه 1,دندانپزشکی,دانشگاه علوم پزشکی یاسوج,نامشخص,kanoon
1404,تجربی,980,325,منطقه 1,دندانپزشکی,دانشگاه علوم پزشکی یزد,نامشخص,kanoon
1404,تجربی,,327,منطقه 3,دندانپزشکی,دانشگاه علوم پزشکی کرمانشاه,نامشخص,sibtorsh
1404,تجربی,983,327,منطقه 1,پزشکی,دانشگاه علوم پزشکی اصفهان,نامشخص,kanoon
1404,تجربی,1618,327,منطقه 3,دندانپزشکی,دانشگاه علوم پزشکی کرمانشاه,نامشخص,kanoon
1404,تجربی,716,328,منطقه 2,دندانپزشکی,دانشگاه علوم پزشکی اصفهان,نامشخص,kanoon
1404,تجربی,717,329,منطقه 2,دندانپزشکی,دانشگاه علوم پزشکی اصفهان,نامشخص,kanoon
1404,تجربی,719,330,منطقه 2,داروسازی,دانشگاه علوم پزشکی تهران,نامشخص,kanoon
1404,تجربی,719,330,منطقه 2,دندانپزشکی,دانشگاه علوم پزشکی مازندران - ساری,نامشخص,kanoon
1404,تجربی,999,331,منطقه 1,دندانپزشکی,دانشگاه علوم پزشکی تبریز,شهریه پرداز,kanoon
1404,تجربی,1639,331,منطقه 3,پزشکی,دانشگاه علوم پزشکی شیراز,نامشخص,kanoon
1404,تجربی,1639,331,منطقه 3,پزشکی,دانشگاه علوم پزشکی مشهد,نامشخص,kanoon
1404,تجربی,725,332,منطقه 2,پزشکی,دانشگاه علوم پزشکی شهید بهشتی - تهران,نامشخص,kanoon
1404,تجربی,1004,332,منطقه 1,دندانپزشکی,دانشگاه علوم پزشکی گیلان - رشت,نامشخص,kanoon
1404,تجربی,,334,منطقه 3,پزشکی,دانشگاه علوم پزشکی جندی شاپور اهواز,نامشخص,sibtorsh
1404,تجربی,1651,334,منطقه 3,پزشکی,دانشگاه علوم پزشکی جندی شاپور اهواز,نامشخص,kanoon
1404,تجربی,736,335,منطقه 2,دندانپزشکی,دانشگاه علوم پزشکی بابل,نامشخص,kanoon
1404,تجربی,1663,335,منطقه 3,پزشکی,دانشگاه علوم پزشکی تهران,نامشخص,kanoon
1404,تجربی,737,336,منطقه 2,پزشکی,دانشگاه علوم پزشکی شهید بهشتی - تهران,نامشخص,kanoon
1404,تجربی,1672,336,منطقه 3,پزشکی,دانشگاه علوم پزشکی شیراز,نامشخص,kanoon
1404,تجربی,738,337,منطقه 2,دندانپزشکی,دانشگاه علوم پزشکی شیراز,نامشخص,kanoon
1404,تجربی,1013,337,منطقه 1,دندانپزشکی,دانشگاه علوم پزشکی گیلان - رشت,نامشخص,kanoon
1404,تجربی,1679,338,منطقه 3,دندانپزشکی,دانشگاه علوم پزشکی بابل,نامشخص,kanoon
1404,تجربی,746,339,منطقه 2,دندانپزشکی,دانشگاه علوم پزشکی جندی شاپور اهواز,نامشخص,kanoon
1404,تجربی,1683,339,منطقه 3,دندانپزشکی,دانشگاه علوم پزشکی کردستان - سنندج,نامشخص,kanoon
1404,تجربی,1027,340,منطقه 1,پزشکی,دانشگاه علوم پزشکی ایران,نامشخص,kanoon
1404,تجربی,1690,340,منطقه 3,پزشکی,دانشگاه علوم پزشکی بوشهر,نامشخص,kanoon
1404,تجربی,1694,341,منطقه 3,پزشکی,دانشگاه علوم پزشکی شیراز,نامشخص,kanoon
1404,تجربی,,342,منطقه 3,دندانپزشکی,دانشگاه علوم پزشکی ارومیه,نامشخص,sibtorsh
1404,تجربی,753,343,منطقه 2,پزشکی,دانشگاه علوم پزشکی شهید بهشتی - تهران,نامشخص,kanoon
1404,تجربی,1703,343,منطقه 3,پزشکی,دانشگاه علوم پزشکی تهران,نامشخص,kanoon
1404,تجربی,1703,343,منطقه 3,پزشکی,دانشگاه علوم پزشکی شیراز,نامشخص,kanoon
1404,تجربی,1041,345,منطقه 1,پزشکی,دانشگاه علوم پزشکی شیراز,نامشخص,kanoon
1404,تجربی,1041,345,منطقه 1,دندانپزشکی,دانشگاه علوم پزشکی کاشان,نامشخص,kanoon
1404,تجربی,1716,346,منطقه 3,پزشکی,دانشگاه علوم پزشکی کرمانشاه,نامشخص,kanoon
1404,تجربی,766,347,منطقه 2,دندانپزشکی,دانشگاه علوم پزشکی کاشان,نامشخص,kanoon
1404,تجربی,1044,347,منطقه 1,پزشکی,دانشگاه علوم پزشکی ایران,نامشخص,kanoon
1404,تجربی,768,348,منطقه 2,پزشکی,دانشگاه علوم پزشکی شهید بهشتی - تهران,نامشخص,kanoon
1404,تجربی,1046,348,منطقه 1,پزشکی,دانشگاه علوم پزشکی شهید بهشتی - تهران,نامشخص,kanoon
1404,تجربی,1718,348,منطقه 3,پزشکی,دانشگاه علوم پزشکی اصفهان,نامشخص,kanoon
1404,تجربی,1718,348,منطقه 3,پزشکی,دانشگاه علوم پزشکی شیراز,نامشخص,kanoon
1404,تجربی,1053,349,منطقه 1,پزشکی,دانشگاه علوم پزشکی ایران,نامشخص,kanoon
1404,تجربی,,350,منطقه 3,دندانپزشکی,دانشگاه علوم پزشکی جندی شاپور اهواز,نامشخص,sibtorsh
1404,تجربی,771,350,منطقه 2,پزشکی,دانشگاه علوم پزشکی شهید بهشتی - تهران,نامشخص,kanoon
1404,تجربی,1056,350,منطقه 1,پزشکی,دانشگاه علوم پزشکی اصفهان,نامشخص,kanoon
1404,تجربی,772,351,منطقه 2,پزشکی,دانشگاه علوم پزشکی شهید بهشتی - تهران,نامشخص,kanoon
1404,تجربی,772,351,منطقه 2,دندانپزشکی,دانشگاه علوم پزشکی یزد,نامشخص,kanoon
1404,تجربی,1728,351,منطقه 3,دندانپزشکی,دانشگاه علوم پزشکی کرمان,نامشخص,kanoon
1404,تجربی,1733,352,منطقه 3,داروسازی,دانشگاه علوم پزشکی تهران,نامشخص,kanoon
1404,تجربی,1061,353,منطقه 1,دندانپزشکی,دانشگاه علوم پزشکی شهرکرد,نامشخص,kanoon
1404,تجربی,776,354,منطقه 2,دندانپزشکی,دانشگاه علوم پزشکی تبریز,نامشخص,kanoon
1404,تجربی,1064,354,منطقه 1,پزشکی,دانشگاه علوم پزشکی ایران,نامشخص,kanoon
1404,تجربی,1740,354,منطقه 3,دندانپزشکی,دانشگاه علوم پزشکی کرمان,نامشخص,kanoon
1404,تجربی,777,355,منطقه 2,پزشکی,دانشگاه علوم پزشکی شهید بهشتی - تهران,نامشخص,kanoon
1404,تجربی,779,356,منطقه 2,پزشکی,دانشگاه علوم پزشکی شهید بهشتی - تهران,نامشخص,kanoon
1404,تجربی,1746,356,منطقه 3,پزشکی,دانشگاه علوم پزشکی اصفهان,نامشخص,kanoon
1404,تجربی,1746,356,منطقه 3,دندانپزشکی,دانشگاه علوم پزشکی زنجان,نامشخص,kanoon
1404,تجربی,781,357,منطقه 2,پزشکی,دانشگاه علوم پزشکی شهید بهشتی - تهران,نامشخص,kanoon
1404,تجربی,781,357,منطقه 2,دندانپزشکی,دانشگاه علوم پزشکی قم,نامشخص,kanoon
1404,تجربی,1075,358,منطقه 1,پزشکی,دانشگاه علوم پزشکی ایران,نامشخص,kanoon
1404,تجربی,1075,358,منطقه 1,دندانپزشکی,دانشگاه علوم پزشکی البرز - کرج,شهریه پرداز,kanoon
1404,تجربی,1751,358,منطقه 3,پزشکی,دانشگاه علوم پزشکی کرمانشاه,نامشخص,kanoon
1404,تجربی,,359,منطقه 1,دندانپزشکی,دانشگاه علوم پزشکی مازندران - ساری,نامشخص,sibtorsh
1404,تجربی,1077,359,منطقه 1,دندانپزشکی,دانشگاه علوم پزشکی مازندران - ساری,نامشخص,kanoon
1404,تجربی,1758,361,منطقه 3,پزشکی,دانشگاه علوم پزشکی مشهد,نامشخص,kanoon
1404,تجربی,1758,361,منطقه 3,دندانپزشکی,دانشگاه علوم پزشکی قزوین,نامشخص,kanoon
1404,تجربی,1758,361,منطقه 3,دندانپزشکی,دانشگاه علوم پزشکی کردستان - سنندج,نامشخص,kanoon
1404,تجربی,1758,361,منطقه 3,دندانپزشکی,دانشگاه علوم پزشکی کردستان - سنندج,روزانه,sajad
1404,تجربی,793,363,منطقه 2,پزشکی,دانشگاه علوم پزشکی شهید بهشتی - تهران,نامشخص,kanoon
1404,تجربی,1087,363,منطقه 1,دندانپزشکی,دانشگاه علوم پزشکی یزد,نامشخص,kanoon
1404,تجربی,1764,363,منطقه 3,پزشکی,دانشگاه علوم پزشکی شیراز,نامشخص,kanoon
1404,تجربی,1092,364,منطقه 1,دندانپزشکی,دانشگاه علوم پزشکی یزد,نامشخص,kanoon
1404,تجربی,796,365,منطقه 2,پزشکی,دانشگاه علوم پزشکی ایران,نامشخص,kanoon
1404,تجربی,796,365,منطقه 2,دندانپزشکی,دانشگاه علوم پزشکی بابل,نامشخص,kanoon
1404,تجربی,1769,365,منطقه 3,داروسازی,دانشگاه علوم پزشکی مشهد,نامشخص,kanoon
1404,تجربی,1769,365,منطقه 3,دندانپزشکی,دانشگاه علوم پزشکی تهران,شهریه پرداز,kanoon
1404,تجربی,1769,365,منطقه 3,دندانپزشکی,دانشگاه علوم پزشکی کرمان,نامشخص,kanoon
1404,تجربی,799,367,منطقه 2,پزشکی,دانشگاه علوم پزشکی شهید بهشتی - تهران,نامشخص,kanoon
1404,تجربی,801,368,منطقه 2,پزشکی,دانشگاه علوم پزشکی شهید بهشتی - تهران,نامشخص,kanoon
1404,تجربی,804,370,منطقه 2,پزشکی,دانشگاه علوم پزشکی شهید بهشتی - تهران,نامشخص,kanoon
1404,تجربی,1106,370,منطقه 1,دندانپزشکی,دانشگاه علوم پزشکی بیرجند,نامشخص,kanoon
1404,تجربی,806,371,منطقه 2,دندانپزشکی,دانشگاه علوم پزشکی گیلان - رشت,نامشخص,kanoon
1404,تجربی,1109,372,منطقه 1,پزشکی,دانشگاه علوم پزشکی تبریز,نامشخص,kanoon
1404,تجربی,1109,372,منطقه 1,دندانپزشکی,دانشگاه علوم پزشکی یزد,نامشخص,kanoon
1404,تجربی,1785,372,منطقه 3,پزشکی,دانشگاه علوم پزشکی مشهد,نامشخص,kanoon
1404,تجربی,1785,372,منطقه 3,پزشکی,دانشگاه علوم پزشکی مشهد,نامشخص,kanoon
1404,تجربی,,375,منطقه 2,پزشکی,دانشگاه علوم پزشکی ایران,نامشخص,sibtorsh
1404,تجربی,819,375,منطقه 2,دندانپزشکی,دانشگاه علوم پزشکی یزد,نامشخص,kanoon
1404,تجربی,1115,375,منطقه 1,پزشکی,دانشگاه علوم پزشکی ایران,نامشخص,kanoon
1404,تجربی,1118,376,منطقه 1,پزشکی,دانشگاه علوم پزشکی مشهد,نامشخص,kanoon
1404,تجربی,1798,376,منطقه 3,پزشکی,دانشگاه علوم پزشکی مشهد,نامشخص,kanoon
1404,تجربی,822,377,منطقه 2,پزشکی,دانشگاه علوم پزشکی ایران,نامشخص,kanoon
1404,تجربی,824,378,منطقه 2,پزشکی,دانشگاه علوم پزشکی تبریز,نامشخص,kanoon
1404,تجربی,824,378,منطقه 2,دندانپزشکی,دانشگاه علوم پزشکی یزد,نامشخص,kanoon
1404,تجربی,832,380,منطقه 2,پزشکی,دانشگاه علوم پزشکی ایران,نامشخص,kanoon
1404,تجربی,1834,380,منطقه 3,پزشکی,دانشگاه علوم پزشکی تبریز,نامشخص,kanoon
1404,تجربی,835,381,منطقه 2,پزشکی,دانشگاه علوم پزشکی ایران,نامشخص,kanoon
1404,تجربی,1133,382,منطقه 1,داروسازی,دانشگاه علوم پزشکی تهران,نامشخص,kanoon
1404,تجربی,1841,382,منطقه 3,پزشکی,دانشگاه علوم پزشکی شیراز,نامشخص,kanoon
1404,تجربی,839,383,منطقه 2,پزشکی,دانشگاه علوم پزشکی ایران,نامشخص,kanoon
1404,تجربی,1139,385,منطقه 1,پزشکی,دانشگاه علوم پزشکی تبریز,نامشخص,kanoon
1404,تجربی,1139,385,منطقه 1,پزشکی,دانشگاه علوم پزشکی شیراز,نامشخص,kanoon
1404,تجربی,1850,385,منطقه 3,پزشکی,دانشگاه علوم پزشکی شیراز,نامشخص,kanoon
1404,تجربی,1850,385,منطقه 3,پزشکی,دانشگاه علوم پزشکی مشهد,نامشخص,kanoon
1404,تجربی,844,386,منطقه 2,پزشکی,دانشگاه علوم پزشکی شیراز,نامشخص,kanoon
1404,تجربی,844,386,منطقه 2,دندانپزشکی,دانشگاه علوم پزشکی تبریز,نامشخص,kanoon
1404,تجربی,1154,388,منطقه 1,دندانپزشکی,دانشگاه علوم پزشکی خراسان شمالی - بجنورد,نامشخص,kanoon
1404,تجربی,851,390,منطقه 2,پزشکی,دانشگاه علوم پزشکی ایران,نامشخص,kanoon
1404,تجربی,1161,390,منطقه 1,پزشکی,دانشگاه علوم پزشکی ایران,نامشخص,kanoon
1404,تجربی,1882,390,منطقه 3,پزشکی,دانشگاه علوم پزشکی شیراز,نامشخص,kanoon
1404,تجربی,,391,منطقه 3,دندانپزشکی,دانشگاه علوم پزشکی اردبیل,نامشخص,sibtorsh
1404,تجربی,854,392,منطقه 2,پزشکی,دانشگاه علوم پزشکی ایران,نامشخص,kanoon
1404,تجربی,1905,393,منطقه 3,دندانپزشکی,دانشگاه علوم پزشکی اردبیل,نامشخص,kanoon
1404,تجربی,,394,منطقه 2,پزشکی,دانشگاه علوم پزشکی شهید بهشتی - تهران,نامشخص,sibtorsh
1404,تجربی,858,394,منطقه 2,پزشکی,دانشگاه علوم پزشکی شهید بهشتی - تهران,نامشخص,kanoon
1404,تجربی,1912,395,منطقه 3,پزشکی,دانشگاه علوم پزشکی شیراز,نامشخص,kanoon
1404,تجربی,861,397,منطقه 2,پزشکی,دانشگاه علوم پزشکی ایران,نامشخص,kanoon
1404,تجربی,861,397,منطقه 2,دندانپزشکی,دانشگاه علوم پزشکی مازندران - ساری,نامشخص,kanoon
1404,تجربی,1184,398,منطقه 1,دندانپزشکی,دانشگاه علوم پزشکی شهرکرد,نامشخص,kanoon
1404,تجربی,1184,398,منطقه 1,دندانپزشکی,دانشگاه علوم پزشکی شهرکرد,روزانه,sajad
1404,تجربی,863,399,منطقه 2,پزشکی,دانشگاه علوم پزشکی ایران,نامشخص,kanoon
1404,تجربی,863,399,منطقه 2,دندانپزشکی,دانشگاه علوم پزشکی اصفهان,نامشخص,kanoon
1404,تجربی,1944,399,منطقه 3,پزشکی,دانشگاه علوم پزشکی اصفهان,نامشخص,kanoon
1404,تجربی,1944,399,منطقه 3,دندانپزشکی,دانشگاه علوم پزشکی زنجان,شهریه پرداز,kanoon
1404,تجربی,865,401,منطقه 2,دندانپزشکی,دانشگاه علوم پزشکی سمنان,نامشخص,kanoon
1404,تجربی,1193,402,منطقه 1,دندانپزشکی,دانشگاه علوم پزشکی شهرکرد,نامشخص,kanoon
1404,تجربی,874,403,منطقه 2,دندانپزشکی,دانشگاه علوم پزشکی بیرجند,نامشخص,kanoon
1404,تجربی,1203,404,منطقه 1,دندانپزشکی,دانشگاه علوم پزشکی ارومیه,نامشخص,kanoon
1404,تجربی,1968,404,منطقه 3,دندانپزشکی,دانشگاه علوم پزشکی گیلان - رشت,نامشخص,kanoon
1404,تجربی,876,405,منطقه 2,دندانپزشکی,دانشگاه علوم پزشکی یزد,نامشخص,kanoon
1404,تجربی,1215,405,منطقه 1,پزشکی,دانشگاه علوم پزشکی تبریز,نامشخص,kanoon
1404,تجربی,1972,406,منطقه 3,پزشکی,دانشگاه علوم پزشکی اصفهان,نامشخص,kanoon
1404,تجربی,1972,406,منطقه 3,داروسازی,دانشگاه علوم پزشکی سمنان,نامشخص,kanoon
1404,تجربی,1219,407,منطقه 1,پزشکی,دانشگاه علوم پزشکی تبریز,نامشخص,kanoon
1404,تجربی,1981,408,منطقه 3,پزشکی,دانشگاه علوم پزشکی گیلان - رشت,نامشخص,kanoon
1404,تجربی,1981,408,منطقه 3,دندانپزشکی,دانشگاه علوم پزشکی یاسوج,نامشخص,kanoon
1404,تجربی,883,410,منطقه 2,پزشکی,دانشگاه علوم پزشکی ایران,نامشخص,kanoon
1404,تجربی,883,410,منطقه 2,دندانپزشکی,دانشگاه علوم پزشکی قم,نامشخص,kanoon
1404,تجربی,883,410,منطقه 2,دندانپزشکی,دانشگاه علوم پزشکی کرمان,نامشخص,kanoon
1404,تجربی,1989,410,منطقه 3,دندانپزشکی,دانشگاه علوم پزشکی کرمانشاه,نامشخص,kanoon
1404,تجربی,886,412,منطقه 2,پزشکی,دانشگاه علوم پزشکی ایران,نامشخص,kanoon
1404,تجربی,886,412,منطقه 2,پزشکی,دانشگاه علوم پزشکی مشهد,نامشخص,kanoon
1404,تجربی,1243,413,منطقه 1,دندانپزشکی,دانشگاه علوم پزشکی زنجان,نامشخص,kanoon
1404,تجربی,1243,413,منطقه 1,دندانپزشکی,دانشگاه علوم پزشکی گیلان - رشت,نامشخص,kanoon
1404,تجربی,1999,413,منطقه 3,دندانپزشکی,دانشگاه علوم پزشکی اردبیل,نامشخص,kanoon
1404,تجربی,888,414,منطقه 2,پزشکی,دانشگاه علوم پزشکی ایران,نامشخص,kanoon
1404,تجربی,890,416,منطقه 2,دندانپزشکی,دانشگاه علوم پزشکی بابل,نامشخص,kanoon
1404,تجربی,1249,416,منطقه 1,پزشکی,دانشگاه علوم پزشکی ایران,نامشخص,kanoon
1404,تجربی,892,418,منطقه 2,پزشکی,دانشگاه علوم پزشکی شهید بهشتی - تهران,نامشخص,kanoon
1404,تجربی,892,418,منطقه 2,دندانپزشکی,دانشگاه علوم پزشکی کاشان,نامشخص,kanoon
1404,تجربی,896,421,منطقه 2,دندانپزشکی,دانشگاه علوم پزشکی تبریز,شهریه پرداز,kanoon
1404,تجربی,2050,421,منطقه 3,پزشکی,دانشگاه علوم پزشکی تهران,نامشخص,kanoon
1404,تجربی,2050,421,منطقه 3,پزشکی,دانشگاه علوم پزشکی شیراز,نامشخص,kanoon
1404,تجربی,2050,421,منطقه 3,دندانپزشکی,دانشگاه علوم پزشکی یاسوج,نامشخص,kanoon
1404,تجربی,1277,423,منطقه 1,دندانپزشکی,دانشگاه آزاداسلامی-واحدپزشکی تهران,آزاد,kanoon
1404,تجربی,900,424,منطقه 2,پزشکی,دانشگاه علوم پزشکی ایران,نامشخص,kanoon
1404,تجربی,2060,424,منطقه 3,پزشکی,دانشگاه علوم پزشکی شیراز,نامشخص,kanoon
1404,تجربی,903,426,منطقه 2,پزشکی,دانشگاه علوم پزشکی ایران,نامشخص,kanoon
1404,تجربی,2064,426,منطقه 3,پزشکی,دانشگاه علوم پزشکی شیراز,نامشخص,kanoon
1404,تجربی,2065,426,منطقه 3,پزشکی,دانشگاه علوم پزشکی مشهد,نامشخص,kanoon
1404,تجربی,907,427,منطقه 2,پزشکی,دانشگاه علوم پزشکی ایران,نامشخص,kanoon
1404,تجربی,1294,428,منطقه 1,دندانپزشکی,دانشگاه علوم پزشکی گیلان - رشت,نامشخص,kanoon
1404,تجربی,912,429,منطقه 2,دندانپزشکی,دانشگاه علوم پزشکی بابل,نامشخص,kanoon
1404,تجربی,917,430,منطقه 2,پزشکی,دانشگاه علوم پزشکی ایران,نامشخص,kanoon
1404,تجربی,917,430,منطقه 2,دندانپزشکی,دانشگاه علوم پزشکی تهران,شهریه پرداز,kanoon
1404,تجربی,2076,430,منطقه 3,پزشکی,دانشگاه علوم پزشکی شیراز,نامشخص,kanoon
1404,تجربی,922,432,منطقه 2,پزشکی,دانشگاه علوم پزشکی گیلان - رشت,نامشخص,kanoon
1404,تجربی,1317,432,منطقه 1,دندانپزشکی,دانشگاه علوم پزشکی بابل,نامشخص,kanoon
1404,تجربی,924,434,منطقه 2,پزشکی,دانشگاه علوم پزشکی تبریز,نامشخص,kanoon
1404,تجربی,2102,434,منطقه 3,دندانپزشکی,دانشگاه علوم پزشکی کردستان - سنندج,نامشخص,kanoon
1404,تجربی,2102,434,منطقه 3,دندانپزشکی,دانشگاه علوم پزشکی کردستان - سنندج,نامشخص,kanoon
1404,تجربی,930,436,منطقه 2,پزشکی,دانشگاه علوم پزشکی ایران,نامشخص,kanoon
1404,تجربی,930,436,منطقه 2,دندانپزشکی,دانشگاه علوم پزشکی جندی شاپور اهواز,نامشخص,kanoon
1404,تجربی,2111,436,منطقه 3,پزشکی,دانشگاه علوم پزشکی مشهد,نامشخص,kanoon
1404,تجربی,934,439,منطقه 2,پزشکی,دانشگاه علوم پزشکی ایران,نامشخص,kanoon
1404,تجربی,934,439,منطقه 2,پزشکی,دانشگاه علوم پزشکی شهید بهشتی - تهران,نامشخص,kanoon
1404,تجربی,1342,439,منطقه 1,دندانپزشکی,دانشگاه شاهد - تهران(رشته های پزشکی),نامشخص,kanoon
1404,تجربی,938,442,منطقه 2,پزشکی,دانشگاه علوم پزشکی ایران,نامشخص,kanoon
1404,تجربی,2129,442,منطقه 3,دندانپزشکی,دانشگاه آزاد اسلامی-واحد خوراسگان,آزاد,kanoon
1404,تجربی,941,444,منطقه 2,دندانپزشکی,دانشگاه علوم پزشکی کاشان,نامشخص,kanoon
1404,تجربی,1367,444,منطقه 1,پزشکی,دانشگاه علوم پزشکی تبریز,نامشخص,kanoon
1404,تجربی,2150,444,منطقه 3,دندانپزشکی,دانشگاه علوم پزشکی همدان,نامشخص,kanoon
1404,تجربی,944,446,منطقه 2,پزشکی,دانشگاه علوم پزشکی شهید بهشتی - تهران,نامشخص,kanoon
1404,تجربی,1375,446,منطقه 1,دندانپزشکی,دانشگاه آزاد اسلامی واحد پزشکی تهران,آزاد,sajad
1404,تجربی,2175,447,منطقه 3,پزشکی,دانشگاه علوم پزشکی شیراز,نامشخص,kanoon
1404,تجربی,947,448,منطقه 2,دندانپزشکی,دانشگاه شاهد - تهران(رشته های پزشکی),نامشخص,kanoon
1404,تجربی,8855,448,سهمیه 5٪,پزشکی,دانشگاه علوم پزشکی ایران,پردیس,sajad
1404,تجربی,1385,449,منطقه 1,پزشکی,دانشگاه علوم پزشکی شیراز,نامشخص,kanoon
1404,تجربی,2183,449,منطقه 3,پزشکی,دانشگاه علوم پزشکی مشهد,نامشخص,kanoon
1404,تجربی,951,450,منطقه 2,پزشکی,دانشگاه علوم پزشکی گلستان - گرگان,نامشخص,kanoon
1404,تجربی,1389,450,منطقه 1,پزشکی,دانشگاه علوم پزشکی البرز - کرج,نامشخص,kanoon
1404,تجربی,1389,450,منطقه 1,پزشکی,دانشگاه علوم پزشکی شهید بهشتی - تهران,پردیس,sajad
1404,تجربی,2194,451,منطقه 3,پزشکی,دانشگاه علوم پزشکی تبریز,نامشخص,kanoon
1404,تجربی,2199,452,منطقه 3,پزشکی,دانشگاه علوم پزشکی تبریز,نامشخص,kanoon
1404,تجربی,954,453,منطقه 2,دندانپزشکی,دانشگاه علوم پزشکی اراک,نامشخص,kanoon
1404,تجربی,954,453,منطقه 2,دندانپزشکی,دانشگاه علوم پزشکی ارومیه,نامشخص,kanoon
1404,تجربی,954,453,منطقه 2,دندانپزشکی,دانشگاه علوم پزشکی زنجان,نامشخص,kanoon
1404,تجربی,1398,453,منطقه 1,دندانپزشکی,دانشگاه علوم پزشکی قزوین,نامشخص,kanoon
1404,تجربی,1398,453,منطقه 1,دندانپزشکی,دانشگاه علوم پزشکی همدان,نامشخص,kanoon
1404,تجربی,2214,453,منطقه 3,پزشکی,دانشگاه علوم پزشکی تبریز,نامشخص,kanoon
1404,تجربی,2220,454,منطقه 3,دندانپزشکی,دانشگاه علوم پزشکی گلستان - گرگان,نامشخص,kanoon
1404,تجربی,956,455,منطقه 2,پزشکی,دانشگاه علوم پزشکی مشهد,نامشخص,kanoon
1404,تجربی,1402,455,منطقه 1,پزشکی,دانشگاه علوم پزشکی شیراز,نامشخص,kanoon
1404,تجربی,2224,455,منطقه 3,پزشکی,دانشگاه علوم پزشکی تهران,نامشخص,kanoon
1404,تجربی,2224,455,منطقه 3,دندانپزشکی,دانشگاه علوم پزشکی رفسنجان,نامشخص,kanoon
1404,تجربی,962,456,منطقه 2,دندانپزشکی,دانشگاه علوم پزشکی همدان,نامشخص,kanoon
1404,تجربی,968,458,منطقه 2,داروسازی,دانشگاه علوم پزشکی تهران,نامشخص,kanoon
1404,تجربی,1410,458,منطقه 1,پزشکی,دانشگاه علوم پزشکی ایران,شهریه پرداز,kanoon
1404,تجربی,2243,458,منطقه 3,دندانپزشکی,دانشگاه علوم پزشکی قم,نامشخص,kanoon
1404,تجربی,971,460,منطقه 2,دندانپزشکی,دانشگاه علوم پزشکی بابل,نامشخص,kanoon
1404,تجربی,1416,460,منطقه 1,دندانپزشکی,دانشگاه علوم پزشکی شهرکرد,نامشخص,kanoon
1404,تجربی,986,463,منطقه 2,پزشکی,دانشگاه علوم پزشکی ایران,نامشخص,kanoon
1404,تجربی,986,463,منطقه 2,دندانپزشکی,دانشگاه علوم پزشکی همدان,نامشخص,kanoon
1404,تجربی,2262,463,منطقه 3,پزشکی,دانشگاه علوم پزشکی کرمانشاه,نامشخص,kanoon
1404,تجربی,1429,466,منطقه 1,پزشکی,دانشگاه شاهد - تهران(رشته های پزشکی),نامشخص,kanoon
1404,تجربی,997,467,منطقه 2,دندانپزشکی,دانشگاه علوم پزشکی البرز - کرج,نامشخص,kanoon
1404,تجربی,1434,467,منطقه 1,دندانپزشکی,دانشگاه علوم پزشکی قزوین,نامشخص,kanoon
1404,تجربی,9129,467,سهمیه 5٪,داروسازی,دانشگاه علوم پزشکی تهران,پردیس,sajad
1404,تجربی,2312,469,منطقه 3,پزشکی,دانشگاه علوم پزشکی تبریز,نامشخص,kanoon
1404,تجربی,1004,470,منطقه 2,دندانپزشکی,دانشگاه علوم پزشکی مازندران - ساری,نامشخص,kanoon
1404,تجربی,,471,منطقه 3,پزشکی,دانشگاه علوم پزشکی تبریز,نامشخص,sibtorsh
1404,تجربی,1006,471,منطقه 2,دندانپزشکی,دانشگاه علوم پزشکی مازندران - ساری,نامشخص,kanoon
1404,تجربی,2327,471,منطقه 3,پزشکی,دانشگاه علوم پزشکی اصفهان,نامشخص,kanoon
1404,تجربی,2327,471,منطقه 3,پزشکی,دانشگاه علوم پزشکی تبریز,نامشخص,kanoon
1404,تجربی,2334,473,منطقه 3,پزشکی,دانشگاه علوم پزشکی مشهد,نامشخص,kanoon
1404,تجربی,1015,474,منطقه 2,پزشکی,دانشگاه علوم پزشکی شیراز,نامشخص,kanoon
1404,تجربی,1017,476,منطقه 2,پزشکی,دانشگاه علوم پزشکی اصفهان,نامشخص,kanoon
1404,تجربی,1017,476,منطقه 2,دندانپزشکی,دانشگاه علوم پزشکی کرمان,نامشخص,kanoon
1404,تجربی,2347,476,منطقه 3,پزشکی,دانشگاه علوم پزشکی تبریز,نامشخص,kanoon
1404,تجربی,1468,477,منطقه 1,دندانپزشکی,دانشگاه علوم پزشکی ارومیه,نامشخص,kanoon
1404,تجربی,2353,478,منطقه 3,پزشکی,دانشگاه علوم پزشکی تبریز,نامشخص,kanoon
1404,تجربی,1020,479,منطقه 2,دندانپزشکی,دانشگاه علوم پزشکی البرز - کرج,نامشخص,kanoon
1404,تجربی,1020,479,منطقه 2,دندانپزشکی,دانشگاه علوم پزشکی قم,نامشخص,kanoon
1404,تجربی,1474,479,منطقه 1,دندانپزشکی,دانشگاه علوم پزشکی گلستان - گرگان,نامشخص,kanoon
1404,تجربی,2358,480,منطقه 3,داروسازی,دانشگاه علوم پزشکی تهران,نامشخص,kanoon
1404,تجربی,2365,482,منطقه 3,دندانپزشکی,دانشگاه علوم پزشکی خراسان شمالی - بجنورد,نامشخص,kanoon
1404,تجربی,1027,483,منطقه 2,دندانپزشکی,دانشگاه علوم پزشکی جندی شاپور اهواز,نامشخص,kanoon
1404,تجربی,1487,483,منطقه 1,پزشکی,دانشگاه علوم پزشکی شیراز,نامشخص,kanoon
1404,تجربی,1030,484,منطقه 2,دندانپزشکی,دانشگاه علوم پزشکی همدان,نامشخص,kanoon
1404,تجربی,1037,485,منطقه 2,پزشکی,دانشگاه علوم پزشکی ایران,نامشخص,kanoon
1404,تجربی,1041,486,منطقه 2,دندانپزشکی,دانشگاه علوم پزشکی خراسان شمالی - بجنورد,نامشخص,kanoon
1404,تجربی,2396,486,منطقه 3,پزشکی,دانشگاه علوم پزشکی گیلان - رشت,نامشخص,kanoon
1404,تجربی,1497,487,منطقه 1,پزشکی,دانشگاه علوم پزشکی مشهد,نامشخص,kanoon
1404,تجربی,2407,488,منطقه 3,پزشکی,دانشگاه علوم پزشکی تبریز,نامشخص,kanoon
1404,تجربی,1049,489,منطقه 2,پزشکی,دانشگاه علوم پزشکی شهید بهشتی - تهران,نامشخص,kanoon
1404,تجربی,1051,490,منطقه 2,دندانپزشکی,دانشگاه علوم پزشکی قزوین,نامشخص,kanoon
1404,تجربی,1053,491,منطقه 2,دندانپزشکی,دانشگاه علوم پزشکی بیرجند,نامشخص,kanoon
1404,تجربی,2433,491,منطقه 3,پزشکی,دانشگاه علوم پزشکی شیراز,شهریه پرداز,kanoon
1404,تجربی,2433,491,منطقه 3,پزشکی,دانشگاه علوم پزشکی شیراز,پردیس,sajad
1404,تجربی,1518,493,منطقه 1,پزشکی,دانشگاه علوم پزشکی شیراز,نامشخص,kanoon
1404,تجربی,2441,493,منطقه 3,پزشکی,دانشگاه علوم پزشکی تبریز,نامشخص,kanoon
1404,تجربی,1060,494,منطقه 2,پزشکی,دانشگاه علوم پزشکی مشهد,نامشخص,kanoon
1404,تجربی,1522,495,منطقه 1,دندانپزشکی,دانشگاه علوم پزشکی ارومیه,شهریه پرداز,kanoon
1404,تجربی,1064,496,منطقه 2,دامپزشکی,دانشگاه شهرکرد,نامشخص,kanoon
1404,تجربی,2454,497,منطقه 3,پزشکی,دانشگاه علوم پزشکی کرمان,نامشخص,kanoon
1404,تجربی,2454,497,منطقه 3,دندانپزشکی,دانشگاه علوم پزشکی زنجان,نامشخص,kanoon
1404,تجربی,1071,498,منطقه 2,دندانپزشکی,دانشگاه علوم پزشکی مازندران - ساری,نامشخص,kanoon
1404,تجربی,1073,499,منطقه 2,پزشکی,دانشگاه علوم پزشکی شهید بهشتی - تهران,نامشخص,kanoon
1404,تجربی,2460,499,منطقه 3,پزشکی,دانشگاه علوم پزشکی تبریز,نامشخص,kanoon
1404,تجربی,1075,500,منطقه 2,دندانپزشکی,دانشگاه علوم پزشکی تهران,شهریه پرداز,kanoon
1404,تجربی,2476,501,منطقه 3,پزشکی,دانشگاه علوم پزشکی مشهد,نامشخص,kanoon
1404,تجربی,1087,503,منطقه 2,دندانپزشکی,دانشگاه علوم پزشکی گیلان - رشت,نامشخص,kanoon
1404,تجربی,2500,504,منطقه 3,پزشکی,دانشگاه علوم پزشکی اصفهان,نامشخص,kanoon
1404,تجربی,1092,505,منطقه 2,پزشکی,دانشگاه علوم پزشکی شهید بهشتی - تهران,نامشخص,kanoon
1404,تجربی,1092,505,منطقه 2,پزشکی,دانشگاه علوم پزشکی شهید بهشتی - تهران,نامشخص,kanoon
1404,تجربی,2504,506,منطقه 3,پزشکی,دانشگاه علوم پزشکی تبریز,نامشخص,kanoon
1404,تجربی,1098,508,منطقه 2,دندانپزشکی,دانشگاه علوم پزشکی زنجان,نامشخص,kanoon
1404,تجربی,1568,508,منطقه 1,پزشکی,دانشگاه علوم پزشکی شیراز,نامشخص,kanoon
1404,تجربی,1568,508,منطقه 1,پزشکی,دانشگاه علوم پزشکی مشهد,نامشخص,kanoon
1404,تجربی,2511,508,منطقه 3,پزشکی,دانشگاه علوم پزشکی یزد,نامشخص,kanoon
1404,تجربی,1103,511,منطقه 2,پزشکی,دانشگاه علوم پزشکی شهید بهشتی - تهران,نامشخص,kanoon
1404,تجربی,1574,511,منطقه 1,پزشکی,دانشگاه علوم پزشکی تبریز,نامشخص,kanoon
1404,تجربی,2518,511,منطقه 3,پزشکی,دانشگاه علوم پزشکی اصفهان,نامشخص,kanoon
1404,تجربی,2518,511,منطقه 3,پزشکی,دانشگاه علوم پزشکی تهران,نامشخص,kanoon
1404,تجربی,1106,513,منطقه 2,دندانپزشکی,دانشگاه علوم پزشکی گیلان - رشت,نامشخص,kanoon
1404,تجربی,1579,514,منطقه 1,پزشکی,دانشگاه علوم پزشکی اصفهان,نامشخص,kanoon
1404,تجربی,2529,515,منطقه 3,پزشکی,دانشگاه علوم پزشکی یزد,نامشخص,kanoon
1404,تجربی,1112,516,منطقه 2,پزشکی,دانشگاه علوم پزشکی ایران,نامشخص,kanoon
1404,تجربی,1112,516,منطقه 2,دندانپزشکی,دانشگاه علوم پزشکی گیلان - رشت,نامشخص,kanoon
1404,تجربی,2533,517,منطقه 3,پزشکی,دانشگاه علوم پزشکی تبریز,نامشخص,kanoon
1404,تجربی,2533,517,منطقه 3,دندانپزشکی,دانشگاه علوم پزشکی ایلام,نامشخص,kanoon
1404,تجربی,1118,518,منطقه 2,دندانپزشکی,دانشگاه علوم پزشکی گیلان - رشت,نامشخص,kanoon
1404,تجربی,1586,519,منطقه 1,دندانپزشکی,دانشگاه علوم پزشکی زنجان,نامشخص,kanoon
1404,تجربی,2557,521,منطقه 3,دندانپزشکی,دانشگاه علوم پزشکی ارومیه,نامشخص,kanoon
1404,تجربی,,523,منطقه 3,پزشکی,دانشگاه علوم پزشکی تبریز,نامشخص,sibtorsh
1404,تجربی,1124,523,منطقه 2,پزشکی,دانشگاه علوم پزشکی بابل,نامشخص,kanoon
1404,تجربی,1599,524,منطقه 1,دندانپزشکی,دانشگاه علوم پزشکی اراک,نامشخص,kanoon
1404,تجربی,2572,525,منطقه 3,پزشکی,دانشگاه علوم پزشکی تبریز,نامشخص,kanoon
1404,تجربی,1139,526,منطقه 2,دندانپزشکی,دانشگاه علوم پزشکی اراک,نامشخص,kanoon
1404,تجربی,1139,526,منطقه 2,دندانپزشکی,دانشگاه علوم پزشکی یزد,نامشخص,kanoon
1404,تجربی,,528,منطقه 3,پزشکی,دانشگاه علوم پزشکی تبریز,نامشخص,sibtorsh
1404,تجربی,1142,528,منطقه 2,پزشکی,دانشگاه علوم پزشکی ایران,نامشخص,kanoon
1404,تجربی,1607,528,منطقه 1,پزشکی,دانشگاه آزاداسلامی-واحدپزشکی تهران,آزاد,kanoon
1404,تجربی,2578,528,منطقه 3,پزشکی,دانشگاه علوم پزشکی ارومیه,نامشخص,kanoon
1404,تجربی,2578,528,منطقه 3,پزشکی,دانشگاه علوم پزشکی اصفهان,نامشخص,kanoon
1404,تجربی,2578,528,منطقه 3,پزشکی,دانشگاه علوم پزشکی تبریز,نامشخص,kanoon
1404,تجربی,2578,528,منطقه 3,پزشکی,دانشگاه علوم پزشکی یزد,نامشخص,kanoon
1404,تجربی,1144,529,منطقه 2,دندانپزشکی,دانشگاه علوم پزشکی خراسان شمالی - بجنورد,نامشخص,kanoon
1404,تجربی,1147,530,منطقه 2,دندانپزشکی,دانشگاه علوم پزشکی کرمانشاه,نامشخص,kanoon
1404,تجربی,1618,531,منطقه 1,پزشکی,دانشگاه آزاداسلامی-واحدپزشکی تهران,آزاد,kanoon
1404,تجربی,2591,532,منطقه 3,پزشکی,دانشگاه علوم پزشکی اصفهان,نامشخص,kanoon
1404,تجربی,2591,532,منطقه 3,داروسازی,دانشگاه علوم پزشکی تهران,نامشخص,kanoon
1404,تجربی,1156,534,منطقه 2,پزشکی,دانشگاه علوم پزشکی ایران,نامشخص,kanoon
1404,تجربی,1631,535,منطقه 1,دندانپزشکی,دانشگاه علوم پزشکی تهران,نامشخص,kanoon
1404,تجربی,1159,536,منطقه 2,دندانپزشکی,دانشگاه علوم پزشکی ارومیه,نامشخص,kanoon
1404,تجربی,2621,536,منطقه 3,داروسازی,دانشگاه علوم پزشکی مشهد,نامشخص,kanoon
1404,تجربی,1643,537,منطقه 1,پزشکی,دانشگاه علوم پزشکی گیلان - رشت,نامشخص,kanoon
1404,تجربی,1161,538,منطقه 2,دندانپزشکی,دانشگاه علوم پزشکی اراک,نامشخص,kanoon
1404,تجربی,2627,538,منطقه 3,دندانپزشکی,دانشگاه علوم پزشکی اراک,نامشخص,kanoon
1404,تجربی,,541,منطقه 3,پزشکی,دانشگاه علوم پزشکی تبریز,نامشخص,sibtorsh
1404,تجربی,2644,541,منطقه 3,پزشکی,دانشگاه علوم پزشکی تبریز,نامشخص,kanoon
1404,تجربی,1166,542,منطقه 2,پزشکی,دانشگاه علوم پزشکی شیراز,نامشخص,kanoon
1404,تجربی,1166,542,منطقه 2,دندانپزشکی,دانشگاه علوم پزشکی زنجان,نامشخص,kanoon
1404,تجربی,2649,544,منطقه 3,پزشکی,دانشگاه علوم پزشکی شهید بهشتی - تهران,نامشخص,kanoon
1404,تجربی,1174,545,منطقه 2,پزشکی,دانشگاه علوم پزشکی ارومیه,نامشخص,kanoon
1404,تجربی,1174,545,منطقه 2,پزشکی,دانشگاه علوم پزشکی شهید بهشتی - تهران,نامشخص,kanoon
1404,تجربی,1667,546,منطقه 1,پزشکی,دانشگاه علوم پزشکی البرز - کرج,نامشخص,kanoon
1404,تجربی,1667,546,منطقه 1,دندانپزشکی,دانشگاه علوم پزشکی بیرجند,نامشخص,kanoon
1404,تجربی,10311,546,سهمیه 5٪,پزشکی,دانشگاه علوم پزشکی اصفهان,روزانه,sajad
1404,تجربی,1177,547,منطقه 2,پزشکی,دانشگاه علوم پزشکی ایران,نامشخص,kanoon
1404,تجربی,1179,548,منطقه 2,دندانپزشکی,دانشگاه علوم پزشکی رفسنجان,نامشخص,kanoon
1404,تجربی,2659,548,منطقه 3,پزشکی,دانشگاه علوم پزشکی کرمانشاه,نامشخص,kanoon
1404,تجربی,2659,548,منطقه 3,پزشکی,دانشگاه علوم پزشکی مشهد,شهریه پرداز,kanoon
1404,تجربی,1184,550,منطقه 2,دندانپزشکی,دانشگاه علوم پزشکی کرمانشاه,نامشخص,kanoon
1404,تجربی,1187,552,منطقه 2,دندانپزشکی,دانشگاه علوم پزشکی جندی شاپور اهواز,نامشخص,kanoon
1404,تجربی,2674,552,منطقه 3,پزشکی,دانشگاه علوم پزشکی شهید بهشتی - تهران,نامشخص,kanoon
1404,تجربی,2674,552,منطقه 3,پزشکی,دانشگاه علوم پزشکی همدان,نامشخص,kanoon
1404,تجربی,2689,554,منطقه 3,پزشکی,دانشگاه علوم پزشکی یزد,نامشخص,kanoon
1404,تجربی,1193,555,منطقه 2,پزشکی,دانشگاه علوم پزشکی تبریز,نامشخص,kanoon
1404,تجربی,1193,555,منطقه 2,دندانپزشکی,دانشگاه علوم پزشکی گیلان - رشت,نامشخص,kanoon
1404,تجربی,2704,556,منطقه 3,پزشکی,دانشگاه علوم پزشکی همدان,نامشخص,kanoon
1404,تجربی,,557,منطقه 2,دندانپزشکی,دانشگاه علوم پزشکی جندی شاپور اهواز,نامشخص,sibtorsh
1404,تجربی,1198,557,منطقه 2,دندانپزشکی,دانشگاه علوم پزشکی جندی شاپور اهواز,نامشخص,kanoon
1404,تجربی,1708,557,منطقه 1,پزشکی,دانشگاه علوم پزشکی شیراز,نامشخص,kanoon
1404,تجربی,1708,557,منطقه 1,پزشکی,دانشگاه علوم پزشکی شیراز,شهریه پرداز,kanoon
1404,تجربی,2721,559,منطقه 3,پزشکی,دانشگاه علوم پزشکی یزد,نامشخص,kanoon
1404,تجربی,2721,559,منطقه 3,دندانپزشکی,دانشگاه علوم پزشکی همدان,نامشخص,kanoon
1404,تجربی,,561,منطقه 3,پزشکی,دانشگاه علوم پزشکی تبریز,نامشخص,sibtorsh
1404,تجربی,1203,561,منطقه 2,دندانپزشکی,دانشگاه علوم پزشکی قم,نامشخص,kanoon
1404,تجربی,1721,562,منطقه 1,پزشکی,دانشگاه علوم پزشکی تبریز,نامشخص,kanoon
1404,تجربی,1207,563,منطقه 2,پزشکی,دانشگاه علوم پزشکی ایران,نامشخص,kanoon
1404,تجربی,1207,563,منطقه 2,دندانپزشکی,دانشگاه علوم پزشکی همدان,نامشخص,kanoon
1404,تجربی,1724,563,منطقه 1,دندانپزشکی,دانشگاه علوم پزشکی سمنان,نامشخص,kanoon
1404,تجربی,2743,564,منطقه 3,پزشکی,دانشگاه علوم پزشکی مازندران - ساری,نامشخص,kanoon
1404,تجربی,2743,564,منطقه 3,پزشکی,دانشگاه علوم پزشکی مازندران - ساری,نامشخص,kanoon
1404,تجربی,1210,566,منطقه 2,دندانپزشکی,دانشگاه علوم پزشکی زنجان,نامشخص,kanoon
1404,تجربی,1210,566,منطقه 2,دندانپزشکی,دانشگاه علوم پزشکی همدان,نامشخص,kanoon
1404,تجربی,2751,566,منطقه 3,پزشکی,دانشگاه علوم پزشکی جندی شاپور اهواز,نامشخص,kanoon
1404,تجربی,2751,566,منطقه 3,دندانپزشکی,دانشگاه علوم پزشکی گیلان - رشت (محل تحصیل بندرانزلی),شهریه پرداز,kanoon
1404,تجربی,2759,569,منطقه 3,دندانپزشکی,دانشگاه آزاداسلامی-واحدپزشکی تهران,آزاد,kanoon
1404,تجربی,1219,570,منطقه 2,دندانپزشکی,دانشگاه علوم پزشکی بابل,نامشخص,kanoon
1404,تجربی,2767,570,منطقه 3,پزشکی,دانشگاه علوم پزشکی بابل,نامشخص,kanoon
1404,تجربی,2767,570,منطقه 3,پزشکی,دانشگاه علوم پزشکی شهید بهشتی - تهران,نامشخص,kanoon
1404,تجربی,1740,571,منطقه 1,پزشکی,دانشگاه علوم پزشکی البرز - کرج,شهریه پرداز,kanoon
1404,تجربی,1740,571,منطقه 1,پزشکی,دانشگاه علوم پزشکی مشهد,نامشخص,kanoon
1404,تجربی,,572,منطقه 3,پزشکی,دانشگاه علوم پزشکی شهید صدوقی یزد,نامشخص,sibtorsh
1404,تجربی,1222,572,منطقه 2,پزشکی,دانشگاه علوم پزشکی مشهد,نامشخص,kanoon
1404,تجربی,1222,572,منطقه 2,دندانپزشکی,دانشگاه علوم پزشکی بابل,نامشخص,kanoon
1404,تجربی,1743,573,منطقه 1,پزشکی,دانشگاه علوم پزشکی مشهد,نامشخص,kanoon
1404,تجربی,1225,574,منطقه 2,پزشکی,دانشگاه علوم پزشکی ایران,نامشخص,kanoon
1404,تجربی,2780,574,منطقه 3,پزشکی,دانشگاه علوم پزشکی اردبیل,نامشخص,kanoon
1404,تجربی,2780,574,منطقه 3,پزشکی,دانشگاه علوم پزشکی شهید بهشتی - تهران,نامشخص,kanoon
1404,تجربی,1228,576,منطقه 2,داروسازی,دانشگاه علوم پزشکی تهران,نامشخص,kanoon
1404,تجربی,2785,576,منطقه 3,دندانپزشکی,دانشگاه علوم پزشکی کردستان - سنندج,نامشخص,kanoon
1404,تجربی,1234,577,منطقه 2,دندانپزشکی,دانشگاه علوم پزشکی جندی شاپور اهواز,نامشخص,kanoon
1404,تجربی,1754,577,منطقه 1,داروسازی,دانشگاه علوم پزشکی تهران,نامشخص,kanoon
1404,تجربی,2789,578,منطقه 3,پزشکی,دانشگاه علوم پزشکی مازندران - ساری,نامشخص,kanoon
1404,تجربی,2789,578,منطقه 3,پزشکی,دانشگاه علوم پزشکی همدان,نامشخص,kanoon
1404,تجربی,1238,579,منطقه 2,پزشکی,دانشگاه علوم پزشکی ایران,نامشخص,kanoon
1404,تجربی,1238,579,منطقه 2,دندانپزشکی,دانشگاه علوم پزشکی بابل,نامشخص,kanoon
1404,تجربی,2803,580,منطقه 3,پزشکی,دانشگاه علوم پزشکی شهید بهشتی - تهران,نامشخص,kanoon
1404,تجربی,1243,581,منطقه 2,پزشکی,دانشگاه علوم پزشکی مشهد,نامشخص,kanoon
1404,تجربی,1243,581,منطقه 2,دندانپزشکی,دانشگاه علوم پزشکی ارومیه,نامشخص,kanoon
1404,تجربی,1773,582,منطقه 1,پزشکی,دانشگاه علوم پزشکی مشهد,نامشخص,kanoon
1404,تجربی,2811,583,منطقه 3,پزشکی,دانشگاه علوم پزشکی تبریز,نامشخص,kanoon
1404,تجربی,1251,584,منطقه 2,دندانپزشکی,دانشگاه علوم پزشکی ارومیه,نامشخص,kanoon
1404,تجربی,,585,منطقه 3,پزشکی,دانشگاه علوم پزشکی مشهد,نامشخص,sibtorsh
1404,تجربی,1777,585,منطقه 1,داروسازی,دانشگاه علوم پزشکی تهران,نامشخص,kanoon
1404,تجربی,1253,586,منطقه 2,پزشکی,دانشگاه علوم پزشکی شهید بهشتی - تهران,نامشخص,kanoon
1404,تجربی,1258,587,منطقه 2,پزشکی,دانشگاه علوم پزشکی ایران,نامشخص,kanoon
1404,تجربی,1258,587,منطقه 2,دندانپزشکی,دانشگاه علوم پزشکی قزوین,نامشخص,kanoon
1404,تجربی,2837,587,منطقه 3,پزشکی,دانشگاه علوم پزشکی تبریز,نامشخص,kanoon
1404,تجربی,1261,589,منطقه 2,پزشکی,دانشگاه علوم پزشکی شهید بهشتی - تهران,شهریه پرداز,kanoon
1404,تجربی,1261,589,منطقه 2,دندانپزشکی,دانشگاه علوم پزشکی ارومیه,نامشخص,kanoon
1404,تجربی,1264,591,منطقه 2,پزشکی,دانشگاه علوم پزشکی تبریز,نامشخص,kanoon
1404,تجربی,2851,591,منطقه 3,پزشکی,دانشگاه علوم پزشکی تبریز,نامشخص,kanoon
1404,تجربی,2851,591,منطقه 3,دندانپزشکی,دانشگاه علوم پزشکی زنجان,نامشخص,kanoon
1404,تجربی,1267,593,منطقه 2,دندانپزشکی,دانشگاه علوم پزشکی قم,نامشخص,kanoon
1404,تجربی,2858,593,منطقه 3,دندانپزشکی,دانشگاه علوم پزشکی کرمانشاه,نامشخص,kanoon
1404,تجربی,1271,595,منطقه 2,دندانپزشکی,دانشگاه علوم پزشکی قم,نامشخص,kanoon
1404,تجربی,2868,595,منطقه 3,داروسازی,دانشگاه علوم پزشکی تبریز,نامشخص,kanoon
1404,تجربی,1810,596,منطقه 1,پزشکی,دانشگاه علوم پزشکی اصفهان,نامشخص,kanoon
1404,تجربی,1810,596,منطقه 1,دندانپزشکی,دانشگاه آزاداسلامی-واحدپزشکی تهران,آزاد,kanoon
1404,تجربی,1274,597,منطقه 2,دندانپزشکی,دانشگاه علوم پزشکی ارومیه,نامشخص,kanoon
1404,تجربی,2886,600,منطقه 3,پزشکی,دانشگاه علوم پزشکی شهید بهشتی - تهران,نامشخص,kanoon
1404,تجربی,1285,602,منطقه 2,دندانپزشکی,دانشگاه علوم پزشکی شهرکرد,نامشخص,kanoon
1404,تجربی,2894,602,منطقه 3,پزشکی,دانشگاه علوم پزشکی اصفهان,نامشخص,kanoon
1404,تجربی,2894,602,منطقه 3,پزشکی,دانشگاه علوم پزشکی بابل,نامشخص,kanoon
1404,تجربی,2894,602,منطقه 3,دندانپزشکی,دانشگاه علوم پزشکی زاهدان,نامشخص,kanoon
1404,تجربی,1827,604,منطقه 1,پزشکی,دانشگاه علوم پزشکی شیراز,نامشخص,kanoon
1404,تجربی,1289,605,منطقه 2,پزشکی,دانشگاه علوم پزشکی تهران,نامشخص,kanoon
1404,تجربی,2913,606,منطقه 3,پزشکی,دانشگاه علوم پزشکی بیرجند,نامشخص,kanoon
1404,تجربی,2913,606,منطقه 3,دندانپزشکی,دانشگاه علوم پزشکی زاهدان,نامشخص,kanoon
1404,تجربی,1834,607,منطقه 1,پزشکی,دانشگاه علوم پزشکی البرز - کرج,نامشخص,kanoon
1404,تجربی,1834,607,منطقه 1,دندانپزشکی,دانشگاه علوم پزشکی زنجان,نامشخص,kanoon
1404,تجربی,1298,609,منطقه 2,پزشکی,دانشگاه علوم پزشکی ایران,نامشخص,kanoon
1404,تجربی,1298,609,منطقه 2,پزشکی,دانشگاه علوم پزشکی ایران,نامشخص,kanoon
1404,تجربی,1298,609,منطقه 2,پزشکی,دانشگاه علوم پزشکی کرمانشاه,نامشخص,kanoon
1404,تجربی,1298,609,منطقه 2,دندانپزشکی,دانشگاه علوم پزشکی همدان,نامشخص,kanoon
1404,تجربی,1850,610,منطقه 1,پزشکی,دانشگاه علوم پزشکی اصفهان,نامشخص,kanoon
1404,تجربی,2944,611,منطقه 3,پزشکی,دانشگاه علوم پزشکی ارومیه,نامشخص,kanoon
1404,تجربی,1304,613,منطقه 2,دندانپزشکی,دانشگاه علوم پزشکی شهرکرد,نامشخص,kanoon
1404,تجربی,2962,613,منطقه 3,پزشکی,دانشگاه علوم پزشکی بابل,نامشخص,kanoon
1404,تجربی,1860,614,منطقه 1,پزشکی,دانشگاه علوم پزشکی تبریز,نامشخص,kanoon
1404,تجربی,1860,614,منطقه 1,دندانپزشکی,دانشگاه علوم پزشکی اردبیل,نامشخص,kanoon
1404,تجربی,1860,614,منطقه 1,دندانپزشکی,دانشگاه علوم پزشکی جندی شاپور اهواز,نامشخص,kanoon
1404,تجربی,2975,616,منطقه 3,داروسازی,دانشگاه علوم پزشکی ارومیه,نامشخص,kanoon
1404,تجربی,1309,617,منطقه 2,پزشکی,دانشگاه علوم پزشکی ایران,نامشخص,kanoon
1404,تجربی,1309,617,منطقه 2,پزشکی,دانشگاه علوم پزشکی شهید بهشتی - تهران,نامشخص,kanoon
1404,تجربی,2983,618,منطقه 3,پزشکی,دانشگاه علوم پزشکی مازندران - ساری,نامشخص,kanoon
1404,تجربی,2989,619,منطقه 3,پزشکی,دانشگاه علوم پزشکی بیرجند,نامشخص,kanoon
1404,تجربی,2989,619,منطقه 3,پزشکی,دانشگاه علوم پزشکی جندی شاپور اهواز,نامشخص,kanoon
1404,تجربی,1313,620,منطقه 2,دندانپزشکی,دانشگاه شاهد - تهران(رشته های پزشکی),نامشخص,kanoon
1404,تجربی,1877,620,منطقه 1,پزشکی,دانشگاه علوم پزشکی اصفهان,نامشخص,kanoon
1404,تجربی,1877,620,منطقه 1,دندانپزشکی,دانشگاه علوم پزشکی بوشهر,نامشخص,kanoon
1404,تجربی,1877,620,منطقه 1,دندانپزشکی,دانشگاه علوم پزشکی قزوین,شهریه پرداز,kanoon
1404,تجربی,,622,منطقه 3,پزشکی,دانشگاه علوم پزشکی ایلام,نامشخص,sibtorsh
1404,تجربی,,623,منطقه 2,دندانپزشکی,دانشگاه علوم پزشکی قم,نامشخص,sibtorsh
1404,تجربی,1320,623,منطقه 2,دندانپزشکی,دانشگاه علوم پزشکی قم,نامشخص,kanoon
1404,تجربی,1323,625,منطقه 2,داروسازی,دانشگاه علوم پزشکی تهران,نامشخص,kanoon
1404,تجربی,3024,625,منطقه 3,پزشکی,دانشگاه علوم پزشکی بابل,نامشخص,kanoon
1404,تجربی,3028,626,منطقه 3,پزشکی,دانشگاه علوم پزشکی خراسان شمالی - بجنورد,نامشخص,kanoon
1404,تجربی,1331,627,منطقه 2,پزشکی,دانشگاه علوم پزشکی ایران,نامشخص,kanoon
1404,تجربی,3042,628,منطقه 3,پزشکی,دانشگاه علوم پزشکی بیرجند,نامشخص,kanoon
1404,تجربی,3042,628,منطقه 3,پزشکی,دانشگاه علوم پزشکی یزد,نامشخص,kanoon
1404,تجربی,1337,630,منطقه 2,دندانپزشکی,دانشگاه علوم پزشکی بابل,نامشخص,kanoon
1404,تجربی,3061,631,منطقه 3,دندانپزشکی,دانشگاه علوم پزشکی مشهد,نامشخص,kanoon
1404,تجربی,1919,632,منطقه 1,پزشکی,دانشگاه علوم پزشکی البرز - کرج,نامشخص,kanoon
1404,تجربی,1342,633,منطقه 2,دندانپزشکی,دانشگاه علوم پزشکی همدان,نامشخص,kanoon
1404,تجربی,1923,633,منطقه 1,دندانپزشکی,دانشگاه علوم پزشکی اردبیل,نامشخص,kanoon
1404,تجربی,1927,635,منطقه 1,پزشکی,دانشگاه علوم پزشکی شیراز,نامشخص,kanoon
1404,تجربی,1347,636,منطقه 2,دندانپزشکی,دانشگاه علوم پزشکی بیرجند,نامشخص,kanoon
1404,تجربی,1347,636,منطقه 2,دندانپزشکی,دانشگاه علوم پزشکی قزوین,نامشخص,kanoon
1404,تجربی,3082,637,منطقه 3,دندانپزشکی,دانشگاه علوم پزشکی تبریز,نامشخص,kanoon
1404,تجربی,,639,منطقه 2,دندانپزشکی,دانشگاه علوم پزشکی قزوین,نامشخص,sibtorsh
1404,تجربی,,639,منطقه 2,دندانپزشکی,دانشگاه علوم پزشکی قزوین,نامشخص,sibtorsh
1404,تجربی,1353,639,منطقه 2,دندانپزشکی,دانشگاه علوم پزشکی قزوین,نامشخص,kanoon
1404,تجربی,1353,639,منطقه 2,دندانپزشکی,دانشگاه علوم پزشکی قزوین,نامشخص,kanoon
1404,تجربی,1939,639,منطقه 1,دندانپزشکی,دانشگاه علوم پزشکی کرمان,نامشخص,kanoon
1404,تجربی,3092,639,منطقه 3,پزشکی,دانشگاه علوم پزشکی کرمانشاه,نامشخص,kanoon
1404,تجربی,1356,642,منطقه 2,پزشکی,دانشگاه علوم پزشکی ایران,نامشخص,kanoon
1404,تجربی,1356,642,منطقه 2,دندانپزشکی,دانشگاه علوم پزشکی جندی شاپور اهواز,نامشخص,kanoon
1404,تجربی,1361,644,منطقه 2,دندانپزشکی,دانشگاه علوم پزشکی لرستان - خرم آباد,نامشخص,kanoon
1404,تجربی,,645,منطقه 3,پزشکی,دانشگاه علوم پزشکی همدان,نامشخص,sibtorsh
1404,تجربی,3108,645,منطقه 3,پزشکی,دانشگاه علوم پزشکی همدان,نامشخص,kanoon
1404,تجربی,1364,646,منطقه 2,دندانپزشکی,دانشگاه علوم پزشکی گیلان - رشت,نامشخص,kanoon
1404,تجربی,1955,646,منطقه 1,داروسازی,دانشگاه علوم پزشکی تهران,نامشخص,kanoon
1404,تجربی,,648,منطقه 3,پزشکی,دانشگاه علوم پزشکی ارومیه,نامشخص,sibtorsh
1404,تجربی,1961,648,منطقه 1,داروسازی,دانشگاه علوم پزشکی تهران,نامشخص,kanoon
1404,تجربی,1369,649,منطقه 2,دندانپزشکی,دانشگاه علوم پزشکی بابل,نامشخص,kanoon
1404,تجربی,1369,649,منطقه 2,دندانپزشکی,دانشگاه علوم پزشکی همدان,نامشخص,kanoon
1404,تجربی,3126,650,منطقه 3,دندانپزشکی,دانشگاه علوم پزشکی ارومیه,نامشخص,kanoon
1404,تجربی,1375,652,منطقه 2,پزشکی,دانشگاه علوم پزشکی مشهد,نامشخص,kanoon
1404,تجربی,1379,654,منطقه 2,پزشکی,دانشگاه علوم پزشکی تبریز,نامشخص,kanoon
1404,تجربی,1379,654,منطقه 2,دندانپزشکی,دانشگاه علوم پزشکی همدان,نامشخص,kanoon
1404,تجربی,1989,656,منطقه 1,دندانپزشکی,دانشگاه علوم پزشکی کرمان,نامشخص,kanoon
1404,تجربی,3165,656,منطقه 3,پزشکی,دانشگاه علوم پزشکی بیرجند,نامشخص,kanoon
1404,تجربی,1385,657,منطقه 2,پزشکی,دانشگاه علوم پزشکی شهید بهشتی - تهران,نامشخص,kanoon
1404,تجربی,,658,منطقه 3,پزشکی,دانشگاه علوم پزشکی ارومیه,نامشخص,sibtorsh
1404,تجربی,1993,658,منطقه 1,پزشکی,دانشگاه علوم پزشکی البرز - کرج,نامشخص,kanoon
1404,تجربی,3176,658,منطقه 3,پزشکی,دانشگاه علوم پزشکی ارومیه,نامشخص,kanoon
1404,تجربی,3176,658,منطقه 3,داروسازی,دانشگاه علوم پزشکی تبریز,نامشخص,kanoon
1404,تجربی,1394,661,منطقه 2,پزشکی,دانشگاه علوم پزشکی ایران,نامشخص,kanoon
1404,تجربی,3201,661,منطقه 3,پزشکی,دانشگاه علوم پزشکی کرمان,نامشخص,kanoon
1404,تجربی,1398,664,منطقه 2,پزشکی,دانشگاه علوم پزشکی شیراز,نامشخص,kanoon
1404,تجربی,3221,665,منطقه 3,پزشکی,دانشگاه علوم پزشکی ارومیه,نامشخص,kanoon
1404,تجربی,2014,666,منطقه 1,دندانپزشکی,دانشگاه علوم پزشکی تهران,نامشخص,kanoon
1404,تجربی,2014,666,منطقه 1,دندانپزشکی,دانشگاه علوم پزشکی یاسوج,نامشخص,kanoon
1404,تجربی,,669,منطقه 1,پزشکی,دانشگاه علوم پزشکی مشهد,نامشخص,sibtorsh
1404,تجربی,1406,669,منطقه 2,پزشکی,دانشگاه علوم پزشکی مشهد,نامشخص,kanoon
1404,تجربی,2021,669,منطقه 1,پزشکی,دانشگاه علوم پزشکی شیراز,نامشخص,kanoon
1404,تجربی,3232,669,منطقه 3,پزشکی,دانشگاه علوم پزشکی اصفهان,نامشخص,kanoon
1404,تجربی,3232,669,منطقه 3,پزشکی,دانشگاه علوم پزشکی یزد,نامشخص,kanoon
1404,تجربی,1410,671,منطقه 2,پزشکی,دانشگاه علوم پزشکی مشهد,نامشخص,kanoon
1404,تجربی,2027,671,منطقه 1,داروسازی,دانشگاه علوم پزشکی تهران,نامشخص,kanoon
1404,تجربی,2032,672,منطقه 1,پزشکی,دانشگاه علوم پزشکی اصفهان,نامشخص,kanoon
1404,تجربی,3256,672,منطقه 3,پزشکی,دانشگاه علوم پزشکی ارومیه,نامشخص,kanoon
1404,تجربی,1416,673,منطقه 2,داروسازی,دانشگاه علوم پزشکی تهران,نامشخص,kanoon
1404,تجربی,3268,675,منطقه 3,پزشکی,دانشگاه علوم پزشکی مازندران - ساری,نامشخص,kanoon
1404,تجربی,1429,677,منطقه 2,دندانپزشکی,دانشگاه علوم پزشکی اراک,نامشخص,kanoon
1404,تجربی,3275,677,منطقه 3,پزشکی,دانشگاه علوم پزشکی یزد,نامشخص,kanoon
1404,تجربی,3290,681,منطقه 3,پزشکی,دانشگاه علوم پزشکی ارومیه,نامشخص,kanoon
1404,تجربی,3290,681,منطقه 3,پزشکی,دانشگاه علوم پزشکی همدان,نامشخص,kanoon
1404,تجربی,1437,683,منطقه 2,دندانپزشکی,دانشگاه علوم پزشکی شهرکرد,نامشخص,kanoon
1404,تجربی,1440,684,منطقه 2,پزشکی,دانشگاه علوم پزشکی ایران,نامشخص,kanoon
1404,تجربی,1440,684,منطقه 2,پزشکی,دانشگاه علوم پزشکی تبریز,نامشخص,kanoon
1404,تجربی,3306,685,منطقه 3,پزشکی,دانشگاه علوم پزشکی مازندران - ساری,نامشخص,kanoon
1404,تجربی,1447,687,منطقه 2,پزشکی,دانشگاه علوم پزشکی البرز - کرج,نامشخص,kanoon
1404,تجربی,1447,687,منطقه 2,پزشکی,دانشگاه علوم پزشکی ایران,نامشخص,kanoon
1404,تجربی,1447,687,منطقه 2,دندانپزشکی,دانشگاه علوم پزشکی بیرجند,نامشخص,kanoon
1404,تجربی,2086,687,منطقه 1,پزشکی,دانشگاه علوم پزشکی اصفهان,نامشخص,kanoon
1404,تجربی,2086,687,منطقه 1,پزشکی,دانشگاه علوم پزشکی شیراز,نامشخص,kanoon
1404,تجربی,3312,687,منطقه 3,پزشکی,دانشگاه علوم پزشکی مازندران - ساری,نامشخص,kanoon
1404,تجربی,2092,690,منطقه 1,پزشکی,دانشگاه علوم پزشکی اصفهان,نامشخص,kanoon
1404,تجربی,3325,690,منطقه 3,پزشکی,دانشگاه علوم پزشکی ارومیه,نامشخص,kanoon
1404,تجربی,87364,690,سهمیه 25٪,دندانپزشکی,دانشگاه آزاد اسلامی واحد اصفهان (خوراسگان),آزاد,sajad
1404,تجربی,1451,691,منطقه 2,دندانپزشکی,دانشگاه علوم پزشکی قزوین,نامشخص,kanoon
1404,تجربی,,692,منطقه 1,دندانپزشکی,دانشگاه علوم پزشکی مشهد,نامشخص,sibtorsh
1404,تجربی,2102,692,منطقه 1,دندانپزشکی,دانشگاه علوم پزشکی مشهد,نامشخص,kanoon
1404,تجربی,1456,695,منطقه 2,دندانپزشکی,دانشگاه علوم پزشکی گیلان - رشت,نامشخص,kanoon
1404,تجربی,1468,699,منطقه 2,پزشکی,دانشگاه علوم پزشکی تبریز,نامشخص,kanoon
1404,تجربی,1468,699,منطقه 2,پزشکی,دانشگاه علوم پزشکی شیراز,نامشخص,kanoon
1404,تجربی,2119,699,منطقه 1,داروسازی,دانشگاه علوم پزشکی تهران,نامشخص,kanoon
1404,تجربی,2123,700,منطقه 1,پزشکی,دانشگاه علوم پزشکی تبریز,نامشخص,kanoon
1404,تجربی,3360,700,منطقه 3,پزشکی,دانشگاه علوم پزشکی اردبیل,نامشخص,kanoon
1404,تجربی,3360,700,منطقه 3,پزشکی,دانشگاه علوم پزشکی مازندران - ساری,نامشخص,kanoon
1404,تجربی,1471,701,منطقه 2,پزشکی,دانشگاه علوم پزشکی ایران,نامشخص,kanoon
1404,تجربی,2129,701,منطقه 1,پزشکی,دانشگاه علوم پزشکی تبریز,نامشخص,kanoon
1404,تجربی,2129,701,منطقه 1,پزشکی,دانشگاه علوم پزشکی شیراز,نامشخص,kanoon
1404,تجربی,1474,703,منطقه 2,پزشکی,دانشگاه علوم پزشکی ایران,نامشخص,kanoon
1404,تجربی,2138,703,منطقه 1,دندانپزشکی,دانشگاه علوم پزشکی ایلام,نامشخص,kanoon
1404,تجربی,2140,704,منطقه 1,پزشکی,دانشگاه علوم پزشکی قزوین,نامشخص,kanoon
1404,تجربی,3367,704,منطقه 3,پزشکی,دانشگاه علوم پزشکی سبزوار,نامشخص,kanoon
1404,تجربی,3367,704,منطقه 3,پزشکی,دانشگاه علوم پزشکی شهید بهشتی - تهران,نامشخص,kanoon
1404,تجربی,3367,704,منطقه 3,پزشکی,دانشگاه علوم پزشکی یزد,نامشخص,kanoon
1404,تجربی,3367,704,منطقه 3,دندانپزشکی,دانشگاه علوم پزشکی خراسان شمالی - بجنورد,نامشخص,kanoon
1404,تجربی,1482,706,منطقه 2,دندانپزشکی,دانشگاه علوم پزشکی قزوین,نامشخص,kanoon
1404,تجربی,1482,706,منطقه 2,دندانپزشکی,دانشگاه علوم پزشکی قزوین,روزانه,sajad
1404,تجربی,2143,706,منطقه 1,دندانپزشکی,دانشگاه آزاداسلامی-واحدپزشکی تهران --آزاد-خودگردان,آزاد,kanoon
1404,تجربی,1483,707,منطقه 2,داروسازی,دانشگاه علوم پزشکی تهران,نامشخص,kanoon
1404,تجربی,3374,707,منطقه 3,داروسازی,دانشگاه علوم پزشکی همدان,نامشخص,kanoon
1404,تجربی,3386,709,منطقه 3,دندانپزشکی,دانشگاه علوم پزشکی زنجان,نامشخص,kanoon
1404,تجربی,1491,710,منطقه 2,پزشکی,دانشگاه علوم پزشکی شیراز,نامشخص,kanoon
1404,تجربی,1491,710,منطقه 2,دندانپزشکی,دانشگاه علوم پزشکی کرمانشاه,نامشخص,kanoon
1404,تجربی,1491,710,منطقه 2,دندانپزشکی,دانشگاه علوم پزشکی گیلان - رشت,نامشخص,kanoon
1404,تجربی,1497,714,منطقه 2,دندانپزشکی,دانشگاه علوم پزشکی همدان,نامشخص,kanoon
1404,تجربی,2159,714,منطقه 1,دندانپزشکی,دانشگاه علوم پزشکی کردستان - سنندج,نامشخص,kanoon
1404,تجربی,3405,716,منطقه 3,پزشکی,دانشگاه علوم پزشکی شهید بهشتی - تهران,نامشخص,kanoon
1404,تجربی,3405,716,منطقه 3,پزشکی,دانشگاه علوم پزشکی یزد,نامشخص,kanoon
1404,تجربی,3405,716,منطقه 3,داروسازی,دانشگاه علوم پزشکی تهران,نامشخص,kanoon
1404,تجربی,3414,718,منطقه 3,پزشکی,دانشگاه علوم پزشکی بابل,نامشخص,kanoon
1404,تجربی,2175,719,منطقه 1,پزشکی,دانشگاه علوم پزشکی البرز - کرج,نامشخص,kanoon
1404,تجربی,,720,منطقه 3,پزشکی,دانشگاه علوم پزشکی همدان,نامشخص,sibtorsh
1404,تجربی,1508,720,منطقه 2,پزشکی,دانشگاه علوم پزشکی جندی شاپور اهواز,نامشخص,kanoon
1404,تجربی,1508,720,منطقه 2,پزشکی,دانشگاه علوم پزشکی مشهد,نامشخص,kanoon
1404,تجربی,2179,720,منطقه 1,پزشکی,دانشگاه شاهد - تهران(رشته های پزشکی),نامشخص,kanoon
1404,تجربی,3422,720,منطقه 3,پزشکی,دانشگاه علوم پزشکی مازندران - ساری,نامشخص,kanoon
1404,تجربی,3422,720,منطقه 3,پزشکی,دانشگاه علوم پزشکی همدان,نامشخص,kanoon
1404,تجربی,1515,722,منطقه 2,پزشکی,دانشگاه علوم پزشکی مشهد,نامشخص,kanoon
1404,تجربی,1518,724,منطقه 2,دندانپزشکی,دانشگاه علوم پزشکی یاسوج,نامشخص,kanoon
1404,تجربی,3432,724,منطقه 3,دندانپزشکی,دانشگاه آزاداسلامی-واحدعلوم پزشکی تبریز,آزاد,kanoon
1404,تجربی,1522,726,منطقه 2,دندانپزشکی,دانشگاه علوم پزشکی همدان,نامشخص,kanoon
1404,تجربی,1525,727,منطقه 2,پزشکی,دانشگاه علوم پزشکی مازندران - ساری,نامشخص,kanoon
1404,تجربی,1525,727,منطقه 2,دندانپزشکی,دانشگاه علوم پزشکی همدان,نامشخص,kanoon
1404,تجربی,3440,727,منطقه 3,پزشکی,دانشگاه علوم پزشکی شهید بهشتی - تهران,نامشخص,kanoon
1404,تجربی,2208,728,منطقه 1,پزشکی,دانشگاه علوم پزشکی بابل,نامشخص,kanoon
1404,تجربی,2208,728,منطقه 1,پزشکی,دانشگاه علوم پزشکی جهرم,نامشخص,kanoon
1404,تجربی,1534,730,منطقه 2,دندانپزشکی,دانشگاه علوم پزشکی قزوین,نامشخص,kanoon
1404,تجربی,3471,730,منطقه 3,پزشکی,دانشگاه علوم پزشکی کرمانشاه,نامشخص,kanoon
1404,تجربی,2214,731,منطقه 1,پزشکی,دانشگاه علوم پزشکی اصفهان,نامشخص,kanoon
1404,تجربی,2214,731,منطقه 1,پزشکی,دانشگاه علوم پزشکی مشهد,نامشخص,kanoon
1404,تجربی,1538,732,منطقه 2,داروسازی,دانشگاه علوم پزشکی تهران,نامشخص,kanoon
1404,تجربی,,733,منطقه 3,پزشکی,دانشگاه علوم پزشکی همدان,نامشخص,sibtorsh
1404,تجربی,1543,733,منطقه 2,پزشکی,دانشگاه علوم پزشکی شیراز,نامشخص,kanoon
1404,تجربی,3480,733,منطقه 3,پزشکی,دانشگاه علوم پزشکی کرمان,نامشخص,kanoon
1404,تجربی,3480,733,منطقه 3,پزشکی,دانشگاه علوم پزشکی گیلان - رشت,نامشخص,kanoon
1404,تجربی,3480,733,منطقه 3,پزشکی,دانشگاه علوم پزشکی همدان,نامشخص,kanoon
1404,تجربی,1547,734,منطقه 2,دندانپزشکی,دانشگاه علوم پزشکی گلستان - گرگان,نامشخص,kanoon
1404,تجربی,2224,735,منطقه 1,دندانپزشکی,دانشگاه علوم پزشکی زاهدان,نامشخص,kanoon
1404,تجربی,3488,735,منطقه 3,دندانپزشکی,دانشگاه علوم پزشکی گلستان - گرگان,نامشخص,kanoon
1404,تجربی,12792,735,سهمیه 5٪,پزشکی,دانشگاه علوم پزشکی تبریز,روزانه,sajad
1404,تجربی,1551,737,منطقه 2,پزشکی,دانشگاه علوم پزشکی شیراز,نامشخص,kanoon
1404,تجربی,1551,737,منطقه 2,دندانپزشکی,دانشگاه علوم پزشکی سمنان,نامشخص,kanoon
1404,تجربی,2231,738,منطقه 1,پزشکی,دانشگاه علوم پزشکی تبریز,نامشخص,kanoon
1404,تجربی,1554,739,منطقه 2,پزشکی,دانشگاه علوم پزشکی ایران,نامشخص,kanoon
1404,تجربی,2236,739,منطقه 1,پزشکی,دانشگاه علوم پزشکی مشهد,نامشخص,kanoon
1404,تجربی,2236,739,منطقه 1,دندانپزشکی,دانشگاه علوم پزشکی کرمان,شهریه پرداز,kanoon
1404,تجربی,3505,739,منطقه 3,پزشکی,دانشگاه علوم پزشکی ارومیه,نامشخص,kanoon
1404,تجربی,2243,742,منطقه 1,پزشکی,دانشگاه علوم پزشکی البرز - کرج,نامشخص,kanoon
1404,تجربی,2243,742,منطقه 1,پزشکی,دانشگاه علوم پزشکی مشهد,نامشخص,kanoon
1404,تجربی,1568,743,منطقه 2,پزشکی,دانشگاه علوم پزشکی بابل,نامشخص,kanoon
1404,تجربی,1568,743,منطقه 2,پزشکی,دانشگاه علوم پزشکی شیراز,نامشخص,kanoon
1404,تجربی,3515,743,منطقه 3,پزشکی,دانشگاه علوم پزشکی شهید بهشتی - تهران,شهریه پرداز,kanoon
1404,تجربی,2253,744,منطقه 1,پزشکی,دانشگاه علوم پزشکی اصفهان,نامشخص,kanoon
1404,تجربی,3521,745,منطقه 3,پزشکی,دانشگاه علوم پزشکی شهید بهشتی - تهران,شهریه پرداز,kanoon
1404,تجربی,3528,746,منطقه 3,پزشکی,دانشگاه علوم پزشکی بابل,نامشخص,kanoon
1404,تجربی,3528,746,منطقه 3,داروسازی,دانشگاه علوم پزشکی مازندران - ساری,نامشخص,kanoon
1404,تجربی,1589,747,منطقه 2,پزشکی,دانشگاه علوم پزشکی اصفهان,نامشخص,kanoon
1404,تجربی,1590,748,منطقه 2,پزشکی,دانشگاه علوم پزشکی مشهد,نامشخص,kanoon
1404,تجربی,2263,748,منطقه 1,دندانپزشکی,دانشگاه علوم پزشکی مشهد,نامشخص,kanoon
1404,تجربی,3545,749,منطقه 3,پزشکی,دانشگاه علوم پزشکی جندی شاپور اهواز,نامشخص,kanoon
1404,تجربی,,750,منطقه 2,دندانپزشکی,دانشگاه علوم پزشکی جندی شاپور اهواز,نامشخص,sibtorsh
1404,تجربی,1594,750,منطقه 2,دندانپزشکی,دانشگاه علوم پزشکی جندی شاپور اهواز,نامشخص,kanoon
1404,تجربی,2272,751,منطقه 1,پزشکی,دانشگاه علوم پزشکی مشهد,نامشخص,kanoon
1404,تجربی,1595,752,منطقه 2,دندانپزشکی,دانشگاه علوم پزشکی ارومیه,شهریه پرداز,kanoon
1404,تجربی,1595,752,منطقه 2,دندانپزشکی,دانشگاه علوم پزشکی قزوین,نامشخص,kanoon
1404,تجربی,1595,752,منطقه 2,دندانپزشکی,دانشگاه علوم پزشکی لرستان - خرم آباد,نامشخص,kanoon
1404,تجربی,3554,752,منطقه 3,پزشکی,دانشگاه علوم پزشکی بابل,نامشخص,kanoon
1404,تجربی,2276,754,منطقه 1,پزشکی,دانشگاه علوم پزشکی مشهد,نامشخص,kanoon
1404,تجربی,2276,754,منطقه 1,دندانپزشکی,دانشگاه علوم پزشکی شهید بهشتی - تهران,نامشخص,kanoon
1404,تجربی,3562,754,منطقه 3,پزشکی,دانشگاه علوم پزشکی شهید بهشتی - تهران,شهریه پرداز,kanoon
1404,تجربی,1602,755,منطقه 2,دندانپزشکی,دانشگاه علوم پزشکی زنجان,نامشخص,kanoon
1404,تجربی,1602,755,منطقه 2,دندانپزشکی,دانشگاه علوم پزشکی سمنان,نامشخص,kanoon
1404,تجربی,3568,756,منطقه 3,پزشکی,دانشگاه علوم پزشکی ارومیه,نامشخص,kanoon
1404,تجربی,3568,756,منطقه 3,پزشکی,دانشگاه علوم پزشکی جندی شاپور اهواز,نامشخص,kanoon
1404,تجربی,2284,757,منطقه 1,پزشکی,دانشگاه آزاداسلامی-واحدپزشکی تهران,آزاد,kanoon
1404,تجربی,2284,757,منطقه 1,پزشکی,دانشگاه علوم پزشکی البرز - کرج,نامشخص,kanoon
1404,تجربی,1613,758,منطقه 2,پزشکی,دانشگاه علوم پزشکی شیراز,نامشخص,kanoon
1404,تجربی,,760,منطقه 2,دندانپزشکی,دانشگاه علوم پزشکی گلستان - گرگان,نامشخص,sibtorsh
1404,تجربی,3589,761,منطقه 3,پزشکی,دانشگاه علوم پزشکی ایران,نامشخص,kanoon
1404,تجربی,1624,763,منطقه 2,پزشکی,دانشگاه علوم پزشکی بابل,نامشخص,kanoon
1404,تجربی,1624,763,منطقه 2,پزشکی,دانشگاه علوم پزشکی تبریز,نامشخص,kanoon
1404,تجربی,1624,763,منطقه 2,دندانپزشکی,دانشگاه علوم پزشکی اردبیل,نامشخص,kanoon
1404,تجربی,2300,763,منطقه 1,پزشکی,دانشگاه علوم پزشکی تبریز,نامشخص,kanoon
1404,تجربی,1628,765,منطقه 2,پزشکی,دانشگاه علوم پزشکی ایران,نامشخص,kanoon
1404,تجربی,3606,765,منطقه 3,داروسازی,دانشگاه علوم پزشکی مشهد,نامشخص,kanoon
1404,تجربی,3606,765,منطقه 3,دندانپزشکی,دانشگاه علوم پزشکی گیلان - رشت,نامشخص,kanoon
1404,تجربی,1631,767,منطقه 2,دندانپزشکی,دانشگاه علوم پزشکی گلستان - گرگان,نامشخص,kanoon
1404,تجربی,3613,768,منطقه 3,دندانپزشکی,دانشگاه آزاداسلامی-واحدپزشکی تهران,آزاد,kanoon
1404,تجربی,1635,769,منطقه 2,پزشکی,دانشگاه علوم پزشکی کاشان,نامشخص,kanoon
1404,تجربی,3613,769,منطقه 3,پزشکی,دانشگاه علوم پزشکی کرمان,نامشخص,kanoon
1404,تجربی,1639,772,منطقه 2,دندانپزشکی,دانشگاه علوم پزشکی خراسان شمالی - بجنورد,نامشخص,kanoon
1404,تجربی,1639,772,منطقه 2,دندانپزشکی,دانشگاه علوم پزشکی همدان,نامشخص,kanoon
1404,تجربی,3628,773,منطقه 3,پزشکی,دانشگاه علوم پزشکی بقیه الله,نامشخص,kanoon
1404,تجربی,3628,773,منطقه 3,پزشکی,دانشگاه علوم پزشکی جهرم,نامشخص,kanoon
1404,تجربی,1646,775,منطقه 2,پزشکی,دانشگاه علوم پزشکی ایران,نامشخص,kanoon
1404,تجربی,1656,780,منطقه 2,دندانپزشکی,دانشگاه علوم پزشکی سمنان,نامشخص,kanoon
1404,تجربی,3646,780,منطقه 3,پزشکی,دانشگاه علوم پزشکی مازندران - ساری,نامشخص,kanoon
1404,تجربی,2347,781,منطقه 1,دندانپزشکی,دانشگاه علوم پزشکی شهید بهشتی - تهران,نامشخص,kanoon
1404,تجربی,1660,783,منطقه 2,پزشکی,دانشگاه علوم پزشکی ایران,نامشخص,kanoon
1404,تجربی,1660,783,منطقه 2,پزشکی,دانشگاه علوم پزشکی کردستان - سنندج,نامشخص,kanoon
1404,تجربی,1660,783,منطقه 2,دندانپزشکی,دانشگاه علوم پزشکی لرستان - خرم آباد,نامشخص,kanoon
1404,تجربی,2358,783,منطقه 1,داروسازی,دانشگاه علوم پزشکی تهران,نامشخص,kanoon
1404,تجربی,2361,784,منطقه 1,پزشکی,دانشگاه علوم پزشکی تبریز,نامشخص,kanoon
1404,تجربی,3662,785,منطقه 3,پزشکی,دانشگاه علوم پزشکی شیراز,نامشخص,kanoon
1404,تجربی,3662,785,منطقه 3,پزشکی,دانشگاه علوم پزشکی یزد,نامشخص,kanoon
1404,تجربی,,788,منطقه 3,داروسازی,دانشگاه علوم پزشکی مشهد,نامشخص,sibtorsh
1404,تجربی,2374,788,منطقه 1,داروسازی,دانشگاه علوم پزشکی اصفهان,نامشخص,kanoon
1404,تجربی,3671,788,منطقه 3,پزشکی,دانشگاه علوم پزشکی اصفهان,نامشخص,kanoon
1404,تجربی,1676,790,منطقه 2,دندانپزشکی,دانشگاه علوم پزشکی گلستان - گرگان,نامشخص,kanoon
1404,تجربی,2383,791,منطقه 1,داروسازی,دانشگاه علوم پزشکی تهران,نامشخص,kanoon
1404,تجربی,3687,791,منطقه 3,پزشکی,دانشگاه علوم پزشکی ارومیه,نامشخص,kanoon
1404,تجربی,1683,794,منطقه 2,دندانپزشکی,دانشگاه علوم پزشکی کرمان,نامشخص,kanoon
1404,تجربی,3702,794,منطقه 3,پزشکی,دانشگاه علوم پزشکی اصفهان,نامشخص,kanoon
1404,تجربی,3702,794,منطقه 3,پزشکی,دانشگاه علوم پزشکی جندی شاپور اهواز,نامشخص,kanoon
1404,تجربی,1686,796,منطقه 2,پزشکی,دانشگاه علوم پزشکی شیراز,نامشخص,kanoon
1404,تجربی,1686,796,منطقه 2,دندانپزشکی,دانشگاه علوم پزشکی گلستان - گرگان,نامشخص,kanoon
1404,تجربی,2401,796,منطقه 1,پزشکی,دانشگاه علوم پزشکی اصفهان,نامشخص,kanoon
1404,تجربی,3714,797,منطقه 3,پزشکی,دانشگاه علوم پزشکی بوشهر,نامشخص,kanoon
1404,تجربی,1690,798,منطقه 2,پزشکی,دانشگاه علوم پزشکی شیراز,نامشخص,kanoon
1404,تجربی,1690,798,منطقه 2,دندانپزشکی,دانشگاه علوم پزشکی سمنان,نامشخص,kanoon
1404,تجربی,2407,799,منطقه 1,پزشکی,دانشگاه علوم پزشکی شیراز,شهریه پرداز,kanoon
1404,تجربی,2407,799,منطقه 1,پزشکی,دانشگاه علوم پزشکی مازندران - ساری,نامشخص,kanoon
1404,تجربی,,801,منطقه 2,دندانپزشکی,دانشگاه علوم پزشکی سمنان,نامشخص,sibtorsh
1404,تجربی,1694,801,منطقه 2,پزشکی,دانشگاه علوم پزشکی گیلان - رشت,نامشخص,kanoon
1404,تجربی,1698,803,منطقه 2,دندانپزشکی,دانشگاه علوم پزشکی لرستان - خرم آباد,نامشخص,kanoon
1404,تجربی,2413,803,منطقه 1,پزشکی,دانشگاه علوم پزشکی اصفهان,نامشخص,kanoon
1404,تجربی,2413,803,منطقه 1,دندانپزشکی,دانشگاه آزاد اسلامی-واحد خوراسگان,آزاد,kanoon
1404,تجربی,3725,803,منطقه 3,دندانپزشکی,دانشگاه علوم پزشکی خراسان شمالی - بجنورد,نامشخص,kanoon
1404,تجربی,1703,805,منطقه 2,پزشکی,دانشگاه علوم پزشکی شیراز,نامشخص,kanoon
1404,تجربی,3732,805,منطقه 3,دندانپزشکی,دانشگاه علوم پزشکی شیراز,نامشخص,kanoon
1404,تجربی,2417,806,منطقه 1,پزشکی,دانشگاه علوم پزشکی تبریز,نامشخص,kanoon
1404,تجربی,3739,806,منطقه 3,پزشکی,دانشگاه علوم پزشکی ایران,نامشخص,kanoon
1404,تجربی,3745,807,منطقه 3,پزشکی,دانشگاه علوم پزشکی همدان,نامشخص,kanoon
1404,تجربی,2422,809,منطقه 1,پزشکی,دانشگاه علوم پزشکی اصفهان,نامشخص,kanoon
1404,تجربی,1718,810,منطقه 2,پزشکی,دانشگاه علوم پزشکی گیلان - رشت,نامشخص,kanoon
1404,تجربی,1721,811,منطقه 2,پزشکی,دانشگاه علوم پزشکی مشهد,نامشخص,kanoon
1404,تجربی,2427,812,منطقه 1,دندانپزشکی,دانشگاه علوم پزشکی شهید بهشتی - تهران,نامشخص,kanoon
1404,تجربی,3766,814,منطقه 3,پزشکی,دانشگاه علوم پزشکی کرمانشاه,نامشخص,kanoon
1404,تجربی,2447,820,منطقه 1,پزشکی,دانشگاه علوم پزشکی اصفهان,نامشخص,kanoon
1404,تجربی,1758,821,منطقه 2,دندانپزشکی,دانشگاه علوم پزشکی کرمان,نامشخص,kanoon
1404,تجربی,2449,821,منطقه 1,پزشکی,دانشگاه علوم پزشکی البرز - کرج,نامشخص,kanoon
1404,تجربی,1764,823,منطقه 2,پزشکی,دانشگاه علوم پزشکی شیراز,نامشخص,kanoon
1404,تجربی,1764,823,منطقه 2,پزشکی,دانشگاه علوم پزشکی همدان,نامشخص,kanoon
1404,تجربی,3813,823,منطقه 3,پزشکی,دانشگاه علوم پزشکی زنجان,نامشخص,kanoon
1404,تجربی,1781,826,منطقه 2,پزشکی,دانشگاه علوم پزشکی گیلان - رشت,نامشخص,kanoon
1404,تجربی,1781,826,منطقه 2,پزشکی,دانشگاه علوم پزشکی مشهد,نامشخص,kanoon
1404,تجربی,1789,828,منطقه 2,پزشکی,دانشگاه علوم پزشکی شیراز,نامشخص,kanoon
1404,تجربی,1789,828,منطقه 2,پزشکی,دانشگاه علوم پزشکی مازندران - ساری,نامشخص,kanoon
1404,تجربی,3823,828,منطقه 3,پزشکی,دانشگاه علوم پزشکی ارومیه,نامشخص,kanoon
1404,تجربی,3823,828,منطقه 3,پزشکی,دانشگاه علوم پزشکی شهید بهشتی - تهران,پردیس,sajad
1404,تجربی,3823,828,منطقه 3,داروسازی,دانشگاه علوم پزشکی مازندران - ساری,نامشخص,kanoon
1404,تجربی,1791,830,منطقه 2,دندانپزشکی,دانشگاه علوم پزشکی جندی شاپور اهواز,نامشخص,kanoon
1404,تجربی,1791,830,منطقه 2,دندانپزشکی,دانشگاه علوم پزشکی کردستان - سنندج,نامشخص,kanoon
1404,تجربی,2476,830,منطقه 1,پزشکی,دانشگاه علوم پزشکی اصفهان,نامشخص,kanoon
1404,تجربی,2476,830,منطقه 1,پزشکی,دانشگاه علوم پزشکی البرز - کرج,نامشخص,kanoon
1404,تجربی,2476,830,منطقه 1,پزشکی,دانشگاه علوم پزشکی البرز - کرج,نامشخص,kanoon
1404,تجربی,2476,830,منطقه 1,پزشکی,دانشگاه علوم پزشکی مشهد,شهریه پرداز,kanoon
1404,تجربی,2488,835,منطقه 1,دندانپزشکی,دانشگاه علوم پزشکی مشهد,نامشخص,kanoon
1404,تجربی,1810,836,منطقه 2,پزشکی,دانشگاه علوم پزشکی ایران,نامشخص,kanoon
1404,تجربی,1816,838,منطقه 2,دندانپزشکی,دانشگاه علوم پزشکی بوشهر,نامشخص,kanoon
1404,تجربی,2496,839,منطقه 1,پزشکی,دانشگاه علوم پزشکی تبریز,نامشخص,kanoon
1404,تجربی,3864,839,منطقه 3,پزشکی,دانشگاه علوم پزشکی گیلان - رشت,نامشخص,kanoon
1404,تجربی,1821,841,منطقه 2,پزشکی,دانشگاه علوم پزشکی قم,نامشخص,kanoon
1404,تجربی,1821,841,منطقه 2,پزشکی,دانشگاه علوم پزشکی مشهد,نامشخص,kanoon
1404,تجربی,1821,841,منطقه 2,دندانپزشکی,دانشگاه علوم پزشکی جندی شاپور اهواز,نامشخص,kanoon
1404,تجربی,1821,841,منطقه 2,دندانپزشکی,دانشگاه علوم پزشکی زنجان,نامشخص,kanoon
1404,تجربی,2504,842,منطقه 1,داروسازی,دانشگاه علوم پزشکی مشهد,نامشخص,kanoon
1404,تجربی,3872,842,منطقه 3,دندانپزشکی,دانشگاه علوم پزشکی جندی شاپور اهواز,نامشخص,kanoon
1404,تجربی,3873,842,منطقه 3,پزشکی,دانشگاه علوم پزشکی بابل,نامشخص,kanoon
1404,تجربی,,845,منطقه 2,پزشکی,دانشگاه علوم پزشکی اصفهان,نامشخص,sibtorsh
1404,تجربی,,845,منطقه 3,داروسازی,دانشگاه علوم پزشکی اصفهان,نامشخص,sibtorsh
1404,تجربی,1827,845,منطقه 2,پزشکی,دانشگاه علوم پزشکی اصفهان,نامشخص,kanoon
1404,تجربی,1827,845,منطقه 2,دندانپزشکی,دانشگاه علوم پزشکی کرمان,نامشخص,kanoon
1404,تجربی,3879,845,منطقه 3,داروسازی,دانشگاه علوم پزشکی اصفهان,نامشخص,kanoon
1404,تجربی,,848,منطقه 2,پزشکی,دانشگاه علوم پزشکی همدان,نامشخص,sibtorsh
1404,تجربی,1834,848,منطقه 2,پزشکی,دانشگاه علوم پزشکی همدان,نامشخص,kanoon
1404,تجربی,2539,848,منطقه 1,پزشکی,دانشگاه علوم پزشکی تبریز,نامشخص,kanoon
1404,تجربی,3891,848,منطقه 3,دندانپزشکی,دانشگاه علوم پزشکی قزوین,نامشخص,kanoon
1404,تجربی,3903,850,منطقه 3,پزشکی,دانشگاه علوم پزشکی جندی شاپور اهواز,نامشخص,kanoon
1404,تجربی,3903,850,منطقه 3,داروسازی,دانشگاه علوم پزشکی شیراز,نامشخص,kanoon
1404,تجربی,2549,851,منطقه 1,داروسازی,دانشگاه علوم پزشکی شهید بهشتی - تهران,نامشخص,kanoon
1404,تجربی,1845,853,منطقه 2,دندانپزشکی,دانشگاه علوم پزشکی کرمان,روزانه,sajad
1404,تجربی,1845,853,منطقه 2,دندانپزشکی,دانشگاه علوم پزشکی همدان,شهریه پرداز,kanoon
1404,تجربی,2553,853,منطقه 1,داروسازی,دانشگاه علوم پزشکی شهید بهشتی - تهران,نامشخص,kanoon
1404,تجربی,2553,853,منطقه 1,داروسازی,دانشگاه علوم پزشکی شهید بهشتی - تهران,روزانه,sajad
1404,تجربی,,855,منطقه 2,دندانپزشکی,دانشگاه علوم پزشکی زنجان,نامشخص,sibtorsh
1404,تجربی,1847,855,منطقه 2,دندانپزشکی,دانشگاه علوم پزشکی زنجان,نامشخص,kanoon
1404,تجربی,2565,856,منطقه 1,داروسازی,دانشگاه علوم پزشکی اصفهان,نامشخص,kanoon
1404,تجربی,3933,856,منطقه 3,پزشکی,دانشگاه علوم پزشکی جندی شاپور اهواز,نامشخص,kanoon
1404,تجربی,1860,859,منطقه 2,پزشکی,دانشگاه علوم پزشکی البرز - کرج,نامشخص,kanoon
1404,تجربی,1860,859,منطقه 2,پزشکی,دانشگاه علوم پزشکی ایران,نامشخص,kanoon
1404,تجربی,3942,859,منطقه 3,پزشکی,دانشگاه علوم پزشکی لرستان - خرم آباد,نامشخص,kanoon
1404,تجربی,3949,862,منطقه 3,پزشکی,دانشگاه علوم پزشکی کرمان,نامشخص,kanoon
1404,تجربی,1868,863,منطقه 2,پزشکی,دانشگاه علوم پزشکی مازندران - ساری,نامشخص,kanoon
1404,تجربی,1868,863,منطقه 2,دندانپزشکی,دانشگاه علوم پزشکی اردبیل,نامشخص,kanoon
1404,تجربی,3963,864,منطقه 3,دندانپزشکی,دانشگاه آزاداسلامی-واحدپزشکی تهران,آزاد,kanoon
1404,تجربی,2602,866,منطقه 1,پزشکی,دانشگاه علوم پزشکی تبریز,نامشخص,kanoon
1404,تجربی,2602,866,منطقه 1,پزشکی,دانشگاه علوم پزشکی کاشان,نامشخص,kanoon
1404,تجربی,3969,867,منطقه 3,داروسازی,دانشگاه علوم پزشکی ارومیه,نامشخص,kanoon
1404,تجربی,2609,869,منطقه 1,پزشکی,دانشگاه علوم پزشکی البرز - کرج,نامشخص,kanoon
1404,تجربی,2609,869,منطقه 1,پزشکی,دانشگاه علوم پزشکی مازندران - ساری,نامشخص,kanoon
1404,تجربی,3976,870,منطقه 3,پزشکی,دانشگاه علوم پزشکی ارومیه,نامشخص,kanoon
1404,تجربی,1882,871,منطقه 2,پزشکی,دانشگاه علوم پزشکی مشهد,نامشخص,kanoon
1404,تجربی,1882,871,منطقه 2,دندانپزشکی,دانشگاه علوم پزشکی اردبیل,نامشخص,kanoon
1404,تجربی,3991,872,منطقه 3,پزشکی,دانشگاه علوم پزشکی ایران,نامشخص,kanoon
1404,تجربی,2616,873,منطقه 1,پزشکی,دانشگاه علوم پزشکی شیراز,شهریه پرداز,kanoon
1404,تجربی,1887,875,منطقه 2,پزشکی,دانشگاه علوم پزشکی ایران,نامشخص,kanoon
1404,تجربی,2621,875,منطقه 1,دندانپزشکی,دانشگاه آزاد اسلامی -واحدشیراز,آزاد,kanoon
1404,تجربی,,877,منطقه 3,پزشکی,دانشگاه علوم پزشکی بابل,نامشخص,sibtorsh
1404,تجربی,,877,منطقه 3,پزشکی,دانشگاه علوم پزشکی گیلان - رشت,نامشخص,sibtorsh
1404,تجربی,1891,877,منطقه 2,پزشکی,دانشگاه علوم پزشکی کاشان,نامشخص,kanoon
1404,تجربی,1891,877,منطقه 2,دندانپزشکی,دانشگاه علوم پزشکی لرستان - خرم آباد,نامشخص,kanoon
1404,تجربی,4008,877,منطقه 3,پزشکی,دانشگاه علوم پزشکی گیلان - رشت,نامشخص,kanoon
1404,تجربی,4008,877,منطقه 3,پزشکی,دانشگاه علوم پزشکی یزد,نامشخص,kanoon
1404,تجربی,1899,881,منطقه 2,دندانپزشکی,دانشگاه علوم پزشکی کرمانشاه,نامشخص,kanoon
1404,تجربی,2654,881,منطقه 1,پزشکی,دانشگاه علوم پزشکی تبریز,نامشخص,kanoon
1404,تجربی,2659,882,منطقه 1,پزشکی,دانشگاه علوم پزشکی البرز - کرج,نامشخص,kanoon
1404,تجربی,1905,884,منطقه 2,پزشکی,دانشگاه علوم پزشکی قم,نامشخص,kanoon
1404,تجربی,4033,886,منطقه 3,داروسازی,دانشگاه علوم پزشکی تهران,نامشخص,kanoon
1404,تجربی,1912,887,منطقه 2,پزشکی,دانشگاه علوم پزشکی شیراز,نامشخص,kanoon
1404,تجربی,1912,887,منطقه 2,دندانپزشکی,دانشگاه علوم پزشکی سمنان,نامشخص,kanoon
1404,تجربی,1912,887,منطقه 2,دندانپزشکی,دانشگاه علوم پزشکی کرمانشاه,نامشخص,kanoon
1404,تجربی,2685,888,منطقه 1,دندانپزشکی,دانشگاه علوم پزشکی شهید بهشتی - تهران,نامشخص,kanoon
1404,تجربی,2685,888,منطقه 1,دندانپزشکی,دانشگاه علوم پزشکی مشهد,نامشخص,kanoon
1404,تجربی,1916,890,منطقه 2,پزشکی,دانشگاه علوم پزشکی شیراز,نامشخص,kanoon
1404,تجربی,1916,890,منطقه 2,پزشکی,دانشگاه علوم پزشکی کاشان,نامشخص,kanoon
1404,تجربی,4061,890,منطقه 3,داروسازی,دانشگاه علوم پزشکی همدان,نامشخص,kanoon
1404,تجربی,2693,892,منطقه 1,پزشکی,دانشگاه علوم پزشکی تبریز,نامشخص,kanoon
1404,تجربی,4069,892,منطقه 3,پزشکی,دانشگاه علوم پزشکی ایران,نامشخص,kanoon
1404,تجربی,1919,893,منطقه 2,پزشکی,دانشگاه علوم پزشکی اصفهان,نامشخص,kanoon
1404,تجربی,1919,893,منطقه 2,پزشکی,دانشگاه علوم پزشکی کاشان,نامشخص,kanoon
1404,تجربی,2710,897,منطقه 1,پزشکی,دانشگاه علوم پزشکی تبریز,نامشخص,kanoon
1404,تجربی,4094,897,منطقه 3,پزشکی,دانشگاه علوم پزشکی گلستان - گرگان,نامشخص,kanoon
1404,تجربی,4094,897,منطقه 3,دندانپزشکی,دانشگاه علوم پزشکی قزوین,نامشخص,kanoon
1404,تجربی,1929,898,منطقه 2,فیزیوتراپی,دانشگاه علوم پزشکی ایران,نامشخص,kanoon
1404,تجربی,2715,899,منطقه 1,دندانپزشکی,دانشگاه علوم پزشکی تهران,نامشخص,kanoon
1404,تجربی,2715,899,منطقه 1,دندانپزشکی,دانشگاه علوم پزشکی تهران,نامشخص,kanoon
1404,تجربی,,900,منطقه 3,پزشکی,دانشگاه علوم پزشکی ایران,نامشخص,sibtorsh
1404,تجربی,4104,900,منطقه 3,پزشکی,دانشگاه علوم پزشکی اردبیل,نامشخص,kanoon
1404,تجربی,4104,900,منطقه 3,پزشکی,دانشگاه علوم پزشکی ایران,نامشخص,kanoon
1404,تجربی,4104,900,منطقه 3,داروسازی,دانشگاه علوم پزشکی ارومیه,نامشخص,kanoon
1404,تجربی,1933,901,منطقه 2,دندانپزشکی,دانشگاه شاهد - تهران,پردیس,sajad
1404,تجربی,1933,901,منطقه 2,دندانپزشکی,دانشگاه شاهد - تهران(رشته های پزشکی),شهریه پرداز,kanoon
1404,تجربی,1933,901,منطقه 2,دندانپزشکی,دانشگاه علوم پزشکی سمنان,نامشخص,kanoon
1404,تجربی,,902,منطقه 1,پزشکی,دانشگاه علوم پزشکی البرز - کرج,نامشخص,sibtorsh
1404,تجربی,1939,903,منطقه 2,دندانپزشکی,دانشگاه علوم پزشکی کرمانشاه,نامشخص,kanoon
1404,تجربی,4113,903,منطقه 3,پزشکی,دانشگاه علوم پزشکی مشهد,شهریه پرداز,kanoon
1404,تجربی,2732,905,منطقه 1,پزشکی,دانشگاه علوم پزشکی یزد,نامشخص,kanoon
1404,تجربی,1950,906,منطقه 2,دندانپزشکی,دانشگاه علوم پزشکی کرمانشاه,نامشخص,kanoon
1404,تجربی,4120,906,منطقه 3,پزشکی,دانشگاه علوم پزشکی همدان,نامشخص,kanoon
1404,تجربی,1955,907,منطقه 2,پزشکی,دانشگاه علوم پزشکی ایران,نامشخص,kanoon
1404,تجربی,1955,907,منطقه 2,دندانپزشکی,دانشگاه علوم پزشکی اردبیل,نامشخص,kanoon
1404,تجربی,4124,908,منطقه 3,فیزیوتراپی,دانشگاه علوم پزشکی شهید بهشتی - تهران,نامشخص,kanoon
1404,تجربی,,910,منطقه 2,دندانپزشکی,دانشگاه علوم پزشکی جندی شاپور اهواز,نامشخص,sibtorsh
1404,تجربی,1958,910,منطقه 2,دندانپزشکی,دانشگاه علوم پزشکی کردستان - سنندج,نامشخص,kanoon
1404,تجربی,2743,910,منطقه 1,پزشکی,دانشگاه علوم پزشکی تبریز,نامشخص,kanoon
1404,تجربی,,912,منطقه 3,پزشکی,دانشگاه علوم پزشکی کرمان,نامشخص,sibtorsh
1404,تجربی,4142,912,منطقه 3,پزشکی,دانشگاه علوم پزشکی گیلان - رشت,نامشخص,kanoon
1404,تجربی,4142,912,منطقه 3,پزشکی,دانشگاه علوم پزشکی همدان,نامشخص,kanoon
1404,تجربی,1965,913,منطقه 2,پزشکی,دانشگاه علوم پزشکی ایران,نامشخص,kanoon
1404,تجربی,1965,913,منطقه 2,پزشکی,دانشگاه علوم پزشکی ایران,نامشخص,kanoon
1404,تجربی,1965,913,منطقه 2,پزشکی,دانشگاه علوم پزشکی تبریز,نامشخص,kanoon
1404,تجربی,,914,منطقه 1,پزشکی,دانشگاه علوم پزشکی تبریز,نامشخص,sibtorsh
1404,تجربی,2751,914,منطقه 1,پزشکی,دانشگاه علوم پزشکی تبریز,نامشخص,kanoon
1404,تجربی,2751,914,منطقه 1,پزشکی,دانشگاه علوم پزشکی یزد,نامشخص,kanoon
1404,تجربی,1972,916,منطقه 2,پزشکی,دانشگاه علوم پزشکی ایران,نامشخص,kanoon
1404,تجربی,1972,916,منطقه 2,پزشکی,دانشگاه علوم پزشکی تبریز,نامشخص,kanoon
1404,تجربی,4170,917,منطقه 3,پزشکی,دانشگاه علوم پزشکی ارومیه,نامشخص,kanoon
1404,تجربی,4170,917,منطقه 3,پزشکی,دانشگاه علوم پزشکی بابل,نامشخص,kanoon
1404,تجربی,4170,917,منطقه 3,پزشکی,دانشگاه علوم پزشکی کرمان,نامشخص,kanoon
1404,تجربی,1981,919,منطقه 2,پزشکی,دانشگاه علوم پزشکی ایران,نامشخص,kanoon
1404,تجربی,1981,919,منطقه 2,پزشکی,دانشگاه علوم پزشکی تبریز,نامشخص,kanoon
1404,تجربی,2774,919,منطقه 1,پزشکی,دانشگاه علوم پزشکی قم,نامشخص,kanoon
1404,تجربی,4183,920,منطقه 3,پزشکی,دانشگاه علوم پزشکی قزوین,نامشخص,kanoon
1404,تجربی,4210,926,منطقه 3,دندانپزشکی,دانشگاه علوم پزشکی گلستان - گرگان,نامشخص,kanoon
1404,تجربی,,928,منطقه 2,دندانپزشکی,دانشگاه علوم پزشکی زاهدان,نامشخص,sibtorsh
1404,تجربی,1999,928,منطقه 2,پزشکی,دانشگاه علوم پزشکی بابل,نامشخص,kanoon
1404,تجربی,1999,928,منطقه 2,دندانپزشکی,دانشگاه علوم پزشکی زاهدان,نامشخص,kanoon
1404,تجربی,4217,928,منطقه 3,پزشکی,دانشگاه علوم پزشکی اصفهان,نامشخص,kanoon
1404,تجربی,2005,931,منطقه 2,دندانپزشکی,دانشگاه علوم پزشکی یاسوج,نامشخص,kanoon
1404,تجربی,4224,932,منطقه 3,پزشکی,دانشگاه علوم پزشکی ارتش جمهوری اسلامی ایران,نامشخص,kanoon
1404,تجربی,4224,932,منطقه 3,پزشکی,دانشگاه علوم پزشکی کرمانشاه,نامشخص,kanoon
1404,تجربی,2817,933,منطقه 1,دندانپزشکی,دانشگاه آزاداسلامی-واحدعلوم پزشکی تبریز,آزاد,kanoon
1404,تجربی,2822,935,منطقه 1,پزشکی,دانشگاه علوم پزشکی یزد,نامشخص,kanoon
1404,تجربی,2830,937,منطقه 1,پزشکی,دانشگاه علوم پزشکی تبریز,شهریه پرداز,kanoon
1404,تجربی,4237,937,منطقه 3,پزشکی,دانشگاه علوم پزشکی قم,نامشخص,kanoon
1404,تجربی,4237,937,منطقه 3,دندانپزشکی,دانشگاه علوم پزشکی گیلان - رشت,نامشخص,kanoon
1404,تجربی,2027,939,منطقه 2,پزشکی,دانشگاه علوم پزشکی اصفهان,نامشخص,kanoon
1404,تجربی,2027,939,منطقه 2,دندانپزشکی,دانشگاه علوم پزشکی کردستان - سنندج,نامشخص,kanoon
1404,تجربی,2837,939,منطقه 1,پزشکی,دانشگاه علوم پزشکی تبریز,نامشخص,kanoon
1404,تجربی,4247,940,منطقه 3,دندانپزشکی,دانشگاه علوم پزشکی ارتش جمهوری اسلامی ایران,نامشخص,kanoon
1404,تجربی,2032,941,منطقه 2,پزشکی,دانشگاه علوم پزشکی گلستان - گرگان,نامشخص,kanoon
1404,تجربی,2032,941,منطقه 2,دندانپزشکی,دانشگاه علوم پزشکی اردبیل,نامشخص,kanoon
1404,تجربی,4275,945,منطقه 3,داروسازی,دانشگاه علوم پزشکی اصفهان,نامشخص,kanoon
1404,تجربی,2045,946,منطقه 2,دندانپزشکی,دانشگاه علوم پزشکی اردبیل,نامشخص,kanoon
1404,تجربی,16300,947,سهمیه 5٪,داروسازی,دانشگاه علوم پزشکی شهید بهشتی - تهران,شهریه‌پرداز,sajad
1404,تجربی,2050,948,منطقه 2,دندانپزشکی,دانشگاه علوم پزشکی کردستان - سنندج,نامشخص,kanoon
1404,تجربی,2886,950,منطقه 1,پزشکی,دانشگاه علوم پزشکی اصفهان,شهریه پرداز,kanoon
1404,تجربی,2886,950,منطقه 1,پزشکی,دانشگاه علوم پزشکی یزد,نامشخص,kanoon
1404,تجربی,2055,951,منطقه 2,دندانپزشکی,دانشگاه علوم پزشکی گیلان - رشت,نامشخص,kanoon
1404,تجربی,2060,954,منطقه 2,پزشکی,دانشگاه علوم پزشکی کردستان - سنندج,نامشخص,kanoon
1404,تجربی,4334,954,منطقه 3,پزشکی,دانشگاه علوم پزشکی اصفهان,نامشخص,kanoon
1404,تجربی,2065,957,منطقه 2,پزشکی,دانشگاه علوم پزشکی ایران,نامشخص,kanoon
1404,تجربی,2065,957,منطقه 2,پزشکی,دانشگاه علوم پزشکی مشهد,نامشخص,kanoon
1404,تجربی,4349,957,منطقه 3,پزشکی,دانشگاه علوم پزشکی ارومیه,نامشخص,kanoon
1404,تجربی,2071,960,منطقه 2,دندانپزشکی,دانشگاه علوم پزشکی اردبیل,نامشخص,kanoon
1404,تجربی,2071,960,منطقه 2,دندانپزشکی,دانشگاه علوم پزشکی اردبیل,نامشخص,kanoon
1404,تجربی,2927,960,منطقه 1,پزشکی,دانشگاه علوم پزشکی تبریز,شهریه پرداز,kanoon
1404,تجربی,4374,962,منطقه 3,پزشکی,دانشگاه علوم پزشکی البرز - کرج,نامشخص,kanoon
1404,تجربی,4374,962,منطقه 3,پزشکی,دانشگاه علوم پزشکی کرمانشاه,نامشخص,kanoon
1404,تجربی,2076,963,منطقه 2,دندانپزشکی,دانشگاه علوم پزشکی رفسنجان,نامشخص,kanoon
1404,تجربی,2933,964,منطقه 1,پزشکی,دانشگاه علوم پزشکی خراسان شمالی - بجنورد,نامشخص,kanoon
1404,تجربی,2944,967,منطقه 1,پزشکی,دانشگاه علوم پزشکی یزد,نامشخص,kanoon
1404,تجربی,4407,968,منطقه 3,پزشکی,دانشگاه علوم پزشکی همدان,نامشخص,kanoon
1404,تجربی,4407,968,منطقه 3,دندانپزشکی,دانشگاه علوم پزشکی ایلام,نامشخص,kanoon
1404,تجربی,2086,969,منطقه 2,پزشکی,دانشگاه علوم پزشکی بابل,نامشخص,kanoon
1404,تجربی,2952,969,منطقه 1,پزشکی,دانشگاه علوم پزشکی فسا,نامشخص,kanoon
1404,تجربی,2092,972,منطقه 2,دندانپزشکی,دانشگاه علوم پزشکی رفسنجان,نامشخص,kanoon
1404,تجربی,2956,972,منطقه 1,پزشکی,دانشگاه آزاداسلامی-واحدپزشکی تهران,آزاد,kanoon
1404,تجربی,4419,972,منطقه 3,پزشکی,دانشکده علوم پزشکی نیشابور,نامشخص,kanoon
1404,تجربی,2962,975,منطقه 1,پزشکی,دانشگاه شاهد - تهران(رشته های پزشکی),نامشخص,kanoon
1404,تجربی,4429,976,منطقه 3,پزشکی,دانشگاه علوم پزشکی گیلان - رشت,نامشخص,kanoon
1404,تجربی,2102,977,منطقه 2,دندانپزشکی,دانشگاه علوم پزشکی رفسنجان,نامشخص,kanoon
1404,تجربی,2975,978,منطقه 1,پزشکی,دانشگاه علوم پزشکی بابل,نامشخص,kanoon
1404,تجربی,4436,978,منطقه 3,فیزیوتراپی,دانشگاه علوم پزشکی شهید بهشتی - تهران,نامشخص,kanoon
1404,تجربی,2111,980,منطقه 2,پزشکی,دانشگاه علوم پزشکی یزد,نامشخص,kanoon
1404,تجربی,2980,980,منطقه 1,پزشکی,دانشگاه علوم پزشکی تبریز,شهریه پرداز,kanoon
1404,تجربی,4451,981,منطقه 3,دندانپزشکی,دانشگاه علوم پزشکی کردستان - سنندج,نامشخص,kanoon
1404,تجربی,2119,982,منطقه 2,داروسازی,دانشگاه علوم پزشکی تهران,نامشخص,kanoon
1404,تجربی,2989,983,منطقه 1,پزشکی,دانشگاه علوم پزشکی مازندران - ساری,نامشخص,kanoon
1404,تجربی,2989,983,منطقه 1,پزشکی,دانشگاه علوم پزشکی یزد,نامشخص,kanoon
1404,تجربی,2123,984,منطقه 2,دندانپزشکی,دانشگاه علوم پزشکی رفسنجان,نامشخص,kanoon
1404,تجربی,4462,984,منطقه 3,پزشکی,دانشگاه علوم پزشکی کرمانشاه,نامشخص,kanoon
1404,تجربی,107553,984,سهمیه 25٪,پزشکی,دانشکده علوم پزشکی بهبهان,روزانه,sajad
1404,تجربی,2996,986,منطقه 1,پزشکی,دانشگاه علوم پزشکی قزوین,نامشخص,kanoon
1404,تجربی,2129,987,منطقه 2,پزشکی,دانشگاه علوم پزشکی اصفهان,نامشخص,kanoon
1404,تجربی,4473,987,منطقه 3,دندانپزشکی,دانشگاه آزاداسلامی-واحدپزشکی تهران,آزاد,kanoon
1404,تجربی,3010,994,منطقه 1,پزشکی,دانشگاه شاهد - تهران(رشته های پزشکی),شهریه پرداز,kanoon
1404,تجربی,3010,994,منطقه 1,پزشکی,دانشگاه علوم پزشکی بابل,نامشخص,kanoon
1404,تجربی,4507,994,منطقه 3,پزشکی,دانشگاه علوم پزشکی ارومیه,نامشخص,kanoon
1404,تجربی,4507,994,منطقه 3,پزشکی,دانشگاه علوم پزشکی البرز - کرج,نامشخص,kanoon
1404,تجربی,2150,996,منطقه 2,پزشکی,دانشگاه علوم پزشکی قزوین,نامشخص,kanoon
1404,تجربی,2150,996,منطقه 2,پزشکی,دانشگاه علوم پزشکی مشهد,نامشخص,kanoon
1404,تجربی,3028,998,منطقه 1,دندانپزشکی,دانشگاه علوم پزشکی تهران,نامشخص,kanoon
1404,تجربی,4517,998,منطقه 3,پزشکی,دانشگاه علوم پزشکی همدان,نامشخص,kanoon
1404,تجربی,4517,998,منطقه 3,دندانپزشکی,دانشگاه علوم پزشکی زنجان,نامشخص,kanoon
1404,تجربی,108736,1005,سهمیه 25٪,پزشکی,دانشگاه آزاد اسلامی واحد پزشکی تهران,آزاد,sajad
1404,تجربی,2171,1007,منطقه 2,پزشکی,دانشگاه علوم پزشکی اصفهان,نامشخص,kanoon
1404,تجربی,2171,1007,منطقه 2,پزشکی,دانشگاه علوم پزشکی کرمانشاه,نامشخص,kanoon
1404,تجربی,4543,1008,منطقه 3,پزشکی,دانشگاه علوم پزشکی کرمانشاه,نامشخص,kanoon
1404,تجربی,4543,1008,منطقه 3,پزشکی,دانشگاه علوم پزشکی همدان,نامشخص,kanoon
1404,تجربی,4543,1008,منطقه 3,داروسازی,دانشگاه علوم پزشکی اصفهان,نامشخص,kanoon
1404,تجربی,2175,1010,منطقه 2,پزشکی,دانشگاه شاهد - تهران(رشته های پزشکی),نامشخص,kanoon
1404,تجربی,2175,1010,منطقه 2,داروسازی,دانشگاه علوم پزشکی تهران,نامشخص,kanoon
1404,تجربی,2179,1012,منطقه 2,پزشکی,دانشگاه علوم پزشکی کردستان - سنندج,نامشخص,kanoon
1404,تجربی,2183,1014,منطقه 2,پزشکی,دانشگاه علوم پزشکی مشهد,نامشخص,kanoon
1404,تجربی,2183,1014,منطقه 2,دندانپزشکی,دانشگاه علوم پزشکی رفسنجان,نامشخص,kanoon
1404,تجربی,4566,1014,منطقه 3,پزشکی,دانشگاه علوم پزشکی گیلان - رشت,نامشخص,kanoon
1404,تجربی,4581,1016,منطقه 3,پزشکی,دانشگاه علوم پزشکی ارومیه,نامشخص,kanoon
1404,تجربی,4591,1018,منطقه 3,دندانپزشکی,دانشگاه علوم پزشکی شهید بهشتی - تهران,نامشخص,kanoon
1404,تجربی,4598,1019,منطقه 3,پزشکی,دانشگاه علوم پزشکی کرمانشاه,نامشخص,kanoon
1404,تجربی,2194,1021,منطقه 2,پزشکی,دانشگاه علوم پزشکی تبریز,نامشخص,kanoon
1404,تجربی,2194,1021,منطقه 2,دندانپزشکی,دانشگاه علوم پزشکی کردستان - سنندج,نامشخص,kanoon
1404,تجربی,4608,1021,منطقه 3,پزشکی,دانشگاه علوم پزشکی ارومیه,نامشخص,kanoon
1404,تجربی,3092,1023,منطقه 1,پزشکی,دانشگاه آزاداسلامی-واحدپزشکی تهران,آزاد,kanoon
1404,تجربی,3092,1023,منطقه 1,دندانپزشکی,دانشگاه علوم پزشکی اصفهان,نامشخص,kanoon
1404,تجربی,4618,1023,منطقه 3,داروسازی,دانشگاه علوم پزشکی مازندران - ساری,نامشخص,kanoon
1404,تجربی,2199,1024,منطقه 2,پزشکی,دانشگاه علوم پزشکی البرز - کرج,روزانه,sajad
1404,تجربی,2204,1026,منطقه 2,دندانپزشکی,دانشگاه علوم پزشکی کردستان - سنندج,نامشخص,kanoon
1404,تجربی,2208,1028,منطقه 2,پزشکی,دانشگاه علوم پزشکی گیلان - رشت,نامشخص,kanoon
1404,تجربی,3108,1030,منطقه 1,پزشکی,دانشگاه علوم پزشکی تبریز,شهریه‌پرداز,sajad
1404,تجربی,4645,1031,منطقه 3,داروسازی,دانشگاه علوم پزشکی شهید بهشتی - تهران,نامشخص,kanoon
1404,تجربی,4645,1031,منطقه 3,داروسازی,دانشگاه علوم پزشکی کرمان,نامشخص,kanoon
1404,تجربی,3114,1032,منطقه 1,داروسازی,دانشگاه علوم پزشکی ایران,نامشخص,kanoon
1404,تجربی,4654,1034,منطقه 3,دندانپزشکی,دانشگاه علوم پزشکی شیراز,نامشخص,kanoon
1404,تجربی,2228,1035,منطقه 2,پزشکی,دانشگاه علوم پزشکی البرز - کرج,نامشخص,kanoon
1404,تجربی,,1036,منطقه 3,پزشکی,دانشگاه علوم پزشکی اردبیل,نامشخص,sibtorsh
1404,تجربی,4661,1036,منطقه 3,پزشکی,دانشگاه علوم پزشکی اردبیل,نامشخص,kanoon
1404,تجربی,3126,1037,منطقه 1,پزشکی,دانشگاه علوم پزشکی خراسان شمالی - بجنورد,نامشخص,kanoon
1404,تجربی,2236,1040,منطقه 2,دندانپزشکی,دانشگاه علوم پزشکی کرمانشاه,شهریه پرداز,kanoon
1404,تجربی,4672,1040,منطقه 3,پزشکی,دانشگاه علوم پزشکی البرز - کرج,نامشخص,kanoon
1404,تجربی,3133,1041,منطقه 1,داروسازی,دانشگاه علوم پزشکی ایران,نامشخص,kanoon
1404,تجربی,4684,1044,منطقه 3,پزشکی,دانشگاه علوم پزشکی ارومیه,نامشخص,kanoon
1404,تجربی,4684,1044,منطقه 3,دندانپزشکی,دانشگاه آزاداسلامی-واحدپزشکی تهران,آزاد,kanoon
1404,تجربی,2248,1045,منطقه 2,پزشکی,دانشگاه علوم پزشکی تبریز,نامشخص,kanoon
1404,تجربی,,1047,منطقه 3,پزشکی,دانشگاه علوم پزشکی همدان,نامشخص,sibtorsh
1404,تجربی,4694,1047,منطقه 3,دندانپزشکی,دانشگاه علوم پزشکی تبریز,نامشخص,kanoon
1404,تجربی,2253,1048,منطقه 2,پزشکی,دانشگاه علوم پزشکی البرز - کرج,نامشخص,kanoon
1404,تجربی,3150,1049,منطقه 1,پزشکی,دانشگاه آزاداسلامی-واحدپزشکی تهران,آزاد,kanoon
1404,تجربی,4700,1049,منطقه 3,پزشکی,دانشگاه علوم پزشکی کرمان,نامشخص,kanoon
1404,تجربی,4706,1050,منطقه 3,دندانپزشکی,دانشگاه علوم پزشکی جندی شاپور اهواز,نامشخص,kanoon
1404,تجربی,2263,1052,منطقه 2,دندانپزشکی,دانشگاه علوم پزشکی رفسنجان,نامشخص,kanoon
1404,تجربی,4726,1052,منطقه 3,پزشکی,دانشگاه علوم پزشکی کرمانشاه,نامشخص,kanoon
1404,تجربی,2268,1055,منطقه 2,پزشکی,دانشگاه علوم پزشکی اصفهان,نامشخص,kanoon
1404,تجربی,4735,1055,منطقه 3,داروسازی,دانشگاه علوم پزشکی تبریز,نامشخص,kanoon
1404,تجربی,,1057,منطقه 1,پزشکی,دانشگاه علوم پزشکی مشهد,نامشخص,sibtorsh
1404,تجربی,4744,1058,منطقه 3,دندانپزشکی,دانشگاه آزاد اسلامی -واحدشیراز,آزاد,kanoon
1404,تجربی,3195,1060,منطقه 1,پزشکی,دانشگاه علوم پزشکی شهرکرد,نامشخص,kanoon
1404,تجربی,,1061,منطقه 2,دندانپزشکی,دانشگاه علوم پزشکی گیلان - رشت,نامشخص,sibtorsh
1404,تجربی,2284,1061,منطقه 2,دندانپزشکی,دانشگاه علوم پزشکی گیلان - رشت,نامشخص,kanoon
1404,تجربی,2284,1061,منطقه 2,دندانپزشکی,دانشگاه علوم پزشکی گیلان - رشت (محل تحصیل بندرانزلی),شهریه پرداز,kanoon
1404,تجربی,4751,1061,منطقه 3,پزشکی,دانشگاه علوم پزشکی ارومیه,نامشخص,kanoon
1404,تجربی,4751,1061,منطقه 3,پزشکی,دانشگاه علوم پزشکی بابل,نامشخص,kanoon
1404,تجربی,18045,1064,سهمیه 5٪,داروسازی,دانشگاه علوم پزشکی مازندران - ساری,روزانه,sajad
1404,تجربی,,1067,منطقه 3,پزشکی,دانشگاه علوم پزشکی گلستان - گرگان,نامشخص,sibtorsh
1404,تجربی,4779,1067,منطقه 3,پزشکی,دانشگاه علوم پزشکی گلستان - گرگان,نامشخص,kanoon
1404,تجربی,4779,1067,منطقه 3,پزشکی,دانشگاه علوم پزشکی یزد,نامشخص,kanoon
1404,تجربی,2296,1069,منطقه 2,پزشکی,دانشگاه شاهد - تهران(رشته های پزشکی),نامشخص,kanoon
1404,تجربی,2296,1069,منطقه 2,پزشکی,دانشگاه علوم پزشکی مشهد,نامشخص,kanoon
1404,تجربی,3216,1072,منطقه 1,دندانپزشکی,دانشگاه علوم پزشکی شهید بهشتی - تهران,نامشخص,kanoon
1404,تجربی,4795,1072,منطقه 3,پزشکی,دانشگاه علوم پزشکی جندی شاپور اهواز,نامشخص,kanoon
1404,تجربی,2307,1073,منطقه 2,دندانپزشکی,دانشگاه علوم پزشکی جندی شاپور اهواز,شهریه پرداز,kanoon
1404,تجربی,2307,1073,منطقه 2,دندانپزشکی,دانشگاه علوم پزشکی زاهدان,نامشخص,kanoon
1404,تجربی,2312,1076,منطقه 2,دندانپزشکی,دانشگاه علوم پزشکی بابل,نامشخص,kanoon
1404,تجربی,4810,1077,منطقه 3,پزشکی,دانشگاه علوم پزشکی گلستان - گرگان,نامشخص,kanoon
1404,تجربی,4810,1077,منطقه 3,دندانپزشکی,دانشگاه آزاداسلامی-واحدپزشکی تهران,آزاد,kanoon
1404,تجربی,2319,1080,منطقه 2,پزشکی,دانشگاه علوم پزشکی کرمانشاه,نامشخص,kanoon
1404,تجربی,,1082,منطقه 3,پزشکی,دانشگاه علوم پزشکی کرمانشاه,نامشخص,sibtorsh
1404,تجربی,3250,1082,منطقه 1,پزشکی,دانشگاه علوم پزشکی گیلان - رشت,نامشخص,kanoon
1404,تجربی,3250,1082,منطقه 1,دندانپزشکی,دانشگاه علوم پزشکی مشهد,نامشخص,kanoon
1404,تجربی,4825,1082,منطقه 3,داروسازی,دانشگاه علوم پزشکی مازندران - ساری,نامشخص,kanoon
1404,تجربی,4825,1082,منطقه 3,دندانپزشکی,دانشگاه آزاد اسلامی -واحدشیراز,آزاد,kanoon
1404,تجربی,2334,1084,منطقه 2,پزشکی,دانشگاه علوم پزشکی تبریز,نامشخص,kanoon
1404,تجربی,2334,1084,منطقه 2,پزشکی,دانشگاه علوم پزشکی مشهد,نامشخص,kanoon
1404,تجربی,2338,1086,منطقه 2,پزشکی,دانشگاه علوم پزشکی بابل,نامشخص,kanoon
1404,تجربی,4842,1086,منطقه 3,پزشکی,دانشگاه علوم پزشکی شهید بهشتی - تهران,شهریه پرداز,kanoon
1404,تجربی,,1093,منطقه 2,فیزیوتراپی,دانشگاه علوم توانبخشی و سلامت اجتماعی - تهران,نامشخص,sibtorsh
1404,تجربی,2353,1093,منطقه 2,دندانپزشکی,دانشگاه علوم پزشکی زاهدان,نامشخص,kanoon
1404,تجربی,4870,1094,منطقه 3,پزشکی,دانشگاه علوم پزشکی ارومیه,نامشخص,kanoon
1404,تجربی,,1095,منطقه 2,داروسازی,دانشگاه علوم پزشکی شهید صدوقی یزد,نامشخص,sibtorsh
1404,تجربی,2358,1095,منطقه 2,داروسازی,دانشگاه علوم پزشکی یزد,نامشخص,kanoon
1404,تجربی,18453,1095,سهمیه 5٪,پزشکی,دانشگاه علوم پزشکی کرمانشاه,روزانه,sajad
1404,تجربی,4881,1097,منطقه 3,پزشکی,دانشگاه علوم پزشکی یزد,نامشخص,kanoon
1404,تجربی,2365,1098,منطقه 2,پزشکی,دانشگاه علوم پزشکی تبریز,نامشخص,kanoon
1404,تجربی,2365,1098,منطقه 2,پزشکی,دانشگاه علوم پزشکی تبریز,نامشخص,kanoon
1404,تجربی,3300,1098,منطقه 1,پزشکی,دانشگاه علوم پزشکی فسا,نامشخص,kanoon
1404,تجربی,4892,1100,منطقه 3,پزشکی,دانشگاه علوم پزشکی شهید بهشتی - تهران,شهریه پرداز,kanoon
1404,تجربی,4892,1100,منطقه 3,دندانپزشکی,دانشگاه علوم پزشکی لرستان - خرم آباد,نامشخص,kanoon
1404,تجربی,2369,1101,منطقه 2,پزشکی,دانشگاه علوم پزشکی مشهد,نامشخص,kanoon
1404,تجربی,4901,1102,منطقه 3,پزشکی,دانشگاه علوم پزشکی یاسوج,نامشخص,kanoon
1404,تجربی,3319,1103,منطقه 1,پزشکی,دانشگاه علوم پزشکی تبریز(مراغه),نامشخص,kanoon
1404,تجربی,,1104,منطقه 1,پزشکی,دانشگاه شاهد - تهران,نامشخص,sibtorsh
1404,تجربی,2374,1104,منطقه 2,پزشکی,دانشگاه علوم پزشکی اصفهان,نامشخص,kanoon
1404,تجربی,2374,1104,منطقه 2,پزشکی,دانشگاه علوم پزشکی قزوین,نامشخص,kanoon
1404,تجربی,3325,1104,منطقه 1,پزشکی,دانشگاه شاهد - تهران(رشته های پزشکی),نامشخص,kanoon
1404,تجربی,4923,1105,منطقه 3,داروسازی,دانشگاه علوم پزشکی شیراز,نامشخص,kanoon
1404,تجربی,2383,1109,منطقه 2,پزشکی,دانشگاه علوم پزشکی تبریز,نامشخص,kanoon
1404,تجربی,4964,1112,منطقه 3,پزشکی,دانشگاه علوم پزشکی قزوین,نامشخص,kanoon
1404,تجربی,4964,1112,منطقه 3,پزشکی,دانشگاه علوم پزشکی قزوین,نامشخص,kanoon
1404,تجربی,2390,1113,منطقه 2,پزشکی,دانشگاه علوم پزشکی سمنان,نامشخص,kanoon
1404,تجربی,4972,1114,منطقه 3,پزشکی,دانشگاه علوم پزشکی ارومیه,نامشخص,kanoon
1404,تجربی,2401,1118,منطقه 2,دندانپزشکی,دانشگاه آزاداسلامی-واحدپزشکی تهران,آزاد,kanoon
1404,تجربی,4990,1119,منطقه 3,پزشکی,دانشگاه علوم پزشکی بیرجند,نامشخص,kanoon
1404,تجربی,4990,1119,منطقه 3,پزشکی,دانشگاه علوم پزشکی بیرجند,نامشخص,kanoon
1404,تجربی,2407,1121,منطقه 2,دندانپزشکی,دانشگاه علوم پزشکی قم,نامشخص,kanoon
1404,تجربی,2422,1124,منطقه 2,پزشکی,دانشگاه علوم پزشکی اردبیل,نامشخص,kanoon
1404,تجربی,2422,1124,منطقه 2,پزشکی,دانشگاه علوم پزشکی بیرجند,روزانه,sajad
1404,تجربی,3386,1124,منطقه 1,دندانپزشکی,دانشگاه آزاداسلامی-واحدعلوم پزشکی تبریز,آزاد,kanoon
1404,تجربی,5024,1127,منطقه 3,پزشکی,دانشگاه علوم پزشکی کاشان,نامشخص,kanoon
1404,تجربی,2441,1130,منطقه 2,پزشکی,دانشگاه علوم پزشکی شهید بهشتی - تهران,شهریه پرداز,kanoon
1404,تجربی,2441,1130,منطقه 2,پزشکی,دانشگاه علوم پزشکی کردستان - سنندج,نامشخص,kanoon
1404,تجربی,5035,1130,منطقه 3,دندانپزشکی,دانشگاه آزاد اسلامی -واحدشیراز,آزاد,kanoon
1404,تجربی,3414,1131,منطقه 1,دندانپزشکی,دانشگاه آزاد اسلامی-واحد خوراسگان --آزاد-خودگردان,آزاد,kanoon
1404,تجربی,2454,1136,منطقه 2,دندانپزشکی,دانشگاه علوم پزشکی البرز - کرج,نامشخص,kanoon
1404,تجربی,3432,1136,منطقه 1,پزشکی,دانشگاه علوم پزشکی همدان,نامشخص,kanoon
1404,تجربی,,1139,منطقه 3,پزشکی,دانشگاه علوم پزشکی شهید صدوقی یزد,نامشخص,sibtorsh
1404,تجربی,3456,1139,منطقه 1,پزشکی,دانشگاه علوم پزشکی مازندران - ساری,نامشخص,kanoon
1404,تجربی,5082,1139,منطقه 3,پزشکی,دانشگاه علوم پزشکی گلستان - گرگان,نامشخص,kanoon
1404,تجربی,5082,1139,منطقه 3,دندانپزشکی,دانشگاه آزاداسلامی-واحدپزشکی تهران,آزاد,kanoon
1404,تجربی,5082,1139,منطقه 3,دندانپزشکی,دانشگاه علوم پزشکی اردبیل,نامشخص,kanoon
1404,تجربی,2465,1141,منطقه 2,پزشکی,دانشگاه علوم پزشکی اصفهان,نامشخص,kanoon
1404,تجربی,2469,1144,منطقه 2,پزشکی,دانشگاه علوم پزشکی مازندران - ساری,نامشخص,kanoon
1404,تجربی,5093,1144,منطقه 3,پزشکی,دانشگاه علوم پزشکی بابل,نامشخص,kanoon
1404,تجربی,,1146,منطقه 2,پزشکی,دانشگاه علوم پزشکی تبریز,نامشخص,sibtorsh
1404,تجربی,3471,1146,منطقه 1,پزشکی,دانشگاه علوم پزشکی بندرعباس,نامشخص,kanoon
1404,تجربی,5102,1147,منطقه 3,پزشکی,دانشگاه علوم پزشکی همدان,نامشخص,kanoon
1404,تجربی,5102,1147,منطقه 3,پزشکی,دانشگاه علوم پزشکی همدان,نامشخص,kanoon
1404,تجربی,2482,1148,منطقه 2,فیزیوتراپی,دانشگاه علوم پزشکی تهران,نامشخص,kanoon
1404,تجربی,5110,1149,منطقه 3,پزشکی,دانشگاه علوم پزشکی همدان,نامشخص,kanoon
1404,تجربی,3488,1150,منطقه 1,پزشکی - نیمسال اول,دانشگاه آزاد اسلامی واحد پزشکی تهران,آزاد,sajad
1404,تجربی,2488,1151,منطقه 2,پزشکی,دانشگاه علوم پزشکی کرمان,نامشخص,kanoon
1404,تجربی,2496,1154,منطقه 2,پزشکی,دانشگاه علوم پزشکی گیلان - رشت,نامشخص,kanoon
1404,تجربی,2504,1156,منطقه 2,پزشکی,دانشگاه علوم پزشکی اصفهان,نامشخص,kanoon
1404,تجربی,5160,1157,منطقه 3,پزشکی,دانشگاه علوم پزشکی یزد,نامشخص,kanoon
1404,تجربی,2511,1160,منطقه 2,پزشکی,دانشگاه علوم پزشکی اصفهان,نامشخص,kanoon
1404,تجربی,5181,1162,منطقه 3,پزشکی,دانشگاه علوم پزشکی جندی شاپور اهواز,نامشخص,kanoon
1404,تجربی,2518,1163,منطقه 2,پزشکی,دانشگاه علوم پزشکی گیلان - رشت,نامشخص,kanoon
1404,تجربی,3537,1164,منطقه 1,پزشکی,دانشگاه شاهد - تهران(رشته های پزشکی),نامشخص,kanoon
1404,تجربی,2525,1166,منطقه 2,پزشکی,دانشگاه علوم پزشکی یزد,نامشخص,kanoon
1404,تجربی,5192,1167,منطقه 3,پزشکی,دانشگاه علوم پزشکی زنجان,نامشخص,kanoon
1404,تجربی,2533,1170,منطقه 2,پزشکی,دانشگاه علوم پزشکی قم,نامشخص,kanoon
1404,تجربی,3568,1171,منطقه 1,پزشکی,دانشگاه علوم پزشکی یزد,نامشخص,kanoon
1404,تجربی,2539,1173,منطقه 2,پزشکی,دانشگاه علوم پزشکی کاشان,نامشخص,kanoon
1404,تجربی,5216,1174,منطقه 3,پزشکی,دانشگاه علوم پزشکی گلستان - گرگان,نامشخص,kanoon
1404,تجربی,2549,1178,منطقه 2,پزشکی,دانشگاه علوم پزشکی کرمانشاه,نامشخص,kanoon
1404,تجربی,5248,1180,منطقه 3,پزشکی,دانشگاه علوم پزشکی کردستان - سنندج,نامشخص,kanoon
1404,تجربی,2553,1181,منطقه 2,پزشکی,دانشگاه علوم پزشکی اصفهان,نامشخص,kanoon
1404,تجربی,2553,1181,منطقه 2,پزشکی,دانشگاه علوم پزشکی جندی شاپور اهواز,نامشخص,kanoon
1404,تجربی,2553,1181,منطقه 2,دندانپزشکی,دانشگاه علوم پزشکی جندی شاپور اهواز,نامشخص,kanoon
1404,تجربی,3606,1182,منطقه 1,پزشکی,دانشگاه علوم پزشکی جهرم,نامشخص,kanoon
1404,تجربی,5264,1183,منطقه 3,دندانپزشکی,دانشگاه آزاداسلامی-واحدعلوم پزشکی تبریز,آزاد,kanoon
1404,تجربی,5272,1185,منطقه 3,دندانپزشکی,دانشگاه آزاداسلامی-واحدپزشکی تهران,آزاد,kanoon
1404,تجربی,2565,1186,منطقه 2,پزشکی,دانشگاه علوم پزشکی تبریز,نامشخص,kanoon
1404,تجربی,2565,1186,منطقه 2,پزشکی,دانشگاه علوم پزشکی کاشان,نامشخص,kanoon
1404,تجربی,3620,1187,منطقه 1,دندانپزشکی,دانشگاه آزاد اسلامی-واحد خوراسگان --آزاد-خودگردان,آزاد,kanoon
1404,تجربی,5280,1187,منطقه 3,پزشکی,دانشگاه علوم پزشکی کردستان - سنندج,نامشخص,kanoon
1404,تجربی,2572,1190,منطقه 2,پزشکی,دانشگاه علوم پزشکی اصفهان,نامشخص,kanoon
1404,تجربی,3628,1190,منطقه 1,پزشکی,دانشگاه آزاداسلامی-واحدپزشکی تهران,آزاد,kanoon
1404,تجربی,2584,1194,منطقه 2,پزشکی,دانشگاه علوم پزشکی اصفهان,نامشخص,kanoon
1404,تجربی,2587,1195,منطقه 2,پزشکی,دانشگاه علوم پزشکی اصفهان,نامشخص,kanoon
1404,تجربی,2587,1195,منطقه 2,پزشکی,دانشگاه علوم پزشکی گیلان - رشت,نامشخص,kanoon
1404,تجربی,2591,1197,منطقه 2,پزشکی,دانشگاه علوم پزشکی شهید بهشتی - تهران,شهریه پرداز,kanoon
1404,تجربی,3662,1197,منطقه 1,پزشکی,دانشگاه شاهد - تهران(رشته های پزشکی),نامشخص,kanoon
1404,تجربی,2610,1198,منطقه 2,دندانپزشکی,دانشگاه علوم پزشکی کرمانشاه,نامشخص,kanoon
1404,تجربی,,1200,منطقه 3,دندانپزشکی,دانشگاه آزاد اسلامی واحد پزشکی تهران,آزاد,sibtorsh
1404,تجربی,5337,1201,منطقه 3,پزشکی,دانشگاه علوم پزشکی جندی شاپور اهواز,نامشخص,kanoon
1404,تجربی,5337,1201,منطقه 3,پزشکی,دانشگاه علوم پزشکی شهید بهشتی - تهران,شهریه پرداز,kanoon
1404,تجربی,2602,1203,منطقه 2,پزشکی,دانشگاه علوم پزشکی تبریز,نامشخص,kanoon
1404,تجربی,3687,1204,منطقه 1,پزشکی,دانشگاه علوم پزشکی بابل,نامشخص,kanoon
1404,تجربی,5362,1205,منطقه 3,پزشکی,دانشگاه علوم پزشکی کرمان,نامشخص,kanoon
1404,تجربی,5368,1207,منطقه 3,داروسازی,دانشگاه علوم پزشکی کرمانشاه,نامشخص,kanoon
1404,تجربی,5368,1207,منطقه 3,دندانپزشکی,دانشگاه علوم پزشکی کردستان - سنندج,نامشخص,kanoon
1404,تجربی,2616,1208,منطقه 2,پزشکی,دانشگاه علوم پزشکی اراک,نامشخص,kanoon
1404,تجربی,,1209,منطقه 3,پزشکی,دانشگاه علوم پزشکی گیلان - رشت,نامشخص,sibtorsh
1404,تجربی,3696,1209,منطقه 1,پزشکی,دانشگاه علوم پزشکی فسا,نامشخص,kanoon
1404,تجربی,122196,1209,سهمیه 25٪,پزشکی,دانشگاه آزاد اسلامی واحد اهواز,آزاد خودگردان,sajad
1404,تجربی,5399,1211,منطقه 3,دندانپزشکی,دانشگاه آزاداسلامی-واحدعلوم پزشکی تبریز,آزاد,kanoon
1404,تجربی,2627,1213,منطقه 2,پزشکی,دانشگاه علوم پزشکی همدان,نامشخص,kanoon
1404,تجربی,2627,1213,منطقه 2,داروسازی,دانشگاه علوم پزشکی گیلان - رشت,نامشخص,kanoon
1404,تجربی,2627,1213,منطقه 2,دندانپزشکی,دانشگاه آزاداسلامی-واحدپزشکی تهران,آزاد,kanoon
1404,تجربی,5412,1213,منطقه 3,پزشکی,دانشگاه علوم پزشکی اردبیل,نامشخص,kanoon
1404,تجربی,5422,1215,منطقه 3,پزشکی,دانشگاه علوم پزشکی کرمانشاه,نامشخص,kanoon
1404,تجربی,2634,1218,منطقه 2,پزشکی,دانشگاه علوم پزشکی گیلان - رشت,نامشخص,kanoon
1404,تجربی,5453,1220,منطقه 3,پزشکی,دانشگاه علوم پزشکی گلستان - گرگان,نامشخص,kanoon
1404,تجربی,5453,1220,منطقه 3,پزشکی,دانشگاه علوم پزشکی همدان,نامشخص,kanoon
1404,تجربی,5453,1220,منطقه 3,داروسازی,دانشگاه علوم پزشکی تبریز,نامشخص,kanoon
1404,تجربی,2639,1222,منطقه 2,پزشکی,دانشگاه علوم پزشکی اردبیل,نامشخص,kanoon
1404,تجربی,2639,1222,منطقه 2,پزشکی,دانشگاه علوم پزشکی مازندران - ساری,نامشخص,kanoon
1404,تجربی,3739,1222,منطقه 1,پزشکی,دانشگاه آزاداسلامی-واحدمشهد,آزاد,kanoon
1404,تجربی,3739,1222,منطقه 1,دندانپزشکی,دانشگاه علوم پزشکی شهید بهشتی - تهران,نامشخص,kanoon
1404,تجربی,,1225,منطقه 2,پزشکی,دانشگاه علوم پزشکی قزوین,نامشخص,sibtorsh
1404,تجربی,3752,1228,منطقه 1,پزشکی,دانشگاه علوم پزشکی گیلان - رشت,نامشخص,kanoon
1404,تجربی,2659,1229,منطقه 2,پزشکی,دانشگاه علوم پزشکی البرز - کرج,نامشخص,kanoon
1404,تجربی,,1230,منطقه 3,پزشکی,دانشگاه علوم پزشکی زنجان,نامشخص,sibtorsh
1404,تجربی,2667,1232,منطقه 2,پزشکی,دانشگاه علوم پزشکی قم,نامشخص,kanoon
1404,تجربی,3782,1234,منطقه 1,پزشکی,دانشگاه آزاداسلامی-واحدپزشکی تهران,آزاد,kanoon
1404,تجربی,5513,1234,منطقه 3,پزشکی,دانشگاه علوم پزشکی جندی شاپور اهواز,نامشخص,kanoon
1404,تجربی,5513,1234,منطقه 3,پزشکی,دانشگاه علوم پزشکی جندی شاپور اهواز,روزانه,sajad
1404,تجربی,2673,1237,منطقه 2,دندانپزشکی,دانشگاه آزاداسلامی-واحدپزشکی تهران,آزاد,kanoon
1404,تجربی,5523,1239,منطقه 3,پزشکی,دانشگاه علوم پزشکی سمنان,نامشخص,kanoon
1404,تجربی,5523,1239,منطقه 3,داروسازی,دانشگاه علوم پزشکی شهید بهشتی - تهران,نامشخص,kanoon
1404,تجربی,5530,1242,منطقه 3,دندانپزشکی,دانشگاه علوم پزشکی تبریز,نامشخص,kanoon
1404,تجربی,5530,1242,منطقه 3,دندانپزشکی,دانشگاه علوم پزشکی تبریز,تعهدی,sajad
1404,تجربی,2693,1246,منطقه 2,داروسازی,دانشگاه علوم پزشکی شهید بهشتی - تهران,نامشخص,kanoon
1404,تجربی,3833,1246,منطقه 1,داروسازی,دانشگاه علوم پزشکی تبریز,نامشخص,kanoon
1404,تجربی,5553,1247,منطقه 3,پزشکی,دانشگاه علوم پزشکی بوشهر,نامشخص,kanoon
1404,تجربی,3842,1248,منطقه 1,دندانپزشکی,دانشگاه علوم پزشکی شهید بهشتی - تهران,نامشخص,kanoon
1404,تجربی,3850,1250,منطقه 1,دندانپزشکی,دانشگاه علوم پزشکی شهید بهشتی - تهران,نامشخص,kanoon
1404,تجربی,,1252,منطقه 3,پزشکی,دانشگاه علوم پزشکی اراک,نامشخص,sibtorsh
1404,تجربی,2704,1253,منطقه 2,پزشکی,دانشگاه علوم پزشکی همدان,نامشخص,kanoon
1404,تجربی,124000,1255,سهمیه 25٪,پزشکی,دانشگاه آزاد اسلامی واحد یزد,آزاد خودگردان,sajad
1404,تجربی,2710,1256,منطقه 2,پزشکی,دانشگاه علوم پزشکی کردستان - سنندج,نامشخص,kanoon
1404,تجربی,2710,1256,منطقه 2,پزشکی,دانشگاه علوم پزشکی لرستان - خرم آباد,نامشخص,kanoon
1404,تجربی,5575,1257,منطقه 3,پزشکی,دانشگاه علوم پزشکی ایلام,نامشخص,kanoon
1404,تجربی,,1261,منطقه 2,پزشکی,دانشگاه علوم پزشکی مشهد,نامشخص,sibtorsh
1404,تجربی,2721,1261,منطقه 2,پزشکی,دانشگاه علوم پزشکی مشهد,شهریه پرداز,kanoon
1404,تجربی,3922,1261,منطقه 1,دندانپزشکی,دانشگاه آزاد اسلامی واحد بروجرد,آزاد,sajad
1404,تجربی,2755,1263,منطقه 2,پزشکی,دانشگاه علوم پزشکی کرمان,نامشخص,kanoon
1404,تجربی,5609,1263,منطقه 3,پزشکی,دانشگاه علوم پزشکی جندی شاپور اهواز,نامشخص,kanoon
1404,تجربی,2725,1264,منطقه 2,پزشکی,دانشگاه علوم پزشکی کرمان,نامشخص,kanoon
1404,تجربی,2725,1264,منطقه 2,پزشکی,دانشگاه علوم پزشکی مشهد,شهریه پرداز,kanoon
1404,تجربی,3949,1266,منطقه 1,داروسازی,دانشگاه علوم پزشکی تبریز,نامشخص,kanoon
1404,تجربی,,1267,منطقه 2,پزشکی,دانشگاه علوم پزشکی اصفهان,نامشخص,sibtorsh
1404,تجربی,2732,1267,منطقه 2,پزشکی,دانشگاه علوم پزشکی اصفهان,نامشخص,kanoon
1404,تجربی,2732,1267,منطقه 2,پزشکی,دانشگاه علوم پزشکی اصفهان,نامشخص,kanoon
1404,تجربی,2732,1267,منطقه 2,پزشکی,دانشگاه علوم پزشکی سمنان,نامشخص,kanoon
1404,تجربی,2756,1273,منطقه 2,پزشکی,دانشگاه علوم پزشکی قزوین,نامشخص,kanoon
1404,تجربی,2756,1273,منطقه 2,داروسازی,دانشگاه علوم پزشکی شهید بهشتی - تهران,نامشخص,kanoon
1404,تجربی,5658,1275,منطقه 3,پزشکی,دانشگاه علوم پزشکی همدان,نامشخص,kanoon
1404,تجربی,5668,1276,منطقه 3,پزشکی,دانشگاه علوم پزشکی جهرم,نامشخص,kanoon
1404,تجربی,2767,1279,منطقه 2,دندانپزشکی,دانشگاه آزاداسلامی-واحدعلوم پزشکی تبریز,آزاد,kanoon
1404,تجربی,5687,1280,منطقه 3,پزشکی,دانشگاه علوم پزشکی جهرم,نامشخص,kanoon
1404,تجربی,5699,1283,منطقه 3,پزشکی,دانشگاه علوم پزشکی بیرجند,نامشخص,kanoon
1404,تجربی,5699,1283,منطقه 3,پزشکی,دانشگاه علوم پزشکی کردستان - سنندج,نامشخص,kanoon
1404,تجربی,2774,1284,منطقه 2,پزشکی,دانشگاه علوم پزشکی تبریز,نامشخص,kanoon
1404,تجربی,,1287,منطقه 2,پزشکی,دانشگاه علوم پزشکی البرز - کرج,نامشخص,sibtorsh
1404,تجربی,4023,1288,منطقه 1,پزشکی,دانشگاه علوم پزشکی بابل,نامشخص,kanoon
1404,تجربی,5713,1288,منطقه 3,پزشکی,دانشگاه علوم پزشکی اصفهان,نامشخص,kanoon
1404,تجربی,5713,1288,منطقه 3,دندانپزشکی,دانشگاه آزاداسلامی-واحدپزشکی تهران,آزاد,kanoon
1404,تجربی,5713,1288,منطقه 3,دندانپزشکی,دانشگاه آزاداسلامی-واحدعلوم پزشکی تبریز,آزاد,kanoon
1404,تجربی,2793,1289,منطقه 2,پزشکی,دانشگاه علوم پزشکی بابل,نامشخص,kanoon
1404,تجربی,2793,1289,منطقه 2,پزشکی,دانشگاه علوم پزشکی تبریز,نامشخص,kanoon
1404,تجربی,2797,1291,منطقه 2,پزشکی,دانشگاه علوم پزشکی اصفهان,نامشخص,kanoon
1404,تجربی,,1294,منطقه 2,پزشکی,دانشگاه علوم پزشکی کرمانشاه,نامشخص,sibtorsh
1404,تجربی,2803,1294,منطقه 2,پزشکی,دانشگاه علوم پزشکی کرمانشاه,نامشخص,kanoon
1404,تجربی,2803,1294,منطقه 2,داروسازی,دانشگاه علوم پزشکی شهید بهشتی - تهران,نامشخص,kanoon
1404,تجربی,,1297,منطقه 3,دندانپزشکی,دانشگاه علوم پزشکی شهرکرد,نامشخص,sibtorsh
1404,تجربی,5736,1297,منطقه 3,پزشکی,دانشگاه علوم پزشکی ایران,شهریه پرداز,kanoon
1404,تجربی,5736,1297,منطقه 3,دندانپزشکی,دانشگاه علوم پزشکی شهرکرد,نامشخص,kanoon
1404,تجربی,2811,1298,منطقه 2,دندانپزشکی,دانشگاه آزاداسلامی-واحدپزشکی تهران,آزاد,kanoon
1404,تجربی,4061,1298,منطقه 1,پزشکی,دانشگاه علوم پزشکی ارومیه,نامشخص,kanoon
1404,تجربی,5746,1299,منطقه 3,پزشکی,دانشگاه علوم پزشکی اصفهان,شهریه پرداز,kanoon
1404,تجربی,2817,1301,منطقه 2,پزشکی,دانشگاه علوم پزشکی البرز - کرج,نامشخص,kanoon
1404,تجربی,2817,1301,منطقه 2,دندانپزشکی,دانشگاه علوم پزشکی شهرکرد,نامشخص,kanoon
1404,تجربی,,1306,منطقه 1,دندانپزشکی,نامشخص,نامشخص,sibtorsh
1404,تجربی,5772,1307,منطقه 3,پزشکی,دانشگاه علوم پزشکی فسا,نامشخص,kanoon
1404,تجربی,2830,1308,منطقه 2,دندانپزشکی,دانشگاه آزاداسلامی-واحدپزشکی تهران,آزاد,kanoon
1404,تجربی,,1312,منطقه 3,پزشکی,دانشگاه علوم پزشکی زنجان,نامشخص,sibtorsh
1404,تجربی,5794,1312,منطقه 3,پزشکی,دانشگاه علوم پزشکی گلستان - گرگان,نامشخص,kanoon
1404,تجربی,2843,1315,منطقه 2,پزشکی,دانشگاه علوم پزشکی اصفهان,نامشخص,kanoon
1404,تجربی,2843,1315,منطقه 2,دندانپزشکی,دانشگاه علوم پزشکی مشهد,نامشخص,kanoon
1404,تجربی,4100,1315,منطقه 1,پزشکی,دانشگاه علوم پزشکی شهرکرد,نامشخص,kanoon
1404,تجربی,4100,1315,منطقه 1,پزشکی,دانشگاه علوم پزشکی کرمان,نامشخص,kanoon
1404,تجربی,5816,1318,منطقه 3,پزشکی,دانشگاه علوم پزشکی تبریز,شهریه پرداز,kanoon
1404,تجربی,5816,1318,منطقه 3,پزشکی,دانشگاه علوم پزشکی سمنان,نامشخص,kanoon
1404,تجربی,5827,1320,منطقه 3,پزشکی,دانشگاه علوم پزشکی جندی شاپور اهواز,نامشخص,kanoon
1404,تجربی,5835,1321,منطقه 3,پزشکی,دانشگاه علوم پزشکی تبریز,شهریه‌پرداز,sajad
1404,تجربی,5851,1324,منطقه 3,داروسازی,دانشگاه علوم پزشکی شیراز,نامشخص,kanoon
1404,تجربی,5860,1326,منطقه 3,پزشکی,دانشگاه علوم پزشکی کرمان,نامشخص,kanoon
1404,تجربی,5860,1326,منطقه 3,داروسازی,دانشگاه علوم پزشکی ایران,نامشخص,kanoon
1404,تجربی,21539,1327,سهمیه 5٪,فیزیوتراپی,دانشگاه علوم پزشکی شیراز,پردیس,sajad
1404,تجربی,5879,1329,منطقه 3,پزشکی,دانشگاه علوم پزشکی بابل,نامشخص,kanoon
1404,تجربی,4152,1331,منطقه 1,داروسازی,دانشگاه علوم پزشکی مشهد,نامشخص,kanoon
1404,تجربی,2886,1336,منطقه 2,پزشکی,دانشگاه علوم پزشکی کرمانشاه,نامشخص,kanoon
1404,تجربی,5936,1337,منطقه 3,پزشکی,دانشگاه علوم پزشکی زنجان,نامشخص,kanoon
1404,تجربی,4170,1339,منطقه 1,پزشکی,دانشگاه علوم پزشکی بابل,نامشخص,kanoon
1404,تجربی,2894,1340,منطقه 2,پزشکی,دانشگاه علوم پزشکی بابل,نامشخص,kanoon
1404,تجربی,2894,1340,منطقه 2,داروسازی,دانشگاه علوم پزشکی شهید بهشتی - تهران,نامشخص,kanoon
1404,تجربی,2901,1345,منطقه 2,پزشکی,دانشگاه علوم پزشکی بابل,نامشخص,kanoon
1404,تجربی,2901,1345,منطقه 2,پزشکی,دانشگاه علوم پزشکی قم,نامشخص,kanoon
1404,تجربی,5966,1345,منطقه 3,پزشکی,دانشگاه علوم پزشکی بیرجند,نامشخص,kanoon
1404,تجربی,4193,1346,منطقه 1,پزشکی,دانشگاه علوم پزشکی خراسان شمالی - بجنورد,نامشخص,kanoon
1404,تجربی,4200,1347,منطقه 1,دندانپزشکی,دانشگاه آزاداسلامی-واحدبروجرد,آزاد,kanoon
1404,تجربی,2907,1350,منطقه 2,پزشکی,دانشگاه شاهد - تهران(رشته های پزشکی),نامشخص,kanoon
1404,تجربی,4210,1350,منطقه 1,پزشکی,دانشگاه علوم پزشکی گیلان - رشت,نامشخص,kanoon
1404,تجربی,5976,1350,منطقه 3,پزشکی,دانشگاه علوم پزشکی زنجان,نامشخص,kanoon
1404,تجربی,5976,1350,منطقه 3,دندانپزشکی,دانشگاه علوم پزشکی همدان,نامشخص,kanoon
1404,تجربی,5976,1350,منطقه 3,دندانپزشکی,دانشگاه علوم پزشکی همدان,نامشخص,kanoon
1404,تجربی,2913,1353,منطقه 2,پزشکی,دانشگاه علوم پزشکی جندی شاپور اهواز,نامشخص,kanoon
1404,تجربی,,1354,منطقه 3,داروسازی,دانشگاه علوم پزشکی ارومیه,نامشخص,sibtorsh
1404,تجربی,4224,1354,منطقه 1,پزشکی,دانشگاه علوم پزشکی کاشان,نامشخص,kanoon
1404,تجربی,5988,1354,منطقه 3,داروسازی,دانشگاه علوم پزشکی ارومیه,نامشخص,kanoon
1404,تجربی,2921,1356,منطقه 2,پزشکی,دانشکده علوم پزشکی نیشابور,نامشخص,kanoon
1404,تجربی,,1357,منطقه 3,پزشکی,دانشگاه علوم پزشکی کرمانشاه,نامشخص,sibtorsh
1404,تجربی,2933,1360,منطقه 2,پزشکی,دانشگاه علوم پزشکی یزد,نامشخص,kanoon
1404,تجربی,4254,1361,منطقه 1,پزشکی,دانشگاه علوم پزشکی جهرم,نامشخص,kanoon
1404,تجربی,4254,1361,منطقه 1,پزشکی,دانشگاه علوم پزشکی گیلان - رشت,نامشخص,kanoon
1404,تجربی,6015,1361,منطقه 3,پزشکی,دانشگاه علوم پزشکی سمنان,نامشخص,kanoon
1404,تجربی,6015,1361,منطقه 3,پزشکی,دانشگاه علوم پزشکی کرمانشاه,نامشخص,kanoon
1404,تجربی,6015,1361,منطقه 3,پزشکی,دانشگاه علوم پزشکی کرمانشاه,نامشخص,kanoon
1404,تجربی,6015,1361,منطقه 3,پزشکی,دانشگاه علوم پزشکی مازندران - ساری,نامشخص,kanoon
1404,تجربی,6027,1365,منطقه 3,پزشکی,دانشگاه علوم پزشکی کردستان - سنندج,نامشخص,kanoon
1404,تجربی,2944,1366,منطقه 2,پزشکی,دانشگاه علوم پزشکی قزوین,نامشخص,kanoon
1404,تجربی,6038,1367,منطقه 3,پزشکی,دانشگاه علوم پزشکی گلستان - گرگان,نامشخص,kanoon
1404,تجربی,4282,1370,منطقه 1,دندانپزشکی,دانشگاه علوم پزشکی تهران,نامشخص,kanoon
1404,تجربی,6052,1371,منطقه 3,پزشکی,دانشگاه علوم پزشکی اردبیل,نامشخص,kanoon
1404,تجربی,2956,1372,منطقه 2,پزشکی,دانشگاه علوم پزشکی سمنان,نامشخص,kanoon
1404,تجربی,6063,1375,منطقه 3,پزشکی,دانشگاه علوم پزشکی یزد,نامشخص,kanoon
1404,تجربی,2969,1378,منطقه 2,پزشکی,دانشگاه علوم پزشکی ارومیه,نامشخص,kanoon
1404,تجربی,4304,1378,منطقه 1,پزشکی,دانشگاه آزاداسلامی-واحدپزشکی تهران,آزاد,kanoon
1404,تجربی,6073,1378,منطقه 3,پزشکی,دانشگاه علوم پزشکی زنجان,نامشخص,kanoon
1404,تجربی,2975,1381,منطقه 2,پزشکی,دانشگاه علوم پزشکی اردبیل,نامشخص,kanoon
1404,تجربی,,1386,منطقه 1,پزشکی,دانشگاه علوم پزشکی همدان,نامشخص,sibtorsh
1404,تجربی,,1387,منطقه 3,پزشکی,دانشگاه علوم پزشکی خراسان شمالی - بجنورد,نامشخص,sibtorsh
1404,تجربی,2989,1387,منطقه 2,داروسازی,دانشگاه علوم پزشکی ایران,نامشخص,kanoon
1404,تجربی,2996,1389,منطقه 2,پزشکی,دانشگاه علوم پزشکی مازندران - ساری,نامشخص,kanoon
1404,تجربی,3005,1391,منطقه 2,پزشکی,دانشگاه علوم پزشکی گیلان - رشت,نامشخص,kanoon
1404,تجربی,6127,1392,منطقه 3,پزشکی,دانشگاه علوم پزشکی همدان,نامشخص,kanoon
1404,تجربی,6127,1392,منطقه 3,داروسازی,دانشگاه علوم پزشکی البرز - کرج,نامشخص,kanoon
1404,تجربی,3010,1393,منطقه 2,پزشکی,دانشگاه علوم پزشکی گیلان - رشت,نامشخص,kanoon
1404,تجربی,3010,1393,منطقه 2,داروسازی,دانشگاه علوم پزشکی مشهد,نامشخص,kanoon
1404,تجربی,4374,1395,منطقه 1,داروسازی,دانشگاه علوم پزشکی مشهد,نامشخص,kanoon
1404,تجربی,4374,1395,منطقه 1,دندانپزشکی,دانشگاه علوم پزشکی شهید بهشتی - تهران,نامشخص,kanoon
1404,تجربی,6140,1397,منطقه 3,پزشکی,دانشگاه علوم پزشکی بیرجند,نامشخص,kanoon
1404,تجربی,3018,1398,منطقه 2,داروسازی,دانشگاه علوم پزشکی ایران,نامشخص,kanoon
1404,تجربی,6148,1399,منطقه 3,داروسازی,دانشگاه علوم پزشکی تبریز,نامشخص,kanoon
1404,تجربی,4398,1400,منطقه 1,پزشکی,دانشگاه آزاداسلامی-واحدپزشکی تهران,آزاد,kanoon
1404,تجربی,,1402,منطقه 2,دندانپزشکی,دانشگاه علوم پزشکی تبریز,نامشخص,sibtorsh
1404,تجربی,3024,1402,منطقه 2,پزشکی,دانشگاه شاهد - تهران(رشته های پزشکی),نامشخص,kanoon
1404,تجربی,3024,1402,منطقه 2,پزشکی,دانشگاه علوم پزشکی مازندران - ساری,نامشخص,kanoon
1404,تجربی,3024,1402,منطقه 2,دندانپزشکی,دانشگاه علوم پزشکی تبریز,نامشخص,kanoon
1404,تجربی,3024,1402,منطقه 2,دندانپزشکی,دانشگاه علوم پزشکی زاهدان,نامشخص,kanoon
1404,تجربی,6156,1402,منطقه 3,داروسازی,دانشگاه علوم پزشکی شهید بهشتی - تهران,شهریه پرداز,kanoon
1404,تجربی,,1404,منطقه 3,پزشکی,دانشگاه علوم پزشکی کرمانشاه,نامشخص,sibtorsh
1404,تجربی,6166,1404,منطقه 3,پزشکی,دانشگاه علوم پزشکی کرمانشاه,نامشخص,kanoon
1404,تجربی,3034,1407,منطقه 2,پزشکی,دانشگاه علوم پزشکی مازندران - ساری,نامشخص,kanoon
1404,تجربی,3034,1407,منطقه 2,دندانپزشکی,دانشگاه علوم پزشکی تهران,نامشخص,kanoon
1404,تجربی,4436,1408,منطقه 1,دندانپزشکی,دانشگاه علوم پزشکی اصفهان,نامشخص,kanoon
1404,تجربی,3042,1411,منطقه 2,دندانپزشکی,دانشگاه آزاد اسلامی-واحد خوراسگان,آزاد,kanoon
1404,تجربی,4442,1411,منطقه 1,دندانپزشکی,دانشگاه علوم پزشکی شیراز,نامشخص,kanoon
1404,تجربی,6194,1411,منطقه 3,پزشکی,دانشگاه علوم پزشکی همدان,نامشخص,kanoon
1404,تجربی,3050,1414,منطقه 2,پزشکی,دانشگاه علوم پزشکی قم,نامشخص,kanoon
1404,تجربی,3050,1414,منطقه 2,دندانپزشکی,دانشگاه آزاداسلامی-واحدپزشکی تهران,آزاد,kanoon
1404,تجربی,,1416,منطقه 3,دندانپزشکی,دانشگاه علوم پزشکی کردستان - سنندج,نامشخص,sibtorsh
1404,تجربی,,1416,منطقه 3,فیزیوتراپی,دانشگاه علوم توانبخشی و سلامت اجتماعی - تهران,نامشخص,sibtorsh
1404,تجربی,4462,1416,منطقه 1,پزشکی,دانشگاه علوم پزشکی شهرکرد,نامشخص,kanoon
1404,تجربی,6213,1416,منطقه 3,پزشکی,دانشگاه علوم پزشکی کرمان,نامشخص,kanoon
1404,تجربی,6213,1416,منطقه 3,دندانپزشکی,دانشگاه علوم پزشکی کردستان - سنندج,نامشخص,kanoon
1404,تجربی,3055,1417,منطقه 2,پزشکی,دانشگاه علوم پزشکی کرمان,نامشخص,kanoon
1404,تجربی,3061,1421,منطقه 2,پزشکی,دانشگاه علوم پزشکی همدان,نامشخص,kanoon
1404,تجربی,4507,1424,منطقه 1,دندانپزشکی,دانشگاه علوم پزشکی شیراز,نامشخص,kanoon
1404,تجربی,6254,1424,منطقه 3,پزشکی,دانشگاه علوم پزشکی جهرم,نامشخص,kanoon
1404,تجربی,4517,1426,منطقه 1,پزشکی,دانشگاه علوم پزشکی قزوین,نامشخص,kanoon
1404,تجربی,4529,1429,منطقه 1,پزشکی,دانشگاه علوم پزشکی فسا,نامشخص,kanoon
1404,تجربی,3092,1430,منطقه 2,پزشکی,دانشگاه علوم پزشکی قم,نامشخص,kanoon
1404,تجربی,3092,1430,منطقه 2,پزشکی,دانشگاه علوم پزشکی همدان,نامشخص,kanoon
1404,تجربی,3101,1432,منطقه 2,دندانپزشکی,دانشگاه علوم پزشکی قم,نامشخص,kanoon
1404,تجربی,6287,1432,منطقه 3,پزشکی,دانشگاه علوم پزشکی کرمانشاه,نامشخص,kanoon
1404,تجربی,3108,1433,منطقه 2,پزشکی,دانشگاه شاهد - تهران(رشته های پزشکی),نامشخص,kanoon
1404,تجربی,3108,1433,منطقه 2,پزشکی,دانشگاه علوم پزشکی گیلان - رشت,نامشخص,kanoon
1404,تجربی,4543,1434,منطقه 1,پزشکی,دانشگاه علوم پزشکی قزوین,نامشخص,kanoon
1404,تجربی,4543,1434,منطقه 1,دندانپزشکی,دانشگاه علوم پزشکی تبریز,نامشخص,kanoon
1404,تجربی,3114,1435,منطقه 2,داروسازی,دانشگاه علوم پزشکی شهید بهشتی - تهران,نامشخص,kanoon
1404,تجربی,3118,1435,منطقه 2,پزشکی,دانشگاه علوم پزشکی کرمانشاه,نامشخص,kanoon
1404,تجربی,6295,1435,منطقه 3,دندانپزشکی,دانشگاه علوم پزشکی البرز - کرج,نامشخص,kanoon
1404,تجربی,3118,1436,منطقه 2,پزشکی,دانشگاه علوم پزشکی شاهرود,نامشخص,kanoon
1404,تجربی,4555,1438,منطقه 1,دندانپزشکی,دانشگاه علوم پزشکی ارتش جمهوری اسلامی ایران,نامشخص,kanoon
1404,تجربی,3126,1439,منطقه 2,داروسازی,دانشگاه علوم پزشکی ایران,نامشخص,kanoon
1404,تجربی,4566,1441,منطقه 1,دندانپزشکی,دانشگاه علوم پزشکی تهران,نامشخص,kanoon
1404,تجربی,6315,1441,منطقه 3,پزشکی,دانشگاه علوم پزشکی جندی شاپور اهواز,نامشخص,kanoon
1404,تجربی,,1443,منطقه 2,دندانپزشکی,دانشگاه علوم پزشکی جندی شاپور اهواز,نامشخص,sibtorsh
1404,تجربی,6322,1446,منطقه 3,پزشکی,دانشگاه علوم پزشکی دزفول,نامشخص,kanoon
1404,تجربی,6332,1446,منطقه 3,پزشکی,دانشگاه علوم پزشکی کرمان,نامشخص,kanoon
1404,تجربی,3150,1449,منطقه 2,پزشکی,دانشگاه علوم پزشکی بابل,نامشخص,kanoon
1404,تجربی,4591,1449,منطقه 1,پزشکی,دانشگاه علوم پزشکی همدان,نامشخص,kanoon
1404,تجربی,6344,1449,منطقه 3,پزشکی,دانشگاه علوم پزشکی جهرم,نامشخص,kanoon
1404,تجربی,6344,1449,منطقه 3,پزشکی,دانشگاه علوم پزشکی گیلان - رشت,نامشخص,kanoon
1404,تجربی,3156,1452,منطقه 2,پزشکی,دانشگاه علوم پزشکی مازندران - ساری,نامشخص,kanoon
1404,تجربی,6355,1452,منطقه 3,پزشکی,دانشگاه علوم پزشکی کرمانشاه,نامشخص,kanoon
1404,تجربی,4598,1453,منطقه 1,داروسازی,دانشگاه علوم پزشکی مشهد,شهریه پرداز,kanoon
1404,تجربی,4598,1453,منطقه 1,دندانپزشکی,دانشگاه علوم پزشکی شیراز,نامشخص,kanoon
1404,تجربی,6364,1453,منطقه 3,پزشکی,دانشگاه علوم پزشکی تبریز,شهریه پرداز,kanoon
1404,تجربی,3165,1455,منطقه 2,پزشکی,دانشگاه علوم پزشکی مازندران - ساری,نامشخص,kanoon
1404,تجربی,3165,1455,منطقه 2,دندانپزشکی,دانشگاه آزاداسلامی-واحدپزشکی تهران,آزاد,kanoon
1404,تجربی,4608,1456,منطقه 1,پزشکی,دانشگاه علوم پزشکی جهرم,نامشخص,kanoon
1404,تجربی,4608,1456,منطقه 1,پزشکی,دانشگاه علوم پزشکی قزوین,نامشخص,kanoon
1404,تجربی,3169,1458,منطقه 2,پرستاری,دانشکده علوم پزشکی و خدمات بهداشتی درمانی غرب استان هرمزگان - بندرلنگه,شهریه پرداز,kanoon
1404,تجربی,3169,1458,منطقه 2,پزشکی,دانشگاه علوم پزشکی اردبیل,نامشخص,kanoon
1404,تجربی,3169,1458,منطقه 2,پزشکی,دانشگاه علوم پزشکی کرمان,نامشخص,kanoon
1404,تجربی,3169,1458,منطقه 2,داروسازی,دانشگاه علوم پزشکی ایران,نامشخص,kanoon
1404,تجربی,6382,1458,منطقه 3,پزشکی,دانشگاه علوم پزشکی جندی شاپور اهواز,نامشخص,kanoon
1404,تجربی,3176,1462,منطقه 2,پزشکی,دانشگاه علوم پزشکی مازندران - ساری,نامشخص,kanoon
1404,تجربی,23177,1466,سهمیه 5٪,پزشکی,دانشگاه علوم پزشکی زنجان,روزانه,sajad
1404,تجربی,,1471,منطقه 3,پزشکی,دانشگاه علوم پزشکی کردستان - سنندج,نامشخص,sibtorsh
1404,تجربی,3189,1471,منطقه 2,پزشکی,دانشگاه علوم پزشکی شهرکرد,نامشخص,kanoon
1404,تجربی,6420,1471,منطقه 3,پزشکی,دانشگاه علوم پزشکی بوشهر,نامشخص,kanoon
1404,تجربی,6420,1471,منطقه 3,پزشکی,دانشگاه علوم پزشکی کردستان - سنندج,نامشخص,kanoon
1404,تجربی,6436,1474,منطقه 3,پزشکی,دانشگاه علوم پزشکی لرستان - خرم آباد,نامشخص,kanoon
1404,تجربی,3195,1475,منطقه 2,داروسازی,دانشگاه علوم پزشکی ایران,نامشخص,kanoon
1404,تجربی,3201,1478,منطقه 2,پزشکی,دانشگاه علوم پزشکی قم,نامشخص,kanoon
1404,تجربی,4715,1478,منطقه 1,داروسازی,دانشگاه علوم پزشکی شیراز,نامشخص,kanoon
1404,تجربی,6483,1483,منطقه 3,پزشکی,دانشگاه علوم پزشکی کرمان,نامشخص,kanoon
1404,تجربی,6498,1487,منطقه 3,پزشکی,دانشگاه علوم پزشکی بابل,نامشخص,kanoon
1404,تجربی,6498,1487,منطقه 3,پزشکی,دانشگاه علوم پزشکی زنجان,نامشخص,kanoon
1404,تجربی,6498,1487,منطقه 3,داروسازی,دانشگاه علوم پزشکی مازندران - ساری,نامشخص,kanoon
1404,تجربی,6511,1490,منطقه 3,پزشکی,دانشگاه علوم پزشکی بوشهر,نامشخص,kanoon
1404,تجربی,4751,1491,منطقه 1,پزشکی,دانشگاه علوم پزشکی گلستان - گرگان,نامشخص,kanoon
1404,تجربی,4751,1491,منطقه 1,فیزیوتراپی,دانشگاه علوم پزشکی مشهد,نامشخص,kanoon
1404,تجربی,3243,1493,منطقه 2,پزشکی,دانشگاه علوم پزشکی جندی شاپور اهواز,نامشخص,kanoon
1404,تجربی,6521,1493,منطقه 3,پزشکی,دانشگاه علوم پزشکی زنجان,نامشخص,kanoon
1404,تجربی,4770,1496,منطقه 1,دندانپزشکی,دانشگاه علوم پزشکی اصفهان,نامشخص,kanoon
1404,تجربی,6529,1496,منطقه 3,پزشکی,دانشگاه علوم پزشکی کردستان - سنندج,نامشخص,kanoon
1404,تجربی,,1497,منطقه 2,دندانپزشکی,دانشگاه علوم پزشکی سمنان,نامشخص,sibtorsh
1404,تجربی,,1501,منطقه 3,دندانپزشکی,دانشگاه علوم پزشکی بیرجند,نامشخص,sibtorsh
1404,تجربی,6547,1501,منطقه 3,پزشکی,دانشگاه علوم پزشکی کردستان - سنندج,نامشخص,kanoon
1404,تجربی,6547,1501,منطقه 3,دندانپزشکی,دانشگاه علوم پزشکی بیرجند,نامشخص,kanoon
1404,تجربی,3261,1502,منطقه 2,پزشکی,دانشگاه علوم پزشکی کردستان - سنندج,نامشخص,kanoon
1404,تجربی,3261,1502,منطقه 2,داروسازی,دانشگاه علوم پزشکی همدان,نامشخص,kanoon
1404,تجربی,4787,1503,منطقه 1,دندانپزشکی,دانشگاه علوم پزشکی کاشان,نامشخص,kanoon
1404,تجربی,,1506,منطقه 3,دندانپزشکی,دانشگاه آزاد اسلامی واحد اصفهان (خوراسگان),آزاد,sibtorsh
1404,تجربی,,1506,منطقه 3,دندانپزشکی,دانشگاه علوم پزشکی ایلام,نامشخص,sibtorsh
1404,تجربی,3368,1506,منطقه 2,دندانپزشکی,دانشگاه آزاد اسلامی واحد پزشکی تهران,آزاد,sajad
1404,تجربی,6556,1506,منطقه 3,پزشکی,دانشگاه علوم پزشکی زنجان,نامشخص,kanoon
1404,تجربی,6556,1506,منطقه 3,دندانپزشکی,دانشگاه علوم پزشکی ارومیه,نامشخص,kanoon
1404,تجربی,6556,1506,منطقه 3,دندانپزشکی,دانشگاه علوم پزشکی ایلام,نامشخص,kanoon
1404,تجربی,3280,1511,منطقه 2,پزشکی,دانشگاه علوم پزشکی یزد,نامشخص,kanoon
1404,تجربی,3290,1515,منطقه 2,پزشکی,دانشگاه علوم پزشکی کاشان,نامشخص,kanoon
1404,تجربی,3290,1515,منطقه 2,پزشکی,دانشگاه علوم پزشکی همدان,نامشخص,kanoon
1404,تجربی,3290,1515,منطقه 2,فیزیوتراپی,دانشگاه علوم پزشکی شهید بهشتی - تهران,نامشخص,kanoon
1404,تجربی,6582,1518,منطقه 3,پزشکی,دانشگاه علوم پزشکی البرز - کرج,شهریه پرداز,kanoon
1404,تجربی,6583,1518,منطقه 3,پزشکی,دانشگاه علوم پزشکی اصفهان,شهریه پرداز,kanoon
1404,تجربی,6583,1518,منطقه 3,پزشکی,دانشگاه علوم پزشکی کرمانشاه,نامشخص,kanoon
1404,تجربی,6583,1518,منطقه 3,دندانپزشکی,دانشگاه علوم پزشکی جندی شاپور اهواز,نامشخص,kanoon
1404,تجربی,3300,1519,منطقه 2,پزشکی,دانشگاه علوم پزشکی کرمانشاه,نامشخص,kanoon
1404,تجربی,3306,1521,منطقه 2,پزشکی,دانشگاه علوم پزشکی مازندران - ساری,نامشخص,kanoon
1404,تجربی,6595,1521,منطقه 3,پزشکی,دانشگاه علوم پزشکی زنجان,نامشخص,kanoon
1404,تجربی,6595,1521,منطقه 3,فیزیوتراپی,دانشگاه علوم پزشکی شیراز,نامشخص,kanoon
1404,تجربی,3312,1524,منطقه 2,پزشکی,دانشگاه علوم پزشکی کرمانشاه,نامشخص,kanoon
1404,تجربی,3312,1524,منطقه 2,پزشکی,دانشگاه علوم پزشکی مازندران - ساری,نامشخص,kanoon
1404,تجربی,6607,1525,منطقه 3,پزشکی,دانشگاه علوم پزشکی تبریز(مراغه),نامشخص,kanoon
1404,تجربی,4870,1527,منطقه 1,دندانپزشکی,دانشگاه علوم پزشکی تهران,نامشخص,kanoon
1404,تجربی,3319,1529,منطقه 2,پزشکی,دانشگاه علوم پزشکی البرز - کرج,شهریه پرداز,kanoon
1404,تجربی,4892,1533,منطقه 1,پزشکی,دانشگاه علوم پزشکی ارومیه,نامشخص,kanoon
1404,تجربی,3338,1535,منطقه 2,داروسازی,دانشگاه علوم پزشکی اصفهان,نامشخص,kanoon
1404,تجربی,6635,1535,منطقه 3,پزشکی,دانشگاه علوم پزشکی جندی شاپور اهواز,شهریه پرداز,kanoon
1404,تجربی,4901,1536,منطقه 1,پزشکی,دانشگاه علوم پزشکی کاشان,نامشخص,kanoon
1404,تجربی,3350,1540,منطقه 2,پزشکی,دانشگاه علوم پزشکی اردبیل,نامشخص,kanoon
1404,تجربی,6670,1544,منطقه 3,داروسازی,دانشگاه علوم پزشکی بندرعباس,نامشخص,kanoon
1404,تجربی,4950,1548,منطقه 1,پزشکی,دانشگاه علوم پزشکی زنجان,نامشخص,kanoon
1404,تجربی,6691,1548,منطقه 3,پزشکی,دانشگاه علوم پزشکی زاهدان,نامشخص,kanoon
1404,تجربی,6691,1548,منطقه 3,پزشکی,دانشگاه علوم پزشکی همدان,نامشخص,kanoon
1404,تجربی,3374,1549,منطقه 2,پزشکی,دانشگاه علوم پزشکی گیلان - رشت,نامشخص,kanoon
1404,تجربی,3378,1551,منطقه 2,پزشکی,دانشگاه علوم پزشکی کرمانشاه,نامشخص,kanoon
1404,تجربی,6705,1553,منطقه 3,پزشکی,دانشگاه علوم پزشکی بابل,نامشخص,kanoon
1404,تجربی,6705,1553,منطقه 3,پزشکی,دانشگاه علوم پزشکی همدان,نامشخص,kanoon
1404,تجربی,4972,1554,منطقه 1,پزشکی,دانشگاه علوم پزشکی کاشان,نامشخص,kanoon
1404,تجربی,6728,1557,منطقه 3,پزشکی,دانشگاه علوم پزشکی کردستان - سنندج,نامشخص,kanoon
1404,تجربی,3397,1558,منطقه 2,پزشکی,دانشگاه علوم پزشکی قم,نامشخص,kanoon
1404,تجربی,6746,1559,منطقه 3,پزشکی,دانشگاه علوم پزشکی بابل,نامشخص,kanoon
1404,تجربی,3405,1561,منطقه 2,پزشکی,دانشگاه علوم پزشکی قم,نامشخص,kanoon
1404,تجربی,6754,1561,منطقه 3,داروسازی,دانشگاه علوم پزشکی ارومیه,نامشخص,kanoon
1404,تجربی,5013,1564,منطقه 1,پزشکی,دانشگاه علوم پزشکی ارومیه,نامشخص,kanoon
1404,تجربی,3414,1565,منطقه 2,پزشکی,دانشگاه علوم پزشکی گیلان - رشت,نامشخص,kanoon
1404,تجربی,6765,1565,منطقه 3,پزشکی,دانشگاه علوم پزشکی یزد,نامشخص,kanoon
1404,تجربی,6777,1568,منطقه 3,پزشکی,دانشگاه علوم پزشکی فسا,نامشخص,kanoon
1404,تجربی,3432,1573,منطقه 2,دندانپزشکی,دانشگاه آزاداسلامی-واحدپزشکی تهران,آزاد,kanoon
1404,تجربی,,1574,منطقه 3,پزشکی,دانشگاه علوم پزشکی قم,نامشخص,sibtorsh
1404,تجربی,6802,1574,منطقه 3,پزشکی,دانشگاه علوم پزشکی قم,نامشخص,kanoon
1404,تجربی,3440,1576,منطقه 2,پزشکی,دانشگاه آزاداسلامی-واحدپزشکی تهران --آزاد-خودگردان,آزاد,kanoon
1404,تجربی,3440,1576,منطقه 2,پزشکی,دانشگاه علوم پزشکی مازندران - ساری,نامشخص,kanoon
1404,تجربی,5059,1576,منطقه 1,پزشکی,دانشگاه علوم پزشکی یزد,نامشخص,kanoon
1404,تجربی,,1579,منطقه 3,دندانپزشکی,دانشگاه علوم پزشکی جندی شاپور اهواز,نامشخص,sibtorsh
1404,تجربی,6823,1579,منطقه 3,دندانپزشکی,دانشگاه علوم پزشکی جندی شاپور اهواز,نامشخص,kanoon
1404,تجربی,6835,1580,منطقه 3,دندانپزشکی,دانشگاه علوم پزشکی کرمانشاه,نامشخص,kanoon
1404,تجربی,3449,1583,منطقه 2,پزشکی,دانشگاه علوم پزشکی مازندران - ساری,نامشخص,kanoon
1404,تجربی,3449,1583,منطقه 2,دندانپزشکی,دانشگاه علوم پزشکی جندی شاپور اهواز,نامشخص,kanoon
1404,تجربی,3456,1588,منطقه 2,پزشکی,دانشگاه علوم پزشکی لرستان - خرم آباد,نامشخص,kanoon
1404,تجربی,6869,1589,منطقه 3,دندانپزشکی,دانشگاه علوم پزشکی اراک,نامشخص,kanoon
1404,تجربی,5125,1590,منطقه 1,دندانپزشکی,دانشگاه علوم پزشکی شیراز,نامشخص,kanoon
1404,تجربی,3462,1591,منطقه 2,پزشکی,دانشگاه علوم پزشکی قم,نامشخص,kanoon
1404,تجربی,3462,1591,منطقه 2,داروسازی,دانشگاه علوم پزشکی مشهد,نامشخص,kanoon
1404,تجربی,6883,1594,منطقه 3,پزشکی,دانشگاه علوم پزشکی بیرجند,نامشخص,kanoon
1404,تجربی,3471,1595,منطقه 2,پزشکی,دانشگاه علوم پزشکی بابل,نامشخص,kanoon
1404,تجربی,3471,1595,منطقه 2,پزشکی,دانشگاه علوم پزشکی گیلان - رشت,نامشخص,kanoon
1404,تجربی,,1599,منطقه 3,پزشکی,دانشگاه علوم پزشکی مشهد,نامشخص,sibtorsh
1404,تجربی,6914,1603,منطقه 3,پزشکی,دانشگاه علوم پزشکی زنجان,نامشخص,kanoon
1404,تجربی,3495,1607,منطقه 2,پزشکی,دانشگاه علوم پزشکی همدان,نامشخص,kanoon
1404,تجربی,5181,1609,منطقه 1,پزشکی,دانشکده علوم پزشکی نیشابور,نامشخص,kanoon
1404,تجربی,6946,1610,منطقه 3,پزشکی,دانشگاه علوم پزشکی جهرم,نامشخص,kanoon
1404,تجربی,6946,1610,منطقه 1,پزشکی,دانشگاه علوم پزشکی جهرم,روزانه,sajad
1404,تجربی,6946,1610,منطقه 3,پزشکی,دانشگاه علوم پزشکی گناباد,نامشخص,kanoon
1404,تجربی,,1611,منطقه 2,داروسازی,دانشگاه علوم پزشکی تبریز,نامشخص,sibtorsh
1404,تجربی,6955,1613,منطقه 3,دندانپزشکی,دانشگاه آزاداسلامی-واحدپزشکی تهران,آزاد,kanoon
1404,تجربی,6983,1620,منطقه 3,پزشکی,دانشکده علوم پزشکی نیشابور,نامشخص,kanoon
1404,تجربی,6983,1620,منطقه 3,پزشکی,دانشگاه علوم پزشکی زنجان,نامشخص,kanoon
1404,تجربی,3528,1621,منطقه 2,پزشکی,دانشگاه علوم پزشکی قزوین,نامشخص,kanoon
1404,تجربی,3528,1621,منطقه 2,پزشکی,دانشگاه علوم پزشکی کاشان,نامشخص,kanoon
1404,تجربی,3528,1621,منطقه 2,پزشکی,دانشگاه علوم پزشکی کرمان,نامشخص,kanoon
1404,تجربی,5237,1622,منطقه 1,پزشکی,دانشگاه علوم پزشکی شهرکرد,نامشخص,kanoon
1404,تجربی,5248,1625,منطقه 1,دندانپزشکی,دانشگاه علوم پزشکی تبریز,نامشخص,kanoon
1404,تجربی,7006,1629,منطقه 3,دندانپزشکی,دانشگاه علوم پزشکی کردستان - سنندج,نامشخص,kanoon
1404,تجربی,5272,1632,منطقه 1,فیزیوتراپی,دانشگاه علوم پزشکی مشهد,شهریه پرداز,kanoon
1404,تجربی,7021,1633,منطقه 3,پزشکی,دانشگاه علوم پزشکی ارومیه,شهریه پرداز,kanoon
1404,تجربی,7021,1633,منطقه 3,پزشکی,دانشگاه علوم پزشکی گلستان - گرگان,نامشخص,kanoon
1404,تجربی,7021,1633,منطقه 3,پزشکی,دانشگاه علوم پزشکی مشهد,شهریه پرداز,kanoon
1404,تجربی,3554,1635,منطقه 2,پزشکی,دانشگاه علوم پزشکی اردبیل,نامشخص,kanoon
1404,تجربی,3554,1635,منطقه 2,پزشکی,دانشگاه علوم پزشکی ارومیه,نامشخص,kanoon
1404,تجربی,3554,1635,منطقه 2,پزشکی,دانشگاه علوم پزشکی کرمان,نامشخص,kanoon
1404,تجربی,3554,1635,منطقه 2,داروسازی,دانشگاه علوم پزشکی زنجان,نامشخص,kanoon
1404,تجربی,7032,1637,منطقه 1,پزشکی,دانشگاه علوم پزشکی فسا,نامشخص,kanoon
1404,تجربی,3562,1639,منطقه 2,پزشکی,دانشگاه علوم پزشکی بابل,نامشخص,kanoon
1404,تجربی,7041,1640,منطقه 3,پزشکی,دانشگاه علوم پزشکی بیرجند,نامشخص,kanoon
1404,تجربی,7051,1643,منطقه 3,دندانپزشکی,دانشگاه علوم پزشکی جندی شاپور اهواز,نامشخص,kanoon
1404,تجربی,3580,1647,منطقه 2,پزشکی,دانشگاه علوم پزشکی مازندران - ساری,نامشخص,kanoon
1404,تجربی,5323,1647,منطقه 1,پزشکی,دانشگاه علوم پزشکی سمنان,نامشخص,kanoon
1404,تجربی,7074,1647,منطقه 3,پزشکی,دانشگاه علوم پزشکی کردستان - سنندج,نامشخص,kanoon
1404,تجربی,5337,1651,منطقه 1,پزشکی,دانشگاه علوم پزشکی قم,نامشخص,kanoon
1404,تجربی,25253,1651,سهمیه 5٪,داروسازی,دانشگاه علوم پزشکی زنجان,پردیس,sajad
1404,تجربی,7087,1653,منطقه 3,پزشکی,دانشگاه علوم پزشکی کردستان - سنندج,نامشخص,kanoon
1404,تجربی,7087,1653,منطقه 3,داروسازی,دانشگاه علوم پزشکی تبریز,شهریه پرداز,kanoon
1404,تجربی,5351,1656,منطقه 1,پزشکی,دانشگاه علوم پزشکی ارتش جمهوری اسلامی ایران,نامشخص,kanoon
1404,تجربی,7098,1657,منطقه 3,پزشکی,دانشگاه علوم پزشکی شهرکرد,نامشخص,kanoon
1404,تجربی,3600,1658,منطقه 2,پزشکی,دانشگاه علوم پزشکی گیلان - رشت,نامشخص,kanoon
1404,تجربی,5362,1659,منطقه 1,پزشکی,دانشگاه آزاداسلامی-واحدپزشکی تهران,آزاد,kanoon
1404,تجربی,5376,1662,منطقه 1,پزشکی,دانشگاه علوم پزشکی شهرکرد,نامشخص,kanoon
1404,تجربی,5376,1662,منطقه 1,داروسازی,دانشگاه آزاداسلامی-واحدپزشکی تهران,آزاد,kanoon
1404,تجربی,3620,1663,منطقه 2,پزشکی,دانشگاه علوم پزشکی کاشان,نامشخص,kanoon
1404,تجربی,7119,1664,منطقه 3,پزشکی,دانشگاه علوم پزشکی جهرم,نامشخص,kanoon
1404,تجربی,3628,1666,منطقه 2,دندانپزشکی,دانشگاه علوم پزشکی قم,نامشخص,kanoon
1404,تجربی,3628,1666,منطقه 2,دندانپزشکی,دانشگاه علوم پزشکی قم,نامشخص,kanoon
1404,تجربی,3628,1666,منطقه 2,دندانپزشکی,دانشگاه علوم پزشکی قم,نامشخص,kanoon
1404,تجربی,5388,1667,منطقه 1,پزشکی,دانشگاه علوم پزشکی شهرکرد,نامشخص,kanoon
1404,تجربی,7128,1667,منطقه 3,پزشکی,دانشگاه علوم پزشکی اصفهان,شهریه پرداز,kanoon
1404,تجربی,3637,1669,منطقه 2,پزشکی,دانشگاه علوم پزشکی یزد,نامشخص,kanoon
1404,تجربی,5405,1674,منطقه 1,پزشکی,دانشگاه علوم پزشکی زنجان,نامشخص,kanoon
1404,تجربی,7152,1674,منطقه 3,پزشکی,دانشگاه علوم پزشکی گلستان - گرگان,نامشخص,kanoon
1404,تجربی,3655,1677,منطقه 2,پزشکی,دانشگاه علوم پزشکی مازندران - ساری,نامشخص,kanoon
1404,تجربی,3655,1677,منطقه 2,دندانپزشکی,دانشگاه علوم پزشکی بابل,نامشخص,kanoon
1404,تجربی,7165,1678,منطقه 3,پزشکی,دانشگاه علوم پزشکی آبادان,نامشخص,kanoon
1404,تجربی,7177,1680,منطقه 3,پزشکی,دانشگاه علوم پزشکی مشهد,شهریه پرداز,kanoon
1404,تجربی,3671,1684,منطقه 2,پزشکی,دانشگاه علوم پزشکی مازندران - ساری,نامشخص,kanoon
1404,تجربی,5442,1685,منطقه 1,پزشکی,دانشگاه آزاداسلامی-واحدپزشکی تهران,آزاد,kanoon
1404,تجربی,5442,1685,منطقه 1,پزشکی,دانشگاه آزاداسلامی-واحدمشهد,آزاد,kanoon
1404,تجربی,7211,1686,منطقه 3,پزشکی,دانشگاه علوم پزشکی کرمان,نامشخص,kanoon
1404,تجربی,5453,1688,منطقه 1,داروسازی,دانشگاه علوم پزشکی تبریز,نامشخص,kanoon
1404,تجربی,5460,1691,منطقه 1,پزشکی,دانشگاه علوم پزشکی فسا,نامشخص,kanoon
1404,تجربی,3687,1692,منطقه 2,پزشکی,دانشگاه علوم پزشکی کردستان - سنندج,نامشخص,kanoon
1404,تجربی,7231,1693,منطقه 3,پزشکی,دانشگاه علوم پزشکی گلستان - گرگان,نامشخص,kanoon
1404,تجربی,3696,1695,منطقه 2,پزشکی,دانشگاه علوم پزشکی یزد,نامشخص,kanoon
1404,تجربی,3702,1698,منطقه 2,پزشکی,دانشگاه علوم پزشکی سمنان,نامشخص,kanoon
1404,تجربی,3708,1700,منطقه 2,دندانپزشکی,دانشگاه علوم پزشکی مازندران - ساری,نامشخص,kanoon
1404,تجربی,5487,1701,منطقه 1,پزشکی,دانشگاه علوم پزشکی زنجان,نامشخص,kanoon
1404,تجربی,5487,1701,منطقه 1,فیزیوتراپی,دانشگاه علوم پزشکی ایران,نامشخص,kanoon
1404,تجربی,7269,1703,منطقه 3,پزشکی,دانشگاه علوم پزشکی بندرعباس,نامشخص,kanoon
1404,تجربی,7269,1703,منطقه 3,پزشکی,دانشگاه علوم پزشکی زنجان,نامشخص,kanoon
1404,تجربی,7269,1703,منطقه 3,پزشکی,دانشگاه علوم پزشکی یاسوج,نامشخص,kanoon
1404,تجربی,3725,1705,منطقه 2,پزشکی,دانشگاه علوم پزشکی کرمانشاه,نامشخص,kanoon
1404,تجربی,5494,1705,منطقه 1,داروسازی,دانشگاه علوم پزشکی تبریز,نامشخص,kanoon
1404,تجربی,7285,1710,منطقه 3,پزشکی,دانشگاه علوم پزشکی بیرجند,نامشخص,kanoon
1404,تجربی,7285,1710,منطقه 3,پزشکی,دانشگاه علوم پزشکی کاشان,نامشخص,kanoon
1404,تجربی,7285,1710,منطقه 3,پزشکی,دانشگاه علوم پزشکی گیلان - رشت (محل تحصیل بندرانزلی),شهریه پرداز,kanoon
1404,تجربی,7285,1710,منطقه 3,پزشکی,دانشگاه علوم پزشکی همدان,نامشخص,kanoon
1404,تجربی,3739,1711,منطقه 2,پزشکی,دانشگاه علوم پزشکی سبزوار,نامشخص,kanoon
1404,تجربی,5513,1713,منطقه 1,پزشکی,دانشگاه علوم پزشکی زنجان,نامشخص,kanoon
1404,تجربی,3745,1714,منطقه 2,پزشکی,دانشگاه علوم پزشکی ارومیه,نامشخص,kanoon
1404,تجربی,3745,1714,منطقه 2,پزشکی,دانشگاه علوم پزشکی یزد,نامشخص,kanoon
1404,تجربی,3752,1717,منطقه 2,پزشکی,دانشگاه علوم پزشکی مازندران - ساری,نامشخص,kanoon
1404,تجربی,5530,1717,منطقه 1,پزشکی,دانشگاه علوم پزشکی قم,نامشخص,kanoon
1404,تجربی,7311,1721,منطقه 3,پزشکی,دانشگاه علوم پزشکی کردستان - سنندج,نامشخص,kanoon
1404,تجربی,7311,1721,منطقه 3,پزشکی,دانشگاه علوم پزشکی کرمان,شهریه پرداز,kanoon
1404,تجربی,3766,1722,منطقه 2,پزشکی,دانشگاه علوم پزشکی گیلان - رشت,نامشخص,kanoon
1404,تجربی,3766,1722,منطقه 2,پزشکی,دانشگاه علوم پزشکی یزد,نامشخص,kanoon
1404,تجربی,3766,1722,منطقه 2,پزشکی,دانشگاه علوم پزشکی یزد,نامشخص,kanoon
1404,تجربی,7321,1725,منطقه 3,پزشکی,دانشگاه علوم پزشکی دزفول,نامشخص,kanoon
1404,تجربی,7321,1725,منطقه 3,داروسازی,دانشگاه علوم پزشکی بیرجند,نامشخص,kanoon
1404,تجربی,3774,1726,منطقه 2,پزشکی,دانشگاه علوم پزشکی اردبیل,نامشخص,kanoon
1404,تجربی,5564,1727,منطقه 1,پزشکی,دانشگاه علوم پزشکی فسا,نامشخص,kanoon
1404,تجربی,5564,1727,منطقه 1,پزشکی,دانشگاه علوم پزشکی گلستان - گرگان,نامشخص,kanoon
1404,تجربی,3782,1731,منطقه 2,پزشکی,دانشگاه علوم پزشکی بابل,نامشخص,kanoon
1404,تجربی,3782,1731,منطقه 2,پزشکی,دانشگاه علوم پزشکی قم,نامشخص,kanoon
1404,تجربی,3782,1731,منطقه 2,پزشکی,دانشگاه علوم پزشکی مازندران - ساری,نامشخص,kanoon
1404,تجربی,3782,1731,منطقه 2,پزشکی,دانشگاه علوم پزشکی مازندران - ساری,نامشخص,kanoon
1404,تجربی,3782,1731,منطقه 2,داروسازی,دانشگاه علوم پزشکی مشهد,نامشخص,kanoon
1404,تجربی,7360,1736,منطقه 3,پزشکی,دانشگاه علوم پزشکی جهرم,نامشخص,kanoon
1404,تجربی,7360,1736,منطقه 3,پزشکی,دانشگاه علوم پزشکی کردستان - سنندج,نامشخص,kanoon
1404,تجربی,3790,1737,منطقه 2,پزشکی,دانشگاه علوم پزشکی گلستان - گرگان,نامشخص,kanoon
1404,تجربی,3790,1737,منطقه 2,پزشکی,دانشگاه علوم پزشکی یزد,نامشخص,kanoon
1404,تجربی,3799,1742,منطقه 2,پزشکی,دانشگاه علوم پزشکی یزد,نامشخص,kanoon
1404,تجربی,3799,1742,منطقه 2,پزشکی,دانشگاه علوم پزشکی یزد,نامشخص,kanoon
1404,تجربی,5609,1742,منطقه 1,پزشکی,دانشگاه علوم پزشکی تبریز(سراب),نامشخص,kanoon
1404,تجربی,5609,1742,منطقه 1,دندانپزشکی,دانشگاه علوم پزشکی ارتش جمهوری اسلامی ایران,نامشخص,kanoon
1404,تجربی,3806,1746,منطقه 2,پزشکی,دانشگاه علوم پزشکی تبریز,شهریه پرداز,kanoon
1404,تجربی,7403,1747,منطقه 3,داروسازی,دانشگاه علوم پزشکی ارومیه,نامشخص,kanoon
1404,تجربی,3813,1750,منطقه 2,پزشکی,دانشگاه علوم پزشکی قزوین,نامشخص,kanoon
1404,تجربی,3813,1750,منطقه 2,پزشکی,دانشگاه علوم پزشکی گیلان - رشت,نامشخص,kanoon
1404,تجربی,7415,1751,منطقه 3,دندانپزشکی,دانشگاه آزاداسلامی-واحدپزشکی تهران --آزاد-خودگردان,آزاد,kanoon
1404,تجربی,3833,1755,منطقه 2,پزشکی,دانشگاه علوم پزشکی بابل,نامشخص,kanoon
1404,تجربی,5668,1756,منطقه 1,داروسازی,دانشگاه علوم پزشکی مازندران - ساری,نامشخص,kanoon
1404,تجربی,3842,1760,منطقه 2,پزشکی,دانشگاه علوم پزشکی بابل,نامشخص,kanoon
1404,تجربی,3842,1760,منطقه 2,پزشکی,دانشگاه علوم پزشکی کرمانشاه,نامشخص,kanoon
1404,تجربی,3842,1760,منطقه 2,پزشکی,دانشگاه علوم پزشکی گیلان - رشت,نامشخص,kanoon
1404,تجربی,26511,1760,سهمیه 5٪,داروسازی,دانشگاه علوم پزشکی مازندران - پردیس رامسر,پردیس,sajad
1404,تجربی,7459,1763,منطقه 3,داروسازی,دانشگاه علوم پزشکی ارومیه,نامشخص,kanoon
1404,تجربی,7459,1763,منطقه 3,داروسازی,دانشگاه علوم پزشکی کرمانشاه,نامشخص,kanoon
1404,تجربی,3850,1765,منطقه 2,دندانپزشکی,دانشگاه آزاداسلامی-واحدعلوم پزشکی تبریز,آزاد,kanoon
1404,تجربی,3850,1765,منطقه 2,دندانپزشکی,دانشگاه علوم پزشکی اراک,نامشخص,kanoon
1404,تجربی,5699,1765,منطقه 1,پزشکی,دانشگاه علوم پزشکی یاسوج,نامشخص,kanoon
1404,تجربی,7473,1768,منطقه 3,پزشکی,دانشگاه علوم پزشکی گیلان - رشت (محل تحصیل بندرانزلی),شهریه پرداز,kanoon
1404,تجربی,3864,1775,منطقه 2,پزشکی,دانشگاه علوم پزشکی شیراز,شهریه پرداز,kanoon
1404,تجربی,5736,1775,منطقه 1,پزشکی,دانشگاه علوم پزشکی شهرکرد,نامشخص,kanoon
1404,تجربی,7521,1775,منطقه 3,دندانپزشکی,دانشگاه علوم پزشکی ارومیه,نامشخص,kanoon
1404,تجربی,7530,1777,منطقه 3,پزشکی,دانشگاه علوم پزشکی ارومیه,شهریه پرداز,kanoon
1404,تجربی,3873,1780,منطقه 2,دندانپزشکی,دانشگاه علوم پزشکی کاشان,نامشخص,kanoon
1404,تجربی,5758,1781,منطقه 1,پزشکی,دانشگاه علوم پزشکی زنجان,نامشخص,kanoon
1404,تجربی,5758,1781,منطقه 1,پزشکی,دانشگاه علوم پزشکی سمنان,نامشخص,kanoon
1404,تجربی,7553,1782,منطقه 3,پزشکی,دانشگاه علوم پزشکی سبزوار,نامشخص,kanoon
1404,تجربی,26796,1784,سهمیه 5٪,پزشکی - نیمسال دوم,دانشگاه علوم پزشکی کرمان,روزانه,sajad
1404,تجربی,7565,1785,منطقه 3,پزشکی,دانشگاه علوم پزشکی لرستان - خرم آباد,نامشخص,kanoon
1404,تجربی,3891,1790,منطقه 2,پزشکی,دانشگاه علوم پزشکی اردبیل,نامشخص,kanoon
1404,تجربی,3891,1790,منطقه 2,پزشکی,دانشگاه علوم پزشکی بابل,نامشخص,kanoon
1404,تجربی,3891,1790,منطقه 2,پزشکی,دانشگاه علوم پزشکی کاشان,نامشخص,kanoon
1404,تجربی,7591,1791,منطقه 3,پزشکی,دانشگاه علوم پزشکی ایلام,نامشخص,kanoon
1404,تجربی,7591,1791,منطقه 3,پزشکی,دانشگاه علوم پزشکی گلستان - گرگان,نامشخص,kanoon
1404,تجربی,3903,1797,منطقه 2,پزشکی,دانشگاه علوم پزشکی یزد,نامشخص,kanoon
1404,تجربی,7614,1797,منطقه 3,پزشکی,دانشگاه علوم پزشکی گلستان - گرگان,نامشخص,kanoon
1404,تجربی,7628,1801,منطقه 3,پزشکی,دانشگاه علوم پزشکی ارومیه,نامشخص,kanoon
1404,تجربی,7628,1801,منطقه 3,پزشکی,دانشگاه علوم پزشکی کردستان - سنندج,نامشخص,kanoon
1404,تجربی,3912,1803,منطقه 2,پزشکی,دانشگاه علوم پزشکی اصفهان,شهریه پرداز,kanoon
1404,تجربی,3912,1803,منطقه 2,پزشکی,دانشگاه علوم پزشکی کاشان,نامشخص,kanoon
1404,تجربی,7637,1805,منطقه 3,پزشکی,دانشگاه علوم پزشکی یاسوج,نامشخص,kanoon
1404,تجربی,,1807,منطقه 3,پزشکی,دانشگاه علوم پزشکی بقیةالله (عج),نامشخص,sibtorsh
1404,تجربی,7648,1807,منطقه 3,پزشکی,دانشگاه علوم پزشکی بقیه الله,نامشخص,kanoon
1404,تجربی,3922,1809,منطقه 2,دندانپزشکی,دانشگاه علوم پزشکی جندی شاپور اهواز,نامشخص,kanoon
1404,تجربی,3922,1809,منطقه 2,دندانپزشکی,دانشگاه علوم پزشکی جندی شاپور اهواز,نامشخص,kanoon
1404,تجربی,5860,1810,منطقه 1,داروسازی,دانشگاه علوم پزشکی یزد,نامشخص,kanoon
1404,تجربی,3933,1815,منطقه 2,پزشکی,دانشگاه علوم پزشکی اردبیل,نامشخص,kanoon
1404,تجربی,3933,1815,منطقه 2,پزشکی,دانشگاه علوم پزشکی مازندران - ساری,نامشخص,kanoon
1404,تجربی,3942,1819,منطقه 2,پزشکی,دانشگاه علوم پزشکی ارومیه,نامشخص,kanoon
1404,تجربی,3942,1819,منطقه 2,پزشکی,دانشگاه علوم پزشکی گلستان - گرگان,نامشخص,kanoon
1404,تجربی,7678,1819,منطقه 3,پزشکی,دانشگاه علوم پزشکی ارومیه(علوم پزشکی خوی),نامشخص,kanoon
1404,تجربی,3949,1822,منطقه 2,پزشکی,دانشگاه علوم پزشکی همدان,نامشخص,kanoon
1404,تجربی,3949,1822,منطقه 2,دندانپزشکی,دانشگاه آزاداسلامی-واحدبروجرد,آزاد,kanoon
1404,تجربی,3949,1822,منطقه 2,دندانپزشکی,دانشگاه علوم پزشکی بیرجند,نامشخص,kanoon
1404,تجربی,7692,1824,منطقه 3,پزشکی,دانشگاه علوم پزشکی سبزوار,نامشخص,kanoon
1404,تجربی,7692,1824,منطقه 3,پزشکی,دانشگاه علوم پزشکی لرستان - خرم آباد,نامشخص,kanoon
1404,تجربی,3956,1825,منطقه 2,پزشکی,دانشگاه علوم پزشکی قزوین,نامشخص,kanoon
1404,تجربی,3956,1825,منطقه 2,پزشکی,دانشگاه علوم پزشکی لرستان - خرم آباد,نامشخص,kanoon
1404,تجربی,3956,1825,منطقه 2,پزشکی,دانشگاه علوم پزشکی یزد,نامشخص,kanoon
1404,تجربی,5897,1826,منطقه 1,داروسازی,دانشگاه علوم پزشکی تبریز,روزانه,sajad
1404,تجربی,3969,1829,منطقه 2,داروسازی,دانشگاه علوم پزشکی سمنان,نامشخص,kanoon
1404,تجربی,3969,1829,منطقه 2,زیست فناوری,دانشگاه تهران,نامشخص,kanoon
1404,تجربی,,1831,منطقه 2,پزشکی,دانشگاه علوم پزشکی زنجان,نامشخص,sibtorsh
1404,تجربی,5908,1831,منطقه 1,پزشکی,دانشگاه علوم پزشکی بیرجند,نامشخص,kanoon
1404,تجربی,5908,1831,منطقه 1,داروسازی,دانشگاه علوم پزشکی تبریز,نامشخص,kanoon
1404,تجربی,5918,1834,منطقه 1,پزشکی,دانشگاه علوم پزشکی بوشهر,نامشخص,kanoon
1404,تجربی,3984,1836,منطقه 2,پزشکی,دانشگاه علوم پزشکی ارومیه,نامشخص,kanoon
1404,تجربی,3984,1836,منطقه 2,دندانپزشکی,دانشگاه علوم پزشکی گیلان - رشت,نامشخص,kanoon
1404,تجربی,5927,1837,منطقه 1,فیزیوتراپی,دانشگاه علوم پزشکی اصفهان,نامشخص,kanoon
1404,تجربی,5936,1839,منطقه 1,پزشکی,دانشگاه علوم پزشکی اردبیل,نامشخص,kanoon
1404,تجربی,7734,1840,منطقه 3,دندانپزشکی,دانشگاه آزاد اسلامی-واحد خوراسگان,آزاد,kanoon
1404,تجربی,,1841,منطقه 1,داروسازی,دانشگاه علوم پزشکی بیرجند,نامشخص,sibtorsh
1404,تجربی,7746,1844,منطقه 3,پزشکی,دانشکده علوم پزشکی نیشابور,نامشخص,kanoon
1404,تجربی,4008,1848,منطقه 2,پزشکی,دانشگاه علوم پزشکی لرستان - خرم آباد,نامشخص,kanoon
1404,تجربی,7762,1850,منطقه 3,داروسازی,دانشگاه علوم پزشکی ارومیه,شهریه پرداز,kanoon
1404,تجربی,7762,1850,منطقه 3,دندانپزشکی,دانشگاه آزاد اسلامی-واحد خوراسگان,آزاد,kanoon
1404,تجربی,7762,1850,منطقه 3,دندانپزشکی,دانشگاه علوم پزشکی ارومیه,نامشخص,kanoon
1404,تجربی,4023,1853,منطقه 2,دندانپزشکی,دانشگاه آزاداسلامی-واحدبروجرد,آزاد,kanoon
1404,تجربی,5988,1854,منطقه 1,پزشکی,دانشگاه علوم پزشکی شهرکرد,پردیس,sajad
1404,تجربی,7775,1855,منطقه 3,پزشکی,دانشگاه علوم پزشکی کردستان - سنندج,نامشخص,kanoon
1404,تجربی,6000,1857,منطقه 1,پزشکی,دانشگاه علوم پزشکی اراک(ساوه),نامشخص,kanoon
1404,تجربی,7789,1859,منطقه 3,پزشکی,دانشگاه علوم پزشکی اراک,نامشخص,kanoon
1404,تجربی,7789,1859,منطقه 3,پزشکی,دانشگاه علوم پزشکی ارومیه(علوم پزشکی خوی),نامشخص,kanoon
1404,تجربی,7789,1859,منطقه 3,پزشکی,دانشگاه علوم پزشکی دزفول,نامشخص,kanoon
1404,تجربی,7789,1859,منطقه 3,پزشکی,دانشگاه علوم پزشکی کردستان - سنندج,نامشخص,kanoon
1404,تجربی,7802,1862,منطقه 3,پزشکی,دانشگاه علوم پزشکی سبزوار,نامشخص,kanoon
1404,تجربی,6027,1863,منطقه 1,پزشکی,دانشگاه علوم پزشکی زنجان,نامشخص,kanoon
1404,تجربی,,1864,منطقه 3,دندانپزشکی,دانشگاه آزاد اسلامی واحد اصفهان (خوراسگان),آزاد,sibtorsh
1404,تجربی,7814,1864,منطقه 3,پزشکی,دانشگاه علوم پزشکی کردستان - سنندج,نامشخص,kanoon
1404,تجربی,4049,1866,منطقه 2,داروسازی,دانشگاه علوم پزشکی البرز - کرج,نامشخص,kanoon
1404,تجربی,4049,1866,منطقه 2,داروسازی,دانشگاه علوم پزشکی تهران,شهریه پرداز,kanoon
1404,تجربی,7826,1866,منطقه 3,پزشکی,دانشگاه علوم پزشکی ارومیه,شهریه پرداز,kanoon
1404,تجربی,6038,1867,منطقه 1,پزشکی,دانشگاه علوم پزشکی تهران,نامشخص,kanoon
1404,تجربی,,1869,منطقه 3,پزشکی,دانشگاه علوم پزشکی ارومیه,نامشخص,sibtorsh
1404,تجربی,7836,1869,منطقه 3,پزشکی,دانشگاه علوم پزشکی ارومیه,شهریه پرداز,kanoon
1404,تجربی,7847,1874,منطقه 3,پزشکی,دانشگاه علوم پزشکی قزوین,شهریه پرداز,kanoon
1404,تجربی,4069,1876,منطقه 2,پزشکی,دانشگاه علوم پزشکی تبریز,شهریه پرداز,kanoon
1404,تجربی,4069,1876,منطقه 2,پزشکی,دانشگاه علوم پزشکی زنجان,نامشخص,kanoon
1404,تجربی,7861,1880,منطقه 3,دندانپزشکی,دانشگاه علوم پزشکی کرمانشاه,نامشخص,kanoon
1404,تجربی,6097,1883,منطقه 1,پزشکی,دانشگاه علوم پزشکی سمنان,نامشخص,kanoon
1404,تجربی,4094,1884,منطقه 2,پزشکی,دانشگاه علوم پزشکی قم,نامشخص,kanoon
1404,تجربی,7882,1886,منطقه 3,پزشکی,دانشگاه علوم پزشکی یاسوج,نامشخص,kanoon
1404,تجربی,4100,1887,منطقه 2,دندانپزشکی,دانشگاه علوم پزشکی قزوین,نامشخص,kanoon
1404,تجربی,,1892,منطقه 2,دندانپزشکی,دانشگاه آزاد اسلامی واحد پزشکی تهران,آزاد,sibtorsh
1404,تجربی,4113,1892,منطقه 2,پزشکی,دانشگاه علوم پزشکی شهرکرد,نامشخص,kanoon
1404,تجربی,4113,1892,منطقه 2,دندانپزشکی,دانشگاه آزاداسلامی-واحدپزشکی تهران --آزاد-خودگردان,آزاد,kanoon
1404,تجربی,7914,1894,منطقه 3,پزشکی,دانشگاه علوم پزشکی تبریز(سراب),نامشخص,kanoon
1404,تجربی,7914,1894,منطقه 3,پزشکی,دانشگاه علوم پزشکی زنجان,شهریه پرداز,kanoon
1404,تجربی,,1896,منطقه 1,داروسازی,دانشگاه علوم پزشکی تبریز,نامشخص,sibtorsh
1404,تجربی,4133,1901,منطقه 2,پزشکی,دانشگاه علوم پزشکی بابل,نامشخص,kanoon
1404,تجربی,4133,1901,منطقه 2,پزشکی,دانشگاه علوم پزشکی شهرکرد,نامشخص,kanoon
1404,تجربی,4133,1901,منطقه 2,پزشکی,دانشگاه علوم پزشکی کردستان - سنندج,نامشخص,kanoon
1404,تجربی,4133,1901,منطقه 2,پزشکی,دانشگاه علوم پزشکی کرمانشاه,نامشخص,kanoon
1404,تجربی,7942,1902,منطقه 3,پزشکی,دانشگاه علوم پزشکی دزفول,نامشخص,kanoon
1404,تجربی,7942,1902,منطقه 3,دندانپزشکی,دانشگاه علوم پزشکی رفسنجان,نامشخص,kanoon
1404,تجربی,6156,1903,منطقه 1,داروسازی,دانشگاه علوم پزشکی زنجان,نامشخص,kanoon
1404,تجربی,4152,1909,منطقه 2,پزشکی,دانشگاه علوم پزشکی تبریز,شهریه پرداز,kanoon
1404,تجربی,4160,1911,منطقه 2,پزشکی,دانشگاه علوم پزشکی قم,نامشخص,kanoon
1404,تجربی,6158,1911,منطقه 1,فیزیوتراپی,دانشگاه علوم پزشکی تبریز,روزانه,sajad
1404,تجربی,7970,1914,منطقه 3,پزشکی,دانشگاه علوم پزشکی ارومیه(علوم پزشکی خوی),نامشخص,kanoon
1404,تجربی,4170,1915,منطقه 2,پزشکی,دانشگاه علوم پزشکی ارومیه,نامشخص,kanoon
1404,تجربی,4170,1915,منطقه 2,پزشکی,دانشگاه علوم پزشکی تبریز,شهریه پرداز,kanoon
1404,تجربی,4170,1915,منطقه 2,پزشکی,دانشگاه علوم پزشکی تبریز,شهریه‌پرداز,sajad
1404,تجربی,7981,1919,منطقه 3,پزشکی,دانشگاه علوم پزشکی بابل,شهریه پرداز,kanoon
1404,تجربی,7981,1919,منطقه 3,پزشکی,دانشگاه علوم پزشکی گناباد,نامشخص,kanoon
1404,تجربی,28480,1920,سهمیه 5٪,پزشکی,دانشگاه علوم پزشکی کردستان - سنندج,روزانه,sajad
1404,تجربی,4183,1921,منطقه 2,پزشکی,دانشگاه علوم پزشکی کرمان,نامشخص,kanoon
1404,تجربی,4183,1921,منطقه 2,داروسازی,دانشگاه علوم پزشکی مشهد,نامشخص,kanoon
1404,تجربی,6213,1923,منطقه 1,پزشکی,دانشگاه علوم پزشکی زنجان,نامشخص,kanoon
1404,تجربی,4189,1924,منطقه 2,پزشکی,دانشگاه علوم پزشکی ارومیه,نامشخص,kanoon
1404,تجربی,,1926,منطقه 2,داروسازی,دانشگاه علوم پزشکی البرز - کرج,نامشخص,sibtorsh
1404,تجربی,8004,1927,منطقه 3,دندانپزشکی,دانشگاه آزاد اسلامی-واحد خوراسگان,آزاد,kanoon
1404,تجربی,4200,1929,منطقه 2,پزشکی,دانشگاه علوم پزشکی شهرکرد,نامشخص,kanoon
1404,تجربی,4200,1929,منطقه 2,پزشکی,دانشگاه علوم پزشکی یزد,نامشخص,kanoon
1404,تجربی,28570,1932,سهمیه 5٪,فیزیوتراپی,دانشگاه علوم پزشکی بابل,شهریه‌پرداز,sajad
1404,تجربی,6241,1933,منطقه 1,پزشکی,دانشگاه علوم پزشکی بوشهر,نامشخص,kanoon
1404,تجربی,4210,1934,منطقه 2,پزشکی,دانشگاه آزاداسلامی-واحدپزشکی تهران,آزاد,kanoon
1404,تجربی,6254,1937,منطقه 1,پزشکی,دانشگاه علوم پزشکی خراسان شمالی - بجنورد,نامشخص,kanoon
1404,تجربی,6254,1937,منطقه 1,دندانپزشکی,دانشگاه علوم پزشکی شیراز,نامشخص,kanoon
1404,تجربی,8026,1938,منطقه 3,پزشکی,دانشگاه علوم پزشکی ایلام,نامشخص,kanoon
1404,تجربی,8026,1938,منطقه 3,داروسازی,دانشگاه علوم پزشکی کرمانشاه,نامشخص,kanoon
1404,تجربی,,1939,منطقه 2,پزشکی,دانشگاه علوم پزشکی خراسان شمالی - بجنورد,نامشخص,sibtorsh
1404,تجربی,4224,1939,منطقه 2,پزشکی,دانشگاه علوم پزشکی خراسان شمالی - بجنورد,نامشخص,kanoon
1404,تجربی,4224,1939,منطقه 2,دندانپزشکی,دانشگاه آزاداسلامی-واحدعلوم پزشکی تبریز,آزاد,kanoon
1404,تجربی,6267,1941,منطقه 1,پزشکی,دانشگاه علوم پزشکی جهرم,نامشخص,kanoon
1404,تجربی,4236,1943,منطقه 2,پزشکی,دانشگاه علوم پزشکی بیرجند,نامشخص,kanoon
1404,تجربی,4237,1943,منطقه 2,دندانپزشکی,دانشگاه آزاد اسلامی-واحد خوراسگان,آزاد,kanoon
1404,تجربی,6277,1944,منطقه 1,پزشکی,دانشگاه علوم پزشکی سمنان,نامشخص,kanoon
1404,تجربی,8047,1946,منطقه 3,پزشکی,دانشگاه علوم پزشکی ایلام,نامشخص,kanoon
1404,تجربی,8047,1946,منطقه 3,پزشکی,دانشگاه علوم پزشکی دزفول,نامشخص,kanoon
1404,تجربی,8084,1956,منطقه 3,پزشکی,دانشگاه علوم پزشکی ایلام,نامشخص,kanoon
1404,تجربی,4262,1957,منطقه 2,پزشکی,دانشگاه علوم پزشکی جهرم,نامشخص,kanoon
1404,تجربی,4262,1957,منطقه 2,پزشکی,دانشگاه علوم پزشکی یزد,نامشخص,kanoon
1404,تجربی,4268,1960,منطقه 2,پزشکی,دانشگاه علوم پزشکی قزوین,روزانه,sajad
1404,تجربی,4268,1960,منطقه 2,پزشکی,دانشگاه علوم پزشکی مازندران - ساری,نامشخص,kanoon
1404,تجربی,4275,1963,منطقه 2,داروسازی,دانشگاه علوم پزشکی اصفهان,نامشخص,kanoon
1404,تجربی,6355,1964,منطقه 1,داروسازی,دانشگاه علوم پزشکی کرمان,نامشخص,kanoon
1404,تجربی,4294,1971,منطقه 2,پزشکی,دانشگاه علوم پزشکی اردبیل,نامشخص,kanoon
1404,تجربی,8138,1972,منطقه 3,پزشکی,دانشگاه علوم پزشکی شیراز(لارستان),نامشخص,kanoon
1404,تجربی,8138,1972,منطقه 3,داروسازی,دانشگاه علوم پزشکی تبریز,شهریه پرداز,kanoon
1404,تجربی,6372,1973,منطقه 1,پزشکی,دانشگاه علوم پزشکی زنجان,نامشخص,kanoon
1404,تجربی,4304,1977,منطقه 2,پزشکی,دانشگاه علوم پزشکی جندی شاپور اهواز,نامشخص,kanoon
1404,تجربی,4304,1977,منطقه 2,پزشکی,دانشگاه علوم پزشکی قم,نامشخص,kanoon
1404,تجربی,8160,1980,منطقه 3,پزشکی,دانشگاه علوم پزشکی همدان,شهریه پرداز,kanoon
1404,تجربی,4313,1984,منطقه 2,پزشکی,دانشگاه علوم پزشکی قزوین,نامشخص,kanoon
1404,تجربی,4313,1984,منطقه 2,پزشکی,دانشگاه علوم پزشکی گلستان - گرگان,نامشخص,kanoon
1404,تجربی,4313,1984,منطقه 2,داروسازی,دانشگاه علوم پزشکی شهید بهشتی - تهران,شهریه‌پرداز,sajad
1404,تجربی,8199,1990,منطقه 3,پزشکی,دانشگاه علوم پزشکی اراک(ساوه),نامشخص,kanoon
1404,تجربی,8199,1990,منطقه 3,داروسازی,دانشگاه علوم پزشکی جندی شاپور اهواز,نامشخص,kanoon
1404,تجربی,4323,1991,منطقه 2,پزشکی,دانشگاه علوم پزشکی ارومیه,نامشخص,kanoon
1404,تجربی,4323,1991,منطقه 2,پزشکی,دانشگاه علوم پزشکی قزوین,نامشخص,kanoon
1404,تجربی,8212,1995,منطقه 3,پزشکی,دانشگاه علوم پزشکی بندرعباس,نامشخص,kanoon
1404,تجربی,8212,1995,منطقه 3,پزشکی,دانشگاه علوم پزشکی سمنان,نامشخص,kanoon
1404,تجربی,8212,1995,منطقه 3,پزشکی,دانشگاه علوم پزشکی شیراز(لارستان),نامشخص,kanoon
1404,تجربی,4334,1997,منطقه 2,پزشکی,دانشگاه علوم پزشکی جندی شاپور اهواز,نامشخص,kanoon
1404,تجربی,4334,1997,منطقه 2,پزشکی,دانشگاه علوم پزشکی همدان,نامشخص,kanoon
1404,تجربی,6483,1997,منطقه 1,پزشکی,دانشگاه علوم پزشکی جهرم,نامشخص,kanoon
1404,تجربی,,2002,منطقه 3,پزشکی,دانشگاه علوم پزشکی ایلام,نامشخص,sibtorsh
1404,تجربی,8226,2002,منطقه 3,پزشکی,دانشگاه علوم پزشکی یاسوج,نامشخص,kanoon
1404,تجربی,4349,2005,منطقه 2,پزشکی,دانشگاه علوم پزشکی جندی شاپور اهواز,نامشخص,kanoon
1404,تجربی,4349,2005,منطقه 2,داروسازی,دانشگاه علوم پزشکی بابل,نامشخص,kanoon
1404,تجربی,4349,2005,منطقه 2,دندانپزشکی,دانشگاه علوم پزشکی البرز - کرج,نامشخص,kanoon
1404,تجربی,4349,2005,منطقه 2,دندانپزشکی,دانشگاه علوم پزشکی بیرجند,نامشخص,kanoon
1404,تجربی,4360,2011,منطقه 2,پزشکی,دانشگاه علوم پزشکی رفسنجان,نامشخص,kanoon
1404,تجربی,4360,2011,منطقه 2,پزشکی,دانشگاه علوم پزشکی شیراز,شهریه پرداز,kanoon
1404,تجربی,4360,2011,منطقه 2,دندانپزشکی,دانشگاه علوم پزشکی تبریز,نامشخص,kanoon
1404,تجربی,8276,2015,منطقه 3,پزشکی,دانشگاه علوم پزشکی رفسنجان,نامشخص,kanoon
1404,تجربی,8276,2015,منطقه 3,دندانپزشکی,دانشگاه علوم پزشکی زنجان,نامشخص,kanoon
1404,تجربی,,2018,منطقه 2,پزشکی,دانشگاه علوم پزشکی کرمان,نامشخص,sibtorsh
1404,تجربی,4373,2018,منطقه 2,پزشکی,دانشگاه علوم پزشکی یزد,نامشخص,kanoon
1404,تجربی,4374,2018,منطقه 2,پزشکی,دانشگاه علوم پزشکی شاهرود,نامشخص,kanoon
1404,تجربی,4374,2018,منطقه 2,پزشکی,دانشگاه علوم پزشکی کردستان - سنندج,نامشخص,kanoon
1404,تجربی,8293,2018,منطقه 3,پزشکی,دانشگاه علوم پزشکی تهران,نامشخص,kanoon
1404,تجربی,6573,2019,منطقه 1,فیزیوتراپی,دانشگاه علوم پزشکی بابل,نامشخص,kanoon
1404,تجربی,8306,2020,منطقه 3,پزشکی,دانشگاه علوم پزشکی بندرعباس,نامشخص,kanoon
1404,تجربی,6583,2022,منطقه 1,پزشکی,دانشگاه علوم پزشکی سمنان,نامشخص,kanoon
1404,تجربی,4389,2025,منطقه 2,پزشکی,دانشگاه علوم پزشکی بیرجند,نامشخص,kanoon
1404,تجربی,4389,2025,منطقه 2,پزشکی,دانشگاه علوم پزشکی کاشان,نامشخص,kanoon
1404,تجربی,4389,2025,منطقه 2,پزشکی,دانشگاه علوم پزشکی همدان,نامشخص,kanoon
1404,تجربی,4389,2025,منطقه 2,دندانپزشکی,دانشگاه علوم پزشکی کرمانشاه,نامشخص,kanoon
1404,تجربی,4398,2031,منطقه 2,داروسازی,دانشگاه علوم پزشکی اصفهان,نامشخص,kanoon
1404,تجربی,4407,2038,منطقه 2,پزشکی,دانشگاه علوم پزشکی کرمانشاه,نامشخص,kanoon
1404,تجربی,4407,2038,منطقه 2,پزشکی,دانشگاه علوم پزشکی گلستان - گرگان,نامشخص,kanoon
1404,تجربی,8392,2040,منطقه 3,پزشکی,دانشگاه علوم پزشکی ایلام,نامشخص,kanoon
1404,تجربی,8403,2043,منطقه 3,پزشکی,دانشگاه علوم پزشکی رفسنجان,نامشخص,kanoon
1404,تجربی,4419,2045,منطقه 2,پزشکی,دانشگاه علوم پزشکی گیلان - رشت,نامشخص,kanoon
1404,تجربی,4429,2047,منطقه 2,دندانپزشکی,دانشگاه آزاداسلامی-واحدعلوم پزشکی تبریز,آزاد,kanoon
1404,تجربی,6658,2047,منطقه 1,پزشکی,دانشگاه علوم پزشکی سمنان,نامشخص,kanoon
1404,تجربی,8463,2053,منطقه 3,پزشکی,دانشگاه علوم پزشکی شهید بهشتی - تهران,نامشخص,kanoon
1404,تجربی,4451,2056,منطقه 2,پزشکی,دانشگاه علوم پزشکی یزد,نامشخص,kanoon
1404,تجربی,4451,2056,منطقه 2,دندانپزشکی,دانشگاه علوم پزشکی اردبیل,نامشخص,kanoon
1404,تجربی,8481,2061,منطقه 3,پزشکی,دانشگاه علوم پزشکی دزفول,نامشخص,kanoon
1404,تجربی,8481,2061,منطقه 3,داروسازی,دانشگاه علوم پزشکی کرمان,نامشخص,kanoon
1404,تجربی,8481,2061,منطقه 3,دندانپزشکی,دانشگاه علوم پزشکی اصفهان,نامشخص,kanoon
1404,تجربی,4462,2062,منطقه 2,پزشکی,دانشگاه علوم پزشکی قم,نامشخص,kanoon
1404,تجربی,30154,2064,سهمیه 5٪,پزشکی,دانشگاه علوم پزشکی آبادان,روزانه,sajad
1404,تجربی,4473,2068,منطقه 2,پزشکی,دانشگاه علوم پزشکی کاشان,نامشخص,kanoon
1404,تجربی,8498,2068,منطقه 3,پزشکی,دانشگاه علوم پزشکی دزفول,نامشخص,kanoon
1404,تجربی,6728,2069,منطقه 1,پزشکی,دانشگاه علوم پزشکی مازندران-ساری(پردیس پزشکی آمل),شهریه پرداز,kanoon
1404,تجربی,8528,2073,منطقه 3,پزشکی,دانشگاه علوم پزشکی اراک(ساوه),نامشخص,kanoon
1404,تجربی,8528,2073,منطقه 3,پزشکی,دانشگاه علوم پزشکی دزفول,نامشخص,kanoon
1404,تجربی,8528,2073,منطقه 3,پزشکی,دانشگاه علوم پزشکی زنجان,شهریه پرداز,kanoon
1404,تجربی,8528,2073,منطقه 3,داروسازی,دانشگاه علوم پزشکی گیلان - رشت,نامشخص,kanoon
1404,تجربی,4481,2074,منطقه 2,دندانپزشکی,دانشگاه علوم پزشکی کرمان,نامشخص,kanoon
1404,تجربی,6754,2075,منطقه 1,پزشکی,دانشگاه علوم پزشکی شاهرود,نامشخص,kanoon
1404,تجربی,4487,2078,منطقه 2,پزشکی,دانشگاه علوم پزشکی قزوین,نامشخص,kanoon
1404,تجربی,8545,2078,منطقه 3,پزشکی,دانشگاه علوم پزشکی گناباد,نامشخص,kanoon
1404,تجربی,6765,2079,منطقه 1,پزشکی,دانشگاه علوم پزشکی سبزوار,نامشخص,kanoon
1404,تجربی,8561,2082,منطقه 3,پزشکی,دانشگاه علوم پزشکی دزفول,نامشخص,kanoon
1404,تجربی,4496,2083,منطقه 2,دندانپزشکی,دانشگاه علوم پزشکی کاشان,نامشخص,kanoon
1404,تجربی,30436,2088,سهمیه 5٪,پزشکی,دانشگاه علوم پزشکی اردبیل,پردیس,sajad
1404,تجربی,4507,2089,منطقه 2,دندانپزشکی,دانشگاه علوم پزشکی کرمانشاه,نامشخص,kanoon
1404,تجربی,6789,2090,منطقه 1,پزشکی,دانشگاه علوم پزشکی جهرم,نامشخص,kanoon
1404,تجربی,4517,2093,منطقه 2,پزشکی,دانشگاه علوم پزشکی بابل,نامشخص,kanoon
1404,تجربی,8600,2096,منطقه 3,پزشکی,دانشگاه علوم پزشکی بقیه الله,نامشخص,kanoon
1404,تجربی,8600,2096,منطقه 3,فیزیوتراپی,دانشگاه علوم پزشکی اصفهان,نامشخص,kanoon
1404,تجربی,4529,2097,منطقه 2,دندانپزشکی,دانشگاه علوم پزشکی تبریز,نامشخص,kanoon
1404,تجربی,4543,2101,منطقه 2,پزشکی,دانشگاه علوم پزشکی قم,نامشخص,kanoon
1404,تجربی,4543,2101,منطقه 2,پزشکی,دانشگاه علوم پزشکی گلستان - گرگان,نامشخص,kanoon
1404,تجربی,4543,2101,منطقه 2,دندانپزشکی,دانشگاه علوم پزشکی کردستان - سنندج,نامشخص,kanoon
1404,تجربی,6823,2103,منطقه 1,پزشکی,دانشگاه علوم پزشکی اردبیل,شهریه پرداز,kanoon
1404,تجربی,8639,2105,منطقه 3,پزشکی,دانشگاه علوم پزشکی ایلام,نامشخص,kanoon
1404,تجربی,4555,2106,منطقه 2,پزشکی,دانشگاه علوم پزشکی قم,نامشخص,kanoon
1404,تجربی,4566,2111,منطقه 2,پزشکی,دانشگاه علوم پزشکی یزد,نامشخص,kanoon
1404,تجربی,8673,2113,منطقه 3,پزشکی,دانشگاه علوم پزشکی زاهدان,نامشخص,kanoon
1404,تجربی,8673,2113,منطقه 3,پزشکی,دانشگاه علوم پزشکی گیلان - رشت (محل تحصیل بندرانزلی),شهریه پرداز,kanoon
1404,تجربی,6846,2114,منطقه 1,داروسازی,دانشگاه علوم پزشکی کرمانشاه,نامشخص,kanoon
1404,تجربی,6856,2117,منطقه 1,پزشکی,دانشگاه علوم پزشکی تبریز(مراغه),نامشخص,kanoon
1404,تجربی,6856,2117,منطقه 1,پزشکی,دانشگاه علوم پزشکی خراسان شمالی - بجنورد,نامشخص,kanoon
1404,تجربی,8693,2118,منطقه 3,داروسازی,دانشگاه علوم پزشکی کرمانشاه,نامشخص,kanoon
1404,تجربی,8712,2123,منطقه 3,پزشکی,دانشگاه علوم پزشکی بابل,شهریه پرداز,kanoon
1404,تجربی,4591,2124,منطقه 2,دندانپزشکی,دانشگاه علوم پزشکی شیراز,نامشخص,kanoon
1404,تجربی,4608,2131,منطقه 2,پزشکی,دانشگاه علوم پزشکی قزوین,نامشخص,kanoon
1404,تجربی,4608,2131,منطقه 2,پزشکی,دانشگاه علوم پزشکی کرمانشاه,نامشخص,kanoon
1404,تجربی,6913,2133,منطقه 1,داروسازی,دانشگاه علوم پزشکی کرمان,نامشخص,kanoon
1404,تجربی,6914,2133,منطقه 1,پزشکی,دانشگاه علوم پزشکی خراسان شمالی - بجنورد,نامشخص,kanoon
1404,تجربی,8778,2137,منطقه 3,پزشکی,دانشگاه علوم پزشکی زاهدان,نامشخص,kanoon
1404,تجربی,6932,2139,منطقه 1,پزشکی,دانشگاه علوم پزشکی اراک(ساوه),نامشخص,kanoon
1404,تجربی,6932,2139,منطقه 1,پزشکی,دانشگاه علوم پزشکی سمنان,نامشخص,kanoon
1404,تجربی,8793,2140,منطقه 3,پزشکی,دانشگاه علوم پزشکی خراسان شمالی - بجنورد,شهریه پرداز,kanoon
1404,تجربی,8808,2146,منطقه 3,پزشکی,دانشگاه علوم پزشکی شیراز(لارستان),نامشخص,kanoon
1404,تجربی,31305,2147,سهمیه 5٪,پزشکی,دانشگاه علوم پزشکی ارومیه,شهریه‌پرداز,sajad
1404,تجربی,4645,2148,منطقه 2,پزشکی,دانشگاه علوم پزشکی کرمان,شهریه پرداز,kanoon
1404,تجربی,4645,2148,منطقه 2,پزشکی,دانشگاه علوم پزشکی یزد,نامشخص,kanoon
1404,تجربی,6967,2152,منطقه 1,فیزیوتراپی,دانشگاه علوم توانبخشی و سلامت اجتماعی - تهران,شهریه‌پرداز,sajad
1404,تجربی,4654,2153,منطقه 2,فیزیوتراپی,دانشگاه علوم پزشکی شهید بهشتی - تهران,نامشخص,kanoon
1404,تجربی,8823,2153,منطقه 3,پزشکی,دانشگاه علوم پزشکی شیراز,نامشخص,kanoon
1404,تجربی,8823,2153,منطقه 3,پزشکی,دانشگاه علوم پزشکی شیراز(لارستان),نامشخص,kanoon
1404,تجربی,8839,2161,منطقه 3,پزشکی,دانشگاه علوم پزشکی آبادان,نامشخص,kanoon
1404,تجربی,8839,2161,منطقه 3,داروسازی,دانشگاه علوم پزشکی تبریز,شهریه پرداز,kanoon
1404,تجربی,8839,2161,منطقه 3,داروسازی,دانشگاه علوم پزشکی جندی شاپور اهواز,نامشخص,kanoon
1404,تجربی,4672,2162,منطقه 2,پزشکی,دانشگاه علوم پزشکی بیرجند,نامشخص,kanoon
1404,تجربی,7006,2167,منطقه 1,پزشکی,دانشگاه علوم پزشکی تهران,نامشخص,kanoon
1404,تجربی,7006,2167,منطقه 1,پزشکی,دانشگاه علوم پزشکی شاهرود,نامشخص,kanoon
1404,تجربی,4684,2168,منطقه 2,پزشکی,دانشگاه علوم پزشکی اردبیل,نامشخص,kanoon
1404,تجربی,,2176,منطقه 3,دندانپزشکی,دانشگاه علوم پزشکی ایلام,نامشخص,sibtorsh
1404,تجربی,4700,2176,منطقه 2,پزشکی,دانشگاه علوم پزشکی قم,نامشخص,kanoon
1404,تجربی,8883,2176,منطقه 3,پزشکی,دانشگاه علوم پزشکی رفسنجان,نامشخص,kanoon
1404,تجربی,4706,2180,منطقه 2,پزشکی,دانشگاه علوم پزشکی گیلان - رشت,نامشخص,kanoon
1404,تجربی,4706,2180,منطقه 2,پزشکی,دانشگاه علوم پزشکی همدان,نامشخص,kanoon
1404,تجربی,8904,2181,منطقه 3,پزشکی,دانشگاه علوم پزشکی زاهدان,نامشخص,kanoon
1404,تجربی,7063,2184,منطقه 1,فیزیوتراپی,دانشگاه علوم پزشکی تبریز,نامشخص,kanoon
1404,تجربی,8928,2187,منطقه 3,پزشکی,دانشگاه علوم پزشکی ارتش جمهوری اسلامی ایران,نامشخص,kanoon
1404,تجربی,4721,2189,منطقه 2,پزشکی,دانشگاه علوم پزشکی کرمانشاه,نامشخص,kanoon
1404,تجربی,8941,2189,منطقه 3,پزشکی,دانشگاه علوم پزشکی زنجان,شهریه پرداز,kanoon
1404,تجربی,7087,2190,منطقه 1,پزشکی,دانشگاه علوم پزشکی سبزوار,نامشخص,kanoon
1404,تجربی,4726,2192,منطقه 2,داروسازی,دانشگاه علوم پزشکی مشهد,شهریه پرداز,kanoon
1404,تجربی,8959,2194,منطقه 3,پزشکی,دانشگاه علوم پزشکی جندی شاپور-اهواز(بهبهان),نامشخص,kanoon
1404,تجربی,8959,2194,منطقه 3,فیزیوتراپی,دانشگاه علوم پزشکی گیلان - رشت,نامشخص,kanoon
1404,تجربی,4735,2195,منطقه 2,پزشکی,دانشگاه علوم پزشکی اراک,نامشخص,kanoon
1404,تجربی,4744,2197,منطقه 2,پزشکی,دانشگاه علوم پزشکی اردبیل,نامشخص,kanoon
1404,تجربی,7109,2199,منطقه 1,داروسازی,دانشگاه علوم پزشکی زنجان,نامشخص,kanoon
1404,تجربی,4751,2200,منطقه 2,پزشکی,دانشگاه علوم پزشکی یزد,نامشخص,kanoon
1404,تجربی,4751,2200,منطقه 2,دندانپزشکی,دانشگاه علوم پزشکی بابل,نامشخص,kanoon
1404,تجربی,8989,2202,منطقه 3,داروسازی,دانشگاه علوم پزشکی تبریز,شهریه پرداز,kanoon
1404,تجربی,4760,2205,منطقه 2,پزشکی,دانشگاه علوم پزشکی بابل,نامشخص,kanoon
1404,تجربی,4760,2205,منطقه 2,پزشکی,دانشگاه علوم پزشکی یزد,نامشخص,kanoon
1404,تجربی,9006,2209,منطقه 3,پزشکی,دانشگاه علوم پزشکی بابل,شهریه پرداز,kanoon
1404,تجربی,4770,2210,منطقه 2,پزشکی,دانشگاه علوم پزشکی قم,نامشخص,kanoon
1404,تجربی,9049,2219,منطقه 3,پزشکی,دانشگاه علوم پزشکی جیرفت,نامشخص,kanoon
1404,تجربی,9049,2219,منطقه 3,پزشکی,دانشگاه علوم پزشکی رفسنجان,نامشخص,kanoon
1404,تجربی,9049,2219,منطقه 3,پزشکی,دانشگاه علوم پزشکی قزوین,شهریه پرداز,kanoon
1404,تجربی,,2223,منطقه 2,پزشکی,دانشگاه علوم پزشکی کرمانشاه,نامشخص,sibtorsh
1404,تجربی,4810,2223,منطقه 2,پزشکی,دانشگاه علوم پزشکی اردبیل,نامشخص,kanoon
1404,تجربی,7200,2223,منطقه 1,پزشکی,دانشگاه علوم پزشکی ارتش جمهوری اسلامی ایران,نامشخص,kanoon
1404,تجربی,9067,2225,منطقه 3,پزشکی,دانشگاه علوم پزشکی شیراز(گراش),نامشخص,kanoon
1404,تجربی,9080,2229,منطقه 3,پزشکی,دانشگاه علوم پزشکی زاهدان,نامشخص,kanoon
1404,تجربی,9080,2229,منطقه 3,داروسازی,دانشگاه علوم پزشکی کرمانشاه,نامشخص,kanoon
1404,تجربی,4835,2235,منطقه 2,دندانپزشکی,دانشگاه آزاد اسلامی-واحد خوراسگان,آزاد,kanoon
1404,تجربی,9129,2243,منطقه 3,پزشکی,دانشگاه علوم پزشکی همدان,شهریه پرداز,kanoon
1404,تجربی,4859,2246,منطقه 2,فیزیوتراپی,دانشگاه علوم پزشکی شهید بهشتی - تهران,نامشخص,kanoon
1404,تجربی,9145,2248,منطقه 3,پزشکی,دانشگاه علوم پزشکی شیراز(گراش),نامشخص,kanoon
1404,تجربی,9160,2253,منطقه 3,پزشکی,دانشگاه علوم پزشکی بقیه الله,نامشخص,kanoon
1404,تجربی,9160,2253,منطقه 3,پزشکی,دانشگاه علوم پزشکی مازندران - ساری,نامشخص,kanoon
1404,تجربی,4881,2255,منطقه 2,پزشکی,دانشگاه علوم پزشکی جندی شاپور اهواز,نامشخص,kanoon
1404,تجربی,4881,2255,منطقه 2,پزشکی,دانشگاه علوم پزشکی زنجان,نامشخص,kanoon
1404,تجربی,,2257,منطقه 1,پزشکی,دانشگاه علوم پزشکی بیرجند,نامشخص,sibtorsh
1404,تجربی,4892,2260,منطقه 2,پزشکی,دانشگاه علوم پزشکی اردبیل,نامشخص,kanoon
1404,تجربی,4892,2260,منطقه 2,دندانپزشکی,دانشگاه علوم پزشکی یزد,نامشخص,kanoon
1404,تجربی,7347,2261,منطقه 1,پزشکی,دانشگاه علوم پزشکی اراک( دانشکده علوم پزشکی و خدمات بهداشتی درمانی خمین),نامشخص,kanoon
1404,تجربی,7347,2261,منطقه 1,پزشکی,دانشگاه علوم پزشکی بیرجند,نامشخص,kanoon
1404,تجربی,9192,2262,منطقه 3,پزشکی,دانشگاه علوم پزشکی ارومیه,نامشخص,kanoon
1404,تجربی,7360,2265,منطقه 1,پزشکی,دانشگاه علوم پزشکی تبریز(سراب),نامشخص,kanoon
1404,تجربی,9206,2265,منطقه 3,پزشکی,دانشگاه علوم پزشکی بم,نامشخص,kanoon
1404,تجربی,4909,2267,منطقه 2,پزشکی,دانشگاه علوم پزشکی زنجان,نامشخص,kanoon
1404,تجربی,4909,2267,منطقه 2,پزشکی,دانشگاه علوم پزشکی کرمانشاه,نامشخص,kanoon
1404,تجربی,,2272,منطقه 3,پزشکی,دانشگاه علوم پزشکی همدان,نامشخص,sibtorsh
1404,تجربی,4916,2272,منطقه 2,پزشکی,دانشگاه علوم پزشکی اردبیل,نامشخص,kanoon
1404,تجربی,4916,2272,منطقه 2,داروسازی,دانشگاه علوم پزشکی زنجان,نامشخص,kanoon
1404,تجربی,9242,2272,منطقه 3,پزشکی,دانشگاه علوم پزشکی همدان,شهریه پرداز,kanoon
1404,تجربی,4923,2277,منطقه 2,پزشکی,دانشگاه علوم پزشکی جندی شاپور اهواز,نامشخص,kanoon
1404,تجربی,4923,2277,منطقه 2,دندانپزشکی,دانشگاه علوم پزشکی البرز - کرج,نامشخص,kanoon
1404,تجربی,,2280,منطقه 1,پزشکی,دانشگاه علوم پزشکی تبریز,نامشخص,sibtorsh
1404,تجربی,9275,2280,منطقه 3,پزشکی,دانشگاه علوم پزشکی کرمانشاه,نامشخص,kanoon
1404,تجربی,4931,2282,منطقه 2,دندانپزشکی,دانشگاه علوم پزشکی تبریز,نامشخص,kanoon
1404,تجربی,7415,2285,منطقه 1,داروسازی,دانشگاه آزاداسلامی-واحدپزشکی تهران --آزاد-خودگردان,آزاد,kanoon
1404,تجربی,9293,2285,منطقه 3,پزشکی,دانشگاه علوم پزشکی اراک,شهریه پرداز,kanoon
1404,تجربی,9293,2285,منطقه 3,پزشکی,دانشگاه علوم پزشکی کردستان - سنندج,شهریه پرداز,kanoon
1404,تجربی,4941,2288,منطقه 2,پزشکی,دانشگاه علوم پزشکی اردبیل,نامشخص,kanoon
1404,تجربی,4941,2288,منطقه 2,پزشکی,دانشگاه علوم پزشکی قم,نامشخص,kanoon
1404,تجربی,4941,2288,منطقه 2,پزشکی,دانشگاه علوم پزشکی کرمانشاه,نامشخص,kanoon
1404,تجربی,4949,2293,منطقه 2,پزشکی,دانشگاه علوم پزشکی کرمانشاه,نامشخص,kanoon
1404,تجربی,4950,2293,منطقه 2,پزشکی,دانشگاه علوم پزشکی ارومیه,نامشخص,kanoon
1404,تجربی,7443,2295,منطقه 1,پزشکی,دانشگاه آزاداسلامی-واحدمشهد,آزاد,kanoon
1404,تجربی,9343,2295,منطقه 3,داروسازی,دانشگاه علوم پزشکی شهید بهشتی - تهران,شهریه پرداز,kanoon
1404,تجربی,9357,2299,منطقه 3,پزشکی,دانشگاه علوم پزشکی مازندران-ساری(پردیس خودگردان رامسر),شهریه پرداز,kanoon
1404,تجربی,4964,2301,منطقه 2,دندانپزشکی,دانشگاه علوم پزشکی کرمان,نامشخص,kanoon
1404,تجربی,,2304,منطقه 2,پزشکی,دانشگاه علوم پزشکی گلستان - گرگان,نامشخص,sibtorsh
1404,تجربی,4972,2304,منطقه 2,پزشکی,دانشگاه علوم پزشکی گلستان - گرگان,نامشخص,kanoon
1404,تجربی,7473,2306,منطقه 1,پزشکی,دانشگاه علوم پزشکی سبزوار,نامشخص,kanoon
1404,تجربی,4979,2307,منطقه 2,پزشکی,دانشگاه علوم پزشکی کردستان - سنندج,نامشخص,kanoon
1404,تجربی,4979,2307,منطقه 2,پزشکی,دانشگاه علوم پزشکی همدان,نامشخص,kanoon
1404,تجربی,4990,2314,منطقه 2,داروسازی,دانشگاه علوم پزشکی همدان,نامشخص,kanoon
1404,تجربی,9414,2315,منطقه 3,پزشکی,دانشگاه علوم پزشکی زاهدان,نامشخص,kanoon
1404,تجربی,9414,2315,منطقه 3,پزشکی,دانشگاه علوم پزشکی گناباد,نامشخص,kanoon
1404,تجربی,5001,2319,منطقه 2,داروسازی,دانشگاه علوم پزشکی تبریز,نامشخص,kanoon
1404,تجربی,7521,2323,منطقه 1,پزشکی,دانشگاه علوم پزشکی تبریز(سراب),نامشخص,kanoon
1404,تجربی,5013,2324,منطقه 2,پزشکی,دانشگاه علوم پزشکی جندی شاپور اهواز,نامشخص,kanoon
1404,تجربی,5013,2324,منطقه 2,پزشکی,دانشگاه علوم پزشکی کرمان,نامشخص,kanoon
1404,تجربی,5013,2324,منطقه 2,پزشکی,دانشگاه علوم پزشکی گلستان - گرگان,نامشخص,kanoon
1404,تجربی,9448,2324,منطقه 3,پزشکی,دانشگاه علوم پزشکی ایران,نامشخص,kanoon
1404,تجربی,9448,2324,منطقه 3,داروسازی,دانشگاه علوم پزشکی کرمانشاه,نامشخص,kanoon
1404,تجربی,9448,2324,منطقه 3,فیزیوتراپی,دانشگاه علوم پزشکی شهید بهشتی - تهران,شهریه پرداز,kanoon
1404,تجربی,9466,2329,منطقه 3,پزشکی,دانشگاه علوم پزشکی زاهدان,نامشخص,kanoon
1404,تجربی,5035,2338,منطقه 2,دندانپزشکی,دانشگاه علوم پزشکی همدان,نامشخص,kanoon
1404,تجربی,5044,2343,منطقه 2,پزشکی,دانشگاه علوم پزشکی قم,نامشخص,kanoon
1404,تجربی,9527,2343,منطقه 3,پزشکی,دانشگاه علوم پزشکی شهید بهشتی - تهران,نامشخص,kanoon
1404,تجربی,9527,2343,منطقه 3,فیزیوتراپی,دانشگاه علوم پزشکی سمنان,نامشخص,kanoon
1404,تجربی,9540,2347,منطقه 3,پزشکی,دانشگاه علوم پزشکی گلستان - گرگان,شهریه پرداز,kanoon
1404,تجربی,9540,2347,منطقه 3,فیزیوتراپی,دانشگاه علوم پزشکی جندی شاپور اهواز,نامشخص,kanoon
1404,تجربی,5066,2355,منطقه 2,پزشکی,دانشگاه علوم پزشکی بیرجند,نامشخص,kanoon
1404,تجربی,9569,2357,منطقه 3,پزشکی,دانشگاه علوم پزشکی زاهدان,نامشخص,kanoon
1404,تجربی,9596,2368,منطقه 3,داروسازی,دانشگاه علوم پزشکی بابل,نامشخص,kanoon
1404,تجربی,5118,2379,منطقه 2,پزشکی,دانشگاه علوم پزشکی اردبیل,نامشخص,kanoon
1404,تجربی,7728,2383,منطقه 1,پزشکی,دانشگاه علوم پزشکی تهران,نامشخص,kanoon
1404,تجربی,9676,2386,منطقه 3,پزشکی,دانشگاه علوم پزشکی آبادان,شهریه پرداز,kanoon
1404,تجربی,9676,2386,منطقه 3,فیزیوتراپی,دانشگاه علوم پزشکی همدان,نامشخص,kanoon
1404,تجربی,9690,2390,منطقه 3,فیزیوتراپی,دانشگاه علوم پزشکی بابل,نامشخص,kanoon
1404,تجربی,7762,2391,منطقه 1,پزشکی,دانشگاه علوم پزشکی تهران,نامشخص,kanoon
1404,تجربی,5139,2392,منطقه 2,پزشکی,دانشگاه علوم پزشکی گیلان - رشت,نامشخص,kanoon
1404,تجربی,7775,2394,منطقه 1,پزشکی,دانشگاه علوم پزشکی ارتش جمهوری اسلامی ایران,نامشخص,kanoon
1404,تجربی,5147,2397,منطقه 2,داروسازی,دانشگاه علوم پزشکی همدان,نامشخص,kanoon
1404,تجربی,5160,2403,منطقه 2,پزشکی,دانشگاه علوم پزشکی یزد,نامشخص,kanoon
1404,تجربی,9748,2403,منطقه 3,پزشکی,دانشگاه علوم پزشکی خراسان شمالی - بجنورد,نامشخص,kanoon
1404,تجربی,9761,2407,منطقه 3,پزشکی,دانشگاه علوم پزشکی تبریز,نامشخص,kanoon
1404,تجربی,9761,2407,منطقه 3,پزشکی,دانشگاه علوم پزشکی شاهرود,شهریه پرداز,kanoon
1404,تجربی,7836,2411,منطقه 1,پزشکی,دانشگاه علوم پزشکی تربت حیدریه,نامشخص,kanoon
1404,تجربی,34559,2413,سهمیه 5٪,پزشکی,دانشگاه علوم پزشکی شاهرود,روزانه,sajad
1404,تجربی,9776,2414,منطقه 3,پزشکی,دانشگاه علوم پزشکی کاشان (محل تحصیل آران و بیدگل),شهریه پرداز,kanoon
1404,تجربی,9776,2414,منطقه 3,پزشکی,دانشگاه علوم پزشکی کرمانشاه,نامشخص,kanoon
1404,تجربی,5192,2415,منطقه 2,پزشکی,دانشگاه علوم پزشکی خراسان شمالی - بجنورد,نامشخص,kanoon
1404,تجربی,5192,2415,منطقه 2,پزشکی,دانشگاه علوم پزشکی کرمان,نامشخص,kanoon
1404,تجربی,7861,2415,منطقه 1,پزشکی,دانشگاه آزاداسلامی-واحدعلوم پزشکی تبریز,آزاد,kanoon
1404,تجربی,5203,2420,منطقه 2,پزشکی,دانشگاه علوم پزشکی کاشان,نامشخص,kanoon
1404,تجربی,9791,2420,منطقه 3,داروسازی,دانشگاه علوم پزشکی مازندران-ساری(پردیس خودگردان رامسر),شهریه پرداز,kanoon
1404,تجربی,5216,2426,منطقه 2,پزشکی,دانشگاه علوم پزشکی قم,نامشخص,kanoon
1404,تجربی,5216,2426,منطقه 1,دندانپزشکی,دانشگاه علوم پزشکی اراک,نامشخص,kanoon
1404,تجربی,9807,2426,منطقه 3,پزشکی,دانشگاه علوم پزشکی شهرکرد,شهریه پرداز,kanoon
1404,تجربی,5228,2433,منطقه 2,پزشکی,دانشگاه علوم پزشکی ارومیه,شهریه پرداز,kanoon
1404,تجربی,9825,2433,منطقه 3,پزشکی,دانشگاه علوم پزشکی کردستان - سنندج,شهریه پرداز,kanoon
1404,تجربی,9825,2433,منطقه 3,داروسازی,دانشگاه علوم پزشکی کرمان,نامشخص,kanoon
1404,تجربی,5237,2438,منطقه 2,پزشکی,دانشگاه علوم پزشکی قم,نامشخص,kanoon
1404,تجربی,,2442,منطقه 2,پزشکی,دانشگاه علوم پزشکی کرمانشاه,نامشخص,sibtorsh
1404,تجربی,9860,2442,منطقه 3,پزشکی,دانشگاه آزاداسلامی-واحدعلوم پزشکی تبریز,آزاد,kanoon
1404,تجربی,9860,2442,منطقه 3,پزشکی,دانشگاه علوم پزشکی کرمانشاه,نامشخص,kanoon
1404,تجربی,5248,2443,منطقه 2,پزشکی,دانشگاه آزاداسلامی-واحدپزشکی تهران,آزاد,kanoon
1404,تجربی,9893,2452,منطقه 3,پزشکی,دانشگاه علوم پزشکی جهرم,شهریه پرداز,kanoon
1404,تجربی,9893,2452,منطقه 3,داروسازی,دانشگاه علوم پزشکی شهید بهشتی - تهران,شهریه پرداز,kanoon
1404,تجربی,5264,2453,منطقه 2,پزشکی,دانشگاه علوم پزشکی اردبیل,نامشخص,kanoon
1404,تجربی,5264,2453,منطقه 2,پزشکی,دانشگاه علوم پزشکی گلستان - گرگان,نامشخص,kanoon
1404,تجربی,5272,2456,منطقه 2,پزشکی,دانشگاه علوم پزشکی اردبیل,نامشخص,kanoon
1404,تجربی,5272,2456,منطقه 2,پزشکی,دانشگاه علوم پزشکی گلستان - گرگان,نامشخص,kanoon
1404,تجربی,5289,2462,منطقه 2,پزشکی,دانشگاه علوم پزشکی زنجان,نامشخص,kanoon
1404,تجربی,9937,2466,منطقه 3,پزشکی,دانشگاه علوم پزشکی کردستان - سنندج,پردیس,sajad
1404,تجربی,5300,2468,منطقه 2,پزشکی,دانشگاه علوم پزشکی اردبیل,نامشخص,kanoon
1404,تجربی,8072,2472,منطقه 1,پزشکی,دانشگاه علوم پزشکی تربت حیدریه,نامشخص,kanoon
1404,تجربی,9964,2473,منطقه 3,پزشکی,دانشگاه علوم پزشکی ایلام,نامشخص,kanoon
1404,تجربی,5310,2474,منطقه 2,پزشکی,دانشگاه علوم پزشکی گلستان - گرگان,نامشخص,kanoon
1404,تجربی,5310,2474,منطقه 2,پزشکی,دانشگاه علوم پزشکی همدان,نامشخص,kanoon
1404,تجربی,35308,2474,سهمیه 5٪,پزشکی,دانشگاه آزاد اسلامی واحد پزشکی تهران,آزاد تمام‌وقت,sajad
1404,تجربی,8097,2477,منطقه 1,پزشکی,دانشگاه علوم پزشکی تربت حیدریه,نامشخص,kanoon
1404,تجربی,9988,2479,منطقه 3,فیزیوتراپی,دانشگاه علوم پزشکی یزد,نامشخص,kanoon
1404,تجربی,5323,2480,منطقه 2,دندانپزشکی,دانشگاه آزاد اسلامی-واحد خوراسگان,آزاد,kanoon
1404,تجربی,8122,2484,منطقه 1,پزشکی,دانشگاه علوم پزشکی جهرم,شهریه پرداز,kanoon
1404,تجربی,10013,2487,منطقه 3,پزشکی,دانشگاه علوم پزشکی خراسان شمالی - بجنورد,نامشخص,kanoon
1404,تجربی,10013,2487,منطقه 3,پزشکی,دانشگاه علوم پزشکی مشهد,نامشخص,kanoon
1404,تجربی,5351,2492,منطقه 2,داروسازی,دانشگاه علوم پزشکی همدان,نامشخص,kanoon
1404,تجربی,5351,2492,منطقه 2,دندانپزشکی,دانشگاه علوم پزشکی بیرجند,نامشخص,kanoon
1404,تجربی,10029,2493,منطقه 3,پزشکی,دانشگاه علوم پزشکی کردستان - سنندج,شهریه پرداز,kanoon
1404,تجربی,8160,2497,منطقه 1,پزشکی,دانشگاه علوم پزشکی مشهد,نامشخص,kanoon
1404,تجربی,5376,2506,منطقه 2,پزشکی,دانشگاه علوم پزشکی اردبیل,نامشخص,kanoon
1404,تجربی,10067,2506,منطقه 3,پزشکی,دانشگاه علوم پزشکی تهران,نامشخص,kanoon
1404,تجربی,10067,2506,منطقه 3,پزشکی,دانشگاه علوم پزشکی کردستان - سنندج,شهریه پرداز,kanoon
1404,تجربی,10079,2509,منطقه 3,پزشکی,دانشگاه علوم پزشکی شهید بهشتی - تهران,نامشخص,kanoon
1404,تجربی,5388,2512,منطقه 2,پزشکی,دانشگاه علوم پزشکی بقیه الله,نامشخص,kanoon
1404,تجربی,5388,2512,منطقه 2,دندانپزشکی,دانشگاه علوم پزشکی تبریز,نامشخص,kanoon
1404,تجربی,10101,2516,منطقه 3,پزشکی,دانشگاه علوم پزشکی اراک,شهریه پرداز,kanoon
1404,تجربی,,2517,منطقه 1,دندانپزشکی,دانشگاه علوم پزشکی شهید صدوقی یزد,نامشخص,sibtorsh
1404,تجربی,5399,2517,منطقه 2,دندانپزشکی,دانشگاه آزاد اسلامی واحد بروجرد,آزاد,sajad
1404,تجربی,8226,2517,منطقه 1,داروسازی,دانشگاه علوم پزشکی سمنان,شهریه پرداز,kanoon
1404,تجربی,8226,2517,منطقه 1,دندانپزشکی,دانشگاه علوم پزشکی یزد,نامشخص,kanoon
1404,تجربی,8240,2521,منطقه 1,پزشکی,دانشگاه علوم پزشکی کردستان - سنندج,شهریه پرداز,kanoon
1404,تجربی,5412,2522,منطقه 2,پزشکی,دانشگاه علوم پزشکی قم,نامشخص,kanoon
1404,تجربی,5412,2522,منطقه 2,پزشکی,دانشگاه علوم پزشکی گلستان - گرگان,نامشخص,kanoon
1404,تجربی,5412,2522,منطقه 2,دندانپزشکی,دانشگاه علوم پزشکی شهرکرد,نامشخص,kanoon
1404,تجربی,5422,2529,منطقه 2,پزشکی,دانشگاه علوم پزشکی گلستان - گرگان,نامشخص,kanoon
1404,تجربی,5431,2534,منطقه 2,داروسازی,دانشگاه علوم پزشکی جندی شاپور اهواز,نامشخص,kanoon
1404,تجربی,5431,2534,منطقه 2,فیزیوتراپی,دانشگاه علوم پزشکی ایران,نامشخص,kanoon
1404,تجربی,8293,2536,منطقه 1,پزشکی,دانشگاه علوم پزشکی تربت حیدریه,نامشخص,kanoon
1404,تجربی,8306,2540,منطقه 1,دامپزشکی,دانشگاه تهران,نامشخص,kanoon
1404,تجربی,10189,2543,منطقه 3,پزشکی,دانشگاه علوم پزشکی مازندران-ساری(پردیس پزشکی آمل),شهریه پرداز,kanoon
1404,تجربی,8317,2544,منطقه 1,پزشکی,دانشگاه علوم پزشکی بندرعباس,نامشخص,kanoon
1404,تجربی,5473,2552,منطقه 2,پزشکی,دانشگاه علوم پزشکی زنجان,نامشخص,kanoon
1404,تجربی,5473,2552,منطقه 2,پزشکی,دانشگاه علوم پزشکی کرمان,نامشخص,kanoon
1404,تجربی,8346,2554,منطقه 1,پزشکی,دانشگاه علوم پزشکی گناباد,نامشخص,kanoon
1404,تجربی,5487,2559,منطقه 2,دندانپزشکی,دانشگاه علوم پزشکی اردبیل,نامشخص,kanoon
1404,تجربی,5487,2559,منطقه 2,دندانپزشکی,دانشگاه علوم پزشکی بابل,نامشخص,kanoon
1404,تجربی,10284,2564,منطقه 3,پزشکی,دانشگاه علوم پزشکی ایلام,نامشخص,kanoon
1404,تجربی,5513,2566,منطقه 2,پزشکی,دانشگاه علوم پزشکی اردبیل,نامشخص,kanoon
1404,تجربی,5523,2570,منطقه 2,پزشکی,دانشگاه علوم پزشکی کردستان - سنندج,نامشخص,kanoon
1404,تجربی,10299,2570,منطقه 3,پزشکی,دانشگاه علوم پزشکی لرستان - خرم آباد,نامشخص,kanoon
1404,تجربی,8424,2574,منطقه 1,پزشکی,دانشگاه علوم پزشکی شیراز(لارستان),نامشخص,kanoon
1404,تجربی,8434,2574,منطقه 1,داروسازی,دانشگاه علوم پزشکی بندرعباس,نامشخص,kanoon
1404,تجربی,,2582,منطقه 2,پزشکی,دانشگاه علوم پزشکی کرمانشاه,نامشخص,sibtorsh
1404,تجربی,5553,2582,منطقه 2,پزشکی,دانشگاه علوم پزشکی کرمانشاه,نامشخص,kanoon
1404,تجربی,5553,2582,منطقه 2,دندانپزشکی,دانشگاه آزاداسلامی-واحدبروجرد,آزاد,kanoon
1404,تجربی,10352,2582,منطقه 3,پزشکی,دانشگاه علوم پزشکی یزد,شهریه پرداز,kanoon
1404,تجربی,10367,2585,منطقه 3,پرستاری,دانشگاه علوم پزشکی شهید بهشتی - تهران,نامشخص,kanoon
1404,تجربی,10379,2587,منطقه 3,پزشکی,دانشگاه علوم پزشکی لرستان - خرم آباد,نامشخص,kanoon
1404,تجربی,5575,2588,منطقه 2,پزشکی,دانشگاه علوم پزشکی قم,نامشخص,kanoon
1404,تجربی,10393,2591,منطقه 3,پزشکی,دانشگاه آزاداسلامی-واحدعلوم پزشکی تبریز,آزاد,kanoon
1404,تجربی,10393,2591,منطقه 3,پزشکی,دانشگاه علوم پزشکی گلستان - گرگان,نامشخص,kanoon
1404,تجربی,5592,2594,منطقه 2,دندانپزشکی,دانشگاه علوم پزشکی سمنان,نامشخص,kanoon
1404,تجربی,8498,2594,منطقه 1,پزشکی,دانشگاه علوم پزشکی مشهد,نامشخص,kanoon
1404,تجربی,5601,2600,منطقه 2,پزشکی,دانشگاه علوم پزشکی خراسان شمالی - بجنورد,نامشخص,kanoon
1404,تجربی,5601,2600,منطقه 2,داروسازی,دانشگاه علوم پزشکی تهران,شهریه پرداز,kanoon
1404,تجربی,10426,2601,منطقه 3,پزشکی,دانشگاه علوم پزشکی شیراز,نامشخص,kanoon
1404,تجربی,5609,2605,منطقه 2,پزشکی,دانشگاه علوم پزشکی جندی شاپور اهواز,نامشخص,kanoon
1404,تجربی,5609,2605,منطقه 2,پزشکی,دانشگاه علوم پزشکی کرمان,نامشخص,kanoon
1404,تجربی,8528,2607,منطقه 1,پزشکی,دانشگاه علوم پزشکی خراسان شمالی - بجنورد,شهریه پرداز,kanoon
1404,تجربی,10442,2607,منطقه 3,پزشکی,دانشگاه علوم پزشکی شهید بهشتی - تهران,نامشخص,kanoon
1404,تجربی,5620,2611,منطقه 2,پزشکی,دانشگاه علوم پزشکی زنجان,نامشخص,kanoon
1404,تجربی,5620,2611,منطقه 2,پزشکی,دانشگاه علوم پزشکی قم,نامشخص,kanoon
1404,تجربی,5620,2611,منطقه 2,پزشکی,دانشگاه علوم پزشکی گیلان - رشت (محل تحصیل بندرانزلی),شهریه پرداز,kanoon
1404,تجربی,8561,2615,منطقه 1,پزشکی,دانشگاه آزاداسلامی-واحدقم,آزاد,kanoon
1404,تجربی,5632,2618,منطقه 2,پزشکی,دانشگاه علوم پزشکی زنجان,نامشخص,kanoon
1404,تجربی,10473,2618,منطقه 3,پزشکی,دانشگاه علوم پزشکی ارومیه,نامشخص,kanoon
1404,تجربی,5644,2624,منطقه 2,فیزیوتراپی,دانشگاه علوم پزشکی شهید بهشتی - تهران,نامشخص,kanoon
1404,تجربی,,2625,منطقه 1,فیزیوتراپی,دانشگاه علوم پزشکی سمنان,نامشخص,sibtorsh
1404,تجربی,8600,2625,منطقه 1,فیزیوتراپی,دانشگاه علوم پزشکی سمنان,نامشخص,kanoon
1404,تجربی,5658,2630,منطقه 2,پزشکی,دانشگاه علوم پزشکی اردبیل,نامشخص,kanoon
1404,تجربی,5658,2630,منطقه 2,پزشکی,دانشگاه علوم پزشکی قم,نامشخص,kanoon
1404,تجربی,5658,2630,منطقه 2,پزشکی,دانشگاه علوم پزشکی کرمان,نامشخص,kanoon
1404,تجربی,5658,2630,منطقه 2,دندانپزشکی,دانشگاه علوم پزشکی اردبیل,نامشخص,kanoon
1404,تجربی,10527,2635,منطقه 3,پزشکی,دانشگاه علوم پزشکی لرستان - خرم آباد,نامشخص,kanoon
1404,تجربی,5668,2637,منطقه 2,پزشکی,دانشگاه علوم پزشکی بیرجند,نامشخص,kanoon
1404,تجربی,5668,2637,منطقه 2,دندانپزشکی,دانشگاه علوم پزشکی بابل,نامشخص,kanoon
1404,تجربی,5678,2643,منطقه 2,دندانپزشکی,دانشگاه آزاداسلامی-واحدبروجرد,آزاد,kanoon
1404,تجربی,8655,2650,منطقه 1,پزشکی,دانشگاه علوم پزشکی آبادان,نامشخص,kanoon
1404,تجربی,8655,2650,منطقه 1,داروسازی,دانشگاه علوم پزشکی مشهد,نامشخص,kanoon
1404,تجربی,10583,2650,منطقه 3,پزشکی,دانشگاه علوم پزشکی همدان,نامشخص,kanoon
1404,تجربی,5713,2656,منطقه 2,پزشکی,دانشگاه علوم پزشکی ارومیه,شهریه پرداز,kanoon
1404,تجربی,10602,2657,منطقه 3,پزشکی,دانشگاه آزاداسلامی-واحدپزشکی تهران,آزاد,kanoon
1404,تجربی,10602,2657,منطقه 3,پزشکی,دانشگاه علوم پزشکی ارومیه,نامشخص,kanoon
1404,تجربی,5726,2660,منطقه 2,پزشکی,دانشگاه علوم پزشکی کرمان,نامشخص,kanoon
1404,تجربی,8693,2663,منطقه 1,پزشکی,دانشگاه علوم پزشکی یاسوج,شهریه پرداز,kanoon
1404,تجربی,5736,2665,منطقه 2,پزشکی,دانشگاه علوم پزشکی کرمان,نامشخص,kanoon
1404,تجربی,,2666,منطقه 3,پزشکی,دانشگاه علوم پزشکی بیرجند,نامشخص,sibtorsh
1404,تجربی,10625,2666,منطقه 3,پزشکی,دانشگاه علوم پزشکی بیرجند,نامشخص,kanoon
1404,تجربی,8712,2669,منطقه 1,فیزیوتراپی,دانشگاه علوم پزشکی همدان,نامشخص,kanoon
1404,تجربی,5746,2670,منطقه 2,داروسازی,دانشگاه علوم پزشکی یزد,نامشخص,kanoon
1404,تجربی,5746,2670,منطقه 2,دندانپزشکی,دانشگاه علوم پزشکی ارومیه,نامشخص,kanoon
1404,تجربی,10644,2672,منطقه 3,ساخت پروتزهای دندانی,دانشگاه علوم پزشکی شهید بهشتی - تهران,نامشخص,kanoon
1404,تجربی,5758,2675,منطقه 2,پزشکی,دانشگاه علوم پزشکی کرمانشاه,نامشخص,kanoon
1404,تجربی,5772,2679,منطقه 2,دندانپزشکی,دانشگاه علوم پزشکی همدان,نامشخص,kanoon
1404,تجربی,10660,2679,منطقه 3,پزشکی,دانشگاه علوم پزشکی کاشان (محل تحصیل آران و بیدگل),شهریه پرداز,kanoon
1404,تجربی,10660,2679,منطقه 3,پزشکی,دانشگاه علوم پزشکی کرمانشاه,نامشخص,kanoon
1404,تجربی,10677,2685,منطقه 3,پزشکی,دانشگاه علوم پزشکی سمنان,شهریه پرداز,kanoon
1404,تجربی,10677,2685,منطقه 3,پزشکی,دانشگاه علوم پزشکی کاشان (محل تحصیل آران و بیدگل),شهریه پرداز,kanoon
1404,تجربی,5794,2689,منطقه 2,پزشکی,دانشگاه علوم پزشکی زنجان,نامشخص,kanoon
1404,تجربی,5805,2693,منطقه 2,دندانپزشکی,دانشگاه علوم پزشکی یزد,نامشخص,kanoon
1404,تجربی,5816,2699,منطقه 2,پزشکی,دانشگاه علوم پزشکی اراک,نامشخص,kanoon
1404,تجربی,5816,2699,منطقه 2,پزشکی,دانشگاه علوم پزشکی گلستان - گرگان,نامشخص,kanoon
1404,تجربی,10765,2707,منطقه 3,پزشکی,دانشگاه علوم پزشکی کرمان,شهریه پرداز,kanoon
1404,تجربی,38017,2710,سهمیه 5٪,پزشکی,دانشگاه آزاد اسلامی واحد پزشکی تهران,آزاد خودگردان,sajad
1404,تجربی,10781,2712,منطقه 3,پزشکی,دانشگاه علوم پزشکی جندی شاپور اهواز,نامشخص,kanoon
1404,تجربی,8855,2714,منطقه 1,پزشکی,دانشگاه علوم پزشکی شیراز(لارستان),نامشخص,kanoon
1404,تجربی,5843,2715,منطقه 2,پزشکی,دانشگاه علوم پزشکی گلستان - گرگان,نامشخص,kanoon
1404,تجربی,10796,2715,منطقه 3,پزشکی,دانشگاه آزاداسلامی-واحدساری,آزاد,kanoon
1404,تجربی,10811,2718,منطقه 3,پزشکی,دانشگاه آزاد اسلامی-واحدنجف آباد,آزاد,kanoon
1404,تجربی,5851,2720,منطقه 2,دندانپزشکی,دانشگاه علوم پزشکی تبریز,نامشخص,kanoon
1404,تجربی,5860,2725,منطقه 2,پزشکی,دانشگاه علوم پزشکی شهرکرد,شهریه پرداز,kanoon
1404,تجربی,5870,2729,منطقه 2,پزشکی,دانشگاه علوم پزشکی اردبیل,نامشخص,kanoon
1404,تجربی,5870,2729,منطقه 2,پزشکی,دانشگاه علوم پزشکی گلستان - گرگان,نامشخص,kanoon
1404,تجربی,8918,2730,منطقه 1,تکنولوژی اتاق عمل,دانشگاه علوم پزشکی فسا,نامشخص,kanoon
1404,تجربی,5879,2732,منطقه 2,پزشکی,دانشگاه علوم پزشکی اردبیل,نامشخص,kanoon
1404,تجربی,8928,2733,منطقه 1,بینایی سنجی,دانشگاه علوم پزشکی ایران,نامشخص,kanoon
1404,تجربی,,2735,منطقه 3,داروسازی,دانشگاه علوم پزشکی مازندران - ساری,نامشخص,sibtorsh
1404,تجربی,10869,2735,منطقه 3,پزشکی,دانشگاه علوم پزشکی زنجان,نامشخص,kanoon
1404,تجربی,10869,2735,منطقه 3,داروسازی,دانشگاه علوم پزشکی مازندران-ساری(پردیس خودگردان رامسر),شهریه پرداز,kanoon
1404,تجربی,5888,2736,منطقه 2,پزشکی,دانشگاه علوم پزشکی خراسان شمالی - بجنورد,نامشخص,kanoon
1404,تجربی,8959,2739,منطقه 1,داروسازی,دانشگاه علوم پزشکی کرمان,شهریه پرداز,kanoon
1404,تجربی,5908,2745,منطقه 2,پزشکی,دانشگاه علوم پزشکی زاهدان,نامشخص,kanoon
1404,تجربی,5908,2745,منطقه 2,دندانپزشکی,دانشگاه علوم پزشکی تبریز,نامشخص,kanoon
1404,تجربی,8989,2746,منطقه 1,بینایی سنجی,دانشگاه علوم پزشکی ایران,نامشخص,kanoon
1404,تجربی,8989,2746,منطقه 1,پزشکی,دانشگاه علوم پزشکی شهید بهشتی - تهران,نامشخص,kanoon
1404,تجربی,10900,2746,منطقه 3,پزشکی,دانشگاه علوم پزشکی ارومیه,نامشخص,kanoon
1404,تجربی,10900,2746,منطقه 3,پزشکی,دانشگاه علوم پزشکی یزد,شهریه پرداز,kanoon
1404,تجربی,5918,2751,منطقه 2,پزشکی,دانشگاه علوم پزشکی گلستان - گرگان,نامشخص,kanoon
1404,تجربی,5918,2751,منطقه 2,داروسازی,دانشگاه علوم پزشکی تهران,شهریه پرداز,kanoon
1404,تجربی,5918,2751,منطقه 2,داروسازی,دانشگاه علوم پزشکی گیلان - رشت,نامشخص,kanoon
1404,تجربی,10915,2751,منطقه 3,پزشکی,دانشگاه علوم پزشکی کرمان(سیرجان),نامشخص,kanoon
1404,تجربی,5927,2756,منطقه 2,پزشکی,دانشگاه علوم پزشکی بابل,پردیس,sajad
1404,تجربی,10929,2756,منطقه 3,پزشکی,دانشگاه علوم پزشکی ارتش جمهوری اسلامی ایران,نامشخص,kanoon
1404,تجربی,10929,2756,منطقه 3,داروسازی,دانشگاه علوم پزشکی جندی شاپور اهواز,شهریه‌پرداز,sajad
1404,تجربی,,2761,منطقه 2,داروسازی,دانشگاه علوم پزشکی همدان,نامشخص,sibtorsh
1404,تجربی,5936,2761,منطقه 2,داروسازی,دانشگاه علوم پزشکی همدان,نامشخص,kanoon
1404,تجربی,9049,2762,منطقه 1,پزشکی,دانشگاه علوم پزشکی زاهدان,نامشخص,kanoon
1404,تجربی,10946,2762,منطقه 3,پزشکی,دانشگاه آزاداسلامی-واحدعلوم پزشکی تبریز,آزاد,kanoon
1404,تجربی,,2768,منطقه 3,پزشکی,دانشگاه علوم پزشکی ایران,نامشخص,sibtorsh
1404,تجربی,10968,2768,منطقه 3,پزشکی,دانشگاه علوم پزشکی ارتش جمهوری اسلامی ایران,نامشخص,kanoon
1404,تجربی,5956,2769,منطقه 2,پزشکی,دانشگاه علوم پزشکی گلستان - گرگان,نامشخص,kanoon
1404,تجربی,5956,2769,منطقه 2,داروسازی,دانشگاه علوم پزشکی تبریز,نامشخص,kanoon
1404,تجربی,10988,2773,منطقه 3,پزشکی,دانشگاه آزاداسلامی-واحدعلوم پزشکی تبریز,آزاد,kanoon
1404,تجربی,5976,2776,منطقه 2,دندانپزشکی,دانشگاه علوم پزشکی ارومیه,نامشخص,kanoon
1404,تجربی,11006,2777,منطقه 3,پزشکی,دانشگاه علوم پزشکی رفسنجان,شهریه پرداز,kanoon
1404,تجربی,5988,2780,منطقه 2,پزشکی,دانشگاه علوم پزشکی ارومیه,شهریه پرداز,kanoon
1404,تجربی,9112,2780,منطقه 1,پزشکی,دانشگاه علوم پزشکی شیراز(گراش),نامشخص,kanoon
1404,تجربی,6000,2786,منطقه 2,پزشکی,دانشگاه علوم پزشکی لرستان - خرم آباد,نامشخص,kanoon
1404,تجربی,11054,2786,منطقه 3,پزشکی,دانشگاه علوم پزشکی کرمان,شهریه پرداز,kanoon
1404,تجربی,11054,2786,منطقه 3,پزشکی,دانشگاه علوم پزشکی یاسوج,نامشخص,kanoon
1404,تجربی,11054,2786,منطقه 3,فیزیوتراپی,دانشگاه علوم پزشکی همدان,نامشخص,kanoon
1404,تجربی,6015,2794,منطقه 2,پزشکی,دانشگاه علوم پزشکی اراک,نامشخص,kanoon
1404,تجربی,6015,2794,منطقه 2,پزشکی,دانشگاه علوم پزشکی اردبیل,نامشخص,kanoon
1404,تجربی,6015,2794,منطقه 2,پزشکی,دانشگاه علوم پزشکی اردبیل,نامشخص,kanoon
1404,تجربی,9160,2794,منطقه 1,پزشکی,دانشگاه علوم پزشکی کردستان - سنندج,شهریه پرداز,kanoon
1404,تجربی,11109,2796,منطقه 3,پزشکی,دانشگاه علوم پزشکی کرمان,شهریه پرداز,kanoon
1404,تجربی,11126,2800,منطقه 3,فیزیوتراپی,دانشگاه علوم پزشکی شهرکرد,نامشخص,kanoon
1404,تجربی,6038,2805,منطقه 2,پزشکی,دانشگاه علوم پزشکی سبزوار,نامشخص,kanoon
1404,تجربی,6052,2810,منطقه 2,پزشکی,دانشگاه علوم پزشکی سمنان,نامشخص,kanoon
1404,تجربی,6052,2810,منطقه 2,دندانپزشکی,دانشگاه علوم پزشکی البرز - کرج,نامشخص,kanoon
1404,تجربی,9242,2819,منطقه 1,پزشکی,دانشگاه آزاداسلامی-واحدساری,آزاد,kanoon
1404,تجربی,9242,2819,منطقه 1,فیزیوتراپی,دانشگاه علوم پزشکی سمنان,نامشخص,kanoon
1404,تجربی,11191,2819,منطقه 3,پزشکی,دانشگاه علوم پزشکی همدان,نامشخص,kanoon
1404,تجربی,9293,2830,منطقه 1,پزشکی,دانشگاه علوم پزشکی ایران,نامشخص,kanoon
1404,تجربی,6112,2835,منطقه 2,داروسازی,دانشگاه علوم پزشکی بابل,نامشخص,kanoon
1404,تجربی,6112,2835,منطقه 2,داروسازی,دانشگاه علوم پزشکی مازندران - ساری,نامشخص,kanoon
1404,تجربی,6127,2840,منطقه 2,پزشکی,دانشگاه علوم پزشکی گلستان - گرگان,نامشخص,kanoon
1404,تجربی,11257,2840,منطقه 3,پزشکی,دانشگاه علوم پزشکی شهید بهشتی - تهران,نامشخص,kanoon
1404,تجربی,9326,2842,منطقه 1,پزشکی,دانشگاه علوم پزشکی مشهد,نامشخص,kanoon
1404,تجربی,11273,2845,منطقه 3,پزشکی,دانشگاه علوم پزشکی زاهدان,شهریه پرداز,kanoon
1404,تجربی,11273,2845,منطقه 3,دندانپزشکی,دانشگاه علوم پزشکی کرمانشاه,نامشخص,kanoon
1404,تجربی,11273,2845,منطقه 3,فیزیوتراپی,دانشگاه علوم پزشکی جندی شاپور اهواز,شهریه پرداز,kanoon
1404,تجربی,6156,2852,منطقه 2,پزشکی,دانشگاه علوم پزشکی اردبیل,نامشخص,kanoon
1404,تجربی,6156,2852,منطقه 2,پزشکی,دانشگاه علوم پزشکی جهرم,نامشخص,kanoon
1404,تجربی,11333,2862,منطقه 3,پزشکی,دانشگاه علوم پزشکی ارتش جمهوری اسلامی ایران,نامشخص,kanoon
1404,تجربی,9395,2865,منطقه 1,پزشکی,دانشگاه علوم پزشکی شهید بهشتی - تهران,نامشخص,kanoon
1404,تجربی,6185,2866,منطقه 2,دندانپزشکی,دانشگاه علوم پزشکی کرمانشاه,نامشخص,kanoon
1404,تجربی,11350,2867,منطقه 3,پزشکی,دانشگاه علوم پزشکی بم,شهریه پرداز,kanoon
1404,تجربی,6194,2869,منطقه 2,پزشکی,دانشگاه علوم پزشکی گلستان - گرگان,نامشخص,kanoon
1404,تجربی,6194,2869,منطقه 2,دندانپزشکی,دانشگاه علوم پزشکی قزوین,نامشخص,kanoon
1404,تجربی,6202,2871,منطقه 2,داروسازی,دانشگاه علوم پزشکی تبریز,نامشخص,kanoon
1404,تجربی,9448,2876,منطقه 1,پزشکی,دانشگاه علوم پزشکی بندرعباس,شهریه پرداز,kanoon
1404,تجربی,11378,2877,منطقه 3,بینایی سنجی,دانشگاه علوم پزشکی شهید بهشتی - تهران,نامشخص,kanoon
1404,تجربی,11378,2877,منطقه 3,پزشکی,دانشگاه علوم پزشکی ایلام,نامشخص,kanoon
1404,تجربی,11378,2877,منطقه 3,پزشکی,دانشگاه علوم پزشکی شیراز,نامشخص,kanoon
1404,تجربی,6241,2886,منطقه 2,پزشکی,دانشگاه علوم پزشکی زنجان,شهریه پرداز,kanoon
1404,تجربی,6241,2886,منطقه 2,دندانپزشکی,دانشگاه علوم پزشکی ارومیه,نامشخص,kanoon
1404,تجربی,9492,2886,منطقه 1,پزشکی,دانشگاه علوم پزشکی تبریز,نامشخص,kanoon
1404,تجربی,6254,2894,منطقه 2,پزشکی,دانشگاه علوم پزشکی بوشهر,نامشخص,kanoon
1404,تجربی,6254,2894,منطقه 2,پزشکی,دانشگاه علوم پزشکی زنجان,نامشخص,kanoon
1404,تجربی,6254,2894,منطقه 2,پزشکی,دانشگاه علوم پزشکی زنجان,روزانه,sajad
1404,تجربی,6254,2894,منطقه 2,پزشکی,دانشگاه علوم پزشکی لرستان - خرم آباد,نامشخص,kanoon
1404,تجربی,6254,2894,منطقه 2,پزشکی,دانشگاه علوم پزشکی لرستان - خرم‌آباد,روزانه,sajad
1404,تجربی,11428,2896,منطقه 3,پزشکی,دانشگاه علوم پزشکی شهید بهشتی - تهران,نامشخص,kanoon
1404,تجربی,6267,2901,منطقه 2,فیزیوتراپی,دانشگاه علوم پزشکی اصفهان,نامشخص,kanoon
1404,تجربی,6377,2901,منطقه 2,دندانپزشکی,دانشگاه علوم پزشکی کرمانشاه,نامشخص,kanoon
1404,تجربی,11451,2902,منطقه 3,پزشکی,دانشگاه علوم پزشکی تهران,نامشخص,kanoon
1404,تجربی,6277,2906,منطقه 2,پزشکی,دانشگاه آزاداسلامی-واحدساری,آزاد,kanoon
1404,تجربی,11470,2908,منطقه 3,پزشکی,دانشگاه علوم پزشکی زاهدان,نامشخص,kanoon
1404,تجربی,11470,2908,منطقه 3,پزشکی,دانشگاه علوم پزشکی شهید بهشتی - تهران,نامشخص,kanoon
1404,تجربی,6295,2912,منطقه 2,پزشکی,دانشگاه علوم پزشکی کرمانشاه,نامشخص,kanoon
1404,تجربی,6295,2912,منطقه 2,دندانپزشکی,دانشگاه علوم پزشکی مازندران - ساری,نامشخص,kanoon
1404,تجربی,11488,2914,منطقه 3,پزشکی,دانشگاه علوم پزشکی زنجان,نامشخص,kanoon
1404,تجربی,11488,2914,منطقه 3,پزشکی,دانشگاه علوم پزشکی لرستان - خرم آباد,نامشخص,kanoon
1404,تجربی,6305,2917,منطقه 2,پزشکی,دانشگاه علوم پزشکی ارومیه,شهریه پرداز,kanoon
1404,تجربی,9621,2919,منطقه 1,پزشکی,دانشگاه علوم پزشکی ایلام,شهریه‌پرداز,sajad
1404,تجربی,9621,2919,منطقه 1,پزشکی,دانشگاه علوم پزشکی تهران,نامشخص,kanoon
1404,تجربی,11523,2921,منطقه 3,پزشکی,دانشگاه علوم پزشکی تهران,نامشخص,kanoon
1404,تجربی,11541,2925,منطقه 3,پزشکی,دانشگاه علوم پزشکی ایران,نامشخص,kanoon
1404,تجربی,6323,2927,منطقه 2,پزشکی,دانشکده علوم پزشکی نیشابور,نامشخص,kanoon
1404,تجربی,9645,2928,منطقه 1,فیزیوتراپی,دانشگاه علوم پزشکی یزد,نامشخص,kanoon
1404,تجربی,11559,2929,منطقه 3,بینایی سنجی,دانشگاه علوم پزشکی مشهد,نامشخص,kanoon
1404,تجربی,11559,2929,منطقه 3,بینایی‌سنجی,دانشگاه علوم پزشکی مشهد,روزانه,sajad
1404,تجربی,6332,2931,منطقه 2,پزشکی,دانشگاه علوم پزشکی اردبیل,نامشخص,kanoon
1404,تجربی,6332,2931,منطقه 2,پزشکی,دانشگاه علوم پزشکی بابل,شهریه پرداز,kanoon
1404,تجربی,11572,2934,منطقه 3,فوریت های پزشکی پیش بیمارستانی,دانشگاه علوم پزشکی فسا,نامشخص,kanoon
1404,تجربی,9676,2938,منطقه 1,پزشکی,دانشگاه علوم پزشکی شهید بهشتی - تهران,نامشخص,kanoon
1404,تجربی,11589,2940,منطقه 3,پزشکی,دانشگاه آزاداسلامی-واحدعلوم پزشکی تبریز,آزاد,kanoon
1404,تجربی,6382,2949,منطقه 2,پزشکی,دانشگاه علوم پزشکی لرستان - خرم آباد,نامشخص,kanoon
1404,تجربی,11678,2967,منطقه 3,دندانپزشکی,دانشگاه علوم پزشکی اصفهان,نامشخص,kanoon
1404,تجربی,9791,2968,منطقه 1,داروسازی,دانشگاه علوم پزشکی زابل,شهریه پرداز,kanoon
1404,تجربی,6420,2969,منطقه 2,پزشکی,دانشگاه علوم پزشکی شاهرود,نامشخص,kanoon
1404,تجربی,6420,2969,منطقه 2,پزشکی,دانشگاه علوم پزشکی کردستان - سنندج,نامشخص,kanoon
1404,تجربی,6420,2969,منطقه 2,پزشکی,دانشگاه علوم پزشکی کرمانشاه,نامشخص,kanoon
1404,تجربی,6420,2969,منطقه 2,پزشکی,دانشگاه علوم پزشکی گیلان - رشت (محل تحصیل بندرانزلی),شهریه پرداز,kanoon
1404,تجربی,6420,2969,منطقه 2,پزشکی,دانشگاه علوم پزشکی لرستان - خرم آباد,نامشخص,kanoon
1404,تجربی,11698,2974,منطقه 3,پزشکی,دانشگاه علوم پزشکی دزفول,نامشخص,kanoon
1404,تجربی,9807,2975,منطقه 1,پزشکی,دانشگاه علوم پزشکی تهران,نامشخص,kanoon
1404,تجربی,11729,2982,منطقه 3,پزشکی,دانشگاه علوم پزشکی ارتش جمهوری اسلامی ایران,نامشخص,kanoon
1404,تجربی,6455,2986,منطقه 2,داروسازی,دانشگاه علوم پزشکی مازندران - ساری,نامشخص,kanoon
1404,تجربی,11752,2988,منطقه 3,پزشکی,دانشگاه علوم پزشکی تبریز,نامشخص,kanoon
1404,تجربی,6467,2993,منطقه 2,پزشکی,دانشگاه علوم پزشکی سمنان,نامشخص,kanoon
1404,تجربی,6467,2993,منطقه 2,پزشکی,دانشگاه علوم پزشکی لرستان - خرم آباد,نامشخص,kanoon
1404,تجربی,11770,2995,منطقه 3,پزشکی,دانشگاه علوم پزشکی شیراز,نامشخص,kanoon
1404,تجربی,9893,2996,منطقه 1,پزشکی,دانشگاه آزاداسلامی-واحد اردبیل,آزاد,kanoon
1404,تجربی,9911,3000,منطقه 1,پزشکی,دانشگاه علوم پزشکی زاهدان,شهریه پرداز,kanoon
1404,تجربی,11786,3002,منطقه 3,پزشکی,دانشگاه علوم پزشکی لرستان - خرم آباد,نامشخص,kanoon
1404,تجربی,6483,3003,منطقه 2,پزشکی,دانشگاه علوم پزشکی خراسان شمالی - بجنورد,نامشخص,kanoon
1404,تجربی,6483,3003,منطقه 2,دندانپزشکی,دانشگاه علوم پزشکی گیلان - رشت,نامشخص,kanoon
1404,تجربی,11802,3007,منطقه 3,پزشکی,دانشگاه علوم پزشکی ارومیه,نامشخص,kanoon
1404,تجربی,9937,3009,منطقه 1,پزشکی,دانشگاه علوم پزشکی ایرانشهر,نامشخص,kanoon
1404,تجربی,9937,3009,منطقه 1,فیزیوتراپی,دانشگاه علوم پزشکی زاهدان,نامشخص,kanoon
1404,تجربی,6498,3010,منطقه 2,پزشکی,دانشگاه علوم پزشکی سمنان,نامشخص,kanoon
1404,تجربی,11832,3014,منطقه 3,پزشکی,دانشگاه علوم پزشکی فسا,نامشخص,kanoon
1404,تجربی,6511,3018,منطقه 2,پزشکی,دانشگاه علوم پزشکی کرمانشاه,نامشخص,kanoon
1404,تجربی,11885,3026,منطقه 3,پزشکی,دانشگاه علوم پزشکی مشهد,نامشخص,kanoon
1404,تجربی,11885,3026,منطقه 3,داروسازی,دانشگاه آزاداسلامی-واحدپزشکی تهران,آزاد,kanoon
1404,تجربی,6529,3027,منطقه 2,پزشکی,دانشگاه علوم پزشکی اراک,نامشخص,kanoon
1404,تجربی,6529,3027,منطقه 2,پزشکی,دانشگاه علوم پزشکی همدان,شهریه پرداز,kanoon
1404,تجربی,6537,3030,منطقه 2,پزشکی,دانشگاه علوم پزشکی خراسان شمالی - بجنورد,نامشخص,kanoon
1404,تجربی,9988,3032,منطقه 1,فیزیوتراپی,دانشگاه علوم پزشکی کرمانشاه,شهریه پرداز,kanoon
1404,تجربی,11905,3034,منطقه 3,پزشکی,دانشگاه علوم پزشکی ارومیه,نامشخص,kanoon
1404,تجربی,11905,3034,منطقه 3,پزشکی,دانشگاه علوم پزشکی شیراز,نامشخص,kanoon
1404,تجربی,6573,3040,منطقه 2,پزشکی,دانشگاه علوم پزشکی قم,شهریه پرداز,kanoon
1404,تجربی,6583,3044,منطقه 2,پزشکی,دانشگاه آزاداسلامی-واحدپزشکی تهران,آزاد,kanoon
1404,تجربی,11951,3045,منطقه 3,پزشکی,دانشگاه علوم پزشکی اردبیل,نامشخص,kanoon
1404,تجربی,6595,3048,منطقه 2,پزشکی,دانشگاه علوم پزشکی اراک,نامشخص,kanoon
1404,تجربی,6595,3048,منطقه 2,پزشکی,دانشگاه علوم پزشکی زنجان,نامشخص,kanoon
1404,تجربی,6595,3048,منطقه 2,دندانپزشکی,دانشگاه علوم پزشکی قزوین,نامشخص,kanoon
1404,تجربی,11966,3048,منطقه 3,پزشکی,دانشگاه علوم پزشکی بیرجند,نامشخص,kanoon
1404,تجربی,6607,3053,منطقه 2,پزشکی,دانشگاه علوم پزشکی کرمان,نامشخص,kanoon
1404,تجربی,11994,3055,منطقه 3,تکنولوژی پرتوشناسی,دانشگاه علوم پزشکی تهران,نامشخص,kanoon
1404,تجربی,6619,3056,منطقه 2,پزشکی,دانشگاه علوم پزشکی زنجان,نامشخص,kanoon
1404,تجربی,6635,3062,منطقه 2,پزشکی,دانشگاه علوم پزشکی دزفول,نامشخص,kanoon
1404,تجربی,6646,3065,منطقه 2,پزشکی,دانشگاه علوم پزشکی گیلان - رشت (محل تحصیل بندرانزلی),شهریه پرداز,kanoon
1404,تجربی,12024,3065,منطقه 3,پزشکی,دانشگاه علوم پزشکی قزوین,نامشخص,kanoon
1404,تجربی,6658,3069,منطقه 2,پزشکی,دانشگاه علوم پزشکی زنجان,نامشخص,kanoon
1404,تجربی,6658,3069,منطقه 2,پزشکی,دانشگاه علوم پزشکی زنجان,نامشخص,kanoon
1404,تجربی,12041,3072,منطقه 3,پزشکی,دانشگاه علوم پزشکی جندی شاپور اهواز,نامشخص,kanoon
1404,تجربی,6670,3074,منطقه 2,پزشکی,دانشگاه علوم پزشکی اردبیل,شهریه پرداز,kanoon
1404,تجربی,6670,3074,منطقه 2,پزشکی,دانشگاه علوم پزشکی کرمان(سیرجان),نامشخص,kanoon
1404,تجربی,12062,3078,منطقه 3,پزشکی,دانشگاه علوم پزشکی یاسوج,نامشخص,kanoon
1404,تجربی,12062,3078,منطقه 3,پزشکی,دانشگاه علوم پزشکی یزد,نامشخص,kanoon
1404,تجربی,6681,3081,منطقه 2,پزشکی,دانشگاه علوم پزشکی شاهرود,نامشخص,kanoon
1404,تجربی,6691,3085,منطقه 2,داروسازی,دانشگاه علوم پزشکی کرمان,نامشخص,kanoon
1404,تجربی,6705,3091,منطقه 2,پزشکی,دانشگاه آزاداسلامی-واحدپزشکی تهران,آزاد,kanoon
1404,تجربی,6705,3091,منطقه 2,دندانپزشکی,دانشگاه علوم پزشکی کرمانشاه,نامشخص,kanoon
1404,تجربی,12131,3094,منطقه 3,پزشکی,دانشگاه علوم پزشکی لرستان - خرم آباد,نامشخص,kanoon
1404,تجربی,6728,3103,منطقه 2,پزشکی,دانشگاه علوم پزشکی همدان,شهریه پرداز,kanoon
1404,تجربی,12163,3105,منطقه 3,پزشکی,دانشگاه علوم پزشکی لرستان - خرم آباد,نامشخص,kanoon
1404,تجربی,6738,3109,منطقه 2,پزشکی,دانشگاه علوم پزشکی کردستان - سنندج,نامشخص,kanoon
1404,تجربی,12178,3109,منطقه 3,پزشکی,دانشگاه علوم پزشکی جندی شاپور اهواز,نامشخص,kanoon
1404,تجربی,10325,3111,منطقه 1,پزشکی,دانشگاه علوم پزشکی شهید بهشتی - تهران,نامشخص,kanoon
1404,تجربی,12191,3113,منطقه 3,پزشکی,دانشگاه علوم پزشکی شیراز,نامشخص,kanoon
1404,تجربی,6754,3118,منطقه 2,پزشکی,دانشگاه علوم پزشکی دزفول,نامشخص,kanoon
1404,تجربی,,3119,منطقه 3,داروسازی,دانشگاه آزاد اسلامی واحد پزشکی تهران,آزاد,sibtorsh
1404,تجربی,6765,3122,منطقه 2,پزشکی,دانشگاه علوم پزشکی ارتش جمهوری اسلامی ایران,نامشخص,kanoon
1404,تجربی,12226,3126,منطقه 3,بینایی سنجی,دانشگاه علوم پزشکی مشهد,نامشخص,kanoon
1404,تجربی,6789,3129,منطقه 2,پزشکی,دانشگاه علوم پزشکی شاهرود,نامشخص,kanoon
1404,تجربی,10393,3131,منطقه 1,پزشکی,دانشگاه علوم پزشکی تبریز,نامشخص,kanoon
1404,تجربی,6802,3133,منطقه 2,پزشکی,دانشگاه علوم پزشکی یاسوج,نامشخص,kanoon
1404,تجربی,12258,3135,منطقه 3,پرستاری,دانشگاه علوم پزشکی تهران,نامشخص,kanoon
1404,تجربی,43249,3137,سهمیه 5٪,پزشکی,دانشگاه آزاد اسلامی واحد یزد,آزاد,sajad
1404,تجربی,12273,3142,منطقه 3,پزشکی,دانشگاه علوم پزشکی ارومیه,نامشخص,kanoon
1404,تجربی,12273,3142,منطقه 3,دندانپزشکی,دانشگاه علوم پزشکی بندرعباس,نامشخص,kanoon
1404,تجربی,6835,3147,منطقه 2,پزشکی,دانشگاه علوم پزشکی قم,شهریه پرداز,kanoon
1404,تجربی,6835,3147,منطقه 2,پزشکی,دانشگاه علوم پزشکی لرستان - خرم آباد,نامشخص,kanoon
1404,تجربی,12308,3148,منطقه 3,داروسازی,دانشگاه آزاداسلامی-واحد ایت الله املی,آزاد,kanoon
1404,تجربی,6846,3151,منطقه 2,پزشکی,دانشگاه علوم پزشکی لرستان - خرم آباد,نامشخص,kanoon
1404,تجربی,12320,3151,منطقه 3,پرستاری,دانشگاه علوم پزشکی تهران,نامشخص,kanoon
1404,تجربی,6856,3154,منطقه 2,داروسازی,دانشگاه علوم پزشکی جندی شاپور اهواز,نامشخص,kanoon
1404,تجربی,6856,3154,منطقه 2,داروسازی,دانشگاه علوم پزشکی جندی شاپور اهواز,روزانه,sajad
1404,تجربی,12337,3157,منطقه 3,ساخت پروتزهای دندانی,دانشگاه علوم پزشکی شهید بهشتی - تهران,نامشخص,kanoon
1404,تجربی,12337,3157,منطقه 3,ساخت پروتزهای دندانی,دانشگاه علوم پزشکی شهید بهشتی - تهران,روزانه,sajad
1404,تجربی,12337,3157,منطقه 3,فیزیوتراپی,دانشگاه علوم پزشکی زاهدان,شهریه پرداز,kanoon
1404,تجربی,12356,3163,منطقه 3,پزشکی,دانشگاه علوم پزشکی کرمان,نامشخص,kanoon
1404,تجربی,6883,3165,منطقه 2,پزشکی,دانشگاه علوم پزشکی همدان,شهریه پرداز,kanoon
1404,تجربی,12374,3168,منطقه 3,دندانپزشکی,دانشگاه علوم پزشکی ایلام,تعهدی,sajad
1404,تجربی,12393,3174,منطقه 3,پزشکی,دانشگاه علوم پزشکی زاهدان,روزانه,sajad
1404,تجربی,10550,3177,منطقه 1,پزشکی,دانشگاه آزاداسلامی-واحدساری,آزاد,kanoon
1404,تجربی,6914,3179,منطقه 2,پزشکی,دانشگاه علوم پزشکی کردستان - سنندج,نامشخص,kanoon
1404,تجربی,6914,3179,منطقه 2,داروسازی,دانشگاه علوم پزشکی کرمانشاه,نامشخص,kanoon
1404,تجربی,12410,3181,منطقه 3,پزشکی,دانشگاه علوم پزشکی ایلام,نامشخص,kanoon
1404,تجربی,6932,3186,منطقه 2,پزشکی,دانشگاه علوم پزشکی کردستان - سنندج,نامشخص,kanoon
1404,تجربی,6932,3186,منطقه 2,دندانپزشکی,دانشگاه علوم پزشکی کردستان - سنندج,نامشخص,kanoon
1404,تجربی,6932,3186,منطقه 2,دندانپزشکی,دانشگاه علوم پزشکی کرمانشاه,نامشخص,kanoon
1404,تجربی,,3194,منطقه 3,داروسازی,دانشگاه آزاد اسلامی واحد پزشکی تهران,آزاد,sibtorsh
1404,تجربی,12446,3194,منطقه 3,پزشکی,دانشگاه علوم پزشکی اصفهان,نامشخص,kanoon
1404,تجربی,12446,3194,منطقه 3,پزشکی,دانشگاه علوم پزشکی قم,نامشخص,kanoon
1404,تجربی,12458,3198,منطقه 3,پزشکی,دانشگاه آزاداسلامی-واحدکازرون,آزاد,kanoon
1404,تجربی,12471,3201,منطقه 3,پزشکی,دانشگاه علوم پزشکی لرستان - خرم آباد,نامشخص,kanoon
1404,تجربی,12497,3210,منطقه 3,پزشکی,دانشگاه علوم پزشکی کرمانشاه,نامشخص,kanoon
1404,تجربی,10696,3216,منطقه 1,فیزیوتراپی,دانشگاه علوم پزشکی زاهدان,شهریه پرداز,kanoon
1404,تجربی,10712,3220,منطقه 1,پزشکی,دانشگاه علوم پزشکی شهید بهشتی - تهران,نامشخص,kanoon
1404,تجربی,12529,3222,منطقه 3,پزشکی,دانشگاه علوم پزشکی شیراز,نامشخص,kanoon
1404,تجربی,7041,3224,منطقه 2,پزشکی,دانشگاه علوم پزشکی اراک(ساوه),نامشخص,kanoon
1404,تجربی,10727,3225,منطقه 1,پزشکی,دانشگاه علوم پزشکی شیراز,نامشخص,kanoon
1404,تجربی,10747,3232,منطقه 1,پزشکی,دانشگاه آزاداسلامی-واحدتنکابن --آزاد-خودگردان,آزاد,kanoon
1404,تجربی,12559,3232,منطقه 3,پزشکی,دانشگاه علوم پزشکی کردستان - سنندج,نامشخص,kanoon
1404,تجربی,12578,3238,منطقه 3,پزشکی,دانشگاه آزاداسلامی-واحدتنکابن,آزاد,kanoon
1404,تجربی,10765,3239,منطقه 1,پزشکی,دانشگاه آزاداسلامی-واحد اردبیل,آزاد,kanoon
1404,تجربی,10781,3244,منطقه 1,پزشکی,دانشگاه علوم پزشکی اصفهان,نامشخص,kanoon
1404,تجربی,12614,3252,منطقه 3,پزشکی,دانشگاه علوم پزشکی اردبیل,نامشخص,kanoon
1404,تجربی,7119,3253,منطقه 2,پزشکی,دانشگاه علوم پزشکی بیرجند,نامشخص,kanoon
1404,تجربی,7128,3257,منطقه 2,پزشکی,دانشگاه علوم پزشکی لرستان - خرم آباد,نامشخص,kanoon
1404,تجربی,10848,3258,منطقه 1,پزشکی,دانشگاه آزاداسلامی-واحد اردبیل,آزاد,kanoon
1404,تجربی,10848,3258,منطقه 1,پزشکی,دانشگاه علوم پزشکی مشهد,نامشخص,kanoon
1404,تجربی,10869,3263,منطقه 1,بینایی سنجی,دانشگاه علوم پزشکی مشهد,شهریه پرداز,kanoon
1404,تجربی,10869,3263,منطقه 1,تکنولوژی پرتوشناسی,دانشگاه علوم پزشکی تهران,نامشخص,kanoon
1404,تجربی,12659,3266,منطقه 3,پزشکی,دانشگاه علوم پزشکی همدان,نامشخص,kanoon
1404,تجربی,7152,3269,منطقه 2,فیزیوتراپی,دانشگاه علوم توانبخشی وسلامت اجتماعی-تهران(رشته های پزشکی),نامشخص,kanoon
1404,تجربی,7152,3269,منطقه 2,فیزیوتراپی,دانشگاه علوم توانبخشی وسلامت اجتماعی-تهران(رشته های پزشکی),نامشخص,kanoon
1404,تجربی,7165,3275,منطقه 2,داروسازی,دانشگاه علوم پزشکی کرمان,نامشخص,kanoon
1404,تجربی,12695,3277,منطقه 3,پزشکی,دانشگاه علوم پزشکی مازندران - ساری,نامشخص,kanoon
1404,تجربی,7165,3279,منطقه 2,داروسازی,دانشگاه آزاداسلامی-واحددامغان,آزاد,kanoon
1404,تجربی,10946,3279,منطقه 1,پزشکی,دانشگاه آزاداسلامی-واحدشاهرود,آزاد,kanoon
1404,تجربی,7177,3281,منطقه 2,پزشکی,دانشگاه علوم پزشکی یزد,شهریه پرداز,kanoon
1404,تجربی,7177,3281,منطقه 2,داروسازی,دانشگاه علوم پزشکی زنجان,نامشخص,kanoon
1404,تجربی,12713,3282,منطقه 3,پزشکی,دانشگاه آزاداسلامی-واحدساری,آزاد,kanoon
1404,تجربی,10968,3286,منطقه 1,پزشکی,دانشگاه علوم پزشکی ایران,نامشخص,kanoon
1404,تجربی,7189,3288,منطقه 2,پزشکی,دانشگاه علوم پزشکی شاهرود,نامشخص,kanoon
1404,تجربی,12731,3288,منطقه 3,پزشکی,دانشگاه علوم پزشکی همدان,نامشخص,kanoon
1404,تجربی,12746,3293,منطقه 3,پزشکی,دانشگاه آزاداسلامی-واحد اردبیل,آزاد,kanoon
1404,تجربی,7221,3306,منطقه 2,پزشکی,دانشگاه علوم پزشکی مازندران-ساری(پردیس خودگردان رامسر),شهریه پرداز,kanoon
1404,تجربی,12827,3314,منطقه 3,دندانپزشکی,دانشگاه علوم پزشکی اصفهان,نامشخص,kanoon
1404,تجربی,7241,3315,منطقه 2,پزشکی,دانشگاه علوم پزشکی دزفول,نامشخص,kanoon
1404,تجربی,12844,3320,منطقه 3,پزشکی,دانشگاه آزاداسلامی-واحدعلوم پزشکی تبریز,آزاد,kanoon
1404,تجربی,7269,3326,منطقه 2,پزشکی,دانشگاه علوم پزشکی یزد,شهریه پرداز,kanoon
1404,تجربی,12871,3330,منطقه 3,پزشکی,دانشگاه علوم پزشکی اردبیل,نامشخص,kanoon
1404,تجربی,12871,3330,منطقه 3,پزشکی,دانشگاه علوم پزشکی ایلام,نامشخص,kanoon
1404,تجربی,11109,3331,منطقه 1,پزشکی,دانشگاه علوم پزشکی شیراز,نامشخص,kanoon
1404,تجربی,11109,3331,منطقه 1,ساخت پروتزهای دندانی,دانشگاه علوم پزشکی سبزوار,نامشخص,kanoon
1404,تجربی,7285,3332,منطقه 2,پزشکی,دانشگاه علوم پزشکی شاهرود,نامشخص,kanoon
1404,تجربی,7299,3337,منطقه 2,فیزیوتراپی,دانشگاه علوم پزشکی بابل,شهریه پرداز,kanoon
1404,تجربی,12903,3338,منطقه 3,ساخت پروتزهای دندانی,دانشگاه علوم پزشکی اصفهان,نامشخص,kanoon
1404,تجربی,7321,3343,منطقه 2,پزشکی,دانشگاه علوم پزشکی ارومیه(علوم پزشکی خوی),نامشخص,kanoon
1404,تجربی,7332,3347,منطقه 2,پزشکی,دانشگاه علوم پزشکی بیرجند,نامشخص,kanoon
1404,تجربی,12949,3349,منطقه 3,پزشکی,دانشگاه آزاداسلامی-واحدپزشکی تهران,آزاد,kanoon
1404,تجربی,12949,3349,منطقه 3,پزشکی,دانشگاه علوم پزشکی ارومیه,نامشخص,kanoon
1404,تجربی,12949,3349,منطقه 3,پزشکی,دانشگاه علوم پزشکی شیراز,نامشخص,kanoon
1404,تجربی,11174,3353,منطقه 1,پزشکی,دانشگاه آزاداسلامی-واحدشاهرود,آزاد,kanoon
1404,تجربی,11174,3353,منطقه 1,پزشکی,دانشگاه علوم پزشکی تبریز,نامشخص,kanoon
1404,تجربی,7347,3354,منطقه 2,دندانپزشکی,دانشگاه علوم پزشکی بابل,نامشخص,kanoon
1404,تجربی,12968,3356,منطقه 3,پزشکی,دانشگاه علوم پزشکی ایلام,نامشخص,kanoon
1404,تجربی,7390,3372,منطقه 2,پزشکی,دانشگاه علوم پزشکی لرستان - خرم آباد,نامشخص,kanoon
1404,تجربی,7403,3376,منطقه 2,پزشکی,دانشگاه علوم پزشکی شاهرود,نامشخص,kanoon
1404,تجربی,7403,3376,منطقه 2,پزشکی,دانشگاه علوم پزشکی گلستان - گرگان,شهریه پرداز,kanoon
1404,تجربی,13064,3382,منطقه 3,پزشکی,دانشگاه آزاداسلامی-واحدپزشکی تهران,آزاد,kanoon
1404,تجربی,13064,3382,منطقه 3,پزشکی,دانشگاه آزاداسلامی-واحدعلوم پزشکی تبریز,آزاد,kanoon
1404,تجربی,7427,3383,منطقه 2,داروسازی,دانشگاه علوم پزشکی زنجان,نامشخص,kanoon
1404,تجربی,7443,3389,منطقه 2,پزشکی,دانشگاه علوم پزشکی گناباد,نامشخص,kanoon
1404,تجربی,7443,3389,منطقه 2,پزشکی,دانشگاه علوم پزشکی لرستان - خرم آباد,نامشخص,kanoon
1404,تجربی,13111,3393,منطقه 3,پزشکی,دانشگاه علوم پزشکی بابل,نامشخص,kanoon
1404,تجربی,13111,3393,منطقه 3,پزشکی,دانشگاه علوم پزشکی یاسوج,نامشخص,kanoon
1404,تجربی,7473,3399,منطقه 2,پزشکی,دانشگاه علوم پزشکی ایلام,نامشخص,kanoon
1404,تجربی,7473,3399,منطقه 2,پزشکی,دانشگاه علوم پزشکی تبریز(مراغه),نامشخص,kanoon
1404,تجربی,7484,3404,منطقه 2,پزشکی,دانشگاه علوم پزشکی اراک(ساوه),نامشخص,kanoon
1404,تجربی,13152,3404,منطقه 3,پزشکی,دانشگاه علوم پزشکی همدان,نامشخص,kanoon
1404,تجربی,7498,3412,منطقه 2,پزشکی,دانشگاه علوم پزشکی شاهرود,نامشخص,kanoon
1404,تجربی,13213,3419,منطقه 3,پزشکی,دانشگاه آزاداسلامی-واحدپزشکی تهران,آزاد,kanoon
1404,تجربی,7512,3420,منطقه 2,داروسازی,دانشگاه علوم پزشکی لرستان - خرم آباد,نامشخص,kanoon
1404,تجربی,13234,3427,منطقه 3,پزشکی,دانشگاه علوم پزشکی گلستان - گرگان,نامشخص,kanoon
1404,تجربی,13248,3431,منطقه 3,پزشکی,دانشگاه علوم پزشکی تهران,نامشخص,kanoon
1404,تجربی,7553,3440,منطقه 2,پزشکی,دانشگاه علوم پزشکی کردستان - سنندج,نامشخص,kanoon
1404,تجربی,7553,3440,منطقه 2,داروسازی,دانشگاه علوم پزشکی ارومیه,نامشخص,kanoon
1404,تجربی,13284,3441,منطقه 3,پزشکی,دانشگاه آزاداسلامی-واحدپزشکی تهران,آزاد,kanoon
1404,تجربی,11523,3444,منطقه 1,پرستاری,دانشگاه علوم پزشکی تهران,نامشخص,kanoon
1404,تجربی,7565,3447,منطقه 2,پزشکی,دانشگاه علوم پزشکی کردستان - سنندج,نامشخص,kanoon
1404,تجربی,11541,3449,منطقه 1,پزشکی,دانشگاه علوم پزشکی شهید بهشتی - تهران,نامشخص,kanoon
1404,تجربی,11541,3449,منطقه 1,پزشکی,دانشگاه علوم پزشکی شهید بهشتی - تهران,نامشخص,kanoon
1404,تجربی,13327,3451,منطقه 3,پزشکی,دانشگاه آزاداسلامی-واحد اردبیل,آزاد,kanoon
1404,تجربی,13346,3457,منطقه 3,پزشکی,دانشگاه آزاداسلامی-واحدساری,آزاد,kanoon
1404,تجربی,13346,3457,منطقه 3,پزشکی,دانشگاه علوم پزشکی شیراز,نامشخص,kanoon
1404,تجربی,7601,3460,منطقه 2,داروسازی,دانشگاه علوم پزشکی بابل,نامشخص,kanoon
1404,تجربی,7601,3460,منطقه 2,دندانپزشکی,دانشگاه علوم پزشکی بیرجند,نامشخص,kanoon
1404,تجربی,13366,3466,منطقه 3,پزشکی,دانشگاه آزاداسلامی-واحدعلوم پزشکی تبریز,آزاد,kanoon
1404,تجربی,13366,3466,منطقه 3,داروسازی,دانشگاه آزاداسلامی-واحد ایت الله املی,آزاد,kanoon
1404,تجربی,7637,3475,منطقه 2,پزشکی,دانشگاه علوم پزشکی کاشان,نامشخص,kanoon
1404,تجربی,11678,3482,منطقه 1,پزشکی,دانشگاه علوم پزشکی اصفهان,نامشخص,kanoon
1404,تجربی,11678,3482,منطقه 1,پزشکی,دانشگاه علوم پزشکی ایران,نامشخص,kanoon
1404,تجربی,11713,3488,منطقه 1,پزشکی,دانشگاه آزاداسلامی خراسان شمالی-واحدبجنورد --آزاد-خودگردان,آزاد,kanoon
1404,تجربی,7709,3503,منطقه 2,دندانپزشکی,دانشگاه علوم پزشکی سمنان,نامشخص,kanoon
1404,تجربی,11786,3508,منطقه 1,پزشکی,دانشگاه علوم پزشکی شیراز,نامشخص,kanoon
1404,تجربی,7734,3510,منطقه 2,پزشکی,دانشگاه علوم پزشکی اراک(ساوه),شهریه پرداز,kanoon
1404,تجربی,7746,3515,منطقه 2,پزشکی,دانشگاه علوم پزشکی آبادان,نامشخص,kanoon
1404,تجربی,7762,3521,منطقه 2,پزشکی,دانشگاه علوم پزشکی دزفول,نامشخص,kanoon
1404,تجربی,7762,3521,منطقه 2,پزشکی,دانشگاه علوم پزشکی سبزوار,نامشخص,kanoon
1404,تجربی,7762,3521,منطقه 2,پزشکی,دانشگاه علوم پزشکی یزد,نامشخص,kanoon
1404,تجربی,7775,3526,منطقه 2,پزشکی,دانشگاه علوم پزشکی ارومیه(علوم پزشکی خوی),نامشخص,kanoon
1404,تجربی,11867,3527,منطقه 1,پزشکی,دانشگاه علوم پزشکی شیراز,نامشخص,kanoon
1404,تجربی,7789,3532,منطقه 2,داروسازی,دانشگاه علوم پزشکی اردبیل,نامشخص,kanoon
1404,تجربی,7802,3539,منطقه 2,پزشکی,دانشگاه علوم پزشکی مازندران - پردیس رامسر,پردیس,sajad
1404,تجربی,7814,3546,منطقه 2,داروسازی,دانشگاه علوم پزشکی کرمانشاه,نامشخص,kanoon
1404,تجربی,13622,3548,منطقه 3,پزشکی,دانشگاه علوم پزشکی البرز - کرج,نامشخص,kanoon
1404,تجربی,7826,3553,منطقه 2,پزشکی,دانشگاه علوم پزشکی تربت حیدریه,نامشخص,kanoon
1404,تجربی,7847,3561,منطقه 2,پزشکی,دانشگاه علوم پزشکی ارومیه(علوم پزشکی خوی),نامشخص,kanoon
1404,تجربی,7847,3561,منطقه 2,پزشکی,دانشگاه علوم پزشکی ارومیه(علوم پزشکی خوی),نامشخص,kanoon
1404,تجربی,12024,3569,منطقه 1,پزشکی,دانشگاه علوم پزشکی اصفهان,نامشخص,kanoon
1404,تجربی,7882,3576,منطقه 2,پزشکی,دانشگاه علوم پزشکی بقیه الله,نامشخص,kanoon
1404,تجربی,7882,3576,منطقه 2,پزشکی,دانشگاه علوم پزشکی سمنان,شهریه پرداز,kanoon
1404,تجربی,7882,3576,منطقه 2,ساخت پروتزهای دندانی,دانشگاه علوم پزشکی شهید بهشتی - تهران,نامشخص,kanoon
1404,تجربی,13725,3581,منطقه 3,پزشکی,دانشگاه آزاداسلامی-واحدمشهد,آزاد,kanoon
1404,تجربی,13760,3589,منطقه 3,پزشکی,دانشگاه علوم پزشکی ایلام,نامشخص,kanoon
1404,تجربی,13760,3589,منطقه 3,پزشکی,دانشگاه علوم پزشکی جندی شاپور اهواز,نامشخص,kanoon
1404,تجربی,7929,3592,منطقه 2,پزشکی,دانشگاه آزاداسلامی-واحدپزشکی تهران,آزاد,kanoon
1404,تجربی,7956,3599,منطقه 2,پزشکی,دانشگاه علوم پزشکی کردستان - سنندج,نامشخص,kanoon
1404,تجربی,12163,3603,منطقه 1,پزشکی,دانشگاه علوم پزشکی مشهد,نامشخص,kanoon
1404,تجربی,13812,3603,منطقه 3,پزشکی,دانشگاه علوم پزشکی شهرکرد,نامشخص,kanoon
1404,تجربی,7970,3605,منطقه 2,پزشکی,دانشگاه علوم پزشکی اراک( دانشکده علوم پزشکی و خدمات بهداشتی درمانی خمین),نامشخص,kanoon
1404,تجربی,12178,3609,منطقه 1,دامپزشکی,دانشگاه تهران--نوبت دوم,نامشخص,kanoon
1404,تجربی,13824,3609,منطقه 3,پزشکی,دانشگاه علوم پزشکی ارومیه,نامشخص,kanoon
1404,تجربی,7993,3614,منطقه 2,پزشکی,دانشگاه علوم پزشکی بندرعباس,نامشخص,kanoon
1404,تجربی,7993,3614,منطقه 2,پزشکی,دانشگاه علوم پزشکی گناباد,نامشخص,kanoon
1404,تجربی,13845,3616,منطقه 3,پزشکی,دانشگاه علوم پزشکی تبریز,نامشخص,kanoon
1404,تجربی,8026,3626,منطقه 2,پزشکی,دانشگاه علوم پزشکی ایلام,نامشخص,kanoon
1404,تجربی,8037,3631,منطقه 2,پزشکی,دانشگاه آزاداسلامی-واحدپزشکی تهران,آزاد,kanoon
1404,تجربی,8037,3631,منطقه 2,پزشکی,دانشگاه علوم پزشکی ایلام,نامشخص,kanoon
1404,تجربی,13885,3631,منطقه 3,پزشکی,دانشگاه علوم پزشکی کاشان,نامشخص,kanoon
1404,تجربی,8047,3635,منطقه 2,پزشکی,دانشگاه آزاداسلامی-واحد اردبیل,آزاد,kanoon
1404,تجربی,12292,3637,منطقه 1,پزشکی,دانشگاه علوم پزشکی شیراز,نامشخص,kanoon
1404,تجربی,8060,3640,منطقه 2,پزشکی,دانشگاه علوم پزشکی ایلام,نامشخص,kanoon
1404,تجربی,8060,3640,منطقه 2,پزشکی,دانشگاه علوم پزشکی یاسوج,نامشخص,kanoon
1404,تجربی,8060,3640,منطقه 2,فیزیوتراپی,دانشگاه علوم پزشکی همدان,نامشخص,kanoon
1404,تجربی,8072,3647,منطقه 2,پزشکی,دانشگاه علوم پزشکی زاهدان,نامشخص,kanoon
1404,تجربی,8072,3647,منطقه 2,پزشکی,دانشگاه علوم پزشکی گلستان - گرگان,شهریه پرداز,kanoon
1404,تجربی,12337,3650,منطقه 1,پزشکی,دانشگاه علوم پزشکی ایران,نامشخص,kanoon
1404,تجربی,13955,3656,منطقه 3,پزشکی,دانشگاه علوم پزشکی بم,نامشخص,kanoon
1404,تجربی,8097,3661,منطقه 2,پزشکی,دانشگاه علوم پزشکی خراسان شمالی - بجنورد,شهریه پرداز,kanoon
1404,تجربی,8097,3661,منطقه 2,داروسازی,دانشگاه علوم پزشکی لرستان - خرم آباد,نامشخص,kanoon
1404,تجربی,13975,3663,منطقه 3,پزشکی,دانشگاه علوم پزشکی تهران,نامشخص,kanoon
1404,تجربی,12410,3671,منطقه 1,پزشکی,دانشگاه علوم پزشکی مشهد,نامشخص,kanoon
1404,تجربی,8138,3677,منطقه 2,پزشکی,دانشگاه علوم پزشکی اردبیل,نامشخص,kanoon
1404,تجربی,14045,3683,منطقه 3,پزشکی,دانشگاه علوم پزشکی ارومیه,نامشخص,kanoon
1404,تجربی,12471,3686,منطقه 1,پزشکی,دانشگاه علوم پزشکی مشهد,نامشخص,kanoon
1404,تجربی,14069,3691,منطقه 3,پزشکی,دانشگاه علوم پزشکی کاشان,نامشخص,kanoon
1404,تجربی,14094,3698,منطقه 3,پزشکی,دانشگاه علوم پزشکی جهرم,نامشخص,kanoon
1404,تجربی,14094,3698,منطقه 3,شنوایی شناسی,دانشگاه علوم پزشکی شهید بهشتی - تهران,نامشخص,kanoon
1404,تجربی,14111,3704,منطقه 3,پزشکی,دانشگاه علوم پزشکی همدان,نامشخص,kanoon
1404,تجربی,8226,3708,منطقه 2,فیزیوتراپی,دانشگاه علوم پزشکی تبریز,نامشخص,kanoon
1404,تجربی,8256,3720,منطقه 2,پزشکی,دانشگاه آزاداسلامی-واحد اردبیل,آزاد,kanoon
1404,تجربی,8256,3720,منطقه 2,پزشکی,دانشگاه علوم پزشکی سمنان,شهریه پرداز,kanoon
1404,تجربی,8256,3720,منطقه 2,پزشکی,دانشگاه علوم پزشکی مازندران-ساری(پردیس خودگردان رامسر),شهریه پرداز,kanoon
1404,تجربی,14173,3723,منطقه 3,ارتوز و پروتز ( اعضای مصنوعی و وسایل کمکی),دانشگاه علوم پزشکی ایران,نامشخص,kanoon
1404,تجربی,14195,3729,منطقه 3,پزشکی,دانشگاه علوم پزشکی مشهد,نامشخص,kanoon
1404,تجربی,8276,3730,منطقه 2,داروسازی,دانشگاه علوم پزشکی بیرجند,شهریه پرداز,kanoon
1404,تجربی,14220,3735,منطقه 3,پزشکی,دانشگاه علوم پزشکی جندی شاپور اهواز,نامشخص,kanoon
1404,تجربی,8293,3740,منطقه 2,پزشکی,دانشگاه علوم پزشکی ایلام,نامشخص,kanoon
1404,تجربی,12659,3740,منطقه 1,پزشکی,دانشگاه علوم پزشکی ایران,نامشخص,kanoon
1404,تجربی,12676,3746,منطقه 1,پزشکی,دانشگاه علوم پزشکی اصفهان,نامشخص,kanoon
1404,تجربی,8306,3747,منطقه 2,پزشکی,دانشگاه علوم پزشکی کرمانشاه,شهریه پرداز,kanoon
1404,تجربی,8332,3759,منطقه 2,پزشکی,دانشگاه علوم پزشکی گناباد,نامشخص,kanoon
1404,تجربی,14309,3759,منطقه 3,پزشکی,دانشگاه آزاداسلامی-واحد اردبیل,آزاد,kanoon
1404,تجربی,14309,3759,منطقه 3,پزشکی,دانشگاه علوم پزشکی جهرم,نامشخص,kanoon
1404,تجربی,8358,3772,منطقه 2,پزشکی,دانشگاه علوم پزشکی اراک(ساوه),شهریه پرداز,kanoon
1404,تجربی,8371,3777,منطقه 2,دندانپزشکی,دانشگاه علوم پزشکی کرمانشاه,نامشخص,kanoon
1404,تجربی,8383,3783,منطقه 2,بینایی سنجی,دانشگاه علوم پزشکی شهید بهشتی - تهران,نامشخص,kanoon
1404,تجربی,8383,3783,منطقه 2,داروسازی,دانشگاه علوم پزشکی اردبیل,نامشخص,kanoon
1404,تجربی,12827,3784,منطقه 1,پزشکی,دانشگاه علوم پزشکی شیراز,نامشخص,kanoon
1404,تجربی,14411,3784,منطقه 3,پزشکی,دانشگاه علوم پزشکی جندی شاپور اهواز,نامشخص,kanoon
1404,تجربی,14430,3789,منطقه 3,پزشکی,دانشگاه علوم پزشکی کرمانشاه,نامشخص,kanoon
1404,تجربی,8403,3792,منطقه 2,داروسازی,دانشگاه علوم پزشکی تبریز,شهریه پرداز,kanoon
1404,تجربی,12858,3792,منطقه 1,پزشکی,دانشگاه علوم پزشکی شیراز,نامشخص,kanoon
1404,تجربی,14445,3794,منطقه 3,پزشکی,دانشگاه علوم پزشکی ایلام,نامشخص,kanoon
1404,تجربی,8415,3797,منطقه 2,پزشکی,دانشگاه علوم پزشکی ارتش جمهوری اسلامی ایران,نامشخص,kanoon
1404,تجربی,14461,3800,منطقه 3,پزشکی,دانشگاه علوم پزشکی شهید بهشتی - تهران,نامشخص,kanoon
1404,تجربی,12919,3805,منطقه 1,پرستاری,دانشگاه علوم پزشکی ایران,نامشخص,kanoon
1404,تجربی,14482,3807,منطقه 3,پزشکی,دانشگاه علوم پزشکی جندی شاپور اهواز,نامشخص,kanoon
1404,تجربی,8481,3820,منطقه 2,پزشکی,دانشگاه علوم پزشکی لرستان - خرم‌آباد,شهریه‌پرداز,sajad
1404,تجربی,12968,3820,منطقه 1,پزشکی,دانشگاه علوم پزشکی ایران,نامشخص,kanoon
1404,تجربی,12968,3820,منطقه 1,پزشکی,دانشگاه علوم پزشکی تبریز,نامشخص,kanoon
1404,تجربی,14537,3826,منطقه 3,پزشکی,دانشگاه علوم پزشکی کرمانشاه,نامشخص,kanoon
1404,تجربی,14537,3826,منطقه 3,داروسازی,دانشگاه آزاد اسلامی واحد دامغان,آزاد,sajad
1404,تجربی,8481,3830,منطقه 2,پزشکی,دانشگاه آزاداسلامی-واحد اردبیل,آزاد,kanoon
1404,تجربی,8481,3830,منطقه 2,فیزیوتراپی,دانشگاه علوم پزشکی کرمانشاه,نامشخص,kanoon
1404,تجربی,8498,3836,منطقه 2,پزشکی,دانشگاه علوم پزشکی دزفول,نامشخص,kanoon
1404,تجربی,13026,3838,منطقه 1,پزشکی,دانشگاه علوم پزشکی شیراز,نامشخص,kanoon
1404,تجربی,8511,3842,منطقه 2,پزشکی,دانشگاه علوم پزشکی رفسنجان,شهریه پرداز,kanoon
1404,تجربی,8511,3842,منطقه 2,پزشکی,دانشگاه علوم پزشکی کاشان,نامشخص,kanoon
1404,تجربی,14591,3843,منطقه 3,پزشکی,دانشگاه علوم پزشکی مشهد,نامشخص,kanoon
1404,تجربی,14591,3843,منطقه 3,دندانپزشکی,دانشگاه علوم پزشکی زاهدان,تعهدی,sajad
1404,تجربی,8528,3848,منطقه 2,فیزیوتراپی,دانشگاه علوم پزشکی بابل,نامشخص,kanoon
1404,تجربی,14612,3849,منطقه 3,پزشکی,دانشگاه علوم پزشکی همدان,نامشخص,kanoon
1404,تجربی,8545,3856,منطقه 2,پزشکی,دانشگاه علوم پزشکی دزفول,نامشخص,kanoon
1404,تجربی,14656,3862,منطقه 3,پزشکی,دانشگاه علوم پزشکی البرز - کرج,نامشخص,kanoon
1404,تجربی,8561,3865,منطقه 2,پزشکی,دانشگاه علوم پزشکی دزفول,نامشخص,kanoon
1404,تجربی,8561,3865,منطقه 2,پزشکی,دانشگاه علوم پزشکی گناباد,نامشخص,kanoon
1404,تجربی,8561,3865,منطقه 2,داروسازی,دانشگاه علوم پزشکی کرمان,نامشخص,kanoon
1404,تجربی,14674,3866,منطقه 3,پزشکی,دانشگاه آزاداسلامی-واحدکازرون,آزاد,kanoon
1404,تجربی,14674,3866,منطقه 3,پزشکی,دانشگاه علوم پزشکی ارومیه,نامشخص,kanoon
1404,تجربی,14697,3873,منطقه 3,پزشکی,دانشگاه علوم پزشکی کاشان,نامشخص,kanoon
1404,تجربی,8584,3876,منطقه 2,پزشکی,دانشگاه علوم پزشکی دزفول,نامشخص,kanoon
1404,تجربی,8584,3876,منطقه 2,داروسازی,دانشگاه علوم پزشکی لرستان - خرم آباد,شهریه پرداز,kanoon
1404,تجربی,14721,3882,منطقه 3,پزشکی,دانشگاه علوم پزشکی کرمانشاه,نامشخص,kanoon
1404,تجربی,14721,3882,منطقه 3,پزشکی,دانشگاه علوم پزشکی گیلان - رشت,نامشخص,kanoon
1404,تجربی,14740,3892,منطقه 3,پزشکی,دانشگاه علوم پزشکی کردستان - سنندج,نامشخص,kanoon
1404,تجربی,14740,3892,منطقه 3,پزشکی,دانشگاه علوم پزشکی گیلان - رشت,نامشخص,kanoon
1404,تجربی,13213,3894,منطقه 1,پزشکی,دانشگاه علوم پزشکی سبزوار,نامشخص,kanoon
1404,تجربی,13234,3900,منطقه 1,پزشکی,دانشگاه علوم پزشکی ایران,نامشخص,kanoon
1404,تجربی,14760,3900,منطقه 3,پزشکی,دانشگاه علوم پزشکی جهرم,نامشخص,kanoon
1404,تجربی,14760,3900,منطقه 3,پزشکی,دانشگاه علوم پزشکی کرمانشاه,نامشخص,kanoon
1404,تجربی,8673,3904,منطقه 2,پزشکی,دانشگاه علوم پزشکی مشهد,نامشخص,kanoon
1404,تجربی,8673,3904,منطقه 2,داروسازی,دانشگاه علوم پزشکی زابل,نامشخص,kanoon
1404,تجربی,14777,3907,منطقه 3,پزشکی,دانشگاه علوم پزشکی همدان,نامشخص,kanoon
1404,تجربی,8693,3913,منطقه 2,پزشکی,دانشگاه آزاداسلامی-واحد اردبیل,آزاد,kanoon
1404,تجربی,13284,3916,منطقه 1,پزشکی,دانشگاه علوم پزشکی ایران,نامشخص,kanoon
1404,تجربی,13284,3916,منطقه 1,پزشکی,دانشگاه علوم پزشکی شیراز,نامشخص,kanoon
1404,تجربی,14811,3919,منطقه 3,پزشکی,دانشگاه علوم پزشکی مشهد,نامشخص,kanoon
1404,تجربی,8712,3920,منطقه 2,پزشکی,دانشگاه آزاداسلامی-واحدقم,آزاد,kanoon
1404,تجربی,8712,3920,منطقه 2,پزشکی,دانشگاه علوم پزشکی آبادان,نامشخص,kanoon
1404,تجربی,8712,3920,منطقه 2,پزشکی,دانشگاه علوم پزشکی گیلان - رشت,نامشخص,kanoon
1404,تجربی,13306,3921,منطقه 1,پزشکی,دانشگاه علوم پزشکی سبزوار,نامشخص,kanoon
1404,تجربی,8739,3930,منطقه 2,پزشکی,دانشگاه علوم پزشکی شیراز(لارستان),نامشخص,kanoon
1404,تجربی,13366,3932,منطقه 1,پزشکی,دانشگاه علوم پزشکی شیراز,نامشخص,kanoon
1404,تجربی,14891,3935,منطقه 3,پزشکی,دانشگاه آزاد اسلامی-واحدنجف آباد,آزاد,kanoon
1404,تجربی,14891,3935,منطقه 3,پزشکی,دانشگاه علوم پزشکی مازندران - ساری,نامشخص,kanoon
1404,تجربی,8752,3937,منطقه 2,پزشکی,دانشگاه آزاداسلامی-واحدپزشکی تهران,آزاد,kanoon
1404,تجربی,14912,3940,منطقه 3,پزشکی,دانشگاه علوم پزشکی مازندران - ساری,نامشخص,kanoon
1404,تجربی,8764,3944,منطقه 2,پزشکی,دانشگاه علوم پزشکی کرمانشاه,شهریه پرداز,kanoon
1404,تجربی,8778,3951,منطقه 3,پزشکی,دانشگاه آزاداسلامی-واحدپزشکی تهران,آزاد,kanoon
1404,تجربی,8793,3957,منطقه 2,پزشکی,دانشگاه علوم پزشکی کردستان - سنندج,شهریه پرداز,kanoon
1404,تجربی,8793,3957,منطقه 2,پزشکی,دانشگاه علوم پزشکی کردستان - سنندج,پردیس,sajad
1404,تجربی,14986,3965,منطقه 3,پزشکی,دانشگاه علوم پزشکی جهرم,نامشخص,kanoon
1404,تجربی,8839,3968,منطقه 2,فیزیوتراپی,دانشگاه علوم پزشکی تبریز,شهریه پرداز,kanoon
1404,تجربی,8855,3975,منطقه 2,داروسازی,دانشگاه علوم پزشکی لرستان - خرم آباد,شهریه پرداز,kanoon
1404,تجربی,8855,3975,منطقه 2,فیزیوتراپی,دانشگاه علوم پزشکی سمنان,نامشخص,kanoon
1404,تجربی,8871,3982,منطقه 2,پزشکی,دانشگاه علوم پزشکی زاهدان,نامشخص,kanoon
1404,تجربی,8871,3982,منطقه 2,فیزیوتراپی,دانشگاه علوم پزشکی سمنان,نامشخص,kanoon
1404,تجربی,15080,3990,منطقه 3,پزشکی,دانشگاه آزاداسلامی-واحدمشهد,آزاد,kanoon
1404,تجربی,8892,3991,منطقه 2,پزشکی,دانشگاه علوم پزشکی اردبیل,نامشخص,kanoon
1404,تجربی,8892,3991,منطقه 2,فیزیوتراپی,دانشگاه علوم پزشکی کرمانشاه,نامشخص,kanoon
1404,تجربی,13622,3999,منطقه 1,پزشکی,دانشگاه علوم پزشکی ایران,نامشخص,kanoon
1404,تجربی,13622,3999,منطقه 1,پزشکی,دانشگاه علوم پزشکی ایران,نامشخص,kanoon
1404,تجربی,8918,4003,منطقه 2,پزشکی,دانشگاه علوم پزشکی شیراز(گراش),نامشخص,kanoon
1404,تجربی,13658,4009,منطقه 1,علوم آزمایشگاهی,دانشگاه علوم پزشکی شهید بهشتی - تهران,نامشخص,kanoon
1404,تجربی,8941,4017,منطقه 2,پزشکی,دانشگاه علوم پزشکی بم,نامشخص,kanoon
1404,تجربی,15191,4025,منطقه 3,پزشکی,دانشگاه علوم پزشکی ارومیه,نامشخص,kanoon
1404,تجربی,8959,4027,منطقه 2,پزشکی,دانشگاه علوم پزشکی قم,نامشخص,kanoon
1404,تجربی,8959,4027,منطقه 2,پزشکی,دانشگاه علوم پزشکی کرمان,شهریه پرداز,kanoon
1404,تجربی,13725,4029,منطقه 1,زیست شناسی سلولی مولکولی,دانشگاه اصفهان,نامشخص,kanoon
1404,تجربی,15216,4032,منطقه 3,شنوایی شناسی,دانشگاه علوم پزشکی ایران,نامشخص,kanoon
1404,تجربی,8974,4034,منطقه 2,پزشکی,دانشگاه علوم پزشکی اراک,نامشخص,kanoon
1404,تجربی,15235,4039,منطقه 3,پزشکی,دانشگاه علوم پزشکی جندی شاپور اهواز,نامشخص,kanoon
1404,تجربی,9006,4048,منطقه 2,پزشکی,دانشگاه علوم پزشکی جیرفت,نامشخص,kanoon
1404,تجربی,15293,4057,منطقه 3,پزشکی,دانشگاه علوم پزشکی کرمان,نامشخص,kanoon
1404,تجربی,9030,4058,منطقه 2,پزشکی,دانشگاه علوم پزشکی آبادان,نامشخص,kanoon
1404,تجربی,9030,4058,منطقه 2,پزشکی,دانشگاه علوم پزشکی گیلان - رشت,نامشخص,kanoon
1404,تجربی,15309,4063,منطقه 3,پزشکی,دانشگاه آزاداسلامی-واحدمشهد,آزاد,kanoon
1404,تجربی,15328,4069,منطقه 3,پزشکی,دانشگاه آزاداسلامی-واحدپزشکی تهران,آزاد,kanoon
1404,تجربی,15347,4075,منطقه 3,داروسازی,دانشگاه علوم پزشکی بقیه الله,نامشخص,kanoon
1404,تجربی,9080,4079,منطقه 2,پزشکی,دانشگاه علوم پزشکی تهران,نامشخص,kanoon
1404,تجربی,15389,4087,منطقه 3,پزشکی,دانشگاه علوم پزشکی جندی شاپور اهواز,نامشخص,kanoon
1404,تجربی,9112,4093,منطقه 2,پزشکی,دانشگاه علوم پزشکی کرمانشاه,نامشخص,kanoon
1404,تجربی,15427,4097,منطقه 3,دامپزشکی,دانشگاه تهران,نامشخص,kanoon
1404,تجربی,13993,4105,منطقه 1,بهداشت عمومی,دانشگاه علوم پزشکی بیرجند(نهبندان),نامشخص,kanoon
1404,تجربی,13993,4105,منطقه 1,پزشکی,دانشگاه علوم پزشکی فسا,نامشخص,kanoon
1404,تجربی,9145,4108,منطقه 2,پزشکی,دانشگاه آزاداسلامی-واحدقم,آزاد,kanoon
1404,تجربی,14010,4110,منطقه 1,پزشکی,دانشگاه علوم پزشکی کاشان,نامشخص,kanoon
1404,تجربی,15505,4118,منطقه 3,پزشکی,دانشگاه علوم پزشکی ارومیه,نامشخص,kanoon
1404,تجربی,15505,4118,منطقه 3,پزشکی,دانشگاه علوم پزشکی شیراز,نامشخص,kanoon
1404,تجربی,9176,4120,منطقه 2,پزشکی,دانشگاه علوم پزشکی اصفهان,نامشخص,kanoon
1404,تجربی,15526,4128,منطقه 3,پزشکی,دانشگاه آزاداسلامی-واحدپزشکی تهران --آزاد-خودگردان,آزاد,kanoon
1404,تجربی,15526,4128,منطقه 3,پزشکی,دانشگاه علوم پزشکی یاسوج,تعهدی,sajad
1404,تجربی,9192,4129,منطقه 2,فیزیوتراپی,دانشگاه علوم پزشکی شیراز,شهریه پرداز,kanoon
1404,تجربی,9206,4137,منطقه 2,پزشکی,دانشگاه علوم پزشکی ارتش جمهوری اسلامی ایران,نامشخص,kanoon
1404,تجربی,14125,4139,منطقه 1,پزشکی,دانشگاه علوم پزشکی تبریز,نامشخص,kanoon
1404,تجربی,15569,4145,منطقه 3,پرستاری,دانشگاه علوم پزشکی گیلان - رشت,نامشخص,kanoon
1404,تجربی,15569,4145,منطقه 3,شنوایی شناسی,دانشگاه علوم پزشکی اصفهان,نامشخص,kanoon
1404,تجربی,14148,4149,منطقه 1,علوم تغذیه,دانشگاه علوم پزشکی شهید بهشتی - تهران,شهریه پرداز,kanoon
1404,تجربی,9258,4159,منطقه 2,پزشکی,دانشگاه آزاداسلامی-واحدپزشکی تهران,آزاد,kanoon
1404,تجربی,9258,4159,منطقه 2,پزشکی,دانشگاه علوم پزشکی بیرجند,شهریه پرداز,kanoon
1404,تجربی,9275,4169,منطقه 2,پزشکی,دانشگاه علوم پزشکی شهید بهشتی - تهران,نامشخص,kanoon
1404,تجربی,9275,4169,منطقه 2,پزشکی,دانشگاه علوم پزشکی قم,نامشخص,kanoon
1404,تجربی,14220,4173,منطقه 1,پزشکی,دانشگاه علوم پزشکی تبریز,نامشخص,kanoon
1404,تجربی,15675,4175,منطقه 3,پزشکی,دانشگاه علوم پزشکی ارومیه,نامشخص,kanoon
1404,تجربی,9293,4178,منطقه 2,پزشکی,دانشگاه علوم پزشکی بابل,نامشخص,kanoon
1404,تجربی,9293,4178,منطقه 2,پزشکی,دانشگاه علوم پزشکی بم,نامشخص,kanoon
1404,تجربی,9310,4186,منطقه 2,پزشکی,دانشگاه علوم پزشکی زاهدان,نامشخص,kanoon
1404,تجربی,9310,4186,منطقه 2,پزشکی,دانشگاه علوم پزشکی کرمان,شهریه پرداز,kanoon
1404,تجربی,14309,4196,منطقه 1,پزشکی,دانشگاه علوم پزشکی تبریز,نامشخص,kanoon
1404,تجربی,9343,4198,منطقه 2,داروسازی,دانشگاه علوم پزشکی کرمان,پردیس,sajad
1404,تجربی,15775,4198,منطقه 3,پزشکی,دانشگاه علوم پزشکی جندی شاپور اهواز,نامشخص,kanoon
1404,تجربی,15775,4198,منطقه 3,پزشکی,دانشگاه علوم پزشکی کردستان - سنندج,نامشخص,kanoon
1404,تجربی,9357,4205,منطقه 2,پزشکی,دانشگاه علوم پزشکی زاهدان,نامشخص,kanoon
1404,تجربی,9369,4210,منطقه 2,پزشکی,دانشگاه علوم پزشکی کرمان,شهریه پرداز,kanoon
1404,تجربی,15831,4214,منطقه 3,پزشکی,دانشگاه علوم پزشکی جندی شاپور اهواز,نامشخص,kanoon
1404,تجربی,15852,4222,منطقه 3,پزشکی,دانشگاه علوم پزشکی ایلام,نامشخص,kanoon
1404,تجربی,15852,4222,منطقه 3,پزشکی,دانشگاه علوم پزشکی زابل,نامشخص,kanoon
1404,تجربی,15871,4228,منطقه 3,پزشکی,دانشگاه آزاد اسلامی-واحدنجف آباد,آزاد,kanoon
1404,تجربی,9414,4229,منطقه 2,پزشکی,دانشگاه علوم پزشکی کرمان,شهریه پرداز,kanoon
1404,تجربی,14445,4230,منطقه 1,پزشکی,دانشگاه علوم پزشکی ارتش جمهوری اسلامی ایران,نامشخص,kanoon
1404,تجربی,15890,4233,منطقه 3,پزشکی,دانشگاه علوم پزشکی خراسان شمالی - بجنورد,نامشخص,kanoon
1404,تجربی,9430,4239,منطقه 2,پزشکی,دانشگاه آزاداسلامی-واحد اردبیل,آزاد,kanoon
1404,تجربی,9430,4239,منطقه 2,پزشکی,دانشگاه علوم پزشکی بابل,نامشخص,kanoon
1404,تجربی,15911,4239,منطقه 3,پزشکی,دانشگاه علوم پزشکی جهرم,نامشخص,kanoon
1404,تجربی,15911,4239,منطقه 3,پزشکی,دانشگاه علوم پزشکی رفسنجان,نامشخص,kanoon
1404,تجربی,14482,4242,منطقه 1,پزشکی,دانشگاه علوم پزشکی کاشان,نامشخص,kanoon
1404,تجربی,15933,4246,منطقه 3,پزشکی,دانشگاه علوم پزشکی جندی شاپور اهواز,نامشخص,kanoon
1404,تجربی,15933,4246,منطقه 3,پزشکی,دانشگاه علوم پزشکی جهرم,نامشخص,kanoon
1404,تجربی,9448,4249,منطقه 2,پزشکی,دانشگاه علوم پزشکی اراک,نامشخص,kanoon
1404,تجربی,9448,4249,منطقه 2,داروسازی,دانشگاه علوم پزشکی همدان,نامشخص,kanoon
1404,تجربی,16000,4261,منطقه 3,پزشکی,دانشگاه علوم پزشکی گناباد,نامشخص,kanoon
1404,تجربی,14573,4264,منطقه 1,تکنولوژی پرتوشناسی,دانشگاه علوم پزشکی اصفهان,نامشخص,kanoon
1404,تجربی,16039,4272,منطقه 3,پزشکی,دانشگاه علوم پزشکی کردستان - سنندج,نامشخص,kanoon
1404,تجربی,16054,4277,منطقه 3,پزشکی,دانشگاه علوم پزشکی مازندران - ساری,نامشخص,kanoon
1404,تجربی,9511,4283,منطقه 2,پزشکی,دانشگاه علوم پزشکی آبادان,شهریه پرداز,kanoon
1404,تجربی,9511,4283,منطقه 2,پزشکی,دانشگاه علوم پزشکی اردبیل,نامشخص,kanoon
1404,تجربی,9511,4283,منطقه 2,پزشکی,دانشگاه علوم پزشکی زابل,نامشخص,kanoon
1404,تجربی,16084,4287,منطقه 3,پزشکی,دانشگاه علوم پزشکی ارومیه,نامشخص,kanoon
1404,تجربی,16084,4287,منطقه 3,پزشکی,دانشگاه علوم پزشکی ایلام,نامشخص,kanoon
1404,تجربی,16084,4287,منطقه 3,پزشکی,دانشگاه علوم پزشکی جهرم,نامشخص,kanoon
1404,تجربی,14656,4289,منطقه 1,پزشکی,دانشگاه علوم پزشکی شهید بهشتی - تهران,نامشخص,kanoon
1404,تجربی,14674,4296,منطقه 1,پزشکی,دانشگاه علوم پزشکی تبریز,نامشخص,kanoon
1404,تجربی,16140,4302,منطقه 3,دامپزشکی,دانشگاه سمنان,نامشخص,kanoon
1404,تجربی,16164,4311,منطقه 3,پزشکی,دانشگاه آزاداسلامی-واحدپزشکی تهران --آزاد-خودگردان,آزاد,kanoon
1404,تجربی,16164,4311,منطقه 3,تکنولوژی پرتوشناسی,دانشگاه علوم پزشکی گیلان - رشت (محل تحصیل پیرا پزشکی لنگرود),نامشخص,kanoon
1404,تجربی,14740,4315,منطقه 1,پزشکی,دانشگاه علوم پزشکی تهران,تعهدی,sajad
1404,تجربی,16228,4331,منطقه 3,پزشکی,دانشگاه علوم پزشکی زنجان,نامشخص,kanoon
1404,تجربی,9645,4337,منطقه 2,پزشکی,دانشگاه آزاداسلامی-واحدپزشکی تهران,آزاد,kanoon
1404,تجربی,14843,4337,منطقه 1,تکنولوژی پرتوشناسی,دانشگاه علوم پزشکی ایران,نامشخص,kanoon
1404,تجربی,16248,4339,منطقه 3,ارتوز و پروتز ( اعضای مصنوعی و وسایل کمکی),دانشگاه علوم توانبخشی وسلامت اجتماعی-تهران(رشته های پزشکی),نامشخص,kanoon
1404,تجربی,16248,4339,منطقه 3,پزشکی,دانشگاه علوم پزشکی سمنان,نامشخص,kanoon
1404,تجربی,16290,4351,منطقه 3,پرستاری,دانشگاه علوم پزشکی تبریز,نامشخص,kanoon
1404,تجربی,16330,4366,منطقه 3,پزشکی,دانشگاه علوم پزشکی ایران,نامشخص,kanoon
1404,تجربی,16349,4373,منطقه 3,پزشکی,دانشگاه علوم پزشکی ارومیه,نامشخص,kanoon
1404,تجربی,16349,4373,منطقه 3,پزشکی,دانشگاه علوم پزشکی بابل,نامشخص,kanoon
1404,تجربی,9731,4377,منطقه 2,پزشکی,دانشگاه علوم پزشکی کرمانشاه,نامشخص,kanoon
1404,تجربی,9732,4378,منطقه 2,پزشکی,دانشگاه علوم پزشکی زابل,نامشخص,kanoon
1404,تجربی,14986,4383,منطقه 1,پزشکی,دانشگاه علوم پزشکی فسا,نامشخص,kanoon
1404,تجربی,16408,4393,منطقه 3,پزشکی,دانشگاه علوم پزشکی جهرم,نامشخص,kanoon
1404,تجربی,9776,4399,منطقه 2,بینایی سنجی,دانشگاه علوم پزشکی شهید بهشتی - تهران,نامشخص,kanoon
1404,تجربی,9776,4399,منطقه 2,پزشکی,دانشگاه علوم پزشکی ایرانشهر,نامشخص,kanoon
1404,تجربی,9776,4399,منطقه 2,پزشکی,دانشگاه علوم پزشکی گناباد,شهریه پرداز,kanoon
1404,تجربی,15060,4402,منطقه 1,تکنولوژی پرتوشناسی,دانشگاه علوم پزشکی ایران,نامشخص,kanoon
1404,تجربی,9807,4406,منطقه 2,پزشکی,دانشگاه علوم پزشکی ایلام,شهریه پرداز,kanoon
1404,تجربی,16457,4408,منطقه 3,پزشکی,دانشگاه آزاداسلامی -واحدیزد,آزاد,kanoon
1404,تجربی,16457,4408,منطقه 3,پزشکی,دانشگاه علوم پزشکی ایران,نامشخص,kanoon
1404,تجربی,9825,4413,منطقه 2,پزشکی,دانشگاه آزاداسلامی-واحد اردبیل,آزاد,kanoon
1404,تجربی,16480,4415,منطقه 3,پزشکی,دانشگاه آزاداسلامی-واحدکازرون--آزاد-خودگردان,آزاد,kanoon
1404,تجربی,16480,4415,منطقه 3,پزشکی,دانشگاه علوم پزشکی مازندران - ساری,نامشخص,kanoon
1404,تجربی,16506,4423,منطقه 3,دامپزشکی,دانشگاه تهران--نوبت دوم,نامشخص,kanoon
1404,تجربی,16527,4427,منطقه 3,پزشکی,دانشگاه علوم پزشکی جهرم,نامشخص,kanoon
1404,تجربی,15191,4436,منطقه 1,پزشکی,دانشگاه علوم پزشکی اصفهان,نامشخص,kanoon
1404,تجربی,9873,4437,منطقه 2,پزشکی,دانشگاه آزاداسلامی-واحدپزشکی تهران,آزاد,kanoon
1404,تجربی,16605,4442,منطقه 3,پزشکی,دانشگاه علوم پزشکی ارومیه,نامشخص,kanoon
1404,تجربی,15216,4444,منطقه 1,پزشکی,دانشگاه علوم پزشکی فسا,نامشخص,kanoon
1404,تجربی,15216,4444,منطقه 1,گفتاردرمانی,دانشگاه علوم پزشکی مشهد,نامشخص,kanoon
1404,تجربی,9893,4446,منطقه 2,پزشکی,دانشگاه آزاداسلامی-واحدپزشکی تهران,آزاد,kanoon
1404,تجربی,9893,4446,منطقه 2,پزشکی,دانشگاه علوم پزشکی تبریز,نامشخص,kanoon
1404,تجربی,16629,4449,منطقه 3,پزشکی,دانشگاه آزاداسلامی-واحدمشهد,آزاد,kanoon
1404,تجربی,9922,4457,منطقه 2,پزشکی,دانشگاه علوم پزشکی تبریز,نامشخص,kanoon
1404,تجربی,16670,4462,منطقه 3,پزشکی,دانشگاه علوم پزشکی جندی شاپور اهواز,نامشخص,kanoon
1404,تجربی,9937,4463,منطقه 2,فیزیوتراپی,دانشگاه علوم پزشکی زاهدان,نامشخص,kanoon
1404,تجربی,9950,4467,منطقه 2,دامپزشکی,دانشگاه تهران,نامشخص,kanoon
1404,تجربی,16694,4470,منطقه 3,پزشکی,دانشگاه علوم پزشکی ارتش,بورسیه,sajad
1404,تجربی,16694,4470,منطقه 3,پزشکی,دانشگاه علوم پزشکی شهید بهشتی - تهران,نامشخص,kanoon
1404,تجربی,9964,4474,منطقه 2,پزشکی,دانشگاه علوم پزشکی اصفهان,نامشخص,kanoon
1404,تجربی,9964,4474,منطقه 2,فیزیوتراپی,دانشگاه علوم پزشکی کرمانشاه,نامشخص,kanoon
1404,تجربی,16719,4475,منطقه 3,پزشکی,دانشگاه علوم پزشکی قزوین,نامشخص,kanoon
1404,تجربی,16719,4475,منطقه 3,پزشکی,دانشگاه علوم پزشکی یاسوج,نامشخص,kanoon
1404,تجربی,16742,4480,منطقه 3,پزشکی,دانشگاه علوم پزشکی ارومیه,نامشخص,kanoon
1404,تجربی,16742,4480,منطقه 3,پزشکی,دانشگاه علوم پزشکی شیراز,نامشخص,kanoon
1404,تجربی,15368,4482,منطقه 1,شنوایی شناسی,دانشگاه علوم پزشکی جندی شاپور اهواز,نامشخص,kanoon
1404,تجربی,9988,4487,منطقه 2,فیزیوتراپی,دانشگاه علوم پزشکی جندی شاپور اهواز,روزانه,sajad
1404,تجربی,16800,4492,منطقه 3,پزشکی,دانشگاه علوم پزشکی بوشهر,نامشخص,kanoon
1404,تجربی,16800,4492,منطقه 3,پزشکی,دانشگاه علوم پزشکی جهرم,نامشخص,kanoon
1404,تجربی,15437,4502,منطقه 1,شنوایی‌شناسی,دانشگاه علوم پزشکی بابل,روزانه,sajad
1404,تجربی,10042,4509,منطقه 2,فیزیوتراپی,دانشگاه علوم پزشکی کرمانشاه,شهریه پرداز,kanoon
1404,تجربی,10054,4514,منطقه 2,پزشکی,دانشگاه علوم پزشکی تهران,نامشخص,kanoon
1404,تجربی,15482,4518,منطقه 1,تکنولوژی اتاق عمل,دانشگاه علوم پزشکی اصفهان,شهریه پرداز,kanoon
1404,تجربی,10079,4526,منطقه 2,پزشکی,دانشگاه آزاد اسلامی-واحدنجف آباد,آزاد,kanoon
1404,تجربی,10091,4533,منطقه 2,پزشکی,دانشگاه علوم پزشکی مازندران - ساری,نامشخص,kanoon
1404,تجربی,10091,4533,منطقه 2,تکنولوژی اتاق عمل,دانشگاه علوم پزشکی تبریز,نامشخص,kanoon
1404,تجربی,10116,4541,منطقه 2,داروسازی,دانشگاه آزاداسلامی-واحددامغان,آزاد,kanoon
1404,تجربی,10116,4541,منطقه 2,دامپزشکی,دانشگاه تهران,نامشخص,kanoon
1404,تجربی,16965,4542,منطقه 3,پزشکی,دانشگاه آزاد اسلامی واحد ساری,آزاد تمام‌وقت,sajad
1404,تجربی,16965,4542,منطقه 3,پزشکی,دانشگاه آزاداسلامی-واحد اردبیل,آزاد,kanoon
1404,تجربی,15589,4546,منطقه 1,پزشکی,دانشگاه علوم پزشکی شیراز,نامشخص,kanoon
1404,تجربی,10134,4549,منطقه 2,پزشکی,دانشگاه علوم پزشکی اراک,نامشخص,kanoon
1404,تجربی,10134,4549,منطقه 2,پزشکی,دانشگاه علوم پزشکی بیرجند,نامشخص,kanoon
1404,تجربی,16986,4549,منطقه 3,پزشکی,دانشگاه آزاداسلامی-واحدمشهد,آزاد,kanoon
1404,تجربی,15609,4553,منطقه 1,پزشکی,دانشگاه علوم پزشکی فسا,نامشخص,kanoon
1404,تجربی,10152,4557,منطقه 2,پزشکی,دانشگاه آزاداسلامی-واحدعلوم پزشکی تبریز,آزاد,kanoon
1404,تجربی,17030,4563,منطقه 3,پزشکی,دانشگاه علوم پزشکی بابل,نامشخص,kanoon
1404,تجربی,10172,4567,منطقه 2,پزشکی,دانشگاه علوم پزشکی بم,شهریه پرداز,kanoon
1404,تجربی,10242,4599,منطقه 2,پزشکی,دانشگاه آزاد اسلامی-واحدنجف آباد,آزاد,kanoon
1404,تجربی,10242,4599,منطقه 2,پزشکی,دانشگاه علوم پزشکی اردبیل,نامشخص,kanoon
1404,تجربی,17177,4606,منطقه 3,پزشکی,دانشگاه آزاد اسلامی-واحدنجف آباد,آزاد,kanoon
1404,تجربی,17177,4606,منطقه 3,پزشکی,دانشگاه علوم پزشکی جندی شاپور اهواز,نامشخص,kanoon
1404,تجربی,10269,4614,منطقه 2,پزشکی,دانشگاه علوم پزشکی گیلان - رشت,نامشخص,kanoon
1404,تجربی,10284,4621,منطقه 2,پزشکی,دانشگاه آزاداسلامی-واحدپزشکی تهران,آزاد,kanoon
1404,تجربی,17220,4622,منطقه 3,پزشکی,دانشگاه علوم پزشکی البرز - کرج,نامشخص,kanoon
1404,تجربی,17220,4622,منطقه 3,پزشکی,دانشگاه علوم پزشکی البرز - کرج,تعهدی,sajad
1404,تجربی,10299,4626,منطقه 2,پزشکی,دانشگاه آزاداسلامی-واحدساری,آزاد,kanoon
1404,تجربی,17239,4629,منطقه 3,پزشکی,دانشگاه آزاداسلامی-واحد اردبیل--آزاد-خودگردان,آزاد,kanoon
1404,تجربی,10311,4631,منطقه 2,بینایی سنجی,دانشگاه علوم پزشکی مشهد,نامشخص,kanoon
1404,تجربی,17292,4650,منطقه 3,پزشکی,دانشگاه علوم پزشکی ارومیه,نامشخص,kanoon
1404,تجربی,17292,4650,منطقه 3,پزشکی,دانشگاه علوم پزشکی ایلام,نامشخص,kanoon
1404,تجربی,10351,4651,منطقه 2,پزشکی,دانشگاه علوم پزشکی کرمانشاه,نامشخص,kanoon
1404,تجربی,17341,4665,منطقه 3,پزشکی,دانشگاه علوم پزشکی کردستان - سنندج,نامشخص,kanoon
1404,تجربی,10392,4672,منطقه 2,پزشکی,دانشگاه علوم پزشکی قم,نامشخص,kanoon
1404,تجربی,17365,4673,منطقه 3,پزشکی,دانشگاه علوم پزشکی ارومیه,نامشخص,kanoon
1404,تجربی,10411,4678,منطقه 2,پزشکی,دانشگاه علوم پزشکی مشهد,نامشخص,kanoon
1404,تجربی,17386,4679,منطقه 3,پزشکی,دانشگاه علوم پزشکی خراسان شمالی - بجنورد,نامشخص,kanoon
1404,تجربی,17406,4685,منطقه 3,پزشکی,دانشگاه آزاداسلامی-واحدکرمان,آزاد,kanoon
1404,تجربی,17406,4685,منطقه 3,کاردرمانی,دانشگاه علوم پزشکی ایران,نامشخص,kanoon
1404,تجربی,10442,4688,منطقه 2,پزشکی,دانشگاه آزاداسلامی-واحدپزشکی تهران,آزاد,kanoon
1404,تجربی,17425,4692,منطقه 3,ارتوز و پروتز ( اعضای مصنوعی و وسایل کمکی),دانشگاه علوم پزشکی همدان,نامشخص,kanoon
1404,تجربی,10473,4703,منطقه 2,پزشکی,دانشگاه علوم پزشکی زاهدان,نامشخص,kanoon
1404,تجربی,17465,4708,منطقه 3,پزشکی,دانشگاه آزاداسلامی-واحدساری,آزاد,kanoon
1404,تجربی,10490,4711,منطقه 2,پزشکی,دانشگاه علوم پزشکی لرستان - خرم آباد,نامشخص,kanoon
1404,تجربی,17488,4716,منطقه 3,پزشکی,دانشگاه علوم پزشکی قزوین,نامشخص,kanoon
1404,تجربی,10527,4723,منطقه 2,پزشکی,دانشگاه علوم پزشکی مشهد,نامشخص,kanoon
1404,تجربی,17541,4732,منطقه 3,پزشکی,دانشگاه آزاداسلامی-واحدقم,آزاد,kanoon
1404,تجربی,17574,4739,منطقه 3,پزشکی,دانشگاه علوم پزشکی خراسان شمالی - بجنورد,نامشخص,kanoon
1404,تجربی,17574,4739,منطقه 3,کاردرمانی,دانشگاه علوم توانبخشی وسلامت اجتماعی-تهران(رشته های پزشکی),نامشخص,kanoon
1404,تجربی,10583,4747,منطقه 2,پزشکی,دانشگاه علوم پزشکی شهرکرد,نامشخص,kanoon
1404,تجربی,10583,4747,منطقه 2,ساخت پروتزهای دندانی,دانشگاه علوم پزشکی سبزوار,نامشخص,kanoon
1404,تجربی,10602,4757,منطقه 2,پزشکی,دانشگاه آزاداسلامی-واحدپزشکی تهران,آزاد,kanoon
1404,تجربی,10602,4757,منطقه 2,پزشکی,دانشگاه علوم پزشکی البرز - کرج,نامشخص,kanoon
1404,تجربی,10602,4757,منطقه 2,دامپزشکی,دانشگاه تهران--نوبت دوم,نامشخص,kanoon
1404,تجربی,16408,4761,منطقه 1,دامپزشکی,دانشگاه فردوسی - مشهد--نوبت دوم,نامشخص,kanoon
1404,تجربی,16506,4787,منطقه 1,گفتاردرمانی,دانشگاه علوم پزشکی ایران,نامشخص,kanoon
1404,تجربی,17733,4788,منطقه 3,دندانپزشکی,دانشگاه علوم پزشکی زاهدان,نامشخص,kanoon
1404,تجربی,10696,4789,منطقه 2,بینایی سنجی,دانشگاه علوم پزشکی مازندران - ساری,نامشخص,kanoon
1404,تجربی,17758,4796,منطقه 3,پزشکی,دانشگاه علوم پزشکی اصفهان,نامشخص,kanoon
1404,تجربی,17782,4804,منطقه 3,پرستاری,دانشگاه علوم پزشکی مشهد,نامشخص,kanoon
1404,تجربی,17782,4804,منطقه 3,پزشکی,دانشگاه علوم پزشکی بابل,نامشخص,kanoon
1404,تجربی,10727,4806,منطقه 2,پزشکی,دانشگاه آزاداسلامی -واحدیزد,آزاد,kanoon
1404,تجربی,17802,4811,منطقه 3,پزشکی,دانشگاه آزاداسلامی-واحدشاهرود,آزاد,kanoon
1404,تجربی,65614,4823,سهمیه 5٪,پرستاری,دانشگاه آزاد اسلامی واحد کرج,آزاد,sajad
1404,تجربی,65614,4823,سهمیه 5٪,علوم تغذیه,دانشگاه علوم پزشکی زنجان,پردیس,sajad
1404,تجربی,10781,4825,منطقه 2,شنوایی شناسی,دانشگاه علوم پزشکی شهید بهشتی - تهران,نامشخص,kanoon
1404,تجربی,17844,4831,منطقه 3,پرستاری,دانشگاه علوم پزشکی تهران,شهریه پرداز,kanoon
1404,تجربی,17844,4831,منطقه 3,تکنولوژی پرتوشناسی,دانشگاه علوم پزشکی شیراز,نامشخص,kanoon
1404,تجربی,16694,4833,منطقه 1,پزشکی,دانشگاه علوم پزشکی ارتش جمهوری اسلامی ایران,نامشخص,kanoon
1404,تجربی,17861,4837,منطقه 3,پرستاری,دانشگاه علوم پزشکی اصفهان,نامشخص,kanoon
1404,تجربی,17885,4846,منطقه 3,پزشکی,دانشگاه آزاداسلامی-واحدساری,آزاد,kanoon
1404,تجربی,17911,4854,منطقه 3,پزشکی,دانشگاه علوم پزشکی ایلام,نامشخص,kanoon
1404,تجربی,16766,4858,منطقه 1,پرستاری,دانشگاه علوم پزشکی شهید بهشتی - تهران,نامشخص,kanoon
1404,تجربی,10848,4862,منطقه 2,پزشکی,دانشگاه علوم پزشکی کاشان,نامشخص,kanoon
1404,تجربی,17946,4864,منطقه 3,پزشکی,دانشگاه علوم پزشکی شهید بهشتی - تهران,نامشخص,kanoon
1404,تجربی,16783,4866,منطقه 1,تکنولوژی اتاق عمل,دانشگاه علوم پزشکی ایران,نامشخص,kanoon
1404,تجربی,10869,4871,منطقه 2,پزشکی,دانشگاه علوم پزشکی بابل,نامشخص,kanoon
1404,تجربی,17987,4876,منطقه 3,پزشکی,دانشگاه علوم پزشکی شیراز,نامشخص,kanoon
1404,تجربی,18045,4888,منطقه 3,پزشکی,دانشگاه علوم پزشکی جندی شاپور اهواز,نامشخص,kanoon
1404,تجربی,10915,4894,منطقه 2,پزشکی,دانشگاه آزاداسلامی-واحدقم,آزاد,kanoon
1404,تجربی,10915,4894,منطقه 2,شنوایی شناسی,دانشگاه علوم پزشکی تهران,نامشخص,kanoon
1404,تجربی,18065,4897,منطقه 3,پزشکی,دانشگاه آزاداسلامی-واحدقم,آزاد,kanoon
1404,تجربی,18065,4897,منطقه 3,پزشکی,دانشگاه آزاداسلامی-واحدمشهد --آزاد-خودگردان,آزاد,kanoon
1404,تجربی,18065,4897,منطقه 3,شنوایی شناسی,دانشگاه علوم پزشکی اراک,نامشخص,kanoon
1404,تجربی,18065,4897,منطقه 3,شنوایی‌شناسی,دانشگاه علوم پزشکی اراک,روزانه,sajad
1404,تجربی,18115,4914,منطقه 3,کاردرمانی,دانشگاه علوم پزشکی شیراز,نامشخص,kanoon
1404,تجربی,11006,4928,منطقه 2,زیست فناوری,دانشگاه شهید بهشتی - تهران,نامشخص,kanoon
1404,تجربی,18181,4931,منطقه 3,علوم تغذیه,دانشگاه علوم پزشکی همدان,نامشخص,kanoon
1404,تجربی,11019,4934,منطقه 2,پزشکی,دانشگاه علوم پزشکی اردبیل,نامشخص,kanoon
1404,تجربی,11019,4934,منطقه 2,پزشکی,دانشگاه علوم پزشکی خراسان شمالی - بجنورد,نامشخص,kanoon
1404,تجربی,11036,4943,منطقه 2,پزشکی,دانشگاه آزاداسلامی-واحد ارومیه --آزاد-خودگردان,آزاد,kanoon
1404,تجربی,11036,4943,منطقه 2,پزشکی,دانشگاه علوم پزشکی کاشان,نامشخص,kanoon
1404,تجربی,11054,4951,منطقه 2,پزشکی,دانشگاه آزاداسلامی-واحدعلوم پزشکی تبریز,آزاد,kanoon
1404,تجربی,18267,4957,منطقه 3,پزشکی,دانشگاه علوم پزشکی اصفهان,نامشخص,kanoon
1404,تجربی,11070,4960,منطقه 2,پزشکی,دانشگاه علوم پزشکی تبریز,نامشخص,kanoon
1404,تجربی,18294,4964,منطقه 3,پزشکی,دانشگاه علوم پزشکی بوشهر,نامشخص,kanoon
1404,تجربی,17239,4970,منطقه 1,پزشکی,دانشگاه علوم پزشکی ارتش جمهوری اسلامی ایران,نامشخص,kanoon
1404,تجربی,11089,4971,منطقه 2,پزشکی,دانشگاه آزاداسلامی-واحد اردبیل,آزاد,kanoon
1404,تجربی,11089,4971,منطقه 2,پزشکی,دانشگاه علوم پزشکی بیرجند,نامشخص,kanoon
1404,تجربی,11089,4971,منطقه 2,پزشکی,دانشگاه علوم پزشکی کردستان - سنندج,نامشخص,kanoon
1404,تجربی,18318,4971,منطقه 3,پزشکی,دانشگاه علوم پزشکی بوشهر,نامشخص,kanoon
1404,تجربی,18318,4971,منطقه 3,تکنولوژی پرتوشناسی,دانشگاه علوم پزشکی تبریز,نامشخص,kanoon
1404,تجربی,11109,4982,منطقه 2,پزشکی,دانشگاه علوم پزشکی یزد,نامشخص,kanoon
1404,تجربی,18383,4986,منطقه 3,پرستاری,دانشگاه علوم پزشکی مشهد,نامشخص,kanoon
1404,تجربی,17315,4992,منطقه 1,ارتوز و پروتز ( اعضای مصنوعی و وسایل کمکی),دانشگاه علوم پزشکی شیراز,نامشخص,kanoon
1404,تجربی,11139,4996,منطقه 2,پزشکی,دانشگاه علوم پزشکی کاشان,نامشخص,kanoon
1404,تجربی,11156,5001,منطقه 2,پزشکی,دانشگاه علوم پزشکی مشهد,تعهدی,sajad
1404,تجربی,11174,5008,منطقه 2,پزشکی,دانشگاه علوم پزشکی قزوین,نامشخص,kanoon
1404,تجربی,11191,5016,منطقه 2,پزشکی,دانشگاه علوم پزشکی اراک,نامشخص,kanoon
1404,تجربی,11191,5016,منطقه 2,پزشکی,دانشگاه علوم پزشکی بم,نامشخص,kanoon
1404,تجربی,18515,5021,منطقه 3,پزشکی,دانشگاه آزاداسلامی خراسان شمالی-واحدبجنورد,آزاد,kanoon
1404,تجربی,11244,5038,منطقه 2,پزشکی,دانشگاه علوم پزشکی تهران,نامشخص,kanoon
1404,تجربی,11244,5038,منطقه 2,پزشکی,دانشگاه علوم پزشکی مشهد,نامشخص,kanoon
1404,تجربی,11257,5045,منطقه 2,پزشکی,دانشگاه علوم پزشکی همدان,نامشخص,kanoon
1404,تجربی,18582,5049,منطقه 3,پزشکی,دانشگاه آزاداسلامی-واحدمشهد --آزاد-خودگردان,آزاد,kanoon
1404,تجربی,11273,5052,منطقه 2,پزشکی,دانشگاه علوم پزشکی دزفول,نامشخص,kanoon
1404,تجربی,17541,5057,منطقه 1,تکنولوژی اتاق عمل,دانشگاه علوم پزشکی ارتش جمهوری اسلامی ایران,نامشخص,kanoon
1404,تجربی,11292,5061,منطقه 2,پزشکی,دانشگاه علوم پزشکی یزد,نامشخص,kanoon
1404,تجربی,11311,5070,منطقه 2,پزشکی,دانشگاه علوم پزشکی مازندران - ساری,نامشخص,kanoon
1404,تجربی,18669,5073,منطقه 3,پزشکی,دانشگاه آزاداسلامی-واحدکرمان,آزاد,kanoon
1404,تجربی,17629,5081,منطقه 1,ارتوز و پروتز ( اعضای مصنوعی و وسایل کمکی),موسسه آموزش عالی علمی کاربردی هلال ایران,نامشخص,kanoon
1404,تجربی,17655,5088,منطقه 1,پرستاری,دانشگاه علوم پزشکی شهید بهشتی - تهران,نامشخص,kanoon
1404,تجربی,18741,5096,منطقه 3,علوم آزمایشگاهی,دانشگاه علوم پزشکی شهید بهشتی - تهران,نامشخص,kanoon
1404,تجربی,11378,5099,منطقه 2,پزشکی,دانشگاه علوم پزشکی اصفهان,نامشخص,kanoon
1404,تجربی,18823,5114,منطقه 3,پزشکی,دانشگاه علوم پزشکی کردستان - سنندج,نامشخص,kanoon
1404,تجربی,18849,5122,منطقه 3,پزشکی,دانشگاه آزاداسلامی-واحدمشهد --آزاد-خودگردان,آزاد,kanoon
1404,تجربی,18873,5128,منطقه 3,پزشکی,دانشگاه آزاداسلامی-واحدشاهرود,آزاد,kanoon
1404,تجربی,18893,5131,منطقه 3,پزشکی,دانشگاه آزاد اسلامی واحد ساری,آزاد,sajad
1404,تجربی,11470,5135,منطقه 2,پزشکی,دانشگاه علوم پزشکی قم,نامشخص,kanoon
1404,تجربی,11470,5135,منطقه 2,دندانپزشکی,دانشگاه علوم پزشکی سمنان,نامشخص,kanoon
1404,تجربی,11488,5141,منطقه 2,داروسازی,دانشگاه علوم پزشکی همدان,نامشخص,kanoon
1404,تجربی,18962,5153,منطقه 3,پزشکی,دانشگاه آزاداسلامی-واحدکرمان,آزاد,kanoon
1404,تجربی,11523,5159,منطقه 2,پزشکی,دانشگاه علوم پزشکی کردستان - سنندج,نامشخص,kanoon
1404,تجربی,19036,5177,منطقه 3,پزشکی,دانشگاه علوم پزشکی قزوین,نامشخص,kanoon
1404,تجربی,19036,5177,منطقه 3,پزشکی,دانشگاه علوم پزشکی گیلان - رشت,نامشخص,kanoon
1404,تجربی,11572,5180,منطقه 2,پزشکی,دانشگاه آزاداسلامی-واحدپزشکی تهران --آزاد-خودگردان,آزاد,kanoon
1404,تجربی,11572,5180,منطقه 2,پزشکی,دانشگاه علوم پزشکی کرمانشاه,نامشخص,kanoon
1404,تجربی,19063,5184,منطقه 3,پزشکی,دانشگاه آزاداسلامی-واحدساری --آزاد-خودگردان,آزاد,kanoon
1404,تجربی,19063,5184,منطقه 3,پزشکی,دانشگاه علوم پزشکی دزفول,نامشخص,kanoon
1404,تجربی,11589,5189,منطقه 2,پزشکی,دانشگاه علوم پزشکی اردبیل,نامشخص,kanoon
1404,تجربی,71003,5191,سهمیه 5٪,پرستاری,دانشگاه علوم پزشکی دزفول,روزانه,sajad
1404,تجربی,19105,5195,منطقه 3,پزشکی,دانشگاه علوم پزشکی دزفول,نامشخص,kanoon
1404,تجربی,19126,5201,منطقه 3,پزشکی,دانشگاه علوم پزشکی بوشهر,نامشخص,kanoon
1404,تجربی,19168,5214,منطقه 3,پزشکی,دانشگاه آزاداسلامی-واحدمشهد --آزاد-خودگردان,آزاد,kanoon
1404,تجربی,11658,5221,منطقه 2,شیمی کاربردی,دانشگاه صنعتی شریف - تهران,نامشخص,kanoon
1404,تجربی,19244,5237,منطقه 3,دامپزشکی,دانشگاه بوعلی سینا - همدان,نامشخص,kanoon
1404,تجربی,11698,5240,منطقه 2,پزشکی,دانشگاه آزاداسلامی-واحد اردبیل,آزاد,kanoon
1404,تجربی,11698,5240,منطقه 2,دامپزشکی,دانشگاه رازی کرمانشاه,نامشخص,kanoon
1404,تجربی,18267,5240,منطقه 1,پزشکی,دانشگاه علوم پزشکی کرمان,نامشخص,kanoon
1404,تجربی,18267,5240,منطقه 1,گفتاردرمانی,دانشگاه علوم توانبخشی وسلامت اجتماعی-تهران(رشته های پزشکی),نامشخص,kanoon
1404,تجربی,11713,5247,منطقه 2,پزشکی,دانشگاه علوم پزشکی جندی شاپور اهواز,نامشخص,kanoon
1404,تجربی,19285,5249,منطقه 3,پزشکی,دانشگاه آزاداسلامی-واحدکرمان,آزاد,kanoon
1404,تجربی,11752,5264,منطقه 2,پزشکی,دانشگاه علوم پزشکی ایران,نامشخص,kanoon
1404,تجربی,19367,5273,منطقه 3,پزشکی,دانشگاه آزاداسلامی-واحدشاهرود,آزاد,kanoon
1404,تجربی,11786,5277,منطقه 2,پزشکی,دانشگاه آزاداسلامی-واحدقم,آزاد,kanoon
1404,تجربی,11816,5290,منطقه 2,زیست فناوری,دانشگاه شهید بهشتی - تهران,نامشخص,kanoon
1404,تجربی,19415,5291,منطقه 3,پزشکی,دانشگاه علوم پزشکی یاسوج,نامشخص,kanoon
1404,تجربی,11867,5318,منطقه 2,پزشکی,دانشگاه آزاداسلامی-واحدساری --آزاد-خودگردان,آزاد,kanoon
1404,تجربی,11867,5318,منطقه 2,پزشکی,دانشگاه علوم پزشکی کردستان - سنندج,نامشخص,kanoon
1404,تجربی,19555,5329,منطقه 3,کاردرمانی,دانشگاه علوم توانبخشی وسلامت اجتماعی-تهران(رشته های پزشکی),نامشخص,kanoon
1404,تجربی,11905,5333,منطقه 2,پزشکی,دانشگاه علوم پزشکی تبریز,نامشخص,kanoon
1404,تجربی,19576,5336,منطقه 3,پزشکی,دانشگاه علوم پزشکی ایلام,نامشخص,kanoon
1404,تجربی,11921,5339,منطقه 2,پزشکی,دانشگاه علوم پزشکی مشهد,نامشخص,kanoon
1404,تجربی,11922,5339,منطقه 2,پزشکی,دانشگاه علوم پزشکی بابل,نامشخص,kanoon
1404,تجربی,11922,5339,منطقه 2,پزشکی,دانشگاه علوم پزشکی لرستان - خرم‌آباد,تعهدی,sajad
1404,تجربی,19601,5344,منطقه 3,علوم تغذیه,دانشگاه علوم پزشکی شهید بهشتی - تهران,شهریه پرداز,kanoon
1404,تجربی,18716,5348,منطقه 1,کاردرمانی,دانشگاه علوم پزشکی شیراز,نامشخص,kanoon
1404,تجربی,19630,5354,منطقه 3,پزشکی,دانشگاه علوم پزشکی بیرجند,نامشخص,kanoon
1404,تجربی,11980,5372,منطقه 2,پزشکی,دانشگاه آزاداسلامی-واحد اردبیل,آزاد,kanoon
1404,تجربی,19701,5377,منطقه 3,پرستاری,دانشگاه علوم پزشکی شهید بهشتی - تهران,نامشخص,kanoon
1404,تجربی,11994,5379,منطقه 2,پزشکی,دانشگاه آزاداسلامی-واحد اردبیل,آزاد,kanoon
1404,تجربی,11994,5379,منطقه 2,پزشکی,دانشگاه آزاداسلامی-واحد اردبیل,آزاد,kanoon
1404,تجربی,12008,5384,منطقه 2,پزشکی,دانشگاه علوم پزشکی بابل,نامشخص,kanoon
1404,تجربی,19736,5388,منطقه 3,پزشکی,دانشگاه علوم پزشکی دزفول,نامشخص,kanoon
1404,تجربی,12024,5390,منطقه 2,پزشکی,دانشگاه علوم پزشکی اردبیل,نامشخص,kanoon
1404,تجربی,18873,5397,منطقه 1,پرستاری,دانشگاه علوم پزشکی تبریز,نامشخص,kanoon
1404,تجربی,18873,5397,منطقه 1,علوم تغذیه,دانشگاه علوم پزشکی همدان,نامشخص,kanoon
1404,تجربی,12062,5405,منطقه 2,پزشکی,دانشگاه علوم پزشکی زابل,روزانه,sajad
1404,تجربی,19800,5407,منطقه 3,پرستاری,دانشگاه علوم پزشکی کردستان - سنندج,نامشخص,kanoon
1404,تجربی,12099,5423,منطقه 2,پزشکی,دانشگاه علوم پزشکی کردستان - سنندج,نامشخص,kanoon
1404,تجربی,19848,5423,منطقه 3,پزشکی,دانشگاه علوم پزشکی کرمانشاه,نامشخص,kanoon
1404,تجربی,12114,5433,منطقه 2,پزشکی,دانشگاه علوم پزشکی ارتش جمهوری اسلامی ایران,نامشخص,kanoon
1404,تجربی,19902,5440,منطقه 3,پزشکی,دانشگاه آزاد اسلامی واحد زاهدان,آزاد تمام‌وقت,sajad
1404,تجربی,19902,5440,منطقه 3,تکنولوژی پرتوشناسی,دانشگاه علوم پزشکی تبریز,نامشخص,kanoon
1404,تجربی,12226,5482,منطقه 2,پزشکی,دانشگاه علوم پزشکی گیلان - رشت,نامشخص,kanoon
1404,تجربی,12273,5498,منطقه 2,پزشکی,دانشگاه آزاد اسلامی استان خوزستان - واحد اهواز--آزاد-خودگردان,آزاد,kanoon
1404,تجربی,12273,5498,منطقه 2,پزشکی,دانشگاه علوم پزشکی تبریز,نامشخص,kanoon
1404,تجربی,12273,5498,منطقه 2,پزشکی,دانشگاه علوم پزشکی مشهد,نامشخص,kanoon
1404,تجربی,12292,5509,منطقه 2,پزشکی,دانشگاه علوم پزشکی اردبیل,نامشخص,kanoon
1404,تجربی,20135,5512,منطقه 3,پزشکی,دانشگاه آزاداسلامی-واحدقشم --آزاد-خودگردان,آزاد,kanoon
1404,تجربی,12337,5530,منطقه 2,پزشکی,دانشگاه علوم پزشکی ایران,نامشخص,kanoon
1404,تجربی,75682,5533,سهمیه 5٪,گفتاردرمانی,دانشگاه علوم پزشکی همدان,روزانه,sajad
1404,تجربی,20258,5541,منطقه 3,داروسازی,دانشگاه علوم پزشکی زابل,نامشخص,kanoon
1404,تجربی,20279,5546,منطقه 3,پرستاری,دانشگاه علوم پزشکی گیلان - رشت,نامشخص,kanoon
1404,تجربی,20279,5546,منطقه 3,پزشکی,دانشگاه علوم پزشکی دزفول,نامشخص,kanoon
1404,تجربی,20279,5546,منطقه 3,پزشکی,دانشگاه علوم پزشکی قزوین,نامشخص,kanoon
1404,تجربی,12374,5547,منطقه 2,پزشکی,دانشگاه آزاد اسلامی استان خوزستان - واحد اهواز--آزاد-خودگردان,آزاد,kanoon
1404,تجربی,12374,5547,منطقه 2,پزشکی,دانشگاه علوم پزشکی مازندران - ساری,نامشخص,kanoon
1404,تجربی,19511,5550,منطقه 1,مامایی,دانشگاه علوم پزشکی تبریز,نامشخص,kanoon
1404,تجربی,12410,5559,منطقه 2,پزشکی,دانشگاه آزاداسلامی-واحدقم --آزاد-خودگردان,آزاد,kanoon
1404,تجربی,19576,5563,منطقه 1,هوشبری,دانشگاه علوم پزشکی تهران,نامشخص,kanoon
1404,تجربی,20405,5577,منطقه 3,پزشکی,دانشگاه آزاد اسلامی واحد قشم,آزاد خودگردان,sajad
1404,تجربی,19676,5585,منطقه 1,پزشکی,دانشگاه علوم پزشکی سمنان,نامشخص,kanoon
1404,تجربی,19701,5592,منطقه 1,گفتاردرمانی,دانشگاه علوم پزشکی اراک,نامشخص,kanoon
1404,تجربی,20459,5595,منطقه 3,پزشکی,دانشگاه علوم پزشکی کرمانشاه,نامشخص,kanoon
1404,تجربی,12497,5597,منطقه 2,دندانپزشکی,دانشگاه علوم پزشکی بندرعباس,نامشخص,kanoon
1404,تجربی,20519,5605,منطقه 3,پزشکی,دانشگاه آزاداسلامی-واحدقشم --آزاد-خودگردان,آزاد,kanoon
1404,تجربی,12529,5607,منطقه 2,پزشکی,دانشگاه علوم پزشکی همدان,نامشخص,kanoon
1404,تجربی,19825,5631,منطقه 1,پزشکی,دانشگاه علوم پزشکی جهرم,نامشخص,kanoon
1404,تجربی,12643,5646,منطقه 2,پزشکی,دانشگاه علوم پزشکی اردبیل,نامشخص,kanoon
1404,تجربی,20644,5647,منطقه 3,پرستاری,دانشگاه علوم پزشکی تبریز,نامشخص,kanoon
1404,تجربی,20661,5654,منطقه 3,دندانپزشکی,دانشگاه علوم پزشکی زاهدان,نامشخص,kanoon
1404,تجربی,12676,5660,منطقه 2,پزشکی,دانشگاه علوم پزشکی اردبیل,نامشخص,kanoon
1404,تجربی,20701,5666,منطقه 3,پزشکی,دانشگاه آزاداسلامی-واحدقشم --آزاد-خودگردان,آزاد,kanoon
1404,تجربی,20729,5673,منطقه 3,پرستاری,دانشگاه علوم پزشکی تبریز,نامشخص,kanoon
1404,تجربی,12713,5675,منطقه 2,پرستاری,دانشگاه علوم پزشکی اردبیل,نامشخص,kanoon
1404,تجربی,20756,5679,منطقه 3,پزشکی,دانشگاه علوم پزشکی آبادان,نامشخص,kanoon
1404,تجربی,19994,5680,منطقه 1,پرستاری,دانشگاه علوم پزشکی شیراز,نامشخص,kanoon
1404,تجربی,12731,5684,منطقه 2,پزشکی,دانشگاه علوم پزشکی کردستان - سنندج,نامشخص,kanoon
1404,تجربی,12731,5684,منطقه 2,پزشکی,دانشگاه علوم پزشکی کرمانشاه,نامشخص,kanoon
1404,تجربی,20828,5702,منطقه 3,دندانپزشکی,دانشگاه علوم پزشکی یزد,نامشخص,kanoon
1404,تجربی,12871,5748,منطقه 2,پزشکی,دانشگاه علوم پزشکی گیلان - رشت,نامشخص,kanoon
1404,تجربی,12919,5772,منطقه 2,پزشکی,دانشگاه آزاداسلامی-واحدعلوم پزشکی تبریز--آزاد-خودگردان,آزاد,kanoon
1404,تجربی,12933,5778,منطقه 2,پزشکی,دانشگاه علوم پزشکی اردبیل,نامشخص,kanoon
1404,تجربی,12933,5778,منطقه 2,پزشکی,دانشگاه علوم پزشکی مازندران - ساری,نامشخص,kanoon
1404,تجربی,12968,5792,منطقه 2,پزشکی,دانشگاه علوم پزشکی دزفول,نامشخص,kanoon
1404,تجربی,12968,5792,منطقه 2,پزشکی,دانشگاه علوم پزشکی قم,نامشخص,kanoon
1404,تجربی,21226,5808,منطقه 3,پزشکی,دانشگاه علوم پزشکی بم,نامشخص,kanoon
1404,تجربی,20480,5811,منطقه 1,علوم تغذیه,دانشکده علوم پزشکی و خدمات بهداشتی درمانی مراغه,نامشخص,kanoon
1404,تجربی,13026,5817,منطقه 2,پزشکی,دانشگاه علوم پزشکی کرمانشاه,نامشخص,kanoon
1404,تجربی,13046,5824,منطقه 2,پزشکی,دانشگاه علوم پزشکی بیرجند,نامشخص,kanoon
1404,تجربی,21310,5829,منطقه 3,علوم تغذیه,دانشگاه علوم پزشکی شیراز,نامشخص,kanoon
1404,تجربی,13080,5838,منطقه 2,پزشکی,دانشگاه علوم پزشکی اصفهان,نامشخص,kanoon
1404,تجربی,13080,5838,منطقه 2,پزشکی,دانشگاه علوم پزشکی تربت حیدریه,نامشخص,kanoon
1404,تجربی,13095,5844,منطقه 2,پزشکی,دانشگاه آزاداسلامی-واحدشاهرود,آزاد,kanoon
1404,تجربی,13131,5860,منطقه 2,پزشکی,دانشگاه آزاداسلامی-واحدکازرون,آزاد,kanoon
1404,تجربی,13131,5860,منطقه 3,پزشکی,دانشگاه علوم پزشکی همدان,نامشخص,kanoon
1404,تجربی,21436,5868,منطقه 3,پزشکی,دانشگاه علوم پزشکی بوشهر,نامشخص,kanoon
1404,تجربی,20756,5882,منطقه 1,پرستاری,دانشگاه علوم پزشکی شیراز,نامشخص,kanoon
1404,تجربی,21490,5883,منطقه 3,پزشکی,دانشگاه علوم پزشکی اردبیل,نامشخص,kanoon
1404,تجربی,21539,5897,منطقه 3,علوم تغذیه,دانشگاه علوم پزشکی اصفهان,نامشخص,kanoon
1404,تجربی,20855,5901,منطقه 1,روانشناسی,دانشکده علوم توانبخشی و سلامت اجتماعی - تهران,نامشخص,kanoon
1404,تجربی,13234,5908,منطقه 2,پزشکی,دانشگاه علوم پزشکی البرز - کرج,نامشخص,kanoon
1404,تجربی,13248,5912,منطقه 2,پزشکی,دانشگاه علوم پزشکی ایران,نامشخص,kanoon
1404,تجربی,13263,5919,منطقه 2,پزشکی,دانشگاه علوم پزشکی اردبیل,نامشخص,kanoon
1404,تجربی,13284,5928,منطقه 2,پزشکی,دانشگاه آزاداسلامی-واحد اردبیل--آزاد-خودگردان,آزاد,kanoon
1404,تجربی,13305,5941,منطقه 2,پزشکی,دانشگاه علوم پزشکی گیلان - رشت,نامشخص,kanoon
1404,تجربی,21024,5949,منطقه 1,تکنولوژی پرتوشناسی,دانشگاه علوم پزشکی بوشهر,نامشخص,kanoon
1404,تجربی,21024,5949,منطقه 1,هوشبری,دانشگاه علوم پزشکی شیراز,نامشخص,kanoon
1404,تجربی,13327,5953,منطقه 2,پزشکی,دانشگاه علوم پزشکی تربت حیدریه,نامشخص,kanoon
1404,تجربی,21710,5954,منطقه 3,پرستاری,دانشگاه علوم پزشکی ارومیه,نامشخص,kanoon
1404,تجربی,21710,5954,منطقه 3,تکنولوژی پرتوشناسی,دانشگاه علوم پزشکی همدان,نامشخص,kanoon
1404,تجربی,21785,5976,منطقه 3,پرستاری,دانشگاه علوم پزشکی شهید بهشتی - تهران,نامشخص,kanoon
1404,تجربی,21808,5983,منطقه 3,پرستاری,دانشگاه علوم پزشکی شیراز,نامشخص,kanoon
1404,تجربی,21808,5983,منطقه 3,پزشکی,دانشگاه علوم پزشکی زنجان,نامشخص,kanoon
1404,تجربی,13423,5989,منطقه 2,پزشکی,دانشگاه علوم پزشکی اراک,نامشخص,kanoon
1404,تجربی,13423,5989,منطقه 2,پزشکی,دانشگاه علوم پزشکی قم,نامشخص,kanoon
1404,تجربی,21863,6002,منطقه 3,پزشکی,دانشگاه علوم پزشکی زنجان,نامشخص,kanoon
1404,تجربی,13463,6006,منطقه 2,پزشکی,دانشگاه علوم پزشکی البرز - کرج,تعهدی,sajad
1404,تجربی,13463,6006,منطقه 2,پزشکی,دانشگاه علوم پزشکی بابل,نامشخص,kanoon
1404,تجربی,13489,6019,منطقه 2,پزشکی,دانشگاه علوم پزشکی اصفهان,نامشخص,kanoon
1404,تجربی,13489,6019,منطقه 2,پزشکی,دانشگاه علوم پزشکی جندی شاپور اهواز,نامشخص,kanoon
1404,تجربی,13601,6069,منطقه 2,پزشکی,دانشگاه آزاداسلامی-واحدقشم --آزاد-خودگردان,آزاد,kanoon
1404,تجربی,13638,6081,منطقه 2,پزشکی,دانشگاه علوم پزشکی کرمانشاه,نامشخص,kanoon
1404,تجربی,21516,6083,منطقه 1,پرستاری,دانشگاه علوم پزشکی تبریز,نامشخص,kanoon
1404,تجربی,21516,6083,منطقه 1,پرستاری,دانشگاه علوم پزشکی نیشابور,روزانه,sajad
1404,تجربی,13686,6100,منطقه 2,پزشکی,دانشگاه علوم پزشکی شهید بهشتی - تهران,نامشخص,kanoon
1404,تجربی,21581,6103,منطقه 1,دامپزشکی,دانشگاه آزاد اسلامی واحد سنندج,آزاد,sajad
1404,تجربی,22252,6116,منطقه 3,پزشکی,دانشگاه علوم پزشکی جندی شاپور اهواز,نامشخص,kanoon
1404,تجربی,13741,6122,منطقه 2,پزشکی,دانشگاه آزاداسلامی خراسان شمالی-واحدبجنورد,آزاد,kanoon
1404,تجربی,13741,6122,منطقه 2,پزشکی,دانشگاه علوم پزشکی گیلان - رشت,نامشخص,kanoon
1404,تجربی,22294,6127,منطقه 3,تکنولوژی پرتوشناسی,دانشگاه علوم پزشکی ارومیه,نامشخص,kanoon
1404,تجربی,13777,6139,منطقه 2,پزشکی,دانشگاه علوم پزشکی دزفول,نامشخص,kanoon
1404,تجربی,21737,6144,منطقه 1,پرستاری,دانشگاه علوم پزشکی ایران,نامشخص,kanoon
1404,تجربی,22356,6145,منطقه 3,تکنولوژی پزشکی هسته ای,دانشگاه علوم پزشکی کرمانشاه,شهریه پرداز,kanoon
1404,تجربی,13796,6147,منطقه 2,پزشکی,دانشگاه علوم پزشکی همدان,نامشخص,kanoon
1404,تجربی,22397,6155,منطقه 3,پرستاری,دانشگاه علوم پزشکی گلستان - گرگان,نامشخص,kanoon
1404,تجربی,22397,6155,منطقه 3,پزشکی,دانشگاه علوم پزشکی بوشهر,نامشخص,kanoon
1404,تجربی,13845,6166,منطقه 2,پزشکی,دانشگاه علوم پزشکی تبریز,نامشخص,kanoon
1404,تجربی,22447,6167,منطقه 3,پزشکی,دانشگاه علوم پزشکی کرمان,نامشخص,kanoon
1404,تجربی,13909,6186,منطقه 2,پزشکی,دانشگاه علوم پزشکی ارتش جمهوری اسلامی ایران,نامشخص,kanoon
1404,تجربی,13909,6186,منطقه 2,مهندسی بهداشت حرفه ای وایمنی کار,دانشگاه علوم پزشکی شهید بهشتی - تهران,نامشخص,kanoon
1404,تجربی,22537,6192,منطقه 3,پرستاری,دانشگاه علوم پزشکی گلستان - گرگان,نامشخص,kanoon
1404,تجربی,13932,6195,منطقه 2,پزشکی,دانشگاه علوم پزشکی بابل,نامشخص,kanoon
1404,تجربی,22566,6201,منطقه 3,کاردرمانی,دانشگاه علوم پزشکی زنجان,نامشخص,kanoon
1404,تجربی,13993,6220,منطقه 2,پزشکی,دانشگاه آزاداسلامی خراسان شمالی-واحدبجنورد,آزاد,kanoon
1404,تجربی,22625,6223,منطقه 3,پرستاری,دانشگاه علوم پزشکی ارومیه,نامشخص,kanoon
1404,تجربی,22625,6223,منطقه 3,پزشکی,دانشگاه علوم پزشکی کرمان,نامشخص,kanoon
1404,تجربی,22716,6253,منطقه 3,تکنولوژی پرتوشناسی,دانشگاه علوم پزشکی یاسوج,نامشخص,kanoon
1404,تجربی,14069,6257,منطقه 2,شیمی محض,دانشگاه تهران,نامشخص,kanoon
1404,تجربی,14125,6278,منطقه 2,پزشکی,دانشگاه علوم پزشکی یزد,نامشخص,kanoon
1404,تجربی,22273,6283,منطقه 1,پرستاری,دانشگاه علوم پزشکی شیراز,نامشخص,kanoon
1404,تجربی,22808,6285,منطقه 3,پرستاری,دانشگاه علوم پزشکی اصفهان,نامشخص,kanoon
1404,تجربی,22808,6285,منطقه 3,دامپزشکی,دانشگاه ارومیه--نوبت دوم,نامشخص,kanoon
1404,تجربی,14148,6286,منطقه 2,پزشکی,دانشگاه علوم پزشکی جندی شاپور اهواز,نامشخص,kanoon
1404,تجربی,14173,6293,منطقه 2,پزشکی,دانشگاه علوم پزشکی اراک,نامشخص,kanoon
1404,تجربی,14173,6293,منطقه 2,پزشکی,دانشگاه علوم پزشکی اردبیل,نامشخص,kanoon
1404,تجربی,22866,6299,منطقه 3,پزشکی,دانشگاه علوم پزشکی کرمان,نامشخص,kanoon
1404,تجربی,22353,6303,منطقه 1,پرستاری,دانشگاه علوم پزشکی تهران,نامشخص,kanoon
1404,تجربی,14220,6313,منطقه 2,پزشکی,دانشگاه آزاداسلامی-واحدکازرون,آزاد,kanoon
1404,تجربی,14220,6313,منطقه 2,پزشکی,دانشگاه علوم پزشکی قم,نامشخص,kanoon
1404,تجربی,14270,6335,منطقه 2,پزشکی,دانشگاه آزاداسلامی-واحد زاهدان,آزاد,kanoon
1404,تجربی,23059,6352,منطقه 3,پرستاری,دانشگاه علوم پزشکی قزوین,نامشخص,kanoon
1404,تجربی,23059,6352,منطقه 3,تکنولوژی اتاق عمل,دانشگاه علوم پزشکی گیلان - رشت (محل تحصیل پیرا پزشکی لنگرود),نامشخص,kanoon
1404,تجربی,14330,6364,منطقه 2,پزشکی,دانشگاه علوم پزشکی البرز - کرج,نامشخص,kanoon
1404,تجربی,14330,6364,منطقه 2,دندانپزشکی,دانشگاه علوم پزشکی شهرکرد,نامشخص,kanoon
1404,تجربی,14330,6364,منطقه 2,دندانپزشکی,دانشگاه علوم پزشکی شهرکرد,تعهدی,sajad
1404,تجربی,14349,6371,منطقه 2,پزشکی,دانشگاه علوم پزشکی گلستان - گرگان,نامشخص,kanoon
1404,تجربی,14370,6383,منطقه 2,دامپزشکی,دانشگاه سمنان,نامشخص,kanoon
1404,تجربی,23205,6389,منطقه 3,تکنولوژی پرتوشناسی,دانشگاه علوم پزشکی بوشهر,نامشخص,kanoon
1404,تجربی,23262,6404,منطقه 3,گفتاردرمانی,دانشگاه علوم پزشکی تبریز,نامشخص,kanoon
1404,تجربی,14412,6407,منطقه 2,علوم تغذیه,دانشگاه علوم پزشکی مازندران - ساری,نامشخص,kanoon
1404,تجربی,14430,6416,منطقه 2,پزشکی,دانشگاه علوم پزشکی گناباد,نامشخص,kanoon
1404,تجربی,23306,6417,منطقه 3,پرستاری,دانشگاه علوم پزشکی تبریز,نامشخص,kanoon
1404,تجربی,22866,6439,منطقه 1,پرستاری,دانشگاه علوم پزشکی تهران,نامشخص,kanoon
1404,تجربی,23422,6457,منطقه 3,پزشکی,دانشگاه علوم پزشکی بوشهر,نامشخص,kanoon
1404,تجربی,23035,6481,منطقه 1,پرستاری,دانشگاه علوم پزشکی تبریز,شهریه پرداز,kanoon
1404,تجربی,23496,6481,منطقه 3,پرستاری,دانشگاه علوم پزشکی تهران,نامشخص,kanoon
1404,تجربی,14636,6497,منطقه 2,پزشکی,دانشگاه علوم پزشکی ارومیه,نامشخص,kanoon
1404,تجربی,14656,6505,منطقه 2,کاردرمانی,دانشگاه علوم پزشکی ایران,نامشخص,kanoon
1404,تجربی,23640,6516,منطقه 3,پرستاری,دانشگاه علوم پزشکی شهرکرد,نامشخص,kanoon
1404,تجربی,14721,6530,منطقه 2,پزشکی,دانشگاه آزاداسلامی-واحدقشم --آزاد-خودگردان,آزاد,kanoon
1404,تجربی,14740,6534,منطقه 2,علوم تغذیه,دانشگاه علوم پزشکی شهید بهشتی - تهران,نامشخص,kanoon
1404,تجربی,23740,6548,منطقه 3,تکنولوژی پرتوشناسی,دانشگاه علوم پزشکی اردبیل,نامشخص,kanoon
1404,تجربی,14793,6554,منطقه 2,پزشکی,دانشگاه علوم پزشکی البرز - کرج,نامشخص,kanoon
1404,تجربی,14865,6591,منطقه 2,پزشکی,دانشگاه علوم پزشکی بیرجند,نامشخص,kanoon
1404,تجربی,23422,6598,منطقه 1,تکنولوژی پرتوشناسی,دانشگاه علوم پزشکی اردبیل,نامشخص,kanoon
1404,تجربی,23877,6598,منطقه 3,پرستاری,دانشکده علوم پزشکی و خدمات بهداشتی درمانی خوی,نامشخص,kanoon
1404,تجربی,23877,6598,منطقه 3,پزشکی,دانشگاه علوم پزشکی بندرعباس,نامشخص,kanoon
1404,تجربی,23903,6610,منطقه 3,پزشکی,دانشگاه علوم پزشکی بندرعباس,نامشخص,kanoon
1404,تجربی,14912,6611,منطقه 2,پزشکی,دانشگاه علوم پزشکی جهرم,نامشخص,kanoon
1404,تجربی,23469,6614,منطقه 1,پرستاری,دانشگاه علوم پزشکی مازندران - ساری,نامشخص,kanoon
1404,تجربی,23937,6620,منطقه 3,هوشبری,دانشگاه علوم پزشکی ایران,نامشخص,kanoon
1404,تجربی,14947,6624,منطقه 2,پزشکی,دانشگاه علوم پزشکی اردبیل,نامشخص,kanoon
1404,تجربی,14947,6624,منطقه 2,پزشکی,دانشگاه علوم پزشکی قم,نامشخص,kanoon
1404,تجربی,14966,6631,منطقه 2,پزشکی,دانشگاه علوم پزشکی سمنان,نامشخص,kanoon
1404,تجربی,23524,6633,منطقه 1,تکنولوژی پرتوشناسی,دانشگاه علوم پزشکی شهرکرد,نامشخص,kanoon
1404,تجربی,15009,6649,منطقه 2,تکنولوژی پرتوشناسی,دانشگاه علوم پزشکی شهید بهشتی - تهران,شهریه پرداز,kanoon
1404,تجربی,23583,6656,منطقه 1,زیست فناوری,دانشگاه مراغه,نامشخص,kanoon
1404,تجربی,15035,6661,منطقه 2,پزشکی,دانشگاه علوم پزشکی جهرم,نامشخص,kanoon
1404,تجربی,15060,6673,منطقه 2,پزشکی,دانشگاه علوم پزشکی گیلان - رشت,نامشخص,kanoon
1404,تجربی,23640,6673,منطقه 1,تکنولوژی پزشکی هسته ای,دانشگاه علوم پزشکی بابل,نامشخص,kanoon
1404,تجربی,15101,6693,منطقه 2,پزشکی,دانشگاه علوم پزشکی بیرجند,نامشخص,kanoon
1404,تجربی,15101,6693,منطقه 2,پزشکی,دانشگاه علوم پزشکی همدان,نامشخص,kanoon
1404,تجربی,24178,6694,منطقه 3,پرستاری,دانشگاه علوم پزشکی تبریز,نامشخص,kanoon
1404,تجربی,23764,6706,منطقه 1,پرستاری,دانشگاه علوم پزشکی شیراز,نامشخص,kanoon
1404,تجربی,24231,6710,منطقه 3,دامپزشکی,دانشگاه فردوسی - مشهد--نوبت دوم,نامشخص,kanoon
1404,تجربی,24394,6764,منطقه 3,تکنولوژی اتاق عمل,دانشگاه علوم پزشکی ارومیه,نامشخص,kanoon
1404,تجربی,15309,6780,منطقه 2,پزشکی,دانشگاه علوم پزشکی جندی شاپور اهواز,نامشخص,kanoon
1404,تجربی,24486,6789,منطقه 3,تکنولوژی پرتوشناسی,دانشگاه علوم پزشکی زنجان,نامشخص,kanoon
1404,تجربی,15347,6796,منطقه 2,پزشکی,دانشگاه علوم پزشکی کرمان,نامشخص,kanoon
1404,تجربی,24201,6808,منطقه 1,تکنولوژی اتاق عمل,دانشگاه علوم پزشکی زنجان,نامشخص,kanoon
1404,تجربی,15427,6828,منطقه 2,پزشکی,دانشگاه علوم پزشکی رفسنجان,نامشخص,kanoon
1404,تجربی,15427,6828,منطقه 2,پزشکی,دانشگاه علوم پزشکی گناباد,نامشخص,kanoon
1404,تجربی,24627,6829,منطقه 3,تکنولوژی پرتوشناسی,دانشگاه علوم پزشکی لرستان - خرم آباد,نامشخص,kanoon
1404,تجربی,15447,6837,منطقه 2,پزشکی,دانشگاه علوم پزشکی مازندران - ساری,نامشخص,kanoon
1404,تجربی,24698,6847,منطقه 3,دندانپزشکی,دانشگاه علوم پزشکی خراسان شمالی - بجنورد,نامشخص,kanoon
1404,تجربی,15482,6853,منطقه 2,پزشکی,دانشگاه علوم پزشکی اراک,نامشخص,kanoon
1404,تجربی,15505,6863,منطقه 2,پزشکی,دانشگاه آزاداسلامی-واحد زاهدان --آزاد-خودگردان,آزاد,kanoon
1404,تجربی,15546,6877,منطقه 2,پزشکی,دانشگاه علوم پزشکی خراسان شمالی - بجنورد,نامشخص,kanoon
1404,تجربی,24850,6892,منطقه 3,تکنولوژی اتاق عمل,دانشگاه علوم پزشکی بقیه الله,نامشخص,kanoon
1404,تجربی,15609,6897,منطقه 2,پزشکی,دانشگاه علوم پزشکی کرمانشاه,نامشخص,kanoon
1404,تجربی,24877,6898,منطقه 3,پزشکی,دانشگاه علوم پزشکی شیراز,نامشخص,kanoon
1404,تجربی,24877,6898,منطقه 3,هوشبری,دانشگاه علوم پزشکی شیراز,نامشخص,kanoon
1404,تجربی,15632,6907,منطقه 2,ارتوز و پروتز ( اعضای مصنوعی و وسایل کمکی),دانشگاه علوم توانبخشی وسلامت اجتماعی-تهران(رشته های پزشکی),نامشخص,kanoon
1404,تجربی,24582,6907,منطقه 1,تکنولوژی اتاق عمل,دانشگاه علوم پزشکی بقیه الله,نامشخص,kanoon
1404,تجربی,24582,6907,منطقه 1,هوشبری,دانشگاه علوم پزشکی البرز - کرج,نامشخص,kanoon
1404,تجربی,24929,6914,منطقه 3,پزشکی,دانشگاه علوم پزشکی جندی شاپور اهواز,نامشخص,kanoon
1404,تجربی,15653,6916,منطقه 2,پزشکی,دانشگاه علوم پزشکی اردبیل,نامشخص,kanoon
1404,تجربی,15653,6916,منطقه 2,پزشکی,دانشگاه علوم پزشکی همدان,نامشخص,kanoon
1404,تجربی,15675,6925,منطقه 2,پزشکی,دانشگاه علوم پزشکی اردبیل,نامشخص,kanoon
1404,تجربی,24698,6936,منطقه 1,علوم آزمایشگاهی,دانشگاه علوم پزشکی البرز - کرج,شهریه پرداز,kanoon
1404,تجربی,15697,6938,منطقه 2,پزشکی,دانشگاه علوم پزشکی گیلان - رشت,تعهدی,sajad
1404,تجربی,25034,6943,منطقه 3,پزشکی,دانشگاه علوم پزشکی آبادان,نامشخص,kanoon
1404,تجربی,24725,6945,منطقه 1,شیمی کاربردی,دانشگاه صنعتی خواجه نصیرالدین طوسی - تهران--نوبت دوم,نامشخص,kanoon
1404,تجربی,15736,6957,منطقه 2,پزشکی,دانشگاه علوم پزشکی اراک,نامشخص,kanoon
1404,تجربی,15736,6957,منطقه 2,پزشکی,دانشگاه علوم پزشکی یزد,نامشخص,kanoon
1404,تجربی,25160,6975,منطقه 3,تکنولوژی اتاق عمل,دانشگاه علوم پزشکی البرز - کرج,نامشخص,kanoon
1404,تجربی,15775,6978,منطقه 2,پزشکی,دانشگاه علوم پزشکی مازندران - ساری,نامشخص,kanoon
1404,تجربی,15831,6999,منطقه 2,پزشکی,دانشگاه علوم پزشکی قم,نامشخص,kanoon
1404,تجربی,15871,7014,منطقه 2,پزشکی,دانشگاه علوم پزشکی ارومیه,نامشخص,kanoon
1404,تجربی,25349,7023,منطقه 3,پزشکی,دانشگاه علوم پزشکی رفسنجان,نامشخص,kanoon
1404,تجربی,25423,7048,منطقه 3,پرستاری,دانشگاه علوم پزشکی کرمانشاه,نامشخص,kanoon
1404,تجربی,15956,7052,منطقه 2,پزشکی,دانشگاه علوم پزشکی اردبیل,نامشخص,kanoon
1404,تجربی,25234,7072,منطقه 1,تکنولوژی پرتوشناسی,دانشگاه علوم پزشکی بوشهر,شهریه پرداز,kanoon
1404,تجربی,16021,7081,منطقه 2,پزشکی,دانشگاه علوم پزشکی قم,نامشخص,kanoon
1404,تجربی,25530,7082,منطقه 3,پرستاری,دانشگاه علوم پزشکی گلستان - گرگان,نامشخص,kanoon
1404,تجربی,25273,7086,منطقه 1,پزشکی,دانشگاه شاهد - تهران(رشته های پزشکی),شهریه پرداز,kanoon
1404,تجربی,16069,7101,منطقه 2,پزشکی,دانشگاه علوم پزشکی بابل,نامشخص,kanoon
1404,تجربی,16101,7116,منطقه 2,پزشکی,دانشگاه علوم پزشکی مازندران - ساری,نامشخص,kanoon
1404,تجربی,25646,7116,منطقه 3,علوم تغذیه,دانشگاه علوم پزشکی همدان,نامشخص,kanoon
1404,تجربی,25669,7123,منطقه 3,تکنولوژی اتاق عمل,دانشگاه علوم پزشکی جندی شاپور اهواز,نامشخص,kanoon
1404,تجربی,16118,7124,منطقه 2,پزشکی,دانشگاه علوم پزشکی گیلان - رشت,نامشخص,kanoon
1404,تجربی,25392,7124,منطقه 1,علوم تغذیه,دانشکده علوم پزشکی نیشابور,نامشخص,kanoon
1404,تجربی,25688,7130,منطقه 3,پرستاری,دانشگاه علوم پزشکی تهران,نامشخص,kanoon
1404,تجربی,25796,7160,منطقه 3,پزشکی,دانشگاه علوم پزشکی بوشهر,نامشخص,kanoon
1404,تجربی,25580,7166,منطقه 1,پرستاری,دانشگاه علوم پزشکی اصفهان,نامشخص,kanoon
1404,تجربی,16228,7179,منطقه 2,پزشکی,دانشگاه علوم پزشکی خراسان شمالی - بجنورد,نامشخص,kanoon
1404,تجربی,16228,7179,منطقه 2,پزشکی,دانشگاه علوم پزشکی شهرکرد,نامشخص,kanoon
1404,تجربی,16228,7179,منطقه 2,پزشکی,دانشگاه علوم پزشکی کردستان - سنندج,نامشخص,kanoon
1404,تجربی,25876,7179,منطقه 3,تکنولوژی اتاق عمل,دانشگاه علوم پزشکی بقیه الله,نامشخص,kanoon
1404,تجربی,25646,7183,منطقه 1,تکنولوژی اتاق عمل,دانشگاه علوم پزشکی سمنان (محل تحصیل سرخه),نامشخص,kanoon
1404,تجربی,25712,7201,منطقه 1,پرستاری,دانشگاه علوم پزشکی ارومیه,نامشخص,kanoon
1404,تجربی,16290,7202,منطقه 2,پزشکی,دانشگاه علوم پزشکی قم,نامشخص,kanoon
1404,تجربی,98384,7203,سهمیه 5٪,پرستاری,دانشگاه علوم پزشکی گیلان - رشت,شهریه‌پرداز,sajad
1404,تجربی,16369,7237,منطقه 2,پزشکی,دانشگاه علوم پزشکی قم,نامشخص,kanoon
1404,تجربی,16387,7246,منطقه 2,کاردرمانی,دانشگاه علوم پزشکی شهید بهشتی - تهران,نامشخص,kanoon
1404,تجربی,16408,7255,منطقه 2,تکنولوژی پرتوشناسی,دانشگاه علوم پزشکی ایران,نامشخص,kanoon
1404,تجربی,25926,7272,منطقه 1,پرستاری,دانشگاه علوم پزشکی ایران,نامشخص,kanoon
1404,تجربی,16480,7284,منطقه 2,پزشکی,دانشگاه علوم پزشکی قم,نامشخص,kanoon
1404,تجربی,16526,7308,منطقه 2,پزشکی,دانشگاه علوم پزشکی ارتش جمهوری اسلامی ایران,نامشخص,kanoon
1404,تجربی,16527,7308,منطقه 2,پزشکی,دانشگاه علوم پزشکی مازندران - ساری,نامشخص,kanoon
1404,تجربی,26304,7321,منطقه 3,پرستاری,دانشگاه علوم پزشکی جندی شاپور اهواز,نامشخص,kanoon
1404,تجربی,26162,7326,منطقه 1,تکنولوژی اتاق عمل,دانشگاه علوم پزشکی قم,شهریه پرداز,kanoon
1404,تجربی,26335,7332,منطقه 3,تکنولوژی پرتوشناسی,دانشگاه علوم پزشکی جندی شاپور اهواز,نامشخص,kanoon
1404,تجربی,16605,7349,منطقه 2,تکنولوژی اتاق عمل,دانشگاه علوم پزشکی قم,نامشخص,kanoon
1404,تجربی,16605,7349,منطقه 2,کاردرمانی,دانشگاه علوم پزشکی تبریز,نامشخص,kanoon
1404,تجربی,16527,7360,منطقه 2,پزشکی,دانشگاه علوم پزشکی بابل,تعهدی,sajad
1404,تجربی,16629,7360,منطقه 2,پزشکی,دانشگاه علوم پزشکی قم,نامشخص,kanoon
1404,تجربی,16649,7371,منطقه 2,پزشکی,دانشگاه علوم پزشکی بیرجند,نامشخص,kanoon
1404,تجربی,16649,7371,منطقه 2,پزشکی,دانشگاه علوم پزشکی کردستان - سنندج,نامشخص,kanoon
1404,تجربی,26485,7375,منطقه 3,پرستاری,دانشگاه علوم پزشکی لرستان - خرم آباد,نامشخص,kanoon
1404,تجربی,16694,7391,منطقه 2,پزشکی,دانشگاه علوم پزشکی البرز - کرج,نامشخص,kanoon
1404,تجربی,16694,7391,منطقه 2,پزشکی,دانشگاه علوم پزشکی همدان,نامشخص,kanoon
1404,تجربی,101220,7405,سهمیه 5٪,پرستاری,دانشگاه علوم پزشکی دزفول,پردیس,sajad
1404,تجربی,101220,7405,سهمیه 5٪,پرستاری,دانشگاه علوم پزشکی دزفول,روزانه,sajad
1404,تجربی,26485,7410,منطقه 1,پزشکی,دانشگاه آزاداسلامی-واحدپزشکی تهران,آزاد,kanoon
1404,تجربی,26643,7418,منطقه 3,تکنولوژی پرتوشناسی,دانشگاه علوم پزشکی اردبیل,نامشخص,kanoon
1404,تجربی,26538,7422,منطقه 1,علوم آزمایشگاهی,دانشگاه علوم پزشکی تبریز,نامشخص,kanoon
1404,تجربی,26732,7442,منطقه 3,پرستاری,دانشگاه علوم پزشکی قزوین,نامشخص,kanoon
1404,تجربی,16819,7445,منطقه 2,پزشکی,دانشگاه علوم پزشکی قم,نامشخص,kanoon
1404,تجربی,16819,7445,منطقه 2,پزشکی,دانشگاه علوم پزشکی گیلان - رشت,نامشخص,kanoon
1404,تجربی,26825,7473,منطقه 3,تکنولوژی اتاق عمل,دانشگاه علوم پزشکی قزوین,نامشخص,kanoon
1404,تجربی,26946,7510,منطقه 3,پزشکی,دانشگاه علوم پزشکی بم,نامشخص,kanoon
1404,تجربی,26887,7513,منطقه 1,تکنولوژی پزشکی هسته ای,دانشگاه علوم پزشکی بابل,نامشخص,kanoon
1404,تجربی,26975,7535,منطقه 1,شیمی کاربردی,دانشگاه صنعتی خواجه نصیرالدین طوسی - تهران--نوبت دوم,نامشخص,kanoon
1404,تجربی,27005,7543,منطقه 1,تکنولوژی پرتوشناسی,دانشگاه علوم پزشکی شهرکرد,شهریه پرداز,kanoon
1404,تجربی,27099,7554,منطقه 3,پرستاری,دانشگاه علوم پزشکی همدان,نامشخص,kanoon
1404,تجربی,27099,7554,منطقه 3,تکنولوژی اتاق عمل,دانشگاه علوم پزشکی بابل,نامشخص,kanoon
1404,تجربی,17092,7574,منطقه 2,پزشکی,دانشگاه علوم پزشکی اراک,نامشخص,kanoon
1404,تجربی,27199,7586,منطقه 3,گفتاردرمانی,دانشگاه علوم پزشکی بابل,نامشخص,kanoon
1404,تجربی,27233,7600,منطقه 3,دامپزشکی,دانشگاه آزاداسلامی-واحدعلوم وتحقیقات,آزاد,kanoon
1404,تجربی,17154,7603,منطقه 2,تکنولوژی پرتوشناسی,دانشگاه علوم پزشکی مازندران - ساری,نامشخص,kanoon
1404,تجربی,27265,7606,منطقه 1,روانشناسی,دانشگاه الزهرا(س) - تهران--نوبت دوم,نامشخص,kanoon
1404,تجربی,17177,7613,منطقه 2,پزشکی,دانشگاه علوم پزشکی اردبیل,نامشخص,kanoon
1404,تجربی,27292,7616,منطقه 3,پرستاری,دانشگاه علوم پزشکی اصفهان,نامشخص,kanoon
1404,تجربی,27318,7621,منطقه 1,علوم آزمایشگاهی,دانشگاه علوم پزشکی شیراز,نامشخص,kanoon
1404,تجربی,27343,7631,منطقه 3,گفتاردرمانی,دانشگاه علوم پزشکی اراک,نامشخص,kanoon
1404,تجربی,17239,7641,منطقه 2,تکنولوژی پرتوشناسی,دانشگاه علوم پزشکی اصفهان,نامشخص,kanoon
1404,تجربی,17266,7649,منطقه 2,پزشکی,دانشگاه علوم پزشکی اراک,نامشخص,kanoon
1404,تجربی,17266,7649,منطقه 2,پزشکی,دانشگاه علوم پزشکی گیلان - رشت,نامشخص,kanoon
1404,تجربی,27486,7666,منطقه 1,زیست فناوری,دانشگاه غیرانتفاعی علم و فرهنگ - تهران,نامشخص,kanoon
1404,تجربی,27538,7678,منطقه 1,پرستاری,دانشگاه علوم پزشکی شیراز,نامشخص,kanoon
1404,تجربی,17365,7687,منطقه 2,پرستاری,دانشگاه علوم پزشکی اردبیل,نامشخص,kanoon
1404,تجربی,17365,7687,منطقه 2,پزشکی,دانشگاه علوم پزشکی ارومیه,نامشخص,kanoon
1404,تجربی,27609,7693,منطقه 1,هوشبری,دانشگاه علوم پزشکی بابل,نامشخص,kanoon
1404,تجربی,17425,7709,منطقه 2,پزشکی,دانشگاه علوم پزشکی رفسنجان,نامشخص,kanoon
1404,تجربی,27609,7719,منطقه 3,تکنولوژی اتاق عمل,دانشگاه علوم پزشکی شیراز,نامشخص,kanoon
1404,تجربی,27704,7745,منطقه 3,پرستاری,دانشگاه علوم پزشکی شیراز,نامشخص,kanoon
1404,تجربی,17558,7760,منطقه 2,پزشکی,دانشگاه علوم پزشکی مازندران - ساری,تعهدی,sajad
1404,تجربی,17574,7769,منطقه 2,پزشکی,دانشگاه علوم پزشکی بیرجند,نامشخص,kanoon
1404,تجربی,27842,7785,منطقه 3,پرستاری,دانشگاه علوم پزشکی شیراز,نامشخص,kanoon
1404,تجربی,27842,7785,منطقه 3,گفتاردرمانی,دانشگاه علوم پزشکی زاهدان,شهریه پرداز,kanoon
1404,تجربی,27909,7809,منطقه 3,پرستاری,دانشگاه علوم پزشکی کرمانشاه,نامشخص,kanoon
1404,تجربی,27909,7809,منطقه 3,پزشکی,دانشگاه علوم پزشکی بندرعباس,نامشخص,kanoon
1404,تجربی,28145,7821,منطقه 1,تکنولوژی اتاق عمل,دانشگاه علوم پزشکی مازندران - ساری,نامشخص,kanoon
1404,تجربی,17691,7822,منطقه 2,پزشکی,دانشگاه علوم پزشکی کردستان - سنندج,نامشخص,kanoon
1404,تجربی,17733,7835,منطقه 2,تکنولوژی پرتوشناسی,دانشگاه علوم پزشکی ایران,نامشخص,kanoon
1404,تجربی,28145,7884,منطقه 3,علوم تغذیه,دانشگاه علوم پزشکی همدان,شهریه پرداز,kanoon
1404,تجربی,17885,7899,منطقه 2,پرستاری,دانشگاه علوم پزشکی شهید بهشتی - تهران,نامشخص,kanoon
1404,تجربی,17885,7899,منطقه 2,پزشکی,دانشگاه علوم پزشکی جندی شاپور اهواز,نامشخص,kanoon
1404,تجربی,17885,7899,منطقه 2,پزشکی,دانشگاه علوم پزشکی گیلان - رشت,نامشخص,kanoon
1404,تجربی,28270,7919,منطقه 3,علوم تغذیه,دانشگاه علوم پزشکی کرمان,نامشخص,kanoon
1404,تجربی,17963,7935,منطقه 2,پزشکی,دانشگاه علوم پزشکی قم,نامشخص,kanoon
1404,تجربی,28513,7935,منطقه 1,مهندسی گیاه پزشکی,دانشگاه تهران -محل تحصیل پردیس کشاوری کرج,نامشخص,kanoon
1404,تجربی,28393,7949,منطقه 3,پرستاری,دانشگاه علوم پزشکی لرستان - خرم آباد,نامشخص,kanoon
1404,تجربی,18010,7958,منطقه 2,پزشکی,دانشگاه علوم پزشکی کردستان - سنندج,نامشخص,kanoon
1404,تجربی,18010,7958,منطقه 2,تکنولوژی پرتوشناسی,دانشگاه علوم پزشکی اصفهان,نامشخص,kanoon
1404,تجربی,28595,7958,منطقه 1,پرستاری,دانشگاه علوم پزشکی بابل,شهریه پرداز,kanoon
1404,تجربی,28543,8005,منطقه 3,دامپزشکی,دانشگاه شهید چمران اهواز--نوبت دوم,نامشخص,kanoon
1404,تجربی,18129,8016,منطقه 2,دامپزشکی,دانشگاه آزاد اسلامی واحد علوم و تحقیقات تهران,آزاد,sajad
1404,تجربی,28595,8021,منطقه 3,پرستاری,دانشگاه علوم پزشکی سبزوار,نامشخص,kanoon
1404,تجربی,18199,8041,منطقه 2,پزشکی,دانشگاه علوم پزشکی مازندران - ساری,نامشخص,kanoon
1404,تجربی,18217,8048,منطقه 2,پزشکی,دانشگاه علوم پزشکی خراسان شمالی - بجنورد,نامشخص,kanoon
1404,تجربی,28967,8051,منطقه 1,پرستاری,دانشگاه علوم پزشکی ایران,نامشخص,kanoon
1404,تجربی,28967,8051,منطقه 1,تکنولوژی اتاق عمل,دانشکده علوم پزشکی نیشابور,نامشخص,kanoon
1404,تجربی,18294,8082,منطقه 2,پزشکی,دانشگاه علوم پزشکی زنجان,نامشخص,kanoon
1404,تجربی,18318,8093,منطقه 2,پزشکی,دانشگاه علوم پزشکی جندی شاپور اهواز,تعهدی,sajad
1404,تجربی,18318,8093,منطقه 2,پزشکی,دانشگاه علوم پزشکی دزفول,نامشخص,kanoon
1404,تجربی,28834,8093,منطقه 3,اتاق عمل,دانشگاه علوم پزشکی البرز - کرج,روزانه,sajad
1404,تجربی,28858,8100,منطقه 3,تکنولوژی پرتوشناسی,دانشگاه علوم پزشکی سمنان (محل تحصیل سرخه),نامشخص,kanoon
1404,تجربی,18341,8104,منطقه 2,پزشکی,دانشگاه علوم پزشکی دزفول,نامشخص,kanoon
1404,تجربی,28882,8105,منطقه 3,پزشکی,دانشگاه علوم پزشکی بندرعباس,نامشخص,kanoon
1404,تجربی,18360,8113,منطقه 2,پزشکی,دانشگاه علوم پزشکی قم,نامشخص,kanoon
1404,تجربی,28937,8125,منطقه 3,پرستاری,دانشگاه علوم پزشکی تهران,نامشخص,kanoon
1404,تجربی,29281,8137,منطقه 1,پرستاری,دانشگاه علوم پزشکی تبریز(بناب),نامشخص,kanoon
1404,تجربی,29110,8184,منطقه 3,پرستاری,دانشگاه علوم پزشکی گلستان - گرگان,نامشخص,kanoon
1404,تجربی,29574,8200,منطقه 1,علوم آزمایشگاهی,دانشگاه علوم پزشکی تبریز,نامشخص,kanoon
1404,تجربی,18582,8212,منطقه 2,پزشکی,دانشگاه علوم پزشکی زنجان,نامشخص,kanoon
1404,تجربی,29251,8220,منطقه 3,تکنولوژی اتاق عمل,دانشگاه علوم پزشکی مشهد,نامشخص,kanoon
1404,تجربی,18628,8238,منطقه 2,پزشکی,دانشگاه علوم پزشکی یاسوج,نامشخص,kanoon
1404,تجربی,18646,8248,منطقه 2,پزشکی,دانشگاه علوم پزشکی زابل,نامشخص,kanoon
1404,تجربی,18693,8269,منطقه 2,پزشکی,دانشگاه علوم پزشکی بابل,نامشخص,kanoon
1404,تجربی,29449,8286,منطقه 3,پرستاری,دانشگاه علوم پزشکی گیلان - رشت,نامشخص,kanoon
1404,تجربی,18741,8293,منطقه 2,پزشکی,دانشگاه علوم پزشکی کردستان - سنندج,نامشخص,kanoon
1404,تجربی,29972,8296,منطقه 1,روانشناسی,دانشگاه شیراز_پردیس خودگردان,نامشخص,kanoon
1404,تجربی,29511,8309,منطقه 3,پرستاری,دانشگاه علوم پزشکی بابل,نامشخص,kanoon
1404,تجربی,18778,8310,منطقه 2,پزشکی,دانشگاه علوم پزشکی زابل,نامشخص,kanoon
1404,تجربی,29543,8317,منطقه 3,پرستاری,دانشگاه علوم پزشکی جندی شاپور اهواز,نامشخص,kanoon
1404,تجربی,29595,8329,منطقه 3,پرستاری,دانشگاه علوم پزشکی کردستان - سنندج,نامشخص,kanoon
1404,تجربی,29713,8364,منطقه 3,هوشبری,دانشگاه علوم پزشکی تهران,نامشخص,kanoon
1404,تجربی,18911,8371,منطقه 2,کاردرمانی,دانشگاه علوم پزشکی مازندران - ساری,نامشخص,kanoon
1404,تجربی,30262,8373,منطقه 1,پرستاری,دانشگاه علوم پزشکی مازندران - ساری,شهریه پرداز,kanoon
1404,تجربی,18962,8392,منطقه 2,پزشکی,دانشگاه علوم پزشکی جندی شاپور اهواز,نامشخص,kanoon
1404,تجربی,29897,8432,منطقه 3,تکنولوژی پرتودرمانی,دانشگاه علوم پزشکی بابل,نامشخص,kanoon
1404,تجربی,19084,8453,منطقه 2,ارتوز و پروتز ( اعضای مصنوعی و وسایل کمکی),دانشگاه علوم پزشکی شیراز,نامشخص,kanoon
1404,تجربی,30066,8484,منطقه 3,پرستاری,دانشگاه علوم پزشکی کرمانشاه,نامشخص,kanoon
1404,تجربی,19168,8493,منطقه 2,پزشکی,دانشگاه علوم پزشکی کرمان,نامشخص,kanoon
1404,تجربی,30154,8512,منطقه 3,پرستاری,دانشگاه علوم پزشکی ارومیه,نامشخص,kanoon
1404,تجربی,115963,8512,سهمیه 5٪,پرستاری,دانشگاه علوم پزشکی بوشهر,شهریه‌پرداز,sajad
1404,تجربی,19285,8547,منطقه 2,پرستاری,دانشگاه علوم پزشکی تبریز,نامشخص,kanoon
1404,تجربی,19285,8547,منطقه 2,پزشکی,دانشگاه علوم پزشکی البرز - کرج,نامشخص,kanoon
1404,تجربی,30816,8550,منطقه 1,میکروبیولوژی,دانشگاه الزهرا(س) - تهران,نامشخص,kanoon
1404,تجربی,30347,8574,منطقه 3,پرستاری,دانشگاه علوم پزشکی زنجان,نامشخص,kanoon
1404,تجربی,30919,8574,منطقه 1,شیمی کاربردی,دانشگاه خوارزمی -محل تحصیل کرج,نامشخص,kanoon
1404,تجربی,19388,8584,منطقه 2,پرستاری,دانشگاه علوم پزشکی ایران,نامشخص,kanoon
1404,تجربی,19446,8613,منطقه 2,پزشکی,دانشگاه علوم پزشکی زنجان,نامشخص,kanoon
1404,تجربی,19446,8613,منطقه 2,دامپزشکی,دانشگاه شهرکرد--نوبت دوم,نامشخص,kanoon
1404,تجربی,19472,8625,منطقه 2,پزشکی,دانشگاه علوم پزشکی دزفول,نامشخص,kanoon
1404,تجربی,30564,8640,منطقه 3,تکنولوژی پرتوشناسی,دانشگاه علوم پزشکی ارتش جمهوری اسلامی ایران,نامشخص,kanoon
1404,تجربی,19511,8646,منطقه 2,پزشکی,دانشگاه علوم پزشکی سمنان,نامشخص,kanoon
1404,تجربی,31214,8647,منطقه 1,پرستاری,دانشگاه علوم پزشکی همدان,نامشخص,kanoon
1404,تجربی,30761,8693,منطقه 3,پرستاری,دانشگاه علوم پزشکی تبریز (اهر),نامشخص,kanoon
1404,تجربی,19630,8702,منطقه 2,تکنولوژی پرتوشناسی,دانشگاه علوم پزشکی بابل,نامشخص,kanoon
1404,تجربی,31463,8709,منطقه 1,علوم و مهندسی صنایع غذایی (کشاورزی),دانشگاه شیراز,نامشخص,kanoon
1404,تجربی,19654,8712,منطقه 2,تکنولوژی پرتوشناسی,دانشگاه علوم پزشکی قم,نامشخص,kanoon
1404,تجربی,19654,8712,منطقه 2,دامپزشکی,دانشگاه آزاداسلامی-واحدبابل,آزاد,kanoon
1404,تجربی,30919,8744,منطقه 3,دامپزشکی,دانشگاه ارومیه--نوبت دوم,نامشخص,kanoon
1404,تجربی,31035,8782,منطقه 3,تکنولوژی پرتودرمانی,دانشگاه علوم پزشکی جندی شاپور اهواز,نامشخص,kanoon
1404,تجربی,31064,8790,منطقه 3,تکنولوژی پرتودرمانی,دانشگاه علوم پزشکی سبزوار,نامشخص,kanoon
1404,تجربی,31773,8799,منطقه 1,هوشبری,دانشگاه علوم پزشکی قزوین,شهریه پرداز,kanoon
1404,تجربی,31888,8825,منطقه 1,پرستاری,دانشگاه علوم پزشکی شیراز,شهریه پرداز,kanoon
1404,تجربی,31183,8830,منطقه 3,پرستاری,دانشکده علوم پزشکی نیشابور,نامشخص,kanoon
1404,تجربی,31214,8838,منطقه 3,علوم تغذیه,دانشگاه علوم پزشکی اراک,نامشخص,kanoon
1404,تجربی,31243,8848,منطقه 3,علوم آزمایشگاهی,دانشگاه علوم پزشکی مشهد,شهریه پرداز,kanoon
1404,تجربی,31243,8848,منطقه 3,علوم تغذیه,دانشگاه علوم پزشکی شیراز(محل تحصیل سپیدان),نامشخص,kanoon
1404,تجربی,19996,8852,منطقه 2,دامپزشکی,دانشگاه آزاداسلامی -واحد تبریز,آزاد,kanoon
1404,تجربی,31972,8853,منطقه 1,تکنولوژی اتاق عمل,دانشگاه علوم پزشکی جهرم,نامشخص,kanoon
1404,تجربی,31998,8861,منطقه 1,علوم آزمایشگاهی,دانشگاه علوم پزشکی بابل,نامشخص,kanoon
1404,تجربی,31305,8869,منطقه 3,پرستاری,دانشگاه علوم پزشکی شهید بهشتی - تهران,نامشخص,kanoon
1404,تجربی,31333,8875,منطقه 3,پرستاری,دانشگاه علوم پزشکی ایلام,نامشخص,kanoon
1404,تجربی,32059,8876,منطقه 1,پرستاری,دانشگاه علوم پزشکی ارتش جمهوری اسلامی ایران,نامشخص,kanoon
1404,تجربی,32120,8890,منطقه 1,هوشبری,دانشگاه علوم پزشکی شهرکرد,نامشخص,kanoon
1404,تجربی,20093,8895,منطقه 2,پرستاری,دانشگاه علوم پزشکی بابل,نامشخص,kanoon
1404,تجربی,32151,8899,منطقه 1,تکنولوژی اتاق عمل,دانشگاه علوم پزشکی فسا,نامشخص,kanoon
1404,تجربی,31462,8907,منطقه 3,علوم تغذیه,دانشگاه علوم پزشکی کرمان,نامشخص,kanoon
1404,تجربی,31463,8907,منطقه 3,پرستاری,دانشگاه علوم پزشکی قزوین,نامشخص,kanoon
1404,تجربی,20166,8931,منطقه 2,دامپزشکی,دانشگاه آزاداسلامی-واحدبابل,آزاد,kanoon
1404,تجربی,15080,8933,منطقه 3,تکنولوژی پرتوشناسی,دانشگاه علوم پزشکی لرستان - خرم آباد,نامشخص,kanoon
1404,تجربی,31607,8944,منطقه 3,تکنولوژی اتاق عمل,دانشگاه علوم پزشکی ارومیه,نامشخص,kanoon
1404,تجربی,20235,8964,منطقه 2,دامپزشکی,دانشگاه آزاداسلامی-واحدعلوم وتحقیقات,آزاد,kanoon
1404,تجربی,20303,8996,منطقه 2,پزشکی,دانشگاه علوم پزشکی قزوین,نامشخص,kanoon
1404,تجربی,20345,9013,منطقه 2,پرستاری,دانشگاه علوم پزشکی اردبیل,نامشخص,kanoon
1404,تجربی,31857,9021,منطقه 3,هوشبری,دانشگاه علوم پزشکی شیراز,روزانه,sajad
1404,تجربی,31918,9036,منطقه 3,زیست شناسی سلولی مولکولی,دانشگاه تهران,نامشخص,kanoon
1404,تجربی,20405,9039,منطقه 2,پزشکی,دانشگاه علوم پزشکی ایرانشهر,نامشخص,kanoon
1404,تجربی,31972,9045,منطقه 3,پرستاری,دانشگاه علوم پزشکی کردستان - سنندج,نامشخص,kanoon
1404,تجربی,20459,9060,منطقه 2,پزشکی,دانشگاه علوم پزشکی شاهرود,نامشخص,kanoon
1404,تجربی,32029,9064,منطقه 3,پرستاری,دانشگاه علوم پزشکی کرمانشاه,نامشخص,kanoon
1404,تجربی,32029,9064,منطقه 3,پزشکی,دانشگاه علوم پزشکی جندی شاپور اهواز,نامشخص,kanoon
1404,تجربی,20480,9071,منطقه 2,گفتاردرمانی,دانشگاه علوم پزشکی مشهد,نامشخص,kanoon
1404,تجربی,32059,9075,منطقه 3,علوم تغذیه,دانشکده علوم پزشکی لارستان,روزانه,sajad
1404,تجربی,32808,9075,منطقه 1,هوشبری,دانشگاه علوم پزشکی جهرم,نامشخص,kanoon
1404,تجربی,20498,9084,منطقه 2,پرستاری,دانشگاه علوم پزشکی مشهد,نامشخص,kanoon
1404,تجربی,32214,9126,منطقه 3,پرستاری,دانشگاه علوم پزشکی قزوین,نامشخص,kanoon
1404,تجربی,33063,9141,منطقه 1,علوم آزمایشگاهی,دانشگاه علوم پزشکی اردبیل,نامشخص,kanoon
1404,تجربی,20644,9150,منطقه 2,پزشکی,دانشگاه علوم پزشکی ایلام,نامشخص,kanoon
1404,تجربی,32321,9162,منطقه 3,مدیریت مالی,دانشگاه خوارزمی تهران,نامشخص,kanoon
1404,تجربی,20680,9165,منطقه 2,ارتوز و پروتز ( اعضای مصنوعی و وسایل کمکی),دانشگاه علوم پزشکی مشهد,نامشخص,kanoon
1404,تجربی,33154,9168,منطقه 1,شیمی کاربردی,دانشگاه الزهرا(س) - تهران--نوبت دوم,نامشخص,kanoon
1404,تجربی,33181,9173,منطقه 1,بهداشت عمومی,دانشگاه علوم پزشکی شهید بهشتی - تهران,نامشخص,kanoon
1404,تجربی,33209,9181,منطقه 1,هوشبری,دانشگاه علوم پزشکی جهرم,نامشخص,kanoon
1404,تجربی,20729,9183,منطقه 2,پزشکی,دانشگاه علوم پزشکی آبادان,نامشخص,kanoon
1404,تجربی,32415,9189,منطقه 3,پرستاری,دانشگاه علوم پزشکی کرمانشاه,نامشخص,kanoon
1404,تجربی,33271,9201,منطقه 1,مدیریت دولتی,دانشگاه تهران,نامشخص,kanoon
1404,تجربی,33451,9243,منطقه 1,پرستاری,دانشگاه علوم پزشکی جهرم,نامشخص,kanoon
1404,تجربی,20886,9260,منطقه 2,پزشکی,دانشگاه علوم پزشکی قزوین,نامشخص,kanoon
1404,تجربی,20922,9276,منطقه 2,تکنولوژی پرتوشناسی,دانشگاه علوم پزشکی کاشان,نامشخص,kanoon
1404,تجربی,20922,9276,منطقه 2,دامپزشکی,دانشگاه آزاداسلامی-واحدکرج,آزاد,kanoon
1404,تجربی,32738,9297,منطقه 3,پرستاری,دانشگاه علوم پزشکی گلستان - گرگان,نامشخص,kanoon
1404,تجربی,33810,9308,منطقه 1,تکنولوژی اتاق عمل,دانشگاه علوم پزشکی شیراز (محل تحصیل استهبان),شهریه پرداز,kanoon
1404,تجربی,21051,9339,منطقه 2,پرستاری,دانشگاه علوم پزشکی اصفهان,نامشخص,kanoon
1404,تجربی,21051,9339,منطقه 2,پرستاری,دانشگاه علوم پزشکی ایران,نامشخص,kanoon
1404,تجربی,21081,9354,منطقه 2,پزشکی,دانشگاه علوم پزشکی رفسنجان,نامشخص,kanoon
1404,تجربی,34058,9361,منطقه 1,اقتصاد,دانشگاه علامه طباطبایی - تهران--نوبت دوم,نامشخص,kanoon
1404,تجربی,34182,9392,منطقه 1,تکنولوژی اتاق عمل,دانشکده علوم پزشکی و خدمات بهداشتی درمانی لارستان,نامشخص,kanoon
1404,تجربی,33095,9404,منطقه 3,پرستاری,دانشگاه علوم پزشکی همدان,نامشخص,kanoon
1404,تجربی,33239,9450,منطقه 3,پرستاری,دانشگاه علوم پزشکی گلستان - گرگان,نامشخص,kanoon
1404,تجربی,34498,9478,منطقه 1,میکروبیولوژی,دانشگاه مازندران - بابلسر--نوبت دوم,نامشخص,kanoon
1404,تجربی,21367,9483,منطقه 2,پزشکی,دانشگاه علوم پزشکی آبادان,نامشخص,kanoon
1404,تجربی,21367,9483,منطقه 2,گفتاردرمانی,دانشگاه علوم پزشکی بابل,نامشخص,kanoon
1404,تجربی,33451,9522,منطقه 3,تکنولوژی اتاق عمل,دانشگاه علوم پزشکی کرمانشاه,نامشخص,kanoon
1404,تجربی,34711,9529,منطقه 1,پرستاری,دانشگاه علوم پزشکی زنجان,شهریه پرداز,kanoon
1404,تجربی,34733,9535,منطقه 1,روانشناسی,دانشگاه بین المللی امام خمینی(ره) - قزوین,نامشخص,kanoon
1404,تجربی,21539,9553,منطقه 2,کاردرمانی,دانشگاه علوم پزشکی کرمانشاه,نامشخص,kanoon
1404,تجربی,33584,9567,منطقه 3,پرستاری,دانشگاه علوم پزشکی کرمان,نامشخص,kanoon
1404,تجربی,33640,9585,منطقه 3,پرستاری,دانشگاه علوم پزشکی شیراز,نامشخص,kanoon
1404,تجربی,33640,9585,منطقه 3,هوشبری,دانشگاه علوم پزشکی همدان,نامشخص,kanoon
1404,تجربی,33672,9596,منطقه 3,پزشکی,دانشگاه علوم پزشکی جندی شاپور اهواز,نامشخص,kanoon
1404,تجربی,21710,9620,منطقه 2,تکنولوژی اتاق عمل,دانشگاه علوم پزشکی مازندران - ساری,نامشخص,kanoon
1404,تجربی,21710,9620,منطقه 2,کاردرمانی,دانشگاه علوم پزشکی جندی شاپور اهواز,نامشخص,kanoon
1404,تجربی,33750,9630,منطقه 3,مامایی,دانشگاه علوم پزشکی کرمانشاه,نامشخص,kanoon
1404,تجربی,21737,9631,منطقه 2,علوم تغذیه,دانشگاه علوم پزشکی یزد,نامشخص,kanoon
1404,تجربی,21763,9642,منطقه 2,علوم تغذیه,دانشگاه علوم پزشکی همدان,نامشخص,kanoon
1404,تجربی,33867,9668,منطقه 3,مامایی,دانشگاه علوم پزشکی قزوین,نامشخص,kanoon
1404,تجربی,21833,9673,منطقه 2,تکنولوژی اتاق عمل,دانشگاه علوم پزشکی همدان,نامشخص,kanoon
1404,تجربی,21833,9673,منطقه 2,تکنولوژی پرتوشناسی,دانشگاه علوم پزشکی کاشان,نامشخص,kanoon
1404,تجربی,33967,9703,منطقه 3,پرستاری,دانشگاه علوم پزشکی یزد,نامشخص,kanoon
1404,تجربی,21920,9711,منطقه 2,گفتاردرمانی,دانشگاه علوم پزشکی همدان,نامشخص,kanoon
1404,تجربی,33995,9713,منطقه 3,علوم آزمایشگاهی,دانشگاه علوم پزشکی شیراز,نامشخص,kanoon
1404,تجربی,35648,9762,منطقه 1,مدیریت بازرگانی,دانشگاه محقق اردبیلی - اردبیل,نامشخص,kanoon
1404,تجربی,35747,9784,منطقه 1,زیست فناوری,دانشگاه تخصصی فناوریهای نوین آمل,نامشخص,kanoon
1404,تجربی,34251,9805,منطقه 3,علوم تغذیه,دانشگاه علوم پزشکی خراسان شمالی - بجنورد,نامشخص,kanoon
1404,تجربی,34281,9815,منطقه 3,پرستاری,دانشگاه علوم پزشکی مازندران - ساری,نامشخص,kanoon
1404,تجربی,35980,9832,منطقه 1,هوشبری,دانشگاه علوم پزشکی فسا,نامشخص,kanoon
1404,تجربی,34377,9845,منطقه 3,پرستاری,دانشگاه علوم پزشکی شهید بهشتی - تهران,نامشخص,kanoon
1404,تجربی,22231,9852,منطقه 2,پزشکی,دانشگاه علوم پزشکی آبادان,نامشخص,kanoon
1404,تجربی,34409,9855,منطقه 3,علوم تغذیه,دانشگاه علوم پزشکی جندی شاپور اهواز,نامشخص,kanoon
1404,تجربی,22273,9868,منطقه 2,تکنولوژی پرتوشناسی,دانشگاه علوم پزشکی همدان,نامشخص,kanoon
1404,تجربی,22315,9889,منطقه 2,پرستاری,دانشگاه علوم پزشکی اراک,نامشخص,kanoon
1404,تجربی,22335,9899,منطقه 2,علوم آزمایشگاهی,دانشگاه علوم پزشکی شیراز,نامشخص,kanoon
1404,تجربی,22397,9927,منطقه 2,دامپزشکی,دانشگاه شهید باهنر - کرمان--نوبت دوم,نامشخص,kanoon
1404,تجربی,36386,9929,منطقه 1,کاردانی دامپزشکی,دانشگاه اردکان,نامشخص,kanoon
1404,تجربی,34661,9936,منطقه 3,پزشکی,دانشگاه علوم پزشکی جندی شاپور اهواز,نامشخص,kanoon
1404,تجربی,22421,9940,منطقه 2,تکنولوژی پرتوشناسی,دانشگاه علوم پزشکی مازندران - ساری,نامشخص,kanoon
1404,تجربی,22447,9954,منطقه 2,تکنولوژی اتاق عمل,دانشگاه علوم پزشکی قم,نامشخص,kanoon
1404,تجربی,22447,9954,منطقه 2,تکنولوژی پرتوشناسی,دانشگاه علوم پزشکی مازندران - ساری,نامشخص,kanoon
1404,تجربی,34980,10041,منطقه 3,پرستاری,دانشگاه علوم پزشکی جندی شاپور_اهواز(ایذه),نامشخص,kanoon
1404,تجربی,22670,10051,منطقه 2,تکنولوژی پرتوشناسی,دانشگاه علوم پزشکی اراک,نامشخص,kanoon
1404,تجربی,36981,10067,منطقه 1,زمین شناسی,دانشگاه تهران,نامشخص,kanoon
1404,تجربی,35092,10075,منطقه 3,پزشکی,دانشگاه علوم پزشکی جندی شاپور اهواز,نامشخص,kanoon
1404,تجربی,22755,10084,منطقه 2,تکنولوژی اتاق عمل,دانشگاه علوم پزشکی تبریز,شهریه پرداز,kanoon
1404,تجربی,22866,10128,منطقه 2,پرستاری,دانشگاه علوم پزشکی اردبیل,نامشخص,kanoon
1404,تجربی,137000,10139,سهمیه 5٪,پرستاری,دانشگاه علوم پزشکی کرمان,پردیس,sajad
1404,تجربی,35337,10160,منطقه 3,پزشکی,دانشگاه علوم پزشکی یاسوج,نامشخص,kanoon
1404,تجربی,37355,10160,منطقه 1,پرستاری,دانشگاه علوم پزشکی مشهد,نامشخص,kanoon
1404,تجربی,35363,10169,منطقه 3,بیولوژی وکنترل ناقلین بیماریها,دانشگاه علوم پزشکی تهران,نامشخص,kanoon
1404,تجربی,35419,10182,منطقه 3,پزشکی,دانشگاه علوم پزشکی جهرم,نامشخص,kanoon
1404,تجربی,35518,10214,منطقه 3,پزشکی,دانشگاه علوم پزشکی رفسنجان,نامشخص,kanoon
1404,تجربی,23059,10219,منطقه 2,پرستاری,دانشگاه علوم پزشکی تهران,نامشخص,kanoon
1404,تجربی,23177,10269,منطقه 2,تکنولوژی پزشکی هسته ای,دانشگاه علوم پزشکی بابل,نامشخص,kanoon
1404,تجربی,23284,10312,منطقه 2,پزشکی,دانشگاه علوم پزشکی بوشهر,نامشخص,kanoon
1404,تجربی,38148,10345,منطقه 1,علوم آزمایشگاهی,دانشکده علوم پزشکی و خدمات بهداشتی درمانی سراب,نامشخص,kanoon
1404,تجربی,35951,10357,منطقه 3,پرستاری,دانشگاه علوم پزشکی شاهرود,نامشخص,kanoon
1404,تجربی,35951,10357,منطقه 3,پزشکی,دانشگاه علوم پزشکی جهرم,نامشخص,kanoon
1404,تجربی,23422,10367,منطقه 2,پزشکی,دانشگاه علوم پزشکی ایلام,نامشخص,kanoon
1404,تجربی,38289,10371,منطقه 1,زیست شناسی سلولی مولکولی,دانشگاه خلیج فارس - بوشهر,نامشخص,kanoon
1404,تجربی,36037,10380,منطقه 3,پرستاری,دانشگاه علوم پزشکی جهرم,نامشخص,kanoon
1404,تجربی,23469,10384,منطقه 2,پرستاری,دانشگاه علوم پزشکی ایران,نامشخص,kanoon
1404,تجربی,23469,10384,منطقه 2,پزشکی,دانشگاه علوم پزشکی رفسنجان,نامشخص,kanoon
1404,تجربی,36165,10416,منطقه 3,تکنولوژی پرتوشناسی,دانشگاه علوم پزشکی زاهدان,نامشخص,kanoon
1404,تجربی,38485,10417,منطقه 1,تکنولوژی اتاق عمل,دانشکده علوم پزشکی و خدمات بهداشتی درمانی خوی,شهریه پرداز,kanoon
1404,تجربی,36295,10448,منطقه 3,پرستاری,دانشگاه علوم پزشکی ارومیه (مهاباد),نامشخص,kanoon
1404,تجربی,36295,10448,منطقه 3,تکنولوژی اتاق عمل,دانشگاه علوم پزشکی گلستان - گرگان,نامشخص,kanoon
1404,تجربی,141437,10463,سهمیه 5٪,پرستاری,دانشگاه علوم پزشکی رفسنجان,شهریه‌پرداز,sajad
1404,تجربی,36358,10465,منطقه 3,تکنولوژی پرتوشناسی,دانشکده علوم پزشکی و خدمات بهداشتی درمانی بهبهان,نامشخص,kanoon
1404,تجربی,23718,10482,منطقه 2,دامپزشکی,دانشگاه بوعلی سینا - همدان--نوبت دوم,نامشخص,kanoon
1404,تجربی,38758,10489,منطقه 1,علوم آزمایشگاهی,دانشکده علوم پزشکی و خدمات بهداشتی درمانی سراب,نامشخص,kanoon
1404,تجربی,23764,10502,منطقه 2,پزشکی,دانشگاه علوم پزشکی ایران,نامشخص,kanoon
1404,تجربی,23823,10525,منطقه 2,تکنولوژی اتاق عمل,دانشگاه علوم پزشکی قم,نامشخص,kanoon
1404,تجربی,36635,10541,منطقه 3,علوم آزمایشگاهی,دانشگاه علوم پزشکی اصفهان,شهریه پرداز,kanoon
1404,تجربی,23937,10576,منطقه 2,پرستاری,دانشگاه علوم پزشکی کرمانشاه,شهریه پرداز,kanoon
1404,تجربی,39166,10592,منطقه 1,پرستاری,دانشکده علوم پزشکی ملایر,پردیس,sajad
1404,تجربی,39166,10592,منطقه 1,پرستاری,دانشگاه آزاد اسلامی واحد پزشکی تهران,آزاد,sajad
1404,تجربی,36839,10621,منطقه 3,پرستاری,دانشگاه علوم پزشکی ایلام,نامشخص,kanoon
1404,تجربی,24071,10634,منطقه 2,پرستاری,دانشگاه علوم پزشکی کاشان,نامشخص,kanoon
1404,تجربی,36981,10666,منطقه 3,دامپزشکی,دانشگاه آزاد اسلامی واحد کرج,آزاد,sajad
1404,تجربی,37050,10690,منطقه 3,پرستاری,دانشگاه علوم پزشکی البرز - کرج,نامشخص,kanoon
1404,تجربی,24201,10693,منطقه 2,تکنولوژی اتاق عمل,دانشگاه علوم پزشکی قم,نامشخص,kanoon
1404,تجربی,39695,10697,منطقه 1,پرستاری,دانشگاه علوم پزشکی تبریز(بناب),نامشخص,kanoon
1404,تجربی,37089,10704,منطقه 3,پزشکی,دانشگاه علوم پزشکی یاسوج,نامشخص,kanoon
1404,تجربی,37089,10704,منطقه 3,هوشبری,دانشگاه علوم پزشکی اراک( دانشکده علوم پزشکی و خدمات بهداشتی درمانی خمین),نامشخص,kanoon
1404,تجربی,39871,10747,منطقه 1,پرستاری,دانشگاه آزاد اسلامی واحد مشهد,آزاد,sajad
1404,تجربی,39871,10747,منطقه 1,مامایی,دانشگاه علوم پزشکی سبزوار,روزانه,sajad
1404,تجربی,24333,10750,منطقه 2,پرستاری,دانشگاه علوم پزشکی کرمانشاه,نامشخص,kanoon
1404,تجربی,40023,10785,منطقه 1,پرستاری,دانشگاه علوم پزشکی مازندران - ساری (محل تحصیل بهشهر),نامشخص,kanoon
1404,تجربی,24555,10851,منطقه 2,پرستاری,دانشگاه علوم پزشکی اردبیل,نامشخص,kanoon
1404,تجربی,37592,10864,منطقه 3,تکنولوژی اتاق عمل,دانشگاه علوم پزشکی ایلام,نامشخص,kanoon
1404,تجربی,24607,10873,منطقه 2,تکنولوژی اتاق عمل,دانشگاه علوم پزشکی قزوین,نامشخص,kanoon
1404,تجربی,37655,10889,منطقه 3,تکنولوژی اتاق عمل,دانشگاه علوم پزشکی جهرم,نامشخص,kanoon
1404,تجربی,37766,10925,منطقه 3,مامایی,دانشگاه علوم پزشکی قزوین,نامشخص,kanoon
1404,تجربی,24749,10936,منطقه 2,پزشکی,دانشگاه علوم پزشکی آبادان,نامشخص,kanoon
1404,تجربی,24929,11020,منطقه 2,پرستاری,دانشگاه علوم پزشکی اراک,نامشخص,kanoon
1404,تجربی,25071,11092,منطقه 2,پرستاری,دانشگاه علوم پزشکی کردستان - سنندج,نامشخص,kanoon
1404,تجربی,38289,11115,منطقه 3,پرستاری,دانشگاه علوم پزشکی ارتش جمهوری اسلامی ایران,نامشخص,kanoon
1404,تجربی,38289,11115,منطقه 3,پرستاری,دانشگاه علوم پزشکی لرستان - خرم آباد,نامشخص,kanoon
1404,تجربی,41438,11137,منطقه 1,پرستاری,دانشگاه علوم پزشکی قزوین,شهریه پرداز,kanoon
1404,تجربی,41476,11147,منطقه 1,پرستاری,دانشگاه علوم پزشکی جهرم,نامشخص,kanoon
1404,تجربی,38485,11172,منطقه 3,مامایی,دانشگاه علوم پزشکی قزوین,شهریه پرداز,kanoon
1404,تجربی,38485,11172,منطقه 3,هوشبری,دانشگاه علوم پزشکی ارومیه,نامشخص,kanoon
1404,تجربی,41592,11176,منطقه 1,پرستاری,دانشگاه علوم پزشکی ارومیه (محل تحصیل میاندواب),نامشخص,kanoon
1404,تجربی,25323,11202,منطقه 2,تکنولوژی اتاق عمل,دانشگاه علوم پزشکی ارومیه,نامشخص,kanoon
1404,تجربی,38650,11226,منطقه 3,پرستاری,دانشگاه علوم پزشکی تبریز(بناب),نامشخص,kanoon
1404,تجربی,38686,11239,منطقه 3,مهندسی بهداشت حرفه ای وایمنی کار,دانشگاه علوم پزشکی شهید بهشتی - تهران,نامشخص,kanoon
1404,تجربی,25423,11245,منطقه 2,تکنولوژی پرتوشناسی,دانشگاه علوم پزشکی شهرکرد,شهریه پرداز,kanoon
1404,تجربی,38721,11252,منطقه 3,شیمی کاربردی,دانشگاه فردوسی - مشهد,نامشخص,kanoon
1404,تجربی,25610,11331,منطقه 2,پرستاری,دانشگاه علوم پزشکی گیلان - رشت,نامشخص,kanoon
1404,تجربی,39014,11366,منطقه 3,پرستاری,دانشگاه علوم پزشکی قزوین,نامشخص,kanoon
1404,تجربی,39082,11387,منطقه 3,تکنولوژی اتاق عمل,دانشگاه علوم پزشکی یاسوج,نامشخص,kanoon
1404,تجربی,39110,11396,منطقه 3,علوم آزمایشگاهی,دانشکده علوم پزشکی و خدمات بهداشتی درمانی مراغه,نامشخص,kanoon
1404,تجربی,25876,11440,منطقه 2,پرستاری,دانشگاه علوم پزشکی ارومیه,نامشخص,kanoon
1404,تجربی,25955,11475,منطقه 2,پرستاری,دانشگاه علوم پزشکی البرز - کرج,نامشخص,kanoon
1404,تجربی,26107,11546,منطقه 2,پرستاری,دانشگاه علوم پزشکی کاشان,نامشخص,kanoon
1404,تجربی,26190,11577,منطقه 2,پزشکی,دانشگاه علوم پزشکی سمنان,نامشخص,kanoon
1404,تجربی,26190,11577,منطقه 2,علوم تغذیه,دانشکده علوم پزشکی نیشابور,نامشخص,kanoon
1404,تجربی,156634,11588,سهمیه 5٪,اتاق عمل,دانشکده علوم پزشکی چابهار,روزانه,sajad
1404,تجربی,26223,11593,منطقه 2,پرستاری,دانشگاه علوم پزشکی مازندران - ساری,نامشخص,kanoon
1404,تجربی,26250,11609,منطقه 2,پرستاری,دانشگاه علوم پزشکی شهید بهشتی - تهران,نامشخص,kanoon
1404,تجربی,39695,11609,منطقه 3,پرستاری,دانشگاه علوم پزشکی کاشان,شهریه پرداز,kanoon
1404,تجربی,39734,11621,منطقه 3,مامایی,دانشگاه علوم پزشکی جندی شاپور اهواز,نامشخص,kanoon
1404,تجربی,26335,11638,منطقه 2,دامپزشکی,دانشگاه آزاداسلامی -واحدگرمسار,آزاد,kanoon
1404,تجربی,43674,11702,منطقه 1,فناوری اطلاعات سلامت,دانشگاه علوم پزشکی مشهد,نامشخص,kanoon
1404,تجربی,39998,11708,منطقه 3,پرستاری,دانشگاه علوم پزشکی کرمان (محل تحصیل زرند),نامشخص,kanoon
1404,تجربی,26565,11736,منطقه 2,دامپزشکی,دانشگاه بوعلی سینا - همدان--نوبت دوم,نامشخص,kanoon
1404,تجربی,26587,11748,منطقه 2,پرستاری,دانشگاه علوم پزشکی قزوین,نامشخص,kanoon
1404,تجربی,40128,11756,منطقه 3,تکنولوژی اتاق عمل,دانشگاه علوم پزشکی بندرعباس,نامشخص,kanoon
1404,تجربی,43894,11758,منطقه 1,هتلداری,دانشگاه تهران,نامشخص,kanoon
1404,تجربی,43960,11775,منطقه 3,اتاق عمل,دانشگاه آزاد اسلامی واحد مشهد,آزاد,sajad
1404,تجربی,43960,11775,منطقه 3,هوشبری,دانشگاه علوم پزشکی تربت حیدریه,شهریه‌پرداز,sajad
1404,تجربی,26732,11813,منطقه 2,پرستاری,دانشگاه علوم پزشکی کاشان,نامشخص,kanoon
1404,تجربی,26825,11851,منطقه 2,پرستاری,دانشگاه علوم پزشکی کاشان,نامشخص,kanoon
1404,تجربی,26913,11892,منطقه 2,پزشکی,دانشگاه علوم پزشکی سمنان,نامشخص,kanoon
1404,تجربی,26975,11922,منطقه 2,زیست فناوری,دانشگاه الزهرا(س) - تهران,نامشخص,kanoon
1404,تجربی,40725,11938,منطقه 3,پرستاری,دانشگاه علوم پزشکی مازندران - ساری (محل تحصیل بهشهر),نامشخص,kanoon
1404,تجربی,40725,11938,منطقه 3,علوم آزمایشگاهی,دانشگاه علوم پزشکی ارومیه,نامشخص,kanoon
1404,تجربی,27038,11951,منطقه 2,پرستاری,دانشگاه علوم پزشکی مازندران - ساری,نامشخص,kanoon
1404,تجربی,27038,11951,منطقه 2,پرستاری,دانشگاه علوم پزشکی همدان,نامشخص,kanoon
1404,تجربی,27149,12006,منطقه 2,دامپزشکی,دانشگاه آزاداسلامی-واحدشبستر,آزاد,kanoon
1404,تجربی,27149,12006,منطقه 2,علوم تغذیه,دانشگاه علوم پزشکی خراسان شمالی - بجنورد,نامشخص,kanoon
1404,تجربی,44998,12042,منطقه 1,بهداشت عمومی,دانشگاه علوم پزشکی اصفهان,نامشخص,kanoon
1404,تجربی,44998,12042,منطقه 1,بهداشت عمومی,دانشگاه علوم پزشکی تربت حیدریه,نامشخص,kanoon
1404,تجربی,27265,12049,منطقه 2,پرستاری,دانشگاه علوم پزشکی همدان,نامشخص,kanoon
1404,تجربی,41061,12055,منطقه 3,پرستاری,دانشگاه علوم پزشکی ایلام(سلامت دهلران),نامشخص,kanoon
1404,تجربی,27292,12063,منطقه 2,پرستاری,دانشگاه علوم پزشکی همدان,نامشخص,kanoon
1404,تجربی,41136,12083,منطقه 3,پزشکی,دانشگاه علوم پزشکی بندرعباس,نامشخص,kanoon
1404,تجربی,27343,12084,منطقه 2,پرستاری,دانشگاه علوم پزشکی گیلان - رشت (دانشکده پرستاری و مامایی لنگرود),نامشخص,kanoon
1404,تجربی,27425,12116,منطقه 2,پرستاری,دانشگاه علوم پزشکی اراک,نامشخص,kanoon
1404,تجربی,41302,12127,منطقه 3,پرستاری,دانشگاه علوم پزشکی قزوین,نامشخص,kanoon
1404,تجربی,45360,12139,منطقه 1,تکنولوژی اتاق عمل,دانشگاه علوم پزشکی بندرعباس,شهریه پرداز,kanoon
1404,تجربی,41476,12172,منطقه 1,پزشکی,دانشگاه علوم پزشکی فسا,نامشخص,kanoon
1404,تجربی,41476,12172,منطقه 3,تکنولوژی پرتوشناسی,دانشگاه علوم پزشکی بوشهر,نامشخص,kanoon
1404,تجربی,27637,12211,منطقه 2,پرستاری,دانشگاه علوم پزشکی اردبیل,نامشخص,kanoon
1404,تجربی,27637,12211,منطقه 2,دامپزشکی,دانشگاه آزاداسلامی-واحدسنندج,آزاد,kanoon
1404,تجربی,41801,12276,منطقه 3,تکنولوژی اتاق عمل,دانشگاه علوم پزشکی کردستان - سنندج,نامشخص,kanoon
1404,تجربی,41858,12297,منطقه 3,پرستاری,دانشگاه علوم پزشکی ارومیه (محل تحصیل بوکان),نامشخص,kanoon
1404,تجربی,27842,12308,منطقه 2,تکنولوژی اتاق عمل,دانشگاه علوم پزشکی لرستان - خرم آباد,نامشخص,kanoon
1404,تجربی,42019,12348,منطقه 3,هوشبری,دانشگاه علوم پزشکی کرمان,نامشخص,kanoon
1404,تجربی,27933,12349,منطقه 2,پرستاری,دانشگاه علوم پزشکی بابل,نامشخص,kanoon
1404,تجربی,27954,12361,منطقه 2,بهداشت عمومی,دانشگاه علوم پزشکی تهران,نامشخص,kanoon
1404,تجربی,28013,12386,منطقه 2,پرستاری,دانشگاه علوم پزشکی اراک,نامشخص,kanoon
1404,تجربی,46391,12394,منطقه 1,زمین شناسی,دانشگاه تهران,نامشخص,kanoon
1404,تجربی,42157,12398,منطقه 3,پرستاری,دانشکده علوم پزشکی و خدمات بهداشتی درمانی گراش,نامشخص,kanoon
1404,تجربی,42225,12417,منطقه 3,تکنولوژی اتاق عمل,دانشکده علوم پزشکی و خدمات بهداشتی درمانی خوی,نامشخص,kanoon
1404,تجربی,28145,12440,منطقه 2,هوشبری,دانشگاه علوم پزشکی البرز - کرج,نامشخص,kanoon
1404,تجربی,46590,12445,منطقه 1,فناوری اطلاعات سلامت,دانشگاه علوم پزشکی شیراز,نامشخص,kanoon
1404,تجربی,28173,12455,منطقه 2,پرستاری,دانشگاه علوم پزشکی سمنان,نامشخص,kanoon
1404,تجربی,28195,12467,منطقه 2,پرستاری,دانشگاه علوم پزشکی اراک,نامشخص,kanoon
1404,تجربی,28195,12467,منطقه 2,تکنولوژی اتاق عمل,دانشگاه علوم پزشکی بابل,نامشخص,kanoon
1404,تجربی,42396,12474,منطقه 3,هوشبری,دانشگاه علوم پزشکی بیرجند,نامشخص,kanoon
1404,تجربی,46820,12505,منطقه 1,پرستاری,دانشگاه علوم پزشکی شیراز(فیروزآباد),نامشخص,kanoon
1404,تجربی,46864,12516,منطقه 1,پرستاری,دانشگاه علوم پزشکی ایرانشهر,نامشخص,kanoon
1404,تجربی,42542,12531,منطقه 3,پرستاری,دانشگاه علوم پزشکی آبادان,نامشخص,kanoon
1404,تجربی,28364,12535,منطقه 2,تکنولوژی اتاق عمل,دانشگاه علوم پزشکی قم,نامشخص,kanoon
1404,تجربی,28513,12585,منطقه 2,پرستاری,دانشگاه علوم پزشکی گیلان - رشت,نامشخص,kanoon
1404,تجربی,28544,12597,منطقه 2,پرستاری,دانشگاه علوم پزشکی کاشان,نامشخص,kanoon
1404,تجربی,42849,12645,منطقه 3,پرستاری,دانشگاه علوم پزشکی دزفول,نامشخص,kanoon
1404,تجربی,47936,12756,منطقه 1,شیمی کاربردی,دانشگاه کاشان,نامشخص,kanoon
1404,تجربی,43290,12782,منطقه 3,پرستاری,دانشگاه علوم پزشکی بوشهر,نامشخص,kanoon
1404,تجربی,43422,12832,منطقه 3,پرستاری,دانشگاه علوم پزشکی بندرعباس,شهریه پرداز,kanoon
1404,تجربی,29110,12838,منطقه 2,پرستاری,دانشگاه علوم پزشکی لرستان - خرم آباد,نامشخص,kanoon
1404,تجربی,43454,12843,منطقه 3,پزشکی,دانشگاه علوم پزشکی یزد,نامشخص,kanoon
1404,تجربی,29188,12875,منطقه 2,پرستاری,دانشگاه علوم پزشکی قم,شهریه پرداز,kanoon
1404,تجربی,43710,12923,منطقه 3,دامپزشکی,دانشگاه آزاداسلامی -واحد تبریز,آزاد,kanoon
1404,تجربی,29311,12933,منطقه 2,پرستاری,دانشگاه علوم پزشکی خراسان شمالی - بجنورد,نامشخص,kanoon
1404,تجربی,43751,12938,منطقه 3,فوریت های پزشکی پیش بیمارستانی,دانشگاه علوم پزشکی گناباد,نامشخص,kanoon
1404,تجربی,43925,13010,منطقه 3,هوشبری,دانشگاه علوم پزشکی گناباد,نامشخص,kanoon
1404,تجربی,29511,13018,منطقه 2,پرستاری,دانشگاه علوم پزشکی کردستان - سنندج,نامشخص,kanoon
1404,تجربی,43960,13023,منطقه 3,تکنولوژی اتاق عمل,دانشگاه علوم پزشکی آبادان,نامشخص,kanoon
1404,تجربی,44000,13034,منطقه 3,تکنولوژی اتاق عمل,دانشگاه علوم پزشکی ایلام,نامشخص,kanoon
1404,تجربی,29543,13036,منطقه 2,پرستاری,دانشگاه علوم پزشکی کرمانشاه,روزانه,sajad
1404,تجربی,49230,13061,منطقه 1,مهندسی بهداشت حرفه ای وایمنی کار,دانشگاه علوم پزشکی قم,نامشخص,kanoon
1404,تجربی,29836,13161,منطقه 2,مامایی,دانشگاه علوم پزشکی اصفهان,نامشخص,kanoon
1404,تجربی,29897,13186,منطقه 2,هوشبری,دانشگاه علوم پزشکی همدان,نامشخص,kanoon
1404,تجربی,49857,13211,منطقه 1,بهداشت عمومی,دانشکده علوم پزشکی و خدمات بهداشتی درمانی مراغه,نامشخص,kanoon
1404,تجربی,44612,13218,منطقه 3,پزشکی,دانشگاه علوم پزشکی ارومیه,نامشخص,kanoon
1404,تجربی,44672,13244,منطقه 3,پزشکی,دانشگاه علوم پزشکی زاهدان,نامشخص,kanoon
1404,تجربی,30034,13247,منطقه 2,پرستاری,دانشگاه علوم پزشکی کاشان,نامشخص,kanoon
1404,تجربی,44703,13254,منطقه 3,بهداشت عمومی,دانشگاه علوم پزشکی تهران,نامشخص,kanoon
1404,تجربی,44738,13268,منطقه 3,مهندسی بهداشت حرفه ای وایمنی کار,دانشگاه علوم پزشکی قزوین,نامشخص,kanoon
1404,تجربی,50178,13286,منطقه 1,علوم ورزشی,دانشگاه علامه طباطبایی - تهران--نوبت دوم,نامشخص,kanoon
1404,تجربی,44885,13314,منطقه 3,پرستاری,دانشگاه علوم پزشکی یزد,شهریه پرداز,kanoon
1404,تجربی,30207,13318,منطقه 2,پرستاری,دانشگاه علوم پزشکی کردستان - سنندج,نامشخص,kanoon
1404,تجربی,30235,13332,منطقه 2,پرستاری,دانشگاه علوم پزشکی سبزوار,نامشخص,kanoon
1404,تجربی,45033,13359,منطقه 3,پرستاری,دانشگاه علوم پزشکی قزوین,نامشخص,kanoon
1404,تجربی,45033,13359,منطقه 3,مهندسی بهداشت حرفه ای وایمنی کار,دانشگاه علوم پزشکی شهید بهشتی - تهران,نامشخص,kanoon
1404,تجربی,30404,13394,منطقه 2,تکنولوژی اتاق عمل,دانشگاه علوم پزشکی گلستان - گرگان,نامشخص,kanoon
1404,تجربی,50638,13394,منطقه 1,روانشناسی,دانشگاه سلمان فارسی - کازرون,نامشخص,kanoon
1404,تجربی,30436,13410,منطقه 2,تکنولوژی پرتوشناسی,دانشگاه علوم پزشکی ارتش جمهوری اسلامی ایران,نامشخص,kanoon
1404,تجربی,45221,13419,منطقه 3,پرستاری,دانشکده علوم پزشکی و خدمات بهداشتی درمانی شرق استان هرمزگان - میناب,نامشخص,kanoon
1404,تجربی,45589,13533,منطقه 3,علوم تغذیه,دانشگاه علوم پزشکی بوشهر,نامشخص,kanoon
1404,تجربی,51383,13569,منطقه 1,شیمی کاربردی,دانشگاه کاشان,نامشخص,kanoon
1404,تجربی,45773,13595,منطقه 3,پزشکی,دانشگاه علوم پزشکی بندرعباس,نامشخص,kanoon
1404,تجربی,51511,13598,منطقه 1,روانشناسی,دانشگاه مراغه,نامشخص,kanoon
1404,تجربی,45805,13606,منطقه 3,پزشکی,دانشگاه علوم پزشکی ایلام,نامشخص,kanoon
1404,تجربی,51955,13700,منطقه 1,روانشناسی,مرکز آموزش عالی اقلید,نامشخص,kanoon
1404,تجربی,31183,13713,منطقه 2,مامایی,دانشگاه علوم پزشکی مشهد,نامشخص,kanoon
1404,تجربی,46144,13731,منطقه 3,علوم آزمایشگاهی,دانشگاه علوم پزشکی جندی شاپور اهواز,نامشخص,kanoon
1404,تجربی,31275,13757,منطقه 2,هوشبری,دانشگاه علوم پزشکی قم,نامشخص,kanoon
1404,تجربی,52351,13795,منطقه 1,بهداشت عمومی,دانشگاه علوم پزشکی شیراز,نامشخص,kanoon
1404,تجربی,31463,13848,منطقه 2,پرستاری,دانشگاه علوم پزشکی گیلان - رشت,نامشخص,kanoon
1404,تجربی,52610,13860,منطقه 1,حسابداری,دانشگاه غیرانتفاعی علم و فرهنگ - تهران,نامشخص,kanoon
1404,تجربی,46557,13867,منطقه 3,مامایی,دانشگاه علوم پزشکی ایلام,نامشخص,kanoon
1404,تجربی,31520,13873,منطقه 2,تکنولوژی پرتودرمانی,دانشگاه علوم پزشکی سبزوار,شهریه پرداز,kanoon
1404,تجربی,46590,13878,منطقه 3,تکنولوژی اتاق عمل,دانشگاه علوم پزشکی بیرجند (محل تحصیل طبس),نامشخص,kanoon
1404,تجربی,31607,13913,منطقه 2,پرستاری,دانشگاه علوم پزشکی زنجان,نامشخص,kanoon
1404,تجربی,52835,13914,منطقه 1,زیست شناسی سلولی مولکولی,دانشگاه شهرکرد,نامشخص,kanoon
1404,تجربی,53036,13971,منطقه 1,تکنولوژی اتاق عمل,دانشگاه علوم پزشکی رفسنجان,نامشخص,kanoon
1404,تجربی,53119,13993,منطقه 1,زیست شناسی جانوری,دانشگاه خوارزمی -محل تحصیل کرج,نامشخص,kanoon
1404,تجربی,31828,14005,منطقه 2,تکنولوژی اتاق عمل,دانشگاه علوم پزشکی بابل,نامشخص,kanoon
1404,تجربی,31946,14062,منطقه 2,پرستاری,دانشگاه علوم پزشکی قم,نامشخص,kanoon
1404,تجربی,31972,14074,منطقه 2,پرستاری,دانشگاه علوم پزشکی رفسنجان,نامشخص,kanoon
1404,تجربی,31998,14085,منطقه 2,پرستاری,دانشگاه شاهد - تهران(رشته های پزشکی),شهریه پرداز,kanoon
1404,تجربی,32029,14097,منطقه 2,تکنولوژی اتاق عمل,دانشگاه علوم پزشکی اراک,نامشخص,kanoon
1404,تجربی,53631,14119,منطقه 1,میکروبیولوژی,دانشگاه غیرانتفاعی علم و فرهنگ - تهران,نامشخص,kanoon
1404,تجربی,32120,14136,منطقه 2,پرستاری,دانشگاه علوم پزشکی قم,نامشخص,kanoon
1404,تجربی,47379,14144,منطقه 3,پرستاری,دانشگاه علوم پزشکی خراسان شمالی-بجنورد(پرستاری شیروان),نامشخص,kanoon
1404,تجربی,47379,14144,منطقه 3,پرستاری,دانشگاه علوم پزشکی زاهدان (محل تحصیل خاش),نامشخص,kanoon
1404,تجربی,47424,14161,منطقه 3,پرستاری,دانشگاه علوم پزشکی ارومیه (محل تحصیل میاندواب),نامشخص,kanoon
1404,تجربی,47424,14161,منطقه 3,علوم آزمایشگاهی,دانشگاه علوم پزشکی آبادان,نامشخص,kanoon
1404,تجربی,32214,14172,منطقه 2,تکنولوژی پرتوشناسی,دانشگاه علوم پزشکی بیرجند,شهریه پرداز,kanoon
1404,تجربی,47460,14175,منطقه 3,مامایی,دانشگاه علوم پزشکی بیرجند,نامشخص,kanoon
1404,تجربی,47494,14188,منطقه 3,مامایی,دانشگاه علوم پزشکی ارومیه (محل تحصیل میاندواب),نامشخص,kanoon
1404,تجربی,32281,14196,منطقه 2,پزشکی,دانشگاه علوم پزشکی بندرعباس,نامشخص,kanoon
1404,تجربی,53966,14197,منطقه 1,علوم آزمایشگاهی,دانشگاه علوم پزشکی شیراز (محل تحصیل داراب),نامشخص,kanoon
1404,تجربی,47578,14215,منطقه 3,فوریت های پزشکی پیش بیمارستانی,دانشگاه علوم پزشکی لرستان - خرم آباد,نامشخص,kanoon
1404,تجربی,47652,14238,منطقه 3,مامایی,دانشگاه علوم پزشکی بیرجند (محل تحصیل قائن),نامشخص,kanoon
1404,تجربی,32415,14257,منطقه 2,پرستاری,دانشگاه علوم پزشکی بابل (محل تحصیل رامسر),نامشخص,kanoon
1404,تجربی,54247,14265,منطقه 1,بهداشت عمومی,دانشگاه علوم پزشکی یزد,نامشخص,kanoon
1404,تجربی,54286,14276,منطقه 1,میکروبیولوژی,دانشگاه غیرانتفاعی علم و فرهنگ - تهران,نامشخص,kanoon
1404,تجربی,32625,14337,منطقه 2,پرستاری,دانشگاه علوم پزشکی بابل (محل تحصیل رامسر),نامشخص,kanoon
1404,تجربی,48055,14373,منطقه 3,دامپزشکی,دانشگاه آزاداسلامی -واحدگرمسار,آزاد,kanoon
1404,تجربی,48181,14420,منطقه 3,تکنولوژی اتاق عمل,دانشگاه علوم پزشکی کردستان - سنندج,نامشخص,kanoon
1404,تجربی,48181,14420,منطقه 3,مامایی,دانشگاه علوم پزشکی ارومیه (محل تحصیل میاندواب),نامشخص,kanoon
1404,تجربی,32908,14462,منطقه 2,هوشبری,دانشگاه علوم پزشکی قم,نامشخص,kanoon
1404,تجربی,32944,14478,منطقه 2,تکنولوژی اتاق عمل,دانشگاه علوم پزشکی بابل,نامشخص,kanoon
1404,تجربی,55228,14484,منطقه 1,هوشبری,دانشگاه علوم پزشکی زاهدان,شهریه پرداز,kanoon
1404,تجربی,48450,14512,منطقه 3,مامایی,دانشگاه علوم پزشکی گیلان - رشت (دانشکده پرستاری و مامایی لنگرود),نامشخص,kanoon
1404,تجربی,33033,14515,منطقه 2,پرستاری,دانشگاه علوم پزشکی قم,شهریه پرداز,kanoon
1404,تجربی,33154,14565,منطقه 2,هوشبری,دانشگاه علوم پزشکی قم,نامشخص,kanoon
1404,تجربی,55601,14575,منطقه 1,شیمی کاربردی,دانشگاه گیلان - رشت,نامشخص,kanoon
1404,تجربی,48677,14580,منطقه 3,پزشکی,دانشگاه علوم پزشکی بندرعباس,نامشخص,kanoon
1404,تجربی,33347,14642,منطقه 2,پرستاری,دانشکده علوم پزشکی و خدمات بهداشتی درمانی خوی,نامشخص,kanoon
1404,تجربی,33371,14651,منطقه 2,پزشکی,دانشگاه علوم پزشکی بندرعباس,نامشخص,kanoon
1404,تجربی,33371,14651,منطقه 2,هوشبری,دانشگاه علوم پزشکی سمنان (محل تحصیل سرخه),نامشخص,kanoon
1404,تجربی,33451,14686,منطقه 2,پرستاری,دانشگاه علوم پزشکی مازندران - ساری (محل تحصیل دانشکده پرستاری آمل),نامشخص,kanoon
1404,تجربی,33527,14726,منطقه 2,روانشناسی,دانشگاه پیام نور اردبیل - مرکز اردبیل,نامشخص,kanoon
1404,تجربی,33610,14767,منطقه 2,پزشکی,دانشگاه علوم پزشکی زاهدان,نامشخص,kanoon
1404,تجربی,56526,14771,منطقه 1,تکنولوژی اتاق عمل,دانشگاه علوم پزشکی ایرانشهر,نامشخص,kanoon
1404,تجربی,33640,14783,منطقه 2,مامایی,دانشگاه علوم پزشکی بابل,نامشخص,kanoon
1404,تجربی,33750,14827,منطقه 2,پرستاری,دانشکده علوم پزشکی و خدمات بهداشتی درمانی خوی,شهریه پرداز,kanoon
1404,تجربی,33779,14838,منطقه 2,پرستاری,دانشگاه علوم پزشکی یزد,نامشخص,kanoon
1404,تجربی,49534,14867,منطقه 3,پرستاری,دانشگاه علوم پزشکی اردبیل(محل تحصیل مغان),نامشخص,kanoon
1404,تجربی,57035,14901,منطقه 1,حسابداری,دانشگاه ملی مهارت دختران - کرج,نامشخص,kanoon
1404,تجربی,49637,14906,منطقه 3,بهداشت عمومی,دانشگاه علوم پزشکی شهید بهشتی - تهران,شهریه پرداز,kanoon
1404,تجربی,49675,14921,منطقه 3,پرستاری,دانشگاه علوم پزشکی ارومیه (محل تحصیل نقده),نامشخص,kanoon
1404,تجربی,57270,14951,منطقه 1,هتلداری,دانشگاه علامه طباطبایی - تهران--نوبت دوم,نامشخص,kanoon
1404,تجربی,57355,14970,منطقه 1,زیست شناسی سلولی مولکولی,دانشگاه غیرانتفاعی علم و فرهنگ - تهران,نامشخص,kanoon
1404,تجربی,49857,14981,منطقه 3,مامایی,دانشگاه علوم پزشکی خراسان شمالی-بجنورد(پرستاری شیروان),نامشخص,kanoon
1404,تجربی,50096,15060,منطقه 3,علوم آزمایشگاهی,دانشگاه علوم پزشکی فسا,نامشخص,kanoon
1404,تجربی,57930,15097,منطقه 1,مدیریت دولتی,دانشگاه فردوسی - مشهد,نامشخص,kanoon
1404,تجربی,34465,15123,منطقه 2,پرستاری,دانشگاه علوم پزشکی لرستان خرم آباد-(دورود),نامشخص,kanoon
1404,تجربی,34557,15169,منطقه 2,پرستاری,دانشگاه علوم پزشکی کرمانشاه,شهریه پرداز,kanoon
1404,تجربی,34829,15275,منطقه 2,پزشکی,دانشگاه علوم پزشکی هرمزگان - بندرعباس,تعهدی,sajad
1404,تجربی,34889,15302,منطقه 2,زیست شناسی سلولی مولکولی,دانشگاه گیلان - رشت,نامشخص,kanoon
1404,تجربی,50874,15309,منطقه 3,مامایی,دانشگاه علوم پزشکی بیرجند (محل تحصیل قائن),شهریه پرداز,kanoon
1404,تجربی,51238,15434,منطقه 3,تکنولوژی اتاق عمل,دانشگاه علوم پزشکی بندرعباس,نامشخص,kanoon
1404,تجربی,59746,15479,منطقه 1,روانشناسی,دانشگاه الزهرا(س)-تهران(ارومیه),نامشخص,kanoon
1404,تجربی,35308,15480,منطقه 2,پرستاری,دانشگاه علوم پزشکی اراک (محل تحصیل شازند),نامشخص,kanoon
1404,تجربی,51383,15486,منطقه 3,مامایی,دانشکده علوم پزشکی و خدمات بهداشتی درمانی شوشتر,نامشخص,kanoon
1404,تجربی,59803,15493,منطقه 1,پرستاری,دانشگاه علوم پزشکی بم,شهریه پرداز,kanoon
1404,تجربی,35391,15521,منطقه 2,مدیریت صنعتی,دانشگاه علامه طباطبایی - تهران,نامشخص,kanoon
1404,تجربی,51511,15530,منطقه 3,علوم آزمایشگاهی,دانشگاه علوم پزشکی شیراز (محل تحصیل داراب),نامشخص,kanoon
1404,تجربی,35419,15533,منطقه 2,مامایی,دانشگاه علوم پزشکی همدان,روزانه,sajad
1404,تجربی,51668,15587,منطقه 3,علوم آزمایشگاهی,دانشگاه علوم پزشکی ایلام,نامشخص,kanoon
1404,تجربی,60373,15627,منطقه 1,فوریت های پزشکی پیش بیمارستانی,دانشگاه علوم پزشکی البرز - کرج,نامشخص,kanoon
1404,تجربی,51770,15631,منطقه 3,علوم آزمایشگاهی,دانشگاه علوم پزشکی آبادان,نامشخص,kanoon
1404,تجربی,35683,15643,منطقه 2,پرستاری,دانشگاه علوم پزشکی اراک (محل تحصیل شازند),نامشخص,kanoon
1404,تجربی,51876,15663,منطقه 3,مدیریت صنعتی,دانشگاه تهران,نامشخص,kanoon
1404,تجربی,35778,15691,منطقه 2,پرستاری,دانشگاه علوم پزشکی اردبیل,نامشخص,kanoon
1404,تجربی,60673,15694,منطقه 1,کاردانی دامپزشکی,دانشگاه سمنان--نوبت دوم,نامشخص,kanoon
1404,تجربی,51998,15702,منطقه 3,فوریت های پزشکی پیش بیمارستانی,دانشگاه علوم پزشکی کرمانشاه,نامشخص,kanoon
1404,تجربی,35838,15721,منطقه 2,پرستاری,دانشکده علوم پزشکی و خدمات بهداشتی درمانی لارستان,نامشخص,kanoon
1404,تجربی,60809,15724,منطقه 1,مهندسی بهداشت حرفه ای وایمنی کار,دانشگاه علوم پزشکی شهرکرد,نامشخص,kanoon
1404,تجربی,52310,15797,منطقه 3,علوم آزمایشگاهی,دانشکده علوم پزشکی و خدمات بهداشتی درمانی گراش,نامشخص,kanoon
1404,تجربی,61366,15850,منطقه 1,روانشناسی,دانشگاه مراغه,نامشخص,kanoon
1404,تجربی,52484,15860,منطقه 3,مامایی,دانشگاه علوم پزشکی زابل,نامشخص,kanoon
1404,تجربی,36194,15879,منطقه 2,علوم آزمایشگاهی,دانشگاه علوم پزشکی کرمان,نامشخص,kanoon
1404,تجربی,36226,15899,منطقه 2,علوم آزمایشگاهی,دانشگاه علوم پزشکی ارتش جمهوری اسلامی ایران,نامشخص,kanoon
1404,تجربی,52691,15933,منطقه 3,پرستاری,دانشگاه علوم پزشکی قزوین,نامشخص,kanoon
1404,تجربی,52730,15948,منطقه 3,فناوری اطلاعات سلامت,دانشگاه علوم پزشکی کرمانشاه,نامشخص,kanoon
1404,تجربی,36386,15986,منطقه 2,پرستاری,دانشگاه علوم پزشکی سبزوار,نامشخص,kanoon
1404,تجربی,61895,15993,منطقه 1,فناوری اطلاعات سلامت,دانشگاه علوم پزشکی مازندران - ساری (محل تحصیل دانشکده پیراپزشکی آمل),نامشخص,kanoon
1404,تجربی,36481,16028,منطقه 2,پرستاری,دانشکده علوم پزشکی و خدمات بهداشتی درمانی بهبهان,نامشخص,kanoon
1404,تجربی,36550,16057,منطقه 2,علوم آزمایشگاهی,دانشگاه علوم پزشکی قم,نامشخص,kanoon
1404,تجربی,36604,16082,منطقه 2,پرستاری,دانشگاه علوم پزشکی گلستان - گرگان,نامشخص,kanoon
1404,تجربی,62303,16100,منطقه 1,شیمی محض,دانشگاه اصفهان,نامشخص,kanoon
1404,تجربی,62349,16115,منطقه 1,فوریت های پزشکی پیش بیمارستانی,دانشگاه علوم پزشکی کاشان,نامشخص,kanoon
1404,تجربی,53415,16180,منطقه 3,پرستاری,دانشگاه علوم پزشکی بندرعباس,نامشخص,kanoon
1404,تجربی,53415,16180,منطقه 3,زیست شناسی سلولی مولکولی,دانشگاه مازندران - بابلسر--نوبت دوم,نامشخص,kanoon
1404,تجربی,37089,16298,منطقه 2,علوم آزمایشگاهی,دانشگاه غیرانتفاعی علوم پزشکی وارستگان - مشهد,نامشخص,kanoon
1404,تجربی,53899,16352,منطقه 3,هوشبری,دانشگاه علوم پزشکی تربت حیدریه,نامشخص,kanoon
1404,تجربی,63356,16355,منطقه 1,مهندسی گیاه پزشکی,دانشگاه فردوسی - مشهد,نامشخص,kanoon
1404,تجربی,54005,16391,منطقه 3,علوم آزمایشگاهی,دانشگاه علوم پزشکی لرستان - خرم آباد,نامشخص,kanoon
1404,تجربی,63712,16443,منطقه 1,فناوری اطلاعات سلامت,دانشگاه علوم پزشکی کاشان,نامشخص,kanoon
1404,تجربی,37457,16457,منطقه 2,پزشکی,دانشگاه علوم پزشکی کرمان,نامشخص,kanoon
1404,تجربی,37690,16548,منطقه 2,علوم آزمایشگاهی,دانشکده علوم پزشکی و خدمات بهداشتی درمانی مراغه,نامشخص,kanoon
1404,تجربی,38081,16713,منطقه 2,علوم آزمایشگاهی,دانشگاه علوم پزشکی خراسان شمالی - بجنورد,نامشخص,kanoon
1404,تجربی,38208,16770,منطقه 2,هوشبری,دانشگاه علوم پزشکی بیرجند,شهریه پرداز,kanoon
1404,تجربی,38246,16787,منطقه 2,فناوری اطلاعات سلامت,دانشگاه علوم پزشکی ارتش جمهوری اسلامی ایران,نامشخص,kanoon
1404,تجربی,38289,16803,منطقه 2,هوشبری,دانشگاه علوم پزشکی گلستان - گرگان,نامشخص,kanoon
1404,تجربی,55418,16889,منطقه 3,پرستاری,دانشگاه علوم پزشکی ایلام(سلامت دهلران),نامشخص,kanoon
1404,تجربی,55418,16889,منطقه 3,پرستاری,دانشگاه علوم پزشکی بندرعباس,نامشخص,kanoon
1404,تجربی,55504,16920,منطقه 3,بهداشت عمومی,دانشگاه علوم پزشکی ارومیه,نامشخص,kanoon
1404,تجربی,38584,16933,منطقه 2,پرستاری,دانشگاه علوم پزشکی بیرجند (محل تحصیل فردوس),نامشخص,kanoon
1404,تجربی,55554,16939,منطقه 3,بهداشت عمومی,دانشگاه علوم پزشکی کرمانشاه,نامشخص,kanoon
1404,تجربی,55554,16939,منطقه 3,مامایی,دانشگاه علوم پزشکی بندرعباس,شهریه پرداز,kanoon
1404,تجربی,38614,16945,منطقه 2,تکنولوژی اتاق عمل,دانشکده علوم پزشکی و خدمات بهداشتی درمانی شوشتر,نامشخص,kanoon
1404,تجربی,55647,16974,منطقه 3,پرستاری,دانشگاه علوم پزشکی بقیه الله,نامشخص,kanoon
1404,تجربی,38796,17022,منطقه 2,پرستاری,دانشگاه علوم پزشکی شاهرود,نامشخص,kanoon
1404,تجربی,66182,17030,منطقه 1,پرستاری,دانشگاه علوم پزشکی البرز - کرج,شهریه پرداز,kanoon
1404,تجربی,55819,17035,منطقه 3,پزشکی,دانشگاه علوم پزشکی زاهدان,نامشخص,kanoon
1404,تجربی,66327,17065,منطقه 1,حسابداری,دانشگاه ملی مهارت دختران - شیراز,نامشخص,kanoon
1404,تجربی,66419,17092,منطقه 1,مهندسی بهداشت حرفه ای وایمنی کار,دانشگاه علوم پزشکی یاسوج,نامشخص,kanoon
1404,تجربی,56063,17122,منطقه 3,پرستاری,دانشگاه علوم پزشکی زابل,نامشخص,kanoon
1404,تجربی,66761,17163,منطقه 1,حسابداری,دانشگاه ملی مهارت دختران - کرج--نوبت دوم,نامشخص,kanoon
1404,تجربی,39195,17169,منطقه 2,پرستاری,دانشگاه علوم پزشکی سمنان,نامشخص,kanoon
1404,تجربی,39195,17169,منطقه 2,تکنولوژی پرتوشناسی,دانشگاه علوم پزشکی کردستان - سنندج,نامشخص,kanoon
1404,تجربی,39279,17202,منطقه 2,علوم آزمایشگاهی,دانشکده علوم پزشکی و خدمات بهداشتی درمانی مراغه,نامشخص,kanoon
1404,تجربی,39310,17214,منطقه 2,پرستاری,دانشگاه علوم پزشکی همدان,شهریه پرداز,kanoon
1404,تجربی,39310,17214,منطقه 2,میکروبیولوژی,دانشگاه الزهرا(س) - تهران,نامشخص,kanoon
1404,تجربی,67019,17222,منطقه 1,مدیریت امور گمرکی,دانشگاه هرمزگان - بندرعباس,نامشخص,kanoon
1404,تجربی,39345,17230,منطقه 2,پرستاری,دانشگاه علوم پزشکی ایلام,شهریه پرداز,kanoon
1404,تجربی,39345,17230,منطقه 2,مامایی,دانشگاه علوم پزشکی لرستان - خرم آباد,نامشخص,kanoon
1404,تجربی,39410,17257,منطقه 2,پرستاری,دانشگاه علوم پزشکی کرمان (محل تحصیل زرند),نامشخص,kanoon
1404,تجربی,67252,17273,منطقه 1,پرستاری,دانشگاه علوم پزشکی اصفهان,نامشخص,kanoon
1404,تجربی,39658,17373,منطقه 2,بهداشت عمومی,دانشگاه علوم پزشکی شهید بهشتی - تهران,نامشخص,kanoon
1404,تجربی,39658,17373,منطقه 2,تکنولوژی اتاق عمل,دانشگاه علوم پزشکی کردستان - سنندج,نامشخص,kanoon
1404,تجربی,39658,17373,منطقه 2,مامایی,دانشگاه علوم پزشکی اردبیل,نامشخص,kanoon
1404,تجربی,39909,17475,منطقه 2,علوم آزمایشگاهی,دانشگاه علوم پزشکی بابل,نامشخص,kanoon
1404,تجربی,57232,17561,منطقه 3,پزشکی,دانشگاه علوم پزشکی زابل,نامشخص,kanoon
1404,تجربی,57355,17603,منطقه 3,بهداشت عمومی,دانشگاه علوم پزشکی قزوین,نامشخص,kanoon
1404,تجربی,57355,17603,منطقه 3,فوریت های پزشکی پیش بیمارستانی,دانشگاه علوم پزشکی تهران,نامشخص,kanoon
1404,تجربی,57395,17620,منطقه 3,تکنولوژی اتاق عمل,دانشگاه علوم پزشکی سمنان (محل تحصیل سرخه),نامشخص,kanoon
1404,تجربی,57583,17677,منطقه 3,هوشبری,دانشگاه علوم پزشکی فسا,نامشخص,kanoon
1404,تجربی,40390,17679,منطقه 2,علوم آزمایشگاهی,دانشگاه علوم پزشکی مازندران - ساری,نامشخص,kanoon
1404,تجربی,69154,17682,منطقه 1,بهداشت عمومی,دانشگاه علوم پزشکی بوشهر,نامشخص,kanoon
1404,تجربی,57625,17691,منطقه 3,هوشبری,دانشگاه علوم پزشکی بوشهر,نامشخص,kanoon
1404,تجربی,40450,17704,منطقه 2,پرستاری,دانشگاه علوم پزشکی گیلان - رشت,شهریه پرداز,kanoon
1404,تجربی,69356,17717,منطقه 1,زیست شناسی سلولی مولکولی,دانشگاه سمنان,نامشخص,kanoon
1404,تجربی,69583,17773,منطقه 1,روانشناسی,دانشگاه الزهرا(س)-تهران(ارومیه),نامشخص,kanoon
1404,تجربی,69671,17790,منطقه 1,شیمی محض,دانشگاه گیلان - رشت,نامشخص,kanoon
1404,تجربی,70266,17929,منطقه 3,پرستاری,دانشگاه آزاد اسلامی واحد کاشان,آزاد,sajad
1404,تجربی,58312,17958,منطقه 3,پرستاری,دانشگاه علوم پزشکی شیراز (محل تحصیل داراب),نامشخص,kanoon
1404,تجربی,70447,17963,منطقه 1,شیمی کاربردی,دانشگاه کاشان--نوبت دوم,نامشخص,kanoon
1404,تجربی,70754,18029,منطقه 1,گردشگری,دانشگاه اصفهان,نامشخص,kanoon
1404,تجربی,58725,18103,منطقه 3,پرستاری,دانشگاه علوم پزشکی بندرعباس,نامشخص,kanoon
1404,تجربی,58725,18103,منطقه 3,پرستاری,دانشگاه علوم پزشکی شیراز (محل تحصیل استهبان),نامشخص,kanoon
1404,تجربی,41365,18104,منطقه 2,علوم آزمایشگاهی,دانشگاه علوم پزشکی اردبیل,نامشخص,kanoon
1404,تجربی,41365,18104,منطقه 2,مامایی,دانشگاه علوم پزشکی کردستان - سنندج,نامشخص,kanoon
1404,تجربی,59261,18297,منطقه 3,مامایی,دانشگاه آزاد اسلامی واحد تبریز,آزاد تمام‌وقت,sajad
1404,تجربی,71968,18311,منطقه 1,زیست شناسی سلولی مولکولی,دانشگاه اراک,نامشخص,kanoon
1404,تجربی,42052,18397,منطقه 2,تکنولوژی اتاق عمل,دانشگاه علوم پزشکی رفسنجان,نامشخص,kanoon
1404,تجربی,59746,18467,منطقه 3,پرستاری,دانشکده علوم پزشکی و خدمات بهداشتی درمانی شرق استان هرمزگان - میناب,نامشخص,kanoon
1404,تجربی,42436,18547,منطقه 2,پزشکی,دانشگاه علوم پزشکی رفسنجان,نامشخص,kanoon
1404,تجربی,42436,18547,منطقه 2,شیمی کاربردی,دانشگاه بوعلی سینا - همدان,نامشخص,kanoon
1404,تجربی,60092,18578,منطقه 3,مهندسی بهداشت حرفه ای وایمنی کار,دانشگاه علوم پزشکی تبریز,نامشخص,kanoon
1404,تجربی,60136,18592,منطقه 3,مهندسی بهداشت حرفه ای وایمنی کار,دانشگاه علوم پزشکی قم,نامشخص,kanoon
1404,تجربی,60411,18695,منطقه 3,زیست فناوری,دانشگاه الزهرا(س) - تهران--نوبت دوم,نامشخص,kanoon
1404,تجربی,74170,18773,منطقه 1,بهداشت مواد غذایی,دانشگاه تبریز,نامشخص,kanoon
1404,تجربی,74170,18773,منطقه 1,زیست شناسی سلولی مولکولی,دانشگاه پیام نور تهران - تهران شرق,نامشخص,kanoon
1404,تجربی,43137,18839,منطقه 2,پرستاری,دانشکده علوم پزشکی و خدمات بهداشتی درمانی شرق استان هرمزگان - میناب,شهریه پرداز,kanoon
1404,تجربی,60809,18848,منطقه 3,فناوری اطلاعات سلامت,دانشگاه علوم پزشکی اصفهان,نامشخص,kanoon
1404,تجربی,74528,18859,منطقه 1,مددکاری اجتماعی,دانشگاه علامه طباطبایی - تهران,نامشخص,kanoon
1404,تجربی,43209,18868,منطقه 2,بهداشت عمومی,دانشگاه علوم پزشکی کاشان,نامشخص,kanoon
1404,تجربی,43249,18886,منطقه 2,پرستاری,دانشگاه علوم پزشکی آبادان,نامشخص,kanoon
1404,تجربی,43249,18886,منطقه 2,پرستاری,دانشگاه علوم پزشکی دزفول,نامشخص,kanoon
1404,تجربی,61104,18962,منطقه 3,پرستاری,دانشگاه علوم پزشکی آبادان,نامشخص,kanoon
1404,تجربی,61104,18962,منطقه 3,زیست شناسی جانوری,دانشگاه تهران,نامشخص,kanoon
1404,تجربی,75049,18968,منطقه 1,زیست شناسی سلولی مولکولی,دانشگاه خلیج فارس - بوشهر,نامشخص,kanoon
1404,تجربی,43527,19000,منطقه 2,پرستاری,دانشگاه علوم پزشکی جهرم,نامشخص,kanoon
1404,تجربی,43527,19000,منطقه 2,هوشبری,دانشگاه علوم پزشکی قم,نامشخص,kanoon
1404,تجربی,43605,19029,منطقه 2,پرستاری,دانشگاه علوم پزشکی سبزوار (محل تحصیل جوین),نامشخص,kanoon
1404,تجربی,43751,19089,منطقه 2,پرستاری,دانشگاه علوم پزشکی مازندران - ساری (محل تحصیل بهشهر),نامشخص,kanoon
1404,تجربی,43789,19103,منطقه 2,پزشکی,دانشگاه علوم پزشکی زاهدان,نامشخص,kanoon
1404,تجربی,61456,19108,منطقه 3,بهداشت عمومی,دانشکده علوم پزشکی و خدمات بهداشتی درمانی سراب,نامشخص,kanoon
1404,تجربی,44035,19193,منطقه 2,پرستاری,دانشگاه علوم پزشکی اردبیل(محل تحصیل مغان),نامشخص,kanoon
1404,تجربی,61726,19200,منطقه 3,علوم آزمایشگاهی,دانشکده علوم پزشکی و خدمات بهداشتی درمانی سیرجان,نامشخص,kanoon
1404,تجربی,61777,19218,منطقه 3,بهداشت عمومی,دانشکده علوم پزشکی و خدمات بهداشتی درمانی سراب,نامشخص,kanoon
1404,تجربی,44112,19223,منطقه 2,هوشبری,دانشگاه علوم پزشکی کردستان - سنندج,نامشخص,kanoon
1404,تجربی,44176,19252,منطقه 2,پرستاری,دانشگاه علوم پزشکی اردبیل(محل تحصیل مغان),نامشخص,kanoon
1404,تجربی,44366,19332,منطقه 2,علوم آزمایشگاهی,دانشگاه علوم پزشکی سبزوار,شهریه پرداز,kanoon
1404,تجربی,44432,19362,منطقه 2,اتاق عمل,دانشکده علوم پزشکی شوشتر,پردیس,sajad
1404,تجربی,44432,19362,منطقه 2,علوم تغذیه,دانشگاه آزاد اسلامی واحد مرند,آزاد,sajad
1404,تجربی,76986,19380,منطقه 1,مدیریت خدمات بهداشتی درمانی,دانشگاه علوم پزشکی قزوین,شهریه پرداز,kanoon
1404,تجربی,62393,19422,منطقه 3,پرستاری,دانشگاه آزاد اسلامی واحد اهواز,آزاد,sajad
1404,تجربی,44672,19461,منطقه 2,پرستاری,دانشگاه علوم پزشکی کردستان-سنندج (سقز),نامشخص,kanoon
1404,تجربی,77461,19474,منطقه 1,مهندسی گیاه پزشکی,دانشگاه تهران -محل تحصیل پردیس کشاوری کرج,نامشخص,kanoon
1404,تجربی,62579,19495,منطقه 3,بهداشت عمومی,دانشگاه علوم پزشکی ارومیه (مهاباد),نامشخص,kanoon
1404,تجربی,62579,19495,منطقه 3,پرستاری,دانشگاه علوم پزشکی شیراز (محل تحصیل استهبان),نامشخص,kanoon
1404,تجربی,62579,19495,منطقه 3,مهندسی بهداشت حرفه ای وایمنی کار,دانشگاه علوم پزشکی گلستان - گرگان,نامشخص,kanoon
1404,تجربی,62629,19513,منطقه 3,بهداشت عمومی,دانشگاه علوم پزشکی اراک,نامشخص,kanoon
1404,تجربی,62679,19528,منطقه 3,بهداشت عمومی,دانشگاه علوم پزشکی بابل (محل تحصیل رامسر),نامشخص,kanoon
1404,تجربی,44885,19554,منطقه 2,هوشبری,دانشگاه علوم پزشکی جندی شاپور اهواز,نامشخص,kanoon
1404,تجربی,45033,19626,منطقه 2,روانشناسی,دانشگاه زنجان,نامشخص,kanoon
1404,تجربی,63173,19706,منطقه 3,پرستاری,دانشکده علوم پزشکی و خدمات بهداشتی درمانی خلخال,نامشخص,kanoon
1404,تجربی,45289,19722,منطقه 2,پرستاری,دانشگاه آزاد اسلامی واحد ارومیه,آزاد تمام‌وقت,sajad
1404,تجربی,45289,19722,منطقه 2,پرستاری,دانشگاه علوم پزشکی هرمزگان - محل بندرلنگه,روزانه,sajad
1404,تجربی,45289,19722,منطقه 2,پزشکی,دانشگاه علوم پزشکی زابل,تعهدی,sajad
1404,تجربی,45589,19859,منطقه 2,تکنولوژی اتاق عمل,دانشگاه علوم پزشکی اردبیل,نامشخص,kanoon
1404,تجربی,79599,19941,منطقه 1,علوم آزمایشگاهی دامپزشکی,دانشگاه بوعلی سینا - همدان,نامشخص,kanoon
1404,تجربی,45873,19975,منطقه 2,بهداشت عمومی,دانشگاه علوم پزشکی جندی شاپور اهواز,نامشخص,kanoon
1404,تجربی,64161,20050,منطقه 3,پرستاری,دانشگاه علوم پزشکی بندرعباس,شهریه پرداز,kanoon
1404,تجربی,46144,20081,منطقه 2,پرستاری,دانشگاه علوم پزشکی خراسان شمالی-بجنورد(پرستاری شیروان),نامشخص,kanoon
1404,تجربی,64304,20103,منطقه 3,پرستاری,دانشگاه علوم پزشکی بندرعباس,نامشخص,kanoon
1404,تجربی,64410,20145,منطقه 3,بهداشت عمومی,دانشگاه علوم پزشکی ایلام,نامشخص,kanoon
1404,تجربی,64505,20182,منطقه 3,فوریت های پزشکی پیش بیمارستانی,دانشگاه علوم پزشکی جندی شاپور اهواز,نامشخص,kanoon
1404,تجربی,80858,20201,منطقه 1,حسابداری,دانشگاه یزد(محل تحصیل مهریز),نامشخص,kanoon
1404,تجربی,80858,20201,منطقه 1,شیمی کاربردی,دانشگاه یزد,نامشخص,kanoon
1404,تجربی,46463,20215,منطقه 2,علوم آزمایشگاهی,دانشگاه علوم پزشکی اراک,نامشخص,kanoon
1404,تجربی,81029,20242,منطقه 1,فوریت های پزشکی پیش بیمارستانی,دانشگاه علوم پزشکی البرز - کرج,شهریه پرداز,kanoon
1404,تجربی,46662,20295,منطقه 2,علوم آزمایشگاهی,دانشگاه علوم پزشکی مشهد (محل تحصیل کاشمر),نامشخص,kanoon
1404,تجربی,64871,20302,منطقه 3,بهداشت عمومی,دانشکده علوم پزشکی و خدمات بهداشتی درمانی لارستان (اوز),نامشخص,kanoon
1404,تجربی,81556,20346,منطقه 1,زیست شناسی سلولی مولکولی,دانشگاه پیام نور تهران - تهران شرق,نامشخص,kanoon
1404,تجربی,46908,20398,منطقه 2,علوم آزمایشگاهی,دانشگاه علوم پزشکی اردبیل,نامشخص,kanoon
1404,تجربی,46908,20398,منطقه 2,علوم تغذیه,دانشگاه آزاد اسلامی واحد قوچان,آزاد,sajad
1404,تجربی,65383,20478,منطقه 3,فوریت های پزشکی پیش بیمارستانی,دانشگاه علوم پزشکی گیلان - رشت,نامشخص,kanoon
1404,تجربی,47176,20519,منطقه 2,هوشبری,دانشگاه علوم پزشکی اردبیل,نامشخص,kanoon
1404,تجربی,65614,20557,منطقه 3,مهندسی گیاه پزشکی,دانشگاه شیراز,نامشخص,kanoon
1404,تجربی,65660,20574,منطقه 3,گردشگری,دانشگاه علامه طباطبایی - تهران,نامشخص,kanoon
1404,تجربی,47379,20617,منطقه 2,پرستاری,دانشگاه علوم پزشکی خراسان شمالی-بجنورد(پرستاری شیروان),نامشخص,kanoon
1404,تجربی,47379,20617,منطقه 2,مامایی,دانشگاه علوم پزشکی رفسنجان,نامشخص,kanoon
1404,تجربی,47424,20633,منطقه 2,بهداشت عمومی,دانشگاه علوم پزشکی کردستان - سنندج,نامشخص,kanoon
1404,تجربی,47494,20657,منطقه 2,هوشبری,دانشگاه علوم پزشکی اردبیل,نامشخص,kanoon
1404,تجربی,65975,20684,منطقه 3,پرستاری,دانشکده علوم پزشکی و خدمات بهداشتی درمانی شوشتر,نامشخص,kanoon
1404,تجربی,66131,20741,منطقه 3,شیمی کاربردی,دانشگاه اصفهان,نامشخص,kanoon
1404,تجربی,47765,20778,منطقه 2,بهداشت عمومی,دانشگاه علوم پزشکی اصفهان,نامشخص,kanoon
1404,تجربی,47765,20778,منطقه 2,پرستاری,دانشگاه علوم پزشکی اراک (محل تحصیل شازند),نامشخص,kanoon
1404,تجربی,66327,20810,منطقه 3,فوریت های پزشکی پیش بیمارستانی,دانشگاه علوم پزشکی ارومیه (محل تحصیل بوکان),نامشخص,kanoon
1404,تجربی,66519,20880,منطقه 3,بهداشت عمومی,دانشگاه علوم پزشکی زنجان,نامشخص,kanoon
1404,تجربی,48138,20928,منطقه 2,هوشبری,دانشگاه علوم پزشکی بابل,نامشخص,kanoon
1404,تجربی,67072,21083,منطقه 3,تکنولوژی پرتوشناسی,دانشگاه علوم پزشکی ایرانشهر,نامشخص,kanoon
1404,تجربی,48827,21246,منطقه 2,علوم آزمایشگاهی,دانشگاه علوم پزشکی مشهد (محل تحصیل کاشمر),نامشخص,kanoon
1404,تجربی,48883,21269,منطقه 2,پرستاری,دانشگاه علوم پزشکی آبادان,نامشخص,kanoon
1404,تجربی,48951,21297,منطقه 2,پزشکی,دانشگاه علوم پزشکی کرمان,تعهدی,sajad
1404,تجربی,49120,21365,منطقه 2,پرستاری,دانشگاه علوم پزشکی لرستان - خرم آباد (محل تحصیل الیگودرز),شهریه پرداز,kanoon
1404,تجربی,49156,21375,منطقه 2,علوم آزمایشگاهی,دانشگاه علوم پزشکی اراک,نامشخص,kanoon
1404,تجربی,67848,21387,منطقه 3,پرستاری,دانشگاه علوم پزشکی بقیه الله,نامشخص,kanoon
1404,تجربی,67848,21387,منطقه 3,زیست شناسی جانوری,دانشگاه تبریز--نوبت دوم,نامشخص,kanoon
1404,تجربی,49191,21388,منطقه 2,شیمی کاربردی,دانشگاه تبریز,نامشخص,kanoon
1404,تجربی,86534,21395,منطقه 1,روانشناسی,دانشگاه سیستان و بلوچستان - زاهدان,نامشخص,kanoon
1404,تجربی,49230,21403,منطقه 2,علوم آزمایشگاهی,دانشگاه علوم پزشکی گلستان - گرگان,نامشخص,kanoon
1404,تجربی,67903,21409,منطقه 3,بهداشت عمومی,دانشگاه علوم پزشکی ایلام,نامشخص,kanoon
1404,تجربی,68056,21469,منطقه 3,فوریت های پزشکی پیش بیمارستانی,دانشگاه علوم پزشکی مشهد,نامشخص,kanoon
1404,تجربی,68108,21491,منطقه 3,بهداشت عمومی,دانشکده علوم پزشکی و خدمات بهداشتی درمانی خلخال,نامشخص,kanoon
1404,تجربی,49457,21495,منطقه 2,پرستاری,دانشگاه علوم پزشکی گیلان - رشت (دانشکده پرستاری و مامایی لنگرود),نامشخص,kanoon
1404,تجربی,49457,21495,منطقه 2,علوم آزمایشگاهی,دانشگاه علوم پزشکی اراک,نامشخص,kanoon
1404,تجربی,49534,21532,منطقه 2,بهداشت عمومی,دانشگاه علوم پزشکی کرمانشاه,نامشخص,kanoon
1404,تجربی,49598,21558,منطقه 2,پرستاری,دانشگاه علوم پزشکی آبادان,نامشخص,kanoon
1404,تجربی,68427,21615,منطقه 3,پرستاری,دانشگاه علوم پزشکی بقیه اله(بیمارستان امام حسین),نامشخص,kanoon
1404,تجربی,49857,21665,منطقه 2,تکنولوژی پرتوشناسی,دانشگاه علوم پزشکی زاهدان,نامشخص,kanoon
1404,تجربی,49939,21697,منطقه 2,زیست شناسی سلولی مولکولی,دانشگاه شاهد - تهران,نامشخص,kanoon
1404,تجربی,88455,21821,منطقه 1,شیمی کاربردی,دانشگاه سمنان,نامشخص,kanoon
1404,تجربی,50334,21877,منطقه 2,پرستاری,دانشگاه علوم پزشکی شاهرود,نامشخص,kanoon
1404,تجربی,50489,21939,منطقه 2,پرستاری,دانشکده علوم پزشکی و خدمات بهداشتی درمانی تربت جام,نامشخص,kanoon
1404,تجربی,69307,21944,منطقه 3,مهندسی بهداشت محیط,دانشگاه علوم پزشکی شهید بهشتی - تهران,شهریه پرداز,kanoon
1404,تجربی,89163,21968,منطقه 1,علوم آزمایشگاهی دامپزشکی,دانشگاه لرستان - خرم آباد,نامشخص,kanoon
1404,تجربی,51307,22294,منطقه 2,بهداشت عمومی,دانشگاه علوم پزشکی قم,نامشخص,kanoon
1404,تجربی,51307,22294,منطقه 2,زیست شناسی سلولی مولکولی,دانشگاه مازندران - بابلسر,نامشخص,kanoon
1404,تجربی,91058,22351,منطقه 1,حسابداری,دانشگاه غیرانتفاعی آل طه - تهران (ویژه خواهران),نامشخص,kanoon
1404,تجربی,51511,22384,منطقه 2,علوم آزمایشگاهی,دانشکده علوم پزشکی و خدمات بهداشتی درمانی سیرجان,نامشخص,kanoon
1404,تجربی,51511,22384,منطقه 2,هوشبری,دانشگاه علوم پزشکی زاهدان,نامشخص,kanoon
1404,تجربی,91277,22396,منطقه 1,زیست فناوری,دانشگاه غیرانتفاعی آل طه - تهران (ویژه خواهران),نامشخص,kanoon
1404,تجربی,51555,22405,منطقه 2,فناوری اطلاعات سلامت,دانشگاه علوم پزشکی لرستان - خرم آباد,نامشخص,kanoon
1404,تجربی,70645,22441,منطقه 3,مهندسی بهداشت حرفه ای وایمنی کار,دانشگاه علوم پزشکی همدان,نامشخص,kanoon
1404,تجربی,70803,22493,منطقه 3,بهداشت عمومی,دانشکده علوم پزشکی و خدمات بهداشتی درمانی تربت جام,نامشخص,kanoon
1404,تجربی,51955,22567,منطقه 2,پرستاری,دانشگاه علوم پزشکی اردبیل(محل تحصیل مغان),نامشخص,kanoon
1404,تجربی,92098,22576,منطقه 1,زیست شناسی گیاهی,دانشگاه اصفهان,نامشخص,kanoon
1404,تجربی,71319,22684,منطقه 3,مهندسی بهداشت حرفه ای وایمنی کار,دانشگاه علوم پزشکی یزد (محل تحصیل ابرکوه),نامشخص,kanoon
1404,تجربی,52249,22696,منطقه 2,پرستاری,دانشگاه علوم پزشکی دزفول,نامشخص,kanoon
1404,تجربی,52765,22907,منطقه 2,مامایی,دانشگاه علوم پزشکی زاهدان,شهریه پرداز,kanoon
1404,تجربی,72017,22941,منطقه 3,بهداشت عمومی,دانشکده علوم پزشکی و خدمات بهداشتی درمانی اسفراین,نامشخص,kanoon
1404,تجربی,72064,22959,منطقه 3,زیست شناسی سلولی مولکولی,دانشگاه غیرانتفاعی کاویان - مشهد,نامشخص,kanoon
1404,تجربی,94019,22970,منطقه 1,زیست شناسی سلولی مولکولی,دانشگاه پیام نور تهران - تهران شرق,نامشخص,kanoon
1404,تجربی,53078,23037,منطقه 2,مهندسی بهداشت حرفه ای وایمنی کار,دانشگاه علوم پزشکی کاشان,نامشخص,kanoon
1404,تجربی,72404,23094,منطقه 3,پرستاری,دانشگاه آزاد اسلامی واحد کازرون,آزاد,sajad
1404,تجربی,94569,23095,منطقه 1,فوریت های پزشکی پیش بیمارستانی,دانشگاه علوم پزشکی البرز - کرج,نامشخص,kanoon
1404,تجربی,53282,23114,منطقه 2,مهندسی بهداشت محیط,دانشگاه علوم پزشکی قم,نامشخص,kanoon
1404,تجربی,53415,23167,منطقه 2,پرستاری,دانشکده علوم پزشکی و خدمات بهداشتی درمانی اسفراین,شهریه پرداز,kanoon
1404,تجربی,53415,23167,منطقه 2,زیست شناسی سلولی مولکولی,دانشگاه یزد,نامشخص,kanoon
1404,تجربی,95185,23221,منطقه 1,شیمی کاربردی,دانشگاه ملایر,نامشخص,kanoon
1404,تجربی,72886,23268,منطقه 3,بهداشت عمومی,دانشگاه علوم پزشکی بم,نامشخص,kanoon
1404,تجربی,53675,23271,منطقه 2,بهداشت عمومی,دانشگاه علوم پزشکی یزد,نامشخص,kanoon
1404,تجربی,73100,23342,منطقه 3,بهداشت عمومی,دانشگاه علوم پزشکی فسا,نامشخص,kanoon
1404,تجربی,73266,23397,منطقه 3,فوریت های پزشکی پیش بیمارستانی,دانشگاه علوم پزشکی بیرجند,نامشخص,kanoon
1404,تجربی,54247,23505,منطقه 2,علوم آزمایشگاهی,دانشگاه علوم پزشکی اردبیل,نامشخص,kanoon
1404,تجربی,73556,23505,منطقه 3,زیست فناوری,دانشگاه تخصصی فناوریهای نوین آمل,نامشخص,kanoon
1404,تجربی,54396,23572,منطقه 2,بهداشت عمومی,دانشگاه علوم پزشکی اراک,نامشخص,kanoon
1404,تجربی,73920,23653,منطقه 3,مهندسی بهداشت حرفه ای وایمنی کار,دانشگاه علوم پزشکی زنجان,نامشخص,kanoon
1404,تجربی,73966,23672,منطقه 3,روانشناسی,دانشگاه غیرانتفاعی خاتم - تهران,نامشخص,kanoon
1404,تجربی,54634,23681,منطقه 2,روانشناسی,دانشگاه محقق اردبیلی - اردبیل,نامشخص,kanoon
1404,تجربی,98068,23793,منطقه 1,فناوری اطلاعات سلامت,دانشگاه غیرانتفاعی علوم پزشکی وارستگان - مشهد,نامشخص,kanoon
1404,تجربی,55108,23864,منطقه 2,بهداشت عمومی,دانشکده علوم پزشکی و خدمات بهداشتی درمانی ساوه,نامشخص,kanoon
1404,تجربی,55188,23903,منطقه 2,علوم آزمایشگاهی,دانشکده علوم پزشکی و خدمات بهداشتی درمانی سیرجان,نامشخص,kanoon
1404,تجربی,99113,24013,منطقه 1,مدیریت صنعتی,دانشگاه گیلان - رشت,نامشخص,kanoon
1404,تجربی,55504,24033,منطقه 2,مامایی,دانشگاه علوم پزشکی بندرعباس,نامشخص,kanoon
1404,تجربی,74992,24039,منطقه 3,پرستاری,دانشگاه علوم پزشکی بم,نامشخص,kanoon
1404,تجربی,55554,24052,منطقه 2,پرستاری,دانشگاه علوم پزشکی کرمان (محل تحصیل زرند),نامشخص,kanoon
1404,تجربی,99779,24137,منطقه 1,زیست شناسی جانوری,دانشگاه مازندران - بابلسر,نامشخص,kanoon
1404,تجربی,75411,24196,منطقه 3,فوریت های پزشکی پیش بیمارستانی,دانشگاه علوم پزشکی ایلام,نامشخص,kanoon
1404,تجربی,56180,24324,منطقه 2,پرستاری,دانشگاه علوم پزشکی لرستان- خرم آباد(پرستاری پلدختر),نامشخص,kanoon
1404,تجربی,56309,24379,منطقه 2,شیمی کاربردی,دانشگاه اراک,نامشخص,kanoon
1404,تجربی,56402,24419,منطقه 2,بهداشت عمومی,دانشگاه علوم پزشکی شهرکرد,نامشخص,kanoon
1404,تجربی,56659,24517,منطقه 2,تکنولوژی اتاق عمل,دانشگاه علوم پزشکی اراک( دانشکده علوم پزشکی و خدمات بهداشتی درمانی خمین),نامشخص,kanoon
1404,تجربی,56815,24576,منطقه 2,زیست شناسی جانوری,دانشگاه گیلان - رشت,نامشخص,kanoon
1404,تجربی,56909,24606,منطقه 2,زیست شناسی سلولی مولکولی,دانشگاه تخصصی فناوریهای نوین آمل,نامشخص,kanoon
1404,تجربی,102240,24658,منطقه 1,شیمی کاربردی,دانشگاه یاسوج (محل تحصیل گچساران),نامشخص,kanoon
1404,تجربی,57192,24716,منطقه 2,بهداشت عمومی,دانشگاه علوم پزشکی اردبیل,نامشخص,kanoon
1404,تجربی,76767,24721,منطقه 3,فوریت های پزشکی پیش بیمارستانی,دانشگاه علوم پزشکی تبریز,نامشخص,kanoon
1404,تجربی,57561,24917,منطقه 2,بهداشت عمومی,دانشگاه علوم پزشکی گیلان - رشت,شهریه پرداز,kanoon
1404,تجربی,57881,25002,منطقه 2,علوم آزمایشگاهی,دانشگاه علوم پزشکی بوشهر,نامشخص,kanoon
1404,تجربی,77569,25036,منطقه 3,مهندسی بهداشت حرفه ای وایمنی کار,دانشگاه علوم پزشکی ایلام,نامشخص,kanoon
1404,تجربی,58049,25059,منطقه 2,حسابداری,دانشگاه مازندران - بابلسر,نامشخص,kanoon
1404,تجربی,104470,25110,منطقه 1,علوم آزمایشگاهی دامپزشکی,دانشگاه تخصصی فناوریهای نوین آمل,نامشخص,kanoon
1404,تجربی,58231,25129,منطقه 2,زیست شناسی گیاهی,دانشگاه تهران,نامشخص,kanoon
1404,تجربی,77903,25153,منطقه 3,مددکاری اجتماعی ویژه وزارت بهداشت,دانشگاه علوم پزشکی گلستان - گرگان,نامشخص,kanoon
1404,تجربی,104743,25160,منطقه 1,مهندسی گیاه پزشکی,دانشگاه فردوسی - مشهد,نامشخص,kanoon
1404,تجربی,58312,25168,منطقه 2,فوریت های پزشکی پیش بیمارستانی,دانشگاه علوم پزشکی البرز - کرج,نامشخص,kanoon
1404,تجربی,77964,25178,منطقه 3,مددکاری اجتماعی ویژه وزارت بهداشت,دانشگاه علوم پزشکی گلستان - گرگان,نامشخص,kanoon
1404,تجربی,78302,25313,منطقه 3,شیمی محض,دانشگاه الزهرا(س) - تهران--نوبت دوم,نامشخص,kanoon
1404,تجربی,58648,25326,منطقه 2,پرستاری,دانشگاه علوم پزشکی زابل,نامشخص,kanoon
1404,تجربی,105825,25369,منطقه 1,مدیریت خدمات بهداشتی درمانی,دانشگاه غیرانتفاعی علوم پزشکی وارستگان - مشهد,نامشخص,kanoon
1404,تجربی,78559,25408,منطقه 3,فناوری اطلاعات سلامت,دانشگاه علوم پزشکی آبادان,نامشخص,kanoon
1404,تجربی,78936,25565,منطقه 3,مهندسی بهداشت حرفه ای وایمنی کار,دانشکده علوم پزشکی و خدمات بهداشتی درمانی شوشتر,نامشخص,kanoon
1404,تجربی,59335,25621,منطقه 2,مدیریت بازرگانی,دانشگاه شیراز,نامشخص,kanoon
1404,تجربی,79321,25708,منطقه 3,مهندسی بهداشت محیط,دانشگاه علوم پزشکی ارومیه,نامشخص,kanoon
1404,تجربی,79376,25726,منطقه 3,اقتصاد,دانشگاه علامه طباطبایی - تهران,نامشخص,kanoon
1404,تجربی,59622,25747,منطقه 2,اقتصاد,دانشگاه محقق اردبیلی - اردبیل,نامشخص,kanoon
1404,تجربی,79483,25757,منطقه 3,فوریت های پزشکی پیش بیمارستانی,دانشگاه علوم پزشکی کردستان - سنندج,نامشخص,kanoon
1404,تجربی,79538,25782,منطقه 3,پرستاری,دانشگاه علوم پزشکی زابل,نامشخص,kanoon
1404,تجربی,79599,25804,منطقه 3,شیمی کاربردی,دانشگاه شهرکرد,نامشخص,kanoon
1404,تجربی,59891,25857,منطقه 2,بهداشت عمومی,دانشگاه علوم پزشکی گلستان - گرگان,نامشخص,kanoon
1404,تجربی,60092,25949,منطقه 2,مهندسی بهداشت حرفه ای وایمنی کار,دانشگاه علوم پزشکی تربت حیدریه,نامشخص,kanoon
1404,تجربی,80131,25997,منطقه 3,فوریت های پزشکی پیش بیمارستانی,دانشگاه علوم پزشکی شهید بهشتی - تهران,نامشخص,kanoon
1404,تجربی,60373,26066,منطقه 2,روانشناسی,دانشگاه محقق اردبیلی - اردبیل,نامشخص,kanoon
1404,تجربی,60760,26216,منطقه 2,بهداشت عمومی,دانشکده علوم پزشکی و خدمات بهداشتی درمانی خلخال,نامشخص,kanoon
1404,تجربی,80748,26236,منطقه 3,فوریت های پزشکی پیش بیمارستانی,دانشگاه علوم پزشکی ارومیه (محل تحصیل میاندواب),نامشخص,kanoon
1404,تجربی,61412,26464,منطقه 2,علوم آزمایشگاهی,دانشگاه علوم پزشکی سمنان,نامشخص,kanoon
1404,تجربی,61500,26492,منطقه 2,روانشناسی,مرکز آموزش عالی اقلید,نامشخص,kanoon
1404,تجربی,81615,26553,منطقه 3,بهداشت عمومی,دانشگاه علوم پزشکی زاهدان,نامشخص,kanoon
1404,تجربی,61726,26576,منطقه 2,پزشکی,دانشگاه علوم پزشکی ایرانشهر,نامشخص,kanoon
1404,تجربی,81785,26603,منطقه 3,مهندسی بهداشت محیط,دانشگاه علوم پزشکی قم,نامشخص,kanoon
1404,تجربی,81842,26623,منطقه 3,بهداشت عمومی,دانشکده علوم پزشکی و خدمات بهداشتی درمانی چابهار,نامشخص,kanoon
1404,تجربی,61938,26660,منطقه 2,پرستاری,دانشگاه آزاد اسلامی واحد خرم آباد,آزاد,sajad
1404,تجربی,61938,26660,منطقه 2,روانشناسی,دانشگاه علوم پزشکی لرستان - خرم‌آباد,روزانه,sajad
1404,تجربی,112586,26679,منطقه 1,فوریت های پزشکی پیش بیمارستانی,دانشگاه علوم پزشکی کرمان,نامشخص,kanoon
1404,تجربی,82020,26692,منطقه 3,زیست شناسی جانوری,دانشگاه مازندران - بابلسر,نامشخص,kanoon
1404,تجربی,112840,26738,منطقه 1,مدیریت صنعتی,دانشگاه قم,نامشخص,kanoon
1404,تجربی,82245,26776,منطقه 3,پرستاری,دانشگاه علوم پزشکی بوشهر,نامشخص,kanoon
1404,تجربی,82302,26798,منطقه 3,مهندسی بهداشت محیط,دانشکده علوم پزشکی و خدمات بهداشتی درمانی لارستان (اوز),نامشخص,kanoon
1404,تجربی,82360,26817,منطقه 3,فوریت های پزشکی پیش بیمارستانی,دانشگاه علوم پزشکی ارومیه (محل تحصیل بوکان),نامشخص,kanoon
1404,تجربی,82717,26953,منطقه 3,فوریت های پزشکی پیش بیمارستانی,دانشگاه علوم پزشکی ارومیه (محل تحصیل بوکان),نامشخص,kanoon
1404,تجربی,113958,26983,منطقه 1,مدیریت صنعتی,دانشگاه صنعتی شاهرود,نامشخص,kanoon
1404,تجربی,114159,27019,منطقه 1,علم اطلاعات ودانش شناسی,دانشگاه الزهرا(س) - تهران--نوبت دوم,نامشخص,kanoon
1404,تجربی,62863,27031,منطقه 2,زیست شناسی سلولی مولکولی,دانشگاه شهید مدنی آذربایجان - تبریز,نامشخص,kanoon
1404,تجربی,62999,27085,منطقه 2,زیست شناسی گیاهی,دانشگاه شهید بهشتی - تهران,نامشخص,kanoon
1404,تجربی,116307,27465,منطقه 1,گردشگری,دانشگاه هنر اصفهان,نامشخص,kanoon
1404,تجربی,84475,27647,منطقه 3,زیست فناوری,دانشگاه تخصصی فناوریهای نوین آمل,نامشخص,kanoon
1404,تجربی,84581,27691,منطقه 3,پرستاری,دانشگاه آزاد اسلامی واحد فیروز آباد,آزاد,sajad
1404,تجربی,84581,27691,منطقه 3,فوریت‌های پزشکی,دانشگاه علوم پزشکی بوشهر,روزانه,sajad
1404,تجربی,64505,27703,منطقه 2,مهندسی بهداشت حرفه ای وایمنی کار,دانشگاه علوم پزشکی همدان,نامشخص,kanoon
1404,تجربی,117644,27707,منطقه 1,شیمی کاربردی,دانشگاه یاسوج (محل تحصیل گچساران),نامشخص,kanoon
1404,تجربی,84815,27780,منطقه 3,فوریت های پزشکی پیش بیمارستانی,دانشگاه علوم پزشکی ارومیه,نامشخص,kanoon
1404,تجربی,85361,27997,منطقه 3,اقتصاد,دانشگاه الزهرا(س) - تهران,نامشخص,kanoon
1404,تجربی,65251,28010,منطقه 2,هوشبری,دانشکده علوم پزشکی ساوه,روزانه,sajad
1404,تجربی,85621,28087,منطقه 3,کتابداری واطلاع رسانی پزشکی,دانشگاه علوم پزشکی ایران,نامشخص,kanoon
1404,تجربی,119924,28168,منطقه 1,مدیریت صنعتی,دانشگاه صنعتی شاهرود,نامشخص,kanoon
1404,تجربی,65707,28213,منطقه 2,فوریت های پزشکی پیش بیمارستانی,دانشگاه علوم پزشکی قم,نامشخص,kanoon
1404,تجربی,65917,28293,منطقه 2,زیست شناسی سلولی مولکولی,دانشگاه کردستان - سنندج,نامشخص,kanoon
1404,تجربی,86228,28328,منطقه 3,مهندسی بهداشت حرفه ای وایمنی کار,دانشگاه علوم پزشکی اراک,نامشخص,kanoon
1404,تجربی,86282,28349,منطقه 3,مهندسی بهداشت محیط,دانشگاه علوم پزشکی البرز - کرج,نامشخص,kanoon
1404,تجربی,66327,28453,منطقه 2,پزشکی,دانشگاه آزاد اسلامی-واحدنجف آباد,آزاد,kanoon
1404,تجربی,86718,28528,منطقه 3,فوریت های پزشکی پیش بیمارستانی,دانشکده علوم پزشکی و خدمات بهداشتی درمانی سیرجان,نامشخص,kanoon
1404,تجربی,86893,28595,منطقه 3,اقتصاد,دانشگاه علامه طباطبایی - تهران--نوبت دوم,نامشخص,kanoon
1404,تجربی,66712,28605,منطقه 2,مهندسی بهداشت حرفه ای وایمنی کار,دانشگاه علوم پزشکی زنجان,نامشخص,kanoon
1404,تجربی,67437,28888,منطقه 2,فوریت های پزشکی پیش بیمارستانی,دانشگاه علوم پزشکی کرمان,نامشخص,kanoon
1404,تجربی,123965,28916,منطقه 1,حسابداری,دانشگاه بزگمهر قاینات,نامشخص,kanoon
1404,تجربی,124395,28994,منطقه 1,مدیریت کسب و کار,دانشگاه غیرانتفاعی ارشاد (محل تحصیل واحد تهران),نامشخص,kanoon
1404,تجربی,124614,29042,منطقه 1,بهداشت مواد غذایی,دانشگاه اردکان,نامشخص,kanoon
1404,تجربی,68108,29159,منطقه 2,بهداشت عمومی,دانشگاه علوم پزشکی کردستان - سنندج,شهریه پرداز,kanoon
1404,تجربی,68520,29325,منطقه 2,شیمی کاربردی,دانشگاه مازندران - بابلسر,نامشخص,kanoon
1404,تجربی,68674,29397,منطقه 2,فناوری اطلاعات سلامت,دانشگاه علوم پزشکی اردبیل,نامشخص,kanoon
1404,تجربی,127302,29552,منطقه 1,مهندسی اقتصاد کشاورزی,دانشگاه شیراز,نامشخص,kanoon
1404,تجربی,69205,29619,منطقه 2,روانشناسی,دانشکده علوم انسانی حضرت معصومه_قم(ویژه خواهران),نامشخص,kanoon
1404,تجربی,69205,29619,منطقه 2,فوریت های پزشکی پیش بیمارستانی,دانشگاه علوم پزشکی لرستان - خرم آباد,نامشخص,kanoon
1404,تجربی,127893,29651,منطقه 1,فوریت های پزشکی پیش بیمارستانی,دانشگاه علوم پزشکی بندرعباس,شهریه پرداز,kanoon
1404,تجربی,69583,29766,منطقه 2,مامایی,دانشگاه علوم پزشکی بندرعباس,نامشخص,kanoon
1404,تجربی,69671,29805,منطقه 2,بهداشت عمومی,دانشکده علوم پزشکی و خدمات بهداشتی درمانی خلخال,نامشخص,kanoon
1404,تجربی,90165,29852,منطقه 3,علوم آزمایشگاهی,دانشگاه علوم پزشکی زاهدان,نامشخص,kanoon
1404,تجربی,90267,29900,منطقه 3,مدیریت صنعتی,دانشگاه خلیج فارس - بوشهر,نامشخص,kanoon
1404,تجربی,90328,29927,منطقه 3,فناوری اطلاعات سلامت,دانشگاه علوم پزشکی سمنان (محل تحصیل سرخه),نامشخص,kanoon
1404,تجربی,69978,29934,منطقه 2,حسابداری,دانشگاه اراک,نامشخص,kanoon
1404,تجربی,70018,29952,منطقه 2,فوریت های پزشکی پیش بیمارستانی,دانشگاه علوم پزشکی قم,نامشخص,kanoon
1404,تجربی,70058,29968,منطقه 2,بهداشت عمومی,دانشکده علوم پزشکی و خدمات بهداشتی درمانی اسفراین,نامشخص,kanoon
1404,تجربی,90997,30173,منطقه 3,بهداشت مواد غذایی,دانشگاه تبریز,نامشخص,kanoon
1404,تجربی,70754,30251,منطقه 2,فناوری اطلاعات سلامت,دانشگاه علوم پزشکی اردبیل,نامشخص,kanoon
1404,تجربی,131318,30290,منطقه 1,روانشناسی,دانشگاه پیام نور البرز - مرکز کرج,نامشخص,kanoon
1404,تجربی,70898,30310,منطقه 2,حسابداری,دانشگاه ملی مهارت دختران - ساری,نامشخص,kanoon
1404,تجربی,91858,30497,منطقه 3,فوریت های پزشکی پیش بیمارستانی,دانشگاه علوم پزشکی ایلام,نامشخص,kanoon
1404,تجربی,71524,30565,منطقه 2,زیست شناسی سلولی مولکولی,دانشگاه تخصصی فناوریهای نوین آمل--نوبت دوم,نامشخص,kanoon
1404,تجربی,71717,30631,منطقه 2,علوم و مهندسی صنایع غذایی (کشاورزی),دانشگاه گیلان - رشت,نامشخص,kanoon
1404,تجربی,92527,30762,منطقه 3,مهندسی بهداشت محیط,دانشگاه علوم پزشکی سمنان (محل تحصیل دامغان),نامشخص,kanoon
1404,تجربی,92760,30857,منطقه 3,زیست شناسی سلولی مولکولی,دانشگاه زنجان,نامشخص,kanoon
1404,تجربی,72404,30916,منطقه 2,فوریت های پزشکی پیش بیمارستانی,دانشگاه علوم پزشکی مازندران - ساری,نامشخص,kanoon
1404,تجربی,93074,30983,منطقه 3,میکروبیولوژی,دانشگاه صنعتی خاتم الانبیاء - بهبهان,نامشخص,kanoon
1404,تجربی,93075,30983,منطقه 3,مهندسی بهداشت حرفه ای وایمنی کار,دانشگاه علوم پزشکی زابل,نامشخص,kanoon
1404,تجربی,93192,31034,منطقه 3,زیست شناسی سلولی مولکولی,دانشگاه اراک,نامشخص,kanoon
1404,تجربی,74462,31772,منطقه 2,بهداشت عمومی,دانشگاه علوم پزشکی جهرم,نامشخص,kanoon
1404,تجربی,75314,32137,منطقه 2,زیست شناسی سلولی مولکولی,دانشگاه تخصصی فناوریهای نوین آمل--نوبت دوم,نامشخص,kanoon
1404,تجربی,75514,32214,منطقه 2,زیست شناسی گیاهی,دانشگاه الزهرا(س) - تهران,نامشخص,kanoon
1404,تجربی,75887,32357,منطقه 2,مهندسی بهداشت محیط,دانشکده علوم پزشکی و خدمات بهداشتی درمانی مراغه,شهریه پرداز,kanoon
1404,تجربی,75997,32409,منطقه 2,فوریت های پزشکی پیش بیمارستانی,دانشگاه علوم پزشکی شهید بهشتی - تهران,نامشخص,kanoon
1404,تجربی,76305,32530,منطقه 2,مهندسی بهداشت محیط,دانشگاه علوم پزشکی قم,نامشخص,kanoon
1404,تجربی,76986,32804,منطقه 2,فوریت های پزشکی پیش بیمارستانی,دانشگاه علوم پزشکی سمنان (محل تحصیل سرخه),نامشخص,kanoon
1404,تجربی,97999,32944,منطقه 3,فوریت های پزشکی پیش بیمارستانی,دانشگاه علوم پزشکی اسدآباد(استان همدان),نامشخص,kanoon
1404,تجربی,77461,32994,منطقه 2,زیست شناسی جانوری,دانشگاه گیلان - رشت,نامشخص,kanoon
1404,تجربی,78503,33412,منطقه 2,زیست شناسی سلولی مولکولی,دانشگاه محقق اردبیلی - اردبیل,نامشخص,kanoon
1404,تجربی,78503,33412,منطقه 2,مهندسی بهداشت محیط,دانشگاه علوم پزشکی کاشان,شهریه پرداز,kanoon
1404,تجربی,78615,33455,منطقه 2,زیست شناسی گیاهی,دانشگاه الزهرا(س) - تهران,نامشخص,kanoon
1404,تجربی,99319,33478,منطقه 3,علوم ورزشی,دانشگاه کاشان,نامشخص,kanoon
1404,تجربی,99779,33654,منطقه 3,علوم وصنایع غذایی گرایش کنترل کیفی وبهداشتی,دانشگاه علوم پزشکی سمنان (محل تحصیل آرادان ),نامشخص,kanoon
1404,تجربی,79599,33855,منطقه 2,زیست شناسی سلولی مولکولی,دانشگاه تخصصی فناوریهای نوین آمل--نوبت دوم,نامشخص,kanoon
1404,تجربی,150449,33898,منطقه 1,علوم ورزشی,دانشگاه زنجان,نامشخص,kanoon
1404,تجربی,100602,33960,منطقه 3,روانشناسی,دانشگاه پیام نور تهران - واحد رباط کریم,نامشخص,kanoon
1404,تجربی,80183,34103,منطقه 2,فناوری اطلاعات سلامت,دانشگاه علوم پزشکی اراک( دانشکده علوم پزشکی و خدمات بهداشتی درمانی خمین),نامشخص,kanoon
1404,تجربی,80282,34140,منطقه 2,علوم آزمایشگاهی دامپزشکی,دانشگاه تخصصی فناوریهای نوین آمل,نامشخص,kanoon
1404,تجربی,101157,34174,منطقه 3,زیست شناسی سلولی مولکولی,دانشگاه زنجان,نامشخص,kanoon
1404,تجربی,101220,34200,منطقه 3,مهندسی بهداشت محیط,دانشکده علوم پزشکی و خدمات بهداشتی درمانی خلخال,نامشخص,kanoon
1404,تجربی,102803,34832,منطقه 3,بیولوژی وکنترل ناقلین بیماریها,دانشگاه علوم پزشکی کرمان,نامشخص,kanoon
1404,تجربی,155523,34841,منطقه 1,روانشناسی,دانشگاه غیرانتفاعی چرخ نیلوفری آذربایجان - تبریز,نامشخص,kanoon
1404,تجربی,156390,35011,منطقه 1,روانشناسی,دانشگاه غیرانتفاعی کاویان - مشهد,نامشخص,kanoon
1404,تجربی,103351,35058,منطقه 3,مهندسی بهداشت محیط,دانشگاه علوم پزشکی بندرعباس,نامشخص,kanoon
1404,تجربی,82597,35116,منطقه 2,شیمی کاربردی,دانشگاه سمنان,نامشخص,kanoon
1404,تجربی,82660,35140,منطقه 2,شیمی کاربردی,دانشگاه کردستان - سنندج,نامشخص,kanoon
1404,تجربی,82880,35230,منطقه 2,فوریت‌های پزشکی,دانشگاه علوم پزشکی گلستان - گرگان,روزانه,sajad
1404,تجربی,157926,35275,منطقه 1,مدیریت صنعتی,دانشگاه غیرانتفاعی ابرار - تهران (ویژه خواهران),نامشخص,kanoon
1404,تجربی,83733,35566,منطقه 2,فوریت های پزشکی پیش بیمارستانی,دانشگاه علوم پزشکی شهید بهشتی - تهران,نامشخص,kanoon
1404,تجربی,105104,35749,منطقه 3,فوریت های پزشکی پیش بیمارستانی,دانشگاه علوم پزشکی همدان (محل تحصیل نهاوند),نامشخص,kanoon
1404,تجربی,84253,35780,منطقه 2,علوم آزمایشگاهی دامپزشکی,دانشگاه اردکان,نامشخص,kanoon
1404,تجربی,105355,35855,منطقه 3,کاردانی فوریت های پزشکی پیش بیمارستانی,دانشگاه علوم پزشکی بیرجند (محل تحصیل طبس),نامشخص,kanoon
1404,تجربی,84475,35863,منطقه 2,پرستاری,دانشگاه آزاد اسلامی واحد لارستان,آزاد,sajad
1404,تجربی,85098,36111,منطقه 2,فوریت های پزشکی پیش بیمارستانی,دانشگاه علوم پزشکی اردبیل,نامشخص,kanoon
1404,تجربی,85674,36353,منطقه 2,شیمی کاربردی,دانشگاه محقق اردبیلی - اردبیل,نامشخص,kanoon
1404,تجربی,107150,36551,منطقه 3,مدیریت بازرگانی,دانشگاه گلستان - گرگان,نامشخص,kanoon
1404,تجربی,86228,36565,منطقه 2,فوریت های پزشکی پیش بیمارستانی,دانشگاه علوم پزشکی مازندران - ساری,نامشخص,kanoon
1404,تجربی,107224,36584,منطقه 3,زیست شناسی سلولی مولکولی,دانشگاه غیرانتفاعی علم و فرهنگ - تهران,نامشخص,kanoon
1404,تجربی,107754,36813,منطقه 3,کاردانی فوریت های پزشکی پیش بیمارستانی,دانشگاه علوم پزشکی سبزوار (محل تحصیل جوین),نامشخص,kanoon
1404,تجربی,166846,36897,منطقه 1,حسابداری,دانشگاه بجنورد,نامشخص,kanoon
1404,تجربی,87118,36924,منطقه 2,مهندسی بهداشت محیط,دانشگاه علوم پزشکی اردبیل,نامشخص,kanoon
1404,تجربی,87183,36948,منطقه 2,مهندسی بهداشت محیط,دانشگاه علوم پزشکی بابل,نامشخص,kanoon
1404,تجربی,108283,37037,منطقه 3,فوریت های پزشکی پیش بیمارستانی,دانشکده علوم پزشکی و خدمات بهداشتی درمانی خوی,نامشخص,kanoon
1404,تجربی,88341,37410,منطقه 2,مدیریت خدمات بهداشتی درمانی,دانشگاه علوم پزشکی بقیه الله,نامشخص,kanoon
1404,تجربی,88563,37509,منطقه 2,اقتصاد,دانشگاه شهید چمران اهواز,نامشخص,kanoon
1404,تجربی,109514,37543,منطقه 3,شیمی محض,دانشگاه زنجان,نامشخص,kanoon
1404,تجربی,109911,37704,منطقه 3,فوریت‌های پزشکی - کارشناسی,دانشگاه علوم پزشکی قزوین,نامشخص,sajad
1404,تجربی,89448,37856,منطقه 2,فوریت های پزشکی پیش بیمارستانی,دانشگاه علوم پزشکی قم,نامشخص,kanoon
1404,تجربی,110725,38044,منطقه 2,فوریت‌های پزشکی,دانشکده علوم پزشکی ساوه,روزانه,sajad
1404,تجربی,111017,38151,منطقه 3,فوریت های پزشکی پیش بیمارستانی,دانشگاه علوم پزشکی دزفول,نامشخص,kanoon
1404,تجربی,90627,38314,منطقه 2,زیست شناسی سلولی مولکولی,دانشگاه کردستان - سنندج,نامشخص,kanoon
1404,تجربی,91926,38869,منطقه 2,علوم ورزشی,دانشگاه خوارزمی -محل تحصیل کرج,نامشخص,kanoon
1404,تجربی,92590,39138,منطقه 2,علوم و مهندسی صنایع غذایی (کشاورزی),دانشگاه تبریز,نامشخص,kanoon
1404,تجربی,94891,40022,منطقه 2,شیمی کاربردی,دانشگاه کردستان - سنندج,نامشخص,kanoon
1404,تجربی,95935,40429,منطقه 2,مامایی,دانشگاه آزاد اسلامی واحد زاهدان,آزاد,sajad
1404,تجربی,96442,40637,منطقه 2,مهندسی گیاه پزشکی,دانشگاه تبریز,نامشخص,kanoon
1404,تجربی,97696,41153,منطقه 2,زیست شناسی سلولی مولکولی,دانشگاه کردستان - سنندج,نامشخص,kanoon
1404,تجربی,97825,41201,منطقه 2,فوریت های پزشکی پیش بیمارستانی,دانشگاه علوم پزشکی قم,نامشخص,kanoon
1404,تجربی,98068,41304,منطقه 2,زیست شناسی جانوری,دانشگاه مازندران - بابلسر,نامشخص,kanoon
1404,تجربی,98138,41335,منطقه 2,پرستاری,دانشگاه آزاد اسلامی واحد قشم,آزاد,sajad
1404,تجربی,120121,41915,منطقه 3,فوریت های پزشکی پیش بیمارستانی,دانشکده علوم پزشکی و خدمات بهداشتی درمانی ساوه,نامشخص,kanoon
1404,تجربی,100250,42189,منطقه 2,فناوری اطلاعات سلامت,دانشکده علوم پزشکی و خدمات بهداشتی درمانی اسفراین,شهریه پرداز,kanoon
1404,تجربی,121088,42290,منطقه 3,شیمی محض,دانشگاه زنجان,نامشخص,kanoon
1404,تجربی,100602,42336,منطقه 2,مدیریت بازرگانی,دانشگاه الزهرا(س)-تهران(ارومیه),نامشخص,kanoon
1404,تجربی,121301,42380,منطقه 3,فناوری اطلاعات سلامت,دانشگاه علوم پزشکی بندرعباس,نامشخص,kanoon
1404,تجربی,121371,42413,منطقه 3,زیست شناسی سلولی مولکولی,دانشگاه غیرانتفاعی دانش البرز-آبیک,نامشخص,kanoon
1404,تجربی,101157,42557,منطقه 2,فناوری اطلاعات سلامت,دانشکده علوم پزشکی و خدمات بهداشتی درمانی اسفراین,شهریه پرداز,kanoon
1404,تجربی,101429,42663,منطقه 2,فوریت های پزشکی پیش بیمارستانی,دانشگاه علوم پزشکی شهرکرد ( بروجن),نامشخص,kanoon
1404,تجربی,122196,42748,منطقه 3,مهندسی بهداشت محیط,دانشگاه علوم پزشکی زاهدان,نامشخص,kanoon
1404,تجربی,122708,42953,منطقه 3,کتابداری واطلاع رسانی پزشکی,دانشگاه علوم پزشکی بوشهر,نامشخص,kanoon
1404,تجربی,201557,43068,منطقه 1,مدیریت بازرگانی,دانشگاه پیام نور تهران - واحد اسلام‌شهر,نامشخص,kanoon
1404,تجربی,124056,43528,منطقه 3,تکنولوژی اتاق عمل,دانشکده علوم پزشکی و خدمات بهداشتی درمانی شوشتر,نامشخص,kanoon
1404,تجربی,124614,43771,منطقه 3,فوریت های پزشکی پیش بیمارستانی,دانشگاه علوم پزشکی زنجان(محل تحصیل ابهر),نامشخص,kanoon
1404,تجربی,105355,44214,منطقه 2,فوریت های پزشکی پیش بیمارستانی,دانشگاه علوم پزشکی اراک,نامشخص,kanoon
1404,تجربی,126265,44448,منطقه 3,مددکاری اجتماعی,دانشگاه علامه طباطبایی - تهران,نامشخص,kanoon
1404,تجربی,126265,44448,منطقه 3,مدیریت مالی,دانشگاه غیرانتفاعی رسام - کرج,نامشخص,kanoon
1404,تجربی,105964,44478,منطقه 2,شیمی محض,دانشگاه مازندران - بابلسر--نوبت دوم,نامشخص,kanoon
1404,تجربی,126879,44702,منطقه 3,مدیریت صنعتی,دانشگاه غیرانتفاعی علم و فرهنگ - تهران,نامشخص,kanoon
1404,تجربی,126950,44728,منطقه 3,پرستاری,دانشگاه علوم پزشکی گلستان-گرگان(گنبدکاووس),نامشخص,kanoon
1404,تجربی,127511,44957,منطقه 3,حسابداری,دانشگاه پیام نور تهران - واحد ملارد,نامشخص,kanoon
1404,تجربی,107355,45073,منطقه 2,شیمی محض,دانشگاه زنجان,نامشخص,kanoon
1404,تجربی,107553,45112,منطقه 2,زمین شناسی,دانشگاه اصفهان,نامشخص,kanoon
1404,تجربی,128054,45162,منطقه 3,مدیریت مالی,دانشگاه غیرانتفاعی رسام - کرج,نامشخص,kanoon
1404,تجربی,213884,45226,منطقه 1,حسابداری,دانشگاه پیام نور تهران - مرکز پرند,نامشخص,kanoon
1404,تجربی,128597,45363,منطقه 3,حسابداری,دانشگاه ملی مهارت پسران -گرگان,نامشخص,kanoon
1404,تجربی,109107,45702,منطقه 2,فوریت های پزشکی پیش بیمارستانی,دانشگاه علوم پزشکی خراسان شمالی - بجنورد,نامشخص,kanoon
1404,تجربی,109579,45893,منطقه 2,کتابداری واطلاع رسانی پزشکی,دانشگاه علوم پزشکی بوشهر,نامشخص,kanoon
1404,تجربی,110177,46122,منطقه 2,علوم و مهندسی صنایع غذایی (کشاورزی),دانشگاه گیلان - رشت,نامشخص,kanoon
1404,تجربی,219149,46149,منطقه 1,زیست شناسی سلولی مولکولی,دانشگاه غیرانتفاعی غیاث الدین جمشید کاشانی - آبیک,نامشخص,kanoon
1404,تجربی,130675,46262,منطقه 3,فوریت های پزشکی پیش بیمارستانی,دانشگاه علوم پزشکی جندی شاپور_اهواز(ایذه),نامشخص,kanoon
1404,تجربی,110725,46350,منطقه 2,حسابداری,دانشگاه ملی مهارت دختران - گرگان,نامشخص,kanoon
1404,تجربی,131108,46437,منطقه 3,مهندسی بهداشت محیط,دانشگاه علوم پزشکی زابل,نامشخص,kanoon
1404,تجربی,131529,46624,منطقه 3,مدیریت مالی,دانشگاه غیرانتفاعی رسام - کرج,نامشخص,kanoon
1404,تجربی,132328,46966,منطقه 3,زیست فناوری,دانشگاه ایلام,نامشخص,kanoon
1404,تجربی,134789,47988,منطقه 3,فوریت های پزشکی پیش بیمارستانی,دانشگاه علوم پزشکی کرمان,نامشخص,kanoon
1404,تجربی,135222,48164,منطقه 3,روانشناسی,دانشگاه پیام نور تهران - واحد شهریار,نامشخص,kanoon
1404,تجربی,116158,48477,منطقه 2,علوم آزمایشگاهی دامپزشکی,دانشگاه تخصصی فناوریهای نوین آمل--نوبت دوم,نامشخص,kanoon
1404,تجربی,116376,48564,منطقه 2,شیمی محض,دانشگاه یزد,نامشخص,kanoon
1404,تجربی,136365,48648,منطقه 3,فوریت های پزشکی پیش بیمارستانی,دانشگاه علوم پزشکی اراک( دانشکده علوم پزشکی و خدمات بهداشتی درمانی خمین),نامشخص,kanoon
1404,تجربی,117381,48942,منطقه 2,علم اطلاعات ودانش شناسی,دانشگاه شیراز,نامشخص,kanoon
1404,تجربی,137451,49097,منطقه 3,میکروبیولوژی,دانشگاه غیرانتفاعی نبی اکرم (ص ) - تبریز,نامشخص,kanoon
1404,تجربی,118285,49297,منطقه 2,فوریت های پزشکی پیش بیمارستانی,دانشگاه علوم پزشکی مازندران - ساری (محل تحصیل دانشکده پیراپزشکی آمل),نامشخص,kanoon
1404,تجربی,138546,49545,منطقه 3,میکروبیولوژی,دانشگاه غیرانتفاعی آل طه - تهران (ویژه خواهران),نامشخص,kanoon
1404,تجربی,120326,50083,منطقه 2,فوریت های پزشکی پیش بیمارستانی,دانشگاه علوم پزشکی زنجان(محل تحصیل ابهر),نامشخص,kanoon
1404,تجربی,120934,50329,منطقه 2,مدیریت بازرگانی,دانشگاه ولی عصر(عج) - رفسنجان,نامشخص,kanoon
1404,تجربی,121445,50531,منطقه 2,فوریت‌های پزشکی,دانشکده علوم پزشکی چابهار,روزانه,sajad
1404,تجربی,122862,51130,منطقه 2,اقتصاد,دانشگاه گیلان - رشت--نوبت دوم,نامشخص,kanoon
1404,تجربی,126067,52384,منطقه 2,مدیریت صنعتی,دانشگاه میبد,نامشخص,kanoon
1404,تجربی,145529,52516,منطقه 3,کاردانی فوریت های پزشکی پیش بیمارستانی,دانشگاه علوم پزشکی بیرجند (محل تحصیل قائن),شهریه پرداز,kanoon
1404,تجربی,146125,52772,منطقه 3,زیست فناوری,دانشگاه غیرانتفاعی آل طه - تهران (ویژه خواهران),نامشخص,kanoon
1404,تجربی,148352,53721,منطقه 3,مدیریت خدمات بهداشتی درمانی,دانشگاه غیرانتفاعی علوم پزشکی وارستگان - مشهد,نامشخص,kanoon
1404,تجربی,130957,54356,منطقه 2,علوم ورزشی,دانشگاه زنجان,نامشخص,kanoon
1404,تجربی,151884,55195,منطقه 3,مدیریت بازرگانی,دانشگاه غیرانتفاعی صدرالمتالهین - تهران (ویژه برادران),نامشخص,kanoon
1404,تجربی,152604,55477,منطقه 3,زیست شناسی سلولی مولکولی,دانشگاه دامغان,نامشخص,kanoon
1404,تجربی,136222,56394,منطقه 2,علم اطلاعات ودانش شناسی,دانشگاه شیراز,نامشخص,kanoon
1404,تجربی,155668,56806,منطقه 3,میکروبیولوژی,دانشگاه غیرانتفاعی دانش البرز-آبیک,نامشخص,kanoon
1404,تجربی,155827,56880,منطقه 3,زیست فناوری,دانشگاه غیرانتفاعی آل طه - تهران (ویژه خواهران),نامشخص,kanoon
1404,تجربی,158835,58234,منطقه 3,مدیریت بازرگانی,دانشگاه غیرانتفاعی ارشاد (محل تحصیل واحد تهران),نامشخص,kanoon
1404,تجربی,160324,58870,منطقه 3,علوم ورزشی,دانشگاه قم,نامشخص,kanoon
1404,تجربی,143117,59071,منطقه 2,مدیریت مالی,دانشگاه غیرانتفاعی رسام - کرج,نامشخص,kanoon
1404,تجربی,143410,59170,منطقه 2,روانشناسی,دانشگاه پیام نور تهران - واحد شهر جدید پردیس,نامشخص,kanoon
1404,تجربی,166764,61656,منطقه 3,حسابداری,دانشگاه غیرانتفاعی ارشاد (محل تحصیل واحد تهران),نامشخص,kanoon
1404,تجربی,167012,61770,منطقه 3,میکروبیولوژی,دانشگاه غیرانتفاعی ربع رشیدی - تبریز,نامشخص,kanoon
1404,تجربی,171527,63796,منطقه 3,حسابداری,دانشگاه غیرانتفاعی ارشاد - دماوند,نامشخص,kanoon
1404,تجربی,175342,65429,منطقه 3,زیست شناسی سلولی مولکولی,دانشگاه پیام نور البرز - مرکز کرج,نامشخص,kanoon
1404,تجربی,172889,70524,منطقه 2,شیمی کاربردی,دانشگاه تهران,نامشخص,kanoon
1404,تجربی,229529,89774,منطقه 3,زیست شناسی سلولی مولکولی,دانشگاه غیرانتفاعی کاویان - مشهد,نامشخص,kanoon
1404,تجربی,226931,90983,منطقه 2,بهداشت عمومی,دانشگاه علوم پزشکی زابل,شهریه پرداز,kanoon
