year,major,university,campus,province,program_type,program_type_raw,admission_category,capacity,gender,intake,admission_conditions,source_id,source_page,base_source_id,base_source_page,notes
1402,مهندسی برق,دانشگاه بیرجند,,خراسان جنوبی,نوبت دوم,نوبت دوم,عادی,15,زن و مرد,نیمسال اول,,1402-math-booklet,71,1402-math-booklet,71,کدرشته‌محل منبع: 12686؛ عنوان رشته در منبع: مهندسی برق؛ نحوه پذیرش: صرفاً با سوابق تحصیلی
1402,مهندسی برق,دانشگاه بیرجند,,خراسان جنوبی,روزانه,روزانه,عادی,40,زن و مرد,نیمسال اول,استان خراسان جنوبی -دانشگاه بیرجند )محل تحصیل دانشکده فنی فردوس(,1402-math-booklet,72,1402-math-booklet,72,کدرشته‌محل منبع: 12723؛ عنوان رشته در منبع: مهندسی برق؛ نحوه پذیرش: صرفاً با سوابق تحصیلی
1402,مهندسی برق,دانشگاه بیرجند,,خراسان جنوبی,نوبت دوم,نوبت دوم,عادی,8,زن و مرد,نیمسال اول,استان خراسان جنوبی -دانشگاه بیرجند )محل تحصیل آموزشکده کشاورزی سرایان(,1402-math-booklet,72,1402-math-booklet,72,کدرشته‌محل منبع: 12726؛ عنوان رشته در منبع: مهندسی برق؛ نحوه پذیرش: صرفاً با سوابق تحصیلی
1402,مهندسی برق,دانشگاه صنعتی قوچان,,خراسان رضوی,نوبت دوم,نوبت دوم,عادی,8,زن و مرد,نیمسال اول,,1402-math-booklet,74,1402-math-booklet,74,کدرشته‌محل منبع: 12895؛ عنوان رشته در منبع: مهندسی برق؛ نحوه پذیرش: صرفاً با سوابق تحصیلی
1402,مهندسی برق,دانشگاه دریانوردی و علوم دریایی چابهار,,سیستان وبلوچستان,نوبت دوم,نوبت دوم,عادی,15,زن و مرد,نیمسال اول,,1402-math-booklet,92,1402-math-booklet,92,کدرشته‌محل منبع: 14590؛ عنوان رشته در منبع: مهندسی برق؛ نحوه پذیرش: صرفاً با سوابق تحصیلی
1402,مهندسی برق,دانشگاه زابل,,سیستان و بلوچستان,نوبت دوم,نوبت دوم,عادی,15,زن و مرد,نیمسال اول,,1402-math-booklet,88,1402-math-booklet,88,کدرشته‌محل منبع: 14613؛ عنوان رشته در منبع: مهندسی برق؛ نحوه پذیرش: صرفاً با سوابق تحصیلی
1402,مهندسی برق,دانشگاه ولایت -ایرانشهر,,سیستان و بلوچستان,نوبت دوم,نوبت دوم,عادی,5,زن و مرد,نیمسال اول,,1402-math-booklet,90,1402-math-booklet,90,کدرشته‌محل منبع: 14710؛ عنوان رشته در منبع: مهندسی برق؛ نحوه پذیرش: صرفاً با سوابق تحصیلی
1402,مهندسی برق,مجتمع آموزش عالی سراوان,,سیستان و بلوچستان,روزانه,روزانه,عادی,33,زن و مرد,نیمسال اول,,1402-math-booklet,91,1402-math-booklet,91,کدرشته‌محل منبع: 14737؛ عنوان رشته در منبع: مهندسی برق؛ نحوه پذیرش: صرفاً با سوابق تحصیلی
1402,مهندسی برق,مجتمع آموزش عالی سراوان,,سیستان و بلوچستان,نوبت دوم,نوبت دوم,عادی,10,زن و مرد,نیمسال اول,,1402-math-booklet,91,1402-math-booklet,91,کدرشته‌محل منبع: 14740؛ عنوان رشته در منبع: مهندسی برق؛ نحوه پذیرش: صرفاً با سوابق تحصیلی
1402,مهندسی برق,دانشگاه جیرفت,,کرمان,نوبت دوم,نوبت دوم,عادی,5,زن و مرد,نیمسال اول,,1402-math-booklet,102,1402-math-booklet,102,کدرشته‌محل منبع: 16152؛ عنوان رشته در منبع: مهندسی برق؛ نحوه پذیرش: صرفاً با سوابق تحصیلی
1402,مهندسی برق,دانشگاه بناب,,آذربایجان شرقی,روزانه,روزانه,عادی,50,زن و مرد,نیمسال اول,,1402-math-booklet,45,1402-math-booklet,45,کدرشته‌محل منبع: 30002؛ عنوان رشته در منبع: مهندسی برق؛ نحوه پذیرش: با آزمون
1402,مهندسی برق,دانشگاه تبریز,,آذربایجان شرقی,روزانه,روزانه,عادی,105,زن و مرد,نیمسال اول,,1402-math-booklet,45,1402-math-booklet,45,کدرشته‌محل منبع: 30018؛ عنوان رشته در منبع: مهندسی برق؛ نحوه پذیرش: با آزمون
1402,مهندسی برق,دانشگاه تبریز,,آذربایجان شرقی,نوبت دوم,نوبت دوم,عادی,70,زن و مرد,نیمسال اول,,1402-math-booklet,46,1402-math-booklet,46,کدرشته‌محل منبع: 30035؛ عنوان رشته در منبع: مهندسی برق؛ نحوه پذیرش: با آزمون
1402,مهندسی برق,دانشگاه شهید مدنی آذربایجان -تبریز,,آذربایجان شرقی,روزانه,روزانه,عادی,60,زن و مرد,نیمسال اول,مرد دارای خوابگاه ملکی زن - 45 30058علوم کامپیوتر روزانه با آزمون؛ مرد دارای خوابگاه ملکی زن - 60 ؛ مرد دارای خوابگاه ملکی زن - 30 30060مهندسی شیمی روزانه با آزمون؛ مرد دارای خوابگاه ملکی زن - 60 30061مهندسی عمران روزانه با آزمون؛ مرد دارای خوابگاه ملکی زن - 90 30062مهندسی کامپیوتر روزانه با آزمون,1402-math-booklet,47,1402-math-booklet,47,کدرشته‌محل منبع: 30059؛ عنوان رشته در منبع: مهندسی برق؛ نحوه پذیرش: با آزمون
1402,مهندسی برق,دانشگاه شهید مدنی آذربایجان -تبریز,,آذربایجان شرقی,نوبت دوم,نوبت دوم,عادی,5,زن و مرد,نیمسال اول,مرد دارای خوابگاه ملکی زن - 4 35084علم اطلاعات و دانش شناسی روزانه با آزمون؛ دارای خوابگاه ملکی 2 2 - 4 35085علوم ورزشی روزانه با آزمون,1402-math-booklet,48,1402-math-booklet,48,کدرشته‌محل منبع: 30066؛ عنوان رشته در منبع: مهندسی برق؛ نحوه پذیرش: با آزمون
1402,مهندسی برق,دانشگاه صنعتی سهند -تبریز,,آذربایجان شرقی,روزانه,روزانه,عادی,84,زن و مرد,نیمسال اول,,1402-math-booklet,48,1402-math-booklet,48,کدرشته‌محل منبع: 30071؛ عنوان رشته در منبع: مهندسی برق؛ نحوه پذیرش: با آزمون
1402,مهندسی برق,دانشگاه صنعتی سهند -تبریز,,آذربایجان شرقی,نوبت دوم,نوبت دوم,عادی,36,زن و مرد,نیمسال اول,,1402-math-booklet,48,1402-math-booklet,48,کدرشته‌محل منبع: 30081؛ عنوان رشته در منبع: مهندسی برق؛ نحوه پذیرش: با آزمون
1402,مهندسی برق,دانشگاه ارومیه,,آذربایجان غربی,روزانه,روزانه,عادی,130,زن و مرد,نیمسال اول,,1402-math-booklet,50,1402-math-booklet,50,کدرشته‌محل منبع: 30117؛ عنوان رشته در منبع: مهندسی برق؛ نحوه پذیرش: با آزمون
1402,مهندسی برق,دانشگاه ارومیه,,آذربایجان غربی,نوبت دوم,نوبت دوم,عادی,20,زن و مرد,نیمسال اول,,1402-math-booklet,51,1402-math-booklet,51,کدرشته‌محل منبع: 30130؛ عنوان رشته در منبع: مهندسی برق؛ نحوه پذیرش: با آزمون
1402,مهندسی برق,دانشگاه صنعتی ارومیه,,آذربایجان غربی,روزانه,روزانه,عادی,40,زن و مرد,نیمسال اول,,1402-math-booklet,52,1402-math-booklet,52,کدرشته‌محل منبع: 30143؛ عنوان رشته در منبع: مهندسی برق؛ نحوه پذیرش: با آزمون
1402,مهندسی برق,دانشگاه صنعتی ارومیه,,آذربایجان غربی,نوبت دوم,نوبت دوم,عادی,10,زن و مرد,نیمسال اول,,1402-math-booklet,52,1402-math-booklet,52,کدرشته‌محل منبع: 30154؛ عنوان رشته در منبع: مهندسی برق؛ نحوه پذیرش: با آزمون
1402,مهندسی برق,دانشگاه صنعتی ارومیه,,آذربایجان غربی,روزانه,روزانه,عادی,35,زن و مرد,نیمسال اول,استان آذربایجان غربی -دانشگاه صنعتی ارومیه )محل تحصیل دانشکده فنی و مهندسی خوی(,1402-math-booklet,52,1402-math-booklet,52,کدرشته‌محل منبع: 30158؛ عنوان رشته در منبع: مهندسی برق؛ نحوه پذیرش: با آزمون
1402,مهندسی برق,دانشگاه محقق اردبیلی -اردبیل,,اردبیل,روزانه,روزانه,عادی,70,زن و مرد,نیمسال اول,,1402-math-booklet,53,1402-math-booklet,53,کدرشته‌محل منبع: 30167؛ عنوان رشته در منبع: مهندسی برق؛ نحوه پذیرش: با آزمون
1402,مهندسی برق,دانشگاه محقق اردبیلی -اردبیل,,اردبیل,نوبت دوم,نوبت دوم,عادی,30,زن و مرد,نیمسال اول,,1402-math-booklet,53,1402-math-booklet,53,کدرشته‌محل منبع: 30174؛ عنوان رشته در منبع: مهندسی برق؛ نحوه پذیرش: با آزمون
1402,مهندسی برق,دانشگاه اصفهان,,اصفهان,روزانه,روزانه,عادی,50,زن و مرد,نیمسال اول,,1402-math-booklet,54,1402-math-booklet,54,کدرشته‌محل منبع: 30185؛ عنوان رشته در منبع: مهندسی برق؛ نحوه پذیرش: با آزمون
1402,مهندسی برق,دانشگاه اصفهان,,اصفهان,نوبت دوم,نوبت دوم,عادی,25,زن و مرد,نیمسال اول,,1402-math-booklet,55,1402-math-booklet,55,کدرشته‌محل منبع: 30198؛ عنوان رشته در منبع: مهندسی برق؛ نحوه پذیرش: با آزمون
1402,مهندسی برق,دانشگاه اصفهان,,اصفهان,روزانه,روزانه,عادی,55,زن و مرد,نیمسال اول,استان اصفهان -دانشگاه اصفهان )محل تحصیل مرکز آموزش عالی شهرضا(,1402-math-booklet,55,1402-math-booklet,55,کدرشته‌محل منبع: 30208؛ عنوان رشته در منبع: مهندسی برق؛ نحوه پذیرش: با آزمون
1402,مهندسی برق,دانشگاه صنعتی اصفهان,,اصفهان,روزانه,روزانه,عادی,145,زن و مرد,نیمسال اول,عدم تعهد در واگذاری خوابگاه)الویت,1402-math-booklet,56,1402-math-booklet,56,کدرشته‌محل منبع: 30217؛ عنوان رشته در منبع: مهندسی برق؛ نحوه پذیرش: با آزمون
1402,مهندسی برق,دانشگاه صنعتی اصفهان,,اصفهان,نوبت دوم,نوبت دوم,عادی,10,زن و مرد,نیمسال اول,مرد عدم تعهد در واگذاری خوابگاه زن - 5 30229علوم و مهندسی آب نوبت دوم با آزمون؛ مرد عدم تعهد در واگذاری خوابگاه زن - 10 ؛ مرد عدم تعهد در واگذاری خوابگاه زن - 3 30231مهندسی پلیمر نوبت دوم با آزمون؛ مرد عدم تعهد در واگذاری خوابگاه زن - 5 30232مهندسی شیمی نوبت دوم با آزمون؛ مرد عدم تعهد در واگذاری خوابگاه زن - 12 30233مهندسی صنایع نوبت دوم با آزمون,1402-math-booklet,56,1402-math-booklet,56,کدرشته‌محل منبع: 30230؛ عنوان رشته در منبع: مهندسی برق؛ نحوه پذیرش: با آزمون
1402,مهندسی برق,دانشگاه صنعتی اصفهان,,اصفهان,روزانه,روزانه,عادی,35,زن و مرد,نیمسال اول,مرد عدم تعهد در واگذاری خوابگاه زن - 5 11022مهندسی علوم دامی نوبت دوم صرفا با سوابق تحصیلی؛ استان اصفهان -دانشگاه صنعتی اصفهان )محل تحصیل دانشکده فنی و مهندسی گلپایگان(,1402-math-booklet,57,1402-math-booklet,57,کدرشته‌محل منبع: 30241؛ عنوان رشته در منبع: مهندسی برق؛ نحوه پذیرش: با آزمون
1402,مهندسی برق,دانشگاه صنعتی اصفهان,,اصفهان,نوبت دوم,نوبت دوم,عادی,5,زن و مرد,نیمسال اول,,1402-math-booklet,57,1402-math-booklet,57,کدرشته‌محل منبع: 30245؛ عنوان رشته در منبع: مهندسی برق؛ نحوه پذیرش: با آزمون
1402,مهندسی برق,دانشگاه کاشان,,اصفهان,روزانه,روزانه,عادی,34,زن و مرد,نیمسال اول,,1402-math-booklet,57,1402-math-booklet,57,کدرشته‌محل منبع: 30252؛ عنوان رشته در منبع: مهندسی برق؛ نحوه پذیرش: با آزمون
1402,مهندسی برق,دانشگاه کاشان,,اصفهان,نوبت دوم,نوبت دوم,عادی,26,زن و مرد,نیمسال اول,,1402-math-booklet,58,1402-math-booklet,58,کدرشته‌محل منبع: 30264؛ عنوان رشته در منبع: مهندسی برق؛ نحوه پذیرش: با آزمون
1402,مهندسی برق,دانشگاه خوارزمی,,البرز,روزانه,روزانه,عادی,30,زن و مرد,نیمسال اول,,1402-math-booklet,59,1402-math-booklet,59,کدرشته‌محل منبع: 30298؛ عنوان رشته در منبع: مهندسی برق؛ نحوه پذیرش: با آزمون
1402,مهندسی برق,دانشگاه خوارزمی,,البرز,نوبت دوم,نوبت دوم,عادی,5,زن و مرد,نیمسال اول,,1402-math-booklet,59,1402-math-booklet,59,کدرشته‌محل منبع: 30306؛ عنوان رشته در منبع: مهندسی برق؛ نحوه پذیرش: با آزمون
1402,مهندسی برق,دانشگاه ایلام,,ایلام,روزانه,روزانه,عادی,30,زن و مرد,نیمسال اول,,1402-math-booklet,60,1402-math-booklet,60,کدرشته‌محل منبع: 30312؛ عنوان رشته در منبع: مهندسی برق؛ نحوه پذیرش: با آزمون
1402,مهندسی برق,دانشگاه ایلام,,ایلام,نوبت دوم,نوبت دوم,عادی,5,زن و مرد,نیمسال اول,,1402-math-booklet,60,1402-math-booklet,60,کدرشته‌محل منبع: 30320؛ عنوان رشته در منبع: مهندسی برق؛ نحوه پذیرش: با آزمون
1402,مهندسی برق,دانشگاه خلیج فارس -بوشهر,,بوشهر,روزانه,روزانه,عادی,40,زن و مرد,نیمسال اول,,1402-math-booklet,61,1402-math-booklet,61,کدرشته‌محل منبع: 30328؛ عنوان رشته در منبع: مهندسی برق؛ نحوه پذیرش: با آزمون
1402,مهندسی برق,دانشگاه الزهرا )س( )ویژه خواهران( -تهران,,تهران,روزانه,روزانه,عادی,20,زن,نیمسال اول,,1402-math-booklet,62,1402-math-booklet,62,کدرشته‌محل منبع: 30345؛ عنوان رشته در منبع: مهندسی برق؛ نحوه پذیرش: با آزمون
1402,مهندسی برق,دانشگاه الزهرا )س( )ویژه خواهران( -تهران,,تهران,نوبت دوم,نوبت دوم,عادی,5,زن,نیمسال اول,فاقد خوابگاه - زن - 10 30351ریاضیات و کاربردها نوبت دوم با آزمون؛ فاقد خوابگاه - زن - 15 30352علوم کامپیوتر نوبت دوم با آزمون؛ فاقد خوابگاه - زن - 15 30353فیزیک نوبت دوم با آزمون؛ فاقد خوابگاه - زن - 5 ؛ فاقد خوابگاه - زن - 7 30355مهندسی صنایع نوبت دوم با آزمون؛ فاقد خوابگاه - زن - 5 30356مهندسی عمران نوبت دوم با آزمون؛ فاقد خوابگاه - زن - 6 30357مهندسی کامپیوتر نوبت دوم با آزمون,1402-math-booklet,62,1402-math-booklet,62,کدرشته‌محل منبع: 30354؛ عنوان رشته در منبع: مهندسی برق؛ نحوه پذیرش: با آزمون
1402,مهندسی برق,دانشگاه تهران,,تهران,روزانه,روزانه,عادی,80,زن و مرد,نیمسال اول,,1402-math-booklet,63,1402-math-booklet,63,کدرشته‌محل منبع: 30365؛ عنوان رشته در منبع: مهندسی برق؛ نحوه پذیرش: با آزمون
1402,مهندسی برق,دانشگاه شاهد -تهران,,تهران,روزانه,روزانه,شرایط خاص,100,زن و مرد,نیمسال اول,پذیرش با شرایط خاص و دارای مصاحبه -,1402-math-booklet,64,1402-math-booklet,64,کدرشته‌محل منبع: 30390؛ عنوان رشته در منبع: مهندسی برق؛ نحوه پذیرش: با آزمون
1402,مهندسی برق,دانشگاه شهید بهشتی -تهران,,تهران,روزانه,روزانه,عادی,45,زن و مرد,نیمسال اول,,1402-math-booklet,64,1402-math-booklet,64,کدرشته‌محل منبع: 30399؛ عنوان رشته در منبع: مهندسی برق؛ نحوه پذیرش: با آزمون
1402,مهندسی برق,دانشگاه شهید بهشتی -تهران,,تهران,روزانه,روزانه,عادی,70,زن و مرد,نیمسال اول,محل تحصیل پردیس فنی و مهندسی,1402-math-booklet,64,1402-math-booklet,64,کدرشته‌محل منبع: 30405؛ عنوان رشته در منبع: مهندسی برق؛ نحوه پذیرش: با آزمون
1402,مهندسی برق,دانشگاه صدا و سیمای جمهوری اسلامی ایران,,تهران,روزانه,روزانه,شرایط خاص,5,زن,نیمسال اول,-پذیرش با شرایط خاص و دارای مصاحبه - زن - 5 ,1402-math-booklet,65,1402-math-booklet,65,کدرشته‌محل منبع: 30411؛ عنوان رشته در منبع: مهندسی برق؛ نحوه پذیرش: با آزمون
1402,مهندسی برق,دانشگاه صدا و سیمای جمهوری اسلامی ایران,,تهران,روزانه,روزانه,شرایط خاص,41,مرد,نیمسال اول,انجام مصاحبه از سایر مراحل گزینش از,1402-math-booklet,65,1402-math-booklet,65,کدرشته‌محل منبع: 30412؛ عنوان رشته در منبع: مهندسی برق؛ نحوه پذیرش: با آزمون
1402,مهندسی برق,دانشگاه صدا و سیمای جمهوری اسلامی ایران,,تهران,نوبت دوم,نوبت دوم,شرایط خاص,15,زن و مرد,نیمسال اول,انجام مصاحبه از سایر مراحل گزینش از,1402-math-booklet,65,1402-math-booklet,65,کدرشته‌محل منبع: 30414؛ عنوان رشته در منبع: مهندسی برق؛ نحوه پذیرش: با آزمون
1402,مهندسی برق,دانشگاه صنعتی امیرکبیر -تهران,,تهران,روزانه,روزانه,عادی,80,زن و مرد,نیمسال اول,,1402-math-booklet,65,1402-math-booklet,65,کدرشته‌محل منبع: 30419؛ عنوان رشته در منبع: مهندسی برق؛ نحوه پذیرش: با آزمون
1402,مهندسی برق,دانشگاه صنعتی امیرکبیر -تهران,,تهران,پردیس خودگردان,پردیس خودگردان,عادی,25,زن و مرد,نیمسال اول,-عدم تعهد در واگذاری خوابگاه؛ محل تحصیل پردیس خودگردان دانشگاه,1402-math-booklet,65,1402-math-booklet,65,کدرشته‌محل منبع: 30437؛ عنوان رشته در منبع: مهندسی برق؛ نحوه پذیرش: با آزمون
1402,مهندسی برق,دانشگاه صنعتی خواجه نصیر الدین طوسی -تهران,,تهران,روزانه,روزانه,عادی,85,زن و مرد,نیمسال اول,,1402-math-booklet,66,1402-math-booklet,66,کدرشته‌محل منبع: 30453؛ عنوان رشته در منبع: مهندسی برق؛ نحوه پذیرش: با آزمون
1402,مهندسی برق,دانشگاه صنعتی خواجه نصیر الدین طوسی -تهران,,تهران,نوبت دوم,نوبت دوم,عادی,50,زن و مرد,نیمسال اول,,1402-math-booklet,66,1402-math-booklet,66,کدرشته‌محل منبع: 30464؛ عنوان رشته در منبع: مهندسی برق؛ نحوه پذیرش: با آزمون
1402,مهندسی برق,دانشگاه صنعتی شریف -تهران,,تهران,روزانه,روزانه,عادی,165,زن و مرد,نیمسال اول,,1402-math-booklet,66,1402-math-booklet,66,کدرشته‌محل منبع: 30475؛ عنوان رشته در منبع: مهندسی برق؛ نحوه پذیرش: با آزمون
1402,مهندسی برق,دانشگاه صنعتی شریف -تهران,,تهران,پردیس خودگردان,پردیس خودگردان,عادی,15,زن و مرد,نیمسال اول,محل تحصیل پردیس خودگردان در تهران مرد زن - 5 ریاضیات و کاربردها 30485 پردیس خودگردان با آزمون؛ محل تحصیل پردیس خودگردان در تهران مرد زن - 15 علوم کامپیوتر 30486 پردیس خودگردان با آزمون؛ محل تحصیل پردیس خودگردان در تهران مرد زن - 7 فیزیک 30487 پردیس خودگردان با آزمون؛ محل تحصیل پردیس خودگردان در تهران مرد زن - 15 ؛ محل تحصیل پردیس خودگردان در تهران مرد زن - 8 مهندسی شیمی 30489 پردیس خودگردان با آزمون؛ محل تحصیل پردیس خودگردان در تهران مرد زن - 8 مهندسی صنایع 30490 پردیس خودگردان با آزمون؛ محل تحصیل پردیس خودگردان در تهران مرد زن - 5 مهندسی عمران 30491 پردیس خودگردان با آزمون,1402-math-booklet,67,1402-math-booklet,67,کدرشته‌محل منبع: 30488؛ عنوان رشته در منبع: مهندسی برق؛ نحوه پذیرش: با آزمون
1402,مهندسی برق,دانشگاه علم و صنعت ایران -تهران,,تهران,روزانه,روزانه,عادی,76,زن و مرد,نیمسال اول,,1402-math-booklet,68,1402-math-booklet,68,کدرشته‌محل منبع: 30504؛ عنوان رشته در منبع: مهندسی برق؛ نحوه پذیرش: با آزمون
1402,مهندسی برق,دانشگاه علم و صنعت ایران -تهران,,تهران,نوبت دوم,نوبت دوم,عادی,26,زن و مرد,نیمسال اول,,1402-math-booklet,68,1402-math-booklet,68,کدرشته‌محل منبع: 30519؛ عنوان رشته در منبع: مهندسی برق؛ نحوه پذیرش: با آزمون
1402,مهندسی برق,دانشگاه شهرکرد,,چهارمحال و بختیاری,روزانه,روزانه,عادی,60,زن و مرد,نیمسال اول,,1402-math-booklet,70,1402-math-booklet,70,کدرشته‌محل منبع: 30555؛ عنوان رشته در منبع: مهندسی برق؛ نحوه پذیرش: با آزمون
1402,مهندسی برق,دانشگاه بیرجند,,خراسان جنوبی,روزانه,روزانه,عادی,130,زن و مرد,نیمسال اول,,1402-math-booklet,71,1402-math-booklet,71,کدرشته‌محل منبع: 30567؛ عنوان رشته در منبع: مهندسی برق؛ نحوه پذیرش: با آزمون
1402,مهندسی برق,دانشگاه تربت حیدریه,,خراسان رضوی,روزانه,روزانه,عادی,43,زن و مرد,نیمسال اول,,1402-math-booklet,72,1402-math-booklet,72,کدرشته‌محل منبع: 30594؛ عنوان رشته در منبع: مهندسی برق؛ نحوه پذیرش: با آزمون
1402,مهندسی برق,دانشگاه حکیم سبزواری -سبزوار,,خراسان رضوی,روزانه,روزانه,عادی,40,زن و مرد,نیمسال اول,,1402-math-booklet,73,1402-math-booklet,73,کدرشته‌محل منبع: 30601؛ عنوان رشته در منبع: مهندسی برق؛ نحوه پذیرش: با آزمون
1402,مهندسی برق,دانشگاه حکیم سبزواری -سبزوار,,خراسان رضوی,نوبت دوم,نوبت دوم,عادی,5,زن و مرد,نیمسال اول,,1402-math-booklet,73,1402-math-booklet,73,کدرشته‌محل منبع: 30613؛ عنوان رشته در منبع: مهندسی برق؛ نحوه پذیرش: با آزمون
1402,مهندسی برق,دانشگاه صنعتی قوچان,,خراسان رضوی,روزانه,روزانه,عادی,60,زن و مرد,نیمسال اول,,1402-math-booklet,74,1402-math-booklet,74,کدرشته‌محل منبع: 30623؛ عنوان رشته در منبع: مهندسی برق؛ نحوه پذیرش: با آزمون
1402,مهندسی برق,دانشگاه فردوسی مشهد,,خراسان رضوی,روزانه,روزانه,عادی,120,زن و مرد,نیمسال اول,,1402-math-booklet,75,1402-math-booklet,75,کدرشته‌محل منبع: 30637؛ عنوان رشته در منبع: مهندسی برق؛ نحوه پذیرش: با آزمون
1402,مهندسی برق,دانشگاه فردوسی مشهد,,خراسان رضوی,نوبت دوم,نوبت دوم,عادی,20,زن و مرد,نیمسال اول,,1402-math-booklet,75,1402-math-booklet,75,کدرشته‌محل منبع: 30654؛ عنوان رشته در منبع: مهندسی برق؛ نحوه پذیرش: با آزمون
1402,مهندسی برق,دانشگاه نیشابور,,خراسان رضوی,روزانه,روزانه,عادی,35,زن و مرد,نیمسال اول,,1402-math-booklet,76,1402-math-booklet,76,کدرشته‌محل منبع: 30663؛ عنوان رشته در منبع: مهندسی برق؛ نحوه پذیرش: با آزمون
1402,مهندسی برق,دانشگاه نیشابور,,خراسان رضوی,نوبت دوم,نوبت دوم,عادی,7,زن و مرد,نیمسال اول,,1402-math-booklet,76,1402-math-booklet,76,کدرشته‌محل منبع: 30665؛ عنوان رشته در منبع: مهندسی برق؛ نحوه پذیرش: با آزمون
1402,مهندسی برق,مجتمع آموزش عالی گناباد,,خراسان رضوی,روزانه,روزانه,عادی,26,زن و مرد,نیمسال اول,,1402-math-booklet,76,1402-math-booklet,76,کدرشته‌محل منبع: 30667؛ عنوان رشته در منبع: مهندسی برق؛ نحوه پذیرش: با آزمون
1402,مهندسی برق,دانشگاه بجنورد,,خراسان شمالی,روزانه,روزانه,عادی,50,زن و مرد,نیمسال اول,مرد فاقد خوابگاه زن - 50 ؛ مرد فاقد خوابگاه زن - 25 30679مهندسی شهرسازی روزانه با آزمون؛ مرد فاقد خوابگاه زن - 50 30680مهندسی شیمی روزانه با آزمون؛ مرد فاقد خوابگاه زن - 40 30681مهندسی صنایع روزانه با آزمون,1402-math-booklet,78,1402-math-booklet,78,کدرشته‌محل منبع: 30678؛ عنوان رشته در منبع: مهندسی برق؛ نحوه پذیرش: با آزمون
1402,مهندسی برق,دانشگاه بجنورد,,خراسان شمالی,نوبت دوم,نوبت دوم,عادی,10,زن و مرد,نیمسال دوم,مرد فاقد خوابگاه زن - 4 35393حسابداری روزانه با آزمون؛ مرد فاقد خوابگاه زن - 3 35394روانشناسی روزانه با آزمون؛ مرد فاقد خوابگاه زن - 4 35395مدیریت بازرگانی روزانه با آزمون؛ مرد فاقد خوابگاه زن 10 - ؛ مرد فاقد خوابگاه زن 5 - 30688مهندسی شهرسازی نوبت دوم با آزمون؛ مرد فاقد خوابگاه زن 10 - 30689مهندسی شیمی نوبت دوم با آزمون؛ مرد فاقد خوابگاه زن 15 - 30690مهندسی صنایع نوبت دوم با آزمون,1402-math-booklet,78,1402-math-booklet,78,کدرشته‌محل منبع: 30687؛ عنوان رشته در منبع: مهندسی برق؛ نحوه پذیرش: با آزمون
1402,مهندسی برق,مجتمع آموزش عالی فنی و مهندسی اسفراین,,خراسان شمالی,روزانه,روزانه,عادی,38,زن و مرد,نیمسال اول,مرد فاقد خوابگاه زن 10 - 13563زبان روسی نوبت دوم صرفا با سوابق تحصیلی؛ مرد دارای خوابگاه ملکی زن - 38 ؛ مرد دارای خوابگاه ملکی زن - 38 30698مهندسی صنایع روزانه با آزمون؛ مرد دارای خوابگاه ملکی زن - 38 30699مهندسی عمران روزانه با آزمون,1402-math-booklet,79,1402-math-booklet,79,کدرشته‌محل منبع: 30696؛ عنوان رشته در منبع: مهندسی برق؛ نحوه پذیرش: با آزمون
1402,مهندسی برق,دانشگاه شهید چمران اهواز,,خوزستان,روزانه,روزانه,عادی,80,زن و مرد,نیمسال اول,,1402-math-booklet,80,1402-math-booklet,80,کدرشته‌محل منبع: 30708؛ عنوان رشته در منبع: مهندسی برق؛ نحوه پذیرش: با آزمون
1402,مهندسی برق,دانشگاه شهید چمران اهواز,,خوزستان,روزانه,روزانه,عادی,35,مرد,نیمسال اول,استان خوزستان -دانشگاه شهید چمران اهواز )محل تحصیل پردیس صنعتی شهدای هویزه(,1402-math-booklet,81,1402-math-booklet,81,کدرشته‌محل منبع: 30717؛ عنوان رشته در منبع: مهندسی برق؛ نحوه پذیرش: با آزمون
1402,مهندسی برق,دانشگاه صنعتی جندی شاپور -دزفول,,خوزستان,روزانه,روزانه,عادی,60,زن و مرد,نیمسال اول,,1402-math-booklet,81,1402-math-booklet,81,کدرشته‌محل منبع: 30727؛ عنوان رشته در منبع: مهندسی برق؛ نحوه پذیرش: با آزمون
1402,مهندسی برق,دانشگاه صنعتی خاتم الانبیاء)ص( بهبهان,,خوزستان,روزانه,روزانه,عادی,40,زن و مرد,نیمسال اول,,1402-math-booklet,81,1402-math-booklet,81,کدرشته‌محل منبع: 30738؛ عنوان رشته در منبع: مهندسی برق؛ نحوه پذیرش: با آزمون
1402,مهندسی برق,دانشگاه صنعتی خاتم الانبیاء)ص( بهبهان,,خوزستان,نوبت دوم,نوبت دوم,عادی,4,زن و مرد,نیمسال اول,,1402-math-booklet,81,1402-math-booklet,81,کدرشته‌محل منبع: 30744؛ عنوان رشته در منبع: مهندسی برق؛ نحوه پذیرش: با آزمون
1402,مهندسی برق,دانشگاه زنجان,,زنجان,روزانه,روزانه,عادی,145,زن و مرد,نیمسال اول,,1402-math-booklet,83,1402-math-booklet,83,کدرشته‌محل منبع: 30756؛ عنوان رشته در منبع: مهندسی برق؛ نحوه پذیرش: با آزمون
1402,مهندسی برق,دانشگاه دامغان,,سمنان,روزانه,روزانه,عادی,45,زن و مرد,نیمسال اول,مرد دارای خوابگاه ملکی زن - 40 30779علوم کامپیوتر روزانه با آزمون؛ مرد دارای خوابگاه ملکی زن - 45 ؛ مرد دارای خوابگاه ملکی زن - 30 30781مهندسی صنایع روزانه با آزمون؛ مرد دارای خوابگاه ملکی زن - 30 30782مهندسی عمران روزانه با آزمون؛ مرد دارای خوابگاه ملکی زن - 40 30783مهندسی کامپیوتر روزانه با آزمون,1402-math-booklet,84,1402-math-booklet,84,کدرشته‌محل منبع: 30780؛ عنوان رشته در منبع: مهندسی برق؛ نحوه پذیرش: با آزمون
1402,مهندسی برق,دانشگاه سمنان,,سمنان,روزانه,روزانه,عادی,125,زن و مرد,نیمسال اول,,1402-math-booklet,84,1402-math-booklet,84,کدرشته‌محل منبع: 30789؛ عنوان رشته در منبع: مهندسی برق؛ نحوه پذیرش: با آزمون
1402,مهندسی برق,دانشگاه سمنان,,سمنان,نوبت دوم,نوبت دوم,عادی,40,زن و مرد,نیمسال اول,,1402-math-booklet,85,1402-math-booklet,85,کدرشته‌محل منبع: 30801؛ عنوان رشته در منبع: مهندسی برق؛ نحوه پذیرش: با آزمون
1402,مهندسی برق,دانشگاه صنعتی شاهرود,,سمنان,روزانه,روزانه,عادی,110,زن و مرد,نیمسال اول,,1402-math-booklet,85,1402-math-booklet,85,کدرشته‌محل منبع: 30812؛ عنوان رشته در منبع: مهندسی برق؛ نحوه پذیرش: با آزمون
1402,مهندسی برق,دانشگاه صنعتی شاهرود,,سمنان,نوبت دوم,نوبت دوم,عادی,25,زن و مرد,نیمسال اول,,1402-math-booklet,86,1402-math-booklet,86,کدرشته‌محل منبع: 30825؛ عنوان رشته در منبع: مهندسی برق؛ نحوه پذیرش: با آزمون
1402,مهندسی برق,دانشگاه دریانوردی و علوم دریایی چابهار,,سیستان وبلوچستان,روزانه,روزانه,شرایط خاص,35,زن و مرد,نیمسال اول,پذیرش با شرایط خاص و دارای مصاحبه -,1402-math-booklet,92,1402-math-booklet,92,کدرشته‌محل منبع: 30841؛ عنوان رشته در منبع: مهندسی برق؛ نحوه پذیرش: با آزمون
1402,مهندسی برق,دانشگاه زابل,,سیستان و بلوچستان,روزانه,روزانه,عادی,30,زن و مرد,نیمسال اول,,1402-math-booklet,87,1402-math-booklet,87,کدرشته‌محل منبع: 30848؛ عنوان رشته در منبع: مهندسی برق؛ نحوه پذیرش: با آزمون
1402,مهندسی برق,دانشگاه سیستان و بلوچستان -زاهدان,,سیستان و بلوچستان,روزانه,روزانه,عادی,90,زن و مرد,نیمسال اول,,1402-math-booklet,89,1402-math-booklet,89,کدرشته‌محل منبع: 30855؛ عنوان رشته در منبع: مهندسی برق؛ نحوه پذیرش: با آزمون
1402,مهندسی برق,دانشگاه ولایت -ایرانشهر,,سیستان و بلوچستان,روزانه,روزانه,عادی,33,زن و مرد,نیمسال اول,,1402-math-booklet,90,1402-math-booklet,90,کدرشته‌محل منبع: 30866؛ عنوان رشته در منبع: مهندسی برق؛ نحوه پذیرش: با آزمون
1402,مهندسی برق,دانشگاه جهرم,,فارس,روزانه,روزانه,عادی,40,زن و مرد,نیمسال اول,دارای خوابگاه استیجاری مرد زن - 20 علوم و مهندسی آب 30873 روزانه با آزمون؛ دارای خوابگاه استیجاری مرد زن - 40 ؛ دارای خوابگاه استیجاری مرد زن - 44 مهندسی کامپیوتر 30875 روزانه با آزمون؛ دارای خوابگاه استیجاری مرد زن - 44 مهندسی مکانیک 30876 روزانه با آزمون؛ دارای خوابگاه استیجاری مرد زن - 3 حسابداری 35478 روزانه با آزمون,1402-math-booklet,92,1402-math-booklet,92,کدرشته‌محل منبع: 30874؛ عنوان رشته در منبع: مهندسی برق؛ نحوه پذیرش: با آزمون
1402,مهندسی برق,دانشگاه سلمان فارسی – کازرون,,فارس,روزانه,روزانه,عادی,35,زن و مرد,نیمسال اول,,1402-math-booklet,93,1402-math-booklet,93,کدرشته‌محل منبع: 30878؛ عنوان رشته در منبع: مهندسی برق؛ نحوه پذیرش: با آزمون
1402,مهندسی برق,دانشگاه سلمان فارسی – کازرون,,فارس,نوبت دوم,نوبت دوم,عادی,10,زن و مرد,نیمسال اول,,1402-math-booklet,93,1402-math-booklet,93,کدرشته‌محل منبع: 30882؛ عنوان رشته در منبع: مهندسی برق؛ نحوه پذیرش: با آزمون
1402,مهندسی برق,دانشگاه شیراز,,فارس,روزانه,روزانه,عادی,67,زن و مرد,نیمسال اول,دارای خوابگاه ملکی 7 8 - 15 علوم کامپیوتر 30887 روزانه با آزمون؛ دارای خوابگاه ملکی مرد زن - 20 علوم و مهندسی آب 30888 روزانه با آزمون؛ دارای خوابگاه ملکی 17 18 - 35 فیزیک 30889 روزانه با آزمون؛ دارای خوابگاه ملکی مرد زن - 67 ؛ دارای خوابگاه ملکی مرد زن - 20 مهندسی شهرسازی 30891 روزانه با آزمون؛ دارای خوابگاه ملکی مرد زن 30 - مهندسی شیمی 30892 روزانه با آزمون؛ دارای خوابگاه ملکی مرد زن - 15 مهندسی عمران 30893 روزانه با آزمون,1402-math-booklet,93,1402-math-booklet,93,کدرشته‌محل منبع: 30890؛ عنوان رشته در منبع: مهندسی برق؛ نحوه پذیرش: با آزمون
1402,مهندسی برق,دانشگاه شیراز,,فارس,نوبت دوم,نوبت دوم,عادی,5,زن و مرد,نیمسال اول,دارای خوابگاه ملکی 2 3 - 5 علوم کامپیوتر 30903 نوبت دوم با آزمون؛ دارای خوابگاه ملکی مرد زن - 5 علوم و مهندسی آب 30904 نوبت دوم با آزمون؛ دارای خوابگاه ملکی 3 2 - 5 فیزیک 30905 نوبت دوم با آزمون؛ دارای خوابگاه ملکی مرد زن - 5 ؛ دارای خوابگاه ملکی مرد زن - 5 مهندسی شهرسازی 30907 نوبت دوم با آزمون؛ دارای خوابگاه ملکی مرد زن 5 - مهندسی شیمی 30908 نوبت دوم با آزمون؛ دارای خوابگاه ملکی مرد زن - 5 مهندسی عمران 30909 نوبت دوم با آزمون,1402-math-booklet,93,1402-math-booklet,93,کدرشته‌محل منبع: 30906؛ عنوان رشته در منبع: مهندسی برق؛ نحوه پذیرش: با آزمون
1402,مهندسی برق,دانشگاه صنعتی شیراز,,فارس,روزانه,روزانه,عادی,66,زن و مرد,نیمسال اول,الکترونیکی -فاقد خوابگاه,1402-math-booklet,94,1402-math-booklet,94,کدرشته‌محل منبع: 30917؛ عنوان رشته در منبع: مهندسی برق؛ نحوه پذیرش: با آزمون
1402,مهندسی برق,دانشگاه صنعتی شیراز,,فارس,روزانه,روزانه,عادی,12,زن و مرد,نیمسال اول,عدم تعهد در واگذاری خوابگاه 6 6 - 12 30923مهندسی شیمی روزانه با آزمون؛ استان فارس -دانشگاه صنعتی شیراز )محل تحصیل مرکز آموزش عالی فیروز آباد(؛ مرد معرفی به خوابگاههای خودگردان زن - 12 ؛ مرد معرفی به خوابگاههای خودگردان زن - 12 30925مهندسی صنایع روزانه با آزمون؛ مرد معرفی به خوابگاههای خودگردان زن - 12 30926مهندسی مکانیک روزانه با آزمون,1402-math-booklet,94,1402-math-booklet,94,کدرشته‌محل منبع: 30924؛ عنوان رشته در منبع: مهندسی برق؛ نحوه پذیرش: با آزمون
1402,مهندسی برق,دانشگاه فسا,,فارس,روزانه,روزانه,عادی,37,زن و مرد,نیمسال اول,,1402-math-booklet,95,1402-math-booklet,95,کدرشته‌محل منبع: 30929؛ عنوان رشته در منبع: مهندسی برق؛ نحوه پذیرش: با آزمون
1402,مهندسی برق,دانشگاه فسا,,فارس,نوبت دوم,نوبت دوم,عادی,5,زن و مرد,نیمسال اول,,1402-math-booklet,95,1402-math-booklet,95,کدرشته‌محل منبع: 30934؛ عنوان رشته در منبع: مهندسی برق؛ نحوه پذیرش: با آزمون
1402,مهندسی برق,مرکز آموزش عالی اقلید,,فارس,روزانه,روزانه,عادی,32,زن و مرد,نیمسال اول,مرد فاقد خوابگاه زن - 17 30938معماری داخلی روزانه با آزمون,1402-math-booklet,95,1402-math-booklet,95,کدرشته‌محل منبع: 30939؛ عنوان رشته در منبع: مهندسی برق؛ نحوه پذیرش: با آزمون
1402,مهندسی برق,مرکز آموزش عالی لار,,فارس,روزانه,روزانه,عادی,21,زن و مرد,نیمسال اول,مرد دارای خوابگاه استیجاری زن - 20 30940مهندسی انرژی روزانه با آزمون؛ مرد دارای خوابگاه استیجاری زن - 21 ؛ مرد دارای خوابگاه استیجاری زن - 20 30942مهندسی ساخت و تولید روزانه با آزمون؛ مرد دارای خوابگاه استیجاری زن - 20 30943مهندسی شهرسازی روزانه با آزمون؛ مرد دارای خوابگاه استیجاری زن - 21 30944مهندسی شیمی روزانه با آزمون,1402-math-booklet,95,1402-math-booklet,95,کدرشته‌محل منبع: 30941؛ عنوان رشته در منبع: مهندسی برق؛ نحوه پذیرش: با آزمون
1402,مهندسی برق,دانشگاه بین المللی امام خمینی )ره ( -قزوین,,قزوین,روزانه,روزانه,عادی,85,زن و مرد,نیمسال اول,,1402-math-booklet,96,1402-math-booklet,96,کدرشته‌محل منبع: 30965؛ عنوان رشته در منبع: مهندسی برق؛ نحوه پذیرش: با آزمون
1402,مهندسی برق,دانشگاه بین المللی امام خمینی )ره ( -قزوین,,قزوین,نوبت دوم,نوبت دوم,عادی,15,زن و مرد,نیمسال اول,,1402-math-booklet,97,1402-math-booklet,97,کدرشته‌محل منبع: 30974؛ عنوان رشته در منبع: مهندسی برق؛ نحوه پذیرش: با آزمون
1402,مهندسی برق,مرکز آموزش عالی فنی و مهندسی بویین زهرا,,قزوین,روزانه,روزانه,عادی,35,زن و مرد,نیمسال اول,,1402-math-booklet,97,1402-math-booklet,97,کدرشته‌محل منبع: 30982؛ عنوان رشته در منبع: مهندسی برق؛ نحوه پذیرش: با آزمون
1402,مهندسی برق,مرکز آموزش عالی فنی و مهندسی بویین زهرا,,قزوین,نوبت دوم,نوبت دوم,عادی,10,زن و مرد,نیمسال اول,,1402-math-booklet,97,1402-math-booklet,97,کدرشته‌محل منبع: 30994؛ عنوان رشته در منبع: مهندسی برق؛ نحوه پذیرش: با آزمون
1402,مهندسی برق,دانشگاه صنعتی قم,,قم,روزانه,روزانه,عادی,80,زن و مرد,نیمسال اول,,1402-math-booklet,98,1402-math-booklet,98,کدرشته‌محل منبع: 31014؛ عنوان رشته در منبع: مهندسی برق؛ نحوه پذیرش: با آزمون
1402,مهندسی برق,دانشگاه قم,,قم,روزانه,روزانه,عادی,25,مرد,نیمسال اول,,1402-math-booklet,98,1402-math-booklet,98,کدرشته‌محل منبع: 31021؛ عنوان رشته در منبع: مهندسی برق؛ نحوه پذیرش: با آزمون
1402,مهندسی برق,دانشگاه کردستان -سنندج,,کردستان,روزانه,روزانه,عادی,86,زن و مرد,نیمسال اول,,1402-math-booklet,99,1402-math-booklet,99,کدرشته‌محل منبع: 31033؛ عنوان رشته در منبع: مهندسی برق؛ نحوه پذیرش: با آزمون
1402,مهندسی برق,دانشگاه جیرفت,,کرمان,روزانه,روزانه,عادی,38,زن و مرد,نیمسال اول,,1402-math-booklet,101,1402-math-booklet,101,کدرشته‌محل منبع: 31049؛ عنوان رشته در منبع: مهندسی برق؛ نحوه پذیرش: با آزمون
1402,مهندسی برق,دانشگاه شهید باهنر کرمان,,کرمان,روزانه,روزانه,عادی,80,زن و مرد,نیمسال اول,,1402-math-booklet,102,1402-math-booklet,102,کدرشته‌محل منبع: 31056؛ عنوان رشته در منبع: مهندسی برق؛ نحوه پذیرش: با آزمون
1402,مهندسی برق,دانشگاه شهید باهنر کرمان,,کرمان,نوبت دوم,نوبت دوم,عادی,20,زن و مرد,نیمسال اول,,1402-math-booklet,103,1402-math-booklet,103,کدرشته‌محل منبع: 31069؛ عنوان رشته در منبع: مهندسی برق؛ نحوه پذیرش: با آزمون
1402,مهندسی برق,دانشگاه صنعتی سیرجان,,کرمان,روزانه,روزانه,عادی,80,زن و مرد,نیمسال اول,,1402-math-booklet,104,1402-math-booklet,104,کدرشته‌محل منبع: 31078؛ عنوان رشته در منبع: مهندسی برق؛ نحوه پذیرش: با آزمون
1402,مهندسی برق,دانشگاه صنعتی سیرجان,,کرمان,نوبت دوم,نوبت دوم,عادی,10,زن و مرد,نیمسال اول,,1402-math-booklet,104,1402-math-booklet,104,کدرشته‌محل منبع: 31085؛ عنوان رشته در منبع: مهندسی برق؛ نحوه پذیرش: با آزمون
1402,مهندسی برق,دانشگاه ولی عصر)عج( رفسنجان,,کرمان,روزانه,روزانه,عادی,50,زن و مرد,نیمسال اول,,1402-math-booklet,104,1402-math-booklet,104,کدرشته‌محل منبع: 31093؛ عنوان رشته در منبع: مهندسی برق؛ نحوه پذیرش: با آزمون
1402,مهندسی برق,دانشگاه رازی -کرمانشاه,,کرمانشاه,روزانه,روزانه,عادی,60,زن و مرد,نیمسال اول,,1402-math-booklet,106,1402-math-booklet,106,کدرشته‌محل منبع: 31112؛ عنوان رشته در منبع: مهندسی برق؛ نحوه پذیرش: با آزمون
1402,مهندسی برق,دانشگاه صنعتی کرمانشاه,,کرمانشاه,روزانه,روزانه,عادی,60,زن و مرد,نیمسال اول,,1402-math-booklet,107,1402-math-booklet,107,کدرشته‌محل منبع: 31126؛ عنوان رشته در منبع: مهندسی برق؛ نحوه پذیرش: با آزمون
1402,مهندسی برق,دانشگاه یاسوج,,کهگیلویه و بویراحمد,روزانه,روزانه,عادی,80,زن و مرد,نیمسال اول,,1402-math-booklet,108,1402-math-booklet,108,کدرشته‌محل منبع: 31137؛ عنوان رشته در منبع: مهندسی برق؛ نحوه پذیرش: با آزمون
1402,مهندسی برق,دانشگاه یاسوج,,کهگیلویه و بویراحمد,نوبت دوم,نوبت دوم,عادی,10,زن و مرد,نیمسال اول,,1402-math-booklet,109,1402-math-booklet,109,کدرشته‌محل منبع: 31144؛ عنوان رشته در منبع: مهندسی برق؛ نحوه پذیرش: با آزمون
1402,مهندسی برق,دانشگاه گلستان -گرگان,,گلستان,روزانه,روزانه,عادی,32,زن و مرد,نیمسال اول,مرد عدم تعهد در واگذاری خوابگاه زن - 30 31156علوم کامپیوتر روزانه با آزمون؛ مرد عدم تعهد در واگذاری خوابگاه زن - 32 ؛ مرد عدم تعهد در واگذاری خوابگاه زن - 30 31158مهندسی پلیمر روزانه با آزمون؛ مرد عدم تعهد در واگذاری خوابگاه زن - 25 31159مهندسی صنایع روزانه با آزمون؛ مرد عدم تعهد در واگذاری خوابگاه زن - 32 31160مهندسی عمران روزانه با آزمون,1402-math-booklet,110,1402-math-booklet,110,کدرشته‌محل منبع: 31157؛ عنوان رشته در منبع: مهندسی برق؛ نحوه پذیرش: با آزمون
1402,مهندسی برق,دانشگاه گلستان -گرگان,,گلستان,نوبت دوم,نوبت دوم,عادی,5,زن و مرد,نیمسال اول,مرد عدم تعهد در واگذاری خوابگاه زن - 6 35621شیمی کاربردی روزانه با آزمون؛ مرد عدم تعهد در واگذاری خوابگاه زن - 3 35622مدیریت بازرگانی روزانه با آزمون؛ مرد عدم تعهد در واگذاری خوابگاه زن - 5 31164علوم کامپیوتر نوبت دوم با آزمون؛ مرد عدم تعهد در واگذاری خوابگاه زن - 5 ؛ مرد عدم تعهد در واگذاری خوابگاه زن - 5 31166مهندسی پلیمر نوبت دوم با آزمون؛ مرد عدم تعهد در واگذاری خوابگاه زن - 5 31167مهندسی صنایع نوبت دوم با آزمون؛ مرد عدم تعهد در واگذاری خوابگاه زن - 5 31168مهندسی عمران نوبت دوم با آزمون,1402-math-booklet,110,1402-math-booklet,110,کدرشته‌محل منبع: 31165؛ عنوان رشته در منبع: مهندسی برق؛ نحوه پذیرش: با آزمون
1402,مهندسی برق,دانشگاه گنبد,,گلستان,روزانه,روزانه,عادی,30,زن و مرد,نیمسال اول,مرد عدم تعهد در واگذاری خوابگاه زن - 5 31177مهندسی نقشه برداری نوبت دوم با آزمون,1402-math-booklet,110,1402-math-booklet,110,کدرشته‌محل منبع: 31178؛ عنوان رشته در منبع: مهندسی برق؛ نحوه پذیرش: با آزمون
1402,مهندسی برق,دانشگاه گیلان -رشت,,گیلان,روزانه,روزانه,عادی,74,زن و مرد,نیمسال اول,,1402-math-booklet,113,1402-math-booklet,113,کدرشته‌محل منبع: 31198؛ عنوان رشته در منبع: مهندسی برق؛ نحوه پذیرش: با آزمون
1402,مهندسی برق,دانشگاه گیلان -رشت,,گیلان,نوبت دوم,نوبت دوم,عادی,32,زن و مرد,نیمسال اول,,1402-math-booklet,114,1402-math-booklet,114,کدرشته‌محل منبع: 31212؛ عنوان رشته در منبع: مهندسی برق؛ نحوه پذیرش: با آزمون
1402,مهندسی برق,دانشگاه آیت اله بروجردی -بروجرد,,لرستان,روزانه,روزانه,عادی,40,زن و مرد,نیمسال اول,,1402-math-booklet,115,1402-math-booklet,115,کدرشته‌محل منبع: 31241؛ عنوان رشته در منبع: مهندسی برق؛ نحوه پذیرش: با آزمون
1402,مهندسی برق,دانشگاه آیت اله بروجردی -بروجرد,,لرستان,نوبت دوم,نوبت دوم,عادی,3,زن و مرد,نیمسال اول,,1402-math-booklet,115,1402-math-booklet,115,کدرشته‌محل منبع: 31246؛ عنوان رشته در منبع: مهندسی برق؛ نحوه پذیرش: با آزمون
1402,مهندسی برق,دانشگاه لرستان -خرم آباد,,لرستان,روزانه,روزانه,عادی,60,زن و مرد,نیمسال اول,,1402-math-booklet,115,1402-math-booklet,115,کدرشته‌محل منبع: 31252؛ عنوان رشته در منبع: مهندسی برق؛ نحوه پذیرش: با آزمون
1402,مهندسی برق,دانشگاه لرستان -خرم آباد,,لرستان,نوبت دوم,نوبت دوم,عادی,10,زن و مرد,نیمسال اول,,1402-math-booklet,116,1402-math-booklet,116,کدرشته‌محل منبع: 31259؛ عنوان رشته در منبع: مهندسی برق؛ نحوه پذیرش: با آزمون
1402,مهندسی برق,دانشگاه تخصصی فنّاوری های نوین آمل,,مازندران,روزانه,روزانه,عادی,27,زن و مرد,نیمسال اول,مرد فاقد خوابگاه زن - 27 ؛ مرد فاقد خوابگاه زن - 27 31269مهندسی شیمی روزانه با آزمون؛ مرد فاقد خوابگاه زن - 25 31270مهندسی کامپیوتر روزانه با آزمون,1402-math-booklet,117,1402-math-booklet,117,کدرشته‌محل منبع: 31268؛ عنوان رشته در منبع: مهندسی برق؛ نحوه پذیرش: با آزمون
1402,مهندسی برق,دانشگاه تخصصی فنّاوری های نوین آمل,,مازندران,نوبت دوم,نوبت دوم,عادی,5,زن و مرد,نیمسال اول,مرد فاقد خوابگاه زن - 27 31269مهندسی شیمی روزانه با آزمون؛ مرد فاقد خوابگاه زن - 25 31270مهندسی کامپیوتر روزانه با آزمون؛ مرد فاقد خوابگاه زن - 5 ؛ مرد فاقد خوابگاه زن - 5 31272مهندسی شیمی نوبت دوم با آزمون؛ مرد فاقد خوابگاه زن - 5 31273مهندسی کامپیوتر نوبت دوم با آزمون؛ مرد فاقد خوابگاه زن - 24 17756بهداشت و بازرسی گوشت روزانه صرفا با سوابق تحصیلی,1402-math-booklet,117,1402-math-booklet,117,کدرشته‌محل منبع: 31271؛ عنوان رشته در منبع: مهندسی برق؛ نحوه پذیرش: با آزمون
1402,مهندسی برق,دانشگاه صنعتی نوشیروانی بابل,,مازندران,روزانه,روزانه,عادی,84,زن و مرد,نیمسال اول,امکان ارائه خوابگاه برای دانشجویان,1402-math-booklet,117,1402-math-booklet,117,کدرشته‌محل منبع: 31276؛ عنوان رشته در منبع: مهندسی برق؛ نحوه پذیرش: با آزمون
1402,مهندسی برق,دانشگاه صنعتی نوشیروانی بابل,,مازندران,نوبت دوم,نوبت دوم,عادی,56,زن و مرد,نیمسال اول,امکان ارائه خوابگاه برای دانشجویان,1402-math-booklet,118,1402-math-booklet,118,کدرشته‌محل منبع: 31289؛ عنوان رشته در منبع: مهندسی برق؛ نحوه پذیرش: با آزمون
1402,مهندسی برق,دانشگاه علم و فنّاوری مازندران -بهشهر,,مازندران,روزانه,روزانه,عادی,78,زن و مرد,نیمسال اول,مرد معرفی به خوابگاههای خودگردان زن - 54 31300علوم کامپیوتر روزانه با آزمون؛ مرد معرفی به خوابگاههای خودگردان زن - 78 ؛ مرد معرفی به خوابگاههای خودگردان زن - 56 31302مهندسی شیمی روزانه با آزمون؛ مرد معرفی به خوابگاههای خودگردان زن - 56 31303مهندسی صنایع روزانه با آزمون؛ مرد معرفی به خوابگاههای خودگردان زن - 56 31304مهندسی عمران روزانه با آزمون,1402-math-booklet,118,1402-math-booklet,118,کدرشته‌محل منبع: 31301؛ عنوان رشته در منبع: مهندسی برق؛ نحوه پذیرش: با آزمون
1402,مهندسی برق,دانشگاه علم و فنّاوری مازندران -بهشهر,,مازندران,نوبت دوم,نوبت دوم,عادی,5,زن و مرد,نیمسال اول,مرد معرفی به خوابگاههای خودگردان زن - 56 31304مهندسی عمران روزانه با آزمون؛ مرد معرفی به خوابگاههای خودگردان زن - 49 31305مهندسی کامپیوتر روزانه با آزمون؛ مرد معرفی به خوابگاههای خودگردان زن - 5 31306علوم کامپیوتر نوبت دوم با آزمون؛ مرد معرفی به خوابگاههای خودگردان زن - 5 ؛ مرد معرفی به خوابگاههای خودگردان زن - 5 31308مهندسی شیمی نوبت دوم با آزمون؛ مرد معرفی به خوابگاههای خودگردان زن - 5 31309مهندسی صنایع نوبت دوم با آزمون؛ مرد معرفی به خوابگاههای خودگردان زن - 5 31310مهندسی عمران نوبت دوم با آزمون,1402-math-booklet,118,1402-math-booklet,118,کدرشته‌محل منبع: 31307؛ عنوان رشته در منبع: مهندسی برق؛ نحوه پذیرش: با آزمون
1402,مهندسی برق,دانشگاه مازندران -بابلسر,,مازندران,روزانه,روزانه,عادی,40,زن و مرد,نیمسال اول,,1402-math-booklet,119,1402-math-booklet,119,کدرشته‌محل منبع: 31320؛ عنوان رشته در منبع: مهندسی برق؛ نحوه پذیرش: با آزمون
1402,مهندسی برق,دانشگاه مازندران -بابلسر,,مازندران,نوبت دوم,نوبت دوم,عادی,15,زن و مرد,نیمسال اول,,1402-math-booklet,120,1402-math-booklet,120,کدرشته‌محل منبع: 31328؛ عنوان رشته در منبع: مهندسی برق؛ نحوه پذیرش: با آزمون
1402,مهندسی برق,دانشگاه اراک,,مرکزی,روزانه,روزانه,عادی,50,زن و مرد,نیمسال اول,,1402-math-booklet,122,1402-math-booklet,122,کدرشته‌محل منبع: 31368؛ عنوان رشته در منبع: مهندسی برق؛ نحوه پذیرش: با آزمون
1402,مهندسی برق,دانشگاه تفرش,,مرکزی,روزانه,روزانه,عادی,72,زن و مرد,نیمسال اول,,1402-math-booklet,122,1402-math-booklet,122,کدرشته‌محل منبع: 31379؛ عنوان رشته در منبع: مهندسی برق؛ نحوه پذیرش: با آزمون
1402,مهندسی برق,دانشگاه صنعتی اراک,,مرکزی,روزانه,روزانه,عادی,74,زن و مرد,نیمسال اول,مرد محدودیت در ارائه خوابگاه زن - 74 ؛ مرد محدودیت در ارائه خوابگاه زن - 44 31386مهندسی ساخت و تولید روزانه با آزمون؛ مرد محدودیت در ارائه خوابگاه زن - 40 31387مهندسی عمران روزانه با آزمون؛ مرد محدودیت در ارائه خوابگاه زن - 50 31388مهندسی معدن روزانه با آزمون,1402-math-booklet,123,1402-math-booklet,123,کدرشته‌محل منبع: 31385؛ عنوان رشته در منبع: مهندسی برق؛ نحوه پذیرش: با آزمون
1402,مهندسی برق,دانشگاه هرمزگان -بندر عباس,,هرمزگان,روزانه,روزانه,عادی,60,زن و مرد,نیمسال اول,,1402-math-booklet,123,1402-math-booklet,123,کدرشته‌محل منبع: 31402؛ عنوان رشته در منبع: مهندسی برق؛ نحوه پذیرش: با آزمون
1402,مهندسی برق,دانشگاه هرمزگان -بندر عباس,,هرمزگان,نوبت دوم,نوبت دوم,عادی,5,زن و مرد,نیمسال اول,,1402-math-booklet,124,1402-math-booklet,124,کدرشته‌محل منبع: 31410؛ عنوان رشته در منبع: مهندسی برق؛ نحوه پذیرش: با آزمون
1402,مهندسی برق,دانشگاه بوعلی سینا -همدان,,همدان,روزانه,روزانه,عادی,50,زن و مرد,نیمسال اول,ارائه خوابگاه در سنوات مجاز تحصیلی,1402-math-booklet,125,1402-math-booklet,125,کدرشته‌محل منبع: 31418؛ عنوان رشته در منبع: مهندسی برق؛ نحوه پذیرش: با آزمون
1402,مهندسی برق,دانشگاه صنعتی همدان,,همدان,روزانه,روزانه,عادی,75,زن و مرد,نیمسال اول,,1402-math-booklet,127,1402-math-booklet,127,کدرشته‌محل منبع: 31436؛ عنوان رشته در منبع: مهندسی برق؛ نحوه پذیرش: با آزمون
1402,مهندسی برق,دانشگاه صنعتی همدان,,همدان,نوبت دوم,نوبت دوم,عادی,16,زن و مرد,نیمسال اول,,1402-math-booklet,127,1402-math-booklet,127,کدرشته‌محل منبع: 31443؛ عنوان رشته در منبع: مهندسی برق؛ نحوه پذیرش: با آزمون
1402,مهندسی برق,دانشگاه ملایر,,همدان,روزانه,روزانه,عادی,40,زن و مرد,نیمسال اول,,1402-math-booklet,128,1402-math-booklet,128,کدرشته‌محل منبع: 31451؛ عنوان رشته در منبع: مهندسی برق؛ نحوه پذیرش: با آزمون
1402,مهندسی برق,دانشگاه ملایر,,همدان,نوبت دوم,نوبت دوم,عادی,10,زن و مرد,نیمسال اول,,1402-math-booklet,128,1402-math-booklet,128,کدرشته‌محل منبع: 31459؛ عنوان رشته در منبع: مهندسی برق؛ نحوه پذیرش: با آزمون
1402,مهندسی برق,دانشگاه اردکان,,یزد,روزانه,روزانه,عادی,23,زن و مرد,نیمسال اول,,1402-math-booklet,130,1402-math-booklet,130,کدرشته‌محل منبع: 31476؛ عنوان رشته در منبع: مهندسی برق؛ نحوه پذیرش: با آزمون
1402,مهندسی برق,دانشگاه یزد,,یزد,روزانه,روزانه,عادی,119,زن و مرد,نیمسال اول,,1402-math-booklet,131,1402-math-booklet,131,کدرشته‌محل منبع: 31488؛ عنوان رشته در منبع: مهندسی برق؛ نحوه پذیرش: با آزمون
1402,مهندسی برق,دانشگاه ایلام,,محروم ایلام,در جدول ذکر نشده,,شرایط خاص,2,زن و مرد,نیمسال اول,,1402-math-booklet,172,1402-math-booklet,172,کدرشته‌محل منبع: 36502؛ عنوان رشته در منبع: مهندسی برق؛ نحوه پذیرش: با آزمون
1402,مهندسی برق,دانشگاه زابل,,محروم سیستان وبلوچستان,در جدول ذکر نشده,,شرایط خاص,1,زن,نیمسال اول,مخصوص داوطلبان بومی استان محروم سیستان وبلوچستان,1402-math-booklet,173,1402-math-booklet,173,کدرشته‌محل منبع: 36543؛ عنوان رشته در منبع: مهندسی برق؛ نحوه پذیرش: با آزمون
1402,مهندسی برق,دانشگاه زابل,,محروم سیستان وبلوچستان,در جدول ذکر نشده,,شرایط خاص,1,مرد,نیمسال اول,مخصوص داوطلبان بومی استان محروم سیستان وبلوچستان,1402-math-booklet,173,1402-math-booklet,173,کدرشته‌محل منبع: 36543؛ عنوان رشته در منبع: مهندسی برق؛ نحوه پذیرش: با آزمون
1402,مهندسی برق,دانشگاه کردستان -سنندج,,محروم کردستان,در جدول ذکر نشده,,شرایط خاص,1,زن و مرد,نیمسال اول,مرد دانشگاه هنر اسلامی تبریز -فاقد خوابگاه - - 1 36550چند رسانه ای با آزمون؛ دانشگاه هنر اسلامی تبریز -فاقد خوابگاه زن 1 - 36551چند رسانه ای با آزمون,1402-math-booklet,174,1402-math-booklet,174,کدرشته‌محل منبع: 36552؛ عنوان رشته در منبع: مهندسی برق؛ نحوه پذیرش: با آزمون
1402,مهندسی برق,دانشگاه صنعتی کرمانشاه,,محروم کرمانشاه,در جدول ذکر نشده,,شرایط خاص,1,زن,نیمسال اول,دانشگاه هنر اسلامی تبریز -فاقد خوابگاه - زن 1 - صرفا با سوابق تحصیلی 19383طراحی و ساخت طلا و جواهر؛ مخصوص داوطلبان بومی استان محروم کرمانشاه,1402-math-booklet,174,1402-math-booklet,174,کدرشته‌محل منبع: 36562؛ عنوان رشته در منبع: مهندسی برق؛ نحوه پذیرش: با آزمون
1402,مهندسی برق,دانشگاه صنعتی کرمانشاه,,محروم کرمانشاه,در جدول ذکر نشده,,شرایط خاص,2,مرد,نیمسال اول,دانشگاه هنر اسلامی تبریز -فاقد خوابگاه - زن 1 - صرفا با سوابق تحصیلی 19383طراحی و ساخت طلا و جواهر؛ مخصوص داوطلبان بومی استان محروم کرمانشاه,1402-math-booklet,174,1402-math-booklet,174,کدرشته‌محل منبع: 36562؛ عنوان رشته در منبع: مهندسی برق؛ نحوه پذیرش: با آزمون
1402,مهندسی برق,دانشگاه یاسوج,,محروم کهکیلویه وبویراحمد,در جدول ذکر نشده,,شرایط خاص,2,زن و مرد,نیمسال اول,مرد دانشگاه شیراز -دارای خوابگاه ملکی زن - 1 36578علوم و مهندسی آب با آزمون؛ مرد دانشگاه یاسوج )محل تحصیل دانشکده نفت وگاز گچساران( زن - 1 36579مهندسی انرژی با آزمون؛ مرد دانشگاه یاسوج )محل تحصیل دانشکده نفت وگاز گچساران( زن - 1 36581مهندسی پلیمر با آزمون,1402-math-booklet,175,1402-math-booklet,175,کدرشته‌محل منبع: 36580؛ عنوان رشته در منبع: مهندسی برق؛ نحوه پذیرش: با آزمون
1402,مهندسی برق,دانشگاه لرستان -خرم آباد,,محروم لرستان,در جدول ذکر نشده,,شرایط خاص,2,زن و مرد,نیمسال اول,مخصوص داوطلبان بومی استان محروم لرستان,1402-math-booklet,175,1402-math-booklet,175,کدرشته‌محل منبع: 36597؛ عنوان رشته در منبع: مهندسی برق؛ نحوه پذیرش: با آزمون
1402,مهندسی برق,مرکز آموزش عالی لار,,محروم هرمزگان,در جدول ذکر نشده,,شرایط خاص,1,زن و مرد,نیمسال اول,دانشگاه صنعتی شیراز )محل تحصیل مرکز آموزش عالی لامرد( -؛ عدم تعهد در واگذاری خوابگاه؛ مرد مرکز آموزش عالی لار -دارای خوابگاه استیجاری زن - 1 ؛ مرد دانشگاه یاسوج )محل تحصیل دانشکده نفت وگاز گچساران( زن - 1 36619مهندسی پلیمر با آزمون؛ دانشگاه صنعتی امیرکبیر -تهران )محل تحصیل پردیس,1402-math-booklet,176,1402-math-booklet,176,کدرشته‌محل منبع: 36618؛ عنوان رشته در منبع: مهندسی برق؛ نحوه پذیرش: با آزمون
1402,مهندسی برق,دانشگاه ارومیه,,آذربایجان غربی,در جدول ذکر نشده,,شرایط خاص,1,زن و مرد,نیمسال اول,دانشگاه صنعتی ارومیه )محل تحصیل دانشکده فنی و مهندسی,1402-math-booklet,177,1402-math-booklet,177,کدرشته‌محل منبع: 36771؛ عنوان رشته در منبع: مهندسی برق؛ نحوه پذیرش: با آزمون
1402,مهندسی برق,دانشگاه صنعتی ارومیه,,آذربایجان غربی,در جدول ذکر نشده,,شرایط خاص,3,زن و مرد,نیمسال اول,دانشگاه صنعتی ارومیه )محل تحصیل دانشکده فنی و مهندسی,1402-math-booklet,177,1402-math-booklet,177,کدرشته‌محل منبع: 36772؛ عنوان رشته در منبع: مهندسی برق؛ نحوه پذیرش: با آزمون
1402,مهندسی برق,دانشگاه صنعتی ارومیه,,آذربایجان غربی,در جدول ذکر نشده,,شرایط خاص,1,زن و مرد,نیمسال اول,,1402-math-booklet,177,1402-math-booklet,177,کدرشته‌محل منبع: 36773؛ عنوان رشته در منبع: مهندسی برق؛ نحوه پذیرش: با آزمون
1402,مهندسی برق,دانشگاه محقق اردبیلی -اردبیل,,اردبیل,در جدول ذکر نشده,,شرایط خاص,2,زن و مرد,نیمسال اول,دانشگاه محقق اردبیلی -اردبیل )محل تحصیل دانشکده فناوری,1402-math-booklet,178,1402-math-booklet,178,کدرشته‌محل منبع: 36803؛ عنوان رشته در منبع: مهندسی برق؛ نحوه پذیرش: با آزمون
1402,مهندسی برق,دانشگاه شهید بهشتی -تهران,,تهران,در جدول ذکر نشده,,شرایط خاص,1,زن و مرد,نیمسال اول,دانشگاه شهید بهشتی -تهران )محل تحصیل پردیس فنی و,1402-math-booklet,179,1402-math-booklet,179,کدرشته‌محل منبع: 36824؛ عنوان رشته در منبع: مهندسی برق؛ نحوه پذیرش: با آزمون
1402,مهندسی برق,دانشگاه صنعتی امیرکبیر -تهران,,تهران,در جدول ذکر نشده,,شرایط خاص,1,زن و مرد,نیمسال اول,,1402-math-booklet,179,1402-math-booklet,179,کدرشته‌محل منبع: 36825؛ عنوان رشته در منبع: مهندسی برق؛ نحوه پذیرش: با آزمون
1402,مهندسی برق,دانشگاه صنعتی خواجه نصیر الدین طوسی -تهران,,تهران,در جدول ذکر نشده,,شرایط خاص,1,زن و مرد,نیمسال اول,,1402-math-booklet,179,1402-math-booklet,179,کدرشته‌محل منبع: 36826؛ عنوان رشته در منبع: مهندسی برق؛ نحوه پذیرش: با آزمون
1402,مهندسی برق,دانشگاه علم و صنعت ایران -تهران,,تهران,در جدول ذکر نشده,,شرایط خاص,1,زن و مرد,نیمسال اول,,1402-math-booklet,179,1402-math-booklet,179,کدرشته‌محل منبع: 36827؛ عنوان رشته در منبع: مهندسی برق؛ نحوه پذیرش: با آزمون
1402,مهندسی برق,دانشگاه شهرکرد,,چهارمحال و بختیاری,در جدول ذکر نشده,,شرایط خاص,1,زن و مرد,نیمسال اول,,1402-math-booklet,180,1402-math-booklet,180,کدرشته‌محل منبع: 36878؛ عنوان رشته در منبع: مهندسی برق؛ نحوه پذیرش: با آزمون
1402,مهندسی برق,دانشگاه جهرم,,فارس,در جدول ذکر نشده,,شرایط خاص,2,زن و مرد,نیمسال اول,دانشگاه صنعتی شیراز )محل تحصیل مرکز آموزش عالی لامرد( -؛ عدم تعهد در واگذاری خوابگاه؛ مرد دانشگاه جهرم -دارای خوابگاه استیجاری زن - 2 ,1402-math-booklet,181,1402-math-booklet,181,کدرشته‌محل منبع: 36898؛ عنوان رشته در منبع: مهندسی برق؛ نحوه پذیرش: با آزمون
1402,مهندسی برق,دانشگاه سلمان فارسی -کازرون,,فارس,در جدول ذکر نشده,,شرایط خاص,2,زن و مرد,نیمسال اول,,1402-math-booklet,181,1402-math-booklet,181,کدرشته‌محل منبع: 36899؛ عنوان رشته در منبع: مهندسی برق؛ نحوه پذیرش: با آزمون
1402,مهندسی برق,دانشگاه شیراز,,فارس,در جدول ذکر نشده,,شرایط خاص,2,زن و مرد,نیمسال اول,مرد دانشگاه شیراز -دارای خوابگاه ملکی زن - 2 ,1402-math-booklet,181,1402-math-booklet,181,کدرشته‌محل منبع: 36900؛ عنوان رشته در منبع: مهندسی برق؛ نحوه پذیرش: با آزمون
1402,مهندسی برق,دانشگاه صنعتی شیراز,,فارس,در جدول ذکر نشده,,شرایط خاص,2,زن و مرد,نیمسال اول,دانشگاه صنعتی شیراز )محل تحصیل مرکز آموزش عالی فیروز,1402-math-booklet,181,1402-math-booklet,181,کدرشته‌محل منبع: 36901؛ عنوان رشته در منبع: مهندسی برق؛ نحوه پذیرش: با آزمون
1402,مهندسی برق,دانشگاه صنعتی شیراز,,فارس,در جدول ذکر نشده,,شرایط خاص,1,زن و مرد,نیمسال اول,دانشگاه صنعتی شیراز )محل تحصیل مرکز آموزش عالی فیروز؛ آباد( -معرفی به خوابگاههای خودگردان,1402-math-booklet,181,1402-math-booklet,181,کدرشته‌محل منبع: 36902؛ عنوان رشته در منبع: مهندسی برق؛ نحوه پذیرش: با آزمون
1402,مهندسی برق,دانشگاه فسا,,فارس,در جدول ذکر نشده,,شرایط خاص,2,زن و مرد,نیمسال اول,آباد( -معرفی به خوابگاههای خودگردان,1402-math-booklet,181,1402-math-booklet,181,کدرشته‌محل منبع: 36903؛ عنوان رشته در منبع: مهندسی برق؛ نحوه پذیرش: با آزمون
1402,مهندسی برق,مرکز آموزش عالی اقلید,,فارس,در جدول ذکر نشده,,شرایط خاص,2,زن و مرد,نیمسال اول,,1402-math-booklet,181,1402-math-booklet,181,کدرشته‌محل منبع: 36904؛ عنوان رشته در منبع: مهندسی برق؛ نحوه پذیرش: با آزمون
1402,مهندسی برق,مرکز آموزش عالی لار,,فارس,در جدول ذکر نشده,,شرایط خاص,2,زن و مرد,نیمسال اول,مرد مرکز آموزش عالی لار -دارای خوابگاه استیجاری زن - 2 ؛ آموزشکده فنی و حرفهای دختران شیراز -فاقد خوابگاه - زن - 1 36906مهندسی حرفه ای معماری با آزمون؛ آموزشکده فنی و حرفهای دختران شیراز -فاقد خوابگاه - زن 1 - 36907مهندسی حرفه ای معماری با آزمون,1402-math-booklet,181,1402-math-booklet,181,کدرشته‌محل منبع: 36905؛ عنوان رشته در منبع: مهندسی برق؛ نحوه پذیرش: با آزمون
1402,مهندسی برق,دانشگاه جیرفت,,کرمان,در جدول ذکر نشده,,شرایط خاص,1,زن و مرد,نیمسال اول,,1402-math-booklet,183,1402-math-booklet,183,کدرشته‌محل منبع: 36944؛ عنوان رشته در منبع: مهندسی برق؛ نحوه پذیرش: با آزمون
1402,مهندسی برق,دانشگاه شهید باهنر کرمان,,کرمان,در جدول ذکر نشده,,شرایط خاص,1,زن و مرد,نیمسال اول,,1402-math-booklet,183,1402-math-booklet,183,کدرشته‌محل منبع: 36945؛ عنوان رشته در منبع: مهندسی برق؛ نحوه پذیرش: با آزمون
1402,مهندسی برق,دانشگاه صنعتی سیرجان,,کرمان,در جدول ذکر نشده,,شرایط خاص,1,زن و مرد,نیمسال اول,,1402-math-booklet,183,1402-math-booklet,183,کدرشته‌محل منبع: 36946؛ عنوان رشته در منبع: مهندسی برق؛ نحوه پذیرش: با آزمون
1402,مهندسی برق,دانشگاه ولی عصر)عج( رفسنجان,,کرمان,در جدول ذکر نشده,,شرایط خاص,4,زن و مرد,نیمسال اول,,1402-math-booklet,183,1402-math-booklet,183,کدرشته‌محل منبع: 36947؛ عنوان رشته در منبع: مهندسی برق؛ نحوه پذیرش: با آزمون
1402,مهندسی برق,دانشگاه یاسوج,,کهگیلویه و بویراحمد,در جدول ذکر نشده,,شرایط خاص,2,زن و مرد,نیمسال اول,سهمیه مخصوص داوطلبان بومی مناطق درگیر بلایای طبیعی)سیل ،زلزله و (...استان کهگیلویه و بویراحمد؛ مرد دانشگاه یاسوج )محل تحصیل دانشکده نفت وگاز گچساران( زن - 1 36976مهندسی انرژی با آزمون؛ مرد دانشگاه یاسوج )محل تحصیل دانشکده نفت وگاز گچساران( زن - 2 36978مهندسی پلیمر با آزمون,1402-math-booklet,185,1402-math-booklet,185,کدرشته‌محل منبع: 36977؛ عنوان رشته در منبع: مهندسی برق؛ نحوه پذیرش: با آزمون
1402,مهندسی برق,دانشگاه جیرفت,,کرمان,در جدول ذکر نشده,,شرایط خاص,1,زن و مرد,نیمسال اول,,1402-math-booklet,186,1402-math-booklet,186,کدرشته‌محل منبع: 37244؛ عنوان رشته در منبع: مهندسی برق؛ نحوه پذیرش: با آزمون
1402,مهندسی برق,دانشگاه تبریز,,آذربایجان شرقی,روزانه,روزانه,بورسیه / شرایط خاص,2,زن و مرد,نیمسال اول,بورسیه انرژی اتمی -استان آذربایجان شرقی -دانشگاه تبریز؛ برای دارندگان رتبه کشوری تا 3000,1402-math-booklet,168,1402-math-booklet,168,کدرشته‌محل منبع: 38201؛ عنوان رشته در منبع: مهندسی برق؛ نحوه پذیرش: با آزمون
1402,مهندسی برق,دانشگاه اصفهان,,اصفهان,روزانه,روزانه,بورسیه / شرایط خاص,2,زن و مرد,نیمسال اول,بورسیه انرژی اتمی -استان اصفهان -دانشگاه اصفهان؛ برای دارندگان رتبه کشوری تا 3500,1402-math-booklet,168,1402-math-booklet,168,کدرشته‌محل منبع: 38207؛ عنوان رشته در منبع: مهندسی برق؛ نحوه پذیرش: با آزمون
1402,مهندسی برق,دانشگاه صنعتی اصفهان,,اصفهان,روزانه,روزانه,بورسیه / شرایط خاص,2,زن و مرد,نیمسال اول,بورسیه انرژی اتمی -استان اصفهان -دانشگاه صنعتی اصفهان؛ برای دارندگان رتبه کشوری تا 3000,1402-math-booklet,168,1402-math-booklet,168,کدرشته‌محل منبع: 38211؛ عنوان رشته در منبع: مهندسی برق؛ نحوه پذیرش: با آزمون
1402,مهندسی برق,دانشگاه تهران,,تهران,روزانه,روزانه,بورسیه / شرایط خاص,2,زن و مرد,نیمسال اول,برای دارندگان رتبه کشوری تا 2000,1402-math-booklet,169,1402-math-booklet,169,کدرشته‌محل منبع: 38217؛ عنوان رشته در منبع: مهندسی برق؛ نحوه پذیرش: با آزمون
1402,مهندسی برق,دانشگاه صنعتی امیرکبیر -تهران,,تهران,روزانه,روزانه,بورسیه / شرایط خاص,2,زن و مرد,نیمسال اول,بورسیه انرژی اتمی -استان تهران -دانشگاه صنعتی امیرکبیر -تهران؛ برای دارندگان رتبه کشوری تا 2000,1402-math-booklet,169,1402-math-booklet,169,کدرشته‌محل منبع: 38223؛ عنوان رشته در منبع: مهندسی برق؛ نحوه پذیرش: با آزمون
1402,مهندسی برق,دانشگاه صنعتی خواجه نصیر الدین طوسی -تهران,,تهران,روزانه,روزانه,بورسیه / شرایط خاص,2,زن و مرد,نیمسال اول,بورسیه انرژی اتمی -استان تهران -دانشگاه صنعتی خواجه نصیر الدین طوسی -تهران؛ مرد برای دارندگان رتبه کشوری تا 2500 زن - 1 38231مهندسی کامپیوتر روزانه با آزمون,1402-math-booklet,169,1402-math-booklet,169,کدرشته‌محل منبع: 38229؛ عنوان رشته در منبع: مهندسی برق؛ نحوه پذیرش: با آزمون
1402,مهندسی برق,دانشگاه شهید بهشتی -تهران,,تهران,روزانه,روزانه,بورسیه / شرایط خاص,2,زن و مرد,نیمسال اول,بورسیه انرژی اتمی -استان تهران -دانشگاه شهید بهشتی -تهران؛ مرد برای دارندگان رتبه کشوری تا 2000 زن - 2 ؛ برای دارندگان رتبه کشوری تا 2000 2؛ مرد -محل تحصیل پردیس فنی و مهندسی زن - 38236مهندسی صنایع روزانه با آزمون,1402-math-booklet,169,1402-math-booklet,169,کدرشته‌محل منبع: 38234؛ عنوان رشته در منبع: مهندسی برق؛ نحوه پذیرش: با آزمون
1402,مهندسی برق,دانشگاه علم و صنعت ایران -تهران,,تهران,روزانه,روزانه,بورسیه / شرایط خاص,2,زن و مرد,نیمسال اول,بورسیه انرژی اتمی -استان تهران -دانشگاه علم و صنعت ایران -تهران؛ برای دارندگان رتبه کشوری تا 2500,1402-math-booklet,169,1402-math-booklet,169,کدرشته‌محل منبع: 38240؛ عنوان رشته در منبع: مهندسی برق؛ نحوه پذیرش: با آزمون
1402,مهندسی برق,دانشگاه فردوسی مشهد,,خراسان رضوی,روزانه,روزانه,بورسیه / شرایط خاص,2,زن و مرد,نیمسال اول,بورسیه انرژی اتمی -استان خراسان رضوی -دانشگاه فردوسی مشهد؛ برای دارندگان رتبه کشوری تا 3000,1402-math-booklet,169,1402-math-booklet,169,کدرشته‌محل منبع: 38246؛ عنوان رشته در منبع: مهندسی برق؛ نحوه پذیرش: با آزمون
1402,مهندسی برق,دانشگاه شیراز,,فارس,روزانه,روزانه,بورسیه / شرایط خاص,2,زن و مرد,نیمسال اول,بورسیه انرژی اتمی -استان فارس -دانشگاه شیراز؛ برای دارندگان رتبه کشوری تا 3000,1402-math-booklet,169,1402-math-booklet,169,کدرشته‌محل منبع: 38252؛ عنوان رشته در منبع: مهندسی برق؛ نحوه پذیرش: با آزمون
1402,مهندسی برق,دانشگاه کاشان,,اصفهان,روزانه,روزانه,بورسیه / شرایط خاص,2,زن,نیمسال اول,شرایط پذیرش در دفترچه «پیوست‌ها»؛ بورسیه سایپا,1402-correction-5,6,1402-math-booklet,166,کدرشته‌محل منبع: 38260؛ عنوان رشته در منبع: مهندسی برق؛ نحوه پذیرش: با آزمون؛ اصلاحیه ظرفیت: افزایش ظرفیت از 15 نفر (13 مرد، 2 زن) به 20 نفر (18 مرد، 2 زن)
1402,مهندسی برق,دانشگاه کاشان,,اصفهان,روزانه,روزانه,بورسیه / شرایط خاص,18,مرد,نیمسال اول,شرایط پذیرش در دفترچه «پیوست‌ها»؛ بورسیه سایپا,1402-correction-5,6,1402-math-booklet,166,کدرشته‌محل منبع: 38260؛ عنوان رشته در منبع: مهندسی برق؛ نحوه پذیرش: با آزمون؛ اصلاحیه ظرفیت: افزایش ظرفیت از 15 نفر (13 مرد، 2 زن) به 20 نفر (18 مرد، 2 زن)
1402,مهندسی برق,دانشگاه تهران,,تهران,روزانه,روزانه,بورسیه / شرایط خاص,2,زن,نیمسال اول,شرایط پذیرش در دفترچه «پیوست‌ها»؛ بورسیه سایپا؛ برای دارندگان رتبه کشوری تا 2000,1402-correction-5,6,1402-math-booklet,166,کدرشته‌محل منبع: 38262؛ عنوان رشته در منبع: مهندسی برق؛ نحوه پذیرش: با آزمون؛ اصلاحیه ظرفیت: کاهش ظرفیت از 40 نفر (36 مرد، 4 زن) به 20 نفر (18 مرد، 2 زن)
1402,مهندسی برق,دانشگاه تهران,,تهران,روزانه,روزانه,بورسیه / شرایط خاص,18,مرد,نیمسال اول,شرایط پذیرش در دفترچه «پیوست‌ها»؛ بورسیه سایپا؛ برای دارندگان رتبه کشوری تا 2000,1402-correction-5,6,1402-math-booklet,166,کدرشته‌محل منبع: 38262؛ عنوان رشته در منبع: مهندسی برق؛ نحوه پذیرش: با آزمون؛ اصلاحیه ظرفیت: کاهش ظرفیت از 40 نفر (36 مرد، 4 زن) به 20 نفر (18 مرد، 2 زن)
1402,مهندسی برق,دانشگاه شهید بهشتی -تهران,,تهران,روزانه,روزانه,بورسیه / شرایط خاص,3,زن,نیمسال اول,شرایط پذیرش در دفترچه «پیوست‌ها»؛ بورسیه سایپا؛ برای دارندگان رتبه کشوری تا 3000,1402-correction-5,6,1402-math-booklet,166,کدرشته‌محل منبع: 38268؛ عنوان رشته در منبع: مهندسی برق؛ نحوه پذیرش: با آزمون؛ اصلاحیه ظرفیت: افزایش ظرفیت از 25 نفر (22 مرد، 3 زن) به 30 نفر (27 مرد، 3 زن)
1402,مهندسی برق,دانشگاه شهید بهشتی -تهران,,تهران,روزانه,روزانه,بورسیه / شرایط خاص,27,مرد,نیمسال اول,شرایط پذیرش در دفترچه «پیوست‌ها»؛ بورسیه سایپا؛ برای دارندگان رتبه کشوری تا 3000,1402-correction-5,6,1402-math-booklet,166,کدرشته‌محل منبع: 38268؛ عنوان رشته در منبع: مهندسی برق؛ نحوه پذیرش: با آزمون؛ اصلاحیه ظرفیت: افزایش ظرفیت از 25 نفر (22 مرد، 3 زن) به 30 نفر (27 مرد، 3 زن)
1402,مهندسی برق,دانشگاه صنعتی امیرکبیر -تهران,,تهران,روزانه,روزانه,بورسیه / شرایط خاص,3,زن,نیمسال اول,بورسیه سایپا -استان تهران -دانشگاه صنعتی امیرکبیر -تهران؛ شرایط پذیرش در دفترچه »پیوستها«؛ - 22برای دارندگان رتبه کشوری تا 3 - 25  2000؛ - 13برای دارندگان رتبه کشوری تا 2 - 15 38274مهندسی شیمی روزانه با آزمون,1402-math-booklet,166,1402-math-booklet,166,کدرشته‌محل منبع: 38273؛ عنوان رشته در منبع: مهندسی برق؛ نحوه پذیرش: با آزمون
1402,مهندسی برق,دانشگاه صنعتی امیرکبیر -تهران,,تهران,روزانه,روزانه,بورسیه / شرایط خاص,22,مرد,نیمسال اول,بورسیه سایپا -استان تهران -دانشگاه صنعتی امیرکبیر -تهران؛ شرایط پذیرش در دفترچه »پیوستها«؛ - 22برای دارندگان رتبه کشوری تا 3 - 25  2000؛ - 13برای دارندگان رتبه کشوری تا 2 - 15 38274مهندسی شیمی روزانه با آزمون,1402-math-booklet,166,1402-math-booklet,166,کدرشته‌محل منبع: 38273؛ عنوان رشته در منبع: مهندسی برق؛ نحوه پذیرش: با آزمون
1402,مهندسی برق,دانشگاه صنعتی خواجه نصیر الدین طوسی -تهران,,تهران,روزانه,روزانه,بورسیه / شرایط خاص,4,زن,نیمسال اول,بورسیه سایپا -استان تهران -دانشگاه صنعتی خواجه نصیر الدین طوسی -تهران؛ شرایط پذیرش در دفترچه »پیوستها«؛ - 31برای دارندگان رتبه کشوری تا 4 - 35  3000؛ - 22برای دارندگان رتبه کشوری تا 3 - 25 38280مهندسی صنایع روزانه با آزمون,1402-math-booklet,167,1402-math-booklet,167,کدرشته‌محل منبع: 38279؛ عنوان رشته در منبع: مهندسی برق؛ نحوه پذیرش: با آزمون
1402,مهندسی برق,دانشگاه صنعتی خواجه نصیر الدین طوسی -تهران,,تهران,روزانه,روزانه,بورسیه / شرایط خاص,31,مرد,نیمسال اول,بورسیه سایپا -استان تهران -دانشگاه صنعتی خواجه نصیر الدین طوسی -تهران؛ شرایط پذیرش در دفترچه »پیوستها«؛ - 31برای دارندگان رتبه کشوری تا 4 - 35  3000؛ - 22برای دارندگان رتبه کشوری تا 3 - 25 38280مهندسی صنایع روزانه با آزمون,1402-math-booklet,167,1402-math-booklet,167,کدرشته‌محل منبع: 38279؛ عنوان رشته در منبع: مهندسی برق؛ نحوه پذیرش: با آزمون
1402,مهندسی برق,دانشگاه علم و صنعت ایران -تهران,,تهران,روزانه,روزانه,بورسیه / شرایط خاص,4,زن,نیمسال اول,شرایط پذیرش در دفترچه «پیوست‌ها»؛ بورسیه سایپا؛ برای دارندگان رتبه کشوری تا 3000,1402-correction-5,6,1402-math-booklet,167,کدرشته‌محل منبع: 38287؛ عنوان رشته در منبع: مهندسی برق؛ نحوه پذیرش: با آزمون؛ اصلاحیه شرط پذیرش: حداکثر رتبه کشوری 3000
1402,مهندسی برق,دانشگاه علم و صنعت ایران -تهران,,تهران,روزانه,روزانه,بورسیه / شرایط خاص,31,مرد,نیمسال اول,شرایط پذیرش در دفترچه «پیوست‌ها»؛ بورسیه سایپا؛ برای دارندگان رتبه کشوری تا 3000,1402-correction-5,6,1402-math-booklet,167,کدرشته‌محل منبع: 38287؛ عنوان رشته در منبع: مهندسی برق؛ نحوه پذیرش: با آزمون؛ اصلاحیه شرط پذیرش: حداکثر رتبه کشوری 3000
1402,مهندسی برق,دانشگاه صنعتی شاهرود,,سمنان,روزانه,روزانه,بورسیه / شرایط خاص,3,زن,نیمسال اول,بورسیه سایپا -استان سمنان -دانشگاه صنعتی شاهرود؛ 22شرایط پذیرش در دفترچه »پیوستها« 3 - 25 ؛ 13شرایط پذیرش در دفترچه »پیوستها« 2 - 15 38295مهندسی شیمی روزانه با آزمون؛ 18شرایط پذیرش در دفترچه »پیوستها« 2 - 20 38296مهندسی صنایع روزانه با آزمون؛ 18شرایط پذیرش در دفترچه »پیوستها« 2 - 20 38297مهندسی کامپیوتر روزانه با آزمون,1402-math-booklet,168,1402-math-booklet,168,کدرشته‌محل منبع: 38294؛ عنوان رشته در منبع: مهندسی برق؛ نحوه پذیرش: با آزمون
1402,مهندسی برق,دانشگاه صنعتی شاهرود,,سمنان,روزانه,روزانه,بورسیه / شرایط خاص,22,مرد,نیمسال اول,بورسیه سایپا -استان سمنان -دانشگاه صنعتی شاهرود؛ 22شرایط پذیرش در دفترچه »پیوستها« 3 - 25 ؛ 13شرایط پذیرش در دفترچه »پیوستها« 2 - 15 38295مهندسی شیمی روزانه با آزمون؛ 18شرایط پذیرش در دفترچه »پیوستها« 2 - 20 38296مهندسی صنایع روزانه با آزمون؛ 18شرایط پذیرش در دفترچه »پیوستها« 2 - 20 38297مهندسی کامپیوتر روزانه با آزمون,1402-math-booklet,168,1402-math-booklet,168,کدرشته‌محل منبع: 38294؛ عنوان رشته در منبع: مهندسی برق؛ نحوه پذیرش: با آزمون
1402,مهندسی برق,دانشگاه بین المللی امام خمینی )ره ( -قزوین,,قزوین,روزانه,روزانه,بورسیه / شرایط خاص,2,زن,نیمسال اول,شرایط پذیرش در دفترچه «پیوست‌ها»؛ بورسیه سایپا,1402-correction-5,6,1402-math-booklet,168,کدرشته‌محل منبع: 38300؛ عنوان رشته در منبع: مهندسی برق؛ نحوه پذیرش: با آزمون؛ اصلاحیه ظرفیت: افزایش ظرفیت از 15 نفر (13 مرد، 2 زن) به 20 نفر (18 مرد، 2 زن)
1402,مهندسی برق,دانشگاه بین المللی امام خمینی )ره ( -قزوین,,قزوین,روزانه,روزانه,بورسیه / شرایط خاص,18,مرد,نیمسال اول,شرایط پذیرش در دفترچه «پیوست‌ها»؛ بورسیه سایپا,1402-correction-5,6,1402-math-booklet,168,کدرشته‌محل منبع: 38300؛ عنوان رشته در منبع: مهندسی برق؛ نحوه پذیرش: با آزمون؛ اصلاحیه ظرفیت: افزایش ظرفیت از 15 نفر (13 مرد، 2 زن) به 20 نفر (18 مرد، 2 زن)
1402,مهندسی برق,دانشگاه تبریز,,آذربایجان شرقی,روزانه,روزانه,بورسیه / شرایط خاص,5,مرد,نیمسال اول,بورسیه صنعتی -استان آذربایجان شرقی -دانشگاه تبریز؛ شرایط پذیرش در دفترچه »پیوستها«,1402-math-booklet,136,1402-math-booklet,136,کدرشته‌محل منبع: 38303؛ عنوان رشته در منبع: مهندسی برق؛ نحوه پذیرش: با آزمون
1402,مهندسی برق,دانشگاه تبریز,,آذربایجان شرقی,روزانه,روزانه,بورسیه / شرایط خاص,2,مرد,نیمسال اول,شرایط پذیرش در دفترچه »پیوستها«,1402-math-booklet,136,1402-math-booklet,136,کدرشته‌محل منبع: 38304؛ عنوان رشته در منبع: مهندسی برق؛ نحوه پذیرش: با آزمون
1402,مهندسی برق,دانشگاه تبریز,,آذربایجان شرقی,روزانه,روزانه,بورسیه / شرایط خاص,15,زن و مرد,نیمسال اول,شرایط پذیرش در دفترچه »پیوستها«,1402-math-booklet,136,1402-math-booklet,136,کدرشته‌محل منبع: 38305؛ عنوان رشته در منبع: مهندسی برق؛ نحوه پذیرش: با آزمون
1402,مهندسی برق,دانشگاه صنعتی سهند -تبریز,,آذربایجان شرقی,روزانه,روزانه,بورسیه / شرایط خاص,1,مرد,نیمسال اول,بورسیه صنعتی -استان آذربایجان شرقی -دانشگاه صنعتی سهند -تبریز؛ شرایط پذیرش در دفترچه »پیوستها«,1402-math-booklet,136,1402-math-booklet,136,کدرشته‌محل منبع: 38315؛ عنوان رشته در منبع: مهندسی برق؛ نحوه پذیرش: با آزمون
1402,مهندسی برق,دانشگاه صنعتی سهند -تبریز,,آذربایجان شرقی,روزانه,روزانه,بورسیه / شرایط خاص,10,مرد,نیمسال اول,شرایط پذیرش در دفترچه »پیوستها«,1402-math-booklet,136,1402-math-booklet,136,کدرشته‌محل منبع: 38316؛ عنوان رشته در منبع: مهندسی برق؛ نحوه پذیرش: با آزمون
1402,مهندسی برق,دانشگاه صنعتی سهند -تبریز,,آذربایجان شرقی,روزانه,روزانه,بورسیه / شرایط خاص,3,مرد,نیمسال اول,شرایط پذیرش در دفترچه »پیوستها«؛ شرایط پذیرش در دفترچه »پیوستها« -,1402-math-booklet,136,1402-math-booklet,136,کدرشته‌محل منبع: 38317؛ عنوان رشته در منبع: مهندسی برق؛ نحوه پذیرش: با آزمون
1402,مهندسی برق,دانشگاه صنعتی سهند -تبریز,,آذربایجان شرقی,روزانه,روزانه,بورسیه / شرایط خاص,2,مرد,نیمسال اول,شرایط پذیرش در دفترچه »پیوستها« -,1402-math-booklet,136,1402-math-booklet,136,کدرشته‌محل منبع: 38318؛ عنوان رشته در منبع: مهندسی برق؛ نحوه پذیرش: با آزمون
1402,مهندسی برق,دانشگاه صنعتی سهند -تبریز,,آذربایجان شرقی,روزانه,روزانه,بورسیه / شرایط خاص,5,زن و مرد,نیمسال اول,شرایط پذیرش در دفترچه »پیوستها«,1402-math-booklet,137,1402-math-booklet,137,کدرشته‌محل منبع: 38319؛ عنوان رشته در منبع: مهندسی برق؛ نحوه پذیرش: با آزمون
1402,مهندسی برق,دانشگاه ارومیه,,آذربایجان غربی,روزانه,روزانه,بورسیه / شرایط خاص,1,زن و مرد,نیمسال اول,شرایط پذیرش در دفترچه »پیوستها« -,1402-math-booklet,137,1402-math-booklet,137,کدرشته‌محل منبع: 38328؛ عنوان رشته در منبع: مهندسی برق؛ نحوه پذیرش: با آزمون
1402,مهندسی برق,دانشگاه ارومیه,,آذربایجان غربی,روزانه,روزانه,بورسیه / شرایط خاص,2,زن و مرد,نیمسال اول,شرایط پذیرش در دفترچه »پیوستها« -,1402-math-booklet,137,1402-math-booklet,137,کدرشته‌محل منبع: 38329؛ عنوان رشته در منبع: مهندسی برق؛ نحوه پذیرش: با آزمون
1402,مهندسی برق,دانشگاه ارومیه,,آذربایجان غربی,روزانه,روزانه,بورسیه / شرایط خاص,1,زن و مرد,نیمسال اول,شرایط پذیرش در دفترچه »پیوستها« -,1402-math-booklet,137,1402-math-booklet,137,کدرشته‌محل منبع: 38330؛ عنوان رشته در منبع: مهندسی برق؛ نحوه پذیرش: با آزمون
1402,مهندسی برق,دانشگاه ارومیه,,آذربایجان غربی,روزانه,روزانه,بورسیه / شرایط خاص,1,زن و مرد,نیمسال اول,شرایط پذیرش در دفترچه »پیوستها« -,1402-math-booklet,137,1402-math-booklet,137,کدرشته‌محل منبع: 38331؛ عنوان رشته در منبع: مهندسی برق؛ نحوه پذیرش: با آزمون
1402,مهندسی برق,دانشگاه ارومیه,,آذربایجان غربی,روزانه,روزانه,بورسیه / شرایط خاص,1,زن و مرد,نیمسال اول,شرایط پذیرش در دفترچه »پیوستها« -,1402-math-booklet,137,1402-math-booklet,137,کدرشته‌محل منبع: 38332؛ عنوان رشته در منبع: مهندسی برق؛ نحوه پذیرش: با آزمون
1402,مهندسی برق,دانشگاه ارومیه,,آذربایجان غربی,روزانه,روزانه,بورسیه / شرایط خاص,2,زن و مرد,نیمسال اول,شرایط پذیرش در دفترچه »پیوستها« -,1402-math-booklet,137,1402-math-booklet,137,کدرشته‌محل منبع: 38333؛ عنوان رشته در منبع: مهندسی برق؛ نحوه پذیرش: با آزمون
1402,مهندسی برق,دانشگاه ارومیه,,آذربایجان غربی,روزانه,روزانه,بورسیه / شرایط خاص,1,زن و مرد,نیمسال اول,شرایط پذیرش در دفترچه »پیوستها« -,1402-math-booklet,137,1402-math-booklet,137,کدرشته‌محل منبع: 38334؛ عنوان رشته در منبع: مهندسی برق؛ نحوه پذیرش: با آزمون
1402,مهندسی برق,دانشگاه ارومیه,,آذربایجان غربی,روزانه,روزانه,بورسیه / شرایط خاص,1,زن و مرد,نیمسال اول,شرایط پذیرش در دفترچه »پیوستها« -,1402-math-booklet,137,1402-math-booklet,137,کدرشته‌محل منبع: 38335؛ عنوان رشته در منبع: مهندسی برق؛ نحوه پذیرش: با آزمون
1402,مهندسی برق,دانشگاه ارومیه,,آذربایجان غربی,روزانه,روزانه,بورسیه / شرایط خاص,1,زن و مرد,نیمسال اول,شرایط پذیرش در دفترچه »پیوستها« -,1402-math-booklet,137,1402-math-booklet,137,کدرشته‌محل منبع: 38336؛ عنوان رشته در منبع: مهندسی برق؛ نحوه پذیرش: با آزمون
1402,مهندسی برق,دانشگاه ارومیه,,آذربایجان غربی,روزانه,روزانه,بورسیه / شرایط خاص,2,زن و مرد,نیمسال اول,شرایط پذیرش در دفترچه »پیوستها« -,1402-math-booklet,137,1402-math-booklet,137,کدرشته‌محل منبع: 38337؛ عنوان رشته در منبع: مهندسی برق؛ نحوه پذیرش: با آزمون
1402,مهندسی برق,دانشگاه ارومیه,,آذربایجان غربی,روزانه,روزانه,بورسیه / شرایط خاص,1,زن و مرد,نیمسال اول,شرایط پذیرش در دفترچه »پیوستها« -؛ شرایط پذیرش در دفترچه »پیوستها«,1402-math-booklet,137,1402-math-booklet,137,کدرشته‌محل منبع: 38338؛ عنوان رشته در منبع: مهندسی برق؛ نحوه پذیرش: با آزمون
1402,مهندسی برق,دانشگاه ارومیه,,آذربایجان غربی,روزانه,روزانه,بورسیه / شرایط خاص,1,زن و مرد,نیمسال اول,شرایط پذیرش در دفترچه »پیوستها«,1402-math-booklet,137,1402-math-booklet,137,کدرشته‌محل منبع: 38339؛ عنوان رشته در منبع: مهندسی برق؛ نحوه پذیرش: با آزمون
1402,مهندسی برق,دانشگاه ارومیه,,آذربایجان غربی,روزانه,روزانه,بورسیه / شرایط خاص,1,زن و مرد,نیمسال اول,شرایط پذیرش در دفترچه »پیوستها«,1402-math-booklet,137,1402-math-booklet,137,کدرشته‌محل منبع: 38340؛ عنوان رشته در منبع: مهندسی برق؛ نحوه پذیرش: با آزمون
1402,مهندسی برق,دانشگاه ارومیه,,آذربایجان غربی,روزانه,روزانه,بورسیه / شرایط خاص,2,زن و مرد,نیمسال اول,شرایط پذیرش در دفترچه »پیوستها«,1402-math-booklet,137,1402-math-booklet,137,کدرشته‌محل منبع: 38341؛ عنوان رشته در منبع: مهندسی برق؛ نحوه پذیرش: با آزمون
1402,مهندسی برق,دانشگاه ارومیه,,آذربایجان غربی,روزانه,روزانه,بورسیه / شرایط خاص,2,زن و مرد,نیمسال اول,شرایط پذیرش در دفترچه »پیوستها«,1402-math-booklet,138,1402-math-booklet,138,کدرشته‌محل منبع: 38342؛ عنوان رشته در منبع: مهندسی برق؛ نحوه پذیرش: با آزمون
1402,مهندسی برق,دانشگاه اصفهان,,اصفهان,روزانه,روزانه,بورسیه / شرایط خاص,2,زن و مرد,نیمسال اول,شرایط پذیرش در دفترچه «پیوست‌ها»؛ بورسیه صنعتی؛ واحد اقتصادی: بهیارصنعت سپاهان,1402-correction-5,6,1402-math-booklet,139,کدرشته‌محل منبع: 38374؛ عنوان رشته در منبع: مهندسی برق؛ نحوه پذیرش: با آزمون؛ اصلاحیه ظرفیت: از 1 نفر به 2 نفر
1402,مهندسی برق,دانشگاه اصفهان,,اصفهان,روزانه,روزانه,بورسیه / شرایط خاص,1,زن و مرد,نیمسال اول,شرایط پذیرش در دفترچه »پیوستها«,1402-math-booklet,139,1402-math-booklet,139,کدرشته‌محل منبع: 38375؛ عنوان رشته در منبع: مهندسی برق؛ نحوه پذیرش: با آزمون
1402,مهندسی برق,دانشگاه صنعتی اصفهان,,اصفهان,روزانه,روزانه,بورسیه / شرایط خاص,1,زن و مرد,نیمسال اول,شرایط پذیرش در دفترچه »پیوستها«,1402-math-booklet,140,1402-math-booklet,140,کدرشته‌محل منبع: 38380؛ عنوان رشته در منبع: مهندسی برق؛ نحوه پذیرش: با آزمون
1402,مهندسی برق,دانشگاه صنعتی اصفهان,,اصفهان,روزانه,روزانه,بورسیه / شرایط خاص,15,زن و مرد,نیمسال اول,شرایط پذیرش در دفترچه »پیوستها«,1402-math-booklet,140,1402-math-booklet,140,کدرشته‌محل منبع: 38381؛ عنوان رشته در منبع: مهندسی برق؛ نحوه پذیرش: با آزمون
1402,مهندسی برق,دانشگاه صنعتی اصفهان,,اصفهان,روزانه,روزانه,بورسیه / شرایط خاص,1,زن و مرد,نیمسال اول,شرایط پذیرش در دفترچه »پیوستها«,1402-math-booklet,140,1402-math-booklet,140,کدرشته‌محل منبع: 38382؛ عنوان رشته در منبع: مهندسی برق؛ نحوه پذیرش: با آزمون
1402,مهندسی برق,دانشگاه صنعتی اصفهان,,اصفهان,روزانه,روزانه,بورسیه / شرایط خاص,1,زن و مرد,نیمسال اول,شرایط پذیرش در دفترچه »پیوستها«,1402-math-booklet,140,1402-math-booklet,140,کدرشته‌محل منبع: 38383؛ عنوان رشته در منبع: مهندسی برق؛ نحوه پذیرش: با آزمون
1402,مهندسی برق,دانشگاه صنعتی اصفهان,,اصفهان,روزانه,روزانه,بورسیه / شرایط خاص,1,زن و مرد,نیمسال اول,شرایط پذیرش در دفترچه »پیوستها«,1402-math-booklet,140,1402-math-booklet,140,کدرشته‌محل منبع: 38384؛ عنوان رشته در منبع: مهندسی برق؛ نحوه پذیرش: با آزمون
1402,مهندسی برق,دانشگاه صنعتی اصفهان,,اصفهان,روزانه,روزانه,بورسیه / شرایط خاص,1,زن و مرد,نیمسال اول,شرایط پذیرش در دفترچه »پیوستها«,1402-math-booklet,140,1402-math-booklet,140,کدرشته‌محل منبع: 38385؛ عنوان رشته در منبع: مهندسی برق؛ نحوه پذیرش: با آزمون
1402,مهندسی برق,دانشگاه علم و صنعت ایران -تهران,,تهران,روزانه,روزانه,بورسیه / شرایط خاص,2,مرد,نیمسال اول,بورسیه صنعتی -استان تهران -دانشگاه علم و صنعت ایران -تهران؛ شرایط پذیرش در دفترچه »پیوستها«,1402-math-booklet,141,1402-math-booklet,141,کدرشته‌محل منبع: 38409؛ عنوان رشته در منبع: مهندسی برق؛ نحوه پذیرش: با آزمون
1402,مهندسی برق,دانشگاه علم و صنعت ایران -تهران,,تهران,روزانه,روزانه,بورسیه / شرایط خاص,1,مرد,نیمسال اول,شرایط پذیرش در دفترچه »پیوستها«,1402-math-booklet,141,1402-math-booklet,141,کدرشته‌محل منبع: 38410؛ عنوان رشته در منبع: مهندسی برق؛ نحوه پذیرش: با آزمون
1402,مهندسی برق,دانشگاه علم و صنعت ایران -تهران,,تهران,روزانه,روزانه,بورسیه / شرایط خاص,2,زن و مرد,نیمسال اول,شرایط پذیرش در دفترچه »پیوستها«,1402-math-booklet,141,1402-math-booklet,141,کدرشته‌محل منبع: 38411؛ عنوان رشته در منبع: مهندسی برق؛ نحوه پذیرش: با آزمون
1402,مهندسی برق,دانشگاه شهرکرد,,چهارمحال و بختیاری,روزانه,روزانه,بورسیه / شرایط خاص,1,مرد,نیمسال اول,بورسیه صنعتی -استان چهارمحال و بختیاری -دانشگاه شهرکرد؛ شرایط پذیرش در دفترچه »پیوستها« -,1402-math-booklet,142,1402-math-booklet,142,کدرشته‌محل منبع: 38421؛ عنوان رشته در منبع: مهندسی برق؛ نحوه پذیرش: با آزمون
1402,مهندسی برق,دانشگاه شهرکرد,,چهارمحال و بختیاری,روزانه,روزانه,بورسیه / شرایط خاص,5,زن و مرد,نیمسال اول,شرایط پذیرش در دفترچه »پیوستها« -,1402-math-booklet,142,1402-math-booklet,142,کدرشته‌محل منبع: 38422؛ عنوان رشته در منبع: مهندسی برق؛ نحوه پذیرش: با آزمون
1402,مهندسی برق,دانشگاه شهرکرد,,چهارمحال و بختیاری,روزانه,روزانه,بورسیه / شرایط خاص,1,مرد,نیمسال اول,شرایط پذیرش در دفترچه »پیوستها« -,1402-math-booklet,142,1402-math-booklet,142,کدرشته‌محل منبع: 38423؛ عنوان رشته در منبع: مهندسی برق؛ نحوه پذیرش: با آزمون
1402,مهندسی برق,دانشگاه شهرکرد,,چهارمحال و بختیاری,روزانه,روزانه,بورسیه / شرایط خاص,1,مرد,نیمسال اول,شرایط پذیرش در دفترچه »پیوستها« -,1402-math-booklet,142,1402-math-booklet,142,کدرشته‌محل منبع: 38424؛ عنوان رشته در منبع: مهندسی برق؛ نحوه پذیرش: با آزمون
1402,مهندسی برق,دانشگاه شهرکرد,,چهارمحال و بختیاری,روزانه,روزانه,بورسیه / شرایط خاص,2,زن و مرد,نیمسال اول,شرایط پذیرش در دفترچه »پیوستها« -,1402-math-booklet,142,1402-math-booklet,142,کدرشته‌محل منبع: 38425؛ عنوان رشته در منبع: مهندسی برق؛ نحوه پذیرش: با آزمون
1402,مهندسی برق,دانشگاه شهرکرد,,چهارمحال و بختیاری,روزانه,روزانه,بورسیه / شرایط خاص,1,زن و مرد,نیمسال اول,شرایط پذیرش در دفترچه »پیوستها« -,1402-math-booklet,142,1402-math-booklet,142,کدرشته‌محل منبع: 38426؛ عنوان رشته در منبع: مهندسی برق؛ نحوه پذیرش: با آزمون
1402,مهندسی برق,دانشگاه بیرجند,,خراسان جنوبی,روزانه,روزانه,بورسیه / شرایط خاص,1,زن و مرد,نیمسال اول,شرایط پذیرش در دفترچه »پیوستها«,1402-math-booklet,143,1402-math-booklet,143,کدرشته‌محل منبع: 38436؛ عنوان رشته در منبع: مهندسی برق؛ نحوه پذیرش: با آزمون
1402,مهندسی برق,دانشگاه بیرجند,,خراسان جنوبی,روزانه,روزانه,بورسیه / شرایط خاص,2,مرد,نیمسال اول,شرایط پذیرش در دفترچه »پیوستها«,1402-math-booklet,143,1402-math-booklet,143,کدرشته‌محل منبع: 38437؛ عنوان رشته در منبع: مهندسی برق؛ نحوه پذیرش: با آزمون
1402,مهندسی برق,دانشگاه بیرجند,,خراسان جنوبی,روزانه,روزانه,بورسیه / شرایط خاص,3,مرد,نیمسال اول,شرایط پذیرش در دفترچه »پیوستها«,1402-math-booklet,143,1402-math-booklet,143,کدرشته‌محل منبع: 38438؛ عنوان رشته در منبع: مهندسی برق؛ نحوه پذیرش: با آزمون
1402,مهندسی برق,دانشگاه بیرجند,,خراسان جنوبی,روزانه,روزانه,بورسیه / شرایط خاص,1,مرد,نیمسال اول,شرایط پذیرش در دفترچه »پیوستها«,1402-math-booklet,143,1402-math-booklet,143,کدرشته‌محل منبع: 38439؛ عنوان رشته در منبع: مهندسی برق؛ نحوه پذیرش: با آزمون
1402,مهندسی برق,دانشگاه بیرجند,,خراسان جنوبی,روزانه,روزانه,بورسیه / شرایط خاص,1,مرد,نیمسال اول,شرایط پذیرش در دفترچه »پیوستها«,1402-math-booklet,143,1402-math-booklet,143,کدرشته‌محل منبع: 38440؛ عنوان رشته در منبع: مهندسی برق؛ نحوه پذیرش: با آزمون
1402,مهندسی برق,دانشگاه بیرجند,,خراسان جنوبی,روزانه,روزانه,بورسیه / شرایط خاص,5,مرد,نیمسال اول,شرایط پذیرش در دفترچه »پیوستها«,1402-math-booklet,143,1402-math-booklet,143,کدرشته‌محل منبع: 38441؛ عنوان رشته در منبع: مهندسی برق؛ نحوه پذیرش: با آزمون
1402,مهندسی برق,دانشگاه بیرجند,,خراسان جنوبی,روزانه,روزانه,بورسیه / شرایط خاص,1,زن و مرد,نیمسال اول,شرایط پذیرش در دفترچه »پیوستها«,1402-math-booklet,143,1402-math-booklet,143,کدرشته‌محل منبع: 38442؛ عنوان رشته در منبع: مهندسی برق؛ نحوه پذیرش: با آزمون
1402,مهندسی برق,دانشگاه فردوسی مشهد,,خراسان رضوی,روزانه,روزانه,بورسیه / شرایط خاص,1,مرد,نیمسال اول,شرایط پذیرش در دفترچه »پیوستها«,1402-math-booklet,146,1402-math-booklet,146,کدرشته‌محل منبع: 38486؛ عنوان رشته در منبع: مهندسی برق؛ نحوه پذیرش: با آزمون
1402,مهندسی برق,دانشگاه فردوسی مشهد,,خراسان رضوی,روزانه,روزانه,بورسیه / شرایط خاص,4,زن و مرد,نیمسال اول,شرایط پذیرش در دفترچه »پیوستها«,1402-math-booklet,146,1402-math-booklet,146,کدرشته‌محل منبع: 38487؛ عنوان رشته در منبع: مهندسی برق؛ نحوه پذیرش: با آزمون
1402,مهندسی برق,دانشگاه زنجان,,زنجان,روزانه,روزانه,بورسیه / شرایط خاص,10,زن و مرد,نیمسال اول,شرایط پذیرش در دفترچه »پیوستها«,1402-math-booklet,146,1402-math-booklet,146,کدرشته‌محل منبع: 38492؛ عنوان رشته در منبع: مهندسی برق؛ نحوه پذیرش: با آزمون
1402,مهندسی برق,دانشگاه زنجان,,زنجان,روزانه,روزانه,بورسیه / شرایط خاص,5,مرد,نیمسال اول,شرایط پذیرش در دفترچه »پیوستها«,1402-math-booklet,146,1402-math-booklet,146,کدرشته‌محل منبع: 38493؛ عنوان رشته در منبع: مهندسی برق؛ نحوه پذیرش: با آزمون
1402,مهندسی برق,دانشگاه زنجان,,زنجان,روزانه,روزانه,بورسیه / شرایط خاص,2,مرد,نیمسال اول,شرایط پذیرش در دفترچه »پیوستها«,1402-math-booklet,146,1402-math-booklet,146,کدرشته‌محل منبع: 38494؛ عنوان رشته در منبع: مهندسی برق؛ نحوه پذیرش: با آزمون
1402,مهندسی برق,دانشگاه زنجان,,زنجان,روزانه,روزانه,بورسیه / شرایط خاص,2,مرد,نیمسال اول,شرایط پذیرش در دفترچه »پیوستها«,1402-math-booklet,146,1402-math-booklet,146,کدرشته‌محل منبع: 38495؛ عنوان رشته در منبع: مهندسی برق؛ نحوه پذیرش: با آزمون
1402,مهندسی برق,دانشگاه دامغان,,سمنان,روزانه,روزانه,بورسیه / شرایط خاص,1,مرد,نیمسال اول,آسیا« -دارای خوابگاه ملکی؛ شرایط پذیرش در دفترچه »پیوستها«,1402-math-booklet,147,1402-math-booklet,147,کدرشته‌محل منبع: 38508؛ عنوان رشته در منبع: مهندسی برق؛ نحوه پذیرش: با آزمون
1402,مهندسی برق,دانشگاه سمنان,,سمنان,روزانه,روزانه,بورسیه / شرایط خاص,2,زن و مرد,نیمسال اول,بورسیه صنعتی -استان سمنان -دانشگاه سمنان؛ شرایط پذیرش در دفترچه »پیوستها«,1402-math-booklet,147,1402-math-booklet,147,کدرشته‌محل منبع: 38510؛ عنوان رشته در منبع: مهندسی برق؛ نحوه پذیرش: با آزمون
1402,مهندسی برق,دانشگاه سمنان,,سمنان,روزانه,روزانه,بورسیه / شرایط خاص,3,زن و مرد,نیمسال اول,شرایط پذیرش در دفترچه »پیوستها«,1402-math-booklet,147,1402-math-booklet,147,کدرشته‌محل منبع: 38511؛ عنوان رشته در منبع: مهندسی برق؛ نحوه پذیرش: با آزمون
1402,مهندسی برق,دانشگاه سمنان,,سمنان,روزانه,روزانه,بورسیه / شرایط خاص,3,مرد,نیمسال اول,شرایط پذیرش در دفترچه »پیوستها«,1402-math-booklet,147,1402-math-booklet,147,کدرشته‌محل منبع: 38512؛ عنوان رشته در منبع: مهندسی برق؛ نحوه پذیرش: با آزمون
1402,مهندسی برق,دانشگاه سمنان,,سمنان,روزانه,روزانه,بورسیه / شرایط خاص,2,مرد,نیمسال اول,شرایط پذیرش در دفترچه »پیوستها«,1402-math-booklet,147,1402-math-booklet,147,کدرشته‌محل منبع: 38513؛ عنوان رشته در منبع: مهندسی برق؛ نحوه پذیرش: با آزمون
1402,مهندسی برق,دانشگاه صنعتی شاهرود,,سمنان,روزانه,روزانه,بورسیه / شرایط خاص,4,زن و مرد,نیمسال اول,شرایط پذیرش در دفترچه »پیوستها«,1402-math-booklet,148,1402-math-booklet,148,کدرشته‌محل منبع: 38524؛ عنوان رشته در منبع: مهندسی برق؛ نحوه پذیرش: با آزمون
1402,مهندسی برق,دانشگاه بین المللی امام خمینی )ره ( -قزوین,,قزوین,روزانه,روزانه,بورسیه / شرایط خاص,1,زن و مرد,نیمسال اول,بورسیه صنعتی -استان قزوین -دانشگاه بین المللی امام خمینی )ره ( -قزوین؛ شرایط پذیرش در دفترچه »پیوستها«,1402-math-booklet,148,1402-math-booklet,148,کدرشته‌محل منبع: 38527؛ عنوان رشته در منبع: مهندسی برق؛ نحوه پذیرش: با آزمون
1402,مهندسی برق,دانشگاه بین المللی امام خمینی )ره ( -قزوین,,قزوین,روزانه,روزانه,بورسیه / شرایط خاص,5,زن و مرد,نیمسال اول,شرایط پذیرش در دفترچه »پیوستها«,1402-math-booklet,148,1402-math-booklet,148,کدرشته‌محل منبع: 38528؛ عنوان رشته در منبع: مهندسی برق؛ نحوه پذیرش: با آزمون
1402,مهندسی برق,مرکز آموزش عالی فنی و مهندسی بویین زهرا,,قزوین,روزانه,روزانه,بورسیه / شرایط خاص,6,زن و مرد,نیمسال اول,بورسیه صنعتی -استان قزوین -مرکز آموزش عالی فنی و مهندسی بویین زهرا؛ شرایط پذیرش در دفترچه »پیوستها«,1402-math-booklet,148,1402-math-booklet,148,کدرشته‌محل منبع: 38530؛ عنوان رشته در منبع: مهندسی برق؛ نحوه پذیرش: با آزمون
1402,مهندسی برق,مرکز آموزش عالی فنی و مهندسی بویین زهرا,,قزوین,روزانه,روزانه,بورسیه / شرایط خاص,2,مرد,نیمسال اول,شرایط پذیرش در دفترچه »پیوستها«,1402-math-booklet,148,1402-math-booklet,148,کدرشته‌محل منبع: 38531؛ عنوان رشته در منبع: مهندسی برق؛ نحوه پذیرش: با آزمون
1402,مهندسی برق,مرکز آموزش عالی فنی و مهندسی بویین زهرا,,قزوین,روزانه,روزانه,بورسیه / شرایط خاص,4,مرد,نیمسال اول,شرایط پذیرش در دفترچه »پیوستها«,1402-math-booklet,148,1402-math-booklet,148,کدرشته‌محل منبع: 38532؛ عنوان رشته در منبع: مهندسی برق؛ نحوه پذیرش: با آزمون
1402,مهندسی برق,مرکز آموزش عالی فنی و مهندسی بویین زهرا,,قزوین,روزانه,روزانه,بورسیه / شرایط خاص,5,مرد,نیمسال اول,شرایط پذیرش در دفترچه »پیوستها«,1402-math-booklet,148,1402-math-booklet,148,کدرشته‌محل منبع: 38533؛ عنوان رشته در منبع: مهندسی برق؛ نحوه پذیرش: با آزمون
1402,مهندسی برق,دانشگاه صنعتی قم,,قم,روزانه,روزانه,بورسیه / شرایط خاص,1,زن و مرد,نیمسال اول,بورسیه صنعتی -استان قم -دانشگاه صنعتی قم؛ شرایط پذیرش در دفترچه »پیوستها«,1402-math-booklet,150,1402-math-booklet,150,کدرشته‌محل منبع: 38566؛ عنوان رشته در منبع: مهندسی برق؛ نحوه پذیرش: با آزمون
1402,مهندسی برق,دانشگاه صنعتی قم,,قم,روزانه,روزانه,بورسیه / شرایط خاص,3,زن و مرد,نیمسال اول,شرایط پذیرش در دفترچه »پیوستها«,1402-math-booklet,150,1402-math-booklet,150,کدرشته‌محل منبع: 38567؛ عنوان رشته در منبع: مهندسی برق؛ نحوه پذیرش: با آزمون
1402,مهندسی برق,دانشگاه صنعتی قم,,قم,روزانه,روزانه,بورسیه / شرایط خاص,1,زن و مرد,نیمسال اول,شرایط پذیرش در دفترچه »پیوستها«,1402-math-booklet,150,1402-math-booklet,150,کدرشته‌محل منبع: 38568؛ عنوان رشته در منبع: مهندسی برق؛ نحوه پذیرش: با آزمون
1402,مهندسی برق,دانشگاه صنعتی قم,,قم,روزانه,روزانه,بورسیه / شرایط خاص,3,مرد,نیمسال اول,شرایط پذیرش در دفترچه »پیوستها«,1402-math-booklet,150,1402-math-booklet,150,کدرشته‌محل منبع: 38569؛ عنوان رشته در منبع: مهندسی برق؛ نحوه پذیرش: با آزمون
1402,مهندسی برق,دانشگاه صنعتی قم,,قم,روزانه,روزانه,بورسیه / شرایط خاص,1,زن و مرد,نیمسال اول,شرایط پذیرش در دفترچه »پیوستها«,1402-math-booklet,150,1402-math-booklet,150,کدرشته‌محل منبع: 38570؛ عنوان رشته در منبع: مهندسی برق؛ نحوه پذیرش: با آزمون
1402,مهندسی برق,دانشگاه صنعتی قم,,قم,روزانه,روزانه,بورسیه / شرایط خاص,1,زن و مرد,نیمسال اول,شرایط پذیرش در دفترچه »پیوستها«,1402-math-booklet,150,1402-math-booklet,150,کدرشته‌محل منبع: 38571؛ عنوان رشته در منبع: مهندسی برق؛ نحوه پذیرش: با آزمون
1402,مهندسی برق,دانشگاه قم,,قم,روزانه,روزانه,بورسیه / شرایط خاص,1,مرد,نیمسال اول,شرایط پذیرش در دفترچه »پیوستها«,1402-math-booklet,151,1402-math-booklet,151,کدرشته‌محل منبع: 38589؛ عنوان رشته در منبع: مهندسی برق؛ نحوه پذیرش: با آزمون
1402,مهندسی برق,دانشگاه قم,,قم,روزانه,روزانه,بورسیه / شرایط خاص,1,مرد,نیمسال اول,شرایط پذیرش در دفترچه »پیوستها«,1402-math-booklet,151,1402-math-booklet,151,کدرشته‌محل منبع: 38590؛ عنوان رشته در منبع: مهندسی برق؛ نحوه پذیرش: با آزمون
1402,مهندسی برق,دانشگاه قم,,قم,روزانه,روزانه,بورسیه / شرایط خاص,1,مرد,نیمسال اول,شرایط پذیرش در دفترچه »پیوستها«؛ شرایط پذیرش در دفترچه »پیوستها« -,1402-math-booklet,151,1402-math-booklet,151,کدرشته‌محل منبع: 38591؛ عنوان رشته در منبع: مهندسی برق؛ نحوه پذیرش: با آزمون
1402,مهندسی برق,دانشگاه قم,,قم,روزانه,روزانه,بورسیه / شرایط خاص,1,مرد,نیمسال اول,شرایط پذیرش در دفترچه »پیوستها« -,1402-math-booklet,151,1402-math-booklet,151,کدرشته‌محل منبع: 38592؛ عنوان رشته در منبع: مهندسی برق؛ نحوه پذیرش: با آزمون
1402,مهندسی برق,دانشگاه قم,,قم,روزانه,روزانه,بورسیه / شرایط خاص,2,مرد,نیمسال اول,شرایط پذیرش در دفترچه »پیوستها« -؛ شرایط پذیرش در دفترچه »پیوستها«,1402-math-booklet,151,1402-math-booklet,151,کدرشته‌محل منبع: 38593؛ عنوان رشته در منبع: مهندسی برق؛ نحوه پذیرش: با آزمون
1402,مهندسی برق,دانشگاه قم,,قم,روزانه,روزانه,بورسیه / شرایط خاص,1,مرد,نیمسال اول,شرایط پذیرش در دفترچه »پیوستها«,1402-math-booklet,151,1402-math-booklet,151,کدرشته‌محل منبع: 38594؛ عنوان رشته در منبع: مهندسی برق؛ نحوه پذیرش: با آزمون
1402,مهندسی برق,دانشگاه قم,,قم,روزانه,روزانه,بورسیه / شرایط خاص,1,مرد,نیمسال اول,شرایط پذیرش در دفترچه »پیوستها«؛ شرایط پذیرش در دفترچه »پیوستها« -,1402-math-booklet,151,1402-math-booklet,151,کدرشته‌محل منبع: 38595؛ عنوان رشته در منبع: مهندسی برق؛ نحوه پذیرش: با آزمون
1402,مهندسی برق,دانشگاه قم,,قم,روزانه,روزانه,بورسیه / شرایط خاص,1,مرد,نیمسال اول,شرایط پذیرش در دفترچه »پیوستها« -,1402-math-booklet,151,1402-math-booklet,151,کدرشته‌محل منبع: 38596؛ عنوان رشته در منبع: مهندسی برق؛ نحوه پذیرش: با آزمون
1402,مهندسی برق,دانشگاه قم,,قم,روزانه,روزانه,بورسیه / شرایط خاص,1,مرد,نیمسال اول,شرایط پذیرش در دفترچه »پیوستها«,1402-math-booklet,152,1402-math-booklet,152,کدرشته‌محل منبع: 38597؛ عنوان رشته در منبع: مهندسی برق؛ نحوه پذیرش: با آزمون
1402,مهندسی برق,دانشگاه قم,,قم,روزانه,روزانه,بورسیه / شرایط خاص,1,مرد,نیمسال اول,شرایط پذیرش در دفترچه »پیوستها«,1402-math-booklet,152,1402-math-booklet,152,کدرشته‌محل منبع: 38598؛ عنوان رشته در منبع: مهندسی برق؛ نحوه پذیرش: با آزمون
1402,مهندسی برق,دانشگاه رازی -کرمانشاه,,کرمانشاه,روزانه,روزانه,بورسیه / شرایط خاص,2,مرد,نیمسال اول,بورسیه صنعتی -استان کرمانشاه -دانشگاه رازی -کرمانشاه؛ شرایط پذیرش در دفترچه »پیوستها«,1402-math-booklet,154,1402-math-booklet,154,کدرشته‌محل منبع: 38635؛ عنوان رشته در منبع: مهندسی برق؛ نحوه پذیرش: با آزمون
1402,مهندسی برق,دانشگاه رازی -کرمانشاه,,کرمانشاه,روزانه,روزانه,بورسیه / شرایط خاص,4,مرد,نیمسال اول,شرایط پذیرش در دفترچه »پیوستها«,1402-math-booklet,154,1402-math-booklet,154,کدرشته‌محل منبع: 38636؛ عنوان رشته در منبع: مهندسی برق؛ نحوه پذیرش: با آزمون
1402,مهندسی برق,دانشگاه رازی -کرمانشاه,,کرمانشاه,روزانه,روزانه,بورسیه / شرایط خاص,2,زن,نیمسال اول,شرایط پذیرش در دفترچه »پیوستها«,1402-math-booklet,154,1402-math-booklet,154,کدرشته‌محل منبع: 38637؛ عنوان رشته در منبع: مهندسی برق؛ نحوه پذیرش: با آزمون
1402,مهندسی برق,دانشگاه رازی -کرمانشاه,,کرمانشاه,روزانه,روزانه,بورسیه / شرایط خاص,2,زن و مرد,نیمسال اول,شرایط پذیرش در دفترچه »پیوستها«,1402-math-booklet,154,1402-math-booklet,154,کدرشته‌محل منبع: 38638؛ عنوان رشته در منبع: مهندسی برق؛ نحوه پذیرش: با آزمون
1402,مهندسی برق,دانشگاه رازی -کرمانشاه,,کرمانشاه,روزانه,روزانه,بورسیه / شرایط خاص,1,مرد,نیمسال اول,شرایط پذیرش در دفترچه »پیوستها«,1402-math-booklet,154,1402-math-booklet,154,کدرشته‌محل منبع: 38639؛ عنوان رشته در منبع: مهندسی برق؛ نحوه پذیرش: با آزمون
1402,مهندسی برق,دانشگاه رازی -کرمانشاه,,کرمانشاه,روزانه,روزانه,بورسیه / شرایط خاص,1,مرد,نیمسال اول,شرایط پذیرش در دفترچه »پیوستها«,1402-math-booklet,154,1402-math-booklet,154,کدرشته‌محل منبع: 38640؛ عنوان رشته در منبع: مهندسی برق؛ نحوه پذیرش: با آزمون
1402,مهندسی برق,دانشگاه گیلان -رشت,,گیلان,روزانه,روزانه,بورسیه / شرایط خاص,2,زن و مرد,نیمسال اول,بورسیه صنعتی -استان گیلان -دانشگاه گیلان -رشت؛ شرایط پذیرش در دفترچه »پیوستها«,1402-math-booklet,155,1402-math-booklet,155,کدرشته‌محل منبع: 38648؛ عنوان رشته در منبع: مهندسی برق؛ نحوه پذیرش: با آزمون
1402,مهندسی برق,دانشگاه گیلان -رشت,,گیلان,روزانه,روزانه,بورسیه / شرایط خاص,4,مرد,نیمسال اول,شرایط پذیرش در دفترچه »پیوستها«,1402-math-booklet,155,1402-math-booklet,155,کدرشته‌محل منبع: 38649؛ عنوان رشته در منبع: مهندسی برق؛ نحوه پذیرش: با آزمون
1402,مهندسی برق,دانشگاه گیلان -رشت,,گیلان,روزانه,روزانه,بورسیه / شرایط خاص,4,زن,نیمسال اول,شرایط پذیرش در دفترچه »پیوستها«,1402-math-booklet,155,1402-math-booklet,155,کدرشته‌محل منبع: 38650؛ عنوان رشته در منبع: مهندسی برق؛ نحوه پذیرش: با آزمون
1402,مهندسی برق,دانشگاه گیلان -رشت,,گیلان,روزانه,روزانه,بورسیه / شرایط خاص,3,مرد,نیمسال اول,شرایط پذیرش در دفترچه »پیوستها«,1402-math-booklet,155,1402-math-booklet,155,کدرشته‌محل منبع: 38651؛ عنوان رشته در منبع: مهندسی برق؛ نحوه پذیرش: با آزمون
1402,مهندسی برق,دانشگاه گیلان -رشت,,گیلان,روزانه,روزانه,بورسیه / شرایط خاص,2,زن,نیمسال اول,شرایط پذیرش در دفترچه »پیوستها«,1402-math-booklet,155,1402-math-booklet,155,کدرشته‌محل منبع: 38652؛ عنوان رشته در منبع: مهندسی برق؛ نحوه پذیرش: با آزمون
1402,مهندسی برق,دانشگاه تخصصی فنّاوری های نوین آمل,,مازندران,روزانه,روزانه,بورسیه / شرایط خاص,1,زن و مرد,نیمسال اول,شرایط پذیرش در دفترچه »پیوستها«؛ جادوی فکر« -فاقد خوابگاه,1402-math-booklet,156,1402-math-booklet,156,کدرشته‌محل منبع: 38659؛ عنوان رشته در منبع: مهندسی برق؛ نحوه پذیرش: با آزمون
1402,مهندسی برق,دانشگاه علم و فنّاوری مازندران – بهشهر,,مازندران,روزانه,روزانه,بورسیه / شرایط خاص,1,زن و مرد,نیمسال اول,شرایط پذیرش در دفترچه »پیوستها«؛ معرفی به خوابگاههای خودگردان,1402-math-booklet,157,1402-math-booklet,157,کدرشته‌محل منبع: 38673؛ عنوان رشته در منبع: مهندسی برق؛ نحوه پذیرش: با آزمون
1402,مهندسی برق,دانشگاه علم و فنّاوری مازندران – بهشهر,,مازندران,روزانه,روزانه,بورسیه / شرایط خاص,1,زن و مرد,نیمسال اول,معرفی به خوابگاههای خودگردان؛ شرایط پذیرش در دفترچه »پیوستها«,1402-math-booklet,157,1402-math-booklet,157,کدرشته‌محل منبع: 38674؛ عنوان رشته در منبع: مهندسی برق؛ نحوه پذیرش: با آزمون
1402,مهندسی برق,دانشگاه مازندران -بابلسر,,مازندران,روزانه,روزانه,بورسیه / شرایط خاص,1,زن و مرد,نیمسال اول,شرایط پذیرش در دفترچه »پیوستها«,1402-math-booklet,157,1402-math-booklet,157,کدرشته‌محل منبع: 38680؛ عنوان رشته در منبع: مهندسی برق؛ نحوه پذیرش: با آزمون
1402,مهندسی برق,دانشگاه مازندران -بابلسر,,مازندران,روزانه,روزانه,بورسیه / شرایط خاص,2,زن و مرد,نیمسال اول,شرایط پذیرش در دفترچه »پیوستها«,1402-math-booklet,157,1402-math-booklet,157,کدرشته‌محل منبع: 38681؛ عنوان رشته در منبع: مهندسی برق؛ نحوه پذیرش: با آزمون
1402,مهندسی برق,دانشگاه مازندران -بابلسر,,مازندران,روزانه,روزانه,بورسیه / شرایط خاص,1,مرد,نیمسال اول,شرایط پذیرش در دفترچه »پیوستها«,1402-math-booklet,157,1402-math-booklet,157,کدرشته‌محل منبع: 38682؛ عنوان رشته در منبع: مهندسی برق؛ نحوه پذیرش: با آزمون
1402,مهندسی برق,دانشگاه مازندران -بابلسر,,مازندران,روزانه,روزانه,بورسیه / شرایط خاص,1,زن و مرد,نیمسال اول,شرایط پذیرش در دفترچه »پیوستها«,1402-math-booklet,157,1402-math-booklet,157,کدرشته‌محل منبع: 38683؛ عنوان رشته در منبع: مهندسی برق؛ نحوه پذیرش: با آزمون
1402,مهندسی برق,دانشگاه مازندران -بابلسر,,مازندران,روزانه,روزانه,بورسیه / شرایط خاص,2,مرد,نیمسال اول,شرایط پذیرش در دفترچه »پیوستها«,1402-math-booklet,157,1402-math-booklet,157,کدرشته‌محل منبع: 38684؛ عنوان رشته در منبع: مهندسی برق؛ نحوه پذیرش: با آزمون
1402,مهندسی برق,دانشگاه مازندران -بابلسر,,مازندران,روزانه,روزانه,بورسیه / شرایط خاص,1,مرد,نیمسال اول,شرایط پذیرش در دفترچه »پیوستها«,1402-math-booklet,157,1402-math-booklet,157,کدرشته‌محل منبع: 38685؛ عنوان رشته در منبع: مهندسی برق؛ نحوه پذیرش: با آزمون
1402,مهندسی برق,دانشگاه اراک,,مرکزی,روزانه,روزانه,بورسیه / شرایط خاص,1,زن و مرد,نیمسال اول,شرایط پذیرش در دفترچه »پیوستها«,1402-math-booklet,158,1402-math-booklet,158,کدرشته‌محل منبع: 38702؛ عنوان رشته در منبع: مهندسی برق؛ نحوه پذیرش: با آزمون
1402,مهندسی برق,دانشگاه اراک,,مرکزی,روزانه,روزانه,بورسیه / شرایط خاص,3,زن و مرد,نیمسال اول,شرایط پذیرش در دفترچه »پیوستها«,1402-math-booklet,158,1402-math-booklet,158,کدرشته‌محل منبع: 38703؛ عنوان رشته در منبع: مهندسی برق؛ نحوه پذیرش: با آزمون
1402,مهندسی برق,دانشگاه اراک,,مرکزی,روزانه,روزانه,بورسیه / شرایط خاص,1,زن و مرد,نیمسال اول,شرایط پذیرش در دفترچه »پیوستها«,1402-math-booklet,158,1402-math-booklet,158,کدرشته‌محل منبع: 38704؛ عنوان رشته در منبع: مهندسی برق؛ نحوه پذیرش: با آزمون
1402,مهندسی برق,دانشگاه صنعتی اراک,,مرکزی,روزانه,روزانه,بورسیه / شرایط خاص,1,مرد,نیمسال اول,بورسیه صنعتی -استان مرکزی -دانشگاه صنعتی اراک؛ شرایط پذیرش در دفترچه »پیوستها«؛ زمین« -محدودیت در ارائه خوابگاه,1402-math-booklet,159,1402-math-booklet,159,کدرشته‌محل منبع: 38714؛ عنوان رشته در منبع: مهندسی برق؛ نحوه پذیرش: با آزمون
1402,مهندسی برق,دانشگاه بوعلی سینا -همدان,,همدان,روزانه,روزانه,بورسیه / شرایط خاص,1,زن و مرد,نیمسال اول,شرایط پذیرش در دفترچه »پیوستها«؛ ارائه خوابگاه در سنوات مجاز تحصیلی,1402-math-booklet,159,1402-math-booklet,159,کدرشته‌محل منبع: 38717؛ عنوان رشته در منبع: مهندسی برق؛ نحوه پذیرش: با آزمون
1402,مهندسی برق,دانشگاه بوعلی سینا -همدان,,همدان,روزانه,روزانه,بورسیه / شرایط خاص,1,زن و مرد,نیمسال اول,شرایط پذیرش در دفترچه »پیوستها«؛ هگمتانه« -ارائه خوابگاه در سنوات,1402-math-booklet,159,1402-math-booklet,159,کدرشته‌محل منبع: 38718؛ عنوان رشته در منبع: مهندسی برق؛ نحوه پذیرش: با آزمون
1402,مهندسی برق,دانشگاه صنعتی همدان,,همدان,روزانه,روزانه,بورسیه / شرایط خاص,1,مرد,نیمسال اول,بورسیه صنعتی -استان همدان -دانشگاه صنعتی همدان؛ شرایط پذیرش در دفترچه »پیوستها«,1402-math-booklet,160,1402-math-booklet,160,کدرشته‌محل منبع: 38727؛ عنوان رشته در منبع: مهندسی برق؛ نحوه پذیرش: با آزمون
1402,مهندسی برق,دانشگاه صنعتی همدان,,همدان,روزانه,روزانه,بورسیه / شرایط خاص,1,مرد,نیمسال اول,شرایط پذیرش در دفترچه »پیوستها«,1402-math-booklet,160,1402-math-booklet,160,کدرشته‌محل منبع: 38728؛ عنوان رشته در منبع: مهندسی برق؛ نحوه پذیرش: با آزمون
1402,مهندسی برق,دانشگاه اردکان,,یزد,روزانه,روزانه,بورسیه / شرایط خاص,1,زن و مرد,نیمسال اول,بورسیه صنعتی -استان یزد -دانشگاه اردکان؛ شرایط پذیرش در دفترچه »پیوستها«,1402-math-booklet,160,1402-math-booklet,160,کدرشته‌محل منبع: 38733؛ عنوان رشته در منبع: مهندسی برق؛ نحوه پذیرش: با آزمون
1402,مهندسی برق,دانشگاه اردکان,,یزد,روزانه,روزانه,بورسیه / شرایط خاص,2,زن و مرد,نیمسال اول,شرایط پذیرش در دفترچه »پیوستها«,1402-math-booklet,160,1402-math-booklet,160,کدرشته‌محل منبع: 38734؛ عنوان رشته در منبع: مهندسی برق؛ نحوه پذیرش: با آزمون
1402,مهندسی برق,دانشگاه اردکان,,یزد,روزانه,روزانه,بورسیه / شرایط خاص,1,مرد,نیمسال اول,شرایط پذیرش در دفترچه »پیوستها«,1402-math-booklet,160,1402-math-booklet,160,کدرشته‌محل منبع: 38735؛ عنوان رشته در منبع: مهندسی برق؛ نحوه پذیرش: با آزمون
1402,مهندسی برق,دانشگاه اردکان,,یزد,روزانه,روزانه,بورسیه / شرایط خاص,3,مرد,نیمسال اول,شرایط پذیرش در دفترچه »پیوستها«,1402-math-booklet,160,1402-math-booklet,160,کدرشته‌محل منبع: 38736؛ عنوان رشته در منبع: مهندسی برق؛ نحوه پذیرش: با آزمون
1402,مهندسی برق,دانشگاه یزد,,یزد,روزانه,روزانه,بورسیه / شرایط خاص,1,زن و مرد,نیمسال اول,شرایط پذیرش در دفترچه »پیوستها«,1402-math-booklet,163,1402-math-booklet,163,کدرشته‌محل منبع: 38762؛ عنوان رشته در منبع: مهندسی برق؛ نحوه پذیرش: با آزمون
1402,مهندسی برق,دانشگاه یزد,,یزد,روزانه,روزانه,بورسیه / شرایط خاص,4,مرد,نیمسال اول,شرایط پذیرش در دفترچه »پیوستها«,1402-math-booklet,163,1402-math-booklet,163,کدرشته‌محل منبع: 38763؛ عنوان رشته در منبع: مهندسی برق؛ نحوه پذیرش: با آزمون
1402,مهندسی برق,دانشگاه یزد,,یزد,روزانه,روزانه,بورسیه / شرایط خاص,5,زن و مرد,نیمسال اول,شرایط پذیرش در دفترچه »پیوستها«,1402-math-booklet,163,1402-math-booklet,163,کدرشته‌محل منبع: 38764؛ عنوان رشته در منبع: مهندسی برق؛ نحوه پذیرش: با آزمون
1402,مهندسی برق,دانشگاه یزد,,یزد,روزانه,روزانه,بورسیه / شرایط خاص,1,زن و مرد,نیمسال اول,شرایط پذیرش در دفترچه »پیوستها«,1402-math-booklet,163,1402-math-booklet,163,کدرشته‌محل منبع: 38765؛ عنوان رشته در منبع: مهندسی برق؛ نحوه پذیرش: با آزمون
1402,مهندسی برق,دانشگاه یزد,,یزد,روزانه,روزانه,بورسیه / شرایط خاص,1,زن و مرد,نیمسال اول,شرایط پذیرش در دفترچه »پیوستها«,1402-math-booklet,163,1402-math-booklet,163,کدرشته‌محل منبع: 38766؛ عنوان رشته در منبع: مهندسی برق؛ نحوه پذیرش: با آزمون
1402,مهندسی برق,دانشگاه یزد,,یزد,روزانه,روزانه,بورسیه / شرایط خاص,1,مرد,نیمسال اول,شرایط پذیرش در دفترچه »پیوستها«,1402-math-booklet,163,1402-math-booklet,163,کدرشته‌محل منبع: 38767؛ عنوان رشته در منبع: مهندسی برق؛ نحوه پذیرش: با آزمون
1402,مهندسی برق,دانشگاه یزد,,یزد,روزانه,روزانه,بورسیه / شرایط خاص,1,زن و مرد,نیمسال اول,شرایط پذیرش در دفترچه »پیوستها«,1402-math-booklet,163,1402-math-booklet,163,کدرشته‌محل منبع: 38768؛ عنوان رشته در منبع: مهندسی برق؛ نحوه پذیرش: با آزمون
1402,مهندسی برق,دانشگاه اصفهان,,اصفهان,روزانه,روزانه,بورسیه / شرایط خاص,5,زن و مرد,نیمسال اول,شرایط پذیرش در دفترچه «پیوست‌ها»؛ کانون انجمن‌های صنفی کارفرمایان استان اصفهان,1402-correction-5,1,1402-correction-5,1,کدرشته‌محل منبع: 39483؛ عنوان رشته در منبع: مهندسی برق؛ نحوه پذیرش: با آزمون؛ رشته‌محل جدید در اصلاحیه؛ بورسیه صنعتی
1402,مهندسی برق,دانشگاه کاشان,,اصفهان,روزانه,روزانه,بورسیه / شرایط خاص,2,زن و مرد,نیمسال اول,شرایط پذیرش در دفترچه «پیوست‌ها»؛ شرکت انتخاب الکترونیک آرمان,1402-correction-5,2,1402-correction-5,2,کدرشته‌محل منبع: 39503؛ عنوان رشته در منبع: مهندسی برق؛ نحوه پذیرش: با آزمون؛ رشته‌محل جدید در اصلاحیه؛ بورسیه صنعتی
1402,مهندسی برق,دانشگاه صنعتی نوشیروانی بابل,,مازندران,روزانه,روزانه,بورسیه / شرایط خاص,2,زن,نیمسال اول,شرایط پذیرش در دفترچه «پیوست‌ها»؛ بورسیه سایپا؛ برای دارندگان رتبه کشوری تا 5000؛ امکان ارائه خوابگاه برای دانشجویان ورودی جدید وجود ندارد,1402-correction-5,2,1402-correction-5,2,کدرشته‌محل منبع: 39524؛ عنوان رشته در منبع: مهندسی برق؛ نحوه پذیرش: با آزمون؛ رشته‌محل جدید در اصلاحیه؛ بورسیه صنعتی
1402,مهندسی برق,دانشگاه صنعتی نوشیروانی بابل,,مازندران,روزانه,روزانه,بورسیه / شرایط خاص,13,مرد,نیمسال اول,شرایط پذیرش در دفترچه «پیوست‌ها»؛ بورسیه سایپا؛ برای دارندگان رتبه کشوری تا 5000؛ امکان ارائه خوابگاه برای دانشجویان ورودی جدید وجود ندارد,1402-correction-5,2,1402-correction-5,2,کدرشته‌محل منبع: 39524؛ عنوان رشته در منبع: مهندسی برق؛ نحوه پذیرش: با آزمون؛ رشته‌محل جدید در اصلاحیه؛ بورسیه صنعتی
1402,مهندسی برق,دانشگاه یزد,,یزد,روزانه,روزانه,بورسیه / شرایط خاص,1,مرد,نیمسال اول,شرایط پذیرش در دفترچه «پیوست‌ها»؛ شرکت تعاونی پیشگامان کویر یزد,1402-correction-5,2,1402-correction-5,2,کدرشته‌محل منبع: 39528؛ عنوان رشته در منبع: مهندسی برق؛ نحوه پذیرش: با آزمون؛ رشته‌محل جدید در اصلاحیه؛ بورسیه صنعتی
1402,مهندسی برق,دانشگاه تربیت دبیر شهید رجایی -تهران,,آذربایجان شرقی,در جدول ذکر نشده,,تعهد خدمت,1,مرد,در جدول ذکر نشده,الزهراء)س( تبریز /مخصوص داوطلبان بومی استان آذربایجان شرقی/محل خدمت تبریز.ناحیه 5؛ دانشگاه تربیت دبیر شهید رجایی -تهران /مخصوص داوطلبان بومی استان آذربایجان شرقی/محل,1402-math-booklet,189,1402-math-booklet,189,کدرشته‌محل منبع: 40046؛ عنوان رشته در منبع: مهندسی برق؛ نحوه پذیرش: با آزمون
1402,مهندسی برق,دانشگاه تربیت دبیر شهید رجایی -تهران,,آذربایجان شرقی,در جدول ذکر نشده,,تعهد خدمت,1,مرد,در جدول ذکر نشده,دانشگاه تربیت دبیر شهید رجایی -تهران /مخصوص داوطلبان بومی استان آذربایجان شرقی/محل,1402-math-booklet,189,1402-math-booklet,189,کدرشته‌محل منبع: 40047؛ عنوان رشته در منبع: مهندسی برق؛ نحوه پذیرش: با آزمون
1402,مهندسی برق,دانشگاه تربیت دبیر شهید رجایی -تهران,,آذربایجان شرقی,در جدول ذکر نشده,,تعهد خدمت,1,مرد,در جدول ذکر نشده,دانشگاه تربیت دبیر شهید رجایی -تهران /مخصوص داوطلبان بومی استان آذربایجان شرقی/محل,1402-math-booklet,189,1402-math-booklet,189,کدرشته‌محل منبع: 40048؛ عنوان رشته در منبع: مهندسی برق؛ نحوه پذیرش: با آزمون
1402,مهندسی برق,دانشگاه تربیت دبیر شهید رجایی -تهران,,آذربایجان شرقی,در جدول ذکر نشده,,تعهد خدمت,1,مرد,در جدول ذکر نشده,دانشگاه تربیت دبیر شهید رجایی -تهران /مخصوص داوطلبان بومی استان آذربایجان شرقی/محل,1402-math-booklet,189,1402-math-booklet,189,کدرشته‌محل منبع: 40049؛ عنوان رشته در منبع: مهندسی برق؛ نحوه پذیرش: با آزمون
1402,مهندسی برق,دانشگاه تربیت دبیر شهید رجایی -تهران,,آذربایجان شرقی,در جدول ذکر نشده,,تعهد خدمت,1,مرد,در جدول ذکر نشده,دانشگاه تربیت دبیر شهید رجایی -تهران /مخصوص داوطلبان بومی استان آذربایجان شرقی/محل,1402-math-booklet,189,1402-math-booklet,189,کدرشته‌محل منبع: 40050؛ عنوان رشته در منبع: مهندسی برق؛ نحوه پذیرش: با آزمون
1402,مهندسی برق,دانشگاه تربیت دبیر شهید رجایی -تهران,,آذربایجان شرقی,در جدول ذکر نشده,,تعهد خدمت,1,مرد,در جدول ذکر نشده,دانشگاه تربیت دبیر شهید رجایی -تهران /مخصوص داوطلبان بومی استان آذربایجان شرقی/محل,1402-math-booklet,189,1402-math-booklet,189,کدرشته‌محل منبع: 40051؛ عنوان رشته در منبع: مهندسی برق؛ نحوه پذیرش: با آزمون
1402,مهندسی برق,دانشگاه تربیت دبیر شهید رجایی -تهران,,آذربایجان شرقی,در جدول ذکر نشده,,تعهد خدمت,1,مرد,در جدول ذکر نشده,دانشگاه تربیت دبیر شهید رجایی -تهران /مخصوص داوطلبان بومی استان آذربایجان شرقی/محل,1402-math-booklet,189,1402-math-booklet,189,کدرشته‌محل منبع: 40052؛ عنوان رشته در منبع: مهندسی برق؛ نحوه پذیرش: با آزمون
1402,مهندسی برق,دانشگاه تربیت دبیر شهید رجایی -تهران,,آذربایجان غربی,در جدول ذکر نشده,,تعهد خدمت,1,مرد,در جدول ذکر نشده,شهرستانهای خوی ،چایپاره/محل خدمت خوی؛ دانشگاه تربیت دبیر شهید رجایی -تهران /مخصوص داوطلبان بومی استان آذربایجان غربی/محل,1402-math-booklet,195,1402-math-booklet,195,کدرشته‌محل منبع: 40133؛ عنوان رشته در منبع: مهندسی برق؛ نحوه پذیرش: با آزمون
1402,مهندسی برق,دانشگاه تربیت دبیر شهید رجایی -تهران,,آذربایجان غربی,در جدول ذکر نشده,,تعهد خدمت,1,مرد,در جدول ذکر نشده,دانشگاه تربیت دبیر شهید رجایی -تهران /مخصوص داوطلبان بومی استان آذربایجان غربی/محل,1402-math-booklet,195,1402-math-booklet,195,کدرشته‌محل منبع: 40134؛ عنوان رشته در منبع: مهندسی برق؛ نحوه پذیرش: با آزمون
1402,مهندسی برق,دانشگاه تربیت دبیر شهید رجایی -تهران,,آذربایجان غربی,در جدول ذکر نشده,,تعهد خدمت,2,مرد,در جدول ذکر نشده,دانشگاه تربیت دبیر شهید رجایی -تهران /مخصوص داوطلبان بومی استان آذربایجان غربی/محل,1402-math-booklet,195,1402-math-booklet,195,کدرشته‌محل منبع: 40135؛ عنوان رشته در منبع: مهندسی برق؛ نحوه پذیرش: با آزمون
1402,مهندسی برق,دانشگاه تربیت دبیر شهید رجایی -تهران,,آذربایجان غربی,در جدول ذکر نشده,,تعهد خدمت,1,مرد,در جدول ذکر نشده,دانشگاه تربیت دبیر شهید رجایی -تهران /مخصوص داوطلبان بومی استان آذربایجان غربی/محل,1402-math-booklet,195,1402-math-booklet,195,کدرشته‌محل منبع: 40136؛ عنوان رشته در منبع: مهندسی برق؛ نحوه پذیرش: با آزمون
1402,مهندسی برق,دانشگاه تربیت دبیر شهید رجایی -تهران,,اردبیل,در جدول ذکر نشده,,تعهد خدمت,1,مرد,در جدول ذکر نشده,شهرستانهای اردبیل ،نمین ،نیر ،سرعین/محل خدمت نیراردبیل؛ دانشگاه تربیت دبیر شهید رجایی -تهران /مخصوص داوطلبان بومی استان اردبیل/محل خدمت,1402-math-booklet,198,1402-math-booklet,198,کدرشته‌محل منبع: 40167؛ عنوان رشته در منبع: مهندسی برق؛ نحوه پذیرش: با آزمون
1402,مهندسی برق,دانشگاه تربیت دبیر شهید رجایی -تهران,,اردبیل,در جدول ذکر نشده,,تعهد خدمت,1,مرد,در جدول ذکر نشده,دانشگاه تربیت دبیر شهید رجایی -تهران /مخصوص داوطلبان بومی استان اردبیل/محل خدمت,1402-math-booklet,198,1402-math-booklet,198,کدرشته‌محل منبع: 40168؛ عنوان رشته در منبع: مهندسی برق؛ نحوه پذیرش: با آزمون
1402,مهندسی برق,دانشگاه تربیت دبیر شهید رجایی -تهران,,اصفهان,در جدول ذکر نشده,,تعهد خدمت,1,مرد,در جدول ذکر نشده,داوطلبان بومی شهرستانهای نایین ،خور و بیابانک/محل خدمت نائین؛ دانشگاه تربیت دبیر شهید رجایی -تهران /اولویت پذیرش با داوطلبان بومی شهرستانهای نایین،؛ خور و بیابانک/محل خدمت خوروبیابانک؛ دانشگاه تربیت دبیر شهید رجایی -تهران /اولویت پذیرش با داوطلبان بومی شهرستانهای چادگان،,1402-math-booklet,203,1402-math-booklet,203,کدرشته‌محل منبع: 40254؛ عنوان رشته در منبع: مهندسی برق؛ نحوه پذیرش: با آزمون
1402,مهندسی برق,دانشگاه تربیت دبیر شهید رجایی -تهران,,اصفهان,در جدول ذکر نشده,,تعهد خدمت,1,مرد,در جدول ذکر نشده,خور و بیابانک/محل خدمت خوروبیابانک؛ دانشگاه تربیت دبیر شهید رجایی -تهران /اولویت پذیرش با داوطلبان بومی شهرستانهای چادگان،؛ خوانسار ،فریدن ،فریدونشهر ،گلپایگان ،بویین و میاندشت/محل خدمت چادگان؛ دانشگاه تربیت دبیر شهید رجایی -تهران /اولویت پذیرش با داوطلبان بومی شهرستانهای کاشان،,1402-math-booklet,203,1402-math-booklet,203,کدرشته‌محل منبع: 40255؛ عنوان رشته در منبع: مهندسی برق؛ نحوه پذیرش: با آزمون
1402,مهندسی برق,دانشگاه تربیت دبیر شهید رجایی -تهران,,اصفهان,در جدول ذکر نشده,,تعهد خدمت,1,مرد,در جدول ذکر نشده,خوانسار ،فریدن ،فریدونشهر ،گلپایگان ،بویین و میاندشت/محل خدمت چادگان؛ دانشگاه تربیت دبیر شهید رجایی -تهران /اولویت پذیرش با داوطلبان بومی شهرستانهای کاشان،؛ آران و بیدگل ،اردستان ،نطنز/محل خدمت کاشان,1402-math-booklet,203,1402-math-booklet,203,کدرشته‌محل منبع: 40256؛ عنوان رشته در منبع: مهندسی برق؛ نحوه پذیرش: با آزمون
1402,مهندسی برق,دانشگاه تربیت دبیر شهید رجایی -تهران,,اصفهان,در جدول ذکر نشده,,تعهد خدمت,1,مرد,در جدول ذکر نشده,آران و بیدگل ،اردستان ،نطنز/محل خدمت کاشان؛ دانشگاه تربیت دبیر شهید رجایی -تهران /اولویت پذیرش با داوطلبان بومی شهرستانهای کاشان،؛ آران و بیدگل ،اردستان ،نطنز/محل خدمت امامزاده؛ دانشگاه تربیت دبیر شهید رجایی -تهران /اولویت پذیرش با داوطلبان بومی شهرستانهای تیران و,1402-math-booklet,203,1402-math-booklet,203,کدرشته‌محل منبع: 40257؛ عنوان رشته در منبع: مهندسی برق؛ نحوه پذیرش: با آزمون
1402,مهندسی برق,دانشگاه تربیت دبیر شهید رجایی -تهران,,اصفهان,در جدول ذکر نشده,,تعهد خدمت,1,مرد,در جدول ذکر نشده,آران و بیدگل ،اردستان ،نطنز/محل خدمت امامزاده؛ دانشگاه تربیت دبیر شهید رجایی -تهران /اولویت پذیرش با داوطلبان بومی شهرستانهای تیران و؛ کرون ،نجف آباد/محل خدمت نجف آباد,1402-math-booklet,203,1402-math-booklet,203,کدرشته‌محل منبع: 40258؛ عنوان رشته در منبع: مهندسی برق؛ نحوه پذیرش: با آزمون
1402,مهندسی برق,دانشگاه تربیت دبیر شهید رجایی -تهران,,اصفهان,در جدول ذکر نشده,,تعهد خدمت,1,مرد,در جدول ذکر نشده,کرون ،نجف آباد/محل خدمت نجف آباد؛ دانشگاه تربیت دبیر شهید رجایی -تهران /اولویت پذیرش با داوطلبان بومی شهرستانهای تیران و؛ کرون ،نجف آباد/محل خدمت مهردشت؛ دانشگاه تربیت دبیر شهید رجایی -تهران /اولویت پذیرش با داوطلبان بومی شهرستانهای اصفهان،,1402-math-booklet,203,1402-math-booklet,203,کدرشته‌محل منبع: 40259؛ عنوان رشته در منبع: مهندسی برق؛ نحوه پذیرش: با آزمون
1402,مهندسی برق,دانشگاه تربیت دبیر شهید رجایی -تهران,,اصفهان,در جدول ذکر نشده,,تعهد خدمت,1,مرد,در جدول ذکر نشده,کرون ،نجف آباد/محل خدمت مهردشت؛ دانشگاه تربیت دبیر شهید رجایی -تهران /اولویت پذیرش با داوطلبان بومی شهرستانهای اصفهان،؛ شاهینشهرو میمه ،برخوار ،خمینیشهر/محل خدمت اصفهان .ناحیه 3,1402-math-booklet,203,1402-math-booklet,203,کدرشته‌محل منبع: 40260؛ عنوان رشته در منبع: مهندسی برق؛ نحوه پذیرش: با آزمون
1402,مهندسی برق,دانشگاه تربیت دبیر شهید رجایی -تهران,,اصفهان,در جدول ذکر نشده,,تعهد خدمت,1,مرد,در جدول ذکر نشده,شاهینشهرو میمه ،برخوار ،خمینیشهر/محل خدمت اصفهان .ناحیه 3؛ دانشگاه تربیت دبیر شهید رجایی -تهران /اولویت پذیرش با داوطلبان بومی شهرستانهای اصفهان،؛ شاهینشهرو میمه ،برخوار ،خمینیشهر/محل خدمت اصفهان .ناحیه 4,1402-math-booklet,203,1402-math-booklet,203,کدرشته‌محل منبع: 40261؛ عنوان رشته در منبع: مهندسی برق؛ نحوه پذیرش: با آزمون
1402,مهندسی برق,دانشگاه تربیت دبیر شهید رجایی -تهران,,اصفهان,در جدول ذکر نشده,,تعهد خدمت,1,مرد,در جدول ذکر نشده,شاهینشهرو میمه ،برخوار ،خمینیشهر/محل خدمت اصفهان .ناحیه 4؛ دانشگاه تربیت دبیر شهید رجایی -تهران /اولویت پذیرش با داوطلبان بومی شهرستانهای اصفهان،؛ شاهینشهرو میمه ،برخوار ،خمینیشهر/محل خدمت برخوار,1402-math-booklet,203,1402-math-booklet,203,کدرشته‌محل منبع: 40262؛ عنوان رشته در منبع: مهندسی برق؛ نحوه پذیرش: با آزمون
1402,مهندسی برق,دانشگاه تربیت دبیر شهید رجایی -تهران,,اصفهان,در جدول ذکر نشده,,تعهد خدمت,1,مرد,در جدول ذکر نشده,دانشگاه یا پردیس محل تحصیل /محل خدمت ظرفیت جنس عنوان رشته؛ دانشگاه تربیت دبیر شهید رجایی -تهران /اولویت پذیرش با داوطلبان بومی شهرستانهای اصفهان،؛ شاهینشهرو میمه ،برخوار ،خمینیشهر/محل خدمت اصفهان .ناحیه ) 6جی(,1402-math-booklet,204,1402-math-booklet,204,کدرشته‌محل منبع: 40263؛ عنوان رشته در منبع: مهندسی برق؛ نحوه پذیرش: با آزمون
1402,مهندسی برق,دانشگاه تربیت دبیر شهید رجایی -تهران,,البرز,در جدول ذکر نشده,,تعهد خدمت,1,مرد,در جدول ذکر نشده,پذیرش با داوطلبان بومی شهرستانهای کرج ،فردیس ،چهارباغ/محل خدمت کرج .ناحیه 3؛ دانشگاه تربیت دبیر شهید رجایی -تهران /اولویت پذیرش با داوطلبان بومی شهرستانهای کرج،؛ فردیس ،چهارباغ/محل خدمت کرج .ناحیه 1,1402-math-booklet,209,1402-math-booklet,209,کدرشته‌محل منبع: 40329؛ عنوان رشته در منبع: مهندسی برق؛ نحوه پذیرش: با آزمون
1402,مهندسی برق,دانشگاه تربیت دبیر شهید رجایی -تهران,,البرز,در جدول ذکر نشده,,تعهد خدمت,1,مرد,در جدول ذکر نشده,فردیس ،چهارباغ/محل خدمت کرج .ناحیه 1؛ دانشگاه تربیت دبیر شهید رجایی -تهران /اولویت پذیرش با داوطلبان بومی شهرستانهای کرج،؛ فردیس ،چهارباغ/محل خدمت کرج .ناحیه 2,1402-math-booklet,209,1402-math-booklet,209,کدرشته‌محل منبع: 40330؛ عنوان رشته در منبع: مهندسی برق؛ نحوه پذیرش: با آزمون
1402,مهندسی برق,دانشگاه تربیت دبیر شهید رجایی -تهران,,البرز,در جدول ذکر نشده,,تعهد خدمت,1,مرد,در جدول ذکر نشده,فردیس ،چهارباغ/محل خدمت کرج .ناحیه 2؛ دانشگاه تربیت دبیر شهید رجایی -تهران /اولویت پذیرش با داوطلبان بومی شهرستانهای کرج،؛ فردیس ،چهارباغ/محل خدمت کرج .ناحیه 3,1402-math-booklet,209,1402-math-booklet,209,کدرشته‌محل منبع: 40331؛ عنوان رشته در منبع: مهندسی برق؛ نحوه پذیرش: با آزمون
1402,مهندسی برق,دانشگاه تربیت دبیر شهید رجایی -تهران,,البرز,در جدول ذکر نشده,,تعهد خدمت,1,مرد,در جدول ذکر نشده,فردیس ،چهارباغ/محل خدمت کرج .ناحیه 3؛ دانشگاه تربیت دبیر شهید رجایی -تهران /اولویت پذیرش با داوطلبان بومی شهرستانهای کرج،؛ فردیس ،چهارباغ/محل خدمت کرج .ناحیه 4,1402-math-booklet,209,1402-math-booklet,209,کدرشته‌محل منبع: 40332؛ عنوان رشته در منبع: مهندسی برق؛ نحوه پذیرش: با آزمون
1402,مهندسی برق,دانشگاه تربیت دبیر شهید رجایی -تهران,,ایلام,در جدول ذکر نشده,,تعهد خدمت,1,مرد,در جدول ذکر نشده,بومی شهرستان ایوان/محل خدمت ایوان؛ دانشگاه تربیت دبیر شهید رجایی -تهران /اولویت پذیرش با داوطلبان بومی شهرستان؛ ملکشاهی/محل خدمت ملکشاهی,1402-math-booklet,211,1402-math-booklet,211,کدرشته‌محل منبع: 40356؛ عنوان رشته در منبع: مهندسی برق؛ نحوه پذیرش: با آزمون
1402,مهندسی برق,دانشگاه تربیت دبیر شهید رجایی -تهران,,بوشهر,در جدول ذکر نشده,,تعهد خدمت,1,مرد,در جدول ذکر نشده,داوطلبان بومی شهرستان دشتستان/محل خدمت شبانکاره؛ دانشگاه تربیت دبیر شهید رجایی -تهران /مخصوص داوطلبان بومی استان بوشهر/محل خدمت,1402-math-booklet,213,1402-math-booklet,213,کدرشته‌محل منبع: 40393؛ عنوان رشته در منبع: مهندسی برق؛ نحوه پذیرش: با آزمون
1402,مهندسی برق,دانشگاه تربیت دبیر شهید رجایی -تهران,,بوشهر,در جدول ذکر نشده,,تعهد خدمت,1,مرد,در جدول ذکر نشده,دانشگاه تربیت دبیر شهید رجایی -تهران /مخصوص داوطلبان بومی استان بوشهر/محل خدمت,1402-math-booklet,213,1402-math-booklet,213,کدرشته‌محل منبع: 40394؛ عنوان رشته در منبع: مهندسی برق؛ نحوه پذیرش: با آزمون
1402,مهندسی برق,دانشگاه تربیت دبیر شهید رجایی -تهران,,تهران,در جدول ذکر نشده,,تعهد خدمت,1,مرد,در جدول ذکر نشده,دانشگاه تربیت دبیر شهید رجایی -تهران /اولویت پذیرش با داوطلبان بومی شهرستانهای ملارد،؛ شهریار ،قدس ،رباط کریم ،بهارستان ،اسلامشهر/محل خدمت اسلام شهر,1402-math-booklet,224,1402-math-booklet,224,کدرشته‌محل منبع: 40577؛ عنوان رشته در منبع: مهندسی برق؛ نحوه پذیرش: با آزمون
1402,مهندسی برق,دانشگاه تربیت دبیر شهید رجایی -تهران,,تهران,در جدول ذکر نشده,,تعهد خدمت,1,مرد,در جدول ذکر نشده,شهریار ،قدس ،رباط کریم ،بهارستان ،اسلامشهر/محل خدمت اسلام شهر؛ دانشگاه تربیت دبیر شهید رجایی -تهران /اولویت پذیرش با داوطلبان بومی شهرستانهای ملارد،؛ شهریار ،قدس ،رباط کریم ،بهارستان ،اسلامشهر/محل خدمت بهارستان1,1402-math-booklet,224,1402-math-booklet,224,کدرشته‌محل منبع: 40578؛ عنوان رشته در منبع: مهندسی برق؛ نحوه پذیرش: با آزمون
1402,مهندسی برق,دانشگاه تربیت دبیر شهید رجایی -تهران,,تهران,در جدول ذکر نشده,,تعهد خدمت,1,مرد,در جدول ذکر نشده,شهریار ،قدس ،رباط کریم ،بهارستان ،اسلامشهر/محل خدمت بهارستان1؛ دانشگاه تربیت دبیر شهید رجایی -تهران /اولویت پذیرش با داوطلبان بومی شهرستانهای ملارد،؛ شهریار ،قدس ،رباط کریم ،بهارستان ،اسلامشهر/محل خدمت بهارستان 2,1402-math-booklet,224,1402-math-booklet,224,کدرشته‌محل منبع: 40579؛ عنوان رشته در منبع: مهندسی برق؛ نحوه پذیرش: با آزمون
1402,مهندسی برق,دانشگاه تربیت دبیر شهید رجایی -تهران,,تهران,در جدول ذکر نشده,,تعهد خدمت,1,مرد,در جدول ذکر نشده,شهریار ،قدس ،رباط کریم ،بهارستان ،اسلامشهر/محل خدمت بهارستان 2؛ دانشگاه تربیت دبیر شهید رجایی -تهران /اولویت پذیرش با داوطلبان بومی شهرستانهای ملارد،؛ شهریار ،قدس ،رباط کریم ،بهارستان ،اسلامشهر/محل خدمت رباط کریم,1402-math-booklet,224,1402-math-booklet,224,کدرشته‌محل منبع: 40580؛ عنوان رشته در منبع: مهندسی برق؛ نحوه پذیرش: با آزمون
1402,مهندسی برق,دانشگاه تربیت دبیر شهید رجایی -تهران,,تهران,در جدول ذکر نشده,,تعهد خدمت,1,مرد,در جدول ذکر نشده,شهریار ،قدس ،رباط کریم ،بهارستان ،اسلامشهر/محل خدمت رباط کریم؛ دانشگاه تربیت دبیر شهید رجایی -تهران /اولویت پذیرش با داوطلبان بومی شهرستانهای ملارد،؛ شهریار ،قدس ،رباط کریم ،بهارستان ،اسلامشهر/محل خدمت شهرقدس,1402-math-booklet,224,1402-math-booklet,224,کدرشته‌محل منبع: 40581؛ عنوان رشته در منبع: مهندسی برق؛ نحوه پذیرش: با آزمون
1402,مهندسی برق,دانشگاه تربیت دبیر شهید رجایی -تهران,,تهران,در جدول ذکر نشده,,تعهد خدمت,1,مرد,در جدول ذکر نشده,شهریار ،قدس ،رباط کریم ،بهارستان ،اسلامشهر/محل خدمت شهرقدس؛ دانشگاه تربیت دبیر شهید رجایی -تهران /اولویت پذیرش با داوطلبان بومی شهرستانهای ملارد،؛ شهریار ،قدس ،رباط کریم ،بهارستان ،اسلامشهر/محل خدمت شهریار؛ دانشگاه تربیت دبیر شهید رجایی -تهران /مخصوص داوطلبان بومی شهرستانهای تهران و,1402-math-booklet,224,1402-math-booklet,224,کدرشته‌محل منبع: 40582؛ عنوان رشته در منبع: مهندسی برق؛ نحوه پذیرش: با آزمون
1402,مهندسی برق,دانشگاه تربیت دبیر شهید رجایی -تهران,,تهران,در جدول ذکر نشده,,تعهد خدمت,1,مرد,در جدول ذکر نشده,شهریار ،قدس ،رباط کریم ،بهارستان ،اسلامشهر/محل خدمت شهریار؛ دانشگاه تربیت دبیر شهید رجایی -تهران /مخصوص داوطلبان بومی شهرستانهای تهران و؛ شمیرانات)صرف ًا شامل شهر تهران ،کن ،آفتاب ،رودبارقصران ،لواسانات(/محل خدمت تهران .منطقه 15,1402-math-booklet,224,1402-math-booklet,224,کدرشته‌محل منبع: 40583؛ عنوان رشته در منبع: مهندسی برق؛ نحوه پذیرش: با آزمون
1402,مهندسی برق,دانشگاه تربیت دبیر شهید رجایی -تهران,,تهران,در جدول ذکر نشده,,تعهد خدمت,1,مرد,در جدول ذکر نشده,شمیرانات)صرف ًا شامل شهر تهران ،کن ،آفتاب ،رودبارقصران ،لواسانات(/محل خدمت تهران .منطقه 15؛ دانشگاه تربیت دبیر شهید رجایی -تهران /مخصوص داوطلبان بومی شهرستانهای تهران و؛ شمیرانات)صرف ًا شامل شهر تهران ،کن ،آفتاب ،رودبارقصران ،لواسانات(/محل خدمت تهران .منطقه 16,1402-math-booklet,224,1402-math-booklet,224,کدرشته‌محل منبع: 40584؛ عنوان رشته در منبع: مهندسی برق؛ نحوه پذیرش: با آزمون
1402,مهندسی برق,دانشگاه تربیت دبیر شهید رجایی -تهران,,تهران,در جدول ذکر نشده,,تعهد خدمت,2,مرد,در جدول ذکر نشده,شمیرانات)صرف ًا شامل شهر تهران ،کن ،آفتاب ،رودبارقصران ،لواسانات(/محل خدمت تهران .منطقه 16؛ دانشگاه تربیت دبیر شهید رجایی -تهران /مخصوص داوطلبان بومی شهرستانهای تهران و؛ شمیرانات)صرف ًا شامل شهر تهران ،کن ،آفتاب ،رودبارقصران ،لواسانات(/محل خدمت تهران .منطقه 17,1402-math-booklet,224,1402-math-booklet,224,کدرشته‌محل منبع: 40585؛ عنوان رشته در منبع: مهندسی برق؛ نحوه پذیرش: با آزمون
1402,مهندسی برق,دانشگاه تربیت دبیر شهید رجایی -تهران,,تهران,در جدول ذکر نشده,,تعهد خدمت,2,مرد,در جدول ذکر نشده,شمیرانات)صرف ًا شامل شهر تهران ،کن ،آفتاب ،رودبارقصران ،لواسانات(/محل خدمت تهران .منطقه 17؛ دانشگاه تربیت دبیر شهید رجایی -تهران /مخصوص داوطلبان بومی شهرستانهای تهران و؛ شمیرانات)صرف ًا شامل شهر تهران ،کن ،آفتاب ،رودبارقصران ،لواسانات(/محل خدمت تهران .منطقه 18,1402-math-booklet,224,1402-math-booklet,224,کدرشته‌محل منبع: 40586؛ عنوان رشته در منبع: مهندسی برق؛ نحوه پذیرش: با آزمون
1402,مهندسی برق,دانشگاه تربیت دبیر شهید رجایی -تهران,,تهران,در جدول ذکر نشده,,تعهد خدمت,2,مرد,در جدول ذکر نشده,شمیرانات)صرف ًا شامل شهر تهران ،کن ،آفتاب ،رودبارقصران ،لواسانات(/محل خدمت تهران .منطقه 18؛ دانشگاه تربیت دبیر شهید رجایی -تهران /مخصوص داوطلبان بومی شهرستانهای تهران و؛ شمیرانات)صرف ًا شامل شهر تهران ،کن ،آفتاب ،رودبارقصران ،لواسانات(/محل خدمت تهران .منطقه 19؛ دانشگاه تربیت دبیر شهید رجایی -تهران /اولویت پذیرش با داوطلبان بومی شهرستانهای,1402-math-booklet,224,1402-math-booklet,224,کدرشته‌محل منبع: 40587؛ عنوان رشته در منبع: مهندسی برق؛ نحوه پذیرش: با آزمون
1402,مهندسی برق,دانشگاه تربیت دبیر شهید رجایی -تهران,,تهران,در جدول ذکر نشده,,تعهد خدمت,1,مرد,در جدول ذکر نشده,شمیرانات)صرف ًا شامل شهر تهران ،کن ،آفتاب ،رودبارقصران ،لواسانات(/محل خدمت تهران .منطقه 19؛ دانشگاه تربیت دبیر شهید رجایی -تهران /اولویت پذیرش با داوطلبان بومی شهرستانهای؛ مرد فیروزکوه ،دماوند ،پردیس ،ورامین ،قرچک ،پاکدشت ،پیشوا ،جوادآباد ،شهرری/محل خدمت 1 ,1402-math-booklet,224,1402-math-booklet,224,کدرشته‌محل منبع: 40588؛ عنوان رشته در منبع: مهندسی برق؛ نحوه پذیرش: با آزمون
1402,مهندسی برق,دانشگاه تربیت دبیر شهید رجایی -تهران,,تهران,در جدول ذکر نشده,,تعهد خدمت,1,مرد,در جدول ذکر نشده,دانشگاه تربیت دبیر شهید رجایی -تهران /اولویت پذیرش با داوطلبان بومی شهرستانهای؛ مرد فیروزکوه ،دماوند ،پردیس ،ورامین ،قرچک ،پاکدشت ،پیشوا ،جوادآباد ،شهرری/محل خدمت 1 ,1402-math-booklet,224,1402-math-booklet,224,کدرشته‌محل منبع: 40589؛ عنوان رشته در منبع: مهندسی برق؛ نحوه پذیرش: با آزمون
1402,مهندسی برق,دانشگاه تربیت دبیر شهید رجایی -تهران,,تهران,در جدول ذکر نشده,,تعهد خدمت,1,مرد,در جدول ذکر نشده,دانشگاه تربیت دبیر شهید رجایی -تهران /اولویت پذیرش با داوطلبان بومی شهرستانهای؛ مرد فیروزکوه ،دماوند ،پردیس ،ورامین ،قرچک ،پاکدشت ،پیشوا ،جوادآباد ،شهرری/محل خدمت 1 ,1402-math-booklet,224,1402-math-booklet,224,کدرشته‌محل منبع: 40590؛ عنوان رشته در منبع: مهندسی برق؛ نحوه پذیرش: با آزمون
1402,مهندسی برق,دانشگاه تربیت دبیر شهید رجایی -تهران,,تهران,در جدول ذکر نشده,,تعهد خدمت,1,مرد,در جدول ذکر نشده,دانشگاه تربیت دبیر شهید رجایی -تهران /اولویت پذیرش با داوطلبان بومی شهرستانهای؛ فیروزکوه ،دماوند ،پردیس ،ورامین ،قرچک ،پاکدشت ،پیشوا ،جوادآباد ،شهرری/محل خدمت دماوند,1402-math-booklet,224,1402-math-booklet,224,کدرشته‌محل منبع: 40591؛ عنوان رشته در منبع: مهندسی برق؛ نحوه پذیرش: با آزمون
1402,مهندسی برق,دانشگاه تربیت دبیر شهید رجایی -تهران,,تهران,در جدول ذکر نشده,,تعهد خدمت,1,مرد,در جدول ذکر نشده,فیروزکوه ،دماوند ،پردیس ،ورامین ،قرچک ،پاکدشت ،پیشوا ،جوادآباد ،شهرری/محل خدمت دماوند؛ دانشگاه تربیت دبیر شهید رجایی -تهران /اولویت پذیرش با داوطلبان بومی شهرستانهای؛ فیروزکوه ،دماوند ،پردیس ،ورامین ،قرچک ،پاکدشت ،پیشوا ،جوادآباد ،شهرری/محل خدمت رودهن,1402-math-booklet,224,1402-math-booklet,224,کدرشته‌محل منبع: 40592؛ عنوان رشته در منبع: مهندسی برق؛ نحوه پذیرش: با آزمون
1402,مهندسی برق,دانشگاه تربیت دبیر شهید رجایی -تهران,,تهران,در جدول ذکر نشده,,تعهد خدمت,1,مرد,در جدول ذکر نشده,فیروزکوه ،دماوند ،پردیس ،ورامین ،قرچک ،پاکدشت ،پیشوا ،جوادآباد ،شهرری/محل خدمت رودهن؛ دانشگاه تربیت دبیر شهید رجایی -تهران /اولویت پذیرش با داوطلبان بومی شهرستانهای؛ مرد فیروزکوه ،دماوند ،پردیس ،ورامین ،قرچک ،پاکدشت ،پیشوا ،جوادآباد ،شهرری/محل خدمت 1 ,1402-math-booklet,224,1402-math-booklet,224,کدرشته‌محل منبع: 40593؛ عنوان رشته در منبع: مهندسی برق؛ نحوه پذیرش: با آزمون
1402,مهندسی برق,دانشگاه تربیت دبیر شهید رجایی -تهران,,تهران,در جدول ذکر نشده,,تعهد خدمت,1,مرد,در جدول ذکر نشده,دانشگاه تربیت دبیر شهید رجایی -تهران /اولویت پذیرش با داوطلبان بومی شهرستانهای؛ مرد فیروزکوه ،دماوند ،پردیس ،ورامین ،قرچک ،پاکدشت ،پیشوا ،جوادآباد ،شهرری/محل خدمت 1 ,1402-math-booklet,224,1402-math-booklet,224,کدرشته‌محل منبع: 40594؛ عنوان رشته در منبع: مهندسی برق؛ نحوه پذیرش: با آزمون
1402,مهندسی برق,دانشگاه تربیت دبیر شهید رجایی -تهران,,تهران,در جدول ذکر نشده,,تعهد خدمت,1,مرد,در جدول ذکر نشده,دانشگاه تربیت دبیر شهید رجایی -تهران /اولویت پذیرش با داوطلبان بومی شهرستانهای؛ فیروزکوه ،دماوند ،پردیس ،ورامین ،قرچک ،پاکدشت ،پیشوا ،جوادآباد ،شهرری/محل خدمت ورامین؛ مرد فیروزکوه ،دماوند ،پردیس ،ورامین ،قرچک ،پاکدشت ،پیشوا ،جوادآباد ،شهرری/محل خدمت 2 40596مهندسی ساخت و تولید,1402-math-booklet,224,1402-math-booklet,224,کدرشته‌محل منبع: 40595؛ عنوان رشته در منبع: مهندسی برق؛ نحوه پذیرش: با آزمون
1402,مهندسی برق,دانشگاه تربیت دبیر شهید رجایی -تهران,,چهارمحال و,در جدول ذکر نشده,,تعهد خدمت,1,مرد,در جدول ذکر نشده,داوطلبان بومی شهرستانهای شهرکرد ،سامان ،بن/محل خدمت لاران؛ دانشگاه تربیت دبیر شهید رجایی -تهران /مخصوص داوطلبان بومی استان چهارمحال و؛ بختیاری/محل خدمت لردگان,1402-math-booklet,231,1402-math-booklet,231,کدرشته‌محل منبع: 40673؛ عنوان رشته در منبع: مهندسی برق؛ نحوه پذیرش: با آزمون
1402,مهندسی برق,دانشگاه تربیت دبیر شهید رجایی -تهران,,چهارمحال و,در جدول ذکر نشده,,تعهد خدمت,1,مرد,در جدول ذکر نشده,بختیاری/محل خدمت لردگان؛ دانشگاه تربیت دبیر شهید رجایی -تهران /مخصوص داوطلبان بومی استان چهارمحال و؛ بختیاری/محل خدمت فلارد,1402-math-booklet,231,1402-math-booklet,231,کدرشته‌محل منبع: 40674؛ عنوان رشته در منبع: مهندسی برق؛ نحوه پذیرش: با آزمون
1402,مهندسی برق,دانشگاه تربیت دبیر شهید رجایی -تهران,,خراسان جنوبی,در جدول ذکر نشده,,تعهد خدمت,1,مرد,در جدول ذکر نشده,مرد شهید بهشتی مشهد /اولویت پذیرش با داوطلبان بومی شهرستانهای فردوس ،سرایان /محل خدمت 1 40689آموزش فیزیک؛ دانشگاه تربیت دبیر شهید رجایی -تهران /مخصوص داوطلبان بومی استان خراسان جنوبی/محل,1402-math-booklet,233,1402-math-booklet,233,کدرشته‌محل منبع: 40690؛ عنوان رشته در منبع: مهندسی برق؛ نحوه پذیرش: با آزمون
1402,مهندسی برق,دانشگاه تربیت دبیر شهید رجایی -تهران,,خراسان جنوبی,در جدول ذکر نشده,,تعهد خدمت,1,مرد,در جدول ذکر نشده,دانشگاه تربیت دبیر شهید رجایی -تهران /مخصوص داوطلبان بومی استان خراسان جنوبی/محل,1402-math-booklet,233,1402-math-booklet,233,کدرشته‌محل منبع: 40691؛ عنوان رشته در منبع: مهندسی برق؛ نحوه پذیرش: با آزمون
1402,مهندسی برق,دانشگاه تربیت دبیر شهید رجایی -تهران,,خراسان رضوی,در جدول ذکر نشده,,تعهد خدمت,1,مرد,در جدول ذکر نشده,مشهد /اولویت پذیرش با داوطلبان بومی شهرستانهای درگز ،کلات/محل خدمت نوخندان؛ دانشگاه تربیت دبیر شهید رجایی -تهران /اولویت پذیرش با داوطلبان بومی شهرستانهای بجستان،؛ گناباد ،مهولات/محل خدمت گناباد؛ دانشگاه تربیت دبیر شهید رجایی -تهران /اولویت پذیرش با داوطلبان بومی شهرستانهای درگز،,1402-math-booklet,236,1402-math-booklet,236,کدرشته‌محل منبع: 40742؛ عنوان رشته در منبع: مهندسی برق؛ نحوه پذیرش: با آزمون
1402,مهندسی برق,دانشگاه تربیت دبیر شهید رجایی -تهران,,خراسان رضوی,در جدول ذکر نشده,,تعهد خدمت,1,مرد,در جدول ذکر نشده,گناباد ،مهولات/محل خدمت گناباد؛ دانشگاه تربیت دبیر شهید رجایی -تهران /اولویت پذیرش با داوطلبان بومی شهرستانهای درگز،؛ کلات/محل خدمت کلات؛ دانشگاه تربیت دبیر شهید رجایی -تهران /اولویت پذیرش با داوطلبان بومی شهرستانهای داورزن،,1402-math-booklet,236,1402-math-booklet,236,کدرشته‌محل منبع: 40743؛ عنوان رشته در منبع: مهندسی برق؛ نحوه پذیرش: با آزمون
1402,مهندسی برق,دانشگاه تربیت دبیر شهید رجایی -تهران,,خراسان رضوی,در جدول ذکر نشده,,تعهد خدمت,1,مرد,در جدول ذکر نشده,کلات/محل خدمت کلات؛ دانشگاه تربیت دبیر شهید رجایی -تهران /اولویت پذیرش با داوطلبان بومی شهرستانهای داورزن،؛ ششتمد/محل خدمت ششتمد؛ دانشگاه تربیت دبیر شهید رجایی -تهران /اولویت پذیرش با داوطلبان بومی شهرستانهای مشهد،,1402-math-booklet,236,1402-math-booklet,236,کدرشته‌محل منبع: 40744؛ عنوان رشته در منبع: مهندسی برق؛ نحوه پذیرش: با آزمون
1402,مهندسی برق,دانشگاه تربیت دبیر شهید رجایی -تهران,,خراسان رضوی,در جدول ذکر نشده,,تعهد خدمت,1,مرد,در جدول ذکر نشده,ششتمد/محل خدمت ششتمد؛ دانشگاه تربیت دبیر شهید رجایی -تهران /اولویت پذیرش با داوطلبان بومی شهرستانهای مشهد،؛ طرقبه شاندیز)بینالود سابق(/محل خدمت احمدآباد؛ دانشگاه تربیت دبیر شهید رجایی -تهران /اولویت پذیرش با داوطلبان بومی شهرستانهای,1402-math-booklet,236,1402-math-booklet,236,کدرشته‌محل منبع: 40745؛ عنوان رشته در منبع: مهندسی برق؛ نحوه پذیرش: با آزمون
1402,مهندسی برق,دانشگاه تربیت دبیر شهید رجایی -تهران,,خراسان رضوی,در جدول ذکر نشده,,تعهد خدمت,1,مرد,در جدول ذکر نشده,طرقبه شاندیز)بینالود سابق(/محل خدمت احمدآباد؛ دانشگاه تربیت دبیر شهید رجایی -تهران /اولویت پذیرش با داوطلبان بومی شهرستانهای؛ بردسکن ،خلیلآباد/محل خدمت بردسکن؛ دانشگاه تربیت دبیر شهید رجایی -تهران /اولویت پذیرش با داوطلبان بومی شهرستان فیروزه/محل,1402-math-booklet,236,1402-math-booklet,236,کدرشته‌محل منبع: 40746؛ عنوان رشته در منبع: مهندسی برق؛ نحوه پذیرش: با آزمون
1402,مهندسی برق,دانشگاه تربیت دبیر شهید رجایی -تهران,,خراسان رضوی,در جدول ذکر نشده,,تعهد خدمت,1,مرد,در جدول ذکر نشده,بردسکن ،خلیلآباد/محل خدمت بردسکن؛ دانشگاه تربیت دبیر شهید رجایی -تهران /اولویت پذیرش با داوطلبان بومی شهرستان فیروزه/محل؛ دانشگاه تربیت دبیر شهید رجایی -تهران /اولویت پذیرش با داوطلبان بومی شهرستانهای زاوه،,1402-math-booklet,236,1402-math-booklet,236,کدرشته‌محل منبع: 40747؛ عنوان رشته در منبع: مهندسی برق؛ نحوه پذیرش: با آزمون
1402,مهندسی برق,دانشگاه تربیت دبیر شهید رجایی -تهران,,خراسان رضوی,در جدول ذکر نشده,,تعهد خدمت,1,مرد,در جدول ذکر نشده,دانشگاه تربیت دبیر شهید رجایی -تهران /اولویت پذیرش با داوطلبان بومی شهرستانهای زاوه،؛ رشتخوار/محل خدمت زاوه؛ دانشگاه تربیت دبیر شهید رجایی -تهران /اولویت پذیرش با داوطلبان بومی شهرستانهای چناران،,1402-math-booklet,236,1402-math-booklet,236,کدرشته‌محل منبع: 40748؛ عنوان رشته در منبع: مهندسی برق؛ نحوه پذیرش: با آزمون
1402,مهندسی برق,دانشگاه تربیت دبیر شهید رجایی -تهران,,خراسان رضوی,در جدول ذکر نشده,,تعهد خدمت,1,مرد,در جدول ذکر نشده,رشتخوار/محل خدمت زاوه؛ دانشگاه تربیت دبیر شهید رجایی -تهران /اولویت پذیرش با داوطلبان بومی شهرستانهای چناران،؛ گلبهار/محل خدمت چناران؛ دانشگاه تربیت دبیر شهید رجایی -تهران /اولویت پذیرش با داوطلبان بومی شهرستان قوچان/محل,1402-math-booklet,236,1402-math-booklet,236,کدرشته‌محل منبع: 40749؛ عنوان رشته در منبع: مهندسی برق؛ نحوه پذیرش: با آزمون
1402,مهندسی برق,دانشگاه تربیت دبیر شهید رجایی -تهران,,خراسان رضوی,در جدول ذکر نشده,,تعهد خدمت,1,مرد,در جدول ذکر نشده,گلبهار/محل خدمت چناران؛ دانشگاه تربیت دبیر شهید رجایی -تهران /اولویت پذیرش با داوطلبان بومی شهرستان قوچان/محل؛ دانشگاه تربیت دبیر شهید رجایی -تهران /اولویت پذیرش با داوطلبان بومی شهرستان,1402-math-booklet,236,1402-math-booklet,236,کدرشته‌محل منبع: 40750؛ عنوان رشته در منبع: مهندسی برق؛ نحوه پذیرش: با آزمون
1402,مهندسی برق,دانشگاه تربیت دبیر شهید رجایی -تهران,,خراسان رضوی,در جدول ذکر نشده,,تعهد خدمت,1,مرد,در جدول ذکر نشده,دانشگاه تربیت دبیر شهید رجایی -تهران /اولویت پذیرش با داوطلبان بومی شهرستان؛ خوشاب/محل خدمت خوشاب,1402-math-booklet,236,1402-math-booklet,236,کدرشته‌محل منبع: 40751؛ عنوان رشته در منبع: مهندسی برق؛ نحوه پذیرش: با آزمون
1402,مهندسی برق,دانشگاه تربیت دبیر شهید رجایی -تهران,,خراسان رضوی,در جدول ذکر نشده,,تعهد خدمت,1,مرد,در جدول ذکر نشده,خوشاب/محل خدمت خوشاب؛ دانشگاه تربیت دبیر شهید رجایی -تهران /اولویت پذیرش با داوطلبان بومی شهرستان؛ سرخس/محل خدمت سرخس؛ دانشگاه تربیت دبیر شهید رجایی -تهران /اولویت پذیرش با داوطلبان بومی شهرستان تربت,1402-math-booklet,236,1402-math-booklet,236,کدرشته‌محل منبع: 40752؛ عنوان رشته در منبع: مهندسی برق؛ نحوه پذیرش: با آزمون
1402,مهندسی برق,دانشگاه تربیت دبیر شهید رجایی -تهران,,خراسان شمالی,در جدول ذکر نشده,,تعهد خدمت,1,مرد,در جدول ذکر نشده,و جرگلان/محل خدمت رازوجرگلان؛ دانشگاه تربیت دبیر شهید رجایی -تهران /اولویت پذیرش با داوطلبان بومی شهرستان؛ شیروان/محل خدمت شیروان خراسان شمالی,1402-math-booklet,241,1402-math-booklet,241,کدرشته‌محل منبع: 40808؛ عنوان رشته در منبع: مهندسی برق؛ نحوه پذیرش: با آزمون
1402,مهندسی برق,دانشگاه تربیت دبیر شهید رجایی -تهران,,خراسان شمالی,در جدول ذکر نشده,,تعهد خدمت,1,مرد,در جدول ذکر نشده,شیروان/محل خدمت شیروان خراسان شمالی؛ دانشگاه تربیت دبیر شهید رجایی -تهران /اولویت پذیرش با داوطلبان بومی شهرستان؛ بجنورد/محل خدمت بجنورد,1402-math-booklet,241,1402-math-booklet,241,کدرشته‌محل منبع: 40809؛ عنوان رشته در منبع: مهندسی برق؛ نحوه پذیرش: با آزمون
1402,مهندسی برق,دانشگاه تربیت دبیر شهید رجایی -تهران,,خوزستان,در جدول ذکر نشده,,تعهد خدمت,1,مرد,در جدول ذکر نشده,هفتگل ،اندیکا ،لالی ،مسجدسلیمان ،دزپارت/محل خدمت هفتگل؛ دانشگاه تربیت دبیر شهید رجایی -تهران /اولویت پذیرش با داوطلبان بومی شهرستانهای ایذه،؛ باغملک ،هفتگل ،اندیکا ،لالی ،مسجدسلیمان ،دزپارت/محل خدمت صیدون؛ دانشگاه تربیت دبیر شهید رجایی -تهران /اولویت پذیرش با داوطلبان بومی شهرستانهای آغاجاری،,1402-math-booklet,245,1402-math-booklet,245,کدرشته‌محل منبع: 40889؛ عنوان رشته در منبع: مهندسی برق؛ نحوه پذیرش: با آزمون
1402,مهندسی برق,دانشگاه تربیت دبیر شهید رجایی -تهران,,خوزستان,در جدول ذکر نشده,,تعهد خدمت,1,مرد,در جدول ذکر نشده,باغملک ،هفتگل ،اندیکا ،لالی ،مسجدسلیمان ،دزپارت/محل خدمت صیدون؛ دانشگاه تربیت دبیر شهید رجایی -تهران /اولویت پذیرش با داوطلبان بومی شهرستانهای آغاجاری،؛ رامهرمز ،رامشیر ،بهبهان ،امیدیه ،هندیجان ،بندرماهشهر/محل خدمت آغاجاری,1402-math-booklet,245,1402-math-booklet,245,کدرشته‌محل منبع: 40890؛ عنوان رشته در منبع: مهندسی برق؛ نحوه پذیرش: با آزمون
1402,مهندسی برق,دانشگاه تربیت دبیر شهید رجایی -تهران,,خوزستان,در جدول ذکر نشده,,تعهد خدمت,1,مرد,در جدول ذکر نشده,رامهرمز ،رامشیر ،بهبهان ،امیدیه ،هندیجان ،بندرماهشهر/محل خدمت آغاجاری؛ دانشگاه تربیت دبیر شهید رجایی -تهران /اولویت پذیرش با داوطلبان بومی شهرستانهای آغاجاری،؛ رامهرمز ،رامشیر ،بهبهان ،امیدیه ،هندیجان ،بندرماهشهر/محل خدمت امیدیه,1402-math-booklet,245,1402-math-booklet,245,کدرشته‌محل منبع: 40891؛ عنوان رشته در منبع: مهندسی برق؛ نحوه پذیرش: با آزمون
1402,مهندسی برق,دانشگاه تربیت دبیر شهید رجایی -تهران,,خوزستان,در جدول ذکر نشده,,تعهد خدمت,1,مرد,در جدول ذکر نشده,رامهرمز ،رامشیر ،بهبهان ،امیدیه ،هندیجان ،بندرماهشهر/محل خدمت امیدیه؛ دانشگاه تربیت دبیر شهید رجایی -تهران /اولویت پذیرش با داوطلبان بومی شهرستانهای آغاجاری،؛ رامهرمز ،رامشیر ،بهبهان ،امیدیه ،هندیجان ،بندرماهشهر/محل خدمت بندرامام خمینی,1402-math-booklet,245,1402-math-booklet,245,کدرشته‌محل منبع: 40892؛ عنوان رشته در منبع: مهندسی برق؛ نحوه پذیرش: با آزمون
1402,مهندسی برق,دانشگاه تربیت دبیر شهید رجایی -تهران,,خوزستان,در جدول ذکر نشده,,تعهد خدمت,1,مرد,در جدول ذکر نشده,دانشگاه یا پردیس محل تحصیل /محل خدمت ظرفیت جنس عنوان رشته؛ دانشگاه تربیت دبیر شهید رجایی -تهران /اولویت پذیرش با داوطلبان بومی شهرستانهای آغاجاری،؛ رامهرمز ،رامشیر ،بهبهان ،امیدیه ،هندیجان ،بندرماهشهر/محل خدمت ماهشهر,1402-math-booklet,246,1402-math-booklet,246,کدرشته‌محل منبع: 40893؛ عنوان رشته در منبع: مهندسی برق؛ نحوه پذیرش: با آزمون
1402,مهندسی برق,دانشگاه تربیت دبیر شهید رجایی -تهران,,خوزستان,در جدول ذکر نشده,,تعهد خدمت,1,مرد,در جدول ذکر نشده,رامهرمز ،رامشیر ،بهبهان ،امیدیه ،هندیجان ،بندرماهشهر/محل خدمت ماهشهر؛ دانشگاه تربیت دبیر شهید رجایی -تهران /اولویت پذیرش با داوطلبان بومی شهرستانهای آغاجاری،؛ رامهرمز ،رامشیر ،بهبهان ،امیدیه ،هندیجان ،بندرماهشهر/محل خدمت هندیجان؛ دانشگاه تربیت دبیر شهید رجایی -تهران /اولویت پذیرش با داوطلبان بومی شهرستانهای کارون،,1402-math-booklet,246,1402-math-booklet,246,کدرشته‌محل منبع: 40894؛ عنوان رشته در منبع: مهندسی برق؛ نحوه پذیرش: با آزمون
1402,مهندسی برق,دانشگاه تربیت دبیر شهید رجایی -تهران,,خوزستان,در جدول ذکر نشده,,تعهد خدمت,1,مرد,در جدول ذکر نشده,رامهرمز ،رامشیر ،بهبهان ،امیدیه ،هندیجان ،بندرماهشهر/محل خدمت هندیجان؛ دانشگاه تربیت دبیر شهید رجایی -تهران /اولویت پذیرش با داوطلبان بومی شهرستانهای کارون،؛ اهواز ،باوی ،حمیدیه/محل خدمت کارون؛ دانشگاه تربیت دبیر شهید رجایی -تهران /اولویت پذیرش با داوطلبان بومی شهرستانهای آبادان،,1402-math-booklet,246,1402-math-booklet,246,کدرشته‌محل منبع: 40895؛ عنوان رشته در منبع: مهندسی برق؛ نحوه پذیرش: با آزمون
1402,مهندسی برق,دانشگاه تربیت دبیر شهید رجایی -تهران,,خوزستان,در جدول ذکر نشده,,تعهد خدمت,1,مرد,در جدول ذکر نشده,اهواز ،باوی ،حمیدیه/محل خدمت کارون؛ دانشگاه تربیت دبیر شهید رجایی -تهران /اولویت پذیرش با داوطلبان بومی شهرستانهای آبادان،؛ دشت آزادگان ،هویزه ،خرمشهر ،شادگان/محل خدمت اروندکنار,1402-math-booklet,246,1402-math-booklet,246,کدرشته‌محل منبع: 40896؛ عنوان رشته در منبع: مهندسی برق؛ نحوه پذیرش: با آزمون
1402,مهندسی برق,دانشگاه تربیت دبیر شهید رجایی -تهران,,خوزستان,در جدول ذکر نشده,,تعهد خدمت,1,مرد,در جدول ذکر نشده,دشت آزادگان ،هویزه ،خرمشهر ،شادگان/محل خدمت اروندکنار؛ دانشگاه تربیت دبیر شهید رجایی -تهران /اولویت پذیرش با داوطلبان بومی شهرستانهای آبادان،؛ دشت آزادگان ،هویزه ،خرمشهر ،شادگان/محل خدمت خرمشهر؛ دانشگاه تربیت دبیر شهید رجایی -تهران /اولویت پذیرش با داوطلبان بومی بخشهای,1402-math-booklet,246,1402-math-booklet,246,کدرشته‌محل منبع: 40897؛ عنوان رشته در منبع: مهندسی برق؛ نحوه پذیرش: با آزمون
1402,مهندسی برق,دانشگاه تربیت دبیر شهید رجایی -تهران,,خوزستان,در جدول ذکر نشده,,تعهد خدمت,1,مرد,در جدول ذکر نشده,دشت آزادگان ،هویزه ،خرمشهر ،شادگان/محل خدمت خرمشهر؛ دانشگاه تربیت دبیر شهید رجایی -تهران /اولویت پذیرش با داوطلبان بومی بخشهای؛ بخش مرکزی شهرستانها(/محل خدمت عشایری خوزستان؛ دانشگاه تربیت دبیر شهید رجایی -تهران /اولویت پذیرش با داوطلبان بومی شهرستانهای آبادان،,1402-math-booklet,246,1402-math-booklet,246,کدرشته‌محل منبع: 40898؛ عنوان رشته در منبع: مهندسی برق؛ نحوه پذیرش: با آزمون
1402,مهندسی برق,دانشگاه تربیت دبیر شهید رجایی -تهران,,زنجان,در جدول ذکر نشده,,تعهد خدمت,1,مرد,در جدول ذکر نشده,زن الزهراء)س( تبریز /اولویت پذیرش با داوطلبان بومی شهرستانهای ابهر ،خرمدره ،سلطانیه /محل 1 40946آموزش فیزیک؛ دانشگاه تربیت دبیر شهید رجایی -تهران /مخصوص داوطلبان بومی استان زنجان/محل خدمت,1402-math-booklet,250,1402-math-booklet,250,کدرشته‌محل منبع: 40947؛ عنوان رشته در منبع: مهندسی برق؛ نحوه پذیرش: با آزمون
1402,مهندسی برق,دانشگاه تربیت دبیر شهید رجایی -تهران,,زنجان,در جدول ذکر نشده,,تعهد خدمت,1,مرد,در جدول ذکر نشده,دانشگاه تربیت دبیر شهید رجایی -تهران /مخصوص داوطلبان بومی استان زنجان/محل خدمت,1402-math-booklet,250,1402-math-booklet,250,کدرشته‌محل منبع: 40948؛ عنوان رشته در منبع: مهندسی برق؛ نحوه پذیرش: با آزمون
1402,مهندسی برق,دانشگاه تربیت دبیر شهید رجایی -تهران,,سمنان,در جدول ذکر نشده,,تعهد خدمت,1,مرد,در جدول ذکر نشده,داوطلبان بومی شهرستانهای گرمسار ،آرادان/محل خدمت گرمسار؛ دانشگاه تربیت دبیر شهید رجایی -تهران /اولویت پذیرش با داوطلبان بومی شهرستانهای شاهرود،؛ میامی/محل خدمت شاهرودسمنان؛ دانشگاه تربیت دبیر شهید رجایی -تهران /اولویت پذیرش با داوطلبان بومی شهرستانهای سمنان،,1402-math-booklet,252,1402-math-booklet,252,کدرشته‌محل منبع: 40984؛ عنوان رشته در منبع: مهندسی برق؛ نحوه پذیرش: با آزمون
1402,مهندسی برق,دانشگاه تربیت دبیر شهید رجایی -تهران,,سمنان,در جدول ذکر نشده,,تعهد خدمت,1,مرد,در جدول ذکر نشده,میامی/محل خدمت شاهرودسمنان؛ دانشگاه تربیت دبیر شهید رجایی -تهران /اولویت پذیرش با داوطلبان بومی شهرستانهای سمنان،؛ سرخه ،مهدی شهر/محل خدمت سمنان؛ دانشگاه تربیت دبیر شهید رجایی -تهران /اولویت پذیرش با داوطلبان بومی شهرستانهای گرمسار،,1402-math-booklet,252,1402-math-booklet,252,کدرشته‌محل منبع: 40985؛ عنوان رشته در منبع: مهندسی برق؛ نحوه پذیرش: با آزمون
1402,مهندسی برق,دانشگاه تربیت دبیر شهید رجایی -تهران,,سیستان و,در جدول ذکر نشده,,تعهد خدمت,1,مرد,در جدول ذکر نشده,/محل خدمت نصرت آباد؛ دانشگاه تربیت دبیر شهید رجایی -تهران /مخصوص داوطلبان بومی استان سیستان و؛ بلوچستان/محل خدمت ایرانشهر,1402-math-booklet,258,1402-math-booklet,258,کدرشته‌محل منبع: 41162؛ عنوان رشته در منبع: مهندسی برق؛ نحوه پذیرش: با آزمون
1402,مهندسی برق,دانشگاه تربیت دبیر شهید رجایی -تهران,,سیستان و,در جدول ذکر نشده,,تعهد خدمت,1,مرد,در جدول ذکر نشده,بلوچستان/محل خدمت ایرانشهر؛ دانشگاه تربیت دبیر شهید رجایی -تهران /مخصوص داوطلبان بومی استان سیستان و؛ بلوچستان/محل خدمت راسک,1402-math-booklet,258,1402-math-booklet,258,کدرشته‌محل منبع: 41163؛ عنوان رشته در منبع: مهندسی برق؛ نحوه پذیرش: با آزمون
1402,مهندسی برق,دانشگاه تربیت دبیر شهید رجایی -تهران,,سیستان و,در جدول ذکر نشده,,تعهد خدمت,1,مرد,در جدول ذکر نشده,بلوچستان/محل خدمت راسک؛ دانشگاه تربیت دبیر شهید رجایی -تهران /مخصوص داوطلبان بومی استان سیستان و؛ بلوچستان/محل خدمت چابهار,1402-math-booklet,258,1402-math-booklet,258,کدرشته‌محل منبع: 41164؛ عنوان رشته در منبع: مهندسی برق؛ نحوه پذیرش: با آزمون
1402,مهندسی برق,دانشگاه تربیت دبیر شهید رجایی -تهران,,سیستان و,در جدول ذکر نشده,,تعهد خدمت,1,مرد,در جدول ذکر نشده,بلوچستان/محل خدمت چابهار؛ دانشگاه تربیت دبیر شهید رجایی -تهران /مخصوص داوطلبان بومی استان سیستان و؛ بلوچستان/محل خدمت بنت,1402-math-booklet,258,1402-math-booklet,258,کدرشته‌محل منبع: 41165؛ عنوان رشته در منبع: مهندسی برق؛ نحوه پذیرش: با آزمون
1402,مهندسی برق,دانشگاه تربیت دبیر شهید رجایی -تهران,,سیستان و,در جدول ذکر نشده,,تعهد خدمت,1,مرد,در جدول ذکر نشده,بلوچستان/محل خدمت بنت؛ دانشگاه تربیت دبیر شهید رجایی -تهران /مخصوص داوطلبان بومی استان سیستان و؛ بلوچستان/محل خدمت زاهدان .ناحیه 1,1402-math-booklet,258,1402-math-booklet,258,کدرشته‌محل منبع: 41166؛ عنوان رشته در منبع: مهندسی برق؛ نحوه پذیرش: با آزمون
1402,مهندسی برق,دانشگاه تربیت دبیر شهید رجایی -تهران,,سیستان و,در جدول ذکر نشده,,تعهد خدمت,1,مرد,در جدول ذکر نشده,بلوچستان/محل خدمت زاهدان .ناحیه 1؛ دانشگاه تربیت دبیر شهید رجایی -تهران /مخصوص داوطلبان بومی استان سیستان و؛ بلوچستان/محل خدمت سراوان,1402-math-booklet,258,1402-math-booklet,258,کدرشته‌محل منبع: 41167؛ عنوان رشته در منبع: مهندسی برق؛ نحوه پذیرش: با آزمون
1402,مهندسی برق,دانشگاه تربیت دبیر شهید رجایی -تهران,,فارس,در جدول ذکر نشده,,تعهد خدمت,1,مرد,در جدول ذکر نشده,فر،داراب،رستم،زرین دشت،سپیدان،فسا،کازرون،گراش،لارستان،لامرد ،مهر/محل خدمت عشایری؛ دانشگاه تربیت دبیر شهید رجایی -تهران /اولویت پذیرش با داوطلبان بومی شهرستانهای خنج،؛ گراش ،لامرد ،مهر/محل خدمت علامرودشت,1402-math-booklet,268,1402-math-booklet,268,کدرشته‌محل منبع: 41285؛ عنوان رشته در منبع: مهندسی برق؛ نحوه پذیرش: با آزمون
1402,مهندسی برق,دانشگاه تربیت دبیر شهید رجایی -تهران,,فارس,در جدول ذکر نشده,,تعهد خدمت,1,مرد,در جدول ذکر نشده,گراش ،لامرد ،مهر/محل خدمت علامرودشت؛ دانشگاه تربیت دبیر شهید رجایی -تهران /اولویت پذیرش با داوطلبان بومی شهرستانهای خنج،؛ گراش ،لامرد ،مهر/محل خدمت گله دار؛ دانشگاه تربیت دبیر شهید رجایی -تهران /اولویت پذیرش با داوطلبان بومی شهرستانهای فراشبند،,1402-math-booklet,268,1402-math-booklet,268,کدرشته‌محل منبع: 41286؛ عنوان رشته در منبع: مهندسی برق؛ نحوه پذیرش: با آزمون
1402,مهندسی برق,دانشگاه تربیت دبیر شهید رجایی -تهران,,فارس,در جدول ذکر نشده,,تعهد خدمت,1,مرد,در جدول ذکر نشده,گراش ،لامرد ،مهر/محل خدمت گله دار؛ دانشگاه تربیت دبیر شهید رجایی -تهران /اولویت پذیرش با داوطلبان بومی شهرستانهای فراشبند،؛ فیروزآباد ،قیر و کارزین/محل خدمت قیروکارزین؛ دانشگاه تربیت دبیر شهید رجایی -تهران /اولویت پذیرش با داوطلبان بومی شهرستانهای جهرم،,1402-math-booklet,268,1402-math-booklet,268,کدرشته‌محل منبع: 41287؛ عنوان رشته در منبع: مهندسی برق؛ نحوه پذیرش: با آزمون
1402,مهندسی برق,دانشگاه تربیت دبیر شهید رجایی -تهران,,فارس,در جدول ذکر نشده,,تعهد خدمت,1,مرد,در جدول ذکر نشده,فیروزآباد ،قیر و کارزین/محل خدمت قیروکارزین؛ دانشگاه تربیت دبیر شهید رجایی -تهران /اولویت پذیرش با داوطلبان بومی شهرستانهای جهرم،؛ داراب ،زرین دشت ،لارستان ،خفر ،اوز ،جویم /محل خدمت لارستان؛ دانشگاه تربیت دبیر شهید رجایی -تهران /اولویت پذیرش با داوطلبان بومی شهرستانهای رستم،,1402-math-booklet,268,1402-math-booklet,268,کدرشته‌محل منبع: 41288؛ عنوان رشته در منبع: مهندسی برق؛ نحوه پذیرش: با آزمون
1402,مهندسی برق,دانشگاه تربیت دبیر شهید رجایی -تهران,,فارس,در جدول ذکر نشده,,تعهد خدمت,1,مرد,در جدول ذکر نشده,داراب ،زرین دشت ،لارستان ،خفر ،اوز ،جویم /محل خدمت لارستان؛ دانشگاه تربیت دبیر شهید رجایی -تهران /اولویت پذیرش با داوطلبان بومی شهرستانهای رستم،؛ کازرون ،ممسنی ،کوه چنار/محل خدمت خشت وکمارج,1402-math-booklet,268,1402-math-booklet,268,کدرشته‌محل منبع: 41289؛ عنوان رشته در منبع: مهندسی برق؛ نحوه پذیرش: با آزمون
1402,مهندسی برق,دانشگاه تربیت دبیر شهید رجایی -تهران,,قزوین,در جدول ذکر نشده,,تعهد خدمت,1,مرد,در جدول ذکر نشده,اولویت پذیرش با داوطلبان بومی شهرستان بویین زهرا /محل خدمت بوئین زهرا؛ دانشگاه تربیت دبیر شهید رجایی -تهران /مخصوص داوطلبان بومی استان قزوین/محل خدمت,1402-math-booklet,275,1402-math-booklet,275,کدرشته‌محل منبع: 41335؛ عنوان رشته در منبع: مهندسی برق؛ نحوه پذیرش: با آزمون
1402,مهندسی برق,دانشگاه تربیت دبیر شهید رجایی -تهران,,قزوین,در جدول ذکر نشده,,تعهد خدمت,1,مرد,در جدول ذکر نشده,دانشگاه تربیت دبیر شهید رجایی -تهران /مخصوص داوطلبان بومی استان قزوین/محل خدمت,1402-math-booklet,275,1402-math-booklet,275,کدرشته‌محل منبع: 41336؛ عنوان رشته در منبع: مهندسی برق؛ نحوه پذیرش: با آزمون
1402,مهندسی برق,دانشگاه تربیت دبیر شهید رجایی -تهران,,قم,در جدول ذکر نشده,,تعهد خدمت,1,مرد,در جدول ذکر نشده,داوطلبان بومی استان قم/محل خدمت قم .ناحیه 3؛ دانشگاه تربیت دبیر شهید رجایی -تهران /مخصوص داوطلبان بومی استان قم/محل خدمت قم,1402-math-booklet,277,1402-math-booklet,277,کدرشته‌محل منبع: 41375؛ عنوان رشته در منبع: مهندسی برق؛ نحوه پذیرش: با آزمون
1402,مهندسی برق,دانشگاه تربیت دبیر شهید رجایی -تهران,,قم,در جدول ذکر نشده,,تعهد خدمت,1,مرد,در جدول ذکر نشده,دانشگاه تربیت دبیر شهید رجایی -تهران /مخصوص داوطلبان بومی استان قم/محل خدمت قم,1402-math-booklet,277,1402-math-booklet,277,کدرشته‌محل منبع: 41376؛ عنوان رشته در منبع: مهندسی برق؛ نحوه پذیرش: با آزمون
1402,مهندسی برق,دانشگاه تربیت دبیر شهید رجایی -تهران,,قم,در جدول ذکر نشده,,تعهد خدمت,1,مرد,در جدول ذکر نشده,دانشگاه تربیت دبیر شهید رجایی -تهران /مخصوص داوطلبان بومی استان قم/محل خدمت قم,1402-math-booklet,277,1402-math-booklet,277,کدرشته‌محل منبع: 41377؛ عنوان رشته در منبع: مهندسی برق؛ نحوه پذیرش: با آزمون
1402,مهندسی برق,دانشگاه تربیت دبیر شهید رجایی -تهران,,کردستان,در جدول ذکر نشده,,تعهد خدمت,1,مرد,در جدول ذکر نشده,الزهراء)س( تبریز /اولویت پذیرش با داوطلبان بومی شهرستانهای بانه ،سقز/محل خدمت بانه؛ دانشگاه تربیت دبیر شهید رجایی -تهران /اولویت پذیرش با داوطلبان بومی شهرستانهای بانه،؛ سقز/محل خدمت بانه؛ دانشگاه تربیت دبیر شهید رجایی -تهران /اولویت پذیرش با داوطلبان بومی شهرستان بیجار/محل,1402-math-booklet,280,1402-math-booklet,280,کدرشته‌محل منبع: 41425؛ عنوان رشته در منبع: مهندسی برق؛ نحوه پذیرش: با آزمون
1402,مهندسی برق,دانشگاه تربیت دبیر شهید رجایی -تهران,,کردستان,در جدول ذکر نشده,,تعهد خدمت,1,مرد,در جدول ذکر نشده,سقز/محل خدمت بانه؛ دانشگاه تربیت دبیر شهید رجایی -تهران /اولویت پذیرش با داوطلبان بومی شهرستان بیجار/محل؛ دانشگاه تربیت دبیر شهید رجایی -تهران /اولویت پذیرش با داوطلبان بومی شهرستانهای بانه،,1402-math-booklet,280,1402-math-booklet,280,کدرشته‌محل منبع: 41426؛ عنوان رشته در منبع: مهندسی برق؛ نحوه پذیرش: با آزمون
1402,مهندسی برق,دانشگاه تربیت دبیر شهید رجایی -تهران,,کرمان,در جدول ذکر نشده,,تعهد خدمت,1,مرد,در جدول ذکر نشده,رجایی شیراز /اولویت پذیرش با داوطلبان بومی شهرستان کرمان/محل خدمت ماهان؛ دانشگاه تربیت دبیر شهید رجایی -تهران /اولویت پذیرش با داوطلبان بومی شهرستانهای زرند،؛ کوهبنان ،راور/محل خدمت راور,1402-math-booklet,282,1402-math-booklet,282,کدرشته‌محل منبع: 41456؛ عنوان رشته در منبع: مهندسی برق؛ نحوه پذیرش: با آزمون
1402,مهندسی برق,دانشگاه تربیت دبیر شهید رجایی -تهران,,کرمان,در جدول ذکر نشده,,تعهد خدمت,1,مرد,در جدول ذکر نشده,کوهبنان ،راور/محل خدمت راور؛ دانشگاه تربیت دبیر شهید رجایی -تهران /اولویت پذیرش با داوطلبان بومی شهرستانهای زرند،؛ کوهبنان ،راور/محل خدمت کوهبنان؛ دانشگاه تربیت دبیر شهید رجایی -تهران /اولویت پذیرش با داوطلبان بومی شهرستان,1402-math-booklet,282,1402-math-booklet,282,کدرشته‌محل منبع: 41457؛ عنوان رشته در منبع: مهندسی برق؛ نحوه پذیرش: با آزمون
1402,مهندسی برق,دانشگاه تربیت دبیر شهید رجایی -تهران,,کرمانشاه,در جدول ذکر نشده,,تعهد خدمت,1,مرد,در جدول ذکر نشده,زن الزهراء)س( تبریز /اولویت پذیرش با داوطلبان بومی شهرستان کرمانشاه/محل خدمت کرمانشاه 1 41489آموزش فیزیک؛ دانشگاه تربیت دبیر شهید رجایی -تهران /اولویت پذیرش با داوطلبان بومی شهرستان؛ کرمانشاه/محل خدمت ماهیدشت؛ دانشگاه تربیت دبیر شهید رجایی -تهران /اولویت پذیرش با داوطلبان بومی شهرستان روانسر/محل,1402-math-booklet,284,1402-math-booklet,284,کدرشته‌محل منبع: 41490؛ عنوان رشته در منبع: مهندسی برق؛ نحوه پذیرش: با آزمون
1402,مهندسی برق,دانشگاه تربیت دبیر شهید رجایی -تهران,,کرمانشاه,در جدول ذکر نشده,,تعهد خدمت,1,مرد,در جدول ذکر نشده,کرمانشاه/محل خدمت ماهیدشت؛ دانشگاه تربیت دبیر شهید رجایی -تهران /اولویت پذیرش با داوطلبان بومی شهرستان روانسر/محل؛ دانشگاه تربیت دبیر شهید رجایی -تهران /اولویت پذیرش با داوطلبان بومی شهرستان,1402-math-booklet,284,1402-math-booklet,284,کدرشته‌محل منبع: 41491؛ عنوان رشته در منبع: مهندسی برق؛ نحوه پذیرش: با آزمون
1402,مهندسی برق,دانشگاه تربیت دبیر شهید رجایی -تهران,,کهگیلویه و,در جدول ذکر نشده,,تعهد خدمت,1,مرد,در جدول ذکر نشده,داوطلبان بومی شهرستانهای بویراحمد ،دنا ،مارگون/محل خدمت یاسوج؛ دانشگاه تربیت دبیر شهید رجایی -تهران /مخصوص داوطلبان بومی استان کهگیلویه و؛ بویراحمد/محل خدمت گچساران,1402-math-booklet,286,1402-math-booklet,286,کدرشته‌محل منبع: 41507؛ عنوان رشته در منبع: مهندسی برق؛ نحوه پذیرش: با آزمون
1402,مهندسی برق,دانشگاه تربیت دبیر شهید رجایی -تهران,,گلستان,در جدول ذکر نشده,,تعهد خدمت,1,مرد,در جدول ذکر نشده,مرد هاشمینژاد مشهد /اولویت پذیرش با داوطلبان بومی شهرستانهای آزادشهر ،رامیان ،علی آباد، 1 41547آموزش فیزیک؛ مینودشت/محل خدمت علی آباد؛ دانشگاه تربیت دبیر شهید رجایی -تهران /اولویت پذیرش با داوطلبان بومی شهرستانهای آزادشهر،؛ رامیان ،علی آباد ،مینودشت/محل خدمت علی آباد؛ دانشگاه تربیت دبیر شهید رجایی -تهران /اولویت پذیرش با داوطلبان بومی شهرستان,1402-math-booklet,289,1402-math-booklet,289,کدرشته‌محل منبع: 41548؛ عنوان رشته در منبع: مهندسی برق؛ نحوه پذیرش: با آزمون
1402,مهندسی برق,دانشگاه تربیت دبیر شهید رجایی -تهران,,گلستان,در جدول ذکر نشده,,تعهد خدمت,2,مرد,در جدول ذکر نشده,رامیان ،علی آباد ،مینودشت/محل خدمت علی آباد؛ دانشگاه تربیت دبیر شهید رجایی -تهران /اولویت پذیرش با داوطلبان بومی شهرستان؛ گرگان/محل خدمت گرگان,1402-math-booklet,289,1402-math-booklet,289,کدرشته‌محل منبع: 41549؛ عنوان رشته در منبع: مهندسی برق؛ نحوه پذیرش: با آزمون
1402,مهندسی برق,دانشگاه تربیت دبیر شهید رجایی -تهران,,گیلان,در جدول ذکر نشده,,تعهد خدمت,1,مرد,در جدول ذکر نشده,شهرستانهای لنگرود ،املش/محل خدمت لنگرود؛ دانشگاه تربیت دبیر شهید رجایی -تهران /اولویت پذیرش با داوطلبان بومی شهرستانهای رشت،؛ خمام/محل خدمت رشت .ناحیه 1,1402-math-booklet,292,1402-math-booklet,292,کدرشته‌محل منبع: 41582؛ عنوان رشته در منبع: مهندسی برق؛ نحوه پذیرش: با آزمون
1402,مهندسی برق,دانشگاه تربیت دبیر شهید رجایی -تهران,,لرستان,در جدول ذکر نشده,,تعهد خدمت,1,مرد,در جدول ذکر نشده,زن الزهراء)س( اصفهان /اولویت پذیرش با داوطلبان بومی شهرستانهای ازنا ،بروجرد ،الیگودرز، 1 41609آموزش فیزیک؛ درود/محل خدمت بروجرد؛ دانشگاه تربیت دبیر شهید رجایی -تهران /مخصوص داوطلبان بومی استان لرستان/محل خدمت,1402-math-booklet,293,1402-math-booklet,293,کدرشته‌محل منبع: 41610؛ عنوان رشته در منبع: مهندسی برق؛ نحوه پذیرش: با آزمون
1402,مهندسی برق,دانشگاه تربیت دبیر شهید رجایی -تهران,,مازندران,در جدول ذکر نشده,,تعهد خدمت,1,مرد,در جدول ذکر نشده,زن تهران /اولویت پذیرش با داوطلبان بومی شهرستانهای ساری ،میاندرود ،نکا ،بهشهر ،گلوگاه/محل 1 41641آموزش فیزیک؛ دانشگاه تربیت دبیر شهید رجایی -تهران /اولویت پذیرش با داوطلبان بومی شهرستانهای آمل،؛ محمودآباد ،فریدون کنار ،نور/محل خدمت محمود آباد؛ دانشگاه تربیت دبیر شهید رجایی -تهران /اولویت پذیرش با داوطلبان بومی شهرستانهای چالوس،,1402-math-booklet,295,1402-math-booklet,295,کدرشته‌محل منبع: 41642؛ عنوان رشته در منبع: مهندسی برق؛ نحوه پذیرش: با آزمون
1402,مهندسی برق,دانشگاه تربیت دبیر شهید رجایی -تهران,,مازندران,در جدول ذکر نشده,,تعهد خدمت,1,مرد,در جدول ذکر نشده,محمودآباد ،فریدون کنار ،نور/محل خدمت محمود آباد؛ دانشگاه تربیت دبیر شهید رجایی -تهران /اولویت پذیرش با داوطلبان بومی شهرستانهای چالوس،؛ نوشهر ،کلاردشت ،تنکابن ،رامسر ،عباس آباد/محل خدمت کجور؛ دانشگاه تربیت دبیر شهید رجایی -تهران /اولویت پذیرش با داوطلبان بومی شهرستانهای ساری،,1402-math-booklet,295,1402-math-booklet,295,کدرشته‌محل منبع: 41643؛ عنوان رشته در منبع: مهندسی برق؛ نحوه پذیرش: با آزمون
1402,مهندسی برق,دانشگاه تربیت دبیر شهید رجایی -تهران,,مرکزی,در جدول ذکر نشده,,تعهد خدمت,1,مرد,در جدول ذکر نشده,اصفهان /اولویت پذیرش با داوطلبان بومی شهرستان شازند/محل خدمت شازند)سربند(؛ دانشگاه تربیت دبیر شهید رجایی -تهران /اولویت پذیرش با داوطلبان بومی شهرستان اراک/محل؛ دانشگاه تربیت دبیر شهید رجایی -تهران /اولویت پذیرش با داوطلبان بومی شهرستان ساوه/محل,1402-math-booklet,298,1402-math-booklet,298,کدرشته‌محل منبع: 41689؛ عنوان رشته در منبع: مهندسی برق؛ نحوه پذیرش: با آزمون
1402,مهندسی برق,دانشگاه تربیت دبیر شهید رجایی -تهران,,مرکزی,در جدول ذکر نشده,,تعهد خدمت,1,مرد,در جدول ذکر نشده,دانشگاه تربیت دبیر شهید رجایی -تهران /اولویت پذیرش با داوطلبان بومی شهرستان ساوه/محل,1402-math-booklet,298,1402-math-booklet,298,کدرشته‌محل منبع: 41690؛ عنوان رشته در منبع: مهندسی برق؛ نحوه پذیرش: با آزمون
1402,مهندسی برق,دانشگاه تربیت دبیر شهید رجایی -تهران,,هرمزگان,در جدول ذکر نشده,,تعهد خدمت,1,مرد,در جدول ذکر نشده,رجایی شیراز /اولویت پذیرش با داوطلبان بومی شهرستان پارسیان/محل خدمت پارسیان؛ دانشگاه تربیت دبیر شهید رجایی -تهران /اولویت پذیرش با داوطلبان بومی شهرستان حاجی؛ آباد/محل خدمت حاجی آباد؛ دانشگاه تربیت دبیر شهید رجایی -تهران /اولویت پذیرش با داوطلبان بومی شهرستانهای بشاگرد،,1402-math-booklet,300,1402-math-booklet,300,کدرشته‌محل منبع: 41724؛ عنوان رشته در منبع: مهندسی برق؛ نحوه پذیرش: با آزمون
1402,مهندسی برق,دانشگاه تربیت دبیر شهید رجایی -تهران,,هرمزگان,در جدول ذکر نشده,,تعهد خدمت,1,مرد,در جدول ذکر نشده,آباد/محل خدمت حاجی آباد؛ دانشگاه تربیت دبیر شهید رجایی -تهران /اولویت پذیرش با داوطلبان بومی شهرستانهای بشاگرد،؛ جاسک ،سیریک ،رودان ،میناب/محل خدمت جاسک؛ دانشگاه تربیت دبیر شهید رجایی -تهران /اولویت پذیرش با داوطلبان بومی شهرستانهای,1402-math-booklet,300,1402-math-booklet,300,کدرشته‌محل منبع: 41725؛ عنوان رشته در منبع: مهندسی برق؛ نحوه پذیرش: با آزمون
1402,مهندسی برق,دانشگاه تربیت دبیر شهید رجایی -تهران,,همدان,در جدول ذکر نشده,,تعهد خدمت,1,مرد,در جدول ذکر نشده,الزهراء)س( تبریز /اولویت پذیرش با داوطلبان بومی شهرستان فامنین/محل خدمت فامنین؛ دانشگاه تربیت دبیر شهید رجایی -تهران /اولویت پذیرش با داوطلبان بومی شهرستان؛ تویسرکان/محل خدمت قلقل رود)فرسفج (؛ دانشگاه تربیت دبیر شهید رجایی -تهران /اولویت پذیرش با داوطلبان بومی شهرستان نهاوند/محل,1402-math-booklet,303,1402-math-booklet,303,کدرشته‌محل منبع: 41763؛ عنوان رشته در منبع: مهندسی برق؛ نحوه پذیرش: با آزمون
1402,مهندسی برق,دانشگاه تربیت دبیر شهید رجایی -تهران,,همدان,در جدول ذکر نشده,,تعهد خدمت,1,مرد,در جدول ذکر نشده,تویسرکان/محل خدمت قلقل رود)فرسفج (؛ دانشگاه تربیت دبیر شهید رجایی -تهران /اولویت پذیرش با داوطلبان بومی شهرستان نهاوند/محل,1402-math-booklet,303,1402-math-booklet,303,کدرشته‌محل منبع: 41764؛ عنوان رشته در منبع: مهندسی برق؛ نحوه پذیرش: با آزمون
1402,مهندسی برق,دانشگاه تربیت دبیر شهید رجایی -تهران,,یزد,در جدول ذکر نشده,,تعهد خدمت,1,مرد,در جدول ذکر نشده,اصفهان /اولویت پذیرش با داوطلبان بومی شهرستان یزد/محل خدمت یزد.ناحیه 2؛ دانشگاه تربیت دبیر شهید رجایی -تهران /اولویت پذیرش با داوطلبان بومی شهرستانهای مهریز،؛ خاتم ،مروست/محل خدمت مهریز,1402-math-booklet,306,1402-math-booklet,306,کدرشته‌محل منبع: 41797؛ عنوان رشته در منبع: مهندسی برق؛ نحوه پذیرش: با آزمون
1402,مهندسی برق,دانشگاه تربیت دبیر شهید رجایی -تهران,,یزد,در جدول ذکر نشده,,تعهد خدمت,1,مرد,در جدول ذکر نشده,خاتم ،مروست/محل خدمت مهریز؛ دانشگاه تربیت دبیر شهید رجایی -تهران /اولویت پذیرش با داوطلبان بومی شهرستانهای مهریز،؛ خاتم ،مروست/محل خدمت خاتم؛ دانشگاه تربیت دبیر شهید رجایی -تهران /اولویت پذیرش با داوطلبان بومی شهرستانهای تفت،,1402-math-booklet,306,1402-math-booklet,306,کدرشته‌محل منبع: 41798؛ عنوان رشته در منبع: مهندسی برق؛ نحوه پذیرش: با آزمون