year,major,university,campus,province,program_type,program_type_raw,admission_category,capacity,gender,intake,admission_conditions,source_id,source_page,base_source_id,base_source_page,notes
1402,پزشکی,دانشگاه آزاد اسلامی استان آذربایجان غربی - واحد ارومیه,,آذربایجان غربی,آزاد,آزاد تمام وقت,عادی,27,زن و مرد,نیمسال اول,,1402-booklet,49,1402-booklet,49,کدرشته‌محل منبع: 31705
1402,پزشکی,دانشگاه آزاد اسلامی استان آذربایجان غربی - واحد ارومیه,,آذربایجان غربی,خودگردان دانشگاه آزاد,خودگردان آزاد,عادی,7,زن و مرد,نیمسال اول,,1402-booklet,49,1402-booklet,49,کدرشته‌محل منبع: 31706
1402,پزشکی,دانشگاه آزاد اسلامی استان اردبیل - واحد اردبیل,,اردبیل,آزاد,آزاد تمام وقت,عادی,54,زن و مرد,نیمسال اول,,1402-booklet,51,1402-booklet,51,کدرشته‌محل منبع: 31735
1402,پزشکی,دانشگاه آزاد اسلامی استان اردبیل - واحد اردبیل,,اردبیل,خودگردان دانشگاه آزاد,خودگردان آزاد,عادی,13,زن و مرد,نیمسال اول,,1402-booklet,51,1402-booklet,51,کدرشته‌محل منبع: 31736
1402,پزشکی,دانشگاه آزاد اسلامی استان اصفهان - واحد نجفآباد,,اصفهان,آزاد,آزاد تمام وقت,عادی,42,زن و مرد,نیمسال اول,,1402-booklet,53,1402-booklet,53,کدرشته‌محل منبع: 31811
1402,پزشکی,دانشگاه آزاد اسلامی استان اصفهان - واحد نجفآباد,,اصفهان,آزاد,آزاد تمام وقت,عادی,42,زن و مرد,نیمسال دوم,,1402-booklet,53,1402-booklet,53,کدرشته‌محل منبع: 31812
1402,پزشکی,دانشگاه آزاد اسلامی استان اصفهان - واحد نجفآباد,,اصفهان,خودگردان دانشگاه آزاد,خودگردان آزاد,عادی,10,زن و مرد,نیمسال اول,,1402-booklet,53,1402-booklet,53,کدرشته‌محل منبع: 31813
1402,پزشکی,دانشگاه آزاد اسلامی استان اصفهان - واحد نجفآباد,,اصفهان,خودگردان دانشگاه آزاد,خودگردان آزاد,عادی,11,زن و مرد,نیمسال دوم,,1402-booklet,53,1402-booklet,53,کدرشته‌محل منبع: 31814
1402,پزشکی,دانشگاه آزاد اسلامی استان تهران - واحد پزشکی تهران,,تهران,آزاد,آزاد تمام وقت,عادی,133,زن و مرد,نیمسال اول,,1402-booklet,62,1402-booklet,62,کدرشته‌محل منبع: 32045
1402,پزشکی,دانشگاه آزاد اسلامی استان تهران - واحد پزشکی تهران,,تهران,آزاد,آزاد تمام وقت,عادی,132,زن و مرد,نیمسال دوم,,1402-booklet,62,1402-booklet,62,کدرشته‌محل منبع: 32046
1402,پزشکی,دانشگاه آزاد اسلامی استان تهران - واحد پزشکی تهران,,تهران,خودگردان دانشگاه آزاد,خودگردان آزاد,عادی,23,زن و مرد,نیمسال اول,,1402-booklet,62,1402-booklet,62,کدرشته‌محل منبع: 32051
1402,پزشکی,دانشگاه آزاد اسلامی استان تهران - واحد پزشکی تهران,,تهران,خودگردان دانشگاه آزاد,خودگردان آزاد,عادی,20,زن و مرد,نیمسال اول,محل تحصیل دوره علو.م پایه در جزیره کیش می باشد.,1402-booklet,62,1402-booklet,62,کدرشته‌محل منبع: 32052
1402,پزشکی,دانشگاه آزاد اسلامی استان تهران - واحد پزشکی تهران,,تهران,خودگردان دانشگاه آزاد,خودگردان آزاد,عادی,22,زن و مرد,نیمسال دوم,,1402-booklet,62,1402-booklet,62,کدرشته‌محل منبع: 32053
1402,پزشکی,دانشگاه آزاد اسلامی استان خراسان شمالی - واحد بجنورد,,خراسان شمالی,آزاد,آزاد تمام وقت,عادی,24,زن و مرد,نیمسال دوم,,1402-booklet,69,1402-booklet,69,کدرشته‌محل منبع: 32304
1402,پزشکی,دانشگاه آزاد اسلامی استان خراسان شمالی - واحد بجنورد,,خراسان شمالی,خودگردان دانشگاه آزاد,خودگردان آزاد,عادی,6,زن و مرد,نیمسال دوم,,1402-booklet,69,1402-booklet,69,کدرشته‌محل منبع: 32305
1402,پزشکی,دانشگاه آزاد اسلامی استان سمنان - واحد شاهرود,,سمنان,آزاد,آزاد تمام وقت,عادی,58,زن و مرد,نیمسال اول,,1402-booklet,75,1402-booklet,75,کدرشته‌محل منبع: 32487
1402,پزشکی,دانشگاه آزاد اسلامی استان سمنان - واحد شاهرود,,سمنان,خودگردان دانشگاه آزاد,خودگردان آزاد,عادی,14,زن و مرد,نیمسال اول,,1402-booklet,75,1402-booklet,75,کدرشته‌محل منبع: 32488
1402,پزشکی,دانشگاه آزاد اسلامی استان سیستان وبلوچستان - واحد زاهدان,,سیستان و بلوچستان,آزاد,آزاد تمام وقت,عادی,10,زن و مرد,نیمسال اول,,1402-booklet,77,1402-booklet,77,کدرشته‌محل منبع: 32562
1402,پزشکی,دانشگاه آزاد اسلامی استان فارس - واحد کازرون,,فارس,آزاد,آزاد تمام وقت,عادی,32,زن و مرد,نیمسال اول,,1402-booklet,80,1402-booklet,80,کدرشته‌محل منبع: 32652
1402,پزشکی,دانشگاه آزاد اسلامی استان فارس - واحد کازرون,,فارس,خودگردان دانشگاه آزاد,خودگردان آزاد,عادی,7,زن و مرد,نیمسال اول,,1402-booklet,80,1402-booklet,80,کدرشته‌محل منبع: 32653
1402,پزشکی,دانشگاه آزاد اسلامی استان مازندران - واحد تنکابن,,مازندران,آزاد,آزاد تمام وقت,عادی,10,زن و مرد,نیمسال اول,,1402-booklet,92,1402-booklet,92,کدرشته‌محل منبع: 33024
1402,پزشکی,دانشگاه آزاد اسلامی استان مازندران - واحد ساری,,مازندران,آزاد,آزاد تمام وقت,عادی,47,زن و مرد,نیمسال اول,,1402-booklet,92,1402-booklet,92,کدرشته‌محل منبع: 33025
1402,پزشکی,دانشگاه آزاد اسلامی استان مازندران - واحد ساری,,مازندران,آزاد,آزاد تمام وقت,عادی,48,زن و مرد,نیمسال دوم,,1402-booklet,92,1402-booklet,92,کدرشته‌محل منبع: 33026
1402,پزشکی,دانشگاه آزاد اسلامی استان مازندران - واحد ساری,,مازندران,خودگردان دانشگاه آزاد,خودگردان آزاد,عادی,11,زن و مرد,نیمسال اول,,1402-booklet,92,1402-booklet,92,کدرشته‌محل منبع: 33027
1402,پزشکی,دانشگاه آزاد اسلامی استان مازندران - واحد ساری,,مازندران,خودگردان دانشگاه آزاد,خودگردان آزاد,عادی,11,زن و مرد,نیمسال دوم,,1402-booklet,92,1402-booklet,92,کدرشته‌محل منبع: 33028
1402,پزشکی,دانشگاه آزاد اسلامی استان کرمان - واحد کرمان,,کرمان,آزاد,آزاد تمام وقت,عادی,55,زن و مرد,نیمسال اول,,1402-booklet,85,1402-booklet,85,کدرشته‌محل منبع: 32802
1402,پزشکی,دانشگاه آزاد اسلامی استان کرمان - واحد کرمان,,کرمان,خودگردان دانشگاه آزاد,خودگردان آزاد,عادی,13,زن و مرد,نیمسال اول,,1402-booklet,85,1402-booklet,85,کدرشته‌محل منبع: 32803
1402,پزشکی,دانشگاه آزاد اسلامی استان یزد - واحد یزد,,یزد,آزاد,آزاد تمام وقت,عادی,57,زن و مرد,نیمسال اول,,1402-booklet,97,1402-booklet,97,کدرشته‌محل منبع: 33209
1402,پزشکی,دانشگاه آزاد اسلامی استان یزد - واحد یزد,,یزد,خودگردان دانشگاه آزاد,خودگردان آزاد,عادی,15,زن و مرد,نیمسال اول,,1402-booklet,97,1402-booklet,97,کدرشته‌محل منبع: 33210
1402,پزشکی,دانشگاه آزاد اسلامی واحد خودگردان قشم,,هرمزگان,خودگردان دانشگاه آزاد,خودگردان آزاد,عادی,55,زن و مرد,نیمسال اول,دوره علوم پایه در جزیره قشم و دوره فیزیوپاتولوژی و بالینی در بندرعباس برگزار می گردد. ضمناشهریه پذیرفته شدگان مرکز فوق براساس شهریه واحدهای بین المللی دانشگاه آزاد اسلامی می باشد.,1402-booklet,94,1402-booklet,94,کدرشته‌محل منبع: 33122
1402,پزشکی,دانشگاه آزاد اسلامی واحد علوم پزشکی تبریز,,آذربایجان شرقی,آزاد,آزاد تمام وقت,عادی,64,زن و مرد,نیمسال اول,,1402-booklet,48,1402-booklet,48,کدرشته‌محل منبع: 31663
1402,پزشکی,دانشگاه آزاد اسلامی واحد علوم پزشکی تبریز,,آذربایجان شرقی,خودگردان دانشگاه آزاد,خودگردان آزاد,عادی,16,زن و مرد,نیمسال اول,,1402-booklet,48,1402-booklet,48,کدرشته‌محل منبع: 31665
1402,پزشکی,دانشگاه آزاد اسلامی واحد علوم پزشکی قم,,قم,آزاد,آزاد تمام وقت,عادی,10,زن و مرد,نیمسال اول,,1402-booklet,81,1402-booklet,81,کدرشته‌محل منبع: 32702
1402,پزشکی,دانشگاه آزاد اسلامی واحد علوم پزشکی مشهد,,خراسان رضوی,آزاد,آزاد تمام وقت,عادی,53,زن و مرد,نیمسال اول,,1402-booklet,68,1402-booklet,68,کدرشته‌محل منبع: 32271
1402,پزشکی,دانشگاه آزاد اسلامی واحد علوم پزشکی مشهد,,خراسان رضوی,آزاد,آزاد تمام وقت,عادی,54,زن و مرد,نیمسال دوم,,1402-booklet,68,1402-booklet,68,کدرشته‌محل منبع: 32272
1402,پزشکی,دانشگاه آزاد اسلامی واحد علوم پزشکی مشهد,,خراسان رضوی,خودگردان دانشگاه آزاد,خودگردان آزاد,عادی,13,زن و مرد,نیمسال اول,,1402-booklet,68,1402-booklet,68,کدرشته‌محل منبع: 32273
1402,پزشکی,دانشگاه آزاد اسلامی واحد علوم پزشکی مشهد,,خراسان رضوی,خودگردان دانشگاه آزاد,خودگردان آزاد,عادی,13,زن و مرد,نیمسال دوم,,1402-booklet,68,1402-booklet,68,کدرشته‌محل منبع: 32274
1402,پزشکی,دانشگاه اراک,,مرکزی,روزانه,روزانه,بورسیه / شرایط خاص,5,زن 1 نفر و مرد 4 نفر,نیمسال اول,دانشگاه علوم پزشکی زابل- دارای تعهد خدمت یک و نیم برابر طول دوره تحصیل در فرماندهی انتظامی جمهوری اسلامی ایران,1402-correction-5,3,1402-correction-5,3,کدرشته‌محل منبع: 39521
1402,پزشکی,دانشگاه شاهد - ان ) رشته های پزشکی(تهر,,تهران,روزانه,روزانه,شرایط خاص,62,زن و مرد,نیمسال اول,پذیرش با شرایط خاص و دارای مصاحبه- شرایط در بخش پیوستها )اسامی چند برابر ظرفیت داوطلبان این رشته پس از اتمام مرحله انتخاب رشته استخراج و برای انجام مصاحبه از سایر مراحل گزینش از طریق درگاه اطلاعرسانی این زمان اعلام خواهد شد.(سا,1402-booklet,55,1402-booklet,55,کدرشته‌محل منبع: 31882
1402,پزشکی,دانشگاه شاهد - ان ) رشته های پزشکی(تهر,,تهران,شهریه‌پرداز,شهریه پرداز,شرایط خاص,10,زن و مرد,نیمسال اول,پذیرش با شرایط خاص و دارای مصاحبه- شرایط در بخش پیوستها )اسامی چند برابر ظرفیت داوطلبان این رشته پس از اتمام مرحله انتخاب رشته استخراج و برای انجام مصاحبه از سایر مراحل گزینش از طریق درگاه اطلاعرسانی این زمان اعلام خواهد شد.(سا,1402-booklet,55,1402-booklet,55,کدرشته‌محل منبع: 31886
1402,پزشکی,دانشگاه علوم پزشکی آبادان,,,در جدول ذکر نشده,,تعهد خدمت,51,زن و مرد,نیمسال اول,پذیرش از تمام متقاضیان سراسر کشور، با اولویت متقاضیان بومی استان خوزستان؛ دانشگاه علوم پزشکی آبادان - دارای تعهد خدمت یک و نیم برابر طول مدت تحصیل دراستان خوزستان-ممنوعیت نقل و انتقال - عدم تعهد در واگذاری خوابگاه,1402-booklet,170,1402-booklet,170,کدرشته‌محل منبع: 36349
1402,پزشکی,دانشگاه علوم پزشکی آبادان,,,در جدول ذکر نشده,,تعهد خدمت,22,زن 11 نفر و مرد 11 نفر,نیمسال دوم,مخصوص داوطلبان بومی استان خوزستان؛ دانشگاه علوم پزشکی آبادان - دارای تعهد خدمت یک و نیم برابر طول دوره تحصیل در مناطق مورد نیاز دانشگاه علوم پزشکی آبادان - ممنوعیت نقل و انتقال,1402-booklet,179,1402-booklet,179,کدرشته‌محل منبع: 36021
1402,پزشکی,دانشگاه علوم پزشکی آبادان,,خوزستان,روزانه,روزانه,عادی,27,زن و مرد,نیمسال دوم,,1402-booklet,72,1402-booklet,72,کدرشته‌محل منبع: 32402
1402,پزشکی,دانشگاه علوم پزشکی آبادان,,خوزستان,شهریه‌پرداز,شهریه پرداز,عادی,5,زن و مرد,نیمسال دوم,عدم تعهد در واگذاری خوابگاه,1402-booklet,73,1402-booklet,73,کدرشته‌محل منبع: 32414
1402,پزشکی,دانشگاه علوم پزشکی اراک,,,در جدول ذکر نشده,,بورسیه / شرایط خاص,20,زن 4 نفر و مرد 16 نفر,نیمسال دوم,پذیرش از تمام متقاضیان سراسر کشور، با اولویت متقاضیان بومی استان مرکزی؛ دانشگاه علوم پزشکی اراک - دارای تعهد خدمت یک و نیم برابر طول دوره تحصیل در فرماندهی انتظامی جمهوری اسلامی ایران,1402-booklet,175,1402-booklet,175,کدرشته‌محل منبع: 36445
1402,پزشکی,دانشگاه علوم پزشکی اراک,,,در جدول ذکر نشده,,تعهد خدمت,29,زن 14 نفر و مرد 15 نفر,نیمسال اول,مخصوص داوطلبان بومی استان مرکزی؛ دانشگاه علوم پزشکی اراک - دارای تعهد خدمت یک و نیم برابر طول دوره تحصیل در مناطق مورد نیاز دانشگاه علوم پزشکی اراک,1402-booklet,180,1402-booklet,180,کدرشته‌محل منبع: 36046
1402,پزشکی,دانشگاه علوم پزشکی اراک,,,در جدول ذکر نشده,,تعهد خدمت,50,زن و مرد,نیمسال اول,پذیرش از تمام متقاضیان سراسر کشور، با اولویت متقاضیان بومی استان مرکزی؛ دانشگاه علوم پزشکی اراک - دارای تعهد خدمت یک و نیم برابر طول دوره تحصیل در مناطق مورد نیاز دانشگاه علوم پزشکی اراک,1402-booklet,175,1402-booklet,175,کدرشته‌محل منبع: 36444
1402,پزشکی,دانشگاه علوم پزشکی اراک,,,در جدول ذکر نشده,,تعهد خدمت,2,زن و مرد,نیمسال دوم,پذیرش از تمام متقاضیان سراسر کشور، با اولویت متقاضیان بومی استان مرکزی؛ دانشگاه علوم پزشکی اراک - دارای تعهد خدمت یک و نیم برابر طول دوره تحصیل در پزشکی قانونی شهرستانهای استان مرکزی,1402-booklet,175,1402-booklet,175,کدرشته‌محل منبع: 36446
1402,پزشکی,دانشگاه علوم پزشکی اراک,,,در جدول ذکر نشده,,تعهد خدمت,8,زن و مرد,نیمسال دوم,پذیرش از تمام متقاضیان سراسر کشور، با اولویت متقاضیان بومی استان مرکزی؛ دانشگاه علوم پزشکی اراک - دارای تعهد خدمت یک و نیم برابر طول دوره تحصیل در مناطق مورد نیاز دانشگاه علوم پزشکی اراک,1402-booklet,176,1402-booklet,176,کدرشته‌محل منبع: 36447
1402,پزشکی,دانشگاه علوم پزشکی اراک,,مرکزی,روزانه,روزانه,عادی,41,زن و مرد,نیمسال دوم,محدودیت در ارائه خوابگاه,1402-booklet,92,1402-booklet,92,کدرشته‌محل منبع: 33029
1402,پزشکی,دانشگاه علوم پزشکی اراک,,مرکزی,شهریه‌پرداز,شهریه پرداز,عادی,20,زن و مرد,نیمسال دوم,محدودیت در ارائه خوابگاه,1402-booklet,92,1402-booklet,92,کدرشته‌محل منبع: 33044
1402,پزشکی,دانشگاه علوم پزشکی اراک,دانشکده علوم پزشکی ساوه,,در جدول ذکر نشده,,تعهد خدمت,2,مرد,نیمسال اول,مخصوص داوطلبان بومی استان مرکزی؛ دانشگاه علوم پزشکی اراک )دانشکده علوم پزشکی ساوه( - دارای تعهد خدمت یک و نیم برابر طول دوره تحصیل در مناطق مورد نیاز دانشگاه علوم پزشکی اراک,1402-booklet,180,1402-booklet,180,کدرشته‌محل منبع: 36047
1402,پزشکی,دانشگاه علوم پزشکی اراک,محل تحصیل دانشکده علوم پزشکی ساوه,مرکزی,روزانه,روزانه,عادی,28,زن و مرد,نیمسال اول,محدودیت در ارائه خوابگاه,1402-booklet,93,1402-booklet,93,کدرشته‌محل منبع: 33054
1402,پزشکی,دانشگاه علوم پزشکی ارتش جمهوری اسلامی ایران,,تهران,روزانه,روزانه,بورسیه / شرایط خاص,2,زن,نیمسال دوم,شرایط مندرج در اطلاعیه رشته های دارای شرایط خاص - بورسیه وزارت دفاع- دارای مصاحبه و گزینش و معاینات جسمانی- فاقد خوابگاه,1402-booklet,55,1402-booklet,55,کدرشته‌محل منبع: 31890
1402,پزشکی,دانشگاه علوم پزشکی ارتش جمهوری اسلامی ایران,,تهران,روزانه,روزانه,بورسیه / شرایط خاص,10,زن,نیمسال دوم,شرایط مندرج در اطلاعیه رشته های دارای شرایط خاص - بورسیه ارتش جمهوری اسلامی- دارای مصاحبه و گزینش و معاینات جسمانی- دارای خوابگاه ملکی,1402-booklet,55,1402-booklet,55,کدرشته‌محل منبع: 31892
1402,پزشکی,دانشگاه علوم پزشکی ارتش جمهوری اسلامی ایران,,تهران,روزانه,روزانه,بورسیه / شرایط خاص,5,مرد,نیمسال دوم,شرایط پذیرش در دفترچه »پیوستها« - بورسیه وزارت دفاع- دارای مصاحبه و گزینش و معاینات جسمانی- - دارای خوابگاه ملکی,1402-booklet,55,1402-booklet,55,کدرشته‌محل منبع: 31891
1402,پزشکی,دانشگاه علوم پزشکی ارتش جمهوری اسلامی ایران,,تهران,روزانه,روزانه,بورسیه / شرایط خاص,70,مرد,نیمسال دوم,شرایط مندرج در اطلاعیه رشته های دارای شرایط خاص - بورسیه ارتش جمهوری اسلامی- دارای مصاحبه و گزینش و معاینات جسمانی- دارای خوابگاه ملکی,1402-booklet,55,1402-booklet,55,کدرشته‌محل منبع: 31893
1402,پزشکی,دانشگاه علوم پزشکی اردبیل,,,در جدول ذکر نشده,,تعهد خدمت,40,زن و مرد,نیمسال اول,پذیرش از تمام متقاضیان سراسر کشور، با اولویت متقاضیان بومی استان اردبیل؛ دانشگاه علوم پزشکی اردبیل - دارای تعهد خدمت یک و نیم برابر طول دوره تحصیل در مناطق مورد نیاز دانشگاه علوم پزشکی اردبیل- فاقد خوابگاه,1402-booklet,166,1402-booklet,166,کدرشته‌محل منبع: 36274
1402,پزشکی,دانشگاه علوم پزشکی اردبیل,,,در جدول ذکر نشده,,تعهد خدمت,35,زن و مرد,نیمسال دوم,پذیرش از تمام متقاضیان سراسر کشور، با اولویت متقاضیان بومی استان اردبیل؛ دانشگاه علوم پزشکی اردبیل- دارای تعهد خدمت یک و نیم برابر طول دوره تحصیل در مناطق مورد نیاز دانشگاه علوم پزشکی اردبیل,1402-booklet,166,1402-booklet,166,کدرشته‌محل منبع: 36273
1402,پزشکی,دانشگاه علوم پزشکی اردبیل,,,در جدول ذکر نشده,,تعهد خدمت,5,زن و مرد,نیمسال دوم,پذیرش از تمام متقاضیان سراسر کشور، با اولویت متقاضیان بومی استان اردبیل؛ دانشگاه علوم پزشکی اردبیل- دارای تعهد خدمت یک و نیم برابر طول دوره تحصیل در پزشکی قانونی شهرستانهای استان اردبیل - فاقد خوابگاه,1402-booklet,166,1402-booklet,166,کدرشته‌محل منبع: 36275
1402,پزشکی,دانشگاه علوم پزشکی اردبیل,,اردبیل,روزانه,روزانه,عادی,35,زن و مرد,نیمسال اول,فاقد خوابگاه,1402-booklet,49,1402-booklet,49,کدرشته‌محل منبع: 31707
1402,پزشکی,دانشگاه علوم پزشکی اردبیل,,اردبیل,روزانه,روزانه,عادی,35,زن و مرد,نیمسال دوم,فاقد خوابگاه,1402-booklet,49,1402-booklet,49,کدرشته‌محل منبع: 31708
1402,پزشکی,دانشگاه علوم پزشکی اردبیل,,اردبیل,شهریه‌پرداز,شهریه پرداز,عادی,10,زن و مرد,نیمسال اول,محل تحصیل پردیس خودگردان دانشگاه - فاقد خوابگاه,1402-booklet,50,1402-booklet,50,کدرشته‌محل منبع: 31726
1402,پزشکی,دانشگاه علوم پزشکی اردبیل,,اردبیل,شهریه‌پرداز,شهریه پرداز,عادی,10,زن و مرد,نیمسال دوم,محل تحصیل پردیس خودگردان دانشگاه - فاقد خوابگاه,1402-booklet,50,1402-booklet,50,کدرشته‌محل منبع: 31727
1402,پزشکی,دانشگاه علوم پزشکی ارومیه,,,در جدول ذکر نشده,,تعهد خدمت,50,زن و مرد,نیمسال اول,پذیرش از تمام متقاضیان سراسر کشور، با اولویت متقاضیان بومی استان آذربایجان غربی؛ دانشگاه علوم پزشکی ارومیه- دارای تعهد خدمت یک و نیم برابر طول دوره تحصیل در مناطق مورد نیاز دانشگاه علوم پزشکی ارومیه- عدم تعهد در واگذاری خوابگاه,1402-booklet,166,1402-booklet,166,کدرشته‌محل منبع: 36268
1402,پزشکی,دانشگاه علوم پزشکی ارومیه,,,در جدول ذکر نشده,,تعهد خدمت,10,زن 2 نفر و مرد 8 نفر,نیمسال دوم,پذیرش از تمام متقاضیان سراسر کشور، با اولویت متقاضیان بومی استان آذربایجان غربی؛ دانشگاه علوم پزشکی ارومیه- دارای تعهد خدمت یک و نیم برابر طول دوره تحصیل در ارتش جمهوری اسلامی- مطابق قوانین و مقررات ارتش جمهوری اسلامی,1402-booklet,166,1402-booklet,166,کدرشته‌محل منبع: 36269
1402,پزشکی,دانشگاه علوم پزشکی ارومیه,,,در جدول ذکر نشده,,تعهد خدمت,12,زن و مرد,نیمسال دوم,مخصوص داوطلبان بومی استان آذربایجان غربی؛ دانشگاه علوم پزشکی ارومیه- دارای تعهد خدمت یک و نیم برابر طول دوره تحصیلی در مناطق مورد نیاز دانشگاه علوم پزشکی ارومیه,1402-booklet,178,1402-booklet,178,کدرشته‌محل منبع: 36002
1402,پزشکی,دانشگاه علوم پزشکی ارومیه,,,در جدول ذکر نشده,,تعهد خدمت,5,زن و مرد,نیمسال دوم,پذیرش از تمام متقاضیان سراسر کشور، با اولویت متقاضیان بومی استان آذربایجان غربی؛ دانشگاه علوم پزشکی ارومیه - دارای تعهد خدمت یک و نیم برابر طول دوره تحصیل در پزشکی قانونی شهرستانهای استان آذربایجان غربی,1402-booklet,166,1402-booklet,166,کدرشته‌محل منبع: 36270
1402,پزشکی,دانشگاه علوم پزشکی ارومیه,,,در جدول ذکر نشده,,تعهد خدمت,34,زن و مرد,نیمسال دوم,پذیرش از تمام متقاضیان سراسر کشور، با اولویت متقاضیان بومی استان آذربایجان غربی؛ دانشگاه علوم پزشکی ارومیه- دارای تعهد خدمت یک و نیم برابر طول دوره تحصیل در مناطق مورد نیاز دانشگاه علوم پزشکی ارومیه,1402-booklet,166,1402-booklet,166,کدرشته‌محل منبع: 36271
1402,پزشکی,دانشگاه علوم پزشکی ارومیه,,آذربایجان غربی,روزانه,روزانه,عادی,55,زن و مرد,نیمسال اول,عدم تعهد در واگذاری خوابگاه,1402-booklet,48,1402-booklet,48,کدرشته‌محل منبع: 31667
1402,پزشکی,دانشگاه علوم پزشکی ارومیه,,آذربایجان غربی,روزانه,روزانه,عادی,54,زن و مرد,نیمسال دوم,عدم تعهد در واگذاری خوابگاه,1402-booklet,48,1402-booklet,48,کدرشته‌محل منبع: 31668
1402,پزشکی,دانشگاه علوم پزشکی ارومیه,,آذربایجان غربی,شهریه‌پرداز,شهریه پرداز,عادی,10,زن و مرد,نیمسال اول,محل تحصیل پردیس خودگردان دانشگاه - عدم تعهد در واگذاری خوابگاه,1402-booklet,48,1402-booklet,48,کدرشته‌محل منبع: 31689
1402,پزشکی,دانشگاه علوم پزشکی ارومیه,محل تحصیل دانشکده علوم پزشکی خوی,آذربایجان غربی,روزانه,روزانه,عادی,28,زن و مرد,نیمسال اول,عدم تعهد در واگذاری خوابگاه,1402-booklet,49,1402-booklet,49,کدرشته‌محل منبع: 31688
1402,پزشکی,دانشگاه علوم پزشکی اصفهان,,,در جدول ذکر نشده,,بورسیه / شرایط خاص,10,زن 3 نفر و مرد 7 نفر,نیمسال دوم,پذیرش از تمام متقاضیان سراسر کشور، با اولویت متقاضیان بومی استان اصفهان؛ دانشگاه علوم پزشکی اصفهان - دارای تعهد خدمت یک و نیم برابر طول دوره تحصیل در فرماندهی انتظامی جمهوری اسلامی ایران,1402-booklet,166,1402-booklet,166,کدرشته‌محل منبع: 36280
1402,پزشکی,دانشگاه علوم پزشکی اصفهان,,,در جدول ذکر نشده,,تعهد خدمت,6,زن و مرد,نیمسال اول,مخصوص داوطلبان بومی استان اصفهان؛ دانشگاه علوم پزشکی اصفهان - دارای تعهد خدمت یک و نیم برابر طول دوره تحصیل در مناطق مورد نیاز دانشگاه علوم پزشکی اصفهان,1402-booklet,178,1402-booklet,178,کدرشته‌محل منبع: 36005
1402,پزشکی,دانشگاه علوم پزشکی اصفهان,,,در جدول ذکر نشده,,تعهد خدمت,55,زن و مرد,نیمسال اول,پذیرش از تمام متقاضیان سراسر کشور، با اولویت متقاضیان بومی استان اصفهان؛ دانشگاه علوم پزشکی اصفهان - دارای تعهد خدمت یک و نیم برابر طول دوره تحصیل در مناطق مورد نیاز دانشگاه علوم پزشکی اصفهان - محدودیت در ارائه خوابگاه,1402-booklet,166,1402-booklet,166,کدرشته‌محل منبع: 36277
1402,پزشکی,دانشگاه علوم پزشکی اصفهان,,,در جدول ذکر نشده,,تعهد خدمت,6,زن و مرد,نیمسال دوم,پذیرش از تمام متقاضیان سراسر کشور، با اولویت متقاضیان بومی استان اصفهان؛ دانشگاه علوم پزشکی اصفهان - دارای تعهد خدمت یک و نیم برابر طول دوره تحصیل در پزشکی قانونی شهرستانهای استان اصفهان - محدودیت در ارائه خوابگاه,1402-booklet,166,1402-booklet,166,کدرشته‌محل منبع: 36278
1402,پزشکی,دانشگاه علوم پزشکی اصفهان,,,در جدول ذکر نشده,,تعهد خدمت,39,زن و مرد,نیمسال دوم,پذیرش از تمام متقاضیان سراسر کشور، با اولویت متقاضیان بومی استان اصفهان؛ دانشگاه علوم پزشکی اصفهان - دارای تعهد خدمت یک و نیم برابر طول دوره تحصیل در مناطق مورد نیاز دانشگاه علوم پزشکی اصفهان,1402-booklet,166,1402-booklet,166,کدرشته‌محل منبع: 36279
1402,پزشکی,دانشگاه علوم پزشکی اصفهان,,اصفهان,روزانه,روزانه,عادی,120,زن و مرد,نیمسال اول,محدودیت در ارائه خوابگاه,1402-booklet,51,1402-booklet,51,کدرشته‌محل منبع: 31737
1402,پزشکی,دانشگاه علوم پزشکی اصفهان,,اصفهان,روزانه,روزانه,عادی,120,زن و مرد,نیمسال دوم,محدودیت در ارائه خوابگاه,1402-booklet,51,1402-booklet,51,کدرشته‌محل منبع: 31738
1402,پزشکی,دانشگاه علوم پزشکی اصفهان,,اصفهان,شهریه‌پرداز,شهریه پرداز,عادی,20,زن و مرد,نیمسال دوم,محل تحصیل پردیس خودگردان دانشگاه - معرفی به خوابگاههای خودگردان,1402-booklet,51,1402-booklet,51,کدرشته‌محل منبع: 31761
1402,پزشکی,دانشگاه علوم پزشکی البرز,,,در جدول ذکر نشده,,تعهد خدمت,1,زن و مرد,نیمسال اول,پذیرش از تمام متقاضیان سراسر کشور، با اولویت متقاضیان بومی استان البرز؛ دانشگاه علوم پزشکی البرز - کرج - دارای تعهد خدمت یک و نیم برابر طول دوره تحصیل در پزشکی قانونی شهرستان اشتهارد,1402-booklet,167,1402-booklet,167,کدرشته‌محل منبع: 36286
1402,پزشکی,دانشگاه علوم پزشکی البرز,,,در جدول ذکر نشده,,تعهد خدمت,44,زن و مرد,نیمسال اول,پذیرش از تمام متقاضیان سراسر کشور، با اولویت متقاضیان بومی استان البرز؛ دانشگاه علوم پزشکی البرز - کرج - دارای تعهد خدمت یک و نیم برابر طول دوره تحصیل در مناطق مورد نیاز دانشگاه علوم پزشکی البرز,1402-booklet,167,1402-booklet,167,کدرشته‌محل منبع: 36287
1402,پزشکی,دانشگاه علوم پزشکی البرز,,,در جدول ذکر نشده,,تعهد خدمت,44,زن و مرد,نیمسال دوم,پذیرش از تمام متقاضیان سراسر کشور، با اولویت متقاضیان بومی استان البرز؛ دانشگاه علوم پزشکی البرز - کرج - دارای تعهد خدمت یک و نیم برابر طول دوره تحصیل در مناطق مورد نیاز دانشگاه علوم پزشکی البرز,1402-booklet,167,1402-booklet,167,کدرشته‌محل منبع: 36288
1402,پزشکی,دانشگاه علوم پزشکی البرز,,البرز,روزانه,روزانه,عادی,37,زن و مرد,نیمسال اول,عدم تعهد در واگذاری خوابگاه,1402-booklet,53,1402-booklet,53,کدرشته‌محل منبع: 31815
1402,پزشکی,دانشگاه علوم پزشکی البرز,,البرز,روزانه,روزانه,عادی,36,زن و مرد,نیمسال دوم,عدم تعهد در واگذاری خوابگاه,1402-booklet,53,1402-booklet,53,کدرشته‌محل منبع: 31816
1402,پزشکی,دانشگاه علوم پزشکی البرز,,البرز,شهریه‌پرداز,شهریه پرداز,عادی,10,زن و مرد,نیمسال اول,عدم تعهد در واگذاری خوابگاه,1402-booklet,53,1402-booklet,53,کدرشته‌محل منبع: 31828
1402,پزشکی,دانشگاه علوم پزشکی ایران,,,در جدول ذکر نشده,,بورسیه / شرایط خاص,10,زن 2 نفر و مرد 8 نفر,نیمسال دوم,پذیرش از تمام متقاضیان سراسر کشور، با اولویت متقاضیان بومی استان تهران؛ دانشگاه علوم پزشکی ایران - دارای تعهد خدمت به میزان یک و نیم برابر مدت تحصیل در فرماندهی انتظامی جمهوری اسلامی ایران,1402-booklet,168,1402-booklet,168,کدرشته‌محل منبع: 36303
1402,پزشکی,دانشگاه علوم پزشکی ایران,,,در جدول ذکر نشده,,تعهد خدمت,78,زن و مرد,نیمسال اول,پذیرش از تمام متقاضیان سراسر کشور، با اولویت متقاضیان بومی استان تهران؛ دانشگاه علوم پزشکی ایران - دارای تعهد خدمت یک و نیم برابر طول دوره تحصیل در مناطق مورد نیاز دانشگاه علوم پزشکی ایران,1402-booklet,167,1402-booklet,167,کدرشته‌محل منبع: 36301
1402,پزشکی,دانشگاه علوم پزشکی ایران,,,در جدول ذکر نشده,,تعهد خدمت,67,زن و مرد,نیمسال دوم,پذیرش از تمام متقاضیان سراسر کشور، با اولویت متقاضیان بومی استان تهران؛ دانشگاه علوم پزشکی ایران - دارای تعهد خدمت یک و نیم برابر طول دوره تحصیل در مناطق مورد نیاز دانشگاه علوم پزشکی ایران,1402-booklet,167,1402-booklet,167,کدرشته‌محل منبع: 36302
1402,پزشکی,دانشگاه علوم پزشکی ایران,,تهران,روزانه,روزانه,عادی,118,زن و مرد,نیمسال اول,,1402-booklet,57,1402-booklet,57,کدرشته‌محل منبع: 31913
1402,پزشکی,دانشگاه علوم پزشکی ایران,,تهران,روزانه,روزانه,عادی,117,زن و مرد,نیمسال دوم,,1402-booklet,57,1402-booklet,57,کدرشته‌محل منبع: 31914
1402,پزشکی,دانشگاه علوم پزشکی ایرانشهر,,,در جدول ذکر نشده,,بورسیه / شرایط خاص,15,زن و مرد,نیمسال دوم,پذیرش از تمام متقاضیان سراسر کشور، با ترتیب اولویت متقاضیان »بومی مناطق تحت پوشش دانشگاه علوم پزشکی ایرانشهر« و؛ دانشگاه علوم پزشکی ایرانشهر- دارای تعهد خدمت یک و نیم برابر طول دوره تحصیل در فرماندهی انتظامی جمهوری اسلامی ایران,1402-correction-5,7,1402-booklet,171,کدرشته‌محل منبع: 36363
1402,پزشکی,دانشگاه علوم پزشکی ایرانشهر,,,در جدول ذکر نشده,,تعهد خدمت,36,زن 18 نفر و مرد 18 نفر,نیمسال دوم,مخصوص داوطلبان بومی استان سیستان و بلوچستان با اولویت پذیرش داوطلبان بومی مناطق تحت پوشش دانشگاه علوم پزشکی؛ دانشگاه علوم پزشکی ایرانشهر- دارای تعهد خدمت یک و نیم برابر طول دوره تحصیل در مناطق مورد نیاز دانشگاه علوم پزشکی ایرانشهر - ممنوعیت در نقل و انتقال,1402-booklet,179,1402-booklet,179,کدرشته‌محل منبع: 36027
1402,پزشکی,دانشگاه علوم پزشکی ایرانشهر,,سیستان و بلوچستان,روزانه,روزانه,عادی,14,زن و مرد,نیمسال دوم,ممنوعیت در نقل و انتقال - محدودیت در ارائه خوابگاه,1402-booklet,76,1402-booklet,76,کدرشته‌محل منبع: 32489
1402,پزشکی,دانشگاه علوم پزشکی ایلام,,,در جدول ذکر نشده,,بورسیه / شرایط خاص,9,زن 2 نفر و مرد 7 نفر,نیمسال دوم,پذیرش از تمام متقاضیان سراسر کشور، با اولویت متقاضیان بومی استان ایلام؛ دانشگاه علوم پزشکی ایلام - دارای تعهد خدمت یک و نیم برابر طول دوره تحصیل در فرماندهی انتظامی جمهوری اسلامی ایران,1402-booklet,167,1402-booklet,167,کدرشته‌محل منبع: 36291
1402,پزشکی,دانشگاه علوم پزشکی ایلام,,,در جدول ذکر نشده,,تعهد خدمت,9,زن و مرد,نیمسال اول,مخصوص داوطلبان بومی استان ایلام؛ دانشگاه علوم پزشکی ایلام - دارای تعهد خدمت یک و نیم برابر طول دوره تحصیل در مناطق مورد نیاز دانشگاه علوم پزشکی ایلام,1402-booklet,178,1402-booklet,178,کدرشته‌محل منبع: 36009
1402,پزشکی,دانشگاه علوم پزشکی ایلام,,,در جدول ذکر نشده,,تعهد خدمت,25,زن و مرد,نیمسال اول,پذیرش از تمام متقاضیان سراسر کشور، با اولویت متقاضیان بومی استان ایلام؛ دانشگاه علوم پزشکی ایلام - دارای تعهد خدمت یک و نیم برابر طول دوره تحصیل در مناطق مورد نیاز دانشگاه علوم پزشکی ایلام - عدم تعهد در واگذاری خوابگاه,1402-booklet,167,1402-booklet,167,کدرشته‌محل منبع: 36290
1402,پزشکی,دانشگاه علوم پزشکی ایلام,,,در جدول ذکر نشده,,تعهد خدمت,3,زن و مرد,نیمسال دوم,پذیرش از تمام متقاضیان سراسر کشور، با اولویت متقاضیان بومی استان ایلام؛ دانشگاه علوم پزشکی ایلام - دارای تعهد خدمت یک و نیم برابر طول دوره تحصیل در پزشکی قانونی شهرستانهای استان ایلام,1402-booklet,167,1402-booklet,167,کدرشته‌محل منبع: 36292
1402,پزشکی,دانشگاه علوم پزشکی ایلام,,,در جدول ذکر نشده,,تعهد خدمت,14,زن و مرد,نیمسال دوم,پذیرش از تمام متقاضیان سراسر کشور، با اولویت متقاضیان بومی استان ایلام؛ دانشگاه علوم پزشکی ایلام - دارای تعهد خدمت یک و نیم برابر طول دوره تحصیل در مناطق مورد نیاز دانشگاه علوم پزشکی ایلام,1402-booklet,167,1402-booklet,167,کدرشته‌محل منبع: 36293
1402,پزشکی,دانشگاه علوم پزشکی ایلام,,ایلام,روزانه,روزانه,عادی,25,زن و مرد,نیمسال اول,عدم تعهد در واگذاری خوابگاه,1402-booklet,54,1402-booklet,54,کدرشته‌محل منبع: 31839
1402,پزشکی,دانشگاه علوم پزشکی ایلام,,ایلام,روزانه,روزانه,عادی,25,زن و مرد,نیمسال دوم,عدم تعهد در واگذاری خوابگاه,1402-booklet,54,1402-booklet,54,کدرشته‌محل منبع: 31840
1402,پزشکی,دانشگاه علوم پزشکی ایلام,,ایلام,شهریه‌پرداز,شهریه پرداز,عادی,10,زن و مرد,نیمسال دوم,عدم تعهد در واگذاری خوابگاه,1402-booklet,54,1402-booklet,54,کدرشته‌محل منبع: 31852
1402,پزشکی,دانشگاه علوم پزشکی بابل,,,در جدول ذکر نشده,,بورسیه / شرایط خاص,10,زن 2 نفر و مرد 8 نفر,نیمسال دوم,پذیرش از تمام متقاضیان سراسر کشور، با اولویت متقاضیان بومی استان مازندران؛ دانشگاه علوم پزشکی بابل- دارای تعهد خدمت یک و نیم برابر طول مدت تحصیل در فرماندهی انتظامی جمهوری اسلامی ایران,1402-booklet,175,1402-booklet,175,کدرشته‌محل منبع: 36433
1402,پزشکی,دانشگاه علوم پزشکی بابل,,,در جدول ذکر نشده,,تعهد خدمت,51,زن و مرد,نیمسال اول,پذیرش از تمام متقاضیان سراسر کشور، با اولویت متقاضیان بومی استان مازندران؛ دانشگاه علوم پزشکی بابل- دارای تعهد خدمت یک و نیم برابر طول مدت تحصیل در مناطق مورد نیاز دانشگاه علوم پزشکی بابل- عدم تعهد در واگذاری خوابگاه,1402-booklet,175,1402-booklet,175,کدرشته‌محل منبع: 36435
1402,پزشکی,دانشگاه علوم پزشکی بابل,,,در جدول ذکر نشده,,تعهد خدمت,1,زن و مرد,نیمسال دوم,مخصوص داوطلبان بومی استان مازندران؛ دانشگاه علوم پزشکی بابل- دارای تعهد خدمت یک و نیم برابر طول مدت تحصیل در مناطق مورد نیاز دانشگاه علوم پزشکی بابل,1402-booklet,180,1402-booklet,180,کدرشته‌محل منبع: 36045
1402,پزشکی,دانشگاه علوم پزشکی بابل,,,در جدول ذکر نشده,,تعهد خدمت,41,زن و مرد,نیمسال دوم,پذیرش از تمام متقاضیان سراسر کشور، با اولویت متقاضیان بومی استان مازندران؛ دانشگاه علوم پزشکی بابل- دارای تعهد خدمت یک و نیم برابر طول دوره تحصیل در مناطق مورد نیاز دانشگاه علوم پزشکی بابل- عدم تعهد در واگذاری خوابگاه,1402-booklet,175,1402-booklet,175,کدرشته‌محل منبع: 36434
1402,پزشکی,دانشگاه علوم پزشکی بابل,,مازندران,روزانه,روزانه,عادی,59,زن و مرد,نیمسال اول,عدم تعهد در واگذاری خوابگاه,1402-booklet,90,1402-booklet,90,کدرشته‌محل منبع: 32960
1402,پزشکی,دانشگاه علوم پزشکی بابل,,مازندران,روزانه,روزانه,عادی,58,زن و مرد,نیمسال دوم,عدم تعهد در واگذاری خوابگاه,1402-booklet,90,1402-booklet,90,کدرشته‌محل منبع: 32961
1402,پزشکی,دانشگاه علوم پزشکی بابل,,مازندران,شهریه‌پرداز,شهریه پرداز,عادی,10,زن و مرد,نیمسال اول,,1402-booklet,90,1402-booklet,90,کدرشته‌محل منبع: 32978
1402,پزشکی,دانشگاه علوم پزشکی بقیهاله)عج( - تهران,,تهران,روزانه,روزانه,بورسیه / شرایط خاص,80,زن 20 نفر و مرد 60 نفر,نیمسال اول,شرایط مندرج در اطلاعیه رشته های دارای شرایط خاص - پذیرش از میان داوطلبان با عضویت بسیجی و نهایتا جذب بصورت بورسیه و استخدام سپاه پاسداران انقلاب اسلامی,1402-booklet,57,1402-booklet,57,کدرشته‌محل منبع: 31932
1402,پزشکی,دانشگاه علوم پزشکی بقیهاله)عج( - تهران,,تهران,روزانه,روزانه,بورسیه / شرایط خاص,10,مرد,نیمسال دوم,شرایط مندرج در اطلاعیه رشته های دارای شرایط خاص - پذیرش از میان داوطلبان و نهایتا جذب بصورت بورسیه و استخدام نیروی انتظامی)بورسیه ناجا(,1402-booklet,57,1402-booklet,57,کدرشته‌محل منبع: 31933
1402,پزشکی,دانشگاه علوم پزشکی بم,,,در جدول ذکر نشده,,تعهد خدمت,45,زن و مرد,نیمسال اول,پذیرش از تمام متقاضیان سراسر کشور، با اولویت متقاضیان بومی استان کرمان؛ دانشگاه علوم پزشکی بم- دارای تعهد خدمت یک و نیم برابر طول مدت تحصیل در مناطق مورد نیاز دانشگاه علوم پزشکی بم,1402-booklet,173,1402-booklet,173,کدرشته‌محل منبع: 36394
1402,پزشکی,دانشگاه علوم پزشکی بم,,,در جدول ذکر نشده,,تعهد خدمت,1,زن و مرد,نیمسال اول,پذیرش از تمام متقاضیان سراسر کشور، با اولویت متقاضیان بومی استان کرمان؛ دانشگاه علوم پزشکی بم- دارای تعهد خدمت یک و نیم برابر طول دوره تحصیل در پزشکی قانونی شهرستان بم,1402-booklet,173,1402-booklet,173,کدرشته‌محل منبع: 36395
1402,پزشکی,دانشگاه علوم پزشکی بم,,کرمان,روزانه,روزانه,عادی,24,زن و مرد,نیمسال اول,دارای خوابگاه ملکی,1402-booklet,82,1402-booklet,82,کدرشته‌محل منبع: 32730
1402,پزشکی,دانشگاه علوم پزشکی بم,,کرمان,شهریه‌پرداز,شهریه پرداز,عادی,10,زن و مرد,نیمسال اول,,1402-booklet,82,1402-booklet,82,کدرشته‌محل منبع: 32740
1402,پزشکی,دانشگاه علوم پزشکی بندر عباس,,,در جدول ذکر نشده,,تعهد خدمت,30,زن و مرد,نیمسال اول,پذیرش از تمام متقاضیان سراسر کشور، با اولویت متقاضیان بومی استان هرمزگان؛ دانشگاه علوم پزشکی بندر عباس - دارای تعهد خدمت یک و نیم برابر طول مدت تحصیل در مناطق مورد نیاز دانشگاه علوم پزشکی بندرعباس - فاقد خوابگاه,1402-booklet,176,1402-booklet,176,کدرشته‌محل منبع: 36452
1402,پزشکی,دانشگاه علوم پزشکی بندر عباس,,,در جدول ذکر نشده,,تعهد خدمت,16,مرد,نیمسال اول,مخصوص داوطلبان بومی استان هرمزگان؛ دانشگاه علوم پزشکی بندر عباس - دارای تعهد خدمت یک و نیم برابر طول مدت تحصیل در مناطق مورد نیاز دانشگاه علوم پزشکی بندرعباس - ممنوعیت تغییر رشته و انتقال,1402-booklet,180,1402-booklet,180,کدرشته‌محل منبع: 36050
1402,پزشکی,دانشگاه علوم پزشکی بندر عباس,,,در جدول ذکر نشده,,تعهد خدمت,16,زن و مرد,نیمسال دوم,مخصوص داوطلبان بومی استان هرمزگان؛ دانشگاه علوم پزشکی بندر عباس - دارای تعهد خدمت یک و نیم برابر طول مدت تحصیل در مناطق مورد نیاز دانشگاه علوم پزشکی بندرعباس - ممنوعیت تغییر رشته و انتقال,1402-booklet,180,1402-booklet,180,کدرشته‌محل منبع: 36049
1402,پزشکی,دانشگاه علوم پزشکی بندر عباس,,,در جدول ذکر نشده,,تعهد خدمت,39,زن و مرد,نیمسال دوم,پذیرش از تمام متقاضیان سراسر کشور، با اولویت متقاضیان بومی استان هرمزگان؛ دانشگاه علوم پزشکی بندر عباس - دارای تعهد خدمت یک و نیم برابر طول مدت تحصیل در مناطق مورد نیاز دانشگاه علوم پزشکی بندرعباس - فاقد خوابگاه,1402-correction-5,7,1402-booklet,176,کدرشته‌محل منبع: 36450
1402,پزشکی,دانشگاه علوم پزشکی بندر عباس,,,در جدول ذکر نشده,,تعهد خدمت,6,زن و مرد,نیمسال دوم,پذیرش از تمام متقاضیان سراسر کشور، با اولویت متقاضیان بومی استان هرمزگان؛ دانشگاه علوم پزشکی بندر عباس - دارای تعهد خدمت یک و نیم برابر طول مدت تحصیل در پزشکی قانونی شهرستان های استان هرمزگان - فاقد خوابگاه,1402-booklet,176,1402-booklet,176,کدرشته‌محل منبع: 36451
1402,پزشکی,دانشگاه علوم پزشکی بندر عباس,,هرمزگان,روزانه,روزانه,عادی,24,زن و مرد,نیمسال اول,فاقد خوابگاه,1402-booklet,94,1402-booklet,94,کدرشته‌محل منبع: 33087
1402,پزشکی,دانشگاه علوم پزشکی بندر عباس,,هرمزگان,روزانه,روزانه,عادی,29,زن و مرد,نیمسال دوم,فاقد خوابگاه,1402-correction-5,7,1402-booklet,94,کدرشته‌محل منبع: 33088
1402,پزشکی,دانشگاه علوم پزشکی بندر عباس,,هرمزگان,شهریه‌پرداز,شهریه پرداز,عادی,20,زن و مرد,نیمسال اول,فاقد خوابگاه,1402-booklet,94,1402-booklet,94,کدرشته‌محل منبع: 33104
1402,پزشکی,دانشگاه علوم پزشکی بوشهر,,,در جدول ذکر نشده,,بورسیه / شرایط خاص,10,زن 3 نفر و مرد 7 نفر,نیمسال اول,پذیرش از تمام متقاضیان سراسر کشور، با اولویت متقاضیان بومی استان بوشهر؛ دانشگاه علوم پزشکی بوشهر- دارای تعهد خدمت یک و نیم برابر طول مدت تحصیل در فرماندهی انتظامی جمهوری اسلامی ایران,1402-booklet,167,1402-booklet,167,کدرشته‌محل منبع: 36298
1402,پزشکی,دانشگاه علوم پزشکی بوشهر,,,در جدول ذکر نشده,,تعهد خدمت,20,زن و مرد,نیمسال اول,مخصوص داوطلبان بومی استان بوشهر؛ دانشگاه علوم پزشکی بوشهر- دارای تعهد خدمت یک و نیم برابر طول مدت تحصیل در مناطق مورد نیاز دانشگاه علوم پزشکی بوشهر,1402-booklet,178,1402-booklet,178,کدرشته‌محل منبع: 36011
1402,پزشکی,دانشگاه علوم پزشکی بوشهر,,,در جدول ذکر نشده,,تعهد خدمت,49,زن و مرد,نیمسال اول,پذیرش از تمام متقاضیان سراسر کشور، با اولویت متقاضیان بومی استان بوشهر؛ دانشگاه علوم پزشکی بوشهر- دارای تعهد خدمت یک و نیم برابر طول مدت تحصیل در مناطق مورد نیاز دانشگاه علوم پزشکی بوشهر,1402-booklet,167,1402-booklet,167,کدرشته‌محل منبع: 36296
1402,پزشکی,دانشگاه علوم پزشکی بوشهر,,,در جدول ذکر نشده,,تعهد خدمت,5,زن و مرد,نیمسال اول,پذیرش از تمام متقاضیان سراسر کشور، با اولویت متقاضیان بومی استان بوشهر؛ دانشگاه علوم پزشکی بوشهر- دارای تعهد خدمت یک و نیم برابر طول مدت تحصیل در پزشکی قانونی شهرستان های استان بوشهر,1402-booklet,167,1402-booklet,167,کدرشته‌محل منبع: 36297
1402,پزشکی,دانشگاه علوم پزشکی بوشهر,,بوشهر,روزانه,روزانه,عادی,26,زن و مرد,نیمسال اول,عدم تعهد در واگذاری خوابگاه,1402-booklet,54,1402-booklet,54,کدرشته‌محل منبع: 31856
1402,پزشکی,دانشگاه علوم پزشکی بوشهر,,بوشهر,شهریه‌پرداز,شهریه پرداز,عادی,10,زن و مرد,نیمسال اول,عدم تعهد در واگذاری خوابگاه,1402-booklet,54,1402-booklet,54,کدرشته‌محل منبع: 31869
1402,پزشکی,دانشگاه علوم پزشکی بیرجند,,,در جدول ذکر نشده,,بورسیه / شرایط خاص,14,زن 4 نفر و مرد 10 نفر,نیمسال دوم,پذیرش از تمام متقاضیان سراسر کشور، با اولویت متقاضیان بومی استان خراسان جنوبی؛ دانشگاه علوم پزشکی بیرجند- دارای تعهد خدمت یک و نیم برابر طول مدت تحصیل در فرماندهی انتظامی جمهوری اسلامی ایران - عدم تعهد در واگذاری خوابگاه,1402-booklet,168,1402-booklet,168,کدرشته‌محل منبع: 36319
1402,پزشکی,دانشگاه علوم پزشکی بیرجند,,,در جدول ذکر نشده,,تعهد خدمت,20,زن 10 نفر و مرد 10 نفر,نیمسال اول,مخصوص داوطلبان بومی استان خراسان جنوبی؛ دانشگاه علوم پزشکی بیرجند- دارای تعهد خدمت یک و نیم برابر طول مدت تحصیل در مناطق مورد نیاز دانشگاه علوم پزشکی بیرجند,1402-booklet,178,1402-booklet,178,کدرشته‌محل منبع: 36014
1402,پزشکی,دانشگاه علوم پزشکی بیرجند,,,در جدول ذکر نشده,,تعهد خدمت,30,زن و مرد,نیمسال اول,پذیرش از تمام متقاضیان سراسر کشور، با اولویت متقاضیان بومی استان خراسان جنوبی؛ دانشگاه علوم پزشکی بیرجند- دارای تعهد خدمت یک و نیم برابر طول مدت تحصیل در مناطق مورد نیاز دانشگاه علوم پزشکی بیرجند,1402-booklet,168,1402-booklet,168,کدرشته‌محل منبع: 36318
1402,پزشکی,دانشگاه علوم پزشکی بیرجند,,,در جدول ذکر نشده,,تعهد خدمت,6,زن و مرد,نیمسال اول,پذیرش از تمام متقاضیان سراسر کشور، با اولویت متقاضیان بومی استان خراسان جنوبی؛ دانشگاه علوم پزشکی بیرجند - دارای تعهد خدمت یک و نیم برابر طول مدت تحصیل در پزشکی قانونی شهرستان های استان خراسان جنوبی- عدم تعهد در واگذاری خوابگاه,1402-booklet,168,1402-booklet,168,کدرشته‌محل منبع: 36320
1402,پزشکی,دانشگاه علوم پزشکی بیرجند,,,در جدول ذکر نشده,,تعهد خدمت,30,زن و مرد,نیمسال دوم,پذیرش از تمام متقاضیان سراسر کشور، با اولویت متقاضیان بومی استان خراسان جنوبی؛ دانشگاه علوم پزشکی بیرجند- دارای تعهد خدمت یک و نیم برابر طول مدت تحصیل در مناطق مورد نیاز دانشگاه علوم پزشکی بیرجند - عدم تعهد در واگذاری خوابگاه,1402-booklet,168,1402-booklet,168,کدرشته‌محل منبع: 36321
1402,پزشکی,دانشگاه علوم پزشکی بیرجند,,خراسان جنوبی,روزانه,روزانه,عادی,31,زن و مرد,نیمسال اول,عدم تعهد در واگذاری خوابگاه,1402-booklet,63,1402-booklet,63,کدرشته‌محل منبع: 32081
1402,پزشکی,دانشگاه علوم پزشکی بیرجند,,خراسان جنوبی,روزانه,روزانه,عادی,31,زن و مرد,نیمسال دوم,عدم تعهد در واگذاری خوابگاه,1402-booklet,63,1402-booklet,63,کدرشته‌محل منبع: 32082
1402,پزشکی,دانشگاه علوم پزشکی بیرجند,,خراسان جنوبی,شهریه‌پرداز,شهریه پرداز,عادی,10,زن و مرد,نیمسال اول,عدم تعهد در واگذاری خوابگاه,1402-booklet,63,1402-booklet,63,کدرشته‌محل منبع: 32094
1402,پزشکی,دانشگاه علوم پزشکی تبریز,,,در جدول ذکر نشده,,بورسیه / شرایط خاص,20,زن 4 نفر و مرد 16 نفر,نیمسال دوم,پذیرش از تمام متقاضیان سراسر کشور، با اولویت متقاضیان بومی استان آذربایجان شرقی؛ دانشگاه علوم پزشکی تبریز- داراری تعهد خدمت یک و نیم برابر طول دوره تحصیل در فرماندهی انتظامی جمهوری اسلامی ایران,1402-booklet,165,1402-booklet,165,کدرشته‌محل منبع: 36263
1402,پزشکی,دانشگاه علوم پزشکی تبریز,,,در جدول ذکر نشده,,تعهد خدمت,30,زن 15 نفر و مرد 15 نفر,نیمسال اول,مخصوص داوطلبان بومی استان آذربایجان شرقی؛ دانشگاه علوم پزشکی تبریز - دارای تعهد خدمت به مدت یک و نیم برابر طول دوره تحصیل در مناطق مورد نیاز دانشگاه علوم پزشکی تبریز,1402-booklet,177,1402-booklet,177,کدرشته‌محل منبع: 36001
1402,پزشکی,دانشگاه علوم پزشکی تبریز,,,در جدول ذکر نشده,,تعهد خدمت,8,زن و مرد,نیمسال اول,پذیرش از تمام متقاضیان سراسر کشور، با اولویت متقاضیان بومی استان آذربایجان شرقی؛ دانشگاه علوم پزشکی تبریز- دارای تعهد خدمت یک و نیم برابر طول دوره تحصیل در پزشکی قانونی شهرستانهای استان آذربایجان شرقی - عدم تعهد در واگذاری خوابگاه,1402-booklet,165,1402-booklet,165,کدرشته‌محل منبع: 36262
1402,پزشکی,دانشگاه علوم پزشکی تبریز,,,در جدول ذکر نشده,,تعهد خدمت,57,زن و مرد,نیمسال اول,پذیرش از تمام متقاضیان سراسر کشور، با اولویت متقاضیان بومی استان آذربایجان شرقی؛ دانشگاه علوم پزشکی تبریز- دارای تعهد خدمت یک و نیم برابر طول دوره تحصیل در مناطق مورد نیاز دانشگاه علوم پزشکی تبریز,1402-booklet,166,1402-booklet,166,کدرشته‌محل منبع: 36265
1402,پزشکی,دانشگاه علوم پزشکی تبریز,,,در جدول ذکر نشده,,تعهد خدمت,10,زن 2 نفر و مرد 8 نفر,نیمسال دوم,پذیرش از تمام متقاضیان سراسر کشور، با اولویت متقاضیان بومی استان آذربایجان شرقی؛ دانشگاه علوم پزشکی تبریز- داراری تعهد خدمت یک و نیم برابر طول دوره تحصیل در ارتش جمهوری اسلامی مطابق قوانین و مقررات ارتش جمهوری اسلامی ابران,1402-booklet,166,1402-booklet,166,کدرشته‌محل منبع: 36264
1402,پزشکی,دانشگاه علوم پزشکی تبریز,,,در جدول ذکر نشده,,تعهد خدمت,35,زن و مرد,نیمسال دوم,پذیرش از تمام متقاضیان سراسر کشور، با اولویت متقاضیان بومی استان آذربایجان شرقی؛ دانشگاه علوم پزشکی تبریز- دارای تعهد خدمت یک و نیم برابر طول دوره تحصیل در مناطق مورد نیاز دانشگاه علوم پزشکی تبریز- عدم تعهد در واگذاری خوابگاه,1402-booklet,165,1402-booklet,165,کدرشته‌محل منبع: 36261
1402,پزشکی,دانشگاه علوم پزشکی تبریز,,آذربایجان شرقی,روزانه,روزانه,عادی,67,زن و مرد,نیمسال اول,عدم تعهد در واگذاری خوابگاه,1402-booklet,46,1402-booklet,46,کدرشته‌محل منبع: 31601
1402,پزشکی,دانشگاه علوم پزشکی تبریز,,آذربایجان شرقی,روزانه,روزانه,عادی,68,زن و مرد,نیمسال دوم,عدم تعهد در واگذاری خوابگاه,1402-booklet,46,1402-booklet,46,کدرشته‌محل منبع: 31602
1402,پزشکی,دانشگاه علوم پزشکی تبریز,,آذربایجان شرقی,شهریه‌پرداز,شهریه پرداز,عادی,30,زن و مرد,نیمسال دوم,فاقد خوابگاه,1402-booklet,47,1402-booklet,47,کدرشته‌محل منبع: 31625
1402,پزشکی,دانشگاه علوم پزشکی تبریز,محل تحصیل دانشکده علوم پزشکی سراب,آذربایجان شرقی,روزانه,روزانه,عادی,33,زن و مرد,نیمسال دوم,,1402-booklet,47,1402-booklet,47,کدرشته‌محل منبع: 31640
1402,پزشکی,دانشگاه علوم پزشکی تبریز,محل تحصیل دانشکده علوم پزشکی مراغه,آذربایجان شرقی,روزانه,روزانه,عادی,33,زن و مرد,نیمسال دوم,,1402-booklet,47,1402-booklet,47,کدرشته‌محل منبع: 31639
1402,پزشکی,دانشگاه علوم پزشکی تربت حیدریه,,,در جدول ذکر نشده,,تعهد خدمت,6,زن و مرد,نیمسال اول,پذیرش از تمام متقاضیان سراسر کشور، با اولویت متقاضیان بومی استان خراسان رضوی؛ دانشگاه علوم پزشکی تربت حیدریه- دارای تعهد خدمت به میزان یک و نیم برابر مدت تحصیل در مناطق مورد نیاز دانشگاه علوم پزشکی تربت حیدریه- فاقد خوابگاه,1402-booklet,169,1402-booklet,169,کدرشته‌محل منبع: 36325
1402,پزشکی,دانشگاه علوم پزشکی تربت حیدریه,,,در جدول ذکر نشده,,تعهد خدمت,7,زن و مرد,نیمسال دوم,پذیرش از تمام متقاضیان سراسر کشور، با اولویت متقاضیان بومی استان خراسان رضوی؛ دانشگاه علوم پزشکی تربت حیدریه- دارای تعهد خدمت به میزان یک و نیم برابر مدت تحصیل در مناطق مورد نیاز دانشگاه علوم پزشکی تربت حیدریه- فاقد خوابگاه,1402-booklet,169,1402-booklet,169,کدرشته‌محل منبع: 36324
1402,پزشکی,دانشگاه علوم پزشکی تربت حیدریه,,خراسان رضوی,روزانه,روزانه,عادی,14,زن و مرد,نیمسال اول,فاقد خوابگاه,1402-booklet,64,1402-booklet,64,کدرشته‌محل منبع: 32126
1402,پزشکی,دانشگاه علوم پزشکی تربت حیدریه,,خراسان رضوی,روزانه,روزانه,عادی,13,زن و مرد,نیمسال دوم,فاقد خوابگاه,1402-booklet,64,1402-booklet,64,کدرشته‌محل منبع: 32127
1402,پزشکی,دانشگاه علوم پزشکی تهران,,,در جدول ذکر نشده,,بورسیه / شرایط خاص,10,زن 2 نفر و مرد 8 نفر,نیمسال دوم,پذیرش از تمام متقاضیان سراسر کشور، با اولویت متقاضیان بومی استان تهران؛ دانشگاه علوم پزشکی تهران - دارای تعهد خدمت به میزان یک و نیم برابر مدت تحصیل در فرماندهی انتظامی جمهوری اسلامی ایران,1402-booklet,168,1402-booklet,168,کدرشته‌محل منبع: 36304
1402,پزشکی,دانشگاه علوم پزشکی تهران,,,در جدول ذکر نشده,,تعهد خدمت,75,زن و مرد,نیمسال اول,پذیرش از تمام متقاضیان سراسر کشور، با اولویت متقاضیان بومی استان تهران؛ دانشگاه علوم پزشکی تهران - دارای تعهد خدمت یک و نیم برابر طول دوره تحصیل در مناطق مورد نیاز دانشگاه علوم پزشکی تهران,1402-booklet,168,1402-booklet,168,کدرشته‌محل منبع: 36306
1402,پزشکی,دانشگاه علوم پزشکی تهران,,,در جدول ذکر نشده,,تعهد خدمت,65,زن و مرد,نیمسال دوم,پذیرش از تمام متقاضیان سراسر کشور، با اولویت متقاضیان بومی استان تهران؛ دانشگاه علوم پزشکی تهران - دارای تعهد خدمت به میزان یک و نیم برابر مدت تحصیل در مناطق مورد نیاز دانشگاه علوم پزشکی تهران,1402-booklet,168,1402-booklet,168,کدرشته‌محل منبع: 36305
1402,پزشکی,دانشگاه علوم پزشکی تهران,,تهران,روزانه,روزانه,عادی,156,زن و مرد,نیمسال اول,,1402-booklet,60,1402-booklet,60,کدرشته‌محل منبع: 31954
1402,پزشکی,دانشگاه علوم پزشکی تهران,,تهران,روزانه,روزانه,عادی,155,زن و مرد,نیمسال دوم,,1402-booklet,60,1402-booklet,60,کدرشته‌محل منبع: 31955
1402,پزشکی,دانشگاه علوم پزشکی جندی شاپور,,,در جدول ذکر نشده,,بورسیه / شرایط خاص,20,زن 4 نفر و مرد 16 نفر,نیمسال دوم,پذیرش از تمام متقاضیان سراسر کشور، با اولویت متقاضیان بومی استان خوزستان؛ دانشگاه علوم پزشکی جندی شاپور - اهواز - دارای تعهد خدمت به میزان یک و نیم برابر مدت تحصیل در فرماندهی انتظامی جمهوری اسلامی ایران,1402-booklet,170,1402-booklet,170,کدرشته‌محل منبع: 36346
1402,پزشکی,دانشگاه علوم پزشکی جندی شاپور,,,در جدول ذکر نشده,,تعهد خدمت,30,زن 15 نفر و مرد 15 نفر,نیمسال اول,مخصوص داوطلبان بومی استان خوزستان؛ دانشگاه علوم پزشکی جندی شاپور - اهواز - دارای تعهد خدمت به میزان یک و نیم برابر مدت تحصیل در مناطق مورد نیاز دانشگاه علوم پزشکی جندی شاپور اهواز,1402-booklet,178,1402-booklet,178,کدرشته‌محل منبع: 36019
1402,پزشکی,دانشگاه علوم پزشکی جندی شاپور,,,در جدول ذکر نشده,,تعهد خدمت,55,زن و مرد,نیمسال اول,پذیرش از تمام متقاضیان سراسر کشور، با اولویت متقاضیان بومی استان خوزستان؛ دانشگاه علوم پزشکی جندی شاپور - اهواز - دارای تعهد خدمت یک و نیم برابر طول دوره تحصیل در مناطق مورد نیاز دانشگاه علوم پزشکی جندی شاپور اهواز,1402-booklet,170,1402-booklet,170,کدرشته‌محل منبع: 36347
1402,پزشکی,دانشگاه علوم پزشکی جندی شاپور,,,در جدول ذکر نشده,,تعهد خدمت,10,زن 2 نفر و مرد 8 نفر,نیمسال دوم,پذیرش از تمام متقاضیان سراسر کشور، با اولویت متقاضیان بومی استان خوزستان؛ دانشگاه علوم پزشکی جندی شاپور - اهواز - دارای تعهد خدمت به میزان یک و نیم برابر مدت تحصیل در ارتش جمهوری اسلامی مطابق قوانین و مقررات ارتش جمهوری اسلامی ایران,1402-booklet,170,1402-booklet,170,کدرشته‌محل منبع: 36344
1402,پزشکی,دانشگاه علوم پزشکی جندی شاپور,,,در جدول ذکر نشده,,تعهد خدمت,47,زن و مرد,نیمسال دوم,پذیرش از تمام متقاضیان سراسر کشور، با اولویت متقاضیان بومی استان خوزستان؛ دانشگاه علوم پزشکی جندی شاپور - اهواز - دارای تعهد خدمت به میزان یک و نیم برابر مدت تحصیل در مناطق مورد نیاز دانشگاه علوم پزشکی جندی شاپو اهواز,1402-booklet,170,1402-booklet,170,کدرشته‌محل منبع: 36343
1402,پزشکی,دانشگاه علوم پزشکی جندی شاپور,,,در جدول ذکر نشده,,تعهد خدمت,8,زن و مرد,نیمسال دوم,پذیرش از تمام متقاضیان سراسر کشور، با اولویت متقاضیان بومی استان خوزستان؛ دانشگاه علوم پزشکی جندی شاپور - اهواز - دارای تعهد خدمت به میزان یک و نیم برابر مدت تحصیل در پزشکی قانونی شهرستانهای استان خوزستان,1402-booklet,170,1402-booklet,170,کدرشته‌محل منبع: 36345
1402,پزشکی,دانشگاه علوم پزشکی جندی شاپور,,خوزستان,روزانه,روزانه,عادی,63,زن و مرد,نیمسال اول,,1402-booklet,69,1402-booklet,69,کدرشته‌محل منبع: 32306
1402,پزشکی,دانشگاه علوم پزشکی جندی شاپور,,خوزستان,روزانه,روزانه,عادی,63,زن و مرد,نیمسال دوم,,1402-booklet,69,1402-booklet,69,کدرشته‌محل منبع: 32307
1402,پزشکی,دانشگاه علوم پزشکی جندی شاپور,,خوزستان,شهریه‌پرداز,شهریه پرداز,عادی,20,زن و مرد,نیمسال اول,,1402-booklet,70,1402-booklet,70,کدرشته‌محل منبع: 32330
1402,پزشکی,دانشگاه علوم پزشکی جندی شاپور,محل تحصیل دانشکده علوم پزشکی بهبهان,خوزستان,روزانه,روزانه,عادی,33,زن و مرد,نیمسال اول,,1402-booklet,71,1402-booklet,71,کدرشته‌محل منبع: 32355
1402,پزشکی,دانشگاه علوم پزشکی جهرم,,,در جدول ذکر نشده,,تعهد خدمت,32,زن و مرد,نیمسال اول,پذیرش از تمام متقاضیان سراسر کشور، با اولویت متقاضیان بومی استان فارس؛ دانشگاه علوم پزشکی جهرم - دارای تعهد خدمت به میزان یک و نیم برابر مدت تحصیل در مناطق مورد نیاز دانشگاه علوم پزشکی جهرم - محدودیت در ارائه خوابگاه,1402-booklet,171,1402-booklet,171,کدرشته‌محل منبع: 36372
1402,پزشکی,دانشگاه علوم پزشکی جهرم,,,در جدول ذکر نشده,,تعهد خدمت,32,زن و مرد,نیمسال دوم,پذیرش از تمام متقاضیان سراسر کشور، با اولویت متقاضیان بومی استان فارس؛ دانشگاه علوم پزشکی جهرم - دارای تعهد خدمت به میزان یک و نیم برابر مدت تحصیل در مناطق مورد نیاز دانشگاه علوم پزشکی جهرم - محدودیت در ارائه خوابگاه,1402-booklet,171,1402-booklet,171,کدرشته‌محل منبع: 36373
1402,پزشکی,دانشگاه علوم پزشکی جهرم,,فارس,روزانه,روزانه,عادی,22,زن و مرد,نیمسال اول,محدودیت در ارائه خوابگاه,1402-booklet,78,1402-booklet,78,کدرشته‌محل منبع: 32563
1402,پزشکی,دانشگاه علوم پزشکی جهرم,,فارس,روزانه,روزانه,عادی,21,زن و مرد,نیمسال دوم,محدودیت در ارائه خوابگاه,1402-booklet,78,1402-booklet,78,کدرشته‌محل منبع: 32564
1402,پزشکی,دانشگاه علوم پزشکی جهرم,,فارس,شهریه‌پرداز,شهریه پرداز,عادی,5,زن و مرد,نیمسال اول,عدم تعهد دانشگاه در ارایه خوابگاه و ارایه آن صرفادر حد مقدورات به دانشجویان ورودی جدید- محدودیت در ارائه خوابگاه,1402-booklet,78,1402-booklet,78,کدرشته‌محل منبع: 32571
1402,پزشکی,دانشگاه علوم پزشکی جهرم,,فارس,شهریه‌پرداز,شهریه پرداز,عادی,5,زن و مرد,نیمسال دوم,عدم تعهد دانشگاه در ارایه خوابگاه و ارایه آن صرفا در حد مقدوراتبه دانشجویان ورودی جدید - محدودیت در ارائه خوابگاه,1402-booklet,78,1402-booklet,78,کدرشته‌محل منبع: 32572
1402,پزشکی,دانشگاه علوم پزشکی جیرفت,,,در جدول ذکر نشده,,تعهد خدمت,19,زن و مرد,نیمسال اول,پذیرش از تمام متقاضیان سراسر کشور، با اولویت متقاضیان بومی استان کرمان؛ دانشگاه علوم پزشکی جیرفت- دارای تعهد خدمت یک و نیم برابر طول دوره تحصیل مناطق مورد نیازحوزه دانشگاه علوم پزشکی جیرفت - شرایط خوابگاه در بخش پیوست- معرفی به خوابگاههای خودگردان,1402-booklet,173,1402-booklet,173,کدرشته‌محل منبع: 36396
1402,پزشکی,دانشگاه علوم پزشکی جیرفت,,,در جدول ذکر نشده,,تعهد خدمت,1,زن و مرد,نیمسال اول,پذیرش از تمام متقاضیان سراسر کشور، با اولویت متقاضیان بومی استان کرمان؛ دانشگاه علوم پزشکی جیرفت- دارای تعهد خدمت یک و نیم برابر طول دوره تحصیل در پزشکی قانونی شهرستان جیرفت- شرایط خوابگاه در بخش پیوست,1402-booklet,173,1402-booklet,173,کدرشته‌محل منبع: 36397
1402,پزشکی,دانشگاه علوم پزشکی جیرفت,,کرمان,روزانه,روزانه,عادی,37,زن و مرد,نیمسال اول,نقل و انتقال از این دانشگاه به سایر دانشگاهها ممنوع می باشد- شرایط خوابگاه در دفترچه »پیوست «ها- معرفی به خوابگاههای خودگردان,1402-booklet,83,1402-booklet,83,کدرشته‌محل منبع: 32742
1402,پزشکی,دانشگاه علوم پزشکی جیرفت,,کرمان,شهریه‌پرداز,شهریه پرداز,عادی,10,زن و مرد,نیمسال اول,نقل وانتقال از این دانشگاه به سایر دانشگاهها ممنوع میباشد. وضعیت خوابگاه در دفترچه »پیوست «ها- معرفی به خوابگاههای خودگردان,1402-booklet,83,1402-booklet,83,کدرشته‌محل منبع: 32750
1402,پزشکی,دانشگاه علوم پزشکی خراسان شمالی,,,در جدول ذکر نشده,,تعهد خدمت,26,زن و مرد,نیمسال اول,پذیرش از تمام متقاضیان سراسر کشور، با اولویت متقاضیان بومی استان خراسان شمالی؛ دانشگاه علوم پزشکی خراسان شمالی- بجنورد - دارای تعهد خدمت یک و نیم برابر طول دوره تحصیل در مناطق مورد نیاز دانشگاه علوم پزشکی خراسان شمالی- - عدم تعهد در واگذاری خوابگاه,1402-booklet,169,1402-booklet,169,کدرشته‌محل منبع: 36340
1402,پزشکی,دانشگاه علوم پزشکی خراسان شمالی,,,در جدول ذکر نشده,,تعهد خدمت,24,زن و مرد,نیمسال دوم,پذیرش از تمام متقاضیان سراسر کشور، با اولویت متقاضیان بومی استان خراسان شمالی؛ دانشگاه علوم پزشکی خراسان شمالی- بجنورد - دارای تعهد خدمت یک و نیم برابر طول دوره تحصیل در مناطق مورد نیاز دانشگاه علوم پزشکی خراسان شمالی-,1402-booklet,169,1402-booklet,169,کدرشته‌محل منبع: 36339
1402,پزشکی,دانشگاه علوم پزشکی خراسان شمالی,,,در جدول ذکر نشده,,تعهد خدمت,1,زن و مرد,نیمسال دوم,پذیرش از تمام متقاضیان سراسر کشور، با اولویت متقاضیان بومی استان خراسان شمالی؛ دانشگاه علوم پزشکی خراسان شمالی- بجنورد - دارای تعهد خدمت یک و نیم برابر طول دوره تحصیل در پزشکی قانونی شهرستان جاجرم - - عدم تعهد در واگذاری خوابگاه,1402-booklet,170,1402-booklet,170,کدرشته‌محل منبع: 36341
1402,پزشکی,دانشگاه علوم پزشکی خراسان شمالی,,خراسان شمالی,روزانه,روزانه,عادی,36,زن و مرد,نیمسال اول,عدم تعهد در واگذاری خوابگاه,1402-booklet,68,1402-booklet,68,کدرشته‌محل منبع: 32275
1402,پزشکی,دانشگاه علوم پزشکی خراسان شمالی,,خراسان شمالی,روزانه,روزانه,عادی,36,زن و مرد,نیمسال دوم,عدم تعهد در واگذاری خوابگاه,1402-booklet,68,1402-booklet,68,کدرشته‌محل منبع: 32276
1402,پزشکی,دانشگاه علوم پزشکی خراسان شمالی,,خراسان شمالی,شهریه‌پرداز,شهریه پرداز,عادی,5,زن و مرد,نیمسال اول,عدم تعهد در واگذاری خوابگاه,1402-booklet,69,1402-booklet,69,کدرشته‌محل منبع: 32286
1402,پزشکی,دانشگاه علوم پزشکی خراسان شمالی,,خراسان شمالی,شهریه‌پرداز,شهریه پرداز,عادی,5,زن و مرد,نیمسال دوم,عدم تعهد در واگذاری خوابگاه,1402-booklet,69,1402-booklet,69,کدرشته‌محل منبع: 32287
1402,پزشکی,دانشگاه علوم پزشکی دزفول,,,در جدول ذکر نشده,,تعهد خدمت,10,زن و مرد,نیمسال اول,مخصوص داوطلبان بومی استان خوزستان؛ دانشگاه علوم پزشکی دزفول - ددارای تعهد خدمت یک و نیم برابر طول دوره تحصیل در مناطق مورد نیاز دانشگاه علوم پزشکی دزفول,1402-booklet,178,1402-booklet,178,کدرشته‌محل منبع: 36020
1402,پزشکی,دانشگاه علوم پزشکی دزفول,,,در جدول ذکر نشده,,تعهد خدمت,25,زن و مرد,نیمسال دوم,پذیرش از تمام متقاضیان سراسر کشور، با اولویت متقاضیان بومی استان خوزستان؛ دانشگاه علوم پزشکی دزفول - دارای تعهد خدمت یک و نیم برابر طول دوره تحصیل در مناطق مورد نیاز دانشگاه علوم پزشکی دزفول - عدم تعهد در واگذاری خوابگاه,1402-booklet,170,1402-booklet,170,کدرشته‌محل منبع: 36348
1402,پزشکی,دانشگاه علوم پزشکی دزفول,,خوزستان,روزانه,روزانه,عادی,28,زن و مرد,نیمسال اول,عدم تعهد در واگذاری خوابگاه,1402-booklet,71,1402-booklet,71,کدرشته‌محل منبع: 32361
1402,پزشکی,دانشگاه علوم پزشکی دزفول,,خوزستان,روزانه,روزانه,عادی,27,زن و مرد,نیمسال دوم,عدم تعهد در واگذاری خوابگاه,1402-booklet,71,1402-booklet,71,کدرشته‌محل منبع: 32362
1402,پزشکی,دانشگاه علوم پزشکی دزفول,,خوزستان,شهریه‌پرداز,شهریه پرداز,عادی,10,زن و مرد,نیمسال اول,عدم تعهد در واگذاری خوابگاه,1402-booklet,71,1402-booklet,71,کدرشته‌محل منبع: 32371
1402,پزشکی,دانشگاه علوم پزشکی رفسنجان,,,در جدول ذکر نشده,,تعهد خدمت,45,زن و مرد,نیمسال اول,پذیرش از تمام متقاضیان سراسر کشور، با اولویت متقاضیان بومی استان کرمان؛ دانشگاه علوم پزشکی رفسنجان - دارای تعهد خدمت یک و نیم برابر طول دوره تحصیل در مناطق مورد نیاز دانشگاه علوم پزشکی رفسنجان - عدم تعهد در واگذاری خوابگاه,1402-correction-5,7,1402-booklet,173,کدرشته‌محل منبع: 36398
1402,پزشکی,دانشگاه علوم پزشکی رفسنجان,,,در جدول ذکر نشده,,تعهد خدمت,1,زن و مرد,نیمسال اول,پذیرش از تمام متقاضیان سراسر کشور، با اولویت متقاضیان بومی استان کرمان؛ دانشگاه علوم پزشکی رفسنجان - دارای تعهد خدمت یک و نیم برابر طول دوره تحصیل در پزشکی قانونی شهرستان رفسنجان - عدم تعهد در واگذاری خوابگاه,1402-booklet,173,1402-booklet,173,کدرشته‌محل منبع: 36399
1402,پزشکی,دانشگاه علوم پزشکی رفسنجان,,کرمان,روزانه,روزانه,عادی,56,زن و مرد,نیمسال اول,ارائه خوابگاه دولتی برای دانشجویان جدیدالورود امکان پذیر نمی باشد در صورت عدم تکمیل ظرفیت ،اسکان در ابگاه خودگردان انجام می شود.خو,1402-booklet,83,1402-booklet,83,کدرشته‌محل منبع: 32752
1402,پزشکی,دانشگاه علوم پزشکی رفسنجان,,کرمان,شهریه‌پرداز,شهریه پرداز,عادی,10,زن و مرد,نیمسال اول,فاقد خوابگاه,1402-booklet,84,1402-booklet,84,کدرشته‌محل منبع: 32763
1402,پزشکی,دانشگاه علوم پزشکی زابل,,,در جدول ذکر نشده,,تعهد خدمت,12,زن و مرد,نیمسال اول,مخصوص داوطلبان بومی استان سیستان و بلوچستان با اولویت پذیرش داوطلبان بومی مناطق تحت پوشش دانشگاه علوم پزشکی؛ دانشگاه علوم پزشکی زابل- دارای تعهد خدمت یک ونیم برابر طول دوره تحصیل در مناطق مورد نیاز دانشگاه علوم پزشکی زابل,1402-booklet,179,1402-booklet,179,کدرشته‌محل منبع: 36028
1402,پزشکی,دانشگاه علوم پزشکی زابل,,,در جدول ذکر نشده,,تعهد خدمت,45,زن و مرد,نیمسال اول,پذیرش از تمام متقاضیان سراسر کشور، با ترتیب اولویت متقاضیان »بومی مناطق تحت پوشش دانشگاه علوم پزشکی زابل« و بعد؛ دانشگاه علوم پزشکی زابل - دارای تعهد خدمت یک و نیم برابر طول دوره تحصیل در مناطق تحت پوشش دانشگاه علوم پزشکی زابل- فاقد خوابگاه,1402-correction-5,7,1402-booklet,171,کدرشته‌محل منبع: 36364
1402,پزشکی,دانشگاه علوم پزشکی زابل,,,در جدول ذکر نشده,,تعهد خدمت,1,زن و مرد,نیمسال اول,پذیرش از تمام متقاضیان سراسر کشور، با ترتیب اولویت متقاضیان »بومی مناطق تحت پوشش دانشگاه علوم پزشکی زابل« و بعد؛ دانشگاه علوم پزشکی زابل- دارای تعهد خدمت یک و نیم برابر طول دوره تحصیل در پزشکی قانونی شهرستان زابل - فاقد خوابگاه,1402-booklet,171,1402-booklet,171,کدرشته‌محل منبع: 36365
1402,پزشکی,دانشگاه علوم پزشکی زابل,,سیستان و بلوچستان,روزانه,روزانه,عادی,32,زن و مرد,نیمسال اول,فاقد خوابگاه,1402-booklet,76,1402-booklet,76,کدرشته‌محل منبع: 32508
1402,پزشکی,دانشگاه علوم پزشکی زابل,,سیستان و بلوچستان,شهریه‌پرداز,شهریه پرداز,عادی,10,زن و مرد,نیمسال اول,ممنوعیت انتقال - فاقد خوابگاه,1402-booklet,76,1402-booklet,76,کدرشته‌محل منبع: 32523
1402,پزشکی,دانشگاه علوم پزشکی زاهدان,,,در جدول ذکر نشده,,بورسیه / شرایط خاص,20,زن 4 نفر و مرد 16 نفر,نیمسال دوم,پذیرش از تمام متقاضیان سراسر کشور، با ترتیب اولویت متقاضیان »بومی مناطق تحت پوشش دانشگاه علوم پزشکی زاهدان« و بعد؛ دانشگاه علوم پزشکی زاهدان - دارای تعهد خدمت یک و نیم برابر طول دوره تحصیل در فرماندهی انتظامی جمهوری اسلامی ایران - عدم تعهد در واگذاری خوابگاه,1402-booklet,171,1402-booklet,171,کدرشته‌محل منبع: 36368
1402,پزشکی,دانشگاه علوم پزشکی زاهدان,,,در جدول ذکر نشده,,تعهد خدمت,1,زن و مرد,نیمسال اول,مخصوص داوطلبان بومی استان سیستان و بلوچستان با اولویت پذیرش داوطلبان بومی مناطق تحت پوشش دانشگاه علوم پزشکی؛ دانشگاه علوم پزشکی زاهدان - دارای تعهد خدمت یک و نیم برابر طول دوره تحصیل در شهرستان خاش,1402-booklet,179,1402-booklet,179,کدرشته‌محل منبع: 36029
1402,پزشکی,دانشگاه علوم پزشکی زاهدان,,,در جدول ذکر نشده,,تعهد خدمت,6,زن و مرد,نیمسال اول,مخصوص داوطلبان بومی استان سیستان و بلوچستان با اولویت پذیرش داوطلبان بومی مناطق تحت پوشش دانشگاه علوم پزشکی؛ دانشگاه علوم پزشکی زاهدان - دارای تعهد خدمت به میزان یک و نیم برابر طول دوره تحصیل در مناطق مورد نیاز دانشگاه علوم پزشکی زاهدان,1402-booklet,179,1402-booklet,179,کدرشته‌محل منبع: 36030
1402,پزشکی,دانشگاه علوم پزشکی زاهدان,,,در جدول ذکر نشده,,تعهد خدمت,38,زن و مرد,نیمسال اول,پذیرش از تمام متقاضیان سراسر کشور، با ترتیب اولویت متقاضیان »بومی مناطق تحت پوشش دانشگاه علوم پزشکی زاهدان« و بعد؛ دانشگاه علوم پزشکی زاهدان - دارای تعهد خدمت یک و نیم برابر طول دوره تحصیل در مناطق مورد نیاز دانشگاه علوم پزشکی زاهدان - عدم تعهد در واگذاری خوابگاه,1402-booklet,171,1402-booklet,171,کدرشته‌محل منبع: 36367
1402,پزشکی,دانشگاه علوم پزشکی زاهدان,,,در جدول ذکر نشده,,تعهد خدمت,4,زن و مرد,نیمسال دوم,پذیرش از تمام متقاضیان سراسر کشور، با ترتیب اولویت متقاضیان »بومی مناطق تحت پوشش دانشگاه علوم پزشکی زاهدان« و بعد؛ دانشگاه علوم پزشکی زاهدان - دارای تعهد خدمت یک و نیم برابر طول دوره تحصیل در پزشکی قانونی شهرستانهای استان سیستان و بلوچستان - عدم تعهد در واگذاری خوابگاه,1402-booklet,171,1402-booklet,171,کدرشته‌محل منبع: 36366
1402,پزشکی,دانشگاه علوم پزشکی زاهدان,,,در جدول ذکر نشده,,تعهد خدمت,14,زن و مرد,نیمسال دوم,پذیرش از تمام متقاضیان سراسر کشور، با ترتیب اولویت متقاضیان »بومی مناطق تحت پوشش دانشگاه علوم پزشکی زاهدان« و بعد؛ دانشگاه علوم پزشکی زاهدان - دارای تعهد خدمت یک و نیم برابر طول دوره تحصیل در مناطق مورد نیاز دانشگاه علوم پزشکی زاهدان,1402-booklet,171,1402-booklet,171,کدرشته‌محل منبع: 36369
1402,پزشکی,دانشگاه علوم پزشکی زاهدان,,سیستان و بلوچستان,روزانه,روزانه,عادی,59,زن و مرد,نیمسال اول,عدم تعهد در واگذاری خوابگاه,1402-booklet,76,1402-booklet,76,کدرشته‌محل منبع: 32525
1402,پزشکی,دانشگاه علوم پزشکی زاهدان,,سیستان و بلوچستان,روزانه,روزانه,عادی,59,زن و مرد,نیمسال دوم,عدم تعهد در واگذاری خوابگاه,1402-booklet,76,1402-booklet,76,کدرشته‌محل منبع: 32526
1402,پزشکی,دانشگاه علوم پزشکی زاهدان,,سیستان و بلوچستان,شهریه‌پرداز,شهریه پرداز,عادی,10,زن و مرد,نیمسال دوم,عدم تعهد در واگذاری خوابگاه,1402-booklet,77,1402-booklet,77,کدرشته‌محل منبع: 32546
1402,پزشکی,دانشگاه علوم پزشکی زنجان,,,در جدول ذکر نشده,,تعهد خدمت,21,زن و مرد,نیمسال اول,مخصوص داوطلبان بومی استان زنجان؛ دانشگاه علوم پزشکی زنجان - دارای تعهد خدمت یک و نیم برابر طول دوره تحصیل در مناطق مورد نیاز دانشگاه علوم پزشکی زنجان,1402-booklet,179,1402-booklet,179,کدرشته‌محل منبع: 36024
1402,پزشکی,دانشگاه علوم پزشکی زنجان,,,در جدول ذکر نشده,,تعهد خدمت,35,زن و مرد,نیمسال اول,پذیرش از تمام متقاضیان سراسر کشور، با اولویت متقاضیان بومی استان زنجان؛ دانشگاه علوم پزشکی زنجان - دارای تعهد خدمت یک و نیم برابر طول دوره تحصیل در مناطق مورد نیاز دانشگاه علوم پزشکی زنجان,1402-booklet,170,1402-booklet,170,کدرشته‌محل منبع: 36354
1402,پزشکی,دانشگاه علوم پزشکی زنجان,,,در جدول ذکر نشده,,تعهد خدمت,33,زن و مرد,نیمسال دوم,پذیرش از تمام متقاضیان سراسر کشور، با اولویت متقاضیان بومی استان زنجان؛ دانشگاه علوم پزشکی زنجان - دارای تعهد خدمت یک و نیم برابر طول دوره تحصیل در مناطق مورد نیاز دانشگاه علوم پزشکی زنجان - عدم تعهد در واگذاری خوابگاه,1402-booklet,170,1402-booklet,170,کدرشته‌محل منبع: 36352
1402,پزشکی,دانشگاه علوم پزشکی زنجان,,,در جدول ذکر نشده,,تعهد خدمت,2,زن و مرد,نیمسال دوم,پذیرش از تمام متقاضیان سراسر کشور، با اولویت متقاضیان بومی استان زنجان؛ دانشگاه علوم پزشکی زنجان - دارای تعهد خدمت یک و نیم برابر طول دوره تحصیل در پزشکی قانونی شهرستانهای استان زنجان - عدم تعهد در واگذاری خوابگاه,1402-booklet,170,1402-booklet,170,کدرشته‌محل منبع: 36353
1402,پزشکی,دانشگاه علوم پزشکی زنجان,,زنجان,روزانه,روزانه,عادی,72,زن و مرد,نیمسال اول,عدم امکان تغییر شروع نیمسال تحصیلی- عدم تعهد در واگذاری خوابگاه,1402-booklet,73,1402-booklet,73,کدرشته‌محل منبع: 32417
1402,پزشکی,دانشگاه علوم پزشکی زنجان,,زنجان,روزانه,روزانه,عادی,72,زن و مرد,نیمسال دوم,عدم امکان تغییر شروع نیمسال تحصیلی- عدم تعهد در واگذاری خوابگاه,1402-booklet,73,1402-booklet,73,کدرشته‌محل منبع: 32418
1402,پزشکی,دانشگاه علوم پزشکی زنجان,,زنجان,شهریه‌پرداز,شهریه پرداز,عادی,10,زن و مرد,نیمسال دوم,عدم امکان تغییر شروع نیمسال تحصیلی- عدم تعهد در واگذاری خوابگاه,1402-booklet,73,1402-booklet,73,کدرشته‌محل منبع: 32434
1402,پزشکی,دانشگاه علوم پزشکی سبزوار,,,در جدول ذکر نشده,,تعهد خدمت,26,زن و مرد,نیمسال اول,پذیرش از تمام متقاضیان سراسر کشور، با اولویت متقاضیان بومی استان خراسان رضوی؛ دانشگاه علوم پزشکی سبزوار - دارای تعهد خدمت یک و نیم برابر طول دوره تحصیل در مناطق مورد نیاز دانشگاه علوم پزشکی سبزوار - عدم تعهد در واگذاری خوابگاه,1402-booklet,169,1402-booklet,169,کدرشته‌محل منبع: 36327
1402,پزشکی,دانشگاه علوم پزشکی سبزوار,,,در جدول ذکر نشده,,تعهد خدمت,26,زن و مرد,نیمسال دوم,پذیرش از تمام متقاضیان سراسر کشور، با اولویت متقاضیان بومی استان خراسان رضوی؛ دانشگاه علوم پزشکی سبزوار - دارای تعهد خدمت یک و نیم برابر طول دوره تحصیل در مناطق مورد نیاز دانشگاه علوم پزشکی سبزوار - عدم تعهد در واگذاری خوابگاه,1402-booklet,169,1402-booklet,169,کدرشته‌محل منبع: 36326
1402,پزشکی,دانشگاه علوم پزشکی سبزوار,,خراسان رضوی,روزانه,روزانه,عادی,30,زن و مرد,نیمسال اول,عدم تعهد در واگذاری خوابگاه,1402-booklet,65,1402-booklet,65,کدرشته‌محل منبع: 32143
1402,پزشکی,دانشگاه علوم پزشکی سبزوار,,خراسان رضوی,روزانه,روزانه,عادی,30,زن و مرد,نیمسال دوم,عدم تعهد در واگذاری خوابگاه,1402-booklet,65,1402-booklet,65,کدرشته‌محل منبع: 32144
1402,پزشکی,دانشگاه علوم پزشکی سبزوار,,خراسان رضوی,شهریه‌پرداز,شهریه پرداز,عادی,10,زن و مرد,نیمسال دوم,عدم تعهد در واگذاری خوابگاه,1402-booklet,65,1402-booklet,65,کدرشته‌محل منبع: 32156
1402,پزشکی,دانشگاه علوم پزشکی سمنان,,,در جدول ذکر نشده,,بورسیه / شرایط خاص,20,زن 4 نفر و مرد 16 نفر,نیمسال دوم,پذیرش از تمام متقاضیان سراسر کشور، با اولویت متقاضیان بومی استان سمنان؛ دانشگاه علوم پزشکی سمنان - دارای تعهد خدمت یک و نیم برابر طول دوره تحصیل در فرماندهی انتظامی جمهوری اسلامی ایران,1402-booklet,171,1402-booklet,171,کدرشته‌محل منبع: 36358
1402,پزشکی,دانشگاه علوم پزشکی سمنان,,,در جدول ذکر نشده,,تعهد خدمت,3,زن و مرد,نیمسال اول,مخصوص داوطلبان بومی استان سمنان؛ دانشگاه علوم پزشکی سمنان - دارای تعهد خدمت یک و نیم برابر طول دوره تحصیل در مناطق مورد نیاز دانشگاه علوم پزشکی سمنان,1402-booklet,179,1402-booklet,179,کدرشته‌محل منبع: 36025
1402,پزشکی,دانشگاه علوم پزشکی سمنان,,,در جدول ذکر نشده,,تعهد خدمت,34,زن و مرد,نیمسال اول,پذیرش از تمام متقاضیان سراسر کشور، با اولویت متقاضیان بومی استان سمنان؛ دانشگاه علوم پزشکی سمنان - دارای تعهد خدمت یک و نیم برابر طول دوره تحصیل در مناطق مورد نیاز دانشگاه علوم پزشکی سمنان,1402-booklet,170,1402-booklet,170,کدرشته‌محل منبع: 36356
1402,پزشکی,دانشگاه علوم پزشکی سمنان,,,در جدول ذکر نشده,,تعهد خدمت,2,زن و مرد,نیمسال دوم,پذیرش از تمام متقاضیان سراسر کشور، با اولویت متقاضیان بومی استان سمنان؛ دانشگاه علوم پزشکی سمنان - دارای تعهد خدمت یک و نیم برابر طول دوره تحصیل در مناطق مورد نیاز دانشگاه علوم پزشکی سمنان - محدودیت در ارائه خوابگاه,1402-booklet,170,1402-booklet,170,کدرشته‌محل منبع: 36357
1402,پزشکی,دانشگاه علوم پزشکی سمنان,,سمنان,روزانه,روزانه,عادی,46,زن و مرد,نیمسال اول,محدودیت در ارائه خوابگاه,1402-booklet,74,1402-booklet,74,کدرشته‌محل منبع: 32449
1402,پزشکی,دانشگاه علوم پزشکی سمنان,,سمنان,روزانه,روزانه,عادی,46,زن و مرد,نیمسال دوم,محدودیت در ارائه خوابگاه,1402-booklet,74,1402-booklet,74,کدرشته‌محل منبع: 32450
1402,پزشکی,دانشگاه علوم پزشکی سمنان,,سمنان,شهریه‌پرداز,شهریه پرداز,عادی,10,زن و مرد,نیمسال دوم,عدم تعهد در واگذاری خوابگاه,1402-booklet,75,1402-booklet,75,کدرشته‌محل منبع: 32459
1402,پزشکی,دانشگاه علوم پزشکی شاهرود,,,در جدول ذکر نشده,,تعهد خدمت,3,زن و مرد,نیمسال اول,پذیرش از تمام متقاضیان سراسر کشور، با اولویت متقاضیان بومی استان سمنان؛ دانشگاه علوم پزشکی شاهرود - دارای تعهد خدمت یک و نیم برابر طول دوره تحصیل در پزشکی قانونی شهرستانهای استان سمنان - ابگاه به دانشجویان روزانه و غیر شهریه پرداز تعلق می گیرد.خو,1402-booklet,171,1402-booklet,171,کدرشته‌محل منبع: 36359
1402,پزشکی,دانشگاه علوم پزشکی شاهرود,,,در جدول ذکر نشده,,تعهد خدمت,22,زن و مرد,نیمسال اول,پذیرش از تمام متقاضیان سراسر کشور، با اولویت متقاضیان بومی استان سمنان؛ دانشگاه علوم پزشکی شاهرود - دارای تعهد خدمت یک و نیم برابر طول دوره تحصیل در مناطق مورد نیاز دانشگاه علوم پزشکی شاهرود - ابگاه به دانشجویان روزانه و غیر شهریه پرداز تعلق می گیرد.خو,1402-booklet,171,1402-booklet,171,کدرشته‌محل منبع: 36360
1402,پزشکی,دانشگاه علوم پزشکی شاهرود,,سمنان,روزانه,روزانه,عادی,39,زن و مرد,نیمسال اول,خوابگاه به دانشجویان روزانه و غیر پرداز تعلق می گیرد.شهریه,1402-booklet,75,1402-booklet,75,کدرشته‌محل منبع: 32472
1402,پزشکی,دانشگاه علوم پزشکی شاهرود,,سمنان,روزانه,روزانه,عادی,38,زن و مرد,نیمسال دوم,خوابگاه به دانشجویان روزانه و غیر پرداز تعلق می گیرد.شهریه,1402-booklet,75,1402-booklet,75,کدرشته‌محل منبع: 32473
1402,پزشکی,دانشگاه علوم پزشکی شاهرود,,سمنان,شهریه‌پرداز,شهریه پرداز,عادی,20,زن و مرد,نیمسال دوم,خوابگاه به دانشجویان شهریه پرداز نمی گیرد.تعلق,1402-booklet,75,1402-booklet,75,کدرشته‌محل منبع: 32485
1402,پزشکی,دانشگاه علوم پزشکی شهرکرد,,,در جدول ذکر نشده,,تعهد خدمت,7,زن و مرد,نیمسال اول,مخصوص داوطلبان بومی استان چهارمحال وبختیاری؛ دانشگاه علوم پزشکی شهرکرد - دارای تعهد خدمت یک و نیم برابر طول دوره تحصیل در مناطق مورد نیاز دانشگاه علوم پزشکی شهرکرد,1402-booklet,178,1402-booklet,178,کدرشته‌محل منبع: 36012
1402,پزشکی,دانشگاه علوم پزشکی شهرکرد,,,در جدول ذکر نشده,,تعهد خدمت,4,زن و مرد,نیمسال اول,پذیرش از تمام متقاضیان سراسر کشور، با اولویت متقاضیان بومی استان چهارمحار و بختیاری؛ دانشگاه علوم پزشکی شهرکرد - دارای تعهد خدمت یک و نیم برابر طول دوره تحصیل در پزشکی قانونی شهرستانهای استان کهگیلویه و بویراحمد- عدم تعهد در واگذاری خوابگاه,1402-booklet,168,1402-booklet,168,کدرشته‌محل منبع: 36314
1402,پزشکی,دانشگاه علوم پزشکی شهرکرد,,,در جدول ذکر نشده,,تعهد خدمت,34,زن و مرد,نیمسال اول,پذیرش از تمام متقاضیان سراسر کشور، با اولویت متقاضیان بومی استان چهارمحار و بختیاری؛ دانشگاه علوم پزشکی شهرکرد - دارای تعهد خدمت یک و نیم برابر طول دوره تحصیل در مناطق مورد نیاز دانشگاه علوم پزشکی شهرکرد,1402-booklet,168,1402-booklet,168,کدرشته‌محل منبع: 36316
1402,پزشکی,دانشگاه علوم پزشکی شهرکرد,,,در جدول ذکر نشده,,تعهد خدمت,33,زن و مرد,نیمسال دوم,پذیرش از تمام متقاضیان سراسر کشور، با اولویت متقاضیان بومی استان چهارمحار و بختیاری؛ دانشگاه علوم پزشکی شهرکرد - دارای تعهد خدمت یک و نیم برابر طول دوره تحصیل در مناطق مورد نیاز دانشگاه علوم پزشکی شهرکرد - عدم تعهد در واگذاری خوابگاه,1402-booklet,168,1402-booklet,168,کدرشته‌محل منبع: 36315
1402,پزشکی,دانشگاه علوم پزشکی شهرکرد,,چهارمحال و بختیاری,روزانه,روزانه,عادی,37,زن و مرد,نیمسال اول,عدم تعهد در واگذاری خوابگاه,1402-booklet,62,1402-booklet,62,کدرشته‌محل منبع: 32059
1402,پزشکی,دانشگاه علوم پزشکی شهرکرد,,چهارمحال و بختیاری,روزانه,روزانه,عادی,37,زن و مرد,نیمسال دوم,عدم تعهد در واگذاری خوابگاه,1402-booklet,62,1402-booklet,62,کدرشته‌محل منبع: 32060
1402,پزشکی,دانشگاه علوم پزشکی شهرکرد,,چهارمحال و بختیاری,شهریه‌پرداز,شهریه پرداز,عادی,20,زن و مرد,نیمسال دوم,عدم تعهد در واگذاری خوابگاه,1402-booklet,63,1402-booklet,63,کدرشته‌محل منبع: 32072
1402,پزشکی,دانشگاه علوم پزشکی شهید بهشتی,,,در جدول ذکر نشده,,بورسیه / شرایط خاص,10,زن 2 نفر و مرد 8 نفر,نیمسال دوم,پذیرش از تمام متقاضیان سراسر کشور، با اولویت متقاضیان بومی استان تهران؛ دانشگاه علوم پزشکی شهید بهشتی- تهران - دارای تعهد خدمت یک و نیم برابر طول دوره تحصیل در فرماندهی انتظامی جمهوری اسلامی ایران,1402-booklet,168,1402-booklet,168,کدرشته‌محل منبع: 36310
1402,پزشکی,دانشگاه علوم پزشکی شهید بهشتی,,,در جدول ذکر نشده,,تعهد خدمت,80,زن و مرد,نیمسال اول,پذیرش از تمام متقاضیان سراسر کشور، با اولویت متقاضیان بومی استان تهران؛ دانشگاه علوم پزشکی شهید بهشتی- تهران - دارای تعهد خدمت یک و نیم برابر طول دوره تحصیل در مناطق مورد نیاز دانشگاه علوم پزشکی شهید بهشتی,1402-booklet,168,1402-booklet,168,کدرشته‌محل منبع: 36307
1402,پزشکی,دانشگاه علوم پزشکی شهید بهشتی,,,در جدول ذکر نشده,,تعهد خدمت,69,زن و مرد,نیمسال دوم,پذیرش از تمام متقاضیان سراسر کشور، با اولویت متقاضیان بومی استان تهران؛ دانشگاه علوم پزشکی شهید بهشتی- تهران - دارای تعهد خدمت یک و نیم برابر طول دوره تحصیل در مناطق مورد نیاز دانشگاه علوم پزشکی شهید بهشتی,1402-booklet,168,1402-booklet,168,کدرشته‌محل منبع: 36308
1402,پزشکی,دانشگاه علوم پزشکی شهید بهشتی,,,در جدول ذکر نشده,,تعهد خدمت,1,زن و مرد,نیمسال دوم,پذیرش از تمام متقاضیان سراسر کشور، با اولویت متقاضیان بومی استان تهران؛ دانشگاه علوم پزشکی شهید بهشتی- تهران - دارای تعهد خدمت یک و نیم برابر طول دوره تحصیل در پزشکی قانونی شهرستان فیروزکوه,1402-booklet,168,1402-booklet,168,کدرشته‌محل منبع: 36309
1402,پزشکی,دانشگاه علوم پزشکی شهید بهشتی,,تهران,روزانه,روزانه,عادی,116,زن و مرد,نیمسال اول,,1402-booklet,60,1402-booklet,60,کدرشته‌محل منبع: 31983
1402,پزشکی,دانشگاه علوم پزشکی شهید بهشتی,,تهران,روزانه,روزانه,عادی,116,زن و مرد,نیمسال دوم,,1402-booklet,60,1402-booklet,60,کدرشته‌محل منبع: 31984
1402,پزشکی,دانشگاه علوم پزشکی شهید بهشتی,,تهران,شهریه‌پرداز,شهریه پرداز,عادی,15,زن و مرد,نیمسال اول,,1402-booklet,61,1402-booklet,61,کدرشته‌محل منبع: 32008
1402,پزشکی,دانشگاه علوم پزشکی شهید بهشتی,,تهران,شهریه‌پرداز,شهریه پرداز,عادی,15,زن و مرد,نیمسال دوم,,1402-booklet,61,1402-booklet,61,کدرشته‌محل منبع: 32009
1402,پزشکی,دانشگاه علوم پزشکی شیراز,,,در جدول ذکر نشده,,بورسیه / شرایط خاص,20,زن 4 نفر و مرد 16 نفر,نیمسال دوم,پذیرش از تمام متقاضیان سراسر کشور، با اولویت متقاضیان بومی استان فارس؛ دانشگاه علوم پزشکی شیراز - دارای تعهد خدمت یک و نیم برابر طول دوره تحصیل در فرماندهی انتظامی جمهوری اسلامی ایران - محدودیت در ارائه خوابگاه,1402-booklet,172,1402-booklet,172,کدرشته‌محل منبع: 36376
1402,پزشکی,دانشگاه علوم پزشکی شیراز,,,در جدول ذکر نشده,,تعهد خدمت,65,زن و مرد,نیمسال اول,پذیرش از تمام متقاضیان سراسر کشور، با اولویت متقاضیان بومی استان فارس؛ دانشگاه علوم پزشکی شیراز - دارای تعهد خدمت یک و نیم برابر طول دوره تحصیل در مناطق مورد نیاز دانشگاه علوم پزشکی شیراز - محدودیت در ارائه خوابگاه,1402-booklet,172,1402-booklet,172,کدرشته‌محل منبع: 36374
1402,پزشکی,دانشگاه علوم پزشکی شیراز,,,در جدول ذکر نشده,,تعهد خدمت,5,زن و مرد,نیمسال دوم,پذیرش از تمام متقاضیان سراسر کشور، با اولویت متقاضیان بومی استان فارس؛ دانشگاه علوم پزشکی شیراز - دارای تعهد خدمت یک و نیم برابر طول دوره تحصیل در پزشکی قانونی شهرستانهای استان فارس - محدودیت در ارائه خوابگاه,1402-booklet,172,1402-booklet,172,کدرشته‌محل منبع: 36375
1402,پزشکی,دانشگاه علوم پزشکی شیراز,,,در جدول ذکر نشده,,تعهد خدمت,40,زن و مرد,نیمسال دوم,پذیرش از تمام متقاضیان سراسر کشور، با اولویت متقاضیان بومی استان فارس؛ دانشگاه علوم پزشکی شیراز - دارای تعهد خدمت یک و نیم برابر طول دوره تحصیل در مناطق مورد نیاز دانشگاه علوم پزشکی شیراز - فاقد خوابگاه,1402-booklet,172,1402-booklet,172,کدرشته‌محل منبع: 36377
1402,پزشکی,دانشگاه علوم پزشکی شیراز,,فارس,روزانه,روزانه,عادی,84,زن و مرد,نیمسال اول,محدودیت در ارائه خوابگاه,1402-booklet,78,1402-booklet,78,کدرشته‌محل منبع: 32573
1402,پزشکی,دانشگاه علوم پزشکی شیراز,,فارس,روزانه,روزانه,عادی,84,زن و مرد,نیمسال دوم,محدودیت در ارائه خوابگاه,1402-booklet,78,1402-booklet,78,کدرشته‌محل منبع: 32574
1402,پزشکی,دانشگاه علوم پزشکی شیراز,,فارس,شهریه‌پرداز,شهریه پرداز,عادی,15,زن و مرد,نیمسال اول,فاقد خوابگاه,1402-booklet,79,1402-booklet,79,کدرشته‌محل منبع: 32596
1402,پزشکی,دانشگاه علوم پزشکی شیراز,,فارس,شهریه‌پرداز,شهریه پرداز,عادی,15,زن و مرد,نیمسال دوم,فاقد خوابگاه,1402-booklet,79,1402-booklet,79,کدرشته‌محل منبع: 32597
1402,پزشکی,دانشگاه علوم پزشکی شیراز,محل تحصیل دانشکده علوم پزشکی لارستان,فارس,روزانه,روزانه,عادی,22,زن و مرد,نیمسال دوم,,1402-booklet,79,1402-booklet,79,کدرشته‌محل منبع: 32625
1402,پزشکی,دانشگاه علوم پزشکی شیراز,محل تحصیل دانشکده علوم پزشکی گراش,فارس,روزانه,روزانه,عادی,22,زن و مرد,نیمسال دوم,,1402-booklet,79,1402-booklet,79,کدرشته‌محل منبع: 32626
1402,پزشکی,دانشگاه علوم پزشکی فسا,,,در جدول ذکر نشده,,تعهد خدمت,52,زن و مرد,نیمسال اول,پذیرش از تمام متقاضیان سراسر کشور، با اولویت متقاضیان بومی استان فارس؛ دانشگاه علوم پزشکی فسا- دارای تعهد خدمت یک و نیم برابر طول دوره تحصیل در مناطق مورد نیاز دانشگاه علوم پزشکی فسا,1402-booklet,172,1402-booklet,172,کدرشته‌محل منبع: 36378
1402,پزشکی,دانشگاه علوم پزشکی فسا,,فارس,روزانه,روزانه,عادی,33,زن و مرد,نیمسال اول,,1402-booklet,80,1402-booklet,80,کدرشته‌محل منبع: 32629
1402,پزشکی,دانشگاه علوم پزشکی فسا,,فارس,شهریه‌پرداز,شهریه پرداز,عادی,20,زن و مرد,نیمسال اول,,1402-booklet,80,1402-booklet,80,کدرشته‌محل منبع: 32636
1402,پزشکی,دانشگاه علوم پزشکی قزوین,,,در جدول ذکر نشده,,تعهد خدمت,32,زن و مرد,نیمسال اول,مخصوص داوطلبان بومی استان قزوین؛ دانشگاه علوم پزشکی قزوین- دارای تعهد خدمت یک و نیم برابر طول دوره تحصیل در مناطق مورد نیاز دانشگاه علوم پزشکی قزوین,1402-booklet,179,1402-booklet,179,کدرشته‌محل منبع: 36037
1402,پزشکی,دانشگاه علوم پزشکی قزوین,,,در جدول ذکر نشده,,تعهد خدمت,2,زن و مرد,نیمسال دوم,پذیرش از تمام متقاضیان سراسر کشور، با اولویت متقاضیان بومی استان قزوین؛ دانشگاه علوم پزشکی قزوین - دارای تعهد خدمت یک و نیم برابر طول دوره تحصیل در پزشکی قانونی شهرستانهای استان قزوین,1402-booklet,172,1402-booklet,172,کدرشته‌محل منبع: 36381
1402,پزشکی,دانشگاه علوم پزشکی قزوین,,,در جدول ذکر نشده,,تعهد خدمت,58,زن و مرد,نیمسال دوم,پذیرش از تمام متقاضیان سراسر کشور، با اولویت متقاضیان بومی استان قزوین؛ دانشگاه علوم پزشکی قزوین- دارای تعهد خدمت یک و نیم برابر طول دوره تحصیل در مناطق مورد نیاز دانشگاه علوم پزشکی قزوین,1402-booklet,172,1402-booklet,172,کدرشته‌محل منبع: 36382
1402,پزشکی,دانشگاه علوم پزشکی قزوین,,قزوین,روزانه,روزانه,عادی,30,زن و مرد,نیمسال اول,,1402-booklet,80,1402-booklet,80,کدرشته‌محل منبع: 32654
1402,پزشکی,دانشگاه علوم پزشکی قزوین,,قزوین,روزانه,روزانه,عادی,30,زن و مرد,نیمسال دوم,,1402-booklet,80,1402-booklet,80,کدرشته‌محل منبع: 32655
1402,پزشکی,دانشگاه علوم پزشکی قزوین,,قزوین,شهریه‌پرداز,شهریه پرداز,عادی,20,زن و مرد,نیمسال اول,,1402-booklet,81,1402-booklet,81,کدرشته‌محل منبع: 32667
1402,پزشکی,دانشگاه علوم پزشکی قم,,,در جدول ذکر نشده,,تعهد خدمت,25,زن و مرد,نیمسال اول,پذیرش از تمام متقاضیان سراسر کشور، با اولویت متقاضیان بومی استان قم؛ دانشگاه علوم پزشکی قم- دارای تعهد خدمت یک و نیم برابر طول دوره تحصیل در مناطق مورد نیاز دانشگاه علوم پزشکی قم,1402-booklet,172,1402-booklet,172,کدرشته‌محل منبع: 36386
1402,پزشکی,دانشگاه علوم پزشکی قم,,,در جدول ذکر نشده,,تعهد خدمت,25,زن و مرد,نیمسال دوم,پذیرش از تمام متقاضیان سراسر کشور، با اولویت متقاضیان بومی استان قم؛ دانشگاه علوم پزشکی قم- دارای تعهد خدمت یک و نیم برابر طول دوره تحصیل در مناطق مورد نیاز دانشگاه علوم پزشکی قم,1402-booklet,172,1402-booklet,172,کدرشته‌محل منبع: 36384
1402,پزشکی,دانشگاه علوم پزشکی قم,,,در جدول ذکر نشده,,تعهد خدمت,1,زن و مرد,نیمسال دوم,پذیرش از تمام متقاضیان سراسر کشور، با اولویت متقاضیان بومی استان قم؛ دانشگاه علوم پزشکی قم- دارای تعهد خدمت یک و نیم برابر طول دوره تحصیل در پزشکی قانونی شهرستان کهک,1402-booklet,172,1402-booklet,172,کدرشته‌محل منبع: 36385
1402,پزشکی,دانشگاه علوم پزشکی قم,,قم,روزانه,روزانه,عادی,42,زن و مرد,نیمسال اول,عدم تعهد در واگذاری خوابگاه,1402-booklet,81,1402-booklet,81,کدرشته‌محل منبع: 32679
1402,پزشکی,دانشگاه علوم پزشکی قم,,قم,روزانه,روزانه,عادی,41,زن و مرد,نیمسال دوم,عدم تعهد در واگذاری خوابگاه,1402-booklet,81,1402-booklet,81,کدرشته‌محل منبع: 32680
1402,پزشکی,دانشگاه علوم پزشکی قم,,قم,شهریه‌پرداز,شهریه پرداز,عادی,5,زن و مرد,نیمسال اول,عدم تعهد در واگذاری خوابگاه,1402-booklet,81,1402-booklet,81,کدرشته‌محل منبع: 32691
1402,پزشکی,دانشگاه علوم پزشکی قم,,قم,شهریه‌پرداز,شهریه پرداز,عادی,5,زن و مرد,نیمسال دوم,عدم تعهد در واگذاری خوابگاه,1402-booklet,81,1402-booklet,81,کدرشته‌محل منبع: 32692
1402,پزشکی,دانشگاه علوم پزشکی لرستان,,,در جدول ذکر نشده,,تعهد خدمت,25,زن و مرد,نیمسال اول,پذیرش از تمام متقاضیان سراسر کشور، با اولویت متقاضیان بومی استان لرستان؛ دانشگاه علوم پزشکی لرستان - خرم آباد - دارای تعهد خدمت یک و نیم برابر طول دوره تحصیل در مناطق مورد نیاز دانشگاه علوم پزشکی لرستان - محدودیت در ارائه خوابگاه,1402-booklet,175,1402-booklet,175,کدرشته‌محل منبع: 36429
1402,پزشکی,دانشگاه علوم پزشکی لرستان,,,در جدول ذکر نشده,,تعهد خدمت,23,زن و مرد,نیمسال دوم,پذیرش از تمام متقاضیان سراسر کشور، با اولویت متقاضیان بومی استان لرستان؛ دانشگاه علوم پزشکی لرستان - خرم آباد - دارای تعهد خدمت یک و نیم برابر طول دوره تحصیل در مناطق مورد نیاز دانشگاه علوم پزشکی لرستان - محدودیت در ارائه خوابگاه,1402-booklet,175,1402-booklet,175,کدرشته‌محل منبع: 36430
1402,پزشکی,دانشگاه علوم پزشکی لرستان,,,در جدول ذکر نشده,,تعهد خدمت,2,زن و مرد,نیمسال دوم,پذیرش از تمام متقاضیان سراسر کشور، با اولویت متقاضیان بومی استان لرستان؛ دانشگاه علوم پزشکی لرستان - خرم آباد - دارای تعهد خدمت یک و نیم برابر طول دوره تحصیل در پزشکی قانونی شهرستانهای استان لرستان - محدودیت در ارائه خوابگاه,1402-booklet,175,1402-booklet,175,کدرشته‌محل منبع: 36431
1402,پزشکی,دانشگاه علوم پزشکی لرستان,,لرستان,روزانه,روزانه,عادی,51,زن و مرد,نیمسال اول,محدودیت در ارائه خوابگاه,1402-booklet,89,1402-booklet,89,کدرشته‌محل منبع: 32916
1402,پزشکی,دانشگاه علوم پزشکی لرستان,,لرستان,روزانه,روزانه,عادی,51,زن و مرد,نیمسال دوم,محدودیت در ارائه خوابگاه,1402-booklet,89,1402-booklet,89,کدرشته‌محل منبع: 32917
1402,پزشکی,دانشگاه علوم پزشکی لرستان,,لرستان,شهریه‌پرداز,شهریه پرداز,عادی,10,زن و مرد,نیمسال اول,فاقد خوابگاه,1402-booklet,89,1402-booklet,89,کدرشته‌محل منبع: 32934
1402,پزشکی,دانشگاه علوم پزشکی لرستان,,لرستان,شهریه‌پرداز,شهریه پرداز,عادی,10,زن و مرد,نیمسال دوم,فاقد خوابگاه,1402-booklet,89,1402-booklet,89,کدرشته‌محل منبع: 32935
1402,پزشکی,دانشگاه علوم پزشکی مازندران,,,در جدول ذکر نشده,,بورسیه / شرایط خاص,10,زن 2 نفر و مرد 8 نفر,نیمسال دوم,پذیرش از تمام متقاضیان سراسر کشور، با اولویت متقاضیان بومی استان مازندران؛ دانشگاه علوم پزشکی مازندران - ساری - دارای تعهد خدمت یک و نیم برابر طول دوره تحصیل در فرماندهی انتظامی جمهوری اسلامی ایران,1402-booklet,175,1402-booklet,175,کدرشته‌محل منبع: 36437
1402,پزشکی,دانشگاه علوم پزشکی مازندران,,,در جدول ذکر نشده,,تعهد خدمت,38,زن و مرد,نیمسال اول,پذیرش از تمام متقاضیان سراسر کشور، با اولویت متقاضیان بومی استان مازندران؛ دانشگاه علوم پزشکی مازندران - ساری - دارای تعهد خدمت یک و نیم برابر طول دوره تحصیل در مناطق مورد نیاز دانشگاه علوم پزشکی مازندران,1402-booklet,175,1402-booklet,175,کدرشته‌محل منبع: 36436
1402,پزشکی,دانشگاه علوم پزشکی مازندران,,,در جدول ذکر نشده,,تعهد خدمت,2,زن و مرد,نیمسال دوم,پذیرش از تمام متقاضیان سراسر کشور، با اولویت متقاضیان بومی استان مازندران؛ دانشگاه علوم پزشکی مازندران - ساری - دارای تعهد خدمت یک و نیم برابر طول دوره تحصیل در پزشکی قانونی شهرستانهای استان مازندران,1402-booklet,175,1402-booklet,175,کدرشته‌محل منبع: 36438
1402,پزشکی,دانشگاه علوم پزشکی مازندران,,,در جدول ذکر نشده,,تعهد خدمت,26,زن و مرد,نیمسال دوم,پذیرش از تمام متقاضیان سراسر کشور، با اولویت متقاضیان بومی استان مازندران؛ دانشگاه علوم پزشکی مازندران - ساری - دارای تعهد خدمت یک و نیم برابر طول دوره تحصیل در مناطق مورد نیاز دانشگاه علوم پزشکی مازندران,1402-booklet,175,1402-booklet,175,کدرشته‌محل منبع: 36439
1402,پزشکی,دانشگاه علوم پزشکی مازندران,,مازندران,روزانه,روزانه,عادی,47,زن و مرد,نیمسال اول,,1402-booklet,91,1402-booklet,91,کدرشته‌محل منبع: 32984
1402,پزشکی,دانشگاه علوم پزشکی مازندران,,مازندران,روزانه,روزانه,عادی,47,زن و مرد,نیمسال دوم,,1402-booklet,91,1402-booklet,91,کدرشته‌محل منبع: 32985
1402,پزشکی,دانشگاه علوم پزشکی مازندران,محل تحصیل پردیس خودگردان دانشگاه واقع در شهر رامسر,مازندران,شهریه‌پرداز,شهریه پرداز,عادی,30,زن و مرد,نیمسال اول,فاقد خوابگاه,1402-booklet,92,1402-booklet,92,کدرشته‌محل منبع: 33019
1402,پزشکی,دانشگاه علوم پزشکی مازندران,محل تحصیل پردیس پزشکی مستقر در شهر آمل,مازندران,شهریه‌پرداز,شهریه پرداز,عادی,30,زن و مرد,نیمسال دوم,فاقد خوابگاه,1402-booklet,92,1402-booklet,92,کدرشته‌محل منبع: 33022
1402,پزشکی,دانشگاه علوم پزشکی مشهد,,,در جدول ذکر نشده,,بورسیه / شرایط خاص,20,زن 4 نفر و مرد 16 نفر,نیمسال دوم,پذیرش از تمام متقاضیان سراسر کشور، با اولویت متقاضیان بومی استان خراسان رضوی؛ دانشگاه علوم پزشکی مشهد- دارای تعهد خدمت یک و نیم برابر طول دوره تحصیل در فرماندهی انتظامی جمهوری اسلامی ایران,1402-booklet,169,1402-booklet,169,کدرشته‌محل منبع: 36332
1402,پزشکی,دانشگاه علوم پزشکی مشهد,,,در جدول ذکر نشده,,تعهد خدمت,30,زن و مرد,نیمسال اول,مخصوص داوطلبان بومی استان خراسان رضوی؛ دانشگاه علوم پزشکی مشهد- دارای تعهد خدمت یک و نیم برابر طول دوره تحصیل در مناطق مورد نیاز دانشگاه علوم پزشکی مشهد,1402-booklet,178,1402-booklet,178,کدرشته‌محل منبع: 36017
1402,پزشکی,دانشگاه علوم پزشکی مشهد,,,در جدول ذکر نشده,,تعهد خدمت,60,زن و مرد,نیمسال اول,پذیرش از تمام متقاضیان سراسر کشور، با اولویت متقاضیان بومی استان خراسان رضوی؛ دانشگاه علوم پزشکی مشهد- دارای تعهد خدمت یک و نیم برابر طول دوره تحصیل در مناطق مورد نیاز دانشگاه علوم پزشکی مشهد,1402-booklet,169,1402-booklet,169,کدرشته‌محل منبع: 36335
1402,پزشکی,دانشگاه علوم پزشکی مشهد,,,در جدول ذکر نشده,,تعهد خدمت,10,زن 2 نفر و مرد 8 نفر,نیمسال دوم,پذیرش از تمام متقاضیان سراسر کشور، با اولویت متقاضیان بومی استان خراسان رضوی؛ دانشگاه علوم پزشکی مشهد- دارای تعهد خدمت یک و نیم برابر طول دوره تحصیل در ارتش جمهوری اسلامی مطابق قوانین و مقررات ارتش جمهوری اسلامی ایران,1402-booklet,169,1402-booklet,169,کدرشته‌محل منبع: 36333
1402,پزشکی,دانشگاه علوم پزشکی مشهد,,,در جدول ذکر نشده,,تعهد خدمت,7,زن و مرد,نیمسال دوم,پذیرش از تمام متقاضیان سراسر کشور، با اولویت متقاضیان بومی استان خراسان رضوی؛ دانشگاه علوم پزشکی مشهد- دارای تعهد خدمت یک و نیم برابر طول دوره تحصیل در پزشکی قانونی شهرستانهای استان خراسان رضوی,1402-booklet,169,1402-booklet,169,کدرشته‌محل منبع: 36331
1402,پزشکی,دانشگاه علوم پزشکی مشهد,,,در جدول ذکر نشده,,تعهد خدمت,23,زن و مرد,نیمسال دوم,پذیرش از تمام متقاضیان سراسر کشور، با اولویت متقاضیان بومی استان خراسان رضوی؛ دانشگاه علوم پزشکی مشهد- دارای تعهد خدمت یک و نیم برابر طول دوره تحصیل در مناطق مورد نیاز دانشگاه علوم پزشکی مشهد,1402-booklet,169,1402-booklet,169,کدرشته‌محل منبع: 36334
1402,پزشکی,دانشگاه علوم پزشکی مشهد,,خراسان رضوی,روزانه,روزانه,عادی,93,زن و مرد,نیمسال اول,,1402-booklet,66,1402-booklet,66,کدرشته‌محل منبع: 32195
1402,پزشکی,دانشگاه علوم پزشکی مشهد,,خراسان رضوی,روزانه,روزانه,عادی,92,زن و مرد,نیمسال دوم,,1402-booklet,66,1402-booklet,66,کدرشته‌محل منبع: 32196
1402,پزشکی,دانشگاه علوم پزشکی مشهد,,خراسان رضوی,شهریه‌پرداز,شهریه پرداز,عادی,20,زن و مرد,نیمسال دوم,محل تحصیل پردیس خودگردان دانشگاه - معرفی به خوابگاههای خودگردان,1402-booklet,66,1402-booklet,66,کدرشته‌محل منبع: 32239
1402,پزشکی,دانشگاه علوم پزشکی نیشابور,,خراسان رضوی,روزانه,روزانه,عادی,31,زن و مرد,نیمسال اول,دارای خوابگاه ملکی برای دختران و خوابگاه مشارکتی برای پسران,1402-booklet,67,1402-booklet,67,کدرشته‌محل منبع: 32245
1402,پزشکی,دانشگاه علوم پزشکی همدان,,,در جدول ذکر نشده,,تعهد خدمت,10,زن و مرد,نیمسال اول,مخصوص داوطلبان بومی استان همدان؛ دانشگاه علوم پزشکی همدان - دارای تعهد خدمت یک و نیم برابر طول دوره تحصیل در مناطق مورد نیاز دانشگاه علوم پزشکی همدان,1402-booklet,180,1402-booklet,180,کدرشته‌محل منبع: 36053
1402,پزشکی,دانشگاه علوم پزشکی همدان,,,در جدول ذکر نشده,,تعهد خدمت,32,زن و مرد,نیمسال اول,پذیرش از تمام متقاضیان سراسر کشور، با اولویت متقاضیان بومی استان همدان؛ دانشگاه علوم پزشکی همدان - دارای تعهد خدمت یک و نیم برابر طول دوره تحصیل در مناطق مورد نیاز دانشگاه علوم پزشکی همدان,1402-booklet,176,1402-booklet,176,کدرشته‌محل منبع: 36456
1402,پزشکی,دانشگاه علوم پزشکی همدان,,,در جدول ذکر نشده,,تعهد خدمت,3,زن و مرد,نیمسال دوم,پذیرش از تمام متقاضیان سراسر کشور، با اولویت متقاضیان بومی استان همدان؛ دانشگاه علوم پزشکی همدان - دارای تعهد خدمت یک و نیم برابر طول دوره تحصیل در پزشکی قانونی شهرستانهای استان همدان - فاقد خوابگاه,1402-booklet,176,1402-booklet,176,کدرشته‌محل منبع: 36454
1402,پزشکی,دانشگاه علوم پزشکی همدان,,,در جدول ذکر نشده,,تعهد خدمت,29,زن و مرد,نیمسال دوم,پذیرش از تمام متقاضیان سراسر کشور، با اولویت متقاضیان بومی استان همدان؛ دانشگاه علوم پزشکی همدان - دارای تعهد خدمت یک و نیم برابر طول دوره تحصیل در مناطق مورد نیاز دانشگاه علوم پزشکی همدان - فاقد خوابگاه,1402-booklet,176,1402-booklet,176,کدرشته‌محل منبع: 36455
1402,پزشکی,دانشگاه علوم پزشکی همدان,,همدان,روزانه,روزانه,عادی,72,زن و مرد,نیمسال اول,فاقد خوابگاه,1402-booklet,95,1402-booklet,95,کدرشته‌محل منبع: 33123
1402,پزشکی,دانشگاه علوم پزشکی همدان,,همدان,روزانه,روزانه,عادی,73,زن و مرد,نیمسال دوم,فاقد خوابگاه,1402-booklet,95,1402-booklet,95,کدرشته‌محل منبع: 33124
1402,پزشکی,دانشگاه علوم پزشکی همدان,,همدان,شهریه‌پرداز,شهریه پرداز,عادی,10,زن و مرد,نیمسال اول,محل تحصیل پردیس خودگردان دانشگاه - فاقد خوابگاه,1402-booklet,95,1402-booklet,95,کدرشته‌محل منبع: 33150
1402,پزشکی,دانشگاه علوم پزشکی همدان,,همدان,شهریه‌پرداز,شهریه پرداز,عادی,10,زن و مرد,نیمسال دوم,محل تحصیل پردیس خودگردان دانشگاه - فاقد خوابگاه,1402-booklet,95,1402-booklet,95,کدرشته‌محل منبع: 33151
1402,پزشکی,دانشگاه علوم پزشکی کاشان,,,در جدول ذکر نشده,,تعهد خدمت,30,زن و مرد,نیمسال اول,پذیرش از تمام متقاضیان سراسر کشور، با اولویت متقاضیان بومی استان اصفهان؛ دانشگاه علوم پزشکی کاشان - دارای تعهد خدمت یک و نیم برابر طول دوره تحصیل در مناطق مورد نیاز دانشگاه علوم پزشکی کاشان,1402-booklet,167,1402-booklet,167,کدرشته‌محل منبع: 36282
1402,پزشکی,دانشگاه علوم پزشکی کاشان,,,در جدول ذکر نشده,,تعهد خدمت,4,زن و مرد,نیمسال دوم,مخصوص داوطلبان بومی استان اصفهان؛ دانشگاه علوم پزشکی کاشان - دارای تعهد خدمت یک و نیم برابر طول دوره تحصیل در مناطق مورد نیاز دانشگاه علوم پزشکی کاشان,1402-booklet,178,1402-booklet,178,کدرشته‌محل منبع: 36006
1402,پزشکی,دانشگاه علوم پزشکی کاشان,,,در جدول ذکر نشده,,تعهد خدمت,30,زن و مرد,نیمسال دوم,پذیرش از تمام متقاضیان سراسر کشور، با اولویت متقاضیان بومی استان اصفهان؛ دانشگاه علوم پزشکی کاشان - دارای تعهد خدمت یک و نیم برابر طول دوره تحصیل در مناطق مورد نیاز دانشگاه علوم پزشکی کاشان - محدودیت در ارائه خوابگاه,1402-booklet,166,1402-booklet,166,کدرشته‌محل منبع: 36281
1402,پزشکی,دانشگاه علوم پزشکی کاشان,,اصفهان,روزانه,روزانه,عادی,39,زن و مرد,نیمسال اول,محدودیت در ارائه خوابگاه,1402-booklet,52,1402-booklet,52,کدرشته‌محل منبع: 31779
1402,پزشکی,دانشگاه علوم پزشکی کاشان,,اصفهان,روزانه,روزانه,عادی,39,زن و مرد,نیمسال دوم,محدودیت در ارائه خوابگاه,1402-booklet,52,1402-booklet,52,کدرشته‌محل منبع: 31780
1402,پزشکی,دانشگاه علوم پزشکی کاشان,,اصفهان,شهریه‌پرداز,شهریه پرداز,عادی,30,زن و مرد,نیمسال دوم,محل تشکیل کلاس های این دانشجویان واقع در شهرستان آران و بیدگل خواهد بود . درخواست نقل و انتقال پذیرفته شدگان این رشته تحت شرایطی قابل پذیرش نخواهد بود.هیچ - عدم تعهد در واگذاری خوابگاه,1402-booklet,53,1402-booklet,53,کدرشته‌محل منبع: 31795
1402,پزشکی,دانشگاه علوم پزشکی کردستان,,,در جدول ذکر نشده,,بورسیه / شرایط خاص,10,زن 2 نفر و مرد 8 نفر,نیمسال دوم,پذیرش از تمام متقاضیان سراسر کشور، با اولویت متقاضیان بومی استان کردستان؛ دانشگاه علوم پزشکی کردستان - سنندج - دارای تعهد خدمت یک و نیم برابر طول دوره تحصیل در فرماندهی انتظامی جمهوری اسلامی ایران - فاقد خوابگاه,1402-booklet,172,1402-booklet,172,کدرشته‌محل منبع: 36390
1402,پزشکی,دانشگاه علوم پزشکی کردستان,,,در جدول ذکر نشده,,تعهد خدمت,20,زن و مرد,نیمسال اول,مخصوص داوطلبان بومی استان کردستان؛ دانشگاه علوم پزشکی کردستان - سنندج - دارای تعهد خدمت یک و نیم برابر طول دوره تحصیل در مناطق مورد نیاز دانشگاه علوم پزشکی کردستان,1402-booklet,180,1402-booklet,180,کدرشته‌محل منبع: 36038
1402,پزشکی,دانشگاه علوم پزشکی کردستان,,,در جدول ذکر نشده,,تعهد خدمت,25,زن و مرد,نیمسال اول,پذیرش از تمام متقاضیان سراسر کشور، با اولویت متقاضیان بومی استان کردستان؛ دانشگاه علوم پزشکی کردستان - سنندج - دارای تعهد خدمت یک و نیم برابر طول دوره تحصیل در مناطق مورد نیاز دانشگاه علوم پزشکی کردستان - فاقد خوابگاه,1402-booklet,172,1402-booklet,172,کدرشته‌محل منبع: 36391
1402,پزشکی,دانشگاه علوم پزشکی کردستان,,,در جدول ذکر نشده,,تعهد خدمت,13,زن و مرد,نیمسال دوم,پذیرش از تمام متقاضیان سراسر کشور، با اولویت متقاضیان بومی استان کردستان؛ دانشگاه علوم پزشکی کردستان - سنندج - دارای تعهد خدمت یک و نیم برابر طول دوره تحصیل در مناطق مورد نیاز دانشگاه علوم پزشکی کردستان - فاقد خوابگاه,1402-booklet,172,1402-booklet,172,کدرشته‌محل منبع: 36388
1402,پزشکی,دانشگاه علوم پزشکی کردستان,,,در جدول ذکر نشده,,تعهد خدمت,3,زن و مرد,نیمسال دوم,پذیرش از تمام متقاضیان سراسر کشور، با اولویت متقاضیان بومی استان کردستان؛ دانشگاه علوم پزشکی کردستان - سنندج - دارای تعهد خدمت یک و نیم برابر طول دوره تحصیل در پزشکی قانونی شهرستانهای استان کردستان - فاقد خوابگاه,1402-booklet,172,1402-booklet,172,کدرشته‌محل منبع: 36389
1402,پزشکی,دانشگاه علوم پزشکی کردستان,,کردستان,روزانه,روزانه,عادی,52,زن و مرد,نیمسال اول,فاقد خوابگاه,1402-booklet,82,1402-booklet,82,کدرشته‌محل منبع: 32703
1402,پزشکی,دانشگاه علوم پزشکی کردستان,,کردستان,روزانه,روزانه,عادی,51,زن و مرد,نیمسال دوم,فاقد خوابگاه,1402-booklet,82,1402-booklet,82,کدرشته‌محل منبع: 32704
1402,پزشکی,دانشگاه علوم پزشکی کردستان,,کردستان,شهریه‌پرداز,شهریه پرداز,عادی,10,زن و مرد,نیمسال اول,فاقد خوابگاه,1402-booklet,82,1402-booklet,82,کدرشته‌محل منبع: 32717
1402,پزشکی,دانشگاه علوم پزشکی کردستان,,کردستان,شهریه‌پرداز,شهریه پرداز,عادی,10,زن و مرد,نیمسال دوم,فاقد خوابگاه,1402-booklet,82,1402-booklet,82,کدرشته‌محل منبع: 32718
1402,پزشکی,دانشگاه علوم پزشکی کرمان,,,در جدول ذکر نشده,,بورسیه / شرایط خاص,20,زن 4 نفر و مرد 16 نفر,نیمسال دوم,پذیرش از تمام متقاضیان سراسر کشور، با اولویت متقاضیان بومی استان کرمان؛ دانشگاه علوم پزشکی کرمان - دارای تعهد خدمت یک و نیم برابر طول دوره تحصیل در فرماندهی انتظامی جمهوری اسلامی ایران - عدم تعهد در واگذاری خوابگاه,1402-booklet,173,1402-booklet,173,کدرشته‌محل منبع: 36403
1402,پزشکی,دانشگاه علوم پزشکی کرمان,,,در جدول ذکر نشده,,تعهد خدمت,67,زن و مرد,نیمسال اول,پذیرش از تمام متقاضیان سراسر کشور، با اولویت متقاضیان بومی استان کرمان؛ دانشگاه علوم پزشکی کرمان - دارای تعهد خدمت یک و نیم برابر طول دوره تحصیل در مناطق مورد نیاز دانشگاه علوم پزشکی کرمان - عدم تعهد در واگذاری خوابگاه,1402-booklet,173,1402-booklet,173,کدرشته‌محل منبع: 36400
1402,پزشکی,دانشگاه علوم پزشکی کرمان,,,در جدول ذکر نشده,,تعهد خدمت,3,زن و مرد,نیمسال اول,پذیرش از تمام متقاضیان سراسر کشور، با اولویت متقاضیان بومی استان کرمان؛ دانشگاه علوم پزشکی کرمان - دارای تعهد خدمت یک و نیم برابر طول دوره تحصیل در پزشکی قانونی شهرستانهای استان کرمان - عدم تعهد در واگذاری خوابگاه,1402-booklet,173,1402-booklet,173,کدرشته‌محل منبع: 36401
1402,پزشکی,دانشگاه علوم پزشکی کرمان,,,در جدول ذکر نشده,,تعهد خدمت,10,زن 2 نفر و مرد 8 نفر,نیمسال دوم,پذیرش از تمام متقاضیان سراسر کشور، با اولویت متقاضیان بومی استان کرمان؛ دانشگاه علوم پزشکی کرمان - دارای تعهد خدمت یک و نیم برابر طول دوره تحصیل در ارتش جمهوری اسلامی ایران، مطابق قوانین و مقررات ارتش جمهوری اسلامی- عدم تعهد در واگذاری خوابگاه,1402-booklet,173,1402-booklet,173,کدرشته‌محل منبع: 36404
1402,پزشکی,دانشگاه علوم پزشکی کرمان,,,در جدول ذکر نشده,,تعهد خدمت,40,زن و مرد,نیمسال دوم,پذیرش از تمام متقاضیان سراسر کشور، با اولویت متقاضیان بومی استان کرمان؛ دانشگاه علوم پزشکی کرمان - دارای تعهد خدمت یک و نیم برابر طول دوره تحصیل در مناطق مورد نیاز دانشگاه علوم پزشکی کرمان,1402-booklet,173,1402-booklet,173,کدرشته‌محل منبع: 36402
1402,پزشکی,دانشگاه علوم پزشکی کرمان,,کرمان,روزانه,روزانه,عادی,46,زن و مرد,نیمسال اول,عدم تعهد در واگذاری خوابگاه,1402-booklet,84,1402-booklet,84,کدرشته‌محل منبع: 32769
1402,پزشکی,دانشگاه علوم پزشکی کرمان,,کرمان,روزانه,روزانه,عادی,45,زن و مرد,نیمسال دوم,عدم تعهد در واگذاری خوابگاه,1402-booklet,84,1402-booklet,84,کدرشته‌محل منبع: 32770
1402,پزشکی,دانشگاه علوم پزشکی کرمان,,کرمان,شهریه‌پرداز,شهریه پرداز,عادی,15,زن و مرد,نیمسال اول,فاقد خوابگاه,1402-booklet,85,1402-booklet,85,کدرشته‌محل منبع: 32785
1402,پزشکی,دانشگاه علوم پزشکی کرمان,,کرمان,شهریه‌پرداز,شهریه پرداز,عادی,15,زن و مرد,نیمسال دوم,فاقد خوابگاه,1402-booklet,85,1402-booklet,85,کدرشته‌محل منبع: 32786
1402,پزشکی,دانشگاه علوم پزشکی کرمان,محل تحصیل دانشکده علوم پزشکی سیرجان,کرمان,روزانه,روزانه,عادی,23,زن و مرد,نیمسال اول,فاقد خوابگاه,1402-booklet,85,1402-booklet,85,کدرشته‌محل منبع: 32793
1402,پزشکی,دانشگاه علوم پزشکی کرمانشاه,,,در جدول ذکر نشده,,بورسیه / شرایط خاص,12,زن 2 نفر و مرد 10 نفر,نیمسال دوم,پذیرش از تمام متقاضیان سراسر کشور، با اولویت متقاضیان بومی استان کرمانشاه؛ دانشگاه علوم پزشکی کرمانشاه - دارای تعهد خدمت یک و نیم برابر طول دوره تحصیل در فرماندهی انتظامی جمهوری اسلامی ایران - عدم تعهد در واگذاری خوابگاه,1402-booklet,174,1402-booklet,174,کدرشته‌محل منبع: 36412
1402,پزشکی,دانشگاه علوم پزشکی کرمانشاه,,,در جدول ذکر نشده,,تعهد خدمت,15,زن و مرد,نیمسال اول,مخصوص داوطلبان بومی استان کرمانشاه؛ دانشگاه علوم پزشکی کرمانشاه - دارای تعهد خدمت یک و نیم برابر طول دوره تحصیل در مناطق مورد نیاز دانشگاه علوم پزشکی کرمانشاه,1402-booklet,180,1402-booklet,180,کدرشته‌محل منبع: 36040
1402,پزشکی,دانشگاه علوم پزشکی کرمانشاه,,,در جدول ذکر نشده,,تعهد خدمت,35,زن و مرد,نیمسال اول,پذیرش از تمام متقاضیان سراسر کشور، با اولویت متقاضیان بومی استان کرمانشاه؛ دانشگاه علوم پزشکی کرمانشاه - دارای تعهد خدمت یک و نیم برابر طول دوره تحصیل در مناطق مورد نیاز دانشگاه علوم پزشکی کرمانشاه - عدم تعهد در واگذاری خوابگاه,1402-booklet,173,1402-booklet,173,کدرشته‌محل منبع: 36409
1402,پزشکی,دانشگاه علوم پزشکی کرمانشاه,,,در جدول ذکر نشده,,تعهد خدمت,3,زن و مرد,نیمسال اول,پذیرش از تمام متقاضیان سراسر کشور، با اولویت متقاضیان بومی استان کرمانشاه؛ دانشگاه علوم پزشکی کرمانشاه - دارای تعهد خدمت یک و نیم برابر طول دوره تحصیل در پزشکی قانونی شهرستانهای استان کرمانشاه - عدم تعهد در واگذاری خوابگاه,1402-booklet,173,1402-booklet,173,کدرشته‌محل منبع: 36410
1402,پزشکی,دانشگاه علوم پزشکی کرمانشاه,,,در جدول ذکر نشده,,تعهد خدمت,10,زن 2 نفر و مرد 8 نفر,نیمسال دوم,پذیرش از تمام متقاضیان سراسر کشور، با اولویت متقاضیان بومی استان کرمانشاه؛ دانشگاه علوم پزشکی کرمانشاه - دارای تعهد خدمت یک و نیم برابر طول دوره تحصیل در ارتش جمهوری اسلامی ایران مطابق قوانین و مقررات ارتش جمهوری اسلامی- عدم تعهد در واگذاری خوابگاه,1402-booklet,173,1402-booklet,173,کدرشته‌محل منبع: 36411
1402,پزشکی,دانشگاه علوم پزشکی کرمانشاه,,,در جدول ذکر نشده,,تعهد خدمت,16,زن و مرد,نیمسال دوم,پذیرش از تمام متقاضیان سراسر کشور، با اولویت متقاضیان بومی استان کرمانشاه؛ دانشگاه علوم پزشکی کرمانشاه - دارای تعهد خدمت یک و نیم برابر طول دوره تحصیل در مناطق مورد نیاز دانشگاه علوم پزشکی کرمانشاه,1402-booklet,173,1402-booklet,173,کدرشته‌محل منبع: 36408
1402,پزشکی,دانشگاه علوم پزشکی کرمانشاه,,کرمانشاه,روزانه,روزانه,عادی,75,زن و مرد,نیمسال اول,عدم تعهد در واگذاری خوابگاه,1402-booklet,85,1402-booklet,85,کدرشته‌محل منبع: 32804
1402,پزشکی,دانشگاه علوم پزشکی کرمانشاه,,کرمانشاه,روزانه,روزانه,عادی,75,زن و مرد,نیمسال دوم,عدم تعهد در واگذاری خوابگاه,1402-booklet,85,1402-booklet,85,کدرشته‌محل منبع: 32805
1402,پزشکی,دانشگاه علوم پزشکی کرمانشاه,,کرمانشاه,شهریه‌پرداز,شهریه پرداز,عادی,10,زن و مرد,نیمسال اول,عدم تعهد در واگذاری خوابگاه,1402-booklet,86,1402-booklet,86,کدرشته‌محل منبع: 32824
1402,پزشکی,دانشگاه علوم پزشکی کرمانشاه,,کرمانشاه,شهریه‌پرداز,شهریه پرداز,عادی,10,زن و مرد,نیمسال دوم,عدم تعهد در واگذاری خوابگاه,1402-booklet,86,1402-booklet,86,کدرشته‌محل منبع: 32825
1402,پزشکی,دانشگاه علوم پزشکی گلستان,,,در جدول ذکر نشده,,تعهد خدمت,26,زن و مرد,نیمسال اول,پذیرش از تمام متقاضیان سراسر کشور، با اولویت متقاضیان بومی استان گلستان؛ دانشگاه علوم پزشکی گلستان - گرگان - دارای تعهد خدمت یک و نیم برابر طول دوره تحصیل در مناطق مورد نیاز دانشگاه علوم پزشکی گلستان - فاقد خوابگاه,1402-booklet,174,1402-booklet,174,کدرشته‌محل منبع: 36421
1402,پزشکی,دانشگاه علوم پزشکی گلستان,,,در جدول ذکر نشده,,تعهد خدمت,3,زن و مرد,نیمسال دوم,پذیرش از تمام متقاضیان سراسر کشور، با اولویت متقاضیان بومی استان گلستان؛ دانشگاه علوم پزشکی گلستان - گرگان - دارای تعهد خدمت یک و نیم برابر طول دوره تحصیل در پزشکی قانونی شهرستانهای استان گلستان - فاقد خوابگاه,1402-booklet,174,1402-booklet,174,کدرشته‌محل منبع: 36419
1402,پزشکی,دانشگاه علوم پزشکی گلستان,,,در جدول ذکر نشده,,تعهد خدمت,22,زن و مرد,نیمسال دوم,پذیرش از تمام متقاضیان سراسر کشور، با اولویت متقاضیان بومی استان گلستان؛ دانشگاه علوم پزشکی گلستان - گرگان - دارای تعهد خدمت یک و نیم برابر طول دوره تحصیل در مناطق مورد نیاز دانشگاه علوم پزشکی گلستان-گرگان؛ اصلاحیه: فاقد خوابگاه,1402-correction-5,7,1402-booklet,174,کدرشته‌محل منبع: 36420
1402,پزشکی,دانشگاه علوم پزشکی گلستان,,گلستان,روزانه,روزانه,عادی,66,زن و مرد,نیمسال اول,فاقد خوابگاه,1402-correction-5,7,1402-booklet,87,کدرشته‌محل منبع: 32858
1402,پزشکی,دانشگاه علوم پزشکی گلستان,,گلستان,روزانه,روزانه,عادی,66,زن و مرد,نیمسال دوم,فاقد خوابگاه,1402-correction-5,7,1402-booklet,87,کدرشته‌محل منبع: 32859
1402,پزشکی,دانشگاه علوم پزشکی گناباد,,,در جدول ذکر نشده,,تعهد خدمت,25,زن و مرد,نیمسال اول,پذیرش از تمام متقاضیان سراسر کشور، با اولویت متقاضیان بومی استان خراسان رضوی؛ دانشگاه علوم پزشکی گناباد - دارای تعهد خدمت یک و نیم برابر طول دوره تحصیل در مناطق مورد نیاز دانشگاه علوم پزشکی گناباد - دارای خوابگاه ملکی,1402-booklet,169,1402-booklet,169,کدرشته‌محل منبع: 36328
1402,پزشکی,دانشگاه علوم پزشکی گناباد,,,در جدول ذکر نشده,,تعهد خدمت,1,زن و مرد,نیمسال دوم,پذیرش از تمام متقاضیان سراسر کشور، با اولویت متقاضیان بومی استان خراسان رضوی؛ دانشگاه علوم پزشکی گناباد - دارای تعهد خدمت یک و نیم برابر طول دوره تحصیل در پزشکی قانونی شهرستان گناباد - دارای خوابگاه ملکی,1402-booklet,169,1402-booklet,169,کدرشته‌محل منبع: 36329
1402,پزشکی,دانشگاه علوم پزشکی گناباد,,,در جدول ذکر نشده,,تعهد خدمت,25,زن و مرد,نیمسال دوم,پذیرش از تمام متقاضیان سراسر کشور، با اولویت متقاضیان بومی استان خراسان رضوی؛ دانشگاه علوم پزشکی گناباد - دارای تعهد خدمت یک و نیم برابر طول دوره تحصیل در مناطق مورد نیاز دانشگاه علوم پزشکی گناباد,1402-booklet,169,1402-booklet,169,کدرشته‌محل منبع: 36330
1402,پزشکی,دانشگاه علوم پزشکی گناباد,,خراسان رضوی,روزانه,روزانه,عادی,20,زن و مرد,نیمسال اول,دارای خوابگاه ملکی,1402-booklet,65,1402-booklet,65,کدرشته‌محل منبع: 32169
1402,پزشکی,دانشگاه علوم پزشکی گناباد,,خراسان رضوی,روزانه,روزانه,عادی,19,زن و مرد,نیمسال دوم,دارای خوابگاه ملکی,1402-booklet,65,1402-booklet,65,کدرشته‌محل منبع: 32170
1402,پزشکی,دانشگاه علوم پزشکی گناباد,,خراسان رضوی,شهریه‌پرداز,شهریه پرداز,عادی,10,زن و مرد,نیمسال اول,دارای خوابگاه ملکی,1402-booklet,65,1402-booklet,65,کدرشته‌محل منبع: 32182
1402,پزشکی,دانشگاه علوم پزشکی گناباد,,خراسان رضوی,شهریه‌پرداز,شهریه پرداز,عادی,10,زن و مرد,نیمسال دوم,دارای خوابگاه ملکی,1402-booklet,65,1402-booklet,65,کدرشته‌محل منبع: 32183
1402,پزشکی,دانشگاه علوم پزشکی گیلان,,,در جدول ذکر نشده,,تعهد خدمت,40,زن و مرد,نیمسال اول,پذیرش از تمام متقاضیان سراسر کشور، با اولویت متقاضیان بومی استان گیلان؛ دانشگاه علوم پزشکی گیلان - رشت- دارای تعهد خدمت یک و نیم برابر طول دوره تحصیل در مناطق مورد نیاز دانشگاه علوم پزشکی گیلان - عدم تعهد در واگذاری خوابگاه,1402-booklet,174,1402-booklet,174,کدرشته‌محل منبع: 36423
1402,پزشکی,دانشگاه علوم پزشکی گیلان,,,در جدول ذکر نشده,,تعهد خدمت,3,زن و مرد,نیمسال اول,پذیرش از تمام متقاضیان سراسر کشور، با اولویت متقاضیان بومی استان گیلان؛ دانشگاه علوم پزشکی گیلان - رشت- دارای تعهد خدمت یک و نیم برابر طول دوره تحصیل در پزشکی قانونی شهرستان های استان گیلان,1402-booklet,174,1402-booklet,174,کدرشته‌محل منبع: 36425
1402,پزشکی,دانشگاه علوم پزشکی گیلان,,,در جدول ذکر نشده,,تعهد خدمت,10,زن 2 نفر و مرد 8 نفر,نیمسال دوم,پذیرش از تمام متقاضیان سراسر کشور، با اولویت متقاضیان بومی استان گیلان؛ دانشگاه علوم پزشکی گیلان - رشت- دارای تعهد خدمت یک و نیم برابر طول دوره تحصیل در ارتش جمهوری اسلامی ایران مطابق قوانین و مقررات ارتش جمهوری اسلامی,1402-booklet,174,1402-booklet,174,کدرشته‌محل منبع: 36426
1402,پزشکی,دانشگاه علوم پزشکی گیلان,,,در جدول ذکر نشده,,تعهد خدمت,32,زن و مرد,نیمسال دوم,پذیرش از تمام متقاضیان سراسر کشور، با اولویت متقاضیان بومی استان گیلان؛ دانشگاه علوم پزشکی گیلان - رشت- دارای تعهد خدمت یک و نیم برابر طول دوره تحصیل در مناطق مورد نیاز دانشگاه علوم پزشکی گیلان - عدم تعهد در واگذاری خوابگاه,1402-booklet,174,1402-booklet,174,کدرشته‌محل منبع: 36424
1402,پزشکی,دانشگاه علوم پزشکی گیلان,,گیلان,روزانه,روزانه,عادی,72,زن و مرد,نیمسال اول,عدم تعهد در واگذاری خوابگاه,1402-booklet,87,1402-booklet,87,کدرشته‌محل منبع: 32881
1402,پزشکی,دانشگاه علوم پزشکی گیلان,,گیلان,روزانه,روزانه,عادی,71,زن و مرد,نیمسال دوم,عدم تعهد در واگذاری خوابگاه,1402-booklet,87,1402-booklet,87,کدرشته‌محل منبع: 32882
1402,پزشکی,دانشگاه علوم پزشکی گیلان,محل تحصیل پردیس خودگردان واقع در بندر انزلی,گیلان,شهریه‌پرداز,شهریه پرداز,عادی,15,زن و مرد,نیمسال اول,عدم تعهد در واگذاری خوابگاه,1402-booklet,88,1402-booklet,88,کدرشته‌محل منبع: 32907
1402,پزشکی,دانشگاه علوم پزشکی گیلان,محل تحصیل پردیس خودگردان واقع در بندر انزلی,گیلان,شهریه‌پرداز,شهریه پرداز,عادی,15,زن و مرد,نیمسال دوم,عدم تعهد در واگذاری خوابگاه,1402-booklet,88,1402-booklet,88,کدرشته‌محل منبع: 32908
1402,پزشکی,دانشگاه علوم پزشکی یاسوج,,,در جدول ذکر نشده,,تعهد خدمت,9,زن و مرد,نیمسال اول,مخصوص داوطلبان بومی استان کهگیلویه وبویراحمد؛ دانشگاه علوم پزشکی یاسوج - دارای تعهد خدمت یک و نیم برابر طول دوره تحصیل در مناطق مورد نیاز دانشگاه علوم پزشکی یاسوج,1402-booklet,180,1402-booklet,180,کدرشته‌محل منبع: 36042
1402,پزشکی,دانشگاه علوم پزشکی یاسوج,,,در جدول ذکر نشده,,تعهد خدمت,3,زن و مرد,نیمسال اول,پذیرش از تمام متقاضیان سراسر کشور، با اولویت متقاضیان بومی استان کهگیلویه و بویراحمد؛ دانشگاه علوم پزشکی یاسوج - دارای تعهد خدمت یک و نیم برابر طول دوره تحصیل در پزشکی قانونی شهرستانهای استان کهگیلویه و بویراحمد- عدم تعهد در واگذاری خوابگاه,1402-booklet,174,1402-booklet,174,کدرشته‌محل منبع: 36415
1402,پزشکی,دانشگاه علوم پزشکی یاسوج,,,در جدول ذکر نشده,,تعهد خدمت,12,زن و مرد,نیمسال اول,پذیرش از تمام متقاضیان سراسر کشور، با اولویت متقاضیان بومی استان کهگیلویه و بویراحمد؛ دانشگاه علوم پزشکی یاسوج - دارای تعهد خدمت یک و نیم برابر طول دوره تحصیل در مناطق مورد نیاز دانشگاه علوم پزشکی یاسوج,1402-booklet,174,1402-booklet,174,کدرشته‌محل منبع: 36416
1402,پزشکی,دانشگاه علوم پزشکی یاسوج,,,در جدول ذکر نشده,,تعهد خدمت,15,زن و مرد,نیمسال دوم,پذیرش از تمام متقاضیان سراسر کشور، با اولویت متقاضیان بومی استان کهگیلویه و بویراحمد؛ دانشگاه علوم پزشکی یاسوج - دارای تعهد خدمت یک و نیم برابر طول دوره تحصیل در مناطق مورد نیاز دانشگاه علوم پزشکی یاسوج - عدم تعهد در واگذاری خوابگاه,1402-booklet,174,1402-booklet,174,کدرشته‌محل منبع: 36417
1402,پزشکی,دانشگاه علوم پزشکی یاسوج,,کهگیلویه و بویراحمد,روزانه,روزانه,عادی,31,زن و مرد,نیمسال اول,عدم تعهد در واگذاری خوابگاه,1402-booklet,86,1402-booklet,86,کدرشته‌محل منبع: 32842
1402,پزشکی,دانشگاه علوم پزشکی یاسوج,,کهگیلویه و بویراحمد,روزانه,روزانه,عادی,30,زن و مرد,نیمسال دوم,عدم تعهد در واگذاری خوابگاه,1402-booklet,86,1402-booklet,86,کدرشته‌محل منبع: 32843
1402,پزشکی,دانشگاه علوم پزشکی یاسوج,,کهگیلویه و بویراحمد,شهریه‌پرداز,شهریه پرداز,عادی,10,زن و مرد,نیمسال اول,عدم تعهد در واگذاری خوابگاه,1402-booklet,87,1402-booklet,87,کدرشته‌محل منبع: 32856
1402,پزشکی,دانشگاه علوم پزشکی یاسوج,,کهگیلویه و بویراحمد,شهریه‌پرداز,شهریه پرداز,عادی,10,زن و مرد,نیمسال دوم,عدم تعهد در واگذاری خوابگاه,1402-booklet,87,1402-booklet,87,کدرشته‌محل منبع: 32857
1402,پزشکی,دانشگاه علوم پزشکی یزد,,,در جدول ذکر نشده,,تعهد خدمت,36,زن و مرد,نیمسال اول,پذیرش از تمام متقاضیان سراسر کشور، با اولویت متقاضیان بومی استان یزد؛ دانشگاه علوم پزشکی یزد - دارای تعهد خدمت یک و نیم برابر طول دوره تحصیل در مناطق مورد نیاز دانشگاه علوم پزشکی یزد - عدم تعهد در واگذاری خوابگاه,1402-booklet,176,1402-booklet,176,کدرشته‌محل منبع: 36458
1402,پزشکی,دانشگاه علوم پزشکی یزد,,,در جدول ذکر نشده,,تعهد خدمت,2,زن و مرد,نیمسال اول,پذیرش از تمام متقاضیان سراسر کشور، با اولویت متقاضیان بومی استان یزد؛ دانشگاه علوم پزشکی یزد - دارای تعهد خدمت یک و نیم برابر طول دوره تحصیل در پزشکی قانونی شهرستانهای استان یزد - عدم تعهد در واگذاری خوابگاه,1402-booklet,176,1402-booklet,176,کدرشته‌محل منبع: 36460
1402,پزشکی,دانشگاه علوم پزشکی یزد,,,در جدول ذکر نشده,,تعهد خدمت,38,زن و مرد,نیمسال دوم,پذیرش از تمام متقاضیان سراسر کشور، با اولویت متقاضیان بومی استان یزد؛ دانشگاه علوم پزشکی یزد - دارای تعهد خدمت یک و نیم برابر طول دوره تحصیل در مناطق مورد نیاز دانشگاه علوم پزشکی یزد - عدم تعهد در واگذاری خوابگاه,1402-booklet,176,1402-booklet,176,کدرشته‌محل منبع: 36459
1402,پزشکی,دانشگاه علوم پزشکی یزد,,یزد,روزانه,روزانه,عادی,77,زن و مرد,نیمسال اول,عدم تعهد در واگذاری خوابگاه,1402-booklet,96,1402-booklet,96,کدرشته‌محل منبع: 33177
1402,پزشکی,دانشگاه علوم پزشکی یزد,,یزد,روزانه,روزانه,عادی,77,زن و مرد,نیمسال دوم,,1402-booklet,96,1402-booklet,96,کدرشته‌محل منبع: 33178
1402,پزشکی,دانشگاه علوم پزشکی یزد,,یزد,شهریه‌پرداز,شهریه پرداز,عادی,20,زن و مرد,نیمسال دوم,محل تحصیل پردیس خودگردان واقع در احمدآباد مشیر- عدم تعهد در واگذاری خوابگاه,1402-booklet,97,1402-booklet,97,کدرشته‌محل منبع: 33192
1402,دندانپزشکی,دانشگاه آزاد اسلامی استان اصفهان - واحد خوراسگان,,اصفهان,آزاد,آزاد تمام وقت,عادی,38,زن و مرد,نیمسال اول,,1402-booklet,53,1402-booklet,53,کدرشته‌محل منبع: 31807
1402,دندانپزشکی,دانشگاه آزاد اسلامی استان اصفهان - واحد خوراسگان,,اصفهان,آزاد,آزاد تمام وقت,عادی,38,زن و مرد,نیمسال دوم,,1402-booklet,53,1402-booklet,53,کدرشته‌محل منبع: 31808
1402,دندانپزشکی,دانشگاه آزاد اسلامی استان اصفهان - واحد خوراسگان,,اصفهان,خودگردان دانشگاه آزاد,خودگردان آزاد,عادی,10,زن و مرد,نیمسال اول,,1402-booklet,53,1402-booklet,53,کدرشته‌محل منبع: 31809
1402,دندانپزشکی,دانشگاه آزاد اسلامی استان اصفهان - واحد خوراسگان,,اصفهان,خودگردان دانشگاه آزاد,خودگردان آزاد,عادی,9,زن و مرد,نیمسال دوم,,1402-booklet,53,1402-booklet,53,کدرشته‌محل منبع: 31810
1402,دندانپزشکی,دانشگاه آزاد اسلامی استان تهران - واحد پزشکی تهران,,تهران,آزاد,آزاد تمام وقت,عادی,30,زن و مرد,نیمسال اول,,1402-booklet,62,1402-booklet,62,کدرشته‌محل منبع: 32049
1402,دندانپزشکی,دانشگاه آزاد اسلامی استان تهران - واحد پزشکی تهران,,تهران,آزاد,آزاد تمام وقت,عادی,30,زن و مرد,نیمسال دوم,,1402-booklet,62,1402-booklet,62,کدرشته‌محل منبع: 32050
1402,دندانپزشکی,دانشگاه آزاد اسلامی استان تهران - واحد پزشکی تهران,,تهران,خودگردان دانشگاه آزاد,خودگردان آزاد,عادی,10,زن و مرد,نیمسال اول,,1402-booklet,62,1402-booklet,62,کدرشته‌محل منبع: 32056
1402,دندانپزشکی,دانشگاه آزاد اسلامی استان تهران - واحد پزشکی تهران,,تهران,خودگردان دانشگاه آزاد,خودگردان آزاد,عادی,20,زن و مرد,نیمسال اول,محل برگزاری دوره علوم پایه در جزیره کیش میباشد.,1402-booklet,62,1402-booklet,62,کدرشته‌محل منبع: 32057
1402,دندانپزشکی,دانشگاه آزاد اسلامی استان تهران - واحد پزشکی تهران,,تهران,خودگردان دانشگاه آزاد,خودگردان آزاد,عادی,10,زن و مرد,نیمسال دوم,,1402-booklet,62,1402-booklet,62,کدرشته‌محل منبع: 32058
1402,دندانپزشکی,دانشگاه آزاد اسلامی استان فارس - واحد شیراز,,فارس,آزاد,آزاد تمام وقت,عادی,28,زن و مرد,نیمسال اول,,1402-booklet,80,1402-booklet,80,کدرشته‌محل منبع: 32650
1402,دندانپزشکی,دانشگاه آزاد اسلامی استان فارس - واحد شیراز,,فارس,خودگردان دانشگاه آزاد,خودگردان آزاد,عادی,7,زن و مرد,نیمسال اول,,1402-booklet,80,1402-booklet,80,کدرشته‌محل منبع: 32651
1402,دندانپزشکی,دانشگاه آزاد اسلامی استان لرستان - واحد بروجرد,,لرستان,آزاد,آزاد تمام وقت,عادی,28,زن و مرد,نیمسال اول,,1402-booklet,90,1402-booklet,90,کدرشته‌محل منبع: 32958
1402,دندانپزشکی,دانشگاه آزاد اسلامی استان لرستان - واحد بروجرد,,لرستان,خودگردان دانشگاه آزاد,خودگردان آزاد,عادی,7,زن و مرد,نیمسال اول,,1402-booklet,90,1402-booklet,90,کدرشته‌محل منبع: 32959
1402,دندانپزشکی,دانشگاه آزاد اسلامی واحد علوم پزشکی تبریز,,آذربایجان شرقی,آزاد,آزاد تمام وقت,عادی,28,زن و مرد,نیمسال اول,,1402-booklet,48,1402-booklet,48,کدرشته‌محل منبع: 31664
1402,دندانپزشکی,دانشگاه آزاد اسلامی واحد علوم پزشکی تبریز,,آذربایجان شرقی,خودگردان دانشگاه آزاد,خودگردان آزاد,عادی,7,زن و مرد,نیمسال اول,,1402-booklet,48,1402-booklet,48,کدرشته‌محل منبع: 31666
1402,دندانپزشکی,دانشگاه شاهد - ان ) رشته های پزشکی(تهر,,تهران,روزانه,روزانه,شرایط خاص,20,زن و مرد,نیمسال اول,پذیرش با شرایط خاص و دارای مصاحبه- شرایط در بخش پیوستها )اسامی چند برابر ظرفیت داوطلبان این رشته پس از اتمام مرحله انتخاب رشته استخراج و برای انجام مصاحبه از سایر مراحل گزینش از طریق درگاه اطلاعرسانی این زمان اعلام خواهد شد.(سا,1402-booklet,55,1402-booklet,55,کدرشته‌محل منبع: 31883
1402,دندانپزشکی,دانشگاه شاهد - ان ) رشته های پزشکی(تهر,,تهران,شهریه‌پرداز,شهریه پرداز,شرایط خاص,5,زن و مرد,نیمسال اول,پذیرش با شرایط خاص و دارای مصاحبه- شرایط در بخش پیوستها )اسامی چند برابر ظرفیت داوطلبان این رشته پس از اتمام مرحله انتخاب رشته استخراج و برای انجام مصاحبه از سایر مراحل گزینش از طریق درگاه اطلاعرسانی این زمان اعلام خواهد شد.(سا,1402-booklet,55,1402-booklet,55,کدرشته‌محل منبع: 31887
1402,دندانپزشکی,دانشگاه علوم پزشکی اراک,,,در جدول ذکر نشده,,بورسیه / شرایط خاص,3,زن 1 نفر و مرد 2 نفر,نیمسال اول,پذیرش از تمام متقاضیان سراسر کشور، با اولویت متقاضیان بومی استان مرکزی؛ دانشگاه علوم پزشکی اراک - دارای تعهد خدمت یک و نیم برابر طول دوره تحصیل در فرماندهی انتظامی جمهوری اسلامی ایران,1402-booklet,176,1402-booklet,176,کدرشته‌محل منبع: 36449
1402,دندانپزشکی,دانشگاه علوم پزشکی اراک,,,در جدول ذکر نشده,,تعهد خدمت,5,زن و مرد,نیمسال اول,مخصوص داوطلبان بومی استان مرکزی؛ دانشگاه علوم پزشکی اراک - دارای تعهد خدمت یک و نیم برابر طول دوره تحصیل در مناطق مورد نیاز دانشگاه علوم پزشکی اراک,1402-booklet,180,1402-booklet,180,کدرشته‌محل منبع: 36048
1402,دندانپزشکی,دانشگاه علوم پزشکی اراک,,,در جدول ذکر نشده,,تعهد خدمت,6,زن و مرد,نیمسال اول,پذیرش از تمام متقاضیان سراسر کشور، با اولویت متقاضیان بومی استان مرکزی؛ دانشگاه علوم پزشکی اراک - دارای تعهد خدمت یک و نیم برابر طول دوره تحصیل در مناطق مورد نیاز دانشگاه علوم پزشکی اراک,1402-booklet,176,1402-booklet,176,کدرشته‌محل منبع: 36448
1402,دندانپزشکی,دانشگاه علوم پزشکی اراک,,مرکزی,روزانه,روزانه,عادی,11,زن و مرد,نیمسال اول,محدودیت در ارائه خوابگاه,1402-booklet,92,1402-booklet,92,کدرشته‌محل منبع: 33030
1402,دندانپزشکی,دانشگاه علوم پزشکی ارتش جمهوری اسلامی ایران,,تهران,روزانه,روزانه,بورسیه / شرایط خاص,5,زن,نیمسال دوم,شرایط مندرج در اطلاعیه رشته های دارای شرایط خاص - بورسیه ارتش جمهوری اسلامی- دارای مصاحبه و گزینش و معاینات جسمانی- دارای خوابگاه ملکی,1402-booklet,55,1402-booklet,55,کدرشته‌محل منبع: 31894
1402,دندانپزشکی,دانشگاه علوم پزشکی ارتش جمهوری اسلامی ایران,,تهران,روزانه,روزانه,بورسیه / شرایط خاص,5,زن,نیمسال دوم,شرایط مندرج در اطلاعیه رشته های دارای شرایط خاص - بورسیه وزارت دفاع- دارای مصاحبه و گزینش و معاینات جسمانی- فاقد خوابگاه,1402-booklet,55,1402-booklet,55,کدرشته‌محل منبع: 31895
1402,دندانپزشکی,دانشگاه علوم پزشکی ارتش جمهوری اسلامی ایران,,تهران,روزانه,روزانه,بورسیه / شرایط خاص,20,مرد,نیمسال دوم,شرایط مندرج در اطلاعیه رشته های دارای شرایط خاص - بورسیه ارتش جمهوری اسلامی- دارای مصاحبه و گزینش و معاینات جسمانی- دارای خوابگاه ملکی,1402-booklet,55,1402-booklet,55,کدرشته‌محل منبع: 31896
1402,دندانپزشکی,دانشگاه علوم پزشکی اردبیل,,,در جدول ذکر نشده,,تعهد خدمت,6,زن و مرد,نیمسال اول,پذیرش از تمام متقاضیان سراسر کشور، با اولویت متقاضیان بومی استان اردبیل؛ دانشگاه علوم پزشکی اردبیل- دارای تعهد خدمت یک و نیم برابر طول دوره تحصیل در مناطق مورد نیاز دانشگاه علوم پزشکی اردبیل- فاقد خوابگاه,1402-booklet,166,1402-booklet,166,کدرشته‌محل منبع: 36276
1402,دندانپزشکی,دانشگاه علوم پزشکی اردبیل,,اردبیل,روزانه,روزانه,عادی,36,زن و مرد,نیمسال اول,فاقد خوابگاه,1402-booklet,49,1402-booklet,49,کدرشته‌محل منبع: 31710
1402,دندانپزشکی,دانشگاه علوم پزشکی اردبیل,,اردبیل,شهریه‌پرداز,شهریه پرداز,عادی,5,زن و مرد,نیمسال اول,محل تحصیل پردیس خودگردان دانشگاه - فاقد خوابگاه,1402-booklet,50,1402-booklet,50,کدرشته‌محل منبع: 31729
1402,دندانپزشکی,دانشگاه علوم پزشکی ارومیه,,,در جدول ذکر نشده,,تعهد خدمت,5,زن و مرد,نیمسال اول,مخصوص داوطلبان بومی استان آذربایجان غربی؛ دانشگاه علوم پزشکی ارومیه- دارای تعهد خدمت یک و نیم برابر طول دوره تحصیل در مناطق مورد نیاز دانشگاه علوم پزشکی ارومیه,1402-booklet,178,1402-booklet,178,کدرشته‌محل منبع: 36004
1402,دندانپزشکی,دانشگاه علوم پزشکی ارومیه,,,در جدول ذکر نشده,,تعهد خدمت,7,زن و مرد,نیمسال اول,پذیرش از تمام متقاضیان سراسر کشور، با اولویت متقاضیان بومی استان آذربایجان غربی؛ دانشگاه علوم پزشکی ارومیه- پدارای تعهد خدمت یک و نیم برابر طول دوره تحصیل در مناطق مورد نیاز دانشگاه علوم پزشکی ارومیه- عدم تعهد در واگذاری خوابگاه,1402-booklet,166,1402-booklet,166,کدرشته‌محل منبع: 36272
1402,دندانپزشکی,دانشگاه علوم پزشکی ارومیه,,آذربایجان غربی,روزانه,روزانه,عادی,25,زن و مرد,نیمسال اول,عدم تعهد در واگذاری خوابگاه,1402-booklet,48,1402-booklet,48,کدرشته‌محل منبع: 31670
1402,دندانپزشکی,دانشگاه علوم پزشکی ارومیه,,آذربایجان غربی,شهریه‌پرداز,شهریه پرداز,عادی,6,زن و مرد,نیمسال اول,,1402-booklet,48,1402-booklet,48,کدرشته‌محل منبع: 31682
1402,دندانپزشکی,دانشگاه علوم پزشکی اصفهان,,,در جدول ذکر نشده,,بورسیه / شرایط خاص,5,زن 1 نفر و مرد 4 نفر,نیمسال اول,پذیرش از تمام متقاضیان سراسر کشور، با اولویت متقاضیان بومی استان اصفهان؛ دانشگاه علوم پزشکی اصفهان - دارای تعهد خدمت یک و نیم برابر طول دوره تحصیل در فرماندهی انتظامی جمهوری اسلامی ایران,1402-booklet,167,1402-booklet,167,کدرشته‌محل منبع: 36283
1402,دندانپزشکی,دانشگاه علوم پزشکی اصفهان,,,در جدول ذکر نشده,,تعهد خدمت,10,زن و مرد,نیمسال اول,پذیرش از تمام متقاضیان سراسر کشور، با اولویت متقاضیان بومی استان اصفهان؛ دانشگاه علوم پزشکی اصفهان - دارای تعهد خدمت یک و نیم برابر طول دوره تحصیل در مناطق مورد نیاز دانشگاه علوم پزشکی اصفهان - محدودیت در ارائه خوابگاه,1402-booklet,167,1402-booklet,167,کدرشته‌محل منبع: 36284
1402,دندانپزشکی,دانشگاه علوم پزشکی اصفهان,,اصفهان,روزانه,روزانه,عادی,62,زن و مرد,نیمسال اول,محدودیت در ارائه خوابگاه,1402-booklet,51,1402-booklet,51,کدرشته‌محل منبع: 31740
1402,دندانپزشکی,دانشگاه علوم پزشکی اصفهان,,اصفهان,شهریه‌پرداز,شهریه پرداز,عادی,15,زن و مرد,نیمسال اول,محل تحصیل پردیس خودگردان دانشگاه - معرفی به خوابگاههای خودگردان,1402-booklet,51,1402-booklet,51,کدرشته‌محل منبع: 31763
1402,دندانپزشکی,دانشگاه علوم پزشکی البرز,,,در جدول ذکر نشده,,تعهد خدمت,15,زن و مرد,نیمسال اول,پذیرش از تمام متقاضیان سراسر کشور، با اولویت متقاضیان بومی استان البرز؛ دانشگاه علوم پزشکی البرز - کرج - دارای تعهد خدمت یک و نیم برابر طول دوره تحصیل در مناطق مورد نیاز دانشگاه علوم پزشکی البرز,1402-booklet,167,1402-booklet,167,کدرشته‌محل منبع: 36289
1402,دندانپزشکی,دانشگاه علوم پزشکی البرز,,البرز,روزانه,روزانه,عادی,35,زن و مرد,نیمسال اول,عدم تعهد در واگذاری خوابگاه,1402-booklet,53,1402-booklet,53,کدرشته‌محل منبع: 31818
1402,دندانپزشکی,دانشگاه علوم پزشکی البرز,,البرز,شهریه‌پرداز,شهریه پرداز,عادی,5,زن و مرد,نیمسال اول,,1402-booklet,53,1402-booklet,53,کدرشته‌محل منبع: 31830
1402,دندانپزشکی,دانشگاه علوم پزشکی ایلام,,,در جدول ذکر نشده,,بورسیه / شرایط خاص,3,زن 1 نفر و مرد 2 نفر,نیمسال اول,پذیرش از تمام متقاضیان سراسر کشور، با اولویت متقاضیان بومی استان ایلام؛ دانشگاه علوم پزشکی ایلام - دارای تعهد خدمت یک و نیم برابر طول دوره تحصیل در فرماندهی انتظامی جمهوری اسلامی ایران,1402-booklet,167,1402-booklet,167,کدرشته‌محل منبع: 36294
1402,دندانپزشکی,دانشگاه علوم پزشکی ایلام,,,در جدول ذکر نشده,,تعهد خدمت,11,زن و مرد,نیمسال اول,مخصوص داوطلبان بومی استان ایلام؛ دانشگاه علوم پزشکی ایلام - دارای تعهد خدمت یک و نیم برابر طول دوره تحصیل در مناطق مورد نیاز دانشگاه علوم پزشکی ایلام,1402-booklet,178,1402-booklet,178,کدرشته‌محل منبع: 36010
1402,دندانپزشکی,دانشگاه علوم پزشکی ایلام,,,در جدول ذکر نشده,,تعهد خدمت,1,زن و مرد,نیمسال اول,پذیرش از تمام متقاضیان سراسر کشور، با اولویت متقاضیان بومی استان ایلام؛ دانشگاه علوم پزشکی ایلام - دارای تعهد خدمت یک و نیم برابر طول دوره تحصیل در مناطق مورد نیاز دانشگاه علوم پزشکی ایلام,1402-booklet,167,1402-booklet,167,کدرشته‌محل منبع: 36295
1402,دندانپزشکی,دانشگاه علوم پزشکی ایلام,,ایلام,روزانه,روزانه,عادی,3,زن و مرد,نیمسال اول,عدم تعهد در واگذاری خوابگاه,1402-booklet,54,1402-booklet,54,کدرشته‌محل منبع: 31841
1402,دندانپزشکی,دانشگاه علوم پزشکی بابل,,,در جدول ذکر نشده,,بورسیه / شرایط خاص,5,زن 1 نفر و مرد 4 نفر,نیمسال دوم,پذیرش از تمام متقاضیان سراسر کشور، با اولویت متقاضیان بومی استان مازندران؛ دانشگاه علوم پزشکی بابل- دارای تعهد خدمت یک و نیم برابر طول دوره تحصیل در فرماندهی انتظامی جمهوری اسلامی ایران - عدم تعهد در واگذاری خوابگاه,1402-booklet,175,1402-booklet,175,کدرشته‌محل منبع: 36441
1402,دندانپزشکی,دانشگاه علوم پزشکی بابل,,,در جدول ذکر نشده,,تعهد خدمت,10,زن و مرد,نیمسال اول,پذیرش از تمام متقاضیان سراسر کشور، با اولویت متقاضیان بومی استان مازندران؛ دانشگاه علوم پزشکی بابل- دارای تعهد خدمت یک و نیم برابر طول دوره تحصیل در مناطق مورد نیاز دانشگاه علوم پزشکی بابل- عدم تعهد در واگذاری خوابگاه,1402-booklet,175,1402-booklet,175,کدرشته‌محل منبع: 36440
1402,دندانپزشکی,دانشگاه علوم پزشکی بابل,,مازندران,روزانه,روزانه,عادی,19,زن و مرد,نیمسال اول,عدم تعهد در واگذاری خوابگاه,1402-booklet,90,1402-booklet,90,کدرشته‌محل منبع: 32962
1402,دندانپزشکی,دانشگاه علوم پزشکی بابل,,مازندران,روزانه,روزانه,عادی,18,زن و مرد,نیمسال دوم,عدم تعهد در واگذاری خوابگاه,1402-booklet,90,1402-booklet,90,کدرشته‌محل منبع: 32963
1402,دندانپزشکی,دانشگاه علوم پزشکی بابل,,مازندران,شهریه‌پرداز,شهریه پرداز,عادی,10,زن و مرد,نیمسال اول,,1402-booklet,90,1402-booklet,90,کدرشته‌محل منبع: 32979
1402,دندانپزشکی,دانشگاه علوم پزشکی بندر عباس,,,در جدول ذکر نشده,,تعهد خدمت,10,زن و مرد,نیمسال اول,پذیرش از تمام متقاضیان سراسر کشور، با اولویت متقاضیان بومی استان هرمزگان؛ دانشگاه علوم پزشکی بندر عباس - دارای تعهد خدمت یک و نیم برابر طول دوره تحصیل در مناطق مورد نیاز دانشگاه علوم پزشکی بندرعباس - فاقد خوابگاه,1402-booklet,176,1402-booklet,176,کدرشته‌محل منبع: 36453
1402,دندانپزشکی,دانشگاه علوم پزشکی بندر عباس,,,در جدول ذکر نشده,,تعهد خدمت,2,مرد,نیمسال اول,مخصوص داوطلبان بومی استان هرمزگان؛ دانشگاه علوم پزشکی بندر عباس - دارای تعهد خدمت یک و نیم برابر طول دوره تحصیل در مناطق مورد نیاز دانشگاه علوم پزشکی بندرعباس - ممنوعیت تغییر رشته و انتقال,1402-booklet,180,1402-booklet,180,کدرشته‌محل منبع: 36052
1402,دندانپزشکی,دانشگاه علوم پزشکی بندر عباس,,هرمزگان,روزانه,روزانه,عادی,8,زن و مرد,نیمسال اول,فاقد خوابگاه,1402-booklet,94,1402-booklet,94,کدرشته‌محل منبع: 33090
1402,دندانپزشکی,دانشگاه علوم پزشکی بندر عباس,,هرمزگان,شهریه‌پرداز,شهریه پرداز,عادی,3,زن و مرد,نیمسال اول,فاقد خوابگاه,1402-booklet,94,1402-booklet,94,کدرشته‌محل منبع: 33106
1402,دندانپزشکی,دانشگاه علوم پزشکی بوشهر,,,در جدول ذکر نشده,,بورسیه / شرایط خاص,3,زن 1 نفر و مرد 2 نفر,نیمسال اول,پذیرش از تمام متقاضیان سراسر کشور، با اولویت متقاضیان بومی استان بوشهر؛ دانشگاه علوم پزشکی بوشهر- دارای تعهد خدمت یک و نیم برابر طول دوره تحصیل در فرماندهی انتظامی جمهوری اسلامی ایران - عدم تعهد در واگذاری خوابگاه,1402-booklet,167,1402-booklet,167,کدرشته‌محل منبع: 36300
1402,دندانپزشکی,دانشگاه علوم پزشکی بوشهر,,,در جدول ذکر نشده,,تعهد خدمت,4,زن و مرد,نیمسال اول,پذیرش از تمام متقاضیان سراسر کشور، با اولویت متقاضیان بومی استان بوشهر؛ دانشگاه علوم پزشکی بوشهر- دارای تعهد خدمت یک و نیم برابر طول دوره تحصیل در مناطق مورد نیاز دانشگاه علوم پزشکی بوشهر - عدم تعهد در واگذاری خوابگاه,1402-booklet,167,1402-booklet,167,کدرشته‌محل منبع: 36299
1402,دندانپزشکی,دانشگاه علوم پزشکی بوشهر,,بوشهر,روزانه,روزانه,عادی,9,زن و مرد,نیمسال اول,عدم تعهد در واگذاری خوابگاه,1402-booklet,54,1402-booklet,54,کدرشته‌محل منبع: 31857
1402,دندانپزشکی,دانشگاه علوم پزشکی بوشهر,,بوشهر,شهریه‌پرداز,شهریه پرداز,عادی,5,زن و مرد,نیمسال اول,عدم تعهد در واگذاری خوابگاه,1402-booklet,54,1402-booklet,54,کدرشته‌محل منبع: 31870
1402,دندانپزشکی,دانشگاه علوم پزشکی بیرجند,,,در جدول ذکر نشده,,بورسیه / شرایط خاص,8,زن 2 نفر و مرد 6 نفر,نیمسال اول,پذیرش از تمام متقاضیان سراسر کشور، با اولویت متقاضیان بومی استان خراسان جنوبی؛ دانشگاه علوم پزشکی بیرجند- دارای تعهد خدمت یک و نیم برابر طول دوره تحصیل در فرماندهی انتظامی جمهوری اسلامی ایران - عدم تعهد در واگذاری خوابگاه,1402-booklet,169,1402-booklet,169,کدرشته‌محل منبع: 36323
1402,دندانپزشکی,دانشگاه علوم پزشکی بیرجند,,,در جدول ذکر نشده,,تعهد خدمت,10,زن 5 نفر و مرد 5 نفر,نیمسال اول,مخصوص داوطلبان بومی استان خراسان جنوبی؛ دانشگاه علوم پزشکی بیرجند- دارای تعهد خدمت یک و نیم برابر طول دوره تحصیل در مناطق مورد نیاز دانشگاه علوم پزشکی بیرجند,1402-booklet,178,1402-booklet,178,کدرشته‌محل منبع: 36016
1402,دندانپزشکی,دانشگاه علوم پزشکی بیرجند,,,در جدول ذکر نشده,,تعهد خدمت,7,زن و مرد,نیمسال اول,پذیرش از تمام متقاضیان سراسر کشور، با اولویت متقاضیان بومی استان خراسان جنوبی؛ دانشگاه علوم پزشکی بیرجند- دارای تعهد خدمت یک و نیم برابر طول دوره تحصیل در مناطق مورد نیاز دانشگاه علوم پزشکی بیرجند- عدم تعهد در واگذاری خوابگاه,1402-booklet,169,1402-booklet,169,کدرشته‌محل منبع: 36322
1402,دندانپزشکی,دانشگاه علوم پزشکی بیرجند,,خراسان جنوبی,روزانه,روزانه,عادی,12,زن و مرد,نیمسال اول,عدم تعهد در واگذاری خوابگاه,1402-booklet,63,1402-booklet,63,کدرشته‌محل منبع: 32084
1402,دندانپزشکی,دانشگاه علوم پزشکی بیرجند,,خراسان جنوبی,شهریه‌پرداز,شهریه پرداز,عادی,5,زن و مرد,نیمسال اول,عدم تعهد در واگذاری خوابگاه,1402-booklet,63,1402-booklet,63,کدرشته‌محل منبع: 32096
1402,دندانپزشکی,دانشگاه علوم پزشکی تبریز,,,در جدول ذکر نشده,,بورسیه / شرایط خاص,10,زن 2 نفر و مرد 8 نفر,نیمسال دوم,پذیرش از تمام متقاضیان سراسر کشور، با اولویت متقاضیان بومی استان آذربایجان شرقی؛ دانشگاه علوم پزشکی تبریز- دارای تعهد خدمت یک و نیم برابر طول دوره تحصیل در فرماندهی انتظامی جمهوری اسلامی ایران,1402-booklet,166,1402-booklet,166,کدرشته‌محل منبع: 36267
1402,دندانپزشکی,دانشگاه علوم پزشکی تبریز,,,در جدول ذکر نشده,,تعهد خدمت,20,زن و مرد,نیمسال اول,پذیرش از تمام متقاضیان سراسر کشور، با اولویت متقاضیان بومی استان آذربایجان شرقی؛ دانشگاه علوم پزشکی تبریز- دارای تعهد خدمت یک و نیم برابر طول دوره تحصیل در مناطق مورد نیاز دانشگاه علوم پزشکی تبریز,1402-booklet,166,1402-booklet,166,کدرشته‌محل منبع: 36266
1402,دندانپزشکی,دانشگاه علوم پزشکی تبریز,,آذربایجان شرقی,روزانه,روزانه,عادی,22,زن و مرد,نیمسال اول,عدم تعهد در واگذاری خوابگاه,1402-booklet,46,1402-booklet,46,کدرشته‌محل منبع: 31605
1402,دندانپزشکی,دانشگاه علوم پزشکی تبریز,,آذربایجان شرقی,روزانه,روزانه,عادی,22,زن و مرد,نیمسال دوم,عدم تعهد در واگذاری خوابگاه,1402-booklet,46,1402-booklet,46,کدرشته‌محل منبع: 31606
1402,دندانپزشکی,دانشگاه علوم پزشکی تبریز,,آذربایجان شرقی,شهریه‌پرداز,شهریه پرداز,عادی,12,زن و مرد,نیمسال اول,فاقد خوابگاه,1402-booklet,47,1402-booklet,47,کدرشته‌محل منبع: 31626
1402,دندانپزشکی,دانشگاه علوم پزشکی تهران,,,در جدول ذکر نشده,,تعهد خدمت,30,زن و مرد,نیمسال اول,پذیرش از تمام متقاضیان سراسر کشور، با اولویت متقاضیان بومی استان تهران؛ دانشگاه علوم پزشکی تهران - دارای تعهد خدمت یک و نیم برابر طول دوره تحصیل در مناطق مورد نیاز دانشگاه علوم پزشکی تهران,1402-booklet,168,1402-booklet,168,کدرشته‌محل منبع: 36311
1402,دندانپزشکی,دانشگاه علوم پزشکی تهران,,تهران,روزانه,روزانه,عادی,50,زن و مرد,نیمسال اول,,1402-booklet,60,1402-booklet,60,کدرشته‌محل منبع: 31957
1402,دندانپزشکی,دانشگاه علوم پزشکی تهران,,تهران,شهریه‌پرداز,شهریه پرداز,عادی,20,زن و مرد,نیمسال اول,,1402-booklet,60,1402-booklet,60,کدرشته‌محل منبع: 31976
1402,دندانپزشکی,دانشگاه علوم پزشکی جندی شاپور,,,در جدول ذکر نشده,,بورسیه / شرایط خاص,10,زن 2 نفر و مرد 8 نفر,نیمسال اول,پذیرش از تمام متقاضیان سراسر کشور، با اولویت متقاضیان بومی استان خوزستان؛ دانشگاه علوم پزشکی جندی شاپور - اهواز - دارای تعهد خدمت یک و نیم برابر طول دوره تحصیل در فرماندهی انتظامی جمهوری اسلامی ایران,1402-booklet,170,1402-booklet,170,کدرشته‌محل منبع: 36351
1402,دندانپزشکی,دانشگاه علوم پزشکی جندی شاپور,,,در جدول ذکر نشده,,تعهد خدمت,2,زن,نیمسال اول,مخصوص داوطلبان بومی استان خوزستان؛ دانشگاه علوم پزشکی جندی شاپور - اهواز - دارای تعهد خدمت یک و نیم برابر طول دوره تحصیل در مناطق مورد نیاز دانشگاه علوم پزشکی جندی شاپور اهواز,1402-booklet,179,1402-booklet,179,کدرشته‌محل منبع: 36023
1402,دندانپزشکی,دانشگاه علوم پزشکی جندی شاپور,,,در جدول ذکر نشده,,تعهد خدمت,20,زن و مرد,نیمسال اول,پذیرش از تمام متقاضیان سراسر کشور، با اولویت متقاضیان بومی استان خوزستان؛ دانشگاه علوم پزشکی جندی شاپور - اهواز - دارای تعهد خدمت یک و نیم برابر طول دوره تحصیل در مناطق مورد نیاز دانشگاه علوم پزشکی جندی شاپور اهواز,1402-booklet,170,1402-booklet,170,کدرشته‌محل منبع: 36350
1402,دندانپزشکی,دانشگاه علوم پزشکی جندی شاپور,,خوزستان,روزانه,روزانه,عادی,44,زن و مرد,نیمسال اول,,1402-booklet,69,1402-booklet,69,کدرشته‌محل منبع: 32309
1402,دندانپزشکی,دانشگاه علوم پزشکی جندی شاپور,,خوزستان,شهریه‌پرداز,شهریه پرداز,عادی,10,زن و مرد,نیمسال اول,,1402-booklet,70,1402-booklet,70,کدرشته‌محل منبع: 32331
1402,دندانپزشکی,دانشگاه علوم پزشکی خراسان شمالی,,,در جدول ذکر نشده,,تعهد خدمت,4,زن و مرد,نیمسال اول,پذیرش از تمام متقاضیان سراسر کشور، با اولویت متقاضیان بومی استان خراسان شمالی؛ دانشگاه علوم پزشکی خراسان شمالی- بجنورد - دارای تعهد خدمت یک و نیم برابر طول دوره تحصیل در مناطق مورد نیاز دانشگاه علوم پزشکی بجنورد - عدم تعهد در واگذاری خوابگاه,1402-booklet,170,1402-booklet,170,کدرشته‌محل منبع: 36342
1402,دندانپزشکی,دانشگاه علوم پزشکی خراسان شمالی,,خراسان شمالی,روزانه,روزانه,عادی,14,زن و مرد,نیمسال اول,عدم تعهد در واگذاری خوابگاه,1402-booklet,68,1402-booklet,68,کدرشته‌محل منبع: 32277
1402,دندانپزشکی,دانشگاه علوم پزشکی رفسنجان,,,در جدول ذکر نشده,,تعهد خدمت,3,زن و مرد,نیمسال اول,پذیرش از تمام متقاضیان سراسر کشور، با اولویت متقاضیان بومی استان کرمان؛ دانشگاه علوم پزشکی رفسنجان - دارای تعهد خدمت یک و نیم برابر طول دوره تحصیل در مناطق مورد نیاز دانشگاه علوم پزشکی رفسنجان- ارائه خوابگاه دولتی برای دانشجویان جدیدالورود امکان پذیر نمی باشد در صورت عدم تکمیل ظرفیت ،اسکان در خوابگاه دگردان انجام می شود.خو,1402-booklet,173,1402-booklet,173,کدرشته‌محل منبع: 36405
1402,دندانپزشکی,دانشگاه علوم پزشکی رفسنجان,,کرمان,روزانه,روزانه,عادی,20,زن و مرد,نیمسال اول,ارائه خوابگاه دولتی برای دانشجویان جدیدالورود امکان پذیر نمی باشد در صورت عدم تکمیل ظرفیت ،اسکان در ابگاه خودگردان انجام می شود.خو,1402-booklet,83,1402-booklet,83,کدرشته‌محل منبع: 32753
1402,دندانپزشکی,دانشگاه علوم پزشکی زاهدان,,,در جدول ذکر نشده,,بورسیه / شرایط خاص,10,زن 2 نفر و مرد 8 نفر,نیمسال اول,پذیرش از تمام متقاضیان سراسر کشور، با ترتیب اولویت متقاضیان »بومی مناطق تحت پوشش دانشگاه علوم پزشکی زاهدان« و بعد؛ دانشگاه علوم پزشکی زاهدان - دارای تعهد خدمت یک و نیم برابر طول دوره تحصیل در فرماندهی انتظامی جمهوری اسلامی ایران - عدم تعهد در واگذاری خوابگاه,1402-booklet,171,1402-booklet,171,کدرشته‌محل منبع: 36371
1402,دندانپزشکی,دانشگاه علوم پزشکی زاهدان,,,در جدول ذکر نشده,,تعهد خدمت,12,زن و مرد,نیمسال اول,مخصوص داوطلبان بومی استان سیستان و بلوچستان با اولویت پذیرش داوطلبان بومی مناطق تحت پوشش دانشگاه علوم پزشکی؛ دانشگاه علوم پزشکی زاهدان - دارای تعهد خدمت یک و نیم برابر طول دوره تحصیل در مناطق مورد نیاز دانشگاه علوم پزشکی زابل,1402-correction-5,7,1402-booklet,179,کدرشته‌محل منبع: 36034
1402,دندانپزشکی,دانشگاه علوم پزشکی زاهدان,,,در جدول ذکر نشده,,تعهد خدمت,4,زن و مرد,نیمسال اول,مخصوص داوطلبان بومی استان سیستان و بلوچستان با اولویت پذیرش داوطلبان بومی مناطق تحت پوشش دانشگاه علوم پزشکی؛ دانشگاه علوم پزشکی زاهدان - دارای تعهد خدمت یک و نیم برابر طول دوره تحصیل در مناطق مورد نیاز دانشگاه علوم پزشکی زاهدان,1402-booklet,179,1402-booklet,179,کدرشته‌محل منبع: 36035
1402,دندانپزشکی,دانشگاه علوم پزشکی زاهدان,,,در جدول ذکر نشده,,تعهد خدمت,5,زن و مرد,نیمسال اول,مخصوص داوطلبان بومی استان سیستان و بلوچستان با اولویت پذیرش داوطلبان بومی مناطق تحت پوشش دانشگاه علوم پزشکی؛ دانشگاه علوم پزشکی زاهدان - دارای تعهد خدمت یک و نیم برابر طول دوره تحصیل در مناطق مورد نیاز دانشگاه علوم پزشکی ایرانشهر,1402-booklet,179,1402-booklet,179,کدرشته‌محل منبع: 36036
1402,دندانپزشکی,دانشگاه علوم پزشکی زاهدان,,,در جدول ذکر نشده,,تعهد خدمت,5,زن و مرد,نیمسال اول,پذیرش از تمام متقاضیان سراسر کشور، با ترتیب اولویت متقاضیان »بومی مناطق تحت پوشش دانشگاه علوم پزشکی زاهدان« و بعد؛ دانشگاه علوم پزشکی زاهدان - دارای تعهد خدمت یک و نیم برابر طول دوره تحصیل در مناطق مورد نیاز دانشگاه علوم پزشکی زاهدان,1402-booklet,171,1402-booklet,171,کدرشته‌محل منبع: 36370
1402,دندانپزشکی,دانشگاه علوم پزشکی زاهدان,,سیستان و بلوچستان,روزانه,روزانه,عادی,19,زن و مرد,نیمسال اول,عدم تعهد در واگذاری خوابگاه,1402-booklet,76,1402-booklet,76,کدرشته‌محل منبع: 32527
1402,دندانپزشکی,دانشگاه علوم پزشکی زاهدان,,سیستان و بلوچستان,شهریه‌پرداز,شهریه پرداز,عادی,5,زن و مرد,نیمسال اول,عدم تعهد در واگذاری خوابگاه,1402-booklet,77,1402-booklet,77,کدرشته‌محل منبع: 32547
1402,دندانپزشکی,دانشگاه علوم پزشکی زنجان,,,در جدول ذکر نشده,,تعهد خدمت,7,زن و مرد,نیمسال اول,پذیرش از تمام متقاضیان سراسر کشور، با اولویت متقاضیان بومی استان زنجان؛ دانشگاه علوم پزشکی زنجان - دارای تعهد خدمت یک و نیم برابر طول دوره تحصیل در مناطق مورد نیاز دانشگاه علوم پزشکی زنجان - عدم امکان تغییر شروع نیمسال تحصیلی- عدم تعهد در واگذاری خوابگاه,1402-booklet,170,1402-booklet,170,کدرشته‌محل منبع: 36355
1402,دندانپزشکی,دانشگاه علوم پزشکی زنجان,,زنجان,روزانه,روزانه,عادی,32,زن و مرد,نیمسال اول,عدم امکان تغییر شروع نیمسال تحصیلی- عدم تعهد در واگذاری خوابگاه,1402-booklet,73,1402-booklet,73,کدرشته‌محل منبع: 32421
1402,دندانپزشکی,دانشگاه علوم پزشکی زنجان,,زنجان,شهریه‌پرداز,شهریه پرداز,عادی,5,زن و مرد,نیمسال اول,عدم امکان تغییر شروع نیمسال تحصیلی- عدم تعهد در واگذاری خوابگاه,1402-booklet,74,1402-booklet,74,کدرشته‌محل منبع: 32436
1402,دندانپزشکی,دانشگاه علوم پزشکی سمنان,,,در جدول ذکر نشده,,بورسیه / شرایط خاص,6,زن 2 نفر و مرد 4 نفر,نیمسال اول,پذیرش از تمام متقاضیان سراسر کشور، با اولویت متقاضیان بومی استان سمنان؛ دانشگاه علوم پزشکی سمنان - دارای تعهد خدمت یک و نیم برابر طول دوره تحصیل در فرماندهی انتظامی جمهوری اسلامی ایران,1402-booklet,171,1402-booklet,171,کدرشته‌محل منبع: 36362
1402,دندانپزشکی,دانشگاه علوم پزشکی سمنان,,,در جدول ذکر نشده,,تعهد خدمت,1,زن و مرد,نیمسال اول,مخصوص داوطلبان بومی استان سمنان؛ دانشگاه علوم پزشکی سمنان - دارای تعهد خدمت یک و نیم برابر طول دوره تحصیل در مناطق مورد نیاز دانشگاه علوم پزشکی سمنان,1402-booklet,179,1402-booklet,179,کدرشته‌محل منبع: 36026
1402,دندانپزشکی,دانشگاه علوم پزشکی سمنان,,,در جدول ذکر نشده,,تعهد خدمت,9,زن و مرد,نیمسال اول,پذیرش از تمام متقاضیان سراسر کشور، با اولویت متقاضیان بومی استان سمنان؛ دانشگاه علوم پزشکی سمنان - دارای تعهد خدمت یک و نیم برابر طول دوره تحصیل در مناطق مورد نیاز دانشگاه علوم پزشکی سمنان,1402-booklet,171,1402-booklet,171,کدرشته‌محل منبع: 36361
1402,دندانپزشکی,دانشگاه علوم پزشکی سمنان,,سمنان,روزانه,روزانه,عادی,15,زن و مرد,نیمسال اول,محدودیت در ارائه خوابگاه,1402-booklet,74,1402-booklet,74,کدرشته‌محل منبع: 32452
1402,دندانپزشکی,دانشگاه علوم پزشکی سمنان,,سمنان,شهریه‌پرداز,شهریه پرداز,عادی,5,زن و مرد,نیمسال اول,عدم تعهد در واگذاری خوابگاه,1402-booklet,75,1402-booklet,75,کدرشته‌محل منبع: 32461
1402,دندانپزشکی,دانشگاه علوم پزشکی شهرکرد,,,در جدول ذکر نشده,,تعهد خدمت,2,زن و مرد,نیمسال اول,مخصوص داوطلبان بومی استان چهارمحال وبختیاری؛ دانشگاه علوم پزشکی شهرکرد - دارای تعهد خدمت یک و نیم برابر طول دوره تحصیل در مناطق مورد نیاز دانشگاه علوم پزشکی شهرکرد,1402-booklet,178,1402-booklet,178,کدرشته‌محل منبع: 36013
1402,دندانپزشکی,دانشگاه علوم پزشکی شهرکرد,,,در جدول ذکر نشده,,تعهد خدمت,3,زن و مرد,نیمسال اول,پذیرش از تمام متقاضیان سراسر کشور، با اولویت متقاضیان بومی استان چهارمحار و بختیاری؛ دانشگاه علوم پزشکی شهرکرد - دارای تعهد خدمت یک و نیم برابر طول دوره تحصیل در مناطق مورد نیاز دانشگاه علوم پزشکی شهرکرد - عدم تعهد در واگذاری خوابگاه,1402-booklet,168,1402-booklet,168,کدرشته‌محل منبع: 36317
1402,دندانپزشکی,دانشگاه علوم پزشکی شهرکرد,,چهارمحال و بختیاری,روزانه,روزانه,عادی,17,زن و مرد,نیمسال اول,عدم تعهد در واگذاری خوابگاه,1402-booklet,62,1402-booklet,62,کدرشته‌محل منبع: 32061
1402,دندانپزشکی,دانشگاه علوم پزشکی شهید بهشتی,,,در جدول ذکر نشده,,بورسیه / شرایط خاص,10,زن 2 نفر و مرد 8 نفر,نیمسال دوم,پذیرش از تمام متقاضیان سراسر کشور، با اولویت متقاضیان بومی استان تهران؛ دانشگاه علوم پزشکی شهید بهشتی- تهران - دارای تعهد خدمت یک و نیم برابر طول دوره تحصیل در فرماندهی انتظامی جمهوری اسلامی ایران,1402-booklet,168,1402-booklet,168,کدرشته‌محل منبع: 36312
1402,دندانپزشکی,دانشگاه علوم پزشکی شهید بهشتی,,,در جدول ذکر نشده,,تعهد خدمت,12,زن و مرد,نیمسال اول,پذیرش از تمام متقاضیان سراسر کشور، با اولویت متقاضیان بومی استان تهران؛ دانشگاه علوم پزشکی شهید بهشتی- تهران - دارای تعهد خدمت یک و نیم برابر طول دوره تحصیل در مناطق مورد نیاز دانشگاه علوم پزشکی شهید بهشتی,1402-booklet,168,1402-booklet,168,کدرشته‌محل منبع: 36313
1402,دندانپزشکی,دانشگاه علوم پزشکی شهید بهشتی,,تهران,روزانه,روزانه,عادی,31,زن و مرد,نیمسال اول,,1402-booklet,60,1402-booklet,60,کدرشته‌محل منبع: 31986
1402,دندانپزشکی,دانشگاه علوم پزشکی شهید بهشتی,,تهران,روزانه,روزانه,عادی,31,زن و مرد,نیمسال دوم,,1402-booklet,60,1402-booklet,60,کدرشته‌محل منبع: 31987
1402,دندانپزشکی,دانشگاه علوم پزشکی شهید بهشتی,,تهران,شهریه‌پرداز,شهریه پرداز,عادی,7,زن و مرد,نیمسال اول,محل تحصیل پردیس خودگردان دانشگاه واقع در تهران,1402-booklet,61,1402-booklet,61,کدرشته‌محل منبع: 32012
1402,دندانپزشکی,دانشگاه علوم پزشکی شهید بهشتی,,تهران,شهریه‌پرداز,شهریه پرداز,عادی,8,زن و مرد,نیمسال دوم,محل تحصیل پردیس خودگردان دانشگاه واقع در تهران,1402-booklet,61,1402-booklet,61,کدرشته‌محل منبع: 32013
1402,دندانپزشکی,دانشگاه علوم پزشکی شیراز,,,در جدول ذکر نشده,,بورسیه / شرایط خاص,10,زن 2 نفر و مرد 8 نفر,نیمسال اول,پذیرش از تمام متقاضیان سراسر کشور، با اولویت متقاضیان بومی استان فارس؛ دانشگاه علوم پزشکی شیراز - دارای تعهد خدمت یک و نیم برابر طول دوره تحصیل در فرماندهی انتظامی جمهوری اسلامی ایران,1402-booklet,172,1402-booklet,172,کدرشته‌محل منبع: 36379
1402,دندانپزشکی,دانشگاه علوم پزشکی شیراز,,,در جدول ذکر نشده,,تعهد خدمت,12,زن و مرد,نیمسال اول,پذیرش از تمام متقاضیان سراسر کشور، با اولویت متقاضیان بومی استان فارس؛ دانشگاه علوم پزشکی شیراز - دارای تعهد خدمت یک و نیم برابر طول دوره تحصیل در مناطق مورد نیاز دانشگاه علوم پزشکی شیراز,1402-booklet,172,1402-booklet,172,کدرشته‌محل منبع: 36380
1402,دندانپزشکی,دانشگاه علوم پزشکی شیراز,,فارس,روزانه,روزانه,عادی,52,زن و مرد,نیمسال اول,محدودیت در ارائه خوابگاه,1402-booklet,78,1402-booklet,78,کدرشته‌محل منبع: 32576
1402,دندانپزشکی,دانشگاه علوم پزشکی شیراز,,فارس,شهریه‌پرداز,شهریه پرداز,عادی,12,زن و مرد,نیمسال اول,فاقد خوابگاه,1402-booklet,79,1402-booklet,79,کدرشته‌محل منبع: 32599
1402,دندانپزشکی,دانشگاه علوم پزشکی قزوین,,,در جدول ذکر نشده,,تعهد خدمت,7,زن و مرد,نیمسال اول,پذیرش از تمام متقاضیان سراسر کشور، با اولویت متقاضیان بومی استان قزوین؛ دانشگاه علوم پزشکی قزوین- دارای تعهد خدمت یک و نیم برابر طول دوره تحصیل در مناطق مورد نیاز دانشگاه علوم پزشکی قزوین,1402-booklet,172,1402-booklet,172,کدرشته‌محل منبع: 36383
1402,دندانپزشکی,دانشگاه علوم پزشکی قزوین,,قزوین,روزانه,روزانه,عادی,19,زن و مرد,نیمسال اول,,1402-booklet,80,1402-booklet,80,کدرشته‌محل منبع: 32656
1402,دندانپزشکی,دانشگاه علوم پزشکی قزوین,,قزوین,شهریه‌پرداز,شهریه پرداز,عادی,5,زن و مرد,نیمسال اول,,1402-booklet,81,1402-booklet,81,کدرشته‌محل منبع: 32668
1402,دندانپزشکی,دانشگاه علوم پزشکی قم,,,در جدول ذکر نشده,,تعهد خدمت,7,زن و مرد,نیمسال اول,پذیرش از تمام متقاضیان سراسر کشور، با اولویت متقاضیان بومی استان قم؛ دانشگاه علوم پزشکی قم - دارای تعهد خدمت یک و نیم برابر طول دوره تحصیل در مناطق مورد نیاز دانشگاه علوم پزشکی قم,1402-booklet,172,1402-booklet,172,کدرشته‌محل منبع: 36387
1402,دندانپزشکی,دانشگاه علوم پزشکی قم,,قم,روزانه,روزانه,عادی,15,زن و مرد,نیمسال اول,عدم تعهد در واگذاری خوابگاه,1402-booklet,81,1402-booklet,81,کدرشته‌محل منبع: 32681
1402,دندانپزشکی,دانشگاه علوم پزشکی قم,,قم,شهریه‌پرداز,شهریه پرداز,عادی,3,زن و مرد,نیمسال اول,عدم تعهد در واگذاری خوابگاه,1402-booklet,81,1402-booklet,81,کدرشته‌محل منبع: 32693
1402,دندانپزشکی,دانشگاه علوم پزشکی لرستان,,,در جدول ذکر نشده,,تعهد خدمت,6,زن و مرد,نیمسال اول,پذیرش از تمام متقاضیان سراسر کشور، با اولویت متقاضیان بومی استان لرستان؛ دانشگاه علوم پزشکی لرستان - خرم آباد - دارای تعهد خدمت یک و نیم برابر طول دوره تحصیل در مناطق مورد نیاز دانشگاه علوم پزشکی لرستان - محدودیت در ارائه خوابگاه,1402-booklet,175,1402-booklet,175,کدرشته‌محل منبع: 36432
1402,دندانپزشکی,دانشگاه علوم پزشکی لرستان,,لرستان,روزانه,روزانه,عادی,10,زن و مرد,نیمسال اول,محدودیت در ارائه خوابگاه,1402-booklet,89,1402-booklet,89,کدرشته‌محل منبع: 32919
1402,دندانپزشکی,دانشگاه علوم پزشکی لرستان,,لرستان,شهریه‌پرداز,شهریه پرداز,عادی,3,زن و مرد,نیمسال اول,محدودیت در ارائه خوابگاه,1402-booklet,89,1402-booklet,89,کدرشته‌محل منبع: 32937
1402,دندانپزشکی,دانشگاه علوم پزشکی مازندران,,,در جدول ذکر نشده,,بورسیه / شرایط خاص,5,زن 1 نفر و مرد 4 نفر,نیمسال اول,پذیرش از تمام متقاضیان سراسر کشور، با اولویت متقاضیان بومی استان مازندران؛ دانشگاه علوم پزشکی مازندران - ساری - دارای تعهد خدمت یک و نیم برابر طول دوره تحصیل در فرماندهی انتظامی جمهوری اسلامی ایران,1402-booklet,175,1402-booklet,175,کدرشته‌محل منبع: 36443
1402,دندانپزشکی,دانشگاه علوم پزشکی مازندران,,,در جدول ذکر نشده,,تعهد خدمت,13,زن و مرد,نیمسال اول,پذیرش از تمام متقاضیان سراسر کشور، با اولویت متقاضیان بومی استان مازندران؛ دانشگاه علوم پزشکی مازندران - ساری - دارای تعهد خدمت یک و نیم برابر طول دوره تحصیل در مناطق مورد نیاز دانشگاه علوم پزشکی مازندران,1402-booklet,175,1402-booklet,175,کدرشته‌محل منبع: 36442
1402,دندانپزشکی,دانشگاه علوم پزشکی مازندران,,مازندران,روزانه,روزانه,عادی,20,زن و مرد,نیمسال اول,,1402-booklet,91,1402-booklet,91,کدرشته‌محل منبع: 32987
1402,دندانپزشکی,دانشگاه علوم پزشکی مازندران,,مازندران,شهریه‌پرداز,شهریه پرداز,عادی,3,زن و مرد,نیمسال اول,فاقد خوابگاه,1402-booklet,91,1402-booklet,91,کدرشته‌محل منبع: 33002
1402,دندانپزشکی,دانشگاه علوم پزشکی مشهد,,,در جدول ذکر نشده,,بورسیه / شرایط خاص,10,زن 2 نفر و مرد 8 نفر,نیمسال دوم,پذیرش از تمام متقاضیان سراسر کشور، با اولویت متقاضیان بومی استان خراسان رضوی؛ دانشگاه علوم پزشکی مشهد- دارای تعهد خدمت یک و نیم برابر طول دوره تحصیل در فرماندهی انتظامی جمهوری اسلامی ایران,1402-booklet,169,1402-booklet,169,کدرشته‌محل منبع: 36338
1402,دندانپزشکی,دانشگاه علوم پزشکی مشهد,,,در جدول ذکر نشده,,تعهد خدمت,15,زن و مرد,نیمسال اول,پذیرش از تمام متقاضیان سراسر کشور، با اولویت متقاضیان بومی استان خراسان رضوی؛ دانشگاه علوم پزشکی مشهد- دارای تعهد خدمت یک و نیم برابر طول دوره تحصیل در مناطق مورد نیاز دانشگاه علوم پزشکی مشهد,1402-booklet,169,1402-booklet,169,کدرشته‌محل منبع: 36337
1402,دندانپزشکی,دانشگاه علوم پزشکی مشهد,,,در جدول ذکر نشده,,تعهد خدمت,5,زن و مرد,نیمسال دوم,پذیرش از تمام متقاضیان سراسر کشور، با اولویت متقاضیان بومی استان خراسان رضوی؛ دانشگاه علوم پزشکی مشهد- دارای تعهد خدمت یک و نیم برابر طول دوره تحصیل در مناطق مورد نیاز دانشگاه علوم پزشکی مشهد,1402-booklet,169,1402-booklet,169,کدرشته‌محل منبع: 36336
1402,دندانپزشکی,دانشگاه علوم پزشکی مشهد,,خراسان رضوی,روزانه,روزانه,عادی,30,زن و مرد,نیمسال اول,,1402-booklet,66,1402-booklet,66,کدرشته‌محل منبع: 32198
1402,دندانپزشکی,دانشگاه علوم پزشکی مشهد,,خراسان رضوی,روزانه,روزانه,عادی,29,زن و مرد,نیمسال دوم,,1402-booklet,66,1402-booklet,66,کدرشته‌محل منبع: 32199
1402,دندانپزشکی,دانشگاه علوم پزشکی مشهد,,خراسان رضوی,شهریه‌پرداز,شهریه پرداز,عادی,5,زن و مرد,نیمسال اول,محل تحصیل پردیس خودگردان دانشگاه - معرفی به خوابگاههای خودگردان,1402-booklet,67,1402-booklet,67,کدرشته‌محل منبع: 32241
1402,دندانپزشکی,دانشگاه علوم پزشکی مشهد,,خراسان رضوی,شهریه‌پرداز,شهریه پرداز,عادی,5,زن و مرد,نیمسال دوم,محل تحصیل پردیس خودگردان دانشگاه - معرفی به خوابگاههای خودگردان,1402-booklet,67,1402-booklet,67,کدرشته‌محل منبع: 32242
1402,دندانپزشکی,دانشگاه علوم پزشکی همدان,,,در جدول ذکر نشده,,تعهد خدمت,3,زن و مرد,نیمسال اول,مخصوص داوطلبان بومی استان همدان؛ دانشگاه علوم پزشکی همدان - دارای تعهد خدمت یک و نیم برابر طول دوره تحصیل در مناطق مورد نیاز دانشگاه علوم پزشکی همدان,1402-booklet,180,1402-booklet,180,کدرشته‌محل منبع: 36054
1402,دندانپزشکی,دانشگاه علوم پزشکی همدان,,,در جدول ذکر نشده,,تعهد خدمت,18,زن و مرد,نیمسال اول,پذیرش از تمام متقاضیان سراسر کشور، با اولویت متقاضیان بومی استان همدان؛ دانشگاه علوم پزشکی همدان - دارای تعهد خدمت یک و نیم برابر طول دوره تحصیل در مناطق مورد نیاز دانشگاه علوم پزشکی همدان - فاقد خوابگاه,1402-booklet,176,1402-booklet,176,کدرشته‌محل منبع: 36457
1402,دندانپزشکی,دانشگاه علوم پزشکی همدان,,همدان,روزانه,روزانه,عادی,39,زن و مرد,نیمسال اول,فاقد خوابگاه,1402-booklet,95,1402-booklet,95,کدرشته‌محل منبع: 33126
1402,دندانپزشکی,دانشگاه علوم پزشکی همدان,,همدان,شهریه‌پرداز,شهریه پرداز,عادی,5,زن و مرد,نیمسال اول,محل تحصیل پردیس خودگردان دانشگاه - فاقد خوابگاه,1402-booklet,95,1402-booklet,95,کدرشته‌محل منبع: 33153
1402,دندانپزشکی,دانشگاه علوم پزشکی کاشان,,,در جدول ذکر نشده,,تعهد خدمت,2,زن و مرد,نیمسال اول,مخصوص داوطلبان بومی استان اصفهان؛ دانشگاه علوم پزشکی کاشان - دارای تعهد خدمت یک و نیم برابر طول دوره تحصیل در مناطق مورد نیاز دانشگاه علوم پزشکی کاشان,1402-booklet,178,1402-booklet,178,کدرشته‌محل منبع: 36008
1402,دندانپزشکی,دانشگاه علوم پزشکی کاشان,,,در جدول ذکر نشده,,تعهد خدمت,4,زن و مرد,نیمسال اول,پذیرش از تمام متقاضیان سراسر کشور، با اولویت متقاضیان بومی استان اصفهان؛ دانشگاه علوم پزشکی کاشان - دارای تعهد خدمت یک و نیم برابر طول دوره تحصیل در مناطق مورد نیاز دانشگاه علوم پزشکی کاشان - محدودیت در ارائه خوابگاه,1402-booklet,167,1402-booklet,167,کدرشته‌محل منبع: 36285
1402,دندانپزشکی,دانشگاه علوم پزشکی کاشان,,اصفهان,روزانه,روزانه,عادی,12,زن و مرد,نیمسال اول,محدودیت در ارائه خوابگاه,1402-booklet,52,1402-booklet,52,کدرشته‌محل منبع: 31781
1402,دندانپزشکی,دانشگاه علوم پزشکی کردستان,,,در جدول ذکر نشده,,بورسیه / شرایط خاص,3,زن 1 نفر و مرد 2 نفر,نیمسال اول,پذیرش از تمام متقاضیان سراسر کشور، با اولویت متقاضیان بومی استان کردستان؛ دانشگاه علوم پزشکی کردستان - سنندج - دارای تعهد خدمت یک و نیم برابر طول دوره تحصیل در فرماندهی انتظامی جمهوری اسلامی ایران - فاقد خوابگاه,1402-booklet,172,1402-booklet,172,کدرشته‌محل منبع: 36393
1402,دندانپزشکی,دانشگاه علوم پزشکی کردستان,,,در جدول ذکر نشده,,تعهد خدمت,6,زن و مرد,نیمسال اول,پذیرش از تمام متقاضیان سراسر کشور، با اولویت متقاضیان بومی استان کردستان؛ دانشگاه علوم پزشکی کردستان - سنندج - دارای تعهد خدمت یک و نیم برابر طول دوره تحصیل در مناطق مورد نیاز دانشگاه علوم پزشکی کردستان - فاقد خوابگاه,1402-booklet,172,1402-booklet,172,کدرشته‌محل منبع: 36392
1402,دندانپزشکی,دانشگاه علوم پزشکی کردستان,,کردستان,روزانه,روزانه,عادی,16,زن و مرد,نیمسال اول,فاقد خوابگاه,1402-booklet,82,1402-booklet,82,کدرشته‌محل منبع: 32705
1402,دندانپزشکی,دانشگاه علوم پزشکی کرمان,,,در جدول ذکر نشده,,بورسیه / شرایط خاص,10,زن 2 نفر و مرد 8 نفر,نیمسال اول,پذیرش از تمام متقاضیان سراسر کشور، با اولویت متقاضیان بومی استان کرمان؛ دانشگاه علوم پزشکی کرمان - دارای تعهد خدمت یک و نیم برابر طول دوره تحصیل در فرماندهی انتظامی جمهوری اسلامی ایران - عدم تعهد در واگذاری خوابگاه,1402-booklet,173,1402-booklet,173,کدرشته‌محل منبع: 36406
1402,دندانپزشکی,دانشگاه علوم پزشکی کرمان,,,در جدول ذکر نشده,,تعهد خدمت,2,زن و مرد,نیمسال اول,مخصوص داوطلبان بومی استان کرمان؛ دانشگاه علوم پزشکی کرمان - دارای تعهد خدمت یک و نیم برابر طول دوره تحصیل در مناطق مورد نیاز دانشگاه علوم پزشکی کرمان,1402-booklet,180,1402-booklet,180,کدرشته‌محل منبع: 36039
1402,دندانپزشکی,دانشگاه علوم پزشکی کرمان,,,در جدول ذکر نشده,,تعهد خدمت,12,زن و مرد,نیمسال اول,پذیرش از تمام متقاضیان سراسر کشور، با اولویت متقاضیان بومی استان کرمان؛ دانشگاه علوم پزشکی کرمان - دارای تعهد خدمت یک و نیم برابر طول دوره تحصیل در مناطق مورد نیاز دانشگاه علوم پزشکی کرمان - عدم تعهد در واگذاری خوابگاه,1402-booklet,173,1402-booklet,173,کدرشته‌محل منبع: 36407
1402,دندانپزشکی,دانشگاه علوم پزشکی کرمان,,کرمان,روزانه,روزانه,عادی,34,زن و مرد,نیمسال اول,عدم تعهد در واگذاری خوابگاه,1402-booklet,84,1402-booklet,84,کدرشته‌محل منبع: 32772
1402,دندانپزشکی,دانشگاه علوم پزشکی کرمان,,کرمان,شهریه‌پرداز,شهریه پرداز,عادی,7,زن و مرد,نیمسال اول,فاقد خوابگاه,1402-booklet,85,1402-booklet,85,کدرشته‌محل منبع: 32788
1402,دندانپزشکی,دانشگاه علوم پزشکی کرمانشاه,,,در جدول ذکر نشده,,بورسیه / شرایط خاص,10,زن 2 نفر و مرد 8 نفر,نیمسال اول,پذیرش از تمام متقاضیان سراسر کشور، با اولویت متقاضیان بومی استان کرمانشاه؛ دانشگاه علوم پزشکی کرمانشاه - دارای تعهد خدمت یک و نیم برابر طول دوره تحصیل در فرماندهی انتظامی جمهوری اسلامی ایران - عدم تعهد در واگذاری خوابگاه,1402-booklet,174,1402-booklet,174,کدرشته‌محل منبع: 36414
1402,دندانپزشکی,دانشگاه علوم پزشکی کرمانشاه,,,در جدول ذکر نشده,,تعهد خدمت,7,زن و مرد,نیمسال اول,مخصوص داوطلبان بومی استان کرمانشاه؛ دانشگاه علوم پزشکی کرمانشاه - دارای تعهد خدمت یک و نیم برابر طول دوره تحصیل در مناطق مورد نیاز دانشگاه علوم پزشکی کرمانشاه,1402-booklet,180,1402-booklet,180,کدرشته‌محل منبع: 36041
1402,دندانپزشکی,دانشگاه علوم پزشکی کرمانشاه,,,در جدول ذکر نشده,,تعهد خدمت,12,زن و مرد,نیمسال اول,پذیرش از تمام متقاضیان سراسر کشور، با اولویت متقاضیان بومی استان کرمانشاه؛ دانشگاه علوم پزشکی کرمانشاه - دارای تعهد خدمت یک و نیم برابر طول دوره تحصیل در مناطق مورد نیاز دانشگاه علوم پزشکی کرمانشاه - عدم تعهد در واگذاری خوابگاه,1402-booklet,174,1402-booklet,174,کدرشته‌محل منبع: 36413
1402,دندانپزشکی,دانشگاه علوم پزشکی کرمانشاه,,کرمانشاه,روزانه,روزانه,عادی,29,زن و مرد,نیمسال اول,عدم تعهد در واگذاری خوابگاه,1402-booklet,85,1402-booklet,85,کدرشته‌محل منبع: 32807
1402,دندانپزشکی,دانشگاه علوم پزشکی کرمانشاه,,کرمانشاه,شهریه‌پرداز,شهریه پرداز,عادی,5,زن و مرد,نیمسال اول,عدم تعهد در واگذاری خوابگاه,1402-booklet,86,1402-booklet,86,کدرشته‌محل منبع: 32826
1402,دندانپزشکی,دانشگاه علوم پزشکی گلستان,,,در جدول ذکر نشده,,تعهد خدمت,4,زن و مرد,نیمسال دوم,پذیرش از تمام متقاضیان سراسر کشور، با اولویت متقاضیان بومی استان گلستان؛ دانشگاه علوم پزشکی گلستان - گرگان - دارای تعهد خدمت یک و نیم برابر طول دوره تحصیل در مناطق مورد نیاز دانشگاه علوم پزشکی گلستان - فاقد خوابگاه,1402-booklet,174,1402-booklet,174,کدرشته‌محل منبع: 36422
1402,دندانپزشکی,دانشگاه علوم پزشکی گلستان,,گلستان,روزانه,روزانه,عادی,14,زن و مرد,نیمسال دوم,فاقد خوابگاه,1402-correction-5,7,1402-booklet,87,کدرشته‌محل منبع: 32860
1402,دندانپزشکی,دانشگاه علوم پزشکی گیلان,,,در جدول ذکر نشده,,تعهد خدمت,5,زن و مرد,نیمسال اول,پذیرش از تمام متقاضیان سراسر کشور، با اولویت متقاضیان بومی استان گیلان؛ دانشگاه علوم پزشکی گیلان - رشت- دارای تعهد خدمت یک و نیم برابر طول دوره تحصیل در مناطق مورد نیاز دانشگاه علوم پزشکی گیلان - عدم تعهد در واگذاری خوابگاه,1402-booklet,174,1402-booklet,174,کدرشته‌محل منبع: 36427
1402,دندانپزشکی,دانشگاه علوم پزشکی گیلان,,,در جدول ذکر نشده,,تعهد خدمت,4,زن و مرد,نیمسال دوم,پذیرش از تمام متقاضیان سراسر کشور، با اولویت متقاضیان بومی استان گیلان؛ دانشگاه علوم پزشکی گیلان - رشت- دارای تعهد خدمت یک و نیم برابر طول دوره تحصیل در مناطق مورد نیاز دانشگاه علوم پزشکی گیلان - عدم تعهد در واگذاری خوابگاه,1402-booklet,174,1402-booklet,174,کدرشته‌محل منبع: 36428
1402,دندانپزشکی,دانشگاه علوم پزشکی گیلان,,گیلان,روزانه,روزانه,عادی,19,زن و مرد,نیمسال اول,عدم تعهد در واگذاری خوابگاه,1402-booklet,87,1402-booklet,87,کدرشته‌محل منبع: 32883
1402,دندانپزشکی,دانشگاه علوم پزشکی گیلان,,گیلان,روزانه,روزانه,عادی,19,زن و مرد,نیمسال دوم,عدم تعهد در واگذاری خوابگاه,1402-booklet,87,1402-booklet,87,کدرشته‌محل منبع: 32884
1402,دندانپزشکی,دانشگاه علوم پزشکی گیلان,محل تحصیل پردیس خودگردان واقع در بندر انزلی,گیلان,شهریه‌پرداز,شهریه پرداز,عادی,18,زن و مرد,نیمسال دوم,عدم تعهد در واگذاری خوابگاه,1402-booklet,88,1402-booklet,88,کدرشته‌محل منبع: 32909
1402,دندانپزشکی,دانشگاه علوم پزشکی یاسوج,,,در جدول ذکر نشده,,تعهد خدمت,4,زن و مرد,نیمسال اول,مخصوص داوطلبان بومی استان کهگیلویه وبویراحمد؛ دانشگاه علوم پزشکی یاسوج - دارای تعهد خدمت یک و نیم برابر طول دوره تحصیل در مناطق مورد نیاز دانشگاه علوم پزشکی یاسوج,1402-booklet,180,1402-booklet,180,کدرشته‌محل منبع: 36043
1402,دندانپزشکی,دانشگاه علوم پزشکی یاسوج,,,در جدول ذکر نشده,,تعهد خدمت,3,زن و مرد,نیمسال اول,پذیرش از تمام متقاضیان سراسر کشور، با اولویت متقاضیان بومی استان کهگیلویه و بویراحمد؛ دانشگاه علوم پزشکی یاسوج - دارای تعهد خدمت یک و نیم برابر طول دوره تحصیل در مناطق مورد نیاز دانشگاه علوم پزشکی یاسوج - عدم تعهد در واگذاری خوابگاه,1402-booklet,174,1402-booklet,174,کدرشته‌محل منبع: 36418
1402,دندانپزشکی,دانشگاه علوم پزشکی یاسوج,,کهگیلویه و بویراحمد,روزانه,روزانه,عادی,11,زن و مرد,نیمسال اول,عدم تعهد در واگذاری خوابگاه,1402-booklet,86,1402-booklet,86,کدرشته‌محل منبع: 32844
1402,دندانپزشکی,دانشگاه علوم پزشکی یزد,,,در جدول ذکر نشده,,تعهد خدمت,22,زن و مرد,نیمسال اول,پذیرش از تمام متقاضیان سراسر کشور، با اولویت متقاضیان بومی استان یزد؛ دانشگاه علوم پزشکی یزد - دارای تعهد خدمت یک و نیم برابر طول دوره تحصیل در مناطق مورد نیاز دانشگاه علوم پزشکی یزد - عدم تعهد در واگذاری خوابگاه,1402-booklet,176,1402-booklet,176,کدرشته‌محل منبع: 36461
1402,دندانپزشکی,دانشگاه علوم پزشکی یزد,,یزد,روزانه,روزانه,عادی,33,زن و مرد,نیمسال اول,عدم تعهد در واگذاری خوابگاه,1402-booklet,96,1402-booklet,96,کدرشته‌محل منبع: 33180
1402,دندانپزشکی,دانشگاه علوم پزشکی یزد,,یزد,شهریه‌پرداز,شهریه پرداز,عادی,10,زن و مرد,نیمسال دوم,محل تحصیل پردیس خودگردان واقع در احمدآباد مشیر- عدم تعهد در واگذاری خوابگاه,1402-booklet,97,1402-booklet,97,کدرشته‌محل منبع: 33194
1402,داروسازی,دانشگاه آزاد اسلامی استان تهران - واحد پزشکی تهران,,تهران,آزاد,آزاد تمام وقت,عادی,48,زن و مرد,نیمسال اول,,1402-booklet,62,1402-booklet,62,کدرشته‌محل منبع: 32047
1402,داروسازی,دانشگاه آزاد اسلامی استان تهران - واحد پزشکی تهران,,تهران,آزاد,آزاد تمام وقت,عادی,48,زن و مرد,نیمسال دوم,,1402-booklet,62,1402-booklet,62,کدرشته‌محل منبع: 32048
1402,داروسازی,دانشگاه آزاد اسلامی استان تهران - واحد پزشکی تهران,,تهران,خودگردان دانشگاه آزاد,خودگردان آزاد,عادی,12,زن و مرد,نیمسال اول,,1402-booklet,62,1402-booklet,62,کدرشته‌محل منبع: 32054
1402,داروسازی,دانشگاه آزاد اسلامی استان تهران - واحد پزشکی تهران,,تهران,خودگردان دانشگاه آزاد,خودگردان آزاد,عادی,12,زن و مرد,نیمسال دوم,,1402-booklet,62,1402-booklet,62,کدرشته‌محل منبع: 32055
1402,داروسازی,دانشگاه آزاد اسلامی استان سمنان - واحد دامغان,,سمنان,آزاد,آزاد تمام وقت,عادی,10,زن و مرد,نیمسال اول,,1402-booklet,75,1402-booklet,75,کدرشته‌محل منبع: 32486
1402,داروسازی,دانشگاه آزاد اسلامی استان مازندران - واحد آیت ا... آملی,,مازندران,آزاد,آزاد تمام وقت,عادی,10,زن و مرد,نیمسال اول,,1402-booklet,92,1402-booklet,92,کدرشته‌محل منبع: 33023
1402,داروسازی,دانشگاه علوم پزشکی اردبیل,,اردبیل,روزانه,روزانه,عادی,23,زن و مرد,نیمسال اول,فاقد خوابگاه,1402-booklet,49,1402-booklet,49,کدرشته‌محل منبع: 31709
1402,داروسازی,دانشگاه علوم پزشکی اردبیل,,اردبیل,شهریه‌پرداز,شهریه پرداز,عادی,8,زن و مرد,نیمسال اول,محل تحصیل پردیس خودگردان دانشگاه - فاقد خوابگاه,1402-booklet,50,1402-booklet,50,کدرشته‌محل منبع: 31728
1402,داروسازی,دانشگاه علوم پزشکی ارومیه,,,در جدول ذکر نشده,,تعهد خدمت,3,زن,نیمسال اول,مخصوص داوطلبان بومی استان آذربایجان غربی؛ دانشگاه علوم پزشکی ارومیه- دارای تعهد خدمت یک و نیم برابر طول دوره تحصیلی در مناطق مورد نیاز دانشگاه علوم پزشکی ارومیه,1402-booklet,178,1402-booklet,178,کدرشته‌محل منبع: 36003
1402,داروسازی,دانشگاه علوم پزشکی ارومیه,,آذربایجان غربی,روزانه,روزانه,عادی,20,زن و مرد,نیمسال اول,عدم تعهد در واگذاری خوابگاه,1402-booklet,48,1402-booklet,48,کدرشته‌محل منبع: 31669
1402,داروسازی,دانشگاه علوم پزشکی ارومیه,,آذربایجان غربی,شهریه‌پرداز,شهریه پرداز,عادی,7,زن و مرد,نیمسال اول,محل تحصیل پردیس خودگردان دانشگاه - عدم تعهد در واگذاری خوابگاه,1402-booklet,48,1402-booklet,48,کدرشته‌محل منبع: 31690
1402,داروسازی,دانشگاه علوم پزشکی اصفهان,,,در جدول ذکر نشده,,تعهد خدمت,14,زن و مرد,نیمسال اول,مخصوص داوطلبان بومی استان اصفهان؛ دانشگاه علوم پزشکی اصفهان - دارای تعهد خدمت یک و نیم برابر طول دوره تحصیلی در مناطق مورد نیاز دانشگاه علوم پزشکی اصفهان,1402-booklet,178,1402-booklet,178,کدرشته‌محل منبع: 36007
1402,داروسازی,دانشگاه علوم پزشکی اصفهان,,اصفهان,روزانه,روزانه,عادی,36,زن و مرد,نیمسال اول,محدودیت در ارائه خوابگاه,1402-booklet,51,1402-booklet,51,کدرشته‌محل منبع: 31739
1402,داروسازی,دانشگاه علوم پزشکی اصفهان,,اصفهان,شهریه‌پرداز,شهریه پرداز,عادی,15,زن و مرد,نیمسال اول,محل تحصیل پردیس خودگردان دانشگاه - معرفی به خوابگاههای خودگردان,1402-booklet,51,1402-booklet,51,کدرشته‌محل منبع: 31762
1402,داروسازی,دانشگاه علوم پزشکی البرز,,البرز,روزانه,روزانه,عادی,20,زن و مرد,نیمسال اول,عدم تعهد در واگذاری خوابگاه,1402-booklet,53,1402-booklet,53,کدرشته‌محل منبع: 31817
1402,داروسازی,دانشگاه علوم پزشکی البرز,,البرز,شهریه‌پرداز,شهریه پرداز,عادی,7,زن و مرد,نیمسال اول,عدم تعهد در واگذاری خوابگاه,1402-booklet,53,1402-booklet,53,کدرشته‌محل منبع: 31829
1402,داروسازی,دانشگاه علوم پزشکی ایران,,تهران,روزانه,روزانه,عادی,25,زن و مرد,نیمسال اول,,1402-booklet,57,1402-booklet,57,کدرشته‌محل منبع: 31915
1402,داروسازی,دانشگاه علوم پزشکی ایران,,تهران,شهریه‌پرداز,شهریه پرداز,عادی,5,زن و مرد,نیمسال اول,,1402-booklet,57,1402-booklet,57,کدرشته‌محل منبع: 31931
1402,داروسازی,دانشگاه علوم پزشکی بقیهاله)عج( - تهران,,تهران,روزانه,روزانه,بورسیه / شرایط خاص,20,مرد,نیمسال اول,شرایط مندرج در اطلاعیه رشته های دارای شرایط خاص - پذیرش از میان داوطلبان با عضویت بسیجی و نهایتا جذب بصورت بورسیه و استخدام سپاه پاسداران انقلاب اسلامی,1402-booklet,58,1402-booklet,58,کدرشته‌محل منبع: 31934
1402,داروسازی,دانشگاه علوم پزشکی بقیهاله)عج( - تهران,,تهران,روزانه,روزانه,بورسیه / شرایط خاص,5,مرد,نیمسال اول,شرایط مندرج در اطلاعیه رشته های دارای شرایط خاص - پذیرش از میان داوطلبان و نهایتا جذب بصورت بورسیه و استخدام نیروی انتظامی,1402-booklet,58,1402-booklet,58,کدرشته‌محل منبع: 31935
1402,داروسازی,دانشگاه علوم پزشکی بندر عباس,,,در جدول ذکر نشده,,تعهد خدمت,10,زن و مرد,نیمسال اول,مخصوص داوطلبان بومی استان هرمزگان؛ دانشگاه علوم پزشکی بندر عباس - دارای تعهد خدمت یک و نیم برابر طول دوره تحصیلی در مناطق مورد نیاز دانشگاه علوم پزشکی بندرعباس - ممنوعیت تغییر رشته و انتقال,1402-booklet,180,1402-booklet,180,کدرشته‌محل منبع: 36051
1402,داروسازی,دانشگاه علوم پزشکی بندر عباس,,هرمزگان,روزانه,روزانه,عادی,15,زن و مرد,نیمسال اول,فاقد خوابگاه,1402-booklet,94,1402-booklet,94,کدرشته‌محل منبع: 33089
1402,داروسازی,دانشگاه علوم پزشکی بندر عباس,,هرمزگان,شهریه‌پرداز,شهریه پرداز,عادی,10,زن و مرد,نیمسال اول,فاقد خوابگاه,1402-booklet,94,1402-booklet,94,کدرشته‌محل منبع: 33105
1402,داروسازی,دانشگاه علوم پزشکی بیرجند,,,در جدول ذکر نشده,,تعهد خدمت,3,زن و مرد,نیمسال اول,مخصوص داوطلبان بومی استان خراسان جنوبی؛ دانشگاه علوم پزشکی بیرجند- دارای تعهد خدمت یک و نیم برابر مدت تحصیل در مناطق مورد نیاز دانشگاه علوم پزشکی بیرجند,1402-booklet,178,1402-booklet,178,کدرشته‌محل منبع: 36015
1402,داروسازی,دانشگاه علوم پزشکی بیرجند,,خراسان جنوبی,روزانه,روزانه,عادی,17,زن و مرد,نیمسال اول,عدم تعهد در واگذاری خوابگاه,1402-booklet,63,1402-booklet,63,کدرشته‌محل منبع: 32083
1402,داروسازی,دانشگاه علوم پزشکی بیرجند,,خراسان جنوبی,شهریه‌پرداز,شهریه پرداز,عادی,5,زن و مرد,نیمسال اول,عدم تعهد در واگذاری خوابگاه,1402-booklet,63,1402-booklet,63,کدرشته‌محل منبع: 32095
1402,داروسازی,دانشگاه علوم پزشکی تبریز,,آذربایجان شرقی,روزانه,روزانه,عادی,30,زن و مرد,نیمسال اول,عدم تعهد در واگذاری خوابگاه,1402-booklet,46,1402-booklet,46,کدرشته‌محل منبع: 31603
1402,داروسازی,دانشگاه علوم پزشکی تبریز,,آذربایجان شرقی,روزانه,روزانه,عادی,30,زن و مرد,نیمسال دوم,عدم تعهد در واگذاری خوابگاه,1402-booklet,46,1402-booklet,46,کدرشته‌محل منبع: 31604
1402,داروسازی,دانشگاه علوم پزشکی تبریز,,آذربایجان شرقی,شهریه‌پرداز,شهریه پرداز,عادی,7,زن و مرد,نیمسال اول,محل تحصیل پردیس خودگردان دانشگاه علوم پزشکی تبریز- فاقد خوابگاه,1402-booklet,47,1402-booklet,47,کدرشته‌محل منبع: 31635
1402,داروسازی,دانشگاه علوم پزشکی تبریز,,آذربایجان شرقی,شهریه‌پرداز,شهریه پرداز,عادی,8,زن و مرد,نیمسال دوم,محل تحصیل پردیس خودگردان دانشگاه علوم پزشکی تبریز- فاقد خوابگاه,1402-booklet,47,1402-booklet,47,کدرشته‌محل منبع: 31636
1402,داروسازی,دانشگاه علوم پزشکی تهران,,تهران,روزانه,روزانه,عادی,80,زن و مرد,نیمسال اول,,1402-booklet,60,1402-booklet,60,کدرشته‌محل منبع: 31956
1402,داروسازی,دانشگاه علوم پزشکی تهران,,تهران,شهریه‌پرداز,شهریه پرداز,عادی,40,زن و مرد,نیمسال اول,فاقد خوابگاه,1402-booklet,60,1402-booklet,60,کدرشته‌محل منبع: 31975
1402,داروسازی,دانشگاه علوم پزشکی جندی شاپور,,,در جدول ذکر نشده,,تعهد خدمت,2,مرد,نیمسال اول,مخصوص داوطلبان بومی استان خوزستان؛ دانشگاه علوم پزشکی جندی شاپور - اهواز - دارای تعهد خدمت یک و نیم برابر طول مدت تحصیل در مناطق مورد نیاز دانشگاه,1402-booklet,179,1402-booklet,179,کدرشته‌محل منبع: 36022
1402,داروسازی,دانشگاه علوم پزشکی جندی شاپور,,خوزستان,روزانه,روزانه,عادی,38,زن و مرد,نیمسال اول,,1402-booklet,69,1402-booklet,69,کدرشته‌محل منبع: 32308
1402,داروسازی,دانشگاه علوم پزشکی جندی شاپور,,خوزستان,شهریه‌پرداز,شهریه پرداز,عادی,15,زن و مرد,نیمسال اول,محل تحصیل پردیس خودگردان دانشگاه,1402-booklet,70,1402-booklet,70,کدرشته‌محل منبع: 32343
1402,داروسازی,دانشگاه علوم پزشکی زابل,,,در جدول ذکر نشده,,تعهد خدمت,7,زن و مرد,نیمسال اول,مخصوص داوطلبان بومی استان سیستان و بلوچستان با اولویت پذیرش داوطلبان بومی مناطق تحت پوشش دانشگاه علوم پزشکی؛ دانشگاه علوم پزشکی زابل- دارای تعهد خدمت یک و نیم برابر طول مدت تحصیل در مناطق مورد نیاز دانشگاه علوم پزشکی زابل,1402-booklet,179,1402-booklet,179,کدرشته‌محل منبع: 36031
1402,داروسازی,دانشگاه علوم پزشکی زابل,,,در جدول ذکر نشده,,تعهد خدمت,7,زن و مرد,نیمسال اول,مخصوص داوطلبان بومی استان سیستان و بلوچستان با اولویت پذیرش داوطلبان بومی مناطق تحت پوشش دانشگاه علوم پزشکی؛ دانشگاه علوم پزشکی زابل- دارای تعهد خدمت یک و نیم برابر طول مدت تحصیل در مناطق مورد نیاز دانشگاه علوم پزشکی زاهدان,1402-booklet,179,1402-booklet,179,کدرشته‌محل منبع: 36032
1402,داروسازی,دانشگاه علوم پزشکی زابل,,,در جدول ذکر نشده,,تعهد خدمت,7,زن و مرد,نیمسال اول,مخصوص داوطلبان بومی استان سیستان و بلوچستان با اولویت پذیرش داوطلبان بومی مناطق تحت پوشش دانشگاه علوم پزشکی؛ دانشگاه علوم پزشکی زابل- دارای تعهد خدمت یک و نیم برابر طول مدت تحصیل در مناطق مورد نیاز دانشگاه علوم پزشکی ایرانشهر,1402-booklet,179,1402-booklet,179,کدرشته‌محل منبع: 36033
1402,داروسازی,دانشگاه علوم پزشکی زابل,,سیستان و بلوچستان,روزانه,روزانه,عادی,9,زن و مرد,نیمسال اول,فاقد خوابگاه,1402-booklet,76,1402-booklet,76,کدرشته‌محل منبع: 32509
1402,داروسازی,دانشگاه علوم پزشکی زابل,,سیستان و بلوچستان,شهریه‌پرداز,شهریه پرداز,عادی,5,زن و مرد,نیمسال اول,ممنوعیت انتقال - فاقد خوابگاه,1402-booklet,76,1402-booklet,76,کدرشته‌محل منبع: 32524
1402,داروسازی,دانشگاه علوم پزشکی زنجان,,زنجان,روزانه,روزانه,عادی,20,زن و مرد,نیمسال اول,عدم امکان تغییر شروع نیمسال تحصیلی- عدم تعهد در واگذاری خوابگاه,1402-booklet,73,1402-booklet,73,کدرشته‌محل منبع: 32419
1402,داروسازی,دانشگاه علوم پزشکی زنجان,,زنجان,روزانه,روزانه,عادی,20,زن و مرد,نیمسال دوم,عدم امکان تغییر نیمسال شروع به تحصیل- عدم تعهد در واگذاری خوابگاه,1402-booklet,73,1402-booklet,73,کدرشته‌محل منبع: 32420
1402,داروسازی,دانشگاه علوم پزشکی زنجان,,زنجان,شهریه‌پرداز,شهریه پرداز,عادی,7,زن و مرد,نیمسال اول,عدم امکان تغییر شروع نیمسال تحصیلی- محل تحصیل پردیس خودگردان دانشگاه - عدم تعهد در واگذاری خوابگاه,1402-booklet,74,1402-booklet,74,کدرشته‌محل منبع: 32441
1402,داروسازی,دانشگاه علوم پزشکی زنجان,,زنجان,شهریه‌پرداز,شهریه پرداز,عادی,8,زن و مرد,نیمسال دوم,عدم امکان تغییر شروع نیمسال تحصیلی- عدم تعهد در واگذاری خوابگاه,1402-booklet,73,1402-booklet,73,کدرشته‌محل منبع: 32435
1402,داروسازی,دانشگاه علوم پزشکی سمنان,,سمنان,روزانه,روزانه,عادی,14,زن و مرد,نیمسال اول,,1402-booklet,74,1402-booklet,74,کدرشته‌محل منبع: 32451
1402,داروسازی,دانشگاه علوم پزشکی سمنان,,سمنان,شهریه‌پرداز,شهریه پرداز,عادی,6,زن و مرد,نیمسال اول,عدم تعهد در واگذاری خوابگاه,1402-booklet,75,1402-booklet,75,کدرشته‌محل منبع: 32460
1402,داروسازی,دانشگاه علوم پزشکی شهید بهشتی,,تهران,روزانه,روزانه,عادی,50,زن و مرد,نیمسال اول,,1402-booklet,60,1402-booklet,60,کدرشته‌محل منبع: 31985
1402,داروسازی,دانشگاه علوم پزشکی شهید بهشتی,,تهران,شهریه‌پرداز,شهریه پرداز,عادی,20,زن و مرد,نیمسال اول,محل تحصیل پردیس خودگردان دانشگاه واقع در تهران,1402-booklet,61,1402-booklet,61,کدرشته‌محل منبع: 32011
1402,داروسازی,دانشگاه علوم پزشکی شیراز,,فارس,روزانه,روزانه,عادی,55,زن و مرد,نیمسال اول,محدودیت در ارائه خوابگاه,1402-booklet,78,1402-booklet,78,کدرشته‌محل منبع: 32575
1402,داروسازی,دانشگاه علوم پزشکی شیراز,,فارس,شهریه‌پرداز,شهریه پرداز,عادی,15,زن و مرد,نیمسال اول,فاقد خوابگاه,1402-booklet,79,1402-booklet,79,کدرشته‌محل منبع: 32598
1402,داروسازی,دانشگاه علوم پزشکی لرستان,,,در جدول ذکر نشده,,تعهد خدمت,4,زن و مرد,نیمسال اول,مخصوص داوطلبان بومی استان لرستان؛ دانشگاه علوم پزشکی لرستان - خرم آباد - دارای تعهد خدمت یک و نیم برابر طول دوره تحصیل در مناطق مورد نیاز دانشگاه علوم پزشکی لرستان,1402-booklet,180,1402-booklet,180,کدرشته‌محل منبع: 36044
1402,داروسازی,دانشگاه علوم پزشکی لرستان,,لرستان,روزانه,روزانه,عادی,23,زن و مرد,نیمسال اول,محدودیت در ارائه خوابگاه,1402-booklet,89,1402-booklet,89,کدرشته‌محل منبع: 32918
1402,داروسازی,دانشگاه علوم پزشکی لرستان,,لرستان,شهریه‌پرداز,شهریه پرداز,عادی,7,زن و مرد,نیمسال اول,محدودیت در ارائه خوابگاه,1402-booklet,89,1402-booklet,89,کدرشته‌محل منبع: 32936
1402,داروسازی,دانشگاه علوم پزشکی مازندران,,مازندران,روزانه,روزانه,عادی,40,زن و مرد,نیمسال اول,,1402-booklet,91,1402-booklet,91,کدرشته‌محل منبع: 32986
1402,داروسازی,دانشگاه علوم پزشکی مازندران,محل تحصیل پردیس خودگردان دانشگاه واقع در شهر رامسر,مازندران,شهریه‌پرداز,شهریه پرداز,عادی,14,زن و مرد,نیمسال اول,فاقد خوابگاه,1402-booklet,92,1402-booklet,92,کدرشته‌محل منبع: 33020
1402,داروسازی,دانشگاه علوم پزشکی مشهد,,,در جدول ذکر نشده,,تعهد خدمت,5,زن و مرد,نیمسال اول,مخصوص داوطلبان بومی استان خراسان رضوی؛ دانشگاه علوم پزشکی مشهد- دارای تعهد خدمت یک و نیم برابر طول مدت تحصیل در مناطق مورد نیاز دانشگاه,1402-booklet,178,1402-booklet,178,کدرشته‌محل منبع: 36018
1402,داروسازی,دانشگاه علوم پزشکی مشهد,,خراسان رضوی,روزانه,روزانه,عادی,45,زن و مرد,نیمسال اول,,1402-booklet,66,1402-booklet,66,کدرشته‌محل منبع: 32197
1402,داروسازی,دانشگاه علوم پزشکی مشهد,,خراسان رضوی,شهریه‌پرداز,شهریه پرداز,عادی,15,زن و مرد,نیمسال دوم,محل تحصیل پردیس خودگردان دانشگاه - معرفی به خوابگاههای خودگردان,1402-booklet,67,1402-booklet,67,کدرشته‌محل منبع: 32240
1402,داروسازی,دانشگاه علوم پزشکی همدان,,همدان,روزانه,روزانه,عادی,30,زن و مرد,نیمسال اول,فاقد خوابگاه,1402-booklet,95,1402-booklet,95,کدرشته‌محل منبع: 33125
1402,داروسازی,دانشگاه علوم پزشکی همدان,,همدان,شهریه‌پرداز,شهریه پرداز,عادی,15,زن و مرد,نیمسال اول,محل تحصیل پردیس خودگردان دانشگاه - فاقد خوابگاه,1402-booklet,95,1402-booklet,95,کدرشته‌محل منبع: 33152
1402,داروسازی,دانشگاه علوم پزشکی کرمان,,کرمان,روزانه,روزانه,عادی,38,زن و مرد,نیمسال اول,عدم تعهد در واگذاری خوابگاه,1402-booklet,84,1402-booklet,84,کدرشته‌محل منبع: 32771
1402,داروسازی,دانشگاه علوم پزشکی کرمان,,کرمان,شهریه‌پرداز,شهریه پرداز,عادی,15,زن و مرد,نیمسال اول,فاقد خوابگاه,1402-booklet,85,1402-booklet,85,کدرشته‌محل منبع: 32787
1402,داروسازی,دانشگاه علوم پزشکی کرمانشاه,,کرمانشاه,روزانه,روزانه,عادی,35,زن و مرد,نیمسال اول,عدم تعهد در واگذاری خوابگاه,1402-booklet,85,1402-booklet,85,کدرشته‌محل منبع: 32806
1402,داروسازی,دانشگاه علوم پزشکی کرمانشاه,,کرمانشاه,شهریه‌پرداز,شهریه پرداز,عادی,10,زن و مرد,نیمسال اول,محل تحصیل پردیس خودگردان دانشگاه - عدم تعهد در واگذاری خوابگاه,1402-booklet,86,1402-booklet,86,کدرشته‌محل منبع: 32839
1402,داروسازی,دانشگاه علوم پزشکی گیلان,,گیلان,روزانه,روزانه,عادی,25,زن و مرد,نیمسال اول,عدم تعهد در واگذاری خوابگاه به ویژه برای برادران - محل تحصیل دانشکده داروسازی,1402-booklet,88,1402-booklet,88,کدرشته‌محل منبع: 32910
1402,داروسازی,دانشگاه علوم پزشکی گیلان,,گیلان,شهریه‌پرداز,شهریه پرداز,عادی,7,زن و مرد,نیمسال اول,محل تحصیل دانشکده داروسازی - عدم تعهد در واگذاری خوابگاه,1402-booklet,88,1402-booklet,88,کدرشته‌محل منبع: 32911
1402,داروسازی,دانشگاه علوم پزشکی یزد,,یزد,روزانه,روزانه,عادی,25,زن و مرد,نیمسال اول,عدم تعهد در واگذاری خوابگاه,1402-booklet,96,1402-booklet,96,کدرشته‌محل منبع: 33179
1402,داروسازی,دانشگاه علوم پزشکی یزد,,یزد,شهریه‌پرداز,شهریه پرداز,عادی,10,زن و مرد,نیمسال دوم,محل تحصیل پردیس خودگردان واقع در احمدآباد مشیر- عدم تعهد در واگذاری خوابگاه,1402-booklet,97,1402-booklet,97,کدرشته‌محل منبع: 33193
1402,فیزیوتراپی,دانشگاه علوم توانبخشی و سلامت اجتماعی - ان) رشته های پزشکی(تهر,,تهران,روزانه,روزانه,عادی,15,زن و مرد,نیمسال اول,,1402-booklet,62,1402-booklet,62,کدرشته‌محل منبع: 32035
1402,فیزیوتراپی,دانشگاه علوم توانبخشی و سلامت اجتماعی - ان) رشته های پزشکی(تهر,,تهران,شهریه‌پرداز,شهریه پرداز,عادی,5,زن و مرد,نیمسال اول,,1402-booklet,62,1402-booklet,62,کدرشته‌محل منبع: 32040
1402,فیزیوتراپی,دانشگاه علوم پزشکی اصفهان,,اصفهان,روزانه,روزانه,عادی,18,زن و مرد,نیمسال اول,,1402-booklet,51,1402-booklet,51,کدرشته‌محل منبع: 31753
1402,فیزیوتراپی,دانشگاه علوم پزشکی اصفهان,,اصفهان,شهریه‌پرداز,شهریه پرداز,عادی,5,زن و مرد,نیمسال اول,محل تحصیل پردیس خودگردان دانشگاه - محدودیت در ارائه خوابگاه,1402-booklet,52,1402-booklet,52,کدرشته‌محل منبع: 31772
1402,فیزیوتراپی,دانشگاه علوم پزشکی ایران,,تهران,روزانه,روزانه,عادی,20,زن و مرد,نیمسال اول,,1402-booklet,57,1402-booklet,57,کدرشته‌محل منبع: 31925
1402,فیزیوتراپی,دانشگاه علوم پزشکی بابل,,مازندران,روزانه,روزانه,عادی,22,زن و مرد,نیمسال اول,عدم تعهد در واگذاری خوابگاه,1402-booklet,90,1402-booklet,90,کدرشته‌محل منبع: 32973
1402,فیزیوتراپی,دانشگاه علوم پزشکی بابل,,مازندران,شهریه‌پرداز,شهریه پرداز,عادی,8,زن و مرد,نیمسال اول,- محل تحصیل پردیس خودگردان دانشگاه - فاقد خوابگاه,1402-booklet,90,1402-booklet,90,کدرشته‌محل منبع: 32983
1402,فیزیوتراپی,دانشگاه علوم پزشکی تبریز,,آذربایجان شرقی,روزانه,روزانه,عادی,20,زن و مرد,نیمسال اول,عدم تعهد در واگذاری خوابگاه,1402-booklet,46,1402-booklet,46,کدرشته‌محل منبع: 31618
1402,فیزیوتراپی,دانشگاه علوم پزشکی تبریز,,آذربایجان شرقی,شهریه‌پرداز,شهریه پرداز,عادی,5,زن و مرد,نیمسال اول,فاقد خوابگاه,1402-booklet,47,1402-booklet,47,کدرشته‌محل منبع: 31632
1402,فیزیوتراپی,دانشگاه علوم پزشکی تهران,,تهران,روزانه,روزانه,عادی,21,زن و مرد,نیمسال اول,,1402-booklet,60,1402-booklet,60,کدرشته‌محل منبع: 31969
1402,فیزیوتراپی,دانشگاه علوم پزشکی تهران,,تهران,شهریه‌پرداز,شهریه پرداز,عادی,5,زن و مرد,نیمسال اول,فاقد خوابگاه,1402-booklet,60,1402-booklet,60,کدرشته‌محل منبع: 31980
1402,فیزیوتراپی,دانشگاه علوم پزشکی جندی شاپور,,خوزستان,روزانه,روزانه,عادی,20,زن و مرد,نیمسال اول,,1402-booklet,70,1402-booklet,70,کدرشته‌محل منبع: 32322
1402,فیزیوتراپی,دانشگاه علوم پزشکی جندی شاپور,,خوزستان,شهریه‌پرداز,شهریه پرداز,عادی,10,زن و مرد,نیمسال اول,محل تحصیل پردیس خودگردان دانشگاه,1402-booklet,70,1402-booklet,70,کدرشته‌محل منبع: 32344
1402,فیزیوتراپی,دانشگاه علوم پزشکی زاهدان,,سیستان و بلوچستان,روزانه,روزانه,عادی,20,زن و مرد,نیمسال اول,عدم تعهد در واگذاری خوابگاه,1402-booklet,77,1402-booklet,77,کدرشته‌محل منبع: 32540
1402,فیزیوتراپی,دانشگاه علوم پزشکی زاهدان,,سیستان و بلوچستان,شهریه‌پرداز,شهریه پرداز,عادی,5,زن و مرد,نیمسال اول,محل تحصیل پردیس خودگردان دانشگاه - فاقد خوابگاه,1402-booklet,77,1402-booklet,77,کدرشته‌محل منبع: 32560
1402,فیزیوتراپی,دانشگاه علوم پزشکی سمنان,,سمنان,روزانه,روزانه,عادی,20,زن و مرد,نیمسال اول,محدودیت در ارائه خوابگاه,1402-booklet,74,1402-booklet,74,کدرشته‌محل منبع: 32455
1402,فیزیوتراپی,دانشگاه علوم پزشکی شهرکرد,,چهارمحال و بختیاری,روزانه,روزانه,عادی,12,زن و مرد,نیمسال دوم,,1402-booklet,63,1402-booklet,63,کدرشته‌محل منبع: 32068
1402,فیزیوتراپی,دانشگاه علوم پزشکی شهید بهشتی,,تهران,روزانه,روزانه,عادی,17,زن و مرد,نیمسال اول,,1402-booklet,61,1402-booklet,61,کدرشته‌محل منبع: 32003
1402,فیزیوتراپی,دانشگاه علوم پزشکی شهید بهشتی,,تهران,شهریه‌پرداز,شهریه پرداز,عادی,8,زن و مرد,نیمسال اول,محل تحصیل پردیس خودگردان دانشگاه واقع در تهران,1402-booklet,62,1402-booklet,62,کدرشته‌محل منبع: 32029
1402,فیزیوتراپی,دانشگاه علوم پزشکی شیراز,,فارس,روزانه,روزانه,عادی,21,زن و مرد,نیمسال اول,محدودیت در ارائه خوابگاه,1402-booklet,78,1402-booklet,78,کدرشته‌محل منبع: 32589
1402,فیزیوتراپی,دانشگاه علوم پزشکی شیراز,,فارس,شهریه‌پرداز,شهریه پرداز,عادی,4,زن و مرد,نیمسال اول,فاقد خوابگاه,1402-booklet,79,1402-booklet,79,کدرشته‌محل منبع: 32604
1402,فیزیوتراپی,دانشگاه علوم پزشکی لرستان,,لرستان,روزانه,روزانه,عادی,15,زن و مرد,نیمسال اول,فاقد خوابگاه,1402-booklet,89,1402-booklet,89,کدرشته‌محل منبع: 32929
1402,فیزیوتراپی,دانشگاه علوم پزشکی مشهد,,خراسان رضوی,روزانه,روزانه,عادی,15,زن و مرد,نیمسال اول,,1402-booklet,66,1402-booklet,66,کدرشته‌محل منبع: 32209
1402,فیزیوتراپی,دانشگاه علوم پزشکی مشهد,,خراسان رضوی,شهریه‌پرداز,شهریه پرداز,عادی,5,زن و مرد,نیمسال اول,محل تحصیل پردیس خودگردان دانشگاه - معرفی به خوابگاههای خودگردان,1402-booklet,67,1402-booklet,67,کدرشته‌محل منبع: 32244
1402,فیزیوتراپی,دانشگاه علوم پزشکی همدان,,همدان,روزانه,روزانه,عادی,18,زن و مرد,نیمسال اول,فاقد خوابگاه,1402-booklet,95,1402-booklet,95,کدرشته‌محل منبع: 33138
1402,فیزیوتراپی,دانشگاه علوم پزشکی همدان,,همدان,شهریه‌پرداز,شهریه پرداز,عادی,5,زن و مرد,نیمسال اول,محل تحصیل پردیس خودگردان دانشگاه - فاقد خوابگاه,1402-booklet,96,1402-booklet,96,کدرشته‌محل منبع: 33165
1402,فیزیوتراپی,دانشگاه علوم پزشکی کرمان,,کرمان,روزانه,روزانه,عادی,18,زن و مرد,نیمسال اول,عدم تعهد در واگذاری خوابگاه,1402-booklet,85,1402-booklet,85,کدرشته‌محل منبع: 32781
1402,فیزیوتراپی,دانشگاه علوم پزشکی کرمانشاه,,کرمانشاه,روزانه,روزانه,عادی,15,زن و مرد,نیمسال اول,عدم تعهد در واگذاری خوابگاه,1402-booklet,86,1402-booklet,86,کدرشته‌محل منبع: 32818
1402,فیزیوتراپی,دانشگاه علوم پزشکی گیلان,,گیلان,روزانه,روزانه,عادی,12,زن و مرد,نیمسال اول,محل تحصیل دانشکده پزشکی- عدم تعهد در واگذاری خوابگاه,1402-booklet,87,1402-booklet,87,کدرشته‌محل منبع: 32893
1402,فیزیوتراپی,دانشگاه علوم پزشکی گیلان,,گیلان,شهریه‌پرداز,شهریه پرداز,عادی,3,زن و مرد,نیمسال اول,محل تحصیل دانشکده پزشکی- عدم تعهد در واگذاری خوابگاه,1402-booklet,88,1402-booklet,88,کدرشته‌محل منبع: 32894
1402,پرستاری,دانشکده علوم پزشکی اسدآباد)استان همدان(,,همدان,روزانه,روزانه,عادی,30,زن 15 نفر و مرد 15 نفر,نیمسال اول,عدم تعهد در واگذاری خوابگاه,1402-booklet,96,1402-booklet,96,کدرشته‌محل منبع: 33172؛ عنوان رشته در منبع: پرستاری
1402,پرستاری,دانشکده علوم پزشکی اسدآباد)استان همدان(,,همدان,شهریه‌پرداز,شهریه پرداز,عادی,5,زن 3 نفر و مرد 2 نفر,نیمسال اول,عدم تعهد در واگذاری خوابگاه,1402-booklet,96,1402-booklet,96,کدرشته‌محل منبع: 33175؛ عنوان رشته در منبع: پرستاری
1402,پرستاری,دانشکده علوم پزشکی اسفراین,,خراسان شمالی,روزانه,روزانه,عادی,30,زن 15 نفر و مرد 15 نفر,نیمسال اول,عدم تعهد در واگذاری خوابگاه,1402-booklet,69,1402-booklet,69,کدرشته‌محل منبع: 32299؛ عنوان رشته در منبع: پرستاری
1402,پرستاری,دانشکده علوم پزشکی اسفراین,,خراسان شمالی,شهریه‌پرداز,شهریه پرداز,عادی,10,زن 5 نفر و مرد 5 نفر,نیمسال اول,عدم تعهد در واگذاری خوابگاه,1402-booklet,69,1402-booklet,69,کدرشته‌محل منبع: 32302؛ عنوان رشته در منبع: پرستاری
1402,پرستاری,دانشکده علوم پزشکی بهبهان,,خوزستان,روزانه,روزانه,عادی,32,زن 16 نفر و مرد 16 نفر,نیمسال اول,,1402-booklet,71,1402-booklet,71,کدرشته‌محل منبع: 32379؛ عنوان رشته در منبع: پرستاری
1402,پرستاری,دانشکده علوم پزشکی بهبهان,,خوزستان,شهریه‌پرداز,شهریه پرداز,عادی,10,زن 5 نفر و مرد 5 نفر,نیمسال اول,,1402-booklet,71,1402-booklet,71,کدرشته‌محل منبع: 32384؛ عنوان رشته در منبع: پرستاری
1402,پرستاری,دانشکده علوم پزشکی تربت جام,,خراسان رضوی,روزانه,روزانه,عادی,26,زن 13 نفر و مرد 13 نفر,نیمسال اول,عدم تعهد در واگذاری خوابگاه,1402-booklet,68,1402-booklet,68,کدرشته‌محل منبع: 32265؛ عنوان رشته در منبع: پرستاری
1402,پرستاری,دانشکده علوم پزشکی تربت جام,,خراسان رضوی,شهریه‌پرداز,شهریه پرداز,عادی,10,زن 5 نفر و مرد 5 نفر,نیمسال اول,عدم تعهد در واگذاری خوابگاه,1402-booklet,68,1402-booklet,68,کدرشته‌محل منبع: 32270؛ عنوان رشته در منبع: پرستاری
1402,پرستاری,دانشکده علوم پزشکی خلخال,,اردبیل,روزانه,روزانه,عادی,30,زن 15 نفر و مرد 15 نفر,نیمسال اول,تلاش برای اسکان تمامی دانشجویان دختر درخوابگاه و فقدان خوابگاه برای دانشجویان پسر- انتقال دانشجویان دانشکده به سایر دانشگاه ها ممنوع می .باشد- محدودیت در ارائه خوابگاه,1402-booklet,50,1402-booklet,50,کدرشته‌محل منبع: 31731؛ عنوان رشته در منبع: پرستاری
1402,پرستاری,دانشکده علوم پزشکی خمین,,مرکزی,روزانه,روزانه,عادی,15,زن 7 نفر و مرد 8 نفر,نیمسال اول,دارای خوابگاه استیجاری,1402-booklet,93,1402-booklet,93,کدرشته‌محل منبع: 33057؛ عنوان رشته در منبع: پرستاری
1402,پرستاری,دانشکده علوم پزشکی خمین,,مرکزی,روزانه,روزانه,عادی,15,زن 8 نفر و مرد 7 نفر,نیمسال دوم,دارای خوابگاه استیجاری,1402-booklet,93,1402-booklet,93,کدرشته‌محل منبع: 33058؛ عنوان رشته در منبع: پرستاری
1402,پرستاری,دانشکده علوم پزشکی خمین,,مرکزی,شهریه‌پرداز,شهریه پرداز,عادی,5,زن 2 نفر و مرد 3 نفر,نیمسال اول,دارای خوابگاه استیجاری,1402-booklet,93,1402-booklet,93,کدرشته‌محل منبع: 33067؛ عنوان رشته در منبع: پرستاری
1402,پرستاری,دانشکده علوم پزشکی خمین,,مرکزی,شهریه‌پرداز,شهریه پرداز,عادی,5,زن 3 نفر و مرد 2 نفر,نیمسال دوم,دارای خوابگاه استیجاری,1402-booklet,93,1402-booklet,93,کدرشته‌محل منبع: 33068؛ عنوان رشته در منبع: پرستاری
1402,پرستاری,دانشکده علوم پزشکی خوی,,آذربایجان غربی,روزانه,روزانه,عادی,25,زن 13 نفر و مرد 12 نفر,نیمسال اول,عدم تعهد در واگذاری خوابگاه,1402-booklet,49,1402-booklet,49,کدرشته‌محل منبع: 31694؛ عنوان رشته در منبع: پرستاری
1402,پرستاری,دانشکده علوم پزشکی خوی,,آذربایجان غربی,شهریه‌پرداز,شهریه پرداز,عادی,10,زن 5 نفر و مرد 5 نفر,نیمسال اول,عدم تعهد در واگذاری خوابگاه,1402-booklet,49,1402-booklet,49,کدرشته‌محل منبع: 31700؛ عنوان رشته در منبع: پرستاری
1402,پرستاری,دانشکده علوم پزشکی ساوه,,مرکزی,روزانه,روزانه,عادی,40,زن 20 نفر و مرد 20 نفر,نیمسال اول,محدودیت در ارائه خوابگاه,1402-booklet,93,1402-booklet,93,کدرشته‌محل منبع: 33074؛ عنوان رشته در منبع: پرستاری
1402,پرستاری,دانشکده علوم پزشکی ساوه,,مرکزی,شهریه‌پرداز,شهریه پرداز,عادی,10,زن 5 نفر و مرد 5 نفر,نیمسال اول,محدودیت در ارائه خوابگاه,1402-booklet,93,1402-booklet,93,کدرشته‌محل منبع: 33081؛ عنوان رشته در منبع: پرستاری
1402,پرستاری,دانشکده علوم پزشکی سراب,,آذربایجان شرقی,روزانه,روزانه,عادی,35,زن 18 نفر و مرد 17 نفر,نیمسال اول,دارای خوابگاه ملکی برای آقایان خوابگاه خواهران :معرفی یه خوابگاه خودگردان - محدودیت در ارائه خوابگاه,1402-booklet,47,1402-booklet,47,کدرشته‌محل منبع: 31644؛ عنوان رشته در منبع: پرستاری
1402,پرستاری,دانشکده علوم پزشکی سیرجان,,کرمان,روزانه,روزانه,عادی,38,زن 19 نفر و مرد 19 نفر,نیمسال اول,عدم تعهد در واگذاری خوابگاه,1402-booklet,85,1402-booklet,85,کدرشته‌محل منبع: 32795؛ عنوان رشته در منبع: پرستاری
1402,پرستاری,دانشکده علوم پزشکی شوشتر,,خوزستان,روزانه,روزانه,عادی,22,زن 11 نفر و مرد 11 نفر,نیمسال اول,فاقد خوابگاه ملکی- دانشجویان غیر بومی می توانند از خوابگاه مشارکتی)استیجاری( استفاده کنند- دارای خوابگاه استیجاری,1402-booklet,71,1402-booklet,71,کدرشته‌محل منبع: 32388؛ عنوان رشته در منبع: پرستاری
1402,پرستاری,دانشکده علوم پزشکی شوشتر,,خوزستان,روزانه,روزانه,عادی,22,زن 11 نفر و مرد 11 نفر,نیمسال دوم,فاقد خوابگاه ملکی- دانشجویان غیر بومی می توانند از خوابگاه مشارکتی)استیجاری( استفاده کنند- دارای خوابگاه استیجاری,1402-booklet,71,1402-booklet,71,کدرشته‌محل منبع: 32389؛ عنوان رشته در منبع: پرستاری
1402,پرستاری,دانشکده علوم پزشکی شوشتر,,خوزستان,شهریه‌پرداز,شهریه پرداز,عادی,5,زن 2 نفر و مرد 3 نفر,نیمسال اول,فاقد خوابگاه ملکی- دانشجویان غیر بومی می توانند از خوابگاه مشارکتی)استیجاری( استفاده کنند - دارای خوابگاه استیجاری,1402-booklet,72,1402-booklet,72,کدرشته‌محل منبع: 32397؛ عنوان رشته در منبع: پرستاری
1402,پرستاری,دانشکده علوم پزشکی شوشتر,,خوزستان,شهریه‌پرداز,شهریه پرداز,عادی,5,زن 3 نفر و مرد 2 نفر,نیمسال دوم,فاقد خوابگاه ملکی- دانشجویان غیر بومی می توانند از خوابگاه مشارکتی)استیجاری( استفاده کنند- دارای خوابگاه استیجاری,1402-booklet,72,1402-booklet,72,کدرشته‌محل منبع: 32398؛ عنوان رشته در منبع: پرستاری
1402,پرستاری,دانشکده علوم پزشکی لارستان,,فارس,روزانه,روزانه,عادی,40,زن 20 نفر و مرد 20 نفر,نیمسال اول,محل تحصیل دانشکده پرستاری و مامایی حضرت زینب )س( لارستان,1402-booklet,80,1402-booklet,80,کدرشته‌محل منبع: 32647؛ عنوان رشته در منبع: پرستاری
1402,پرستاری,دانشکده علوم پزشکی مراغه,,آذربایجان شرقی,روزانه,روزانه,عادی,25,زن 12 نفر و مرد 13 نفر,نیمسال اول,دارای خوابگاه استیجاری,1402-booklet,48,1402-booklet,48,کدرشته‌محل منبع: 31648؛ عنوان رشته در منبع: پرستاری
1402,پرستاری,دانشکده علوم پزشکی مراغه,,آذربایجان شرقی,روزانه,روزانه,عادی,25,زن 13 نفر و مرد 12 نفر,نیمسال دوم,دارای خوابگاه استیجاری,1402-booklet,48,1402-booklet,48,کدرشته‌محل منبع: 31649؛ عنوان رشته در منبع: پرستاری
1402,پرستاری,دانشکده علوم پزشکی مراغه,,آذربایجان شرقی,شهریه‌پرداز,شهریه پرداز,عادی,10,زن 5 نفر و مرد 5 نفر,نیمسال اول,دارای خوابگاه استیجاری,1402-booklet,48,1402-booklet,48,کدرشته‌محل منبع: 31657؛ عنوان رشته در منبع: پرستاری
1402,پرستاری,دانشکده علوم پزشکی مراغه,,آذربایجان شرقی,شهریه‌پرداز,شهریه پرداز,عادی,10,زن 5 نفر و مرد 5 نفر,نیمسال دوم,دارای خوابگاه استیجاری,1402-booklet,48,1402-booklet,48,کدرشته‌محل منبع: 31658؛ عنوان رشته در منبع: پرستاری
1402,پرستاری,دانشکده علوم پزشکی گراش,,فارس,روزانه,روزانه,عادی,32,زن 16 نفر و مرد 16 نفر,نیمسال اول,دارای خوابگاه ملکی,1402-booklet,80,1402-booklet,80,کدرشته‌محل منبع: 32637؛ عنوان رشته در منبع: پرستاری
1402,پرستاری,دانشگاه شاهد - ان ) رشته های پزشکی(تهر,,تهران,روزانه,روزانه,شرایط خاص,24,زن و مرد,نیمسال اول,پذیرش با شرایط خاص و دارای مصاحبه- شرایط در بخش پیوستها )اسامی چند برابر ظرفیت داوطلبان این رشته پس از اتمام مرحله انتخاب رشته استخراج و برای انجام مصاحبه از سایر مراحل گزینش از طریق درگاه اطلاعرسانی این زمان اعلام خواهد شد.(سا,1402-booklet,55,1402-booklet,55,کدرشته‌محل منبع: 31884؛ عنوان رشته در منبع: پرستاری
1402,پرستاری,دانشگاه شاهد - ان ) رشته های پزشکی(تهر,,تهران,شهریه‌پرداز,شهریه پرداز,شرایط خاص,10,زن و مرد,نیمسال اول,پذیرش با شرایط خاص و دارای مصاحبه- شرایط در بخش پیوستها )اسامی چند برابر ظرفیت داوطلبان این رشته پس از اتمام مرحله انتخاب رشته استخراج و برای انجام مصاحبه از سایر مراحل گزینش از طریق درگاه اطلاعرسانی این زمان اعلام خواهد شد.(سا,1402-booklet,55,1402-booklet,55,کدرشته‌محل منبع: 31888؛ عنوان رشته در منبع: پرستاری
1402,پرستاری,دانشگاه علوم پزشکی آبادان,,خوزستان,روزانه,روزانه,عادی,27,زن 14 نفر و مرد 13 نفر,نیمسال اول,,1402-booklet,72,1402-booklet,72,کدرشته‌محل منبع: 32404؛ عنوان رشته در منبع: پرستاری
1402,پرستاری,دانشگاه علوم پزشکی آبادان,,خوزستان,روزانه,روزانه,عادی,27,زن 13 نفر و مرد 14 نفر,نیمسال دوم,عدم تعهد در واگذاری خوابگاه,1402-booklet,72,1402-booklet,72,کدرشته‌محل منبع: 32405؛ عنوان رشته در منبع: پرستاری
1402,پرستاری,دانشگاه علوم پزشکی آبادان,,خوزستان,شهریه‌پرداز,شهریه پرداز,عادی,13,زن 7 نفر و مرد 6 نفر,نیمسال اول,عدم تعهد در واگذاری خوابگاه,1402-booklet,73,1402-booklet,73,کدرشته‌محل منبع: 32415؛ عنوان رشته در منبع: پرستاری
1402,پرستاری,دانشگاه علوم پزشکی آبادان,,خوزستان,شهریه‌پرداز,شهریه پرداز,عادی,13,زن 6 نفر و مرد 7 نفر,نیمسال دوم,,1402-booklet,73,1402-booklet,73,کدرشته‌محل منبع: 32416؛ عنوان رشته در منبع: پرستاری
1402,پرستاری,دانشگاه علوم پزشکی اراک,,مرکزی,روزانه,روزانه,عادی,50,زن 25 نفر و مرد 25 نفر,نیمسال اول,محل تحصیل دانشکده پرستاری اراک - محدودیت در ارائه خوابگاه,1402-booklet,92,1402-booklet,92,کدرشته‌محل منبع: 33052؛ عنوان رشته در منبع: پرستاری
1402,پرستاری,دانشگاه علوم پزشکی اراک,مجتمع آموزش عالی سلامت اراک مستقر در محلات,مرکزی,روزانه,روزانه,عادی,15,زن 8 نفر و مرد 7 نفر,نیمسال دوم,؛ محل تحصیل طبق اصلاحیه: مجتمع آموزش عالی سلامت اراک مستقر در محلات,1402-correction-5,7,1402-booklet,93,کدرشته‌محل منبع: 33055؛ عنوان رشته در منبع: پرستاری
1402,پرستاری,دانشگاه علوم پزشکی اراک,محل تحصیل دانشکده پرستاری شازند,مرکزی,روزانه,روزانه,عادی,26,زن 13 نفر و مرد 13 نفر,نیمسال دوم,محدودیت در ارائه خوابگاه,1402-booklet,93,1402-booklet,93,کدرشته‌محل منبع: 33050؛ عنوان رشته در منبع: پرستاری
1402,پرستاری,دانشگاه علوم پزشکی اراک,محل تحصیل دانشکده پرستاری شازند,مرکزی,شهریه‌پرداز,شهریه پرداز,عادی,10,زن 5 نفر و مرد 5 نفر,نیمسال دوم,محدودیت در ارائه خوابگاه,1402-booklet,93,1402-booklet,93,کدرشته‌محل منبع: 33051؛ عنوان رشته در منبع: پرستاری
1402,پرستاری,دانشگاه علوم پزشکی ارتش جمهوری اسلامی ایران,,تهران,روزانه,روزانه,بورسیه / شرایط خاص,35,زن,نیمسال اول,شرایط مندرج در اطلاعیه رشته های دارای شرایط خاص - بورسیه ارتش جمهوری اسلامی- دارای مصاحبه و گزینش و معاینات جسمانی- دارای خوابگاه ملکی,1402-booklet,56,1402-booklet,56,کدرشته‌محل منبع: 31897؛ عنوان رشته در منبع: پرستاری
1402,پرستاری,دانشگاه علوم پزشکی ارتش جمهوری اسلامی ایران,,تهران,روزانه,روزانه,بورسیه / شرایط خاص,10,مرد,نیمسال دوم,شرایط مندرج در اطلاعیه رشته های دارای شرایط خاص - بورسیه وزارت دفاع- دارای مصاحبه و گزینش و معاینات جسمانی- - دارای خوابگاه ملکی,1402-booklet,56,1402-booklet,56,کدرشته‌محل منبع: 31898؛ عنوان رشته در منبع: پرستاری
1402,پرستاری,دانشگاه علوم پزشکی ارتش جمهوری اسلامی ایران,,تهران,روزانه,روزانه,بورسیه / شرایط خاص,35,مرد,نیمسال دوم,شرایط مندرج در اطلاعیه رشته های دارای شرایط خاص - بورسیه ارتش جمهوری اسلامی- دارای مصاحبه و گزینش و معاینات جسمانی- دارای خوابگاه ملکی,1402-booklet,56,1402-booklet,56,کدرشته‌محل منبع: 31899؛ عنوان رشته در منبع: پرستاری
1402,پرستاری,دانشگاه علوم پزشکی اردبیل,,,در جدول ذکر نشده,,عادی,1,زن و مرد,نیمسال اول,سهمیه مخصوص داوطلبان بومی مناطق درگیر بلایای طبیعی)سیل، زلزله و ...( استان اردبیل؛ دانشگاه علوم پزشکی اردبیل,1402-booklet,186,1402-booklet,186,کدرشته‌محل منبع: 36991؛ عنوان رشته در منبع: پرستاری
1402,پرستاری,دانشگاه علوم پزشکی اردبیل,,اردبیل,روزانه,روزانه,عادی,30,زن 15 نفر و مرد 15 نفر,نیمسال اول,فاقد خوابگاه,1402-booklet,50,1402-booklet,50,کدرشته‌محل منبع: 31713؛ عنوان رشته در منبع: پرستاری
1402,پرستاری,دانشگاه علوم پزشکی اردبیل,,اردبیل,روزانه,روزانه,عادی,30,زن 15 نفر و مرد 15 نفر,نیمسال دوم,فاقد خوابگاه,1402-booklet,50,1402-booklet,50,کدرشته‌محل منبع: 31714؛ عنوان رشته در منبع: پرستاری
1402,پرستاری,دانشگاه علوم پزشکی اردبیل,محل تحصیل دانشکده پرستاری مغان )گرمی,اردبیل,روزانه,روزانه,عادی,32,زن 16 نفر و مرد 16 نفر,نیمسال دوم,فاقد خوابگاه,1402-booklet,50,1402-booklet,50,کدرشته‌محل منبع: 31723؛ عنوان رشته در منبع: پرستاری
1402,پرستاری,دانشگاه علوم پزشکی اردبیل,محل تحصیل مجتمع آموزش عالی سلامت شهرستان مشگین شهر,اردبیل,روزانه,روزانه,عادی,32,زن 16 نفر و مرد 16 نفر,نیمسال دوم,فاقد خوابگاه,1402-booklet,50,1402-booklet,50,کدرشته‌محل منبع: 31724؛ عنوان رشته در منبع: پرستاری
1402,پرستاری,دانشگاه علوم پزشکی ارومیه,,,در جدول ذکر نشده,,عادی,1,زن و مرد,نیمسال دوم,سهمیه مخصوص داوطلبان بومی مناطق درگیر بلایای طبیعی )سیل، زلزله و ...( استان آذربایجان غربی؛ دانشگاه علوم پزشکی ارومیه,1402-booklet,186,1402-booklet,186,کدرشته‌محل منبع: 36988؛ عنوان رشته در منبع: پرستاری
1402,پرستاری,دانشگاه علوم پزشکی ارومیه,,آذربایجان غربی,روزانه,روزانه,عادی,34,زن 17 نفر و مرد 17 نفر,نیمسال اول,عدم تعهد در واگذاری خوابگاه,1402-booklet,48,1402-booklet,48,کدرشته‌محل منبع: 31672؛ عنوان رشته در منبع: پرستاری
1402,پرستاری,دانشگاه علوم پزشکی ارومیه,,آذربایجان غربی,روزانه,روزانه,عادی,32,زن 16 نفر و مرد 16 نفر,نیمسال دوم,عدم تعهد در واگذاری خوابگاه,1402-booklet,48,1402-booklet,48,کدرشته‌محل منبع: 31673؛ عنوان رشته در منبع: پرستاری
1402,پرستاری,دانشگاه علوم پزشکی ارومیه,محل تحصیل دانشکده علوم پزشکی شهرستان میاندواب,آذربایجان غربی,روزانه,روزانه,عادی,20,زن 10 نفر و مرد 10 نفر,نیمسال اول,انتقال از دانشکده های اقماری به دانشکده پرستاری ارومیه ممنوع می .باشد- عدم تعهد در واگذاری خوابگاه,1402-booklet,49,1402-booklet,49,کدرشته‌محل منبع: 31687؛ عنوان رشته در منبع: پرستاری
1402,پرستاری,دانشگاه علوم پزشکی ارومیه,محل تحصیل دانشکده پرستاری بوکان,آذربایجان غربی,روزانه,روزانه,عادی,20,زن 10 نفر و مرد 10 نفر,نیمسال اول,انتقال از دانشکده های اقماری به دانشکده پرستاری ارومیه ممنوع می .باشد- عدم تعهد در واگذاری خوابگاه,1402-booklet,49,1402-booklet,49,کدرشته‌محل منبع: 31684؛ عنوان رشته در منبع: پرستاری
1402,پرستاری,دانشگاه علوم پزشکی ارومیه,محل تحصیل دانشکده پرستاری سلماس,آذربایجان غربی,روزانه,روزانه,عادی,20,زن 10 نفر و مرد 10 نفر,نیمسال اول,انتقال از دانشکده های اقماری به دانشکده پرستاری ارومیه ممنوع می .باشد- عدم تعهد در واگذاری خوابگاه,1402-booklet,49,1402-booklet,49,کدرشته‌محل منبع: 31686؛ عنوان رشته در منبع: پرستاری
1402,پرستاری,دانشگاه علوم پزشکی ارومیه,محل تحصیل دانشکده پرستاری مهاباد,آذربایجان غربی,روزانه,روزانه,عادی,32,زن 16 نفر و مرد 16 نفر,نیمسال اول,انتقال از دانشکده های اقماری به دانشکده پرستاری ارومیه ممنوع می .باشد- عدم تعهد در واگذاری خوابگاه,1402-booklet,49,1402-booklet,49,کدرشته‌محل منبع: 31691؛ عنوان رشته در منبع: پرستاری
1402,پرستاری,دانشگاه علوم پزشکی ارومیه,محل تحصیل دانشکده پرستاری نقده,آذربایجان غربی,روزانه,روزانه,عادی,20,زن 10 نفر و مرد 10 نفر,نیمسال اول,انتقال از دانشکده های اقماری به دانشکده پرستاری ارومیه ممنوع می .باشد- عدم تعهد در واگذاری خوابگاه,1402-booklet,49,1402-booklet,49,کدرشته‌محل منبع: 31692؛ عنوان رشته در منبع: پرستاری
1402,پرستاری,دانشگاه علوم پزشکی اصفهان,,اصفهان,روزانه,روزانه,عادی,60,زن 30 نفر و مرد 30 نفر,نیمسال اول,محدودیت در ارائه خوابگاه,1402-booklet,51,1402-booklet,51,کدرشته‌محل منبع: 31743؛ عنوان رشته در منبع: پرستاری
1402,پرستاری,دانشگاه علوم پزشکی اصفهان,,اصفهان,روزانه,روزانه,عادی,60,زن 30 نفر و مرد 30 نفر,نیمسال دوم,محدودیت در ارائه خوابگاه,1402-booklet,51,1402-booklet,51,کدرشته‌محل منبع: 31744؛ عنوان رشته در منبع: پرستاری
1402,پرستاری,دانشگاه علوم پزشکی اصفهان,,اصفهان,شهریه‌پرداز,شهریه پرداز,عادی,13,زن 7 نفر و مرد 6 نفر,نیمسال اول,محل تحصیل پردیس خودگردان دانشگاه - معرفی به خوابگاههای خودگردان,1402-booklet,51,1402-booklet,51,کدرشته‌محل منبع: 31765؛ عنوان رشته در منبع: پرستاری
1402,پرستاری,دانشگاه علوم پزشکی اصفهان,,اصفهان,شهریه‌پرداز,شهریه پرداز,عادی,12,زن 6 نفر و مرد 6 نفر,نیمسال دوم,محل تحصیل پردیس خودگردان دانشگاه - معرفی به خوابگاههای خودگردان,1402-booklet,51,1402-booklet,51,کدرشته‌محل منبع: 31766؛ عنوان رشته در منبع: پرستاری
1402,پرستاری,دانشگاه علوم پزشکی البرز,,البرز,روزانه,روزانه,عادی,25,زن 13 نفر و مرد 12 نفر,نیمسال اول,عدم تعهد در واگذاری خوابگاه,1402-booklet,53,1402-booklet,53,کدرشته‌محل منبع: 31820؛ عنوان رشته در منبع: پرستاری
1402,پرستاری,دانشگاه علوم پزشکی البرز,,البرز,روزانه,روزانه,عادی,25,زن 12 نفر و مرد 13 نفر,نیمسال دوم,عدم تعهد در واگذاری خوابگاه,1402-booklet,53,1402-booklet,53,کدرشته‌محل منبع: 31821؛ عنوان رشته در منبع: پرستاری
1402,پرستاری,دانشگاه علوم پزشکی البرز,,البرز,شهریه‌پرداز,شهریه پرداز,عادی,10,زن 5 نفر و مرد 5 نفر,نیمسال اول,عدم تعهد در واگذاری خوابگاه,1402-booklet,53,1402-booklet,53,کدرشته‌محل منبع: 31832؛ عنوان رشته در منبع: پرستاری
1402,پرستاری,دانشگاه علوم پزشکی البرز,,البرز,شهریه‌پرداز,شهریه پرداز,عادی,10,زن 5 نفر و مرد 5 نفر,نیمسال دوم,عدم تعهد در واگذاری خوابگاه,1402-booklet,53,1402-booklet,53,کدرشته‌محل منبع: 31833؛ عنوان رشته در منبع: پرستاری
1402,پرستاری,دانشگاه علوم پزشکی ایران,,تهران,روزانه,روزانه,عادی,60,زن 30 نفر و مرد 30 نفر,نیمسال اول,,1402-booklet,57,1402-booklet,57,کدرشته‌محل منبع: 31918؛ عنوان رشته در منبع: پرستاری
1402,پرستاری,دانشگاه علوم پزشکی ایران,,تهران,روزانه,روزانه,عادی,60,زن 30 نفر و مرد 30 نفر,نیمسال دوم,,1402-booklet,57,1402-booklet,57,کدرشته‌محل منبع: 31919؛ عنوان رشته در منبع: پرستاری
1402,پرستاری,دانشگاه علوم پزشکی ایرانشهر,,سیستان و بلوچستان,روزانه,روزانه,عادی,40,زن 20 نفر و مرد 20 نفر,نیمسال اول,ممنوعیت در نقل و انتقال - محدودیت در ارائه خوابگاه,1402-booklet,76,1402-booklet,76,کدرشته‌محل منبع: 32490؛ عنوان رشته در منبع: پرستاری
1402,پرستاری,دانشگاه علوم پزشکی ایرانشهر,,سیستان و بلوچستان,شهریه‌پرداز,شهریه پرداز,عادی,10,زن 5 نفر و مرد 5 نفر,نیمسال اول,ممنوعیت در نقل و انتقال - محدودیت در ارائه خوابگاه,1402-booklet,76,1402-booklet,76,کدرشته‌محل منبع: 32500؛ عنوان رشته در منبع: پرستاری
1402,پرستاری,دانشگاه علوم پزشکی ایرانشهر,محل تحصیل دانشکده علوم پزشکی چابهار,سیستان وبلوچستان,روزانه,روزانه,عادی,22,زن 11 نفر و مرد 11 نفر,نیمسال اول,ممنوعیت در نقل و انتقال - محدودیت در ارائه خوابگاه,1402-booklet,77,1402-booklet,77,کدرشته‌محل منبع: 32502؛ عنوان رشته در منبع: پرستاری
1402,پرستاری,دانشگاه علوم پزشکی ایرانشهر,محل تحصیل دانشکده علوم پزشکی چابهار,سیستان وبلوچستان,شهریه‌پرداز,شهریه پرداز,عادی,10,زن 5 نفر و مرد 5 نفر,نیمسال اول,ممنوعیت در نقل و انتقال - محدودیت در ارائه خوابگاه,1402-booklet,78,1402-booklet,78,کدرشته‌محل منبع: 32507؛ عنوان رشته در منبع: پرستاری
1402,پرستاری,دانشگاه علوم پزشکی ایلام,,ایلام,روزانه,روزانه,عادی,22,زن 11 نفر و مرد 11 نفر,نیمسال اول,عدم تعهد در واگذاری خوابگاه,1402-booklet,54,1402-booklet,54,کدرشته‌محل منبع: 31844؛ عنوان رشته در منبع: پرستاری
1402,پرستاری,دانشگاه علوم پزشکی ایلام,,ایلام,روزانه,روزانه,عادی,20,زن 10 نفر و مرد 10 نفر,نیمسال دوم,عدم تعهد در واگذاری خوابگاه,1402-booklet,54,1402-booklet,54,کدرشته‌محل منبع: 31845؛ عنوان رشته در منبع: پرستاری
1402,پرستاری,دانشگاه علوم پزشکی ایلام,,ایلام,شهریه‌پرداز,شهریه پرداز,عادی,5,زن 2 نفر و مرد 3 نفر,نیمسال اول,عدم تعهد در واگذاری خوابگاه,1402-booklet,54,1402-booklet,54,کدرشته‌محل منبع: 31853؛ عنوان رشته در منبع: پرستاری
1402,پرستاری,دانشگاه علوم پزشکی ایلام,,ایلام,شهریه‌پرداز,شهریه پرداز,عادی,5,زن 3 نفر و مرد 2 نفر,نیمسال دوم,عدم تعهد در واگذاری خوابگاه,1402-booklet,54,1402-booklet,54,کدرشته‌محل منبع: 31854؛ عنوان رشته در منبع: پرستاری
1402,پرستاری,دانشگاه علوم پزشکی ایلام,محل تحصیل مجتمع آموزش عالی سلامت دهلران,ایلام,روزانه,روزانه,عادی,15,زن 8 نفر و مرد 7 نفر,نیمسال اول,عدم تعهد در واگذاری خوابگاه,1402-booklet,54,1402-booklet,54,کدرشته‌محل منبع: 31855؛ عنوان رشته در منبع: پرستاری
1402,پرستاری,دانشگاه علوم پزشکی بابل,,مازندران,روزانه,روزانه,عادی,50,زن 25 نفر و مرد 25 نفر,نیمسال اول,عدم تعهد در واگذاری خوابگاه,1402-booklet,90,1402-booklet,90,کدرشته‌محل منبع: 32965؛ عنوان رشته در منبع: پرستاری
1402,پرستاری,دانشگاه علوم پزشکی بابل,,مازندران,شهریه‌پرداز,شهریه پرداز,عادی,20,زن 10 نفر و مرد 10 نفر,نیمسال دوم,محل تحصیل پردیس خودگردان دانشگاه - فاقد خوابگاه,1402-booklet,90,1402-booklet,90,کدرشته‌محل منبع: 32982؛ عنوان رشته در منبع: پرستاری
1402,پرستاری,دانشگاه علوم پزشکی بابل,محل تحصیل دانشکده پرستاری رامسر,مازندران,روزانه,روزانه,عادی,36,زن 18 نفر و مرد 18 نفر,نیمسال اول,این دانشگاه هیچگونه مسئولیتی در قبال ارائه خوابگاه ندارد و برای دانشجویان فاقد خوابگاه می باشد.پسر,1402-booklet,90,1402-booklet,90,کدرشته‌محل منبع: 32981؛ عنوان رشته در منبع: پرستاری
1402,پرستاری,دانشگاه علوم پزشکی بقیهاله)عج( - تهران,,تهران,روزانه,روزانه,بورسیه / شرایط خاص,125,زن 25 نفر و مرد 100 نفر,نیمسال اول,شرایط مندرج در اطلاعیه رشته های دارای شرایط خاص - پذیرش از میان داوطلبان با عضویت بسیجی و نهایتا جذب بصورت بورسیه و استخدام سپاه پاسداران انقلاب اسلامی- بخشی از در بیمارستان امام حسین )ع(تحصیل مشهد و بیمارستان مسلمین شیراز خواهد بود,1402-booklet,58,1402-booklet,58,کدرشته‌محل منبع: 31938؛ عنوان رشته در منبع: پرستاری
1402,پرستاری,دانشگاه علوم پزشکی بقیهاله)عج( - تهران,,تهران,روزانه,روزانه,بورسیه / شرایط خاص,10,مرد,نیمسال اول,شرایط پذیرش در دفترچه »پیوستها« - پذیرش از میان کادر ثابت سپاه پاسداران انقلاب اسلامی با ارایه مجوز شرکت در آزمون از یگان خدمتی,1402-booklet,58,1402-booklet,58,کدرشته‌محل منبع: 31939؛ عنوان رشته در منبع: پرستاری
1402,پرستاری,دانشگاه علوم پزشکی بم,,کرمان,روزانه,روزانه,عادی,35,زن 18 نفر و مرد 17 نفر,نیمسال اول,دارای خوابگاه ملکی,1402-booklet,82,1402-booklet,82,کدرشته‌محل منبع: 32732؛ عنوان رشته در منبع: پرستاری
1402,پرستاری,دانشگاه علوم پزشکی بم,,کرمان,شهریه‌پرداز,شهریه پرداز,عادی,10,زن 5 نفر و مرد 5 نفر,نیمسال اول,عدم تعهد در واگذاری خوابگاه,1402-booklet,82,1402-booklet,82,کدرشته‌محل منبع: 32741؛ عنوان رشته در منبع: پرستاری
1402,پرستاری,دانشگاه علوم پزشکی بندر عباس,,هرمزگان,روزانه,روزانه,عادی,38,زن 19 نفر و مرد 19 نفر,نیمسال اول,فاقد خوابگاه,1402-booklet,94,1402-booklet,94,کدرشته‌محل منبع: 33093؛ عنوان رشته در منبع: پرستاری
1402,پرستاری,دانشگاه علوم پزشکی بندر عباس,,هرمزگان,روزانه,روزانه,عادی,38,زن 19 نفر و مرد 19 نفر,نیمسال دوم,فاقد خوابگاه,1402-booklet,94,1402-booklet,94,کدرشته‌محل منبع: 33094؛ عنوان رشته در منبع: پرستاری
1402,پرستاری,دانشگاه علوم پزشکی بندر عباس,,هرمزگان,شهریه‌پرداز,شهریه پرداز,عادی,8,زن 4 نفر و مرد 4 نفر,نیمسال اول,فاقد خوابگاه,1402-booklet,94,1402-booklet,94,کدرشته‌محل منبع: 33107؛ عنوان رشته در منبع: پرستاری
1402,پرستاری,دانشگاه علوم پزشکی بندر عباس,,هرمزگان,شهریه‌پرداز,شهریه پرداز,عادی,7,زن 4 نفر و مرد 3 نفر,نیمسال دوم,فاقد خوابگاه,1402-booklet,94,1402-booklet,94,کدرشته‌محل منبع: 33108؛ عنوان رشته در منبع: پرستاری
1402,پرستاری,دانشگاه علوم پزشکی بندر عباس,محل تحصیل دانشکده علوم پزشکی غرب استان هرمزگان)بندرلنگه,هرمزگان,روزانه,روزانه,عادی,18,زن 9 نفر و مرد 9 نفر,نیمسال اول,ممنوعیت نقل و انتقال - فاقد خوابگاه,1402-booklet,94,1402-booklet,94,کدرشته‌محل منبع: 33116؛ عنوان رشته در منبع: پرستاری
1402,پرستاری,دانشگاه علوم پزشکی بندر عباس,محل تحصیل دانشکده علوم پزشکی غرب استان هرمزگان)بندرلنگه,هرمزگان,روزانه,روزانه,عادی,16,زن 8 نفر و مرد 8 نفر,نیمسال دوم,ممنوعیت نقل و انتقال - فاقد خوابگاه,1402-booklet,94,1402-booklet,94,کدرشته‌محل منبع: 33117؛ عنوان رشته در منبع: پرستاری
1402,پرستاری,دانشگاه علوم پزشکی بندر عباس,محل تحصیل دانشکده علوم پزشکی غرب استان هرمزگان)بندرلنگه,هرمزگان,شهریه‌پرداز,شهریه پرداز,عادی,3,زن 1 نفر و مرد 2 نفر,نیمسال اول,ممنوعیت نقل و انتقال و هر گونه جابجایی- فاقد خوابگاه,1402-booklet,94,1402-booklet,94,کدرشته‌محل منبع: 33118؛ عنوان رشته در منبع: پرستاری
1402,پرستاری,دانشگاه علوم پزشکی بندر عباس,محل تحصیل دانشکده علوم پزشکی غرب استان هرمزگان)بندرلنگه,هرمزگان,شهریه‌پرداز,شهریه پرداز,عادی,3,زن 2 نفر و مرد 1 نفر,نیمسال دوم,ممنوعیت نقل و انتقال و هر گونه جابجایی- فاقد خوابگاه,1402-booklet,94,1402-booklet,94,کدرشته‌محل منبع: 33119؛ عنوان رشته در منبع: پرستاری
1402,پرستاری,دانشگاه علوم پزشکی بوشهر,,بوشهر,روزانه,روزانه,عادی,40,زن 20 نفر و مرد 20 نفر,نیمسال اول,عدم تعهد در واگذاری خوابگاه,1402-booklet,54,1402-booklet,54,کدرشته‌محل منبع: 31859؛ عنوان رشته در منبع: پرستاری
1402,پرستاری,دانشگاه علوم پزشکی بوشهر,,بوشهر,شهریه‌پرداز,شهریه پرداز,عادی,15,زن 8 نفر و مرد 7 نفر,نیمسال اول,عدم تعهد در واگذاری خوابگاه,1402-booklet,54,1402-booklet,54,کدرشته‌محل منبع: 31872؛ عنوان رشته در منبع: پرستاری
1402,پرستاری,دانشگاه علوم پزشکی بیرجند,,خراسان جنوبی,روزانه,روزانه,عادی,35,زن 18 نفر و مرد 17 نفر,نیمسال اول,عدم تعهد در واگذاری خوابگاه,1402-booklet,63,1402-booklet,63,کدرشته‌محل منبع: 32086؛ عنوان رشته در منبع: پرستاری
1402,پرستاری,دانشگاه علوم پزشکی بیرجند,,خراسان جنوبی,شهریه‌پرداز,شهریه پرداز,عادی,10,زن 5 نفر و مرد 5 نفر,نیمسال اول,عدم تعهد در واگذاری خوابگاه,1402-booklet,63,1402-booklet,63,کدرشته‌محل منبع: 32097؛ عنوان رشته در منبع: پرستاری
1402,پرستاری,دانشگاه علوم پزشکی بیرجند,محل تحصیل دانشکده علوم پزشکی شهرستان فردوس,خراسان جنوبی,روزانه,روزانه,عادی,25,زن 13 نفر و مرد 12 نفر,نیمسال اول,عدم تعهد در واگذاری خوابگاه,1402-booklet,64,1402-booklet,64,کدرشته‌محل منبع: 32109؛ عنوان رشته در منبع: پرستاری
1402,پرستاری,دانشگاه علوم پزشکی بیرجند,محل تحصیل دانشکده علوم پزشکی شهرستان فردوس,خراسان جنوبی,شهریه‌پرداز,شهریه پرداز,عادی,5,زن 3 نفر و مرد 2 نفر,نیمسال اول,عدم تعهد در واگذاری خوابگاه,1402-booklet,64,1402-booklet,64,کدرشته‌محل منبع: 32114؛ عنوان رشته در منبع: پرستاری
1402,پرستاری,دانشگاه علوم پزشکی بیرجند,محل تحصیل دانشکده علوم پزشکی شهرستان قائنات,خراسان جنوبی,روزانه,روزانه,عادی,30,زن 15 نفر و مرد 15 نفر,نیمسال دوم,عدم تعهد در واگذاری خوابگاه,1402-booklet,64,1402-booklet,64,کدرشته‌محل منبع: 32116؛ عنوان رشته در منبع: پرستاری
1402,پرستاری,دانشگاه علوم پزشکی بیرجند,محل تحصیل دانشکده علوم پزشکی شهرستان قائنات,خراسان جنوبی,شهریه‌پرداز,شهریه پرداز,عادی,5,زن 3 نفر و مرد 2 نفر,نیمسال دوم,عدم تعهد در واگذاری خوابگاه,1402-booklet,64,1402-booklet,64,کدرشته‌محل منبع: 32121؛ عنوان رشته در منبع: پرستاری
1402,پرستاری,دانشگاه علوم پزشکی بیرجند,محل تحصیل دانشکده پرستاری طبس,خراسان جنوبی,روزانه,روزانه,عادی,34,زن 17 نفر و مرد 17 نفر,نیمسال اول,عدم تعهد در واگذاری خوابگاه,1402-booklet,64,1402-booklet,64,کدرشته‌محل منبع: 32105؛ عنوان رشته در منبع: پرستاری
1402,پرستاری,دانشگاه علوم پزشکی تبریز,,آذربایجان شرقی,روزانه,روزانه,عادی,40,زن 20 نفر و مرد 20 نفر,نیمسال اول,عدم تعهد در واگذاری خوابگاه,1402-booklet,46,1402-booklet,46,کدرشته‌محل منبع: 31608؛ عنوان رشته در منبع: پرستاری
1402,پرستاری,دانشگاه علوم پزشکی تبریز,,آذربایجان شرقی,روزانه,روزانه,عادی,40,زن 20 نفر و مرد 20 نفر,نیمسال دوم,عدم تعهد در واگذاری خوابگاه,1402-booklet,46,1402-booklet,46,کدرشته‌محل منبع: 31609؛ عنوان رشته در منبع: پرستاری
1402,پرستاری,دانشگاه علوم پزشکی تبریز,,آذربایجان شرقی,شهریه‌پرداز,شهریه پرداز,عادی,10,زن 5 نفر و مرد 5 نفر,نیمسال اول,فاقد خوابگاه,1402-booklet,47,1402-booklet,47,کدرشته‌محل منبع: 31627؛ عنوان رشته در منبع: پرستاری
1402,پرستاری,دانشگاه علوم پزشکی تبریز,,آذربایجان شرقی,شهریه‌پرداز,شهریه پرداز,عادی,10,زن 5 نفر و مرد 5 نفر,نیمسال دوم,فاقد خوابگاه,1402-booklet,47,1402-booklet,47,کدرشته‌محل منبع: 31628؛ عنوان رشته در منبع: پرستاری
1402,پرستاری,دانشگاه علوم پزشکی تبریز,محل تحصیل شهرستان اهر,آذربایجان شرقی,روزانه,روزانه,عادی,22,زن 11 نفر و مرد 11 نفر,نیمسال دوم,,1402-booklet,47,1402-booklet,47,کدرشته‌محل منبع: 31637؛ عنوان رشته در منبع: پرستاری
1402,پرستاری,دانشگاه علوم پزشکی تبریز,محل تحصیل شهرستان بناب,آذربایجان شرقی,روزانه,روزانه,عادی,20,زن 10 نفر و مرد 10 نفر,نیمسال دوم,,1402-booklet,47,1402-booklet,47,کدرشته‌محل منبع: 31641؛ عنوان رشته در منبع: پرستاری
1402,پرستاری,دانشگاه علوم پزشکی تبریز,محل تحصیل مجتمع آموزش عالی سلامت میانه,آذربایجان شرقی,روزانه,روزانه,عادی,22,زن 11 نفر و مرد 11 نفر,نیمسال دوم,,1402-booklet,47,1402-booklet,47,کدرشته‌محل منبع: 31638؛ عنوان رشته در منبع: پرستاری
1402,پرستاری,دانشگاه علوم پزشکی تربت حیدریه,,خراسان رضوی,روزانه,روزانه,عادی,18,زن 9 نفر و مرد 9 نفر,نیمسال اول,فاقد خوابگاه,1402-booklet,64,1402-booklet,64,کدرشته‌محل منبع: 32129؛ عنوان رشته در منبع: پرستاری
1402,پرستاری,دانشگاه علوم پزشکی تربت حیدریه,,خراسان رضوی,روزانه,روزانه,عادی,18,زن 9 نفر و مرد 9 نفر,نیمسال دوم,فاقد خوابگاه,1402-booklet,64,1402-booklet,64,کدرشته‌محل منبع: 32130؛ عنوان رشته در منبع: پرستاری
1402,پرستاری,دانشگاه علوم پزشکی تربت حیدریه,,خراسان رضوی,شهریه‌پرداز,شهریه پرداز,عادی,7,زن 3 نفر و مرد 4 نفر,نیمسال اول,فاقد خوابگاه,1402-booklet,64,1402-booklet,64,کدرشته‌محل منبع: 32139؛ عنوان رشته در منبع: پرستاری
1402,پرستاری,دانشگاه علوم پزشکی تربت حیدریه,,خراسان رضوی,شهریه‌پرداز,شهریه پرداز,عادی,7,زن 4 نفر و مرد 3 نفر,نیمسال دوم,فاقد خوابگاه,1402-booklet,64,1402-booklet,64,کدرشته‌محل منبع: 32140؛ عنوان رشته در منبع: پرستاری
1402,پرستاری,دانشگاه علوم پزشکی تهران,,,در جدول ذکر نشده,,عادی,2,زن 1 نفر و مرد 1 نفر,نیمسال دوم,سهمیه مخصوص داوطلبان بومی مناطق درگیر بلایای طبیعی)سیل، زلزله و ...( استان تهران؛ دانشگاه علوم پزشکی تهران,1402-booklet,187,1402-booklet,187,کدرشته‌محل منبع: 36995؛ عنوان رشته در منبع: پرستاری
1402,پرستاری,دانشگاه علوم پزشکی تهران,,تهران,روزانه,روزانه,عادی,55,زن 27 نفر و مرد 28 نفر,نیمسال اول,,1402-booklet,60,1402-booklet,60,کدرشته‌محل منبع: 31959؛ عنوان رشته در منبع: پرستاری
1402,پرستاری,دانشگاه علوم پزشکی تهران,,تهران,روزانه,روزانه,عادی,55,زن 28 نفر و مرد 27 نفر,نیمسال دوم,,1402-booklet,60,1402-booklet,60,کدرشته‌محل منبع: 31960؛ عنوان رشته در منبع: پرستاری
1402,پرستاری,دانشگاه علوم پزشکی تهران,,تهران,شهریه‌پرداز,شهریه پرداز,عادی,30,زن 15 نفر و مرد 15 نفر,نیمسال اول,,1402-booklet,60,1402-booklet,60,کدرشته‌محل منبع: 31977؛ عنوان رشته در منبع: پرستاری
1402,پرستاری,دانشگاه علوم پزشکی تهران,,تهران,شهریه‌پرداز,شهریه پرداز,عادی,30,زن 15 نفر و مرد 15 نفر,نیمسال دوم,,1402-booklet,60,1402-booklet,60,کدرشته‌محل منبع: 31978؛ عنوان رشته در منبع: پرستاری
1402,پرستاری,دانشگاه علوم پزشکی جندی شاپور,,خوزستان,روزانه,روزانه,عادی,37,زن 18 نفر و مرد 19 نفر,نیمسال اول,,1402-booklet,69,1402-booklet,69,کدرشته‌محل منبع: 32312؛ عنوان رشته در منبع: پرستاری
1402,پرستاری,دانشگاه علوم پزشکی جندی شاپور,,خوزستان,روزانه,روزانه,عادی,37,زن 19 نفر و مرد 18 نفر,نیمسال دوم,,1402-booklet,69,1402-booklet,69,کدرشته‌محل منبع: 32313؛ عنوان رشته در منبع: پرستاری
1402,پرستاری,دانشگاه علوم پزشکی جندی شاپور,,خوزستان,شهریه‌پرداز,شهریه پرداز,عادی,13,زن 6 نفر و مرد 7 نفر,نیمسال اول,,1402-booklet,70,1402-booklet,70,کدرشته‌محل منبع: 32332؛ عنوان رشته در منبع: پرستاری
1402,پرستاری,دانشگاه علوم پزشکی جندی شاپور,,خوزستان,شهریه‌پرداز,شهریه پرداز,عادی,13,زن 7 نفر و مرد 6 نفر,نیمسال دوم,,1402-booklet,70,1402-booklet,70,کدرشته‌محل منبع: 32333؛ عنوان رشته در منبع: پرستاری
1402,پرستاری,دانشگاه علوم پزشکی جندی شاپور,محل تحصیل دانشکده پرستاری بستان,خوزستان,روزانه,روزانه,عادی,20,زن 10 نفر و مرد 10 نفر,نیمسال اول,فاقد خوابگاه,1402-booklet,70,1402-booklet,70,کدرشته‌محل منبع: 32348؛ عنوان رشته در منبع: پرستاری
1402,پرستاری,دانشگاه علوم پزشکی جندی شاپور,محل تحصیل دانشکده پرستاری بستان,خوزستان,شهریه‌پرداز,شهریه پرداز,عادی,4,زن 2 نفر و مرد 2 نفر,نیمسال اول,فاقد خوابگاه,1402-booklet,70,1402-booklet,70,کدرشته‌محل منبع: 32349؛ عنوان رشته در منبع: پرستاری
1402,پرستاری,دانشگاه علوم پزشکی جندی شاپور,محل تحصیل شهرستان رامهرمز,خوزستان,روزانه,روزانه,عادی,20,زن 10 نفر و مرد 10 نفر,نیمسال اول,,1402-booklet,70,1402-booklet,70,کدرشته‌محل منبع: 32350؛ عنوان رشته در منبع: پرستاری
1402,پرستاری,دانشگاه علوم پزشکی جندی شاپور,محل تحصیل مجتمع آموزش عالی سلامت شهرستان ایذه,خوزستان,روزانه,روزانه,عادی,20,زن 10 نفر و مرد 10 نفر,نیمسال اول,فاقد خوابگاه,1402-booklet,71,1402-booklet,71,کدرشته‌محل منبع: 32353؛ عنوان رشته در منبع: پرستاری
1402,پرستاری,دانشگاه علوم پزشکی جندی شاپور,محل تحصیل مجتمع آموزش عالی سلامت شهرستان ایذه,خوزستان,شهریه‌پرداز,شهریه پرداز,عادی,5,زن 3 نفر و مرد 2 نفر,نیمسال اول,فاقد خوابگاه,1402-booklet,71,1402-booklet,71,کدرشته‌محل منبع: 32354؛ عنوان رشته در منبع: پرستاری
1402,پرستاری,دانشگاه علوم پزشکی جندی شاپور,محل تحصیل مجتمع آموزش عالی سلامت ماهشهر,خوزستان,روزانه,روزانه,عادی,20,زن 10 نفر و مرد 10 نفر,نیمسال اول,,1402-booklet,70,1402-booklet,70,کدرشته‌محل منبع: 32347؛ عنوان رشته در منبع: پرستاری
1402,پرستاری,دانشگاه علوم پزشکی جندی شاپور,محل تحصیل مجتمع آموزش عالی سلامت مسجدسلیمان,خوزستان,روزانه,روزانه,عادی,15,زن 8 نفر و مرد 7 نفر,نیمسال اول,فاقد خوابگاه,1402-booklet,70,1402-booklet,70,کدرشته‌محل منبع: 32351؛ عنوان رشته در منبع: پرستاری
1402,پرستاری,دانشگاه علوم پزشکی جندی شاپور,محل تحصیل مجتمع آموزش عالی سلامت مسجدسلیمان,خوزستان,شهریه‌پرداز,شهریه پرداز,عادی,5,زن 3 نفر و مرد 2 نفر,نیمسال اول,فاقد خوابگاه,1402-booklet,70,1402-booklet,70,کدرشته‌محل منبع: 32352؛ عنوان رشته در منبع: پرستاری
1402,پرستاری,دانشگاه علوم پزشکی جهرم,,فارس,روزانه,روزانه,عادی,36,زن 18 نفر و مرد 18 نفر,نیمسال اول,محدودیت در ارائه خوابگاه,1402-booklet,78,1402-booklet,78,کدرشته‌محل منبع: 32566؛ عنوان رشته در منبع: پرستاری
1402,پرستاری,دانشگاه علوم پزشکی جیرفت,,کرمان,روزانه,روزانه,عادی,42,زن 21 نفر و مرد 21 نفر,نیمسال دوم,نقل و انتقال از این دانشگاه به سایر دانشگاه ها ممنوع می باشد- شرایط خوابگاه در بخش پیوست- معرفی به خوابگاههای خودگردان,1402-booklet,83,1402-booklet,83,کدرشته‌محل منبع: 32744؛ عنوان رشته در منبع: پرستاری
1402,پرستاری,دانشگاه علوم پزشکی جیرفت,محل تحصیل مجتمع آموزش عالی سلامت شهرستان کهنوج,کرمان,روزانه,روزانه,عادی,12,زن 6 نفر و مرد 6 نفر,نیمسال دوم,نقل و انتقال از این دانشگاه به سایر دانشگاه ها ممنوع می باشد.,1402-booklet,83,1402-booklet,83,کدرشته‌محل منبع: 32751؛ عنوان رشته در منبع: پرستاری
1402,پرستاری,دانشگاه علوم پزشکی خراسان شمالی,,خراسان شمالی,روزانه,روزانه,عادی,42,زن 21 نفر و مرد 21 نفر,نیمسال اول,- محل تحصیل دانشکده پرستاری و مامایی بجنورد - عدم تعهد در واگذاری خوابگاه,1402-booklet,68,1402-booklet,68,کدرشته‌محل منبع: 32294؛ عنوان رشته در منبع: پرستاری
1402,پرستاری,دانشگاه علوم پزشکی خراسان شمالی,,خراسان شمالی,شهریه‌پرداز,شهریه پرداز,عادی,10,زن 5 نفر و مرد 5 نفر,نیمسال اول,محل تحصیل دانشکده پرستاری و مامایی بجنورد - عدم تعهد در واگذاری خوابگاه,1402-booklet,69,1402-booklet,69,کدرشته‌محل منبع: 32296؛ عنوان رشته در منبع: پرستاری
1402,پرستاری,دانشگاه علوم پزشکی خراسان شمالی,محل تحصیل دانشکده پرستاری شیروان(بجنو,خراسان شمالی,روزانه,روزانه,عادی,32,زن 16 نفر و مرد 16 نفر,نیمسال اول,عدم تعهد در واگذاری خوابگاه,1402-booklet,69,1402-booklet,69,کدرشته‌محل منبع: 32290؛ عنوان رشته در منبع: پرستاری
1402,پرستاری,دانشگاه علوم پزشکی دزفول,,خوزستان,روزانه,روزانه,عادی,26,زن 13 نفر و مرد 13 نفر,نیمسال اول,عدم تعهد در واگذاری خوابگاه,1402-booklet,71,1402-booklet,71,کدرشته‌محل منبع: 32364؛ عنوان رشته در منبع: پرستاری
1402,پرستاری,دانشگاه علوم پزشکی دزفول,,خوزستان,روزانه,روزانه,عادی,26,زن 13 نفر و مرد 13 نفر,نیمسال دوم,عدم تعهد در واگذاری خوابگاه,1402-booklet,71,1402-booklet,71,کدرشته‌محل منبع: 32365؛ عنوان رشته در منبع: پرستاری
1402,پرستاری,دانشگاه علوم پزشکی دزفول,,خوزستان,شهریه‌پرداز,شهریه پرداز,عادی,5,زن 2 نفر و مرد 3 نفر,نیمسال اول,عدم تعهد در واگذاری خوابگاه,1402-booklet,71,1402-booklet,71,کدرشته‌محل منبع: 32373؛ عنوان رشته در منبع: پرستاری
1402,پرستاری,دانشگاه علوم پزشکی دزفول,,خوزستان,شهریه‌پرداز,شهریه پرداز,عادی,5,زن 2 نفر و مرد 3 نفر,نیمسال دوم,عدم تعهد در واگذاری خوابگاه,1402-booklet,71,1402-booklet,71,کدرشته‌محل منبع: 32374؛ عنوان رشته در منبع: پرستاری
1402,پرستاری,دانشگاه علوم پزشکی رفسنجان,,کرمان,روزانه,روزانه,عادی,48,زن 24 نفر و مرد 24 نفر,نیمسال اول,ارائه خوابگاه دولتی برای دانشجویان جدیدالورود امکان پذیر نمی باشد در صورت عدم تکمیل ظرفیت ،اسکان در ابگاه خودگردان انجام می شود.خو,1402-booklet,84,1402-booklet,84,کدرشته‌محل منبع: 32755؛ عنوان رشته در منبع: پرستاری
1402,پرستاری,دانشگاه علوم پزشکی رفسنجان,,کرمان,شهریه‌پرداز,شهریه پرداز,عادی,12,زن 6 نفر و مرد 6 نفر,نیمسال اول,فاقد خوابگاه,1402-booklet,84,1402-booklet,84,کدرشته‌محل منبع: 32764؛ عنوان رشته در منبع: پرستاری
1402,پرستاری,دانشگاه علوم پزشکی زابل,,سیستان و بلوچستان,روزانه,روزانه,عادی,28,زن 14 نفر و مرد 14 نفر,نیمسال اول,فاقد خوابگاه,1402-booklet,76,1402-booklet,76,کدرشته‌محل منبع: 32511؛ عنوان رشته در منبع: پرستاری
1402,پرستاری,دانشگاه علوم پزشکی زابل,,سیستان و بلوچستان,روزانه,روزانه,عادی,27,زن 14 نفر و مرد 13 نفر,نیمسال دوم,فاقد خوابگاه,1402-booklet,76,1402-booklet,76,کدرشته‌محل منبع: 32512؛ عنوان رشته در منبع: پرستاری
1402,پرستاری,دانشگاه علوم پزشکی زاهدان,,سیستان و بلوچستان,روزانه,روزانه,عادی,35,زن 17 نفر و مرد 18 نفر,نیمسال اول,عدم تعهد در واگذاری خوابگاه,1402-booklet,77,1402-booklet,77,کدرشته‌محل منبع: 32530؛ عنوان رشته در منبع: پرستاری
1402,پرستاری,دانشگاه علوم پزشکی زاهدان,,سیستان و بلوچستان,روزانه,روزانه,عادی,35,زن 18 نفر و مرد 17 نفر,نیمسال دوم,عدم تعهد در واگذاری خوابگاه,1402-booklet,77,1402-booklet,77,کدرشته‌محل منبع: 32531؛ عنوان رشته در منبع: پرستاری
1402,پرستاری,دانشگاه علوم پزشکی زاهدان,,سیستان و بلوچستان,شهریه‌پرداز,شهریه پرداز,عادی,8,زن 4 نفر و مرد 4 نفر,نیمسال اول,محل تحصیل پردیس خودگردان دانشگاه - فاقد خوابگاه,1402-booklet,77,1402-booklet,77,کدرشته‌محل منبع: 32556؛ عنوان رشته در منبع: پرستاری
1402,پرستاری,دانشگاه علوم پزشکی زاهدان,,سیستان و بلوچستان,شهریه‌پرداز,شهریه پرداز,عادی,7,زن 4 نفر و مرد 3 نفر,نیمسال دوم,محل تحصیل پردیس خودگردان دانشگاه - فاقد خوابگاه,1402-booklet,77,1402-booklet,77,کدرشته‌محل منبع: 32557؛ عنوان رشته در منبع: پرستاری
1402,پرستاری,دانشگاه علوم پزشکی زاهدان,محل تحصیل دانشکده پرستاری شهرستان خاش,سیستان و بلوچستان,روزانه,روزانه,عادی,30,زن 15 نفر و مرد 15 نفر,نیمسال اول,عدم تعهد در واگذاری خوابگاه,1402-booklet,77,1402-booklet,77,کدرشته‌محل منبع: 32561؛ عنوان رشته در منبع: پرستاری
1402,پرستاری,دانشگاه علوم پزشکی زنجان,,زنجان,روزانه,روزانه,عادی,29,زن 14 نفر و مرد 15 نفر,نیمسال اول,عدم امکان تغییر شروع نیمسال تحصیلی- عدم تعهد در واگذاری خوابگاه,1402-booklet,73,1402-booklet,73,کدرشته‌محل منبع: 32423؛ عنوان رشته در منبع: پرستاری
1402,پرستاری,دانشگاه علوم پزشکی زنجان,,زنجان,روزانه,روزانه,عادی,29,زن 15 نفر و مرد 14 نفر,نیمسال دوم,عدم امکان تغییر نیمسال شروع به تحصیل- فاقد خوابگاه,1402-booklet,73,1402-booklet,73,کدرشته‌محل منبع: 32424؛ عنوان رشته در منبع: پرستاری
1402,پرستاری,دانشگاه علوم پزشکی زنجان,,زنجان,شهریه‌پرداز,شهریه پرداز,عادی,9,زن 4 نفر و مرد 5 نفر,نیمسال اول,عدم امکان تغییر شروع نیمسال تحصیلی- عدم تعهد در واگذاری خوابگاه,1402-booklet,74,1402-booklet,74,کدرشته‌محل منبع: 32437؛ عنوان رشته در منبع: پرستاری
1402,پرستاری,دانشگاه علوم پزشکی زنجان,,زنجان,شهریه‌پرداز,شهریه پرداز,عادی,9,زن 5 نفر و مرد 4 نفر,نیمسال دوم,عدم امکان تغییر شروع نیمسال تحصیلی- عدم تعهد در واگذاری خوابگاه,1402-booklet,74,1402-booklet,74,کدرشته‌محل منبع: 32438؛ عنوان رشته در منبع: پرستاری
1402,پرستاری,دانشگاه علوم پزشکی زنجان,محل تحصیل دانشکده پرستاری ابهر,زنجان,روزانه,روزانه,عادی,22,زن 11 نفر و مرد 11 نفر,نیمسال اول,عدم امکان انتقال به زنجان، عدم امکان تغییر نیمسال شروع به تحصیل- فاقد خوابگاه,1402-booklet,74,1402-booklet,74,کدرشته‌محل منبع: 32445؛ عنوان رشته در منبع: پرستاری
1402,پرستاری,دانشگاه علوم پزشکی زنجان,محل تحصیل دانشکده پرستاری ابهر,زنجان,روزانه,روزانه,عادی,22,زن 11 نفر و مرد 11 نفر,نیمسال دوم,عدم امکان انتقال به زنجان،عدم امکان تغییر نیمسال شروع به تحصیل- عدم تعهد در واگذاری خوابگاه,1402-booklet,74,1402-booklet,74,کدرشته‌محل منبع: 32446؛ عنوان رشته در منبع: پرستاری
1402,پرستاری,دانشگاه علوم پزشکی سبزوار,,خراسان رضوی,روزانه,روزانه,عادی,26,زن 13 نفر و مرد 13 نفر,نیمسال اول,عدم تعهد در واگذاری خوابگاه,1402-booklet,65,1402-booklet,65,کدرشته‌محل منبع: 32146؛ عنوان رشته در منبع: پرستاری
1402,پرستاری,دانشگاه علوم پزشکی سبزوار,,خراسان رضوی,روزانه,روزانه,عادی,26,زن 13 نفر و مرد 13 نفر,نیمسال دوم,عدم تعهد در واگذاری خوابگاه,1402-booklet,65,1402-booklet,65,کدرشته‌محل منبع: 32147؛ عنوان رشته در منبع: پرستاری
1402,پرستاری,دانشگاه علوم پزشکی سبزوار,,خراسان رضوی,شهریه‌پرداز,شهریه پرداز,عادی,5,زن 3 نفر و مرد 2 نفر,نیمسال اول,عدم تعهد در واگذاری خوابگاه,1402-booklet,65,1402-booklet,65,کدرشته‌محل منبع: 32158؛ عنوان رشته در منبع: پرستاری
1402,پرستاری,دانشگاه علوم پزشکی سبزوار,,خراسان رضوی,شهریه‌پرداز,شهریه پرداز,عادی,5,زن 2 نفر و مرد 3 نفر,نیمسال دوم,عدم تعهد در واگذاری خوابگاه,1402-booklet,65,1402-booklet,65,کدرشته‌محل منبع: 32159؛ عنوان رشته در منبع: پرستاری
1402,پرستاری,دانشگاه علوم پزشکی سبزوار,محل تحصیل دانشکده پرستاری جوین,خراسان رضوی,روزانه,روزانه,عادی,30,زن 15 نفر و مرد 15 نفر,نیمسال دوم,ممنوعیت نقل و انتقال - عدم تعهد در واگذاری خوابگاه,1402-booklet,65,1402-booklet,65,کدرشته‌محل منبع: 32167؛ عنوان رشته در منبع: پرستاری
1402,پرستاری,دانشگاه علوم پزشکی سمنان,,سمنان,روزانه,روزانه,عادی,45,زن 23 نفر و مرد 22 نفر,نیمسال اول,محدودیت در ارائه خوابگاه,1402-booklet,74,1402-booklet,74,کدرشته‌محل منبع: 32453؛ عنوان رشته در منبع: پرستاری
1402,پرستاری,دانشگاه علوم پزشکی شاهرود,,سمنان,روزانه,روزانه,عادی,23,زن 12 نفر و مرد 11 نفر,نیمسال اول,,1402-booklet,75,1402-booklet,75,کدرشته‌محل منبع: 32475؛ عنوان رشته در منبع: پرستاری
1402,پرستاری,دانشگاه علوم پزشکی شاهرود,,سمنان,روزانه,روزانه,عادی,23,زن 11 نفر و مرد 12 نفر,نیمسال دوم,,1402-booklet,75,1402-booklet,75,کدرشته‌محل منبع: 32476؛ عنوان رشته در منبع: پرستاری
1402,پرستاری,دانشگاه علوم پزشکی شهرکرد,,,در جدول ذکر نشده,,عادی,1,زن و مرد,نیمسال اول,سهمیه مخصوص داوطلبان بومی مناطق درگیر بلایای طبیعی)سیل، زلزله و ...( استان چهارمحال و بختیاری؛ دانشگاه علوم پزشکی شهرکرد,1402-booklet,187,1402-booklet,187,کدرشته‌محل منبع: 37006؛ عنوان رشته در منبع: پرستاری
1402,پرستاری,دانشگاه علوم پزشکی شهرکرد,,چهارمحال و بختیاری,روزانه,روزانه,عادی,40,زن 20 نفر و مرد 20 نفر,نیمسال اول,عدم تعهد در واگذاری خوابگاه,1402-booklet,63,1402-booklet,63,کدرشته‌محل منبع: 32063؛ عنوان رشته در منبع: پرستاری
1402,پرستاری,دانشگاه علوم پزشکی شهرکرد,,چهارمحال و بختیاری,شهریه‌پرداز,شهریه پرداز,عادی,18,زن 9 نفر و مرد 9 نفر,نیمسال اول,عدم تعهد در واگذاری خوابگاه,1402-booklet,63,1402-booklet,63,کدرشته‌محل منبع: 32073؛ عنوان رشته در منبع: پرستاری
1402,پرستاری,دانشگاه علوم پزشکی شهرکرد,محل تحصیل دانشکده علوم پزشکی شهرستان بروجن,چهارمحال و بختیاری,روزانه,روزانه,عادی,40,زن 20 نفر و مرد 20 نفر,نیمسال دوم,عدم تعهد در واگذاری خوابگاه,1402-booklet,63,1402-booklet,63,کدرشته‌محل منبع: 32076؛ عنوان رشته در منبع: پرستاری
1402,پرستاری,دانشگاه علوم پزشکی شهید بهشتی,,تهران,روزانه,روزانه,عادی,60,زن 30 نفر و مرد 30 نفر,نیمسال اول,,1402-booklet,60,1402-booklet,60,کدرشته‌محل منبع: 31989؛ عنوان رشته در منبع: پرستاری
1402,پرستاری,دانشگاه علوم پزشکی شهید بهشتی,,تهران,روزانه,روزانه,عادی,60,زن 30 نفر و مرد 30 نفر,نیمسال دوم,,1402-booklet,60,1402-booklet,60,کدرشته‌محل منبع: 31990؛ عنوان رشته در منبع: پرستاری
1402,پرستاری,دانشگاه علوم پزشکی شهید بهشتی,,تهران,شهریه‌پرداز,شهریه پرداز,عادی,30,زن 15 نفر و مرد 15 نفر,نیمسال اول,محل تحصیل پردیس خودگردان دانشگاه واقع در تهران,1402-booklet,61,1402-booklet,61,کدرشته‌محل منبع: 32016؛ عنوان رشته در منبع: پرستاری
1402,پرستاری,دانشگاه علوم پزشکی شهید بهشتی,,تهران,شهریه‌پرداز,شهریه پرداز,عادی,30,زن 15 نفر و مرد 15 نفر,نیمسال دوم,محل تحصیل پردیس خودگردان دانشگاه واقع در تهران,1402-booklet,61,1402-booklet,61,کدرشته‌محل منبع: 32017؛ عنوان رشته در منبع: پرستاری
1402,پرستاری,دانشگاه علوم پزشکی شیراز,,فارس,روزانه,روزانه,عادی,40,زن 20 نفر و مرد 20 نفر,نیمسال اول,محدودیت در ارائه خوابگاه,1402-booklet,78,1402-booklet,78,کدرشته‌محل منبع: 32580؛ عنوان رشته در منبع: پرستاری
1402,پرستاری,دانشگاه علوم پزشکی شیراز,,فارس,روزانه,روزانه,عادی,40,زن 20 نفر و مرد 20 نفر,نیمسال دوم,محدودیت در ارائه خوابگاه,1402-booklet,78,1402-booklet,78,کدرشته‌محل منبع: 32581؛ عنوان رشته در منبع: پرستاری
1402,پرستاری,دانشگاه علوم پزشکی شیراز,,فارس,شهریه‌پرداز,شهریه پرداز,عادی,10,زن 5 نفر و مرد 5 نفر,نیمسال اول,فاقد خوابگاه,1402-booklet,79,1402-booklet,79,کدرشته‌محل منبع: 32600؛ عنوان رشته در منبع: پرستاری
1402,پرستاری,دانشگاه علوم پزشکی شیراز,,فارس,شهریه‌پرداز,شهریه پرداز,عادی,10,زن 5 نفر و مرد 5 نفر,نیمسال دوم,فاقد خوابگاه,1402-booklet,79,1402-booklet,79,کدرشته‌محل منبع: 32601؛ عنوان رشته در منبع: پرستاری
1402,پرستاری,دانشگاه علوم پزشکی شیراز,محل تحصیل دانشکده پرستاری آباده,فارس,روزانه,روزانه,عادی,22,زن 11 نفر و مرد 11 نفر,نیمسال اول,ممنوعیت نقل و انتقال,1402-booklet,79,1402-booklet,79,کدرشته‌محل منبع: 32609؛ عنوان رشته در منبع: پرستاری
1402,پرستاری,دانشگاه علوم پزشکی شیراز,محل تحصیل دانشکده پرستاری آباده,فارس,شهریه‌پرداز,شهریه پرداز,عادی,2,زن 1 نفر و مرد 1 نفر,نیمسال اول,,1402-booklet,79,1402-booklet,79,کدرشته‌محل منبع: 32611؛ عنوان رشته در منبع: پرستاری
1402,پرستاری,دانشگاه علوم پزشکی شیراز,محل تحصیل دانشکده پرستاری لامرد,فارس,روزانه,روزانه,عادی,24,زن 12 نفر و مرد 12 نفر,نیمسال اول,ممنوعیت نقل و انتقال,1402-booklet,79,1402-booklet,79,کدرشته‌محل منبع: 32612؛ عنوان رشته در منبع: پرستاری
1402,پرستاری,دانشگاه علوم پزشکی شیراز,محل تحصیل مجتمع آموزش عالی سلامت فیروزآباد,فارس,روزانه,روزانه,عادی,20,زن 10 نفر و مرد 10 نفر,نیمسال دوم,,1402-booklet,80,1402-booklet,80,کدرشته‌محل منبع: 32627؛ عنوان رشته در منبع: پرستاری
1402,پرستاری,دانشگاه علوم پزشکی فسا,,فارس,روزانه,روزانه,عادی,42,زن 21 نفر و مرد 21 نفر,نیمسال اول,,1402-booklet,80,1402-booklet,80,کدرشته‌محل منبع: 32631؛ عنوان رشته در منبع: پرستاری
1402,پرستاری,دانشگاه علوم پزشکی قزوین,,قزوین,روزانه,روزانه,عادی,42,زن 21 نفر و مرد 21 نفر,نیمسال اول,,1402-booklet,80,1402-booklet,80,کدرشته‌محل منبع: 32658؛ عنوان رشته در منبع: پرستاری
1402,پرستاری,دانشگاه علوم پزشکی قزوین,,قزوین,روزانه,روزانه,عادی,42,زن 21 نفر و مرد 21 نفر,نیمسال دوم,,1402-booklet,80,1402-booklet,80,کدرشته‌محل منبع: 32659؛ عنوان رشته در منبع: پرستاری
1402,پرستاری,دانشگاه علوم پزشکی قزوین,,قزوین,شهریه‌پرداز,شهریه پرداز,عادی,20,زن 10 نفر و مرد 10 نفر,نیمسال اول,,1402-booklet,81,1402-booklet,81,کدرشته‌محل منبع: 32670؛ عنوان رشته در منبع: پرستاری
1402,پرستاری,دانشگاه علوم پزشکی قزوین,,قزوین,شهریه‌پرداز,شهریه پرداز,عادی,20,زن 10 نفر و مرد 10 نفر,نیمسال دوم,,1402-booklet,81,1402-booklet,81,کدرشته‌محل منبع: 32671؛ عنوان رشته در منبع: پرستاری
1402,پرستاری,دانشگاه علوم پزشکی قم,,قم,روزانه,روزانه,عادی,50,زن 25 نفر و مرد 25 نفر,نیمسال دوم,عدم تعهد در واگذاری خوابگاه,1402-booklet,81,1402-booklet,81,کدرشته‌محل منبع: 32683؛ عنوان رشته در منبع: پرستاری
1402,پرستاری,دانشگاه علوم پزشکی قم,,قم,شهریه‌پرداز,شهریه پرداز,عادی,12,زن 6 نفر و مرد 6 نفر,نیمسال دوم,عدم تعهد در واگذاری خوابگاه,1402-booklet,81,1402-booklet,81,کدرشته‌محل منبع: 32695؛ عنوان رشته در منبع: پرستاری
1402,پرستاری,دانشگاه علوم پزشکی لرستان,,لرستان,روزانه,روزانه,عادی,25,زن 12 نفر و مرد 13 نفر,نیمسال اول,فاقد خوابگاه,1402-booklet,89,1402-booklet,89,کدرشته‌محل منبع: 32921؛ عنوان رشته در منبع: پرستاری
1402,پرستاری,دانشگاه علوم پزشکی لرستان,,لرستان,روزانه,روزانه,عادی,20,زن و مرد,نیمسال اول,توضیحات: بدون خوابگاه - عدم انتقال به دانشکده های خرم آباد محل تحصیل: دانشکده پرستاری پلدختر,1402-correction-5,3,1402-correction-5,3,کدرشته‌محل منبع: 39522؛ عنوان رشته در منبع: پرستاری
1402,پرستاری,دانشگاه علوم پزشکی لرستان,,لرستان,روزانه,روزانه,عادی,25,زن 13 نفر و مرد 12 نفر,نیمسال دوم,فاقد خوابگاه,1402-booklet,89,1402-booklet,89,کدرشته‌محل منبع: 32922؛ عنوان رشته در منبع: پرستاری
1402,پرستاری,دانشگاه علوم پزشکی لرستان,,لرستان,شهریه‌پرداز,شهریه پرداز,عادی,5,زن 3 نفر و مرد 2 نفر,نیمسال اول,محل تحصیل دانشکده پرستاری خرم آباد - فاقد خوابگاه,1402-booklet,89,1402-booklet,89,کدرشته‌محل منبع: 32955؛ عنوان رشته در منبع: پرستاری
1402,پرستاری,دانشگاه علوم پزشکی لرستان,,لرستان,شهریه‌پرداز,شهریه پرداز,عادی,3,زن و مرد,نیمسال اول,توضیحات: بدون خوابگاه - عدم انتقال به دانشکده های خرم آباد محل تحصیل: دانشکده پرستاری پلدختر,1402-correction-5,3,1402-correction-5,3,کدرشته‌محل منبع: 39523؛ عنوان رشته در منبع: پرستاری
1402,پرستاری,دانشگاه علوم پزشکی لرستان,,لرستان,شهریه‌پرداز,شهریه پرداز,عادی,5,زن 2 نفر و مرد 3 نفر,نیمسال دوم,محل تحصیل دانشکده پرستاری خرم آباد - فاقد خوابگاه,1402-booklet,89,1402-booklet,89,کدرشته‌محل منبع: 32956؛ عنوان رشته در منبع: پرستاری
1402,پرستاری,دانشگاه علوم پزشکی لرستان,محل تحصیل دانشکده پرستاری الیگودرز(خر,لرستان,روزانه,روزانه,عادی,10,زن 5 نفر و مرد 5 نفر,نیمسال اول,عدم انتقال به دانشکده های خرم آباد - فاقد خوابگاه,1402-booklet,89,1402-booklet,89,کدرشته‌محل منبع: 32943؛ عنوان رشته در منبع: پرستاری
1402,پرستاری,دانشگاه علوم پزشکی لرستان,محل تحصیل دانشکده پرستاری الیگودرز(خر,لرستان,روزانه,روزانه,عادی,16,زن 8 نفر و مرد 8 نفر,نیمسال دوم,عدم انتقال به دانشکده های خرم آباد - فاقد خوابگاه,1402-booklet,89,1402-booklet,89,کدرشته‌محل منبع: 32944؛ عنوان رشته در منبع: پرستاری
1402,پرستاری,دانشگاه علوم پزشکی لرستان,محل تحصیل دانشکده پرستاری الیگودرز(خر,لرستان,شهریه‌پرداز,شهریه پرداز,عادی,12,زن 6 نفر و مرد 6 نفر,نیمسال اول,عدم انتقال به دانشکده های خرم آباد - فاقد خوابگاه,1402-booklet,89,1402-booklet,89,کدرشته‌محل منبع: 32947؛ عنوان رشته در منبع: پرستاری
1402,پرستاری,دانشگاه علوم پزشکی لرستان,محل تحصیل دانشکده پرستاری بروجرد(خر,لرستان,روزانه,روزانه,عادی,34,زن 17 نفر و مرد 17 نفر,نیمسال اول,عدم انتقال به دانشکده های خرم آباد - فاقد خوابگاه,1402-booklet,90,1402-booklet,90,کدرشته‌محل منبع: 32951؛ عنوان رشته در منبع: پرستاری
1402,پرستاری,دانشگاه علوم پزشکی لرستان,محل تحصیل شهرستان دورود(خر,لرستان,روزانه,روزانه,عادی,20,زن 10 نفر و مرد 10 نفر,نیمسال اول,,1402-booklet,90,1402-booklet,90,کدرشته‌محل منبع: 32957؛ عنوان رشته در منبع: پرستاری
1402,پرستاری,دانشگاه علوم پزشکی مازندران,محل تحصیل دانشکده پرستاری آمل(سا,مازندران,روزانه,روزانه,عادی,21,زن 10 نفر و مرد 11 نفر,نیمسال اول,فاقد خوابگاه برای پسران و برای خواهران نیز خوابگاه صرفابصورت خودگردان و محدود واگذار میشود,1402-booklet,91,1402-booklet,91,کدرشته‌محل منبع: 33009؛ عنوان رشته در منبع: پرستاری
1402,پرستاری,دانشگاه علوم پزشکی مازندران,محل تحصیل دانشکده پرستاری آمل(سا,مازندران,روزانه,روزانه,عادی,21,زن 11 نفر و مرد 10 نفر,نیمسال دوم,فاقد خوابگاه برای پسران و برای خواهران نیز خوابگاه صرفابصورت خودگردان و محدود واگذار میشود,1402-booklet,91,1402-booklet,91,کدرشته‌محل منبع: 33010؛ عنوان رشته در منبع: پرستاری
1402,پرستاری,دانشگاه علوم پزشکی مازندران,محل تحصیل دانشکده پرستاری آمل(سا,مازندران,شهریه‌پرداز,شهریه پرداز,عادی,5,زن 2 نفر و مرد 3 نفر,نیمسال اول,فاقد خوابگاه برای پسران و برای خواهران نیز خوابگاه صرفابصورت خودگردان و محدود واگذار میشود,1402-booklet,91,1402-booklet,91,کدرشته‌محل منبع: 33011؛ عنوان رشته در منبع: پرستاری
1402,پرستاری,دانشگاه علوم پزشکی مازندران,محل تحصیل دانشکده پرستاری آمل(سا,مازندران,شهریه‌پرداز,شهریه پرداز,عادی,5,زن 3 نفر و مرد 2 نفر,نیمسال دوم,فاقد خوابگاه برای پسران و برای خواهران نیز خوابگاه صرفابصورت خودگردان و محدود واگذار میشود,1402-booklet,91,1402-booklet,91,کدرشته‌محل منبع: 33012؛ عنوان رشته در منبع: پرستاری
1402,پرستاری,دانشگاه علوم پزشکی مازندران,,مازندران,روزانه,روزانه,عادی,30,زن 15 نفر و مرد 15 نفر,نیمسال اول,,1402-booklet,91,1402-booklet,91,کدرشته‌محل منبع: 32990؛ عنوان رشته در منبع: پرستاری
1402,پرستاری,دانشگاه علوم پزشکی مازندران,,مازندران,روزانه,روزانه,عادی,30,زن 15 نفر و مرد 15 نفر,نیمسال دوم,,1402-booklet,91,1402-booklet,91,کدرشته‌محل منبع: 32991؛ عنوان رشته در منبع: پرستاری
1402,پرستاری,دانشگاه علوم پزشکی مازندران,,مازندران,شهریه‌پرداز,شهریه پرداز,عادی,12,زن 6 نفر و مرد 6 نفر,نیمسال اول,فاقد خوابگاه,1402-booklet,91,1402-booklet,91,کدرشته‌محل منبع: 33004؛ عنوان رشته در منبع: پرستاری
1402,پرستاری,دانشگاه علوم پزشکی مازندران,,مازندران,شهریه‌پرداز,شهریه پرداز,عادی,12,زن 6 نفر و مرد 6 نفر,نیمسال دوم,فاقد خوابگاه,1402-booklet,91,1402-booklet,91,کدرشته‌محل منبع: 33005؛ عنوان رشته در منبع: پرستاری
1402,پرستاری,دانشگاه علوم پزشکی مازندران,محل تحصیل دانشکده پرستاری بهشهر,مازندران,روزانه,روزانه,عادی,30,زن 15 نفر و مرد 15 نفر,نیمسال اول,فاقد خوابگاه,1402-booklet,92,1402-booklet,92,کدرشته‌محل منبع: 33017؛ عنوان رشته در منبع: پرستاری
1402,پرستاری,دانشگاه علوم پزشکی مازندران,محل تحصیل دانشکده پرستاری بهشهر,مازندران,شهریه‌پرداز,شهریه پرداز,عادی,5,زن 3 نفر و مرد 2 نفر,نیمسال اول,فاقد خوابگاه,1402-booklet,92,1402-booklet,92,کدرشته‌محل منبع: 33018؛ عنوان رشته در منبع: پرستاری
1402,پرستاری,دانشگاه علوم پزشکی مشهد,,خراسان رضوی,روزانه,روزانه,عادی,40,زن 20 نفر و مرد 20 نفر,نیمسال اول,,1402-booklet,66,1402-booklet,66,کدرشته‌محل منبع: 32202؛ عنوان رشته در منبع: پرستاری
1402,پرستاری,دانشگاه علوم پزشکی مشهد,,خراسان رضوی,روزانه,روزانه,عادی,40,زن 20 نفر و مرد 20 نفر,نیمسال دوم,,1402-booklet,66,1402-booklet,66,کدرشته‌محل منبع: 32203؛ عنوان رشته در منبع: پرستاری
1402,پرستاری,دانشگاه علوم پزشکی مشهد,,خراسان رضوی,شهریه‌پرداز,شهریه پرداز,عادی,10,زن 5 نفر و مرد 5 نفر,نیمسال اول,معرفی به خوابگاههای خودگردان,1402-booklet,66,1402-booklet,66,کدرشته‌محل منبع: 32216؛ عنوان رشته در منبع: پرستاری
1402,پرستاری,دانشگاه علوم پزشکی مشهد,,خراسان رضوی,شهریه‌پرداز,شهریه پرداز,عادی,10,زن 5 نفر و مرد 5 نفر,نیمسال دوم,معرفی به خوابگاههای خودگردان,1402-booklet,66,1402-booklet,66,کدرشته‌محل منبع: 32217؛ عنوان رشته در منبع: پرستاری
1402,پرستاری,دانشگاه علوم پزشکی مشهد,محل تحصیل دانشکده علوم پزشکی شهرستان کاشمر,خراسان رضوی,روزانه,روزانه,عادی,18,زن 9 نفر و مرد 9 نفر,نیمسال اول,معرفی به خوابگاههای خودگردان,1402-booklet,67,1402-booklet,67,کدرشته‌محل منبع: 32229؛ عنوان رشته در منبع: پرستاری
1402,پرستاری,دانشگاه علوم پزشکی مشهد,محل تحصیل دانشکده علوم پزشکی شهرستان کاشمر,خراسان رضوی,روزانه,روزانه,عادی,17,زن 9 نفر و مرد 8 نفر,نیمسال دوم,معرفی به خوابگاههای خودگردان,1402-booklet,67,1402-booklet,67,کدرشته‌محل منبع: 32230؛ عنوان رشته در منبع: پرستاری
1402,پرستاری,دانشگاه علوم پزشکی مشهد,محل تحصیل دانشکده علوم پزشکی شهرستان کاشمر,خراسان رضوی,شهریه‌پرداز,شهریه پرداز,عادی,5,زن 2 نفر و مرد 3 نفر,نیمسال اول,معرفی به خوابگاههای خودگردان,1402-booklet,67,1402-booklet,67,کدرشته‌محل منبع: 32234؛ عنوان رشته در منبع: پرستاری
1402,پرستاری,دانشگاه علوم پزشکی مشهد,محل تحصیل دانشکده علوم پزشکی شهرستان کاشمر,خراسان رضوی,شهریه‌پرداز,شهریه پرداز,عادی,5,زن 3 نفر و مرد 2 نفر,نیمسال دوم,معرفی به خوابگاههای خودگردان,1402-booklet,67,1402-booklet,67,کدرشته‌محل منبع: 32235؛ عنوان رشته در منبع: پرستاری
1402,پرستاری,دانشگاه علوم پزشکی مشهد,محل تحصیل دانشکده پرستاری قوچان,خراسان رضوی,روزانه,روزانه,عادی,17,زن 9 نفر و مرد 8 نفر,نیمسال اول,معرفی به خوابگاههای خودگردان,1402-booklet,67,1402-booklet,67,کدرشته‌محل منبع: 32227؛ عنوان رشته در منبع: پرستاری
1402,پرستاری,دانشگاه علوم پزشکی مشهد,محل تحصیل دانشکده پرستاری قوچان,خراسان رضوی,شهریه‌پرداز,شهریه پرداز,عادی,5,زن 3 نفر و مرد 2 نفر,نیمسال اول,معرفی به خوابگاههای خودگردان,1402-booklet,67,1402-booklet,67,کدرشته‌محل منبع: 32228؛ عنوان رشته در منبع: پرستاری
1402,پرستاری,دانشگاه علوم پزشکی نیشابور,,خراسان رضوی,روزانه,روزانه,عادی,40,زن 20 نفر و مرد 20 نفر,نیمسال اول,دارای خوابگاه ملکی برای دختران و خوابگاه مشارکتی برای پسران,1402-booklet,67,1402-booklet,67,کدرشته‌محل منبع: 32247؛ عنوان رشته در منبع: پرستاری
1402,پرستاری,دانشگاه علوم پزشکی نیشابور,,خراسان رضوی,شهریه‌پرداز,شهریه پرداز,عادی,10,زن 5 نفر و مرد 5 نفر,نیمسال اول,عدم تعهد در واگذاری خوابگاه,1402-booklet,68,1402-booklet,68,کدرشته‌محل منبع: 32256؛ عنوان رشته در منبع: پرستاری
1402,پرستاری,دانشگاه علوم پزشکی همدان,,همدان,روزانه,روزانه,عادی,40,زن 20 نفر و مرد 20 نفر,نیمسال اول,فاقد خوابگاه,1402-booklet,95,1402-booklet,95,کدرشته‌محل منبع: 33129؛ عنوان رشته در منبع: پرستاری
1402,پرستاری,دانشگاه علوم پزشکی همدان,,همدان,روزانه,روزانه,عادی,40,زن 20 نفر و مرد 20 نفر,نیمسال دوم,فاقد خوابگاه,1402-booklet,95,1402-booklet,95,کدرشته‌محل منبع: 33130؛ عنوان رشته در منبع: پرستاری
1402,پرستاری,دانشگاه علوم پزشکی همدان,,همدان,شهریه‌پرداز,شهریه پرداز,عادی,20,زن 10 نفر و مرد 10 نفر,نیمسال اول,محل تحصیل پردیس خودگردان دانشگاه - فاقد خوابگاه,1402-booklet,95,1402-booklet,95,کدرشته‌محل منبع: 33156؛ عنوان رشته در منبع: پرستاری
1402,پرستاری,دانشگاه علوم پزشکی همدان,,همدان,شهریه‌پرداز,شهریه پرداز,عادی,20,زن 10 نفر و مرد 10 نفر,نیمسال دوم,محل تحصیل پردیس خودگردان دانشگاه - فاقد خوابگاه,1402-booklet,95,1402-booklet,95,کدرشته‌محل منبع: 33157؛ عنوان رشته در منبع: پرستاری
1402,پرستاری,دانشگاه علوم پزشکی همدان,محل تحصیل دانشکده پرستاری ملایر,همدان,روزانه,روزانه,عادی,35,زن 18 نفر و مرد 17 نفر,نیمسال اول,ممنوعیت نقل و انتقالات براساس مصوبه شورای آموزشی دانشگاه - عدم تعهد در واگذاری خوابگاه,1402-booklet,96,1402-booklet,96,کدرشته‌محل منبع: 33145؛ عنوان رشته در منبع: پرستاری
1402,پرستاری,دانشگاه علوم پزشکی همدان,محل تحصیل دانشکده پیراپزشکی نهاوند,همدان,روزانه,روزانه,عادی,30,زن 15 نفر و مرد 15 نفر,نیمسال اول,ممنوعیت نقل و انتقالات براساس مصوبه شورای آموزشی دانشگاه - عدم تعهد در واگذاری خوابگاه,1402-booklet,96,1402-booklet,96,کدرشته‌محل منبع: 33147؛ عنوان رشته در منبع: پرستاری
1402,پرستاری,دانشگاه علوم پزشکی کاشان,,اصفهان,روزانه,روزانه,عادی,31,زن 16 نفر و مرد 15 نفر,نیمسال اول,محدودیت در ارائه خوابگاه,1402-booklet,52,1402-booklet,52,کدرشته‌محل منبع: 31783؛ عنوان رشته در منبع: پرستاری
1402,پرستاری,دانشگاه علوم پزشکی کاشان,,اصفهان,روزانه,روزانه,عادی,31,زن 15 نفر و مرد 16 نفر,نیمسال دوم,محدودیت در ارائه خوابگاه,1402-booklet,52,1402-booklet,52,کدرشته‌محل منبع: 31784؛ عنوان رشته در منبع: پرستاری
1402,پرستاری,دانشگاه علوم پزشکی کاشان,,اصفهان,شهریه‌پرداز,شهریه پرداز,عادی,11,زن 6 نفر و مرد 5 نفر,نیمسال اول,عدم تعهد در واگذاری خوابگاه,1402-booklet,53,1402-booklet,53,کدرشته‌محل منبع: 31797؛ عنوان رشته در منبع: پرستاری
1402,پرستاری,دانشگاه علوم پزشکی کاشان,,اصفهان,شهریه‌پرداز,شهریه پرداز,عادی,11,زن 5 نفر و مرد 6 نفر,نیمسال دوم,عدم تعهد در واگذاری خوابگاه,1402-booklet,53,1402-booklet,53,کدرشته‌محل منبع: 31798؛ عنوان رشته در منبع: پرستاری
1402,پرستاری,دانشگاه علوم پزشکی کردستان,محل تحصیل شهرستان سقز(سنند,کردستان,روزانه,روزانه,عادی,22,زن 11 نفر و مرد 11 نفر,نیمسال اول,فاقد خوابگاه,1402-booklet,82,1402-booklet,82,کدرشته‌محل منبع: 32728؛ عنوان رشته در منبع: پرستاری
1402,پرستاری,دانشگاه علوم پزشکی کردستان,محل تحصیل شهرستان سقز(سنند,کردستان,شهریه‌پرداز,شهریه پرداز,عادی,2,زن 1 نفر و مرد 1 نفر,نیمسال اول,فاقد خوابگاه,1402-booklet,82,1402-booklet,82,کدرشته‌محل منبع: 32729؛ عنوان رشته در منبع: پرستاری
1402,پرستاری,دانشگاه علوم پزشکی کردستان,,کردستان,روزانه,روزانه,عادی,47,زن 23 نفر و مرد 24 نفر,نیمسال اول,فاقد خوابگاه,1402-booklet,82,1402-booklet,82,کدرشته‌محل منبع: 32707؛ عنوان رشته در منبع: پرستاری
1402,پرستاری,دانشگاه علوم پزشکی کردستان,,کردستان,روزانه,روزانه,عادی,35,زن 18 نفر و مرد 17 نفر,نیمسال دوم,فاقد خوابگاه,1402-booklet,82,1402-booklet,82,کدرشته‌محل منبع: 32708؛ عنوان رشته در منبع: پرستاری
1402,پرستاری,دانشگاه علوم پزشکی کردستان,,کردستان,شهریه‌پرداز,شهریه پرداز,عادی,12,زن 6 نفر و مرد 6 نفر,نیمسال دوم,فاقد خوابگاه,1402-booklet,82,1402-booklet,82,کدرشته‌محل منبع: 32720؛ عنوان رشته در منبع: پرستاری
1402,پرستاری,دانشگاه علوم پزشکی کرمان,,کرمان,روزانه,روزانه,عادی,66,زن 33 نفر و مرد 33 نفر,نیمسال اول,محل تحصیل دانشکده پرستاری و مامایی رازی - عدم تعهد در واگذاری خوابگاه,1402-booklet,85,1402-booklet,85,کدرشته‌محل منبع: 32789؛ عنوان رشته در منبع: پرستاری
1402,پرستاری,دانشگاه علوم پزشکی کرمان,محل تحصیل دانشکده پرستاری زرند,کرمان,روزانه,روزانه,عادی,40,زن 20 نفر و مرد 20 نفر,نیمسال اول,برای دانشجویان پسر فاقد خوابگاه و ظرفیت پذیرش خوابگاه دانشجویان دختر محدود می .باشد- محدودیت در ارائه خوابگاه,1402-booklet,85,1402-booklet,85,کدرشته‌محل منبع: 32791؛ عنوان رشته در منبع: پرستاری
1402,پرستاری,دانشگاه علوم پزشکی کرمان,محل تحصیل دانشکده پرستاری و رازی(مامایی,,در جدول ذکر نشده,,عادی,1,زن و مرد,نیمسال اول,سهمیه مخصوص داوطلبان بومی مناطق درگیر بلایای طبیعی)سیل، زلزله و ...( استان کرمان؛ دانشگاه علوم پزشکی کرمان )محل تحصیل دانشکده پرستاری و رازی(مامایی,1402-booklet,189,1402-booklet,189,کدرشته‌محل منبع: 37017؛ عنوان رشته در منبع: پرستاری
1402,پرستاری,دانشگاه علوم پزشکی کرمانشاه,,کرمانشاه,روزانه,روزانه,عادی,48,زن 24 نفر و مرد 24 نفر,نیمسال اول,عدم تعهد در واگذاری خوابگاه,1402-booklet,85,1402-booklet,85,کدرشته‌محل منبع: 32809؛ عنوان رشته در منبع: پرستاری
1402,پرستاری,دانشگاه علوم پزشکی کرمانشاه,,کرمانشاه,روزانه,روزانه,عادی,47,زن 24 نفر و مرد 23 نفر,نیمسال دوم,عدم تعهد در واگذاری خوابگاه,1402-booklet,85,1402-booklet,85,کدرشته‌محل منبع: 32810؛ عنوان رشته در منبع: پرستاری
1402,پرستاری,دانشگاه علوم پزشکی کرمانشاه,,کرمانشاه,شهریه‌پرداز,شهریه پرداز,عادی,12,زن 6 نفر و مرد 6 نفر,نیمسال اول,عدم تعهد در واگذاری خوابگاه,1402-booklet,86,1402-booklet,86,کدرشته‌محل منبع: 32827؛ عنوان رشته در منبع: پرستاری
1402,پرستاری,دانشگاه علوم پزشکی کرمانشاه,,کرمانشاه,شهریه‌پرداز,شهریه پرداز,عادی,13,زن 7 نفر و مرد 6 نفر,نیمسال دوم,عدم تعهد در واگذاری خوابگاه,1402-booklet,86,1402-booklet,86,کدرشته‌محل منبع: 32828؛ عنوان رشته در منبع: پرستاری
1402,پرستاری,دانشگاه علوم پزشکی کرمانشاه,محل تحصیل دانشکده پرستاری سنقر,کرمانشاه,روزانه,روزانه,عادی,15,زن 8 نفر و مرد 7 نفر,نیمسال دوم,عدم تعهد در واگذاری خوابگاه,1402-booklet,86,1402-booklet,86,کدرشته‌محل منبع: 32837؛ عنوان رشته در منبع: پرستاری
1402,پرستاری,دانشگاه علوم پزشکی کرمانشاه,محل تحصیل دانشکده پرستاری سنقر,کرمانشاه,شهریه‌پرداز,شهریه پرداز,عادی,5,زن 3 نفر و مرد 2 نفر,نیمسال دوم,عدم تعهد در واگذاری خوابگاه,1402-booklet,86,1402-booklet,86,کدرشته‌محل منبع: 32838؛ عنوان رشته در منبع: پرستاری
1402,پرستاری,دانشگاه علوم پزشکی کرمانشاه,محل تحصیل مجتمع آموزش عالی سلامت اسلام آباد غرب,کرمانشاه,روزانه,روزانه,عادی,15,زن 8 نفر و مرد 7 نفر,نیمسال اول,,1402-booklet,86,1402-booklet,86,کدرشته‌محل منبع: 32840؛ عنوان رشته در منبع: پرستاری
1402,پرستاری,دانشگاه علوم پزشکی کرمانشاه,محل تحصیل مجتمع آموزش عالی سلامت اسلام آباد غرب,کرمانشاه,شهریه‌پرداز,شهریه پرداز,عادی,5,زن 2 نفر و مرد 3 نفر,نیمسال اول,,1402-booklet,86,1402-booklet,86,کدرشته‌محل منبع: 32841؛ عنوان رشته در منبع: پرستاری
1402,پرستاری,دانشگاه علوم پزشکی گلستان,,گلستان,روزانه,روزانه,عادی,36,زن 18 نفر و مرد 18 نفر,نیمسال اول,فاقد خوابگاه,1402-booklet,87,1402-booklet,87,کدرشته‌محل منبع: 32862؛ عنوان رشته در منبع: پرستاری
1402,پرستاری,دانشگاه علوم پزشکی گلستان,,گلستان,روزانه,روزانه,عادی,36,زن 18 نفر و مرد 18 نفر,نیمسال دوم,فاقد خوابگاه,1402-booklet,87,1402-booklet,87,کدرشته‌محل منبع: 32863؛ عنوان رشته در منبع: پرستاری
1402,پرستاری,دانشگاه علوم پزشکی گلستان,,گلستان,شهریه‌پرداز,شهریه پرداز,عادی,10,زن 5 نفر و مرد 5 نفر,نیمسال اول,فاقد خوابگاه,1402-booklet,87,1402-booklet,87,کدرشته‌محل منبع: 32874؛ عنوان رشته در منبع: پرستاری
1402,پرستاری,دانشگاه علوم پزشکی گلستان,,گلستان,شهریه‌پرداز,شهریه پرداز,عادی,10,زن 5 نفر و مرد 5 نفر,نیمسال دوم,فاقد خوابگاه,1402-booklet,87,1402-booklet,87,کدرشته‌محل منبع: 32875؛ عنوان رشته در منبع: پرستاری
1402,پرستاری,دانشگاه علوم پزشکی گناباد,,خراسان رضوی,روزانه,روزانه,عادی,25,زن 13 نفر و مرد 12 نفر,نیمسال اول,دارای خوابگاه ملکی,1402-booklet,65,1402-booklet,65,کدرشته‌محل منبع: 32172؛ عنوان رشته در منبع: پرستاری
1402,پرستاری,دانشگاه علوم پزشکی گناباد,,خراسان رضوی,روزانه,روزانه,عادی,25,زن 12 نفر و مرد 13 نفر,نیمسال دوم,دارای خوابگاه ملکی,1402-booklet,65,1402-booklet,65,کدرشته‌محل منبع: 32173؛ عنوان رشته در منبع: پرستاری
1402,پرستاری,دانشگاه علوم پزشکی گناباد,,خراسان رضوی,شهریه‌پرداز,شهریه پرداز,عادی,8,زن 4 نفر و مرد 4 نفر,نیمسال اول,دارای خوابگاه ملکی,1402-booklet,65,1402-booklet,65,کدرشته‌محل منبع: 32185؛ عنوان رشته در منبع: پرستاری
1402,پرستاری,دانشگاه علوم پزشکی گناباد,,خراسان رضوی,شهریه‌پرداز,شهریه پرداز,عادی,8,زن 4 نفر و مرد 4 نفر,نیمسال دوم,دارای خوابگاه ملکی,1402-booklet,66,1402-booklet,66,کدرشته‌محل منبع: 32186؛ عنوان رشته در منبع: پرستاری
1402,پرستاری,دانشگاه علوم پزشکی گیلان,,گیلان,روزانه,روزانه,عادی,28,زن 14 نفر و مرد 14 نفر,نیمسال اول,محل تحصیل دانشکده پرستاری و مامایی شهید بهشتی رشت- عدم تعهد در واگذاری خوابگاه,1402-booklet,87,1402-booklet,87,کدرشته‌محل منبع: 32895؛ عنوان رشته در منبع: پرستاری
1402,پرستاری,دانشگاه علوم پزشکی گیلان,,گیلان,روزانه,روزانه,عادی,28,زن 14 نفر و مرد 14 نفر,نیمسال دوم,محل تحصیل دانشکده پرستاری و مامایی شهید بهشتی رشت- عدم تعهد در واگذاری خوابگاه,1402-booklet,87,1402-booklet,87,کدرشته‌محل منبع: 32896؛ عنوان رشته در منبع: پرستاری
1402,پرستاری,دانشگاه علوم پزشکی گیلان,,گیلان,شهریه‌پرداز,شهریه پرداز,عادی,13,زن 6 نفر و مرد 7 نفر,نیمسال اول,محل تحصیل دانشکده پرستاری و مامایی شهید بهشتی رشت- عدم تعهد در واگذاری خوابگاه,1402-booklet,88,1402-booklet,88,کدرشته‌محل منبع: 32899؛ عنوان رشته در منبع: پرستاری
1402,پرستاری,دانشگاه علوم پزشکی گیلان,,گیلان,شهریه‌پرداز,شهریه پرداز,عادی,13,زن 7 نفر و مرد 6 نفر,نیمسال دوم,محل تحصیل دانشکده پرستاری و مامایی شهید بهشتی رشت- عدم تعهد در واگذاری خوابگاه,1402-booklet,88,1402-booklet,88,کدرشته‌محل منبع: 32900؛ عنوان رشته در منبع: پرستاری
1402,پرستاری,دانشگاه علوم پزشکی گیلان,محل تحصیل دانشکده پرستاری و مامایی لنگرود,گیلان,روزانه,روزانه,عادی,26,زن 13 نفر و مرد 13 نفر,نیمسال اول,عدم تعهد در واگذاری خوابگاه,1402-booklet,88,1402-booklet,88,کدرشته‌محل منبع: 32903؛ عنوان رشته در منبع: پرستاری
1402,پرستاری,دانشگاه علوم پزشکی گیلان,محل تحصیل دانشکده پرستاری و مامایی لنگرود,گیلان,شهریه‌پرداز,شهریه پرداز,عادی,10,زن 5 نفر و مرد 5 نفر,نیمسال اول,عدم تعهد در واگذاری خوابگاه,1402-booklet,88,1402-booklet,88,کدرشته‌محل منبع: 32905؛ عنوان رشته در منبع: پرستاری
1402,پرستاری,دانشگاه علوم پزشکی یاسوج,,,در جدول ذکر نشده,,عادی,1,زن و مرد,نیمسال اول,سهمیه مخصوص داوطلبان بومی مناطق درگیر بلایای طبیعی)سیل، زلزله و ...( استان کهگیلویه و بویراحمد؛ دانشگاه علوم پزشکی یاسوج,1402-booklet,190,1402-booklet,190,کدرشته‌محل منبع: 37022؛ عنوان رشته در منبع: پرستاری
1402,پرستاری,دانشگاه علوم پزشکی یاسوج,,کهگیلویه و بویراحمد,روزانه,روزانه,عادی,30,زن 15 نفر و مرد 15 نفر,نیمسال اول,عدم تعهد در واگذاری خوابگاه,1402-booklet,86,1402-booklet,86,کدرشته‌محل منبع: 32846؛ عنوان رشته در منبع: پرستاری
1402,پرستاری,دانشگاه علوم پزشکی یاسوج,,کهگیلویه و بویراحمد,روزانه,روزانه,عادی,30,زن 15 نفر و مرد 15 نفر,نیمسال دوم,عدم تعهد در واگذاری خوابگاه,1402-booklet,86,1402-booklet,86,کدرشته‌محل منبع: 32847؛ عنوان رشته در منبع: پرستاری
1402,پرستاری,دانشگاه علوم پزشکی یزد,,یزد,روزانه,روزانه,عادی,40,زن 20 نفر و مرد 20 نفر,نیمسال اول,محل تحصیل دانشکده پرستاری و مامایی یزد - عدم تعهد در واگذاری خوابگاه,1402-booklet,97,1402-booklet,97,کدرشته‌محل منبع: 33207؛ عنوان رشته در منبع: پرستاری
1402,پرستاری,دانشگاه علوم پزشکی یزد,,یزد,روزانه,روزانه,عادی,40,زن 20 نفر و مرد 20 نفر,نیمسال دوم,محل تحصیل دانشکده پرستاری و مامایی یزد - عدم تعهد در واگذاری خوابگاه,1402-booklet,97,1402-booklet,97,کدرشته‌محل منبع: 33208؛ عنوان رشته در منبع: پرستاری
1402,پرستاری,دانشگاه علوم پزشکی یزد,,یزد,شهریه‌پرداز,شهریه پرداز,عادی,40,زن 20 نفر و مرد 20 نفر,نیمسال دوم,محل تحصیل پردیس خودگردان واقع در احمدآباد مشیر- عدم تعهد در واگذاری خوابگاه,1402-booklet,97,1402-booklet,97,کدرشته‌محل منبع: 33195؛ عنوان رشته در منبع: پرستاری
1402,پرستاری,دانشگاه علوم پزشکی یزد,محل تحصیل دانشکده پرستاری میبد,یزد,روزانه,روزانه,عادی,44,زن 22 نفر و مرد 22 نفر,نیمسال اول,عدم تعهد در واگذاری خوابگاه,1402-booklet,97,1402-booklet,97,کدرشته‌محل منبع: 33196؛ عنوان رشته در منبع: پرستاری
1402,اتاق عمل,دانشکده علوم پزشکی بهبهان,,خوزستان,روزانه,روزانه,عادی,18,زن و مرد,نیمسال اول,,1402-booklet,71,1402-booklet,71,کدرشته‌محل منبع: 32380؛ عنوان رشته در منبع: تکنولوژی اتاق عمل
1402,اتاق عمل,دانشکده علوم پزشکی بهبهان,,خوزستان,شهریه‌پرداز,شهریه پرداز,عادی,2,زن و مرد,نیمسال اول,,1402-booklet,71,1402-booklet,71,کدرشته‌محل منبع: 32385؛ عنوان رشته در منبع: تکنولوژی اتاق عمل
1402,اتاق عمل,دانشکده علوم پزشکی تربت جام,,خراسان رضوی,روزانه,روزانه,عادی,18,زن و مرد,نیمسال اول,عدم تعهد در واگذاری خوابگاه,1402-booklet,68,1402-booklet,68,کدرشته‌محل منبع: 32266؛ عنوان رشته در منبع: تکنولوژی اتاق عمل
1402,اتاق عمل,دانشکده علوم پزشکی خمین,,مرکزی,روزانه,روزانه,عادی,15,زن و مرد,نیمسال دوم,دارای خوابگاه استیجاری,1402-booklet,93,1402-booklet,93,کدرشته‌محل منبع: 33059؛ عنوان رشته در منبع: تکنولوژی اتاق عمل
1402,اتاق عمل,دانشکده علوم پزشکی خمین,,مرکزی,شهریه‌پرداز,شهریه پرداز,عادی,5,زن و مرد,نیمسال دوم,دارای خوابگاه استیجاری,1402-booklet,93,1402-booklet,93,کدرشته‌محل منبع: 33069؛ عنوان رشته در منبع: تکنولوژی اتاق عمل
1402,اتاق عمل,دانشکده علوم پزشکی خوی,,آذربایجان غربی,روزانه,روزانه,عادی,20,زن و مرد,نیمسال اول,عدم تعهد در واگذاری خوابگاه,1402-booklet,49,1402-booklet,49,کدرشته‌محل منبع: 31695؛ عنوان رشته در منبع: تکنولوژی اتاق عمل
1402,اتاق عمل,دانشکده علوم پزشکی خوی,,آذربایجان غربی,شهریه‌پرداز,شهریه پرداز,عادی,5,زن و مرد,نیمسال اول,عدم تعهد در واگذاری خوابگاه,1402-booklet,49,1402-booklet,49,کدرشته‌محل منبع: 31701؛ عنوان رشته در منبع: تکنولوژی اتاق عمل
1402,اتاق عمل,دانشکده علوم پزشکی ساوه,,مرکزی,روزانه,روزانه,عادی,20,زن و مرد,نیمسال اول,محدودیت در ارائه خوابگاه,1402-booklet,93,1402-booklet,93,کدرشته‌محل منبع: 33075؛ عنوان رشته در منبع: تکنولوژی اتاق عمل
1402,اتاق عمل,دانشکده علوم پزشکی ساوه,,مرکزی,شهریه‌پرداز,شهریه پرداز,عادی,5,زن و مرد,نیمسال اول,محدودیت در ارائه خوابگاه,1402-booklet,93,1402-booklet,93,کدرشته‌محل منبع: 33082؛ عنوان رشته در منبع: تکنولوژی اتاق عمل
1402,اتاق عمل,دانشکده علوم پزشکی شوشتر,,خوزستان,روزانه,روزانه,عادی,18,زن و مرد,نیمسال اول,فاقد خوابگاه ملکی- دانشجویان غیر بومی می توانند از خوابگاه مشارکتی)استیجاری( استفاده کنند- دارای خوابگاه استیجاری,1402-booklet,71,1402-booklet,71,کدرشته‌محل منبع: 32390؛ عنوان رشته در منبع: تکنولوژی اتاق عمل
1402,اتاق عمل,دانشکده علوم پزشکی شوشتر,,خوزستان,شهریه‌پرداز,شهریه پرداز,عادی,2,زن و مرد,نیمسال اول,فاقد خوابگاه ملکی- دانشجویان غیر بومی می توانند از خوابگاه مشارکتی)استیجاری( استفاده کنند- دارای خوابگاه استیجاری,1402-booklet,72,1402-booklet,72,کدرشته‌محل منبع: 32399؛ عنوان رشته در منبع: تکنولوژی اتاق عمل
1402,اتاق عمل,دانشکده علوم پزشکی لارستان,,فارس,روزانه,روزانه,عادی,16,زن و مرد,نیمسال اول,محل تحصیل دانشکده پرستاری و مامایی حضرت زینب )س( لارستان,1402-booklet,80,1402-booklet,80,کدرشته‌محل منبع: 32648؛ عنوان رشته در منبع: تکنولوژی اتاق عمل
1402,اتاق عمل,دانشکده علوم پزشکی مراغه,,آذربایجان شرقی,روزانه,روزانه,عادی,25,زن و مرد,نیمسال اول,دارای خوابگاه استیجاری,1402-booklet,48,1402-booklet,48,کدرشته‌محل منبع: 31650؛ عنوان رشته در منبع: تکنولوژی اتاق عمل
1402,اتاق عمل,دانشکده علوم پزشکی مراغه,,آذربایجان شرقی,شهریه‌پرداز,شهریه پرداز,عادی,5,زن و مرد,نیمسال اول,دارای خوابگاه استیجاری,1402-booklet,48,1402-booklet,48,کدرشته‌محل منبع: 31659؛ عنوان رشته در منبع: تکنولوژی اتاق عمل
1402,اتاق عمل,دانشکده علوم پزشکی گراش,,فارس,روزانه,روزانه,عادی,15,زن و مرد,نیمسال اول,دارای خوابگاه ملکی,1402-booklet,80,1402-booklet,80,کدرشته‌محل منبع: 32638؛ عنوان رشته در منبع: تکنولوژی اتاق عمل
1402,اتاق عمل,دانشگاه شاهد - ان ) رشته های پزشکی(تهر,,تهران,روزانه,روزانه,شرایط خاص,24,زن و مرد,نیمسال اول,پذیرش با شرایط خاص و دارای مصاحبه- شرایط در بخش پیوستها )اسامی چند برابر ظرفیت داوطلبان این رشته پس از اتمام مرحله انتخاب رشته استخراج و برای انجام مصاحبه از سایر مراحل گزینش از طریق درگاه اطلاعرسانی این زمان اعلام خواهد شد.(سا,1402-booklet,55,1402-booklet,55,کدرشته‌محل منبع: 31885؛ عنوان رشته در منبع: تکنولوژی اتاق عمل
1402,اتاق عمل,دانشگاه شاهد - ان ) رشته های پزشکی(تهر,,تهران,شهریه‌پرداز,شهریه پرداز,شرایط خاص,10,زن و مرد,نیمسال اول,پذیرش با شرایط خاص و دارای مصاحبه- شرایط در بخش پیوستها )اسامی چند برابر ظرفیت داوطلبان این رشته پس از اتمام مرحله انتخاب رشته استخراج و برای انجام مصاحبه از سایر مراحل گزینش از طریق درگاه اطلاعرسانی این زمان اعلام خواهد شد.(سا,1402-booklet,55,1402-booklet,55,کدرشته‌محل منبع: 31889؛ عنوان رشته در منبع: تکنولوژی اتاق عمل
1402,اتاق عمل,دانشگاه علوم پزشکی آبادان,,خوزستان,روزانه,روزانه,عادی,20,زن و مرد,نیمسال دوم,عدم تعهد در واگذاری خوابگاه,1402-booklet,72,1402-booklet,72,کدرشته‌محل منبع: 32406؛ عنوان رشته در منبع: تکنولوژی اتاق عمل
1402,اتاق عمل,دانشگاه علوم پزشکی اراک,,مرکزی,روزانه,روزانه,عادی,20,زن و مرد,نیمسال اول,محدودیت در ارائه خوابگاه,1402-booklet,92,1402-booklet,92,کدرشته‌محل منبع: 33032؛ عنوان رشته در منبع: تکنولوژی اتاق عمل
1402,اتاق عمل,دانشگاه علوم پزشکی اراک,,مرکزی,شهریه‌پرداز,شهریه پرداز,عادی,5,زن و مرد,نیمسال اول,محدودیت در ارائه خوابگاه,1402-booklet,92,1402-booklet,92,کدرشته‌محل منبع: 33045؛ عنوان رشته در منبع: تکنولوژی اتاق عمل
1402,اتاق عمل,دانشگاه علوم پزشکی ارتش جمهوری اسلامی ایران,,تهران,روزانه,روزانه,بورسیه / شرایط خاص,10,زن,نیمسال دوم,شرایط مندرج در اطلاعیه رشته های دارای شرایط خاص - بورسیه ارتش جمهوری اسلامی- دارای مصاحبه و گزینش و معاینات جسمانی- دارای خوابگاه ملکی,1402-booklet,56,1402-booklet,56,کدرشته‌محل منبع: 31901؛ عنوان رشته در منبع: تکنولوژی اتاق عمل
1402,اتاق عمل,دانشگاه علوم پزشکی ارتش جمهوری اسلامی ایران,,تهران,روزانه,روزانه,بورسیه / شرایط خاص,10,مرد,نیمسال دوم,شرایط مندرج در اطلاعیه رشته های دارای شرایط خاص - بورسیه ارتش جمهوری اسلامی- دارای مصاحبه و گزینش و معاینات جسمانی- دارای خوابگاه ملکی,1402-booklet,56,1402-booklet,56,کدرشته‌محل منبع: 31900؛ عنوان رشته در منبع: تکنولوژی اتاق عمل
1402,اتاق عمل,دانشگاه علوم پزشکی اردبیل,,,در جدول ذکر نشده,,عادی,1,زن و مرد,نیمسال اول,سهمیه مخصوص داوطلبان بومی مناطق درگیر بلایای طبیعی)سیل، زلزله و ...( استان اردبیل؛ دانشگاه علوم پزشکی اردبیل,1402-booklet,186,1402-booklet,186,کدرشته‌محل منبع: 36992؛ عنوان رشته در منبع: تکنولوژی اتاق عمل
1402,اتاق عمل,دانشگاه علوم پزشکی اردبیل,,اردبیل,روزانه,روزانه,عادی,25,زن و مرد,نیمسال اول,فاقد خوابگاه,1402-booklet,50,1402-booklet,50,کدرشته‌محل منبع: 31715؛ عنوان رشته در منبع: تکنولوژی اتاق عمل
1402,اتاق عمل,دانشگاه علوم پزشکی ارومیه,,آذربایجان غربی,روزانه,روزانه,عادی,20,زن و مرد,نیمسال اول,عدم تعهد در واگذاری خوابگاه,1402-booklet,48,1402-booklet,48,کدرشته‌محل منبع: 31674؛ عنوان رشته در منبع: تکنولوژی اتاق عمل
1402,اتاق عمل,دانشگاه علوم پزشکی اصفهان,,اصفهان,روزانه,روزانه,عادی,32,زن و مرد,نیمسال اول,,1402-booklet,51,1402-booklet,51,کدرشته‌محل منبع: 31745؛ عنوان رشته در منبع: تکنولوژی اتاق عمل
1402,اتاق عمل,دانشگاه علوم پزشکی اصفهان,,اصفهان,شهریه‌پرداز,شهریه پرداز,عادی,3,زن و مرد,نیمسال اول,محل تحصیل پردیس خودگردان دانشگاه - معرفی به خوابگاههای خودگردان,1402-booklet,51,1402-booklet,51,کدرشته‌محل منبع: 31767؛ عنوان رشته در منبع: تکنولوژی اتاق عمل
1402,اتاق عمل,دانشگاه علوم پزشکی البرز,,البرز,روزانه,روزانه,عادی,22,زن و مرد,نیمسال اول,عدم تعهد در واگذاری خوابگاه,1402-booklet,53,1402-booklet,53,کدرشته‌محل منبع: 31822؛ عنوان رشته در منبع: تکنولوژی اتاق عمل
1402,اتاق عمل,دانشگاه علوم پزشکی البرز,,البرز,شهریه‌پرداز,شهریه پرداز,عادی,5,زن و مرد,نیمسال اول,عدم تعهد در واگذاری خوابگاه,1402-booklet,54,1402-booklet,54,کدرشته‌محل منبع: 31834؛ عنوان رشته در منبع: تکنولوژی اتاق عمل
1402,اتاق عمل,دانشگاه علوم پزشکی ایران,,تهران,روزانه,روزانه,عادی,25,زن و مرد,نیمسال اول,,1402-booklet,57,1402-booklet,57,کدرشته‌محل منبع: 31920؛ عنوان رشته در منبع: تکنولوژی اتاق عمل
1402,اتاق عمل,دانشگاه علوم پزشکی ایرانشهر,,سیستان و بلوچستان,روزانه,روزانه,عادی,24,زن و مرد,نیمسال اول,ممنوعیت در نقل و انتقال - محدودیت در ارائه خوابگاه,1402-booklet,76,1402-booklet,76,کدرشته‌محل منبع: 32491؛ عنوان رشته در منبع: تکنولوژی اتاق عمل
1402,اتاق عمل,دانشگاه علوم پزشکی ایرانشهر,محل تحصیل دانشکده علوم پزشکی چابهار,سیستان وبلوچستان,روزانه,روزانه,عادی,15,زن و مرد,نیمسال دوم,ممنوعیت در نقل و انتقال - محدودیت در ارائه خوابگاه,1402-booklet,78,1402-booklet,78,کدرشته‌محل منبع: 32503؛ عنوان رشته در منبع: تکنولوژی اتاق عمل
1402,اتاق عمل,دانشگاه علوم پزشکی ایلام,,ایلام,روزانه,روزانه,عادی,20,زن و مرد,نیمسال اول,عدم تعهد در واگذاری خوابگاه,1402-booklet,54,1402-booklet,54,کدرشته‌محل منبع: 31846؛ عنوان رشته در منبع: تکنولوژی اتاق عمل
1402,اتاق عمل,دانشگاه علوم پزشکی بابل,,مازندران,روزانه,روزانه,عادی,20,زن و مرد,نیمسال اول,عدم تعهد در واگذاری خوابگاه,1402-booklet,90,1402-booklet,90,کدرشته‌محل منبع: 32966؛ عنوان رشته در منبع: تکنولوژی اتاق عمل
1402,اتاق عمل,دانشگاه علوم پزشکی بقیهاله)عج( - تهران,,تهران,روزانه,روزانه,بورسیه / شرایط خاص,20,زن 5 نفر و مرد 15 نفر,نیمسال اول,شرایط مندرج در اطلاعیه رشته های دارای شرایط خاص - پذیرش از میان داوطلبان با عضویت بسیجی و نهایتا جذب بصورت بورسیه و استخدام سپاه پاسداران انقلاب اسلامی,1402-booklet,58,1402-booklet,58,کدرشته‌محل منبع: 31940؛ عنوان رشته در منبع: تکنولوژی اتاق عمل
1402,اتاق عمل,دانشگاه علوم پزشکی بم,,کرمان,روزانه,روزانه,عادی,20,زن و مرد,نیمسال دوم,دارای خوابگاه ملکی,1402-booklet,82,1402-booklet,82,کدرشته‌محل منبع: 32733؛ عنوان رشته در منبع: تکنولوژی اتاق عمل
1402,اتاق عمل,دانشگاه علوم پزشکی بندر عباس,,,در جدول ذکر نشده,,عادی,1,زن و مرد,نیمسال اول,سهمیه مخصوص داوطلبان بومی مناطق درگیر بلایای طبیعی)سیل، زلزله و ...( استان هرمزگان؛ دانشگاه علوم پزشکی بندر عباس,1402-booklet,190,1402-booklet,190,کدرشته‌محل منبع: 37024؛ عنوان رشته در منبع: تکنولوژی اتاق عمل
1402,اتاق عمل,دانشگاه علوم پزشکی بندر عباس,,هرمزگان,روزانه,روزانه,عادی,17,زن و مرد,نیمسال اول,فاقد خوابگاه,1402-booklet,94,1402-booklet,94,کدرشته‌محل منبع: 33095؛ عنوان رشته در منبع: تکنولوژی اتاق عمل
1402,اتاق عمل,دانشگاه علوم پزشکی بندر عباس,,هرمزگان,شهریه‌پرداز,شهریه پرداز,عادی,3,زن و مرد,نیمسال اول,فاقد خوابگاه,1402-booklet,94,1402-booklet,94,کدرشته‌محل منبع: 33109؛ عنوان رشته در منبع: تکنولوژی اتاق عمل
1402,اتاق عمل,دانشگاه علوم پزشکی بوشهر,,بوشهر,روزانه,روزانه,عادی,20,زن و مرد,نیمسال اول,عدم تعهد در واگذاری خوابگاه,1402-booklet,54,1402-booklet,54,کدرشته‌محل منبع: 31860؛ عنوان رشته در منبع: تکنولوژی اتاق عمل
1402,اتاق عمل,دانشگاه علوم پزشکی بوشهر,,بوشهر,شهریه‌پرداز,شهریه پرداز,عادی,10,زن و مرد,نیمسال اول,عدم تعهد در واگذاری خوابگاه,1402-booklet,54,1402-booklet,54,کدرشته‌محل منبع: 31873؛ عنوان رشته در منبع: تکنولوژی اتاق عمل
1402,اتاق عمل,دانشگاه علوم پزشکی بیرجند,,خراسان جنوبی,روزانه,روزانه,عادی,15,زن و مرد,نیمسال اول,عدم تعهد در واگذاری خوابگاه,1402-booklet,63,1402-booklet,63,کدرشته‌محل منبع: 32087؛ عنوان رشته در منبع: تکنولوژی اتاق عمل
1402,اتاق عمل,دانشگاه علوم پزشکی بیرجند,,خراسان جنوبی,شهریه‌پرداز,شهریه پرداز,عادی,5,زن و مرد,نیمسال اول,عدم تعهد در واگذاری خوابگاه,1402-booklet,63,1402-booklet,63,کدرشته‌محل منبع: 32098؛ عنوان رشته در منبع: تکنولوژی اتاق عمل
1402,اتاق عمل,دانشگاه علوم پزشکی بیرجند,محل تحصیل دانشکده علوم پزشکی شهرستان فردوس,خراسان جنوبی,روزانه,روزانه,عادی,15,زن و مرد,نیمسال اول,عدم تعهد در واگذاری خوابگاه,1402-booklet,64,1402-booklet,64,کدرشته‌محل منبع: 32110؛ عنوان رشته در منبع: تکنولوژی اتاق عمل
1402,اتاق عمل,دانشگاه علوم پزشکی بیرجند,محل تحصیل دانشکده علوم پزشکی شهرستان قائنات,خراسان جنوبی,روزانه,روزانه,عادی,15,زن و مرد,نیمسال اول,عدم تعهد در واگذاری خوابگاه,1402-booklet,64,1402-booklet,64,کدرشته‌محل منبع: 32117؛ عنوان رشته در منبع: تکنولوژی اتاق عمل
1402,اتاق عمل,دانشگاه علوم پزشکی بیرجند,محل تحصیل دانشکده علوم پزشکی شهرستان قائنات,خراسان جنوبی,شهریه‌پرداز,شهریه پرداز,عادی,5,زن و مرد,نیمسال اول,عدم تعهد در واگذاری خوابگاه,1402-booklet,64,1402-booklet,64,کدرشته‌محل منبع: 32122؛ عنوان رشته در منبع: تکنولوژی اتاق عمل
1402,اتاق عمل,دانشگاه علوم پزشکی بیرجند,محل تحصیل دانشکده پرستاری طبس,خراسان جنوبی,روزانه,روزانه,عادی,15,زن و مرد,نیمسال اول,عدم تعهد در واگذاری خوابگاه,1402-booklet,64,1402-booklet,64,کدرشته‌محل منبع: 32106؛ عنوان رشته در منبع: تکنولوژی اتاق عمل
1402,اتاق عمل,دانشگاه علوم پزشکی تبریز,,آذربایجان شرقی,روزانه,روزانه,عادی,20,زن و مرد,نیمسال اول,عدم تعهد در واگذاری خوابگاه,1402-booklet,46,1402-booklet,46,کدرشته‌محل منبع: 31610؛ عنوان رشته در منبع: تکنولوژی اتاق عمل
1402,اتاق عمل,دانشگاه علوم پزشکی تربت حیدریه,,خراسان رضوی,روزانه,روزانه,عادی,20,زن و مرد,نیمسال دوم,فاقد خوابگاه,1402-booklet,64,1402-booklet,64,کدرشته‌محل منبع: 32131؛ عنوان رشته در منبع: تکنولوژی اتاق عمل
1402,اتاق عمل,دانشگاه علوم پزشکی تربت حیدریه,,خراسان رضوی,شهریه‌پرداز,شهریه پرداز,عادی,2,زن و مرد,نیمسال دوم,فاقد خوابگاه,1402-booklet,64,1402-booklet,64,کدرشته‌محل منبع: 32141؛ عنوان رشته در منبع: تکنولوژی اتاق عمل
1402,اتاق عمل,دانشگاه علوم پزشکی تهران,,,در جدول ذکر نشده,,عادی,2,زن و مرد,نیمسال اول,سهمیه مخصوص داوطلبان بومی مناطق درگیر بلایای طبیعی)سیل، زلزله و ...( استان تهران؛ دانشگاه علوم پزشکی تهران,1402-booklet,187,1402-booklet,187,کدرشته‌محل منبع: 36996؛ عنوان رشته در منبع: تکنولوژی اتاق عمل
1402,اتاق عمل,دانشگاه علوم پزشکی تهران,,تهران,روزانه,روزانه,عادی,25,زن و مرد,نیمسال اول,,1402-booklet,60,1402-booklet,60,کدرشته‌محل منبع: 31961؛ عنوان رشته در منبع: تکنولوژی اتاق عمل
1402,اتاق عمل,دانشگاه علوم پزشکی جندی شاپور,,خوزستان,روزانه,روزانه,عادی,22,زن و مرد,نیمسال اول,,1402-booklet,69,1402-booklet,69,کدرشته‌محل منبع: 32314؛ عنوان رشته در منبع: تکنولوژی اتاق عمل
1402,اتاق عمل,دانشگاه علوم پزشکی جندی شاپور,,خوزستان,شهریه‌پرداز,شهریه پرداز,عادی,8,زن و مرد,نیمسال اول,,1402-booklet,70,1402-booklet,70,کدرشته‌محل منبع: 32334؛ عنوان رشته در منبع: تکنولوژی اتاق عمل
1402,اتاق عمل,دانشگاه علوم پزشکی جهرم,,فارس,روزانه,روزانه,عادی,20,زن و مرد,نیمسال دوم,محدودیت در ارائه خوابگاه,1402-booklet,78,1402-booklet,78,کدرشته‌محل منبع: 32567؛ عنوان رشته در منبع: تکنولوژی اتاق عمل
1402,اتاق عمل,دانشگاه علوم پزشکی جیرفت,,کرمان,روزانه,روزانه,عادی,20,زن و مرد,نیمسال اول,نقل و انتقال از این دانشگاه به سایر دانشگاه ها ممنوع می باشد- شرایط خوابگاه در بخش پیوست- معرفی به خوابگاههای خودگردان,1402-booklet,83,1402-booklet,83,کدرشته‌محل منبع: 32745؛ عنوان رشته در منبع: تکنولوژی اتاق عمل
1402,اتاق عمل,دانشگاه علوم پزشکی خراسان شمالی,,خراسان شمالی,روزانه,روزانه,عادی,15,زن و مرد,نیمسال دوم,عدم تعهد در واگذاری خوابگاه,1402-booklet,68,1402-booklet,68,کدرشته‌محل منبع: 32279؛ عنوان رشته در منبع: تکنولوژی اتاق عمل
1402,اتاق عمل,دانشگاه علوم پزشکی خراسان شمالی,,خراسان شمالی,شهریه‌پرداز,شهریه پرداز,عادی,5,زن و مرد,نیمسال دوم,عدم تعهد در واگذاری خوابگاه,1402-booklet,69,1402-booklet,69,کدرشته‌محل منبع: 32288؛ عنوان رشته در منبع: تکنولوژی اتاق عمل
1402,اتاق عمل,دانشگاه علوم پزشکی دزفول,,خوزستان,روزانه,روزانه,عادی,17,زن و مرد,نیمسال اول,عدم تعهد در واگذاری خوابگاه,1402-booklet,71,1402-booklet,71,کدرشته‌محل منبع: 32366؛ عنوان رشته در منبع: تکنولوژی اتاق عمل
1402,اتاق عمل,دانشگاه علوم پزشکی دزفول,,خوزستان,شهریه‌پرداز,شهریه پرداز,عادی,5,زن و مرد,نیمسال اول,عدم تعهد در واگذاری خوابگاه,1402-booklet,71,1402-booklet,71,کدرشته‌محل منبع: 32375؛ عنوان رشته در منبع: تکنولوژی اتاق عمل
1402,اتاق عمل,دانشگاه علوم پزشکی رفسنجان,,کرمان,روزانه,روزانه,عادی,21,زن و مرد,نیمسال اول,ارائه خوابگاه دولتی برای دانشجویان جدیدالورود امکان پذیر نمی باشد در صورت عدم تکمیل ظرفیت ،اسکان در ابگاه خودگردان انجام می شود.خو,1402-booklet,84,1402-booklet,84,کدرشته‌محل منبع: 32756؛ عنوان رشته در منبع: تکنولوژی اتاق عمل
1402,اتاق عمل,دانشگاه علوم پزشکی رفسنجان,,کرمان,شهریه‌پرداز,شهریه پرداز,عادی,4,زن و مرد,نیمسال اول,فاقد خوابگاه,1402-booklet,84,1402-booklet,84,کدرشته‌محل منبع: 32765؛ عنوان رشته در منبع: تکنولوژی اتاق عمل
1402,اتاق عمل,دانشگاه علوم پزشکی زابل,,سیستان و بلوچستان,روزانه,روزانه,عادی,20,زن و مرد,نیمسال اول,فاقد خوابگاه,1402-booklet,76,1402-booklet,76,کدرشته‌محل منبع: 32513؛ عنوان رشته در منبع: تکنولوژی اتاق عمل
1402,اتاق عمل,دانشگاه علوم پزشکی زاهدان,,سیستان و بلوچستان,روزانه,روزانه,عادی,20,زن و مرد,نیمسال اول,عدم تعهد در واگذاری خوابگاه,1402-booklet,77,1402-booklet,77,کدرشته‌محل منبع: 32532؛ عنوان رشته در منبع: تکنولوژی اتاق عمل
1402,اتاق عمل,دانشگاه علوم پزشکی زنجان,,زنجان,روزانه,روزانه,عادی,20,زن و مرد,نیمسال دوم,عدم امکان تغییر شروع نیمسال تحصیلی- عدم تعهد در واگذاری خوابگاه,1402-booklet,73,1402-booklet,73,کدرشته‌محل منبع: 32425؛ عنوان رشته در منبع: تکنولوژی اتاق عمل
1402,اتاق عمل,دانشگاه علوم پزشکی سبزوار,,خراسان رضوی,روزانه,روزانه,عادی,18,زن و مرد,نیمسال اول,عدم تعهد در واگذاری خوابگاه,1402-booklet,65,1402-booklet,65,کدرشته‌محل منبع: 32148؛ عنوان رشته در منبع: تکنولوژی اتاق عمل
1402,اتاق عمل,دانشگاه علوم پزشکی سبزوار,,خراسان رضوی,شهریه‌پرداز,شهریه پرداز,عادی,2,زن و مرد,نیمسال اول,عدم تعهد در واگذاری خوابگاه,1402-booklet,65,1402-booklet,65,کدرشته‌محل منبع: 32160؛ عنوان رشته در منبع: تکنولوژی اتاق عمل
1402,اتاق عمل,دانشگاه علوم پزشکی سمنان,محل تحصیل دانشکده پیراپزشکی سرخه,سمنان,روزانه,روزانه,عادی,18,زن و مرد,نیمسال اول,محدودیت در ارائه خوابگاه,1402-booklet,75,1402-booklet,75,کدرشته‌محل منبع: 32465؛ عنوان رشته در منبع: تکنولوژی اتاق عمل
1402,اتاق عمل,دانشگاه علوم پزشکی شاهرود,,سمنان,روزانه,روزانه,عادی,20,زن و مرد,نیمسال دوم,,1402-booklet,75,1402-booklet,75,کدرشته‌محل منبع: 32477؛ عنوان رشته در منبع: تکنولوژی اتاق عمل
1402,اتاق عمل,دانشگاه علوم پزشکی شهرکرد,,,در جدول ذکر نشده,,عادی,1,زن و مرد,نیمسال اول,ادامه سهمیه مخصوص داوطلبان بومی مناطق درگیر بلایای طبیعی)سیل، زلزله و ...( استان چهارمحال و بختیاری؛ دانشگاه علوم پزشکی شهرکرد,1402-booklet,188,1402-booklet,188,کدرشته‌محل منبع: 37007؛ عنوان رشته در منبع: تکنولوژی اتاق عمل
1402,اتاق عمل,دانشگاه علوم پزشکی شهرکرد,,چهارمحال و بختیاری,روزانه,روزانه,عادی,20,زن و مرد,نیمسال اول,عدم تعهد در واگذاری خوابگاه,1402-booklet,63,1402-booklet,63,کدرشته‌محل منبع: 32064؛ عنوان رشته در منبع: تکنولوژی اتاق عمل
1402,اتاق عمل,دانشگاه علوم پزشکی شهرکرد,محل تحصیل دانشکده علوم پزشکی شهرستان بروجن,چهارمحال و بختیاری,روزانه,روزانه,عادی,15,زن و مرد,نیمسال اول,عدم تعهد در واگذاری خوابگاه,1402-booklet,63,1402-booklet,63,کدرشته‌محل منبع: 32077؛ عنوان رشته در منبع: تکنولوژی اتاق عمل
1402,اتاق عمل,دانشگاه علوم پزشکی شهید بهشتی,,تهران,روزانه,روزانه,عادی,21,زن و مرد,نیمسال اول,,1402-booklet,60,1402-booklet,60,کدرشته‌محل منبع: 31991؛ عنوان رشته در منبع: تکنولوژی اتاق عمل
1402,اتاق عمل,دانشگاه علوم پزشکی شهید بهشتی,,تهران,شهریه‌پرداز,شهریه پرداز,عادی,5,زن و مرد,نیمسال اول,محل تحصیل پردیس خودگردان دانشگاه واقع در تهران,1402-booklet,61,1402-booklet,61,کدرشته‌محل منبع: 32018؛ عنوان رشته در منبع: تکنولوژی اتاق عمل
1402,اتاق عمل,دانشگاه علوم پزشکی شیراز,,,در جدول ذکر نشده,,عادی,1,زن و مرد,نیمسال اول,سهمیه مخصوص داوطلبان بومی مناطق درگیر بلایای طبیعی)سیل، زلزله و ...( استان فارس؛ دانشگاه علوم پزشکی شیراز,1402-booklet,188,1402-booklet,188,کدرشته‌محل منبع: 37011؛ عنوان رشته در منبع: تکنولوژی اتاق عمل
1402,اتاق عمل,دانشگاه علوم پزشکی شیراز,,فارس,روزانه,روزانه,عادی,25,زن و مرد,نیمسال اول,محدودیت در ارائه خوابگاه,1402-booklet,78,1402-booklet,78,کدرشته‌محل منبع: 32582؛ عنوان رشته در منبع: تکنولوژی اتاق عمل
1402,اتاق عمل,دانشگاه علوم پزشکی شیراز,محل تحصیل دانشکده پیراپزشکی استهبان,فارس,روزانه,روزانه,عادی,12,زن و مرد,نیمسال دوم,ممنوعیت نقل و انتقال,1402-booklet,79,1402-booklet,79,کدرشته‌محل منبع: 32613؛ عنوان رشته در منبع: تکنولوژی اتاق عمل
1402,اتاق عمل,دانشگاه علوم پزشکی شیراز,محل تحصیل دانشکده پیراپزشکی استهبان,فارس,شهریه‌پرداز,شهریه پرداز,عادی,3,زن و مرد,نیمسال دوم,ممنوعیت نقل و انتقالات - فاقد خوابگاه,1402-booklet,79,1402-booklet,79,کدرشته‌محل منبع: 32616؛ عنوان رشته در منبع: تکنولوژی اتاق عمل
1402,اتاق عمل,دانشگاه علوم پزشکی فسا,,فارس,روزانه,روزانه,عادی,15,زن و مرد,نیمسال دوم,,1402-booklet,80,1402-booklet,80,کدرشته‌محل منبع: 32632؛ عنوان رشته در منبع: تکنولوژی اتاق عمل
1402,اتاق عمل,دانشگاه علوم پزشکی قزوین,,قزوین,روزانه,روزانه,عادی,15,زن و مرد,نیمسال اول,,1402-booklet,80,1402-booklet,80,کدرشته‌محل منبع: 32660؛ عنوان رشته در منبع: تکنولوژی اتاق عمل
1402,اتاق عمل,دانشگاه علوم پزشکی قزوین,,قزوین,شهریه‌پرداز,شهریه پرداز,عادی,5,زن و مرد,نیمسال اول,,1402-booklet,81,1402-booklet,81,کدرشته‌محل منبع: 32672؛ عنوان رشته در منبع: تکنولوژی اتاق عمل
1402,اتاق عمل,دانشگاه علوم پزشکی قم,,قم,روزانه,روزانه,عادی,20,زن و مرد,نیمسال اول,عدم تعهد در واگذاری خوابگاه,1402-booklet,81,1402-booklet,81,کدرشته‌محل منبع: 32684؛ عنوان رشته در منبع: تکنولوژی اتاق عمل
1402,اتاق عمل,دانشگاه علوم پزشکی قم,,قم,شهریه‌پرداز,شهریه پرداز,عادی,4,زن و مرد,نیمسال اول,عدم تعهد در واگذاری خوابگاه,1402-booklet,81,1402-booklet,81,کدرشته‌محل منبع: 32696؛ عنوان رشته در منبع: تکنولوژی اتاق عمل
1402,اتاق عمل,دانشگاه علوم پزشکی لرستان,,لرستان,روزانه,روزانه,عادی,15,زن و مرد,نیمسال اول,فاقد خوابگاه,1402-booklet,89,1402-booklet,89,کدرشته‌محل منبع: 32923؛ عنوان رشته در منبع: تکنولوژی اتاق عمل
1402,اتاق عمل,دانشگاه علوم پزشکی لرستان,,لرستان,شهریه‌پرداز,شهریه پرداز,عادی,5,زن و مرد,نیمسال اول,محدودیت در ارائه خوابگاه,1402-booklet,89,1402-booklet,89,کدرشته‌محل منبع: 32938؛ عنوان رشته در منبع: تکنولوژی اتاق عمل
1402,اتاق عمل,دانشگاه علوم پزشکی لرستان,محل تحصیل دانشکده پرستاری الیگودرز(خر,لرستان,روزانه,روزانه,عادی,15,زن و مرد,نیمسال اول,عدم انتقال به دانشکده های خرم آباد - فاقد خوابگاه,1402-booklet,89,1402-booklet,89,کدرشته‌محل منبع: 32945؛ عنوان رشته در منبع: تکنولوژی اتاق عمل
1402,اتاق عمل,دانشگاه علوم پزشکی مازندران,,مازندران,روزانه,روزانه,عادی,24,زن و مرد,نیمسال اول,,1402-booklet,91,1402-booklet,91,کدرشته‌محل منبع: 32992؛ عنوان رشته در منبع: تکنولوژی اتاق عمل
1402,اتاق عمل,دانشگاه علوم پزشکی مازندران,,مازندران,شهریه‌پرداز,شهریه پرداز,عادی,2,زن و مرد,نیمسال اول,فاقد خوابگاه,1402-booklet,91,1402-booklet,91,کدرشته‌محل منبع: 33006؛ عنوان رشته در منبع: تکنولوژی اتاق عمل
1402,اتاق عمل,دانشگاه علوم پزشکی مشهد,,خراسان رضوی,روزانه,روزانه,عادی,17,زن و مرد,نیمسال دوم,,1402-booklet,66,1402-booklet,66,کدرشته‌محل منبع: 32204؛ عنوان رشته در منبع: تکنولوژی اتاق عمل
1402,اتاق عمل,دانشگاه علوم پزشکی مشهد,,خراسان رضوی,شهریه‌پرداز,شهریه پرداز,عادی,3,زن و مرد,نیمسال دوم,معرفی به خوابگاههای خودگردان,1402-booklet,66,1402-booklet,66,کدرشته‌محل منبع: 32218؛ عنوان رشته در منبع: تکنولوژی اتاق عمل
1402,اتاق عمل,دانشگاه علوم پزشکی نیشابور,,خراسان رضوی,روزانه,روزانه,عادی,18,زن و مرد,نیمسال اول,دارای خوابگاه ملکی برای دختران و خوابگاه مشارکتی برای پسران,1402-booklet,67,1402-booklet,67,کدرشته‌محل منبع: 32248؛ عنوان رشته در منبع: تکنولوژی اتاق عمل
1402,اتاق عمل,دانشگاه علوم پزشکی نیشابور,,خراسان رضوی,شهریه‌پرداز,شهریه پرداز,عادی,2,زن و مرد,نیمسال اول,عدم تعهد در واگذاری خوابگاه,1402-booklet,68,1402-booklet,68,کدرشته‌محل منبع: 32257؛ عنوان رشته در منبع: تکنولوژی اتاق عمل
1402,اتاق عمل,دانشگاه علوم پزشکی همدان,,همدان,روزانه,روزانه,عادی,20,زن و مرد,نیمسال اول,فاقد خوابگاه,1402-booklet,95,1402-booklet,95,کدرشته‌محل منبع: 33131؛ عنوان رشته در منبع: تکنولوژی اتاق عمل
1402,اتاق عمل,دانشگاه علوم پزشکی همدان,,همدان,شهریه‌پرداز,شهریه پرداز,عادی,5,زن و مرد,نیمسال اول,محل تحصیل پردیس خودگردان دانشگاه - فاقد خوابگاه,1402-booklet,95,1402-booklet,95,کدرشته‌محل منبع: 33158؛ عنوان رشته در منبع: تکنولوژی اتاق عمل
1402,اتاق عمل,دانشگاه علوم پزشکی همدان,محل تحصیل دانشکده پیراپزشکی نهاوند,همدان,روزانه,روزانه,عادی,15,زن و مرد,نیمسال اول,فاقد خوابگاه,1402-booklet,96,1402-booklet,96,کدرشته‌محل منبع: 33148؛ عنوان رشته در منبع: تکنولوژی اتاق عمل
1402,اتاق عمل,دانشگاه علوم پزشکی کاشان,,اصفهان,روزانه,روزانه,عادی,18,زن و مرد,نیمسال اول,محدودیت در ارائه خوابگاه,1402-booklet,52,1402-booklet,52,کدرشته‌محل منبع: 31785؛ عنوان رشته در منبع: تکنولوژی اتاق عمل
1402,اتاق عمل,دانشگاه علوم پزشکی کاشان,,اصفهان,شهریه‌پرداز,شهریه پرداز,عادی,4,زن و مرد,نیمسال اول,عدم تعهد در واگذاری خوابگاه,1402-booklet,53,1402-booklet,53,کدرشته‌محل منبع: 31799؛ عنوان رشته در منبع: تکنولوژی اتاق عمل
1402,اتاق عمل,دانشگاه علوم پزشکی کردستان,,کردستان,روزانه,روزانه,عادی,20,زن و مرد,نیمسال اول,فاقد خوابگاه,1402-booklet,82,1402-booklet,82,کدرشته‌محل منبع: 32709؛ عنوان رشته در منبع: تکنولوژی اتاق عمل
1402,اتاق عمل,دانشگاه علوم پزشکی کردستان,,کردستان,شهریه‌پرداز,شهریه پرداز,عادی,3,زن و مرد,نیمسال اول,فاقد خوابگاه,1402-booklet,82,1402-booklet,82,کدرشته‌محل منبع: 32721؛ عنوان رشته در منبع: تکنولوژی اتاق عمل
1402,اتاق عمل,دانشگاه علوم پزشکی کرمان,,کرمان,روزانه,روزانه,عادی,20,زن و مرد,نیمسال اول,عدم تعهد در واگذاری خوابگاه,1402-booklet,84,1402-booklet,84,کدرشته‌محل منبع: 32775؛ عنوان رشته در منبع: تکنولوژی اتاق عمل
1402,اتاق عمل,دانشگاه علوم پزشکی کرمانشاه,,کرمانشاه,روزانه,روزانه,عادی,15,زن و مرد,نیمسال اول,عدم تعهد در واگذاری خوابگاه,1402-booklet,85,1402-booklet,85,کدرشته‌محل منبع: 32811؛ عنوان رشته در منبع: تکنولوژی اتاق عمل
1402,اتاق عمل,دانشگاه علوم پزشکی کرمانشاه,,کرمانشاه,شهریه‌پرداز,شهریه پرداز,عادی,4,زن و مرد,نیمسال اول,عدم تعهد در واگذاری خوابگاه,1402-booklet,86,1402-booklet,86,کدرشته‌محل منبع: 32829؛ عنوان رشته در منبع: تکنولوژی اتاق عمل
1402,اتاق عمل,دانشگاه علوم پزشکی کرمانشاه,محل تحصیل مجتمع آموزش عالی سلامت اسلام آباد غرب,,در جدول ذکر نشده,,تعهد خدمت,15,زن و مرد,نیمسال دوم,مخصوص داوطلبان بومی استان کرمانشاه؛ دانشگاه علوم پزشکی کرمانشاه )محل تحصیل مجتمع آموزش عالی سلامت اسلام آباد غرب( - دارای تعهد خدمت سه برابر طول مدت تحصیل,1402-booklet,182,1402-booklet,182,کدرشته‌محل منبع: 19551؛ عنوان رشته در منبع: کاردانی اتاق عمل
1402,اتاق عمل,دانشگاه علوم پزشکی گلستان,,گلستان,روزانه,روزانه,عادی,20,زن و مرد,نیمسال اول,فاقد خوابگاه,1402-booklet,87,1402-booklet,87,کدرشته‌محل منبع: 32864؛ عنوان رشته در منبع: تکنولوژی اتاق عمل
1402,اتاق عمل,دانشگاه علوم پزشکی گناباد,,خراسان رضوی,روزانه,روزانه,عادی,20,زن و مرد,نیمسال اول,دارای خوابگاه ملکی,1402-booklet,65,1402-booklet,65,کدرشته‌محل منبع: 32174؛ عنوان رشته در منبع: تکنولوژی اتاق عمل
1402,اتاق عمل,دانشگاه علوم پزشکی گناباد,,خراسان رضوی,شهریه‌پرداز,شهریه پرداز,عادی,5,زن و مرد,نیمسال اول,دارای خوابگاه ملکی,1402-booklet,66,1402-booklet,66,کدرشته‌محل منبع: 32187؛ عنوان رشته در منبع: تکنولوژی اتاق عمل
1402,اتاق عمل,دانشگاه علوم پزشکی گیلان,محل تحصیل دانشکده پیراپزشکی گیلان مستقر در شهرستان لنگرود,گیلان,روزانه,روزانه,عادی,20,زن و مرد,نیمسال اول,عدم تعهد در واگذاری خوابگاه,1402-booklet,88,1402-booklet,88,کدرشته‌محل منبع: 32885؛ عنوان رشته در منبع: تکنولوژی اتاق عمل
1402,اتاق عمل,دانشگاه علوم پزشکی گیلان,محل تحصیل دانشکده پیراپزشکی گیلان مستقر در شهرستان لنگرود,گیلان,شهریه‌پرداز,شهریه پرداز,عادی,2,زن و مرد,نیمسال اول,عدم تعهد در واگذاری خوابگاه,1402-booklet,88,1402-booklet,88,کدرشته‌محل منبع: 32889؛ عنوان رشته در منبع: تکنولوژی اتاق عمل
1402,اتاق عمل,دانشگاه علوم پزشکی یاسوج,,,در جدول ذکر نشده,,عادی,1,زن و مرد,نیمسال اول,سهمیه مخصوص داوطلبان بومی مناطق درگیر بلایای طبیعی)سیل، زلزله و ...( استان کهگیلویه و بویراحمد؛ دانشگاه علوم پزشکی یاسوج,1402-booklet,190,1402-booklet,190,کدرشته‌محل منبع: 37023؛ عنوان رشته در منبع: تکنولوژی اتاق عمل
1402,اتاق عمل,دانشگاه علوم پزشکی یاسوج,,کهگیلویه و بویراحمد,روزانه,روزانه,عادی,20,زن و مرد,نیمسال اول,عدم تعهد در واگذاری خوابگاه,1402-booklet,86,1402-booklet,86,کدرشته‌محل منبع: 32848؛ عنوان رشته در منبع: تکنولوژی اتاق عمل
1402,اتاق عمل,دانشگاه علوم پزشکی یزد,,یزد,روزانه,روزانه,عادی,15,زن و مرد,نیمسال اول,محل تحصیل دانشکده پیراپزشکی یزد - عدم تعهد در واگذاری خوابگاه,1402-booklet,97,1402-booklet,97,کدرشته‌محل منبع: 33202؛ عنوان رشته در منبع: تکنولوژی اتاق عمل
1402,اتاق عمل,دانشگاه علوم پزشکی یزد,,یزد,شهریه‌پرداز,شهریه پرداز,عادی,5,زن و مرد,نیمسال اول,محل تحصیل دانشکده پیراپزشکی یزد - عدم تعهد در واگذاری خوابگاه,1402-booklet,97,1402-booklet,97,کدرشته‌محل منبع: 33203؛ عنوان رشته در منبع: تکنولوژی اتاق عمل
1402,اتاق عمل,دانشگاه علوم پزشکی یزد,محل تحصیل دانشکده پیراپزشکی ابرکوه,یزد,روزانه,روزانه,عادی,15,زن و مرد,نیمسال دوم,دارای خوابگاه,1402-booklet,97,1402-booklet,97,کدرشته‌محل منبع: 33198؛ عنوان رشته در منبع: تکنولوژی اتاق عمل
1402,هوشبری,دانشکده علوم پزشکی خمین,,مرکزی,روزانه,روزانه,عادی,15,زن و مرد,نیمسال اول,دارای خوابگاه استیجاری,1402-booklet,93,1402-booklet,93,کدرشته‌محل منبع: 33064؛ عنوان رشته در منبع: هوشبری
1402,هوشبری,دانشکده علوم پزشکی خمین,,مرکزی,شهریه‌پرداز,شهریه پرداز,عادی,3,زن و مرد,نیمسال اول,دارای خوابگاه استیجاری,1402-booklet,93,1402-booklet,93,کدرشته‌محل منبع: 33071؛ عنوان رشته در منبع: هوشبری
1402,هوشبری,دانشکده علوم پزشکی ساوه,,مرکزی,روزانه,روزانه,عادی,15,زن و مرد,نیمسال اول,محدودیت در ارائه خوابگاه,1402-booklet,93,1402-booklet,93,کدرشته‌محل منبع: 33079؛ عنوان رشته در منبع: هوشبری
1402,هوشبری,دانشکده علوم پزشکی ساوه,,مرکزی,شهریه‌پرداز,شهریه پرداز,عادی,5,زن و مرد,نیمسال اول,محدودیت در ارائه خوابگاه,1402-booklet,93,1402-booklet,93,کدرشته‌محل منبع: 33086؛ عنوان رشته در منبع: هوشبری
1402,هوشبری,دانشکده علوم پزشکی سیرجان,,کرمان,روزانه,روزانه,عادی,18,زن و مرد,نیمسال اول,عدم تعهد در واگذاری خوابگاه,1402-booklet,85,1402-booklet,85,کدرشته‌محل منبع: 32800؛ عنوان رشته در منبع: هوشبری
1402,هوشبری,دانشکده علوم پزشکی لارستان,,فارس,روزانه,روزانه,عادی,16,زن و مرد,نیمسال اول,محل تحصیل دانشکده پرستاری و مامایی حضرت زینب )س( لارستان,1402-booklet,80,1402-booklet,80,کدرشته‌محل منبع: 32649؛ عنوان رشته در منبع: هوشبری
1402,هوشبری,دانشکده علوم پزشکی گراش,,فارس,روزانه,روزانه,عادی,15,زن و مرد,نیمسال اول,دارای خوابگاه ملکی,1402-booklet,80,1402-booklet,80,کدرشته‌محل منبع: 32641؛ عنوان رشته در منبع: هوشبری
1402,هوشبری,دانشگاه علوم پزشکی آبادان,,خوزستان,روزانه,روزانه,عادی,18,زن و مرد,نیمسال اول,عدم تعهد در واگذاری خوابگاه,1402-booklet,73,1402-booklet,73,کدرشته‌محل منبع: 32412؛ عنوان رشته در منبع: هوشبری
1402,هوشبری,دانشگاه علوم پزشکی اراک,,مرکزی,روزانه,روزانه,عادی,15,زن و مرد,نیمسال اول,محدودیت در ارائه خوابگاه,1402-booklet,92,1402-booklet,92,کدرشته‌محل منبع: 33043؛ عنوان رشته در منبع: هوشبری
1402,هوشبری,دانشگاه علوم پزشکی اراک,,مرکزی,شهریه‌پرداز,شهریه پرداز,عادی,5,زن و مرد,نیمسال اول,محدودیت در ارائه خوابگاه,1402-booklet,92,1402-booklet,92,کدرشته‌محل منبع: 33049؛ عنوان رشته در منبع: هوشبری
1402,هوشبری,دانشگاه علوم پزشکی ارتش جمهوری اسلامی ایران,,تهران,روزانه,روزانه,بورسیه / شرایط خاص,5,زن,نیمسال دوم,شرایط مندرج در اطلاعیه رشته های دارای شرایط خاص - بورسیه ارتش جمهوری اسلامی- دارای مصاحبه و گزینش و معاینات جسمانی- دارای خوابگاه ملکی,1402-booklet,56,1402-booklet,56,کدرشته‌محل منبع: 31905؛ عنوان رشته در منبع: هوشبری
1402,هوشبری,دانشگاه علوم پزشکی ارتش جمهوری اسلامی ایران,,تهران,شهریه‌پرداز,شهریه پرداز,عادی,15,مرد,نیمسال دوم,شرایط پذیرش در دفترچه »پیوستها« - فاقد خوابگاه؛ اصلاحیه: برای داوطلبان با نمره علمی حداقل6000 - شرایط در بخش چهارم این اطلاعیه,1402-correction-5,7,1402-booklet,57,کدرشته‌محل منبع: 31912؛ عنوان رشته در منبع: هوشبری
1402,هوشبری,دانشگاه علوم پزشکی اردبیل,,اردبیل,روزانه,روزانه,عادی,18,زن و مرد,نیمسال اول,فاقد خوابگاه,1402-booklet,50,1402-booklet,50,کدرشته‌محل منبع: 31722؛ عنوان رشته در منبع: هوشبری
1402,هوشبری,دانشگاه علوم پزشکی ارومیه,,,در جدول ذکر نشده,,عادی,1,زن و مرد,نیمسال اول,سهمیه مخصوص داوطلبان بومی مناطق درگیر بلایای طبیعی )سیل، زلزله و ...( استان آذربایجان غربی؛ دانشگاه علوم پزشکی ارومیه,1402-booklet,186,1402-booklet,186,کدرشته‌محل منبع: 36990؛ عنوان رشته در منبع: هوشبری
1402,هوشبری,دانشگاه علوم پزشکی ارومیه,,آذربایجان غربی,روزانه,روزانه,عادی,20,زن و مرد,نیمسال اول,عدم تعهد در واگذاری خوابگاه,1402-booklet,48,1402-booklet,48,کدرشته‌محل منبع: 31681؛ عنوان رشته در منبع: هوشبری
1402,هوشبری,دانشگاه علوم پزشکی اصفهان,,اصفهان,روزانه,روزانه,عادی,30,زن و مرد,نیمسال اول,محدودیت در ارائه خوابگاه,1402-booklet,51,1402-booklet,51,کدرشته‌محل منبع: 31760؛ عنوان رشته در منبع: هوشبری
1402,هوشبری,دانشگاه علوم پزشکی اصفهان,,اصفهان,شهریه‌پرداز,شهریه پرداز,عادی,5,زن و مرد,نیمسال اول,محل تحصیل پردیس خودگردان دانشگاه - معرفی به خوابگاههای خودگردان,1402-booklet,52,1402-booklet,52,کدرشته‌محل منبع: 31777؛ عنوان رشته در منبع: هوشبری
1402,هوشبری,دانشگاه علوم پزشکی البرز,,البرز,روزانه,روزانه,عادی,22,زن و مرد,نیمسال اول,عدم تعهد در واگذاری خوابگاه,1402-booklet,53,1402-booklet,53,کدرشته‌محل منبع: 31827؛ عنوان رشته در منبع: هوشبری
1402,هوشبری,دانشگاه علوم پزشکی البرز,,البرز,شهریه‌پرداز,شهریه پرداز,عادی,5,زن و مرد,نیمسال اول,عدم تعهد در واگذاری خوابگاه,1402-booklet,54,1402-booklet,54,کدرشته‌محل منبع: 31838؛ عنوان رشته در منبع: هوشبری
1402,هوشبری,دانشگاه علوم پزشکی ایران,,تهران,روزانه,روزانه,عادی,25,زن و مرد,نیمسال اول,,1402-booklet,57,1402-booklet,57,کدرشته‌محل منبع: 31930؛ عنوان رشته در منبع: هوشبری
1402,هوشبری,دانشگاه علوم پزشکی ایرانشهر,,سیستان و بلوچستان,روزانه,روزانه,عادی,20,زن و مرد,نیمسال دوم,ممنوعیت در نقل و انتقال - محدودیت در ارائه خوابگاه,1402-booklet,76,1402-booklet,76,کدرشته‌محل منبع: 32497؛ عنوان رشته در منبع: هوشبری
1402,هوشبری,دانشگاه علوم پزشکی ایرانشهر,محل تحصیل دانشکده علوم پزشکی چابهار,سیستان وبلوچستان,روزانه,روزانه,عادی,15,زن و مرد,نیمسال دوم,ممنوعیت در نقل و انتقال - محدودیت در ارائه خوابگاه,1402-booklet,78,1402-booklet,78,کدرشته‌محل منبع: 32505؛ عنوان رشته در منبع: هوشبری
1402,هوشبری,دانشگاه علوم پزشکی ایلام,,ایلام,روزانه,روزانه,عادی,20,زن و مرد,نیمسال اول,عدم تعهد در واگذاری خوابگاه,1402-booklet,54,1402-booklet,54,کدرشته‌محل منبع: 31851؛ عنوان رشته در منبع: هوشبری
1402,هوشبری,دانشگاه علوم پزشکی بابل,,مازندران,روزانه,روزانه,عادی,20,زن و مرد,نیمسال اول,عدم تعهد در واگذاری خوابگاه,1402-booklet,90,1402-booklet,90,کدرشته‌محل منبع: 32977؛ عنوان رشته در منبع: هوشبری
1402,هوشبری,دانشگاه علوم پزشکی بقیهاله)عج( - تهران,,تهران,روزانه,روزانه,بورسیه / شرایط خاص,20,زن 5 نفر و مرد 15 نفر,نیمسال اول,شرایط مندرج در اطلاعیه رشته های دارای شرایط خاص - پذیرش از میان داوطلبان با عضویت بسیجی و نهایتا جذب بصورت بورسیه و استخدام سپاه پاسداران انقلاب اسلامی,1402-booklet,59,1402-booklet,59,کدرشته‌محل منبع: 31951؛ عنوان رشته در منبع: هوشبری
1402,هوشبری,دانشگاه علوم پزشکی بندر عباس,,,در جدول ذکر نشده,,عادی,1,زن و مرد,نیمسال اول,سهمیه مخصوص داوطلبان بومی مناطق درگیر بلایای طبیعی)سیل، زلزله و ...( استان هرمزگان؛ دانشگاه علوم پزشکی بندر عباس,1402-booklet,190,1402-booklet,190,کدرشته‌محل منبع: 37025؛ عنوان رشته در منبع: هوشبری
1402,هوشبری,دانشگاه علوم پزشکی بندر عباس,,هرمزگان,روزانه,روزانه,عادی,17,زن و مرد,نیمسال اول,فاقد خوابگاه,1402-booklet,94,1402-booklet,94,کدرشته‌محل منبع: 33103؛ عنوان رشته در منبع: هوشبری
1402,هوشبری,دانشگاه علوم پزشکی بندر عباس,,هرمزگان,شهریه‌پرداز,شهریه پرداز,عادی,3,زن و مرد,نیمسال اول,فاقد خوابگاه,1402-booklet,94,1402-booklet,94,کدرشته‌محل منبع: 33115؛ عنوان رشته در منبع: هوشبری
1402,هوشبری,دانشگاه علوم پزشکی بوشهر,,بوشهر,روزانه,روزانه,عادی,20,زن و مرد,نیمسال اول,عدم تعهد در واگذاری خوابگاه,1402-booklet,54,1402-booklet,54,کدرشته‌محل منبع: 31867؛ عنوان رشته در منبع: هوشبری
1402,هوشبری,دانشگاه علوم پزشکی بوشهر,,بوشهر,شهریه‌پرداز,شهریه پرداز,عادی,2,زن و مرد,نیمسال اول,عدم تعهد در واگذاری خوابگاه,1402-booklet,55,1402-booklet,55,کدرشته‌محل منبع: 31880؛ عنوان رشته در منبع: هوشبری
1402,هوشبری,دانشگاه علوم پزشکی بیرجند,,خراسان جنوبی,روزانه,روزانه,عادی,18,زن و مرد,نیمسال اول,عدم تعهد در واگذاری خوابگاه,1402-booklet,63,1402-booklet,63,کدرشته‌محل منبع: 32093؛ عنوان رشته در منبع: هوشبری
1402,هوشبری,دانشگاه علوم پزشکی بیرجند,,خراسان جنوبی,شهریه‌پرداز,شهریه پرداز,عادی,2,زن و مرد,نیمسال اول,عدم تعهد در واگذاری خوابگاه,1402-booklet,63,1402-booklet,63,کدرشته‌محل منبع: 32103؛ عنوان رشته در منبع: هوشبری
1402,هوشبری,دانشگاه علوم پزشکی بیرجند,محل تحصیل دانشکده علوم پزشکی شهرستان قائنات,خراسان جنوبی,روزانه,روزانه,عادی,12,زن و مرد,نیمسال دوم,عدم تعهد در واگذاری خوابگاه,1402-booklet,64,1402-booklet,64,کدرشته‌محل منبع: 32119؛ عنوان رشته در منبع: هوشبری
1402,هوشبری,دانشگاه علوم پزشکی بیرجند,محل تحصیل دانشکده علوم پزشکی شهرستان قائنات,خراسان جنوبی,شهریه‌پرداز,شهریه پرداز,عادی,3,زن و مرد,نیمسال دوم,عدم تعهد در واگذاری خوابگاه,1402-booklet,64,1402-booklet,64,کدرشته‌محل منبع: 32124؛ عنوان رشته در منبع: هوشبری
1402,هوشبری,دانشگاه علوم پزشکی تبریز,,آذربایجان شرقی,روزانه,روزانه,عادی,25,زن و مرد,نیمسال اول,عدم تعهد در واگذاری خوابگاه,1402-booklet,47,1402-booklet,47,کدرشته‌محل منبع: 31624؛ عنوان رشته در منبع: هوشبری
1402,هوشبری,دانشگاه علوم پزشکی تربت حیدریه,,خراسان رضوی,روزانه,روزانه,عادی,15,زن و مرد,نیمسال اول,فاقد خوابگاه,1402-booklet,64,1402-booklet,64,کدرشته‌محل منبع: 32138؛ عنوان رشته در منبع: هوشبری
1402,هوشبری,دانشگاه علوم پزشکی تهران,,,در جدول ذکر نشده,,عادی,1,زن و مرد,نیمسال اول,سهمیه مخصوص داوطلبان بومی مناطق درگیر بلایای طبیعی)سیل، زلزله و ...( استان تهران؛ دانشگاه علوم پزشکی تهران,1402-booklet,187,1402-booklet,187,کدرشته‌محل منبع: 37004؛ عنوان رشته در منبع: هوشبری
1402,هوشبری,دانشگاه علوم پزشکی تهران,,تهران,روزانه,روزانه,عادی,20,زن و مرد,نیمسال اول,,1402-booklet,60,1402-booklet,60,کدرشته‌محل منبع: 31973؛ عنوان رشته در منبع: هوشبری
1402,هوشبری,دانشگاه علوم پزشکی جندی شاپور,,خوزستان,روزانه,روزانه,عادی,15,زن و مرد,نیمسال اول,,1402-booklet,70,1402-booklet,70,کدرشته‌محل منبع: 32329؛ عنوان رشته در منبع: هوشبری
1402,هوشبری,دانشگاه علوم پزشکی جندی شاپور,,خوزستان,شهریه‌پرداز,شهریه پرداز,عادی,5,زن و مرد,نیمسال اول,,1402-booklet,70,1402-booklet,70,کدرشته‌محل منبع: 32342؛ عنوان رشته در منبع: هوشبری
1402,هوشبری,دانشگاه علوم پزشکی جهرم,,فارس,روزانه,روزانه,عادی,18,زن و مرد,نیمسال دوم,محدودیت در ارائه خوابگاه,1402-booklet,78,1402-booklet,78,کدرشته‌محل منبع: 32570؛ عنوان رشته در منبع: هوشبری
1402,هوشبری,دانشگاه علوم پزشکی جیرفت,,کرمان,روزانه,روزانه,عادی,20,زن و مرد,نیمسال دوم,نقل و انتقال از این دانشگاه به سایر دانشگاه ها ممنوع می باشد- شرایط خوابگاه در بخش پیوست- معرفی به خوابگاههای خودگردان,1402-booklet,83,1402-booklet,83,کدرشته‌محل منبع: 32749؛ عنوان رشته در منبع: هوشبری
1402,هوشبری,دانشگاه علوم پزشکی خراسان شمالی,,خراسان شمالی,روزانه,روزانه,عادی,15,زن و مرد,نیمسال دوم,عدم تعهد در واگذاری خوابگاه,1402-booklet,68,1402-booklet,68,کدرشته‌محل منبع: 32285؛ عنوان رشته در منبع: هوشبری
1402,هوشبری,دانشگاه علوم پزشکی خراسان شمالی,,خراسان شمالی,شهریه‌پرداز,شهریه پرداز,عادی,3,زن و مرد,نیمسال دوم,عدم تعهد در واگذاری خوابگاه,1402-booklet,69,1402-booklet,69,کدرشته‌محل منبع: 32289؛ عنوان رشته در منبع: هوشبری
1402,هوشبری,دانشگاه علوم پزشکی دزفول,,خوزستان,روزانه,روزانه,عادی,15,زن و مرد,نیمسال اول,عدم تعهد در واگذاری خوابگاه,1402-booklet,71,1402-booklet,71,کدرشته‌محل منبع: 32369؛ عنوان رشته در منبع: هوشبری
1402,هوشبری,دانشگاه علوم پزشکی دزفول,,خوزستان,شهریه‌پرداز,شهریه پرداز,عادی,5,زن و مرد,نیمسال اول,عدم تعهد در واگذاری خوابگاه,1402-booklet,71,1402-booklet,71,کدرشته‌محل منبع: 32377؛ عنوان رشته در منبع: هوشبری
1402,هوشبری,دانشگاه علوم پزشکی رفسنجان,,کرمان,روزانه,روزانه,عادی,20,زن و مرد,نیمسال اول,ارائه خوابگاه دولتی برای دانشجویان جدیدالورود امکان پذیر نمی باشد در صورت عدم تکمیل ظرفیت ،اسکان در ابگاه خودگردان انجام می شود.خو,1402-booklet,84,1402-booklet,84,کدرشته‌محل منبع: 32761؛ عنوان رشته در منبع: هوشبری
1402,هوشبری,دانشگاه علوم پزشکی زابل,,سیستان و بلوچستان,روزانه,روزانه,عادی,20,زن و مرد,نیمسال اول,فاقد خوابگاه,1402-booklet,76,1402-booklet,76,کدرشته‌محل منبع: 32521؛ عنوان رشته در منبع: هوشبری
1402,هوشبری,دانشگاه علوم پزشکی زاهدان,,سیستان و بلوچستان,روزانه,روزانه,عادی,18,زن و مرد,نیمسال دوم,عدم تعهد در واگذاری خوابگاه,1402-booklet,77,1402-booklet,77,کدرشته‌محل منبع: 32545؛ عنوان رشته در منبع: هوشبری
1402,هوشبری,دانشگاه علوم پزشکی زاهدان,,سیستان و بلوچستان,شهریه‌پرداز,شهریه پرداز,عادی,4,زن و مرد,نیمسال دوم,فاقد خوابگاه,1402-booklet,77,1402-booklet,77,کدرشته‌محل منبع: 32553؛ عنوان رشته در منبع: هوشبری
1402,هوشبری,دانشگاه علوم پزشکی زنجان,,زنجان,روزانه,روزانه,عادی,20,زن و مرد,نیمسال اول,عدم تعهد در واگذاری خوابگاه,1402-booklet,73,1402-booklet,73,کدرشته‌محل منبع: 32433؛ عنوان رشته در منبع: هوشبری
1402,هوشبری,دانشگاه علوم پزشکی سبزوار,,خراسان رضوی,روزانه,روزانه,عادی,15,زن و مرد,نیمسال دوم,عدم تعهد در واگذاری خوابگاه,1402-booklet,65,1402-booklet,65,کدرشته‌محل منبع: 32155؛ عنوان رشته در منبع: هوشبری
1402,هوشبری,دانشگاه علوم پزشکی سبزوار,,خراسان رضوی,شهریه‌پرداز,شهریه پرداز,عادی,5,زن و مرد,نیمسال دوم,عدم تعهد در واگذاری خوابگاه,1402-booklet,65,1402-booklet,65,کدرشته‌محل منبع: 32166؛ عنوان رشته در منبع: هوشبری
1402,هوشبری,دانشگاه علوم پزشکی سمنان,محل تحصیل دانشکده پیراپزشکی سرخه,سمنان,روزانه,روزانه,عادی,18,زن و مرد,نیمسال اول,کارآموزی وکارورزی دانشجویانمی) تواند در هریک از مراکز درمانی یا بهداشتی زیر مجموعه دانشگاه برنامه ریزی و اجرا شود( - محدودیت در ارائه خوابگاه,1402-booklet,75,1402-booklet,75,کدرشته‌محل منبع: 32468؛ عنوان رشته در منبع: هوشبری
1402,هوشبری,دانشگاه علوم پزشکی شاهرود,,سمنان,روزانه,روزانه,عادی,20,زن و مرد,نیمسال اول,,1402-booklet,75,1402-booklet,75,کدرشته‌محل منبع: 32484؛ عنوان رشته در منبع: هوشبری
1402,هوشبری,دانشگاه علوم پزشکی شهرکرد,,چهارمحال و بختیاری,روزانه,روزانه,عادی,20,زن و مرد,نیمسال اول,عدم تعهد در واگذاری خوابگاه,1402-booklet,63,1402-booklet,63,کدرشته‌محل منبع: 32071؛ عنوان رشته در منبع: هوشبری
1402,هوشبری,دانشگاه علوم پزشکی شهرکرد,محل تحصیل دانشکده علوم پزشکی شهرستان بروجن,چهارمحال و بختیاری,روزانه,روزانه,عادی,15,زن و مرد,نیمسال دوم,,1402-booklet,63,1402-booklet,63,کدرشته‌محل منبع: 32079؛ عنوان رشته در منبع: هوشبری
1402,هوشبری,دانشگاه علوم پزشکی شهید بهشتی,,تهران,روزانه,روزانه,عادی,18,زن و مرد,نیمسال اول,,1402-booklet,61,1402-booklet,61,کدرشته‌محل منبع: 32007؛ عنوان رشته در منبع: هوشبری
1402,هوشبری,دانشگاه علوم پزشکی شهید بهشتی,,تهران,شهریه‌پرداز,شهریه پرداز,عادی,5,زن و مرد,نیمسال اول,محل تحصیل پردیس خودگردان دانشگاه واقع در تهران,1402-booklet,62,1402-booklet,62,کدرشته‌محل منبع: 32032؛ عنوان رشته در منبع: هوشبری
1402,هوشبری,دانشگاه علوم پزشکی شیراز,,,در جدول ذکر نشده,,عادی,1,زن و مرد,نیمسال اول,سهمیه مخصوص داوطلبان بومی مناطق درگیر بلایای طبیعی)سیل، زلزله و ...( استان فارس؛ دانشگاه علوم پزشکی شیراز,1402-booklet,188,1402-booklet,188,کدرشته‌محل منبع: 37015؛ عنوان رشته در منبع: هوشبری
1402,هوشبری,دانشگاه علوم پزشکی شیراز,,فارس,روزانه,روزانه,عادی,25,زن و مرد,نیمسال اول,محدودیت در ارائه خوابگاه,1402-booklet,79,1402-booklet,79,کدرشته‌محل منبع: 32595؛ عنوان رشته در منبع: هوشبری
1402,هوشبری,دانشگاه علوم پزشکی شیراز,محل تحصیل دانشکده پیراپزشکی استهبان,فارس,روزانه,روزانه,عادی,12,زن و مرد,نیمسال دوم,ممنوعیت نقل و انتقال,1402-booklet,79,1402-booklet,79,کدرشته‌محل منبع: 32615؛ عنوان رشته در منبع: هوشبری
1402,هوشبری,دانشگاه علوم پزشکی شیراز,محل تحصیل دانشکده پیراپزشکی استهبان,فارس,شهریه‌پرداز,شهریه پرداز,عادی,3,زن و مرد,نیمسال دوم,فاقد خوابگاه,1402-booklet,79,1402-booklet,79,کدرشته‌محل منبع: 32618؛ عنوان رشته در منبع: هوشبری
1402,هوشبری,دانشگاه علوم پزشکی فسا,,فارس,روزانه,روزانه,عادی,15,زن و مرد,نیمسال دوم,,1402-booklet,80,1402-booklet,80,کدرشته‌محل منبع: 32635؛ عنوان رشته در منبع: هوشبری
1402,هوشبری,دانشگاه علوم پزشکی قزوین,,قزوین,روزانه,روزانه,عادی,15,زن و مرد,نیمسال اول,,1402-booklet,81,1402-booklet,81,کدرشته‌محل منبع: 32666؛ عنوان رشته در منبع: هوشبری
1402,هوشبری,دانشگاه علوم پزشکی قزوین,,قزوین,شهریه‌پرداز,شهریه پرداز,عادی,5,زن و مرد,نیمسال اول,,1402-booklet,81,1402-booklet,81,کدرشته‌محل منبع: 32678؛ عنوان رشته در منبع: هوشبری
1402,هوشبری,دانشگاه علوم پزشکی قم,,قم,روزانه,روزانه,عادی,18,زن و مرد,نیمسال اول,عدم تعهد در واگذاری خوابگاه,1402-booklet,81,1402-booklet,81,کدرشته‌محل منبع: 32690؛ عنوان رشته در منبع: هوشبری
1402,هوشبری,دانشگاه علوم پزشکی قم,,قم,شهریه‌پرداز,شهریه پرداز,عادی,2,زن و مرد,نیمسال اول,عدم تعهد در واگذاری خوابگاه,1402-booklet,81,1402-booklet,81,کدرشته‌محل منبع: 32701؛ عنوان رشته در منبع: هوشبری
1402,هوشبری,دانشگاه علوم پزشکی لرستان,,لرستان,روزانه,روزانه,عادی,15,زن و مرد,نیمسال اول,- فاقد خوابگاه,1402-booklet,89,1402-booklet,89,کدرشته‌محل منبع: 32933؛ عنوان رشته در منبع: هوشبری
1402,هوشبری,دانشگاه علوم پزشکی لرستان,,لرستان,شهریه‌پرداز,شهریه پرداز,عادی,5,زن و مرد,نیمسال اول,فاقد خوابگاه,1402-booklet,89,1402-booklet,89,کدرشته‌محل منبع: 32942؛ عنوان رشته در منبع: هوشبری
1402,هوشبری,دانشگاه علوم پزشکی لرستان,محل تحصیل دانشکده پرستاری پلدختر,لرستان,روزانه,روزانه,عادی,13,زن و مرد,نیمسال اول,عدم انتقال به دانشکده های خرم آباد - فاقد خوابگاه,1402-booklet,89,1402-booklet,89,کدرشته‌محل منبع: 32948؛ عنوان رشته در منبع: هوشبری
1402,هوشبری,دانشگاه علوم پزشکی لرستان,محل تحصیل دانشکده پرستاری پلدختر,لرستان,شهریه‌پرداز,شهریه پرداز,عادی,2,زن و مرد,نیمسال اول,عدم انتقال به دانشکده های خرم آباد - فاقد خوابگاه,1402-booklet,89,1402-booklet,89,کدرشته‌محل منبع: 32949؛ عنوان رشته در منبع: هوشبری
1402,هوشبری,دانشگاه علوم پزشکی لرستان,محل تحصیل دانشکده پرستاری بروجرد(خر,لرستان,روزانه,روزانه,عادی,15,زن و مرد,نیمسال اول,,1402-booklet,90,1402-booklet,90,کدرشته‌محل منبع: 32953؛ عنوان رشته در منبع: هوشبری
1402,هوشبری,دانشگاه علوم پزشکی مازندران,,مازندران,روزانه,روزانه,عادی,20,زن و مرد,نیمسال اول,,1402-booklet,91,1402-booklet,91,کدرشته‌محل منبع: 33001؛ عنوان رشته در منبع: هوشبری
1402,هوشبری,دانشگاه علوم پزشکی مازندران,,مازندران,شهریه‌پرداز,شهریه پرداز,عادی,2,زن و مرد,نیمسال اول,محل تحصیل دانشکده پیراپزشکی ساری - فاقد خوابگاه,1402-booklet,91,1402-booklet,91,کدرشته‌محل منبع: 33021؛ عنوان رشته در منبع: هوشبری
1402,هوشبری,دانشگاه علوم پزشکی نیشابور,,خراسان رضوی,روزانه,روزانه,عادی,16,زن و مرد,نیمسال اول,دارای خوابگاه ملکی برای دختران و خوابگاه مشارکتی برای پسران,1402-booklet,68,1402-booklet,68,کدرشته‌محل منبع: 32254؛ عنوان رشته در منبع: هوشبری
1402,هوشبری,دانشگاه علوم پزشکی نیشابور,,خراسان رضوی,شهریه‌پرداز,شهریه پرداز,عادی,4,زن و مرد,نیمسال اول,عدم تعهد در واگذاری خوابگاه,1402-booklet,68,1402-booklet,68,کدرشته‌محل منبع: 32263؛ عنوان رشته در منبع: هوشبری
1402,هوشبری,دانشگاه علوم پزشکی همدان,,همدان,روزانه,روزانه,عادی,25,زن و مرد,نیمسال اول,فاقد خوابگاه,1402-booklet,95,1402-booklet,95,کدرشته‌محل منبع: 33144؛ عنوان رشته در منبع: هوشبری
1402,هوشبری,دانشگاه علوم پزشکی همدان,,همدان,شهریه‌پرداز,شهریه پرداز,عادی,5,زن و مرد,نیمسال اول,محل تحصیل پردیس خودگردان دانشگاه - فاقد خوابگاه,1402-booklet,96,1402-booklet,96,کدرشته‌محل منبع: 33170؛ عنوان رشته در منبع: هوشبری
1402,هوشبری,دانشگاه علوم پزشکی همدان,محل تحصیل دانشکده پرستاری ملایر,همدان,روزانه,روزانه,عادی,15,زن و مرد,نیمسال دوم,فاقد خوابگاه,1402-booklet,96,1402-booklet,96,کدرشته‌محل منبع: 33146؛ عنوان رشته در منبع: هوشبری
1402,هوشبری,دانشگاه علوم پزشکی کاشان,,اصفهان,روزانه,روزانه,عادی,15,زن و مرد,نیمسال اول,عدم تعهد در واگذاری خوابگاه,1402-booklet,52,1402-booklet,52,کدرشته‌محل منبع: 31794؛ عنوان رشته در منبع: هوشبری
1402,هوشبری,دانشگاه علوم پزشکی کردستان,,کردستان,روزانه,روزانه,عادی,20,زن و مرد,نیمسال اول,فاقد خوابگاه,1402-booklet,82,1402-booklet,82,کدرشته‌محل منبع: 32716؛ عنوان رشته در منبع: هوشبری
1402,هوشبری,دانشگاه علوم پزشکی کردستان,,کردستان,شهریه‌پرداز,شهریه پرداز,عادی,5,زن و مرد,نیمسال اول,فاقد خوابگاه,1402-booklet,82,1402-booklet,82,کدرشته‌محل منبع: 32727؛ عنوان رشته در منبع: هوشبری
1402,هوشبری,دانشگاه علوم پزشکی کرمان,,,در جدول ذکر نشده,,عادی,1,زن و مرد,نیمسال اول,سهمیه مخصوص داوطلبان بومی مناطق درگیر بلایای طبیعی)سیل، زلزله و ...( استان کرمان؛ دانشگاه علوم پزشکی کرمان,1402-booklet,189,1402-booklet,189,کدرشته‌محل منبع: 37021؛ عنوان رشته در منبع: هوشبری
1402,هوشبری,دانشگاه علوم پزشکی کرمان,,کرمان,روزانه,روزانه,عادی,18,زن و مرد,نیمسال اول,عدم تعهد در واگذاری خوابگاه,1402-booklet,85,1402-booklet,85,کدرشته‌محل منبع: 32784؛ عنوان رشته در منبع: هوشبری
1402,هوشبری,دانشگاه علوم پزشکی کرمانشاه,,کرمانشاه,روزانه,روزانه,عادی,17,زن و مرد,نیمسال اول,عدم تعهد در واگذاری خوابگاه,1402-booklet,86,1402-booklet,86,کدرشته‌محل منبع: 32823؛ عنوان رشته در منبع: هوشبری
1402,هوشبری,دانشگاه علوم پزشکی کرمانشاه,,کرمانشاه,شهریه‌پرداز,شهریه پرداز,عادی,3,زن و مرد,نیمسال اول,عدم تعهد در واگذاری خوابگاه,1402-booklet,86,1402-booklet,86,کدرشته‌محل منبع: 32836؛ عنوان رشته در منبع: هوشبری
1402,هوشبری,دانشگاه علوم پزشکی کرمانشاه,محل تحصیل مجتمع آموزش عالی سلامت اسلام آباد غرب,,در جدول ذکر نشده,,تعهد خدمت,15,زن و مرد,نیمسال دوم,مخصوص داوطلبان بومی استان کرمانشاه دانشگاه علوم پزشکی کرمانشاه )محل تحصیل مجتمع؛ دانشگاه علوم پزشکی کرمانشاه )محل تحصیل مجتمع آموزش عالی سلامت اسلام آباد غرب( - دارای تعهد خدمت سه برابر طول مدت تحصیل,1402-booklet,182,1402-booklet,182,کدرشته‌محل منبع: 19552؛ عنوان رشته در منبع: کاردانی هوشبری
1402,هوشبری,دانشگاه علوم پزشکی گلستان,,گلستان,روزانه,روزانه,عادی,15,زن و مرد,نیمسال اول,فاقد خوابگاه,1402-booklet,87,1402-booklet,87,کدرشته‌محل منبع: 32871؛ عنوان رشته در منبع: هوشبری
1402,هوشبری,دانشگاه علوم پزشکی گلستان,,گلستان,شهریه‌پرداز,شهریه پرداز,عادی,5,زن و مرد,نیمسال اول,فاقد خوابگاه,1402-booklet,87,1402-booklet,87,کدرشته‌محل منبع: 32879؛ عنوان رشته در منبع: هوشبری
1402,هوشبری,دانشگاه علوم پزشکی گناباد,,خراسان رضوی,روزانه,روزانه,عادی,15,زن و مرد,نیمسال اول,دارای خوابگاه ملکی,1402-booklet,65,1402-booklet,65,کدرشته‌محل منبع: 32181؛ عنوان رشته در منبع: هوشبری
1402,هوشبری,دانشگاه علوم پزشکی گناباد,,خراسان رضوی,شهریه‌پرداز,شهریه پرداز,عادی,5,زن و مرد,نیمسال اول,دارای خوابگاه ملکی,1402-booklet,66,1402-booklet,66,کدرشته‌محل منبع: 32194؛ عنوان رشته در منبع: هوشبری
1402,هوشبری,دانشگاه علوم پزشکی گیلان,محل تحصیل دانشکده پیراپزشکی گیلان مستقر در شهرستان لنگرود,گیلان,روزانه,روزانه,عادی,16,زن و مرد,نیمسال دوم,عدم تعهد در واگذاری خوابگاه,1402-booklet,88,1402-booklet,88,کدرشته‌محل منبع: 32888؛ عنوان رشته در منبع: هوشبری
1402,هوشبری,دانشگاه علوم پزشکی گیلان,محل تحصیل دانشکده پیراپزشکی گیلان مستقر در شهرستان لنگرود,گیلان,شهریه‌پرداز,شهریه پرداز,عادی,4,زن و مرد,نیمسال دوم,عدم تعهد در واگذاری خوابگاه,1402-booklet,88,1402-booklet,88,کدرشته‌محل منبع: 32892؛ عنوان رشته در منبع: هوشبری
1402,هوشبری,دانشگاه علوم پزشکی یاسوج,,کهگیلویه و بویراحمد,روزانه,روزانه,عادی,20,زن و مرد,نیمسال اول,عدم تعهد در واگذاری خوابگاه,1402-booklet,87,1402-booklet,87,کدرشته‌محل منبع: 32855؛ عنوان رشته در منبع: هوشبری
1402,هوشبری,دانشگاه علوم پزشکی یزد,,یزد,روزانه,روزانه,عادی,15,زن و مرد,نیمسال اول,عدم تعهد در واگذاری خوابگاه,1402-booklet,97,1402-booklet,97,کدرشته‌محل منبع: 33190؛ عنوان رشته در منبع: هوشبری
1402,هوشبری,دانشگاه علوم پزشکی یزد,,یزد,شهریه‌پرداز,شهریه پرداز,عادی,5,زن و مرد,نیمسال اول,محل تحصیل دانشکده پیراپزشکی یزد - عدم تعهد در واگذاری خوابگاه,1402-booklet,97,1402-booklet,97,کدرشته‌محل منبع: 33206؛ عنوان رشته در منبع: هوشبری
1402,گفتاردرمانی,دانشگاه علوم توانبخشی و سلامت اجتماعی,,تهران,روزانه,روزانه,عادی,21,زن و مرد,نیمسال اول,,1402-booklet,62,1402-booklet,62,کدرشته‌محل منبع: 32037؛ عنوان رشته در منبع: گفتار درمانی
1402,گفتاردرمانی,دانشگاه علوم پزشکی اراک,,مرکزی,روزانه,روزانه,عادی,16,زن و مرد,نیمسال اول,محدودیت در ارائه خوابگاه,1402-booklet,92,1402-booklet,92,کدرشته‌محل منبع: 33040؛ عنوان رشته در منبع: گفتار درمانی
1402,گفتاردرمانی,دانشگاه علوم پزشکی اصفهان,,اصفهان,روزانه,روزانه,عادی,19,زن و مرد,نیمسال اول,,1402-booklet,51,1402-booklet,51,کدرشته‌محل منبع: 31756؛ عنوان رشته در منبع: گفتار درمانی
1402,گفتاردرمانی,دانشگاه علوم پزشکی اصفهان,,اصفهان,شهریه‌پرداز,شهریه پرداز,عادی,2,زن و مرد,نیمسال اول,محل تحصیل پردیس خودگردان دانشگاه,1402-booklet,52,1402-booklet,52,کدرشته‌محل منبع: 31774؛ عنوان رشته در منبع: گفتار درمانی
1402,گفتاردرمانی,دانشگاه علوم پزشکی ایران,,تهران,روزانه,روزانه,عادی,14,زن و مرد,نیمسال اول,,1402-booklet,57,1402-booklet,57,کدرشته‌محل منبع: 31928؛ عنوان رشته در منبع: گفتار درمانی
1402,گفتاردرمانی,دانشگاه علوم پزشکی بابل,,مازندران,روزانه,روزانه,عادی,16,زن و مرد,نیمسال اول,عدم تعهد در واگذاری خوابگاه,1402-booklet,90,1402-booklet,90,کدرشته‌محل منبع: 32974؛ عنوان رشته در منبع: گفتار درمانی
1402,گفتاردرمانی,دانشگاه علوم پزشکی تبریز,,آذربایجان شرقی,روزانه,روزانه,عادی,13,زن و مرد,نیمسال اول,عدم تعهد در واگذاری خوابگاه,1402-booklet,46,1402-booklet,46,کدرشته‌محل منبع: 31620؛ عنوان رشته در منبع: گفتار درمانی
1402,گفتاردرمانی,دانشگاه علوم پزشکی تبریز,,آذربایجان شرقی,شهریه‌پرداز,شهریه پرداز,عادی,3,زن و مرد,نیمسال اول,فاقد خوابگاه,1402-booklet,47,1402-booklet,47,کدرشته‌محل منبع: 31634؛ عنوان رشته در منبع: گفتار درمانی
1402,گفتاردرمانی,دانشگاه علوم پزشکی تهران,,تهران,روزانه,روزانه,عادی,13,زن و مرد,نیمسال اول,,1402-booklet,60,1402-booklet,60,کدرشته‌محل منبع: 31970؛ عنوان رشته در منبع: گفتار درمانی
1402,گفتاردرمانی,دانشگاه علوم پزشکی تهران,,تهران,شهریه‌پرداز,شهریه پرداز,عادی,3,زن و مرد,نیمسال اول,فاقد خوابگاه,1402-booklet,60,1402-booklet,60,کدرشته‌محل منبع: 31981؛ عنوان رشته در منبع: گفتار درمانی
1402,گفتاردرمانی,دانشگاه علوم پزشکی جندی شاپور,,خوزستان,روزانه,روزانه,عادی,21,زن و مرد,نیمسال اول,,1402-booklet,70,1402-booklet,70,کدرشته‌محل منبع: 32325؛ عنوان رشته در منبع: گفتار درمانی
1402,گفتاردرمانی,دانشگاه علوم پزشکی جندی شاپور,,خوزستان,شهریه‌پرداز,شهریه پرداز,عادی,5,زن و مرد,نیمسال اول,محل تحصیل پردیس خودگردان دانشگاه,1402-booklet,70,1402-booklet,70,کدرشته‌محل منبع: 32346؛ عنوان رشته در منبع: گفتار درمانی
1402,گفتاردرمانی,دانشگاه علوم پزشکی زاهدان,,سیستان و بلوچستان,روزانه,روزانه,عادی,21,زن و مرد,نیمسال اول,عدم تعهد در واگذاری خوابگاه,1402-booklet,77,1402-booklet,77,کدرشته‌محل منبع: 32542؛ عنوان رشته در منبع: گفتار درمانی
1402,گفتاردرمانی,دانشگاه علوم پزشکی زاهدان,,سیستان و بلوچستان,شهریه‌پرداز,شهریه پرداز,عادی,6,زن و مرد,نیمسال اول,فاقد خوابگاه,1402-booklet,77,1402-booklet,77,کدرشته‌محل منبع: 32551؛ عنوان رشته در منبع: گفتار درمانی
1402,گفتاردرمانی,دانشگاه علوم پزشکی سمنان,,سمنان,روزانه,روزانه,عادی,21,زن و مرد,نیمسال اول,محدودیت در ارائه خوابگاه,1402-booklet,74,1402-booklet,74,کدرشته‌محل منبع: 32457؛ عنوان رشته در منبع: گفتار درمانی
1402,گفتاردرمانی,دانشگاه علوم پزشکی شیراز,,فارس,روزانه,روزانه,عادی,19,زن و مرد,نیمسال اول,محدودیت در ارائه خوابگاه,1402-booklet,78,1402-booklet,78,کدرشته‌محل منبع: 32591؛ عنوان رشته در منبع: گفتار درمانی
1402,گفتاردرمانی,دانشگاه علوم پزشکی شیراز,,فارس,شهریه‌پرداز,شهریه پرداز,عادی,2,زن و مرد,نیمسال اول,فاقد خوابگاه,1402-booklet,79,1402-booklet,79,کدرشته‌محل منبع: 32606؛ عنوان رشته در منبع: گفتار درمانی
1402,گفتاردرمانی,دانشگاه علوم پزشکی مشهد,,خراسان رضوی,روزانه,روزانه,عادی,21,زن و مرد,نیمسال اول,,1402-booklet,66,1402-booklet,66,کدرشته‌محل منبع: 32211؛ عنوان رشته در منبع: گفتار درمانی
1402,گفتاردرمانی,دانشگاه علوم پزشکی مشهد,,خراسان رضوی,شهریه‌پرداز,شهریه پرداز,عادی,4,زن و مرد,نیمسال اول,معرفی به خوابگاههای خودگردان,1402-booklet,66,1402-booklet,66,کدرشته‌محل منبع: 32224؛ عنوان رشته در منبع: گفتار درمانی
1402,گفتاردرمانی,دانشگاه علوم پزشکی همدان,,همدان,روزانه,روزانه,عادی,21,زن و مرد,نیمسال اول,فاقد خوابگاه,1402-booklet,95,1402-booklet,95,کدرشته‌محل منبع: 33141؛ عنوان رشته در منبع: گفتار درمانی
1402,گفتاردرمانی,دانشگاه علوم پزشکی همدان,,همدان,شهریه‌پرداز,شهریه پرداز,عادی,3,زن و مرد,نیمسال اول,محل تحصیل پردیس خودگردان دانشگاه - فاقد خوابگاه,1402-booklet,96,1402-booklet,96,کدرشته‌محل منبع: 33167؛ عنوان رشته در منبع: گفتار درمانی
1402,گفتاردرمانی,دانشگاه علوم پزشکی کرمانشاه,,کرمانشاه,روزانه,روزانه,عادی,16,زن و مرد,نیمسال اول,عدم تعهد در واگذاری خوابگاه,1402-booklet,86,1402-booklet,86,کدرشته‌محل منبع: 32820؛ عنوان رشته در منبع: گفتار درمانی
1402,بینایی‌سنجی,دانشگاه علوم پزشکی ایران,,تهران,روزانه,روزانه,عادی,20,زن و مرد,نیمسال اول,,1402-booklet,57,1402-booklet,57,کدرشته‌محل منبع: 31917؛ عنوان رشته در منبع: بینایی سنجی
1402,بینایی‌سنجی,دانشگاه علوم پزشکی زاهدان,,سیستان و بلوچستان,روزانه,روزانه,عادی,18,زن و مرد,نیمسال اول,عدم تعهد در واگذاری خوابگاه,1402-booklet,77,1402-booklet,77,کدرشته‌محل منبع: 32529؛ عنوان رشته در منبع: بینایی سنجی
1402,بینایی‌سنجی,دانشگاه علوم پزشکی زاهدان,,سیستان و بلوچستان,شهریه‌پرداز,شهریه پرداز,عادی,2,زن و مرد,نیمسال اول,فاقد خوابگاه,1402-booklet,77,1402-booklet,77,کدرشته‌محل منبع: 32549؛ عنوان رشته در منبع: بینایی سنجی
1402,بینایی‌سنجی,دانشگاه علوم پزشکی شهید بهشتی,,تهران,روزانه,روزانه,عادی,25,زن و مرد,نیمسال اول,,1402-booklet,60,1402-booklet,60,کدرشته‌محل منبع: 31988؛ عنوان رشته در منبع: بینایی سنجی
1402,بینایی‌سنجی,دانشگاه علوم پزشکی شهید بهشتی,,تهران,شهریه‌پرداز,شهریه پرداز,عادی,5,زن و مرد,نیمسال اول,محل تحصیل پردیس خودگردان دانشگاه واقع در تهران,1402-booklet,61,1402-booklet,61,کدرشته‌محل منبع: 32015؛ عنوان رشته در منبع: بینایی سنجی
1402,بینایی‌سنجی,دانشگاه علوم پزشکی مازندران,,مازندران,روزانه,روزانه,عادی,12,زن و مرد,نیمسال اول,,1402-correction-5,7,1402-booklet,91,کدرشته‌محل منبع: 32989؛ عنوان رشته در منبع: بینایی سنجی
1402,بینایی‌سنجی,دانشگاه علوم پزشکی مشهد,,خراسان رضوی,روزانه,روزانه,عادی,18,زن و مرد,نیمسال اول,,1402-booklet,66,1402-booklet,66,کدرشته‌محل منبع: 32201؛ عنوان رشته در منبع: بینایی سنجی
1402,بینایی‌سنجی,دانشگاه علوم پزشکی مشهد,,خراسان رضوی,شهریه‌پرداز,شهریه پرداز,عادی,2,زن و مرد,نیمسال اول,محل تحصیل پردیس خودگردان دانشگاه - معرفی به خوابگاههای خودگردان,1402-booklet,67,1402-booklet,67,کدرشته‌محل منبع: 32243؛ عنوان رشته در منبع: بینایی سنجی
1402,شنوایی‌شناسی,دانشگاه علوم پزشکی اراک,,مرکزی,روزانه,روزانه,عادی,15,زن و مرد,نیمسال اول,محدودیت در ارائه خوابگاه,1402-booklet,92,1402-booklet,92,کدرشته‌محل منبع: 33035؛ عنوان رشته در منبع: شنوایی شناسی
1402,شنوایی‌شناسی,دانشگاه علوم پزشکی اصفهان,,اصفهان,روزانه,روزانه,عادی,17,زن و مرد,نیمسال اول,محدودیت در ارائه خوابگاه,1402-booklet,51,1402-booklet,51,کدرشته‌محل منبع: 31748؛ عنوان رشته در منبع: شنوایی شناسی
1402,شنوایی‌شناسی,دانشگاه علوم پزشکی اصفهان,,اصفهان,شهریه‌پرداز,شهریه پرداز,عادی,3,زن و مرد,نیمسال اول,محل تحصیل پردیس خودگردان دانشگاه - معرفی به خوابگاههای خودگردان,1402-booklet,52,1402-booklet,52,کدرشته‌محل منبع: 31769؛ عنوان رشته در منبع: شنوایی شناسی
1402,شنوایی‌شناسی,دانشگاه علوم پزشکی ایران,,تهران,روزانه,روزانه,عادی,18,زن و مرد,نیمسال اول,,1402-booklet,57,1402-booklet,57,کدرشته‌محل منبع: 31922؛ عنوان رشته در منبع: شنوایی شناسی
1402,شنوایی‌شناسی,دانشگاه علوم پزشکی بابل,,مازندران,روزانه,روزانه,عادی,15,زن و مرد,نیمسال اول,عدم تعهد در واگذاری خوابگاه,1402-booklet,90,1402-booklet,90,کدرشته‌محل منبع: 32970؛ عنوان رشته در منبع: شنوایی شناسی
1402,شنوایی‌شناسی,دانشگاه علوم پزشکی تبریز,,آذربایجان شرقی,روزانه,روزانه,عادی,13,زن و مرد,نیمسال دوم,عدم تعهد در واگذاری خوابگاه,1402-booklet,46,1402-booklet,46,کدرشته‌محل منبع: 31612؛ عنوان رشته در منبع: شنوایی شناسی
1402,شنوایی‌شناسی,دانشگاه علوم پزشکی تبریز,,آذربایجان شرقی,شهریه‌پرداز,شهریه پرداز,عادی,2,زن و مرد,نیمسال دوم,فاقد خوابگاه,1402-booklet,47,1402-booklet,47,کدرشته‌محل منبع: 31629؛ عنوان رشته در منبع: شنوایی شناسی
1402,شنوایی‌شناسی,دانشگاه علوم پزشکی تهران,,تهران,روزانه,روزانه,عادی,20,زن و مرد,نیمسال اول,,1402-booklet,60,1402-booklet,60,کدرشته‌محل منبع: 31965؛ عنوان رشته در منبع: شنوایی شناسی
1402,شنوایی‌شناسی,دانشگاه علوم پزشکی تهران,,تهران,شهریه‌پرداز,شهریه پرداز,عادی,4,زن و مرد,نیمسال اول,فاقد خوابگاه,1402-booklet,60,1402-booklet,60,کدرشته‌محل منبع: 31979؛ عنوان رشته در منبع: شنوایی شناسی
1402,شنوایی‌شناسی,دانشگاه علوم پزشکی جندی شاپور,,خوزستان,روزانه,روزانه,عادی,20,زن و مرد,نیمسال اول,,1402-booklet,69,1402-booklet,69,کدرشته‌محل منبع: 32317؛ عنوان رشته در منبع: شنوایی شناسی
1402,شنوایی‌شناسی,دانشگاه علوم پزشکی جندی شاپور,,خوزستان,شهریه‌پرداز,شهریه پرداز,عادی,3,زن و مرد,نیمسال اول,,1402-booklet,70,1402-booklet,70,کدرشته‌محل منبع: 32337؛ عنوان رشته در منبع: شنوایی شناسی
1402,شنوایی‌شناسی,دانشگاه علوم پزشکی زاهدان,,سیستان و بلوچستان,روزانه,روزانه,عادی,13,زن و مرد,نیمسال اول,عدم تعهد در واگذاری خوابگاه,1402-booklet,77,1402-booklet,77,کدرشته‌محل منبع: 32534؛ عنوان رشته در منبع: شنوایی شناسی
1402,شنوایی‌شناسی,دانشگاه علوم پزشکی زاهدان,,سیستان و بلوچستان,شهریه‌پرداز,شهریه پرداز,عادی,2,زن و مرد,نیمسال اول,محل تحصیل پردیس خودگردان دانشگاه - فاقد خوابگاه,1402-booklet,77,1402-booklet,77,کدرشته‌محل منبع: 32559؛ عنوان رشته در منبع: شنوایی شناسی
1402,شنوایی‌شناسی,دانشگاه علوم پزشکی شهید بهشتی,,تهران,روزانه,روزانه,عادی,17,زن و مرد,نیمسال اول,,1402-booklet,61,1402-booklet,61,کدرشته‌محل منبع: 31995؛ عنوان رشته در منبع: شنوایی شناسی
1402,شنوایی‌شناسی,دانشگاه علوم پزشکی شهید بهشتی,,تهران,شهریه‌پرداز,شهریه پرداز,عادی,3,زن و مرد,نیمسال اول,محل تحصیل پردیس خودگردان دانشگاه واقع در تهران,1402-booklet,61,1402-booklet,61,کدرشته‌محل منبع: 32022؛ عنوان رشته در منبع: شنوایی شناسی
1402,شنوایی‌شناسی,دانشگاه علوم پزشکی شیراز,,فارس,روزانه,روزانه,عادی,14,زن و مرد,نیمسال اول,محدودیت در ارائه خوابگاه,1402-correction-5,7,1402-booklet,78,کدرشته‌محل منبع: 32584؛ عنوان رشته در منبع: شنوایی شناسی
1402,شنوایی‌شناسی,دانشگاه علوم پزشکی شیراز,,فارس,شهریه‌پرداز,شهریه پرداز,عادی,1,زن و مرد,نیمسال اول,فاقد خوابگاه,1402-correction-5,7,1402-booklet,79,کدرشته‌محل منبع: 32602؛ عنوان رشته در منبع: شنوایی شناسی
1402,شنوایی‌شناسی,دانشگاه علوم پزشکی همدان,,همدان,روزانه,روزانه,عادی,17,زن و مرد,نیمسال اول,فاقد خوابگاه,1402-booklet,95,1402-booklet,95,کدرشته‌محل منبع: 33133؛ عنوان رشته در منبع: شنوایی شناسی
1402,شنوایی‌شناسی,دانشگاه علوم پزشکی همدان,,همدان,شهریه‌پرداز,شهریه پرداز,عادی,3,زن و مرد,نیمسال اول,محل تحصیل پردیس خودگردان دانشگاه - فاقد خوابگاه,1402-booklet,95,1402-booklet,95,کدرشته‌محل منبع: 33160؛ عنوان رشته در منبع: شنوایی شناسی
