year,major,university,campus,province,program_type,program_type_raw,admission_category,capacity,gender,intake,admission_conditions,source_id,source_page,base_source_id,base_source_page,notes
1402,آموزش ابتدایی,دانشگاه فرهنگیان,پردیس علامه امینی تبریز )ساختمان شماره دو سراب(,آذربایجان شرقی,در جدول ذکر نشده,,تعهد خدمت,11,مرد,در جدول ذکر نشده,ادامه مخصوص داوطلبان بومی استان آذربایجان شرقی؛ پردیس علامه امینی تبریز )ساختمان شماره دو سراب(/ اولویت پذیرش با داوطلبان بومی شهرستان های اهر، هوراند، کلیبر، خداآفرین/محل خدمت اهر؛ پذیرش دانشجو‌معلم با تعهد خدمت؛ ضوابط بخش فرهنگیان دفترچه,1402-humanities-booklet,139,1402-humanities-booklet,139,کدرشته‌محل منبع: 49982؛ عنوان رشته در منبع: آموزش ابتدای ی؛ نحوه پذیرش: با آزمون (بخش دانشجو‌معلم)؛ استان در این ردیف مربوط به بومی‌گزینی/محل خدمت است
1402,آموزش ابتدایی,دانشگاه فرهنگیان,پردیس علامه امینی تبریز )ساختمان شماره دو سراب(,آذربایجان شرقی,در جدول ذکر نشده,,تعهد خدمت,2,مرد,در جدول ذکر نشده,ادامه مخصوص داوطلبان بومی استان آذربایجان شرقی؛ پردیس علامه امینی تبریز )ساختمان شماره دو سراب(/ اولویت پذیرش با داوطلبان بومی شهرستان های اهر، هوراند، کلیبر، خداآفرین/محل خدمت هوراند؛ پذیرش دانشجو‌معلم با تعهد خدمت؛ ضوابط بخش فرهنگیان دفترچه,1402-humanities-booklet,139,1402-humanities-booklet,139,کدرشته‌محل منبع: 49983؛ عنوان رشته در منبع: آموزش ابتدایی؛ نحوه پذیرش: با آزمون (بخش دانشجو‌معلم)؛ استان در این ردیف مربوط به بومی‌گزینی/محل خدمت است
1402,آموزش ابتدایی,دانشگاه فرهنگیان,پردیس علامه امینی تبریز,آذربایجان شرقی,در جدول ذکر نشده,,تعهد خدمت,11,مرد,در جدول ذکر نشده,ادامه مخصوص داوطلبان بومی استان آذربایجان شرقی؛ پردیس علامه امینی تبریز/ اولویت پذیرش با داوطلبان بومی شهرستان های شبستر، مرند، جلفا / محل خدمت مرند؛ پذیرش دانشجو‌معلم با تعهد خدمت؛ ضوابط بخش فرهنگیان دفترچه,1402-humanities-booklet,139,1402-humanities-booklet,139,کدرشته‌محل منبع: 49984؛ عنوان رشته در منبع: آموزش ابتدایی؛ نحوه پذیرش: با آزمون (بخش دانشجو‌معلم)؛ استان در این ردیف مربوط به بومی‌گزینی/محل خدمت است
1402,آموزش ابتدایی,دانشگاه فرهنگیان,پردیس علامه امینی تبریز,آذربایجان شرقی,در جدول ذکر نشده,,تعهد خدمت,1,مرد,در جدول ذکر نشده,ادامه مخصوص داوطلبان بومی استان آذربایجان شرقی؛ پردیس علامه امینی تبریز/ اولویت پذیرش با داوطلبان بومی شهرستان های شبستر، مرند، جلفا/محل خدمت جلفا؛ پذیرش دانشجو‌معلم با تعهد خدمت؛ ضوابط بخش فرهنگیان دفترچه,1402-humanities-booklet,139,1402-humanities-booklet,139,کدرشته‌محل منبع: 49985؛ عنوان رشته در منبع: آموزش ابتدایی؛ نحوه پذیرش: با آزمون (بخش دانشجو‌معلم)؛ استان در این ردیف مربوط به بومی‌گزینی/محل خدمت است
1402,آموزش ابتدایی,دانشگاه فرهنگیان,پردیس علامه امینی تبریز,آذربایجان شرقی,در جدول ذکر نشده,,تعهد خدمت,2,مرد,در جدول ذکر نشده,ادامه مخصوص داوطلبان بومی استان آذربایجان شرقی؛ پردیس علامه امینی تبریز/ اولویت پذیرش با داوطلبان بومی شهرستان های شبستر، مرند، جلفا/مح ل خدمت شبستر؛ پذیرش دانشجو‌معلم با تعهد خدمت؛ ضوابط بخش فرهنگیان دفترچه,1402-humanities-booklet,139,1402-humanities-booklet,139,کدرشته‌محل منبع: 49986؛ عنوان رشته در منبع: آموزش ابتدایی؛ نحوه پذیرش: با آزمون (بخش دانشجو‌معلم)؛ استان در این ردیف مربوط به بومی‌گزینی/محل خدمت است
1402,آموزش ابتدایی,دانشگاه فرهنگیان,پردیس علامه امینی تبریز,آذربایجان شرقی,در جدول ذکر نشده,,تعهد خدمت,2,مرد,در جدول ذکر نشده,ادامه مخصوص داوطلبان بومی استان آذربایجان شرقی؛ پردیس علامه امینی تبریز/ اولویت پذیرش با داوطلبان بومی شهرستان های شبستر، مرند، جلفا/محل خدمت تسوج؛ پذیرش دانشجو‌معلم با تعهد خدمت؛ ضوابط بخش فرهنگیان دفترچه,1402-humanities-booklet,139,1402-humanities-booklet,139,کدرشته‌محل منبع: 49987؛ عنوان رشته در منبع: آموزش ابتدایی؛ نحوه پذیرش: با آزمون (بخش دانشجو‌معلم)؛ استان در این ردیف مربوط به بومی‌گزینی/محل خدمت است
1402,آموزش ابتدایی,دانشگاه فرهنگیان,پردیس علامه امینی تبریز,آذربایجان شرقی,در جدول ذکر نشده,,تعهد خدمت,1,مرد,در جدول ذکر نشده,ادامه مخصوص داوطلبان بومی استان آذربایجان شرقی؛ پردیس علامه امینی تبریز/ اولویت پذیرش با داوطلبان بومی شهرستان های شبستر، مرند، جلفا/محل خ دمت صوفیان؛ پذیرش دانشجو‌معلم با تعهد خدمت؛ ضوابط بخش فرهنگیان دفترچه,1402-humanities-booklet,139,1402-humanities-booklet,139,کدرشته‌محل منبع: 49988؛ عنوان رشته در منبع: آموزش ابتدایی؛ نحوه پذیرش: با آزمون (بخش دانشجو‌معلم)؛ استان در این ردیف مربوط به بومی‌گزینی/محل خدمت است
1402,آموزش ابتدایی,دانشگاه فرهنگیان,پردیس علامه امینی تبریز )ساختمان شماره دو سراب(,آذربایجان شرقی,در جدول ذکر نشده,,تعهد خدمت,1,مرد,در جدول ذکر نشده,ادامه مخصوص داوطلبان بومی استان آذربایجان شرقی؛ پردیس علامه امینی تبریز )ساختمان شماره دو سراب(/ اولویت پذیرش با داوطلبان بومی بخش های شهرستان های اهر، هوراند، کلیبر، خداآفرین)به غیراز بخش مرکزی شهرستان ها(/محل خدمت عشایری آذربایجان شرقی؛ پذیرش دانشجو‌معلم با تعهد خدمت؛ ضوابط بخش فرهنگیان دفترچه,1402-humanities-booklet,139,1402-humanities-booklet,139,کدرشته‌محل منبع: 49989؛ عنوان رشته در منبع: آموزش ابتدایی؛ نحوه پذیرش: با آزمون (بخش دانشجو‌معلم)؛ استان در این ردیف مربوط به بومی‌گزینی/محل خدمت است
1402,آموزش ابتدایی,دانشگاه فرهنگیان,پ ردیس علامه امینی تبریز )ساختمان شماره دو سراب(,آذربایجان شرقی,در جدول ذکر نشده,,تعهد خدمت,4,مرد,در جدول ذکر نشده,ادامه مخصوص داوطلبان بومی استان آذربایجان شرقی؛ پ ردیس علامه امینی تبریز )ساختمان شماره دو سراب(/ اولویت پذیرش با داوطلبان بومی شهرستان های وزرقان، اهر، هوراند/محل خدمت خاروانا؛ پذیرش دانشجو‌معلم با تعهد خدمت؛ ضوابط بخش فرهنگیان دفترچه,1402-humanities-booklet,139,1402-humanities-booklet,139,کدرشته‌محل منبع: 49990؛ عنوان رشته در منبع: آموزش ابتدایی؛ نحوه پذیرش: با آزمون (بخش دانشجو‌معلم)؛ استان در این ردیف مربوط به بومی‌گزینی/محل خدمت است
1402,آموزش ابتدایی,دانشگاه فرهنگیان,پردیس علامه امینی تبریز,آذربایجان شرقی,در جدول ذکر نشده,,تعهد خدمت,2,مرد,در جدول ذکر نشده,ادامه مخصوص داوطلبان بومی استان آذربایجان شرقی؛ پردیس علامه امینی تبریز/ اولویت پذیرش با داوطلبان بومی شهرستان های خداآفرین، کلیبر/محل خدمت کلیبر؛ پذیرش دانشجو‌معلم با تعهد خدمت؛ ضوابط بخش فرهنگیان دفترچه,1402-humanities-booklet,139,1402-humanities-booklet,139,کدرشته‌محل منبع: 49991؛ عنوان رشته در منبع: آموزش ابتدایی؛ نحوه پذیرش: با آزمون (بخش دانشجو‌معلم)؛ استان در این ردیف مربوط به بومی‌گزینی/محل خدمت است
1402,آموزش ابتدایی,دانشگاه فرهنگیان,پردیس علامه امینی تبریز,آذربایجان شرقی,در جدول ذکر نشده,,تعهد خدمت,1,مرد,در جدول ذکر نشده,ادامه مخصوص داوطلبان بومی استان آذربایجان شرقی؛ پردیس علامه امینی تبریز/ اولویت پذیرش با داوطلبان بومی شهرستان های خداآفرین، کلیبر/محل خدمت خداآفرین؛ پذیرش دانشجو‌معلم با تعهد خدمت؛ ضوابط بخش فرهنگیان دفترچه,1402-humanities-booklet,140,1402-humanities-booklet,140,کدرشته‌محل منبع: 49992؛ عنوان رشته در منبع: آموزش ابت دایی؛ نحوه پذیرش: با آزمون (بخش دانشجو‌معلم)؛ استان در این ردیف مربوط به بومی‌گزینی/محل خدمت است
1402,آموزش ابتدایی,دانشگاه فرهنگیان,پردیس علامه امینی تبریز )ساختمان شماره دو سراب(,آذربایجان شرقی,در جدول ذکر نشده,,تعهد خدمت,4,مرد,در جدول ذکر نشده,ادامه مخصوص داوطلبان بومی استان آذربایجان شرقی؛ پردیس علامه امینی تبریز )ساختمان شماره دو سراب(/ اولویت پذیرش با داوطلبان بومی شهرستان های هریس، وزرقان، اهر، هوراند/محل خدمت ورزقان؛ پذیرش دانشجو‌معلم با تعهد خدمت؛ ضوابط بخش فرهنگیان دفترچه,1402-humanities-booklet,140,1402-humanities-booklet,140,کدرشته‌محل منبع: 49993؛ عنوان رشته در منبع: آموزش ابتدایی؛ نحوه پذیرش: با آزمون (بخش دانشجو‌معلم)؛ استان در این ردیف مربوط به بومی‌گزینی/محل خدمت است
1402,آموزش ابتدایی,دانشگاه فرهنگیان,پردیس علامه امینی تبریز )ساختمان شماره دو سراب(,آذربایجان شرقی,در جدول ذکر نشده,,تعهد خدمت,1,مرد,در جدول ذکر نشده,ادامه مخصوص داوطلبان بومی استان آذربایجان شرقی؛ پردیس علامه امینی تبریز )ساختمان شماره دو سراب(/ اولویت پذیرش با داوطلبان بومی شهرست ان های هریس، وزرقان، اهر، هوراند/محل خدمت خواجه؛ پذیرش دانشجو‌معلم با تعهد خدمت؛ ضوابط بخش فرهنگیان دفترچه,1402-humanities-booklet,140,1402-humanities-booklet,140,کدرشته‌محل منبع: 49994؛ عنوان رشته در منبع: آموزش ابتدایی؛ نحوه پذیرش: با آزمون (بخش دانشجو‌معلم)؛ استان در این ردیف مربوط به بومی‌گزینی/محل خدمت است
1402,آموزش ابتدایی,دانشگاه فرهنگیان,پردیس علامه امینی تبریز )ساختمان شماره دو سراب(,آذربایجان شرقی,در جدول ذکر نشده,,تعهد خدمت,2,مرد,در جدول ذکر نشده,ادامه مخصوص داوطلبان بومی استان آذربایجان شرقی؛ پردیس علامه امینی تبریز )ساختمان شماره دو سراب(/ اولویت پذیرش با داوطلبان بومی شهرستان های هریس، وزرقان، اهر، هوراند/محل خدمت هریس؛ پذیرش دانشجو‌معلم با تعهد خدمت؛ ضوابط بخش فرهنگیان دفترچه,1402-humanities-booklet,140,1402-humanities-booklet,140,کدرشته‌محل منبع: 49995؛ عنوان رشته در منبع: آموزش ابتدایی؛ نحوه پذیرش: با آزمون (بخش دانشجو‌معلم)؛ استان در این ردیف مربوط به بومی‌گزینی/محل خدمت است
1402,آموزش ابتدایی,دانشگاه فرهنگیان,پردیس علامه امینی تبریز ,آذربایجان شرقی,در جدول ذکر نشده,,تعهد خدمت,9,مرد,در جدول ذکر نشده,ادامه مخصوص داوطلبان بومی استان آذربایجان شرقی؛ پردیس علامه امینی تبریز / اولویت پذیرش با داوطلبان بومی شهرستان های مراغه، عجب شیر، بناب، ملکان، هشترود/محل خدمت مراغه؛ پذیرش دانشجو‌معلم با تعهد خدمت؛ ضوابط بخش فرهنگیان دفترچه,1402-humanities-booklet,140,1402-humanities-booklet,140,کدرشته‌محل منبع: 49996؛ عنوان رشته در منبع: آموزش ابتدایی؛ نحوه پذیرش: با آزمون (بخش دانشجو‌معلم)؛ استان در این ردیف مربوط به بومی‌گزینی/محل خدمت است
1402,آموزش ابتدایی,دانشگاه فرهنگیان,پردیس علامه امینی تبریز,آذربایجان شرقی,در جدول ذکر نشده,,تعهد خدمت,6,مرد,در جدول ذکر نشده,ادامه مخصوص داوطلبان بومی استان آذربایجان شرقی؛ پردیس علامه امینی تبریز/ اولویت پذیرش با داوطلبان بومی شهرستان های مراغه، عجب شیر، بناب، ملکان، هشترود/محل خدمت عجب شیر؛ پذیرش دانشجو‌معلم با تعهد خدمت؛ ضوابط بخش فرهنگیان دفترچه,1402-humanities-booklet,140,1402-humanities-booklet,140,کدرشته‌محل منبع: 49997؛ عنوان رشته در منبع: آموزش اب تدایی؛ نحوه پذیرش: با آزمون (بخش دانشجو‌معلم)؛ استان در این ردیف مربوط به بومی‌گزینی/محل خدمت است
1402,آموزش ابتدایی,دانشگاه فرهنگیان,پردیس علامه امینی تبریز,آذربایجان شرقی,در جدول ذکر نشده,,تعهد خدمت,1,مرد,در جدول ذکر نشده,ادامه مخصوص داوطلبان بومی استان آذربایجان شرقی؛ پردیس علامه امینی تبریز/ اولویت پذیرش با داوطلبان بومی شهرستان های مراغه، عجب شیر، بناب، ملکان، هشترود/محل خدمت بناب؛ پذیرش دانشجو‌معلم با تعهد خدمت؛ ضوابط بخش فرهنگیان دفترچه,1402-humanities-booklet,140,1402-humanities-booklet,140,کدرشته‌محل منبع: 49998؛ عنوان رشته در منبع: آموزش ابتدایی؛ نحوه پذیرش: با آزمون (بخش دانشجو‌معلم)؛ استان در این ردیف مربوط به بومی‌گزینی/محل خدمت است
1402,آموزش ابتدایی,دانشگاه فرهنگیان,پردیس علامه امینی تبریز,آذربایجان شرقی,در جدول ذکر نشده,,تعهد خدمت,3,مرد,در جدول ذکر نشده,ادامه مخصوص داوطلبان بومی استان آذربایجان شرقی؛ پردیس علامه امینی تبریز/ اولویت پذیرش با داوطلبان بومی شهرستان های مراغه، عجب شیر، بناب، ملکان، هشت رود/محل خدمت ملکان؛ پذیرش دانشجو‌معلم با تعهد خدمت؛ ضوابط بخش فرهنگیان دفترچه,1402-humanities-booklet,140,1402-humanities-booklet,140,کدرشته‌محل منبع: 49999؛ عنوان رشته در منبع: آموزش ابتدایی؛ نحوه پذیرش: با آزمون (بخش دانشجو‌معلم)؛ استان در این ردیف مربوط به بومی‌گزینی/محل خدمت است
1402,آموزش ابتدایی,دانشگاه فرهنگیان,پردیس علامه امینی تبریز,آذربایجان شرقی,در جدول ذکر نشده,,تعهد خدمت,13,مرد,در جدول ذکر نشده,ادامه مخصوص داوطلبان بومی استان آذربایجان شرقی؛ پردیس علامه امینی تبریز/ مخصوص داوطلبان بومی استان آذربایجان شرقی/محل خدمت تبریز.ناحیه4؛ پذیرش دانشجو‌معلم با تعهد خدمت؛ ضوابط بخش فرهنگیان دفترچه,1402-humanities-booklet,140,1402-humanities-booklet,140,کدرشته‌محل منبع: 50000؛ عنوان رشته در منبع: آموزش ابتدایی؛ نحوه پذیرش: با آزمون (بخش دانشجو‌معلم)؛ استان در این ردیف مربوط به بومی‌گزینی/محل خدمت است
1402,آموزش ابتدایی,دانشگاه فرهنگیان,پردیس علامه امینی تبریز,آذربایجان شرقی,در جدول ذکر نشده,,تعهد خدمت,13,مرد,در جدول ذکر نشده,ادامه مخصوص داوطلبان بومی استان آذربایجان شرقی؛ پردیس علامه امینی تبریز/ مخصوص داوطلبان بومی استان آذربایجان شرقی/محل خدمت تبریز.ناحیه3؛ پذیرش دانشجو‌معلم با تعهد خدمت؛ ضوابط بخش فرهنگیان دفترچه,1402-humanities-booklet,140,1402-humanities-booklet,140,کدرشته‌محل منبع: 50001؛ عنوان رشته در منبع: آموزش ابتدایی؛ نحوه پذیرش: با آزمون (بخش دانشجو‌معلم)؛ استان در این ردیف مربوط به بومی‌گزینی/محل خدمت است
1402,آموزش ابتدایی,دانشگاه فرهنگیان,پردیس علامه امینی تبریز,آذربایجان شرقی,در جدول ذکر نشده,,تعهد خدمت,13,مرد,در جدول ذکر نشده,ادامه مخصوص داوطلبان بومی استان آذربایجان شرقی؛ پردیس علامه امینی تبریز/ مخصوص داوطلبان بومی استان آذربایجان شرقی/محل خدمت تبریز.ناحیه1؛ پذیرش دانشجو‌معلم با تعهد خدمت؛ ضوابط بخش فرهنگیان دفترچه,1402-humanities-booklet,140,1402-humanities-booklet,140,کدرشته‌محل منبع: 50002؛ عنوان رشته در منبع: آموزش ابتدایی؛ نحوه پذیرش: با آزمون (بخش دانشجو‌معلم)؛ استان در این ردیف مربوط به بومی‌گزینی/محل خدمت است
1402,آموزش ابتدایی,دانشگاه فرهنگیان,پردیس علامه امینی تبریز,آذربایجان شرقی,در جدول ذکر نشده,,تعهد خدمت,12,مرد,در جدول ذکر نشده,ادامه مخصوص داوطلبان بومی استان آذربایجان شرقی؛ پردیس علامه امینی تبریز/ مخصوص داوطلبان بومی استان آذربایجان شرقی/محل خدمت تبریز.ناحیه2؛ پذیرش دانشجو‌معلم با تعهد خدمت؛ ضوابط بخش فرهنگیان دفترچه,1402-humanities-booklet,140,1402-humanities-booklet,140,کدرشته‌محل منبع: 50003؛ عنوان رشته در منبع: آموزش ابتدایی؛ نحوه پذیرش: با آزمون (بخش دانشجو‌معلم)؛ استان در این ردیف مربوط به بومی‌گزینی/محل خدمت است
1402,آموزش ابتدایی,دانشگاه فرهنگیان,پردیس علامه امینی تبریز,آذربایجان شرقی,در جدول ذکر نشده,,تعهد خدمت,12,مرد,در جدول ذکر نشده,ادامه مخصوص داوطلبان بومی استان آذربایجان شرقی؛ پردیس علامه امینی تبریز/ مخصوص داوطلبان بومی استان آذربایجان شرقی/محل خدمت تبریز.ناحیه5؛ پذیرش دانشجو‌معلم با تعهد خدمت؛ ضوابط بخش فرهنگیان دفترچه,1402-humanities-booklet,140,1402-humanities-booklet,140,کدرشته‌محل منبع: 50004؛ عنوان رشته در منبع: آموزش ابتدایی؛ نحوه پذیرش: با آزمون (بخش دانشجو‌معلم)؛ استان در این ردیف مربوط به بومی‌گزینی/محل خدمت است
1402,آموزش ابتدایی,دانشگاه فرهنگیان,پردیس علامه امینی تبریز )ساختمان شماره دو سراب(,آذربایجان شرقی,در جدول ذکر نشده,,تعهد خدمت,11,مرد,در جدول ذکر نشده,ادامه مخصوص داوطلبان بومی استان آذربایجان شرقی؛ پردیس علامه امینی تبریز )ساختمان شماره دو سراب(/ اولویت پذیرش با داوطلبان بومی شهرستان های بستان آباد، سراب، هریس/محل خدمت سراب؛ پذیرش دانشجو‌معلم با تعهد خدمت؛ ضوابط بخش فرهنگیان دفترچه,1402-humanities-booklet,140,1402-humanities-booklet,140,کدرشته‌محل منبع: 50005؛ عنوان رشته در منبع: آم وزش ابتدایی؛ نحوه پذیرش: با آزمون (بخش دانشجو‌معلم)؛ استان در این ردیف مربوط به بومی‌گزینی/محل خدمت است
1402,آموزش ابتدایی,دانشگاه فرهنگیان,پردیس علامه امینی تبریز )ساختمان شماره دو سراب(,آذربایجان شرقی,در جدول ذکر نشده,,تعهد خدمت,6,مرد,در جدول ذکر نشده,ادامه مخصوص داوطلبان بومی استان آذربایجان شرقی؛ پردیس علامه امینی تبریز )ساختمان شماره دو سراب(/ اولویت پذیرش با داوطلبان بومی شهرستان های بستان آباد، سراب، هریس/محل خدمت بستان آباد؛ پذیرش دانشجو‌معلم با تعهد خدمت؛ ضوابط بخش فرهنگیان دفترچه,1402-humanities-booklet,140,1402-humanities-booklet,140,کدرشته‌محل منبع: 50006؛ عنوان رشته در منبع: آموزش ابتدایی؛ نحوه پذیرش: با آزمون (بخش دانشجو‌معلم)؛ استان در این ردیف مربوط به بومی‌گزینی/محل خدمت است
1402,آموزش ابتدایی,دانشگاه فرهنگیان,پردیس علامه امینی تبریز )ساختمان شماره دو سراب(,آذربایجان شرقی,در جدول ذکر نشده,,تعهد خدمت,2,مرد,در جدول ذکر نشده,ادامه مخصوص داوطلبان بومی استان آذربایجان شرقی؛ پردیس علامه امینی تبریز )ساختمان شماره دو سراب(/ اولویت پذیرش با داوطلبان بو می شهرستان های بستان آباد، سراب، هریس/محل خدمت مهربان؛ پذیرش دانشجو‌معلم با تعهد خدمت؛ ضوابط بخش فرهنگیان دفترچه,1402-humanities-booklet,140,1402-humanities-booklet,140,کدرشته‌محل منبع: 50007؛ عنوان رشته در منبع: آموزش ابتدایی؛ نحوه پذیرش: با آزمون (بخش دانشجو‌معلم)؛ استان در این ردیف مربوط به بومی‌گزینی/محل خدمت است
1402,آموزش ابتدایی,دانشگاه فرهنگیان,پردیس علامه امینی تبریز )ساختمان شماره دو سراب(,آذربایجان شرقی,در جدول ذکر نشده,,تعهد خدمت,2,مرد,در جدول ذکر نشده,ادامه مخصوص داوطلبان بومی استان آذربایجان شرقی؛ پردیس علامه امینی تبریز )ساختمان شماره دو سراب(/ اولویت پذیرش با داوطلبان بومی شهرستان های بستان آباد، سراب، هریس/محل خدمت تیکمه داش؛ پذیرش دانشجو‌معلم با تعهد خدمت؛ ضوابط بخش فرهنگیان دفترچه,1402-humanities-booklet,140,1402-humanities-booklet,140,کدرشته‌محل منبع: 50008؛ عنوان رشته در منبع: آموزش ابتدایی؛ نحوه پذیرش: با آزمون (بخش دانشجو‌معلم)؛ استان در این ردیف مربوط به بومی‌گزینی/محل خدمت است
1402,آموزش ابتدایی,دانشگاه فرهنگیان,پردیس علامه امی نی تبریز )ساختمان شماره دو سراب(,آذربایجان شرقی,در جدول ذکر نشده,,تعهد خدمت,2,مرد,در جدول ذکر نشده,ادامه مخصوص داوطلبان بومی استان آذربایجان شرقی؛ پردیس علامه امی نی تبریز )ساختمان شماره دو سراب(/ اولویت پذیرش با داوطلبان بومی شهرستان میانه/محل خدمت کندوان؛ پذیرش دانشجو‌معلم با تعهد خدمت؛ ضوابط بخش فرهنگیان دفترچه,1402-humanities-booklet,140,1402-humanities-booklet,140,کدرشته‌محل منبع: 50009؛ عنوان رشته در منبع: آموزش ابتدایی؛ نحوه پذیرش: با آزمون (بخش دانشجو‌معلم)؛ استان در این ردیف مربوط به بومی‌گزینی/محل خدمت است
1402,آموزش ابتدایی,دانشگاه فرهنگیان,پردیس علامه امینی تبریز )ساختمان شماره دو سراب(,آذربایجان شرقی,در جدول ذکر نشده,,تعهد خدمت,9,مرد,در جدول ذکر نشده,ادامه مخصوص داوطلبان بومی استان آذربایجان شرقی؛ پردیس علامه امینی تبریز )ساختمان شماره دو سراب(/ اولویت پذیرش با داوطلبان بومی شهرستان میانه/محل خدمت میانه؛ پذیرش دانشجو‌معلم با تعهد خدمت؛ ضوابط بخش فرهنگیان دفترچه,1402-humanities-booklet,140,1402-humanities-booklet,140,کدرشته‌محل منبع: 50010؛ عنوان رشته در منبع: آموزش ابتدایی؛ نحوه پذیرش: با آزمون (بخش دانشجو‌معلم)؛ استان در این ردیف مربوط به بومی‌گزینی/محل خدمت است
1402,آموزش ابتدایی,دانشگاه فرهنگیان,پردیس علامه امینی تبریز )ساختمان شماره دو سراب(,آذربایجان شرقی,در جدول ذکر نشده,,تعهد خدمت,2,مرد,در جدول ذکر نشده,ادامه مخصوص داوطلبان بومی استان آذربایجان شرقی؛ پردیس علامه امینی تبریز )ساختمان شماره دو سراب(/ اولویت پذیرش با داوطلبان بومی شهرستان میانه/محل خدمت کاغذکنان؛ پذیرش دانشجو‌معلم با تعهد خدمت؛ ضوابط بخش فرهنگیان دفترچه,1402-humanities-booklet,140,1402-humanities-booklet,140,کدرشته‌محل منبع: 50011؛ عنوان رشته در منبع: آموزش ابتدایی؛ نحوه پذیرش: با آزمون (بخش دانشجو‌معلم)؛ استان در این ردیف مربوط به بومی‌گزینی/محل خدمت است
1402,آموزش ابتدایی,دانشگاه فرهنگیان,پردیس علامه امینی تبریز )ساختمان شماره دو سراب(,آذربایجان شرقی,در جدول ذکر نشده,,تعهد خدمت,4,مرد,در جدول ذکر نشده,ادامه مخصوص داوطلبان بومی استان آذربایجان شرقی؛ پردیس علامه امینی تبریز )ساختمان شماره دو سراب(/ اولویت پذیرش با داوطلبان بومی شهرستان میانه/محل خدمت ترکمانچای؛ پذیرش دانشجو‌معلم با تعهد خدمت؛ ضوابط بخش فرهنگیان دفترچه,1402-humanities-booklet,140,1402-humanities-booklet,140,کدرشته‌محل منبع: 50012؛ عنوان رشته در منبع: آموزش ابتدایی؛ نحوه پذیرش: با آزمون (بخش دانشجو‌معلم)؛ استان در این ردیف مربوط به بومی‌گزینی/محل خدمت است
1402,آموزش ابتدایی,دانشگاه فرهنگیان,پردیس علامه امینی تبریز,آذربایجان شرقی,در جدول ذکر نشده,,تعهد خدمت,2,مرد,در جدول ذکر نشده,ادامه مخصوص داوطلبان بومی استان آذربایجان شرقی؛ پردیس علامه امینی تبریز/ اولویت پذیرش با داوطلبان بومی شهرستان های هشترود، چاراویماق/محل خدمت نظرکهریز؛ پذیرش دانشجو‌معلم با تعهد خدمت؛ ضوابط بخش فرهنگیان دفترچه,1402-humanities-booklet,140,1402-humanities-booklet,140,کدرشته‌محل منبع: 50013؛ عنوان رشته در منبع: آموزش ابتدایی؛ نحوه پذیرش: با آزمون (بخش دانشجو‌معلم)؛ استان در این ردیف مربوط به بومی‌گزینی/محل خدمت است
1402,آموزش ابتدایی,دانشگاه فرهنگیان,پردیس علامه امینی تبریز,آذربایجان شرقی,در جدول ذکر نشده,,تعهد خدمت,1,مرد,در جدول ذکر نشده,ادامه مخصوص داوطلبان بومی استان آذربایجان شرقی؛ پردیس علامه امینی تبریز/ اولویت پذیرش با داوطلبان بومی شهرستان های هشترود، چاراویماق/محل خدمت هشترود؛ پذیرش دانشجو‌معلم با تعهد خدمت؛ ضوابط بخش فرهنگیان دفترچه,1402-humanities-booklet,140,1402-humanities-booklet,140,کدرشته‌محل منبع: 50014؛ عنوان رشته در منبع: آموزش ابتدایی؛ نحوه پذیرش: با آزمون (بخش دانشجو‌معلم)؛ استان در این ردیف مربوط به بومی‌گزینی/محل خدمت است
1402,آموزش ابتدایی,دانشگاه فرهنگیان,پردیس علامه امینی تبریز,آذربایجان شرقی,در جدول ذکر نشده,,تعهد خدمت,1,مرد,در جدول ذکر نشده,ادامه مخصوص داوطلبان بومی استان آذربایجان شرقی؛ پردیس علامه امینی تبریز/ اولویت پذیرش با داوطلبان بومی شهرستان های هشترود، چاراویماق/محل خدمت چاراویماق؛ پذیرش دانشجو‌معلم با تعهد خدمت؛ ضوابط بخش فرهنگیان دفترچه,1402-humanities-booklet,140,1402-humanities-booklet,140,کدرشته‌محل منبع: 50015؛ عنوان رشته در منبع: آموزش ابتدایی؛ نحوه پذیرش: با آزمون (بخش دانشجو‌معلم)؛ استان در این ردیف مربوط به بومی‌گزینی/محل خدمت است
1402,آموزش ابتدایی,دانشگاه فرهنگیان,پردیس علامه امینی تبریز,آذربایجان شرقی,در جدول ذکر نشده,,تعهد خدمت,2,مرد,در جدول ذکر نشده,ادامه مخصوص داوطلبان بومی استان آذربایجان شرقی؛ پردیس علامه امینی تبریز/ اولویت پذیرش با داوطلبان بومی شهرستان های اسکو، تبریز، آذرشهر/محل خدمت خسروشه ر؛ پذیرش دانشجو‌معلم با تعهد خدمت؛ ضوابط بخش فرهنگیان دفترچه,1402-humanities-booklet,140,1402-humanities-booklet,140,کدرشته‌محل منبع: 50016؛ عنوان رشته در منبع: آموزش ابتدایی؛ نحوه پذیرش: با آزمون (بخش دانشجو‌معلم)؛ استان در این ردیف مربوط به بومی‌گزینی/محل خدمت است
1402,آموزش ابتدایی,دانشگاه فرهنگیان,پردیس علامه امینی تبریز,آذربایجان شرقی,در جدول ذکر نشده,,تعهد خدمت,2,مرد,در جدول ذکر نشده,ادامه مخصوص داوطلبان بومی استان آذربایجان شرقی؛ پردیس علامه امینی تبریز/ اولویت پذیرش با داوطلبان بومی شهرستان های اسکو، تبریز، آذرشهر/محل خدمت اسکو؛ پذیرش دانشجو‌معلم با تعهد خدمت؛ ضوابط بخش فرهنگیان دفترچه,1402-humanities-booklet,140,1402-humanities-booklet,140,کدرشته‌محل منبع: 50017؛ عنوان رشته در منبع: آموزش ابتدایی؛ نحوه پذیرش: با آزمون (بخش دانشجو‌معلم)؛ استان در این ردیف مربوط به بومی‌گزینی/محل خدمت است
1402,آموزش ابتدایی,دانشگاه فرهنگیان,پردیس علامه امینی تبریز,آذربایجان شرقی,در جدول ذکر نشده,,تعهد خدمت,2,مرد,در جدول ذکر نشده,ادامه مخصوص داوطلبان بومی استان آذربایجان شرقی؛ پردیس علامه امینی تبریز/ اولویت پذیرش با داوطلبان بومی شهرستان های اسکو، تبریز، آذرشهر/محل خدمت ایل خچی؛ پذیرش دانشجو‌معلم با تعهد خدمت؛ ضوابط بخش فرهنگیان دفترچه,1402-humanities-booklet,140,1402-humanities-booklet,140,کدرشته‌محل منبع: 50018؛ عنوان رشته در منبع: آموزش ابتدایی؛ نحوه پذیرش: با آزمون (بخش دانشجو‌معلم)؛ استان در این ردیف مربوط به بومی‌گزینی/محل خدمت است
1402,آموزش ابتدایی,دانشگاه فرهنگیان,پردیس علامه امینی تبریز,آذربایجان شرقی,در جدول ذکر نشده,,تعهد خدمت,2,مرد,در جدول ذکر نشده,ادامه مخصوص داوطلبان بومی استان آذربایجان شرقی؛ پردیس علامه امینی تبریز/ اولویت پذیرش با داوطلبان بومی شهرستان های اسکو، تبریز، آذرشهر/محل خدمت گوگان؛ پذیرش دانشجو‌معلم با تعهد خدمت؛ ضوابط بخش فرهنگیان دفترچه,1402-humanities-booklet,141,1402-humanities-booklet,141,کدرشته‌محل منبع: 50019؛ عنوان رشته در منبع: آموزش ابتدایی؛ نحوه پذیرش: با آزمون (بخش دانشجو‌معلم)؛ استان در این ردیف مربوط به بومی‌گزینی/محل خدمت است
1402,آموزش ابتدایی,دانشگاه فرهنگیان,پردیس علامه امینی تبریز,آذربایجان شرقی,در جدول ذکر نشده,,تعهد خدمت,3,مرد,در جدول ذکر نشده,ادامه مخصوص داوطلبان بومی استان آذربایجان شرقی؛ پردیس علامه امینی تبریز/ اولویت پذیرش با داوطلبان بومی شهرستان های اسکو، تبریز، آذرشهر/محل خدمت آذرشهر؛ پذیرش دانشجو‌معلم با تعهد خدمت؛ ضوابط بخش فرهنگیان دفترچه,1402-humanities-booklet,141,1402-humanities-booklet,141,کدرشته‌محل منبع: 50020؛ عنوان رشته در منبع: آموزش ابتدایی؛ نحوه پذیرش: با آزمون (بخش دانشجو‌معلم)؛ استان در این ردیف مربوط به بومی‌گزینی/محل خدمت است
1402,آموزش ابتدایی,دانشگاه فرهنگیان,پردیس فاطمه الزهراء)س( تبریز,آذربایجان شرقی,در جدول ذکر نشده,,تعهد خدمت,6,زن,در جدول ذکر نشده,ادامه مخصوص داوطلبان بومی استان آذربایجان شرقی؛ پردیس فاطمه الزهراء)س( تبریز/ اولویت پذیرش با داوطلبان بومی شهرستان های اسکو، تبریز، آذرشهر/محل خدمت اسکو؛ پذیرش دانشجو‌معلم با تعهد خدمت؛ ضوابط بخش فرهنگیان دفترچه,1402-humanities-booklet,141,1402-humanities-booklet,141,کدرشته‌محل منبع: 50021؛ عنوان رشته در منبع: آموزش ابتدایی؛ نحوه پذیرش: با آزمون (بخش دانشجو‌معلم)؛ استان در این ردیف مربوط به بومی‌گزینی/محل خدمت است
1402,آموزش ابتدایی,دانشگاه فرهنگیان,پردیس فاطمه الزهراء)س( تبریز,آذربایجان شرقی,در جدول ذکر نشده,,تعهد خدمت,2,زن,در جدول ذکر نشده,ادامه مخصوص داوطلبان بومی استان آذربایجان شرقی؛ پردیس فاطمه الزهراء)س( تبریز/ اولویت پذیرش با داوطلبان بومی شهرستان های اسکو، تبریز، آذرشهر/محل خدمت ایلخچی؛ پذیرش دانشجو‌معلم با تعهد خدمت؛ ضوابط بخش فرهنگیان دفترچه,1402-humanities-booklet,141,1402-humanities-booklet,141,کدرشته‌محل منبع: 50022؛ عنوان رشته در منبع: آموزش ابتدایی؛ نحوه پذیرش: با آزمون (بخش دانشجو‌معلم)؛ استان در این ردیف مربوط به بومی‌گزینی/محل خدمت است
1402,آموزش ابتدایی,دانشگاه فرهنگیان,پردیس فاطمه الزهراء)س( تبریز,آذربایجان شرقی,در جدول ذکر نشده,,تعهد خدمت,2,زن,در جدول ذکر نشده,ادامه مخصوص داوطلبان بومی استان آذربایجان شرقی؛ پردیس فاطمه الزهراء)س( تبریز/ اولویت پذیرش با داوطلبان بومی شهرستان های اسکو، تبریز، آذرشهر/محل خدمت گوگان؛ پذیرش دانشجو‌معلم با تعهد خدمت؛ ضوابط بخش فرهنگیان دفترچه,1402-humanities-booklet,141,1402-humanities-booklet,141,کدرشته‌محل منبع: 50023؛ عنوان رشته در منبع: آموزش ابتدایی؛ نحوه پذیرش: با آزمون (بخش دانشجو‌معلم)؛ استان در این ردیف مربوط به بومی‌گزینی/محل خدمت است
1402,آموزش ابتدایی,دانشگاه فرهنگیان,پردیس فاطمه الزهراء)س( تبریز,آذربایجان شرقی,در جدول ذکر نشده,,تعهد خدمت,4,زن,در جدول ذکر نشده,ادامه مخصوص داوطلبان بومی استان آذربایجان شرقی؛ پردیس فاطمه الزهراء)س( تبریز/ اولویت پذیرش با داوطلبان بومی شهرستان های اسکو، تبریز، آذرشهر/محل خدمت آذرشهر؛ پذیرش دانشجو‌معلم با تعهد خدمت؛ ضوابط بخش فرهنگیان دفترچه,1402-humanities-booklet,141,1402-humanities-booklet,141,کدرشته‌محل منبع: 50024؛ عنوان رشته در منبع: آموزش ابتدایی؛ نحوه پذیرش: با آزمون (بخش دانشجو‌معلم)؛ استان در این ردیف مربوط به بومی‌گزینی/محل خدمت است
1402,آموزش ابتدایی,دانشگاه فرهنگیان,پردیس فاطمه الزهراء)س( تبریز,آذربایجان شرقی,در جدول ذکر نشده,,تعهد خدمت,1,زن,در جدول ذکر نشده,ادامه مخصوص داوطلبان بومی استان آذربایجان شرقی؛ پردیس فاطمه الزهراء)س( تبریز/ اولویت پذیرش با داوطلبان بومی شهرستان های هشترود، چارا ویماق/محل خدمت هشترود؛ پذیرش دانشجو‌معلم با تعهد خدمت؛ ضوابط بخش فرهنگیان دفترچه,1402-humanities-booklet,141,1402-humanities-booklet,141,کدرشته‌محل منبع: 50025؛ عنوان رشته در منبع: آموزش ابتدایی؛ نحوه پذیرش: با آزمون (بخش دانشجو‌معلم)؛ استان در این ردیف مربوط به بومی‌گزینی/محل خدمت است
1402,آموزش ابتدایی,دانشگاه فرهنگیان,پردیس فاطمه الزهراء)س( تبریز,آذربایجان شرقی,در جدول ذکر نشده,,تعهد خدمت,1,زن,در جدول ذکر نشده,ادامه مخصوص داوطلبان بومی استان آذربایجان شرقی؛ پردیس فاطمه الزهراء)س( تبریز/ اولویت پذیرش با داوطلبان بومی شهرستان های هشترود، چاراویماق/محل خدمت چاراویماق؛ پذیرش دانشجو‌معلم با تعهد خدمت؛ ضوابط بخش فرهنگیان دفترچه,1402-humanities-booklet,141,1402-humanities-booklet,141,کدرشته‌محل منبع: 50026؛ عنوان رشته در منبع: آموزش ابتدایی؛ نحوه پذیرش: با آزمون (بخش دانشجو‌معلم)؛ استان در این ردیف مربوط به بومی‌گزینی/محل خدمت است
1402,آموزش ابتدایی,دانشگاه فرهنگیان,پردیس فاطمه الزهراء)س( تبریز,آذربایجان شرقی,در جدول ذکر نشده,,تعهد خدمت,2,زن,در جدول ذکر نشده,ادامه مخصوص داوطلبان بومی استان آذربایجان شرقی؛ پردیس فاطمه الزهراء)س( تبریز/ اولویت پذیرش با داوطلبان بومی شهرستان ه های شترود، چاراویماق/محل خدمت نظرکهریز؛ پذیرش دانشجو‌معلم با تعهد خدمت؛ ضوابط بخش فرهنگیان دفترچه,1402-humanities-booklet,141,1402-humanities-booklet,141,کدرشته‌محل منبع: 50027؛ عنوان رشته در منبع: آموزش ابتدایی؛ نحوه پذیرش: با آزمون (بخش دانشجو‌معلم)؛ استان در این ردیف مربوط به بومی‌گزینی/محل خدمت است
1402,آموزش ابتدایی,دانشگاه فرهنگیان,پردیس فاطمه الزهراء)س( تبریز,آذربایجان شرقی,در جدول ذکر نشده,,تعهد خدمت,2,زن,در جدول ذکر نشده,ادامه مخصوص داوطلبان بومی استان آذربایجان شرقی؛ پردیس فاطمه الزهراء)س( تبریز/ اولویت پذیرش با داوطلبان بومی شهرستان های اسکو، تبریز، آذرشهر/محل خدمت خسروشهر؛ پذیرش دانشجو‌معلم با تعهد خدمت؛ ضوابط بخش فرهنگیان دفترچه,1402-humanities-booklet,141,1402-humanities-booklet,141,کدرشته‌محل منبع: 50028؛ عنوان رشته در منبع: آموزش ابتدایی؛ نحوه پذیرش: با آزمون (بخش دانشجو‌معلم)؛ استان در این ردیف مربوط به بومی‌گزینی/محل خدمت است
1402,آموزش ابتدایی,دانشگاه فرهنگیان,پردیس فاطمه الزهراء)س( تبریز,آذربایجان شرقی,در جدول ذکر نشده,,تعهد خدمت,2,زن,در جدول ذکر نشده,ادامه مخصوص داوطلبان بومی استان آذربایجان شرقی؛ پردیس فاطمه الزهراء)س( تبریز/ اولویت پذیرش با داوطلبان بومی شهرستان میانه/محل خدمت میانه؛ پذیرش دانشجو‌معلم با تعهد خدمت؛ ضوابط بخش فرهنگیان دفترچه,1402-humanities-booklet,141,1402-humanities-booklet,141,کدرشته‌محل منبع: 50029؛ عنوان رشته در منبع: آموزش ابتدایی؛ نحوه پذیرش: با آزمون (بخش دانشجو‌معلم)؛ استان در این ردیف مربوط به بومی‌گزینی/محل خدمت است
1402,آموزش ابتدایی,دانشگاه فرهنگیان,پردیس فاطمه الزهراء)س( تبریز,آذربایجان شرقی,در جدول ذکر نشده,,تعهد خدمت,2,زن,در جدول ذکر نشده,ادامه مخصوص داوطلبان بومی استان آذربایجان شرقی؛ پردیس فاطمه الزهراء)س( تبریز/ اولویت پذیرش با داوطلبان بومی شهرستان میانه/محل خدمت کاغذکنان؛ پذیرش دانشجو‌معلم با تعهد خدمت؛ ضوابط بخش فرهنگیان دفترچه,1402-humanities-booklet,141,1402-humanities-booklet,141,کدرشته‌محل منبع: 50030؛ عنوان رشته در منبع: آموزش ابتدایی؛ نحوه پذیرش: با آزمون (بخش دانشجو‌معلم)؛ استان در این ردیف مربوط به بومی‌گزینی/محل خدمت است
1402,آموزش ابتدایی,دانشگاه فرهنگیان,پردیس فاطمه الزهراء)س( تبریز,آذربایجان شرقی,در جدول ذکر نشده,,تعهد خدمت,1,زن,در جدول ذکر نشده,ادامه مخصوص داوطلبان بومی استان آذربایجان شرقی؛ پردیس فاطمه الزهراء)س( تبریز/ اولویت پذیرش با داوطلبان بومی شهرستان میانه/محل خدمت ترکمانچای؛ پذیرش دانشجو‌معلم با تعهد خدمت؛ ضوابط بخش فرهنگیان دفترچه,1402-humanities-booklet,141,1402-humanities-booklet,141,کدرشته‌محل منبع: 50031؛ عنوان رشته در منبع: آموزش ابتدایی؛ نحوه پذیرش: با آزمون (بخش دانشجو‌معلم)؛ استان در این ردیف مربوط به بومی‌گزینی/محل خدمت است
1402,آموزش ابتدایی,دانشگاه فرهنگیان,پردیس فاطمه الزهراء)س( تبریز,آذربایجان شرقی,در جدول ذکر نشده,,تعهد خدمت,2,زن,در جدول ذکر نشده,ادامه مخصوص داوطلبان بومی استان آذربایجان شرقی؛ پردیس فاطمه الزهراء)س( تبریز/ اولویت پذیرش با داوطلبان بومی شهرستان میانه/محل خدمت کندوان؛ پذیرش دانشجو‌معلم با تعهد خدمت؛ ضوابط بخش فرهنگیان دفترچه,1402-humanities-booklet,141,1402-humanities-booklet,141,کدرشته‌محل منبع: 50032؛ عنوان رشته در منبع: آموزش ابتدایی؛ نحوه پذیرش: با آزمون (بخش دانشجو‌معلم)؛ استان در این ردیف مربوط به بومی‌گزینی/محل خدمت است
1402,آموزش ابتدایی,دانشگاه فرهنگیان,پردیس فاطمه الزهراء)س( تبریز,آذربایجان شرقی,در جدول ذکر نشده,,تعهد خدمت,4,زن,در جدول ذکر نشده,ادامه مخصوص داوطلبان بومی استان آذربایجان شرقی؛ پردیس فاطمه الزهراء)س( تبریز/ اولویت پذیرش با داوطلبان بومی شهرستان های بستان،آباد، سراب هریس/محل خدمت سراب؛ پذیرش دانشجو‌معلم با تعهد خدمت؛ ضوابط بخش فرهنگیان دفترچه,1402-humanities-booklet,141,1402-humanities-booklet,141,کدرشته‌محل منبع: 50033؛ عنوان رشته در منبع: آموزش ابتدایی؛ نحوه پذیرش: با آزمون (بخش دانشجو‌معلم)؛ استان در این ردیف مربوط به بومی‌گزینی/محل خدمت است
1402,آموزش ابتدایی,دانشگاه فرهنگیان,پردیس فاطمه الزهراء)س( تبریز,آذربایجان شرقی,در جدول ذکر نشده,,تعهد خدمت,2,زن,در جدول ذکر نشده,ادامه مخصوص داوطلبان بومی استان آذربایجان شرقی؛ پردیس فاطمه الزهراء)س( تبریز/ اولویت پذیرش با داوطلبان بومی شهرستان های بستان،آباد، سراب هریس/محل خدمت بستان آباد؛ پذیرش دانشجو‌معلم با تعهد خدمت؛ ضوابط بخش فرهنگیان دفترچه,1402-humanities-booklet,141,1402-humanities-booklet,141,کدرشته‌محل منبع: 50034؛ عنوان رشته در منبع: آموزش ابتدایی؛ نحوه پذیرش: با آزمون (بخش دانشجو‌معلم)؛ استان در این ردیف مربوط به بومی‌گزینی/محل خدمت است
1402,آموزش ابتدایی,دانشگاه فرهنگیان,پردیس فاطمه الزهراء)س( تبریز,آذربایجان شرقی,در جدول ذکر نشده,,تعهد خدمت,2,زن,در جدول ذکر نشده,ادامه مخصوص داوطلبان بومی استان آذربایجان شرقی؛ پردیس فاطمه الزهراء)س( تبریز/ اولویت پذیرش با داوطلبان بومی شهرستان های بستان آباد، ،سراب هریس/محل خدمت مهربان؛ پذیرش دانشجو‌معلم با تعهد خدمت؛ ضوابط بخش فرهنگیان دفترچه,1402-humanities-booklet,141,1402-humanities-booklet,141,کدرشته‌محل منبع: 50035؛ عنوان رشته در منبع: آموزش ابتدایی؛ نحوه پذیرش: با آزمون (بخش دانشجو‌معلم)؛ استان در این ردیف مربوط به بومی‌گزینی/محل خدمت است
1402,آموزش ابتدایی,دانشگاه فرهنگیان,پردیس فاطمه الزهراء)س( تبریز,آذربایجان شرقی,در جدول ذکر نشده,,تعهد خدمت,2,زن,در جدول ذکر نشده,ادامه مخصوص داوطلبان بومی استان آذربایجان شرقی؛ پردیس فاطمه الزهراء)س( تبریز/ اولویت پذیرش با داوطلبان بومی شهرستان های بستان،آباد، سراب هریس/محل خدمت تیکمه داش؛ پذیرش دانشجو‌معلم با تعهد خدمت؛ ضوابط بخش فرهنگیان دفترچه,1402-humanities-booklet,141,1402-humanities-booklet,141,کدرشته‌محل منبع: 50036؛ عنوان رشته در منبع: آموزش ابتدایی؛ نحوه پذیرش: با آزمون (بخش دانشجو‌معلم)؛ استان در این ردیف مربوط به بومی‌گزینی/محل خدمت است
1402,آموزش ابتدایی,دانشگاه فرهنگیان,پردیس فاطمه الزهراء)س( تبریز,آذربایجان شرقی,در جدول ذکر نشده,,تعهد خدمت,8,زن,در جدول ذکر نشده,ادامه مخصوص داوطلبان بومی استان آذربایجان شرقی؛ پردیس فاطمه الزهراء)س( تبریز/ مخصوص داوطلبان بومی استان آذربایج ان شرقی/محل خدمت تبریز.ناحیه4؛ پذیرش دانشجو‌معلم با تعهد خدمت؛ ضوابط بخش فرهنگیان دفترچه,1402-humanities-booklet,141,1402-humanities-booklet,141,کدرشته‌محل منبع: 50037؛ عنوان رشته در منبع: آموزش ابتدایی؛ نحوه پذیرش: با آزمون (بخش دانشجو‌معلم)؛ استان در این ردیف مربوط به بومی‌گزینی/محل خدمت است
1402,آموزش ابتدایی,دانشگاه فرهنگیان,پردیس فاطمه الزهراء)س( تبریز,آذربایجان شرقی,در جدول ذکر نشده,,تعهد خدمت,8,زن,در جدول ذکر نشده,ادامه مخصوص داوطلبان بومی استان آذربایجان شرقی؛ پردیس فاطمه الزهراء)س( تبریز/ مخصوص داوطلبان بومی استان آذربایجان شرقی/محل خدمت تبریز.ناحیه3؛ پذیرش دانشجو‌معلم با تعهد خدمت؛ ضوابط بخش فرهنگیان دفترچه,1402-humanities-booklet,141,1402-humanities-booklet,141,کدرشته‌محل منبع: 50038؛ عنوان رشته در منبع: آموزش ابتدایی؛ نحوه پذیرش: با آزمون (بخش دانشجو‌معلم)؛ استان در این ردیف مربوط به بومی‌گزینی/محل خدمت است
1402,آموزش ابتدایی,دانشگاه فرهنگیان,پردیس فاطمه الزهراء)س( تبریز,آذربایجان شرقی,در جدول ذکر نشده,,تعهد خدمت,8,زن,در جدول ذکر نشده,ادامه مخصوص داوطلبان بومی استان آذربایجان شرقی؛ پردیس فاطمه الزهراء)س( تبریز/ مخصوص داوطلبان بومی استان آذربایجان شرقی/محل خدمت تبریز.ناحیه1؛ پذیرش دانشجو‌معلم با تعهد خدمت؛ ضوابط بخش فرهنگیان دفترچه,1402-humanities-booklet,141,1402-humanities-booklet,141,کدرشته‌محل منبع: 50039؛ عنوان رشته در منبع: آموزش ابتدایی؛ نحوه پذیرش: با آزمون (بخش دانشجو‌معلم)؛ استان در این ردیف مربوط به بومی‌گزینی/محل خدمت است
1402,آموزش ابتدایی,دانشگاه فرهنگیان,پردیس فاطمه الزهراء)س( تبریز,آذربایجان شرقی,در جدول ذکر نشده,,تعهد خدمت,6,زن,در جدول ذکر نشده,ادامه مخصوص داوطلبان بومی استان آذربایجان شرقی؛ پردیس فاطمه الزهراء)س( تبریز/ مخصوص داوطلبان بومی استان آذربایجان شرقی/محل خدمت تبریز.ناحیه2؛ پذیرش دانشجو‌معلم با تعهد خدمت؛ ضوابط بخش فرهنگیان دفترچه,1402-humanities-booklet,141,1402-humanities-booklet,141,کدرشته‌محل منبع: 50040؛ عنوان رشته در منبع: آموزش ابتدایی؛ نحوه پذیرش: با آزمون (بخش دانشجو‌معلم)؛ استان در این ردیف مربوط به بومی‌گزینی/محل خدمت است
1402,آموزش ابتدایی,دانشگاه فرهنگیان,پردیس فاطمه الزهراء)س( تبریز,آذربایجان شرقی,در جدول ذکر نشده,,تعهد خدمت,6,زن,در جدول ذکر نشده,ادامه مخصوص داوطلبان بومی استان آذربایجان شرقی؛ پردیس فاطمه الزهراء)س( تبریز/ مخصوص داوطلبان بومی استان آذربایجان شرقی/محل خدمت تبریز.ناحیه5؛ پذیرش دانشجو‌معلم با تعهد خدمت؛ ضوابط بخش فرهنگیان دفترچه,1402-humanities-booklet,141,1402-humanities-booklet,141,کدرشته‌محل منبع: 50041؛ عنوان رشته در منبع: آموزش ابتدایی؛ نحوه پذیرش: با آزمون (بخش دانشجو‌معلم)؛ استان در این ردیف مربوط به بومی‌گزینی/محل خدمت است
1402,آموزش ابتدایی,دانشگاه فرهنگیان,پردیس فاطمه الزهراء)س( تبریز,آذربایجان شرقی,در جدول ذکر نشده,,تعهد خدمت,2,زن,در جدول ذکر نشده,ادامه مخصوص داوطلبان بومی استان آذربایجان شرقی؛ پردیس فاطمه الزهراء)س( تبریز/ اولویت پذیرش با داوطلبان بومی شهرستان های مراغه، عجب شیر، بناب، ملکان، هشترود/محل خدمت مراغه؛ پذیرش دانشجو‌معلم با تعهد خدمت؛ ضوابط بخش فرهنگیان دفترچه,1402-humanities-booklet,141,1402-humanities-booklet,141,کدرشته‌محل منبع: 50042؛ عنوان رشته در منبع: آموزش ابتدایی؛ نحوه پذیرش: با آزمون (بخش دانشجو‌معلم)؛ استان در این ردیف مربوط به بومی‌گزینی/محل خدمت است
1402,آموزش ابتدایی,دانشگاه فرهنگیان,پردیس فاطمه الزهراء)س( تبریز,آذربایجان شرقی,در جدول ذکر نشده,,تعهد خدمت,2,زن,در جدول ذکر نشده,ادامه مخصوص داوطلبان بومی استان آذربایجان شرقی؛ پردیس فاطمه الزهراء)س( تبریز/ اولویت پذیرش با داوطلبان بومی شهرستان های مراغه، عجب شیر، بناب، ملکان، هشترود/محل خدمت عجب شیر؛ پذیرش دانشجو‌معلم با تعهد خدمت؛ ضوابط بخش فرهنگیان دفترچه,1402-humanities-booklet,141,1402-humanities-booklet,141,کدرشته‌محل منبع: 50043؛ عنوان رشته در منبع: آموزش ابتدایی؛ نحوه پذیرش: با آزمون (بخش دانشجو‌معلم)؛ استان در این ردیف مربوط به بومی‌گزینی/محل خدمت است
1402,آموزش ابتدایی,دانشگاه فرهنگیان,پردیس فاطمه الزهراء)س( تبریز,آذربایجان شرقی,در جدول ذکر نشده,,تعهد خدمت,4,زن,در جدول ذکر نشده,ادامه مخصوص داوطلبان بومی استان آذربایجان شرقی؛ پردیس فاطمه الزهراء)س( تبریز/ اولویت پذیرش با داوطلبان بومی شهرستان های مراغه، عجب شیر، بناب، ملکان، هشترود/محل خدمت بناب؛ پذیرش دانشجو‌معلم با تعهد خدمت؛ ضوابط بخش فرهنگیان دفترچه,1402-humanities-booklet,141,1402-humanities-booklet,141,کدرشته‌محل منبع: 50044؛ عنوان رشته در منبع: آموزش ابتدایی؛ نحوه پذیرش: با آزمون (بخش دانشجو‌معلم)؛ استان در این ردیف مربوط به بومی‌گزینی/محل خدمت است
1402,آموزش ابتدایی,دانشگاه فرهنگیان,پردیس فاطمه الزهراء)س( تبریز,آذربایجان شرقی,در جدول ذکر نشده,,تعهد خدمت,2,زن,در جدول ذکر نشده,ادامه مخصوص داوطلبان بومی استان آذربایجان شرقی؛ پردیس فاطمه الزهراء)س( تبریز/ اولویت پذ یرش با داوطلبان بومی شهرستان های مراغه، عجب شیر، بناب، ملکان، هشترود/محل خدمت ملکان؛ پذیرش دانشجو‌معلم با تعهد خدمت؛ ضوابط بخش فرهنگیان دفترچه,1402-humanities-booklet,141,1402-humanities-booklet,141,کدرشته‌محل منبع: 50045؛ عنوان رشته در منبع: آموزش ابتدایی؛ نحوه پذیرش: با آزمون (بخش دانشجو‌معلم)؛ استان در این ردیف مربوط به بومی‌گزینی/محل خدمت است
1402,آموزش ابتدایی,دانشگاه فرهنگیان,,آذربایجان شرقی,در جدول ذکر نشده,,تعهد خدمت,1,زن,در جدول ذکر نشده,ادامه مخصوص داوطلبان بومی استان آذربایجان شرقی؛ /پردیس فاطمه الزهراء)س( تبریز اولویت پذیرش با داوطلبان بومی شهرستان ،های وزرقان، اهر هوراند/محل خدمت خاروانا؛ پذیرش دانشجو‌معلم با تعهد خدمت؛ ضوابط بخش فرهنگیان دفترچه,1402-humanities-booklet,142,1402-humanities-booklet,142,کدرشته‌محل منبع: 50046؛ عنوان رشته در منبع: آموزش ابتدایی؛ نحوه پذیرش: با آزمون (بخش دانشجو‌معلم)؛ استان در این ردیف مربوط به بومی‌گزینی/محل خدمت است
1402,آموزش ابتدایی,دانشگاه فرهنگیان,پردیس فاطمه الزهراء)س( تبریز,آذربایجان شرقی,در جدول ذکر نشده,,تعهد خدمت,2,زن,در جدول ذکر نشده,ادامه مخصوص داوطلبان بومی استان آذربایجان شرقی؛ پردیس فاطمه الزهراء)س( تبریز/ اولویت پذیرش با داوطلبان بومی شهرستان های هریس، وزرقان، اهر، هوراند/محل خدمت ورزقان؛ پذیرش دانشجو‌معلم با تعهد خدمت؛ ضوابط بخش فرهنگیان دفترچه,1402-humanities-booklet,142,1402-humanities-booklet,142,کدرشته‌محل منبع: 50047؛ عنوان رشته در منبع: آموزش ابتدایی؛ نحوه پذیرش: با آزمون (بخش دانشجو‌معلم)؛ استان در این ردیف مربوط به بومی‌گزینی/محل خدمت است
1402,آموزش ابتدایی,دانشگاه فرهنگیان,پردیس فاطم ه الزهراء)س( تبریز,آذربایجان شرقی,در جدول ذکر نشده,,تعهد خدمت,1,زن,در جدول ذکر نشده,ادامه مخصوص داوطلبان بومی استان آذربایجان شرقی؛ پردیس فاطم ه الزهراء)س( تبریز/ اولویت پذیرش با داوطلبان بومی شهرستان ،های هریس، وزرقان اهر، هوراند/محل خدمت خواجه؛ پذیرش دانشجو‌معلم با تعهد خدمت؛ ضوابط بخش فرهنگیان دفترچه,1402-humanities-booklet,142,1402-humanities-booklet,142,کدرشته‌محل منبع: 50048؛ عنوان رشته در منبع: آموزش ابتدایی؛ نحوه پذیرش: با آزمون (بخش دانشجو‌معلم)؛ استان در این ردیف مربوط به بومی‌گزینی/محل خدمت است
1402,آموزش ابتدایی,دانشگاه فرهنگیان,پردیس فاطمه الزهراء)س( تبریز,آذربایجان شرقی,در جدول ذکر نشده,,تعهد خدمت,2,زن,در جدول ذکر نشده,ادامه مخصوص داوطلبان بومی استان آذربایجان شرقی؛ پردیس فاطمه الزهراء)س( تبریز/ اولویت پذیرش با داوطلبان بومی شهرستان های هریس، وزرقان، اهر، هوراند/محل خدمت هریس؛ پذیرش دانشجو‌معلم با تعهد خدمت؛ ضوابط بخش فرهنگیان دفترچه,1402-humanities-booklet,142,1402-humanities-booklet,142,کدرشته‌محل منبع: 50049؛ عنوان رشته در منبع: آموزش ابتد ایی؛ نحوه پذیرش: با آزمون (بخش دانشجو‌معلم)؛ استان در این ردیف مربوط به بومی‌گزینی/محل خدمت است
1402,آموزش ابتدایی,دانشگاه فرهنگیان,پردیس فاطمه الزهراء)س( تبریز,آذربایجان شرقی,در جدول ذکر نشده,,تعهد خدمت,2,زن,در جدول ذکر نشده,ادامه مخصوص داوطلبان بومی استان آذربایجان شرقی؛ پردیس فاطمه الزهراء)س( تبریز/ اولویت پذیرش با داوطلبان بومی شهرستان های خداآفرین، کلیبر/محل خدمت کلیبر؛ پذیرش دانشجو‌معلم با تعهد خدمت؛ ضوابط بخش فرهنگیان دفترچه,1402-humanities-booklet,142,1402-humanities-booklet,142,کدرشته‌محل منبع: 50050؛ عنوان رشته در منبع: آموزش ابتدایی؛ نحوه پذیرش: با آزمون (بخش دانشجو‌معلم)؛ استان در این ردیف مربوط به بومی‌گزینی/محل خدمت است
1402,آموزش ابتدایی,دانشگاه فرهنگیان,پردیس فاطمه الزهراء)س( تبریز,آذربایجان شرقی,در جدول ذکر نشده,,تعهد خدمت,1,زن,در جدول ذکر نشده,ادامه مخصوص داوطلبان بومی استان آذربایجان شرقی؛ پردیس فاطمه الزهراء)س( تبریز/ اولویت پذیرش با داوطلبان بومی شهرستان های خداآفرین، کلیبر/محل خدمت خداآفرین؛ پذیرش دانشجو‌معلم با تعهد خدمت؛ ضوابط بخش فرهنگیان دفترچه,1402-humanities-booklet,142,1402-humanities-booklet,142,کدرشته‌محل منبع: 50051؛ عنوان رشته در منبع: آموزش ابتدایی؛ نحوه پذیرش: با آزمون (بخش دانشجو‌معلم)؛ استان در این ردیف مربوط به بومی‌گزینی/محل خدمت است
1402,آموزش ابتدایی,دانشگاه فرهنگیان,پردیس فاطمه الزهراء)س( تبریز,آذربایجان شرقی,در جدول ذکر نشده,,تعهد خدمت,1,زن,در جدول ذکر نشده,ادامه مخصوص داوطلبان بومی استان آذربایجان شرقی؛ پردیس فاطمه الزهراء)س( تبریز/ اولویت پذیرش با داوطلبان بومی بخش های شهرستان های اهر، هوراند، کلیبر، خداآفرین)به غیراز بخش مرکزی شهرستان ها(/محل خدمت عشایری آذربایجان شرقی؛ پذیرش دانشجو‌معلم با تعهد خدمت؛ ضوابط بخش فرهنگیان دفترچه,1402-humanities-booklet,142,1402-humanities-booklet,142,کدرشته‌محل منبع: 50052؛ عنوان رشته در منبع: آموزش ابتدایی؛ نحوه پذیرش: با آزمون (بخش دانشجو‌معلم)؛ استان در این ردیف مربوط به بومی‌گزینی/محل خدمت است
1402,آموزش ابتدایی,دانشگاه فرهنگیان,پردیس فاطمه الزهراء)س( تبریز,آذربایجان شرقی,در جدول ذکر نشده,,تعهد خدمت,4,زن,در جدول ذکر نشده,ادامه مخصوص داوطلبان بومی استان آذربایجان شرقی؛ پردیس فاطمه الزهراء)س( تبریز/ اولویت پذیرش با داوطلبان بومی شهرستان های اهر، هوراند، کلیبر، خداآفرین/محل خدمت اهر؛ پذیرش دانشجو‌معلم با تعهد خدمت؛ ضوابط بخش فرهنگیان دفترچه,1402-humanities-booklet,142,1402-humanities-booklet,142,کدرشته‌محل منبع: 50053؛ عنوان رشته در منبع: آموزش ابتدایی؛ نحوه پذیرش: با آزمون (بخش دانشجو‌معلم)؛ استان در این ردیف مربوط به بومی‌گزینی/محل خدمت است
1402,آموزش ابتدایی,دانشگاه فرهنگیان,پردیس فاطمه الزهراء)س( تبریز,آذربایجان شرقی,در جدول ذکر نشده,,تعهد خدمت,2,زن,در جدول ذکر نشده,ادامه مخصوص داوطلبان بومی استان آذربایجان شرقی؛ پردیس فاطمه الزهراء)س( تبریز/ اولویت پذیرش با داوطلبان بومی شهرستان های اهر، هوراند، کلیبر، خداآفرین/محل خدمت هوراند؛ پذیرش دانشجو‌معلم با تعهد خدمت؛ ضوابط بخش فرهنگیان دفترچه,1402-humanities-booklet,142,1402-humanities-booklet,142,کدرشته‌محل منبع: 50054؛ عنوان رشته در منبع: آموزش ابتدایی؛ نحوه پذیرش: با آزمون (بخش دانشجو‌معلم)؛ استان در این ردیف مربوط به بومی‌گزینی/محل خدمت است
1402,آموزش ابتدایی,دانشگاه فرهنگیان,پردیس فاطمه الزه راء)س( تبریز,آذربایجان شرقی,در جدول ذکر نشده,,تعهد خدمت,4,زن,در جدول ذکر نشده,ادامه مخصوص داوطلبان بومی استان آذربایجان شرقی؛ پردیس فاطمه الزه راء)س( تبریز/ اولویت پذیرش با داوطلبان بومی شهرستان های شبستر، مرند، جلفا/محل خدمت مرند؛ پذیرش دانشجو‌معلم با تعهد خدمت؛ ضوابط بخش فرهنگیان دفترچه,1402-humanities-booklet,142,1402-humanities-booklet,142,کدرشته‌محل منبع: 50055؛ عنوان رشته در منبع: آموزش ابتدایی؛ نحوه پذیرش: با آزمون (بخش دانشجو‌معلم)؛ استان در این ردیف مربوط به بومی‌گزینی/محل خدمت است
1402,آموزش ابتدایی,دانشگاه فرهنگیان,پردیس فاطمه الزهراء)س( تبریز,آذربایجان شرقی,در جدول ذکر نشده,,تعهد خدمت,1,زن,در جدول ذکر نشده,ادامه مخصوص داوطلبان بومی استان آذربایجان شرقی؛ پردیس فاطمه الزهراء)س( تبریز/ اولویت پذیرش با داوطلبان بومی شهرستان های شبستر، مرند، جلفا/محل خدمت جلفا؛ پذیرش دانشجو‌معلم با تعهد خدمت؛ ضوابط بخش فرهنگیان دفترچه,1402-humanities-booklet,142,1402-humanities-booklet,142,کدرشته‌محل منبع: 50056؛ عنوان رشته در منبع: آموزش ابتدایی؛ نحوه پذیرش: با آزمون (بخش دانشجو‌معلم)؛ استان در این ردیف مربوط به بومی‌گزینی/محل خدمت است
1402,آموزش ابتدایی,دانشگاه فرهنگیان,پردیس فاطمه الزهراء)س( تبریز,آذربایجان شرقی,در جدول ذکر نشده,,تعهد خدمت,6,زن,در جدول ذکر نشده,ادامه مخصوص داوطلبان بومی استان آذربایجان شرقی؛ پردیس فاطمه الزهراء)س( تبریز/ اولویت پذیرش با داوطلبان بومی شهرستان ،های شبستر، مرند جلفا/محل خدمت شبستر؛ پذیرش دانشجو‌معلم با تعهد خدمت؛ ضوابط بخش فرهنگیان دفترچه,1402-humanities-booklet,142,1402-humanities-booklet,142,کدرشته‌محل منبع: 50057؛ عنوان رشته در منبع: آموزش ابتدایی؛ نحوه پذیرش: با آزمون (بخش دانشجو‌معلم)؛ استان در این ردیف مربوط به بومی‌گزینی/محل خدمت است
1402,آموزش ابتدایی,دانشگاه فرهنگیان,پردیس فاطمه الزهراء)س( تبریز,آذربایجان شرقی,در جدول ذکر نشده,,تعهد خدمت,2,زن,در جدول ذکر نشده,ادامه مخصوص داوطلبان بومی استان آذربایجان شرقی؛ پردیس فاطمه الزهراء)س( تبریز/ اولویت پذیرش با داوطلبان بومی شهرستان های شبستر، مرند، جلفا/محل خدمت تسوج؛ پذیرش دانشجو‌معلم با تعهد خدمت؛ ضوابط بخش فرهنگیان دفترچه,1402-humanities-booklet,142,1402-humanities-booklet,142,کدرشته‌محل منبع: 50058؛ عنوان رشته در منبع: آموزش ابتدایی؛ نحوه پذیرش: با آزمون (بخش دانشجو‌معلم)؛ استان در این ردیف مربوط به بومی‌گزینی/محل خدمت است
1402,آموزش ابتدایی,دانشگاه فرهنگیان,ف پردیس اطمه الزهراء)س( تبریز,آذربایجان شرقی,در جدول ذکر نشده,,تعهد خدمت,1,زن,در جدول ذکر نشده,ادامه مخصوص داوطلبان بومی استان آذربایجان شرقی؛ ف پردیس اطمه الزهراء)س( تبریز/ اولویت پذیرش با داوطلبان بومی شهرستان ،های شبستر، مرند جلفا/محل خدمت صوفیان؛ پذیرش دانشجو‌معلم با تعهد خدمت؛ ضوابط بخش فرهنگیان دفترچه,1402-humanities-booklet,142,1402-humanities-booklet,142,کدرشته‌محل منبع: 50059؛ عنوان رشته در منبع: آموزش ابتدایی؛ نحوه پذیرش: با آزمون (بخش دانشجو‌معلم)؛ استان در این ردیف مربوط به بومی‌گزینی/محل خدمت است
1402,آموزش ابتدایی,دانشگاه فرهنگیان,پردیس شهید رجایی ارومیه,آذربایجان غربی,در جدول ذکر نشده,,تعهد خدمت,7,مرد,در جدول ذکر نشده,ادامه مخصوص داوطلبان بومی استان آذربایجان غربی؛ پردیس شهید رجایی ارومیه/ اولویت پذیرش با داوطلبان بومی شهرستان ارومیه/محل خدمت انزل؛ پذیرش دانشجو‌معلم با تعهد خدمت؛ ضوابط بخش فرهنگیان دفترچه,1402-humanities-booklet,153,1402-humanities-booklet,153,کدرشته‌محل منبع: 50113؛ عنوان رشته در منبع: آموزش ابتدایی؛ نحوه پذیرش: با آزمون (بخش دانشجو‌معلم)؛ استان در این ردیف مربوط به بومی‌گزینی/محل خدمت است
1402,آموزش ابتدایی,دانشگاه فرهنگیان,پردیس شهید رجایی ارومیه,آذربایجان غربی,در جدول ذکر نشده,,تعهد خدمت,16,مرد,در جدول ذکر نشده,ادامه مخصوص داوطلبان بومی استان آذربایجان غربی؛ پردیس شهید رجایی ارومیه/ اولویت پذیرش با داوطلبان بومی شهرستان ارومیه/محل خدمت سیلوانا؛ پذیرش دانشجو‌معلم با تعهد خدمت؛ ضوابط بخش فرهنگیان دفترچه,1402-humanities-booklet,153,1402-humanities-booklet,153,کدرشته‌محل منبع: 50114؛ عنوان رشته در منبع: آموزش ابتدایی؛ نحوه پذیرش: با آزمون (بخش دانشجو‌معلم)؛ استان در این ردیف مربوط به بومی‌گزینی/محل خدمت است
1402,آموزش ابتدایی,دانشگاه فرهنگیان,پردیس شهید رجایی ارومیه,آذربایجان غربی,در جدول ذکر نشده,,تعهد خدمت,8,مرد,در جدول ذکر نشده,ادامه مخصوص داوطلبان بومی استان آذربایجان غربی؛ پردیس شهید رجایی ارومیه/ اولویت پذیرش با داوطلبان بومی شهرستان ارومیه/محل خدمت صومای برادوست؛ پذیرش دانشجو‌معلم با تعهد خدمت؛ ضوابط بخش فرهنگیان دفترچه,1402-humanities-booklet,154,1402-humanities-booklet,154,کدرشته‌محل منبع: 50115؛ عنوان رشته در منبع: آموزش ابتدایی؛ نحوه پذیرش: با آزمون (بخش دانشجو‌معلم)؛ استان در این ردیف مربوط به بومی‌گزینی/محل خدمت است
1402,آموزش ابتدایی,دانشگاه فرهنگیان,ن پردیس شهید رجایی ارومیه,آذربایجان غربی,در جدول ذکر نشده,,تعهد خدمت,8,مرد,در جدول ذکر نشده,ادامه مخصوص داوطلبان بومی استان آذربایجان غربی؛ ن پردیس شهید رجایی ارومیه/ اولویت پذیرش با داوطلبان بومی شهرستان ارومیه/محل خدمت ازلو؛ پذیرش دانشجو‌معلم با تعهد خدمت؛ ضوابط بخش فرهنگیان دفترچه,1402-humanities-booklet,154,1402-humanities-booklet,154,کدرشته‌محل منبع: 50116؛ عنوان رشته در منبع: آموزش ابتدایی؛ نحوه پذیرش: با آزمون (بخش دانشجو‌معلم)؛ استان در این ردیف مربوط به بومی‌گزینی/محل خدمت است
1402,آموزش ابتدایی,دانشگاه فرهنگیان,پردیس شهید رجایی ارومیه )ساختمان شماره دو میاندواب(,آذربایجان غربی,در جدول ذکر نشده,,تعهد خدمت,3,مرد,در جدول ذکر نشده,ادامه مخصوص داوطلبان بومی استان آذربایجان غربی؛ پردیس شهید رجایی ارومیه )ساختمان شماره دو میاندواب(/ اولویت پذیرش با داوطلبان بومی شهرستان بوکان/محل خدمت بوکان؛ پذیرش دانشجو‌معلم با تعهد خدمت؛ ضوابط بخش فرهنگیان دفترچه,1402-humanities-booklet,154,1402-humanities-booklet,154,کدرشته‌محل منبع: 50117؛ عنوان رشته در منبع: آموزش ابتدایی؛ نحوه پذیرش: با آزمون (بخش دانشجو‌معلم)؛ استان در این ردیف مربوط به بومی‌گزینی/محل خدمت است
1402,آموزش ابتدایی,دانشگاه فرهنگیان,پردیس شهید رجایی ارومیه )مرکز آموزش عالی امام خمینی )ره( سلماس(,آذربایجان غربی,در جدول ذکر نشده,,تعهد خدمت,1,مرد,در جدول ذکر نشده,ادامه مخصوص داوطلبان بومی استان آذربایجان غربی؛ پردیس شهید رجایی ارومیه )مرکز آموزش عالی امام خمینی )ره( سلماس(/ اولویت پذیرش با داوط لبان بومی شهرستان های ماکو، پلدشت، شوط، چالدران/محل خدمت پلدشت؛ پذیرش دانشجو‌معلم با تعهد خدمت؛ ضوابط بخش فرهنگیان دفترچه,1402-humanities-booklet,154,1402-humanities-booklet,154,کدرشته‌محل منبع: 50118؛ عنوان رشته در منبع: آموزش ابتدایی؛ نحوه پذیرش: با آزمون (بخش دانشجو‌معلم)؛ استان در این ردیف مربوط به بومی‌گزینی/محل خدمت است
1402,آموزش ابتدایی,دانشگاه فرهنگیان,پردیس شهید رجایی ارومیه )مرکز آموزش عالی امام خمینی )ره( سلماس(,آذربایجان غربی,در جدول ذکر نشده,,تعهد خدمت,1,مرد,در جدول ذکر نشده,ادامه مخصوص داوطلبان بومی استان آذربایجان غربی؛ پردیس شهید رجایی ارومیه )مرکز آموزش عالی امام خمینی )ره( سلماس(/ اولویت پذیرش با داوطلبان بومی شهرستان های ماکو، پلدشت، شوط، چالدران/محل خدمت چالدران؛ پذیرش دانشجو‌معلم با تعهد خدمت؛ ضوابط بخش فرهنگیان دفترچه,1402-humanities-booklet,154,1402-humanities-booklet,154,کدرشته‌محل منبع: 50119؛ عنوان رشته در منبع: آموزش ابتد ایی؛ نحوه پذیرش: با آزمون (بخش دانشجو‌معلم)؛ استان در این ردیف مربوط به بومی‌گزینی/محل خدمت است
1402,آموزش ابتدایی,دانشگاه فرهنگیان,پردیس شهید رجایی ارومیه )مرکز آموزش عالی امام خمینی )ره( سلماس(,آذربایجان غربی,در جدول ذکر نشده,,تعهد خدمت,1,مرد,در جدول ذکر نشده,ادامه مخصوص داوطلبان بومی استان آذربایجان غربی؛ پردیس شهید رجایی ارومیه )مرکز آموزش عالی امام خمینی )ره( سلماس(/ اولویت پذیرش با داوطلبان بومی شهرستان های ماکو، پلدشت، شوط، چالدران/محل خدمت شوط؛ پذیرش دانشجو‌معلم با تعهد خدمت؛ ضوابط بخش فرهنگیان دفترچه,1402-humanities-booklet,154,1402-humanities-booklet,154,کدرشته‌محل منبع: 50120؛ عنوان رشته در منبع: آموزش ابتدایی؛ نحوه پذیرش: با آزمون (بخش دانشجو‌معلم)؛ استان در این ردیف مربوط به بومی‌گزینی/محل خدمت است
1402,آموزش ابتدایی,دانشگاه فرهنگیان,پردیس شهید رجایی ارومیه )مرکز آموزش عالی امام خمینی )ره( سلماس(,آذربایجان غربی,در جدول ذکر نشده,,تعهد خدمت,2,مرد,در جدول ذکر نشده,ادامه مخصوص داوطلبان بومی استان آذربایجان غربی؛ پردیس شهید رجایی ارومیه )مرکز آموزش عالی امام خمینی )ره( سلماس(/ اولویت پذیرش با داوطلبان بومی شهرستان های ماکو، پلدشت، شوط، چالدران/محل خدمت ماکو؛ پذیرش دانشجو‌معلم با تعهد خدمت؛ ضوابط بخش فرهنگیان دفترچه,1402-humanities-booklet,154,1402-humanities-booklet,154,کدرشته‌محل منبع: 50121؛ عنوان رشته در منبع: آموزش ابتدایی؛ نحوه پذیرش: با آزمون (بخش دانشجو‌معلم)؛ استان در این ردیف مربوط به بومی‌گزینی/محل خدمت است
1402,آموزش ابتدایی,دانشگاه فرهنگیان,پردیس شهید رجایی ارومیه )ساختمان شماره دو میاندواب(,آذربایجان غربی,در جدول ذکر نشده,,تعهد خدمت,3,مرد,در جدول ذکر نشده,ادامه مخصوص داوطلبان بومی استان آذربایجان غربی؛ پردیس شهید رجایی ارومیه )ساختمان شماره دو میاندواب(/ اولویت پذیرش با داوطلبان بومی شهرستان مهاباد/محل خدمت مهاباد؛ پذیرش دانشجو‌معلم با تعهد خدمت؛ ضوابط بخش فرهنگیان دفترچه,1402-humanities-booklet,154,1402-humanities-booklet,154,کدرشته‌محل منبع: 50122؛ عنوان رشته در منبع: آموزش ابتدایی؛ نحوه پذیرش: با آزمون (بخش دانشجو‌معلم)؛ استان در این ردیف مربوط به بومی‌گزینی/محل خدمت است
1402,آموزش ابتدایی,دانشگاه فرهنگیان,پردیس شهید رج ایی ارومیه )ساختمان شماره دو میاندواب(,آذربایجان غربی,در جدول ذکر نشده,,تعهد خدمت,1,مرد,در جدول ذکر نشده,ادامه مخصوص داوطلبان بومی استان آذربایجان غربی؛ پردیس شهید رج ایی ارومیه )ساختمان شماره دو میاندواب(/ اولویت پذیرش با داوطلبان بومی شهرستان های شاهین دژ، تکاب/محل خدمت تکاب؛ پذیرش دانشجو‌معلم با تعهد خدمت؛ ضوابط بخش فرهنگیان دفترچه,1402-humanities-booklet,154,1402-humanities-booklet,154,کدرشته‌محل منبع: 50123؛ عنوان رشته در منبع: آموزش ابتدایی؛ نحوه پذیرش: با آزمون (بخش دانشجو‌معلم)؛ استان در این ردیف مربوط به بومی‌گزینی/محل خدمت است
1402,آموزش ابتدایی,دانشگاه فرهنگیان,پردیس شهید رجایی ارومیه )ساختمان شماره دو میاندواب(,آذربایجان غربی,در جدول ذکر نشده,,تعهد خدمت,1,مرد,در جدول ذکر نشده,ادامه مخصوص داوطلبان بومی استان آذربایجان غربی؛ پردیس شهید رجایی ارومیه )ساختمان شماره دو میاندواب(/ اولویت پذیرش با داوطلبان بومی شهرستان های شاهین دژ، تکاب/محل خدمت شاهین دژ؛ پذیرش دانشجو‌معلم با تعهد خدمت؛ ضوابط بخش فرهنگیان دفترچه,1402-humanities-booklet,154,1402-humanities-booklet,154,کدرشته‌محل منبع: 50124؛ عنوان رشته در منبع: آموزش ابتدایی؛ نحوه پذیرش: با آزمون (بخش دانشجو‌معلم)؛ استان در این ردیف مربوط به بومی‌گزینی/محل خدمت است
1402,آموزش ابتدایی,دانشگاه فرهنگیان,پردیس شهید رجایی ارومیه )ساختمان شماره دو میاندواب(,آذربایجان غربی,در جدول ذکر نشده,,تعهد خدمت,1,مرد,در جدول ذکر نشده,ادامه مخصوص داوطلبان بومی استان آذربایجان غربی؛ پردیس شهید رجایی ارومیه )ساختمان شماره دو میاندواب(/ اولویت پذیرش با داوطلبان بومی شهرستان های شاهین دژ، تکاب/محل خدمت کشاورز؛ پذیرش دانشجو‌معلم با تعهد خدمت؛ ضوابط بخش فرهنگیان دفترچه,1402-humanities-booklet,154,1402-humanities-booklet,154,کدرشته‌محل منبع: 50125؛ عنوان رشته در منبع: آموزش ابتدایی؛ نحوه پذیرش: با آزمون (بخش دانشجو‌معلم)؛ استان در این ردیف مربوط به بومی‌گزینی/محل خدمت است
1402,آموزش ابتدایی,دانشگاه فرهنگیان,پردیس شهید رجایی ارومیه )ساختمان شماره دو میاندواب(,آذربایجان غربی,در جدول ذکر نشده,,تعهد خدمت,2,مرد,در جدول ذکر نشده,ادامه مخصوص داوطلبان بومی استان آذربایجان غربی؛ پردیس شهید رجایی ارومیه )ساختمان شماره دو میاندواب(/ اولویت پذیرش با داوطلبان بومی شهرستان های پیرانشهر، سردشت/محل خدمت پیرانشهر؛ پذیرش دانشجو‌معلم با تعهد خدمت؛ ضوابط بخش فرهنگیان دفترچه,1402-humanities-booklet,154,1402-humanities-booklet,154,کدرشته‌محل منبع: 50126؛ عنوان رشته در منبع: آموزش ابتدایی؛ نحوه پذیرش: با آزمون (بخش دانشجو‌معلم)؛ استان در این ردیف مربوط به بومی‌گزینی/محل خدمت است
1402,آموزش ابتدایی,دانشگاه فرهنگیان,پردیس شهید رجایی ارومیه )ساختمان شماره دو میاندواب(,آذربایجان غربی,در جدول ذکر نشده,,تعهد خدمت,1,مرد,در جدول ذکر نشده,ادامه مخصوص داوطلبان بومی استان آذربایجان غربی؛ پردیس شهید رجایی ارومیه )ساختمان شماره دو میاندواب(/ اولویت پذیرش با داوطلبان بومی شهرستان های پیرانشهر، سردشت/محل خدمت سردشت؛ پذیرش دانشجو‌معلم با تعهد خدمت؛ ضوابط بخش فرهنگیان دفترچه,1402-humanities-booklet,154,1402-humanities-booklet,154,کدرشته‌محل منبع: 50127؛ عنوان رشته در منبع: آموزش ابتدایی؛ نحوه پذیرش: با آزمون (بخش دانشجو‌معلم)؛ استان در این ردیف مربوط به بومی‌گزینی/محل خدمت است
1402,آموزش ابتدایی,دانشگاه فرهنگیان,پردیس شهید رج ایی ارومیه )مرکز آموزش عالی امام خمینی )ره( سلماس(,آذربایجان غربی,در جدول ذکر نشده,,تعهد خدمت,1,مرد,در جدول ذکر نشده,ادامه مخصوص داوطلبان بومی استان آذربایجان غربی؛ پردیس شهید رج ایی ارومیه )مرکز آموزش عالی امام خمینی )ره( سلماس(/ اولویت پذیرش با داوطلبان بومی شهرستان سلماس/محل خدمت سلماس؛ پذیرش دانشجو‌معلم با تعهد خدمت؛ ضوابط بخش فرهنگیان دفترچه,1402-humanities-booklet,154,1402-humanities-booklet,154,کدرشته‌محل منبع: 50128؛ عنوان رشته در منبع: آموزش ابتدایی؛ نحوه پذیرش: با آزمون (بخش دانشجو‌معلم)؛ استان در این ردیف مربوط به بومی‌گزینی/محل خدمت است
1402,آموزش ابتدایی,دانشگاه فرهنگیان,پردیس شهید رجایی ارومیه )مرکز آموزش عالی امام خمینی )ره( سلماس(,آذربایجان غربی,در جدول ذکر نشده,,تعهد خدمت,1,مرد,در جدول ذکر نشده,ادامه مخصوص داوطلبان بومی استان آذربایجان غربی؛ پردیس شهید رجایی ارومیه )مرکز آموزش عالی امام خمینی )ره( سلماس(/ اولویت پذیرش با داوطلبان بومی شهرستان های خوی، چایپار ه/محل خدمت چایپاره؛ پذیرش دانشجو‌معلم با تعهد خدمت؛ ضوابط بخش فرهنگیان دفترچه,1402-humanities-booklet,154,1402-humanities-booklet,154,کدرشته‌محل منبع: 50129؛ عنوان رشته در منبع: آموزش ابتدایی؛ نحوه پذیرش: با آزمون (بخش دانشجو‌معلم)؛ استان در این ردیف مربوط به بومی‌گزینی/محل خدمت است
1402,آموزش ابتدایی,دانشگاه فرهنگیان,پردیس شهید رجایی ارومیه )مرکز آموزش عالی امام خمینی )ره( سلماس(,آذربایجان غربی,در جدول ذکر نشده,,تعهد خدمت,10,مرد,در جدول ذکر نشده,ادامه مخصوص داوطلبان بومی استان آذربایجان غربی؛ پردیس شهید رجایی ارومیه )مرکز آموزش عالی امام خمینی )ره( سلماس(/ اولویت پذیرش با داوطلبان بومی شهرستان های خوی، چایپاره/محل خدمت خوی؛ پذیرش دانشجو‌معلم با تعهد خدمت؛ ضوابط بخش فرهنگیان دفترچه,1402-humanities-booklet,154,1402-humanities-booklet,154,کدرشته‌محل منبع: 50130؛ عنوان رشته در منبع: آموزش ابتدایی؛ نحوه پذیرش: با آزمون (بخش دانشجو‌معلم)؛ استان در این ردیف مربوط به بومی‌گزینی/محل خدمت است
1402,آموزش ابتدایی,دانشگاه فرهنگیان,پردیس شهید رجایی ارومیه )ساختمان شماره دو میاندوا ب(,آذربایجان غربی,در جدول ذکر نشده,,تعهد خدمت,1,مرد,در جدول ذکر نشده,ادامه مخصوص داوطلبان بومی استان آذربایجان غربی؛ پردیس شهید رجایی ارومیه )ساختمان شماره دو میاندوا ب(/ اولویت پذیرش با داوطلبان بومی شهرستان های میاندوآب، باروق، چهاربرج/محل خدمت مرحمت آباد؛ پذیرش دانشجو‌معلم با تعهد خدمت؛ ضوابط بخش فرهنگیان دفترچه,1402-humanities-booklet,154,1402-humanities-booklet,154,کدرشته‌محل منبع: 50131؛ عنوان رشته در منبع: آموزش ابتدایی؛ نحوه پذیرش: با آزمون (بخش دانشجو‌معلم)؛ استان در این ردیف مربوط به بومی‌گزینی/محل خدمت است
1402,آموزش ابتدایی,دانشگاه فرهنگیان,پردیس شهید رجایی ارومیه )ساختمان شماره دو میاندواب(,آذربایجان غربی,در جدول ذکر نشده,,تعهد خدمت,5,مرد,در جدول ذکر نشده,ادامه مخصوص داوطلبان بومی استان آذربایجان غربی؛ پردیس شهید رجایی ارومیه )ساختمان شماره دو میاندواب(/ اولویت پذیرش با داوطلبان بومی شهرستان های میاندوآب، باروق، چهاربرج/محل خدمت میاندوآب؛ پذیرش دانشجو‌معلم با تعهد خدمت؛ ضوابط بخش فرهنگیان دفترچه,1402-humanities-booklet,154,1402-humanities-booklet,154,کدرشته‌محل منبع: 50132؛ عنوان رشته در منبع: آموزش ابتدایی؛ نحوه پذیرش: با آزمون (بخش دانشجو‌معلم)؛ استان در این ردیف مربوط به بومی‌گزینی/محل خدمت است
1402,آموزش ابتدایی,دانشگاه فرهنگیان,پردیس شهید رجایی ارومیه )ساختمان شماره دو میاندواب(,آذربایجان غربی,در جدول ذکر نشده,,تعهد خدمت,1,مرد,در جدول ذکر نشده,ادامه مخصوص داوطلبان بومی استان آذربایجان غربی؛ پردیس شهید رجایی ارومیه )ساختمان شماره دو میاندواب(/ اولویت پذیرش با داوطلبان بومی شهرستان های نقده، اشنویه/محل خدمت اشنویه؛ پذیرش دانشجو‌معلم با تعهد خدمت؛ ضوابط بخش فرهنگیان دفترچه,1402-humanities-booklet,154,1402-humanities-booklet,154,کدرشته‌محل منبع: 50133؛ عنوان رشته در منبع: آموزش ابتدایی؛ نحوه پذیرش: با آزمون (بخش دانشجو‌معلم)؛ استان در این ردیف مربوط به بومی‌گزینی/محل خدمت است
1402,آموزش ابتدایی,دانشگاه فرهنگیان,پردیس شهید رجایی ارومیه )ساختمان شماره دو میاندواب(,آذربایجان غربی,در جدول ذکر نشده,,تعهد خدمت,1,مرد,در جدول ذکر نشده,ادامه مخصوص داوطلبان بومی استان آذربایجان غربی؛ پردیس شهید رجایی ارومیه )ساختمان شماره دو میاندواب(/ اولویت پذیرش با داوطلبان بومی شهرستان های نقده، اشنویه/محل خدمت نقده؛ پذیرش دانشجو‌معلم با تعهد خدمت؛ ضوابط بخش فرهنگیان دفترچه,1402-humanities-booklet,154,1402-humanities-booklet,154,کدرشته‌محل منبع: 50134؛ عنوان رشته در منبع: آموزش ابتدایی؛ نحوه پذیرش: با آزمون (بخش دانشجو‌معلم)؛ استان در این ردیف مربوط به بومی‌گزینی/محل خدمت است
1402,آموزش ابتدایی,دانشگاه فرهنگیان,پردیس علامه طباطبایی ارومیه,آذربایجان غربی,در جدول ذکر نشده,,تعهد خدمت,1,زن,در جدول ذکر نشده,ادامه مخصوص داوطلبان بومی استان آذربایجان غربی؛ پردیس علامه طباطبایی ارومیه/ اولویت پذیرش با داوطلبان بومی شهرستان های نقده، اشنویه/محل خدمت اشنویه؛ پذیرش دانشجو‌معلم با تعهد خدمت؛ ضوابط بخش فرهنگیان دفترچه,1402-humanities-booklet,154,1402-humanities-booklet,154,کدرشته‌محل منبع: 50135؛ عنوان رشته در منبع: آموزش ابتدایی؛ نحوه پذیرش: با آزمون (بخش دانشجو‌معلم)؛ استان در این ردیف مربوط به بومی‌گزینی/محل خدمت است
1402,آموزش ابتدایی,دانشگاه فرهنگیان,پردیس علامه طباطبایی ارومیه,آذربایجان غربی,در جدول ذکر نشده,,تعهد خدمت,1,زن,در جدول ذکر نشده,ادامه مخصوص داوطلبان بومی استان آذربایجان غربی؛ پردیس علامه طباطبایی ارومیه/ اولویت پذیرش با داوطلبان بومی شهرستان های نقده، اشنویه/محل خدمت نقده؛ پذیرش دانشجو‌معلم با تعهد خدمت؛ ضوابط بخش فرهنگیان دفترچه,1402-humanities-booklet,154,1402-humanities-booklet,154,کدرشته‌محل منبع: 50136؛ عنوان رشته در منبع: آموزش ابتدایی؛ نحوه پذیرش: با آزمون (بخش دانشجو‌معلم)؛ استان در این ردیف مربوط به بومی‌گزینی/محل خدمت است
1402,آموزش ابتدایی,دانشگاه فرهنگیان,پردیس علامه طباطبایی ارومیه,آذربایجان غربی,در جدول ذکر نشده,,تعهد خدمت,1,زن,در جدول ذکر نشده,ادامه مخصوص داوطلبان بومی استان آذربایجان غربی؛ پردیس علامه طباطبایی ارومیه/ اولویت پذیرش با داوطلبان بومی شهرستان های میاندوآب، باروق، چهاربرج/محل خدمت مرحمت آباد؛ پذیرش دانشجو‌معلم با تعهد خدمت؛ ضوابط بخش فرهنگیان دفترچه,1402-humanities-booklet,154,1402-humanities-booklet,154,کدرشته‌محل منبع: 50137؛ عنوان رشته در منبع: آموزش ابتدایی؛ نحوه پذیرش: با آزمون (بخش دانشجو‌معلم)؛ استان در این ردیف مربوط به بومی‌گزینی/محل خدمت است
1402,آموزش ابتدایی,دانشگاه فرهنگیان,پردیس علامه طباطبایی ارومیه,آذربایجان غربی,در جدول ذکر نشده,,تعهد خدمت,5,زن,در جدول ذکر نشده,ادامه مخصوص داوطلبان بومی استان آذربایجان غربی؛ پردیس علامه طباطبایی ارومیه/ اولویت پذیرش با داوط لبان بومی شهرستان های میاندوآب، باروق، چهاربرج/محل خدمت میاندوآب؛ پذیرش دانشجو‌معلم با تعهد خدمت؛ ضوابط بخش فرهنگیان دفترچه,1402-humanities-booklet,154,1402-humanities-booklet,154,کدرشته‌محل منبع: 50138؛ عنوان رشته در منبع: آموزش ابتدایی؛ نحوه پذیرش: با آزمون (بخش دانشجو‌معلم)؛ استان در این ردیف مربوط به بومی‌گزینی/محل خدمت است
1402,آموزش ابتدایی,دانشگاه فرهنگیان,پردیس علامه طباطبایی ارومیه )مرکز آموزش عالی شهیدمطهری خوی(,آذربایجان غربی,در جدول ذکر نشده,,تعهد خدمت,1,زن,در جدول ذکر نشده,ادامه مخصوص داوطلبان بومی استان آذربایجان غربی؛ پردیس علامه طباطبایی ارومیه )مرکز آموزش عالی شهیدمطهری خوی(/ اولویت پذیرش با داوطلبان بومی شهرستان سلماس/محل خدمت سلماس؛ پذیرش دانشجو‌معلم با تعهد خدمت؛ ضوابط بخش فرهنگیان دفترچه,1402-humanities-booklet,154,1402-humanities-booklet,154,کدرشته‌محل منبع: 50139؛ عنوان رشته در منبع: آموزش ابتدایی؛ نحوه پذیرش: با آزمون (بخش دانشجو‌معلم)؛ استان در این ردیف مربوط به بومی‌گزینی/محل خدمت است
1402,آموزش ابتدایی,دانشگاه فرهنگیان,پردیس علامه طباطبای ی ارومیه,آذربایجان غربی,در جدول ذکر نشده,,تعهد خدمت,1,زن,در جدول ذکر نشده,ادامه مخصوص داوطلبان بومی استان آذربایجان غربی؛ پردیس علامه طباطبای ی ارومیه/ اولویت پذیرش با داوطلبان بومی شهرستان های شاهین دژ، تکاب/محل خدمت تکاب؛ پذیرش دانشجو‌معلم با تعهد خدمت؛ ضوابط بخش فرهنگیان دفترچه,1402-humanities-booklet,154,1402-humanities-booklet,154,کدرشته‌محل منبع: 50140؛ عنوان رشته در منبع: آموزش ابتدایی؛ نحوه پذیرش: با آزمون (بخش دانشجو‌معلم)؛ استان در این ردیف مربوط به بومی‌گزینی/محل خدمت است
1402,آموزش ابتدایی,دانشگاه فرهنگیان,پردیس علامه طباطبایی ارومیه,آذربایجان غربی,در جدول ذکر نشده,,تعهد خدمت,1,زن,در جدول ذکر نشده,ادامه مخصوص داوطلبان بومی استان آذربایجان غربی؛ پردیس علامه طباطبایی ارومیه/ اولویت پذیرش با داوطلبان بومی شهرستان های شاهین دژ، تکاب/محل خدمت شاهین دژ؛ پذیرش دانشجو‌معلم با تعهد خدمت؛ ضوابط بخش فرهنگیان دفترچه,1402-humanities-booklet,154,1402-humanities-booklet,154,کدرشته‌محل منبع: 50141؛ عنوان رشته در منبع: آموزش ابتدایی؛ نحوه پذیرش: با آزمون (بخش دانشجو‌معلم)؛ استان در این ردیف مربوط به بومی‌گزینی/محل خدمت است
1402,آموزش ابتدایی,دانشگاه فرهنگیان,پردیس علامه طباطبایی ارومیه,آذربایجان غربی,در جدول ذکر نشده,,تعهد خدمت,1,زن,در جدول ذکر نشده,ادامه مخصوص داوطلبا ن بومی استان آذربایجان غربی؛ پردیس علامه طباطبایی ارومیه/ اولویت پذیرش با داوطلبان بومی شهرستان های شاهین دژ، تکاب/محل خدمت کشاورز؛ پذیرش دانشجو‌معلم با تعهد خدمت؛ ضوابط بخش فرهنگیان دفترچه,1402-humanities-booklet,155,1402-humanities-booklet,155,کدرشته‌محل منبع: 50142؛ عنوان رشته در منبع: آموزش ابتدایی؛ نحوه پذیرش: با آزمون (بخش دانشجو‌معلم)؛ استان در این ردیف مربوط به بومی‌گزینی/محل خدمت است
1402,آموزش ابتدایی,دانشگاه فرهنگیان,م) پردیس علامه طباطبایی ارومیه رکز آموزش عالی شهیدمطهری خوی(,آذربایجان غربی,در جدول ذکر نشده,,تعهد خدمت,1,زن,در جدول ذکر نشده,ادامه مخصوص داوطلبا ن بومی استان آذربایجان غربی؛ م) پردیس علامه طباطبایی ارومیه رکز آموزش عالی شهیدمطهری خوی(/ اولویت پذیرش با داوطلبان بومی شهرستان های خوی، چایپاره/محل خدمت چایپاره؛ پذیرش دانشجو‌معلم با تعهد خدمت؛ ضوابط بخش فرهنگیان دفترچه,1402-humanities-booklet,155,1402-humanities-booklet,155,کدرشته‌محل منبع: 50143؛ عنوان رشته در منبع: آموزش ابتدایی؛ نحوه پذیرش: با آزمون (بخش دانشجو‌معلم)؛ استان در این ردیف مربوط به بومی‌گزینی/محل خدمت است
1402,آموزش ابتدایی,دانشگاه فرهنگیان,پردیس علامه طباطبایی ارومیه )مرکز آموزش عالی شهیدمطهری خوی(,آذربایجان غربی,در جدول ذکر نشده,,تعهد خدمت,8,زن,در جدول ذکر نشده,ادامه مخصوص داوطلبا ن بومی استان آذربایجان غربی؛ پردیس علامه طباطبایی ارومیه )مرکز آموزش عالی شهیدمطهری خوی(/ اولویت پذیرش با داوطلبان بومی شهرستان های خوی، چایپاره/محل خدمت خو ی؛ پذیرش دانشجو‌معلم با تعهد خدمت؛ ضوابط بخش فرهنگیان دفترچه,1402-humanities-booklet,155,1402-humanities-booklet,155,کدرشته‌محل منبع: 50144؛ عنوان رشته در منبع: آموزش ابتدایی؛ نحوه پذیرش: با آزمون (بخش دانشجو‌معلم)؛ استان در این ردیف مربوط به بومی‌گزینی/محل خدمت است
1402,آموزش ابتدایی,دانشگاه فرهنگیان,پردیس علامه طباطبایی ارومیه )مرکز آموزش عالی شهیدمطهری خوی(,آذربایجان غربی,در جدول ذکر نشده,,تعهد خدمت,1,زن,در جدول ذکر نشده,ادامه مخصوص داوطلبا ن بومی استان آذربایجان غربی؛ پردیس علامه طباطبایی ارومیه )مرکز آموزش عالی شهیدمطهری خوی(/ اولویت پذیرش با داوطلبان بومی شهرستان های ماکو، پلدشت، شوط، چالدران/محل خدمت پلدشت؛ پذیرش دانشجو‌معلم با تعهد خدمت؛ ضوابط بخش فرهنگیان دفترچه,1402-humanities-booklet,155,1402-humanities-booklet,155,کدرشته‌محل منبع: 50145؛ عنوان رشته در منبع: آموزش ابتدایی؛ نحوه پذیرش: با آزمون (بخش دانشجو‌معلم)؛ استان در این ردیف مربوط به بومی‌گزینی/محل خدمت است
1402,آموزش ابتدایی,دانشگاه فرهنگیان,پردیس علامه طباطبایی ارومیه )مرکز آموزش عالی شهیدمطهری خوی ,آذربایجان غربی,در جدول ذکر نشده,,تعهد خدمت,1,زن,در جدول ذکر نشده,ادامه مخصوص داوطلبا ن بومی استان آذربایجان غربی؛ پردیس علامه طباطبایی ارومیه )مرکز آموزش عالی شهیدمطهری خوی / اولویت پذیرش با داوطلبان( بومی شهرستان های ماکو، پلدشت، شوط، چالدران/محل خدمت چالدران؛ پذیرش دانشجو‌معلم با تعهد خدمت؛ ضوابط بخش فرهنگیان دفترچه,1402-humanities-booklet,155,1402-humanities-booklet,155,کدرشته‌محل منبع: 50146؛ عنوان رشته در منبع: آموزش ابتدایی؛ نحوه پذیرش: با آزمون (بخش دانشجو‌معلم)؛ استان در این ردیف مربوط به بومی‌گزینی/محل خدمت است
1402,آموزش ابتدایی,دانشگاه فرهنگیان,پردیس علامه طباطبایی ارومیه )مرکز آموزش عالی شهیدمطهری خوی(,آذربایجان غربی,در جدول ذکر نشده,,تعهد خدمت,1,زن,در جدول ذکر نشده,ادامه مخصوص داوطلبا ن بومی استان آذربایجان غربی؛ پردیس علامه طباطبایی ارومیه )مرکز آموزش عالی شهیدمطهری خوی(/ اولویت پذیرش با داوطلبان بومی شهرستان های ماکو، پلدشت، شوط، چالدران/محل خدمت شوط؛ پذیرش دانشجو‌معلم با تعهد خدمت؛ ضوابط بخش فرهنگیان دفترچه,1402-humanities-booklet,155,1402-humanities-booklet,155,کدرشته‌محل منبع: 50147؛ عنوان رشته در منبع: آموزش ابتدایی؛ نحوه پذیرش: با آزمون (بخش دانشجو‌معلم)؛ استان در این ردیف مربوط به بومی‌گزینی/محل خدمت است
1402,آموزش ابتدایی,دانشگاه فرهنگیان,پردیس علامه طباطبایی ارومیه )مرکز آموزش عالی شهیدمطهری خوی(,آذربایجان غربی,در جدول ذکر نشده,,تعهد خدمت,1,زن,در جدول ذکر نشده,ادامه مخصوص داوطلبا ن بومی استان آذربایجان غربی؛ پردیس علامه طباطبایی ارومیه )مرکز آموزش عالی شهیدمطهری خوی(/ اولویت پذیرش با داوطلبان بومی شهرستان های ماکو، پلدشت، شوط، چالدران/محل خدمت ماکو؛ پذیرش دانشجو‌معلم با تعهد خدمت؛ ضوابط بخش فرهنگیان دفترچه,1402-humanities-booklet,155,1402-humanities-booklet,155,کدرشته‌محل منبع: 50148؛ عنوان رشته در منبع: آموزش ابتدایی؛ نحوه پذیرش: با آزمون (بخش دانشجو‌معلم)؛ استان در این ردیف مربوط به بومی‌گزینی/محل خدمت است
1402,آموزش ابتدایی,دانشگاه فرهنگیان,پردیس علامه طباطبایی ارومیه,آذربایجان غربی,در جدول ذکر نشده,,تعهد خدمت,2,زن,در جدول ذکر نشده,ادامه مخصوص داوطلبا ن بومی استان آذربایجان غربی؛ پردیس علامه طباطبایی ارومیه/ اولویت پذیرش با داوطلبان بومی شه رستان مهاباد/محل خدمت مهاباد؛ پذیرش دانشجو‌معلم با تعهد خدمت؛ ضوابط بخش فرهنگیان دفترچه,1402-humanities-booklet,155,1402-humanities-booklet,155,کدرشته‌محل منبع: 50149؛ عنوان رشته در منبع: آموزش ابتدایی؛ نحوه پذیرش: با آزمون (بخش دانشجو‌معلم)؛ استان در این ردیف مربوط به بومی‌گزینی/محل خدمت است
1402,آموزش ابتدایی,دانشگاه فرهنگیان,پردیس علامه طباطبایی ارومیه,آذربایجان غربی,در جدول ذکر نشده,,تعهد خدمت,1,زن,در جدول ذکر نشده,ادامه مخصوص داوطلبا ن بومی استان آذربایجان غربی؛ پردیس علامه طباطبایی ارومیه/ اولویت پذیرش با داوطلبان بومی شهرستان های پیرانشهر، سردشت/محل خدمت پیرانشهر؛ پذیرش دانشجو‌معلم با تعهد خدمت؛ ضوابط بخش فرهنگیان دفترچه,1402-humanities-booklet,155,1402-humanities-booklet,155,کدرشته‌محل منبع: 50150؛ عنوان رشته در منبع: آموزش ابتدایی؛ نحوه پذیرش: با آزمون (بخش دانشجو‌معلم)؛ استان در این ردیف مربوط به بومی‌گزینی/محل خدمت است
1402,آموزش ابتدایی,دانشگاه فرهنگیان,پردیس علامه طباطبایی ارومیه,آذربایجان غربی,در جدول ذکر نشده,,تعهد خدمت,1,زن,در جدول ذکر نشده,ادامه مخصوص داوطلبا ن بومی استان آذربایجان غربی؛ پردیس علامه طباطبایی ارومیه/ اولویت پذیرش با داوطلبان بومی شهرستان های پیرانشهر، سردشت/محل خدمت سردشت؛ پذیرش دانشجو‌معلم با تعهد خدمت؛ ضوابط بخش فرهنگیان دفترچه,1402-humanities-booklet,155,1402-humanities-booklet,155,کدرشته‌محل منبع: 50151؛ عنوان رشته در منبع: آموزش ابتدایی؛ نحوه پذیرش: با آزمون (بخش دانشجو‌معلم)؛ استان در این ردیف مربوط به بومی‌گزینی/محل خدمت است
1402,آموزش ابتدایی,دانشگاه فرهنگیان,پردیس علامه طباطبایی ارومیه,آذربایجان غربی,در جدول ذکر نشده,,تعهد خدمت,1,زن,در جدول ذکر نشده,ادامه مخصوص داوطلبا ن بومی استان آذربایجان غربی؛ پردیس علامه طباطبایی ارومیه/ اولویت پذیرش با داوطلبان بومی شهرستان بوکان/محل خدمت بوکان؛ پذیرش دانشجو‌معلم با تعهد خدمت؛ ضوابط بخش فرهنگیان دفترچه,1402-humanities-booklet,155,1402-humanities-booklet,155,کدرشته‌محل منبع: 50152؛ عنوان رشته در منبع: آموزش ابتدایی؛ نحوه پذیرش: با آزمون (بخش دانشجو‌معلم)؛ استان در این ردیف مربوط به بومی‌گزینی/محل خدمت است
1402,آموزش ابتدایی,دانشگاه فرهنگیان,پردیس علامه طباطبایی ارومیه,آذربایجان غربی,در جدول ذکر نشده,,تعهد خدمت,4,زن,در جدول ذکر نشده,ادامه مخصوص داوطلبا ن بومی استان آذربایجان غربی؛ پردیس علامه طباطبایی ارومیه/ اولویت پذیرش با داوطلبان بومی شهرستان ارومیه/محل خدمت نزل ا؛ پذیرش دانشجو‌معلم با تعهد خدمت؛ ضوابط بخش فرهنگیان دفترچه,1402-humanities-booklet,155,1402-humanities-booklet,155,کدرشته‌محل منبع: 50153؛ عنوان رشته در منبع: آموزش ابتدایی؛ نحوه پذیرش: با آزمون (بخش دانشجو‌معلم)؛ استان در این ردیف مربوط به بومی‌گزینی/محل خدمت است
1402,آموزش ابتدایی,دانشگاه فرهنگیان,پردیس علامه طباطبایی ارومیه,آذربایجان غربی,در جدول ذکر نشده,,تعهد خدمت,10,زن,در جدول ذکر نشده,ادامه مخصوص داوطلبا ن بومی استان آذربایجان غربی؛ پردیس علامه طباطبایی ارومیه/ اولویت پذیرش با داوطلبان بومی شهرستان ارومیه/محل خدمت سیلوانا؛ پذیرش دانشجو‌معلم با تعهد خدمت؛ ضوابط بخش فرهنگیان دفترچه,1402-humanities-booklet,155,1402-humanities-booklet,155,کدرشته‌محل منبع: 50154؛ عنوان رشته در منبع: آموزش ابتدایی؛ نحوه پذیرش: با آزمون (بخش دانشجو‌معلم)؛ استان در این ردیف مربوط به بومی‌گزینی/محل خدمت است
1402,آموزش ابتدایی,دانشگاه فرهنگیان,پردیس علامه طباطبایی ارومیه,آذربایجان غربی,در جدول ذکر نشده,,تعهد خدمت,5,زن,در جدول ذکر نشده,ادامه مخصوص داوطلبا ن بومی استان آذربایجان غربی؛ پردیس علامه طباطبایی ارومیه/ اولویت پذیرش با داوطلبان بومی شهرستان ارومیه/محل خدمت صومای برادوست؛ پذیرش دانشجو‌معلم با تعهد خدمت؛ ضوابط بخش فرهنگیان دفترچه,1402-humanities-booklet,155,1402-humanities-booklet,155,کدرشته‌محل منبع: 50155؛ عنوان رشته در منبع: آموزش ابتدایی؛ نحوه پذیرش: با آزمون (بخش دانشجو‌معلم)؛ استان در این ردیف مربوط به بومی‌گزینی/محل خدمت است
1402,آموزش ابتدایی,دانشگاه فرهنگیان,پردیس علامه طباطبایی ارومیه,آذربایجان غربی,در جدول ذکر نشده,,تعهد خدمت,5,زن,در جدول ذکر نشده,ادامه مخصوص داوطلبا ن بومی استان آذربایجان غربی؛ پردیس علامه طباطبایی ارومیه/ اولویت پذیرش با داوطلبان بومی شهرستان ارومیه/محل خدمت نازلو؛ پذیرش دانشجو‌معلم با تعهد خدمت؛ ضوابط بخش فرهنگیان دفترچه,1402-humanities-booklet,155,1402-humanities-booklet,155,کدرشته‌محل منبع: 50156؛ عنوان رشته در منبع: آموزش ابتدایی؛ نحوه پذیرش: با آزمون (بخش دانشجو‌معلم)؛ استان در این ردیف مربوط به بومی‌گزینی/محل خدمت است
1402,آموزش ابتدایی,دانشگاه فرهنگیان,پردیس بنت الهدی صدر اردبیل,اردبیل,در جدول ذکر نشده,,تعهد خدمت,2,زن,در جدول ذکر نشده,ادامه مخصوص داوطلبان بومی استان اردبیل؛ پردیس بنت الهدی صدر اردبیل/ اولویت پذیرش با داوطلبان بومی شهرستان های اردبیل، نمین، نیر، سرعین/م حل خدمت اردبیل ناحیه 1؛ پذیرش دانشجو‌معلم با تعهد خدمت؛ ضوابط بخش فرهنگیان دفترچه,1402-humanities-booklet,161,1402-humanities-booklet,161,کدرشته‌محل منبع: 50227؛ عنوان رشته در منبع: آموزش ابتدایی؛ نحوه پذیرش: با آزمون (بخش دانشجو‌معلم)؛ استان در این ردیف مربوط به بومی‌گزینی/محل خدمت است
1402,آموزش ابتدایی,دانشگاه فرهنگیان,پردیس بنت الهدی صدر اردبیل,اردبیل,در جدول ذکر نشده,,تعهد خدمت,2,زن,در جدول ذکر نشده,ادامه مخصوص داوطلبان بومی استان اردبیل؛ پردیس بنت الهدی صدر اردبیل/ اولویت پذیرش با داوطلبان بومی شهرستان های اردبیل، نمین، نیر، سرعین/مح ل خدمت اردبیل ناحیه 2؛ پذیرش دانشجو‌معلم با تعهد خدمت؛ ضوابط بخش فرهنگیان دفترچه,1402-humanities-booklet,162,1402-humanities-booklet,162,کدرشته‌محل منبع: 50228؛ عنوان رشته در منبع: آموزش ابتدایی؛ نحوه پذیرش: با آزمون (بخش دانشجو‌معلم)؛ استان در این ردیف مربوط به بومی‌گزینی/محل خدمت است
1402,آموزش ابتدایی,دانشگاه فرهنگیان,پردیس بنت الهدی صدر اردبیل,اردبیل,در جدول ذکر نشده,,تعهد خدمت,1,زن,در جدول ذکر نشده,ادامه مخصوص داوطلبان بومی استان اردبیل؛ پردیس بنت الهدی صدر اردبیل/ اولویت پذیرش با داوطلبان بومی شهرستان های اردبیل، نمین، نیر، سرعین/محل خدمت نمین؛ پذیرش دانشجو‌معلم با تعهد خدمت؛ ضوابط بخش فرهنگیان دفترچه,1402-humanities-booklet,162,1402-humanities-booklet,162,کدرشته‌محل منبع: 50229؛ عنوان رشته در منبع: آموزش ابتدایی؛ نحوه پذیرش: با آزمون (بخش دانشجو‌معلم)؛ استان در این ردیف مربوط به بومی‌گزینی/محل خدمت است
1402,آموزش ابتدایی,دانشگاه فرهنگیان,پردیس بنت الهدی صدر اردبیل,اردبیل,در جدول ذکر نشده,,تعهد خدمت,1,زن,در جدول ذکر نشده,ادامه مخصوص داوطلبان بومی استان اردبیل؛ پردیس بنت الهدی صدر اردبیل/ اولویت پذیرش با داوطلبان بومی شهرستان های ا ردبیل، نمین، نیر، سرعین/محل خدمت نیراردبیل؛ پذیرش دانشجو‌معلم با تعهد خدمت؛ ضوابط بخش فرهنگیان دفترچه,1402-humanities-booklet,162,1402-humanities-booklet,162,کدرشته‌محل منبع: 50230؛ عنوان رشته در منبع: آموزش ابتدایی؛ نحوه پذیرش: با آزمون (بخش دانشجو‌معلم)؛ استان در این ردیف مربوط به بومی‌گزینی/محل خدمت است
1402,آموزش ابتدایی,دانشگاه فرهنگیان,پردیس بنت الهدی صدر اردبیل,اردبیل,در جدول ذکر نشده,,تعهد خدمت,1,زن,در جدول ذکر نشده,ادامه مخصوص داوطلبان بومی استان اردبیل؛ پردیس بنت الهدی صدر اردبیل/ اولویت پذیرش با داوطلبان بومی شهرستان های اردبیل، نمین، نیر، سرعین/محل خدمت سرعین؛ پذیرش دانشجو‌معلم با تعهد خدمت؛ ضوابط بخش فرهنگیان دفترچه,1402-humanities-booklet,162,1402-humanities-booklet,162,کدرشته‌محل منبع: 50231؛ عنوان رشته در منبع: آموزش ابتدایی؛ نحوه پذیرش: با آزمون (بخش دانشجو‌معلم)؛ استان در این ردیف مربوط به بومی‌گزینی/محل خدمت است
1402,آموزش ابتدایی,دانشگاه فرهنگیان,پردیس بنت الهدی صدر اردبیل,اردبیل,در جدول ذکر نشده,,تعهد خدمت,1,زن,در جدول ذکر نشده,ادامه مخصوص داوطلبان بومی استان اردبیل؛ پردیس بنت الهدی صدر اردبیل/ اولویت پذیرش با داوطل بان بومی شهرستان های اردبیل، نمین، نیر، سرعین/محل خدمت هیر؛ پذیرش دانشجو‌معلم با تعهد خدمت؛ ضوابط بخش فرهنگیان دفترچه,1402-humanities-booklet,162,1402-humanities-booklet,162,کدرشته‌محل منبع: 50232؛ عنوان رشته در منبع: آموزش ابتدایی؛ نحوه پذیرش: با آزمون (بخش دانشجو‌معلم)؛ استان در این ردیف مربوط به بومی‌گزینی/محل خدمت است
1402,آموزش ابتدایی,دانشگاه فرهنگیان,پردیس بنت الهدی صدر اردبیل,اردبیل,در جدول ذکر نشده,,تعهد خدمت,2,زن,در جدول ذکر نشده,ادامه مخصوص داوطلبان بومی استان اردبیل؛ پردیس بنت الهدی صدر اردبیل/ اولویت پذیرش با داوطلبان بومی شهرستان های پارس آباد، اصلاندوز/محل خدمت پارس آباد؛ پذیرش دانشجو‌معلم با تعهد خدمت؛ ضوابط بخش فرهنگیان دفترچه,1402-humanities-booklet,162,1402-humanities-booklet,162,کدرشته‌محل منبع: 50233؛ عنوان رشته در منبع: آموزش ابتدایی؛ نحوه پذیرش: با آزمون (بخش دانشجو‌معلم)؛ استان در این ردیف مربوط به بومی‌گزینی/محل خدمت است
1402,آموزش ابتدایی,دانشگاه فرهنگیان,پردیس بنت الهدی صدر اردبیل,اردبیل,در جدول ذکر نشده,,تعهد خدمت,2,زن,در جدول ذکر نشده,ادامه مخصوص داوطلبان بومی استان اردبیل؛ پردیس بنت الهدی صدر اردبیل/ اولویت پذیرش با داوطلبان بومی شهرستان های پارس آباد، اصلاندوز/محل خدمت اصلان دوز؛ پذیرش دانشجو‌معلم با تعهد خدمت؛ ضوابط بخش فرهنگیان دفترچه,1402-humanities-booklet,162,1402-humanities-booklet,162,کدرشته‌محل منبع: 50234؛ عنوان رشته در منبع: آموزش ابتدایی؛ نحوه پذیرش: با آزمون (بخش دانشجو‌معلم)؛ استان در این ردیف مربوط به بومی‌گزینی/محل خدمت است
1402,آموزش ابتدایی,دانشگاه فرهنگیان,پردیس بنت الهدی صدر اردبیل,اردبیل,در جدول ذکر نشده,,تعهد خدمت,1,زن,در جدول ذکر نشده,ادامه مخصوص داوطلبان بومی استان اردبیل؛ پردیس بنت الهدی صدر اردبیل/ اولویت پذیرش با داوطلبان بومی شهرستان های خلخال، کوثر/محل خدمت سنجبدگیوی؛ پذیرش دانشجو‌معلم با تعهد خدمت؛ ضوابط بخش فرهنگیان دفترچه,1402-humanities-booklet,162,1402-humanities-booklet,162,کدرشته‌محل منبع: 50235؛ عنوان رشته در منبع: آموزش ابتدایی؛ نحوه پذیرش: با آزمون (بخش دانشجو‌معلم)؛ استان در این ردیف مربوط به بومی‌گزینی/محل خدمت است
1402,آموزش ابتدایی,دانشگاه فرهنگیان,پردیس بنت الهدی صدر اردبیل ,اردبیل,در جدول ذکر نشده,,تعهد خدمت,1,زن,در جدول ذکر نشده,ادامه مخصوص داوطلبان بومی استان اردبیل؛ پردیس بنت الهدی صدر اردبیل / اولویت پذیرش با داوطلبان بومی شهرستان ،های خلخال کوثر/محل خدمت خورش رستم؛ پذیرش دانشجو‌معلم با تعهد خدمت؛ ضوابط بخش فرهنگیان دفترچه,1402-humanities-booklet,162,1402-humanities-booklet,162,کدرشته‌محل منبع: 50236؛ عنوان رشته در منبع: آموزش ابتدایی؛ نحوه پذیرش: با آزمون (بخش دانشجو‌معلم)؛ استان در این ردیف مربوط به بومی‌گزینی/محل خدمت است
1402,آموزش ابتدایی,دانشگاه فرهنگیان,پردیس بنت الهدی صدر اردبیل,اردبیل,در جدول ذکر نشده,,تعهد خدمت,1,زن,در جدول ذکر نشده,ادامه مخصوص داوطلبان بومی استان اردبیل؛ پردیس بنت الهدی صدر اردبیل/ اولویت پذیرش با داوطلبان بومی شهرستان های خلخال، کوثر/محل خدمت شاهرود اردبیل؛ پذیرش دانشجو‌معلم با تعهد خدمت؛ ضوابط بخش فرهنگیان دفترچه,1402-humanities-booklet,162,1402-humanities-booklet,162,کدرشته‌محل منبع: 50237؛ عنوان رشته در منبع: آموزش ابتدایی؛ نحوه پذیرش: با آزمون (بخش دانشجو‌معلم)؛ استان در این ردیف مربوط به بومی‌گزینی/محل خدمت است
1402,آموزش ابتدایی,دانشگاه فرهنگیان,پردیس بنت الهدی صدر ار دبیل,اردبیل,در جدول ذکر نشده,,تعهد خدمت,1,زن,در جدول ذکر نشده,ادامه مخصوص داوطلبان بومی استان اردبیل؛ پردیس بنت الهدی صدر ار دبیل/ اولویت پذیرش با داوطلبان بومی شهرستان های گرمی، انگوت/محل خدمت انگوت؛ پذیرش دانشجو‌معلم با تعهد خدمت؛ ضوابط بخش فرهنگیان دفترچه,1402-humanities-booklet,162,1402-humanities-booklet,162,کدرشته‌محل منبع: 50238؛ عنوان رشته در منبع: آموزش ابتدایی؛ نحوه پذیرش: با آزمون (بخش دانشجو‌معلم)؛ استان در این ردیف مربوط به بومی‌گزینی/محل خدمت است
1402,آموزش ابتدایی,دانشگاه فرهنگیان,پردیس بنت الهدی صدر اردبیل,اردبیل,در جدول ذکر نشده,,تعهد خدمت,1,زن,در جدول ذکر نشده,ادامه مخصوص داوطلبان بومی استان اردبیل؛ پردیس بنت الهدی صدر اردبیل/ اولویت پذیرش با داوطلبان بومی شهرستان های گرمی، ( انگوت/محل خدمت مغان )گرمی؛ پذیرش دانشجو‌معلم با تعهد خدمت؛ ضوابط بخش فرهنگیان دفترچه,1402-humanities-booklet,162,1402-humanities-booklet,162,کدرشته‌محل منبع: 50239؛ عنوان رشته در منبع: آموزش ابتدایی؛ نحوه پذیرش: با آزمون (بخش دانشجو‌معلم)؛ استان در این ردیف مربوط به بومی‌گزینی/محل خدمت است
1402,آموزش ابتدایی,دانشگاه فرهنگیان,پردیس بنت الهدی صدر ارد بیل,اردبیل,در جدول ذکر نشده,,تعهد خدمت,1,زن,در جدول ذکر نشده,ادامه مخصوص داوطلبان بومی استان اردبیل؛ پردیس بنت الهدی صدر ارد بیل/ اولویت پذیرش با داوطلبان بومی شهرستان مشگین شهر/محل خدمت مشکین شهر؛ پذیرش دانشجو‌معلم با تعهد خدمت؛ ضوابط بخش فرهنگیان دفترچه,1402-humanities-booklet,162,1402-humanities-booklet,162,کدرشته‌محل منبع: 50240؛ عنوان رشته در منبع: آموزش ابتدایی؛ نحوه پذیرش: با آزمون (بخش دانشجو‌معلم)؛ استان در این ردیف مربوط به بومی‌گزینی/محل خدمت است
1402,آموزش ابتدایی,دانشگاه فرهنگیان,پردیس بنت الهدی صدر اردبیل,اردبیل,در جدول ذکر نشده,,تعهد خدمت,1,زن,در جدول ذکر نشده,ادامه مخصوص داوطلبان بومی استان اردبیل؛ پردیس بنت الهدی صدر اردبیل/ اولویت پذیرش با داوطلبان بومی شهرستان مشگین شهر/محل (خدمت مشکین شرقی )لاهرود؛ پذیرش دانشجو‌معلم با تعهد خدمت؛ ضوابط بخش فرهنگیان دفترچه,1402-humanities-booklet,162,1402-humanities-booklet,162,کدرشته‌محل منبع: 50241؛ عنوان رشته در منبع: آموزش ابتدایی؛ نحوه پذیرش: با آزمون (بخش دانشجو‌معلم)؛ استان در این ردیف مربوط به بومی‌گزینی/محل خدمت است
1402,آموزش ابتدایی,دانشگاه فرهنگیان,پردیس بنت الهدی صدر اردبی ل,اردبیل,در جدول ذکر نشده,,تعهد خدمت,1,زن,در جدول ذکر نشده,ادامه مخصوص داوطلبان بومی استان اردبیل؛ پردیس بنت الهدی صدر اردبی ل/ اولویت پذیرش با داوطلبان بومی بیله سوار /محل خدمت بیله سوار؛ پذیرش دانشجو‌معلم با تعهد خدمت؛ ضوابط بخش فرهنگیان دفترچه,1402-humanities-booklet,162,1402-humanities-booklet,162,کدرشته‌محل منبع: 50242؛ عنوان رشته در منبع: آموزش ابتدایی؛ نحوه پذیرش: با آزمون (بخش دانشجو‌معلم)؛ استان در این ردیف مربوط به بومی‌گزینی/محل خدمت است
1402,آموزش ابتدایی,دانشگاه فرهنگیان,پردیس بنت الهدی صدر اردبیل,اردبیل,در جدول ذکر نشده,,تعهد خدمت,1,زن,در جدول ذکر نشده,ادامه مخصوص داوطلبان بومی استان اردبیل؛ پردیس بنت الهدی صدر اردبیل/ اولویت پذیرش با داوطلبان بومی بیله سوار /محل خدمت قشلاق دشت؛ پذیرش دانشجو‌معلم با تعهد خدمت؛ ضوابط بخش فرهنگیان دفترچه,1402-humanities-booklet,162,1402-humanities-booklet,162,کدرشته‌محل منبع: 50243؛ عنوان رشته در منبع: آموزش ابتدایی؛ نحوه پذیرش: با آزمون (بخش دانشجو‌معلم)؛ استان در این ردیف مربوط به بومی‌گزینی/محل خدمت است
1402,آموزش ابتدایی,دانشگاه فرهنگیان,پردیس علامه طباطبایی اردبیل,اردبیل,در جدول ذکر نشده,,تعهد خدمت,1,مرد,در جدول ذکر نشده,ادامه مخصوص داوطلبان بومی استان اردبیل؛ پردیس علامه طباطبایی اردبیل/ اولویت پذیرش با داوطلبا ن بومی بیله سوار /محل خدمت بیله سوار؛ پذیرش دانشجو‌معلم با تعهد خدمت؛ ضوابط بخش فرهنگیان دفترچه,1402-humanities-booklet,162,1402-humanities-booklet,162,کدرشته‌محل منبع: 50244؛ عنوان رشته در منبع: آموزش ابتدایی؛ نحوه پذیرش: با آزمون (بخش دانشجو‌معلم)؛ استان در این ردیف مربوط به بومی‌گزینی/محل خدمت است
1402,آموزش ابتدایی,دانشگاه فرهنگیان,پردیس علامه طباطبایی اردبیل,اردبیل,در جدول ذکر نشده,,تعهد خدمت,1,مرد,در جدول ذکر نشده,ادامه مخصوص داوطلبان بومی استان اردبیل؛ پردیس علامه طباطبایی اردبیل/ اولویت پذیرش با داوطلبان بومی بیله سوار /محل خدمت قشلاق دشت؛ پذیرش دانشجو‌معلم با تعهد خدمت؛ ضوابط بخش فرهنگیان دفترچه,1402-humanities-booklet,162,1402-humanities-booklet,162,کدرشته‌محل منبع: 50245؛ عنوان رشته در منبع: آموزش ابتدایی؛ نحوه پذیرش: با آزمون (بخش دانشجو‌معلم)؛ استان در این ردیف مربوط به بومی‌گزینی/محل خدمت است
1402,آموزش ابتدایی,دانشگاه فرهنگیان,پردیس علامه طباطبایی اردبیل,اردبیل,در جدول ذکر نشده,,تعهد خدمت,1,مرد,در جدول ذکر نشده,ادامه مخصوص داوطلبان بومی استان اردبیل؛ پردیس علامه طباطبایی اردبیل/ اولویت پذیرش با داوطلبان بومی شهرستان های گرمی، انگوت/محل خدمت انگوت؛ پذیرش دانشجو‌معلم با تعهد خدمت؛ ضوابط بخش فرهنگیان دفترچه,1402-humanities-booklet,162,1402-humanities-booklet,162,کدرشته‌محل منبع: 50246؛ عنوان رشته در منبع: آموزش ابتدایی؛ نحوه پذیرش: با آزمون (بخش دانشجو‌معلم)؛ استان در این ردیف مربوط به بومی‌گزینی/محل خدمت است
1402,آموزش ابتدایی,دانشگاه فرهنگیان,پردیس علامه طباطبایی اردبیل,اردبیل,در جدول ذکر نشده,,تعهد خدمت,2,مرد,در جدول ذکر نشده,ادامه مخصوص داوطلبان بومی استان اردبیل؛ پردیس علامه طباطبایی اردبیل/ اولویت پذیرش با داوطلبان بومی شهرستان مشگین شهر/محل خدمت مشکین شهر؛ پذیرش دانشجو‌معلم با تعهد خدمت؛ ضوابط بخش فرهنگیان دفترچه,1402-humanities-booklet,162,1402-humanities-booklet,162,کدرشته‌محل منبع: 50247؛ عنوان رشته در منبع: آموزش ابتدایی؛ نحوه پذیرش: با آزمون (بخش دانشجو‌معلم)؛ استان در این ردیف مربوط به بومی‌گزینی/محل خدمت است
1402,آموزش ابتدایی,دانشگاه فرهنگیان,پردیس علامه طباطبایی اردبیل,اردبیل,در جدول ذکر نشده,,تعهد خدمت,1,مرد,در جدول ذکر نشده,ادامه مخصوص داوطلبان بومی استان اردبیل؛ پردیس علامه طباطبایی اردبیل/ اولویت پذیرش با داوطلبان بومی شهرستان مشگین شهر/محل خدم ت مشکین شرقی )لاهرود(؛ پذیرش دانشجو‌معلم با تعهد خدمت؛ ضوابط بخش فرهنگیان دفترچه,1402-humanities-booklet,162,1402-humanities-booklet,162,کدرشته‌محل منبع: 50248؛ عنوان رشته در منبع: آموزش ابتدایی؛ نحوه پذیرش: با آزمون (بخش دانشجو‌معلم)؛ استان در این ردیف مربوط به بومی‌گزینی/محل خدمت است
1402,آموزش ابتدایی,دانشگاه فرهنگیان,پردیس علامه طباطبایی اردبیل,اردبیل,در جدول ذکر نشده,,تعهد خدمت,1,مرد,در جدول ذکر نشده,ادامه مخصوص داوطلبان بومی استان اردبیل؛ پردیس علامه طباطبایی اردبیل/ اولویت پذیرش با داوطلبان بومی شهرستان های خلخال، کوثر/محل خدمت خورش رستم؛ پذیرش دانشجو‌معلم با تعهد خدمت؛ ضوابط بخش فرهنگیان دفترچه,1402-humanities-booklet,162,1402-humanities-booklet,162,کدرشته‌محل منبع: 50249؛ عنوان رشته در منبع: آموزش ابتدایی؛ نحوه پذیرش: با آزمون (بخش دانشجو‌معلم)؛ استان در این ردیف مربوط به بومی‌گزینی/محل خدمت است
1402,آموزش ابتدایی,دانشگاه فرهنگیان,پردیس علامه طباطبایی اردبیل,اردبیل,در جدول ذکر نشده,,تعهد خدمت,1,مرد,در جدول ذکر نشده,ادامه مخصوص داوطلبان بومی استان اردبیل؛ پردیس علامه طباطبایی اردبیل/ اولویت پذیرش با داوطلبان بومی شهرستان های خلخال، کوثر/محل خدمت شاهرود اردبیل؛ پذیرش دانشجو‌معلم با تعهد خدمت؛ ضوابط بخش فرهنگیان دفترچه,1402-humanities-booklet,162,1402-humanities-booklet,162,کدرشته‌محل منبع: 50250؛ عنوان رشته در منبع: آموزش ابتدایی؛ نحوه پذیرش: با آزمون (بخش دانشجو‌معلم)؛ استان در این ردیف مربوط به بومی‌گزینی/محل خدمت است
1402,آموزش ابتدایی,دانشگاه فرهنگیان,پردیس علامه طباطبایی اردبیل,اردبیل,در جدول ذکر نشده,,تعهد خدمت,1,مرد,در جدول ذکر نشده,ادامه مخصوص داوطلبان بومی استان اردبیل؛ پردیس علامه طباطبایی اردبیل/ اولویت پذیرش با داوطلبان بومی شهرستان های گرمی، انگوت/محل ( خدمت مغان )گرمی؛ پذیرش دانشجو‌معلم با تعهد خدمت؛ ضوابط بخش فرهنگیان دفترچه,1402-humanities-booklet,162,1402-humanities-booklet,162,کدرشته‌محل منبع: 50251؛ عنوان رشته در منبع: آموزش ابتدایی؛ نحوه پذیرش: با آزمون (بخش دانشجو‌معلم)؛ استان در این ردیف مربوط به بومی‌گزینی/محل خدمت است
1402,آموزش ابتدایی,دانشگاه فرهنگیان,پردیس علامه طباطبایی اردبیل,اردبیل,در جدول ذکر نشده,,تعهد خدمت,1,مرد,در جدول ذکر نشده,ادامه مخصوص داوطلبان بومی استان اردبیل؛ پردیس علامه طباطبایی اردبیل/ اولویت پذیرش با داوطلبان بومی شهرستان ها ی خلخال، کوثر/محل خدمت سنجبدگیوی؛ پذیرش دانشجو‌معلم با تعهد خدمت؛ ضوابط بخش فرهنگیان دفترچه,1402-humanities-booklet,162,1402-humanities-booklet,162,کدرشته‌محل منبع: 50252؛ عنوان رشته در منبع: آموزش ابتدایی؛ نحوه پذیرش: با آزمون (بخش دانشجو‌معلم)؛ استان در این ردیف مربوط به بومی‌گزینی/محل خدمت است
1402,آموزش ابتدایی,دانشگاه فرهنگیان,پردیس علامه طباطبایی اردبیل,اردبیل,در جدول ذکر نشده,,تعهد خدمت,5,مرد,در جدول ذکر نشده,ادامه مخصوص داوطلبان بومی استان اردبیل؛ پردیس علامه طباطبایی اردبیل/ اولویت پذیرش با داوطلبان بومی شهرستان های پارس آباد، اصلاندوز/محل خدمت پارس آباد؛ پذیرش دانشجو‌معلم با تعهد خدمت؛ ضوابط بخش فرهنگیان دفترچه,1402-humanities-booklet,162,1402-humanities-booklet,162,کدرشته‌محل منبع: 50253؛ عنوان رشته در منبع: آموزش ابتدایی؛ نحوه پذیرش: با آزمون (بخش دانشجو‌معلم)؛ استان در این ردیف مربوط به بومی‌گزینی/محل خدمت است
1402,آموزش ابتدایی,دانشگاه فرهنگیان,پردیس علامه طباطبایی اردبیل,اردبیل,در جدول ذکر نشده,,تعهد خدمت,2,مرد,در جدول ذکر نشده,ادامه مخصوص داوطلبان بومی استان اردبیل؛ پردیس علامه طباطبایی اردبیل/ اولویت پذیرش با داوطلبان بومی شهرستان های پارس آباد، اصلاندوز/محل خدمت اصلان دوز؛ پذیرش دانشجو‌معلم با تعهد خدمت؛ ضوابط بخش فرهنگیان دفترچه,1402-humanities-booklet,162,1402-humanities-booklet,162,کدرشته‌محل منبع: 50254؛ عنوان رشته در منبع: آموزش ابتدایی؛ نحوه پذیرش: با آزمون (بخش دانشجو‌معلم)؛ استان در این ردیف مربوط به بومی‌گزینی/محل خدمت است
1402,آموزش ابتدایی,دانشگاه فرهنگیان,پردیس علامه طباطبایی اردبیل )مرکز آموزش عالی آزادگان نیر(,اردبیل,در جدول ذکر نشده,,تعهد خدمت,4,مرد,در جدول ذکر نشده,ادامه مخصوص داوطلبان بومی استان اردبیل؛ پردیس علامه طباطبایی اردبیل )مرکز آموزش عالی آزادگان نیر(/ اولویت پذی رش با داوطلبان بومی شهرستان های اردبیل، نمین، نیر، سرعین/محل خدمت اردبیل ناحیه 1؛ پذیرش دانشجو‌معلم با تعهد خدمت؛ ضوابط بخش فرهنگیان دفترچه,1402-humanities-booklet,163,1402-humanities-booklet,163,کدرشته‌محل منبع: 50255؛ عنوان رشته در منبع: آموزش ابتدایی؛ نحوه پذیرش: با آزمون (بخش دانشجو‌معلم)؛ استان در این ردیف مربوط به بومی‌گزینی/محل خدمت است
1402,آموزش ابتدایی,دانشگاه فرهنگیان,پردیس علامه طباطبایی اردبیل )مرکز آموزش عالی آزادگان نیر(,اردبیل,در جدول ذکر نشده,,تعهد خدمت,5,مرد,در جدول ذکر نشده,ادامه مخصوص داوطلبان بومی استان اردبیل؛ پردیس علامه طباطبایی اردبیل )مرکز آموزش عالی آزادگان نیر(/ اولویت پذیرش با داوطلبان بومی شهرستان های اردبیل، نمین، نیر، سرعین/محل خدمت اردبیل ناحیه 2؛ پذیرش دانشجو‌معلم با تعهد خدمت؛ ضوابط بخش فرهنگیان دفترچه,1402-humanities-booklet,163,1402-humanities-booklet,163,کدرشته‌محل منبع: 50256؛ عنوان رشته در منبع: آموزش ابتدایی؛ نحوه پذیرش: با آزمون (بخش دانشجو‌معلم)؛ استان در این ردیف مربوط به بومی‌گزینی/محل خدمت است
1402,آموزش ابتدایی,دانشگاه فرهنگیان,پردیس علامه طباطبایی اردبیل )مرکز آموزش عالی آزادگان نیر(,اردبیل,در جدول ذکر نشده,,تعهد خدمت,2,مرد,در جدول ذکر نشده,ادامه مخصوص داوطلبان بومی استان اردبیل؛ پردیس علامه طباطبایی اردبیل )مرکز آموزش عالی آزادگان نیر(/ اولویت پذیرش با داوطلبان بومی شهرستان های اردبیل، نمین، نیر، سرعین/محل خدمت نمین؛ پذیرش دانشجو‌معلم با تعهد خدمت؛ ضوابط بخش فرهنگیان دفترچه,1402-humanities-booklet,163,1402-humanities-booklet,163,کدرشته‌محل منبع: 50257؛ عنوان رشته در منبع: آموزش ابتدایی؛ نحوه پذیرش: با آزمون (بخش دانشجو‌معلم)؛ استان در این ردیف مربوط به بومی‌گزینی/محل خدمت است
1402,آموزش ابتدایی,دانشگاه فرهنگیان,پردیس علامه طباطبایی اردبیل )مرکز آموزش عالی آزادگان نیر(,اردبیل,در جدول ذکر نشده,,تعهد خدمت,2,مرد,در جدول ذکر نشده,ادامه مخصوص داوطلبان بومی استان اردبیل؛ پردیس علامه طباطبایی اردبیل )مرکز آموزش عالی آزادگان نیر(/ ا ولویت پذیرش با داوطلبان بومی شهرستان های اردبیل، نمین، نیر، سرعین/محل خدمت نیراردبیل؛ پذیرش دانشجو‌معلم با تعهد خدمت؛ ضوابط بخش فرهنگیان دفترچه,1402-humanities-booklet,163,1402-humanities-booklet,163,کدرشته‌محل منبع: 50258؛ عنوان رشته در منبع: آموزش ابتدایی؛ نحوه پذیرش: با آزمون (بخش دانشجو‌معلم)؛ استان در این ردیف مربوط به بومی‌گزینی/محل خدمت است
1402,آموزش ابتدایی,دانشگاه فرهنگیان,پردیس علامه طباطبایی اردبیل )مرکز آموزش عالی آزادگان نیر(,اردبیل,در جدول ذکر نشده,,تعهد خدمت,1,مرد,در جدول ذکر نشده,ادامه مخصوص داوطلبان بومی استان اردبیل؛ پردیس علامه طباطبایی اردبیل )مرکز آموزش عالی آزادگان نیر(/ اولویت پذیرش با داوطلبان بومی شهرستان های اردبیل، نمین، نیر، سرعین/محل خدمت سرعین؛ پذیرش دانشجو‌معلم با تعهد خدمت؛ ضوابط بخش فرهنگیان دفترچه,1402-humanities-booklet,163,1402-humanities-booklet,163,کدرشته‌محل منبع: 50259؛ عنوان رشته در منبع: آموزش ابتدایی؛ نحوه پذیرش: با آزمون (بخش دانشجو‌معلم)؛ استان در این ردیف مربوط به بومی‌گزینی/محل خدمت است
1402,آموزش ابتدایی,دانشگاه فرهنگیان,پردیس علامه طباطبایی اردبیل )مرکز آموزش عالی آزادگان نیر(,اردبیل,در جدول ذکر نشده,,تعهد خدمت,1,مرد,در جدول ذکر نشده,ادامه مخصوص داوطلبان بومی استان اردبیل؛ پردیس علامه طباطبایی اردبیل )مرکز آموزش عالی آزادگان نیر(/ اولویت پذیرش با داوطلبان بومی شهرستان های اردبیل، نمین، نیر، سرعین/محل خدمت هیر؛ پذیرش دانشجو‌معلم با تعهد خدمت؛ ضوابط بخش فرهنگیان دفترچه,1402-humanities-booklet,163,1402-humanities-booklet,163,کدرشته‌محل منبع: 50260؛ عنوان رشته در منبع: آموزش ابتدایی؛ نحوه پذیرش: با آزمون (بخش دانشجو‌معلم)؛ استان در این ردیف مربوط به بومی‌گزینی/محل خدمت است
1402,آموزش ابتدایی,دانشگاه فرهنگیان,پردیس شهید باهنر اصفهان )مرکز آموزش عالی دکت ر آیت نجف آباد(,اصفهان,در جدول ذکر نشده,,تعهد خدمت,15,مرد,در جدول ذکر نشده,ادامه مخصوص داوطلبان بومی استان اصفهان؛ پردیس شهید باهنر اصفهان )مرکز آموزش عالی دکت ر آیت نجف آباد(/ اولویت پذیرش با داوطلبان بومی شهرستان های اصفهان، شاهین شهرو میمه، برخوار، خمینی شهر/محل خدمت اصفهان .ناحیه 1؛ پذیرش دانشجو‌معلم با تعهد خدمت؛ ضوابط بخش فرهنگیان دفترچه,1402-humanities-booklet,174,1402-humanities-booklet,174,کدرشته‌محل منبع: 50296؛ عنوان رشته در منبع: آموزش ابتدایی؛ نحوه پذیرش: با آزمون (بخش دانشجو‌معلم)؛ استان در این ردیف مربوط به بومی‌گزینی/محل خدمت است
1402,آموزش ابتدایی,دانشگاه فرهنگیان,پردیس شهید باهنر اصفهان )مرکز آموزش عالی دکتر آیت نجف آباد(,اصفهان,در جدول ذکر نشده,,تعهد خدمت,15,مرد,در جدول ذکر نشده,ادامه مخصوص داوطلبان بومی استان اصفهان؛ پردیس شهید باهنر اصفهان )مرکز آموزش عالی دکتر آیت نجف آباد(/ اولویت پذیرش با داوطلبان بومی شهرستان ها ی اصفهان، شاهین شهرو میمه، برخوار، خمینی شهر/محل خدمت اصفهان .ناحیه 2؛ پذیرش دانشجو‌معلم با تعهد خدمت؛ ضوابط بخش فرهنگیان دفترچه,1402-humanities-booklet,174,1402-humanities-booklet,174,کدرشته‌محل منبع: 50297؛ عنوان رشته در منبع: آموزش ابتدایی؛ نحوه پذیرش: با آزمون (بخش دانشجو‌معلم)؛ استان در این ردیف مربوط به بومی‌گزینی/محل خدمت است
1402,آموزش ابتدایی,دانشگاه فرهنگیان,پردیس شهید باهنر اصفهان )مرکز آموزش عالی دکتر آیت نجف آباد(,اصفهان,در جدول ذکر نشده,,تعهد خدمت,27,مرد,در جدول ذکر نشده,ادامه مخصوص داوطلبان بومی استان اصفهان؛ پردیس شهید باهنر اصفهان )مرکز آموزش عالی دکتر آیت نجف آباد(/ اولویت پذیرش با داوطلبان بومی شهرستان های اصفهان، شاهین شهرو میمه، برخوار، خمینی شهر/محل خدمت اصفهان .ناحیه 3؛ پذیرش دانشجو‌معلم با تعهد خدمت؛ ضوابط بخش فرهنگیان دفترچه,1402-humanities-booklet,175,1402-humanities-booklet,175,کدرشته‌محل منبع: 50298؛ عنوان رشته در منبع: آموزش ابتدایی؛ نحوه پذیرش: با آزمون (بخش دانشجو‌معلم)؛ استان در این ردیف مربوط به بومی‌گزینی/محل خدمت است
1402,آموزش ابتدایی,دانشگاه فرهنگیان,پردیس شهید باهنر اصفهان )مرکز آموزش عالی دکتر آیت نجف آباد(,اصفهان,در جدول ذکر نشده,,تعهد خدمت,30,مرد,در جدول ذکر نشده,ادامه مخصوص داوطلبان بومی استان اصفهان؛ پردیس شهید باهنر اصفهان )مرکز آموزش عالی دکتر آیت نجف آباد(/ اولویت پذیرش با داوطلبان بومی شهرستان های اصف هان، شاهین شهرو میمه، برخوار، خمینی شهر/محل خدمت اصفهان .ناحیه 4؛ پذیرش دانشجو‌معلم با تعهد خدمت؛ ضوابط بخش فرهنگیان دفترچه,1402-humanities-booklet,175,1402-humanities-booklet,175,کدرشته‌محل منبع: 50299؛ عنوان رشته در منبع: آموزش ابتدایی؛ نحوه پذیرش: با آزمون (بخش دانشجو‌معلم)؛ استان در این ردیف مربوط به بومی‌گزینی/محل خدمت است
1402,آموزش ابتدایی,دانشگاه فرهنگیان,پردیس شهید باهنر اصفهان )مرکز آموزش عالی دکتر آیت نجف آباد(,اصفهان,در جدول ذکر نشده,,تعهد خدمت,30,مرد,در جدول ذکر نشده,ادامه مخصوص داوطلبان بومی استان اصفهان؛ پردیس شهید باهنر اصفهان )مرکز آموزش عالی دکتر آیت نجف آباد(/ اولویت پذیرش با داوطلبان بومی شهرستان های اصفهان، شاهین شهرو میمه، برخوار، خمینی شهر/محل خدمت اصفهان . ناحیه 5؛ پذیرش دانشجو‌معلم با تعهد خدمت؛ ضوابط بخش فرهنگیان دفترچه,1402-humanities-booklet,175,1402-humanities-booklet,175,کدرشته‌محل منبع: 50300؛ عنوان رشته در منبع: آموزش ابتدایی؛ نحوه پذیرش: با آزمون (بخش دانشجو‌معلم)؛ استان در این ردیف مربوط به بومی‌گزینی/محل خدمت است
1402,آموزش ابتدایی,دانشگاه فرهنگیان,پردیس شهید باهنر اصفهان )مرکز آموزش عالی دکتر آیت نجف آباد(,اصفهان,در جدول ذکر نشده,,تعهد خدمت,13,مرد,در جدول ذکر نشده,ادامه مخصوص داوطلبان بومی استان اصفهان؛ پردیس شهید باهنر اصفهان )مرکز آموزش عالی دکتر آیت نجف آباد(/ اولویت پذیرش با داوطلبان بومی شهرستان های اصفهان، شاهین شهرو میمه، برخوار، خمینی شهر/محل خدمت شاهین شهر؛ پذیرش دانشجو‌معلم با تعهد خدمت؛ ضوابط بخش فرهنگیان دفترچه,1402-humanities-booklet,175,1402-humanities-booklet,175,کدرشته‌محل منبع: 50301؛ عنوان رشته در منبع: آموزش ابتدایی؛ نحوه پذیرش: با آزمون (بخش دانشجو‌معلم)؛ استان در این ردیف مربوط به بومی‌گزینی/محل خدمت است
1402,آموزش ابتدایی,دانشگاه فرهنگیان,پردیس شهید باهنر اصفهان )مر کز آموزش عالی دکتر آیت نجف آباد(,اصفهان,در جدول ذکر نشده,,تعهد خدمت,15,مرد,در جدول ذکر نشده,ادامه مخصوص داوطلبان بومی استان اصفهان؛ پردیس شهید باهنر اصفهان )مر کز آموزش عالی دکتر آیت نجف آباد(/ اولویت پذیرش با داوطلبان بومی شهرستان های اصفهان، شاهین شهرو میمه، برخوار، خمینی شهر/محل خدمت برخوار؛ پذیرش دانشجو‌معلم با تعهد خدمت؛ ضوابط بخش فرهنگیان دفترچه,1402-humanities-booklet,175,1402-humanities-booklet,175,کدرشته‌محل منبع: 50302؛ عنوان رشته در منبع: آموزش ابتدایی؛ نحوه پذیرش: با آزمون (بخش دانشجو‌معلم)؛ استان در این ردیف مربوط به بومی‌گزینی/محل خدمت است
1402,آموزش ابتدایی,دانشگاه فرهنگیان,پردیس شهید باهنر اصفهان )مرکز آموزش عالی دکتر آیت نجف آباد(,اصفهان,در جدول ذکر نشده,,تعهد خدمت,11,مرد,در جدول ذکر نشده,ادامه مخصوص داوطلبان بومی استان اصفهان؛ پردیس شهید باهنر اصفهان )مرکز آموزش عالی دکتر آیت نجف آباد(/ اولویت پذیرش با داوطلبان بومی شه رستان های اصفهان، شاهین شهرو میمه، برخوار، خمینی شهر/محل خدمت اصفهان .ناحیه 6 (جی)؛ پذیرش دانشجو‌معلم با تعهد خدمت؛ ضوابط بخش فرهنگیان دفترچه,1402-humanities-booklet,175,1402-humanities-booklet,175,کدرشته‌محل منبع: 50303؛ عنوان رشته در منبع: آموزش ابتدایی؛ نحوه پذیرش: با آزمون (بخش دانشجو‌معلم)؛ استان در این ردیف مربوط به بومی‌گزینی/محل خدمت است
1402,آموزش ابتدایی,دانشگاه فرهنگیان,پردیس شهید باهنر اصفهان )مرکز آموزش عالی دکتر آیت نجف آباد(,اصفهان,در جدول ذکر نشده,,تعهد خدمت,30,مرد,در جدول ذکر نشده,ادامه مخصوص داوطلبان بومی استان اصفهان؛ پردیس شهید باهنر اصفهان )مرکز آموزش عالی دکتر آیت نجف آباد(/ اولویت پذیرش با داوطلبان بومی شهرستان های اصفهان، شاهین شهرو میمه، برخوار، خمینی شهر / محل خدمت خمینی شهر؛ پذیرش دانشجو‌معلم با تعهد خدمت؛ ضوابط بخش فرهنگیان دفترچه,1402-humanities-booklet,175,1402-humanities-booklet,175,کدرشته‌محل منبع: 50304؛ عنوان رشته در منبع: آموزش ابتدایی؛ نحوه پذیرش: با آزمون (بخش دانشجو‌معلم)؛ استان در این ردیف مربوط به بومی‌گزینی/محل خدمت است
1402,آموزش ابتدایی,دانشگاه فرهنگیان,پردیس شهید باهنر اصفهان )مرکز آموزش عالی دکتر آیت نجف آباد(,اصفهان,در جدول ذکر نشده,,تعهد خدمت,5,مرد,در جدول ذکر نشده,ادامه مخصوص داوطلبان بومی استان اصفهان؛ پردیس شهید باهنر اصفهان )مرکز آموزش عالی دکتر آیت نجف آباد(/ اولویت پذیرش با داوطلبان بومی شهرستان های اصفهان، شاهین شهرو میمه، برخوار، خمینی شهر/محل خدمت میمه؛ پذیرش دانشجو‌معلم با تعهد خدمت؛ ضوابط بخش فرهنگیان دفترچه,1402-humanities-booklet,175,1402-humanities-booklet,175,کدرشته‌محل منبع: 50305؛ عنوان رشته در منبع: آموزش ابتدایی؛ نحوه پذیرش: با آزمون (بخش دانشجو‌معلم)؛ استان در این ردیف مربوط به بومی‌گزینی/محل خدمت است
1402,آموزش ابتدایی,دانشگاه فرهنگیان,پردیس شهید باهنر اصفه ان )مرکز آموزش عالی دکتر آیت نجف آباد(,اصفهان,در جدول ذکر نشده,,تعهد خدمت,17,مرد,در جدول ذکر نشده,ادامه مخصوص داوطلبان بومی استان اصفهان؛ پردیس شهید باهنر اصفه ان )مرکز آموزش عالی دکتر آیت نجف آباد(/ اولویت پذیرش با داوطلبان بومی شهرستان های فلاورجان، لنجان /محل خدمت زرین شهر)لنجان (؛ پذیرش دانشجو‌معلم با تعهد خدمت؛ ضوابط بخش فرهنگیان دفترچه,1402-humanities-booklet,175,1402-humanities-booklet,175,کدرشته‌محل منبع: 50306؛ عنوان رشته در منبع: آموزش ابتدایی؛ نحوه پذیرش: با آزمون (بخش دانشجو‌معلم)؛ استان در این ردیف مربوط به بومی‌گزینی/محل خدمت است
1402,آموزش ابتدایی,دانشگاه فرهنگیان,پردیس شهید باهنر اصفهان )مرکز آموزش عالی دکتر آیت نجف آباد(,اصفهان,در جدول ذکر نشده,,تعهد خدمت,12,مرد,در جدول ذکر نشده,ادامه مخصوص داوطلبان بومی استان اصفهان؛ پردیس شهید باهنر اصفهان )مرکز آموزش عالی دکتر آیت نجف آباد(/ اولویت پذیرش با داوطلبان بومی شهرستان های فلاورجان، لنجان /محل خدمت فولادشهر؛ پذیرش دانشجو‌معلم با تعهد خدمت؛ ضوابط بخش فرهنگیان دفترچه,1402-humanities-booklet,175,1402-humanities-booklet,175,کدرشته‌محل منبع: 50307؛ عنوان رشته در منبع: آموزش ابتدایی؛ نحوه پذیرش: با آزمون (بخش دانشجو‌معلم)؛ استان در این ردیف مربوط به بومی‌گزینی/محل خدمت است
1402,آموزش ابتدایی,دانشگاه فرهنگیان,پردیس شهید باهنر اصفهان )مرکز آموزش عالی دکتر آیت نجف آباد(,اصفهان,در جدول ذکر نشده,,تعهد خدمت,12,مرد,در جدول ذکر نشده,ادامه مخصوص داوطلبان بومی استان اصفهان؛ پردیس شهید باهنر اصفهان )مرکز آموزش عالی دکتر آیت نجف آباد(/ اولویت پذیرش با داوطلبان بومی شهرستان های فلاورجان، لنجان /محل خدمت فلاورجان؛ پذیرش دانشجو‌معلم با تعهد خدمت؛ ضوابط بخش فرهنگیان دفترچه,1402-humanities-booklet,175,1402-humanities-booklet,175,کدرشته‌محل منبع: 50308؛ عنوان رشته در منبع: آموزش ابتدایی؛ نحوه پذیرش: با آزمون (بخش دانشجو‌معلم)؛ استان در این ردیف مربوط به بومی‌گزینی/محل خدمت است
1402,آموزش ابتدایی,دانشگاه فرهنگیان,پردیس شهید باهنر اصفهان )مر کز آموزش عالی دکتر آیت نجف آباد(,اصفهان,در جدول ذکر نشده,,تعهد خدمت,7,مرد,در جدول ذکر نشده,ادامه مخصوص داوطلبان بومی استان اصفهان؛ پردیس شهید باهنر اصفهان )مر کز آموزش عالی دکتر آیت نجف آباد(/ اولویت پذیرش با داوطلبان بومی شهرستان های فلاورجان، لنجان /محل خدمت باغبادران؛ پذیرش دانشجو‌معلم با تعهد خدمت؛ ضوابط بخش فرهنگیان دفترچه,1402-humanities-booklet,175,1402-humanities-booklet,175,کدرشته‌محل منبع: 50309؛ عنوان رشته در منبع: آموزش ابتدایی؛ نحوه پذیرش: با آزمون (بخش دانشجو‌معلم)؛ استان در این ردیف مربوط به بومی‌گزینی/محل خدمت است
1402,آموزش ابتدایی,دانشگاه فرهنگیان,پردیس شهید باهنر اصفهان )مرکز آموزش عالی دکتر آیت نجف آباد(,اصفهان,در جدول ذکر نشده,,تعهد خدمت,6,مرد,در جدول ذکر نشده,ادامه مخصوص داوطلبان بومی استان اصفهان؛ پردیس شهید باهنر اصفهان )مرکز آموزش عالی دکتر آیت نجف آباد(/ اولویت پذیرش با داوطلبان بومی شهرستان های فلاورجان، لنجا ن /محل خدمت پیربکران؛ پذیرش دانشجو‌معلم با تعهد خدمت؛ ضوابط بخش فرهنگیان دفترچه,1402-humanities-booklet,175,1402-humanities-booklet,175,کدرشته‌محل منبع: 50310؛ عنوان رشته در منبع: آموزش ابتدایی؛ نحوه پذیرش: با آزمون (بخش دانشجو‌معلم)؛ استان در این ردیف مربوط به بومی‌گزینی/محل خدمت است
1402,آموزش ابتدایی,دانشگاه فرهنگیان,پردیس شهید باهنر اصفهان )مرکز آموزش عالی دکتر آیت نجف آباد(,اصفهان,در جدول ذکر نشده,,تعهد خدمت,8,مرد,در جدول ذکر نشده,ادامه مخصوص داوطلبان بومی استان اصفهان؛ پردیس شهید باهنر اصفهان )مرکز آموزش عالی دکتر آیت نجف آباد(/ اولویت پذیرش با داوطلبان بومی شهرستان های چادگان، خوانسار، فریدن، فریدونشهر، گلپایگان، بویین و میاندشت/محل خدمت فریدن؛ پذیرش دانشجو‌معلم با تعهد خدمت؛ ضوابط بخش فرهنگیان دفترچه,1402-humanities-booklet,175,1402-humanities-booklet,175,کدرشته‌محل منبع: 50311؛ عنوان رشته در منبع: آموزش ابتدایی؛ نحوه پذیرش: با آزمون (بخش دانشجو‌معلم)؛ استان در این ردیف مربوط به بومی‌گزینی/محل خدمت است
1402,آموزش ابتدایی,دانشگاه فرهنگیان,پر دیس شهید باهنر اصفهان )مرکز آموزش عالی دکتر آیت نجف آباد(,اصفهان,در جدول ذکر نشده,,تعهد خدمت,6,مرد,در جدول ذکر نشده,ادامه مخصوص داوطلبان بومی استان اصفهان؛ پر دیس شهید باهنر اصفهان )مرکز آموزش عالی دکتر آیت نجف آباد(/ اولویت پذیرش با داوطلبان بومی شهرستان های چادگان، خوانسار، فریدن، فریدونشهر، گلپایگان، بویین و میاندشت/محل خدمت بوئین ومیاندشت؛ پذیرش دانشجو‌معلم با تعهد خدمت؛ ضوابط بخش فرهنگیان دفترچه,1402-humanities-booklet,175,1402-humanities-booklet,175,کدرشته‌محل منبع: 50312؛ عنوان رشته در منبع: آموزش ابتدایی؛ نحوه پذیرش: با آزمون (بخش دانشجو‌معلم)؛ استان در این ردیف مربوط به بومی‌گزینی/محل خدمت است
1402,آموزش ابتدایی,دانشگاه فرهنگیان,پردیس شهید باهنر اصفهان )مرکز آموزش عالی دک تر آیت نجف آباد(,اصفهان,در جدول ذکر نشده,,تعهد خدمت,1,مرد,در جدول ذکر نشده,ادامه مخصوص داوطلبان بومی استان اصفهان؛ پردیس شهید باهنر اصفهان )مرکز آموزش عالی دک تر آیت نجف آباد(/ اولویت پذیرش با داوطلبان بومی شهرستان های چادگان، خوانسار، فریدن، فریدونشهر، گلپایگان، بویین و میاندشت/محل خدمت فریدون شهر؛ پذیرش دانشجو‌معلم با تعهد خدمت؛ ضوابط بخش فرهنگیان دفترچه,1402-humanities-booklet,175,1402-humanities-booklet,175,کدرشته‌محل منبع: 50313؛ عنوان رشته در منبع: آموزش ابتدایی؛ نحوه پذیرش: با آزمون (بخش دانشجو‌معلم)؛ استان در این ردیف مربوط به بومی‌گزینی/محل خدمت است
1402,آموزش ابتدایی,دانشگاه فرهنگیان,پردیس شهید باهنر اصفهان )مرکز آموزش عالی دکتر آیت نجف آباد(,اصفهان,در جدول ذکر نشده,,تعهد خدمت,6,مرد,در جدول ذکر نشده,ادامه مخصوص داوطلبان بومی استان اصفهان؛ پردیس شهید باهنر اصفهان )مرکز آموزش عالی دکتر آیت نجف آباد(/ اولویت پذیرش با داوطلبان بو می شهرستان های چادگان، خوانسار، فریدن، فریدونشهر، گلپایگان، بویین و میاندشت/محل خدمت خوانسار؛ پذیرش دانشجو‌معلم با تعهد خدمت؛ ضوابط بخش فرهنگیان دفترچه,1402-humanities-booklet,175,1402-humanities-booklet,175,کدرشته‌محل منبع: 50314؛ عنوان رشته در منبع: آموزش ابتدایی؛ نحوه پذیرش: با آزمون (بخش دانشجو‌معلم)؛ استان در این ردیف مربوط به بومی‌گزینی/محل خدمت است
1402,آموزش ابتدایی,دانشگاه فرهنگیان,پردیس شهید باهنر اصفهان,اصفهان,در جدول ذکر نشده,,تعهد خدمت,2,مرد,در جدول ذکر نشده,ادامه مخصوص داوطلبان بومی استان اصفهان؛ پردیس شهید باهنر اصفهان/ اولویت پذیرش با داوطلبان بومی شهرستان جرقویه/محل خدمت جرقویه علیا؛ پذیرش دانشجو‌معلم با تعهد خدمت؛ ضوابط بخش فرهنگیان دفترچه,1402-humanities-booklet,175,1402-humanities-booklet,175,کدرشته‌محل منبع: 50315؛ عنوان رشته در منبع: آموزش ابتدایی؛ نحوه پذیرش: با آزمون (بخش دانشجو‌معلم)؛ استان در این ردیف مربوط به بومی‌گزینی/محل خدمت است
1402,آموزش ابتدایی,دانشگاه فرهنگیان,پردیس شهید باهنر ا صفهان,اصفهان,در جدول ذکر نشده,,تعهد خدمت,6,مرد,در جدول ذکر نشده,ادامه مخصوص داوطلبان بومی استان اصفهان؛ پردیس شهید باهنر ا صفهان/ اولویت پذیرش با داوطلبان بومی شهرستان ورزنه/محل خدمت بن رود؛ پذیرش دانشجو‌معلم با تعهد خدمت؛ ضوابط بخش فرهنگیان دفترچه,1402-humanities-booklet,175,1402-humanities-booklet,175,کدرشته‌محل منبع: 50316؛ عنوان رشته در منبع: آموزش ابتدایی؛ نحوه پذیرش: با آزمون (بخش دانشجو‌معلم)؛ استان در این ردیف مربوط به بومی‌گزینی/محل خدمت است
1402,آموزش ابتدایی,دانشگاه فرهنگیان,پردیس شهید باهنر اصفهان,اصفهان,در جدول ذکر نشده,,تعهد خدمت,6,مرد,در جدول ذکر نشده,ادامه مخصوص داوطلبان بومی استان اصفهان؛ پردیس شهید باهنر اصفهان/ اولویت پذیرش با داوطلبان بومی شهرستان هرند/محل خدمت جلگه؛ پذیرش دانشجو‌معلم با تعهد خدمت؛ ضوابط بخش فرهنگیان دفترچه,1402-humanities-booklet,175,1402-humanities-booklet,175,کدرشته‌محل منبع: 50317؛ عنوان رشته در منبع: آموزش ابتدایی؛ نحوه پذیرش: با آزمون (بخش دانشجو‌معلم)؛ استان در این ردیف مربوط به بومی‌گزینی/محل خدمت است
1402,آموزش ابتدایی,دانشگاه فرهنگیان,پردیس شهید باهنر اصفهان,اصفهان,در جدول ذکر نشده,,تعهد خدمت,6,مرد,در جدول ذکر نشده,ادامه مخصوص داوطلبان بومی استان اصفهان؛ پردیس شهید باهنر اصفهان/ اولویت پذیرش با داوطلبان بوم ی شهرستان کوهپایه/محل خدمت کوهپایه؛ پذیرش دانشجو‌معلم با تعهد خدمت؛ ضوابط بخش فرهنگیان دفترچه,1402-humanities-booklet,175,1402-humanities-booklet,175,کدرشته‌محل منبع: 50318؛ عنوان رشته در منبع: آموزش ابتدایی؛ نحوه پذیرش: با آزمون (بخش دانشجو‌معلم)؛ استان در این ردیف مربوط به بومی‌گزینی/محل خدمت است
1402,آموزش ابتدایی,دانشگاه فرهنگیان,پردیس شهید باهنر اصفهان )مرکز آموزش عالی دکتر آیت نجف آباد(,اصفهان,در جدول ذکر نشده,,تعهد خدمت,22,مرد,در جدول ذکر نشده,ادامه مخصوص داوطلبان بومی استان اصفهان؛ پردیس شهید باهنر اصفهان )مرکز آموزش عالی دکتر آیت نجف آباد(/ اولویت پذیرش با داوطلبان بومی شهرستانهای تیران و کرون، نجف آباد/محل خدمت نجف آباد؛ پذیرش دانشجو‌معلم با تعهد خدمت؛ ضوابط بخش فرهنگیان دفترچه,1402-humanities-booklet,175,1402-humanities-booklet,175,کدرشته‌محل منبع: 50319؛ عنوان رشته در منبع: آموزش ابتدایی؛ نحوه پذیرش: با آزمون (بخش دانشجو‌معلم)؛ استان در این ردیف مربوط به بومی‌گزینی/محل خدمت است
1402,آموزش ابتدایی,دانشگاه فرهنگیان,پردیس شهید باهنر اصفهان مرکز آموزش عالی دکتر آیت نجف آباد(,اصفهان,در جدول ذکر نشده,,تعهد خدمت,16,مرد,در جدول ذکر نشده,ادامه مخصوص داوطلبان بومی استان اصفهان؛ پردیس شهید باهنر اصفهان مرکز آموزش عالی دکتر آیت نجف آباد(/ اولویت پذیرش با داوطلبان ) بومی شهرستانهای تیران و کرون، نجف آباد/محل خدمت تیران وکرون؛ پذیرش دانشجو‌معلم با تعهد خدمت؛ ضوابط بخش فرهنگیان دفترچه,1402-humanities-booklet,175,1402-humanities-booklet,175,کدرشته‌محل منبع: 50320؛ عنوان رشته در منبع: آموزش ابتدایی؛ نحوه پذیرش: با آزمون (بخش دانشجو‌معلم)؛ استان در این ردیف مربوط به بومی‌گزینی/محل خدمت است
1402,آموزش ابتدایی,دانشگاه فرهنگیان,پردیس شهید باهنر اصفهان )مرکز آموزش عالی دکتر آیت نجف آباد(,اصفهان,در جدول ذکر نشده,,تعهد خدمت,6,مرد,در جدول ذکر نشده,ادامه مخصوص داوطلبان بومی استان اصفهان؛ پردیس شهید باهنر اصفهان )مرکز آموزش عالی دکتر آیت نجف آباد(/ اولویت پذیرش با داوطلبان بومی شهرستانهای تیر ان و کرون، نجف آباد/محل خدمت مهردشت؛ پذیرش دانشجو‌معلم با تعهد خدمت؛ ضوابط بخش فرهنگیان دفترچه,1402-humanities-booklet,175,1402-humanities-booklet,175,کدرشته‌محل منبع: 50321؛ عنوان رشته در منبع: آموزش ابتدایی؛ نحوه پذیرش: با آزمون (بخش دانشجو‌معلم)؛ استان در این ردیف مربوط به بومی‌گزینی/محل خدمت است
1402,آموزش ابتدایی,دانشگاه فرهنگیان,پردیس شهید باهنر اصفهان )مرکز آموزش عالی دکتر آیت نجف آباد(,اصفهان,در جدول ذکر نشده,,تعهد خدمت,9,مرد,در جدول ذکر نشده,ادامه مخصوص داوطلبان بومی استان اصفهان؛ پردیس شهید باهنر اصفهان )مرکز آموزش عالی دکتر آیت نجف آباد(/ اولویت پذیرش با داوطلبان بومی شهرستان های چادگان، خوانسار، فریدن، فریدونشهر، گلپایگان، بویین و میاندشت/محل خدمت چادگان؛ پذیرش دانشجو‌معلم با تعهد خدمت؛ ضوابط بخش فرهنگیان دفترچه,1402-humanities-booklet,175,1402-humanities-booklet,175,کدرشته‌محل منبع: 50322؛ عنوان رشته در منبع: آموزش ا بتدایی؛ نحوه پذیرش: با آزمون (بخش دانشجو‌معلم)؛ استان در این ردیف مربوط به بومی‌گزینی/محل خدمت است
1402,آموزش ابتدایی,دانشگاه فرهنگیان,پردیس شهید باهنر اصفهان )مرکز آموزش عالی دکتر آیت نجف آباد(,اصفهان,در جدول ذکر نشده,,تعهد خدمت,8,مرد,در جدول ذکر نشده,ادامه مخصوص داوطلبان بومی استان اصفهان؛ پردیس شهید باهنر اصفهان )مرکز آموزش عالی دکتر آیت نجف آباد(/ اولویت پذیرش با داوطلبان بومی شهرستان های چادگان، خوانسار، فریدن، فریدون شهر، گلپایگان، بویین و میاندشت/محل خدمت گلپایگان؛ پذیرش دانشجو‌معلم با تعهد خدمت؛ ضوابط بخش فرهنگیان دفترچه,1402-humanities-booklet,176,1402-humanities-booklet,176,کدرشته‌محل منبع: 50323؛ عنوان رشته در منبع: آموزش ابتدایی؛ نحوه پذیرش: با آزمون (بخش دانشجو‌معلم)؛ استان در این ردیف مربوط به بومی‌گزینی/محل خدمت است
1402,آموزش ابتدایی,دانشگاه فرهنگیان,پردیس شهید باهنر اصفهان,اصفهان,در جدول ذکر نشده,,تعهد خدمت,12,مرد,در جدول ذکر نشده,ادامه مخصوص داوطلبان بومی استان اصفهان؛ پردیس شهید باهنر اصفهان/ اولویت پذیرش با داوطلبان بومی شهرستان های شهرضا، مبارکه، دهاقان، سمیرم/محل خدمت مبارکه؛ پذیرش دانشجو‌معلم با تعهد خدمت؛ ضوابط بخش فرهنگیان دفترچه,1402-humanities-booklet,176,1402-humanities-booklet,176,کدرشته‌محل منبع: 50324؛ عنوان رشته در منبع: آموزش ابتدایی؛ نحوه پذیرش: با آزمون (بخش دانشجو‌معلم)؛ استان در این ردیف مربوط به بومی‌گزینی/محل خدمت است
1402,آموزش ابتدایی,دانشگاه فرهنگیان,پردیس شهید باهنر اصفهان,اصفهان,در جدول ذکر نشده,,تعهد خدمت,7,مرد,در جدول ذکر نشده,ادامه مخصوص داوطلبان بومی استان اصفهان؛ پردیس شهید باهنر اصفهان/ اولویت پذیرش با داوطلبان بومی شهرستان های شهرضا، مبارکه، ( دهاقان، سمیرم/محل خدمت شهرضا)قمشه؛ پذیرش دانشجو‌معلم با تعهد خدمت؛ ضوابط بخش فرهنگیان دفترچه,1402-humanities-booklet,176,1402-humanities-booklet,176,کدرشته‌محل منبع: 50325؛ عنوان رشته در منبع: آموزش ابتدایی؛ نحوه پذیرش: با آزمون (بخش دانشجو‌معلم)؛ استان در این ردیف مربوط به بومی‌گزینی/محل خدمت است
1402,آموزش ابتدایی,دانشگاه فرهنگیان,پردیس شهید باهنر اصفهان,اصفهان,در جدول ذکر نشده,,تعهد خدمت,1,مرد,در جدول ذکر نشده,ادامه مخصوص داوطلبان بومی استان اصفهان؛ پردیس شهید باهنر اصفهان/ اولویت پذیرش با داوطلبان بومی شهرستان های شهرضا، مبارکه، ( دهاقان، سمیرم/محل خدمت دهاقان )سمیرم سفلی؛ پذیرش دانشجو‌معلم با تعهد خدمت؛ ضوابط بخش فرهنگیان دفترچه,1402-humanities-booklet,176,1402-humanities-booklet,176,کدرشته‌محل منبع: 50326؛ عنوان رشته در منبع: آموزش ابتدایی؛ نحوه پذیرش: با آزمون (بخش دانشجو‌معلم)؛ استان در این ردیف مربوط به بومی‌گزینی/محل خدمت است
1402,آموزش ابتدایی,دانشگاه فرهنگیان,پردیس شهید باهنر اصفهان,اصفهان,در جدول ذکر نشده,,تعهد خدمت,6,مرد,در جدول ذکر نشده,ادامه مخصوص داوطلبان بومی استان اصفهان؛ پردیس شهید باهنر اصفهان/ اولویت پذیرش با داوطلبان بومی شهرستان های نایین، خور و بیابانک/محل خدمت نائین؛ پذیرش دانشجو‌معلم با تعهد خدمت؛ ضوابط بخش فرهنگیان دفترچه,1402-humanities-booklet,176,1402-humanities-booklet,176,کدرشته‌محل منبع: 50327؛ عنوان رشته در منبع: آموزش ابتدایی؛ نحوه پذیرش: با آزمون (بخش دانشجو‌معلم)؛ استان در این ردیف مربوط به بومی‌گزینی/محل خدمت است
1402,آموزش ابتدایی,دانشگاه فرهنگیان,پردیس شهید باهنر اصفهان,اصفهان,در جدول ذکر نشده,,تعهد خدمت,2,مرد,در جدول ذکر نشده,ادامه مخصوص داوطلبان بومی استان اصفهان؛ پردیس شهید باهنر اصفهان/ اولویت پذیرش با داوطلبان بومی شهرستان های نایین، خور و بیابانک/محل خدمت خوروبیابانک؛ پذیرش دانشجو‌معلم با تعهد خدمت؛ ضوابط بخش فرهنگیان دفترچه,1402-humanities-booklet,176,1402-humanities-booklet,176,کدرشته‌محل منبع: 50328؛ عنوان رشته در منبع: آموزش ابت دایی؛ نحوه پذیرش: با آزمون (بخش دانشجو‌معلم)؛ استان در این ردیف مربوط به بومی‌گزینی/محل خدمت است
1402,آموزش ابتدایی,دانشگاه فرهنگیان,پردیس شهید باهنر اصفهان,اصفهان,در جدول ذکر نشده,,تعهد خدمت,7,مرد,در جدول ذکر نشده,ادامه مخصوص داوطلبان بومی استان اصفهان؛ پردیس شهید باهنر اصفهان/ اولویت پذیرش با داوطلبان بومی شهرستان،های کاشان، آران و بیدگل اردستان، نطنز/محل خدمت اردستان؛ پذیرش دانشجو‌معلم با تعهد خدمت؛ ضوابط بخش فرهنگیان دفترچه,1402-humanities-booklet,176,1402-humanities-booklet,176,کدرشته‌محل منبع: 50329؛ عنوان رشته در منبع: آموزش ابتدایی؛ نحوه پذیرش: با آزمون (بخش دانشجو‌معلم)؛ استان در این ردیف مربوط به بومی‌گزینی/محل خدمت است
1402,آموزش ابتدایی,دانشگاه فرهنگیان,پردیس شهید باهنر اصفهان,اصفهان,در جدول ذکر نشده,,تعهد خدمت,1,مرد,در جدول ذکر نشده,ادامه مخصوص داوطلبان بومی استان اصفهان؛ پردیس شهید باهنر اصفهان/ اولویت پذیرش با داوطلبان بومی شهرستان،های کاشان، آران و بیدگل ن ،اردستان طنز/محل خدمت نطنز؛ پذیرش دانشجو‌معلم با تعهد خدمت؛ ضوابط بخش فرهنگیان دفترچه,1402-humanities-booklet,176,1402-humanities-booklet,176,کدرشته‌محل منبع: 50330؛ عنوان رشته در منبع: آموزش ابتدایی؛ نحوه پذیرش: با آزمون (بخش دانشجو‌معلم)؛ استان در این ردیف مربوط به بومی‌گزینی/محل خدمت است
1402,آموزش ابتدایی,دانشگاه فرهنگیان,پردیس شهید باهنر اصفهان,اصفهان,در جدول ذکر نشده,,تعهد خدمت,18,مرد,در جدول ذکر نشده,ادامه مخصوص داوطلبان بومی استان اصفهان؛ پردیس شهید باهنر اصفهان/ اولویت پذیرش با داوطلبان بومی شهرستان،های کاشان، آران و بیدگل اردستان، نطنز/محل خدمت کاشان؛ پذیرش دانشجو‌معلم با تعهد خدمت؛ ضوابط بخش فرهنگیان دفترچه,1402-humanities-booklet,176,1402-humanities-booklet,176,کدرشته‌محل منبع: 50331؛ عنوان رشته در منبع: آموزش ابتدایی؛ نحوه پذیرش: با آزمون (بخش دانشجو‌معلم)؛ استان در این ردیف مربوط به بومی‌گزینی/محل خدمت است
1402,آموزش ابتدایی,دانشگاه فرهنگیان,پردیس شهید باهنر اصفهان,اصفهان,در جدول ذکر نشده,,تعهد خدمت,12,مرد,در جدول ذکر نشده,ادامه مخصوص داوطلبان بومی استان اصفهان؛ پردیس شهید باهنر اصفهان/ اولویت پذیرش با داوطلبان بومی شهرستان های ،کاشان، آران و بیدگل اردستان، نطنز/محل خدمت آران وبیدگل؛ پذیرش دانشجو‌معلم با تعهد خدمت؛ ضوابط بخش فرهنگیان دفترچه,1402-humanities-booklet,176,1402-humanities-booklet,176,کدرشته‌محل منبع: 50332؛ عنوان رشته در منبع: آموزش ابتدایی؛ نحوه پذیرش: با آزمون (بخش دانشجو‌معلم)؛ استان در این ردیف مربوط به بومی‌گزینی/محل خدمت است
1402,آموزش ابتدایی,دانشگاه فرهنگیان,پردیس فاطمه الزهراء)س( اصفهان )مرکز آموزش عالی امام خمینی )ره( کاشان(,اصفهان,در جدول ذکر نشده,,تعهد خدمت,15,زن,در جدول ذکر نشده,ادامه مخصوص داوطلبان بومی استان اصفهان؛ پردیس فاطمه الزهراء)س( اصفهان )مرکز آموزش عالی امام خمینی )ره( کاشان(/ اولویت پذیرش با داوطلبان بومی شهرستان های کاشان، آران و بیدگل، اردستان، نطنز/محل خدمت کاشان؛ پذیرش دانشجو‌معلم با تعهد خدمت؛ ضوابط بخش فرهنگیان دفترچه,1402-humanities-booklet,176,1402-humanities-booklet,176,کدرشته‌محل منبع: 50333؛ عنوان رشته در منبع: آم وزش ابتدایی؛ نحوه پذیرش: با آزمون (بخش دانشجو‌معلم)؛ استان در این ردیف مربوط به بومی‌گزینی/محل خدمت است
1402,آموزش ابتدایی,دانشگاه فرهنگیان,پردیس فاطمه الزهراء)س( اصفهان )مرکز آموزش عالی امام خمینی )ره( کاشان(,اصفهان,در جدول ذکر نشده,,تعهد خدمت,6,زن,در جدول ذکر نشده,ادامه مخصوص داوطلبان بومی استان اصفهان؛ پردیس فاطمه الزهراء)س( اصفهان )مرکز آموزش عالی امام خمینی )ره( کاشان(/ اولویت پذیرش با داوطلبان بومی شهرستان های کاشان، آران و بیدگل، اردستان، نطنز/محل خدمت آران وبیدگل؛ پذیرش دانشجو‌معلم با تعهد خدمت؛ ضوابط بخش فرهنگیان دفترچه,1402-humanities-booklet,176,1402-humanities-booklet,176,کدرشته‌محل منبع: 50334؛ عنوان رشته در منبع: آموزش ابتدایی؛ نحوه پذیرش: با آزمون (بخش دانشجو‌معلم)؛ استان در این ردیف مربوط به بومی‌گزینی/محل خدمت است
1402,آموزش ابتدایی,دانشگاه فرهنگیان,پردیس فاطمه الزهراء)س( اصفهان )مرکز آموزش عالی امام خمینی )ره( کاشان(,اصفهان,در جدول ذکر نشده,,تعهد خدمت,5,زن,در جدول ذکر نشده,ادامه مخصوص داوطلبان بومی استان اصفهان؛ پردیس فاطمه الزهراء)س( اصفهان )مرکز آموزش عالی امام خمینی )ره( کاشان(/ اولویت پذیرش با داوطلبان بومی شهرستان های کاشان، آران و بیدگل، اردستان، نطنز/محل خدمت اردستان؛ پذیرش دانشجو‌معلم با تعهد خدمت؛ ضوابط بخش فرهنگیان دفترچه,1402-humanities-booklet,176,1402-humanities-booklet,176,کدرشته‌محل منبع: 50335؛ عنوان رشته در منبع: آموزش ابتدایی؛ نحوه پذیرش: با آزمون (بخش دانشجو‌معلم)؛ استان در این ردیف مربوط به بومی‌گزینی/محل خدمت است
1402,آموزش ابتدایی,دانشگاه فرهنگیان,پردیس فاطمه الزهراء)س( اصفهان )مرکز آموزش عالی امام خمینی )ره( کاشان(,اصفهان,در جدول ذکر نشده,,تعهد خدمت,1,زن,در جدول ذکر نشده,ادامه مخصوص داوطلبان بومی استان اصفهان؛ پردیس فاطمه الزهراء)س( اصفهان )مرکز آموزش عالی امام خمینی )ره( کاشان(/ اولویت پذیرش با داوطلبان بومی شهرستا ن های کاشان، آران و بیدگل، اردستان، نطنز/محل خدمت نطنز؛ پذیرش دانشجو‌معلم با تعهد خدمت؛ ضوابط بخش فرهنگیان دفترچه,1402-humanities-booklet,176,1402-humanities-booklet,176,کدرشته‌محل منبع: 50336؛ عنوان رشته در منبع: آموزش ابتدایی؛ نحوه پذیرش: با آزمون (بخش دانشجو‌معلم)؛ استان در این ردیف مربوط به بومی‌گزینی/محل خدمت است
1402,آموزش ابتدایی,دانشگاه فرهنگیان,پردیس فاطمه الزهراء)س( اصفهان )مرکز آموزش عالی امام خمینی )ره( کاشان(,اصفهان,در جدول ذکر نشده,,تعهد خدمت,1,زن,در جدول ذکر نشده,ادامه مخصوص داوطلبان بومی استان اصفهان؛ پردیس فاطمه الزهراء)س( اصفهان )مرکز آموزش عالی امام خمینی )ره( کاشان(/ اولویت پذیرش با داوطلبان بومی شهرستان های کاشان، آران و بیدگل، اردستان، نطنز/محل خدمت امامزاده؛ پذیرش دانشجو‌معلم با تعهد خدمت؛ ضوابط بخش فرهنگیان دفترچه,1402-humanities-booklet,176,1402-humanities-booklet,176,کدرشته‌محل منبع: 50337؛ عنوان رشته در منبع: آموز ش ابتدایی؛ نحوه پذیرش: با آزمون (بخش دانشجو‌معلم)؛ استان در این ردیف مربوط به بومی‌گزینی/محل خدمت است
1402,آموزش ابتدایی,دانشگاه فرهنگیان,پردیس فاطمه الزهراء)س( اصفهان )مرکز آموزش عالی امام خمینی )ره( کاشان(,اصفهان,در جدول ذکر نشده,,تعهد خدمت,1,زن,در جدول ذکر نشده,ادامه مخصوص داوطلبان بومی استان اصفهان؛ پردیس فاطمه الزهراء)س( اصفهان )مرکز آموزش عالی امام خمینی )ره( کاشان(/ اولویت پذیرش با داوطلبان بومی شهرستان های نایین، خور و بیابانک/محل خدمت خوروبیابانک؛ پذیرش دانشجو‌معلم با تعهد خدمت؛ ضوابط بخش فرهنگیان دفترچه,1402-humanities-booklet,176,1402-humanities-booklet,176,کدرشته‌محل منبع: 50338؛ عنوان رشته در منبع: آموزش ابتدایی؛ نحوه پذیرش: با آزمون (بخش دانشجو‌معلم)؛ استان در این ردیف مربوط به بومی‌گزینی/محل خدمت است
1402,آموزش ابتدایی,دانشگاه فرهنگیان,پردیس فاطمه الزهراء)س( اصفهان,اصفهان,در جدول ذکر نشده,,تعهد خدمت,2,زن,در جدول ذکر نشده,ادامه مخصوص داوطلبان بومی استان اصفهان؛ پردیس فاطمه الزهراء)س( اصفهان/ اولویت پذیرش با داوطلبان بو می شهرستان های نایین، خور و بیابانک/محل خدمت نائین؛ پذیرش دانشجو‌معلم با تعهد خدمت؛ ضوابط بخش فرهنگیان دفترچه,1402-humanities-booklet,176,1402-humanities-booklet,176,کدرشته‌محل منبع: 50339؛ عنوان رشته در منبع: آموزش ابتدایی؛ نحوه پذیرش: با آزمون (بخش دانشجو‌معلم)؛ استان در این ردیف مربوط به بومی‌گزینی/محل خدمت است
1402,آموزش ابتدایی,دانشگاه فرهنگیان,پردیس فاطمه الزهراء)س( اصفهان,اصفهان,در جدول ذکر نشده,,تعهد خدمت,1,زن,در جدول ذکر نشده,ادامه مخصوص داوطلبان بومی استان اصفهان؛ پردیس فاطمه الزهراء)س( اصفهان/ اولویت پذیرش با داوطلبان بومی شهرستان های شهرضا، مبارکه، ( دهاقان، سمیرم/محل خدمت دهاقان )سمیرم سفلی؛ پذیرش دانشجو‌معلم با تعهد خدمت؛ ضوابط بخش فرهنگیان دفترچه,1402-humanities-booklet,176,1402-humanities-booklet,176,کدرشته‌محل منبع: 50340؛ عنوان رشته در منبع: آموزش ابتدایی؛ نحوه پذیرش: با آزمون (بخش دانشجو‌معلم)؛ استان در این ردیف مربوط به بومی‌گزینی/محل خدمت است
1402,آموزش ابتدایی,دانشگاه فرهنگیان,پردیس فاطمه الزهراء)س اصفهان,اصفهان,در جدول ذکر نشده,,تعهد خدمت,8,زن,در جدول ذکر نشده,ادامه مخصوص داوطلبان بومی استان اصفهان؛ پردیس فاطمه الزهراء)س اصفهان/ اولویت پذیرش با داوطلبان بومی شهرستان( ،های شهرضا، مبارکه دهاقان، سمیرم/محل خدمت مبارکه؛ پذیرش دانشجو‌معلم با تعهد خدمت؛ ضوابط بخش فرهنگیان دفترچه,1402-humanities-booklet,176,1402-humanities-booklet,176,کدرشته‌محل منبع: 50341؛ عنوان رشته در منبع: آموزش ابتدایی؛ نحوه پذیرش: با آزمون (بخش دانشجو‌معلم)؛ استان در این ردیف مربوط به بومی‌گزینی/محل خدمت است
1402,آموزش ابتدایی,دانشگاه فرهنگیان,پردیس فاطمه الزهراء)س( اصفهان,اصفهان,در جدول ذکر نشده,,تعهد خدمت,3,زن,در جدول ذکر نشده,ادامه مخصوص داوطلبان بومی استان اصفهان؛ پردیس فاطمه الزهراء)س( اصفهان/ اولویت پذیرش با داوطلبان بومی شهرستان های شهرضا، مبارکه، ( دهاقان، سمیرم/محل خدمت شهرضا)قمشه؛ پذیرش دانشجو‌معلم با تعهد خدمت؛ ضوابط بخش فرهنگیان دفترچه,1402-humanities-booklet,176,1402-humanities-booklet,176,کدرشته‌محل منبع: 50342؛ عنوان رشته در منبع: آموز ش ابتدایی؛ نحوه پذیرش: با آزمون (بخش دانشجو‌معلم)؛ استان در این ردیف مربوط به بومی‌گزینی/محل خدمت است
1402,آموزش ابتدایی,دانشگاه فرهنگیان,پردیس فاطمه الزهراء)س( اصفهان,اصفهان,در جدول ذکر نشده,,تعهد خدمت,1,زن,در جدول ذکر نشده,ادامه مخصوص داوطلبان بومی استان اصفهان؛ پردیس فاطمه الزهراء)س( اصفهان/ اولویت پذیرش با داوطلبان بومی شهرستان های شهرضا، مبارکه، دهاقان، سمیرم/محل خدمت سمیرم؛ پذیرش دانشجو‌معلم با تعهد خدمت؛ ضوابط بخش فرهنگیان دفترچه,1402-humanities-booklet,176,1402-humanities-booklet,176,کدرشته‌محل منبع: 50343؛ عنوان رشته در منبع: آموزش ابتدایی؛ نحوه پذیرش: با آزمون (بخش دانشجو‌معلم)؛ استان در این ردیف مربوط به بومی‌گزینی/محل خدمت است
1402,آموزش ابتدایی,دانشگاه فرهنگیان,،پردیس فاطمه الزهراء)س( اصفهان,اصفهان,در جدول ذکر نشده,,تعهد خدمت,3,زن,در جدول ذکر نشده,ادامه مخصوص داوطلبان بومی استان اصفهان؛ ،پردیس فاطمه الزهراء)س( اصفهان/ اولویت پذیرش با داوطلبان بومی شهرستانهای تیران و کرون نجف آباد/م حل خدمت مهردشت؛ پذیرش دانشجو‌معلم با تعهد خدمت؛ ضوابط بخش فرهنگیان دفترچه,1402-humanities-booklet,176,1402-humanities-booklet,176,کدرشته‌محل منبع: 50344؛ عنوان رشته در منبع: آموزش ابتدایی؛ نحوه پذیرش: با آزمون (بخش دانشجو‌معلم)؛ استان در این ردیف مربوط به بومی‌گزینی/محل خدمت است
1402,آموزش ابتدایی,دانشگاه فرهنگیان,،پردیس فاطمه الزهراء)س( اصفهان,اصفهان,در جدول ذکر نشده,,تعهد خدمت,15,زن,در جدول ذکر نشده,ادامه مخصوص داوطلبان بومی استان اصفهان؛ ،پردیس فاطمه الزهراء)س( اصفهان/ اولویت پذیرش با داوطلبان بومی شهرستانهای تیران و کرون نجف آباد/محل خدمت نجف آباد؛ پذیرش دانشجو‌معلم با تعهد خدمت؛ ضوابط بخش فرهنگیان دفترچه,1402-humanities-booklet,176,1402-humanities-booklet,176,کدرشته‌محل منبع: 50345؛ عنوان رشته در منبع: آموزش ابتدایی؛ نحوه پذیرش: با آزمون (بخش دانشجو‌معلم)؛ استان در این ردیف مربوط به بومی‌گزینی/محل خدمت است
1402,آموزش ابتدایی,دانشگاه فرهنگیان,پردیس فاطمه الزهراء)س( اصفهان,اصفهان,در جدول ذکر نشده,,تعهد خدمت,7,زن,در جدول ذکر نشده,ادامه مخصوص داوطلبان بومی استان اصفهان؛ پردیس فاطمه الزهراء)س( اصفهان/ اولویت پذیرش با داوطلبان بومی شهرستانهای تیر ان و کرون، نجف آباد/محل خدمت تیران وکرون؛ پذیرش دانشجو‌معلم با تعهد خدمت؛ ضوابط بخش فرهنگیان دفترچه,1402-humanities-booklet,176,1402-humanities-booklet,176,کدرشته‌محل منبع: 50346؛ عنوان رشته در منبع: آموزش ابتدایی؛ نحوه پذیرش: با آزمون (بخش دانشجو‌معلم)؛ استان در این ردیف مربوط به بومی‌گزینی/محل خدمت است
1402,آموزش ابتدایی,دانشگاه فرهنگیان,پردیس فاطمه الزهراء)س( اصفهان,اصفهان,در جدول ذکر نشده,,تعهد خدمت,3,زن,در جدول ذکر نشده,ادامه مخصوص داوطلبان بومی استان اصفهان؛ پردیس فاطمه الزهراء)س( اصفهان/ اولویت پذیرش با داوطلبان بومی شهرستان کوهپایه/محل خدمت کوهپایه؛ پذیرش دانشجو‌معلم با تعهد خدمت؛ ضوابط بخش فرهنگیان دفترچه,1402-humanities-booklet,176,1402-humanities-booklet,176,کدرشته‌محل منبع: 50347؛ عنوان رشته در منبع: آموزش ابتدایی؛ نحوه پذیرش: با آزمون (بخش دانشجو‌معلم)؛ استان در این ردیف مربوط به بومی‌گزینی/محل خدمت است
1402,آموزش ابتدایی,دانشگاه فرهنگیان,پردیس فاطمه الزهراء)س( اصفهان,اصفهان,در جدول ذکر نشده,,تعهد خدمت,3,زن,در جدول ذکر نشده,ادامه مخصوص داوطلبان بومی استان اصفهان؛ پردیس فاطمه الزهراء)س( اصفهان/ اولویت پذیرش با داوطلبان بومی شهرستان هرند/محل خدمت جلگه؛ پذیرش دانشجو‌معلم با تعهد خدمت؛ ضوابط بخش فرهنگیان دفترچه,1402-humanities-booklet,176,1402-humanities-booklet,176,کدرشته‌محل منبع: 50348؛ عنوان رشته در منبع: آموزش ابتدایی؛ نحوه پذیرش: با آزمون (بخش دانشجو‌معلم)؛ استان در این ردیف مربوط به بومی‌گزینی/محل خدمت است
1402,آموزش ابتدایی,دانشگاه فرهنگیان,پردیس فاطمه الزهراء)س( اصفهان,اصفهان,در جدول ذکر نشده,,تعهد خدمت,3,زن,در جدول ذکر نشده,ادامه مخصوص داوطلبان بومی استان اصفهان؛ پردیس فاطمه الزهراء)س( اصفهان/ اولویت پذیرش با داوطلبان بومی شهرستان ورزنه/محل خدمت بن رود؛ پذیرش دانشجو‌معلم با تعهد خدمت؛ ضوابط بخش فرهنگیان دفترچه,1402-humanities-booklet,177,1402-humanities-booklet,177,کدرشته‌محل منبع: 50349؛ عنوان رشته در منبع: آموزش ابتدایی؛ نحوه پذیرش: با آزمون (بخش دانشجو‌معلم)؛ استان در این ردیف مربوط به بومی‌گزینی/محل خدمت است
1402,آموزش ابتدایی,دانشگاه فرهنگیان,پردیس فاطمه الزهراء)س( اصفهان,اصفهان,در جدول ذکر نشده,,تعهد خدمت,1,زن,در جدول ذکر نشده,ادامه مخصوص داوطلبان بومی استان اصفهان؛ پردیس فاطمه الزهراء)س( اصفهان/ اولویت پذیرش با داوطلبان بومی شهرستان جرقویه/محل خدمت جرقویه علیا؛ پذیرش دانشجو‌معلم با تعهد خدمت؛ ضوابط بخش فرهنگیان دفترچه,1402-humanities-booklet,177,1402-humanities-booklet,177,کدرشته‌محل منبع: 50350؛ عنوان رشته در منبع: آموزش ابتدایی؛ نحوه پذیرش: با آزمون (بخش دانشجو‌معلم)؛ استان در این ردیف مربوط به بومی‌گزینی/محل خدمت است
1402,آموزش ابتدایی,دانشگاه فرهنگیان,پردیس فاطمه الزهراء)س( اصفهان )مرکز آموزش عالی امام خمینی )ره( کاشان(,اصفهان,در جدول ذکر نشده,,تعهد خدمت,5,زن,در جدول ذکر نشده,ادامه مخصوص داوطلبان بومی استان اصفهان؛ پردیس فاطمه الزهراء)س( اصفهان )مرکز آموزش عالی امام خمینی )ره( کاشان(/ اولویت پذیرش با داوطلبان بومی شهرستان های چادگا ن، خوانسار، فریدن، فریدونشهر، گلپایگان، بویین و میاندشت/محل خدمت چادگان؛ پذیرش دانشجو‌معلم با تعهد خدمت؛ ضوابط بخش فرهنگیان دفترچه,1402-humanities-booklet,177,1402-humanities-booklet,177,کدرشته‌محل منبع: 50351؛ عنوان رشته در منبع: آموزش ابتدایی؛ نحوه پذیرش: با آزمون (بخش دانشجو‌معلم)؛ استان در این ردیف مربوط به بومی‌گزینی/محل خدمت است
1402,آموزش ابتدایی,دانشگاه فرهنگیان,پردیس فاطمه الزهراء)س( اصفهان )مرکز آموزش عالی امام خمینی )ره( کاشان(,اصفهان,در جدول ذکر نشده,,تعهد خدمت,7,زن,در جدول ذکر نشده,ادامه مخصوص داوطلبان بومی استان اصفهان؛ پردیس فاطمه الزهراء)س( اصفهان )مرکز آموزش عالی امام خمینی )ره( کاشان(/ اولویت پذیرش با داوطلبان بومی شهرستان های چادگان، خوانسار، فریدن، فریدونشهر، گلپایگان، بویین و میاندشت/محل خدمت گلپایگان؛ پذیرش دانشجو‌معلم با تعهد خدمت؛ ضوابط بخش فرهنگیان دفترچه,1402-humanities-booklet,177,1402-humanities-booklet,177,کدرشته‌محل منبع: 50352؛ عنوان رشته در منبع: آموزش ابتدایی؛ نحوه پذیرش: با آزمون (بخش دانشجو‌معلم)؛ استان در این ردیف مربوط به بومی‌گزینی/محل خدمت است
1402,آموزش ابتدایی,دانشگاه فرهنگیان,پردیس فاطمه الزهراء)س( اصفهان,اصفهان,در جدول ذکر نشده,,تعهد خدمت,11,زن,در جدول ذکر نشده,ادامه مخصوص داوطلبان بومی استان اصفهان؛ پردیس فاطمه الزهراء)س( اصفهان/ اولویت پذیرش با داوطلبان بومی شهرستان های فلاورجان، ( لنجان /محل خدمت زرین شهر)لنجان؛ پذیرش دانشجو‌معلم با تعهد خدمت؛ ضوابط بخش فرهنگیان دفترچه,1402-humanities-booklet,177,1402-humanities-booklet,177,کدرشته‌محل منبع: 50353؛ عنوان رشته در منبع: آموزش ابتدایی؛ نحوه پذیرش: با آزمون (بخش دانشجو‌معلم)؛ استان در این ردیف مربوط به بومی‌گزینی/محل خدمت است
1402,آموزش ابتدایی,دانشگاه فرهنگیان,پردیس فاطمه الزهراء)س( اصفهان,اصفهان,در جدول ذکر نشده,,تعهد خدمت,8,زن,در جدول ذکر نشده,ادامه مخصوص داوطلبان بومی استان اصفهان؛ پردیس فاطمه الزهراء)س( اصفهان/ اولویت پذیرش با داوطلب ان بومی شهرستان ،های فلاورجان لنجان /محل خدمت فولادشهر؛ پذیرش دانشجو‌معلم با تعهد خدمت؛ ضوابط بخش فرهنگیان دفترچه,1402-humanities-booklet,177,1402-humanities-booklet,177,کدرشته‌محل منبع: 50354؛ عنوان رشته در منبع: آموزش ابتدایی؛ نحوه پذیرش: با آزمون (بخش دانشجو‌معلم)؛ استان در این ردیف مربوط به بومی‌گزینی/محل خدمت است
1402,آموزش ابتدایی,دانشگاه فرهنگیان,پردیس فاطمه الزهراء)س( اصفهان,اصفهان,در جدول ذکر نشده,,تعهد خدمت,8,زن,در جدول ذکر نشده,ادامه مخصوص داوطلبان بومی استان اصفهان؛ پردیس فاطمه الزهراء)س( اصفهان/ اولویت پذیرش با داوطلبان بومی شهرستان های فلاورجان، لنجان /محل خدمت فلاورجان؛ پذیرش دانشجو‌معلم با تعهد خدمت؛ ضوابط بخش فرهنگیان دفترچه,1402-humanities-booklet,177,1402-humanities-booklet,177,کدرشته‌محل منبع: 50355؛ عنوان رشته در منبع: آموزش ابتدایی؛ نحوه پذیرش: با آزمون (بخش دانشجو‌معلم)؛ استان در این ردیف مربوط به بومی‌گزینی/محل خدمت است
1402,آموزش ابتدایی,دانشگاه فرهنگیان,پردیس فاطمه الزهراء)س( اصفهان,اصفهان,در جدول ذکر نشده,,تعهد خدمت,5,زن,در جدول ذکر نشده,ادامه مخصوص داوطلبان بومی استان اصفهان؛ پردیس فاطمه الزهراء)س( اصفهان/ اولویت پذی رش با داوطلبان بومی شهرستان های فلاورجان، لنجان /محل خدمت باغبادران؛ پذیرش دانشجو‌معلم با تعهد خدمت؛ ضوابط بخش فرهنگیان دفترچه,1402-humanities-booklet,177,1402-humanities-booklet,177,کدرشته‌محل منبع: 50356؛ عنوان رشته در منبع: آموزش ابتدایی؛ نحوه پذیرش: با آزمون (بخش دانشجو‌معلم)؛ استان در این ردیف مربوط به بومی‌گزینی/محل خدمت است
1402,آموزش ابتدایی,دانشگاه فرهنگیان,پردیس فاطمه الزهراء)س( اصفهان,اصفهان,در جدول ذکر نشده,,تعهد خدمت,3,زن,در جدول ذکر نشده,ادامه مخصوص داوطلبان بومی استان اصفهان؛ پردیس فاطمه الزهراء)س( اصفهان/ اولویت پذیرش با داوطلبان بومی شهرستان های فلاورجان، لنجان /محل خدمت پیربکران؛ پذیرش دانشجو‌معلم با تعهد خدمت؛ ضوابط بخش فرهنگیان دفترچه,1402-humanities-booklet,177,1402-humanities-booklet,177,کدرشته‌محل منبع: 50357؛ عنوان رشته در منبع: آموزش ابتدایی؛ نحوه پذیرش: با آزمون (بخش دانشجو‌معلم)؛ استان در این ردیف مربوط به بومی‌گزینی/محل خدمت است
1402,آموزش ابتدایی,دانشگاه فرهنگیان,پردیس فاطمه الزهراء)س( اصفها ن,اصفهان,در جدول ذکر نشده,,تعهد خدمت,5,زن,در جدول ذکر نشده,ادامه مخصوص داوطلبان بومی استان اصفهان؛ پردیس فاطمه الزهراء)س( اصفها ن/ اولویت پذیرش با داوطلبان بومی شهرستان های چادگان، خوانسار، فریدن، فریدونشهر، گلپایگان، بویین و میاندشت/محل خدمت فریدن؛ پذیرش دانشجو‌معلم با تعهد خدمت؛ ضوابط بخش فرهنگیان دفترچه,1402-humanities-booklet,177,1402-humanities-booklet,177,کدرشته‌محل منبع: 50358؛ عنوان رشته در منبع: آموزش ابتدایی؛ نحوه پذیرش: با آزمون (بخش دانشجو‌معلم)؛ استان در این ردیف مربوط به بومی‌گزینی/محل خدمت است
1402,آموزش ابتدایی,دانشگاه فرهنگیان,پردیس فاطمه الزهراء)س( اصفهان,اصفهان,در جدول ذکر نشده,,تعهد خدمت,3,زن,در جدول ذکر نشده,ادامه مخصوص داوطلبان بومی استان اصفهان؛ پردیس فاطمه الزهراء)س( اصفهان/ اولویت پذیرش با داوطلبان بومی شهرستان های چادگان، گ ،خوانسار، فریدن، فریدونشهر لپایگان، بویین و میاندشت/محل خدمت بوئین ومیاندشت؛ پذیرش دانشجو‌معلم با تعهد خدمت؛ ضوابط بخش فرهنگیان دفترچه,1402-humanities-booklet,177,1402-humanities-booklet,177,کدرشته‌محل منبع: 50359؛ عنوان رشته در منبع: آموزش ابتدایی؛ نحوه پذیرش: با آزمون (بخش دانشجو‌معلم)؛ استان در این ردیف مربوط به بومی‌گزینی/محل خدمت است
1402,آموزش ابتدایی,دانشگاه فرهنگیان,پردیس فاطمه الزهراء)س( اصفهان,اصفهان,در جدول ذکر نشده,,تعهد خدمت,1,زن,در جدول ذکر نشده,ادامه مخصوص داوطلبان بومی استان اصفهان؛ پردیس فاطمه الزهراء)س( اصفهان/ اولویت پذیرش با داوطلبان بومی شهرستان های چادگان، خوانسار، فریدن، فریدونشهر، گلپایگان، بویین و میاندشت/محل خدمت فریدون شهر؛ پذیرش دانشجو‌معلم با تعهد خدمت؛ ضوابط بخش فرهنگیان دفترچه,1402-humanities-booklet,177,1402-humanities-booklet,177,کدرشته‌محل منبع: 50360؛ عنوان رشته در منبع: آموزش ابتدایی؛ نحوه پذیرش: با آزمون (بخش دانشجو‌معلم)؛ استان در این ردیف مربوط به بومی‌گزینی/محل خدمت است
1402,آموزش ابتدایی,دانشگاه فرهنگیان,پ ردیس فاطمه الزهراء)س( اصفهان,اصفهان,در جدول ذکر نشده,,تعهد خدمت,2,زن,در جدول ذکر نشده,ادامه مخصوص داوطلبان بومی استان اصفهان؛ پ ردیس فاطمه الزهراء)س( اصفهان/ اولویت پذیرش با داوطلبان بومی شهرستان های چادگان، خوانسار، فریدن، فریدونشهر، گلپایگان، بویین و میاندشت/محل خدمت خوانسار؛ پذیرش دانشجو‌معلم با تعهد خدمت؛ ضوابط بخش فرهنگیان دفترچه,1402-humanities-booklet,177,1402-humanities-booklet,177,کدرشته‌محل منبع: 50361؛ عنوان رشته در منبع: آموزش ابتدایی؛ نحوه پذیرش: با آزمون (بخش دانشجو‌معلم)؛ استان در این ردیف مربوط به بومی‌گزینی/محل خدمت است
1402,آموزش ابتدایی,دانشگاه فرهنگیان,پردیس فاطمه الزهراء)س( اصفهان,اصفهان,در جدول ذکر نشده,,تعهد خدمت,2,زن,در جدول ذکر نشده,ادامه مخصوص داوطلبان بومی استان اصفهان؛ پردیس فاطمه الزهراء)س( اصفهان/ اولویت پذیرش با داوطلبان بومی شهرستان های اصفهان، شاهین شهرو میمه، برخوار، خمینی شهر/محل خدمت میمه؛ پذیرش دانشجو‌معلم با تعهد خدمت؛ ضوابط بخش فرهنگیان دفترچه,1402-humanities-booklet,177,1402-humanities-booklet,177,کدرشته‌محل منبع: 50362؛ عنوان رشته در منبع: آموزش ابتدایی؛ نحوه پذیرش: با آزمون (بخش دانشجو‌معلم)؛ استان در این ردیف مربوط به بومی‌گزینی/محل خدمت است
1402,آموزش ابتدایی,دانشگاه فرهنگیان,پردیس فاطمه الزهراء)س( اصفهان,اصفهان,در جدول ذکر نشده,,تعهد خدمت,8,زن,در جدول ذکر نشده,ادامه مخصوص داوطلبان بومی استان اصفهان؛ پردیس فاطمه الزهراء)س( اصفهان/ اولویت پذیرش با داوطلبان بومی شهرستان های اصفهان، شاهین شهرو میمه، برخوار، خمینی شهر/محل خدمت اصفهان .ناحیه 1؛ پذیرش دانشجو‌معلم با تعهد خدمت؛ ضوابط بخش فرهنگیان دفترچه,1402-humanities-booklet,177,1402-humanities-booklet,177,کدرشته‌محل منبع: 50363؛ عنوان رشته در منبع: آموزش ابتدایی؛ نحوه پذیرش: با آزمون (بخش دانشجو‌معلم)؛ استان در این ردیف مربوط به بومی‌گزینی/محل خدمت است
1402,آموزش ابتدایی,دانشگاه فرهنگیان,پردیس فاطمه ا لزهراء)س( اصفهان,اصفهان,در جدول ذکر نشده,,تعهد خدمت,11,زن,در جدول ذکر نشده,ادامه مخصوص داوطلبان بومی استان اصفهان؛ پردیس فاطمه ا لزهراء)س( اصفهان/ اولویت پذیرش با داوطلبان بومی شهرستان های اصفهان، شاهین شهرو میمه، برخوار، خمینی شهر/محل خدمت اصفهان .ناحیه 2؛ پذیرش دانشجو‌معلم با تعهد خدمت؛ ضوابط بخش فرهنگیان دفترچه,1402-humanities-booklet,177,1402-humanities-booklet,177,کدرشته‌محل منبع: 50364؛ عنوان رشته در منبع: آموزش ابتدایی؛ نحوه پذیرش: با آزمون (بخش دانشجو‌معلم)؛ استان در این ردیف مربوط به بومی‌گزینی/محل خدمت است
1402,آموزش ابتدایی,دانشگاه فرهنگیان,پردیس فاطمه الزهراء)س( اصفهان,اصفهان,در جدول ذکر نشده,,تعهد خدمت,17,زن,در جدول ذکر نشده,ادامه مخصوص داوطلبان بومی استان اصفهان؛ پردیس فاطمه الزهراء)س( اصفهان/ اولویت پذیرش با داوطلبان بومی شهرستان های اصفهان، شاهین شهرو میمه، برخ وار، خمینی شهر/محل خدمت اصفهان .ناحیه3؛ پذیرش دانشجو‌معلم با تعهد خدمت؛ ضوابط بخش فرهنگیان دفترچه,1402-humanities-booklet,177,1402-humanities-booklet,177,کدرشته‌محل منبع: 50365؛ عنوان رشته در منبع: آموزش ابتدایی؛ نحوه پذیرش: با آزمون (بخش دانشجو‌معلم)؛ استان در این ردیف مربوط به بومی‌گزینی/محل خدمت است
1402,آموزش ابتدایی,دانشگاه فرهنگیان,پردیس فاطمه الزهراء)س( اصفهان,اصفهان,در جدول ذکر نشده,,تعهد خدمت,24,زن,در جدول ذکر نشده,ادامه مخصوص داوطلبان بومی استان اصفهان؛ پردیس فاطمه الزهراء)س( اصفهان/ اولویت پذیرش با داوطلبان بومی شهرستان های اصفهان، شاهین شهرو میمه، برخوار، خمینی شهر/محل خدمت اصفهان .ناحیه 4؛ پذیرش دانشجو‌معلم با تعهد خدمت؛ ضوابط بخش فرهنگیان دفترچه,1402-humanities-booklet,177,1402-humanities-booklet,177,کدرشته‌محل منبع: 50366؛ عنوان رشته در منبع: آموزش ابتدایی؛ نحوه پذیرش: با آزمون (بخش دانشجو‌معلم)؛ استان در این ردیف مربوط به بومی‌گزینی/محل خدمت است
1402,آموزش ابتدایی,دانشگاه فرهنگیان,پردیس فاطمه الزهراء)س اصفهان,اصفهان,در جدول ذکر نشده,,تعهد خدمت,24,زن,در جدول ذکر نشده,ادامه مخصوص داوطلبان بومی استان اصفهان؛ پردیس فاطمه الزهراء)س اصفهان/ اولویت پذیرش با داوطلبان بومی شهرستان( ،های اصفهان شاهین شهرو میمه، برخوار، خمینی شهر/محل خدمت اصفهان .ناحیه 5؛ پذیرش دانشجو‌معلم با تعهد خدمت؛ ضوابط بخش فرهنگیان دفترچه,1402-humanities-booklet,177,1402-humanities-booklet,177,کدرشته‌محل منبع: 50367؛ عنوان رشته در منبع: آموزش ابتدایی؛ نحوه پذیرش: با آزمون (بخش دانشجو‌معلم)؛ استان در این ردیف مربوط به بومی‌گزینی/محل خدمت است
1402,آموزش ابتدایی,دانشگاه فرهنگیان,پردیس فاطمه الزهراء)س( اصفهان,اصفهان,در جدول ذکر نشده,,تعهد خدمت,6,زن,در جدول ذکر نشده,ادامه مخصوص داوطلبان بومی استان اصفهان؛ پردیس فاطمه الزهراء)س( اصفهان/ اولویت پذیرش با داوطلبان بومی شهرستان های اصفهان، شاهین شهرو میمه، برخوار، خمی نی شهر/محل خدمت شاهین شهر؛ پذیرش دانشجو‌معلم با تعهد خدمت؛ ضوابط بخش فرهنگیان دفترچه,1402-humanities-booklet,177,1402-humanities-booklet,177,کدرشته‌محل منبع: 50368؛ عنوان رشته در منبع: آموزش ابتدایی؛ نحوه پذیرش: با آزمون (بخش دانشجو‌معلم)؛ استان در این ردیف مربوط به بومی‌گزینی/محل خدمت است
1402,آموزش ابتدایی,دانشگاه فرهنگیان,پردیس فاطمه الزهراء)س( اصفهان,اصفهان,در جدول ذکر نشده,,تعهد خدمت,8,زن,در جدول ذکر نشده,ادامه مخصوص داوطلبان بومی استان اصفهان؛ پردیس فاطمه الزهراء)س( اصفهان/ اولویت پذیرش با داوطلبان بومی شهرستان های اصفهان، شاهین شهرو میمه، برخوار، خمینی شهر/محل خدمت برخوار؛ پذیرش دانشجو‌معلم با تعهد خدمت؛ ضوابط بخش فرهنگیان دفترچه,1402-humanities-booklet,177,1402-humanities-booklet,177,کدرشته‌محل منبع: 50369؛ عنوان رشته در منبع: آموزش ابتدایی؛ نحوه پذیرش: با آزمون (بخش دانشجو‌معلم)؛ استان در این ردیف مربوط به بومی‌گزینی/محل خدمت است
1402,آموزش ابتدایی,دانشگاه فرهنگیان,پردیس فاطمه الزهراء)س( اصفهان,اصفهان,در جدول ذکر نشده,,تعهد خدمت,10,زن,در جدول ذکر نشده,ادامه مخصوص داوطلبان بومی استان اصفهان؛ پردیس فاطمه الزهراء)س( اصفهان/ اولویت پذیرش با داوطلبان بومی شهرستان های اصفهان، شاهین شهرو میمه، برخوار، خمینی شهر/محل خدمت اصفهان .ناحیه 6 (جی)؛ پذیرش دانشجو‌معلم با تعهد خدمت؛ ضوابط بخش فرهنگیان دفترچه,1402-humanities-booklet,177,1402-humanities-booklet,177,کدرشته‌محل منبع: 50370؛ عنوان رشته در منبع: آموزش ابتدایی؛ نحوه پذیرش: با آزمون (بخش دانشجو‌معلم)؛ استان در این ردیف مربوط به بومی‌گزینی/محل خدمت است
1402,آموزش ابتدایی,دانشگاه فرهنگیان,پردیس فاطمه الزهراء)س( اصفهان,اصفهان,در جدول ذکر نشده,,تعهد خدمت,18,زن,در جدول ذکر نشده,ادامه مخصوص داوطلبان بومی استان اصفهان؛ پردیس فاطمه الزهراء)س( اصفهان/ اولویت پذیرش با داوطلبان بومی شهرستان های اصفهان، شاهین شهرو میمه، برخوار، خمینی شهر/محل خدمت خمین ی شهر؛ پذیرش دانشجو‌معلم با تعهد خدمت؛ ضوابط بخش فرهنگیان دفترچه,1402-humanities-booklet,177,1402-humanities-booklet,177,کدرشته‌محل منبع: 50371؛ عنوان رشته در منبع: آموزش ابتدایی؛ نحوه پذیرش: با آزمون (بخش دانشجو‌معلم)؛ استان در این ردیف مربوط به بومی‌گزینی/محل خدمت است
1402,آموزش ابتدایی,دانشگاه فرهنگیان,پردیس امیرکبیر کرج,البرز,در جدول ذکر نشده,,تعهد خدمت,11,زن,در جدول ذکر نشده,ادامه مخصوص داوطلبان بومی استان البرز؛ پردیس امیرکبیر کرج/ اولویت پذیرش با داوطلبان بومی شهرستانهای نظرآباد، ساوجبلاغ/محل خدمت ساوجبلاغ؛ پذیرش دانشجو‌معلم با تعهد خدمت؛ ضوابط بخش فرهنگیان دفترچه,1402-humanities-booklet,183,1402-humanities-booklet,183,کدرشته‌محل منبع: 50429؛ عنوان رشته در منبع: آموزش ابتدایی؛ نحوه پذیرش: با آزمون (بخش دانشجو‌معلم)؛ استان در این ردیف مربوط به بومی‌گزینی/محل خدمت است
1402,آموزش ابتدایی,دانشگاه فرهنگیان,،پردیس امیرکبیر کرج,البرز,در جدول ذکر نشده,,تعهد خدمت,8,زن,در جدول ذکر نشده,ادامه مخصوص داوطلبان بومی استان البرز؛ ،پردیس امیرکبیر کرج/ اولویت پذیرش با داوطلبان بومی شهرستانهای نظرآباد ساوجبلاغ/محل خدمت نظرآباد؛ پذیرش دانشجو‌معلم با تعهد خدمت؛ ضوابط بخش فرهنگیان دفترچه,1402-humanities-booklet,183,1402-humanities-booklet,183,کدرشته‌محل منبع: 50430؛ عنوان رشته در منبع: آموزش ابتدایی؛ نحوه پذیرش: با آزمون (بخش دانشجو‌معلم)؛ استان در این ردیف مربوط به بومی‌گزینی/محل خدمت است
1402,آموزش ابتدایی,دانشگاه فرهنگیان,پردیس امیرکبیر کرج,البرز,در جدول ذکر نشده,,تعهد خدمت,6,زن,در جدول ذکر نشده,ادامه مخصوص داوطلبان بومی استان البرز؛ پردیس امیرکبیر کرج/ اولویت پذیرش با داوطلبان بومی شهرستانهای اشتهارد، طالقان/محل خدمت اشتهارد؛ پذیرش دانشجو‌معلم با تعهد خدمت؛ ضوابط بخش فرهنگیان دفترچه,1402-humanities-booklet,183,1402-humanities-booklet,183,کدرشته‌محل منبع: 50431؛ عنوان رشته در منبع: آموزش ابتدایی؛ نحوه پذیرش: با آزمون (بخش دانشجو‌معلم)؛ استان در این ردیف مربوط به بومی‌گزینی/محل خدمت است
1402,آموزش ابتدایی,دانشگاه فرهنگیان,پردیس امیرکبیر کرج,البرز,در جدول ذکر نشده,,تعهد خدمت,5,زن,در جدول ذکر نشده,ادامه مخصوص داوطلبان بومی استان البرز؛ پردیس امیرکبیر کرج/ اولویت پذیرش با داوطلبان بومی شهرستانهای کرج، فردیس، چهارباغ/مح ل خدمت کرج .ناحیه1؛ پذیرش دانشجو‌معلم با تعهد خدمت؛ ضوابط بخش فرهنگیان دفترچه,1402-humanities-booklet,183,1402-humanities-booklet,183,کدرشته‌محل منبع: 50432؛ عنوان رشته در منبع: آموزش ابتدایی؛ نحوه پذیرش: با آزمون (بخش دانشجو‌معلم)؛ استان در این ردیف مربوط به بومی‌گزینی/محل خدمت است
1402,آموزش ابتدایی,دانشگاه فرهنگیان,پردیس امیرکبیر کرج,البرز,در جدول ذکر نشده,,تعهد خدمت,13,زن,در جدول ذکر نشده,ادامه مخصوص داوطلبان بومی استان البرز؛ پردیس امیرکبیر کرج/ اولویت پذیرش با داوطلبان بومی شهرستانهای کرج، فردیس، چهارباغ/محل خدمت کرج .ناحیه2؛ پذیرش دانشجو‌معلم با تعهد خدمت؛ ضوابط بخش فرهنگیان دفترچه,1402-humanities-booklet,183,1402-humanities-booklet,183,کدرشته‌محل منبع: 50433؛ عنوان رشته در منبع: آموزش ابتدایی؛ نحوه پذیرش: با آزمون (بخش دانشجو‌معلم)؛ استان در این ردیف مربوط به بومی‌گزینی/محل خدمت است
1402,آموزش ابتدایی,دانشگاه فرهنگیان,پردیس امیرکبیر کرج,البرز,در جدول ذکر نشده,,تعهد خدمت,17,زن,در جدول ذکر نشده,ادامه مخصوص داوطلبان بومی استان البرز؛ پردیس امیرکبیر کرج/ اولویت پذیرش با داوطلبان بومی شهرستانهای کرج، فردیس، چهارباغ / محل خدمت کرج .ناحیه3؛ پذیرش دانشجو‌معلم با تعهد خدمت؛ ضوابط بخش فرهنگیان دفترچه,1402-humanities-booklet,183,1402-humanities-booklet,183,کدرشته‌محل منبع: 50434؛ عنوان رشته در منبع: آموزش ابتدایی؛ نحوه پذیرش: با آزمون (بخش دانشجو‌معلم)؛ استان در این ردیف مربوط به بومی‌گزینی/محل خدمت است
1402,آموزش ابتدایی,دانشگاه فرهنگیان,پردیس امیرکبیر کرج,البرز,در جدول ذکر نشده,,تعهد خدمت,19,زن,در جدول ذکر نشده,ادامه مخصوص داوطلبان بومی استان البرز؛ پردیس امیرکبیر کرج/ اولویت پذیرش با داوطلبان بومی شهرستانهای کرج، فردیس، چهارباغ/محل خدمت کرج .ناحیه4؛ پذیرش دانشجو‌معلم با تعهد خدمت؛ ضوابط بخش فرهنگیان دفترچه,1402-humanities-booklet,183,1402-humanities-booklet,183,کدرشته‌محل منبع: 50435؛ عنوان رشته در منبع: آموزش ابتدایی؛ نحوه پذیرش: با آزمون (بخش دانشجو‌معلم)؛ استان در این ردیف مربوط به بومی‌گزینی/محل خدمت است
1402,آموزش ابتدایی,دانشگاه فرهنگیان,پردیس حکیم ابوالقاسم فردوسی کرج,البرز,در جدول ذکر نشده,,تعهد خدمت,10,مرد,در جدول ذکر نشده,ادامه مخصوص داوطلبان بومی استان البرز؛ پردیس حکیم ابوالقاسم فردوسی کرج/ اولویت پذیرش با داوطلبان بومی شهرستانهای اش تهارد، طالقان/محل خدمت اشتهارد؛ پذیرش دانشجو‌معلم با تعهد خدمت؛ ضوابط بخش فرهنگیان دفترچه,1402-humanities-booklet,183,1402-humanities-booklet,183,کدرشته‌محل منبع: 50436؛ عنوان رشته در منبع: آموزش ابتدایی؛ نحوه پذیرش: با آزمون (بخش دانشجو‌معلم)؛ استان در این ردیف مربوط به بومی‌گزینی/محل خدمت است
1402,آموزش ابتدایی,دانشگاه فرهنگیان,،پردیس حکیم ابوالقاسم فردوسی کرج,البرز,در جدول ذکر نشده,,تعهد خدمت,11,مرد,در جدول ذکر نشده,ادامه مخصوص داوطلبان بومی استان البرز؛ ،پردیس حکیم ابوالقاسم فردوسی کرج/ اولویت پذیرش با داوطلبان بومی شهرستانهای کرج فردیس، چهارباغ/محل خدمت کرج .ناحیه1؛ پذیرش دانشجو‌معلم با تعهد خدمت؛ ضوابط بخش فرهنگیان دفترچه,1402-humanities-booklet,183,1402-humanities-booklet,183,کدرشته‌محل منبع: 50437؛ عنوان رشته در منبع: آموزش ابتدایی؛ نحوه پذیرش: با آزمون (بخش دانشجو‌معلم)؛ استان در این ردیف مربوط به بومی‌گزینی/محل خدمت است
1402,آموزش ابتدایی,دانشگاه فرهنگیان,پردیس حکیم ابوالقاسم فردوسی کرج,البرز,در جدول ذکر نشده,,تعهد خدمت,23,مرد,در جدول ذکر نشده,ادامه مخصوص داوطلبان بومی استان البرز؛ پردیس حکیم ابوالقاسم فردوسی کرج/ اولویت پذیرش با داوط لبان بومی شهرستانهای کرج، فردیس، چهارباغ/محل خدمت کرج .ناحیه2؛ پذیرش دانشجو‌معلم با تعهد خدمت؛ ضوابط بخش فرهنگیان دفترچه,1402-humanities-booklet,183,1402-humanities-booklet,183,کدرشته‌محل منبع: 50438؛ عنوان رشته در منبع: آموزش ابتدایی؛ نحوه پذیرش: با آزمون (بخش دانشجو‌معلم)؛ استان در این ردیف مربوط به بومی‌گزینی/محل خدمت است
1402,آموزش ابتدایی,دانشگاه فرهنگیان,،پردیس حکیم ابوالقاسم فردوسی کرج,البرز,در جدول ذکر نشده,,تعهد خدمت,28,مرد,در جدول ذکر نشده,ادامه مخصوص داوطلبان بومی استان البرز؛ ،پردیس حکیم ابوالقاسم فردوسی کرج/ اولویت پذیرش با داوطلبان بومی شهرستانهای کرج فردیس، چهارباغ/محل خدمت کرج .ناحیه3؛ پذیرش دانشجو‌معلم با تعهد خدمت؛ ضوابط بخش فرهنگیان دفترچه,1402-humanities-booklet,183,1402-humanities-booklet,183,کدرشته‌محل منبع: 50439؛ عنوان رشته در منبع: آموزش ابتدایی؛ نحوه پذیرش: با آزمون (بخش دانشجو‌معلم)؛ استان در این ردیف مربوط به بومی‌گزینی/محل خدمت است
1402,آموزش ابتدایی,دانشگاه فرهنگیان,،پردیس حکیم ابوالقاسم فردوسی کرج,البرز,در جدول ذکر نشده,,تعهد خدمت,29,مرد,در جدول ذکر نشده,ادامه مخصوص داوطلبان بومی استان البرز؛ ،پردیس حکیم ابوالقاسم فردوسی کرج/ اولویت پذیرش با داوطلبان بومی شهرستانهای کرج فردیس، چهارباغ/محل خدمت کرج .ناحیه4؛ پذیرش دانشجو‌معلم با تعهد خدمت؛ ضوابط بخش فرهنگیان دفترچه,1402-humanities-booklet,184,1402-humanities-booklet,184,کدرشته‌محل منبع: 50440؛ عنوان رشته در منبع: آموزش ابتدایی؛ نحوه پذیرش: با آزمون (بخش دانشجو‌معلم)؛ استان در این ردیف مربوط به بومی‌گزینی/محل خدمت است
1402,آموزش ابتدایی,دانشگاه فرهنگیان,پردیس حکیم ابوالقاسم فردو سی کرج,البرز,در جدول ذکر نشده,,تعهد خدمت,18,مرد,در جدول ذکر نشده,ادامه مخصوص داوطلبان بومی استان البرز؛ پردیس حکیم ابوالقاسم فردو سی کرج/ اولویت پذیرش با داوطلبان بومی شهرستانهای نظرآباد، ساوجبلاغ/محل خدمت ساوجبلاغ؛ پذیرش دانشجو‌معلم با تعهد خدمت؛ ضوابط بخش فرهنگیان دفترچه,1402-humanities-booklet,184,1402-humanities-booklet,184,کدرشته‌محل منبع: 50441؛ عنوان رشته در منبع: آموزش ابتدایی؛ نحوه پذیرش: با آزمون (بخش دانشجو‌معلم)؛ استان در این ردیف مربوط به بومی‌گزینی/محل خدمت است
1402,آموزش ابتدایی,دانشگاه فرهنگیان,،پردیس حکیم ابوالقاسم فردوسی کرج,البرز,در جدول ذکر نشده,,تعهد خدمت,13,مرد,در جدول ذکر نشده,ادامه مخصوص داوطلبان بومی استان البرز؛ ،پردیس حکیم ابوالقاسم فردوسی کرج/ اولویت پذیرش با داوطلبان بومی شهرستانهای نظرآباد ساوجبلاغ/محل خدمت نظرآباد؛ پذیرش دانشجو‌معلم با تعهد خدمت؛ ضوابط بخش فرهنگیان دفترچه,1402-humanities-booklet,184,1402-humanities-booklet,184,کدرشته‌محل منبع: 50442؛ عنوان رشته در منبع: آموزش ابتدایی؛ نحوه پذیرش: با آزمون (بخش دانشجو‌معلم)؛ استان در این ردیف مربوط به بومی‌گزینی/محل خدمت است
1402,آموزش ابتدایی,دانشگاه فرهنگیان,پردیس شهید صدوقی کرمانشاه,ایلام,در جدول ذکر نشده,,تعهد خدمت,1,زن,در جدول ذکر نشده,ادامه مخصوص داوطلبان بومی استان ایلام؛ پردیس شهید صدوقی کرمانشاه/ اولویت پذیرش با داوطلبان بومی شهرستان دهلران/محل خدمت دهلران؛ پذیرش دانشجو‌معلم با تعهد خدمت؛ ضوابط بخش فرهنگیان دفترچه,1402-humanities-booklet,187,1402-humanities-booklet,187,کدرشته‌محل منبع: 50466؛ عنوان رشته در منبع: آموزش ابتدایی؛ نحوه پذیرش: با آزمون (بخش دانشجو‌معلم)؛ استان در این ردیف مربوط به بومی‌گزینی/محل خدمت است
1402,آموزش ابتدایی,دانشگاه فرهنگیان,پردیس شهید صدوقی کر مانشاه,ایلام,در جدول ذکر نشده,,تعهد خدمت,1,زن,در جدول ذکر نشده,ادامه مخصوص داوطلبان بومی استان ایلام؛ پردیس شهید صدوقی کر مانشاه/ اولویت پذیرش با داوطلبان بومی شهرستان دره شهر/محل خدمت دره شهر؛ پذیرش دانشجو‌معلم با تعهد خدمت؛ ضوابط بخش فرهنگیان دفترچه,1402-humanities-booklet,187,1402-humanities-booklet,187,کدرشته‌محل منبع: 50467؛ عنوان رشته در منبع: آموزش ابتدایی؛ نحوه پذیرش: با آزمون (بخش دانشجو‌معلم)؛ استان در این ردیف مربوط به بومی‌گزینی/محل خدمت است
1402,آموزش ابتدایی,دانشگاه فرهنگیان,پردیس شهید صدوقی کرمانشاه,ایلام,در جدول ذکر نشده,,تعهد خدمت,3,زن,در جدول ذکر نشده,ادامه مخصوص داوطلبان بومی استان ایلام؛ پردیس شهید صدوقی کرمانشاه/ اولویت پذیرش با داوطلبان بومی شهرستان های ایلام، چوار/محل خدمت ایلام؛ پذیرش دانشجو‌معلم با تعهد خدمت؛ ضوابط بخش فرهنگیان دفترچه,1402-humanities-booklet,187,1402-humanities-booklet,187,کدرشته‌محل منبع: 50468؛ عنوان رشته در منبع: آموزش ابتدایی؛ نحوه پذیرش: با آزمون (بخش دانشجو‌معلم)؛ استان در این ردیف مربوط به بومی‌گزینی/محل خدمت است
1402,آموزش ابتدایی,دانشگاه فرهنگیان,پردیس شهید صدوقی کرمانشاه,ایلام,در جدول ذکر نشده,,تعهد خدمت,1,زن,در جدول ذکر نشده,ادامه مخصوص داوطلبان بومی استان ایلام؛ پردیس شهید صدوقی کرمانشاه/ اولویت پذی رش با داوطلبان بومی شهرستان آبدانان/محل خدمت آبدانان؛ پذیرش دانشجو‌معلم با تعهد خدمت؛ ضوابط بخش فرهنگیان دفترچه,1402-humanities-booklet,187,1402-humanities-booklet,187,کدرشته‌محل منبع: 50469؛ عنوان رشته در منبع: آموزش ابتدایی؛ نحوه پذیرش: با آزمون (بخش دانشجو‌معلم)؛ استان در این ردیف مربوط به بومی‌گزینی/محل خدمت است
1402,آموزش ابتدایی,دانشگاه فرهنگیان,پردیس شهید صدوقی کرمانشاه,ایلام,در جدول ذکر نشده,,تعهد خدمت,1,زن,در جدول ذکر نشده,ادامه مخصوص داوطلبان بومی استان ایلام؛ پردیس شهید صدوقی کرمانشاه/ اولویت پذیرش با داوطلبان بومی شهرستان ایوان/محل خدمت ایوان؛ پذیرش دانشجو‌معلم با تعهد خدمت؛ ضوابط بخش فرهنگیان دفترچه,1402-humanities-booklet,187,1402-humanities-booklet,187,کدرشته‌محل منبع: 50470؛ عنوان رشته در منبع: آموزش ابتدایی؛ نحوه پذیرش: با آزمون (بخش دانشجو‌معلم)؛ استان در این ردیف مربوط به بومی‌گزینی/محل خدمت است
1402,آموزش ابتدایی,دانشگاه فرهنگیان,پردیس شهید صدوقی کرمانشاه,ایلام,در جدول ذکر نشده,,تعهد خدمت,1,زن,در جدول ذکر نشده,ادامه مخصوص داوطلبان بومی استان ایلام؛ پردیس شهید صدوقی کرمانشاه/ اولویت پذیرش با داوطلبان بومی شهرستان ملکشاهی/محل خدمت ملکشاهی؛ پذیرش دانشجو‌معلم با تعهد خدمت؛ ضوابط بخش فرهنگیان دفترچه,1402-humanities-booklet,187,1402-humanities-booklet,187,کدرشته‌محل منبع: 50471؛ عنوان رشته در منبع: آموزش ابتدایی؛ نحوه پذیرش: با آزمون (بخش دانشجو‌معلم)؛ استان در این ردیف مربوط به بومی‌گزینی/محل خدمت است
1402,آموزش ابتدایی,دانشگاه فرهنگیان,پردیس بنت الهدی صدر بوشهر,بوشهر,در جدول ذکر نشده,,تعهد خدمت,3,زن,در جدول ذکر نشده,ادامه مخصوص داوطلبان بومی استان بوشهر؛ پردیس بنت الهدی صدر بوشهر/ اولویت پذیرش با داوطلبان بومی شهرستان بوشهر/محل خدمت بوشهر؛ پذیرش دانشجو‌معلم با تعهد خدمت؛ ضوابط بخش فرهنگیان دفترچه,1402-humanities-booklet,194,1402-humanities-booklet,194,کدرشته‌محل منبع: 50503؛ عنوان رشته در منبع: آموزش ابتدایی؛ نحوه پذیرش: با آزمون (بخش دانشجو‌معلم)؛ استان در این ردیف مربوط به بومی‌گزینی/محل خدمت است
1402,آموزش ابتدایی,دانشگاه فرهنگیان,پردیس بنت الهدی صدر بوشهر,بوشهر,در جدول ذکر نشده,,تعهد خدمت,1,زن,در جدول ذکر نشده,ادامه مخصوص داوطلبان بومی استان بوشهر؛ پردیس بنت الهدی صدر بوشهر/ اولویت پذیرش با داوطلبان بومی شهرستان بوشهر/محل خدمت خارک؛ پذیرش دانشجو‌معلم با تعهد خدمت؛ ضوابط بخش فرهنگیان دفترچه,1402-humanities-booklet,194,1402-humanities-booklet,194,کدرشته‌محل منبع: 50504؛ عنوان رشته در منبع: آموزش ابتدایی؛ نحوه پذیرش: با آزمون (بخش دانشجو‌معلم)؛ استان در این ردیف مربوط به بومی‌گزینی/محل خدمت است
1402,آموزش ابتدایی,دانشگاه فرهنگیان,پردیس بنت الهدی صدر بوشهر,بوشهر,در جدول ذکر نشده,,تعهد خدمت,1,زن,در جدول ذکر نشده,ادامه مخصوص داوطلبان بومی استان بوشهر؛ پردیس بنت الهدی صدر بوشهر/ اولویت پذیرش با داوطلبان بومی شهرستان دشتستان/محل خدمت شبانکاره؛ پذیرش دانشجو‌معلم با تعهد خدمت؛ ضوابط بخش فرهنگیان دفترچه,1402-humanities-booklet,194,1402-humanities-booklet,194,کدرشته‌محل منبع: 50505؛ عنوان رشته در منبع: آموزش ابتدایی؛ نحوه پذیرش: با آزمون (بخش دانشجو‌معلم)؛ استان در این ردیف مربوط به بومی‌گزینی/محل خدمت است
1402,آموزش ابتدایی,دانشگاه فرهنگیان,پردیس بنت الهدی صدر بوشهر,بوشهر,در جدول ذکر نشده,,تعهد خدمت,2,زن,در جدول ذکر نشده,ادامه مخصوص داوطلبان بومی استان بوشهر؛ پردیس بنت الهدی صدر بوشهر/ اولویت پذیرش با داوطلبان بومی شهرستان دشتستان/محل خدمت آبپخش؛ پذیرش دانشجو‌معلم با تعهد خدمت؛ ضوابط بخش فرهنگیان دفترچه,1402-humanities-booklet,194,1402-humanities-booklet,194,کدرشته‌محل منبع: 50506؛ عنوان رشته در منبع: آموزش ابتدایی؛ نحوه پذیرش: با آزمون (بخش دانشجو‌معلم)؛ استان در این ردیف مربوط به بومی‌گزینی/محل خدمت است
1402,آموزش ابتدایی,دانشگاه فرهنگیان,پر دیس بنت الهدی صدر بوشهر,بوشهر,در جدول ذکر نشده,,تعهد خدمت,3,زن,در جدول ذکر نشده,ادامه مخصوص داوطلبان بومی استان بوشهر؛ پر دیس بنت الهدی صدر بوشهر/ اولویت پذیرش با داوطلبان بومی شهرستان دشتستان/محل خدمت ( دشتستان )برازجان؛ پذیرش دانشجو‌معلم با تعهد خدمت؛ ضوابط بخش فرهنگیان دفترچه,1402-humanities-booklet,194,1402-humanities-booklet,194,کدرشته‌محل منبع: 50507؛ عنوان رشته در منبع: آموزش ابتدایی؛ نحوه پذیرش: با آزمون (بخش دانشجو‌معلم)؛ استان در این ردیف مربوط به بومی‌گزینی/محل خدمت است
1402,آموزش ابتدایی,دانشگاه فرهنگیان,پردیس بنت الهدی صدر بوشهر,بوشهر,در جدول ذکر نشده,,تعهد خدمت,2,زن,در جدول ذکر نشده,ادامه مخصوص داوطلبان بومی استان بوشهر؛ پردیس بنت الهدی صدر بوشهر/ اولویت پذیرش با داوطلبان بومی شهرستان دشتستان/محل خدمت سعدآباد؛ پذیرش دانشجو‌معلم با تعهد خدمت؛ ضوابط بخش فرهنگیان دفترچه,1402-humanities-booklet,194,1402-humanities-booklet,194,کدرشته‌محل منبع: 50508؛ عنوان رشته در منبع: آموزش ابتدایی؛ نحوه پذیرش: با آزمون (بخش دانشجو‌معلم)؛ استان در این ردیف مربوط به بومی‌گزینی/محل خدمت است
1402,آموزش ابتدایی,دانشگاه فرهنگیان,پردیس بنت ال هدی صدر بوشهر,بوشهر,در جدول ذکر نشده,,تعهد خدمت,2,زن,در جدول ذکر نشده,ادامه مخصوص داوطلبان بومی استان بوشهر؛ پردیس بنت ال هدی صدر بوشهر/ اولویت پذیرش با داوطلبان بومی شهرستان ،های عسلویه، کنگان جم، دیر/محل خدمت دیر؛ پذیرش دانشجو‌معلم با تعهد خدمت؛ ضوابط بخش فرهنگیان دفترچه,1402-humanities-booklet,194,1402-humanities-booklet,194,کدرشته‌محل منبع: 50509؛ عنوان رشته در منبع: آموزش ابتدایی؛ نحوه پذیرش: با آزمون (بخش دانشجو‌معلم)؛ استان در این ردیف مربوط به بومی‌گزینی/محل خدمت است
1402,آموزش ابتدایی,دانشگاه فرهنگیان,پردیس بنت الهدی صدر بوشهر,بوشهر,در جدول ذکر نشده,,تعهد خدمت,1,زن,در جدول ذکر نشده,ادامه مخصوص داوطلبان بومی استان بوشهر؛ پردیس بنت الهدی صدر بوشهر/ اولویت پذیرش با داوطلبان بومی شهرستان های عسلویه، کنگان، جم، دیر/محل خدمت بردخون؛ پذیرش دانشجو‌معلم با تعهد خدمت؛ ضوابط بخش فرهنگیان دفترچه,1402-humanities-booklet,194,1402-humanities-booklet,194,کدرشته‌محل منبع: 50510؛ عنوان رشته در منبع: آموزش ابتدایی؛ نحوه پذیرش: با آزمون (بخش دانشجو‌معلم)؛ استان در این ردیف مربوط به بومی‌گزینی/محل خدمت است
1402,آموزش ابتدایی,دانشگاه فرهنگیان,پر دیس بنت الهدی صدر بوشهر,بوشهر,در جدول ذکر نشده,,تعهد خدمت,2,زن,در جدول ذکر نشده,ادامه مخصوص داوطلبان بومی استان بوشهر؛ پر دیس بنت الهدی صدر بوشهر/ اولویت پذیرش با داوطلبان بومی شهرستان های عسلویه، کنگان، جم، دیر/محل خدمت جم؛ پذیرش دانشجو‌معلم با تعهد خدمت؛ ضوابط بخش فرهنگیان دفترچه,1402-humanities-booklet,194,1402-humanities-booklet,194,کدرشته‌محل منبع: 50511؛ عنوان رشته در منبع: آموزش ابتدایی؛ نحوه پذیرش: با آزمون (بخش دانشجو‌معلم)؛ استان در این ردیف مربوط به بومی‌گزینی/محل خدمت است
1402,آموزش ابتدایی,دانشگاه فرهنگیان,پردیس بنت الهدی صدر بوشهر,بوشهر,در جدول ذکر نشده,,تعهد خدمت,2,زن,در جدول ذکر نشده,ادامه مخصوص داوطلبان بومی استان بوشهر؛ پردیس بنت الهدی صدر بوشهر/ اولویت پذیرش با داوطلبان بومی شهرستان های عسلویه، کنگان، جم، دیر/محل خدمت کنگان؛ پذیرش دانشجو‌معلم با تعهد خدمت؛ ضوابط بخش فرهنگیان دفترچه,1402-humanities-booklet,194,1402-humanities-booklet,194,کدرشته‌محل منبع: 50512؛ عنوان رشته در منبع: آموزش ابتدایی؛ نحوه پذیرش: با آزمون (بخش دانشجو‌معلم)؛ استان در این ردیف مربوط به بومی‌گزینی/محل خدمت است
1402,آموزش ابتدایی,دانشگاه فرهنگیان,پردیس بنت الهدی صدر بوشهر,بوشهر,در جدول ذکر نشده,,تعهد خدمت,3,زن,در جدول ذکر نشده,ادامه مخصوص داوطلبان بومی استان بوشهر؛ پردیس بنت الهدی صدر بوشهر/ اولویت پذیرش با داوطلبان بومی شهرستان های گناوه، دیلم/محل خدمت گناوه؛ پذیرش دانشجو‌معلم با تعهد خدمت؛ ضوابط بخش فرهنگیان دفترچه,1402-humanities-booklet,194,1402-humanities-booklet,194,کدرشته‌محل منبع: 50513؛ عنوان رشته در منبع: آموزش ابتدایی؛ نحوه پذیرش: با آزمون (بخش دانشجو‌معلم)؛ استان در این ردیف مربوط به بومی‌گزینی/محل خدمت است
1402,آموزش ابتدایی,دانشگاه فرهنگیان,پردیس بنت الهدی صدر بوشهر,بوشهر,در جدول ذکر نشده,,تعهد خدمت,2,زن,در جدول ذکر نشده,ادامه مخصوص داوطلبان بومی استان بوشهر؛ پردیس بنت الهدی صدر بوشهر/ اولویت پذیرش با داوطلبان بومی شهرستان های گناوه، دیلم/محل خدمت دیلم؛ پذیرش دانشجو‌معلم با تعهد خدمت؛ ضوابط بخش فرهنگیان دفترچه,1402-humanities-booklet,194,1402-humanities-booklet,194,کدرشته‌محل منبع: 50514؛ عنوان رشته در منبع: آموزش ابتدایی؛ نحوه پذیرش: با آزمون (بخش دانشجو‌معلم)؛ استان در این ردیف مربوط به بومی‌گزینی/محل خدمت است
1402,آموزش ابتدایی,دانشگاه فرهنگیان,پردی س بنت الهدی صدر بوشهر,بوشهر,در جدول ذکر نشده,,تعهد خدمت,1,زن,در جدول ذکر نشده,ادامه مخصوص داوطلبان بومی استان بوشهر؛ پردی س بنت الهدی صدر بوشهر/ اولویت پذیرش با داوطلبان بومی شهرستان های گناوه، دیلم/محل خدمت بندرریگ؛ پذیرش دانشجو‌معلم با تعهد خدمت؛ ضوابط بخش فرهنگیان دفترچه,1402-humanities-booklet,194,1402-humanities-booklet,194,کدرشته‌محل منبع: 50515؛ عنوان رشته در منبع: آموزش ابتدایی؛ نحوه پذیرش: با آزمون (بخش دانشجو‌معلم)؛ استان در این ردیف مربوط به بومی‌گزینی/محل خدمت است
1402,آموزش ابتدایی,دانشگاه فرهنگیان,پردیس بنت الهدی صدر بوشهر,بوشهر,در جدول ذکر نشده,,تعهد خدمت,2,زن,در جدول ذکر نشده,ادامه مخصوص داوطلبان بومی استان بوشهر؛ پردیس بنت الهدی صدر بوشهر/ اولویت پذیرش با داوطلبان بومی شهرستان عسلویه/محل خدمت عسلویه؛ پذیرش دانشجو‌معلم با تعهد خدمت؛ ضوابط بخش فرهنگیان دفترچه,1402-humanities-booklet,194,1402-humanities-booklet,194,کدرشته‌محل منبع: 50516؛ عنوان رشته در منبع: آموزش ابتدایی؛ نحوه پذیرش: با آزمون (بخش دانشجو‌معلم)؛ استان در این ردیف مربوط به بومی‌گزینی/محل خدمت است
1402,آموزش ابتدایی,دانشگاه فرهنگیان,پردیس بنت الهدی صدر بوشهر,بوشهر,در جدول ذکر نشده,,تعهد خدمت,1,زن,در جدول ذکر نشده,ادامه مخصوص داوطلبان بومی استان بوشهر؛ پردیس بنت الهدی صدر بوشهر/ اولویت پذیرش با داوطلبان بومی شهرستان های دشتی، تنگستان /محل خدمت دلوار؛ پذیرش دانشجو‌معلم با تعهد خدمت؛ ضوابط بخش فرهنگیان دفترچه,1402-humanities-booklet,194,1402-humanities-booklet,194,کدرشته‌محل منبع: 50517؛ عنوان رشته در منبع: آموزش ابتدایی؛ نحوه پذیرش: با آزمون (بخش دانشجو‌معلم)؛ استان در این ردیف مربوط به بومی‌گزینی/محل خدمت است
1402,آموزش ابتدایی,دانشگاه فرهنگیان,پردیس بنت الهدی صدر بوشهر,بوشهر,در جدول ذکر نشده,,تعهد خدمت,2,زن,در جدول ذکر نشده,ادامه مخصوص داوطلبان بومی استان بوشهر؛ پردیس بنت الهدی صدر بوشهر/ اولویت پذیرش با داوطلبان بومی شهرستان های دشتی، تنگستان / ( محل خدمت دشتی )خورموج؛ پذیرش دانشجو‌معلم با تعهد خدمت؛ ضوابط بخش فرهنگیان دفترچه,1402-humanities-booklet,194,1402-humanities-booklet,194,کدرشته‌محل منبع: 50518؛ عنوان رشته در منبع: آموزش ابتدایی؛ نحوه پذیرش: با آزمون (بخش دانشجو‌معلم)؛ استان در این ردیف مربوط به بومی‌گزینی/محل خدمت است
1402,آموزش ابتدایی,دانشگاه فرهنگیان,پردیس بنت الهد ی صدر بوشهر,بوشهر,در جدول ذکر نشده,,تعهد خدمت,1,زن,در جدول ذکر نشده,ادامه مخصوص داوطلبان بومی استان بوشهر؛ پردیس بنت الهد ی صدر بوشهر/ اولویت پذیرش با داوطلبان بومی شهرستان های دشتی، تنگستان /محل خدمت کاکی؛ پذیرش دانشجو‌معلم با تعهد خدمت؛ ضوابط بخش فرهنگیان دفترچه,1402-humanities-booklet,194,1402-humanities-booklet,194,کدرشته‌محل منبع: 50519؛ عنوان رشته در منبع: آموزش ابتدایی؛ نحوه پذیرش: با آزمون (بخش دانشجو‌معلم)؛ استان در این ردیف مربوط به بومی‌گزینی/محل خدمت است
1402,آموزش ابتدایی,دانشگاه فرهنگیان,پردیس بنت الهدی صدر بوشهر,بوشهر,در جدول ذکر نشده,,تعهد خدمت,2,زن,در جدول ذکر نشده,ادامه مخصوص داوطلبان بومی استان بوشهر؛ پردیس بنت الهدی صدر بوشهر/ اولویت پذیرش با داوطلبان بومی شهرستان های دشتی، تنگستان / ( محل خدمت تنگستان )اهرم؛ پذیرش دانشجو‌معلم با تعهد خدمت؛ ضوابط بخش فرهنگیان دفترچه,1402-humanities-booklet,194,1402-humanities-booklet,194,کدرشته‌محل منبع: 50520؛ عنوان رشته در منبع: آموزش ابتدایی؛ نحوه پذیرش: با آزمون (بخش دانشجو‌معلم)؛ استان در این ردیف مربوط به بومی‌گزینی/محل خدمت است
1402,آموزش ابتدایی,دانشگاه فرهنگیان,پردیس علام ه طباطبایی بوشهر,بوشهر,در جدول ذکر نشده,,تعهد خدمت,5,مرد,در جدول ذکر نشده,ادامه مخصوص داوطلبان بومی استان بوشهر؛ پردیس علام ه طباطبایی بوشهر/ اولویت پذیرش با داوطلبان بومی شهرستان های دشتی، تنگستان / ( محل خدمت تنگستان )اهرم؛ پذیرش دانشجو‌معلم با تعهد خدمت؛ ضوابط بخش فرهنگیان دفترچه,1402-humanities-booklet,194,1402-humanities-booklet,194,کدرشته‌محل منبع: 50521؛ عنوان رشته در منبع: آموزش ابتدایی؛ نحوه پذیرش: با آزمون (بخش دانشجو‌معلم)؛ استان در این ردیف مربوط به بومی‌گزینی/محل خدمت است
1402,آموزش ابتدایی,دانشگاه فرهنگیان,پردیس علامه طباطبایی بوشهر,بوشهر,در جدول ذکر نشده,,تعهد خدمت,3,مرد,در جدول ذکر نشده,ادامه مخصوص داوطلبان بومی استان بوشهر؛ پردیس علامه طباطبایی بوشهر/ اولویت پذیرش با داوطلبان بومی شهرستان های دشتی، تنگستان /محل خدمت دلوار؛ پذیرش دانشجو‌معلم با تعهد خدمت؛ ضوابط بخش فرهنگیان دفترچه,1402-humanities-booklet,194,1402-humanities-booklet,194,کدرشته‌محل منبع: 50522؛ عنوان رشته در منبع: آموزش ابتدایی؛ نحوه پذیرش: با آزمون (بخش دانشجو‌معلم)؛ استان در این ردیف مربوط به بومی‌گزینی/محل خدمت است
1402,آموزش ابتدایی,دانشگاه فرهنگیان,پردیس علامه طباطبایی بوشهر,بوشهر,در جدول ذکر نشده,,تعهد خدمت,6,مرد,در جدول ذکر نشده,اد امه مخصوص داوطلبان بومی استان بوشهر؛ پردیس علامه طباطبایی بوشهر/ اولویت پذیرش با داوطلبان بومی شهرستان های دشتی، تنگستان / ( محل خدمت دشتی )خورموج؛ پذیرش دانشجو‌معلم با تعهد خدمت؛ ضوابط بخش فرهنگیان دفترچه,1402-humanities-booklet,195,1402-humanities-booklet,195,کدرشته‌محل منبع: 50523؛ عنوان رشته در منبع: آموزش ابتدایی؛ نحوه پذیرش: با آزمون (بخش دانشجو‌معلم)؛ استان در این ردیف مربوط به بومی‌گزینی/محل خدمت است
1402,آموزش ابتدایی,دانشگاه فرهنگیان,پردیس علامه طب اطبایی بوشهر,بوشهر,در جدول ذکر نشده,,تعهد خدمت,2,مرد,در جدول ذکر نشده,اد امه مخصوص داوطلبان بومی استان بوشهر؛ پردیس علامه طب اطبایی بوشهر/ اولویت پذیرش با داوطلبان بومی شهرستان های دشتی، تنگستان /محل خدمت کاکی؛ پذیرش دانشجو‌معلم با تعهد خدمت؛ ضوابط بخش فرهنگیان دفترچه,1402-humanities-booklet,195,1402-humanities-booklet,195,کدرشته‌محل منبع: 50524؛ عنوان رشته در منبع: آموزش ابتدایی؛ نحوه پذیرش: با آزمون (بخش دانشجو‌معلم)؛ استان در این ردیف مربوط به بومی‌گزینی/محل خدمت است
1402,آموزش ابتدایی,دانشگاه فرهنگیان,پردیس علامه طباطبایی بوشهر,بوشهر,در جدول ذکر نشده,,تعهد خدمت,5,مرد,در جدول ذکر نشده,اد امه مخصوص داوطلبان بومی استان بوشهر؛ پردیس علامه طباطبایی بوشهر/ اولویت پذیرش با داوطلبان بومی شهرستان عسلویه/محل خدمت عسلویه؛ پذیرش دانشجو‌معلم با تعهد خدمت؛ ضوابط بخش فرهنگیان دفترچه,1402-humanities-booklet,195,1402-humanities-booklet,195,کدرشته‌محل منبع: 50525؛ عنوان رشته در منبع: آموزش ابتدایی؛ نحوه پذیرش: با آزمون (بخش دانشجو‌معلم)؛ استان در این ردیف مربوط به بومی‌گزینی/محل خدمت است
1402,آموزش ابتدایی,دانشگاه فرهنگیان,,بوشهر,در جدول ذکر نشده,,تعهد خدمت,5,مرد,در جدول ذکر نشده,اد امه مخصوص داوطلبان بومی استان بوشهر؛ /پردیس علامه طباطبایی بوشهر اولویت پذیرش با داوطلبان بومی شهرستان های گناوه، دیلم/محل خدمت گناوه؛ پذیرش دانشجو‌معلم با تعهد خدمت؛ ضوابط بخش فرهنگیان دفترچه,1402-humanities-booklet,195,1402-humanities-booklet,195,کدرشته‌محل منبع: 50526؛ عنوان رشته در منبع: آموزش ابتدایی؛ نحوه پذیرش: با آزمون (بخش دانشجو‌معلم)؛ استان در این ردیف مربوط به بومی‌گزینی/محل خدمت است
1402,آموزش ابتدایی,دانشگاه فرهنگیان,پردیس علامه طباطبایی بوشهر,بوشهر,در جدول ذکر نشده,,تعهد خدمت,3,مرد,در جدول ذکر نشده,اد امه مخصوص داوطلبان بومی استان بوشهر؛ پردیس علامه طباطبایی بوشهر/ اولویت پذیرش با داوطلبان بومی شهرستان های گناوه، دیلم/محل خدمت دیلم؛ پذیرش دانشجو‌معلم با تعهد خدمت؛ ضوابط بخش فرهنگیان دفترچه,1402-humanities-booklet,195,1402-humanities-booklet,195,کدرشته‌محل منبع: 50527؛ عنوان رشته در منبع: آموزش ابتدایی؛ نحوه پذیرش: با آزمون (بخش دانشجو‌معلم)؛ استان در این ردیف مربوط به بومی‌گزینی/محل خدمت است
1402,آموزش ابتدایی,دانشگاه فرهنگیان,پردیس علامه طباطبایی بوشهر,بوشهر,در جدول ذکر نشده,,تعهد خدمت,2,مرد,در جدول ذکر نشده,اد امه مخصوص داوطلبان بومی استان بوشهر؛ پردیس علامه طباطبایی بوشهر/ اولویت پذ یرش با داوطلبان بومی شهرستان های گناوه، دیلم/محل خدمت بندرریگ؛ پذیرش دانشجو‌معلم با تعهد خدمت؛ ضوابط بخش فرهنگیان دفترچه,1402-humanities-booklet,195,1402-humanities-booklet,195,کدرشته‌محل منبع: 50528؛ عنوان رشته در منبع: آموزش ابتدایی؛ نحوه پذیرش: با آزمون (بخش دانشجو‌معلم)؛ استان در این ردیف مربوط به بومی‌گزینی/محل خدمت است
1402,آموزش ابتدایی,دانشگاه فرهنگیان,پردیس علامه طباطبایی بوشهر,بوشهر,در جدول ذکر نشده,,تعهد خدمت,3,مرد,در جدول ذکر نشده,اد امه مخصوص داوطلبان بومی استان بوشهر؛ پردیس علامه طباطبایی بوشهر/ اولویت پذیرش با داوطلبان بومی شهرستان های عسلویه، کنگان، جم، دیر/محل خدمت دیر؛ پذیرش دانشجو‌معلم با تعهد خدمت؛ ضوابط بخش فرهنگیان دفترچه,1402-humanities-booklet,195,1402-humanities-booklet,195,کدرشته‌محل منبع: 50529؛ عنوان رشته در منبع: آموزش ابتدایی؛ نحوه پذیرش: با آزمون (بخش دانشجو‌معلم)؛ استان در این ردیف مربوط به بومی‌گزینی/محل خدمت است
1402,آموزش ابتدایی,دانشگاه فرهنگیان,پردیس علامه طباطبایی بوشهر,بوشهر,در جدول ذکر نشده,,تعهد خدمت,2,مرد,در جدول ذکر نشده,اد امه مخصوص داوطلبان بومی استان بوشهر؛ پردیس علامه طباطبایی بوشهر/ اولویت پذیرش با داوطلبان بومی شهرستان های عسلویه، کنگان، جم، دیر/محل خدمت بردخون؛ پذیرش دانشجو‌معلم با تعهد خدمت؛ ضوابط بخش فرهنگیان دفترچه,1402-humanities-booklet,195,1402-humanities-booklet,195,کدرشته‌محل منبع: 50530؛ عنوان رشته در منبع: آموزش ابتدایی؛ نحوه پذیرش: با آزمون (بخش دانشجو‌معلم)؛ استان در این ردیف مربوط به بومی‌گزینی/محل خدمت است
1402,آموزش ابتدایی,دانشگاه فرهنگیان,پردیس علامه طباطبایی بوشهر,بوشهر,در جدول ذکر نشده,,تعهد خدمت,5,مرد,در جدول ذکر نشده,اد امه مخصوص داوطلبان بومی استان بوشهر؛ پردیس علامه طباطبایی بوشهر/ اولویت پذیرش با داوطلبان بومی شهرستان های عسلویه، کنگان، جم، دیر/محل خدمت جم؛ پذیرش دانشجو‌معلم با تعهد خدمت؛ ضوابط بخش فرهنگیان دفترچه,1402-humanities-booklet,195,1402-humanities-booklet,195,کدرشته‌محل منبع: 50531؛ عنوان رشته در منبع: آموزش ابتدایی؛ نحوه پذیرش: با آزمون (بخش دانشجو‌معلم)؛ استان در این ردیف مربوط به بومی‌گزینی/محل خدمت است
1402,آموزش ابتدایی,دانشگاه فرهنگیان,پردیس علامه طباطبایی ب وشهر,بوشهر,در جدول ذکر نشده,,تعهد خدمت,5,مرد,در جدول ذکر نشده,اد امه مخصوص داوطلبان بومی استان بوشهر؛ پردیس علامه طباطبایی ب وشهر/ اولویت پذیرش با داوطلبان بومی شهرستان ،های عسلویه، کنگان جم، دیر/محل خدمت کنگان؛ پذیرش دانشجو‌معلم با تعهد خدمت؛ ضوابط بخش فرهنگیان دفترچه,1402-humanities-booklet,195,1402-humanities-booklet,195,کدرشته‌محل منبع: 50532؛ عنوان رشته در منبع: آموزش ابتدایی؛ نحوه پذیرش: با آزمون (بخش دانشجو‌معلم)؛ استان در این ردیف مربوط به بومی‌گزینی/محل خدمت است
1402,آموزش ابتدایی,دانشگاه فرهنگیان,پردیس علامه طباطبایی بوشهر,بوشهر,در جدول ذکر نشده,,تعهد خدمت,5,مرد,در جدول ذکر نشده,اد امه مخصوص داوطلبان بومی استان بوشهر؛ پردیس علامه طباطبایی بوشهر/ اولویت پذیرش با داوطلبان بومی شهرستان دشتستان/محل خدمت ( دشتستان )برازجان؛ پذیرش دانشجو‌معلم با تعهد خدمت؛ ضوابط بخش فرهنگیان دفترچه,1402-humanities-booklet,195,1402-humanities-booklet,195,کدرشته‌محل منبع: 50533؛ عنوان رشته در منبع: آموزش ابتدایی؛ نحوه پذیرش: با آزمون (بخش دانشجو‌معلم)؛ استان در این ردیف مربوط به بومی‌گزینی/محل خدمت است
1402,آموزش ابتدایی,دانشگاه فرهنگیان,پردیس علامه طب اطبایی بوشهر,بوشهر,در جدول ذکر نشده,,تعهد خدمت,2,مرد,در جدول ذکر نشده,اد امه مخصوص داوطلبان بومی استان بوشهر؛ پردیس علامه طب اطبایی بوشهر/ اولویت پذیرش با داوطلبان بومی شهرستان دشتستان/محل خدمت سعدآباد؛ پذیرش دانشجو‌معلم با تعهد خدمت؛ ضوابط بخش فرهنگیان دفترچه,1402-humanities-booklet,195,1402-humanities-booklet,195,کدرشته‌محل منبع: 50534؛ عنوان رشته در منبع: آموزش ابتدایی؛ نحوه پذیرش: با آزمون (بخش دانشجو‌معلم)؛ استان در این ردیف مربوط به بومی‌گزینی/محل خدمت است
1402,آموزش ابتدایی,دانشگاه فرهنگیان,پردیس علامه طباطبایی بوشهر,بوشهر,در جدول ذکر نشده,,تعهد خدمت,3,مرد,در جدول ذکر نشده,اد امه مخصوص داوطلبان بومی استان بوشهر؛ پردیس علامه طباطبایی بوشهر/ اولویت پذیرش با داوطلبان بومی شهرستان دشتستان/محل خدمت شبانکاره؛ پذیرش دانشجو‌معلم با تعهد خدمت؛ ضوابط بخش فرهنگیان دفترچه,1402-humanities-booklet,195,1402-humanities-booklet,195,کدرشته‌محل منبع: 50535؛ عنوان رشته در منبع: آموزش ابتدایی؛ نحوه پذیرش: با آزمون (بخش دانشجو‌معلم)؛ استان در این ردیف مربوط به بومی‌گزینی/محل خدمت است
1402,آموزش ابتدایی,دانشگاه فرهنگیان,پردیس علامه طباطبایی بوشهر,بوشهر,در جدول ذکر نشده,,تعهد خدمت,2,مرد,در جدول ذکر نشده,اد امه مخصوص داوطلبان بومی استان بوشهر؛ پردیس علامه طباطبایی بوشهر/ اولوی ت پذیرش با داوطلبان بومی شهرستان دشتستان/محل خدمت آبپخش؛ پذیرش دانشجو‌معلم با تعهد خدمت؛ ضوابط بخش فرهنگیان دفترچه,1402-humanities-booklet,195,1402-humanities-booklet,195,کدرشته‌محل منبع: 50536؛ عنوان رشته در منبع: آموزش ابتدایی؛ نحوه پذیرش: با آزمون (بخش دانشجو‌معلم)؛ استان در این ردیف مربوط به بومی‌گزینی/محل خدمت است
1402,آموزش ابتدایی,دانشگاه فرهنگیان,پردیس علامه طباطبایی بوشهر,بوشهر,در جدول ذکر نشده,,تعهد خدمت,6,مرد,در جدول ذکر نشده,اد امه مخصوص داوطلبان بومی استان بوشهر؛ پردیس علامه طباطبایی بوشهر/ اولویت پذیرش با داوطلبان بومی شهرستان بوشهر/محل خدمت بوشهر؛ پذیرش دانشجو‌معلم با تعهد خدمت؛ ضوابط بخش فرهنگیان دفترچه,1402-humanities-booklet,195,1402-humanities-booklet,195,کدرشته‌محل منبع: 50537؛ عنوان رشته در منبع: آموزش ابتدایی؛ نحوه پذیرش: با آزمون (بخش دانشجو‌معلم)؛ استان در این ردیف مربوط به بومی‌گزینی/محل خدمت است
1402,آموزش ابتدایی,دانشگاه فرهنگیان,ش پردیس علامه طباطبایی بوشهر,بوشهر,در جدول ذکر نشده,,تعهد خدمت,2,مرد,در جدول ذکر نشده,اد امه مخصوص داوطلبان بومی استان بوشهر؛ ش پردیس علامه طباطبایی بوشهر/ اولویت پذیرش با داوطلبان بومی هرستان بوشهر/محل خدمت خارک؛ پذیرش دانشجو‌معلم با تعهد خدمت؛ ضوابط بخش فرهنگیان دفترچه,1402-humanities-booklet,195,1402-humanities-booklet,195,کدرشته‌محل منبع: 50538؛ عنوان رشته در منبع: آموزش ابتدایی؛ نحوه پذیرش: با آزمون (بخش دانشجو‌معلم)؛ استان در این ردیف مربوط به بومی‌گزینی/محل خدمت است
1402,آموزش ابتدایی,دانشگاه فرهنگیان,پردیس زینبیه پیشوا)ورامین(,تهران,در جدول ذکر نشده,,تعهد خدمت,12,زن,در جدول ذکر نشده,ادامه مخصوص داوطلبان بومی استان تهران؛ پردیس زینبیه پیشوا)ورامین(/ اولویت پذیرش با د اوطلبان بومی شهرستان های فیروزکوه، دماوند، پردیس، ورامین، قرچک، پاکدشت، پیشوا، جوادآباد، شهرری/محل خدمت پاکدشت؛ پذیرش دانشجو‌معلم با تعهد خدمت؛ ضوابط بخش فرهنگیان دفترچه,1402-humanities-booklet,212,1402-humanities-booklet,212,کدرشته‌محل منبع: 50587؛ عنوان رشته در منبع: آموزش ابتدایی؛ نحوه پذیرش: با آزمون (بخش دانشجو‌معلم)؛ استان در این ردیف مربوط به بومی‌گزینی/محل خدمت است
1402,آموزش ابتدایی,دانشگاه فرهنگیان,پردیس زینبیه پیشوا)ورامین(,تهران,در جدول ذکر نشده,,تعهد خدمت,13,زن,در جدول ذکر نشده,ادامه مخصوص داوطلبان بومی استان تهران؛ پردیس زینبیه پیشوا)ورامین(/ اولویت پذیرش با داوطلبان بومی شهرستان های فیروزکوه، دماوند، پ ،پردیس، ورامین، قرچک، پاکدشت یشوا، جوادآباد، شهرری/محل خدمت پردیس؛ پذیرش دانشجو‌معلم با تعهد خدمت؛ ضوابط بخش فرهنگیان دفترچه,1402-humanities-booklet,212,1402-humanities-booklet,212,کدرشته‌محل منبع: 50588؛ عنوان رشته در منبع: آموزش ابتدایی؛ نحوه پذیرش: با آزمون (بخش دانشجو‌معلم)؛ استان در این ردیف مربوط به بومی‌گزینی/محل خدمت است
1402,آموزش ابتدایی,دانشگاه فرهنگیان,پردیس زینبیه پیشوا)ورامین(,تهران,در جدول ذکر نشده,,تعهد خدمت,8,زن,در جدول ذکر نشده,ادامه مخصوص داوطلبان بومی استان تهران؛ پردیس زینبیه پیشوا)ورامین(/ اولویت پذیرش با داوطلبان بومی شهرستان های فیروزکوه، دماوند، پردیس، ورامین، قرچک، پاکدشت، پیشوا، جوادآباد، شهرری/محل خدمت پیشوا؛ پذیرش دانشجو‌معلم با تعهد خدمت؛ ضوابط بخش فرهنگیان دفترچه,1402-humanities-booklet,212,1402-humanities-booklet,212,کدرشته‌محل منبع: 50589؛ عنوان رشته در منبع: آموزش ابتدایی؛ نحوه پذیرش: با آزمون (بخش دانشجو‌معلم)؛ استان در این ردیف مربوط به بومی‌گزینی/محل خدمت است
1402,آموزش ابتدایی,دانشگاه فرهنگیان,پردیس زینبی ه پیشوا)ورامین(,تهران,در جدول ذکر نشده,,تعهد خدمت,9,زن,در جدول ذکر نشده,ادامه مخصوص داوطلبان بومی استان تهران؛ پردیس زینبی ه پیشوا)ورامین(/ اولویت پذیرش با داوطلبان بومی شهرستان ،های فیروزکوه، دماوند پردیس، ورامین، قرچک، پاکدشت، پیشوا، جوادآباد، شهرری/محل خدمت دماوند؛ پذیرش دانشجو‌معلم با تعهد خدمت؛ ضوابط بخش فرهنگیان دفترچه,1402-humanities-booklet,212,1402-humanities-booklet,212,کدرشته‌محل منبع: 50590؛ عنوان رشته در منبع: آموزش ابتدایی؛ نحوه پذیرش: با آزمون (بخش دانشجو‌معلم)؛ استان در این ردیف مربوط به بومی‌گزینی/محل خدمت است
1402,آموزش ابتدایی,دانشگاه فرهنگیان,پردیس زینبیه پیشوا)ورامین(,تهران,در جدول ذکر نشده,,تعهد خدمت,8,زن,در جدول ذکر نشده,ادامه مخصوص داوطلبان بومی استان تهران؛ پردیس زینبیه پیشوا)ورامین(/ اولویت پذیرش با داوطلبان بومی شهرستان های فیروزکوه، دماون د، پردیس، ورامین، قرچک، پاکدشت، پیشوا، جوادآباد، شهرری/محل خدمت رودهن؛ پذیرش دانشجو‌معلم با تعهد خدمت؛ ضوابط بخش فرهنگیان دفترچه,1402-humanities-booklet,212,1402-humanities-booklet,212,کدرشته‌محل منبع: 50591؛ عنوان رشته در منبع: آموزش ابتدایی؛ نحوه پذیرش: با آزمون (بخش دانشجو‌معلم)؛ استان در این ردیف مربوط به بومی‌گزینی/محل خدمت است
1402,آموزش ابتدایی,دانشگاه فرهنگیان,پردیس زینبیه پیشوا)ورامین(,تهران,در جدول ذکر نشده,,تعهد خدمت,14,زن,در جدول ذکر نشده,ادامه مخصوص داوطلبان بومی استان تهران؛ پردیس زینبیه پیشوا)ورامین(/ اولویت پذیرش با داوطلبان بومی شهرستان های فیروزکوه، دماوند، پردیس، ورامین، قرچک، پاکدشت، پیشوا، جوادآباد، شهرری/محل خدمت شهرری .ناحی ه 1؛ پذیرش دانشجو‌معلم با تعهد خدمت؛ ضوابط بخش فرهنگیان دفترچه,1402-humanities-booklet,212,1402-humanities-booklet,212,کدرشته‌محل منبع: 50592؛ عنوان رشته در منبع: آموزش ابتدایی؛ نحوه پذیرش: با آزمون (بخش دانشجو‌معلم)؛ استان در این ردیف مربوط به بومی‌گزینی/محل خدمت است
1402,آموزش ابتدایی,دانشگاه فرهنگیان,پردیس زینبیه پیشوا)ورامین(,تهران,در جدول ذکر نشده,,تعهد خدمت,7,زن,در جدول ذکر نشده,ادامه مخصوص داوطلبان بومی استان تهران؛ پردیس زینبیه پیشوا)ورامین(/ اولویت پذیرش با داوطلبان بومی شهرستان های فیروزکوه، دماوند، پردیس، ورامین، قرچک، پاکدشت، پیشوا، جوادآباد، شهرری/محل خدمت شهرری .ناحیه2؛ پذیرش دانشجو‌معلم با تعهد خدمت؛ ضوابط بخش فرهنگیان دفترچه,1402-humanities-booklet,212,1402-humanities-booklet,212,کدرشته‌محل منبع: 50593؛ عنوان رشته در منبع: آموزش ابتدایی؛ نحوه پذیرش: با آزمون (بخش دانشجو‌معلم)؛ استان در این ردیف مربوط به بومی‌گزینی/محل خدمت است
1402,آموزش ابتدایی,دانشگاه فرهنگیان,پردیس زینبیه پیشوا)ورامین(,تهران,در جدول ذکر نشده,,تعهد خدمت,6,زن,در جدول ذکر نشده,ادامه مخصوص داوطلبان بومی استان تهران؛ پردیس زینبیه پیشوا)ورامین(/ اولویت پذیرش با داوطلبان بومی شهرستان های فیروزکوه، دماوند، پردیس، ورامین، قرچک، پاکدشت، پیشوا، جوادآباد، شهرری/محل خدمت فشافویه؛ پذیرش دانشجو‌معلم با تعهد خدمت؛ ضوابط بخش فرهنگیان دفترچه,1402-humanities-booklet,212,1402-humanities-booklet,212,کدرشته‌محل منبع: 50594؛ عنوان رشته در منبع: آموزش ابتدایی؛ نحوه پذیرش: با آزمون (بخش دانشجو‌معلم)؛ استان در این ردیف مربوط به بومی‌گزینی/محل خدمت است
1402,آموزش ابتدایی,دانشگاه فرهنگیان,پردیس زینبیه پیشوا)ورامین(,تهران,در جدول ذکر نشده,,تعهد خدمت,6,زن,در جدول ذکر نشده,ادامه مخصوص داوطلبان بومی استان تهران؛ پردیس زینبیه پیشوا)ورامین(/ اولویت پذیرش با داوطلبان بومی شهرستان های فیروزکوه، دماوند، ،پردیس، ورامین، قرچک پاکدشت، پیشوا، جوادآباد، شهرری/محل خدمت فیروزکوه؛ پذیرش دانشجو‌معلم با تعهد خدمت؛ ضوابط بخش فرهنگیان دفترچه,1402-humanities-booklet,212,1402-humanities-booklet,212,کدرشته‌محل منبع: 50595؛ عنوان رشته در منبع: آموزش ابتدایی؛ نحوه پذیرش: با آزمون (بخش دانشجو‌معلم)؛ استان در این ردیف مربوط به بومی‌گزینی/محل خدمت است
1402,آموزش ابتدایی,دانشگاه فرهنگیان,پردیس زینبیه پیشوا)ورامین(,تهران,در جدول ذکر نشده,,تعهد خدمت,11,زن,در جدول ذکر نشده,ادامه مخصوص داوطلبان بومی استان تهران؛ پردیس زینبیه پیشوا)ورامین(/ اولویت پذیرش با داوطلبان بومی شهرستان های فیروزکوه، دماوند، پردیس، ورامین، قرچک، پاکدشت، پیشوا، جوادآباد، شهرری/محل خدمت قرچک؛ پذیرش دانشجو‌معلم با تعهد خدمت؛ ضوابط بخش فرهنگیان دفترچه,1402-humanities-booklet,212,1402-humanities-booklet,212,کدرشته‌محل منبع: 50596؛ عنوان رشته در منبع: آموزش ابتدایی؛ نحوه پذیرش: با آزمون (بخش دانشجو‌معلم)؛ استان در این ردیف مربوط به بومی‌گزینی/محل خدمت است
1402,آموزش ابتدایی,دانشگاه فرهنگیان,پردیس زینبیه پیشوا)ورامین(,تهران,در جدول ذکر نشده,,تعهد خدمت,9,زن,در جدول ذکر نشده,ادامه مخصوص داوطلبان بومی استان تهران؛ پردیس زینبیه پیشوا)ورامین(/ اولویت پذیرش با داوطلبان بومی شهرستان های فیروزکوه، دماوند، پردیس، ورامین، قرچک، پاکدشت، پیشوا، جوادآباد، شهرری/محل خدمت کهریزک؛ پذیرش دانشجو‌معلم با تعهد خدمت؛ ضوابط بخش فرهنگیان دفترچه,1402-humanities-booklet,212,1402-humanities-booklet,212,کدرشته‌محل منبع: 50597؛ عنوان رشته در منبع: آموزش ابتدایی؛ نحوه پذیرش: با آزمون (بخش دانشجو‌معلم)؛ استان در این ردیف مربوط به بومی‌گزینی/محل خدمت است
1402,آموزش ابتدایی,دانشگاه فرهنگیان,پردیس زینبیه پیشوا)ورامین(,تهران,در جدول ذکر نشده,,تعهد خدمت,12,زن,در جدول ذکر نشده,ادامه مخصوص داوطلبان بومی استان تهران؛ پردیس زینبیه پیشوا)ورامین(/ اولویت پذیرش با داوطلبان بومی شهرستان های فیر وزکوه، دماوند، پردیس، ورامین، قرچک، پاکدشت، پیشوا، جوادآباد، شهرری/محل خدمت ورامین؛ پذیرش دانشجو‌معلم با تعهد خدمت؛ ضوابط بخش فرهنگیان دفترچه,1402-humanities-booklet,212,1402-humanities-booklet,212,کدرشته‌محل منبع: 50598؛ عنوان رشته در منبع: آموزش ابتدایی؛ نحوه پذیرش: با آزمون (بخش دانشجو‌معلم)؛ استان در این ردیف مربوط به بومی‌گزینی/محل خدمت است
1402,آموزش ابتدایی,دانشگاه فرهنگیان,پردیس زینبیه پیشوا)ورامین(,تهران,در جدول ذکر نشده,,تعهد خدمت,5,زن,در جدول ذکر نشده,ادامه مخصوص داوطلبان بومی استان تهران؛ پردیس زینبیه پیشوا)ورامین(/ اولویت پذی رش با داوطلبان بومی شهرستان های فیروزکوه، دماوند، پردیس، ورامین، قرچک، پاکدشت، پیشوا، جوادآباد، شهرری/محل خدمت جوادآباد؛ پذیرش دانشجو‌معلم با تعهد خدمت؛ ضوابط بخش فرهنگیان دفترچه,1402-humanities-booklet,213,1402-humanities-booklet,213,کدرشته‌محل منبع: 50599؛ عنوان رشته در منبع: آموزش ابتدایی؛ نحوه پذیرش: با آزمون (بخش دانشجو‌معلم)؛ استان در این ردیف مربوط به بومی‌گزینی/محل خدمت است
1402,آموزش ابتدایی,دانشگاه فرهنگیان,پردیس زینبیه پیشوا)ورامین( )مرکز آموزش عالی عترت واوان(,تهران,در جدول ذکر نشده,,تعهد خدمت,19,زن,در جدول ذکر نشده,ادامه مخصوص داوطلبان بومی استان تهران؛ پردیس زینبیه پیشوا)ورامین( )مرکز آموزش عالی عترت واوان(/ اولویت پذیرش با داوطلبان بومی شهرستان های ملارد، شهری ار، قدس، رباط کریم، بهارستان، اسلامشهر/محل خدمت اسلام شهر؛ پذیرش دانشجو‌معلم با تعهد خدمت؛ ضوابط بخش فرهنگیان دفترچه,1402-humanities-booklet,213,1402-humanities-booklet,213,کدرشته‌محل منبع: 50600؛ عنوان رشته در منبع: آموزش ابتدایی؛ نحوه پذیرش: با آزمون (بخش دانشجو‌معلم)؛ استان در این ردیف مربوط به بومی‌گزینی/محل خدمت است
1402,آموزش ابتدایی,دانشگاه فرهنگیان,پردیس زینبیه پیشوا)ورامین( )مرکز آموزش عالی عترت واوان(,تهران,در جدول ذکر نشده,,تعهد خدمت,16,زن,در جدول ذکر نشده,ادامه مخصوص داوطلبان بومی استان تهران؛ پردیس زینبیه پیشوا)ورامین( )مرکز آموزش عالی عترت واوان(/ اولویت پذیرش با داوطلبان بومی شهرستان های ملارد، شهریار، قدس، رباط کریم، بهارستان، اسلامشهر/محل خدمت بهارستان1؛ پذیرش دانشجو‌معلم با تعهد خدمت؛ ضوابط بخش فرهنگیان دفترچه,1402-humanities-booklet,213,1402-humanities-booklet,213,کدرشته‌محل منبع: 50601؛ عنوان رشته در منبع: آموزش ابتدایی؛ نحوه پذیرش: با آزمون (بخش دانشجو‌معلم)؛ استان در این ردیف مربوط به بومی‌گزینی/محل خدمت است
1402,آموزش ابتدایی,دانشگاه فرهنگیان,پردیس زینبیه پیشوا)ورامین( )مرکز آموزش عالی عترت واوان(,تهران,در جدول ذکر نشده,,تعهد خدمت,16,زن,در جدول ذکر نشده,ادامه مخصوص داوطلبان بومی استان تهران؛ پردیس زینبیه پیشوا)ورامین( )مرکز آموزش عالی عترت واوان(/ اولویت پذیرش با داوطلبان بومی شهرستان های ملارد، شهریار، قدس، رباط کریم، بهارستان، اسلامشهر/محل خدمت بهارستان 2؛ پذیرش دانشجو‌معلم با تعهد خدمت؛ ضوابط بخش فرهنگیان دفترچه,1402-humanities-booklet,213,1402-humanities-booklet,213,کدرشته‌محل منبع: 50602؛ عنوان رشته در منبع: آموزش ابتدایی؛ نحوه پذیرش: با آزمون (بخش دانشجو‌معلم)؛ استان در این ردیف مربوط به بومی‌گزینی/محل خدمت است
1402,آموزش ابتدایی,دانشگاه فرهنگیان,پردیس زینبیه پیشوا)ورامین( )مرکز آمو زش عالی عترت واوان(,تهران,در جدول ذکر نشده,,تعهد خدمت,8,زن,در جدول ذکر نشده,ادامه مخصوص داوطلبان بومی استان تهران؛ پردیس زینبیه پیشوا)ورامین( )مرکز آمو زش عالی عترت واوان(/ اولویت پذیرش با داوطلبان بومی شهرستان های ملارد، شهریار، قدس، رباط کریم، بهارستان، اسلامشهر/محل خدمت چهاردانگه شهرستانها؛ پذیرش دانشجو‌معلم با تعهد خدمت؛ ضوابط بخش فرهنگیان دفترچه,1402-humanities-booklet,213,1402-humanities-booklet,213,کدرشته‌محل منبع: 50603؛ عنوان رشته در منبع: آموزش ابتدایی؛ نحوه پذیرش: با آزمون (بخش دانشجو‌معلم)؛ استان در این ردیف مربوط به بومی‌گزینی/محل خدمت است
1402,آموزش ابتدایی,دانشگاه فرهنگیان,پردیس زینبیه پیشوا)ورامین( )مرکز آموزش عالی عترت واوان(,تهران,در جدول ذکر نشده,,تعهد خدمت,14,زن,در جدول ذکر نشده,ادامه مخصوص داوطلبان بومی استان تهران؛ پردیس زینبیه پیشوا)ورامین( )مرکز آموزش عالی عترت واوان(/ اولویت پذیرش با داوطلبان بومی ش هرستان های ملارد، شهریار، قدس، رباط کریم، بهارستان، اسلامشهر/محل خدمت رباط کریم؛ پذیرش دانشجو‌معلم با تعهد خدمت؛ ضوابط بخش فرهنگیان دفترچه,1402-humanities-booklet,213,1402-humanities-booklet,213,کدرشته‌محل منبع: 50604؛ عنوان رشته در منبع: آموزش ابتدایی؛ نحوه پذیرش: با آزمون (بخش دانشجو‌معلم)؛ استان در این ردیف مربوط به بومی‌گزینی/محل خدمت است
1402,آموزش ابتدایی,دانشگاه فرهنگیان,پردیس زینبیه پیشوا)ورامین( )مرکز آموزش عالی عترت واوان(,تهران,در جدول ذکر نشده,,تعهد خدمت,14,زن,در جدول ذکر نشده,ادامه مخصوص داوطلبان بومی استان تهران؛ پردیس زینبیه پیشوا)ورامین( )مرکز آموزش عالی عترت واوان(/ اولویت پذیرش با داوطلبان بومی شهرستان های ملارد، شهریار، قدس، رباط کریم، بهارستان، اسلامشهر/ محل خدمت شهرقدس؛ پذیرش دانشجو‌معلم با تعهد خدمت؛ ضوابط بخش فرهنگیان دفترچه,1402-humanities-booklet,213,1402-humanities-booklet,213,کدرشته‌محل منبع: 50605؛ عنوان رشته در منبع: آموزش ابتدایی؛ نحوه پذیرش: با آزمون (بخش دانشجو‌معلم)؛ استان در این ردیف مربوط به بومی‌گزینی/محل خدمت است
1402,آموزش ابتدایی,دانشگاه فرهنگیان,پردیس زینبیه پیشوا)ورامین( )مرکز آموزش عالی عترت واوان(,تهران,در جدول ذکر نشده,,تعهد خدمت,23,زن,در جدول ذکر نشده,ادامه مخصوص داوطلبان بومی استان تهران؛ پردیس زینبیه پیشوا)ورامین( )مرکز آموزش عالی عترت واوان(/ اولویت پذیرش با داوطلبان بومی شهرستان های ملارد، شهریار، قدس، رباط کریم، بهارستان، اسلامشهر/محل خدمت شهریار؛ پذیرش دانشجو‌معلم با تعهد خدمت؛ ضوابط بخش فرهنگیان دفترچه,1402-humanities-booklet,213,1402-humanities-booklet,213,کدرشته‌محل منبع: 50606؛ عنوان رشته در منبع: آموزش ابتدایی؛ نحوه پذیرش: با آزمون (بخش دانشجو‌معلم)؛ استان در این ردیف مربوط به بومی‌گزینی/محل خدمت است
1402,آموزش ابتدایی,دانشگاه فرهنگیان,پردیس زینبیه پیشوا)ور امین( )مرکز آموزش عالی عترت واوان(,تهران,در جدول ذکر نشده,,تعهد خدمت,14,زن,در جدول ذکر نشده,ادامه مخصوص داوطلبان بومی استان تهران؛ پردیس زینبیه پیشوا)ور امین( )مرکز آموزش عالی عترت واوان(/ اولویت پذیرش با داوطلبان بومی شهرستان های ملارد، شهریار، قدس، رباط کریم، بهارستان، اسلامشهر/محل خدمت ملارد؛ پذیرش دانشجو‌معلم با تعهد خدمت؛ ضوابط بخش فرهنگیان دفترچه,1402-humanities-booklet,213,1402-humanities-booklet,213,کدرشته‌محل منبع: 50607؛ عنوان رشته در منبع: آموزش ابتدایی؛ نحوه پذیرش: با آزمون (بخش دانشجو‌معلم)؛ استان در این ردیف مربوط به بومی‌گزینی/محل خدمت است
1402,آموزش ابتدایی,دانشگاه فرهنگیان,پردیس شهید چمران تهران,تهران,در جدول ذکر نشده,,تعهد خدمت,48,مرد,در جدول ذکر نشده,ادامه مخصوص داوطلبان بومی استان تهران؛ پردیس شهید چمران تهران/ مخصوص داوطلبان بومی شهرستان های تهران و شمیرانات)صرفاً شامل ش هر تهران، کن، آفتاب، رودبارقصران، لواسانات(/محل خدمت تهران .منطقه15؛ پذیرش دانشجو‌معلم با تعهد خدمت؛ ضوابط بخش فرهنگیان دفترچه,1402-humanities-booklet,213,1402-humanities-booklet,213,کدرشته‌محل منبع: 50608؛ عنوان رشته در منبع: آموزش ابتدایی؛ نحوه پذیرش: با آزمون (بخش دانشجو‌معلم)؛ استان در این ردیف مربوط به بومی‌گزینی/محل خدمت است
1402,آموزش ابتدایی,دانشگاه فرهنگیان,پردیس شهید چمران تهران,تهران,در جدول ذکر نشده,,تعهد خدمت,23,مرد,در جدول ذکر نشده,ادامه مخصوص داوطلبان بومی استان تهران؛ پردیس شهید چمران تهران/ مخصوص داوطلبان بومی شهرستان های تهران و شمیرانات)صرفاً شامل شهر تهران، کن، آفتاب، رودبارقصران، لواسانات(/محل خدمت تهران .منطقه16؛ پذیرش دانشجو‌معلم با تعهد خدمت؛ ضوابط بخش فرهنگیان دفترچه,1402-humanities-booklet,213,1402-humanities-booklet,213,کدرشته‌محل منبع: 50609؛ عنوان رشته در منبع: آموزش ابتدایی؛ نحوه پذیرش: با آزمون (بخش دانشجو‌معلم)؛ استان در این ردیف مربوط به بومی‌گزینی/محل خدمت است
1402,آموزش ابتدایی,دانشگاه فرهنگیان,پردیس شهید چمران تهران,تهران,در جدول ذکر نشده,,تعهد خدمت,17,مرد,در جدول ذکر نشده,ادامه مخصوص داوطلبان بومی استان تهران؛ پردیس شهید چمران تهران/ مخصوص داوطلبان بومی شهرستان های تهران و شمیرانات)صرفاً شامل شهر تهران، کن، آفتاب، رودبارقصران، لواسانات(/محل خدمت تهران .منطقه17؛ پذیرش دانشجو‌معلم با تعهد خدمت؛ ضوابط بخش فرهنگیان دفترچه,1402-humanities-booklet,213,1402-humanities-booklet,213,کدرشته‌محل منبع: 50610؛ عنوان رشته در منبع: آموزش ابتدایی؛ نحوه پذیرش: با آزمون (بخش دانشجو‌معلم)؛ استان در این ردیف مربوط به بومی‌گزینی/محل خدمت است
1402,آموزش ابتدایی,دانشگاه فرهنگیان,پردیس شهید چمران تهران,تهران,در جدول ذکر نشده,,تعهد خدمت,43,مرد,در جدول ذکر نشده,ادامه مخصوص داوطلبان بومی استان تهران؛ پردیس شهید چمران تهران/ مخصوص داوطلبان بومی شهرست ان های تهران و شمیرانات)صرفاً شامل شهر تهران، کن، آفتاب، رودبارقصران، لواسانات(/محل خدمت تهران .منطقه18؛ پذیرش دانشجو‌معلم با تعهد خدمت؛ ضوابط بخش فرهنگیان دفترچه,1402-humanities-booklet,213,1402-humanities-booklet,213,کدرشته‌محل منبع: 50611؛ عنوان رشته در منبع: آموزش ابتدایی؛ نحوه پذیرش: با آزمون (بخش دانشجو‌معلم)؛ استان در این ردیف مربوط به بومی‌گزینی/محل خدمت است
1402,آموزش ابتدایی,دانشگاه فرهنگیان,پردیس شهید چمران تهران,تهران,در جدول ذکر نشده,,تعهد خدمت,46,مرد,در جدول ذکر نشده,ادامه مخصوص داوطلبان بومی استان تهران؛ پردیس شهید چمران تهران/ مخصوص داوطلبان بومی شهرستان های تهران و شمیرانات)صرفاً شامل شهر تهران، کن، آفتاب، رودبارقصران، لو اسانات(/محل خدمت تهران .منطقه 19؛ پذیرش دانشجو‌معلم با تعهد خدمت؛ ضوابط بخش فرهنگیان دفترچه,1402-humanities-booklet,213,1402-humanities-booklet,213,کدرشته‌محل منبع: 50612؛ عنوان رشته در منبع: آموزش ابتدایی؛ نحوه پذیرش: با آزمون (بخش دانشجو‌معلم)؛ استان در این ردیف مربوط به بومی‌گزینی/محل خدمت است
1402,آموزش ابتدایی,دانشگاه فرهنگیان,پردیس شهید مفتح شهرری,تهران,در جدول ذکر نشده,,تعهد خدمت,28,مرد,در جدول ذکر نشده,ادامه مخصوص داوطلبان بومی استان تهران؛ پردیس شهید مفتح شهرری/ اولویت پذیرش با داوطلبان بومی شهرستان های ملارد، شهریار، قدس، رباط کریم، بهارستان، اسلامشهر/محل خدمت اسلام شهر؛ پذیرش دانشجو‌معلم با تعهد خدمت؛ ضوابط بخش فرهنگیان دفترچه,1402-humanities-booklet,213,1402-humanities-booklet,213,کدرشته‌محل منبع: 50613؛ عنوان رشته در منبع: آموزش ابتدایی؛ نحوه پذیرش: با آزمون (بخش دانشجو‌معلم)؛ استان در این ردیف مربوط به بومی‌گزینی/محل خدمت است
1402,آموزش ابتدایی,دانشگاه فرهنگیان,پردیس شهید مفتح شهرری,تهران,در جدول ذکر نشده,,تعهد خدمت,22,مرد,در جدول ذکر نشده,ادامه مخصوص داوطلبان بومی استان تهران؛ پردیس شهید مفتح شهرری/ اولویت پذی رش با داوطلبان بومی شهرستان های ملارد، شهریار، قدس، رباط کریم، بهارستان، اسلامشهر/محل خدمت بهارستان1؛ پذیرش دانشجو‌معلم با تعهد خدمت؛ ضوابط بخش فرهنگیان دفترچه,1402-humanities-booklet,213,1402-humanities-booklet,213,کدرشته‌محل منبع: 50614؛ عنوان رشته در منبع: آموزش ابتدایی؛ نحوه پذیرش: با آزمون (بخش دانشجو‌معلم)؛ استان در این ردیف مربوط به بومی‌گزینی/محل خدمت است
1402,آموزش ابتدایی,دانشگاه فرهنگیان,پردیس شهید مفتح شهرری,تهران,در جدول ذکر نشده,,تعهد خدمت,22,مرد,در جدول ذکر نشده,ادامه مخصوص داوطلبان بومی استان تهران؛ پردیس شهید مفتح شهرری/ اولویت پذیرش با داوطلبان بومی شهرستان های ملارد، شهریار، قدس، رباط کریم، بهارستان، اسلامشهر/محل خدمت بها رستان2؛ پذیرش دانشجو‌معلم با تعهد خدمت؛ ضوابط بخش فرهنگیان دفترچه,1402-humanities-booklet,213,1402-humanities-booklet,213,کدرشته‌محل منبع: 50615؛ عنوان رشته در منبع: آموزش ابتدایی؛ نحوه پذیرش: با آزمون (بخش دانشجو‌معلم)؛ استان در این ردیف مربوط به بومی‌گزینی/محل خدمت است
1402,آموزش ابتدایی,دانشگاه فرهنگیان,پردیس شهید مفتح شهرری,تهران,در جدول ذکر نشده,,تعهد خدمت,13,مرد,در جدول ذکر نشده,ادامه مخصوص داوطلبان بومی استان تهران؛ پردیس شهید مفتح شهرری/ اولویت پذیرش با داوطلبان بومی شهرستان های ملارد، شهریار، قدس، رباط کریم، بهارستان، اسلامشهر/محل خدمت چهاردانگه شهرستانها؛ پذیرش دانشجو‌معلم با تعهد خدمت؛ ضوابط بخش فرهنگیان دفترچه,1402-humanities-booklet,213,1402-humanities-booklet,213,کدرشته‌محل منبع: 50616؛ عنوان رشته در منبع: آموزش ابتدایی؛ نحوه پذیرش: با آزمون (بخش دانشجو‌معلم)؛ استان در این ردیف مربوط به بومی‌گزینی/محل خدمت است
1402,آموزش ابتدایی,دانشگاه فرهنگیان,پردیس شهید مفتح شهرری,تهران,در جدول ذکر نشده,,تعهد خدمت,21,مرد,در جدول ذکر نشده,ادامه مخصوص داوطلبان بومی استان تهران؛ پردیس شهید مفتح شهرری/ اولویت پذیرش با داوطلبان بومی شهرستان های ملارد، شهریار، قدس، رباط کریم، بهارستان، اسلامشهر/محل خدمت رباط کریم؛ پذیرش دانشجو‌معلم با تعهد خدمت؛ ضوابط بخش فرهنگیان دفترچه,1402-humanities-booklet,213,1402-humanities-booklet,213,کدرشته‌محل منبع: 50617؛ عنوان رشته در منبع: آموزش ابتدایی؛ نحوه پذیرش: با آزمون (بخش دانشجو‌معلم)؛ استان در این ردیف مربوط به بومی‌گزینی/محل خدمت است
1402,آموزش ابتدایی,دانشگاه فرهنگیان,پردیس شهید مفتح شهرری,تهران,در جدول ذکر نشده,,تعهد خدمت,22,مرد,در جدول ذکر نشده,ادامه مخصوص داوطلبان بومی استان تهران؛ پردیس شهید مفتح شهرری/ اولویت پذیرش با داوطلبان بومی شهرستان های ملارد، شهریار، قدس، رباط کریم، بهارستان، اسلامشهر/محل خدمت شهرقدس؛ پذیرش دانشجو‌معلم با تعهد خدمت؛ ضوابط بخش فرهنگیان دفترچه,1402-humanities-booklet,213,1402-humanities-booklet,213,کدرشته‌محل منبع: 50618؛ عنوان رشته در منبع: آموز ش ابتدایی؛ نحوه پذیرش: با آزمون (بخش دانشجو‌معلم)؛ استان در این ردیف مربوط به بومی‌گزینی/محل خدمت است
1402,آموزش ابتدایی,دانشگاه فرهنگیان,پردیس شهید مفتح شهرری,تهران,در جدول ذکر نشده,,تعهد خدمت,31,مرد,در جدول ذکر نشده,ادامه مخصوص داوطلبان بومی استان تهران؛ پردیس شهید مفتح شهرری/ اولویت پذیرش با داوطلبان بومی شهرستان های ملارد، شهریار، قدس، رباط کریم، بهارستان، اسلامشهر/محل خدمت شهریار؛ پذیرش دانشجو‌معلم با تعهد خدمت؛ ضوابط بخش فرهنگیان دفترچه,1402-humanities-booklet,213,1402-humanities-booklet,213,کدرشته‌محل منبع: 50619؛ عنوان رشته در منبع: آموزش ابتدایی؛ نحوه پذیرش: با آزمون (بخش دانشجو‌معلم)؛ استان در این ردیف مربوط به بومی‌گزینی/محل خدمت است
1402,آموزش ابتدایی,دانشگاه فرهنگیان,پردیس شهید مفتح شهرری,تهران,در جدول ذکر نشده,,تعهد خدمت,22,مرد,در جدول ذکر نشده,ادامه مخصوص داوطلبان بومی استان تهران؛ پردیس شهید مفتح شهرری/ اولویت پذیرش با داوطلبان بومی شهرستان های ملارد، شهریار، قدس، رباط کریم، بهارستان، اسلامشهر/محل خدمت ملارد؛ پذیرش دانشجو‌معلم با تعهد خدمت؛ ضوابط بخش فرهنگیان دفترچه,1402-humanities-booklet,213,1402-humanities-booklet,213,کدرشته‌محل منبع: 50620؛ عنوان رشته در منبع: آموزش ابتدایی؛ نحوه پذیرش: با آزمون (بخش دانشجو‌معلم)؛ استان در این ردیف مربوط به بومی‌گزینی/محل خدمت است
1402,آموزش ابتدایی,دانشگاه فرهنگیان,پردیس شهید مفتح شهرری,تهران,در جدول ذکر نشده,,تعهد خدمت,19,مرد,در جدول ذکر نشده,ادامه مخصوص داوطلبان بومی استان تهران؛ پردیس شهید مفتح شهرری/ اولویت پذیرش با داوطلبان بومی شهرستان های فیروزکوه، دماوند، پردیس، ورامین، قرچک، پاکدشت، پیشوا، جوادآباد، شهرری/محل خدمت پاکدشت؛ پذیرش دانشجو‌معلم با تعهد خدمت؛ ضوابط بخش فرهنگیان دفترچه,1402-humanities-booklet,213,1402-humanities-booklet,213,کدرشته‌محل منبع: 50621؛ عنوان رشته در منبع: آموزش ابتدایی؛ نحوه پذیرش: با آزمون (بخش دانشجو‌معلم)؛ استان در این ردیف مربوط به بومی‌گزینی/محل خدمت است
1402,آموزش ابتدایی,دانشگاه فرهنگیان,پردیس شهید مفتح شهرری,تهران,در جدول ذکر نشده,,تعهد خدمت,19,مرد,در جدول ذکر نشده,ادامه مخصوص داوطلبان بومی استان تهران؛ پردیس شهید مفتح شهرری/ اولویت پذیرش با داوطلبان بومی شهرستان های فیروزکوه، دماوند، پردیس، ورامین، قرچک، پاکدشت، پیشوا، جوادآباد، شهرری/محل خدمت پردیس؛ پذیرش دانشجو‌معلم با تعهد خدمت؛ ضوابط بخش فرهنگیان دفترچه,1402-humanities-booklet,213,1402-humanities-booklet,213,کدرشته‌محل منبع: 50622؛ عنوان رشته در منبع: آموزش ابتدایی؛ نحوه پذیرش: با آزمون (بخش دانشجو‌معلم)؛ استان در این ردیف مربوط به بومی‌گزینی/محل خدمت است
1402,آموزش ابتدایی,دانشگاه فرهنگیان,پردیس شهید مفتح شهرری,تهران,در جدول ذکر نشده,,تعهد خدمت,13,مرد,در جدول ذکر نشده,ادامه مخصوص داوطلبان بومی استان تهران؛ پردیس شهید مفتح شهرری/ اولویت پذیرش با داوطلبان بومی شهرستان های فیروزکوه، دم اوند، پردیس، ورامین، قرچک، پاکدشت، پیشوا، جوادآباد، شهرری/محل خدمت پیشوا؛ پذیرش دانشجو‌معلم با تعهد خدمت؛ ضوابط بخش فرهنگیان دفترچه,1402-humanities-booklet,213,1402-humanities-booklet,213,کدرشته‌محل منبع: 50623؛ عنوان رشته در منبع: آموزش ابتدایی؛ نحوه پذیرش: با آزمون (بخش دانشجو‌معلم)؛ استان در این ردیف مربوط به بومی‌گزینی/محل خدمت است
1402,آموزش ابتدایی,دانشگاه فرهنگیان,پردیس شهید مفتح شهرری,تهران,در جدول ذکر نشده,,تعهد خدمت,14,مرد,در جدول ذکر نشده,ادامه مخصوص داوطلبان بومی استان تهران؛ پردیس شهید مفتح شهرری/ اولویت پذیرش با داوطلبان بومی شهرستان های فیروزکوه، دماوند، پردیس، ورامین، قرچک، پاکدشت، پیشوا، جوادآباد، شهرری/محل خدمت دماوند؛ پذیرش دانشجو‌معلم با تعهد خدمت؛ ضوابط بخش فرهنگیان دفترچه,1402-humanities-booklet,213,1402-humanities-booklet,213,کدرشته‌محل منبع: 50624؛ عنوان رشته در منبع: آموزش ابتدایی؛ نحوه پذیرش: با آزمون (بخش دانشجو‌معلم)؛ استان در این ردیف مربوط به بومی‌گزینی/محل خدمت است
1402,آموزش ابتدایی,دانشگاه فرهنگیان,پردیس شهید مفتح شهرری,تهران,در جدول ذکر نشده,,تعهد خدمت,13,مرد,در جدول ذکر نشده,ادامه مخصوص داوطلبان بومی استان تهران؛ پردیس شهید مفتح شهرری/ اولویت پذیرش با داوطلبان بومی شهرستان های فیروزکوه، دماوند، پردیس، ورامین، قرچک، پاکدشت، پیشوا، جوادآ باد، شهرری/محل خدمت رودهن؛ پذیرش دانشجو‌معلم با تعهد خدمت؛ ضوابط بخش فرهنگیان دفترچه,1402-humanities-booklet,214,1402-humanities-booklet,214,کدرشته‌محل منبع: 50625؛ عنوان رشته در منبع: آموزش ابتدایی؛ نحوه پذیرش: با آزمون (بخش دانشجو‌معلم)؛ استان در این ردیف مربوط به بومی‌گزینی/محل خدمت است
1402,آموزش ابتدایی,دانشگاه فرهنگیان,پردیس شهید مفتح شهرری,تهران,در جدول ذکر نشده,,تعهد خدمت,22,مرد,در جدول ذکر نشده,ادامه مخصوص داوطلبان بومی استان تهران؛ پردیس شهید مفتح شهرری/ اولویت پذیرش با داوطلبان بومی شهرستان های فیروزکوه، دماوند، پردیس، ورامین، قرچک، پاکدشت، پیشوا، جوادآباد، شهرری/محل خدمت شهرری .ناحیه1؛ پذیرش دانشجو‌معلم با تعهد خدمت؛ ضوابط بخش فرهنگیان دفترچه,1402-humanities-booklet,214,1402-humanities-booklet,214,کدرشته‌محل منبع: 50626؛ عنوان رشته در منبع: آموزش ابتدایی؛ نحوه پذیرش: با آزمون (بخش دانشجو‌معلم)؛ استان در این ردیف مربوط به بومی‌گزینی/محل خدمت است
1402,آموزش ابتدایی,دانشگاه فرهنگیان,پردیس شهید مفتح شهرری,تهران,در جدول ذکر نشده,,تعهد خدمت,11,مرد,در جدول ذکر نشده,ادامه مخصوص داوطلبان بومی استان تهران؛ پردیس شهید مفتح شهرری/ اولویت پذیرش با داوطلبان بومی شهرستان های فیروزکوه، دماوند، پردیس، ورامین، قرچک، پاکدشت، پیشوا، جوادآباد، شهرری/محل خدمت شهرری .ناحیه2؛ پذیرش دانشجو‌معلم با تعهد خدمت؛ ضوابط بخش فرهنگیان دفترچه,1402-humanities-booklet,214,1402-humanities-booklet,214,کدرشته‌محل منبع: 50627؛ عنوان رشته در منبع: آموزش ابتدایی؛ نحوه پذیرش: با آزمون (بخش دانشجو‌معلم)؛ استان در این ردیف مربوط به بومی‌گزینی/محل خدمت است
1402,آموزش ابتدایی,دانشگاه فرهنگیان,پردیس شهید مفتح شهرری,تهران,در جدول ذکر نشده,,تعهد خدمت,10,مرد,در جدول ذکر نشده,ادامه مخصوص داوطلبان بومی استان تهران؛ پردیس شهید مفتح شهرری/ اولویت پذیرش با داوطلبان بومی شهرستان های فیروزکوه، دماوند، پ ردیس، ورامین، قرچک، پاکدشت، پیشوا، جوادآباد، شهرری/محل خدمت فشافویه؛ پذیرش دانشجو‌معلم با تعهد خدمت؛ ضوابط بخش فرهنگیان دفترچه,1402-humanities-booklet,214,1402-humanities-booklet,214,کدرشته‌محل منبع: 50628؛ عنوان رشته در منبع: آموزش ابتدایی؛ نحوه پذیرش: با آزمون (بخش دانشجو‌معلم)؛ استان در این ردیف مربوط به بومی‌گزینی/محل خدمت است
1402,آموزش ابتدایی,دانشگاه فرهنگیان,پردیس شهید مفتح شهرری,تهران,در جدول ذکر نشده,,تعهد خدمت,10,مرد,در جدول ذکر نشده,ادامه مخصوص داوطلبان بومی استان تهران؛ پردیس شهید مفتح شهرری/ اولویت پذیرش با داوطلبان بومی شهرستان های فیروزکوه، دماوند، پردیس، ورامین، قرچک، پاکدشت، پیشوا، جوادآباد، شهرری/محل خدمت فیروزکوه؛ پذیرش دانشجو‌معلم با تعهد خدمت؛ ضوابط بخش فرهنگیان دفترچه,1402-humanities-booklet,214,1402-humanities-booklet,214,کدرشته‌محل منبع: 50629؛ عنوان رشته در منبع: آموزش ابتدایی؛ نحوه پذیرش: با آزمون (بخش دانشجو‌معلم)؛ استان در این ردیف مربوط به بومی‌گزینی/محل خدمت است
1402,آموزش ابتدایی,دانشگاه فرهنگیان,پردیس شهید مفتح شهرری,تهران,در جدول ذکر نشده,,تعهد خدمت,17,مرد,در جدول ذکر نشده,ادامه مخصوص داوطلبان بومی استان تهران؛ پردیس شهید مفتح شهرری/ اولویت پذیرش با داوطلبان بومی شهرستان های فیروزکوه، دماوند، پردیس، ورامین، قرچک، پاکدشت، پیشوا، جوادآباد، شهرری/محل خدمت قرچک؛ پذیرش دانشجو‌معلم با تعهد خدمت؛ ضوابط بخش فرهنگیان دفترچه,1402-humanities-booklet,214,1402-humanities-booklet,214,کدرشته‌محل منبع: 50630؛ عنوان رشته در منبع: آموزش ابتدایی؛ نحوه پذیرش: با آزمون (بخش دانشجو‌معلم)؛ استان در این ردیف مربوط به بومی‌گزینی/محل خدمت است
1402,آموزش ابتدایی,دانشگاه فرهنگیان,پردیس شهید مفتح شهرری,تهران,در جدول ذکر نشده,,تعهد خدمت,14,مرد,در جدول ذکر نشده,ادامه مخصوص داوطلبان بومی استان تهران؛ پردیس شهید مفتح شهرری/ اولویت پذیرش با داوطلبان بومی شهرست ان ،های فیروزکوه، دماوند پردیس، ورامین، قرچک، پاکدشت، پیشوا، جوادآباد، شهرری/محل خدمت کهریزک؛ پذیرش دانشجو‌معلم با تعهد خدمت؛ ضوابط بخش فرهنگیان دفترچه,1402-humanities-booklet,214,1402-humanities-booklet,214,کدرشته‌محل منبع: 50631؛ عنوان رشته در منبع: آموزش ابتدایی؛ نحوه پذیرش: با آزمون (بخش دانشجو‌معلم)؛ استان در این ردیف مربوط به بومی‌گزینی/محل خدمت است
1402,آموزش ابتدایی,دانشگاه فرهنگیان,پردیس شهید مفتح شهرری,تهران,در جدول ذکر نشده,,تعهد خدمت,17,مرد,در جدول ذکر نشده,ادامه مخصوص داوطلبان بومی استان تهران؛ پردیس شهید مفتح شهرری/ اولویت پذیرش با داوطلبان بومی شهرستان های فیروزکوه، دماوند، /پردیس، ورامین، قرچک، پاکدشت، پیشوا، جوادآباد، شهرری محل خدمت ورامین؛ پذیرش دانشجو‌معلم با تعهد خدمت؛ ضوابط بخش فرهنگیان دفترچه,1402-humanities-booklet,214,1402-humanities-booklet,214,کدرشته‌محل منبع: 50632؛ عنوان رشته در منبع: آموزش ابتدایی؛ نحوه پذیرش: با آزمون (بخش دانشجو‌معلم)؛ استان در این ردیف مربوط به بومی‌گزینی/محل خدمت است
1402,آموزش ابتدایی,دانشگاه فرهنگیان,پردیس شهید مفتح شهرری,تهران,در جدول ذکر نشده,,تعهد خدمت,8,مرد,در جدول ذکر نشده,ادامه مخصوص داوطلبان بومی استان تهران؛ پردیس شهید مفتح شهرری/ اولویت پذیرش با داوطلبان بومی شهرستان های فیروزکوه، دماوند، پردیس، ورامین، قرچک، پاکدشت، پیشوا، جوادآباد، شهرری/محل خدمت جوادآباد؛ پذیرش دانشجو‌معلم با تعهد خدمت؛ ضوابط بخش فرهنگیان دفترچه,1402-humanities-booklet,214,1402-humanities-booklet,214,کدرشته‌محل منبع: 50633؛ عنوان رشته در منبع: آموزش ابتدایی؛ نحوه پذیرش: با آزمون (بخش دانشجو‌معلم)؛ استان در این ردیف مربوط به بومی‌گزینی/محل خدمت است
1402,آموزش ابتدایی,دانشگاه فرهنگیان,پردیس نسیبه تهران,تهران,در جدول ذکر نشده,,تعهد خدمت,22,زن,در جدول ذکر نشده,ادامه مخصوص داوطلبان بومی استان تهران؛ پردیس نسیبه تهران/ مخصوص داوطلبا ن بومی شهرستان های تهران و شمیرانات)صرفاً شامل شهر تهران، کن، آفتاب، رودبارقصران، لواسانات(/محل خدمت تهران .منطقه15؛ پذیرش دانشجو‌معلم با تعهد خدمت؛ ضوابط بخش فرهنگیان دفترچه,1402-humanities-booklet,214,1402-humanities-booklet,214,کدرشته‌محل منبع: 50634؛ عنوان رشته در منبع: آموزش ابتدایی؛ نحوه پذیرش: با آزمون (بخش دانشجو‌معلم)؛ استان در این ردیف مربوط به بومی‌گزینی/محل خدمت است
1402,آموزش ابتدایی,دانشگاه فرهنگیان,پردیس نسیبه تهران,تهران,در جدول ذکر نشده,,تعهد خدمت,12,زن,در جدول ذکر نشده,ادامه مخصوص داوطلبان بومی استان تهران؛ پردیس نسیبه تهران/ مخصوص داوطلبان بومی شهرستان های تهران و شمیرانات)صرفاً شامل شهر تهران، کن، آفتاب، رودبارقصر ان، لواسانات(/محل خدمت تهران .منطقه 16؛ پذیرش دانشجو‌معلم با تعهد خدمت؛ ضوابط بخش فرهنگیان دفترچه,1402-humanities-booklet,214,1402-humanities-booklet,214,کدرشته‌محل منبع: 50635؛ عنوان رشته در منبع: آموزش ابتدایی؛ نحوه پذیرش: با آزمون (بخش دانشجو‌معلم)؛ استان در این ردیف مربوط به بومی‌گزینی/محل خدمت است
1402,آموزش ابتدایی,دانشگاه فرهنگیان,پردیس نسیبه تهران,تهران,در جدول ذکر نشده,,تعهد خدمت,7,زن,در جدول ذکر نشده,ادامه مخصوص داوطلبان بومی استان تهران؛ پردیس نسیبه تهران/ مخصوص داوطلبان بومی شهرستان های تهران و شمیرانات)صرفاً شامل شهر تهران، کن، آفتاب، رودبارقصران، لواسانات(/محل خدمت تهران .منطقه17؛ پذیرش دانشجو‌معلم با تعهد خدمت؛ ضوابط بخش فرهنگیان دفترچه,1402-humanities-booklet,214,1402-humanities-booklet,214,کدرشته‌محل منبع: 50636؛ عنوان رشته در منبع: آموزش ابتدایی؛ نحوه پذیرش: با آزمون (بخش دانشجو‌معلم)؛ استان در این ردیف مربوط به بومی‌گزینی/محل خدمت است
1402,آموزش ابتدایی,دانشگاه فرهنگیان,پردیس نسیبه ته ران )مرکز آموزش عالی شهید باهنر تهران(,تهران,در جدول ذکر نشده,,تعهد خدمت,22,زن,در جدول ذکر نشده,ادامه مخصوص داوطلبان بومی استان تهران؛ پردیس نسیبه ته ران )مرکز آموزش عالی شهید باهنر تهران(/ مخصوص داوطلبان بومی شهرستان های تهران و شمیرانات)صرفاً شامل شهر تهران، کن، آفتاب، رودبارقصران، لواسانات(/محل خدمت تهران .منطقه18؛ پذیرش دانشجو‌معلم با تعهد خدمت؛ ضوابط بخش فرهنگیان دفترچه,1402-humanities-booklet,214,1402-humanities-booklet,214,کدرشته‌محل منبع: 50637؛ عنوان رشته در منبع: آموزش ابتدایی؛ نحوه پذیرش: با آزمون (بخش دانشجو‌معلم)؛ استان در این ردیف مربوط به بومی‌گزینی/محل خدمت است
1402,آموزش ابتدایی,دانشگاه فرهنگیان,پردیس نسیبه تهران )مرکز آموزش عالی شهید باهنر تهران(,تهران,در جدول ذکر نشده,,تعهد خدمت,23,زن,در جدول ذکر نشده,ادامه مخصوص داوطلبان بومی استان تهران؛ پردیس نسیبه تهران )مرکز آموزش عالی شهید باهنر تهران(/ مخصو ص داوطلبان بومی شهرستان های تهران و شمیرانات)صرفاً شامل شهر تهران، کن، آفتاب، رودبارقصران، لواسانات(/محل خدمت تهران .منطقه19؛ پذیرش دانشجو‌معلم با تعهد خدمت؛ ضوابط بخش فرهنگیان دفترچه,1402-humanities-booklet,214,1402-humanities-booklet,214,کدرشته‌محل منبع: 50638؛ عنوان رشته در منبع: آموزش ابتدایی؛ نحوه پذیرش: با آزمون (بخش دانشجو‌معلم)؛ استان در این ردیف مربوط به بومی‌گزینی/محل خدمت است
1402,آموزش ابتدایی,دانشگاه فرهنگیان,پردیس بحر العلوم شهرکرد,چهارمحال و بختیاری,در جدول ذکر نشده,,تعهد خدمت,1,مرد,در جدول ذکر نشده,ادامه مخصوص داوطلبان بومی استان چهارمحال و بختیاری؛ پردیس بحر العلوم شهرکرد/ اولویت پذیرش با داوطلبان بومی شهرستان بروجن/محل خدمت گندمان؛ پذیرش دانشجو‌معلم با تعهد خدمت؛ ضوابط بخش فرهنگیان دفترچه,1402-humanities-booklet,226,1402-humanities-booklet,226,کدرشته‌محل منبع: 50813؛ عنوان رشته در منبع: آموزش ابتدایی؛ نحوه پذیرش: با آزمون (بخش دانشجو‌معلم)؛ استان در این ردیف مربوط به بومی‌گزینی/محل خدمت است
1402,آموزش ابتدایی,دانشگاه فرهنگیان,پردیس بحر العلوم شهرکرد,چهارمحال و بختیاری,در جدول ذکر نشده,,تعهد خدمت,1,مرد,در جدول ذکر نشده,ادامه مخصوص داوطلبان بومی استان چهارمحال و بختیاری؛ پردیس بحر العلوم شهرکرد/ اولویت پذیرش با داوطلبان بومی شهرستان بروجن/محل خدمت بلداجی؛ پذیرش دانشجو‌معلم با تعهد خدمت؛ ضوابط بخش فرهنگیان دفترچه,1402-humanities-booklet,226,1402-humanities-booklet,226,کدرشته‌محل منبع: 50814؛ عنوان رشته در منبع: آموزش ابتدایی؛ نحوه پذیرش: با آزمون (بخش دانشجو‌معلم)؛ استان در این ردیف مربوط به بومی‌گزینی/محل خدمت است
1402,آموزش ابتدایی,دانشگاه فرهنگیان,پردیس بحر العلوم شهرکرد,چهارمحال و بختیاری,در جدول ذکر نشده,,تعهد خدمت,1,مرد,در جدول ذکر نشده,ادامه مخصوص داوطلبان بومی استان چهارمحال و بختیاری؛ پردیس بحر العلوم شهرکرد/ اولویت پذیرش با داوطلبان بومی شهرستان های شهرکرد، سامان، بن/محل خدمت بن؛ پذیرش دانشجو‌معلم با تعهد خدمت؛ ضوابط بخش فرهنگیان دفترچه,1402-humanities-booklet,226,1402-humanities-booklet,226,کدرشته‌محل منبع: 50815؛ عنوان رشته در منبع: آموزش ابتدایی؛ نحوه پذیرش: با آزمون (بخش دانشجو‌معلم)؛ استان در این ردیف مربوط به بومی‌گزینی/محل خدمت است
1402,آموزش ابتدایی,دانشگاه فرهنگیان,پردیس بحر العلوم شهرکرد,چهارمحال و بختیاری,در جدول ذکر نشده,,تعهد خدمت,1,مرد,در جدول ذکر نشده,ادامه مخصوص داوطلبان بومی استان چهارمحال و بختیاری؛ پردیس بحر العلوم شهرکرد/ اولویت پذیرش با داوطلبان بومی شهرستان های شهرکرد، سامان، بن/محل خدمت سامان؛ پذیرش دانشجو‌معلم با تعهد خدمت؛ ضوابط بخش فرهنگیان دفترچه,1402-humanities-booklet,226,1402-humanities-booklet,226,کدرشته‌محل منبع: 50816؛ عنوان رشته در منبع: آموزش ابتدایی؛ نحوه پذیرش: با آزمون (بخش دانشجو‌معلم)؛ استان در این ردیف مربوط به بومی‌گزینی/محل خدمت است
1402,آموزش ابتدایی,دانشگاه فرهنگیان,پردیس بحر العلوم شهرکرد,چهارمحال و بختیاری,در جدول ذکر نشده,,تعهد خدمت,1,مرد,در جدول ذکر نشده,ادامه مخصوص داوطلبان بومی استان چهارمحال و بختیاری؛ پردیس بحر العلوم شهرکرد/ اولویت پذیرش با د اوطلبان بومی شهرستان ،های شهرکرد، سامان بن/محل خدمت لاران؛ پذیرش دانشجو‌معلم با تعهد خدمت؛ ضوابط بخش فرهنگیان دفترچه,1402-humanities-booklet,226,1402-humanities-booklet,226,کدرشته‌محل منبع: 50817؛ عنوان رشته در منبع: آموزش ابتدایی؛ نحوه پذیرش: با آزمون (بخش دانشجو‌معلم)؛ استان در این ردیف مربوط به بومی‌گزینی/محل خدمت است
1402,آموزش ابتدایی,دانشگاه فرهنگیان,پردیس بحر العلوم شهرکرد,چهارمحال و بختیاری,در جدول ذکر نشده,,تعهد خدمت,2,مرد,در جدول ذکر نشده,ادامه مخصوص داوطلبان بومی استان چهارمحال و بختیاری؛ پردیس بحر العلوم شهرکرد/ اولویت پذیرش با داوطلبان بومی شهرستان های لردگان، خانمیرزا، فلارد/محل خدمت لردگان؛ پذیرش دانشجو‌معلم با تعهد خدمت؛ ضوابط بخش فرهنگیان دفترچه,1402-humanities-booklet,226,1402-humanities-booklet,226,کدرشته‌محل منبع: 50818؛ عنوان رشته در منبع: آموزش ابتدایی؛ نحوه پذیرش: با آزمون (بخش دانشجو‌معلم)؛ استان در این ردیف مربوط به بومی‌گزینی/محل خدمت است
1402,آموزش ابتدایی,دانشگاه فرهنگیان,پردیس بحر العلوم شهرکرد,چهارمحال و بختیاری,در جدول ذکر نشده,,تعهد خدمت,2,مرد,در جدول ذکر نشده,ادامه مخصوص داوطلبان بومی استان چهارمحال و بختیاری؛ پردیس بحر العلوم شهرکرد/ اولویت پذیرش با داوطلبان بومی شهرستان های لردگان، خانمیرزا، فلارد/محل خدمت خانمیرزا؛ پذیرش دانشجو‌معلم با تعهد خدمت؛ ضوابط بخش فرهنگیان دفترچه,1402-humanities-booklet,226,1402-humanities-booklet,226,کدرشته‌محل منبع: 50819؛ عنوان رشته در منبع: آموزش ابتدایی؛ نحوه پذیرش: با آزمون (بخش دانشجو‌معلم)؛ استان در این ردیف مربوط به بومی‌گزینی/محل خدمت است
1402,آموزش ابتدایی,دانشگاه فرهنگیان,پردیس بحر العلوم شهرکرد,چهارمحال و بختیاری,در جدول ذکر نشده,,تعهد خدمت,1,مرد,در جدول ذکر نشده,ادامه مخصوص داوطلبان بومی استان چهارمحال و بختیاری؛ پردیس بحر العلوم شهرکرد/ اولویت پذیرش با داوطلبان بومی شهرستان های لردگان، خانمیرزا، فلارد/محل خدمت فلارد؛ پذیرش دانشجو‌معلم با تعهد خدمت؛ ضوابط بخش فرهنگیان دفترچه,1402-humanities-booklet,226,1402-humanities-booklet,226,کدرشته‌محل منبع: 50820؛ عنوان رشته در منبع: آموزش ابتدایی؛ نحوه پذیرش: با آزمون (بخش دانشجو‌معلم)؛ استان در این ردیف مربوط به بومی‌گزینی/محل خدمت است
1402,آموزش ابتدایی,دانشگاه فرهنگیان,,چهارمحال و بختیاری,در جدول ذکر نشده,,تعهد خدمت,1,مرد,در جدول ذکر نشده,ادامه مخصوص داوطلبان بومی استان چهارمحال و بختیاری؛ /پردیس بحر العلوم شهرکرد اولویت پذیرش با داوطلبان بومی شهرستان های کیار، اردل/محل خدمت اردل؛ پذیرش دانشجو‌معلم با تعهد خدمت؛ ضوابط بخش فرهنگیان دفترچه,1402-humanities-booklet,226,1402-humanities-booklet,226,کدرشته‌محل منبع: 50821؛ عنوان رشته در منبع: آموزش ابتدایی؛ نحوه پذیرش: با آزمون (بخش دانشجو‌معلم)؛ استان در این ردیف مربوط به بومی‌گزینی/محل خدمت است
1402,آموزش ابتدایی,دانشگاه فرهنگیان,پردیس بحر العلوم شهرکرد,چهارمحال و بختیاری,در جدول ذکر نشده,,تعهد خدمت,1,مرد,در جدول ذکر نشده,ادامه مخصوص داوطلبان بومی استان چهارمحال و بختیاری؛ پردیس بحر العلوم شهرکرد/ اولویت پذیرش با داوطلبان بومی شهرستان های کیار، اردل/محل خدمت کیار؛ پذیرش دانشجو‌معلم با تعهد خدمت؛ ضوابط بخش فرهنگیان دفترچه,1402-humanities-booklet,226,1402-humanities-booklet,226,کدرشته‌محل منبع: 50822؛ عنوان رشته در منبع: آموزش ابتدایی؛ نحوه پذیرش: با آزمون (بخش دانشجو‌معلم)؛ استان در این ردیف مربوط به بومی‌گزینی/محل خدمت است
1402,آموزش ابتدایی,دانشگاه فرهنگیان,پردیس بحر العلوم شهرکرد,چهارمحال و بختیاری,در جدول ذکر نشده,,تعهد خدمت,1,مرد,در جدول ذکر نشده,ادامه مخصوص داوطلبان بومی استان چهارمحال و بختیاری؛ پردیس بحر العلوم شهرکرد/ اولویت پذیرش با د اوطلبان بومی شهرستان های کیار، اردل/محل خدمت میانکوه؛ پذیرش دانشجو‌معلم با تعهد خدمت؛ ضوابط بخش فرهنگیان دفترچه,1402-humanities-booklet,226,1402-humanities-booklet,226,کدرشته‌محل منبع: 50823؛ عنوان رشته در منبع: آموزش ابتدایی؛ نحوه پذیرش: با آزمون (بخش دانشجو‌معلم)؛ استان در این ردیف مربوط به بومی‌گزینی/محل خدمت است
1402,آموزش ابتدایی,دانشگاه فرهنگیان,پردیس بحر العلوم شهرکرد,چهارمحال و بختیاری,در جدول ذکر نشده,,تعهد خدمت,1,مرد,در جدول ذکر نشده,ادامه مخصوص داوطلبان بومی استان چهارمحال و بختیاری؛ پردیس بحر العلوم شهرکرد/ اولویت پذیرش با داوطلبان بومی شهرستان های کوهرنگ، فارسان/محل خدمت کوهرنگ؛ پذیرش دانشجو‌معلم با تعهد خدمت؛ ضوابط بخش فرهنگیان دفترچه,1402-humanities-booklet,226,1402-humanities-booklet,226,کدرشته‌محل منبع: 50824؛ عنوان رشته در منبع: آموزش ابتدایی؛ نحوه پذیرش: با آزمون (بخش دانشجو‌معلم)؛ استان در این ردیف مربوط به بومی‌گزینی/محل خدمت است
1402,آموزش ابتدایی,دانشگاه فرهنگیان,پردیس بحر العلوم شهرکرد,چهارمحال و بختیاری,در جدول ذکر نشده,,تعهد خدمت,1,مرد,در جدول ذکر نشده,ادامه مخصوص داوطلبان بومی استان چهارمحال و بختیاری؛ پردیس بحر العلوم شهرکرد/ اولویت پذیرش با داوطلبان بومی شهرستان های کوهرنگ، فارسان/محل خدمت فارسان؛ پذیرش دانشجو‌معلم با تعهد خدمت؛ ضوابط بخش فرهنگیان دفترچه,1402-humanities-booklet,227,1402-humanities-booklet,227,کدرشته‌محل منبع: 50825؛ عنوان رشته در منبع: آموزش ابتدایی؛ نحوه پذیرش: با آزمون (بخش دانشجو‌معلم)؛ استان در این ردیف مربوط به بومی‌گزینی/محل خدمت است
1402,آموزش ابتدایی,دانشگاه فرهنگیان,پردیس شهید باهنر شهرکرد,چهارمحال و بختیاری,در جدول ذکر نشده,,تعهد خدمت,1,زن,در جدول ذکر نشده,ادامه مخصوص داوطلبان بومی استان چهارمحال و بختیاری؛ پردیس شهید باهنر شهرکرد/ اولویت پذیرش با داوطلبان بومی شهرستا ن های کوهرنگ، فارسان/محل خدمت کوهرنگ؛ پذیرش دانشجو‌معلم با تعهد خدمت؛ ضوابط بخش فرهنگیان دفترچه,1402-humanities-booklet,227,1402-humanities-booklet,227,کدرشته‌محل منبع: 50826؛ عنوان رشته در منبع: آموزش ابتدایی؛ نحوه پذیرش: با آزمون (بخش دانشجو‌معلم)؛ استان در این ردیف مربوط به بومی‌گزینی/محل خدمت است
1402,آموزش ابتدایی,دانشگاه فرهنگیان,پردیس شهید باهنر شهرکرد,چهارمحال و بختیاری,در جدول ذکر نشده,,تعهد خدمت,1,زن,در جدول ذکر نشده,ادامه مخصوص داوطلبان بومی استان چهارمحال و بختیاری؛ پردیس شهید باهنر شهرکرد/ اولویت پذیرش با داوطلبان بومی شهرستان های کوهرنگ، فارسان/محل خدمت فارسان؛ پذیرش دانشجو‌معلم با تعهد خدمت؛ ضوابط بخش فرهنگیان دفترچه,1402-humanities-booklet,227,1402-humanities-booklet,227,کدرشته‌محل منبع: 50827؛ عنوان رشته در منبع: آموزش ابتدایی؛ نحوه پذیرش: با آزمون (بخش دانشجو‌معلم)؛ استان در این ردیف مربوط به بومی‌گزینی/محل خدمت است
1402,آموزش ابتدایی,دانشگاه فرهنگیان,پردیس شهید باهنر شهرکرد,چهارمحال و بختیاری,در جدول ذکر نشده,,تعهد خدمت,1,زن,در جدول ذکر نشده,ادامه مخصوص داوطلبان بومی استان چهارمحال و بختیاری؛ پردیس شهید باهنر شهرکرد/ اولویت پذیرش با داوطلبان بومی شهرستان های کی ار، اردل/محل خدمت اردل؛ پذیرش دانشجو‌معلم با تعهد خدمت؛ ضوابط بخش فرهنگیان دفترچه,1402-humanities-booklet,227,1402-humanities-booklet,227,کدرشته‌محل منبع: 50828؛ عنوان رشته در منبع: آموزش ابتدایی؛ نحوه پذیرش: با آزمون (بخش دانشجو‌معلم)؛ استان در این ردیف مربوط به بومی‌گزینی/محل خدمت است
1402,آموزش ابتدایی,دانشگاه فرهنگیان,پردیس شهید باهنر شهرکرد,چهارمحال و بختیاری,در جدول ذکر نشده,,تعهد خدمت,1,زن,در جدول ذکر نشده,ادامه مخصوص داوطلبان بومی استان چهارمحال و بختیاری؛ پردیس شهید باهنر شهرکرد/ اولویت پذیرش با داوطلبان بومی شهرستان های کیار، اردل/محل خدمت کیار؛ پذیرش دانشجو‌معلم با تعهد خدمت؛ ضوابط بخش فرهنگیان دفترچه,1402-humanities-booklet,227,1402-humanities-booklet,227,کدرشته‌محل منبع: 50829؛ عنوان رشته در منبع: آموزش ابتدایی؛ نحوه پذیرش: با آزمون (بخش دانشجو‌معلم)؛ استان در این ردیف مربوط به بومی‌گزینی/محل خدمت است
1402,آموزش ابتدایی,دانشگاه فرهنگیان,پردیس شهید باهنر شهرکرد,چهارمحال و بختیاری,در جدول ذکر نشده,,تعهد خدمت,1,زن,در جدول ذکر نشده,ادامه مخصوص داوطلبان بومی استان چهارمحال و بختیاری؛ پردیس شهید باهنر شهرکرد/ اولویت پذیرش با داوطلبان بومی شهرستان های کیار، اردل/محل خدمت می انکوه؛ پذیرش دانشجو‌معلم با تعهد خدمت؛ ضوابط بخش فرهنگیان دفترچه,1402-humanities-booklet,227,1402-humanities-booklet,227,کدرشته‌محل منبع: 50830؛ عنوان رشته در منبع: آموزش ابتدایی؛ نحوه پذیرش: با آزمون (بخش دانشجو‌معلم)؛ استان در این ردیف مربوط به بومی‌گزینی/محل خدمت است
1402,آموزش ابتدایی,دانشگاه فرهنگیان,پردیس شهید باهنر شهرکرد,چهارمحال و بختیاری,در جدول ذکر نشده,,تعهد خدمت,2,زن,در جدول ذکر نشده,ادامه مخصوص داوطلبان بومی استان چهارمحال و بختیاری؛ پردیس شهید باهنر شهرکرد/ اولویت پذیرش با داوطلبان بومی شهرستان های لردگان، خانمیرزا، فلارد/محل خدمت لردگان؛ پذیرش دانشجو‌معلم با تعهد خدمت؛ ضوابط بخش فرهنگیان دفترچه,1402-humanities-booklet,227,1402-humanities-booklet,227,کدرشته‌محل منبع: 50831؛ عنوان رشته در منبع: آموزش ابتدایی؛ نحوه پذیرش: با آزمون (بخش دانشجو‌معلم)؛ استان در این ردیف مربوط به بومی‌گزینی/محل خدمت است
1402,آموزش ابتدایی,دانشگاه فرهنگیان,پردیس شهید باهنر شهرکرد,چهارمحال و بختیاری,در جدول ذکر نشده,,تعهد خدمت,1,زن,در جدول ذکر نشده,ادامه مخصوص داوطلبان بومی استان چهارمحال و بختیاری؛ پردیس شهید باهنر شهرکرد/ اولویت پذیرش با داوطلبان بومی شهرستان های لردگان، خانمیرزا، /فلارد محل خدمت خانمیرزا؛ پذیرش دانشجو‌معلم با تعهد خدمت؛ ضوابط بخش فرهنگیان دفترچه,1402-humanities-booklet,227,1402-humanities-booklet,227,کدرشته‌محل منبع: 50832؛ عنوان رشته در منبع: آموزش ابتدایی؛ نحوه پذیرش: با آزمون (بخش دانشجو‌معلم)؛ استان در این ردیف مربوط به بومی‌گزینی/محل خدمت است
1402,آموزش ابتدایی,دانشگاه فرهنگیان,پردیس شهید باهنر شهرکرد,چهارمحال و بختیاری,در جدول ذکر نشده,,تعهد خدمت,1,زن,در جدول ذکر نشده,ادامه مخصوص داوطلبان بومی استان چهارمحال و بختیاری؛ پردیس شهید باهنر شهرکرد/ اولویت پذیرش با داوطلبان بومی شهرستان های لردگان، خانمیرزا، فلارد/محل خدمت فلارد؛ پذیرش دانشجو‌معلم با تعهد خدمت؛ ضوابط بخش فرهنگیان دفترچه,1402-humanities-booklet,227,1402-humanities-booklet,227,کدرشته‌محل منبع: 50833؛ عنوان رشته در منبع: آموزش ابتدایی؛ نحوه پذیرش: با آزمون (بخش دانشجو‌معلم)؛ استان در این ردیف مربوط به بومی‌گزینی/محل خدمت است
1402,آموزش ابتدایی,دانشگاه فرهنگیان,پردیس شهید باهنر شهرکرد,چهارمحال و بختیاری,در جدول ذکر نشده,,تعهد خدمت,1,زن,در جدول ذکر نشده,ادامه مخصوص داوطلبان بومی استان چهارمحال و بختیاری؛ پردیس شهید باهنر شهرکرد/ اولویت پذیرش با داوطلبان بومی شهرستان های شهرکرد، سامان ، بن/محل خدمت بن؛ پذیرش دانشجو‌معلم با تعهد خدمت؛ ضوابط بخش فرهنگیان دفترچه,1402-humanities-booklet,227,1402-humanities-booklet,227,کدرشته‌محل منبع: 50834؛ عنوان رشته در منبع: آموزش ابتدایی؛ نحوه پذیرش: با آزمون (بخش دانشجو‌معلم)؛ استان در این ردیف مربوط به بومی‌گزینی/محل خدمت است
1402,آموزش ابتدایی,دانشگاه فرهنگیان,پردیس شهید باهنر شهرکرد,چهارمحال و بختیاری,در جدول ذکر نشده,,تعهد خدمت,1,زن,در جدول ذکر نشده,ادامه مخصوص داوطلبان بومی استان چهارمحال و بختیاری؛ پردیس شهید باهنر شهرکرد/ اولویت پذیرش با داوطلبان بومی شهرستان های شهرکرد، سامان، بن/محل خدمت سامان؛ پذیرش دانشجو‌معلم با تعهد خدمت؛ ضوابط بخش فرهنگیان دفترچه,1402-humanities-booklet,227,1402-humanities-booklet,227,کدرشته‌محل منبع: 50835؛ عنوان رشته در منبع: آموزش ابتدایی؛ نحوه پذیرش: با آزمون (بخش دانشجو‌معلم)؛ استان در این ردیف مربوط به بومی‌گزینی/محل خدمت است
1402,آموزش ابتدایی,دانشگاه فرهنگیان,پردیس شهید باهنر شهرکرد,چهارمحال و بختیاری,در جدول ذکر نشده,,تعهد خدمت,1,زن,در جدول ذکر نشده,ادامه مخصوص داوطلبان بومی استان چهارمحال و بختیاری؛ پردیس شهید باهنر شهرکرد/ اولویت پذیرش با داوطلبان بومی شهرستان های شهرکرد، سامان، بن/مح ل خدمت لاران؛ پذیرش دانشجو‌معلم با تعهد خدمت؛ ضوابط بخش فرهنگیان دفترچه,1402-humanities-booklet,227,1402-humanities-booklet,227,کدرشته‌محل منبع: 50836؛ عنوان رشته در منبع: آموزش ابتدایی؛ نحوه پذیرش: با آزمون (بخش دانشجو‌معلم)؛ استان در این ردیف مربوط به بومی‌گزینی/محل خدمت است
1402,آموزش ابتدایی,دانشگاه فرهنگیان,پردیس شهید باهنر شهرکرد,چهارمحال و بختیاری,در جدول ذکر نشده,,تعهد خدمت,1,زن,در جدول ذکر نشده,ادامه مخصوص داوطلبان بومی استان چهارمحال و بختیاری؛ پردیس شهید باهنر شهرکرد/ اولویت پذیرش با داوطلبان بومی شهرستان بروجن/محل خدمت گندمان؛ پذیرش دانشجو‌معلم با تعهد خدمت؛ ضوابط بخش فرهنگیان دفترچه,1402-humanities-booklet,227,1402-humanities-booklet,227,کدرشته‌محل منبع: 50837؛ عنوان رشته در منبع: آموزش ابتدایی؛ نحوه پذیرش: با آزمون (بخش دانشجو‌معلم)؛ استان در این ردیف مربوط به بومی‌گزینی/محل خدمت است
1402,آموزش ابتدایی,دانشگاه فرهنگیان,پردیس شهید باهنر شهرکرد,چهارمحال و بختیاری,در جدول ذکر نشده,,تعهد خدمت,1,زن,در جدول ذکر نشده,ادامه مخصوص داوطلبان بومی استان چهارمحال و بختیاری؛ پردیس شهید باهنر شهرکرد/ اولویت پذیرش با داوطلبان بومی شهرستان بروجن/محل خدمت بلداجی؛ پذیرش دانشجو‌معلم با تعهد خدمت؛ ضوابط بخش فرهنگیان دفترچه,1402-humanities-booklet,227,1402-humanities-booklet,227,کدرشته‌محل منبع: 50838؛ عنوان رشته در منبع: آموزش ابتدایی؛ نحوه پذیرش: با آزمون (بخش دانشجو‌معلم)؛ استان در این ردیف مربوط به بومی‌گزینی/محل خدمت است
1402,آموزش ابتدایی,دانشگاه فرهنگیان,(پردیس شهید باهنر بیرجند )ساختمان شماره دو قائن ,خراسان جنوبی,در جدول ذکر نشده,,تعهد خدمت,2,مرد,در جدول ذکر نشده,ادامه مخصوص داوطلبان بومی استان خراس ان جنوبی؛ (پردیس شهید باهنر بیرجند )ساختمان شماره دو قائن / اولویت پذیرش با داوطلبان بومی شهرستان های بیرجند، خوسف، درمیان/محل خدمت بیرجند؛ پذیرش دانشجو‌معلم با تعهد خدمت؛ ضوابط بخش فرهنگیان دفترچه,1402-humanities-booklet,233,1402-humanities-booklet,233,کدرشته‌محل منبع: 50885؛ عنوان رشته در منبع: آموزش ابتدایی؛ نحوه پذیرش: با آزمون (بخش دانشجو‌معلم)؛ استان در این ردیف مربوط به بومی‌گزینی/محل خدمت است؛ عبارت استان در منبع: خراس ان جنوبی
1402,آموزش ابتدایی,دانشگاه فرهنگیان,پردیس شهید هاشمی نژاد مشهد,خراسان جنوبی,در جدول ذکر نشده,,تعهد خدمت,2,زن,در جدول ذکر نشده,ادامه مخصوص داوطلبان بومی استان خراس ان جنوبی؛ پردیس شهید هاشمی نژاد مشهد/ اولویت پذیرش با داوطلبان بومی شهرستان های بیرجند، خوسف، درمیان/محل خدمت بیرجند؛ پذیرش دانشجو‌معلم با تعهد خدمت؛ ضوابط بخش فرهنگیان دفترچه,1402-humanities-booklet,233,1402-humanities-booklet,233,کدرشته‌محل منبع: 50886؛ عنوان رشته در منبع: آموزش ابتدایی؛ نحوه پذیرش: با آزمون (بخش دانشجو‌معلم)؛ استان در این ردیف مربوط به بومی‌گزینی/محل خدمت است؛ عبارت استان در منبع: خراس ان جنوبی
1402,آموزش ابتدایی,دانشگاه فرهنگیان,پردیس امام محمد باقر)ع( بجنورد,خراسان رضوی,در جدول ذکر نشده,,تعهد خدمت,1,مرد,در جدول ذکر نشده,ادامه مخصوص داوطلبان بومی استان خراسان رضوی؛ پردیس امام محمد باقر)ع( بجنورد/ اولویت پذیرش با داوطلبان بومی شهرستان های درگز، کلا ت/محل خدمت درگز؛ پذیرش دانشجو‌معلم با تعهد خدمت؛ ضوابط بخش فرهنگیان دفترچه,1402-humanities-booklet,246,1402-humanities-booklet,246,کدرشته‌محل منبع: 50932؛ عنوان رشته در منبع: آموزش ابتدایی؛ نحوه پذیرش: با آزمون (بخش دانشجو‌معلم)؛ استان در این ردیف مربوط به بومی‌گزینی/محل خدمت است
1402,آموزش ابتدایی,دانشگاه فرهنگیان,پردیس امام محمد باقر)ع( بجنورد,خراسان رضوی,در جدول ذکر نشده,,تعهد خدمت,1,مرد,در جدول ذکر نشده,ادامه مخصوص داوطلبان بومی استان خراسان رضوی؛ پردیس امام محمد باقر)ع( بجنورد/ اولویت پذیرش با داوطلبان بومی شهرستان های درگز، کلات/محل خدمت کلات؛ پذیرش دانشجو‌معلم با تعهد خدمت؛ ضوابط بخش فرهنگیان دفترچه,1402-humanities-booklet,246,1402-humanities-booklet,246,کدرشته‌محل منبع: 50933؛ عنوان رشته در منبع: آموزش ابتدایی؛ نحوه پذیرش: با آزمون (بخش دانشجو‌معلم)؛ استان در این ردیف مربوط به بومی‌گزینی/محل خدمت است
1402,آموزش ابتدایی,دانشگاه فرهنگیان,پردیس امام محمد باقر)ع( بجنورد,خراسان رضوی,در جدول ذکر نشده,,تعهد خدمت,1,مرد,در جدول ذکر نشده,ادامه مخصوص داوطلبان بومی استان خراسان رضوی؛ پردیس امام محمد باقر)ع( بجنورد/ اولویت پذیرش با داوطلبان بومی شهرستان های درگز، کلات/مح ل خدمت نوخندان؛ پذیرش دانشجو‌معلم با تعهد خدمت؛ ضوابط بخش فرهنگیان دفترچه,1402-humanities-booklet,246,1402-humanities-booklet,246,کدرشته‌محل منبع: 50934؛ عنوان رشته در منبع: آموزش ابتدایی؛ نحوه پذیرش: با آزمون (بخش دانشجو‌معلم)؛ استان در این ردیف مربوط به بومی‌گزینی/محل خدمت است
1402,آموزش ابتدایی,دانشگاه فرهنگیان,پردیس امام محمد باقر)ع( بجنورد,خراسان رضوی,در جدول ذکر نشده,,تعهد خدمت,31,مرد,در جدول ذکر نشده,ادامه مخصوص داوطلبان بومی استان خراسان رضوی؛ پردیس امام محمد باقر)ع( بجنورد/ اولویت پذیرش با داوطلبان بومی شهرستان قوچان/محل خدمت قوچان؛ پذیرش دانشجو‌معلم با تعهد خدمت؛ ضوابط بخش فرهنگیان دفترچه,1402-humanities-booklet,246,1402-humanities-booklet,246,کدرشته‌محل منبع: 50935؛ عنوان رشته در منبع: آموزش ابتدایی؛ نحوه پذیرش: با آزمون (بخش دانشجو‌معلم)؛ استان در این ردیف مربوط به بومی‌گزینی/محل خدمت است
1402,آموزش ابتدایی,دانشگاه فرهنگیان,پردیس شهید بهشتی مشهد )مرکز آموزش عالی شهیدرجایی تربت حیدریه(,خراسان رضوی,در جدول ذکر نشده,,تعهد خدمت,1,مرد,در جدول ذکر نشده,ادامه مخصوص داوطلبان بومی استان خراسان رضوی؛ پردیس شهید بهشتی مشهد )مرکز آموزش عالی شهیدرجایی تربت حیدریه(/ اولویت پذیرش با داوطلبان بومی شه رستان های زاوه، رشتخوار/محل خدمت رشتخوار؛ پذیرش دانشجو‌معلم با تعهد خدمت؛ ضوابط بخش فرهنگیان دفترچه,1402-humanities-booklet,246,1402-humanities-booklet,246,کدرشته‌محل منبع: 50936؛ عنوان رشته در منبع: آموزش ابتدایی؛ نحوه پذیرش: با آزمون (بخش دانشجو‌معلم)؛ استان در این ردیف مربوط به بومی‌گزینی/محل خدمت است
1402,آموزش ابتدایی,دانشگاه فرهنگیان,پردیس شهید بهشتی مشهد )مرکز آموزش عالی شهیدرجایی تربت حیدریه(,خراسان رضوی,در جدول ذکر نشده,,تعهد خدمت,1,مرد,در جدول ذکر نشده,ادامه مخصوص داوطلبان بومی استان خراسان رضوی؛ پردیس شهید بهشتی مشهد )مرکز آموزش عالی شهیدرجایی تربت حیدریه(/ اولویت پذیرش با داوطلبان بومی شهرستان های زاوه، رشتخوار/محل خدمت زاوه؛ پذیرش دانشجو‌معلم با تعهد خدمت؛ ضوابط بخش فرهنگیان دفترچه,1402-humanities-booklet,246,1402-humanities-booklet,246,کدرشته‌محل منبع: 50937؛ عنوان رشته در منبع: آموزش ابتدایی؛ نحوه پذیرش: با آزمون (بخش دانشجو‌معلم)؛ استان در این ردیف مربوط به بومی‌گزینی/محل خدمت است
1402,آموزش ابتدایی,دانشگاه فرهنگیان,پردیس شهید بهشتی مشهد )مرکز آموزش عالی دانشور نیشابور(,خراسان رضوی,در جدول ذکر نشده,,تعهد خدمت,1,مرد,در جدول ذکر نشده,ادامه مخصوص داوطلبان بومی استان خراسان رضوی؛ پردیس شهید بهشتی مشهد )مرکز آموزش عالی دانشور نیشابور(/ اولویت پذیرش با داوطلبان بومی شهرستان فیروزه/محل خدمت فیروزه؛ پذیرش دانشجو‌معلم با تعهد خدمت؛ ضوابط بخش فرهنگیان دفترچه,1402-humanities-booklet,246,1402-humanities-booklet,246,کدرشته‌محل منبع: 50938؛ عنوان رشته در منبع: آموزش ابتدایی؛ نحوه پذیرش: با آزمون (بخش دانشجو‌معلم)؛ استان در این ردیف مربوط به بومی‌گزینی/محل خدمت است
1402,آموزش ابتدایی,دانشگاه فرهنگیان,پردیس شهید بهشتی مشهد )مرکز آموزش عالی شهیدرجایی تربت حیدریه(,خراسان رضوی,در جدول ذکر نشده,,تعهد خدمت,1,مرد,در جدول ذکر نشده,ادامه مخصوص داوطلبان بومی استان خراسان رضوی؛ پردیس شهید بهشتی مشهد )مرکز آموزش عالی شهیدرجایی تربت حیدریه(/ اولویت پذیرش با داوطلبان بومی شهرستان صالح آباد/محل خدمت صالح آباد؛ پذیرش دانشجو‌معلم با تعهد خدمت؛ ضوابط بخش فرهنگیان دفترچه,1402-humanities-booklet,246,1402-humanities-booklet,246,کدرشته‌محل منبع: 50939؛ عنوان رشته در منبع: آموز ش ابتدایی؛ نحوه پذیرش: با آزمون (بخش دانشجو‌معلم)؛ استان در این ردیف مربوط به بومی‌گزینی/محل خدمت است
1402,آموزش ابتدایی,دانشگاه فرهنگیان,پردیس شهید بهشتی مشهد )مرکز آموزش عالی شهیدرجایی تربت حیدریه(,خراسان رضوی,در جدول ذکر نشده,,تعهد خدمت,1,مرد,در جدول ذکر نشده,ادامه مخصوص داوطلبان بومی استان خراسان رضوی؛ پردیس شهید بهشتی مشهد )مرکز آموزش عالی شهیدرجایی تربت حیدریه(/ اولویت پذیرش با داوطلبان بومی شهرستان های کاشمر، کوهسرخ/محل خدمت کوهسرخ؛ پذیرش دانشجو‌معلم با تعهد خدمت؛ ضوابط بخش فرهنگیان دفترچه,1402-humanities-booklet,246,1402-humanities-booklet,246,کدرشته‌محل منبع: 50940؛ عنوان رشته در منبع: آموزش ابتدایی؛ نحوه پذیرش: با آزمون (بخش دانشجو‌معلم)؛ استان در این ردیف مربوط به بومی‌گزینی/محل خدمت است
1402,آموزش ابتدایی,دانشگاه فرهنگیان,پردیس شهید بهشتی مشهد )مرکز آموزش عالی ثامن الحجج مشهد(,خراسان رضوی,در جدول ذکر نشده,,تعهد خدمت,1,مرد,در جدول ذکر نشده,ادامه مخصوص داوطلبان بومی استان خراسان رضوی؛ پردیس شهید بهشتی مشهد )مرکز آموزش عالی ثامن الحجج مشهد(/ اولویت پذیرش با داوط لبان بومی شهرستان های چناران، گلبهار/محل خدمت چناران؛ پذیرش دانشجو‌معلم با تعهد خدمت؛ ضوابط بخش فرهنگیان دفترچه,1402-humanities-booklet,246,1402-humanities-booklet,246,کدرشته‌محل منبع: 50941؛ عنوان رشته در منبع: آموزش ابتدایی؛ نحوه پذیرش: با آزمون (بخش دانشجو‌معلم)؛ استان در این ردیف مربوط به بومی‌گزینی/محل خدمت است
1402,آموزش ابتدایی,دانشگاه فرهنگیان,پردیس شهید بهشتی مشهد )مرکز آموزش عالی ثامن الحجج مشهد(,خراسان رضوی,در جدول ذکر نشده,,تعهد خدمت,1,مرد,در جدول ذکر نشده,ادامه مخصوص داوطلبان بومی استان خراسان رضوی؛ پردیس شهید بهشتی مشهد )مرکز آموزش عالی ثامن الحجج مشهد(/ اولویت پذیرش با داوطلبان بومی شهرستان های چناران، گلبهار/محل خدمت گلبهار؛ پذیرش دانشجو‌معلم با تعهد خدمت؛ ضوابط بخش فرهنگیان دفترچه,1402-humanities-booklet,246,1402-humanities-booklet,246,کدرشته‌محل منبع: 50942؛ عنوان رشته در منبع: آموزش ابتدایی؛ نحوه پذیرش: با آزمون (بخش دانشجو‌معلم)؛ استان در این ردیف مربوط به بومی‌گزینی/محل خدمت است
1402,آموزش ابتدایی,دانشگاه فرهنگیان,پردیس شهید بهشتی مش هد )مرکز آموزش عالی علامه طباطبایی سبزوار(,خراسان رضوی,در جدول ذکر نشده,,تعهد خدمت,1,مرد,در جدول ذکر نشده,ادامه مخصوص داوطلبان بومی استان خراسان رضوی؛ پردیس شهید بهشتی مش هد )مرکز آموزش عالی علامه طباطبایی سبزوار(/ اولویت پذیرش با داوطلبان بومی شهرستان های داورزن، ششتمد/محل خدمت داورزن؛ پذیرش دانشجو‌معلم با تعهد خدمت؛ ضوابط بخش فرهنگیان دفترچه,1402-humanities-booklet,246,1402-humanities-booklet,246,کدرشته‌محل منبع: 50943؛ عنوان رشته در منبع: آموزش ابتدایی؛ نحوه پذیرش: با آزمون (بخش دانشجو‌معلم)؛ استان در این ردیف مربوط به بومی‌گزینی/محل خدمت است
1402,آموزش ابتدایی,دانشگاه فرهنگیان,پردیس شهید بهشتی مشهد )مرکز آموزش عالی ثامن الحجج مشهد(,خراسان رضوی,در جدول ذکر نشده,,تعهد خدمت,190,مرد,در جدول ذکر نشده,ادامه مخصوص داوطلبان بومی استان خراسان رضوی؛ پردیس شهید بهشتی مشهد )مرکز آموزش عالی ثامن الحجج مشهد(/ اولویت پذیرش با داوطلبان بومی شهرستان های مشهد، طرقبه شا ندیز)بینالود سابق(/محل خدمت تبادکان؛ پذیرش دانشجو‌معلم با تعهد خدمت؛ ضوابط بخش فرهنگیان دفترچه,1402-humanities-booklet,246,1402-humanities-booklet,246,کدرشته‌محل منبع: 50944؛ عنوان رشته در منبع: آموزش ابتدایی؛ نحوه پذیرش: با آزمون (بخش دانشجو‌معلم)؛ استان در این ردیف مربوط به بومی‌گزینی/محل خدمت است
1402,آموزش ابتدایی,دانشگاه فرهنگیان,پردیس شهید بهشتی مشهد )مرکز آموزش عالی ثامن الحجج مشهد(,خراسان رضوی,در جدول ذکر نشده,,تعهد خدمت,10,مرد,در جدول ذکر نشده,ادامه مخصوص داوطلبان بومی استان خراسان رضوی؛ پردیس شهید بهشتی مشهد )مرکز آموزش عالی ثامن الحجج مشهد(/ اولویت پذیرش با داوطلبان بومی شهرستان های مشهد، طرقبه شاندیز)بینالود سابق(/محل خدمت رضویه؛ پذیرش دانشجو‌معلم با تعهد خدمت؛ ضوابط بخش فرهنگیان دفترچه,1402-humanities-booklet,246,1402-humanities-booklet,246,کدرشته‌محل منبع: 50945؛ عنوان رشته در منبع: آموزش ابتدایی؛ نحوه پذیرش: با آزمون (بخش دانشجو‌معلم)؛ استان در این ردیف مربوط به بومی‌گزینی/محل خدمت است
1402,آموزش ابتدایی,دانشگاه فرهنگیان,پردیس شهید بهشتی مشهد )مرکز آموزش عالی ثامن الحجج مشهد(,خراسان رضوی,در جدول ذکر نشده,,تعهد خدمت,17,مرد,در جدول ذکر نشده,ادامه مخصوص داوطلبان بومی استان خراسان رضوی؛ پردیس شهید بهشتی مشهد )مرکز آموزش عالی ثامن الحجج مشهد(/ اولویت پذیرش با داوطلبان بومی شهرستان های مشهد، طرقبه شاندیز)بینالود سابق(/محل خدمت طرقبه؛ پذیرش دانشجو‌معلم با تعهد خدمت؛ ضوابط بخش فرهنگیان دفترچه,1402-humanities-booklet,246,1402-humanities-booklet,246,کدرشته‌محل منبع: 50946؛ عنوان رشته در منبع: آموزش ابتدایی؛ نحوه پذیرش: با آزمون (بخش دانشجو‌معلم)؛ استان در این ردیف مربوط به بومی‌گزینی/محل خدمت است
1402,آموزش ابتدایی,دانشگاه فرهنگیان,پردیس شهید بهشتی مشهد )مرکز آموزش عالی علامه طباطبایی سبزوار(,خراسان رضوی,در جدول ذکر نشده,,تعهد خدمت,70,مرد,در جدول ذکر نشده,ادامه مخصوص داوطلبان بومی استان خراسان رضوی؛ پردیس شهید بهشتی مشهد )مرکز آموزش عالی علامه طباطبایی سبزوار(/ اولویت پذیرش با داوطلبان بومی شهرس تان سبزوار /محل خدمت سبزوار؛ پذیرش دانشجو‌معلم با تعهد خدمت؛ ضوابط بخش فرهنگیان دفترچه,1402-humanities-booklet,246,1402-humanities-booklet,246,کدرشته‌محل منبع: 50947؛ عنوان رشته در منبع: آموزش ابتدایی؛ نحوه پذیرش: با آزمون (بخش دانشجو‌معلم)؛ استان در این ردیف مربوط به بومی‌گزینی/محل خدمت است
1402,آموزش ابتدایی,دانشگاه فرهنگیان,پردیس شهید بهشتی مشهد )مرکز آموزش عالی شهیدرجایی تربت حیدریه(,خراسان رضوی,در جدول ذکر نشده,,تعهد خدمت,1,مرد,در جدول ذکر نشده,ادامه مخصوص داوطلبان بومی استان خراسان رضوی؛ پردیس شهید بهشتی مشهد )مرکز آموزش عالی شهیدرجایی تربت حیدریه(/ اولویت پذیرش با داوطلبان بومی شهرستان های بجستان، گناباد، مه ولات/محل خدمت مه ولات؛ پذیرش دانشجو‌معلم با تعهد خدمت؛ ضوابط بخش فرهنگیان دفترچه,1402-humanities-booklet,246,1402-humanities-booklet,246,کدرشته‌محل منبع: 50948؛ عنوان رشته در منبع: آموزش ابتدایی؛ نحوه پذیرش: با آزمون (بخش دانشجو‌معلم)؛ استان در این ردیف مربوط به بومی‌گزینی/محل خدمت است
1402,آموزش ابتدایی,دانشگاه فرهنگیان,پردیس شهید بهشتی مشهد )مرکز آموزش عالی شهیدرجایی تربت حیدریه(,خراسان رضوی,در جدول ذکر نشده,,تعهد خدمت,8,مرد,در جدول ذکر نشده,ادامه مخصوص داوطلبان بومی استان خراسان رضوی؛ پردیس شهید بهشتی مشهد )مرکز آموزش عالی شهیدرجایی تربت حیدریه(/ اولویت پذیرش با داوطلبان بومی شهرستان های بجستان، گناباد، مه ولات/محل خدمت گناباد؛ پذیرش دانشجو‌معلم با تعهد خدمت؛ ضوابط بخش فرهنگیان دفترچه,1402-humanities-booklet,246,1402-humanities-booklet,246,کدرشته‌محل منبع: 50949؛ عنوان رشته در منبع: آموزش ابتدایی؛ نحوه پذیرش: با آزمون (بخش دانشجو‌معلم)؛ استان در این ردیف مربوط به بومی‌گزینی/محل خدمت است
1402,آموزش ابتدایی,دانشگاه فرهنگیان,پردیس شهید بهشتی مشهد )مرکز آموزش عالی شهیدرجایی تربت حیدریه(,خراسان رضوی,در جدول ذکر نشده,,تعهد خدمت,1,مرد,در جدول ذکر نشده,ادامه مخصوص داوطلبان بومی استان خراسان رضوی؛ پردیس شهید بهشتی مشهد )مرکز آموزش عالی شهیدرجایی تربت حیدریه(/ اولویت پذیرش با داوطلبان بومی شهرستان های بجستان ، گناباد، مه ولات/محل خدمت بجستان؛ پذیرش دانشجو‌معلم با تعهد خدمت؛ ضوابط بخش فرهنگیان دفترچه,1402-humanities-booklet,246,1402-humanities-booklet,246,کدرشته‌محل منبع: 50950؛ عنوان رشته در منبع: آموزش ابتدایی؛ نحوه پذیرش: با آزمون (بخش دانشجو‌معلم)؛ استان در این ردیف مربوط به بومی‌گزینی/محل خدمت است
1402,آموزش ابتدایی,دانشگاه فرهنگیان,پردیس شهید بهشتی مشهد )مرکز آموزش عالی شهیدرجایی تربت حیدریه(,خراسان رضوی,در جدول ذکر نشده,,تعهد خدمت,1,مرد,در جدول ذکر نشده,ادامه مخصوص داوطلبان بومی استان خراسان رضوی؛ پردیس شهید بهشتی مشهد )مرکز آموزش عالی شهیدرجایی تربت حیدریه(/ اولویت پذیرش با داوطلبان بومی شهرستان های بردسکن، خلیل آباد/محل خدمت بردسکن؛ پذیرش دانشجو‌معلم با تعهد خدمت؛ ضوابط بخش فرهنگیان دفترچه,1402-humanities-booklet,246,1402-humanities-booklet,246,کدرشته‌محل منبع: 50951؛ عنوان رشته در منبع: آموزش ابتدایی؛ نحوه پذیرش: با آزمون (بخش دانشجو‌معلم)؛ استان در این ردیف مربوط به بومی‌گزینی/محل خدمت است
1402,آموزش ابتدایی,دانشگاه فرهنگیان,پردیس شهید بهشتی مشهد )مرکز آ موزش عالی شهیدرجایی تربت حیدریه(,خراسان رضوی,در جدول ذکر نشده,,تعهد خدمت,1,مرد,در جدول ذکر نشده,ادامه مخصوص داوطلبان بومی استان خراسان رضوی؛ پردیس شهید بهشتی مشهد )مرکز آ موزش عالی شهیدرجایی تربت حیدریه(/ اولویت پذیرش با داوطلبان بومی شهرستان های بردسکن، خلیل آباد/محل خدمت خلیل آباد؛ پذیرش دانشجو‌معلم با تعهد خدمت؛ ضوابط بخش فرهنگیان دفترچه,1402-humanities-booklet,246,1402-humanities-booklet,246,کدرشته‌محل منبع: 50952؛ عنوان رشته در منبع: آموزش ابتدایی؛ نحوه پذیرش: با آزمون (بخش دانشجو‌معلم)؛ استان در این ردیف مربوط به بومی‌گزینی/محل خدمت است
1402,آموزش ابتدایی,دانشگاه فرهنگیان,پردیس شهید بهشتی مشهد )مرکز آموزش عالی دانشور نیشابور(,خراسان رضوی,در جدول ذکر نشده,,تعهد خدمت,89,مرد,در جدول ذکر نشده,ادامه مخصوص داوطلبان بومی استان خراسان رضوی؛ پردیس شهید بهشتی مشهد )مرکز آموزش عالی دانشور نیشابور(/ اولویت پذیرش با داوطلبان بومی شهرستان نیشابور/محل خدمت نیشاب ور؛ پذیرش دانشجو‌معلم با تعهد خدمت؛ ضوابط بخش فرهنگیان دفترچه,1402-humanities-booklet,246,1402-humanities-booklet,246,کدرشته‌محل منبع: 50953؛ عنوان رشته در منبع: آموزش ابتدایی؛ نحوه پذیرش: با آزمون (بخش دانشجو‌معلم)؛ استان در این ردیف مربوط به بومی‌گزینی/محل خدمت است
1402,آموزش ابتدایی,دانشگاه فرهنگیان,پردیس شهید بهشتی مشهد )مرکز آموزش عالی دانشور نیشابور(,خراسان رضوی,در جدول ذکر نشده,,تعهد خدمت,1,مرد,در جدول ذکر نشده,ادامه مخصوص داوطلبان بومی استان خراسان رضوی؛ پردیس شهید بهشتی مشهد )مرکز آموزش عالی دانشور نیشابور(/ اولویت پذیرش با داوطلبان بومی شهرستان نیشابور/محل خدمت سرولایت؛ پذیرش دانشجو‌معلم با تعهد خدمت؛ ضوابط بخش فرهنگیان دفترچه,1402-humanities-booklet,246,1402-humanities-booklet,246,کدرشته‌محل منبع: 50954؛ عنوان رشته در منبع: آموزش ابتدایی؛ نحوه پذیرش: با آزمون (بخش دانشجو‌معلم)؛ استان در این ردیف مربوط به بومی‌گزینی/محل خدمت است
1402,آموزش ابتدایی,دانشگاه فرهنگیان,پردیس شهید بهشتی مشهد )مرکز آموزش عالی دانشور نیشابور(,خراسان رضوی,در جدول ذکر نشده,,تعهد خدمت,1,مرد,در جدول ذکر نشده,ادامه مخصوص داوطلبان بومی استان خراسان رضوی؛ پردیس شهید بهشتی مشهد )مرکز آموزش عالی دانشور نیشابور(/ اولویت پذیرش با داوطلبا ن بومی شهرستان نیشابور/محل خدمت میان جلگه؛ پذیرش دانشجو‌معلم با تعهد خدمت؛ ضوابط بخش فرهنگیان دفترچه,1402-humanities-booklet,246,1402-humanities-booklet,246,کدرشته‌محل منبع: 50955؛ عنوان رشته در منبع: آموزش ابتدایی؛ نحوه پذیرش: با آزمون (بخش دانشجو‌معلم)؛ استان در این ردیف مربوط به بومی‌گزینی/محل خدمت است
1402,آموزش ابتدایی,دانشگاه فرهنگیان,پردیس شهید بهشتی مشهد )مرکز آموزش عالی شهیدرجایی تربت حیدریه(,خراسان رضوی,در جدول ذکر نشده,,تعهد خدمت,10,مرد,در جدول ذکر نشده,ادامه مخصوص داوطلبان بومی استان خراسان رضوی؛ پردیس شهید بهشتی مشهد )مرکز آموزش عالی شهیدرجایی تربت حیدریه(/ اولویت پذی رش با داوطلبان بومی شهرستان فریمان/محل خدمت فریمان؛ پذیرش دانشجو‌معلم با تعهد خدمت؛ ضوابط بخش فرهنگیان دفترچه,1402-humanities-booklet,247,1402-humanities-booklet,247,کدرشته‌محل منبع: 50956؛ عنوان رشته در منبع: آموزش ابتدایی؛ نحوه پذیرش: با آزمون (بخش دانشجو‌معلم)؛ استان در این ردیف مربوط به بومی‌گزینی/محل خدمت است
1402,آموزش ابتدایی,دانشگاه فرهنگیان,پردیس شهید بهشتی مشهد )مرکز آموزش عالی دانشور نیشابور(,خراسان رضوی,در جدول ذکر نشده,,تعهد خدمت,1,مرد,در جدول ذکر نشده,ادامه مخصوص داوطلبان بومی استان خراسان رضوی؛ پردیس شهید بهشتی مشهد )مرکز آموزش عالی دانشور نیشابور(/ اولویت پذیرش با داوطلبان بومی شهرستان سرخس/محل خدمت سرخس؛ پذیرش دانشجو‌معلم با تعهد خدمت؛ ضوابط بخش فرهنگیان دفترچه,1402-humanities-booklet,247,1402-humanities-booklet,247,کدرشته‌محل منبع: 50957؛ عنوان رشته در منبع: آموزش ابتدایی؛ نحوه پذیرش: با آزمون (بخش دانشجو‌معلم)؛ استان در این ردیف مربوط به بومی‌گزینی/محل خدمت است
1402,آموزش ابتدایی,دانشگاه فرهنگیان,پردیس شهید بهشتی مشهد )مرکز آموزش عال ی شهیدرجایی تربت حیدریه(,خراسان رضوی,در جدول ذکر نشده,,تعهد خدمت,55,مرد,در جدول ذکر نشده,ادامه مخصوص داوطلبان بومی استان خراسان رضوی؛ پردیس شهید بهشتی مشهد )مرکز آموزش عال ی شهیدرجایی تربت حیدریه(/ اولویت پذیرش با داوطلبان بومی شهرستان تربت جام/محل خدمت تربت جام؛ پذیرش دانشجو‌معلم با تعهد خدمت؛ ضوابط بخش فرهنگیان دفترچه,1402-humanities-booklet,247,1402-humanities-booklet,247,کدرشته‌محل منبع: 50958؛ عنوان رشته در منبع: آموزش ابتدایی؛ نحوه پذیرش: با آزمون (بخش دانشجو‌معلم)؛ استان در این ردیف مربوط به بومی‌گزینی/محل خدمت است
1402,آموزش ابتدایی,دانشگاه فرهنگیان,پردیس شهید بهشتی مشهد )مرکز آموزش عالی شهیدرجایی تربت حیدریه(,خراسان رضوی,در جدول ذکر نشده,,تعهد خدمت,38,مرد,در جدول ذکر نشده,ادامه مخصوص داوطلبان بومی استان خراسان رضوی؛ پردیس شهید بهشتی مشهد )مرکز آموزش عالی شهیدرجایی تربت حیدریه(/ اولویت پذیرش با داوطلبان بومی شهرستان تربت حیدریه/محل خدمت تربت حیدریه؛ پذیرش دانشجو‌معلم با تعهد خدمت؛ ضوابط بخش فرهنگیان دفترچه,1402-humanities-booklet,247,1402-humanities-booklet,247,کدرشته‌محل منبع: 50959؛ عنوان رشته در منبع: آموزش ابتدایی؛ نحوه پذیرش: با آزمون (بخش دانشجو‌معلم)؛ استان در این ردیف مربوط به بومی‌گزینی/محل خدمت است
1402,آموزش ابتدایی,دانشگاه فرهنگیان,پردیس شهید بهشتی مشهد )مرکز آموزش عالی شهیدرجایی تربت حیدریه(,خراسان رضوی,در جدول ذکر نشده,,تعهد خدمت,1,مرد,در جدول ذکر نشده,ادامه مخصوص داوطلبان بومی استان خراسان رضوی؛ پردیس شهید بهشتی مشهد )مرکز آموزش عالی شهیدرجایی تربت حیدریه(/ اولویت پذیرش با داوطلبان بومی شهرستان تربت حیدریه/محل خدمت جلگه رخ؛ پذیرش دانشجو‌معلم با تعهد خدمت؛ ضوابط بخش فرهنگیان دفترچه,1402-humanities-booklet,247,1402-humanities-booklet,247,کدرشته‌محل منبع: 50960؛ عنوان رشته در منبع: آموزش ابتدایی؛ نحوه پذیرش: با آزمون (بخش دانشجو‌معلم)؛ استان در این ردیف مربوط به بومی‌گزینی/محل خدمت است
1402,آموزش ابتدایی,دانشگاه فرهنگیان,پردیس شهید بهشتی مشهد )مرکز آموزش عالی شهیدرجایی تربت حیدریه(,خراسان رضوی,در جدول ذکر نشده,,تعهد خدمت,1,مرد,در جدول ذکر نشده,ادامه مخصوص داوطلبان بومی استان خراسان رضوی؛ پردیس شهید بهشتی مشهد )مرکز آموزش عالی شهیدرجایی تربت حیدریه(/ اولویت پذیر ش با داوطلبان بومی شهرستان تربت حیدریه/محل خدمت کدکن؛ پذیرش دانشجو‌معلم با تعهد خدمت؛ ضوابط بخش فرهنگیان دفترچه,1402-humanities-booklet,247,1402-humanities-booklet,247,کدرشته‌محل منبع: 50961؛ عنوان رشته در منبع: آموزش ابتدایی؛ نحوه پذیرش: با آزمون (بخش دانشجو‌معلم)؛ استان در این ردیف مربوط به بومی‌گزینی/محل خدمت است
1402,آموزش ابتدایی,دانشگاه فرهنگیان,پردیس شهید بهشتی مشهد )مرکز آموزش عالی شهیدرجایی تربت حیدریه(,خراسان رضوی,در جدول ذکر نشده,,تعهد خدمت,1,مرد,در جدول ذکر نشده,ادامه مخصوص داوطلبان بومی استان خراسان رضوی؛ پردیس شهید بهشتی مشهد )مرکز آموزش عالی شهیدرجایی تربت حیدریه(/ اولویت پذیرش با داوطلبان بومی شهرستان های باخرز، تایباد/محل خدمت باخرز؛ پذیرش دانشجو‌معلم با تعهد خدمت؛ ضوابط بخش فرهنگیان دفترچه,1402-humanities-booklet,247,1402-humanities-booklet,247,کدرشته‌محل منبع: 50962؛ عنوان رشته در منبع: آموزش ابتدایی؛ نحوه پذیرش: با آزمون (بخش دانشجو‌معلم)؛ استان در این ردیف مربوط به بومی‌گزینی/محل خدمت است
1402,آموزش ابتدایی,دانشگاه فرهنگیان,پردیس شهید بهشت ی مشهد )مرکز آموزش عالی شهیدرجایی تربت حیدریه(,خراسان رضوی,در جدول ذکر نشده,,تعهد خدمت,2,مرد,در جدول ذکر نشده,ادامه مخصوص داوطلبان بومی استان خراسان رضوی؛ پردیس شهید بهشت ی مشهد )مرکز آموزش عالی شهیدرجایی تربت حیدریه(/ اولویت پذیرش با داوطلبان بومی شهرستان های باخرز، تایباد/محل خدمت تایباد؛ پذیرش دانشجو‌معلم با تعهد خدمت؛ ضوابط بخش فرهنگیان دفترچه,1402-humanities-booklet,247,1402-humanities-booklet,247,کدرشته‌محل منبع: 50963؛ عنوان رشته در منبع: آموزش ابتدایی؛ نحوه پذیرش: با آزمون (بخش دانشجو‌معلم)؛ استان در این ردیف مربوط به بومی‌گزینی/محل خدمت است
1402,آموزش ابتدایی,دانشگاه فرهنگیان,پردیس شهید بهشتی مشهد )مرکز آموزش عالی دانشور نیشابور(,خراسان رضوی,در جدول ذکر نشده,,تعهد خدمت,1,مرد,در جدول ذکر نشده,ادامه مخصوص داوطلبان بومی استان خراسان رضوی؛ پردیس شهید بهشتی مشهد )مرکز آموزش عالی دانشور نیشابور(/ اولویت پذیرش با داوطلبان بومی شهرستان زبرخان/محل خدمت زبرخان؛ پذیرش دانشجو‌معلم با تعهد خدمت؛ ضوابط بخش فرهنگیان دفترچه,1402-humanities-booklet,247,1402-humanities-booklet,247,کدرشته‌محل منبع: 50964؛ عنوان رشته در منبع: آموزش ابتدایی؛ نحوه پذیرش: با آزمون (بخش دانشجو‌معلم)؛ استان در این ردیف مربوط به بومی‌گزینی/محل خدمت است
1402,آموزش ابتدایی,دانشگاه فرهنگیان,پردیس شهید بهشتی مشهد )مرکز آموزش عالی شهیدرجایی تربت حیدریه(,خراسان رضوی,در جدول ذکر نشده,,تعهد خدمت,32,مرد,در جدول ذکر نشده,ادامه مخصوص داوطلبان بومی استان خراسان رضوی؛ پردیس شهید بهشتی مشهد )مرکز آموزش عالی شهیدرجایی تربت حیدریه(/ اولویت پذیرش با داوطلبان بومی شهرستان های کاشمر، کوهسرخ/محل خدمت کاشمر؛ پذیرش دانشجو‌معلم با تعهد خدمت؛ ضوابط بخش فرهنگیان دفترچه,1402-humanities-booklet,247,1402-humanities-booklet,247,کدرشته‌محل منبع: 50965؛ عنوان رشته در منبع: آموزش ابتدایی؛ نحوه پذیرش: با آزمون (بخش دانشجو‌معلم)؛ استان در این ردیف مربوط به بومی‌گزینی/محل خدمت است
1402,آموزش ابتدایی,دانشگاه فرهنگیان,پردیس شهید هاشمی ش نژاد مشهد,خراسان رضوی,در جدول ذکر نشده,,تعهد خدمت,1,زن,در جدول ذکر نشده,ادامه مخصوص داوطلبان بومی استان خراسان رضوی؛ پردیس شهید هاشمی ش نژاد مشهد/ اولویت پذیرش با داوطلبان بومی هرستان ،های کاشمر کوهسرخ/محل خدمت کوهسرخ؛ پذیرش دانشجو‌معلم با تعهد خدمت؛ ضوابط بخش فرهنگیان دفترچه,1402-humanities-booklet,247,1402-humanities-booklet,247,کدرشته‌محل منبع: 50966؛ عنوان رشته در منبع: آموزش ابتدایی؛ نحوه پذیرش: با آزمون (بخش دانشجو‌معلم)؛ استان در این ردیف مربوط به بومی‌گزینی/محل خدمت است
1402,آموزش ابتدایی,دانشگاه فرهنگیان,پردیس شهید هاشمی نژاد مشهد,خراسان رضوی,در جدول ذکر نشده,,تعهد خدمت,1,زن,در جدول ذکر نشده,ادامه مخصوص داوطلبان بومی استان خراسان رضوی؛ پردیس شهید هاشمی نژاد مشهد/ اولویت پذیرش با داوطلبان بومی شهرستان زبرخان/محل خدمت زبرخان؛ پذیرش دانشجو‌معلم با تعهد خدمت؛ ضوابط بخش فرهنگیان دفترچه,1402-humanities-booklet,247,1402-humanities-booklet,247,کدرشته‌محل منبع: 50967؛ عنوان رشته در منبع: آموزش ابتدایی؛ نحوه پذیرش: با آزمون (بخش دانشجو‌معلم)؛ استان در این ردیف مربوط به بومی‌گزینی/محل خدمت است
1402,آموزش ابتدایی,دانشگاه فرهنگیان,پردیس شهید هاشمی نژاد مشهد,خراسان رضوی,در جدول ذکر نشده,,تعهد خدمت,1,زن,در جدول ذکر نشده,ادامه مخصوص داوطلبان بومی استان خراسان رضوی؛ پردیس شهید هاشمی نژاد مشهد/ اولویت پذیرش با داوطلبان بومی شهرستان های باخر ز، تایباد/محل خدمت باخرز؛ پذیرش دانشجو‌معلم با تعهد خدمت؛ ضوابط بخش فرهنگیان دفترچه,1402-humanities-booklet,247,1402-humanities-booklet,247,کدرشته‌محل منبع: 50968؛ عنوان رشته در منبع: آموزش ابتدایی؛ نحوه پذیرش: با آزمون (بخش دانشجو‌معلم)؛ استان در این ردیف مربوط به بومی‌گزینی/محل خدمت است
1402,آموزش ابتدایی,دانشگاه فرهنگیان,پردیس شهید هاشمی نژاد مشهد,خراسان رضوی,در جدول ذکر نشده,,تعهد خدمت,2,زن,در جدول ذکر نشده,ادامه مخصوص داوطلبان بومی استان خراسان رضوی؛ پردیس شهید هاشمی نژاد مشهد/ اولویت پذیرش با داوطلبان بومی شهرستان های باخرز، تایباد/محل خدمت تایباد؛ پذیرش دانشجو‌معلم با تعهد خدمت؛ ضوابط بخش فرهنگیان دفترچه,1402-humanities-booklet,247,1402-humanities-booklet,247,کدرشته‌محل منبع: 50969؛ عنوان رشته در منبع: آموزش ابتدایی؛ نحوه پذیرش: با آزمون (بخش دانشجو‌معلم)؛ استان در این ردیف مربوط به بومی‌گزینی/محل خدمت است
1402,آموزش ابتدایی,دانشگاه فرهنگیان,پردیس شهید هاشمی م,خراسان رضوی,در جدول ذکر نشده,,تعهد خدمت,1,زن,در جدول ذکر نشده,ادامه مخصوص داوطلبان بومی استان خراسان رضوی؛ پردیس شهید هاشمی م/نژاد مشهد/ اولویت پذیرش با داوطلبان بومی شهرستان تربت حیدریه حل خدمت جلگه رخ؛ پذیرش دانشجو‌معلم با تعهد خدمت؛ ضوابط بخش فرهنگیان دفترچه,1402-humanities-booklet,247,1402-humanities-booklet,247,کدرشته‌محل منبع: 50970؛ عنوان رشته در منبع: آموزش ابتدایی؛ نحوه پذیرش: با آزمون (بخش دانشجو‌معلم)؛ استان در این ردیف مربوط به بومی‌گزینی/محل خدمت است
1402,آموزش ابتدایی,دانشگاه فرهنگیان,پردیس شهید هاشمی نژاد مشهد,خراسان رضوی,در جدول ذکر نشده,,تعهد خدمت,1,زن,در جدول ذکر نشده,ادامه مخصوص داوطلبان بومی استان خراسان رضوی؛ پردیس شهید هاشمی نژاد مشهد/ اولویت پذیرش با داوطلبان بومی شهرستان تربت حیدریه/محل خدمت کدکن؛ پذیرش دانشجو‌معلم با تعهد خدمت؛ ضوابط بخش فرهنگیان دفترچه,1402-humanities-booklet,247,1402-humanities-booklet,247,کدرشته‌محل منبع: 50971؛ عنوان رشته در منبع: آموزش ابتدایی؛ نحوه پذیرش: با آزمون (بخش دانشجو‌معلم)؛ استان در این ردیف مربوط به بومی‌گزینی/محل خدمت است
1402,آموزش ابتدایی,دانشگاه فرهنگیان,پردیس شهید هاشمی نژاد مشهد,خراسان رضوی,در جدول ذکر نشده,,تعهد خدمت,1,زن,در جدول ذکر نشده,ادامه مخصوص داوطلبان بومی استان خراسان رضوی؛ پردیس شهید هاشمی نژاد مشهد/ اولویت پذیرش با داوطلبان بومی شهرستان تربت حیدریه/محل خدمت تربت حیدر یه؛ پذیرش دانشجو‌معلم با تعهد خدمت؛ ضوابط بخش فرهنگیان دفترچه,1402-humanities-booklet,247,1402-humanities-booklet,247,کدرشته‌محل منبع: 50972؛ عنوان رشته در منبع: آموزش ابتدایی؛ نحوه پذیرش: با آزمون (بخش دانشجو‌معلم)؛ استان در این ردیف مربوط به بومی‌گزینی/محل خدمت است
1402,آموزش ابتدایی,دانشگاه فرهنگیان,پردیس شهید هاشمی نژاد مشهد,خراسان رضوی,در جدول ذکر نشده,,تعهد خدمت,1,زن,در جدول ذکر نشده,ادامه مخصوص داوطلبان بومی استان خراسان رضوی؛ پردیس شهید هاشمی نژاد مشهد/ اولویت پذیرش با داوطلبان بومی شهرستان سرخس/محل خدمت سرخس؛ پذیرش دانشجو‌معلم با تعهد خدمت؛ ضوابط بخش فرهنگیان دفترچه,1402-humanities-booklet,247,1402-humanities-booklet,247,کدرشته‌محل منبع: 50973؛ عنوان رشته در منبع: آموزش ابتدایی؛ نحوه پذیرش: با آزمون (بخش دانشجو‌معلم)؛ استان در این ردیف مربوط به بومی‌گزینی/محل خدمت است
1402,آموزش ابتدایی,دانشگاه فرهنگیان,پردیس شهید هاشمی نژاد مشهد,خراسان رضوی,در جدول ذکر نشده,,تعهد خدمت,2,زن,در جدول ذکر نشده,ادامه مخصوص داوطلبان بومی استان خراسان رضوی؛ پردیس شهید هاشمی نژاد مشهد/ اولویت پذیرش با داوطلبان بومی شهرستان تربت جام/محل خدمت تربت جام؛ پذیرش دانشجو‌معلم با تعهد خدمت؛ ضوابط بخش فرهنگیان دفترچه,1402-humanities-booklet,247,1402-humanities-booklet,247,کدرشته‌محل منبع: 50974؛ عنوان رشته در منبع: آموزش ابتدایی؛ نحوه پذیرش: با آزمون (بخش دانشجو‌معلم)؛ استان در این ردیف مربوط به بومی‌گزینی/محل خدمت است
1402,آموزش ابتدایی,دانشگاه فرهنگیان,پردیس شهید هاشمی نژاد مشهد,خراسان رضوی,در جدول ذکر نشده,,تعهد خدمت,1,زن,در جدول ذکر نشده,ادامه مخصوص داوطلبان بومی استان خراسان رضوی؛ پردیس شهید هاشمی نژاد مشهد/ اولویت پذیرش با داوطلبان بومی شهرستان های بردسکن، خلیل آباد/محل خدمت بردسکن؛ پذیرش دانشجو‌معلم با تعهد خدمت؛ ضوابط بخش فرهنگیان دفترچه,1402-humanities-booklet,247,1402-humanities-booklet,247,کدرشته‌محل منبع: 50975؛ عنوان رشته در منبع: آموزش ابتدایی؛ نحوه پذیرش: با آزمون (بخش دانشجو‌معلم)؛ استان در این ردیف مربوط به بومی‌گزینی/محل خدمت است
1402,آموزش ابتدایی,دانشگاه فرهنگیان,پردیس شهید هاشمی نژاد مشهد,خراسان رضوی,در جدول ذکر نشده,,تعهد خدمت,1,زن,در جدول ذکر نشده,ادامه مخصوص داوطلبان بومی استان خراسان رضوی؛ پردیس شهید هاشمی نژاد مشهد/ اولویت پذیرش با داوطلبان بومی شهرستان های بردسکن، خلیل آباد/محل خدمت خلیل آباد؛ پذیرش دانشجو‌معلم با تعهد خدمت؛ ضوابط بخش فرهنگیان دفترچه,1402-humanities-booklet,247,1402-humanities-booklet,247,کدرشته‌محل منبع: 50976؛ عنوان رشته در منبع: آموزش ابتدا یی؛ نحوه پذیرش: با آزمون (بخش دانشجو‌معلم)؛ استان در این ردیف مربوط به بومی‌گزینی/محل خدمت است
1402,آموزش ابتدایی,دانشگاه فرهنگیان,پردیس شهید هاشمی نژاد مشهد,خراسان رضوی,در جدول ذکر نشده,,تعهد خدمت,1,زن,در جدول ذکر نشده,ادامه مخصوص داوطلبان بومی استان خراسان رضوی؛ پردیس شهید هاشمی نژاد مشهد/ اولویت پذیرش با داوطلبان بومی شهرستان نیشابور/محل خدمت میان جلگه؛ پذیرش دانشجو‌معلم با تعهد خدمت؛ ضوابط بخش فرهنگیان دفترچه,1402-humanities-booklet,247,1402-humanities-booklet,247,کدرشته‌محل منبع: 50977؛ عنوان رشته در منبع: آموزش ابتدایی؛ نحوه پذیرش: با آزمون (بخش دانشجو‌معلم)؛ استان در این ردیف مربوط به بومی‌گزینی/محل خدمت است
1402,آموزش ابتدایی,دانشگاه فرهنگیان,پردیس شهید هاشمی نژاد مشهد,خراسان رضوی,در جدول ذکر نشده,,تعهد خدمت,25,زن,در جدول ذکر نشده,ادامه مخصوص داوطلبان بومی استان خراسان رضوی؛ پردیس شهید هاشمی نژاد مشهد/ اولویت پذیرش با داوطلبان بومی شهرستان نیشابور/محل خدمت نیشابور؛ پذیرش دانشجو‌معلم با تعهد خدمت؛ ضوابط بخش فرهنگیان دفترچه,1402-humanities-booklet,247,1402-humanities-booklet,247,کدرشته‌محل منبع: 50978؛ عنوان رشته در منبع: آموزش ابتدایی؛ نحوه پذیرش: با آزمون (بخش دانشجو‌معلم)؛ استان در این ردیف مربوط به بومی‌گزینی/محل خدمت است
1402,آموزش ابتدایی,دانشگاه فرهنگیان,پردیس شهی د هاشمی نژاد مشهد,خراسان رضوی,در جدول ذکر نشده,,تعهد خدمت,1,زن,در جدول ذکر نشده,ادامه مخصوص داوطلبان بومی استان خراسان رضوی؛ پردیس شهی د هاشمی نژاد مشهد/ اولویت پذیرش با داوطلبان بومی شهرستان های بجستان، گناباد، مه ولات/محل خدمت مه ولات؛ پذیرش دانشجو‌معلم با تعهد خدمت؛ ضوابط بخش فرهنگیان دفترچه,1402-humanities-booklet,247,1402-humanities-booklet,247,کدرشته‌محل منبع: 50979؛ عنوان رشته در منبع: آموزش ابتدایی؛ نحوه پذیرش: با آزمون (بخش دانشجو‌معلم)؛ استان در این ردیف مربوط به بومی‌گزینی/محل خدمت است
1402,آموزش ابتدایی,دانشگاه فرهنگیان,پردیس شهید هاشمی نژاد مشهد,خراسان رضوی,در جدول ذکر نشده,,تعهد خدمت,1,زن,در جدول ذکر نشده,ادامه مخصوص داوطلبان بومی استان خراسان رضوی؛ پردیس شهید هاشمی نژاد مشهد/ اولویت پذیرش با داوطلبان بومی شهرستان های بجستان، گناباد، مه ولات/محل خدمت بجستان؛ پذیرش دانشجو‌معلم با تعهد خدمت؛ ضوابط بخش فرهنگیان دفترچه,1402-humanities-booklet,247,1402-humanities-booklet,247,کدرشته‌محل منبع: 50980؛ عنوان رشته در منبع: آموزش ابتدایی؛ نحوه پذیرش: با آزمون (بخش دانشجو‌معلم)؛ استان در این ردیف مربوط به بومی‌گزینی/محل خدمت است
1402,آموزش ابتدایی,دانشگاه فرهنگیان,پردیس شهید هاشمی نژاد مشهد,خراسان رضوی,در جدول ذکر نشده,,تعهد خدمت,1,زن,در جدول ذکر نشده,ادامه مخصوص داوطلبان بومی استان خراسان رضوی؛ پردیس شهید هاشمی نژاد مشهد/ اولویت پذیرش با داوطلبان بومی شهرستان های داورزن، ششتمد/محل خدمت داورزن؛ پذیرش دانشجو‌معلم با تعهد خدمت؛ ضوابط بخش فرهنگیان دفترچه,1402-humanities-booklet,247,1402-humanities-booklet,247,کدرشته‌محل منبع: 50981؛ عنوان رشته در منبع: آموزش ابتدایی؛ نحوه پذیرش: با آزمون (بخش دانشجو‌معلم)؛ استان در این ردیف مربوط به بومی‌گزینی/محل خدمت است
1402,آموزش ابتدایی,دانشگاه فرهنگیان,پردیس شهید هاشمی نژاد مشهد,خراسان رضوی,در جدول ذکر نشده,,تعهد خدمت,3,زن,در جدول ذکر نشده,ادامه مخصوص داوطلبان بومی استان خراسان رضوی؛ پردیس شهید هاشمی نژاد مشهد/ اولویت پذیرش با داوطلبان بومی شهرستان خواف/محل خدمت خواف؛ پذیرش دانشجو‌معلم با تعهد خدمت؛ ضوابط بخش فرهنگیان دفترچه,1402-humanities-booklet,247,1402-humanities-booklet,247,کدرشته‌محل منبع: 50982؛ عنوان رشته در منبع: آموزش ابتدایی؛ نحوه پذیرش: با آزمون (بخش دانشجو‌معلم)؛ استان در این ردیف مربوط به بومی‌گزینی/محل خدمت است
1402,آموزش ابتدایی,دانشگاه فرهنگیان,پردیس شهید هاشمی نژاد مشهد,خراسان رضوی,در جدول ذکر نشده,,تعهد خدمت,1,زن,در جدول ذکر نشده,ادامه مخصوص داوطلبان بومی استان خراسان رضوی؛ پردیس شهید هاشمی نژاد مشهد/ اولویت پذیرش با داوطلبان بومی شهرستان های درگز، کلات/محل خدمت درگز؛ پذیرش دانشجو‌معلم با تعهد خدمت؛ ضوابط بخش فرهنگیان دفترچه,1402-humanities-booklet,248,1402-humanities-booklet,248,کدرشته‌محل منبع: 50983؛ عنوان رشته در منبع: آموزش ابتدایی؛ نحوه پذیرش: با آزمون (بخش دانشجو‌معلم)؛ استان در این ردیف مربوط به بومی‌گزینی/محل خدمت است
1402,آموزش ابتدایی,دانشگاه فرهنگیان,پردیس شهید هاشمی نژاد مشهد,خراسان رضوی,در جدول ذکر نشده,,تعهد خدمت,1,زن,در جدول ذکر نشده,ادامه مخصوص داوطلبان بومی استان خراسان رضوی؛ پردیس شهید هاشمی نژاد مشهد/ اولو یت پذیرش با داوطلبان بومی شهرستان های درگز، کلات/محل خدمت کلات؛ پذیرش دانشجو‌معلم با تعهد خدمت؛ ضوابط بخش فرهنگیان دفترچه,1402-humanities-booklet,248,1402-humanities-booklet,248,کدرشته‌محل منبع: 50984؛ عنوان رشته در منبع: آموزش ابتدایی؛ نحوه پذیرش: با آزمون (بخش دانشجو‌معلم)؛ استان در این ردیف مربوط به بومی‌گزینی/محل خدمت است
1402,آموزش ابتدایی,دانشگاه فرهنگیان,پردیس شهید هاشمی نژاد مشهد,خراسان رضوی,در جدول ذکر نشده,,تعهد خدمت,1,زن,در جدول ذکر نشده,ادامه مخصوص داوطلبان بومی استان خراسان رضوی؛ پردیس شهید هاشمی نژاد مشهد/ اولویت پذیرش با داوطلبان بومی شهرستان های درگز، کلات/محل خدمت نوخندان؛ پذیرش دانشجو‌معلم با تعهد خدمت؛ ضوابط بخش فرهنگیان دفترچه,1402-humanities-booklet,248,1402-humanities-booklet,248,کدرشته‌محل منبع: 50985؛ عنوان رشته در منبع: آموزش ابتدایی؛ نحوه پذیرش: با آزمون (بخش دانشجو‌معلم)؛ استان در این ردیف مربوط به بومی‌گزینی/محل خدمت است
1402,آموزش ابتدایی,دانشگاه فرهنگیان,پردیس شهید هاشمی نژاد مشهد,خراسان رضوی,در جدول ذکر نشده,,تعهد خدمت,60,زن,در جدول ذکر نشده,ادامه مخصوص داوطلبان بومی استان خراسان رضوی؛ پردیس شهید هاشمی نژاد مشهد/ اولویت پذیرش با داوطلبان بومی شهرستان های مشهد، طرقبه شاندیز)بینالود سابق(/محل خدمت تبادکان؛ پذیرش دانشجو‌معلم با تعهد خدمت؛ ضوابط بخش فرهنگیان دفترچه,1402-humanities-booklet,248,1402-humanities-booklet,248,کدرشته‌محل منبع: 50986؛ عنوان رشته در منبع: آموزش ابتدایی؛ نحوه پذیرش: با آزمون (بخش دانشجو‌معلم)؛ استان در این ردیف مربوط به بومی‌گزینی/محل خدمت است
1402,آموزش ابتدایی,دانشگاه فرهنگیان,پردیس شهید هاشمی نژاد مشهد,خراسان رضوی,در جدول ذکر نشده,,تعهد خدمت,1,زن,در جدول ذکر نشده,ادامه مخصوص داوطلبان بومی استان خراسان رضوی؛ پردیس شهید هاشمی نژاد مشهد/ اولویت پذیرش با داوطلبان بومی شهرستان های چناران، گلبهار/محل خدمت چناران؛ پذیرش دانشجو‌معلم با تعهد خدمت؛ ضوابط بخش فرهنگیان دفترچه,1402-humanities-booklet,248,1402-humanities-booklet,248,کدرشته‌محل منبع: 50987؛ عنوان رشته در منبع: آموزش ابتدایی؛ نحوه پذیرش: با آزمون (بخش دانشجو‌معلم)؛ استان در این ردیف مربوط به بومی‌گزینی/محل خدمت است
1402,آموزش ابتدایی,دانشگاه فرهنگیان,پردیس شهید هاشمی نژاد مشه د,خراسان رضوی,در جدول ذکر نشده,,تعهد خدمت,1,زن,در جدول ذکر نشده,ادامه مخصوص داوطلبان بومی استان خراسان رضوی؛ پردیس شهید هاشمی نژاد مشه د/ اولویت پذیرش با داوطلبان بومی شهرستان ،های چناران گلبهار/محل خدمت گلبهار؛ پذیرش دانشجو‌معلم با تعهد خدمت؛ ضوابط بخش فرهنگیان دفترچه,1402-humanities-booklet,248,1402-humanities-booklet,248,کدرشته‌محل منبع: 50988؛ عنوان رشته در منبع: آموزش ابتدایی؛ نحوه پذیرش: با آزمون (بخش دانشجو‌معلم)؛ استان در این ردیف مربوط به بومی‌گزینی/محل خدمت است
1402,آموزش ابتدایی,دانشگاه فرهنگیان,پردیس شهید هاشمی نژاد مشهد,خراسان رضوی,در جدول ذکر نشده,,تعهد خدمت,1,زن,در جدول ذکر نشده,ادامه مخصوص داوطلبان بومی استان خراسان رضوی؛ پردیس شهید هاشمی نژاد مشهد/ اولویت پذیرش با داوطلبان بومی شهرستان فیروزه/محل خدمت فیروزه؛ پذیرش دانشجو‌معلم با تعهد خدمت؛ ضوابط بخش فرهنگیان دفترچه,1402-humanities-booklet,248,1402-humanities-booklet,248,کدرشته‌محل منبع: 50989؛ عنوان رشته در منبع: آموزش ابتدایی؛ نحوه پذیرش: با آزمون (بخش دانشجو‌معلم)؛ استان در این ردیف مربوط به بومی‌گزینی/محل خدمت است
1402,آموزش ابتدایی,دانشگاه فرهنگیان,پردیس شهید هاشمی نژاد مشهد,خراسان رضوی,در جدول ذکر نشده,,تعهد خدمت,1,زن,در جدول ذکر نشده,ادامه مخصوص داوطلبان بومی استان خراسان رضوی؛ پردیس شهید هاشمی نژاد مشهد/ اولویت پذیر ش با داوطلبان بومی شهرستان صالح آباد/محل خدمت صالح آباد؛ پذیرش دانشجو‌معلم با تعهد خدمت؛ ضوابط بخش فرهنگیان دفترچه,1402-humanities-booklet,248,1402-humanities-booklet,248,کدرشته‌محل منبع: 50990؛ عنوان رشته در منبع: آموزش ابتدایی؛ نحوه پذیرش: با آزمون (بخش دانشجو‌معلم)؛ استان در این ردیف مربوط به بومی‌گزینی/محل خدمت است
1402,آموزش ابتدایی,دانشگاه فرهنگیان,پردیس شهید هاشمی نژاد مشهد,خراسان رضوی,در جدول ذکر نشده,,تعهد خدمت,1,زن,در جدول ذکر نشده,ادامه مخصوص داوطلبان بومی استان خراسان رضوی؛ پردیس شهید هاشمی نژاد مشهد/ اولویت پذیرش با داوطلبان بومی شهرستان های زاوه، رشتخوار/محل خدمت رشتخوار؛ پذیرش دانشجو‌معلم با تعهد خدمت؛ ضوابط بخش فرهنگیان دفترچه,1402-humanities-booklet,248,1402-humanities-booklet,248,کدرشته‌محل منبع: 50991؛ عنوان رشته در منبع: آموزش ابتدایی؛ نحوه پذیرش: با آزمون (بخش دانشجو‌معلم)؛ استان در این ردیف مربوط به بومی‌گزینی/محل خدمت است
1402,آموزش ابتدایی,دانشگاه فرهنگیان,پردیس شهید هاشمی نژاد مشهد,خراسان رضوی,در جدول ذکر نشده,,تعهد خدمت,1,زن,در جدول ذکر نشده,ادامه مخصوص داوطلبان بومی استان خراسان رضوی؛ پردیس شهید هاشمی نژاد مشهد/ اولویت پذیرش با داو طلبان بومی شهرستان های زاوه، رشتخوار/محل خدمت زاوه؛ پذیرش دانشجو‌معلم با تعهد خدمت؛ ضوابط بخش فرهنگیان دفترچه,1402-humanities-booklet,248,1402-humanities-booklet,248,کدرشته‌محل منبع: 50992؛ عنوان رشته در منبع: آموزش ابتدایی؛ نحوه پذیرش: با آزمون (بخش دانشجو‌معلم)؛ استان در این ردیف مربوط به بومی‌گزینی/محل خدمت است
1402,آموزش ابتدایی,دانشگاه فرهنگیان,پردیس امام جعفرصادق)ع( بجنورد,خراسان شمالی,در جدول ذکر نشده,,تعهد خدمت,2,زن,در جدول ذکر نشده,ادامه مخصوص داوطلبان بومی استان خراسان شمالی؛ پردیس امام جعفرصادق)ع( بجنورد/ اولویت پذیرش با د اوطلبان بومی شهرستان اسفراین/محل خدمت اسفراین؛ پذیرش دانشجو‌معلم با تعهد خدمت؛ ضوابط بخش فرهنگیان دفترچه,1402-humanities-booklet,258,1402-humanities-booklet,258,کدرشته‌محل منبع: 51157؛ عنوان رشته در منبع: آموزش ابتدایی؛ نحوه پذیرش: با آزمون (بخش دانشجو‌معلم)؛ استان در این ردیف مربوط به بومی‌گزینی/محل خدمت است
1402,آموزش ابتدایی,دانشگاه فرهنگیان,پردیس امام جعفرصادق)ع( بجنورد,خراسان شمالی,در جدول ذکر نشده,,تعهد خدمت,1,زن,در جدول ذکر نشده,ادامه مخصوص داوطلبان بومی استان خراسان شمالی؛ پردیس امام جعفرصادق)ع( بجنورد/ اولویت پذیرش با داوطلبان بومی شهرستان اسفراین/محل خدمت بام وصفی آباد؛ پذیرش دانشجو‌معلم با تعهد خدمت؛ ضوابط بخش فرهنگیان دفترچه,1402-humanities-booklet,258,1402-humanities-booklet,258,کدرشته‌محل منبع: 51158؛ عنوان رشته در منبع: آموزش ابتدایی؛ نحوه پذیرش: با آزمون (بخش دانشجو‌معلم)؛ استان در این ردیف مربوط به بومی‌گزینی/محل خدمت است
1402,آموزش ابتدایی,دانشگاه فرهنگیان,پردیس امام جعفرصادق)ع( بجنورد,خراسان شمالی,در جدول ذکر نشده,,تعهد خدمت,1,زن,در جدول ذکر نشده,ادامه مخصوص داوطلبان بومی استان خراسان شمالی؛ پردیس امام جعفرصادق)ع( بجنورد/ اولویت پذیرش با داوطلبان بو می شهرستانهای جاجرم، گرمه/محل خدمت جاجرم؛ پذیرش دانشجو‌معلم با تعهد خدمت؛ ضوابط بخش فرهنگیان دفترچه,1402-humanities-booklet,258,1402-humanities-booklet,258,کدرشته‌محل منبع: 51159؛ عنوان رشته در منبع: آموزش ابتدایی؛ نحوه پذیرش: با آزمون (بخش دانشجو‌معلم)؛ استان در این ردیف مربوط به بومی‌گزینی/محل خدمت است
1402,آموزش ابتدایی,دانشگاه فرهنگیان,،پردیس امام جعفرصادق)ع( بجنورد,خراسان شمالی,در جدول ذکر نشده,,تعهد خدمت,1,زن,در جدول ذکر نشده,ادامه مخصوص داوطلبان بومی استان خراسان شمالی؛ ،پردیس امام جعفرصادق)ع( بجنورد/ اولویت پذیرش با داوطلبان بومی شهرستانهای جاجرم گرمه/محل خدمت گرمه؛ پذیرش دانشجو‌معلم با تعهد خدمت؛ ضوابط بخش فرهنگیان دفترچه,1402-humanities-booklet,258,1402-humanities-booklet,258,کدرشته‌محل منبع: 51160؛ عنوان رشته در منبع: آموزش ابتدایی؛ نحوه پذیرش: با آزمون (بخش دانشجو‌معلم)؛ استان در این ردیف مربوط به بومی‌گزینی/محل خدمت است
1402,آموزش ابتدایی,دانشگاه فرهنگیان,پردیس امام جعفرصادق)ع( بجنورد,خراسان شمالی,در جدول ذکر نشده,,تعهد خدمت,6,زن,در جدول ذکر نشده,ادامه مخصوص داوطلبان بومی استان خراسان شمالی؛ پردیس امام جعفرصادق)ع( بجنورد/ اولویت پذیرش با داوطلبان بومی شهرس تان شیروان/محل خدمت شیروان خراسان شمالی؛ پذیرش دانشجو‌معلم با تعهد خدمت؛ ضوابط بخش فرهنگیان دفترچه,1402-humanities-booklet,258,1402-humanities-booklet,258,کدرشته‌محل منبع: 51161؛ عنوان رشته در منبع: آموزش ابتدایی؛ نحوه پذیرش: با آزمون (بخش دانشجو‌معلم)؛ استان در این ردیف مربوط به بومی‌گزینی/محل خدمت است
1402,آموزش ابتدایی,دانشگاه فرهنگیان,پردیس امام جعفرصادق)ع( بجنورد,خراسان شمالی,در جدول ذکر نشده,,تعهد خدمت,9,زن,در جدول ذکر نشده,ادامه مخصوص داوطلبان بومی استان خراسان شمالی؛ پردیس امام جعفرصادق)ع( بجنورد/ اولویت پذیرش با داوطلبان بومی شهرستان بجنورد/محل خدمت بجنورد؛ پذیرش دانشجو‌معلم با تعهد خدمت؛ ضوابط بخش فرهنگیان دفترچه,1402-humanities-booklet,258,1402-humanities-booklet,258,کدرشته‌محل منبع: 51162؛ عنوان رشته در منبع: آموزش ابتدایی؛ نحوه پذیرش: با آزمون (بخش دانشجو‌معلم)؛ استان در این ردیف مربوط به بومی‌گزینی/محل خدمت است
1402,آموزش ابتدایی,دانشگاه فرهنگیان,پردیس امام جعفرصادق)ع( بجنورد,خراسان شمالی,در جدول ذکر نشده,,تعهد خدمت,1,زن,در جدول ذکر نشده,ادامه مخصوص داوطلبان بومی استان خراسان شمالی؛ پردیس امام جعفرصادق)ع( بجنورد/ اولویت پذیرش با داوطلبان بومی شهرستان فار وج/محل خدمت فاروج؛ پذیرش دانشجو‌معلم با تعهد خدمت؛ ضوابط بخش فرهنگیان دفترچه,1402-humanities-booklet,258,1402-humanities-booklet,258,کدرشته‌محل منبع: 51163؛ عنوان رشته در منبع: آموزش ابتدایی؛ نحوه پذیرش: با آزمون (بخش دانشجو‌معلم)؛ استان در این ردیف مربوط به بومی‌گزینی/محل خدمت است
1402,آموزش ابتدایی,دانشگاه فرهنگیان,پردیس امام جعفرصادق)ع( بجنورد,خراسان شمالی,در جدول ذکر نشده,,تعهد خدمت,1,زن,در جدول ذکر نشده,ادامه مخصوص داوطلبان بومی استان خراسان شمالی؛ پردیس امام جعفرصادق)ع( بجنورد/ اولویت پذیرش با داوطلبان بومی شهرستان،های مانه و سملقان راز و جرگلان/محل خدمت رازوجرگلان؛ پذیرش دانشجو‌معلم با تعهد خدمت؛ ضوابط بخش فرهنگیان دفترچه,1402-humanities-booklet,258,1402-humanities-booklet,258,کدرشته‌محل منبع: 51164؛ عنوان رشته در منبع: آموزش ابتدایی؛ نحوه پذیرش: با آزمون (بخش دانشجو‌معلم)؛ استان در این ردیف مربوط به بومی‌گزینی/محل خدمت است
1402,آموزش ابتدایی,دانشگاه فرهنگیان,پردیس امام جعفرصادق)ع( بجنورد,خراسان شمالی,در جدول ذکر نشده,,تعهد خدمت,1,زن,در جدول ذکر نشده,ادامه مخصوص داوطلبان بومی استان خراسان شمالی؛ پردیس امام جعفرصادق)ع( بجنورد/ اولویت پذیرش با داوطلبان بومی شهرس تان،های مانه و سملقان راز و جرگلان/محل خدمت مانه وسملقان؛ پذیرش دانشجو‌معلم با تعهد خدمت؛ ضوابط بخش فرهنگیان دفترچه,1402-humanities-booklet,258,1402-humanities-booklet,258,کدرشته‌محل منبع: 51165؛ عنوان رشته در منبع: آموزش ابتدایی؛ نحوه پذیرش: با آزمون (بخش دانشجو‌معلم)؛ استان در این ردیف مربوط به بومی‌گزینی/محل خدمت است
1402,آموزش ابتدایی,دانشگاه فرهنگیان,پردیس امام محمد باقر)ع( بجنورد,خراسان شمالی,در جدول ذکر نشده,,تعهد خدمت,2,مرد,در جدول ذکر نشده,ادامه مخصوص داوطلبان بومی استان خراسان شمالی؛ پردیس امام محمد باقر)ع( بجنورد/ اولویت پذیرش با داوطلبان بومی شهرستان های مانه و سملقان، راز و جرگلان/محل خدمت رازوجرگلان؛ پذیرش دانشجو‌معلم با تعهد خدمت؛ ضوابط بخش فرهنگیان دفترچه,1402-humanities-booklet,258,1402-humanities-booklet,258,کدرشته‌محل منبع: 51166؛ عنوان رشته در منبع: آموزش ابتدایی؛ نحوه پذیرش: با آزمون (بخش دانشجو‌معلم)؛ استان در این ردیف مربوط به بومی‌گزینی/محل خدمت است
1402,آموزش ابتدایی,دانشگاه فرهنگیان,(پردیس امام محمد باقر)ع بجنورد,خراسان شمالی,در جدول ذکر نشده,,تعهد خدمت,3,مرد,در جدول ذکر نشده,ادامه مخصوص داوطلبان بومی استان خراسان شمالی؛ (پردیس امام محمد باقر)ع بجنورد/ اولویت پذیرش با داوطلبان بومی شهرستان های مانه و سملقان، راز و جرگلان/محل خدمت مانه وسملقان؛ پذیرش دانشجو‌معلم با تعهد خدمت؛ ضوابط بخش فرهنگیان دفترچه,1402-humanities-booklet,258,1402-humanities-booklet,258,کدرشته‌محل منبع: 51167؛ عنوان رشته در منبع: آموزش ابتدایی؛ نحوه پذیرش: با آزمون (بخش دانشجو‌معلم)؛ استان در این ردیف مربوط به بومی‌گزینی/محل خدمت است
1402,آموزش ابتدایی,دانشگاه فرهنگیان,پردیس امام محمد باقر)ع( بجنورد,خراسان شمالی,در جدول ذکر نشده,,تعهد خدمت,1,مرد,در جدول ذکر نشده,ادامه مخصوص داوطلبان بومی استان خراسان شمالی؛ پردیس امام محمد باقر)ع( بجنورد/ اولویت پذیرش با داوطلبان بومی شهرستان فاروج/محل خدمت فاروج؛ پذیرش دانشجو‌معلم با تعهد خدمت؛ ضوابط بخش فرهنگیان دفترچه,1402-humanities-booklet,258,1402-humanities-booklet,258,کدرشته‌محل منبع: 51168؛ عنوان رشته در منبع: آموزش ابتدایی؛ نحوه پذیرش: با آزمون (بخش دانشجو‌معلم)؛ استان در این ردیف مربوط به بومی‌گزینی/محل خدمت است
1402,آموزش ابتدایی,دانشگاه فرهنگیان,پردیس امام محمد باقر)ع( بجنورد,خراسان شمالی,در جدول ذکر نشده,,تعهد خدمت,10,مرد,در جدول ذکر نشده,ادامه مخصوص داوطلبان بومی استان خراسان شمالی؛ پردیس امام محمد باقر)ع( بجنورد/ اولویت پذیرش با داوطلبان بومی شهرستان بجنورد/محل خدمت بجنورد؛ پذیرش دانشجو‌معلم با تعهد خدمت؛ ضوابط بخش فرهنگیان دفترچه,1402-humanities-booklet,258,1402-humanities-booklet,258,کدرشته‌محل منبع: 51169؛ عنوان رشته در منبع: آموزش ابتدایی؛ نحوه پذیرش: با آزمون (بخش دانشجو‌معلم)؛ استان در این ردیف مربوط به بومی‌گزینی/محل خدمت است
1402,آموزش ابتدایی,دانشگاه فرهنگیان,پردیس امام محمد باقر)ع( بجنورد,خراسان شمالی,در جدول ذکر نشده,,تعهد خدمت,2,مرد,در جدول ذکر نشده,ادامه مخصوص داوطلبان بومی استان خراسان شمالی؛ پردیس امام محمد باقر)ع( بجنورد/ اولویت پذیرش با داوطلبان بومی شهرستان شیروان/محل خدمت شیروان خراسان شمالی؛ پذیرش دانشجو‌معلم با تعهد خدمت؛ ضوابط بخش فرهنگیان دفترچه,1402-humanities-booklet,258,1402-humanities-booklet,258,کدرشته‌محل منبع: 51170؛ عنوان رشته در منبع: آموزش ابتدایی؛ نحوه پذیرش: با آزمون (بخش دانشجو‌معلم)؛ استان در این ردیف مربوط به بومی‌گزینی/محل خدمت است
1402,آموزش ابتدایی,دانشگاه فرهنگیان,م پردیس امام حمد باقر)ع( بجنورد,خراسان شمالی,در جدول ذکر نشده,,تعهد خدمت,1,مرد,در جدول ذکر نشده,ادامه مخصوص داوطلبان بومی استان خراسان شمالی؛ م پردیس امام حمد باقر)ع( بجنورد/ اولویت پذیرش با داوطلبان بومی شهرستانهای جاجرم، گرمه/محل خدمت جاجرم؛ پذیرش دانشجو‌معلم با تعهد خدمت؛ ضوابط بخش فرهنگیان دفترچه,1402-humanities-booklet,258,1402-humanities-booklet,258,کدرشته‌محل منبع: 51171؛ عنوان رشته در منبع: آموزش ابتدایی؛ نحوه پذیرش: با آزمون (بخش دانشجو‌معلم)؛ استان در این ردیف مربوط به بومی‌گزینی/محل خدمت است
1402,آموزش ابتدایی,دانشگاه فرهنگیان,،پردیس امام محمد باقر)ع( بجنورد,خراسان شمالی,در جدول ذکر نشده,,تعهد خدمت,1,مرد,در جدول ذکر نشده,ادامه مخصوص داوطلبان بومی استان خراسان شمالی؛ ،پردیس امام محمد باقر)ع( بجنورد/ اولویت پذیرش با داوطلبان بومی شهرستانهای جاجرم گرمه/محل خدمت گرمه؛ پذیرش دانشجو‌معلم با تعهد خدمت؛ ضوابط بخش فرهنگیان دفترچه,1402-humanities-booklet,258,1402-humanities-booklet,258,کدرشته‌محل منبع: 51172؛ عنوان رشته در منبع: آموزش ابتدایی؛ نحوه پذیرش: با آزمون (بخش دانشجو‌معلم)؛ استان در این ردیف مربوط به بومی‌گزینی/محل خدمت است
1402,آموزش ابتدایی,دانشگاه فرهنگیان,پردیس امام محمد باقر)ع( بجنورد,خراسان شمالی,در جدول ذکر نشده,,تعهد خدمت,3,مرد,در جدول ذکر نشده,ادامه مخصوص داوطلبان بومی استان خراسان شمالی؛ پردیس امام محمد باقر)ع( بجنورد/ اولویت پذیرش با داوطلبان بومی شهرستان اسفراین/محل خدمت اسفراین؛ پذیرش دانشجو‌معلم با تعهد خدمت؛ ضوابط بخش فرهنگیان دفترچه,1402-humanities-booklet,258,1402-humanities-booklet,258,کدرشته‌محل منبع: 51173؛ عنوان رشته در منبع: آموزش ابتدایی؛ نحوه پذیرش: با آزمون (بخش دانشجو‌معلم)؛ استان در این ردیف مربوط به بومی‌گزینی/محل خدمت است
1402,آموزش ابتدایی,دانشگاه فرهنگیان,پردیس امام محمد باقر)ع( بجنورد,خراسان شمالی,در جدول ذکر نشده,,تعهد خدمت,2,مرد,در جدول ذکر نشده,ادامه مخصوص داوطلبان بومی استان خراسان شمالی؛ پردیس امام محمد باقر)ع( بجنورد/ اولویت پذیرش با داوطلبان بومی شهرستان اسفراین/محل خدمت بام وصفی آباد؛ پذیرش دانشجو‌معلم با تعهد خدمت؛ ضوابط بخش فرهنگیان دفترچه,1402-humanities-booklet,258,1402-humanities-booklet,258,کدرشته‌محل منبع: 51174؛ عنوان رشته در منبع: آموزش ابتدایی؛ نحوه پذیرش: با آزمون (بخش دانشجو‌معلم)؛ استان در این ردیف مربوط به بومی‌گزینی/محل خدمت است
1402,آموزش ابتدایی,دانشگاه فرهنگیان,پردیس حضرت رسول اکرم)ص( اهواز )مرکز آموزش عالی امام رضا )ع( اندیمشک(,خوزستان,در جدول ذکر نشده,,تعهد خدمت,4,مرد,در جدول ذکر نشده,ادامه مخصوص داوطلبان بومی استان خوزستان؛ پردیس حضرت رسول اکرم)ص( اهواز )مرکز آموزش عالی امام رضا )ع( اندیمشک(/ اولویت پذیرش با داوطلبان بومی شهرستانهای دزفول، شوش اندیمشک، شوشتر، گتوند، کرخه/محل خدمت، اندیمشک؛ پذیرش دانشجو‌معلم با تعهد خدمت؛ ضوابط بخش فرهنگیان دفترچه,1402-humanities-booklet,269,1402-humanities-booklet,269,کدرشته‌محل منبع: 51211؛ عنوان رشته در منبع: آموزش ابتدایی؛ نحوه پذیرش: با آزمون (بخش دانشجو‌معلم)؛ استان در این ردیف مربوط به بومی‌گزینی/محل خدمت است
1402,آموزش ابتدایی,دانشگاه فرهنگیان,پردیس حضرت رسول اکرم)ص( اهواز )مرکز آموزش عالی امام رضا )ع( اندیمشک(,خوزستان,در جدول ذکر نشده,,تعهد خدمت,17,مرد,در جدول ذکر نشده,ادامه مخصوص داوطلبان بومی استان خوزستان؛ پردیس حضرت رسول اکرم)ص( اهواز )مرکز آموزش عالی امام رضا )ع( اندیمشک(/ اولویت پذیرش با داوطلبان بومی شهرستانهای دزفول، شوش، اندیمشک، شوشتر، گتوند، کرخه/محل خدمت دزفول؛ پذیرش دانشجو‌معلم با تعهد خدمت؛ ضوابط بخش فرهنگیان دفترچه,1402-humanities-booklet,269,1402-humanities-booklet,269,کدرشته‌محل منبع: 51212؛ عنوان رشته در منبع: آموزش ابت دایی؛ نحوه پذیرش: با آزمون (بخش دانشجو‌معلم)؛ استان در این ردیف مربوط به بومی‌گزینی/محل خدمت است
1402,آموزش ابتدایی,دانشگاه فرهنگیان,پردیس حضرت رسول اکرم)ص( اهواز )مرکز آموزش عالی امام رضا )ع( اندیمشک(,خوزستان,در جدول ذکر نشده,,تعهد خدمت,2,مرد,در جدول ذکر نشده,ادامه مخصوص داوطلبان بومی استان خوزستان؛ پردیس حضرت رسول اکرم)ص( اهواز )مرکز آموزش عالی امام رضا )ع( اندیمشک(/ اولویت پذیرش با داوطلبان بومی شهرستانهای دزفول، شوش، اندیمشک، شوشتر، گتوند، کرخه/محل خدمت شاوور؛ پذیرش دانشجو‌معلم با تعهد خدمت؛ ضوابط بخش فرهنگیان دفترچه,1402-humanities-booklet,269,1402-humanities-booklet,269,کدرشته‌محل منبع: 51213؛ عنوان رشته در منبع: آموزش ابتدایی؛ نحوه پذیرش: با آزمون (بخش دانشجو‌معلم)؛ استان در این ردیف مربوط به بومی‌گزینی/محل خدمت است
1402,آموزش ابتدایی,دانشگاه فرهنگیان,پردیس حضرت رسول اکرم)ص( اهواز )مرکز آموزش عالی امام رضا )ع( اندیمشک(,خوزستان,در جدول ذکر نشده,,تعهد خدمت,3,مرد,در جدول ذکر نشده,ادامه مخصوص داوطلبان بومی استان خوزستان؛ پردیس حضرت رسول اکرم)ص( اهواز )مرکز آموزش عالی امام رضا )ع( اندیمشک(/ اولویت پذیرش با داوطلبان بومی شهرستانهای دزفول، شوش، اندیمشک، شوشتر، گتوند، کرخه/محل خدمت شوش؛ پذیرش دانشجو‌معلم با تعهد خدمت؛ ضوابط بخش فرهنگیان دفترچه,1402-humanities-booklet,270,1402-humanities-booklet,270,کدرشته‌محل منبع: 51214؛ عنوان رشته در منبع: آموزش ابتدایی؛ نحوه پذیرش: با آزمون (بخش دانشجو‌معلم)؛ استان در این ردیف مربوط به بومی‌گزینی/محل خدمت است
1402,آموزش ابتدایی,دانشگاه فرهنگیان,پردیس حضرت رسول اکرم)ص( اهواز )مرکز آموزش عالی امام رضا )ع( اندیمشک(,خوزستان,در جدول ذکر نشده,,تعهد خدمت,14,مرد,در جدول ذکر نشده,ادامه مخصوص داوطلبان بومی استان خوزستان؛ پردیس حضرت رسول اکرم)ص( اهواز )مرکز آموزش عالی امام رضا )ع( اندیمشک(/ اولویت پذیرش با داوطلبان بومی شهرستانهای دزفول، شوش، اندیمشک، شوشتر، گتوند، کرخه/محل خدمت شوشتر؛ پذیرش دانشجو‌معلم با تعهد خدمت؛ ضوابط بخش فرهنگیان دفترچه,1402-humanities-booklet,270,1402-humanities-booklet,270,کدرشته‌محل منبع: 51215؛ عنوان رشته در منبع: آموزش ابتدایی؛ نحوه پذیرش: با آزمون (بخش دانشجو‌معلم)؛ استان در این ردیف مربوط به بومی‌گزینی/محل خدمت است
1402,آموزش ابتدایی,دانشگاه فرهنگیان,(پردیس حضرت رسول اکرم)ص( اهواز )مرکز آموزش عالی امام رضا )ع( اندیمشک ,خوزستان,در جدول ذکر نشده,,تعهد خدمت,1,مرد,در جدول ذکر نشده,ادامه مخصوص داوطلبان بومی استان خوزستان؛ (پردیس حضرت رسول اکرم)ص( اهواز )مرکز آموزش عالی امام رضا )ع( اندیمشک / اولویت پذیرش با داوطلبان بومی شهرستانهای دزفول، شوش، اندیمشک، شوشتر، گتوند، کرخه/محل خدمت گتوند؛ پذیرش دانشجو‌معلم با تعهد خدمت؛ ضوابط بخش فرهنگیان دفترچه,1402-humanities-booklet,270,1402-humanities-booklet,270,کدرشته‌محل منبع: 51216؛ عنوان رشته در منبع: آموزش ابتدایی؛ نحوه پذیرش: با آزمون (بخش دانشجو‌معلم)؛ استان در این ردیف مربوط به بومی‌گزینی/محل خدمت است
1402,آموزش ابتدایی,دانشگاه فرهنگیان,،پردیس حضرت رسول اکرم)ص( اهواز,خوزستان,در جدول ذکر نشده,,تعهد خدمت,1,مرد,در جدول ذکر نشده,ادامه مخصوص داوطلبان بومی استان خوزستان؛ ،پردیس حضرت رسول اکرم)ص( اهواز/ اولویت پذیرش با داوطلبان بومی شهرستانهای آبادان دشت آزادگان، هویزه، خرمشهر، شادگان/محل خدمت اروندکن ار؛ پذیرش دانشجو‌معلم با تعهد خدمت؛ ضوابط بخش فرهنگیان دفترچه,1402-humanities-booklet,270,1402-humanities-booklet,270,کدرشته‌محل منبع: 51217؛ عنوان رشته در منبع: آموزش ابتدایی؛ نحوه پذیرش: با آزمون (بخش دانشجو‌معلم)؛ استان در این ردیف مربوط به بومی‌گزینی/محل خدمت است
1402,آموزش ابتدایی,دانشگاه فرهنگیان,،پردیس حضرت رسول اکرم)ص( اهواز,خوزستان,در جدول ذکر نشده,,تعهد خدمت,2,مرد,در جدول ذکر نشده,ادامه مخصوص داوطلبان بومی استان خوزستان؛ ،پردیس حضرت رسول اکرم)ص( اهواز/ اولویت پذیرش با داوطلبان بومی شهرستانهای آبادان دشت آزادگان، هویزه، خرمشهر، شادگان/محل خدمت دشت آزادگان؛ پذیرش دانشجو‌معلم با تعهد خدمت؛ ضوابط بخش فرهنگیان دفترچه,1402-humanities-booklet,270,1402-humanities-booklet,270,کدرشته‌محل منبع: 51218؛ عنوان رشته در منبع: آموزش ابتدایی؛ نحوه پذیرش: با آزمون (بخش دانشجو‌معلم)؛ استان در این ردیف مربوط به بومی‌گزینی/محل خدمت است
1402,آموزش ابتدایی,دانشگاه فرهنگیان,پردیس حضرت رسول اکرم)ص( اهواز,خوزستان,در جدول ذکر نشده,,تعهد خدمت,11,مرد,در جدول ذکر نشده,ادامه مخصوص داوطلبان بومی استان خوزستان؛ پردیس حضرت رسول اکرم)ص( اهواز/ اولویت پذیرش با داوطلبان بومی شه رستانهای آبادان، دشت آزادگان، هویزه، خرمشهر، شادگان/محل خدمت شادگان؛ پذیرش دانشجو‌معلم با تعهد خدمت؛ ضوابط بخش فرهنگیان دفترچه,1402-humanities-booklet,270,1402-humanities-booklet,270,کدرشته‌محل منبع: 51219؛ عنوان رشته در منبع: آموزش ابتدایی؛ نحوه پذیرش: با آزمون (بخش دانشجو‌معلم)؛ استان در این ردیف مربوط به بومی‌گزینی/محل خدمت است
1402,آموزش ابتدایی,دانشگاه فرهنگیان,،پردیس حضرت رسول اکرم)ص( اهواز,خوزستان,در جدول ذکر نشده,,تعهد خدمت,1,مرد,در جدول ذکر نشده,ادامه مخصوص داوطلبان بومی استان خوزستان؛ ،پردیس حضرت رسول اکرم)ص( اهواز/ اولویت پذیرش با داوطلبان بومی شهرستانهای آبادان دشت آزادگان، هویزه، خرمشهر، شادگان/محل خدمت هویزه؛ پذیرش دانشجو‌معلم با تعهد خدمت؛ ضوابط بخش فرهنگیان دفترچه,1402-humanities-booklet,270,1402-humanities-booklet,270,کدرشته‌محل منبع: 51220؛ عنوان رشته در منبع: آموزش ابتدایی؛ نحوه پذیرش: با آزمون (بخش دانشجو‌معلم)؛ استان در این ردیف مربوط به بومی‌گزینی/محل خدمت است
1402,آموزش ابتدایی,دانشگاه فرهنگیان,پرد یس حضرت رسول اکرم)ص( اهواز )مرکز آموزش عالی امام جعفرصادق )ع(بهبهان(,خوزستان,در جدول ذکر نشده,,تعهد خدمت,5,مرد,در جدول ذکر نشده,ادامه مخصوص داوطلبان بومی استان خوزستان؛ پرد یس حضرت رسول اکرم)ص( اهواز )مرکز آموزش عالی امام جعفرصادق )ع(بهبهان(/ اولویت ،پذیرش با داوطلبان بومی شهرستانهای آغاجاری، رامهرمز، رامشیر، بهبهان، امیدیه، هندیجان بندرماهشهر/محل خدمت هندیجان؛ پذیرش دانشجو‌معلم با تعهد خدمت؛ ضوابط بخش فرهنگیان دفترچه,1402-humanities-booklet,270,1402-humanities-booklet,270,کدرشته‌محل منبع: 51221؛ عنوان رشته در منبع: آموزش ابتدایی؛ نحوه پذیرش: با آزمون (بخش دانشجو‌معلم)؛ استان در این ردیف مربوط به بومی‌گزینی/محل خدمت است
1402,آموزش ابتدایی,دانشگاه فرهنگیان,پردیس حضرت رسول اکرم)ص( اهواز )مرکز آمو زش عالی امام جعفرصادق )ع(بهبهان(,خوزستان,در جدول ذکر نشده,,تعهد خدمت,4,مرد,در جدول ذکر نشده,ادامه مخصوص داوطلبان بومی استان خوزستان؛ پردیس حضرت رسول اکرم)ص( اهواز )مرکز آمو زش عالی امام جعفرصادق )ع(بهبهان(/ اولویت ،پذیرش با داوطلبان بومی شهرستانهای آغاجاری، رامهرمز، رامشیر، بهبهان، امیدیه، هندیجان بندرماهشهر/محل خدمت امیدیه؛ پذیرش دانشجو‌معلم با تعهد خدمت؛ ضوابط بخش فرهنگیان دفترچه,1402-humanities-booklet,270,1402-humanities-booklet,270,کدرشته‌محل منبع: 51222؛ عنوان رشته در منبع: آموزش ابتدایی؛ نحوه پذیرش: با آزمون (بخش دانشجو‌معلم)؛ استان در این ردیف مربوط به بومی‌گزینی/محل خدمت است
1402,آموزش ابتدایی,دانشگاه فرهنگیان,پردیس حضرت رسول اکرم)ص( اهواز )مرکز آموزش عالی امام جعفرصادق )ع(بهبهان(,خوزستان,در جدول ذکر نشده,,تعهد خدمت,4,مرد,در جدول ذکر نشده,ادامه مخصوص داوطلبان بومی استان خوزستان؛ پردیس حضرت رسول اکرم)ص( اهواز )مرکز آموزش عالی امام جعفرصادق )ع(بهبهان(/ اول ویت ،پذیرش با داوطلبان بومی شهرستانهای آغاجاری، رامهرمز، رامشیر، بهبهان، امیدیه، هندیجان بندرماهشهر/محل خدمت بندرامام خمینی؛ پذیرش دانشجو‌معلم با تعهد خدمت؛ ضوابط بخش فرهنگیان دفترچه,1402-humanities-booklet,270,1402-humanities-booklet,270,کدرشته‌محل منبع: 51223؛ عنوان رشته در منبع: آموزش ابتدایی؛ نحوه پذیرش: با آزمون (بخش دانشجو‌معلم)؛ استان در این ردیف مربوط به بومی‌گزینی/محل خدمت است
1402,آموزش ابتدایی,دانشگاه فرهنگیان,پردیس حضرت رسول اکرم)ص( اهواز )مرکز آموزش عالی امام جعفرصادق )ع(بهبهان(,خوزستان,در جدول ذکر نشده,,تعهد خدمت,5,مرد,در جدول ذکر نشده,ادامه مخصوص داوطلبان بومی استان خوزستان؛ پردیس حضرت رسول اکرم)ص( اهواز )مرکز آموزش عالی امام جعفرصادق )ع(بهبهان(/ اولویت پذیرش با داوطلبان بومی شه رستانهای آغاجاری، رامهرمز، رامشیر، بهبهان، امیدیه، هندیجان، بندرماهشهر/محل خدمت بهبهان؛ پذیرش دانشجو‌معلم با تعهد خدمت؛ ضوابط بخش فرهنگیان دفترچه,1402-humanities-booklet,270,1402-humanities-booklet,270,کدرشته‌محل منبع: 51224؛ عنوان رشته در منبع: آموزش ابتدایی؛ نحوه پذیرش: با آزمون (بخش دانشجو‌معلم)؛ استان در این ردیف مربوط به بومی‌گزینی/محل خدمت است
1402,آموزش ابتدایی,دانشگاه فرهنگیان,پردیس حضرت رسول اکرم)ص( اهواز )مرکز آموزش عالی امام جعفرصادق )ع(بهبهان(,خوزستان,در جدول ذکر نشده,,تعهد خدمت,1,مرد,در جدول ذکر نشده,ادامه مخصوص داوطلبان بومی استان خوزستان؛ پردیس حضرت رسول اکرم)ص( اهواز )مرکز آموزش عالی امام جعفرصادق )ع(بهبهان(/ اولویت پذیرش با داوطلبان بومی شهرستانهای آغاجاری، رامهرمز، رامشیر، به بهان، امیدیه، هندیجان، بندرماهشهر/محل خدمت رامشیر؛ پذیرش دانشجو‌معلم با تعهد خدمت؛ ضوابط بخش فرهنگیان دفترچه,1402-humanities-booklet,270,1402-humanities-booklet,270,کدرشته‌محل منبع: 51225؛ عنوان رشته در منبع: آموزش ابتدایی؛ نحوه پذیرش: با آزمون (بخش دانشجو‌معلم)؛ استان در این ردیف مربوط به بومی‌گزینی/محل خدمت است
1402,آموزش ابتدایی,دانشگاه فرهنگیان,پردیس حضرت رسول اکرم)ص( اهواز )مرکز آموزش عالی امام جعفرصادق )ع(بهبهان(,خوزستان,در جدول ذکر نشده,,تعهد خدمت,2,مرد,در جدول ذکر نشده,ادامه مخصوص داوطلبان بومی استان خوزستان؛ پردیس حضرت رسول اکرم)ص( اهواز )مرکز آموزش عالی امام جعفرصادق )ع(بهبهان(/ اولویت ،پذیرش با داوطلبان بومی شهرستانهای آغاجاری، رامهرمز، رامشیر، بهبهان، امیدیه، هندیجان بندرماهشهر/محل خدمت رامهرمز؛ پذیرش دانشجو‌معلم با تعهد خدمت؛ ضوابط بخش فرهنگیان دفترچه,1402-humanities-booklet,270,1402-humanities-booklet,270,کدرشته‌محل منبع: 51226؛ عنوان رشته در منبع: آموزش ابتدایی؛ نحوه پذیرش: با آزمون (بخش دانشجو‌معلم)؛ استان در این ردیف مربوط به بومی‌گزینی/محل خدمت است
1402,آموزش ابتدایی,دانشگاه فرهنگیان,پردیس حضرت رسول اکرم)ص( اهواز )مرکز آموزش عالی امام جعفرصادق )ع(بهبهان(,خوزستان,در جدول ذکر نشده,,تعهد خدمت,10,مرد,در جدول ذکر نشده,ادامه مخصوص داوطلبان بومی استان خوزستان؛ پردیس حضرت رسول اکرم)ص( اهواز )مرکز آموزش عالی امام جعفرصادق )ع(بهبهان(/ اولویت ،پذیرش با داوطلبان بومی شهرستانهای آغاجاری، رامهرمز، رامشیر، بهبهان، امیدیه، هندیجان بندرماهشهر/محل خدمت ماهشهر؛ پذیرش دانشجو‌معلم با تعهد خدمت؛ ضوابط بخش فرهنگیان دفترچه,1402-humanities-booklet,270,1402-humanities-booklet,270,کدرشته‌محل منبع: 51227؛ عنوان رشته در منبع: آموزش ابتدایی؛ نحوه پذیرش: با آزمون (بخش دانشجو‌معلم)؛ استان در این ردیف مربوط به بومی‌گزینی/محل خدمت است
1402,آموزش ابتدایی,دانشگاه فرهنگیان,،پردیس حضرت رسول اکرم)ص( اهواز,خوزستان,در جدول ذکر نشده,,تعهد خدمت,11,مرد,در جدول ذکر نشده,ادامه مخصوص داوطلبان بومی استان خوزستان؛ ،پردیس حضرت رسول اکرم)ص( اهواز/ اولویت پذیرش با داوطلبان بومی شهرستانهای کارون اهواز، باوی، حمیدیه/محل خدمت اهواز.ناحیه1؛ پذیرش دانشجو‌معلم با تعهد خدمت؛ ضوابط بخش فرهنگیان دفترچه,1402-humanities-booklet,270,1402-humanities-booklet,270,کدرشته‌محل منبع: 51228؛ عنوان رشته در منبع: آموزش ابتدایی؛ نحوه پذیرش: با آزمون (بخش دانشجو‌معلم)؛ استان در این ردیف مربوط به بومی‌گزینی/محل خدمت است
1402,آموزش ابتدایی,دانشگاه فرهنگیان,،پردیس حضرت رسول اکرم)ص( اهواز,خوزستان,در جدول ذکر نشده,,تعهد خدمت,8,مرد,در جدول ذکر نشده,ادامه مخصوص داوطلبان بومی استان خوزستان؛ ،پردیس حضرت رسول اکرم)ص( اهواز/ اولویت پذیرش با داوطلبان بومی شهرستانهای کارون اهواز، باوی، حمیدیه/مح ل خدمت اهواز.ناحیه2؛ پذیرش دانشجو‌معلم با تعهد خدمت؛ ضوابط بخش فرهنگیان دفترچه,1402-humanities-booklet,270,1402-humanities-booklet,270,کدرشته‌محل منبع: 51229؛ عنوان رشته در منبع: آموزش ابتدایی؛ نحوه پذیرش: با آزمون (بخش دانشجو‌معلم)؛ استان در این ردیف مربوط به بومی‌گزینی/محل خدمت است
1402,آموزش ابتدایی,دانشگاه فرهنگیان,،پردیس حضرت رسول اکرم)ص( اهواز,خوزستان,در جدول ذکر نشده,,تعهد خدمت,23,مرد,در جدول ذکر نشده,ادامه مخصوص داوطلبان بومی استان خوزستان؛ ،پردیس حضرت رسول اکرم)ص( اهواز/ اولویت پذیرش با داوطلبان بومی شهرستانهای کارون اهواز، باوی، حمیدیه/محل خدمت اهواز.ناحیه4؛ پذیرش دانشجو‌معلم با تعهد خدمت؛ ضوابط بخش فرهنگیان دفترچه,1402-humanities-booklet,270,1402-humanities-booklet,270,کدرشته‌محل منبع: 51230؛ عنوان رشته در منبع: آموزش ابتدایی؛ نحوه پذیرش: با آزمون (بخش دانشجو‌معلم)؛ استان در این ردیف مربوط به بومی‌گزینی/محل خدمت است
1402,آموزش ابتدایی,دانشگاه فرهنگیان,پردیس حضرت رسول اکرم)ص( اهواز,خوزستان,در جدول ذکر نشده,,تعهد خدمت,4,مرد,در جدول ذکر نشده,ادامه مخصوص داوطلبان بومی استان خوزستان؛ پردیس حضرت رسول اکرم)ص( اهواز/ اولویت پذیرش با داوطلبان بو می شهرستانهای کارون، اهواز، باوی، حمیدیه/محل خدمت باوی؛ پذیرش دانشجو‌معلم با تعهد خدمت؛ ضوابط بخش فرهنگیان دفترچه,1402-humanities-booklet,270,1402-humanities-booklet,270,کدرشته‌محل منبع: 51231؛ عنوان رشته در منبع: آموزش ابتدایی؛ نحوه پذیرش: با آزمون (بخش دانشجو‌معلم)؛ استان در این ردیف مربوط به بومی‌گزینی/محل خدمت است
1402,آموزش ابتدایی,دانشگاه فرهنگیان,،پردیس حضرت رسول اکرم)ص( اهواز,خوزستان,در جدول ذکر نشده,,تعهد خدمت,3,مرد,در جدول ذکر نشده,ادامه مخصوص داوطلبان بومی استان خوزستان؛ ،پردیس حضرت رسول اکرم)ص( اهواز/ اولویت پذیرش با داوطلبان بومی شهرستانهای کارون اهواز، باوی، حمیدیه/محل خدمت حمیدیه؛ پذیرش دانشجو‌معلم با تعهد خدمت؛ ضوابط بخش فرهنگیان دفترچه,1402-humanities-booklet,270,1402-humanities-booklet,270,کدرشته‌محل منبع: 51232؛ عنوان رشته در منبع: آموزش ابتدایی؛ نحوه پذیرش: با آزمون (بخش دانشجو‌معلم)؛ استان در این ردیف مربوط به بومی‌گزینی/محل خدمت است
1402,آموزش ابتدایی,دانشگاه فرهنگیان,پردیس حضرت رسول اکرم)ص( اهواز,خوزستان,در جدول ذکر نشده,,تعهد خدمت,16,مرد,در جدول ذکر نشده,ادامه مخصوص داوطلبان بومی استان خوزستان؛ پردیس حضرت رسول اکرم)ص( اهواز/ ا ولویت پذیرش با داوطلبان بومی شهرستانهای کارون، اهواز، باوی، حمیدیه/محل خدمت کارون؛ پذیرش دانشجو‌معلم با تعهد خدمت؛ ضوابط بخش فرهنگیان دفترچه,1402-humanities-booklet,270,1402-humanities-booklet,270,کدرشته‌محل منبع: 51233؛ عنوان رشته در منبع: آموزش ابتدایی؛ نحوه پذیرش: با آزمون (بخش دانشجو‌معلم)؛ استان در این ردیف مربوط به بومی‌گزینی/محل خدمت است
1402,آموزش ابتدایی,دانشگاه فرهنگیان,،پردیس حضرت رسول اکرم)ص( اهواز,خوزستان,در جدول ذکر نشده,,تعهد خدمت,5,مرد,در جدول ذکر نشده,ادامه مخصوص داوطلبان بومی استان خوزستان؛ ،پردیس حضرت رسول اکرم)ص( اهواز/ اولویت پذیرش با داوطلبان بومی شهرستانهای ایذه باغملک، هفتگل، اندیکا، لالی، مسجدسلیمان، دزپارت/محل خدمت ایذه؛ پذیرش دانشجو‌معلم با تعهد خدمت؛ ضوابط بخش فرهنگیان دفترچه,1402-humanities-booklet,270,1402-humanities-booklet,270,کدرشته‌محل منبع: 51234؛ عنوان رشته در منبع: آموزش ابتدایی؛ نحوه پذیرش: با آزمون (بخش دانشجو‌معلم)؛ استان در این ردیف مربوط به بومی‌گزینی/محل خدمت است
1402,آموزش ابتدایی,دانشگاه فرهنگیان,،پردیس حضرت رسول اکرم)ص( اهواز,خوزستان,در جدول ذکر نشده,,تعهد خدمت,4,مرد,در جدول ذکر نشده,ادامه مخصوص داوطلبان بومی استان خوزستان؛ ،پردیس حضرت رسول اکرم)ص( اهواز/ اولویت پذیرش با داوطلبان بومی شهرستانهای ایذه باغملک، هفتگل، اندیکا، لالی، مسجدسلیمان، دزپارت/محل خدمت باغملک جانکی؛ پذیرش دانشجو‌معلم با تعهد خدمت؛ ضوابط بخش فرهنگیان دفترچه,1402-humanities-booklet,270,1402-humanities-booklet,270,کدرشته‌محل منبع: 51235؛ عنوان رشته در منبع: آموزش ابتدایی؛ نحوه پذیرش: با آزمون (بخش دانشجو‌معلم)؛ استان در این ردیف مربوط به بومی‌گزینی/محل خدمت است
1402,آموزش ابتدایی,دانشگاه فرهنگیان,،پردیس حضرت رسول اکرم)ص( اهواز,خوزستان,در جدول ذکر نشده,,تعهد خدمت,1,مرد,در جدول ذکر نشده,ادامه مخصوص داوطلبان بومی استان خوزستان؛ ،پردیس حضرت رسول اکرم)ص( اهواز/ اولویت پذیرش با داوطلبان بومی شهرستانهای ایذه باغملک، هفتگل، اندیکا، لالی، مسجدسلیمان، دزپارت/محل خدمت صیدون؛ پذیرش دانشجو‌معلم با تعهد خدمت؛ ضوابط بخش فرهنگیان دفترچه,1402-humanities-booklet,271,1402-humanities-booklet,271,کدرشته‌محل منبع: 51236؛ عنوان رشته در منبع: آموزش ابتدایی؛ نحوه پذیرش: با آزمون (بخش دانشجو‌معلم)؛ استان در این ردیف مربوط به بومی‌گزینی/محل خدمت است
1402,آموزش ابتدایی,دانشگاه فرهنگیان,پ پردیس فاطمه الزهراء)س( اهواز,خوزستان,در جدول ذکر نشده,,تعهد خدمت,19,زن,در جدول ذکر نشده,ادامه مخصوص داوطلبان بومی استان خوزستان؛ پ پردیس فاطمه الزهراء)س( اهواز/ اولویت،ذیرش با داوطلبان بومی شهرستانهای کارون، اهواز، باوی حمیدیه/محل خدمت اهواز.ناحیه1؛ پذیرش دانشجو‌معلم با تعهد خدمت؛ ضوابط بخش فرهنگیان دفترچه,1402-humanities-booklet,271,1402-humanities-booklet,271,کدرشته‌محل منبع: 51237؛ عنوان رشته در منبع: آموزش ابتدایی؛ نحوه پذیرش: با آزمون (بخش دانشجو‌معلم)؛ استان در این ردیف مربوط به بومی‌گزینی/محل خدمت است
1402,آموزش ابتدایی,دانشگاه فرهنگیان,،پردیس فاطمه الزهراء)س( اهواز,خوزستان,در جدول ذکر نشده,,تعهد خدمت,42,زن,در جدول ذکر نشده,ادامه مخصوص داوطلبان بومی استان خوزستان؛ ،پردیس فاطمه الزهراء)س( اهواز/ اولویت پذیرش با داوطلبان بومی شهرستانهای کارون، اهواز، باوی حمیدیه/محل خدمت اهواز.ناحیه2؛ پذیرش دانشجو‌معلم با تعهد خدمت؛ ضوابط بخش فرهنگیان دفترچه,1402-humanities-booklet,271,1402-humanities-booklet,271,کدرشته‌محل منبع: 51238؛ عنوان رشته در منبع: آموزش ابتدایی؛ نحوه پذیرش: با آزمون (بخش دانشجو‌معلم)؛ استان در این ردیف مربوط به بومی‌گزینی/محل خدمت است
1402,آموزش ابتدایی,دانشگاه فرهنگیان,،پردیس فاطمه الزهراء)س( اهواز,خوزستان,در جدول ذکر نشده,,تعهد خدمت,38,زن,در جدول ذکر نشده,ادامه مخصوص داوطلبان بومی استان خوزستان؛ ،پردیس فاطمه الزهراء)س( اهواز/ اولویت پذیرش با داوطلبان بومی شهرستانهای کارون، اهواز، باوی حمیدیه/محل خدمت اهواز.ناحیه3؛ پذیرش دانشجو‌معلم با تعهد خدمت؛ ضوابط بخش فرهنگیان دفترچه,1402-humanities-booklet,271,1402-humanities-booklet,271,کدرشته‌محل منبع: 51239؛ عنوان رشته در منبع: آموزش ابتدایی؛ نحوه پذیرش: با آزمون (بخش دانشجو‌معلم)؛ استان در این ردیف مربوط به بومی‌گزینی/محل خدمت است
1402,آموزش ابتدایی,دانشگاه فرهنگیان,پردیس فاطمه الزهراء(س) اهواز (محل تحصیل مرکز آموزش عالی حضرت خدیجه کبری(س) دزفول),خوزستان,در جدول ذکر نشده,,تعهد خدمت,10,زن,در جدول ذکر نشده,پردیس فاطمه الزهراء(س) اهواز (محل تحصیل مرکز آموزش عالی حضرت خدیجه کبری(س) دزفول) /  اولویت پذیرش با داوطلبان بومی شهرست انهای ایذه، باغملک، هفتگل، اندیکا، لالی، مسجدسلیمان، دزپارت/محل خدمت ایذه؛ پذیرش دانشجو‌معلم با تعهد خدمت؛ ضوابط بخش فرهنگیان دفترچه,1402-correction-5,14,1402-humanities-booklet,271,کدرشته‌محل منبع: 51240؛ عنوان رشته در منبع: آموزش ابتدایی؛ نحوه پذیرش: با آزمون (بخش دانشجو‌معلم)؛ استان در این ردیف مربوط به بومی‌گزینی/محل خدمت است؛ اصلاحیه: location
1402,آموزش ابتدایی,دانشگاه فرهنگیان,پردیس فاطمه الزهراء(س) اهواز (محل تحصیل مرکز آموزش عالی حضرت خدیجه کبری(س) دزفول),خوزستان,در جدول ذکر نشده,,تعهد خدمت,1,زن,در جدول ذکر نشده,پردیس فاطمه الزهراء(س) اهواز (محل تحصیل مرکز آموزش عالی حضرت خدیجه کبری(س) دزفول) /  اولویت پذیرش با داوطلبان بومی شهرستانهای ایذه، باغملک، هفتگل، اندیکا، لالی، مسجدسلیم ان، دزپارت/محل خدمت مسجدسلیمان؛ پذیرش دانشجو‌معلم با تعهد خدمت؛ ضوابط بخش فرهنگیان دفترچه,1402-correction-5,14,1402-humanities-booklet,271,کدرشته‌محل منبع: 51241؛ عنوان رشته در منبع: آموزش ابتدایی؛ نحوه پذیرش: با آزمون (بخش دانشجو‌معلم)؛ استان در این ردیف مربوط به بومی‌گزینی/محل خدمت است؛ اصلاحیه: location
1402,آموزش ابتدایی,دانشگاه فرهنگیان,پردیس فاطمه الزهراء)س( اهواز )ساختمان شماره سه بهبهان(,خوزستان,در جدول ذکر نشده,,تعهد خدمت,4,زن,در جدول ذکر نشده,ادامه مخصوص داوطلبان بومی استان خوزستان؛ پردیس فاطمه الزهراء)س( اهواز )ساختمان شماره سه بهبهان(/ اولویت پذیرش با داوطلبان بومی شهرستانهای آغاجاری، رامهرمز، رامشیر، بهبهان، امیدیه، هندیجان، بندرماهشهر/محل خدمت بندرامام خمینی؛ پذیرش دانشجو‌معلم با تعهد خدمت؛ ضوابط بخش فرهنگیان دفترچه,1402-humanities-booklet,271,1402-humanities-booklet,271,کدرشته‌محل منبع: 51242؛ عنوان رشته در منبع: آموزش ابتدا یی؛ نحوه پذیرش: با آزمون (بخش دانشجو‌معلم)؛ استان در این ردیف مربوط به بومی‌گزینی/محل خدمت است
1402,آموزش ابتدایی,دانشگاه فرهنگیان,پردیس فاطمه الزهراء)س( اهواز )ساختمان شماره سه بهبهان(,خوزستان,در جدول ذکر نشده,,تعهد خدمت,38,زن,در جدول ذکر نشده,ادامه مخصوص داوطلبان بومی استان خوزستان؛ پردیس فاطمه الزهراء)س( اهواز )ساختمان شماره سه بهبهان(/ اولویت پذیرش با داوطلبان بومی شهرستانهای آغاجاری، رامهرمز، رامشیر، بهبهان، امیدیه، هندیجان، بندرماهشهر/محل خدمت بهبهان؛ پذیرش دانشجو‌معلم با تعهد خدمت؛ ضوابط بخش فرهنگیان دفترچه,1402-humanities-booklet,271,1402-humanities-booklet,271,کدرشته‌محل منبع: 51243؛ عنوان رشته در منبع: آموزش ابتدایی؛ نحوه پذیرش: با آزمون (بخش دانشجو‌معلم)؛ استان در این ردیف مربوط به بومی‌گزینی/محل خدمت است
1402,آموزش ابتدایی,دانشگاه فرهنگیان,پردیس فاطمه الزهراء)س( اهواز )ساختمان شماره سه بهبهان(,خوزستان,در جدول ذکر نشده,,تعهد خدمت,16,زن,در جدول ذکر نشده,ادامه مخصوص داوطلبان بومی استان خوزستان؛ پردیس فاطمه الزهراء)س( اهواز )ساختمان شماره سه بهبهان(/ اولویت پذیرش با داوطلبان بومی شهرستانهای آغاجاری، رامهرمز، رامشیر، بهبهان، امیدیه، هندیجان، بندرماهشهر/محل خدمت ماهشهر؛ پذیرش دانشجو‌معلم با تعهد خدمت؛ ضوابط بخش فرهنگیان دفترچه,1402-humanities-booklet,271,1402-humanities-booklet,271,کدرشته‌محل منبع: 51244؛ عنوان رشته در منبع: آموزش ابتدایی؛ نحوه پذیرش: با آزمون (بخش دانشجو‌معلم)؛ استان در این ردیف مربوط به بومی‌گزینی/محل خدمت است
1402,آموزش ابتدایی,دانشگاه فرهنگیان,پردیس فاطمه الزهراء)س( اهواز,خوزستان,در جدول ذکر نشده,,تعهد خدمت,45,زن,در جدول ذکر نشده,ادامه مخصوص داوطلبان بومی استان خوزستان؛ پردیس فاطمه الزهراء)س( اهواز/ اولویت پذیرش با داوطلبان بومی شهرستانهای آبادان، دشت ،آزادگان، هویزه خرمشهر، شادگان/محل خدمت آبادان؛ پذیرش دانشجو‌معلم با تعهد خدمت؛ ضوابط بخش فرهنگیان دفترچه,1402-humanities-booklet,271,1402-humanities-booklet,271,کدرشته‌محل منبع: 51245؛ عنوان رشته در منبع: آموزش ابتدایی؛ نحوه پذیرش: با آزمون (بخش دانشجو‌معلم)؛ استان در این ردیف مربوط به بومی‌گزینی/محل خدمت است
1402,آموزش ابتدایی,دانشگاه فرهنگیان,پردیس فاطمه الزهراء(س) اهواز (محل تحصیل مرکز آموزش عالی حضرت خدیجه کبری(س) دزفول),خوزستان,در جدول ذکر نشده,,تعهد خدمت,25,زن,در جدول ذکر نشده,پردیس فاطمه الزهراء(س) اهواز (محل تحصیل مرکز آموزش عالی حضرت خدیجه کبری(س) دزفول) /  اولویت پذیرش با داوطلبان بومی شهرستانهای دزفول، شوش، اندیمشک، شوشتر، گتوند، کرخه/محل خدمت اندیمشک؛ پذیرش دانشجو‌معلم با تعهد خدمت؛ ضوابط بخش فرهنگیان دفترچه,1402-correction-5,14,1402-humanities-booklet,271,کدرشته‌محل منبع: 51246؛ عنوان رشته در منبع: آموزش ابتدایی؛ نحوه پذیرش: با آزمون (بخش دانشجو‌معلم)؛ استان در این ردیف مربوط به بومی‌گزینی/محل خدمت است؛ اصلاحیه: location
1402,آموزش ابتدایی,دانشگاه فرهنگیان,پردیس فاطمه الزهراء(س) اهواز (محل تحصیل مرکز آموزش عالی حضرت خدیجه کبری(س) دزفول),خوزستان,در جدول ذکر نشده,,تعهد خدمت,27,زن,در جدول ذکر نشده,پردیس فاطمه الزهراء(س) اهواز (محل تحصیل مرکز آموزش عالی حضرت خدیجه کبری(س) دزفول) /  اولویت پذیرش با داوطلبان بومی شهرستانهای دزفول، شوش، اندیمشک، شوشتر، گتوند، کرخه/محل خدمت دزفول؛ پذیرش دانشجو‌معلم با تعهد خدمت؛ ضوابط بخش فرهنگیان دفترچه,1402-correction-5,14,1402-humanities-booklet,271,کدرشته‌محل منبع: 51247؛ عنوان رشته در منبع: آموزش ابتدایی؛ نحوه پذیرش: با آزمون (بخش دانشجو‌معلم)؛ استان در این ردیف مربوط به بومی‌گزینی/محل خدمت است؛ اصلاحیه: location
1402,آموزش ابتدایی,دانشگاه فرهنگیان,پردیس فاطمه الزهراء(س) اهواز (محل تحصیل مرکز آموزش عالی حضرت خدیجه کبری(س) دزفول),خوزستان,در جدول ذکر نشده,,تعهد خدمت,2,زن,در جدول ذکر نشده,پردیس فاطمه الزهراء(س) اهواز (محل تحصیل مرکز آموزش عالی حضرت خدیجه کبری(س) دزفول) /  اولویت پذیرش با داوطلبان بومی شهرستانهای دزفول، شوش، اندیمشک، شوشتر، گتوند، کرخه/محل خدمت شوش؛ پذیرش دانشجو‌معلم با تعهد خدمت؛ ضوابط بخش فرهنگیان دفترچه,1402-correction-5,14,1402-humanities-booklet,271,کدرشته‌محل منبع: 51248؛ عنوان رشته در منبع: آموزش ابتدایی؛ نحوه پذیرش: با آزمون (بخش دانشجو‌معلم)؛ استان در این ردیف مربوط به بومی‌گزینی/محل خدمت است؛ اصلاحیه: location
1402,آموزش ابتدایی,دانشگاه فرهنگیان,پردیس شهید بهشتی زنجان,زنجان,در جدول ذکر نشده,,تعهد خدمت,1,مرد,در جدول ذکر نشده,ادامه مخصوص داوطلبان بوم ی استان زنجان؛ پردیس شهید بهشتی زنجان/ اولویت پذیرش با داوطلبان بومی شهرستان طارم/محل خدمت طارم؛ پذیرش دانشجو‌معلم با تعهد خدمت؛ ضوابط بخش فرهنگیان دفترچه,1402-humanities-booklet,277,1402-humanities-booklet,277,کدرشته‌محل منبع: 51287؛ عنوان رشته در منبع: آموزش ابتدایی؛ نحوه پذیرش: با آزمون (بخش دانشجو‌معلم)؛ استان در این ردیف مربوط به بومی‌گزینی/محل خدمت است
1402,آموزش ابتدایی,دانشگاه فرهنگیان,پردیس شهید بهشتی زنجان,زنجان,در جدول ذکر نشده,,تعهد خدمت,1,مرد,در جدول ذکر نشده,ادامه مخصوص داوطلبان بوم ی استان زنجان؛ پردیس شهید بهشتی زنجان/ اولویت پذیرش با داوطلبان بومی شهرستان خدابنده/محل خدمت افشار؛ پذیرش دانشجو‌معلم با تعهد خدمت؛ ضوابط بخش فرهنگیان دفترچه,1402-humanities-booklet,277,1402-humanities-booklet,277,کدرشته‌محل منبع: 51288؛ عنوان رشته در منبع: آموزش ابتدایی؛ نحوه پذیرش: با آزمون (بخش دانشجو‌معلم)؛ استان در این ردیف مربوط به بومی‌گزینی/محل خدمت است
1402,آموزش ابتدایی,دانشگاه فرهنگیان,پردیس شهید بهشتی زنجان,زنجان,در جدول ذکر نشده,,تعهد خدمت,1,مرد,در جدول ذکر نشده,ادامه مخصوص داوطلبان بوم ی استان زنجان؛ پردیس شهید بهشتی زنجان/ اولویت پذیرش با داوطلبان بومی شهرستان خدابنده/محل خدمت خدابنده؛ پذیرش دانشجو‌معلم با تعهد خدمت؛ ضوابط بخش فرهنگیان دفترچه,1402-humanities-booklet,277,1402-humanities-booklet,277,کدرشته‌محل منبع: 51289؛ عنوان رشته در منبع: آموزش ابتدایی؛ نحوه پذیرش: با آزمون (بخش دانشجو‌معلم)؛ استان در این ردیف مربوط به بومی‌گزینی/محل خدمت است
1402,آموزش ابتدایی,دانشگاه فرهنگیان,پردیس شهید بهشتی زنجان,زنجان,در جدول ذکر نشده,,تعهد خدمت,1,مرد,در جدول ذکر نشده,ادامه مخصوص داوطلبان بوم ی استان زنجان؛ پردیس شهید بهشتی زنجان/ اولویت پذیرش با داوطلبان بومی شهرستان خدابنده/محل خدمت سجاسرود؛ پذیرش دانشجو‌معلم با تعهد خدمت؛ ضوابط بخش فرهنگیان دفترچه,1402-humanities-booklet,277,1402-humanities-booklet,277,کدرشته‌محل منبع: 51290؛ عنوان رشته در منبع: آموزش ابتدایی؛ نحوه پذیرش: با آزمون (بخش دانشجو‌معلم)؛ استان در این ردیف مربوط به بومی‌گزینی/محل خدمت است
1402,آموزش ابتدایی,دانشگاه فرهنگیان,,زنجان,در جدول ذکر نشده,,تعهد خدمت,3,مرد,در جدول ذکر نشده,؛ اولویت پذیرش با داوطلبان بومی شهرستان های ماهنشان، ایجرود؛ محل خدمت: انگوران؛ تعهد خدمت دانشجو‌معلم مطابق دفترچه,1402-correction-5,9,1402-humanities-booklet,277,کدرشته‌محل منبع: 51291؛ عنوان رشته در منبع: آموزش ابتدایی؛ نحوه پذیرش: با آزمون (بخش دانشجو‌معلم)؛ استان در این ردیف مربوط به بومی‌گزینی/محل خدمت است؛ اصلاحیه: conditions
1402,آموزش ابتدایی,دانشگاه فرهنگیان,پردیس شهید بهشتی زنجان,زنجان,در جدول ذکر نشده,,تعهد خدمت,1,مرد,در جدول ذکر نشده,ادامه مخصوص داوطلبان بوم ی استان زنجان؛ پردیس شهید بهشتی زنجان/ اولویت پذیرش با داوطلبان بومی شهرستان زنجان /محل خدمت زنجان .ناحیه1؛ پذیرش دانشجو‌معلم با تعهد خدمت؛ ضوابط بخش فرهنگیان دفترچه,1402-humanities-booklet,277,1402-humanities-booklet,277,کدرشته‌محل منبع: 51292؛ عنوان رشته در منبع: آموزش ابتدایی؛ نحوه پذیرش: با آزمون (بخش دانشجو‌معلم)؛ استان در این ردیف مربوط به بومی‌گزینی/محل خدمت است
1402,آموزش ابتدایی,دانشگاه فرهنگیان,پردیس شهید بهشتی زنجان,زنجان,در جدول ذکر نشده,,تعهد خدمت,1,مرد,در جدول ذکر نشده,ادامه مخصوص داوطلبان بوم ی استان زنجان؛ پردیس شهید بهشتی زنجان/ اولویت پذیرش با داوطلب ان بومی شهرستان زنجان /محل خدمت زنجان .ناحیه2؛ پذیرش دانشجو‌معلم با تعهد خدمت؛ ضوابط بخش فرهنگیان دفترچه,1402-humanities-booklet,277,1402-humanities-booklet,277,کدرشته‌محل منبع: 51293؛ عنوان رشته در منبع: آموزش ابتدایی؛ نحوه پذیرش: با آزمون (بخش دانشجو‌معلم)؛ استان در این ردیف مربوط به بومی‌گزینی/محل خدمت است
1402,آموزش ابتدایی,دانشگاه فرهنگیان,پردیس شهید بهشتی زنجان,زنجان,در جدول ذکر نشده,,تعهد خدمت,1,مرد,در جدول ذکر نشده,ادامه مخصوص داوطلبان بوم ی استان زنجان؛ پردیس شهید بهشتی زنجان/ اولویت پذیرش با داوطلبان بومی شهرستان های ماهنشان، ایجرود /محل خدمت ایجرود؛ پذیرش دانشجو‌معلم با تعهد خدمت؛ ضوابط بخش فرهنگیان دفترچه,1402-humanities-booklet,277,1402-humanities-booklet,277,کدرشته‌محل منبع: 51294؛ عنوان رشته در منبع: آموزش ابتدایی؛ نحوه پذیرش: با آزمون (بخش دانشجو‌معلم)؛ استان در این ردیف مربوط به بومی‌گزینی/محل خدمت است
1402,آموزش ابتدایی,دانشگاه فرهنگیان,پردیس شهید بهشتی زنجان,زنجان,در جدول ذکر نشده,,تعهد خدمت,4,مرد,در جدول ذکر نشده,ادامه مخصوص داوطلبان بومی استان زنجان؛ پردیس شهید بهشتی زنجان/ اولویت پذیرش با داوطلبان بومی شهرستان های ماهنشان، ایجرود /محل خدمت ماه نشان؛ پذیرش دانشجو‌معلم با تعهد خدمت؛ ضوابط بخش فرهنگیان دفترچه,1402-humanities-booklet,278,1402-humanities-booklet,278,کدرشته‌محل منبع: 51295؛ عنوان رشته در منبع: آموزش ابتدایی؛ نحوه پذیرش: با آزمون (بخش دانشجو‌معلم)؛ استان در این ردیف مربوط به بومی‌گزینی/محل خدمت است
1402,آموزش ابتدایی,دانشگاه فرهنگیان,پردیس شهید بهشتی زنجان,زنجان,در جدول ذکر نشده,,تعهد خدمت,2,مرد,در جدول ذکر نشده,ادامه مخصوص داوطلبان بومی استان زنجان؛ پردیس شهید بهشتی زنجان/ اولویت پذیرش با داوطلبان بومی شهرستان های ابهر ، خرم دره ، سلطانیه /محل خدمت ابهر؛ پذیرش دانشجو‌معلم با تعهد خدمت؛ ضوابط بخش فرهنگیان دفترچه,1402-humanities-booklet,278,1402-humanities-booklet,278,کدرشته‌محل منبع: 51296؛ عنوان رشته در منبع: آموزش ابتدایی؛ نحوه پذیرش: با آزمون (بخش دانشجو‌معلم)؛ استان در این ردیف مربوط به بومی‌گزینی/محل خدمت است
1402,آموزش ابتدایی,دانشگاه فرهنگیان,پردیس شهید بهشتی زنجان,زنجان,در جدول ذکر نشده,,تعهد خدمت,1,مرد,در جدول ذکر نشده,ادامه مخصوص داوطلبان بومی استان زنجان؛ پردیس شهید بهشتی زنجان/ اولویت پذیرش با داوطلبان بومی شهرستان های ابهر ، خرمدره ، سلطانیه /محل خدمت خرمدره؛ پذیرش دانشجو‌معلم با تعهد خدمت؛ ضوابط بخش فرهنگیان دفترچه,1402-humanities-booklet,278,1402-humanities-booklet,278,کدرشته‌محل منبع: 51297؛ عنوان رشته در منبع: آموزش ابتدایی؛ نحوه پذیرش: با آزمون (بخش دانشجو‌معلم)؛ استان در این ردیف مربوط به بومی‌گزینی/محل خدمت است
1402,آموزش ابتدایی,دانشگاه فرهنگیان,پردیس شهید بهشتی زنجان,زنجان,در جدول ذکر نشده,,تعهد خدمت,1,مرد,در جدول ذکر نشده,ادامه مخصوص داوطلبان بومی استان زنجان؛ پردیس شهید بهشتی زنجان/ اولویت پذیرش با داوطلبان بومی شهرستان های ابهر ، خرمدره ، سلطانیه /محل خدمت سلطانیه؛ پذیرش دانشجو‌معلم با تعهد خدمت؛ ضوابط بخش فرهنگیان دفترچه,1402-humanities-booklet,278,1402-humanities-booklet,278,کدرشته‌محل منبع: 51298؛ عنوان رشته در منبع: آموزش ابتدایی؛ نحوه پذیرش: با آزمون (بخش دانشجو‌معلم)؛ استان در این ردیف مربوط به بومی‌گزینی/محل خدمت است
1402,آموزش ابتدایی,دانشگاه فرهنگیان,پردیس فاطمه الزهراء)س( زنجان,زنجان,در جدول ذکر نشده,,تعهد خدمت,1,زن,در جدول ذکر نشده,ادامه مخصوص داوطلبان بومی استان زنجان؛ پردیس فاطمه الزهراء)س( زنجان/ اولویت پذیرش با داوطلبان بومی شهرستان های ابهر ، خرمدره ، سلطانیه /محل خدمت ابهر؛ پذیرش دانشجو‌معلم با تعهد خدمت؛ ضوابط بخش فرهنگیان دفترچه,1402-humanities-booklet,278,1402-humanities-booklet,278,کدرشته‌محل منبع: 51299؛ عنوان رشته در منبع: آموزش ابتدایی؛ نحوه پذیرش: با آزمون (بخش دانشجو‌معلم)؛ استان در این ردیف مربوط به بومی‌گزینی/محل خدمت است
1402,آموزش ابتدایی,دانشگاه فرهنگیان,پردیس فاطمه الزهراء)س( زنجان,زنجان,در جدول ذکر نشده,,تعهد خدمت,1,زن,در جدول ذکر نشده,ادامه مخصوص داوطلبان بومی استان زنجان؛ پردیس فاطمه الزهراء)س( زنجان/ اولویت پذیرش با داوط لبان بومی شهرستان ، های ابهر ، خرمدره سلطانیه /محل خدمت خرمدره؛ پذیرش دانشجو‌معلم با تعهد خدمت؛ ضوابط بخش فرهنگیان دفترچه,1402-humanities-booklet,278,1402-humanities-booklet,278,کدرشته‌محل منبع: 51300؛ عنوان رشته در منبع: آموزش ابتدایی؛ نحوه پذیرش: با آزمون (بخش دانشجو‌معلم)؛ استان در این ردیف مربوط به بومی‌گزینی/محل خدمت است
1402,آموزش ابتدایی,دانشگاه فرهنگیان,پردیس فاطمه الزهراء)س( زنجان,زنجان,در جدول ذکر نشده,,تعهد خدمت,1,زن,در جدول ذکر نشده,ادامه مخصوص داوطلبان بومی استان زنجان؛ پردیس فاطمه الزهراء)س( زنجان/ اولویت پذیرش با داوطلبان بومی شهرستان های ابهر ، خرمدره ، سلطانیه /محل خدمت سلطانیه؛ پذیرش دانشجو‌معلم با تعهد خدمت؛ ضوابط بخش فرهنگیان دفترچه,1402-humanities-booklet,278,1402-humanities-booklet,278,کدرشته‌محل منبع: 51301؛ عنوان رشته در منبع: آموزش ابتدایی؛ نحوه پذیرش: با آزمون (بخش دانشجو‌معلم)؛ استان در این ردیف مربوط به بومی‌گزینی/محل خدمت است
1402,آموزش ابتدایی,دانشگاه فرهنگیان,پردیس فاطمه الزهراء)س( زنجا ن,زنجان,در جدول ذکر نشده,,تعهد خدمت,2,زن,در جدول ذکر نشده,ادامه مخصوص داوطلبان بومی استان زنجان؛ پردیس فاطمه الزهراء)س( زنجا ن/ اولویت پذیرش با داوطلبان بومی شهرستان های ماهنشان، ایجرود /محل خدمت ماه نشان؛ پذیرش دانشجو‌معلم با تعهد خدمت؛ ضوابط بخش فرهنگیان دفترچه,1402-humanities-booklet,278,1402-humanities-booklet,278,کدرشته‌محل منبع: 51302؛ عنوان رشته در منبع: آموزش ابتدایی؛ نحوه پذیرش: با آزمون (بخش دانشجو‌معلم)؛ استان در این ردیف مربوط به بومی‌گزینی/محل خدمت است
1402,آموزش ابتدایی,دانشگاه فرهنگیان,پردیس فاطمه الزهراء)س( زنجان,زنجان,در جدول ذکر نشده,,تعهد خدمت,2,زن,در جدول ذکر نشده,پردیس فاطمه الزهراء)س( زنجان؛ اولویت پذیرش با داوطلبان بومی شهرستان های ماهنشان، ایجرود؛ محل خدمت: انگوران؛ تعهد خدمت دانشجو‌معلم مطابق دفترچه,1402-correction-5,9,1402-humanities-booklet,278,کدرشته‌محل منبع: 51303؛ عنوان رشته در منبع: آموزش ابتدایی؛ نحوه پذیرش: با آزمون (بخش دانشجو‌معلم)؛ استان در این ردیف مربوط به بومی‌گزینی/محل خدمت است؛ اصلاحیه: conditions
1402,آموزش ابتدایی,دانشگاه فرهنگیان,پردیس فاطمه الزهراء)س( زنجان,زنجان,در جدول ذکر نشده,,تعهد خدمت,1,زن,در جدول ذکر نشده,ادامه مخصوص داوطلبان بومی استان زنجان؛ پردیس فاطمه الزهراء)س( زنجان/ او لویت پذیرش با داوطلبان بومی شهرستان زنجان /محل خدمت زنجان .ناحیه1؛ پذیرش دانشجو‌معلم با تعهد خدمت؛ ضوابط بخش فرهنگیان دفترچه,1402-humanities-booklet,278,1402-humanities-booklet,278,کدرشته‌محل منبع: 51304؛ عنوان رشته در منبع: آموزش ابتدایی؛ نحوه پذیرش: با آزمون (بخش دانشجو‌معلم)؛ استان در این ردیف مربوط به بومی‌گزینی/محل خدمت است
1402,آموزش ابتدایی,دانشگاه فرهنگیان,پردیس فاطمه الزهراء)س( زنجان,زنجان,در جدول ذکر نشده,,تعهد خدمت,1,زن,در جدول ذکر نشده,ادامه مخصوص داوطلبان بومی استان زنجان؛ پردیس فاطمه الزهراء)س( زنجان/ اولویت پذیرش با داوطلبان بومی شهرستان زنجان /محل خدمت زنجان .ناحیه2؛ پذیرش دانشجو‌معلم با تعهد خدمت؛ ضوابط بخش فرهنگیان دفترچه,1402-humanities-booklet,278,1402-humanities-booklet,278,کدرشته‌محل منبع: 51305؛ عنوان رشته در منبع: آموزش ابتدایی؛ نحوه پذیرش: با آزمون (بخش دانشجو‌معلم)؛ استان در این ردیف مربوط به بومی‌گزینی/محل خدمت است
1402,آموزش ابتدایی,دانشگاه فرهنگیان,پ پردیس فاطمه الزهراء)س( زنجان,زنجان,در جدول ذکر نشده,,تعهد خدمت,1,زن,در جدول ذکر نشده,ادامه مخصوص داوطلبان بومی استان زنجان؛ پ پردیس فاطمه الزهراء)س( زنجان/ اولویت ذیرش با داوطلبان بومی شهرستان طارم/محل خدمت طارم؛ پذیرش دانشجو‌معلم با تعهد خدمت؛ ضوابط بخش فرهنگیان دفترچه,1402-humanities-booklet,278,1402-humanities-booklet,278,کدرشته‌محل منبع: 51306؛ عنوان رشته در منبع: آموزش ابتدایی؛ نحوه پذیرش: با آزمون (بخش دانشجو‌معلم)؛ استان در این ردیف مربوط به بومی‌گزینی/محل خدمت است
1402,آموزش ابتدایی,دانشگاه فرهنگیان,پردیس فاطمه الزهراء)س( زنجان,زنجان,در جدول ذکر نشده,,تعهد خدمت,1,زن,در جدول ذکر نشده,ادامه مخصوص داوطلبان بومی استان زنجان؛ پردیس فاطمه الزهراء)س( زنجان/ اولویت پذیرش با داوطلبان بومی شهرستان خدابنده/محل خدمت خدابنده؛ پذیرش دانشجو‌معلم با تعهد خدمت؛ ضوابط بخش فرهنگیان دفترچه,1402-humanities-booklet,278,1402-humanities-booklet,278,کدرشته‌محل منبع: 51307؛ عنوان رشته در منبع: آموزش ابتدایی؛ نحوه پذیرش: با آزمون (بخش دانشجو‌معلم)؛ استان در این ردیف مربوط به بومی‌گزینی/محل خدمت است
1402,آموزش ابتدایی,دانشگاه فرهنگیان,پردیس فاطمه الزهراء)س( زنجان,زنجان,در جدول ذکر نشده,,تعهد خدمت,1,زن,در جدول ذکر نشده,ادامه مخصوص داوطلبان بومی استان زنجان؛ پردیس فاطمه الزهراء)س( زنجان/ اولویت پذیرش با داوطلبان بومی شه رستان خدابنده/محل خدمت سجاسرود؛ پذیرش دانشجو‌معلم با تعهد خدمت؛ ضوابط بخش فرهنگیان دفترچه,1402-humanities-booklet,278,1402-humanities-booklet,278,کدرشته‌محل منبع: 51308؛ عنوان رشته در منبع: آموزش ابتدایی؛ نحوه پذیرش: با آزمون (بخش دانشجو‌معلم)؛ استان در این ردیف مربوط به بومی‌گزینی/محل خدمت است
1402,آموزش ابتدایی,دانشگاه فرهنگیان,پردیس شهید رجایی سمنان,سمنان,در جدول ذکر نشده,,تعهد خدمت,1,مرد,در جدول ذکر نشده,ادامه مخصوص داوطلبان بومی استان سمنان؛ پردیس شهید رجایی سمنان/ اولویت پذیرش با داوطلبان بومی شهرستان دامغان/محل خدمت امیرآباد؛ پذیرش دانشجو‌معلم با تعهد خدمت؛ ضوابط بخش فرهنگیان دفترچه,1402-humanities-booklet,282,1402-humanities-booklet,282,کدرشته‌محل منبع: 51342؛ عنوان رشته در منبع: آموزش ابتدایی؛ نحوه پذیرش: با آزمون (بخش دانشجو‌معلم)؛ استان در این ردیف مربوط به بومی‌گزینی/محل خدمت است
1402,آموزش ابتدایی,دانشگاه فرهنگیان,پردیس شهید رجایی سمنان,سمنان,در جدول ذکر نشده,,تعهد خدمت,1,مرد,در جدول ذکر نشده,ادامه مخصوص داوطلبان بومی استان سمنان؛ پردیس شهید رجایی سمنان/ اولویت پذیرش با داوطلبان بومی شهرستان دامغان/محل خدمت دامغان؛ پذیرش دانشجو‌معلم با تعهد خدمت؛ ضوابط بخش فرهنگیان دفترچه,1402-humanities-booklet,282,1402-humanities-booklet,282,کدرشته‌محل منبع: 51343؛ عنوان رشته در منبع: آموزش ابتدایی؛ نحوه پذیرش: با آزمون (بخش دانشجو‌معلم)؛ استان در این ردیف مربوط به بومی‌گزینی/محل خدمت است
1402,آموزش ابتدایی,دانشگاه فرهنگیان,پردیس شهید رجایی سمنان,سمنان,در جدول ذکر نشده,,تعهد خدمت,1,مرد,در جدول ذکر نشده,ادامه مخصوص داوطلبان بومی استان سمنان؛ پردیس شهید رجایی سمنان/ اولویت پذیرش با داوطلبا ن بومی شهرستانهای سمنان، سرخه، مهدی شهر/محل خدمت مهدیشهر؛ پذیرش دانشجو‌معلم با تعهد خدمت؛ ضوابط بخش فرهنگیان دفترچه,1402-humanities-booklet,282,1402-humanities-booklet,282,کدرشته‌محل منبع: 51344؛ عنوان رشته در منبع: آموزش ابتدایی؛ نحوه پذیرش: با آزمون (بخش دانشجو‌معلم)؛ استان در این ردیف مربوط به بومی‌گزینی/محل خدمت است
1402,آموزش ابتدایی,دانشگاه فرهنگیان,پردیس شهید رجایی سمنان,سمنان,در جدول ذکر نشده,,تعهد خدمت,1,مرد,در جدول ذکر نشده,ادامه مخصوص داوطلبان بومی استان سمنان؛ پردیس شهید رجایی سمنان/ اولویت پذیرش با داوطلبان بومی شهرستانهای سمنان، سرخه، مهدی شهر/محل خدمت سرخه؛ پذیرش دانشجو‌معلم با تعهد خدمت؛ ضوابط بخش فرهنگیان دفترچه,1402-humanities-booklet,282,1402-humanities-booklet,282,کدرشته‌محل منبع: 51345؛ عنوان رشته در منبع: آموزش ابتدایی؛ نحوه پذیرش: با آزمون (بخش دانشجو‌معلم)؛ استان در این ردیف مربوط به بومی‌گزینی/محل خدمت است
1402,آموزش ابتدایی,دانشگاه فرهنگیان,پردیس شهید رجایی سمنان,سمنان,در جدول ذکر نشده,,تعهد خدمت,2,مرد,در جدول ذکر نشده,ادامه مخصوص داوطلبان بومی استان سمنان؛ پردیس شهید رجایی سمنان/ اولویت پذیرش با داوط لبان بومی شهرستانهای سمنان، سرخه، مهدی شهر/محل خدمت سمنان؛ پذیرش دانشجو‌معلم با تعهد خدمت؛ ضوابط بخش فرهنگیان دفترچه,1402-humanities-booklet,282,1402-humanities-booklet,282,کدرشته‌محل منبع: 51346؛ عنوان رشته در منبع: آموزش ابتدایی؛ نحوه پذیرش: با آزمون (بخش دانشجو‌معلم)؛ استان در این ردیف مربوط به بومی‌گزینی/محل خدمت است
1402,آموزش ابتدایی,دانشگاه فرهنگیان,پردیس شهید رجایی سمنان,سمنان,در جدول ذکر نشده,,تعهد خدمت,1,مرد,در جدول ذکر نشده,ادامه مخصوص داوطلبان بومی استان سمنان؛ پردیس شهید رجایی سمنان/ اولویت پذیرش با داوطلبان بومی شهرستانهای شاهرود، میامی/محل خدمت بسطام؛ پذیرش دانشجو‌معلم با تعهد خدمت؛ ضوابط بخش فرهنگیان دفترچه,1402-humanities-booklet,282,1402-humanities-booklet,282,کدرشته‌محل منبع: 51347؛ عنوان رشته در منبع: آموزش ابتدایی؛ نحوه پذیرش: با آزمون (بخش دانشجو‌معلم)؛ استان در این ردیف مربوط به بومی‌گزینی/محل خدمت است
1402,آموزش ابتدایی,دانشگاه فرهنگیان,پردیس شهید رجایی سمنان,سمنان,در جدول ذکر نشده,,تعهد خدمت,1,مرد,در جدول ذکر نشده,ادامه مخصوص داوطلبان بومی استان سمنان؛ پردیس شهید رجایی سمنان/ اولویت پذیرش با داوطلبان ب ومی شهرستانهای شاهرود، میامی/محل خدمت بیارجمند؛ پذیرش دانشجو‌معلم با تعهد خدمت؛ ضوابط بخش فرهنگیان دفترچه,1402-humanities-booklet,282,1402-humanities-booklet,282,کدرشته‌محل منبع: 51348؛ عنوان رشته در منبع: آموزش ابتدایی؛ نحوه پذیرش: با آزمون (بخش دانشجو‌معلم)؛ استان در این ردیف مربوط به بومی‌گزینی/محل خدمت است
1402,آموزش ابتدایی,دانشگاه فرهنگیان,پردیس شهید رجایی سمنان,سمنان,در جدول ذکر نشده,,تعهد خدمت,2,مرد,در جدول ذکر نشده,ادامه مخصوص داوطلبان بومی استان سمنان؛ پردیس شهید رجایی سمنان/ اولویت پذیرش با داوطلبان بومی شهرستانهای شاهرود، میامی/محل خدمت شاهرودسمنان؛ پذیرش دانشجو‌معلم با تعهد خدمت؛ ضوابط بخش فرهنگیان دفترچه,1402-humanities-booklet,282,1402-humanities-booklet,282,کدرشته‌محل منبع: 51349؛ عنوان رشته در منبع: آموزش ابتدایی؛ نحوه پذیرش: با آزمون (بخش دانشجو‌معلم)؛ استان در این ردیف مربوط به بومی‌گزینی/محل خدمت است
1402,آموزش ابتدایی,دانشگاه فرهنگیان,ش پردیس شهید رجایی سمنان,سمنان,در جدول ذکر نشده,,تعهد خدمت,1,مرد,در جدول ذکر نشده,ادامه مخصوص داوطلبان بومی استان سمنان؛ ش پردیس شهید رجایی سمنان/ اولویت پذیرش با داوطلبان بومی هرستانهای شاهرود، میامی/محل خدمت میامی؛ پذیرش دانشجو‌معلم با تعهد خدمت؛ ضوابط بخش فرهنگیان دفترچه,1402-humanities-booklet,282,1402-humanities-booklet,282,کدرشته‌محل منبع: 51350؛ عنوان رشته در منبع: آموزش ابتدایی؛ نحوه پذیرش: با آزمون (بخش دانشجو‌معلم)؛ استان در این ردیف مربوط به بومی‌گزینی/محل خدمت است
1402,آموزش ابتدایی,دانشگاه فرهنگیان,پردیس شهید رجایی سمنان,سمنان,در جدول ذکر نشده,,تعهد خدمت,1,مرد,در جدول ذکر نشده,ادامه مخصوص داوطلبان بومی استان سمنان؛ پردیس شهید رجایی سمنان/ اولویت پذیرش با داوطلبان بومی شهرستانهای گرمسار، آرادان/محل خدمت آرادان؛ پذیرش دانشجو‌معلم با تعهد خدمت؛ ضوابط بخش فرهنگیان دفترچه,1402-humanities-booklet,282,1402-humanities-booklet,282,کدرشته‌محل منبع: 51351؛ عنوان رشته در منبع: آموزش ابتدایی؛ نحوه پذیرش: با آزمون (بخش دانشجو‌معلم)؛ استان در این ردیف مربوط به بومی‌گزینی/محل خدمت است
1402,آموزش ابتدایی,دانشگاه فرهنگیان,پردیس شهید رجایی سمنان,سمنان,در جدول ذکر نشده,,تعهد خدمت,1,مرد,در جدول ذکر نشده,ادامه مخصوص داوطلبان بومی استان سمنان؛ پردیس شهید رجایی سمنان/ اولویت پذیرش با داوطلبان بومی شهرستانهای گر مسار، آرادان/محل خدمت گرمسار؛ پذیرش دانشجو‌معلم با تعهد خدمت؛ ضوابط بخش فرهنگیان دفترچه,1402-humanities-booklet,282,1402-humanities-booklet,282,کدرشته‌محل منبع: 51352؛ عنوان رشته در منبع: آموزش ابتدایی؛ نحوه پذیرش: با آزمون (بخش دانشجو‌معلم)؛ استان در این ردیف مربوط به بومی‌گزینی/محل خدمت است
1402,آموزش ابتدایی,دانشگاه فرهنگیان,،پردیس فاطمه الزهراء)س( سمنان,سمنان,در جدول ذکر نشده,,تعهد خدمت,1,زن,در جدول ذکر نشده,ادامه مخصوص داوطلبان بومی استان سمنان؛ ،پردیس فاطمه الزهراء)س( سمنان/ اولویت پذیرش با داوطلبان بومی شهرستانهای گرمسار آرادان/محل خدمت آرادان؛ پذیرش دانشجو‌معلم با تعهد خدمت؛ ضوابط بخش فرهنگیان دفترچه,1402-humanities-booklet,282,1402-humanities-booklet,282,کدرشته‌محل منبع: 51353؛ عنوان رشته در منبع: آموزش ابتدایی؛ نحوه پذیرش: با آزمون (بخش دانشجو‌معلم)؛ استان در این ردیف مربوط به بومی‌گزینی/محل خدمت است
1402,آموزش ابتدایی,دانشگاه فرهنگیان,،پردیس فاطمه الزهراء)س( سمنان,سمنان,در جدول ذکر نشده,,تعهد خدمت,1,زن,در جدول ذکر نشده,ادامه مخصوص داوطلبان بومی استان سمنان؛ ،پردیس فاطمه الزهراء)س( سمنان/ اولویت پذیرش با داوطلبان بومی شهرستانهای گرمسار آرادان/محل خدمت گرمسار؛ پذیرش دانشجو‌معلم با تعهد خدمت؛ ضوابط بخش فرهنگیان دفترچه,1402-humanities-booklet,283,1402-humanities-booklet,283,کدرشته‌محل منبع: 51354؛ عنوان رشته در منبع: آموزش ابتدایی؛ نحوه پذیرش: با آزمون (بخش دانشجو‌معلم)؛ استان در این ردیف مربوط به بومی‌گزینی/محل خدمت است
1402,آموزش ابتدایی,دانشگاه فرهنگیان,،پردیس فاطمه الزهراء)س( سمنان,سمنان,در جدول ذکر نشده,,تعهد خدمت,1,زن,در جدول ذکر نشده,ادامه مخصوص داوطلبان بومی استان سمنان؛ ،پردیس فاطمه الزهراء)س( سمنان/ اولویت پذیرش با داوطلبان بومی شهرستانهای شاهرود میامی/محل خدم ت بسطام؛ پذیرش دانشجو‌معلم با تعهد خدمت؛ ضوابط بخش فرهنگیان دفترچه,1402-humanities-booklet,283,1402-humanities-booklet,283,کدرشته‌محل منبع: 51355؛ عنوان رشته در منبع: آموزش ابتدایی؛ نحوه پذیرش: با آزمون (بخش دانشجو‌معلم)؛ استان در این ردیف مربوط به بومی‌گزینی/محل خدمت است
1402,آموزش ابتدایی,دانشگاه فرهنگیان,،پردیس فاطمه الزهراء)س( سمنان,سمنان,در جدول ذکر نشده,,تعهد خدمت,1,زن,در جدول ذکر نشده,ادامه مخصوص داوطلبان بومی استان سمنان؛ ،پردیس فاطمه الزهراء)س( سمنان/ اولویت پذیرش با داوطلبان بومی شهرستانهای شاهرود میامی/محل خدمت بیارجمند؛ پذیرش دانشجو‌معلم با تعهد خدمت؛ ضوابط بخش فرهنگیان دفترچه,1402-humanities-booklet,283,1402-humanities-booklet,283,کدرشته‌محل منبع: 51356؛ عنوان رشته در منبع: آموزش ابتدایی؛ نحوه پذیرش: با آزمون (بخش دانشجو‌معلم)؛ استان در این ردیف مربوط به بومی‌گزینی/محل خدمت است
1402,آموزش ابتدایی,دانشگاه فرهنگیان,،پردیس فاطمه الزهراء)س( سمنان,سمنان,در جدول ذکر نشده,,تعهد خدمت,1,زن,در جدول ذکر نشده,ادامه مخصوص داوطلبان بومی استان سمنان؛ ،پردیس فاطمه الزهراء)س( سمنان/ اولویت پذیرش با داوطلبان بومی شهرستانهای شاهرود میامی/محل خدمت شاهرودسمنان؛ پذیرش دانشجو‌معلم با تعهد خدمت؛ ضوابط بخش فرهنگیان دفترچه,1402-humanities-booklet,283,1402-humanities-booklet,283,کدرشته‌محل منبع: 51357؛ عنوان رشته در منبع: آموزش ابتدایی؛ نحوه پذیرش: با آزمون (بخش دانشجو‌معلم)؛ استان در این ردیف مربوط به بومی‌گزینی/محل خدمت است
1402,آموزش ابتدایی,دانشگاه فرهنگیان,،پردیس فاطمه الزهراء)س( سمنان,سمنان,در جدول ذکر نشده,,تعهد خدمت,1,زن,در جدول ذکر نشده,ادامه مخصوص داوطلبان بومی استان سمنان؛ ،پردیس فاطمه الزهراء)س( سمنان/ اولویت پذیرش با داوطلبان بومی شهرستانهای شاهرود میامی/محل خدمت میامی؛ پذیرش دانشجو‌معلم با تعهد خدمت؛ ضوابط بخش فرهنگیان دفترچه,1402-humanities-booklet,283,1402-humanities-booklet,283,کدرشته‌محل منبع: 51358؛ عنوان رشته در منبع: آموزش ابتدایی؛ نحوه پذیرش: با آزمون (بخش دانشجو‌معلم)؛ استان در این ردیف مربوط به بومی‌گزینی/محل خدمت است
1402,آموزش ابتدایی,دانشگاه فرهنگیان,پردیس فاطمه الزهراء)س( سمنان,سمنان,در جدول ذکر نشده,,تعهد خدمت,1,زن,در جدول ذکر نشده,ادامه مخصوص داوطلبان بومی استان سمنان؛ پردیس فاطمه الزهراء)س( سمنان/ اولویت پذیرش با داوطلبان بومی شهرستان دامغان/محل خدمت امیرآبا د؛ پذیرش دانشجو‌معلم با تعهد خدمت؛ ضوابط بخش فرهنگیان دفترچه,1402-humanities-booklet,283,1402-humanities-booklet,283,کدرشته‌محل منبع: 51359؛ عنوان رشته در منبع: آموزش ابتدایی؛ نحوه پذیرش: با آزمون (بخش دانشجو‌معلم)؛ استان در این ردیف مربوط به بومی‌گزینی/محل خدمت است
1402,آموزش ابتدایی,دانشگاه فرهنگیان,پردیس فاطمه الزهراء)س( سمنان,سمنان,در جدول ذکر نشده,,تعهد خدمت,1,زن,در جدول ذکر نشده,ادامه مخصوص داوطلبان بومی استان سمنان؛ پردیس فاطمه الزهراء)س( سمنان/ اولویت پذیرش با داوطلبان بومی شهرستان دامغان/محل خدمت دامغان؛ پذیرش دانشجو‌معلم با تعهد خدمت؛ ضوابط بخش فرهنگیان دفترچه,1402-humanities-booklet,283,1402-humanities-booklet,283,کدرشته‌محل منبع: 51360؛ عنوان رشته در منبع: آموزش ابتدایی؛ نحوه پذیرش: با آزمون (بخش دانشجو‌معلم)؛ استان در این ردیف مربوط به بومی‌گزینی/محل خدمت است
1402,آموزش ابتدایی,دانشگاه فرهنگیان,،پردیس فاطمه الزهراء)س( سمنان,سمنان,در جدول ذکر نشده,,تعهد خدمت,1,زن,در جدول ذکر نشده,ادامه مخصوص داوطلبان بومی استان سمنان؛ ،پردیس فاطمه الزهراء)س( سمنان/ اولویت پذیرش با داوطلبان بومی شهرستانهای سمنان، سرخه مهدی شهر/محل خدمت مهدیشهر؛ پذیرش دانشجو‌معلم با تعهد خدمت؛ ضوابط بخش فرهنگیان دفترچه,1402-humanities-booklet,283,1402-humanities-booklet,283,کدرشته‌محل منبع: 51361؛ عنوان رشته در منبع: آموزش ابتدایی؛ نحوه پذیرش: با آزمون (بخش دانشجو‌معلم)؛ استان در این ردیف مربوط به بومی‌گزینی/محل خدمت است
1402,آموزش ابتدایی,دانشگاه فرهنگیان,،پردیس فاطمه الزهراء)س( سمنان,سمنان,در جدول ذکر نشده,,تعهد خدمت,1,زن,در جدول ذکر نشده,ادامه مخصوص داوطلبان بومی استان سمنان؛ ،پردیس فاطمه الزهراء)س( سمنان/ اولویت پذیرش با داوطلبان بومی شهرستانهای سمنان، سرخه مهدی شهر/محل خدمت سرخه؛ پذیرش دانشجو‌معلم با تعهد خدمت؛ ضوابط بخش فرهنگیان دفترچه,1402-humanities-booklet,283,1402-humanities-booklet,283,کدرشته‌محل منبع: 51362؛ عنوان رشته در منبع: آموزش ابتدایی؛ نحوه پذیرش: با آزمون (بخش دانشجو‌معلم)؛ استان در این ردیف مربوط به بومی‌گزینی/محل خدمت است
1402,آموزش ابتدایی,دانشگاه فرهنگیان,،پردیس فاطمه الزهراء)س( سمنان,سمنان,در جدول ذکر نشده,,تعهد خدمت,1,زن,در جدول ذکر نشده,ادامه مخصوص داوطلبان بومی استان سمنان؛ ،پردیس فاطمه الزهراء)س( سمنان/ اولویت پذیرش با داوطلبان بومی شهرستانهای سمنان، سرخه خ مهدی شهر/محل دمت سمنان؛ پذیرش دانشجو‌معلم با تعهد خدمت؛ ضوابط بخش فرهنگیان دفترچه,1402-humanities-booklet,283,1402-humanities-booklet,283,کدرشته‌محل منبع: 51363؛ عنوان رشته در منبع: آموزش ابتدایی؛ نحوه پذیرش: با آزمون (بخش دانشجو‌معلم)؛ استان در این ردیف مربوط به بومی‌گزینی/محل خدمت است
1402,آموزش ابتدایی,دانشگاه فرهنگیان,پردیس رسالت زاهدان,سیستان و بلوچستان,در جدول ذکر نشده,,تعهد خدمت,4,زن,در جدول ذکر نشده,پردیس رسالت زاهدان؛ اولویت پذیرش با داوطلبان بومی شهرستان های خاش، تفتان، میرجاوه؛ محل خدمت: میرجاوه؛ تعهد خدمت دانشجو‌معلم مطابق دفترچه,1402-correction-5,16,1402-humanities-booklet,294,کدرشته‌محل منبع: 51406؛ عنوان رشته در منبع: آموزش ابتدایی؛ نحوه پذیرش: با آزمون (بخش دانشجو‌معلم)؛ استان در این ردیف مربوط به بومی‌گزینی/محل خدمت است؛ اصلاحیه: conditions
1402,آموزش ابتدایی,دانشگاه فرهنگیان,پردیس رسالت زاهدان,سیستان و بلوچستان,در جدول ذکر نشده,,تعهد خدمت,9,زن,در جدول ذکر نشده,پردیس رسالت زاهدان؛ اولویت پذیرش با داوطلبان بومی شهرستان های زاهدان، نصرت آباد؛ محل خدمت: زاهدان .ناحیه1؛ تعهد خدمت دانشجو‌معلم مطابق دفترچه,1402-correction-5,16,1402-humanities-booklet,294,کدرشته‌محل منبع: 51407؛ عنوان رشته در منبع: آموزش ابتدایی؛ نحوه پذیرش: با آزمون (بخش دانشجو‌معلم)؛ استان در این ردیف مربوط به بومی‌گزینی/محل خدمت است؛ اصلاحیه: conditions
1402,آموزش ابتدایی,دانشگاه فرهنگیان,پردیس رسالت زاهدان,سیستان و بلوچستان,در جدول ذکر نشده,,تعهد خدمت,9,زن,در جدول ذکر نشده,پردیس رسالت زاهدان؛ اولویت پذیرش با داوطلبان بومی شهرستان های زاهدان، نصرت آباد؛ محل خدمت: زاهدان .ناحیه2؛ تعهد خدمت دانشجو‌معلم مطابق دفترچه,1402-correction-5,16,1402-humanities-booklet,294,کدرشته‌محل منبع: 51408؛ عنوان رشته در منبع: آموزش ابتدایی؛ نحوه پذیرش: با آزمون (بخش دانشجو‌معلم)؛ استان در این ردیف مربوط به بومی‌گزینی/محل خدمت است؛ اصلاحیه: conditions
1402,آموزش ابتدایی,دانشگاه فرهنگیان,پردیس رسالت زاهدان,سیستان و بلوچستان,در جدول ذکر نشده,,تعهد خدمت,6,زن,در جدول ذکر نشده,پردیس رسالت زاهدان؛ اولویت پذیرش با داوطلبان بومی شهرستان های زاهدان، نصرت آباد؛ محل خدمت: نصرت آباد؛ تعهد خدمت دانشجو‌معلم مطابق دفترچه,1402-correction-5,16,1402-humanities-booklet,294,کدرشته‌محل منبع: 51409؛ عنوان رشته در منبع: آموزش ابتدایی؛ نحوه پذیرش: با آزمون (بخش دانشجو‌معلم)؛ استان در این ردیف مربوط به بومی‌گزینی/محل خدمت است؛ اصلاحیه: conditions
1402,آموزش ابتدایی,دانشگاه فرهنگیان,پردیس رسالت ز اهدان,سیستان و بلوچستان,در جدول ذکر نشده,,تعهد خدمت,2,زن,در جدول ذکر نشده,ادامه مخصوص داوطلبان بومی استان سیستان وبلوچستان؛ پردیس رسالت ز اهدان/ اولویت پذیرش با داوطلبان بومی شهرستانهای چابهار، کنارک، نیکشهر، قصرقند، زرآباد، دشتیاری/محل خدمت کنارک؛ پذیرش دانشجو‌معلم با تعهد خدمت؛ ضوابط بخش فرهنگیان دفترچه,1402-humanities-booklet,301,1402-humanities-booklet,301,کدرشته‌محل منبع: 51410؛ عنوان رشته در منبع: آموزش ابتدایی؛ نحوه پذیرش: با آزمون (بخش دانشجو‌معلم)؛ استان در این ردیف مربوط به بومی‌گزینی/محل خدمت است؛ عبارت استان در منبع: سیستان وبلوچستان
1402,آموزش ابتدایی,دانشگاه فرهنگیان,،پردیس رسالت زاهدان,سیستان و بلوچستان,در جدول ذکر نشده,,تعهد خدمت,4,زن,در جدول ذکر نشده,ادامه مخصوص داوطلبان بومی استان سیستان وبلوچستان؛ ،پردیس رسالت زاهدان/ اولویت پذیرش با داوطلبان بومی شهرستانهای چابهار، کنارک، نیکشهر قصرقند، زرآباد، دشتیاری/محل خدمت دشت یاری؛ پذیرش دانشجو‌معلم با تعهد خدمت؛ ضوابط بخش فرهنگیان دفترچه,1402-humanities-booklet,301,1402-humanities-booklet,301,کدرشته‌محل منبع: 51411؛ عنوان رشته در منبع: آموزش ابتدایی؛ نحوه پذیرش: با آزمون (بخش دانشجو‌معلم)؛ استان در این ردیف مربوط به بومی‌گزینی/محل خدمت است؛ عبارت استان در منبع: سیستان وبلوچستان
1402,آموزش ابتدایی,دانشگاه فرهنگیان,،پردیس رسالت زاهدان,سیستان و بلوچستان,در جدول ذکر نشده,,تعهد خدمت,4,زن,در جدول ذکر نشده,ادامه مخصوص داوطلبان بومی استان سیستان وبلوچستان؛ ،پردیس رسالت زاهدان/ اولویت پذیرش با داوطلبان بومی شهرستانهای چابهار، کنارک، نیکشهر قصرقند، زرآباد، دشتیاری/محل خدمت اداره آموزش و پرورش پلان؛ پذیرش دانشجو‌معلم با تعهد خدمت؛ ضوابط بخش فرهنگیان دفترچه,1402-humanities-booklet,301,1402-humanities-booklet,301,کدرشته‌محل منبع: 51412؛ عنوان رشته در منبع: آموزش ابتدایی؛ نحوه پذیرش: با آزمون (بخش دانشجو‌معلم)؛ استان در این ردیف مربوط به بومی‌گزینی/محل خدمت است؛ عبارت استان در منبع: سیستان وبلوچستان
1402,آموزش ابتدایی,دانشگاه فرهنگیان,پردیس رسالت زاهدان,سیستان و بلوچستان,در جدول ذکر نشده,,تعهد خدمت,4,زن,در جدول ذکر نشده,ادامه مخصوص داوطلبان بومی استان سیستان وبلوچستان؛ پردیس رسالت زاهدان/ اولویت پذیرش با داوطلبان بومی شهرستان های چابهار، کنارک، نیکشهر، قصرقند، زرآباد، دشتیاری/محل خدمت چابهار؛ پذیرش دانشجو‌معلم با تعهد خدمت؛ ضوابط بخش فرهنگیان دفترچه,1402-humanities-booklet,301,1402-humanities-booklet,301,کدرشته‌محل منبع: 51413؛ عنوان رشته در منبع: آموزش ابتدایی؛ نحوه پذیرش: با آزمون (بخش دانشجو‌معلم)؛ استان در این ردیف مربوط به بومی‌گزینی/محل خدمت است؛ عبارت استان در منبع: سیستان وبلوچستان
1402,آموزش ابتدایی,دانشگاه فرهنگیان,،پردیس رسالت زاهدان,سیستان و بلوچستان,در جدول ذکر نشده,,تعهد خدمت,2,زن,در جدول ذکر نشده,ادامه مخصوص داوطلبان بومی استان سیستان وبلوچستان؛ ،پردیس رسالت زاهدان/ اولویت پذیرش با داوطلبان بومی شهرستانهای چابهار، کنارک، نیکشهر قصرقند، زرآباد، دشتیاری/محل خدمت زر آباد؛ پذیرش دانشجو‌معلم با تعهد خدمت؛ ضوابط بخش فرهنگیان دفترچه,1402-humanities-booklet,301,1402-humanities-booklet,301,کدرشته‌محل منبع: 51414؛ عنوان رشته در منبع: آموزش ابتدایی؛ نحوه پذیرش: با آزمون (بخش دانشجو‌معلم)؛ استان در این ردیف مربوط به بومی‌گزینی/محل خدمت است؛ عبارت استان در منبع: سیستان وبلوچستان
1402,آموزش ابتدایی,دانشگاه فرهنگیان,پردیس رسالت زاهدان,سیستان و بلوچستان,در جدول ذکر نشده,,تعهد خدمت,2,زن,در جدول ذکر نشده,ادامه مخصوص داوطلبان بومی استان سیستان وبلوچستان؛ پردیس رسالت زاهدان/ اولویت پذیرش با داوطلبان بومی شهرستانهای چابهار، کنارک، نیکشهر، قصرقند، زرآباد، دشتیاری/محل خدمت نیک شهر؛ پذیرش دانشجو‌معلم با تعهد خدمت؛ ضوابط بخش فرهنگیان دفترچه,1402-humanities-booklet,301,1402-humanities-booklet,301,کدرشته‌محل منبع: 51415؛ عنوان رشته در منبع: آموزش ابتدایی؛ نحوه پذیرش: با آزمون (بخش دانشجو‌معلم)؛ استان در این ردیف مربوط به بومی‌گزینی/محل خدمت است؛ عبارت استان در منبع: سیستان وبلوچستان
1402,آموزش ابتدایی,دانشگاه فرهنگیان,،پردیس رسالت زاهدان,سیستان و بلوچستان,در جدول ذکر نشده,,تعهد خدمت,2,زن,در جدول ذکر نشده,ادامه مخصوص داوطلبان بومی استان سیستان وبلوچستان؛ ،پردیس رسالت زاهدان/ اولویت پذیرش با داوطلبان بومی شهرستانهای چابهار، کنارک، نیکشهر قصرقند، زرآباد، دشتیاری/محل خدمت قصرقند؛ پذیرش دانشجو‌معلم با تعهد خدمت؛ ضوابط بخش فرهنگیان دفترچه,1402-humanities-booklet,301,1402-humanities-booklet,301,کدرشته‌محل منبع: 51416؛ عنوان رشته در منبع: آموزش ابتدایی؛ نحوه پذیرش: با آزمون (بخش دانشجو‌معلم)؛ استان در این ردیف مربوط به بومی‌گزینی/محل خدمت است؛ عبارت استان در منبع: سیستان وبلوچستان
1402,آموزش ابتدایی,دانشگاه فرهنگیان,،پردیس رسالت زاهدان,سیستان و بلوچستان,در جدول ذکر نشده,,تعهد خدمت,2,زن,در جدول ذکر نشده,ادامه مخصوص داوطلبان بومی استان سیستان وبلوچستان؛ ،پردیس رسالت زاهدان/ اولویت پذیرش با داوطلبان بومی شهرستانهای چابهار، کنارک، نیکشهر قصرقند، زرآباد، دشتیاری/محل خدمت بنت؛ پذیرش دانشجو‌معلم با تعهد خدمت؛ ضوابط بخش فرهنگیان دفترچه,1402-humanities-booklet,301,1402-humanities-booklet,301,کدرشته‌محل منبع: 51417؛ عنوان رشته در منبع: آموزش ابتدایی؛ نحوه پذیرش: با آزمون (بخش دانشجو‌معلم)؛ استان در این ردیف مربوط به بومی‌گزینی/محل خدمت است؛ عبارت استان در منبع: سیستان وبلوچستان
1402,آموزش ابتدایی,دانشگاه فرهنگیان,س پردیس رسالت زاهدان,سیستان و بلوچستان,در جدول ذکر نشده,,تعهد خدمت,6,زن,در جدول ذکر نشده,ادامه مخصوص داوطلبان بومی استان سیستان و بلوچستان؛ س پردیس رسالت زاهدان/ اولویت پذیرش با داوطلبان بومی شهرستانهای سراوان، سیب وران، مهرستان، گلشن)جالق(/محل خدمت جالق؛ پذیرش دانشجو‌معلم با تعهد خدمت؛ ضوابط بخش فرهنگیان دفترچه,1402-humanities-booklet,294,1402-humanities-booklet,294,کدرشته‌محل منبع: 51418؛ عنوان رشته در منبع: آموزش ابتدایی؛ نحوه پذیرش: با آزمون (بخش دانشجو‌معلم)؛ استان در این ردیف مربوط به بومی‌گزینی/محل خدمت است
1402,آموزش ابتدایی,دانشگاه فرهنگیان,،پردیس رسالت زاهدان,سیستان و بلوچستان,در جدول ذکر نشده,,تعهد خدمت,4,زن,در جدول ذکر نشده,ادامه مخصوص داوطلبان بومی استان سیستان و بلوچستان؛ ،پردیس رسالت زاهدان/ اولویت پذیرش با داوطلبان بومی شهرستانهای سراوان، سیب سوران مهرستان، گلشن)جالق(/محل خدمت سراوان؛ پذیرش دانشجو‌معلم با تعهد خدمت؛ ضوابط بخش فرهنگیان دفترچه,1402-humanities-booklet,294,1402-humanities-booklet,294,کدرشته‌محل منبع: 51419؛ عنوان رشته در منبع: آموزش ابتدایی؛ نحوه پذیرش: با آزمون (بخش دانشجو‌معلم)؛ استان در این ردیف مربوط به بومی‌گزینی/محل خدمت است
1402,آموزش ابتدایی,دانشگاه فرهنگیان,پردیس رسالت زاهدان,سیستان و بلوچستان,در جدول ذکر نشده,,تعهد خدمت,5,زن,در جدول ذکر نشده,ادامه مخصوص داوطلبان بومی استان سیستان و بلوچستان؛ پردیس رسالت زاهدان/ اولویت پذیرش با داوطلبان بوم ی شهرستانهای سراوان، سیب سوران، (مهرستان، گلشن)جالق(/محل خدمت زابلی)مهرستان؛ پذیرش دانشجو‌معلم با تعهد خدمت؛ ضوابط بخش فرهنگیان دفترچه,1402-humanities-booklet,294,1402-humanities-booklet,294,کدرشته‌محل منبع: 51420؛ عنوان رشته در منبع: آموزش ابتدایی؛ نحوه پذیرش: با آزمون (بخش دانشجو‌معلم)؛ استان در این ردیف مربوط به بومی‌گزینی/محل خدمت است
1402,آموزش ابتدایی,دانشگاه فرهنگیان,،پردیس رسالت زاهدان,سیستان و بلوچستان,در جدول ذکر نشده,,تعهد خدمت,6,زن,در جدول ذکر نشده,ادامه مخصوص داوطلبان بومی استان سیستان و بلوچستان؛ ،پردیس رسالت زاهدان/ اولویت پذیرش با داوطلبان بومی شهرستانهای سراوان، سیب سوران مهرستان، گلشن)جالق(/محل خدمت بم پشت؛ پذیرش دانشجو‌معلم با تعهد خدمت؛ ضوابط بخش فرهنگیان دفترچه,1402-humanities-booklet,294,1402-humanities-booklet,294,کدرشته‌محل منبع: 51421؛ عنوان رشته در منبع: آموزش ابتدایی؛ نحوه پذیرش: با آزمون (بخش دانشجو‌معلم)؛ استان در این ردیف مربوط به بومی‌گزینی/محل خدمت است
1402,آموزش ابتدایی,دانشگاه فرهنگیان,پردیس رسالت زاهدان,سیستان و بلوچستان,در جدول ذکر نشده,,تعهد خدمت,6,زن,در جدول ذکر نشده,ادامه مخصوص داوطلبان بومی استان سیستان و بلوچستان؛ پردیس رسالت زاهدان/ اولویت پذیرش با داوطلبان بومی شهرستانهای سراوان، سیب سوران، مهرستان، گلشن)جالق(/محل خدمت سیب وسوران؛ پذیرش دانشجو‌معلم با تعهد خدمت؛ ضوابط بخش فرهنگیان دفترچه,1402-humanities-booklet,294,1402-humanities-booklet,294,کدرشته‌محل منبع: 51422؛ عنوان رشته در منبع: آموزش ابتدایی؛ نحوه پذیرش: با آزمون (بخش دانشجو‌معلم)؛ استان در این ردیف مربوط به بومی‌گزینی/محل خدمت است
1402,آموزش ابتدایی,دانشگاه فرهنگیان,پردیس رسالت زاهدان,سیستان و بلوچستان,در جدول ذکر نشده,,تعهد خدمت,4,زن,در جدول ذکر نشده,پردیس رسالت زاهدان؛ اولویت پذیرش با داوطلبان بومی شهرستان های خاش، تفتان، میرجاوه؛ محل خدمت: نوک آباد؛ تعهد خدمت دانشجو‌معلم مطابق دفترچه,1402-correction-5,17,1402-humanities-booklet,294,کدرشته‌محل منبع: 51423؛ عنوان رشته در منبع: آموزش ابتدایی؛ نحوه پذیرش: با آزمون (بخش دانشجو‌معلم)؛ استان در این ردیف مربوط به بومی‌گزینی/محل خدمت است؛ اصلاحیه: conditions
1402,آموزش ابتدایی,دانشگاه فرهنگیان,پردیس رسالت زاهدان,سیستان و بلوچستان,در جدول ذکر نشده,,تعهد خدمت,2,زن,در جدول ذکر نشده,پردیس رسالت زاهدان؛ اولویت پذیرش با داوطلبان بومی شهرستان های خاش، تفتان، میرجاوه؛ محل خدمت: خاش؛ تعهد خدمت دانشجو‌معلم مطابق دفترچه,1402-correction-5,17,1402-humanities-booklet,294,کدرشته‌محل منبع: 51424؛ عنوان رشته در منبع: آموزش ابتدایی؛ نحوه پذیرش: با آزمون (بخش دانشجو‌معلم)؛ استان در این ردیف مربوط به بومی‌گزینی/محل خدمت است؛ اصلاحیه: conditions
1402,آموزش ابتدایی,دانشگاه فرهنگیان,پردیس رسالت زاهدان,سیستان و بلوچستان,در جدول ذکر نشده,,تعهد خدمت,2,زن,در جدول ذکر نشده,ادامه مخصوص داوطلبان بومی استان سیستان و بلوچستان؛ پردیس رسالت زاهدان/ اولویت پذیرش با داوطلبان بومی شهرستان،های زابل، زهک، هامون، نیمروز هیرمند/محل خدمت بنجار؛ پذیرش دانشجو‌معلم با تعهد خدمت؛ ضوابط بخش فرهنگیان دفترچه,1402-humanities-booklet,294,1402-humanities-booklet,294,کدرشته‌محل منبع: 51425؛ عنوان رشته در منبع: آموزش ابتدایی؛ نحوه پذیرش: با آزمون (بخش دانشجو‌معلم)؛ استان در این ردیف مربوط به بومی‌گزینی/محل خدمت است
1402,آموزش ابتدایی,دانشگاه فرهنگیان,پردیس رسالت ز اهدان,سیستان و بلوچستان,در جدول ذکر نشده,,تعهد خدمت,9,زن,در جدول ذکر نشده,ادامه مخصوص داوطلبان بومی استان سیستان و بلوچستان؛ پردیس رسالت ز اهدان/ اولویت پذیرش با داوطلبان بومی شهرستان،های زابل، زهک، هامون، نیمروز هیرمند/محل خدمت نیمروز؛ پذیرش دانشجو‌معلم با تعهد خدمت؛ ضوابط بخش فرهنگیان دفترچه,1402-humanities-booklet,294,1402-humanities-booklet,294,کدرشته‌محل منبع: 51426؛ عنوان رشته در منبع: آموزش ابتدایی؛ نحوه پذیرش: با آزمون (بخش دانشجو‌معلم)؛ استان در این ردیف مربوط به بومی‌گزینی/محل خدمت است
1402,آموزش ابتدایی,دانشگاه فرهنگیان,پردیس رسالت زاهدان,سیستان و بلوچستان,در جدول ذکر نشده,,تعهد خدمت,6,زن,در جدول ذکر نشده,ادامه مخصوص داوطلبان بومی استان سیستان و بلوچستان؛ پردیس رسالت زاهدان/ اولویت پذیرش با داوطلبان بومی شهرستان،های زابل، زهک، هامون، نیمروز هیرمند/محل خدمت هامون؛ پذیرش دانشجو‌معلم با تعهد خدمت؛ ضوابط بخش فرهنگیان دفترچه,1402-humanities-booklet,295,1402-humanities-booklet,295,کدرشته‌محل منبع: 51427؛ عنوان رشته در منبع: آموزش ابتدایی؛ نحوه پذیرش: با آزمون (بخش دانشجو‌معلم)؛ استان در این ردیف مربوط به بومی‌گزینی/محل خدمت است
1402,آموزش ابتدایی,دانشگاه فرهنگیان,پردیس رسالت زاهدان,سیستان و بلوچستان,در جدول ذکر نشده,,تعهد خدمت,9,زن,در جدول ذکر نشده,ادامه مخصوص داوطلبان بومی استان سیستان و بلوچستان؛ پردیس رسالت زاهدان/ اولویت پذیرش با داوطلبان بومی شهرستان،های زابل، زهک، هامون، نیمروز هیرمند/محل خدمت هیرمند؛ پذیرش دانشجو‌معلم با تعهد خدمت؛ ضوابط بخش فرهنگیان دفترچه,1402-humanities-booklet,295,1402-humanities-booklet,295,کدرشته‌محل منبع: 51428؛ عنوان رشته در منبع: آموزش ابتدایی؛ نحوه پذیرش: با آزمون (بخش دانشجو‌معلم)؛ استان در این ردیف مربوط به بومی‌گزینی/محل خدمت است
1402,آموزش ابتدایی,دانشگاه فرهنگیان,پردیس رسالت زاهدان,سیستان و بلوچستان,در جدول ذکر نشده,,تعهد خدمت,2,زن,در جدول ذکر نشده,ادامه مخصوص داوطلبان بومی استان سیستان و بلوچستان؛ پردیس رسالت زاهدان/ اولویت پذیرش با داوطلبان بومی شهرستان،های زابل، زهک، هامون، نیمروز هیرمند/محل خدمت زابل؛ پذیرش دانشجو‌معلم با تعهد خدمت؛ ضوابط بخش فرهنگیان دفترچه,1402-humanities-booklet,295,1402-humanities-booklet,295,کدرشته‌محل منبع: 51429؛ عنوان رشته در منبع: آموزش ابتدایی؛ نحوه پذیرش: با آزمون (بخش دانشجو‌معلم)؛ استان در این ردیف مربوط به بومی‌گزینی/محل خدمت است
1402,آموزش ابتدایی,دانشگاه فرهنگیان,پردیس رسالت زاهدان,سیستان و بلوچستان,در جدول ذکر نشده,,تعهد خدمت,7,زن,در جدول ذکر نشده,ادامه مخصوص داوطلبان بومی استان سیستان و بلوچستان؛ پردیس رسالت زاهدان/ اولویت پذیرش با داوطلبان بومی شهرستان،های زابل، زهک، هامون، نیمروز هیرمند/محل خدمت زهک؛ پذیرش دانشجو‌معلم با تعهد خدمت؛ ضوابط بخش فرهنگیان دفترچه,1402-humanities-booklet,295,1402-humanities-booklet,295,کدرشته‌محل منبع: 51430؛ عنوان رشته در منبع: آمو زش ابتدایی؛ نحوه پذیرش: با آزمون (بخش دانشجو‌معلم)؛ استان در این ردیف مربوط به بومی‌گزینی/محل خدمت است
1402,آموزش ابتدایی,دانشگاه فرهنگیان,پردیس رسالت زاهدان,سیستان و بلوچستان,در جدول ذکر نشده,,تعهد خدمت,2,زن,در جدول ذکر نشده,ادامه مخصوص داوطلبان بومی استان سیستان و بلوچستان؛ پردیس رسالت زاهدان/ اولویت پذیرش با داوطلبان بومی شهرستان های ایرانشهر، دلگان، بمپور، سرباز، فنوج، لاشار، راسک/محل خدمت ایرانشهر؛ پذیرش دانشجو‌معلم با تعهد خدمت؛ ضوابط بخش فرهنگیان دفترچه,1402-humanities-booklet,295,1402-humanities-booklet,295,کدرشته‌محل منبع: 51431؛ عنوان رشته در منبع: آموزش ابتدایی؛ نحوه پذیرش: با آزمون (بخش دانشجو‌معلم)؛ استان در این ردیف مربوط به بومی‌گزینی/محل خدمت است
1402,آموزش ابتدایی,دانشگاه فرهنگیان,پردیس رسالت زاهدان,سیستان و بلوچستان,در جدول ذکر نشده,,تعهد خدمت,2,زن,در جدول ذکر نشده,ادامه مخصوص داوطلبان بومی استان سیستان و بلوچستان؛ پردیس رسالت زاهدان/ اولویت پذیرش با داوطلبان بومی شهرستان های ایرانشهر، دلگان، بمپو ر، سرباز، فنوج، لاشار، راسک/محل خدمت بزمان؛ پذیرش دانشجو‌معلم با تعهد خدمت؛ ضوابط بخش فرهنگیان دفترچه,1402-humanities-booklet,295,1402-humanities-booklet,295,کدرشته‌محل منبع: 51432؛ عنوان رشته در منبع: آموزش ابتدایی؛ نحوه پذیرش: با آزمون (بخش دانشجو‌معلم)؛ استان در این ردیف مربوط به بومی‌گزینی/محل خدمت است
1402,آموزش ابتدایی,دانشگاه فرهنگیان,پردیس رسالت زاهدان,سیستان و بلوچستان,در جدول ذکر نشده,,تعهد خدمت,2,زن,در جدول ذکر نشده,ادامه مخصوص داوطلبان بومی استان سیستان و بلوچستان؛ پردیس رسالت زاهدان/ اولویت پذیرش با داوطلبان بومی شهرستان های ایرانشهر، دلگان، بمپور، سرباز، فنوج، لاشار، راسک/محل خدمت بمپور؛ پذیرش دانشجو‌معلم با تعهد خدمت؛ ضوابط بخش فرهنگیان دفترچه,1402-humanities-booklet,295,1402-humanities-booklet,295,کدرشته‌محل منبع: 51433؛ عنوان رشته در منبع: آموزش ابتدایی؛ نحوه پذیرش: با آزمون (بخش دانشجو‌معلم)؛ استان در این ردیف مربوط به بومی‌گزینی/محل خدمت است
1402,آموزش ابتدایی,دانشگاه فرهنگیان,پردیس رسالت زاهدان,سیستان و بلوچستان,در جدول ذکر نشده,,تعهد خدمت,5,زن,در جدول ذکر نشده,ادامه مخصوص داوطلبان بومی استان سیستان و بلوچستان؛ پردیس رسالت زاهدان/ اولویت پذیرش با داوطلبان بومی شهرستان های ایرانشهر، دلگان، بمپور، سرباز، فنوج، لاشار، راسک/محل خدمت راسک؛ پذیرش دانشجو‌معلم با تعهد خدمت؛ ضوابط بخش فرهنگیان دفترچه,1402-humanities-booklet,295,1402-humanities-booklet,295,کدرشته‌محل منبع: 51434؛ عنوان رشته در منبع: آموزش ابتدایی؛ نحوه پذیرش: با آزمون (بخش دانشجو‌معلم)؛ استان در این ردیف مربوط به بومی‌گزینی/محل خدمت است
1402,آموزش ابتدایی,دانشگاه فرهنگیان,پردیس رسالت زاهدان,سیستان و بلوچستان,در جدول ذکر نشده,,تعهد خدمت,3,زن,در جدول ذکر نشده,ادامه مخصوص داوطلبان بومی استان سیستان و بلوچستان؛ پردیس رسالت زاهدان/ اولویت پذیرش با داوطلبان بومی شهرستان های ایرانشهر، دلگان، بمپور، سرباز، فنوج، لاشار، راسک/محل خدمت دلگان؛ پذیرش دانشجو‌معلم با تعهد خدمت؛ ضوابط بخش فرهنگیان دفترچه,1402-humanities-booklet,295,1402-humanities-booklet,295,کدرشته‌محل منبع: 51435؛ عنوان رشته در منبع: آموزش ابت دایی؛ نحوه پذیرش: با آزمون (بخش دانشجو‌معلم)؛ استان در این ردیف مربوط به بومی‌گزینی/محل خدمت است
1402,آموزش ابتدایی,دانشگاه فرهنگیان,پردیس رسالت زاهدان,سیستان و بلوچستان,در جدول ذکر نشده,,تعهد خدمت,1,زن,در جدول ذکر نشده,ادامه مخصوص داوطلبان بومی استان سیستان و بلوچستان؛ پردیس رسالت زاهدان/ اولویت پذیرش با داوطلبان بومی شهرستان های ایرانشهر، دلگان، بمپور، سرباز، فنوج، لاشار، راسک/محل خدمت لاشار؛ پذیرش دانشجو‌معلم با تعهد خدمت؛ ضوابط بخش فرهنگیان دفترچه,1402-humanities-booklet,295,1402-humanities-booklet,295,کدرشته‌محل منبع: 51436؛ عنوان رشته در منبع: آموزش ابتدایی؛ نحوه پذیرش: با آزمون (بخش دانشجو‌معلم)؛ استان در این ردیف مربوط به بومی‌گزینی/محل خدمت است
1402,آموزش ابتدایی,دانشگاه فرهنگیان,پردیس رسالت زاهدان,سیستان و بلوچستان,در جدول ذکر نشده,,تعهد خدمت,2,زن,در جدول ذکر نشده,ادامه مخصوص داوطلبان بومی استان سیستان و بلوچستان؛ پردیس رسالت زاهدان/ اولویت پذیرش با داوطلبان بومی شهرستان های ایرانشهر، دلگان، بمپور، ،سرباز فنوج، لاشار، راسک/محل خدمت فنوج؛ پذیرش دانشجو‌معلم با تعهد خدمت؛ ضوابط بخش فرهنگیان دفترچه,1402-humanities-booklet,295,1402-humanities-booklet,295,کدرشته‌محل منبع: 51437؛ عنوان رشته در منبع: آموزش ابتدایی؛ نحوه پذیرش: با آزمون (بخش دانشجو‌معلم)؛ استان در این ردیف مربوط به بومی‌گزینی/محل خدمت است
1402,آموزش ابتدایی,دانشگاه فرهنگیان,پردیس رسالت زاهدان,سیستان و بلوچستان,در جدول ذکر نشده,,تعهد خدمت,5,زن,در جدول ذکر نشده,ادامه مخصوص داوطلبان بومی استان سیستان و بلوچستان؛ پردیس رسالت زاهدان/ اولویت پذیرش با داوطلبان بومی شهرستان های ایرانشهر، دلگان، بمپور، سرباز، فنوج، لاشار، راسک/محل خدمت سرباز؛ پذیرش دانشجو‌معلم با تعهد خدمت؛ ضوابط بخش فرهنگیان دفترچه,1402-humanities-booklet,295,1402-humanities-booklet,295,کدرشته‌محل منبع: 51438؛ عنوان رشته در منبع: آموزش ابتدایی؛ نحوه پذیرش: با آزمون (بخش دانشجو‌معلم)؛ استان در این ردیف مربوط به بومی‌گزینی/محل خدمت است
1402,آموزش ابتدایی,دانشگاه فرهنگیان,پردیس شهید باهنر بیرجند )ساختمان شماره دو قائ ن(,سیستان و بلوچستان,در جدول ذکر نشده,,تعهد خدمت,5,مرد,در جدول ذکر نشده,ادامه مخصوص داوطلبان بومی استان سیستان و بلوچستان؛ پردیس شهید باهنر بیرجند )ساختمان شماره دو قائ ن(/ اولویت پذیرش با داوطلبان بومی شهرستان های ایرانشهر، دلگان، بمپور، سرباز، فنوج، لاشار، راسک/محل خدمت ایرانشهر؛ پذیرش دانشجو‌معلم با تعهد خدمت؛ ضوابط بخش فرهنگیان دفترچه,1402-humanities-booklet,295,1402-humanities-booklet,295,کدرشته‌محل منبع: 51439؛ عنوان رشته در منبع: آموزش ابتدایی؛ نحوه پذیرش: با آزمون (بخش دانشجو‌معلم)؛ استان در این ردیف مربوط به بومی‌گزینی/محل خدمت است
1402,آموزش ابتدایی,دانشگاه فرهنگیان,پردیس شهید باهنر بیرجند )ساختمان شماره دو قائن(,سیستان و بلوچستان,در جدول ذکر نشده,,تعهد خدمت,4,مرد,در جدول ذکر نشده,ادامه مخصوص داوطلبان بومی استان سیستان و بلوچستان؛ پردیس شهید باهنر بیرجند )ساختمان شماره دو قائن(/ اولویت پذیرش با داوطلبان بومی شهرستان س ،های ایرانشهر، دلگان، بمپور رباز، فنوج، لاشار، راسک/محل خدمت بزمان؛ پذیرش دانشجو‌معلم با تعهد خدمت؛ ضوابط بخش فرهنگیان دفترچه,1402-humanities-booklet,295,1402-humanities-booklet,295,کدرشته‌محل منبع: 51440؛ عنوان رشته در منبع: آموزش ابتدایی؛ نحوه پذیرش: با آزمون (بخش دانشجو‌معلم)؛ استان در این ردیف مربوط به بومی‌گزینی/محل خدمت است
1402,آموزش ابتدایی,دانشگاه فرهنگیان,پردیس شهید باهنر بیرجند )ساختمان شماره دو قائن(,سیستان و بلوچستان,در جدول ذکر نشده,,تعهد خدمت,4,مرد,در جدول ذکر نشده,ادامه مخصوص داوطلبان بومی استان سیستان و بلوچستان؛ پردیس شهید باهنر بیرجند )ساختمان شماره دو قائن(/ اولویت پذیرش با داوطلبان بومی شهرستان های ایرانشهر، دلگان، بمپور، سرباز، فنوج، لاشار، راسک/محل خدمت بمپور؛ پذیرش دانشجو‌معلم با تعهد خدمت؛ ضوابط بخش فرهنگیان دفترچه,1402-humanities-booklet,295,1402-humanities-booklet,295,کدرشته‌محل منبع: 51441؛ عنوان رشته در منبع: آموزش ابتدایی؛ نحوه پذیرش: با آزمون (بخش دانشجو‌معلم)؛ استان در این ردیف مربوط به بومی‌گزینی/محل خدمت است
1402,آموزش ابتدایی,دانشگاه فرهنگیان,پردیس شه ید باهنر بیرجند )ساختمان شماره دو قائن(,سیستان و بلوچستان,در جدول ذکر نشده,,تعهد خدمت,7,مرد,در جدول ذکر نشده,ادامه مخصوص داوطلبان بومی استان سیستان و بلوچستان؛ پردیس شه ید باهنر بیرجند )ساختمان شماره دو قائن(/ اولویت پذیرش با داوطلبان بومی شهرستان های ایرانشهر، دلگان، بمپور، سرباز، فنوج، لاشار، راسک/محل خدمت راسک؛ پذیرش دانشجو‌معلم با تعهد خدمت؛ ضوابط بخش فرهنگیان دفترچه,1402-humanities-booklet,295,1402-humanities-booklet,295,کدرشته‌محل منبع: 51442؛ عنوان رشته در منبع: آموزش ابتدایی؛ نحوه پذیرش: با آزمون (بخش دانشجو‌معلم)؛ استان در این ردیف مربوط به بومی‌گزینی/محل خدمت است
1402,آموزش ابتدایی,دانشگاه فرهنگیان,پردیس شهید باهنر بیرجند )ساختمان شماره دو قائن(,سیستان و بلوچستان,در جدول ذکر نشده,,تعهد خدمت,5,مرد,در جدول ذکر نشده,ادامه مخصوص داوطلبان بومی استان سیستان و بلوچستان؛ پردیس شهید باهنر بیرجند )ساختمان شماره دو قائن(/ اولویت پذیرش با داوطلبان بومی شهرس تان های ایرانشهر، دلگان، بمپور، سرباز، فنوج، لاشار، راسک/محل خدمت دلگان؛ پذیرش دانشجو‌معلم با تعهد خدمت؛ ضوابط بخش فرهنگیان دفترچه,1402-humanities-booklet,295,1402-humanities-booklet,295,کدرشته‌محل منبع: 51443؛ عنوان رشته در منبع: آموزش ابتدایی؛ نحوه پذیرش: با آزمون (بخش دانشجو‌معلم)؛ استان در این ردیف مربوط به بومی‌گزینی/محل خدمت است
1402,آموزش ابتدایی,دانشگاه فرهنگیان,پردیس شهید باهنر بیرجند )ساختمان شماره دو قائن(,سیستان و بلوچستان,در جدول ذکر نشده,,تعهد خدمت,5,مرد,در جدول ذکر نشده,ادامه مخصوص داوطلبان بومی استان سیستان و بلوچستان؛ پردیس شهید باهنر بیرجند )ساختمان شماره دو قائن(/ اولویت پذیرش با داوطلبان بومی شهرستان های ایرانشهر، دلگان، بمپور، سرباز، فنوج، لاشار، راسک/محل خدمت لاشار؛ پذیرش دانشجو‌معلم با تعهد خدمت؛ ضوابط بخش فرهنگیان دفترچه,1402-humanities-booklet,295,1402-humanities-booklet,295,کدرشته‌محل منبع: 51444؛ عنوان رشته در منبع: آموزش ابتدایی؛ نحوه پذیرش: با آزمون (بخش دانشجو‌معلم)؛ استان در این ردیف مربوط به بومی‌گزینی/محل خدمت است
1402,آموزش ابتدایی,دانشگاه فرهنگیان,پردیس شهید باهنر بیرجند )ساختمان شماره دو قائن(,سیستان و بلوچستان,در جدول ذکر نشده,,تعهد خدمت,3,مرد,در جدول ذکر نشده,ادامه مخصوص داوطلبان بومی استان سیستان و بلوچستان؛ پردیس شهید باهنر بیرجند )ساختمان شماره دو قائن(/ اولویت پذیرش با داوطلبان بومی شهرستان های ایرانشهر، دلگان، بمپور، سرباز، فنوج، لاشار، راسک/محل خدمت فنوج؛ پذیرش دانشجو‌معلم با تعهد خدمت؛ ضوابط بخش فرهنگیان دفترچه,1402-humanities-booklet,295,1402-humanities-booklet,295,کدرشته‌محل منبع: 51445؛ عنوان رشته در منبع: آموزش ابتدایی؛ نحوه پذیرش: با آزمون (بخش دانشجو‌معلم)؛ استان در این ردیف مربوط به بومی‌گزینی/محل خدمت است
1402,آموزش ابتدایی,دانشگاه فرهنگیان,پردیس شهید باهنر بیرجند )ساختمان شماره دو قائن(,سیستان و بلوچستان,در جدول ذکر نشده,,تعهد خدمت,7,مرد,در جدول ذکر نشده,ادامه مخصوص داوطلبان بومی استان سیستان و بلوچستان؛ پردیس شهید باهنر بیرجند )ساختمان شماره دو قائن(/ ا ولویت پذیرش با داوطلبان بومی شهرستان های ایرانشهر، دلگان، بمپور، سرباز، فنوج، لاشار، راسک/محل خدمت سرباز؛ پذیرش دانشجو‌معلم با تعهد خدمت؛ ضوابط بخش فرهنگیان دفترچه,1402-humanities-booklet,295,1402-humanities-booklet,295,کدرشته‌محل منبع: 51446؛ عنوان رشته در منبع: آموزش ابتدایی؛ نحوه پذیرش: با آزمون (بخش دانشجو‌معلم)؛ استان در این ردیف مربوط به بومی‌گزینی/محل خدمت است
1402,آموزش ابتدایی,دانشگاه فرهنگیان,پردیس شهید باهنر بیرجند )ساختمان شماره دو قائن(,سیستان و بلوچستان,در جدول ذکر نشده,,تعهد خدمت,6,مرد,در جدول ذکر نشده,ادامه مخصوص داوطلبان بومی استان سیستان و بلوچستان؛ پردیس شهید باهنر بیرجند )ساختمان شماره دو قائن(/ اولویت پذیرش با داوطلبان بومی شهرستان های زابل، زهک، هامون، نیمروز، هیرمند/ محل خدمت بنجار؛ پذیرش دانشجو‌معلم با تعهد خدمت؛ ضوابط بخش فرهنگیان دفترچه,1402-humanities-booklet,295,1402-humanities-booklet,295,کدرشته‌محل منبع: 51447؛ عنوان رشته در منبع: آموزش ابتدایی؛ نحوه پذیرش: با آزمون (بخش دانشجو‌معلم)؛ استان در این ردیف مربوط به بومی‌گزینی/محل خدمت است
1402,آموزش ابتدایی,دانشگاه فرهنگیان,پردیس شهید باهنر بیرجند )ساختمان شماره دو قائن(,سیستان و بلوچستان,در جدول ذکر نشده,,تعهد خدمت,8,مرد,در جدول ذکر نشده,ادامه مخصوص داوطلبان بومی استان سیستان و بلوچستان؛ پردیس شهید باهنر بیرجند )ساختمان شماره دو قائن(/ اولویت پذیرش با داوطلبان بومی شهرستانهای سراوان، سیب سوران، مهرستان، گلشن)جالق(/محل خدمت جالق؛ پذیرش دانشجو‌معلم با تعهد خدمت؛ ضوابط بخش فرهنگیان دفترچه,1402-humanities-booklet,295,1402-humanities-booklet,295,کدرشته‌محل منبع: 51448؛ عنوان رشته در منبع: آموزش ابتدایی؛ نحوه پذیرش: با آزمون (بخش دانشجو‌معلم)؛ استان در این ردیف مربوط به بومی‌گزینی/محل خدمت است
1402,آموزش ابتدایی,دانشگاه فرهنگیان,پردیس شهید باهنر بیرجند )ساختمان شماره دو قا ئن(,سیستان و بلوچستان,در جدول ذکر نشده,,تعهد خدمت,7,مرد,در جدول ذکر نشده,ادامه مخصوص داوطلبان بومی استان سیستان و بلوچستان؛ پردیس شهید باهنر بیرجند )ساختمان شماره دو قا ئن(/ اولویت پذیرش با داوطلبان بومی شهرستانهای سراوان، سیب سوران، مهرستان، گلشن)جالق(/محل خدمت سراوان؛ پذیرش دانشجو‌معلم با تعهد خدمت؛ ضوابط بخش فرهنگیان دفترچه,1402-humanities-booklet,295,1402-humanities-booklet,295,کدرشته‌محل منبع: 51449؛ عنوان رشته در منبع: آموزش ابتدایی؛ نحوه پذیرش: با آزمون (بخش دانشجو‌معلم)؛ استان در این ردیف مربوط به بومی‌گزینی/محل خدمت است
1402,آموزش ابتدایی,دانشگاه فرهنگیان,پردیس شهید باهنر بیرجند )ساختمان شماره دو قائن(,سیستان و بلوچستان,در جدول ذکر نشده,,تعهد خدمت,7,مرد,در جدول ذکر نشده,ادامه مخصوص داوطلبان بومی استان سیستان و بلوچستان؛ پردیس شهید باهنر بیرجند )ساختمان شماره دو قائن(/ اولویت پذیرش با داوطلبان بومی (شهرستانهای سراوان، سیب سوران، مهرستان، گلشن)جالق / محل خدمت زابلی)مهرستان(؛ پذیرش دانشجو‌معلم با تعهد خدمت؛ ضوابط بخش فرهنگیان دفترچه,1402-humanities-booklet,295,1402-humanities-booklet,295,کدرشته‌محل منبع: 51450؛ عنوان رشته در منبع: آموزش ابتدایی؛ نحوه پذیرش: با آزمون (بخش دانشجو‌معلم)؛ استان در این ردیف مربوط به بومی‌گزینی/محل خدمت است
1402,آموزش ابتدایی,دانشگاه فرهنگیان,پردیس شهید باهنر بیرجند )ساختمان شماره دو قائن(,سیستان و بلوچستان,در جدول ذکر نشده,,تعهد خدمت,8,مرد,در جدول ذکر نشده,ادامه مخصوص داوطلبان بومی استان سیستان و بلوچستان؛ پردیس شهید باهنر بیرجند )ساختمان شماره دو قائن(/ اولویت پذیرش با داوطلبان بومی شهرستانهای سراوان، سیب سوران، مهرستان، گلشن)جالق(/محل خدمت بم پشت؛ پذیرش دانشجو‌معلم با تعهد خدمت؛ ضوابط بخش فرهنگیان دفترچه,1402-humanities-booklet,295,1402-humanities-booklet,295,کدرشته‌محل منبع: 51451؛ عنوان رشته در منبع: آموزش ابتدایی؛ نحوه پذیرش: با آزمون (بخش دانشجو‌معلم)؛ استان در این ردیف مربوط به بومی‌گزینی/محل خدمت است
1402,آموزش ابتدایی,دانشگاه فرهنگیان,پردیس شهید باهنر بیرجند )ساختمان شماره دو قائن(,سیستان و بلوچستان,در جدول ذکر نشده,,تعهد خدمت,7,مرد,در جدول ذکر نشده,ادامه مخصوص داوطلبان بومی استان سیستان و بلوچستان؛ پردیس شهید باهنر بیرجند )ساختمان شماره دو قائن(/ اولویت پذیرش با داوطلبان بومی شهرستانهای سراوان، سیب سوران، مهرستان، گلشن)جالق(/محل خدمت سیب وسوران؛ پذیرش دانشجو‌معلم با تعهد خدمت؛ ضوابط بخش فرهنگیان دفترچه,1402-humanities-booklet,295,1402-humanities-booklet,295,کدرشته‌محل منبع: 51452؛ عنوان رشته در منبع: آموزش ابتدایی؛ نحوه پذیرش: با آزمون (بخش دانشجو‌معلم)؛ استان در این ردیف مربوط به بومی‌گزینی/محل خدمت است
1402,آموزش ابتدایی,دانشگاه فرهنگیان,پردیس شهید باهنر بیرجند )ساختمان شماره دو قائن(,سیستان و بلوچستان,در جدول ذکر نشده,,تعهد خدمت,6,مرد,در جدول ذکر نشده,پردیس شهید باهنر بیرجند )ساختمان شماره دو قائن(؛ اولویت پذیرش با داوطلبان بومی شهرستان های خاش، تفتان، میرجاوه؛ محل خدمت: وک آباد؛ تعهد خدمت دانشجو‌معلم مطابق دفترچه,1402-correction-5,17,1402-humanities-booklet,295,کدرشته‌محل منبع: 51453؛ عنوان رشته در منبع: آموزش ابتدایی؛ نحوه پذیرش: با آزمون (بخش دانشجو‌معلم)؛ استان در این ردیف مربوط به بومی‌گزینی/محل خدمت است؛ اصلاحیه: conditions
1402,آموزش ابتدایی,دانشگاه فرهنگیان,پردیس شهید باهنر بیرجند )ساختمان شماره دو قائن(,سیستان و بلوچستان,در جدول ذکر نشده,,تعهد خدمت,5,مرد,در جدول ذکر نشده,پردیس شهید باهنر بیرجند )ساختمان شماره دو قائن(؛ اولویت پذیرش با داوطلبان بومی شهرستان های خاش، تفتان، میرجاوه؛ محل خدمت: خاش؛ تعهد خدمت دانشجو‌معلم مطابق دفترچه,1402-correction-5,17,1402-humanities-booklet,296,کدرشته‌محل منبع: 51454؛ عنوان رشته در منبع: آموزش ابتدایی؛ نحوه پذیرش: با آزمون (بخش دانشجو‌معلم)؛ استان در این ردیف مربوط به بومی‌گزینی/محل خدمت است؛ اصلاحیه: conditions
1402,آموزش ابتدایی,دانشگاه فرهنگیان,پردیس شهید باهنر بیرجند )ساختمان شماره دو قائن(,سیستان و بلوچستان,در جدول ذکر نشده,,تعهد خدمت,11,مرد,در جدول ذکر نشده,ادامه مخصوص داوطلبان بومی استان سیستان و بلوچستان؛ پردیس شهید باهنر بیرجند )ساختمان شماره دو قائن(/ اولویت پذیرش با داوطلبان بومی شهرستان های زابل، زهک، هامون، نیمروز، هیرمند/محل خدمت نیمروز؛ پذیرش دانشجو‌معلم با تعهد خدمت؛ ضوابط بخش فرهنگیان دفترچه,1402-humanities-booklet,296,1402-humanities-booklet,296,کدرشته‌محل منبع: 51455؛ عنوان رشته در منبع: آموزش ابتدایی؛ نحوه پذیرش: با آزمون (بخش دانشجو‌معلم)؛ استان در این ردیف مربوط به بومی‌گزینی/محل خدمت است
1402,آموزش ابتدایی,دانشگاه فرهنگیان,(پردیس شهید باهنر بیرجند )ساختمان شماره دو قائن ,سیستان و بلوچستان,در جدول ذکر نشده,,تعهد خدمت,9,مرد,در جدول ذکر نشده,ادامه مخصوص داوطلبان بومی استان سیستان و بلوچستان؛ (پردیس شهید باهنر بیرجند )ساختمان شماره دو قائن / اولویت پذیرش با داوطلبان بومی شهرستان های زابل، زهک، هامون، نیمروز، هیرمند/محل خدمت هامون؛ پذیرش دانشجو‌معلم با تعهد خدمت؛ ضوابط بخش فرهنگیان دفترچه,1402-humanities-booklet,296,1402-humanities-booklet,296,کدرشته‌محل منبع: 51456؛ عنوان رشته در منبع: آموزش ابتدایی؛ نحوه پذیرش: با آزمون (بخش دانشجو‌معلم)؛ استان در این ردیف مربوط به بومی‌گزینی/محل خدمت است
1402,آموزش ابتدایی,دانشگاه فرهنگیان,پردیس شهید باهنر بیرجند )ساختمان شماره دو قائن(,سیستان و بلوچستان,در جدول ذکر نشده,,تعهد خدمت,11,مرد,در جدول ذکر نشده,ادامه مخصوص داوطلبان بومی استان سیستان و بلوچستان؛ پردیس شهید باهنر بیرجند )ساختمان شماره دو قائن(/ اولویت پذیرش با داوطلبان بومی شهرستان های زابل، زهک، هامون، نیمروز، هیرمند/محل خدمت هیرم ند؛ پذیرش دانشجو‌معلم با تعهد خدمت؛ ضوابط بخش فرهنگیان دفترچه,1402-humanities-booklet,296,1402-humanities-booklet,296,کدرشته‌محل منبع: 51457؛ عنوان رشته در منبع: آموزش ابتدایی؛ نحوه پذیرش: با آزمون (بخش دانشجو‌معلم)؛ استان در این ردیف مربوط به بومی‌گزینی/محل خدمت است
1402,آموزش ابتدایی,دانشگاه فرهنگیان,پردیس شهید باهنر بیرجند )ساختمان شماره دو قائن(,سیستان و بلوچستان,در جدول ذکر نشده,,تعهد خدمت,6,مرد,در جدول ذکر نشده,ادامه مخصوص داوطلبان بومی استان سیستان و بلوچستان؛ پردیس شهید باهنر بیرجند )ساختمان شماره دو قائن(/ اولویت پذیرش با داوطلبان بومی شهرستان های زابل، زهک، هامون، نیمروز، هیرمند/محل خدمت زابل؛ پذیرش دانشجو‌معلم با تعهد خدمت؛ ضوابط بخش فرهنگیان دفترچه,1402-humanities-booklet,296,1402-humanities-booklet,296,کدرشته‌محل منبع: 51458؛ عنوان رشته در منبع: آموزش ابتدایی؛ نحوه پذیرش: با آزمون (بخش دانشجو‌معلم)؛ استان در این ردیف مربوط به بومی‌گزینی/محل خدمت است
1402,آموزش ابتدایی,دانشگاه فرهنگیان,پردیس شهید باهنر بیرجند )ساختمان شماره دو قائن(,سیستان و بلوچستان,در جدول ذکر نشده,,تعهد خدمت,10,مرد,در جدول ذکر نشده,ادامه مخصوص داوطلبان بومی استان سیستان و بلوچستان؛ پردیس شهید باهنر بیرجند )ساختمان شماره دو قائن(/ اولویت پذیر ش با داوطلبان بومی شهرستان های زابل، زهک، هامون، نیمروز، هیرمند/محل خدمت زهک؛ پذیرش دانشجو‌معلم با تعهد خدمت؛ ضوابط بخش فرهنگیان دفترچه,1402-humanities-booklet,296,1402-humanities-booklet,296,کدرشته‌محل منبع: 51459؛ عنوان رشته در منبع: آموزش ابتدایی؛ نحوه پذیرش: با آزمون (بخش دانشجو‌معلم)؛ استان در این ردیف مربوط به بومی‌گزینی/محل خدمت است
1402,آموزش ابتدایی,دانشگاه فرهنگیان,پردیس شهید باهنر بیرجند )ساختمان شماره دو قائن(,سیستان و بلوچستان,در جدول ذکر نشده,,تعهد خدمت,5,مرد,در جدول ذکر نشده,ادامه مخصوص داوطلبان بومی استان سیستان وبلوچستان؛ پردیس شهید باهنر بیرجند )ساختمان شماره دو قائن(/ اولویت پذیرش با داوطلبان بو می شهرستانهای چابهار، کنارک، نیکشهر، قصرقند، زرآباد، دشتیاری/محل خدمت کنارک؛ پذیرش دانشجو‌معلم با تعهد خدمت؛ ضوابط بخش فرهنگیان دفترچه,1402-humanities-booklet,301,1402-humanities-booklet,301,کدرشته‌محل منبع: 51460؛ عنوان رشته در منبع: آموزش ابتدایی؛ نحوه پذیرش: با آزمون (بخش دانشجو‌معلم)؛ استان در این ردیف مربوط به بومی‌گزینی/محل خدمت است؛ عبارت استان در منبع: سیستان وبلوچستان
1402,آموزش ابتدایی,دانشگاه فرهنگیان,پردیس شهید باهنر بیرجند )ساختمان شماره دو قائن(,سیستان و بلوچستان,در جدول ذکر نشده,,تعهد خدمت,7,مرد,در جدول ذکر نشده,ادامه مخصوص داوطلبان بومی استان سیستان وبلوچستان؛ پردیس شهید باهنر بیرجند )ساختمان شماره دو قائن(/ اولویت پذیرش با داوطلبان بومی شهرستانهای چابهار، کنارک، نیکشهر، قصرقند، زرآباد، دشتیاری/محل خدمت دشتیاری؛ پذیرش دانشجو‌معلم با تعهد خدمت؛ ضوابط بخش فرهنگیان دفترچه,1402-humanities-booklet,301,1402-humanities-booklet,301,کدرشته‌محل منبع: 51461؛ عنوان رشته در منبع: آموزش ابتدایی؛ نحوه پذیرش: با آزمون (بخش دانشجو‌معلم)؛ استان در این ردیف مربوط به بومی‌گزینی/محل خدمت است؛ عبارت استان در منبع: سیستان وبلوچستان
1402,آموزش ابتدایی,دانشگاه فرهنگیان,پردیس شهید باهنر بیرجند )ساختمان شماره دو قائن(,سیستان و بلوچستان,در جدول ذکر نشده,,تعهد خدمت,6,مرد,در جدول ذکر نشده,ادامه مخصوص داوطلبان بومی استان سیستان وبلوچستان؛ پردیس شهید باهنر بیرجند )ساختمان شماره دو قائن(/ اولویت پذیرش با داوطلبان بومی شهرستانهای چابهار، کنارک، نیکشهر، قصرقند، زرآباد، دشتیاری/محل خدمت اداره آموزش و پرورش پلان؛ پذیرش دانشجو‌معلم با تعهد خدمت؛ ضوابط بخش فرهنگیان دفترچه,1402-humanities-booklet,301,1402-humanities-booklet,301,کدرشته‌محل منبع: 51462؛ عنوان رشته در منبع: آموزش ابتدایی؛ نحوه پذیرش: با آزمون (بخش دانشجو‌معلم)؛ استان در این ردیف مربوط به بومی‌گزینی/محل خدمت است؛ عبارت استان در منبع: سیستان وبلوچستان
1402,آموزش ابتدایی,دانشگاه فرهنگیان,پردیس شهید باهنر بیرجند )ساختم ان شماره دو قائن(,سیستان و بلوچستان,در جدول ذکر نشده,,تعهد خدمت,5,مرد,در جدول ذکر نشده,ادامه مخصوص داوطلبان بومی استان سیستان وبلوچستان؛ پردیس شهید باهنر بیرجند )ساختم ان شماره دو قائن(/ اولویت پذیرش با داوطلبان بومی شهرستانهای چابهار، کنارک، نیکشهر، قصرقند، زرآباد، دشتیاری/محل خدمت چابهار؛ پذیرش دانشجو‌معلم با تعهد خدمت؛ ضوابط بخش فرهنگیان دفترچه,1402-humanities-booklet,301,1402-humanities-booklet,301,کدرشته‌محل منبع: 51463؛ عنوان رشته در منبع: آموزش ابتدایی؛ نحوه پذیرش: با آزمون (بخش دانشجو‌معلم)؛ استان در این ردیف مربوط به بومی‌گزینی/محل خدمت است؛ عبارت استان در منبع: سیستان وبلوچستان
1402,آموزش ابتدایی,دانشگاه فرهنگیان,پردیس شهید باهنر بیرجند )ساختمان شماره دو قائن(,سیستان و بلوچستان,در جدول ذکر نشده,,تعهد خدمت,6,مرد,در جدول ذکر نشده,ادامه مخصوص داوطلبان بومی استان سیستان وبلوچستان؛ پردیس شهید باهنر بیرجند )ساختمان شماره دو قائن(/ اولویت پذیرش با داوطلبان بومی شهرستانهای چابهار، کنارک، ن یکشهر، قصرقند، زرآباد، دشتیاری/محل خدمت زر آباد؛ پذیرش دانشجو‌معلم با تعهد خدمت؛ ضوابط بخش فرهنگیان دفترچه,1402-humanities-booklet,301,1402-humanities-booklet,301,کدرشته‌محل منبع: 51464؛ عنوان رشته در منبع: آموزش ابتدایی؛ نحوه پذیرش: با آزمون (بخش دانشجو‌معلم)؛ استان در این ردیف مربوط به بومی‌گزینی/محل خدمت است؛ عبارت استان در منبع: سیستان وبلوچستان
1402,آموزش ابتدایی,دانشگاه فرهنگیان,پردیس شهید باهنر بیرجند )ساختمان شماره دو قائن(,سیستان و بلوچستان,در جدول ذکر نشده,,تعهد خدمت,4,مرد,در جدول ذکر نشده,ادامه مخصوص داوطلبان بومی استان سیستان وبلوچستان؛ پردیس شهید باهنر بیرجند )ساختمان شماره دو قائن(/ اولویت پذیرش با داوطلبان بومی شهرستانهای چابهار، کنارک، نیکشهر، قصرقند، زرآباد، دشتیاری/محل خدمت نیک شهر؛ پذیرش دانشجو‌معلم با تعهد خدمت؛ ضوابط بخش فرهنگیان دفترچه,1402-humanities-booklet,301,1402-humanities-booklet,301,کدرشته‌محل منبع: 51465؛ عنوان رشته در منبع: آموزش ابتدایی؛ نحوه پذیرش: با آزمون (بخش دانشجو‌معلم)؛ استان در این ردیف مربوط به بومی‌گزینی/محل خدمت است؛ عبارت استان در منبع: سیستان وبلوچستان
1402,آموزش ابتدایی,دانشگاه فرهنگیان,پردیس شهید باهنر بیرجند )ساختمان شماره دو قائن(,سیستان و بلوچستان,در جدول ذکر نشده,,تعهد خدمت,2,مرد,در جدول ذکر نشده,ادامه مخصوص داوطلبان بومی استان سیستان وبلوچستان؛ پردیس شهید باهنر بیرجند )ساختمان شماره دو قائن(/ اولویت پذیرش با داوطلبان بومی شهرستانهای چابهار، کنارک، نیکشهر، قصرقند، زرآباد، دشتیاری/محل خدمت قصرقند؛ پذیرش دانشجو‌معلم با تعهد خدمت؛ ضوابط بخش فرهنگیان دفترچه,1402-humanities-booklet,301,1402-humanities-booklet,301,کدرشته‌محل منبع: 51466؛ عنوان رشته در منبع: آموزش ابتدایی؛ نحوه پذیرش: با آزمون (بخش دانشجو‌معلم)؛ استان در این ردیف مربوط به بومی‌گزینی/محل خدمت است؛ عبارت استان در منبع: سیستان وبلوچستان
1402,آموزش ابتدایی,دانشگاه فرهنگیان,پردیس شهید باهنر بیرجند )ساختمان شماره دو قائن(,سیستان و بلوچستان,در جدول ذکر نشده,,تعهد خدمت,2,مرد,در جدول ذکر نشده,ادامه مخصوص داوطلبان بومی استان سیستان وبلوچستان؛ پردیس شهید باهنر بیرجند )ساختمان شماره دو قائن(/ اولویت پذیرش با داوطلبان بو می شهرستانهای چابهار، کنارک، نیکشهر، قصرقند، زرآباد، دشتیاری/محل خدمت بنت؛ پذیرش دانشجو‌معلم با تعهد خدمت؛ ضوابط بخش فرهنگیان دفترچه,1402-humanities-booklet,301,1402-humanities-booklet,301,کدرشته‌محل منبع: 51467؛ عنوان رشته در منبع: آموزش ابتدایی؛ نحوه پذیرش: با آزمون (بخش دانشجو‌معلم)؛ استان در این ردیف مربوط به بومی‌گزینی/محل خدمت است؛ عبارت استان در منبع: سیستان وبلوچستان
1402,آموزش ابتدایی,دانشگاه فرهنگیان,پردیس شهید مطهری زاهدان,سیستان و بلوچستان,در جدول ذکر نشده,,تعهد خدمت,6,مرد,در جدول ذکر نشده,پردیس شهید مطهری زاهدان؛ اولویت پذیرش با داوطلبان بومی شهرستان های خاش، تفتان، میرجاوه؛ محل خدمت: میرجاوه؛ تعهد خدمت دانشجو‌معلم مطابق دفترچه,1402-correction-5,16,1402-humanities-booklet,296,کدرشته‌محل منبع: 51468؛ عنوان رشته در منبع: آموزش ابتدایی؛ نحوه پذیرش: با آزمون (بخش دانشجو‌معلم)؛ استان در این ردیف مربوط به بومی‌گزینی/محل خدمت است؛ اصلاحیه: conditions
1402,آموزش ابتدایی,دانشگاه فرهنگیان,پردیس شهید مطهری زاهدان ,سیستان و بلوچستان,در جدول ذکر نشده,,تعهد خدمت,15,مرد,در جدول ذکر نشده,پردیس شهید مطهری زاهدان ؛ اولویت پذیرش با داوطلبان بومی شهرستان های زاهدان، نصرت آباد؛ محل خدمت: زاهدان .ناحیه1؛ تعهد خدمت دانشجو‌معلم مطابق دفترچه,1402-correction-5,16,1402-humanities-booklet,296,کدرشته‌محل منبع: 51469؛ عنوان رشته در منبع: آموزش ابتدایی؛ نحوه پذیرش: با آزمون (بخش دانشجو‌معلم)؛ استان در این ردیف مربوط به بومی‌گزینی/محل خدمت است؛ اصلاحیه: conditions
1402,آموزش ابتدایی,دانشگاه فرهنگیان,پردیس شهید مطهری زاهدان,سیستان و بلوچستان,در جدول ذکر نشده,,تعهد خدمت,14,مرد,در جدول ذکر نشده,پردیس شهید مطهری زاهدان؛ اولویت پذیرش با داوطلبان بومی شهرستان های زاهدان، نصرت آباد؛ محل خدمت: زاهدان .ناحیه2؛ تعهد خدمت دانشجو‌معلم مطابق دفترچه,1402-correction-5,16,1402-humanities-booklet,296,کدرشته‌محل منبع: 51470؛ عنوان رشته در منبع: آموزش ابتدایی؛ نحوه پذیرش: با آزمون (بخش دانشجو‌معلم)؛ استان در این ردیف مربوط به بومی‌گزینی/محل خدمت است؛ اصلاحیه: conditions
1402,آموزش ابتدایی,دانشگاه فرهنگیان,پردیس شهید مطهری زاهدان,سیستان و بلوچستان,در جدول ذکر نشده,,تعهد خدمت,9,مرد,در جدول ذکر نشده,پردیس شهید مطهری زاهدان؛ اولویت پذیرش با داوطلبان بومی شهرستان های زاهدان، نصرت آباد؛ محل خدمت: نصرت آباد؛ تعهد خدمت دانشجو‌معلم مطابق دفترچه,1402-correction-5,16,1402-humanities-booklet,296,کدرشته‌محل منبع: 51471؛ عنوان رشته در منبع: آموزش ابتدایی؛ نحوه پذیرش: با آزمون (بخش دانشجو‌معلم)؛ استان در این ردیف مربوط به بومی‌گزینی/محل خدمت است؛ اصلاحیه: conditions
1402,آموزش ابتدایی,دانشگاه فرهنگیان,پردیس شهید باهنر شیراز )مرکز آموزش عالی زینب کبری )س(کازرون(,فارس,در جدول ذکر نشده,,تعهد خدمت,3,زن,در جدول ذکر نشده,ادامه مخصوص داوطلبان بومی استان فارس؛ پردیس شهید باهنر شیراز )مرکز آموزش عالی زینب کبری )س(کازرون(/ اولویت پذیرش با داوطلبان بومی ش هرستانهای فراشبند، فیروزآباد، قیر و کارزین/محل خدمت فیروزآباد؛ پذیرش دانشجو‌معلم با تعهد خدمت؛ ضوابط بخش فرهنگیان دفترچه,1402-humanities-booklet,310,1402-humanities-booklet,310,کدرشته‌محل منبع: 51528؛ عنوان رشته در منبع: آموزش ابتدایی؛ نحوه پذیرش: با آزمون (بخش دانشجو‌معلم)؛ استان در این ردیف مربوط به بومی‌گزینی/محل خدمت است
1402,آموزش ابتدایی,دانشگاه فرهنگیان,پردیس شهید باهنر شیراز )مرکز آموزش عالی زینب کبری )س(کازرون(,فارس,در جدول ذکر نشده,,تعهد خدمت,1,زن,در جدول ذکر نشده,ادامه مخصوص داوطلبان بومی استان فارس؛ پردیس شهید باهنر شیراز )مرکز آموزش عالی زینب کبری )س(کازرون(/ اولویت پذیرش با داوطلبان بومی شهرستانهای فراشبند، فیروزآباد، قیر و کارزین/محل خدمت فراشبند؛ پذیرش دانشجو‌معلم با تعهد خدمت؛ ضوابط بخش فرهنگیان دفترچه,1402-humanities-booklet,310,1402-humanities-booklet,310,کدرشته‌محل منبع: 51529؛ عنوان رشته در منبع: آموزش ابتد ایی؛ نحوه پذیرش: با آزمون (بخش دانشجو‌معلم)؛ استان در این ردیف مربوط به بومی‌گزینی/محل خدمت است
1402,آموزش ابتدایی,دانشگاه فرهنگیان,پردیس شهید باهنر شیراز )مرکز آموزش عالی زینب کبری )س(کازرون(,فارس,در جدول ذکر نشده,,تعهد خدمت,5,زن,در جدول ذکر نشده,ادامه مخصوص داوطلبان بومی استان فارس؛ پردیس شهید باهنر شیراز )مرکز آموزش عالی زینب کبری )س(کازرون(/ اولویت پذیرش با داوطلبان بومی شهرستانهای فراشبند، فیروزآباد، قیر و کارزین/محل خدمت قیروکارزین؛ پذیرش دانشجو‌معلم با تعهد خدمت؛ ضوابط بخش فرهنگیان دفترچه,1402-humanities-booklet,310,1402-humanities-booklet,310,کدرشته‌محل منبع: 51530؛ عنوان رشته در منبع: آموزش ابتدایی؛ نحوه پذیرش: با آزمون (بخش دانشجو‌معلم)؛ استان در این ردیف مربوط به بومی‌گزینی/محل خدمت است
1402,آموزش ابتدایی,دانشگاه فرهنگیان,پردیس شهید باهنر شیراز )مرکز آموزش عالی زینب کبری )س(کازرون(,فارس,در جدول ذکر نشده,,تعهد خدمت,2,زن,در جدول ذکر نشده,ادامه مخصوص داوطلبان بومی استان فارس؛ پردیس شهید باهنر شیراز )مرکز آموزش عالی زینب کبری )س(کازرون(/ ا ولویت پذیرش با داوطلبان بومی شهرستانهای فراشبند، فیروزآباد، قیر و کارزین/محل خدمت میمند؛ پذیرش دانشجو‌معلم با تعهد خدمت؛ ضوابط بخش فرهنگیان دفترچه,1402-humanities-booklet,310,1402-humanities-booklet,310,کدرشته‌محل منبع: 51531؛ عنوان رشته در منبع: آموزش ابتدایی؛ نحوه پذیرش: با آزمون (بخش دانشجو‌معلم)؛ استان در این ردیف مربوط به بومی‌گزینی/محل خدمت است
1402,آموزش ابتدایی,دانشگاه فرهنگیان,پردیس شهید باهنر شیراز )مرکز آموزش عالی زینب کبری )س(کازرون(,فارس,در جدول ذکر نشده,,تعهد خدمت,1,زن,در جدول ذکر نشده,ادامه مخصوص داوطلبان بومی استان فارس؛ پردیس شهید باهنر شیراز )مرکز آموزش عالی زینب کبری )س(کازرون(/ اولویت پذیرش با داوطلبان بومی شهرستانهای اقلید، آباده، بوانات، پاسارگاد، خرم بید ، سرچهان/محل خدمت خرم بید؛ پذیرش دانشجو‌معلم با تعهد خدمت؛ ضوابط بخش فرهنگیان دفترچه,1402-humanities-booklet,310,1402-humanities-booklet,310,کدرشته‌محل منبع: 51532؛ عنوان رشته در منبع: آموزش ابتدایی؛ نحوه پذیرش: با آزمون (بخش دانشجو‌معلم)؛ استان در این ردیف مربوط به بومی‌گزینی/محل خدمت است
1402,آموزش ابتدایی,دانشگاه فرهنگیان,پردیس شهید باهنر شیراز )مرکز آموزش عالی زینب کبری )س(کازرون(,فارس,در جدول ذکر نشده,,تعهد خدمت,2,زن,در جدول ذکر نشده,ادامه مخصوص داوطلبان بومی استان فارس؛ پردیس شهید باهنر شیراز )مرکز آموزش عالی زینب کبری )س(کازرون(/ اولویت پذیرش با داوطلبان بومی شهرستانهای اقلید، آباده، بوانات، پاسارگاد، خرم بید، سرچهان/محل خدمت پاسارگاد؛ پذیرش دانشجو‌معلم با تعهد خدمت؛ ضوابط بخش فرهنگیان دفترچه,1402-humanities-booklet,310,1402-humanities-booklet,310,کدرشته‌محل منبع: 51533؛ عنوان رشته در منبع: آموزش ابتدایی؛ نحوه پذیرش: با آزمون (بخش دانشجو‌معلم)؛ استان در این ردیف مربوط به بومی‌گزینی/محل خدمت است
1402,آموزش ابتدایی,دانشگاه فرهنگیان,پردیس شهی د باهنر شیراز )مرکز آموزش عالی زینب کبری )س(کازرون(,فارس,در جدول ذکر نشده,,تعهد خدمت,4,زن,در جدول ذکر نشده,ادامه مخصوص داوطلبان بومی استان فارس؛ پردیس شهی د باهنر شیراز )مرکز آموزش عالی زینب کبری )س(کازرون(/ اولویت پذیرش با داوطلبان بومی شهرستانهای اقلید، آباده، بوانات، پاسارگاد، خرم بید، سرچهان/محل خدمت آباده؛ پذیرش دانشجو‌معلم با تعهد خدمت؛ ضوابط بخش فرهنگیان دفترچه,1402-humanities-booklet,310,1402-humanities-booklet,310,کدرشته‌محل منبع: 51534؛ عنوان رشته در منبع: آموزش ابتدایی؛ نحوه پذیرش: با آزمون (بخش دانشجو‌معلم)؛ استان در این ردیف مربوط به بومی‌گزینی/محل خدمت است
1402,آموزش ابتدایی,دانشگاه فرهنگیان,پردیس شهید باهنر شیراز )مرکز آموزش عالی زینب کبری )س(کازرون(,فارس,در جدول ذکر نشده,,تعهد خدمت,1,زن,در جدول ذکر نشده,ادامه مخصوص داوطلبان بومی استان فارس؛ پردیس شهید باهنر شیراز )مرکز آموزش عالی زینب کبری )س(کازرون(/ اولویت پذیر ش با داوطلبان بومی شهرستانهای اقلید، آباده، بوانات، پاسارگاد، خرم بید، سرچهان/محل خدمت بوانات؛ پذیرش دانشجو‌معلم با تعهد خدمت؛ ضوابط بخش فرهنگیان دفترچه,1402-humanities-booklet,310,1402-humanities-booklet,310,کدرشته‌محل منبع: 51535؛ عنوان رشته در منبع: آموزش ابتدایی؛ نحوه پذیرش: با آزمون (بخش دانشجو‌معلم)؛ استان در این ردیف مربوط به بومی‌گزینی/محل خدمت است
1402,آموزش ابتدایی,دانشگاه فرهنگیان,پردیس شهید باهنر شیراز )مرکز آموزش عالی زینب کبری )س(کازرون(,فارس,در جدول ذکر نشده,,تعهد خدمت,1,زن,در جدول ذکر نشده,ادامه مخصوص داوطلبان بومی استان فارس؛ پردیس شهید باهنر شیراز )مرکز آموزش عالی زینب کبری )س(کازرون(/ اولویت پذیرش با داوطلبان بومی خ ،شهرستانهای اقلید، آباده، بوانات، پاسارگاد رم بید، سرچهان/محل خدمت سرچهان؛ پذیرش دانشجو‌معلم با تعهد خدمت؛ ضوابط بخش فرهنگیان دفترچه,1402-humanities-booklet,310,1402-humanities-booklet,310,کدرشته‌محل منبع: 51536؛ عنوان رشته در منبع: آموزش ابتدایی؛ نحوه پذیرش: با آزمون (بخش دانشجو‌معلم)؛ استان در این ردیف مربوط به بومی‌گزینی/محل خدمت است
1402,آموزش ابتدایی,دانشگاه فرهنگیان,پردیس شهید باهنر شیراز )مرکز آموزش عالی زینب کبری )س(کازرون(,فارس,در جدول ذکر نشده,,تعهد خدمت,2,زن,در جدول ذکر نشده,ادامه مخصوص داوطلبان بومی استان فارس؛ پردیس شهید باهنر شیراز )مرکز آموزش عالی زینب کبری )س(کازرون(/ اولویت پذیرش با داوطلبان بومی شهرستانهای اقلید، آباده، بوانات، پاسارگاد، خرم بید، سرچهان/محل خدمت اقلید؛ پذیرش دانشجو‌معلم با تعهد خدمت؛ ضوابط بخش فرهنگیان دفترچه,1402-humanities-booklet,311,1402-humanities-booklet,311,کدرشته‌محل منبع: 51537؛ عنوان رشته در منبع: آموزش ابتدایی؛ نحوه پذیرش: با آزمون (بخش دانشجو‌معلم)؛ استان در این ردیف مربوط به بومی‌گزینی/محل خدمت است
1402,آموزش ابتدایی,دانشگاه فرهنگیان,پردیس شهید باهنر شیراز )مرکز آموزش عالی زینب کبری )س(کازرون(,فارس,در جدول ذکر نشده,,تعهد خدمت,2,زن,در جدول ذکر نشده,ادامه مخصوص داوطلبان بومی استان فارس؛ پردیس شهید باهنر شیراز )مرکز آموزش عالی زینب کبری )س(کازرون(/ اولویت پذیرش با داوطلبان بومی خ شهرستانهای اقلید، آباده، بوانات، پاسارگاد، خرم بید، سرچهان/محل دمت سده؛ پذیرش دانشجو‌معلم با تعهد خدمت؛ ضوابط بخش فرهنگیان دفترچه,1402-humanities-booklet,311,1402-humanities-booklet,311,کدرشته‌محل منبع: 51538؛ عنوان رشته در منبع: آموزش ابتدایی؛ نحوه پذیرش: با آزمون (بخش دانشجو‌معلم)؛ استان در این ردیف مربوط به بومی‌گزینی/محل خدمت است
1402,آموزش ابتدایی,دانشگاه فرهنگیان,پردیس شهید باهنر شیراز )مرکز آموزش عالی زینب کبری )س(کازرون(,فارس,در جدول ذکر نشده,,تعهد خدمت,1,زن,در جدول ذکر نشده,ادامه مخصوص داوطلبان بومی استان فارس؛ پردیس شهید باهنر شیراز )مرکز آموزش عالی زینب کبری )س(کازرون(/ اولویت پذیرش با داوطلبان بومی (شهرستانهای اقلید، آباده، بوانات، پاسارگاد، خرم بید، سرچهان/محل خدمت مشهدمرغاب )قادرآباد؛ پذیرش دانشجو‌معلم با تعهد خدمت؛ ضوابط بخش فرهنگیان دفترچه,1402-humanities-booklet,311,1402-humanities-booklet,311,کدرشته‌محل منبع: 51539؛ عنوان رشته در منبع: آموزش ابتدایی؛ نحوه پذیرش: با آزمون (بخش دانشجو‌معلم)؛ استان در این ردیف مربوط به بومی‌گزینی/محل خدمت است
1402,آموزش ابتدایی,دانشگاه فرهنگیان,پردیس شهید باهن ر شیراز )مرکز آموزش عالی زینب کبری )س(کازرون(,فارس,در جدول ذکر نشده,,تعهد خدمت,1,زن,در جدول ذکر نشده,ادامه مخصوص داوطلبان بومی استان فارس؛ پردیس شهید باهن ر شیراز )مرکز آموزش عالی زینب کبری )س(کازرون(/ اولویت پذیرش با داوطلبان بومی شهرستانهای رستم، کازرون، ممسنی، کوه چنار/محل خدمت خشت وکمارج؛ پذیرش دانشجو‌معلم با تعهد خدمت؛ ضوابط بخش فرهنگیان دفترچه,1402-humanities-booklet,311,1402-humanities-booklet,311,کدرشته‌محل منبع: 51540؛ عنوان رشته در منبع: آموزش ابتدایی؛ نحوه پذیرش: با آزمون (بخش دانشجو‌معلم)؛ استان در این ردیف مربوط به بومی‌گزینی/محل خدمت است
1402,آموزش ابتدایی,دانشگاه فرهنگیان,پردیس شهید باهنر شیراز )مرکز آموزش عالی زینب کبری )س(کازرون(,فارس,در جدول ذکر نشده,,تعهد خدمت,1,زن,در جدول ذکر نشده,ادامه مخصوص داوطلبان بومی استان فارس؛ پردیس شهید باهنر شیراز )مرکز آموزش عالی زینب کبری )س(کازرون(/ اولویت پذیرش با داوطلبان بومی شهرستانهای رستم، کازرون، ممسنی، کوه چنار/محل خدمت رستم؛ پذیرش دانشجو‌معلم با تعهد خدمت؛ ضوابط بخش فرهنگیان دفترچه,1402-humanities-booklet,311,1402-humanities-booklet,311,کدرشته‌محل منبع: 51541؛ عنوان رشته در منبع: آموزش ابتدایی؛ نحوه پذیرش: با آزمون (بخش دانشجو‌معلم)؛ استان در این ردیف مربوط به بومی‌گزینی/محل خدمت است
1402,آموزش ابتدایی,دانشگاه فرهنگیان,پردیس شهید باهنر شیراز )مرکز آموزش عالی زینب کبری )س(کازرون(,فارس,در جدول ذکر نشده,,تعهد خدمت,1,زن,در جدول ذکر نشده,ادامه مخصوص داوطلبان بومی استان فارس؛ پردیس شهید باهنر شیراز )مرکز آموزش عالی زینب کبری )س(کازرون(/ اولویت پذیرش با داوطلبان بومی شهرستانهای رستم، کازرون، ممسنی، کوه چنار/محل خدمت دشمن زیاری؛ پذیرش دانشجو‌معلم با تعهد خدمت؛ ضوابط بخش فرهنگیان دفترچه,1402-humanities-booklet,311,1402-humanities-booklet,311,کدرشته‌محل منبع: 51542؛ عنوان رشته در منبع: آموزش ابتدایی؛ نحوه پذیرش: با آزمون (بخش دانشجو‌معلم)؛ استان در این ردیف مربوط به بومی‌گزینی/محل خدمت است
1402,آموزش ابتدایی,دانشگاه فرهنگیان,پردیس شهید باهنر شیراز )مرکز آموزش عالی زینب کبری )س(کازرون(,فارس,در جدول ذکر نشده,,تعهد خدمت,4,زن,در جدول ذکر نشده,ادامه مخصوص داوطلبان بومی استان فارس؛ پردیس شهید باهنر شیراز )مرکز آموزش عالی زینب کبری )س(کازرون(/ اولویت پذیرش با داوطلبان بومی شهرستانهای رستم، کازرون، ممسنی، کوه چنار/محل خدمت کازرون؛ پذیرش دانشجو‌معلم با تعهد خدمت؛ ضوابط بخش فرهنگیان دفترچه,1402-humanities-booklet,311,1402-humanities-booklet,311,کدرشته‌محل منبع: 51543؛ عنوان رشته در منبع: آموزش ابتدایی؛ نحوه پذیرش: با آزمون (بخش دانشجو‌معلم)؛ استان در این ردیف مربوط به بومی‌گزینی/محل خدمت است
1402,آموزش ابتدایی,دانشگاه فرهنگیان,پردیس شهید باهنر شیراز )مرکز آموزش عالی زینب کبری )س(کازرون(,فارس,در جدول ذکر نشده,,تعهد خدمت,2,زن,در جدول ذکر نشده,ادامه مخصوص داوطلبان بومی استان فارس؛ پردیس شهید باهنر شیراز )مرکز آموزش عالی زینب کبری )س(کازرون(/ اولویت پذیرش با داوطلبان بومی شهرستانهای رستم، کازرون، ممسنی، کوه چنار/محل خدمت بالاده؛ پذیرش دانشجو‌معلم با تعهد خدمت؛ ضوابط بخش فرهنگیان دفترچه,1402-humanities-booklet,311,1402-humanities-booklet,311,کدرشته‌محل منبع: 51544؛ عنوان رشته در منبع: آموزش ابتدایی؛ نحوه پذیرش: با آزمون (بخش دانشجو‌معلم)؛ استان در این ردیف مربوط به بومی‌گزینی/محل خدمت است
1402,آموزش ابتدایی,دانشگاه فرهنگیان,پردیس شهید باهنر شیراز )مرکز آموزش عالی زینب کبری )س(کازرون(,فارس,در جدول ذکر نشده,,تعهد خدمت,1,زن,در جدول ذکر نشده,ادامه مخصوص داوطلبان بومی استان فارس؛ پردیس شهید باهنر شیراز )مرکز آموزش عالی زینب کبری )س(کازرون(/ اولویت پذیرش با داوطلبان بومی شهرستانهای رستم، کازرون، ممسنی، کوه چنار/محل خدمت کهمره؛ پذیرش دانشجو‌معلم با تعهد خدمت؛ ضوابط بخش فرهنگیان دفترچه,1402-humanities-booklet,311,1402-humanities-booklet,311,کدرشته‌محل منبع: 51545؛ عنوان رشته در منبع: آموزش ابتدایی؛ نحوه پذیرش: با آزمون (بخش دانشجو‌معلم)؛ استان در این ردیف مربوط به بومی‌گزینی/محل خدمت است
1402,آموزش ابتدایی,دانشگاه فرهنگیان,پردیس شهید باهنر شیراز )مرکز آموزش عالی زینب کبری )س(کازرون(,فارس,در جدول ذکر نشده,,تعهد خدمت,1,زن,در جدول ذکر نشده,ادامه مخصوص داوطلبان بومی استان فارس؛ پردیس شهید باهنر شیراز )مرکز آموزش عالی زینب کبری )س(کازرون(/ اولویت پذیرش با داوطلبان بومی شهرستانهای رستم، کازرون، ممسنی، کوه چنار/محل خدمت قایمیه؛ پذیرش دانشجو‌معلم با تعهد خدمت؛ ضوابط بخش فرهنگیان دفترچه,1402-humanities-booklet,311,1402-humanities-booklet,311,کدرشته‌محل منبع: 51546؛ عنوان رشته در منبع: آموزش ابتدایی؛ نحوه پذیرش: با آزمون (بخش دانشجو‌معلم)؛ استان در این ردیف مربوط به بومی‌گزینی/محل خدمت است
1402,آموزش ابتدایی,دانشگاه فرهنگیان,پردیس شهید باهنر شیراز )مرکز آموزش عالی زینب کبری )س(کازرون(,فارس,در جدول ذکر نشده,,تعهد خدمت,1,زن,در جدول ذکر نشده,ادامه مخصوص داوطلبان بومی استان فارس؛ پردیس شهید باهنر شیراز )مرکز آموزش عالی زینب کبری )س(کازرون(/ اول ویت پذیرش با داوطلبان بومی شهرستانهای رستم، کازرون، ممسنی، کوه چنار/محل خدمت ممسنی؛ پذیرش دانشجو‌معلم با تعهد خدمت؛ ضوابط بخش فرهنگیان دفترچه,1402-humanities-booklet,311,1402-humanities-booklet,311,کدرشته‌محل منبع: 51547؛ عنوان رشته در منبع: آموزش ابتدایی؛ نحوه پذیرش: با آزمون (بخش دانشجو‌معلم)؛ استان در این ردیف مربوط به بومی‌گزینی/محل خدمت است
1402,آموزش ابتدایی,دانشگاه فرهنگیان,پردیس شهید باهنر شیراز )مرکز آموزش عالی زینب کبری )س(کازرون(,فارس,در جدول ذکر نشده,,تعهد خدمت,1,زن,در جدول ذکر نشده,ادامه مخصوص داوطلبان بومی استان فارس؛ پردیس شهید باهنر شیراز )مرکز آموزش عالی زینب کبری )س(کازرون(/ اولویت پذیرش با داوطلبان بومی شهرستانهای رستم، کازرون، ممسنی، کوه چنار/محل خدمت بابام نیرماهورمیلاتی؛ پذیرش دانشجو‌معلم با تعهد خدمت؛ ضوابط بخش فرهنگیان دفترچه,1402-humanities-booklet,311,1402-humanities-booklet,311,کدرشته‌محل منبع: 51548؛ عنوان رشته در منبع: آموزش ابتدایی؛ نحوه پذیرش: با آزمون (بخش دانشجو‌معلم)؛ استان در این ردیف مربوط به بومی‌گزینی/محل خدمت است
1402,آموزش ابتدایی,دانشگاه فرهنگیان,پردیس شهید باهنر شیراز )مرکز آموزش عالی زینب کبری )س(کازرون(,فارس,در جدول ذکر نشده,,تعهد خدمت,4,زن,در جدول ذکر نشده,ادامه مخصوص داوطلبان بومی استان فارس؛ پردیس شهید باهنر شیراز )مرکز آموزش عالی زینب کبری )س(کازرون(/ اولویت پذیرش با داوطلبان بومی شهرستانهای جهرم، داراب، زرین دشت، لارستان، خفر، اوز، جویم /محل خدمت خفر؛ پذیرش دانشجو‌معلم با تعهد خدمت؛ ضوابط بخش فرهنگیان دفترچه,1402-humanities-booklet,311,1402-humanities-booklet,311,کدرشته‌محل منبع: 51549؛ عنوان رشته در منبع: آموزش ابتدایی؛ نحوه پذیرش: با آزمون (بخش دانشجو‌معلم)؛ استان در این ردیف مربوط به بومی‌گزینی/محل خدمت است
1402,آموزش ابتدایی,دانشگاه فرهنگیان,م) پردیس شهید باهنر شیراز رکز آموزش عالی زینب کبری )س(کازرون(,فارس,در جدول ذکر نشده,,تعهد خدمت,3,زن,در جدول ذکر نشده,ادامه مخصوص داوطلبان بومی استان فارس؛ م) پردیس شهید باهنر شیراز رکز آموزش عالی زینب کبری )س(کازرون(/ اولویت پذیرش با داوطلبان بومی شهرستانهای جهرم، داراب، زرین دشت، لارستان، خفر، اوز، جویم /محل خدمت جویم؛ پذیرش دانشجو‌معلم با تعهد خدمت؛ ضوابط بخش فرهنگیان دفترچه,1402-humanities-booklet,311,1402-humanities-booklet,311,کدرشته‌محل منبع: 51550؛ عنوان رشته در منبع: آموزش ابتدایی؛ نحوه پذیرش: با آزمون (بخش دانشجو‌معلم)؛ استان در این ردیف مربوط به بومی‌گزینی/محل خدمت است
1402,آموزش ابتدایی,دانشگاه فرهنگیان,پردیس شهید باهنر شیراز )مرکز آموزش عالی زینب کبری )س(کازرون(,فارس,در جدول ذکر نشده,,تعهد خدمت,2,زن,در جدول ذکر نشده,ادامه مخصوص داوطلبان بومی استان فارس؛ پردیس شهید باهنر شیراز )مرکز آموزش عالی زینب کبری )س(کازرون(/ اولویت پذیرش با داوطلبان بوم ی شهرستانهای جهرم، داراب، زرین دشت، لارستان، خفر، اوز، جویم /محل خدمت اوز؛ پذیرش دانشجو‌معلم با تعهد خدمت؛ ضوابط بخش فرهنگیان دفترچه,1402-humanities-booklet,311,1402-humanities-booklet,311,کدرشته‌محل منبع: 51551؛ عنوان رشته در منبع: آموزش ابتدایی؛ نحوه پذیرش: با آزمون (بخش دانشجو‌معلم)؛ استان در این ردیف مربوط به بومی‌گزینی/محل خدمت است
1402,آموزش ابتدایی,دانشگاه فرهنگیان,پردیس شهید باهنر شیراز )مرکز آموزش عالی زینب کبری )س(کازرون(,فارس,در جدول ذکر نشده,,تعهد خدمت,4,زن,در جدول ذکر نشده,ادامه مخصوص داوطلبان بومی استان فارس؛ پردیس شهید باهنر شیراز )مرکز آموزش عالی زینب کبری )س(کازرون(/ اولویت پذیرش با داوطلبان بومی خ شهرستانهای جهرم، داراب، زرین دشت، لارستان، خفر، اوز، جویم /محل دمت جهرم؛ پذیرش دانشجو‌معلم با تعهد خدمت؛ ضوابط بخش فرهنگیان دفترچه,1402-humanities-booklet,311,1402-humanities-booklet,311,کدرشته‌محل منبع: 51552؛ عنوان رشته در منبع: آموزش ابتدایی؛ نحوه پذیرش: با آزمون (بخش دانشجو‌معلم)؛ استان در این ردیف مربوط به بومی‌گزینی/محل خدمت است
1402,آموزش ابتدایی,دانشگاه فرهنگیان,پردیس شهید باهنر شیراز )مرکز آموزش عالی زینب کبری )س(کازرون(,فارس,در جدول ذکر نشده,,تعهد خدمت,4,زن,در جدول ذکر نشده,ادامه مخصوص داوطلبان بومی استان فارس؛ پردیس شهید باهنر شیراز )مرکز آموزش عالی زینب کبری )س(کازرون(/ اولویت پذیرش با داوطلبان بومی شهرستانهای جهرم، داراب، زرین دشت، لارستان، خفر، اوز، جویم /محل خدمت داراب؛ پذیرش دانشجو‌معلم با تعهد خدمت؛ ضوابط بخش فرهنگیان دفترچه,1402-humanities-booklet,311,1402-humanities-booklet,311,کدرشته‌محل منبع: 51553؛ عنوان رشته در منبع: آموزش ابتدایی؛ نحوه پذیرش: با آزمون (بخش دانشجو‌معلم)؛ استان در این ردیف مربوط به بومی‌گزینی/محل خدمت است
1402,آموزش ابتدایی,دانشگاه فرهنگیان,پردیس شهید باهنر شیراز )مرکز آموزش عالی زینب کبری )س(کازرون(,فارس,در جدول ذکر نشده,,تعهد خدمت,3,زن,در جدول ذکر نشده,ادامه مخصوص داوطلبان بومی استان فارس؛ پردیس شهید باهنر شیراز )مرکز آموزش عالی زینب کبری )س(کازرون(/ اولویت پذیرش با داوطلبان بومی شهرستانهای جهرم، داراب، زرین دشت، لارستان، خفر، اوز، جویم /محل خدمت زرین دشت؛ پذیرش دانشجو‌معلم با تعهد خدمت؛ ضوابط بخش فرهنگیان دفترچه,1402-humanities-booklet,311,1402-humanities-booklet,311,کدرشته‌محل منبع: 51554؛ عنوان رشته در منبع: آموزش ابتدایی؛ نحوه پذیرش: با آزمون (بخش دانشجو‌معلم)؛ استان در این ردیف مربوط به بومی‌گزینی/محل خدمت است
1402,آموزش ابتدایی,دانشگاه فرهنگیان,پردیس شهید باهنر شیراز )مرکز آموزش عالی زینب کبری )س(کازرون(,فارس,در جدول ذکر نشده,,تعهد خدمت,5,زن,در جدول ذکر نشده,ادامه مخصوص داوطلبان بومی استان فارس؛ پردیس شهید باهنر شیراز )مرکز آموزش عالی زینب کبری )س(کازرون(/ اولویت پذیرش با داوطلبان بوم ی شهرستانهای جهرم، داراب، زرین دشت، لارستان، خفر، اوز، جویم /محل خدمت لارستان؛ پذیرش دانشجو‌معلم با تعهد خدمت؛ ضوابط بخش فرهنگیان دفترچه,1402-humanities-booklet,311,1402-humanities-booklet,311,کدرشته‌محل منبع: 51555؛ عنوان رشته در منبع: آموزش ابتدایی؛ نحوه پذیرش: با آزمون (بخش دانشجو‌معلم)؛ استان در این ردیف مربوط به بومی‌گزینی/محل خدمت است
1402,آموزش ابتدایی,دانشگاه فرهنگیان,پردیس شهید باهنر شیراز )مرکز آموزش عالی زینب کبری )س(کازرون(,فارس,در جدول ذکر نشده,,تعهد خدمت,1,زن,در جدول ذکر نشده,ادامه مخصوص داوطلبان بومی استان فارس؛ پردیس شهید باهنر شیراز )مرکز آموزش عالی زینب کبری )س(کازرون(/ اولویت پذیرش با داوطلبان بومی م/ شهرستانهای جهرم، داراب، زرین دشت، لارستان، خفر، اوز، جویم حل خدمت بیرم؛ پذیرش دانشجو‌معلم با تعهد خدمت؛ ضوابط بخش فرهنگیان دفترچه,1402-humanities-booklet,311,1402-humanities-booklet,311,کدرشته‌محل منبع: 51556؛ عنوان رشته در منبع: آموزش ابتدایی؛ نحوه پذیرش: با آزمون (بخش دانشجو‌معلم)؛ استان در این ردیف مربوط به بومی‌گزینی/محل خدمت است
1402,آموزش ابتدایی,دانشگاه فرهنگیان,پردیس شهید باهنر شیراز )مرکز آموزش عالی زینب کبری )س(کازرون(,فارس,در جدول ذکر نشده,,تعهد خدمت,3,زن,در جدول ذکر نشده,ادامه مخصوص داوطلبان بومی استان فارس؛ پردیس شهید باهنر شیراز )مرکز آموزش عالی زینب کبری )س(کازرون(/ اولویت پذیرش با داوطلبان بومی شهرستانهای جهرم، داراب، زرین دشت، لارستان، خفر، اوز، جویم /محل خدمت فرگ؛ پذیرش دانشجو‌معلم با تعهد خدمت؛ ضوابط بخش فرهنگیان دفترچه,1402-humanities-booklet,311,1402-humanities-booklet,311,کدرشته‌محل منبع: 51557؛ عنوان رشته در منبع: آموزش ابتدایی؛ نحوه پذیرش: با آزمون (بخش دانشجو‌معلم)؛ استان در این ردیف مربوط به بومی‌گزینی/محل خدمت است
1402,آموزش ابتدایی,دانشگاه فرهنگیان,پردیس شهید باهنر شیراز )مرک ز آموزش عالی سلمان فارسی شیراز(,فارس,در جدول ذکر نشده,,تعهد خدمت,6,زن,در جدول ذکر نشده,ادامه مخصوص داوطلبان بومی استان فارس؛ پردیس شهید باهنر شیراز )مرک ز آموزش عالی سلمان فارسی شیراز(/ اولویت پذیرش با داوطلبان بومی شهرستانهای سپیدان، ارسنجان، خرامه، سروستان، شیراز، کوار، مرودشت، بیضا، زرقان/محل خدمت زرقان؛ پذیرش دانشجو‌معلم با تعهد خدمت؛ ضوابط بخش فرهنگیان دفترچه,1402-humanities-booklet,311,1402-humanities-booklet,311,کدرشته‌محل منبع: 51558؛ عنوان رشته در منبع: آموزش ابتدایی؛ نحوه پذیرش: با آزمون (بخش دانشجو‌معلم)؛ استان در این ردیف مربوط به بومی‌گزینی/محل خدمت است
1402,آموزش ابتدایی,دانشگاه فرهنگیان,پردیس شهید باهنر شیراز )مرکز آموزش عالی سلمان فارسی شیراز(,فارس,در جدول ذکر نشده,,تعهد خدمت,7,زن,در جدول ذکر نشده,ادامه مخصوص داوطلبان بومی استان فارس؛ پردیس شهید باهنر شیراز )مرکز آموزش عالی سلمان فارسی شیراز(/ اولویت پذیرش با داوطلبان بومی شهرستانهای سپیدان، ارسنجان، خرامه، سروستان، شیراز، کوار، مرودشت، بیضا، زرقان/محل خدمت کوار؛ پذیرش دانشجو‌معلم با تعهد خدمت؛ ضوابط بخش فرهنگیان دفترچه,1402-humanities-booklet,311,1402-humanities-booklet,311,کدرشته‌محل منبع: 51559؛ عنوان رشته در منبع: آموزش ابتدایی؛ نحوه پذیرش: با آزمون (بخش دانشجو‌معلم)؛ استان در این ردیف مربوط به بومی‌گزینی/محل خدمت است
1402,آموزش ابتدایی,دانشگاه فرهنگیان,پردیس شهید باهنر شیراز )مرکز آموزش عالی سلمان فارسی شیراز(,فارس,در جدول ذکر نشده,,تعهد خدمت,2,زن,در جدول ذکر نشده,ادامه مخصوص داوطلبان بومی استان فارس؛ پردیس شهید باهنر شیراز )مرکز آموزش عالی سلمان فارسی شیراز(/ اولویت پذیرش با داوطلبان بومی شهرستانهای ،سپیدان، ارسنجان، خرامه سروستان، شیراز، کوار، مرودشت، بیضا، زرقان/محل خدمت ارژن )کوهمره سرخی (؛ پذیرش دانشجو‌معلم با تعهد خدمت؛ ضوابط بخش فرهنگیان دفترچه,1402-humanities-booklet,311,1402-humanities-booklet,311,کدرشته‌محل منبع: 51560؛ عنوان رشته در منبع: آموزش ابتدایی؛ نحوه پذیرش: با آزمون (بخش دانشجو‌معلم)؛ استان در این ردیف مربوط به بومی‌گزینی/محل خدمت است
1402,آموزش ابتدایی,دانشگاه فرهنگیان,پردیس شهید باهنر شیراز )مرکز آموزش عالی سلمان فارسی شیراز(,فارس,در جدول ذکر نشده,,تعهد خدمت,5,زن,در جدول ذکر نشده,ادامه مخصوص داوطلبان بومی استان فارس؛ پردیس شهید باهنر شیراز )مرکز آموزش عالی سلمان فارسی شیراز(/ اولویت پذیرش با داوطلبان بومی شهرستانهای سپیدان، ارسنجان، خرامه، سروستان، شیراز، کوار، مرودشت، بیض ا، زرقان/محل خدمت مرودشت؛ پذیرش دانشجو‌معلم با تعهد خدمت؛ ضوابط بخش فرهنگیان دفترچه,1402-humanities-booklet,311,1402-humanities-booklet,311,کدرشته‌محل منبع: 51561؛ عنوان رشته در منبع: آموزش ابتدایی؛ نحوه پذیرش: با آزمون (بخش دانشجو‌معلم)؛ استان در این ردیف مربوط به بومی‌گزینی/محل خدمت است
1402,آموزش ابتدایی,دانشگاه فرهنگیان,پردیس شهید باهنر شیراز )مرکز آموزش عالی سلمان فارسی شیراز(,فارس,در جدول ذکر نشده,,تعهد خدمت,3,زن,در جدول ذکر نشده,ادامه مخصوص داوطلبان بومی استان فارس؛ پردیس شهید باهنر شیراز )مرکز آموزش عالی سلمان فارسی شیراز(/ اولویت پذیرش با داوطلبان بومی شهرستانهای سپیدان، ارسنجان، خرامه، سروستان، شیراز، کوار، مرودشت، بیضا، زرقان/محل خدمت کامفیروز؛ پذیرش دانشجو‌معلم با تعهد خدمت؛ ضوابط بخش فرهنگیان دفترچه,1402-humanities-booklet,311,1402-humanities-booklet,311,کدرشته‌محل منبع: 51562؛ عنوان رشته در منبع: آموزش ابتدایی؛ نحوه پذیرش: با آزمون (بخش دانشجو‌معلم)؛ استان در این ردیف مربوط به بومی‌گزینی/محل خدمت است
1402,آموزش ابتدایی,دانشگاه فرهنگیان,پردیس شهید باهنر شیراز )مرکز آموزش عالی سلمان فارسی شیراز(,فارس,در جدول ذکر نشده,,تعهد خدمت,3,زن,در جدول ذکر نشده,ادامه مخصوص داوطلبان بومی استان فارس؛ پردیس شهید باهنر شیراز )مرکز آموزش عالی سلمان فارسی شیراز(/ اولویت پذیرش با داوطلبان بومی شهرستانهای سپیدان، ارسنجان، خرامه، سروستان، شیراز، کوار، مرودشت، بیضا، زرقان/محل خدمت درودزن؛ پذیرش دانشجو‌معلم با تعهد خدمت؛ ضوابط بخش فرهنگیان دفترچه,1402-humanities-booklet,311,1402-humanities-booklet,311,کدرشته‌محل منبع: 51563؛ عنوان رشته در منبع: آموزش ابتدایی؛ نحوه پذیرش: با آزمون (بخش دانشجو‌معلم)؛ استان در این ردیف مربوط به بومی‌گزینی/محل خدمت است
1402,آموزش ابتدایی,دانشگاه فرهنگیان,،پردیس شهید باهنر شیراز,فارس,در جدول ذکر نشده,,تعهد خدمت,3,زن,در جدول ذکر نشده,ادامه مخصوص داوطلبان بومی استان فارس؛ ،پردیس شهید باهنر شیراز/ اولویت پذیرش با داوطلبان بومی شهرستانهای سپیدان، ارسنجان، خرامه، سروستان، شیراز کوار، مرودشت، بیضا، زرقان/محل خدمت خرامه؛ پذیرش دانشجو‌معلم با تعهد خدمت؛ ضوابط بخش فرهنگیان دفترچه,1402-humanities-booklet,312,1402-humanities-booklet,312,کدرشته‌محل منبع: 51564؛ عنوان رشته در منبع: آموزش ابتدایی؛ نحوه پذیرش: با آزمون (بخش دانشجو‌معلم)؛ استان در این ردیف مربوط به بومی‌گزینی/محل خدمت است
1402,آموزش ابتدایی,دانشگاه فرهنگیان,ش پردیس شهید باهنر یراز,فارس,در جدول ذکر نشده,,تعهد خدمت,5,زن,در جدول ذکر نشده,ادامه مخصوص داوطلبان بومی استان فارس؛ ش پردیس شهید باهنر یراز/ اولویت پذیرش با داوطلبان بومی شهرستانهای سپیدان، ارسنجان، خرامه، سروستان، شیراز، کوار، مرودشت، بیضا، زرقان/محل خدمت سروستان؛ پذیرش دانشجو‌معلم با تعهد خدمت؛ ضوابط بخش فرهنگیان دفترچه,1402-humanities-booklet,312,1402-humanities-booklet,312,کدرشته‌محل منبع: 51565؛ عنوان رشته در منبع: آموزش ابتدایی؛ نحوه پذیرش: با آزمون (بخش دانشجو‌معلم)؛ استان در این ردیف مربوط به بومی‌گزینی/محل خدمت است
1402,آموزش ابتدایی,دانشگاه فرهنگیان,پردیس شهید باهنر شیراز )مرکز آموزش عالی سلمان فارسی شیراز(,فارس,در جدول ذکر نشده,,تعهد خدمت,3,زن,در جدول ذکر نشده,ادامه مخصوص داوطلبان بومی استان فارس؛ پردیس شهید باهنر شیراز )مرکز آموزش عالی سلمان فارسی شیراز(/ اولویت پذیرش با داوطلبان بومی شهرستانهای سپیدان، ارسنجان، خرامه، سروستان، شیراز، کوار، مرودشت، بیضا، زرقان/محل خدمت سپیدان؛ پذیرش دانشجو‌معلم با تعهد خدمت؛ ضوابط بخش فرهنگیان دفترچه,1402-humanities-booklet,312,1402-humanities-booklet,312,کدرشته‌محل منبع: 51566؛ عنوان رشته در منبع: آموزش ابتدایی؛ نحوه پذیرش: با آزمون (بخش دانشجو‌معلم)؛ استان در این ردیف مربوط به بومی‌گزینی/محل خدمت است
1402,آموزش ابتدایی,دانشگاه فرهنگیان,پردیس شهید باهنر شیراز )مرکز آموزش عالی سلمان فارسی شیراز(,فارس,در جدول ذکر نشده,,تعهد خدمت,4,زن,در جدول ذکر نشده,ادامه مخصوص داوطلبان بومی استان فارس؛ پردیس شهید باهنر شیراز )مرکز آموزش عالی سلمان فارسی شیراز(/ اولویت پذیرش با داوطلبان بومی شهرستانهای ،سپیدان، ارسنجان، خرامه، سروستان، شیراز، کوار مرودشت، بیضا، زرقان/محل خدمت بیضا؛ پذیرش دانشجو‌معلم با تعهد خدمت؛ ضوابط بخش فرهنگیان دفترچه,1402-humanities-booklet,312,1402-humanities-booklet,312,کدرشته‌محل منبع: 51567؛ عنوان رشته در منبع: آموزش ابتدایی؛ نحوه پذیرش: با آزمون (بخش دانشجو‌معلم)؛ استان در این ردیف مربوط به بومی‌گزینی/محل خدمت است
1402,آموزش ابتدایی,دانشگاه فرهنگیان,پردیس شهید باهنر شیراز )مرکز آموزش عالی سلمان فارسی شیراز(,فارس,در جدول ذکر نشده,,تعهد خدمت,1,زن,در جدول ذکر نشده,ادامه مخصوص داوطلبان بومی استان فارس؛ پردیس شهید باهنر شیراز )مرکز آموزش عالی سلمان فارسی شیراز(/ اولویت پذیرش با داوطلبان بومی شهرستانهای سپیدان، ارسنجان، خرامه، سروستان، شیراز، کوار، مرودشت، بیضا، زرقان/محل خدمت ارسنجان؛ پذیرش دانشجو‌معلم با تعهد خدمت؛ ضوابط بخش فرهنگیان دفترچه,1402-humanities-booklet,312,1402-humanities-booklet,312,کدرشته‌محل منبع: 51568؛ عنوان رشته در منبع: آموزش ا بتدایی؛ نحوه پذیرش: با آزمون (بخش دانشجو‌معلم)؛ استان در این ردیف مربوط به بومی‌گزینی/محل خدمت است
1402,آموزش ابتدایی,دانشگاه فرهنگیان,پردیس شهید باهنر شیراز )مرکز آموزش عالی زینب کبری )س(کازرون(,فارس,در جدول ذکر نشده,,تعهد خدمت,2,زن,در جدول ذکر نشده,ادامه مخصوص داوطلبان بومی استان فارس؛ پردیس شهید باهنر شیراز )مرکز آموزش عالی زینب کبری )س(کازرون(/ اولویت پذیرش با داوطلبان بومی شهرستانهای خنج، گراش، لامرد، مهر/محل خدمت گله دار؛ پذیرش دانشجو‌معلم با تعهد خدمت؛ ضوابط بخش فرهنگیان دفترچه,1402-humanities-booklet,312,1402-humanities-booklet,312,کدرشته‌محل منبع: 51569؛ عنوان رشته در منبع: آموزش ابتدایی؛ نحوه پذیرش: با آزمون (بخش دانشجو‌معلم)؛ استان در این ردیف مربوط به بومی‌گزینی/محل خدمت است
1402,آموزش ابتدایی,دانشگاه فرهنگیان,پردیس شهید باهنر شیراز )مرکز آموزش عالی زینب کبری )س(کازرون(,فارس,در جدول ذکر نشده,,تعهد خدمت,3,زن,در جدول ذکر نشده,ادامه مخصوص داوطلبان بومی استان فارس؛ پردیس شهید باهنر شیراز )مرکز آموزش عالی زینب کبری )س(کازرون(/ اولویت پذیرش با داوطلبان بومی شهرستانهای خنج، گراش، لامرد، مهر/محل خدمت گراش؛ پذیرش دانشجو‌معلم با تعهد خدمت؛ ضوابط بخش فرهنگیان دفترچه,1402-humanities-booklet,312,1402-humanities-booklet,312,کدرشته‌محل منبع: 51570؛ عنوان رشته در منبع: آموزش ابتدایی؛ نحوه پذیرش: با آزمون (بخش دانشجو‌معلم)؛ استان در این ردیف مربوط به بومی‌گزینی/محل خدمت است
1402,آموزش ابتدایی,دانشگاه فرهنگیان,پردیس شهید باهنر شیراز )مرکز آموزش عالی زینب کبری )س(کازرون(,فارس,در جدول ذکر نشده,,تعهد خدمت,2,زن,در جدول ذکر نشده,ادامه مخصوص داوطلبان بومی استان فارس؛ پردیس شهید باهنر شیراز )مرکز آموزش عالی زینب کبری )س(کازرون(/ اولویت پذیرش با داوطلبان بومی شهرستانهای خنج، گراش، لامرد، مهر/محل خدمت مهر؛ پذیرش دانشجو‌معلم با تعهد خدمت؛ ضوابط بخش فرهنگیان دفترچه,1402-humanities-booklet,312,1402-humanities-booklet,312,کدرشته‌محل منبع: 51571؛ عنوان رشته در منبع: آموزش ابتدایی؛ نحوه پذیرش: با آزمون (بخش دانشجو‌معلم)؛ استان در این ردیف مربوط به بومی‌گزینی/محل خدمت است
1402,آموزش ابتدایی,دانشگاه فرهنگیان,پ ردیس شهید باهنر شیراز )مرکز آموزش عالی زینب کبری )س(کازرون(,فارس,در جدول ذکر نشده,,تعهد خدمت,2,زن,در جدول ذکر نشده,ادامه مخصوص داوطلبان بومی استان فارس؛ پ ردیس شهید باهنر شیراز )مرکز آموزش عالی زینب کبری )س(کازرون(/ اولویت پذیرش با داوطلبان بومی شهرستانهای خنج، گراش، لامرد، مهر/محل خدمت خنج؛ پذیرش دانشجو‌معلم با تعهد خدمت؛ ضوابط بخش فرهنگیان دفترچه,1402-humanities-booklet,312,1402-humanities-booklet,312,کدرشته‌محل منبع: 51572؛ عنوان رشته در منبع: آموزش ابتدایی؛ نحوه پذیرش: با آزمون (بخش دانشجو‌معلم)؛ استان در این ردیف مربوط به بومی‌گزینی/محل خدمت است
1402,آموزش ابتدایی,دانشگاه فرهنگیان,پردیس شهید باهنر شیراز )مرکز آموزش عالی زینب کبری )س(کازرون(,فارس,در جدول ذکر نشده,,تعهد خدمت,4,زن,در جدول ذکر نشده,ادامه مخصوص داوطلبان بومی استان فارس؛ پردیس شهید باهنر شیراز )مرکز آموزش عالی زینب کبری )س(کازرون(/ اولویت پذیرش با داوطلبان بومی ش هرستانهای خنج، گراش، لامرد، مهر/محل خدمت لامرد؛ پذیرش دانشجو‌معلم با تعهد خدمت؛ ضوابط بخش فرهنگیان دفترچه,1402-humanities-booklet,312,1402-humanities-booklet,312,کدرشته‌محل منبع: 51573؛ عنوان رشته در منبع: آموزش ابتدایی؛ نحوه پذیرش: با آزمون (بخش دانشجو‌معلم)؛ استان در این ردیف مربوط به بومی‌گزینی/محل خدمت است
1402,آموزش ابتدایی,دانشگاه فرهنگیان,پردیس شهید باهنر شیراز )مرکز آموزش عالی زینب کبری )س(کازرون(,فارس,در جدول ذکر نشده,,تعهد خدمت,2,زن,در جدول ذکر نشده,ادامه مخصوص داوطلبان بومی استان فارس؛ پردیس شهید باهنر شیراز )مرکز آموزش عالی زینب کبری )س(کازرون(/ اولویت پذیرش با داوطلبان بومی شهرستانهای خنج، گراش، لامرد، مهر/محل خدمت اشکنان؛ پذیرش دانشجو‌معلم با تعهد خدمت؛ ضوابط بخش فرهنگیان دفترچه,1402-humanities-booklet,312,1402-humanities-booklet,312,کدرشته‌محل منبع: 51574؛ عنوان رشته در منبع: آموزش ابتدایی؛ نحوه پذیرش: با آزمون (بخش دانشجو‌معلم)؛ استان در این ردیف مربوط به بومی‌گزینی/محل خدمت است
1402,آموزش ابتدایی,دانشگاه فرهنگیان,پردیس شهید باهنر شیراز )مرکز آموزش عالی زینب کبری )س(کازرون(,فارس,در جدول ذکر نشده,,تعهد خدمت,2,زن,در جدول ذکر نشده,ادامه مخصوص داوطلبان بومی استان فارس؛ پردیس شهید باهنر شیراز )مرکز آموزش عالی زینب کبری )س(کازرون(/ اولویت پذیرش با داوطلبان بومی شهرستانهای خنج، گراش، لامرد، مهر/محل خدمت علامرودشت؛ پذیرش دانشجو‌معلم با تعهد خدمت؛ ضوابط بخش فرهنگیان دفترچه,1402-humanities-booklet,312,1402-humanities-booklet,312,کدرشته‌محل منبع: 51575؛ عنوان رشته در منبع: آموزش ابتدایی؛ نحوه پذیرش: با آزمون (بخش دانشجو‌معلم)؛ استان در این ردیف مربوط به بومی‌گزینی/محل خدمت است
1402,آموزش ابتدایی,دانشگاه فرهنگیان,پردیس شهید باهنر شیراز )مرکز آموزش عالی سلمان فارسی شیراز(,فارس,در جدول ذکر نشده,,تعهد خدمت,3,زن,در جدول ذکر نشده,ادامه مخصوص داوطلبان بومی استان فارس؛ پردیس شهید باهنر شیراز )مرکز آموزش عالی سلمان فارسی شیراز(/ اولویت پذیرش با داوطلبان بومی شهرستانهای ا ستهبان، فسا، نی ریز، بختگان/محل خدمت استهبان؛ پذیرش دانشجو‌معلم با تعهد خدمت؛ ضوابط بخش فرهنگیان دفترچه,1402-humanities-booklet,312,1402-humanities-booklet,312,کدرشته‌محل منبع: 51576؛ عنوان رشته در منبع: آموزش ابتدایی؛ نحوه پذیرش: با آزمون (بخش دانشجو‌معلم)؛ استان در این ردیف مربوط به بومی‌گزینی/محل خدمت است
1402,آموزش ابتدایی,دانشگاه فرهنگیان,پردیس شهید باهنر شیراز )مرکز آموزش عالی سلمان فارسی شیراز(,فارس,در جدول ذکر نشده,,تعهد خدمت,4,زن,در جدول ذکر نشده,ادامه مخصوص داوطلبان بومی استان فارس؛ پردیس شهید باهنر شیراز )مرکز آموزش عالی سلمان فارسی شیراز(/ اولویت پذیرش با داوطلبان بومی شهرستانهای استهبان، فسا، نی ریز، بختگان/محل خدمت فسا؛ پذیرش دانشجو‌معلم با تعهد خدمت؛ ضوابط بخش فرهنگیان دفترچه,1402-humanities-booklet,312,1402-humanities-booklet,312,کدرشته‌محل منبع: 51577؛ عنوان رشته در منبع: آموزش ابتدایی؛ نحوه پذیرش: با آزمون (بخش دانشجو‌معلم)؛ استان در این ردیف مربوط به بومی‌گزینی/محل خدمت است
1402,آموزش ابتدایی,دانشگاه فرهنگیان,پردیس شهید باهنر شیراز )مرکز آموزش عالی سلمان فارسی شیراز(,فارس,در جدول ذکر نشده,,تعهد خدمت,3,زن,در جدول ذکر نشده,ادامه مخصوص داوطلبان بومی استان فارس؛ پردیس شهید باهنر شیراز )مرکز آموزش عالی سلمان فارسی شیراز(/ اولویت پذیرش با داوطلبان بومی شهرستانهای استهبان، فسا، نی ریز، بختگان/محل خدمت نی ریز؛ پذیرش دانشجو‌معلم با تعهد خدمت؛ ضوابط بخش فرهنگیان دفترچه,1402-humanities-booklet,312,1402-humanities-booklet,312,کدرشته‌محل منبع: 51578؛ عنوان رشته در منبع: آموزش ابتدایی؛ نحوه پذیرش: با آزمون (بخش دانشجو‌معلم)؛ استان در این ردیف مربوط به بومی‌گزینی/محل خدمت است
1402,آموزش ابتدایی,دانشگاه فرهنگیان,پردیس شهید باهنر شیراز )مرکز آموزش عالی سلمان فارسی شیراز(,فارس,در جدول ذکر نشده,,تعهد خدمت,3,زن,در جدول ذکر نشده,ادامه مخصوص داوطلبان بومی استان فارس؛ پردیس شهید باهنر شیراز )مرکز آموزش عالی سلمان فارسی شیراز(/ اولویت پذیرش با داوطلبان بومی شهرستانهای استهبان، فسا، نی ریز، بختگان/محل خدمت ششده وقره بلاغ؛ پذیرش دانشجو‌معلم با تعهد خدمت؛ ضوابط بخش فرهنگیان دفترچه,1402-humanities-booklet,312,1402-humanities-booklet,312,کدرشته‌محل منبع: 51579؛ عنوان رشته در منبع: آموزش ابتدایی؛ نحوه پذیرش: با آزمون (بخش دانشجو‌معلم)؛ استان در این ردیف مربوط به بومی‌گزینی/محل خدمت است
1402,آموزش ابتدایی,دانشگاه فرهنگیان,پردیس شهید باهنر شیراز )مرکز آموزش عالی سلمان فارسی شیراز(,فارس,در جدول ذکر نشده,,تعهد خدمت,1,زن,در جدول ذکر نشده,ادامه مخصوص داوطلبان بومی استان فارس؛ پردیس شهید باهنر شیراز )مرکز آموزش عالی سلمان فارسی شیراز(/ اولویت پذیرش با داوطلبان بومی شهرستانهای استهبان، فسا، نی ریز، بختگان/محل خدمت شیب کوه فارس؛ پذیرش دانشجو‌معلم با تعهد خدمت؛ ضوابط بخش فرهنگیان دفترچه,1402-humanities-booklet,312,1402-humanities-booklet,312,کدرشته‌محل منبع: 51580؛ عنوان رشته در منبع: آموزش ابتدایی؛ نحوه پذیرش: با آزمون (بخش دانشجو‌معلم)؛ استان در این ردیف مربوط به بومی‌گزینی/محل خدمت است
1402,آموزش ابتدایی,دانشگاه فرهنگیان,پردیس شهید باهنر شیراز )مرکز آموزش عالی سلمان فارسی شیراز(,فارس,در جدول ذکر نشده,,تعهد خدمت,2,زن,در جدول ذکر نشده,ادامه مخصوص داوطلبان بومی استان فارس؛ پردیس شهید باهنر شیراز )مرکز آموزش عالی سلمان فارسی شیراز(/ اولویت پذیرش با داوطلبان بومی شهرستانهای استهبان، فسا، نی ریز، بختگان/محل خدمت آباده طشک؛ پذیرش دانشجو‌معلم با تعهد خدمت؛ ضوابط بخش فرهنگیان دفترچه,1402-humanities-booklet,312,1402-humanities-booklet,312,کدرشته‌محل منبع: 51581؛ عنوان رشته در منبع: آموزش ابتدایی؛ نحوه پذیرش: با آزمون (بخش دانشجو‌معلم)؛ استان در این ردیف مربوط به بومی‌گزینی/محل خدمت است
1402,آموزش ابتدایی,دانشگاه فرهنگیان,پردیس شهید رجایی شیراز )مرکز آموزش عالی شهیدمطهری شیراز(,فارس,در جدول ذکر نشده,,تعهد خدمت,7,مرد,در جدول ذکر نشده,ادامه مخصوص داوطلبان بومی استان فارس؛ پردیس شهید رجایی شیراز )مرکز آموزش عالی شهیدمطهری شیراز(/ اولویت پذیرش با داوطل بان بومی شهرستانهای سپیدان، ارسنجان، خرامه، سروستان، شیراز، کوار، مرودشت، بیضا، زرقان/محل خدمت خرامه؛ پذیرش دانشجو‌معلم با تعهد خدمت؛ ضوابط بخش فرهنگیان دفترچه,1402-humanities-booklet,312,1402-humanities-booklet,312,کدرشته‌محل منبع: 51582؛ عنوان رشته در منبع: آموزش ابتدایی؛ نحوه پذیرش: با آزمون (بخش دانشجو‌معلم)؛ استان در این ردیف مربوط به بومی‌گزینی/محل خدمت است
1402,آموزش ابتدایی,دانشگاه فرهنگیان,پردیس شهید رجایی شیراز )مرکز آموزش عالی شهیدمطهری شیراز(,فارس,در جدول ذکر نشده,,تعهد خدمت,7,مرد,در جدول ذکر نشده,ادامه مخصوص داوطلبان بومی استان فارس؛ پردیس شهید رجایی شیراز )مرکز آموزش عالی شهیدمطهری شیراز(/ اولویت پذیرش با داوطلبان بومی شهرستانهای سپیدان، ارسنجان، خرامه، سروست ان، شیراز، کوار، مرودشت، بیضا، زرقان/محل خدمت سروستان؛ پذیرش دانشجو‌معلم با تعهد خدمت؛ ضوابط بخش فرهنگیان دفترچه,1402-humanities-booklet,312,1402-humanities-booklet,312,کدرشته‌محل منبع: 51583؛ عنوان رشته در منبع: آموزش ابتدایی؛ نحوه پذیرش: با آزمون (بخش دانشجو‌معلم)؛ استان در این ردیف مربوط به بومی‌گزینی/محل خدمت است
1402,آموزش ابتدایی,دانشگاه فرهنگیان,پردیس شهید رجایی شیراز )مرکز آموزش عالی شهیدمطهری شیراز(,فارس,در جدول ذکر نشده,,تعهد خدمت,5,مرد,در جدول ذکر نشده,ادامه مخصوص داوطلبان بومی استان فارس؛ پردیس شهید رجایی شیراز )مرکز آموزش عالی شهیدمطهری شیراز(/ اولویت پذیرش با داوطلبان بومی شهرستانهای س سپیدان، ارسنجان، خرامه، سروستان، شیراز، کوار، مرودشت، بیضا، زرقان/محل خدمت پیدان؛ پذیرش دانشجو‌معلم با تعهد خدمت؛ ضوابط بخش فرهنگیان دفترچه,1402-humanities-booklet,312,1402-humanities-booklet,312,کدرشته‌محل منبع: 51584؛ عنوان رشته در منبع: آموزش ابتدایی؛ نحوه پذیرش: با آزمون (بخش دانشجو‌معلم)؛ استان در این ردیف مربوط به بومی‌گزینی/محل خدمت است
1402,آموزش ابتدایی,دانشگاه فرهنگیان,پردیس شهید رجایی شیراز )مرکز آموزش عالی شهیدمطهری شیراز(,فارس,در جدول ذکر نشده,,تعهد خدمت,5,مرد,در جدول ذکر نشده,ادامه مخصوص داوطلبان بومی استان فارس؛ پردیس شهید رجایی شیراز )مرکز آموزش عالی شهیدمطهری شیراز(/ اولویت پذیرش با داوطلبان بومی شهرستانهای سپیدان، ارسنجان، خرامه، سروستان، شیراز، کوار، مرودشت، بیضا، زرقان/محل خدمت بیضا؛ پذیرش دانشجو‌معلم با تعهد خدمت؛ ضوابط بخش فرهنگیان دفترچه,1402-humanities-booklet,312,1402-humanities-booklet,312,کدرشته‌محل منبع: 51585؛ عنوان رشته در منبع: آموزش ابتدایی؛ نحوه پذیرش: با آزمون (بخش دانشجو‌معلم)؛ استان در این ردیف مربوط به بومی‌گزینی/محل خدمت است
1402,آموزش ابتدایی,دانشگاه فرهنگیان,پردیس شهید رجایی شیراز )مرکز آموزش عالی شهیدمطهری شیراز(,فارس,در جدول ذکر نشده,,تعهد خدمت,2,مرد,در جدول ذکر نشده,ادامه مخصوص داوطلبان بومی استان فارس؛ پردیس شهید رجایی شیراز )مرکز آموزش عالی شهیدمطهری شیراز(/ اولویت پذیرش با داوطلبان بومی شهرستانهای سپیدان، ارسنجان، خرامه، سروستان، شیراز، کوار، مرودشت، بیضا، زرقان/محل خدمت ارسنجان؛ پذیرش دانشجو‌معلم با تعهد خدمت؛ ضوابط بخش فرهنگیان دفترچه,1402-humanities-booklet,312,1402-humanities-booklet,312,کدرشته‌محل منبع: 51586؛ عنوان رشته در منبع: آموزش ابتدایی؛ نحوه پذیرش: با آزمون (بخش دانشجو‌معلم)؛ استان در این ردیف مربوط به بومی‌گزینی/محل خدمت است
1402,آموزش ابتدایی,دانشگاه فرهنگیان,پردیس شهید رجایی شیراز )مرکز آموزش عالی شهید بهشتی اقلید(,فارس,در جدول ذکر نشده,,تعهد خدمت,5,مرد,در جدول ذکر نشده,ادامه مخصوص داوطلبان بومی استان فارس؛ پردیس شهید رجایی شیراز )مرکز آموزش عالی شهید بهشتی اقلید(/ اولوی ت پذیرش با داوطلبان بومی شهرستانهای استهبان، فسا، نی ریز، بختگان/محل خدمت استهبان؛ پذیرش دانشجو‌معلم با تعهد خدمت؛ ضوابط بخش فرهنگیان دفترچه,1402-humanities-booklet,312,1402-humanities-booklet,312,کدرشته‌محل منبع: 51587؛ عنوان رشته در منبع: آموزش ابتدایی؛ نحوه پذیرش: با آزمون (بخش دانشجو‌معلم)؛ استان در این ردیف مربوط به بومی‌گزینی/محل خدمت است
1402,آموزش ابتدایی,دانشگاه فرهنگیان,پردیس شهید رجایی شیراز )مرکز آموزش عالی شهید بهشتی اقلید(,فارس,در جدول ذکر نشده,,تعهد خدمت,7,مرد,در جدول ذکر نشده,ادامه مخصوص داوطلبان بومی استان فارس؛ پردیس شهید رجایی شیراز )مرکز آموزش عالی شهید بهشتی اقلید(/ اولویت پذیرش با داوطلبان بومی شهرستانهای استهبان، فسا، نی ریز، بختگان/محل خدمت فسا؛ پذیرش دانشجو‌معلم با تعهد خدمت؛ ضوابط بخش فرهنگیان دفترچه,1402-humanities-booklet,312,1402-humanities-booklet,312,کدرشته‌محل منبع: 51588؛ عنوان رشته در منبع: آموزش ابتدایی؛ نحوه پذیرش: با آزمون (بخش دانشجو‌معلم)؛ استان در این ردیف مربوط به بومی‌گزینی/محل خدمت است
1402,آموزش ابتدایی,دانشگاه فرهنگیان,پردیس شهید رجایی شیراز )مرکز آموزش عالی شهید بهشتی اقلید(,فارس,در جدول ذکر نشده,,تعهد خدمت,5,مرد,در جدول ذکر نشده,ادامه مخصوص داوطلبان بومی استان فارس؛ پردیس شهید رجایی شیراز )مرکز آموزش عالی شهید بهشتی اقلید(/ اولویت پذیرش با داوطلبان بومی شهرستانهای استهبان، فسا، نی ریز، بختگان/محل خدمت نی ریز؛ پذیرش دانشجو‌معلم با تعهد خدمت؛ ضوابط بخش فرهنگیان دفترچه,1402-humanities-booklet,312,1402-humanities-booklet,312,کدرشته‌محل منبع: 51589؛ عنوان رشته در منبع: آموزش ابتدایی؛ نحوه پذیرش: با آزمون (بخش دانشجو‌معلم)؛ استان در این ردیف مربوط به بومی‌گزینی/محل خدمت است
1402,آموزش ابتدایی,دانشگاه فرهنگیان,پردیس شهید رجایی شیراز )مرکز آموزش عالی شهید بهشتی اقلید(,فارس,در جدول ذکر نشده,,تعهد خدمت,5,مرد,در جدول ذکر نشده,ادامه مخصوص داوطلبان بومی استان فارس؛ پردیس شهید رجایی شیراز )مرکز آموزش عالی شهید بهشتی اقلید(/ اول ویت پذیرش با داوطلبان بومی شهرستانهای استهبان، فسا، نی ریز، بختگان/محل خدمت ششده وقره بلاغ؛ پذیرش دانشجو‌معلم با تعهد خدمت؛ ضوابط بخش فرهنگیان دفترچه,1402-humanities-booklet,312,1402-humanities-booklet,312,کدرشته‌محل منبع: 51590؛ عنوان رشته در منبع: آموزش ابتدایی؛ نحوه پذیرش: با آزمون (بخش دانشجو‌معلم)؛ استان در این ردیف مربوط به بومی‌گزینی/محل خدمت است
1402,آموزش ابتدایی,دانشگاه فرهنگیان,پردیس شهید رجایی شیراز )مرکز آم وزش عالی شهید بهشتی اقلید(,فارس,در جدول ذکر نشده,,تعهد خدمت,3,مرد,در جدول ذکر نشده,ادامه مخصوص داوطلبان بومی استان فارس؛ پردیس شهید رجایی شیراز )مرکز آم وزش عالی شهید بهشتی اقلید(/ اولویت پذیرش با داوطلبان بومی شهرستانهای استهبان، فسا، نی ریز، بختگان/محل خدمت شیب کوه فارس؛ پذیرش دانشجو‌معلم با تعهد خدمت؛ ضوابط بخش فرهنگیان دفترچه,1402-humanities-booklet,313,1402-humanities-booklet,313,کدرشته‌محل منبع: 51591؛ عنوان رشته در منبع: آموزش ابتدایی؛ نحوه پذیرش: با آزمون (بخش دانشجو‌معلم)؛ استان در این ردیف مربوط به بومی‌گزینی/محل خدمت است
1402,آموزش ابتدایی,دانشگاه فرهنگیان,پردیس شهید رجایی شیراز )مرکز آموزش عالی شهید بهشتی اقلید(,فارس,در جدول ذکر نشده,,تعهد خدمت,5,مرد,در جدول ذکر نشده,ادامه مخصوص داوطلبان بومی استان فارس؛ پردیس شهید رجایی شیراز )مرکز آموزش عالی شهید بهشتی اقلید(/ اولویت پذیرش با داوطلبان بومی شهرستانهای ،استهبان فسا، نی ریز، بختگان/محل خدمت آباده طشک؛ پذیرش دانشجو‌معلم با تعهد خدمت؛ ضوابط بخش فرهنگیان دفترچه,1402-humanities-booklet,313,1402-humanities-booklet,313,کدرشته‌محل منبع: 51592؛ عنوان رشته در منبع: آموزش ابتدایی؛ نحوه پذیرش: با آزمون (بخش دانشجو‌معلم)؛ استان در این ردیف مربوط به بومی‌گزینی/محل خدمت است
1402,آموزش ابتدایی,دانشگاه فرهنگیان,پردیس شهید رجایی شیراز )مرکز آموزش عالی شهیدمطهری شیراز(,فارس,در جدول ذکر نشده,,تعهد خدمت,5,مرد,در جدول ذکر نشده,ادامه مخصوص داوطلبان بومی استان فارس؛ پردیس شهید رجایی شیراز )مرکز آموزش عالی شهیدمطهری شیراز(/ اولویت پذیرش با داوطلبان بومی شهرستانهای خنج، گراش، لامرد، مهر/محل خدمت گله دار؛ پذیرش دانشجو‌معلم با تعهد خدمت؛ ضوابط بخش فرهنگیان دفترچه,1402-humanities-booklet,313,1402-humanities-booklet,313,کدرشته‌محل منبع: 51593؛ عنوان رشته در منبع: آموزش ابتدایی؛ نحوه پذیرش: با آزمون (بخش دانشجو‌معلم)؛ استان در این ردیف مربوط به بومی‌گزینی/محل خدمت است
1402,آموزش ابتدایی,دانشگاه فرهنگیان,م) پردیس شهید رجایی شیراز رکز آموزش عالی شهیدمطهری شیراز(,فارس,در جدول ذکر نشده,,تعهد خدمت,5,مرد,در جدول ذکر نشده,ادامه مخصوص داوطلبان بومی استان فارس؛ م) پردیس شهید رجایی شیراز رکز آموزش عالی شهیدمطهری شیراز(/ اولویت پذیرش با داوطلبان بومی شهرستانهای خنج، گراش، لامرد، مهر/محل خدمت گراش؛ پذیرش دانشجو‌معلم با تعهد خدمت؛ ضوابط بخش فرهنگیان دفترچه,1402-humanities-booklet,313,1402-humanities-booklet,313,کدرشته‌محل منبع: 51594؛ عنوان رشته در منبع: آموزش ابتدایی؛ نحوه پذیرش: با آزمون (بخش دانشجو‌معلم)؛ استان در این ردیف مربوط به بومی‌گزینی/محل خدمت است
1402,آموزش ابتدایی,دانشگاه فرهنگیان,پردیس شهید رجایی شیراز )مرکز آموزش عالی شهیدمطهری شیراز(,فارس,در جدول ذکر نشده,,تعهد خدمت,5,مرد,در جدول ذکر نشده,ادامه مخصوص داوطلبان بومی استان فارس؛ پردیس شهید رجایی شیراز )مرکز آموزش عالی شهیدمطهری شیراز(/ اولویت پذیرش با داوطلبان بومی شهرستانهای خنج، گراش، لامرد، مه ر/محل خدمت مهر؛ پذیرش دانشجو‌معلم با تعهد خدمت؛ ضوابط بخش فرهنگیان دفترچه,1402-humanities-booklet,313,1402-humanities-booklet,313,کدرشته‌محل منبع: 51595؛ عنوان رشته در منبع: آموزش ابتدایی؛ نحوه پذیرش: با آزمون (بخش دانشجو‌معلم)؛ استان در این ردیف مربوط به بومی‌گزینی/محل خدمت است
1402,آموزش ابتدایی,دانشگاه فرهنگیان,پردیس شهید رجایی شیراز )مرکز آموزش عالی شهیدمطهری شیراز(,فارس,در جدول ذکر نشده,,تعهد خدمت,5,مرد,در جدول ذکر نشده,ادامه مخصوص داوطلبان بومی استان فارس؛ پردیس شهید رجایی شیراز )مرکز آموزش عالی شهیدمطهری شیراز(/ اولویت پذیرش با داوطلبان بومی شهرستانهای خنج، گراش، لامرد، مهر/محل خدمت خنج؛ پذیرش دانشجو‌معلم با تعهد خدمت؛ ضوابط بخش فرهنگیان دفترچه,1402-humanities-booklet,313,1402-humanities-booklet,313,کدرشته‌محل منبع: 51596؛ عنوان رشته در منبع: آموزش ابتدایی؛ نحوه پذیرش: با آزمون (بخش دانشجو‌معلم)؛ استان در این ردیف مربوط به بومی‌گزینی/محل خدمت است
1402,آموزش ابتدایی,دانشگاه فرهنگیان,پردیس شهید رجایی شیراز )مرکز آموزش عالی شهیدمطهری شیر از(,فارس,در جدول ذکر نشده,,تعهد خدمت,5,مرد,در جدول ذکر نشده,ادامه مخصوص داوطلبان بومی استان فارس؛ پردیس شهید رجایی شیراز )مرکز آموزش عالی شهیدمطهری شیر از(/ اولویت پذیرش با داوطلبان بومی شهرستانهای خنج، گراش، لامرد، مهر/محل خدمت لامرد؛ پذیرش دانشجو‌معلم با تعهد خدمت؛ ضوابط بخش فرهنگیان دفترچه,1402-humanities-booklet,313,1402-humanities-booklet,313,کدرشته‌محل منبع: 51597؛ عنوان رشته در منبع: آموزش ابتدایی؛ نحوه پذیرش: با آزمون (بخش دانشجو‌معلم)؛ استان در این ردیف مربوط به بومی‌گزینی/محل خدمت است
1402,آموزش ابتدایی,دانشگاه فرهنگیان,پردیس شهید رجایی شیراز )مرکز آموزش عالی شهیدمطهری شیراز(,فارس,در جدول ذکر نشده,,تعهد خدمت,5,مرد,در جدول ذکر نشده,ادامه مخصوص داوطلبان بومی استان فارس؛ پردیس شهید رجایی شیراز )مرکز آموزش عالی شهیدمطهری شیراز(/ اولویت پذیرش با داوطلبان بومی شهرستانهای خنج، گراش، لامرد، مهر/محل خدمت اشکنان؛ پذیرش دانشجو‌معلم با تعهد خدمت؛ ضوابط بخش فرهنگیان دفترچه,1402-humanities-booklet,313,1402-humanities-booklet,313,کدرشته‌محل منبع: 51598؛ عنوان رشته در منبع: آمو زش ابتدایی؛ نحوه پذیرش: با آزمون (بخش دانشجو‌معلم)؛ استان در این ردیف مربوط به بومی‌گزینی/محل خدمت است
1402,آموزش ابتدایی,دانشگاه فرهنگیان,پردیس شهید رجایی شیراز )مرکز آموزش عالی شهیدمطهری شیراز(,فارس,در جدول ذکر نشده,,تعهد خدمت,5,مرد,در جدول ذکر نشده,ادامه مخصوص داوطلبان بومی استان فارس؛ پردیس شهید رجایی شیراز )مرکز آموزش عالی شهیدمطهری شیراز(/ اولویت پذیرش با داوطلبان بومی شهرستانهای خنج، گراش، لامرد، مهر/محل خدمت علامرودشت؛ پذیرش دانشجو‌معلم با تعهد خدمت؛ ضوابط بخش فرهنگیان دفترچه,1402-humanities-booklet,313,1402-humanities-booklet,313,کدرشته‌محل منبع: 51599؛ عنوان رشته در منبع: آموزش ابتدایی؛ نحوه پذیرش: با آزمون (بخش دانشجو‌معلم)؛ استان در این ردیف مربوط به بومی‌گزینی/محل خدمت است
1402,آموزش ابتدایی,دانشگاه فرهنگیان,پردیس شهید رجایی شیراز )مرکز آموزش عالی شهیدمطهری شیراز(,فارس,در جدول ذکر نشده,,تعهد خدمت,7,مرد,در جدول ذکر نشده,ادامه مخصوص داوطلبان بومی استان فارس؛ پردیس شهید رجایی شیراز )مرکز آموزش عالی شهیدمطهری شیراز(/ اولویت پذیرش با داوطلبان بومی شهرستانهای سپیدان، ارسنجان، خرامه، سروستان، شیراز، کوار، مرودشت، بیضا، زرقان/محل خدمت زرقان؛ پذیرش دانشجو‌معلم با تعهد خدمت؛ ضوابط بخش فرهنگیان دفترچه,1402-humanities-booklet,313,1402-humanities-booklet,313,کدرشته‌محل منبع: 51600؛ عنوان رشته در منبع: آموزش ابتدایی؛ نحوه پذیرش: با آزمون (بخش دانشجو‌معلم)؛ استان در این ردیف مربوط به بومی‌گزینی/محل خدمت است
1402,آموزش ابتدایی,دانشگاه فرهنگیان,پردیس شهید رجایی شیراز )مرکز آموزش عالی شهیدمطهری شیراز(,فارس,در جدول ذکر نشده,,تعهد خدمت,10,مرد,در جدول ذکر نشده,ادامه مخصوص داوطلبان بومی استان فارس؛ پردیس شهید رجایی شیراز )مرکز آموزش عالی شهیدمطهری شیراز(/ اولویت پذیرش با داوطلبان بومی شهرستانهای سپیدان، ارسنجان، خرام ه، سروستان، شیراز، کوار، مرودشت، بیضا، زرقان/محل خدمت کوار؛ پذیرش دانشجو‌معلم با تعهد خدمت؛ ضوابط بخش فرهنگیان دفترچه,1402-humanities-booklet,313,1402-humanities-booklet,313,کدرشته‌محل منبع: 51601؛ عنوان رشته در منبع: آموزش ابتدایی؛ نحوه پذیرش: با آزمون (بخش دانشجو‌معلم)؛ استان در این ردیف مربوط به بومی‌گزینی/محل خدمت است
1402,آموزش ابتدایی,دانشگاه فرهنگیان,پردیس شهید رجایی شیراز )مرکز آموزش عالی شهیدمطهری شیراز(,فارس,در جدول ذکر نشده,,تعهد خدمت,5,مرد,در جدول ذکر نشده,ادامه مخصوص داوطلبان بومی استان فارس؛ پردیس شهید رجایی شیراز )مرکز آموزش عالی شهیدمطهری شیراز(/ اولویت پذیرش با داوطلبان بومی شهرستانهای سپیدان، ارسنجان، خرامه، سروستان، شیراز، کوار، مرودشت، بیضا، زرقان/محل خدمت ارژن )کوهمره سرخی (؛ پذیرش دانشجو‌معلم با تعهد خدمت؛ ضوابط بخش فرهنگیان دفترچه,1402-humanities-booklet,313,1402-humanities-booklet,313,کدرشته‌محل منبع: 51602؛ عنوان رشته در منبع: آموزش ابتدایی؛ نحوه پذیرش: با آزمون (بخش دانشجو‌معلم)؛ استان در این ردیف مربوط به بومی‌گزینی/محل خدمت است
1402,آموزش ابتدایی,دانشگاه فرهنگیان,پردیس شهید رجایی شیراز )مرکز آموزش عالی شهیدمطهری شیراز(,فارس,در جدول ذکر نشده,,تعهد خدمت,7,مرد,در جدول ذکر نشده,ادامه مخصوص داوطلبان بومی استان فارس؛ پردیس شهید رجایی شیراز )مرکز آموزش عالی شهیدمطهری شیراز(/ اولویت پذیرش با داوطلبان بومی شهرستانهای سپیدان، ارسنجان، خرامه، سروستان، شیراز، کوار، مرودشت، بیضا، زرقان/محل خدمت مرودشت؛ پذیرش دانشجو‌معلم با تعهد خدمت؛ ضوابط بخش فرهنگیان دفترچه,1402-humanities-booklet,313,1402-humanities-booklet,313,کدرشته‌محل منبع: 51603؛ عنوان رشته در منبع: آموزش ابتدایی؛ نحوه پذیرش: با آزمون (بخش دانشجو‌معلم)؛ استان در این ردیف مربوط به بومی‌گزینی/محل خدمت است
1402,آموزش ابتدایی,دانشگاه فرهنگیان,پردیس شهید رجایی شیراز )مرکز آموزش عالی شهیدمطهری شیراز(,فارس,در جدول ذکر نشده,,تعهد خدمت,5,مرد,در جدول ذکر نشده,ادامه مخصوص داوطلبان بومی استان فارس؛ پردیس شهید رجایی شیراز )مرکز آموزش عالی شهیدمطهری شیراز(/ اولویت پذیرش با داوطلبان بومی شهرستانهای سپیدان، ارسنجان، خرامه، سروستان، شیراز، کوار، مرودشت، بیضا، زرقان/محل خدمت کامفیروز؛ پذیرش دانشجو‌معلم با تعهد خدمت؛ ضوابط بخش فرهنگیان دفترچه,1402-humanities-booklet,313,1402-humanities-booklet,313,کدرشته‌محل منبع: 51604؛ عنوان رشته در منبع: آموزش ابتدایی؛ نحوه پذیرش: با آزمون (بخش دانشجو‌معلم)؛ استان در این ردیف مربوط به بومی‌گزینی/محل خدمت است
1402,آموزش ابتدایی,دانشگاه فرهنگیان,پردیس شهید رجایی شیراز )مرکز آموزش عالی شه یدمطهری شیراز(,فارس,در جدول ذکر نشده,,تعهد خدمت,5,مرد,در جدول ذکر نشده,ادامه مخصوص داوطلبان بومی استان فارس؛ پردیس شهید رجایی شیراز )مرکز آموزش عالی شه یدمطهری شیراز(/ اولویت پذیرش با داوطلبان بومی شهرستانهای سپیدان، ارسنجان، خرامه، سروستان، شیراز، کوار، مرودشت، بیضا، زرقان/محل خدمت درودزن؛ پذیرش دانشجو‌معلم با تعهد خدمت؛ ضوابط بخش فرهنگیان دفترچه,1402-humanities-booklet,313,1402-humanities-booklet,313,کدرشته‌محل منبع: 51605؛ عنوان رشته در منبع: آموزش ابتدایی؛ نحوه پذیرش: با آزمون (بخش دانشجو‌معلم)؛ استان در این ردیف مربوط به بومی‌گزینی/محل خدمت است
1402,آموزش ابتدایی,دانشگاه فرهنگیان,ش پردیس شهید رجایی شیراز )مرکز آموزش عالی شهید بهشتی اقلید(,فارس,در جدول ذکر نشده,,تعهد خدمت,2,مرد,در جدول ذکر نشده,ادامه مخصوص داوطلبان بومی استان فارس؛ ش پردیس شهید رجایی شیراز )مرکز آموزش عالی شهید بهشتی اقلید(/ اولویت پذیرش با داوطلبان بومی هرستانهای رستم، کازرون، ممسنی، کوه چنار/محل خدمت خشت وکمارج؛ پذیرش دانشجو‌معلم با تعهد خدمت؛ ضوابط بخش فرهنگیان دفترچه,1402-humanities-booklet,313,1402-humanities-booklet,313,کدرشته‌محل منبع: 51606؛ عنوان رشته در منبع: آموزش ابتدایی؛ نحوه پذیرش: با آزمون (بخش دانشجو‌معلم)؛ استان در این ردیف مربوط به بومی‌گزینی/محل خدمت است
1402,آموزش ابتدایی,دانشگاه فرهنگیان,پردیس شهید رجایی شیراز )مرکز آموزش عالی شهید بهشتی اقلید(,فارس,در جدول ذکر نشده,,تعهد خدمت,2,مرد,در جدول ذکر نشده,ادامه مخصوص داوطلبان بومی استان فارس؛ پردیس شهید رجایی شیراز )مرکز آموزش عالی شهید بهشتی اقلید(/ اولویت پذیرش با داوطلبان بومی شهرستانهای رستم، کازرون، ممسنی، کوه چنار/محل خدمت رستم؛ پذیرش دانشجو‌معلم با تعهد خدمت؛ ضوابط بخش فرهنگیان دفترچه,1402-humanities-booklet,313,1402-humanities-booklet,313,کدرشته‌محل منبع: 51607؛ عنوان رشته در منبع: آموزش ابتدایی؛ نحوه پذیرش: با آزمون (بخش دانشجو‌معلم)؛ استان در این ردیف مربوط به بومی‌گزینی/محل خدمت است
1402,آموزش ابتدایی,دانشگاه فرهنگیان,پردیس شهید رجایی شیراز )مرکز آموزش عالی شهید بهشتی اقلید(,فارس,در جدول ذکر نشده,,تعهد خدمت,1,مرد,در جدول ذکر نشده,ادامه مخصوص داوطلبان بومی استان فارس؛ پردیس شهید رجایی شیراز )مرکز آموزش عالی شهید بهشتی اقلید(/ اولویت پذیرش با داوطلبان بومی شهرستانهای رستم، کازرون، ممسنی، کوه چنار/محل خدمت دشمن زیاری؛ پذیرش دانشجو‌معلم با تعهد خدمت؛ ضوابط بخش فرهنگیان دفترچه,1402-humanities-booklet,313,1402-humanities-booklet,313,کدرشته‌محل منبع: 51608؛ عنوان رشته در منبع: آموزش ابتدایی؛ نحوه پذیرش: با آزمون (بخش دانشجو‌معلم)؛ استان در این ردیف مربوط به بومی‌گزینی/محل خدمت است
1402,آموزش ابتدایی,دانشگاه فرهنگیان,پردیس شهید رجایی شیراز )مرکز آموزش عالی شهید بهشتی اقلید(,فارس,در جدول ذکر نشده,,تعهد خدمت,7,مرد,در جدول ذکر نشده,ادامه مخصوص داوطلبان بومی استان فارس؛ پردیس شهید رجایی شیراز )مرکز آموزش عالی شهید بهشتی اقلید(/ اولویت پذیرش با دا وطلبان بومی شهرستانهای رستم، کازرون، ممسنی، کوه چنار/محل خدمت کازرون؛ پذیرش دانشجو‌معلم با تعهد خدمت؛ ضوابط بخش فرهنگیان دفترچه,1402-humanities-booklet,313,1402-humanities-booklet,313,کدرشته‌محل منبع: 51609؛ عنوان رشته در منبع: آموزش ابتدایی؛ نحوه پذیرش: با آزمون (بخش دانشجو‌معلم)؛ استان در این ردیف مربوط به بومی‌گزینی/محل خدمت است
1402,آموزش ابتدایی,دانشگاه فرهنگیان,پردیس شهید رجایی شیراز )مرکز آموزش عالی شهید بهشتی اقلید(,فارس,در جدول ذکر نشده,,تعهد خدمت,5,مرد,در جدول ذکر نشده,ادامه مخصوص داوطلبان بومی استان فارس؛ پردیس شهید رجایی شیراز )مرکز آموزش عالی شهید بهشتی اقلید(/ اولویت پذیرش با داوطلبان بومی شهرستانهای رستم، کازرون، ممسنی، کوه چنار/محل خدمت بالاده؛ پذیرش دانشجو‌معلم با تعهد خدمت؛ ضوابط بخش فرهنگیان دفترچه,1402-humanities-booklet,313,1402-humanities-booklet,313,کدرشته‌محل منبع: 51610؛ عنوان رشته در منبع: آموزش اب تدایی؛ نحوه پذیرش: با آزمون (بخش دانشجو‌معلم)؛ استان در این ردیف مربوط به بومی‌گزینی/محل خدمت است
1402,آموزش ابتدایی,دانشگاه فرهنگیان,پردیس شهید رجایی شیراز )مرکز آموزش عالی شهید بهشتی اقلید(,فارس,در جدول ذکر نشده,,تعهد خدمت,2,مرد,در جدول ذکر نشده,ادامه مخصوص داوطلبان بومی استان فارس؛ پردیس شهید رجایی شیراز )مرکز آموزش عالی شهید بهشتی اقلید(/ اولویت پذیرش با داوطلبان بومی شهرستانهای رستم، کازرون، ممسنی، کوه چنار/محل خدمت کهمره؛ پذیرش دانشجو‌معلم با تعهد خدمت؛ ضوابط بخش فرهنگیان دفترچه,1402-humanities-booklet,313,1402-humanities-booklet,313,کدرشته‌محل منبع: 51611؛ عنوان رشته در منبع: آموزش ابتدایی؛ نحوه پذیرش: با آزمون (بخش دانشجو‌معلم)؛ استان در این ردیف مربوط به بومی‌گزینی/محل خدمت است
1402,آموزش ابتدایی,دانشگاه فرهنگیان,پردیس شهید رجایی شیراز )مرکز آموزش عالی شهید بهشتی اقلید(,فارس,در جدول ذکر نشده,,تعهد خدمت,2,مرد,در جدول ذکر نشده,ادامه مخصوص داوطلبان بومی استان فارس؛ پردیس شهید رجایی شیراز )مرکز آموزش عالی شهید بهشتی اقلید(/ اولویت پذیرش با داوطلبان بومی شهرستانهای رستم، کازرون، ممسنی، کوه چنار/محل خدمت قایمیه؛ پذیرش دانشجو‌معلم با تعهد خدمت؛ ضوابط بخش فرهنگیان دفترچه,1402-humanities-booklet,313,1402-humanities-booklet,313,کدرشته‌محل منبع: 51612؛ عنوان رشته در منبع: آموزش ابتدایی؛ نحوه پذیرش: با آزمون (بخش دانشجو‌معلم)؛ استان در این ردیف مربوط به بومی‌گزینی/محل خدمت است
1402,آموزش ابتدایی,دانشگاه فرهنگیان,پردیس شهید رجایی شیراز )مرکز آموزش عالی شهید بهشتی اقلید(,فارس,در جدول ذکر نشده,,تعهد خدمت,2,مرد,در جدول ذکر نشده,ادامه مخصوص داوطلبان بومی استان فارس؛ پردیس شهید رجایی شیراز )مرکز آموزش عالی شهید بهشتی اقلید(/ اولویت پذیرش با داوطلبان بومی شهرستانهای رستم، کازرون، ممسنی، کوه چنار/محل خدمت ممسنی؛ پذیرش دانشجو‌معلم با تعهد خدمت؛ ضوابط بخش فرهنگیان دفترچه,1402-humanities-booklet,313,1402-humanities-booklet,313,کدرشته‌محل منبع: 51613؛ عنوان رشته در منبع: آمو زش ابتدایی؛ نحوه پذیرش: با آزمون (بخش دانشجو‌معلم)؛ استان در این ردیف مربوط به بومی‌گزینی/محل خدمت است
1402,آموزش ابتدایی,دانشگاه فرهنگیان,پردیس شهید رجایی شیراز )مرکز آموزش عالی شهید بهشتی اقلید(,فارس,در جدول ذکر نشده,,تعهد خدمت,2,مرد,در جدول ذکر نشده,ادامه مخصوص داوطلبان بومی استان فارس؛ پردیس شهید رجایی شیراز )مرکز آموزش عالی شهید بهشتی اقلید(/ اولویت پذیرش با داوطلبان بومی شهرستانهای رستم، کازرون، ممسنی، کوه چنار/محل خدمت بابامنیرماهورمیلاتی؛ پذیرش دانشجو‌معلم با تعهد خدمت؛ ضوابط بخش فرهنگیان دفترچه,1402-humanities-booklet,313,1402-humanities-booklet,313,کدرشته‌محل منبع: 51614؛ عنوان رشته در منبع: آموزش ابتدایی؛ نحوه پذیرش: با آزمون (بخش دانشجو‌معلم)؛ استان در این ردیف مربوط به بومی‌گزینی/محل خدمت است
1402,آموزش ابتدایی,دانشگاه فرهنگیان,پردیس شهید رجایی شیراز )مرکز آموزش عالی شهیدمطهری شی راز(,فارس,در جدول ذکر نشده,,تعهد خدمت,7,مرد,در جدول ذکر نشده,ادامه مخصوص داوطلبان بومی استان فارس؛ پردیس شهید رجایی شیراز )مرکز آموزش عالی شهیدمطهری شی راز(/ اولویت پذیرش با داوطلبان بومی شهرستانهای جهرم، داراب، زرین دشت، لارستان، خفر، اوز، جویم /محل خدمت خفر؛ پذیرش دانشجو‌معلم با تعهد خدمت؛ ضوابط بخش فرهنگیان دفترچه,1402-humanities-booklet,313,1402-humanities-booklet,313,کدرشته‌محل منبع: 51615؛ عنوان رشته در منبع: آموزش ابتدایی؛ نحوه پذیرش: با آزمون (بخش دانشجو‌معلم)؛ استان در این ردیف مربوط به بومی‌گزینی/محل خدمت است
1402,آموزش ابتدایی,دانشگاه فرهنگیان,پردیس شهید رجایی شیراز )مرکز آموزش عالی شهیدمطهری شیراز(,فارس,در جدول ذکر نشده,,تعهد خدمت,5,مرد,در جدول ذکر نشده,ادامه مخصوص داوطلبان بومی استان فارس؛ پردیس شهید رجایی شیراز )مرکز آموزش عالی شهیدمطهری شیراز(/ اولویت پذیرش با داوطلبان بومی شهرستانهای ،جهرم، داراب، زرین دشت لارستان، خفر، اوز، جویم /محل خدمت جویم؛ پذیرش دانشجو‌معلم با تعهد خدمت؛ ضوابط بخش فرهنگیان دفترچه,1402-humanities-booklet,313,1402-humanities-booklet,313,کدرشته‌محل منبع: 51616؛ عنوان رشته در منبع: آموزش ابتدایی؛ نحوه پذیرش: با آزمون (بخش دانشجو‌معلم)؛ استان در این ردیف مربوط به بومی‌گزینی/محل خدمت است
1402,آموزش ابتدایی,دانشگاه فرهنگیان,پردیس شهید رجایی شیراز )مرکز آموزش عالی شهیدمطهری شیراز(,فارس,در جدول ذکر نشده,,تعهد خدمت,5,مرد,در جدول ذکر نشده,ادامه مخصوص داوطلبان بومی استان فارس؛ پردیس شهید رجایی شیراز )مرکز آموزش عالی شهیدمطهری شیراز(/ اولویت پذیرش با داوطلبان بومی شهرستانهای جهرم، داراب، زرین دشت، لارستان، خفر، اوز، جویم /محل خدمت اوز؛ پذیرش دانشجو‌معلم با تعهد خدمت؛ ضوابط بخش فرهنگیان دفترچه,1402-humanities-booklet,313,1402-humanities-booklet,313,کدرشته‌محل منبع: 51617؛ عنوان رشته در منبع: آموزش ابتدایی؛ نحوه پذیرش: با آزمون (بخش دانشجو‌معلم)؛ استان در این ردیف مربوط به بومی‌گزینی/محل خدمت است
1402,آموزش ابتدایی,دانشگاه فرهنگیان,پردیس شهید رجایی شیراز )مرکز آموزش عالی شهیدمطهری شیراز(,فارس,در جدول ذکر نشده,,تعهد خدمت,7,مرد,در جدول ذکر نشده,اد امه مخصوص داوطلبان بومی استان فارس؛ پردیس شهید رجایی شیراز )مرکز آموزش عالی شهیدمطهری شیراز(/ اولویت پذیرش با داوطلبان بومی شهرستانهای جهرم، داراب، زرین دشت، لارستان، خفر، اوز، جویم /محل خدمت جهرم؛ پذیرش دانشجو‌معلم با تعهد خدمت؛ ضوابط بخش فرهنگیان دفترچه,1402-humanities-booklet,314,1402-humanities-booklet,314,کدرشته‌محل منبع: 51618؛ عنوان رشته در منبع: آموزش ابتدایی؛ نحوه پذیرش: با آزمون (بخش دانشجو‌معلم)؛ استان در این ردیف مربوط به بومی‌گزینی/محل خدمت است
1402,آموزش ابتدایی,دانشگاه فرهنگیان,پردیس شهید رجایی شیراز )مرکز آموزش عالی شهیدمطهری شیراز(,فارس,در جدول ذکر نشده,,تعهد خدمت,7,مرد,در جدول ذکر نشده,اد امه مخصوص داوطلبان بومی استان فارس؛ پردیس شهید رجایی شیراز )مرکز آموزش عالی شهیدمطهری شیراز(/ اولویت پذیرش با داوطلبان بومی شهرستانهای جهرم، داراب، زرین دشت، لارستان، خفر، اوز، جویم /محل خدمت داراب؛ پذیرش دانشجو‌معلم با تعهد خدمت؛ ضوابط بخش فرهنگیان دفترچه,1402-humanities-booklet,314,1402-humanities-booklet,314,کدرشته‌محل منبع: 51619؛ عنوان رشته در منبع: آموزش ابتدایی؛ نحوه پذیرش: با آزمون (بخش دانشجو‌معلم)؛ استان در این ردیف مربوط به بومی‌گزینی/محل خدمت است
1402,آموزش ابتدایی,دانشگاه فرهنگیان,پردیس شهید رجایی شیراز )مرکز آ موزش عالی شهیدمطهری شیراز(,فارس,در جدول ذکر نشده,,تعهد خدمت,5,مرد,در جدول ذکر نشده,اد امه مخصوص داوطلبان بومی استان فارس؛ پردیس شهید رجایی شیراز )مرکز آ موزش عالی شهیدمطهری شیراز(/ اولویت پذیرش با داوطلبان بومی شهرستانهای جهرم، داراب، زرین دشت، لارستان، خفر، اوز، جویم /محل خدمت زرین دشت؛ پذیرش دانشجو‌معلم با تعهد خدمت؛ ضوابط بخش فرهنگیان دفترچه,1402-humanities-booklet,314,1402-humanities-booklet,314,کدرشته‌محل منبع: 51620؛ عنوان رشته در منبع: آموزش ابتدایی؛ نحوه پذیرش: با آزمون (بخش دانشجو‌معلم)؛ استان در این ردیف مربوط به بومی‌گزینی/محل خدمت است
1402,آموزش ابتدایی,دانشگاه فرهنگیان,پردیس شهید رجایی شیراز )مرکز آموزش عالی شهیدمطهری شیراز(,فارس,در جدول ذکر نشده,,تعهد خدمت,7,مرد,در جدول ذکر نشده,اد امه مخصوص داوطلبان بومی استان فارس؛ پردیس شهید رجایی شیراز )مرکز آموزش عالی شهیدمطهری شیراز(/ اولویت پذیرش با داوطلبان بومی شهرستا نهای جهرم، داراب، زرین دشت، لارستان، خفر، اوز، جویم /محل خدمت لارستان؛ پذیرش دانشجو‌معلم با تعهد خدمت؛ ضوابط بخش فرهنگیان دفترچه,1402-humanities-booklet,314,1402-humanities-booklet,314,کدرشته‌محل منبع: 51621؛ عنوان رشته در منبع: آموزش ابتدایی؛ نحوه پذیرش: با آزمون (بخش دانشجو‌معلم)؛ استان در این ردیف مربوط به بومی‌گزینی/محل خدمت است
1402,آموزش ابتدایی,دانشگاه فرهنگیان,پردیس شهید رجایی شیراز )مرکز آموزش عالی شهیدمطهری شیراز(,فارس,در جدول ذکر نشده,,تعهد خدمت,3,مرد,در جدول ذکر نشده,اد امه مخصوص داوطلبان بومی استان فارس؛ پردیس شهید رجایی شیراز )مرکز آموزش عالی شهیدمطهری شیراز(/ اولویت پذیرش با داوطلبان بومی شهرستانهای جهرم، داراب، زرین دشت، لارستان، خفر، اوز، جویم /محل خدمت بیر م؛ پذیرش دانشجو‌معلم با تعهد خدمت؛ ضوابط بخش فرهنگیان دفترچه,1402-humanities-booklet,314,1402-humanities-booklet,314,کدرشته‌محل منبع: 51622؛ عنوان رشته در منبع: آموزش ابتدایی؛ نحوه پذیرش: با آزمون (بخش دانشجو‌معلم)؛ استان در این ردیف مربوط به بومی‌گزینی/محل خدمت است
1402,آموزش ابتدایی,دانشگاه فرهنگیان,پردیس شهید رجایی شیراز )مرکز آموزش عالی شهیدمطهری شیراز(,فارس,در جدول ذکر نشده,,تعهد خدمت,5,مرد,در جدول ذکر نشده,اد امه مخصوص داوطلبان بومی استان فارس؛ پردیس شهید رجایی شیراز )مرکز آموزش عالی شهیدمطهری شیراز(/ اولویت پذیرش با داوطلبان بومی شهرستانهای جهرم، داراب، زرین دشت، لارستان، خفر، اوز، جویم /محل خدمت فرگ؛ پذیرش دانشجو‌معلم با تعهد خدمت؛ ضوابط بخش فرهنگیان دفترچه,1402-humanities-booklet,314,1402-humanities-booklet,314,کدرشته‌محل منبع: 51623؛ عنوان رشته در منبع: آموزش ابتدایی؛ نحوه پذیرش: با آزمون (بخش دانشجو‌معلم)؛ استان در این ردیف مربوط به بومی‌گزینی/محل خدمت است
1402,آموزش ابتدایی,دانشگاه فرهنگیان,پردیس شهید رجایی شیراز )مرکز آموزش عالی شهید بهشتی اقلید(,فارس,در جدول ذکر نشده,,تعهد خدمت,2,مرد,در جدول ذکر نشده,اد امه مخصوص داوطلبان بومی استان فارس؛ پردیس شهید رجایی شیراز )مرکز آموزش عالی شهید بهشتی اقلید(/ اولویت پذیرش با داوطلبان بومی شهرستانهای اقلید، آباده، بوانات، پاسارگاد، خرم بید، سرچهان/محل خدمت خرم بید؛ پذیرش دانشجو‌معلم با تعهد خدمت؛ ضوابط بخش فرهنگیان دفترچه,1402-humanities-booklet,314,1402-humanities-booklet,314,کدرشته‌محل منبع: 51624؛ عنوان رشته در منبع: آموزش ابتدایی؛ نحوه پذیرش: با آزمون (بخش دانشجو‌معلم)؛ استان در این ردیف مربوط به بومی‌گزینی/محل خدمت است
1402,آموزش ابتدایی,دانشگاه فرهنگیان,پردیس شهید رجایی شیراز )مرکز آموزش عالی شهید بهشتی اقلید(,فارس,در جدول ذکر نشده,,تعهد خدمت,4,مرد,در جدول ذکر نشده,اد امه مخصوص داوطلبان بومی استان فارس؛ پردیس شهید رجایی شیراز )مرکز آموزش عالی شهید بهشتی اقلید(/ اولویت پذیرش با داوطلبان بومی شهرستانهای اقلی د، آباده، بوانات، پاسارگاد، خرم بید، سرچهان/محل خدمت پاسارگاد؛ پذیرش دانشجو‌معلم با تعهد خدمت؛ ضوابط بخش فرهنگیان دفترچه,1402-humanities-booklet,314,1402-humanities-booklet,314,کدرشته‌محل منبع: 51625؛ عنوان رشته در منبع: آموزش ابتدایی؛ نحوه پذیرش: با آزمون (بخش دانشجو‌معلم)؛ استان در این ردیف مربوط به بومی‌گزینی/محل خدمت است
1402,آموزش ابتدایی,دانشگاه فرهنگیان,پردیس شهید رجایی شیراز )مرکز آموزش عالی شهید بهشتی اقلید(,فارس,در جدول ذکر نشده,,تعهد خدمت,5,مرد,در جدول ذکر نشده,اد امه مخصوص داوطلبان بومی استان فارس؛ پردیس شهید رجایی شیراز )مرکز آموزش عالی شهید بهشتی اقلید(/ اولویت پذیرش با داوطلبان بومی شهرستانهای اقلید، آباده، بوانات، پاسارگاد، خرم بید، سرچهان/محل خدمت آباده؛ پذیرش دانشجو‌معلم با تعهد خدمت؛ ضوابط بخش فرهنگیان دفترچه,1402-humanities-booklet,314,1402-humanities-booklet,314,کدرشته‌محل منبع: 51626؛ عنوان رشته در منبع: آموزش ابتدایی؛ نحوه پذیرش: با آزمون (بخش دانشجو‌معلم)؛ استان در این ردیف مربوط به بومی‌گزینی/محل خدمت است
1402,آموزش ابتدایی,دانشگاه فرهنگیان,پردیس شهید رجایی شیراز )مرکز آموزش عالی شهید بهشتی اقلید(,فارس,در جدول ذکر نشده,,تعهد خدمت,2,مرد,در جدول ذکر نشده,اد امه مخصوص داوطلبان بومی استان فارس؛ پردیس شهید رجایی شیراز )مرکز آموزش عالی شهید بهشتی اقلید(/ اولویت پذیرش با داوطلبان بومی شهرستانهای اقلید، آباده، بوانات، پاسارگاد، خرم بید، سرچهان/محل خدمت بوانات؛ پذیرش دانشجو‌معلم با تعهد خدمت؛ ضوابط بخش فرهنگیان دفترچه,1402-humanities-booklet,314,1402-humanities-booklet,314,کدرشته‌محل منبع: 51627؛ عنوان رشته در منبع: آموزش ابتدایی؛ نحوه پذیرش: با آزمون (بخش دانشجو‌معلم)؛ استان در این ردیف مربوط به بومی‌گزینی/محل خدمت است
1402,آموزش ابتدایی,دانشگاه فرهنگیان,پردیس شهید رجایی شیراز )مرکز آموزش عالی شه ید بهشتی اقلید(,فارس,در جدول ذکر نشده,,تعهد خدمت,2,مرد,در جدول ذکر نشده,اد امه مخصوص داوطلبان بومی استان فارس؛ پردیس شهید رجایی شیراز )مرکز آموزش عالی شه ید بهشتی اقلید(/ اولویت پذیرش با داوطلبان بومی شهرستانهای اقلید، آباده، بوانات، پاسارگاد، خرم بید، سرچهان/محل خدمت سرچهان؛ پذیرش دانشجو‌معلم با تعهد خدمت؛ ضوابط بخش فرهنگیان دفترچه,1402-humanities-booklet,314,1402-humanities-booklet,314,کدرشته‌محل منبع: 51628؛ عنوان رشته در منبع: آموزش ابتدایی؛ نحوه پذیرش: با آزمون (بخش دانشجو‌معلم)؛ استان در این ردیف مربوط به بومی‌گزینی/محل خدمت است
1402,آموزش ابتدایی,دانشگاه فرهنگیان,پردیس شهید رجایی شیراز )مرکز آموزش عالی شهید بهشتی اقلید(,فارس,در جدول ذکر نشده,,تعهد خدمت,4,مرد,در جدول ذکر نشده,اد امه مخصوص داوطلبان بومی استان فارس؛ پردیس شهید رجایی شیراز )مرکز آموزش عالی شهید بهشتی اقلید(/ اولویت پذیرش با داوطلبان بومی شهرستانهای ،اقلید آباده، بوانات، پاسارگاد، خرم بید، سرچهان/محل خدمت اقلید؛ پذیرش دانشجو‌معلم با تعهد خدمت؛ ضوابط بخش فرهنگیان دفترچه,1402-humanities-booklet,314,1402-humanities-booklet,314,کدرشته‌محل منبع: 51629؛ عنوان رشته در منبع: آموزش ابتدایی؛ نحوه پذیرش: با آزمون (بخش دانشجو‌معلم)؛ استان در این ردیف مربوط به بومی‌گزینی/محل خدمت است
1402,آموزش ابتدایی,دانشگاه فرهنگیان,پردیس شهید رجایی شیراز )مرکز آموزش عالی شهید بهشتی اقلید(,فارس,در جدول ذکر نشده,,تعهد خدمت,4,مرد,در جدول ذکر نشده,اد امه مخصوص داوطلبان بومی استان فارس؛ پردیس شهید رجایی شیراز )مرکز آموزش عالی شهید بهشتی اقلید(/ اولویت پذیرش با داوطلبان بومی شهرستانهای اقلید، آباده، بوانات، پاسارگاد، خرم بید، سرچهان/محل خدمت سده؛ پذیرش دانشجو‌معلم با تعهد خدمت؛ ضوابط بخش فرهنگیان دفترچه,1402-humanities-booklet,314,1402-humanities-booklet,314,کدرشته‌محل منبع: 51630؛ عنوان رشته در منبع: آموزش ابتدایی؛ نحوه پذیرش: با آزمون (بخش دانشجو‌معلم)؛ استان در این ردیف مربوط به بومی‌گزینی/محل خدمت است
1402,آموزش ابتدایی,دانشگاه فرهنگیان,پردیس شهید رجایی شیراز )مرکز آموزش عالی شهید بهشتی اقلید(,فارس,در جدول ذکر نشده,,تعهد خدمت,2,مرد,در جدول ذکر نشده,اد امه مخصوص داوطلبان بومی استان فارس؛ پردیس شهید رجایی شیراز )مرکز آموزش عالی شهید بهشتی اقلید(/ اولویت پذیرش با داوطلبان بومی شهرستانهای (اقلید، آباده، بوانات، پاسارگاد، خرم بید، سرچهان/محل خدمت مشهدمرغاب )قادرآباد؛ پذیرش دانشجو‌معلم با تعهد خدمت؛ ضوابط بخش فرهنگیان دفترچه,1402-humanities-booklet,314,1402-humanities-booklet,314,کدرشته‌محل منبع: 51631؛ عنوان رشته در منبع: آموزش ابتدایی؛ نحوه پذیرش: با آزمون (بخش دانشجو‌معلم)؛ استان در این ردیف مربوط به بومی‌گزینی/محل خدمت است
1402,آموزش ابتدایی,دانشگاه فرهنگیان,ع پردیس شهید رجایی شیراز )مرکز آموزش الی شهیدمطهری شیراز(,فارس,در جدول ذکر نشده,,تعهد خدمت,5,مرد,در جدول ذکر نشده,اد امه مخصوص داوطلبان بومی استان فارس؛ ع پردیس شهید رجایی شیراز )مرکز آموزش الی شهیدمطهری شیراز(/ اولویت پذیرش با داوطلبان بومی شهرستانهای فراشبند، فیروزآباد، قیر و کارزین/محل خدمت فیروزآباد؛ پذیرش دانشجو‌معلم با تعهد خدمت؛ ضوابط بخش فرهنگیان دفترچه,1402-humanities-booklet,314,1402-humanities-booklet,314,کدرشته‌محل منبع: 51632؛ عنوان رشته در منبع: آموزش ابتدایی؛ نحوه پذیرش: با آزمون (بخش دانشجو‌معلم)؛ استان در این ردیف مربوط به بومی‌گزینی/محل خدمت است
1402,آموزش ابتدایی,دانشگاه فرهنگیان,پردیس شهید رجایی شیراز )مرکز آموزش عالی شهیدمطهری شیراز(,فارس,در جدول ذکر نشده,,تعهد خدمت,3,مرد,در جدول ذکر نشده,اد امه مخصوص داوطلبان بومی استان فارس؛ پردیس شهید رجایی شیراز )مرکز آموزش عالی شهیدمطهری شیراز(/ اولویت پذیرش با داوطلبان بومی شهرستانهای فراشبند، فیروزآ باد، قیر و کارزین/محل خدمت فراشبند؛ پذیرش دانشجو‌معلم با تعهد خدمت؛ ضوابط بخش فرهنگیان دفترچه,1402-humanities-booklet,314,1402-humanities-booklet,314,کدرشته‌محل منبع: 51633؛ عنوان رشته در منبع: آموزش ابتدایی؛ نحوه پذیرش: با آزمون (بخش دانشجو‌معلم)؛ استان در این ردیف مربوط به بومی‌گزینی/محل خدمت است
1402,آموزش ابتدایی,دانشگاه فرهنگیان,پردیس شهید رجایی شیراز )مرکز آموزش عالی شهیدمطهری شیراز(,فارس,در جدول ذکر نشده,,تعهد خدمت,6,مرد,در جدول ذکر نشده,اد امه مخصوص داوطلبان بومی استان فارس؛ پردیس شهید رجایی شیراز )مرکز آموزش عالی شهیدمطهری شیراز(/ اولویت پذیرش با داوطلبان بومی شهرستانهای فراشبند، فیروزآباد، قیر و کارزین/محل خدمت قیروکارزین؛ پذیرش دانشجو‌معلم با تعهد خدمت؛ ضوابط بخش فرهنگیان دفترچه,1402-humanities-booklet,314,1402-humanities-booklet,314,کدرشته‌محل منبع: 51634؛ عنوان رشته در منبع: آموزش ابتدایی؛ نحوه پذیرش: با آزمون (بخش دانشجو‌معلم)؛ استان در این ردیف مربوط به بومی‌گزینی/محل خدمت است
1402,آموزش ابتدایی,دانشگاه فرهنگیان,پردیس شهید رجای ی شیراز )مرکز آموزش عالی شهیدمطهری شیراز(,فارس,در جدول ذکر نشده,,تعهد خدمت,5,مرد,در جدول ذکر نشده,اد امه مخصوص داوطلبان بومی استان فارس؛ پردیس شهید رجای ی شیراز )مرکز آموزش عالی شهیدمطهری شیراز(/ اولویت پذیرش با داوطلبان بومی شهرستانهای فراشبند، فیروزآباد، قیر و کارزین/محل خدمت میمند؛ پذیرش دانشجو‌معلم با تعهد خدمت؛ ضوابط بخش فرهنگیان دفترچه,1402-humanities-booklet,314,1402-humanities-booklet,314,کدرشته‌محل منبع: 51635؛ عنوان رشته در منبع: آموزش ابتدایی؛ نحوه پذیرش: با آزمون (بخش دانشجو‌معلم)؛ استان در این ردیف مربوط به بومی‌گزینی/محل خدمت است
1402,آموزش ابتدایی,دانشگاه فرهنگیان,پردیس بنت الهدی صدر قزوین,قزوین,در جدول ذکر نشده,,تعهد خدمت,6,زن,در جدول ذکر نشده,ادامه مخصوص داوطلبان بومی استان قزوین؛ پردیس بنت الهدی صدر قزوین/ اولویت پذیرش با داوطلبان بومی شهرستان قزوین/محل خدمت قزوین ناحیه1؛ پذیرش دانشجو‌معلم با تعهد خدمت؛ ضوابط بخش فرهنگیان دفترچه,1402-humanities-booklet,322,1402-humanities-booklet,322,کدرشته‌محل منبع: 51764؛ عنوان رشته در منبع: آموزش ابتدایی؛ نحوه پذیرش: با آزمون (بخش دانشجو‌معلم)؛ استان در این ردیف مربوط به بومی‌گزینی/محل خدمت است
1402,آموزش ابتدایی,دانشگاه فرهنگیان,پردیس بنت الهدی صدر قزوین,قزوین,در جدول ذکر نشده,,تعهد خدمت,1,زن,در جدول ذکر نشده,ادامه مخصوص داوطلبان بومی استان قزوین؛ پردیس بنت الهدی صدر قزوین/ اولویت پذیرش با داوطلبان بومی شهرستان قزوین/محل خدمت قزوین ناحیه2؛ پذیرش دانشجو‌معلم با تعهد خدمت؛ ضوابط بخش فرهنگیان دفترچه,1402-humanities-booklet,322,1402-humanities-booklet,322,کدرشته‌محل منبع: 51765؛ عنوان رشته در منبع: آموزش ابتدایی؛ نحوه پذیرش: با آزمون (بخش دانشجو‌معلم)؛ استان در این ردیف مربوط به بومی‌گزینی/محل خدمت است
1402,آموزش ابتدایی,دانشگاه فرهنگیان,پردیس بنت الهدی صدر قزوین,قزوین,در جدول ذکر نشده,,تعهد خدمت,1,زن,در جدول ذکر نشده,ادامه مخصوص داوطلبان بومی استان قزوین؛ پردیس بنت الهدی صدر قزوین/ اولویت پذیرش با داوطلبان بومی شهرستان قزوین/محل خدمت رودبارشهرستان؛ پذیرش دانشجو‌معلم با تعهد خدمت؛ ضوابط بخش فرهنگیان دفترچه,1402-humanities-booklet,322,1402-humanities-booklet,322,کدرشته‌محل منبع: 51766؛ عنوان رشته در منبع: آموزش ابتدایی؛ نحوه پذیرش: با آزمون (بخش دانشجو‌معلم)؛ استان در این ردیف مربوط به بومی‌گزینی/محل خدمت است
1402,آموزش ابتدایی,دانشگاه فرهنگیان,پردیس بنت الهدی صدر قزوین,قزوین,در جدول ذکر نشده,,تعهد خدمت,1,زن,در جدول ذکر نشده,ادامه مخصوص داوطلبان بومی استان قزوین؛ پردیس بنت الهدی صدر قزوین/ اول ویت پذیرش با داوطلبان بومی شهرستان قزوین/محل خدمت رودبارالموت؛ پذیرش دانشجو‌معلم با تعهد خدمت؛ ضوابط بخش فرهنگیان دفترچه,1402-humanities-booklet,322,1402-humanities-booklet,322,کدرشته‌محل منبع: 51767؛ عنوان رشته در منبع: آموزش ابتدایی؛ نحوه پذیرش: با آزمون (بخش دانشجو‌معلم)؛ استان در این ردیف مربوط به بومی‌گزینی/محل خدمت است
1402,آموزش ابتدایی,دانشگاه فرهنگیان,پردیس بنت الهدی صدر قزوین,قزوین,در جدول ذکر نشده,,تعهد خدمت,1,زن,در جدول ذکر نشده,ادامه مخصوص داوطلبان بومی استان قزوین؛ پردیس بنت الهدی صدر قزوین/ اولویت پذیرش با داوطلبان بومی شهرستان قزوین/محل خدمت طارم سفلی؛ پذیرش دانشجو‌معلم با تعهد خدمت؛ ضوابط بخش فرهنگیان دفترچه,1402-humanities-booklet,322,1402-humanities-booklet,322,کدرشته‌محل منبع: 51768؛ عنوان رشته در منبع: آموزش ابتدایی؛ نحوه پذیرش: با آزمون (بخش دانشجو‌معلم)؛ استان در این ردیف مربوط به بومی‌گزینی/محل خدمت است
1402,آموزش ابتدایی,دانشگاه فرهنگیان,پردیس بنت الهدی صدر قزوین,قزوین,در جدول ذکر نشده,,تعهد خدمت,4,زن,در جدول ذکر نشده,ادامه مخصوص داوطلبان بومی استان قزوین؛ پردیس بنت الهدی صدر قزوین/ اولویت پذیرش با داوطلبا ن بومی شهرستان آوج /محل خدمت آوج؛ پذیرش دانشجو‌معلم با تعهد خدمت؛ ضوابط بخش فرهنگیان دفترچه,1402-humanities-booklet,322,1402-humanities-booklet,322,کدرشته‌محل منبع: 51769؛ عنوان رشته در منبع: آموزش ابتدایی؛ نحوه پذیرش: با آزمون (بخش دانشجو‌معلم)؛ استان در این ردیف مربوط به بومی‌گزینی/محل خدمت است
1402,آموزش ابتدایی,دانشگاه فرهنگیان,پردیس بنت الهدی صدر قزوین,قزوین,در جدول ذکر نشده,,تعهد خدمت,3,زن,در جدول ذکر نشده,ادامه مخصوص داوطلبان بومی استان قزوین؛ پردیس بنت الهدی صدر قزوین/ اولویت پذیرش با داوطلبان بومی شهرستان بویین زهرا /محل خدمت شال؛ پذیرش دانشجو‌معلم با تعهد خدمت؛ ضوابط بخش فرهنگیان دفترچه,1402-humanities-booklet,322,1402-humanities-booklet,322,کدرشته‌محل منبع: 51770؛ عنوان رشته در منبع: آموزش ابتدایی؛ نحوه پذیرش: با آزمون (بخش دانشجو‌معلم)؛ استان در این ردیف مربوط به بومی‌گزینی/محل خدمت است
1402,آموزش ابتدایی,دانشگاه فرهنگیان,پردیس بنت الهدی صدر قزوین,قزوین,در جدول ذکر نشده,,تعهد خدمت,7,زن,در جدول ذکر نشده,ادامه مخصوص داوطلبان بومی استان قزوین؛ پردیس بنت الهدی صدر قزوین/ اولویت پذیرش با داوطلبان بومی شهرستان بویین زهرا /مح ل خدمت بوئین زهرا؛ پذیرش دانشجو‌معلم با تعهد خدمت؛ ضوابط بخش فرهنگیان دفترچه,1402-humanities-booklet,322,1402-humanities-booklet,322,کدرشته‌محل منبع: 51771؛ عنوان رشته در منبع: آموزش ابتدایی؛ نحوه پذیرش: با آزمون (بخش دانشجو‌معلم)؛ استان در این ردیف مربوط به بومی‌گزینی/محل خدمت است
1402,آموزش ابتدایی,دانشگاه فرهنگیان,پردیس بنت الهدی صدر قزوین,قزوین,در جدول ذکر نشده,,تعهد خدمت,4,زن,در جدول ذکر نشده,ادامه مخصوص داوطلبان بومی استان قزوین؛ پردیس بنت الهدی صدر قزوین/ اولویت پذیرش با داوطلبان بومی شهرستان البرز/محل خدمت البرز؛ پذیرش دانشجو‌معلم با تعهد خدمت؛ ضوابط بخش فرهنگیان دفترچه,1402-humanities-booklet,322,1402-humanities-booklet,322,کدرشته‌محل منبع: 51772؛ عنوان رشته در منبع: آموزش ابتدایی؛ نحوه پذیرش: با آزمون (بخش دانشجو‌معلم)؛ استان در این ردیف مربوط به بومی‌گزینی/محل خدمت است
1402,آموزش ابتدایی,دانشگاه فرهنگیان,پردیس بنت الهدی صدر قزوین,قزوین,در جدول ذکر نشده,,تعهد خدمت,5,زن,در جدول ذکر نشده,ادامه مخصوص داوطلبان بومی استان قزوین؛ پردیس بنت الهدی صدر قزوین/ اولویت پذیرش با داوطلبان بومی شهرستان تاکستان/محل خدمت تاکستان؛ پذیرش دانشجو‌معلم با تعهد خدمت؛ ضوابط بخش فرهنگیان دفترچه,1402-humanities-booklet,322,1402-humanities-booklet,322,کدرشته‌محل منبع: 51773؛ عنوان رشته در منبع: آمو زش ابتدایی؛ نحوه پذیرش: با آزمون (بخش دانشجو‌معلم)؛ استان در این ردیف مربوط به بومی‌گزینی/محل خدمت است
1402,آموزش ابتدایی,دانشگاه فرهنگیان,پردیس بنت الهدی صدر قزوین,قزوین,در جدول ذکر نشده,,تعهد خدمت,3,زن,در جدول ذکر نشده,ادامه مخصوص داوطلبان بومی استان قزوین؛ پردیس بنت الهدی صدر قزوین/ اولویت پذیرش با داوطلبان بومی شهرستان تاکستان/محل خدمت ضیاءآباد؛ پذیرش دانشجو‌معلم با تعهد خدمت؛ ضوابط بخش فرهنگیان دفترچه,1402-humanities-booklet,322,1402-humanities-booklet,322,کدرشته‌محل منبع: 51774؛ عنوان رشته در منبع: آموزش ابتدایی؛ نحوه پذیرش: با آزمون (بخش دانشجو‌معلم)؛ استان در این ردیف مربوط به بومی‌گزینی/محل خدمت است
1402,آموزش ابتدایی,دانشگاه فرهنگیان,پردیس بنت الهدی صدر قزوین,قزوین,در جدول ذکر نشده,,تعهد خدمت,3,زن,در جدول ذکر نشده,ادامه مخصوص داوطلبان بومی استان قزوین؛ پردیس بنت الهدی صدر قزوین/ اولویت پذیرش با داوطلبان بومی شهرستان تاکستان/محل خدمت خرمدشت؛ پذیرش دانشجو‌معلم با تعهد خدمت؛ ضوابط بخش فرهنگیان دفترچه,1402-humanities-booklet,322,1402-humanities-booklet,322,کدرشته‌محل منبع: 51775؛ عنوان رشته در منبع: آموزش ابتدایی؛ نحوه پذیرش: با آزمون (بخش دانشجو‌معلم)؛ استان در این ردیف مربوط به بومی‌گزینی/محل خدمت است
1402,آموزش ابتدایی,دانشگاه فرهنگیان,پردیس بنت الهدی صدر قزوین,قزوین,در جدول ذکر نشده,,تعهد خدمت,3,زن,در جدول ذکر نشده,ادام ه مخصوص داوطلبان بومی استان قزوین؛ پردیس بنت الهدی صدر قزوین/ اولویت پذیرش با داوطلبان بومی شهرستان تاکستان/محل خدمت اسفرورین؛ پذیرش دانشجو‌معلم با تعهد خدمت؛ ضوابط بخش فرهنگیان دفترچه,1402-humanities-booklet,323,1402-humanities-booklet,323,کدرشته‌محل منبع: 51776؛ عنوان رشته در منبع: آموزش ابتدایی؛ نحوه پذیرش: با آزمون (بخش دانشجو‌معلم)؛ استان در این ردیف مربوط به بومی‌گزینی/محل خدمت است
1402,آموزش ابتدایی,دانشگاه فرهنگیان,پردیس بنت الهدی صدر قزوین,قزوین,در جدول ذکر نشده,,تعهد خدمت,5,زن,در جدول ذکر نشده,ادام ه مخصوص داوطلبان بومی استان قزوین؛ پردیس بنت الهدی صدر قزوین/ اولویت پذیرش با داوطلبان بومی شهرستان آبیک/محل خدمت آبیک؛ پذیرش دانشجو‌معلم با تعهد خدمت؛ ضوابط بخش فرهنگیان دفترچه,1402-humanities-booklet,323,1402-humanities-booklet,323,کدرشته‌محل منبع: 51777؛ عنوان رشته در منبع: آموزش ابتدایی؛ نحوه پذیرش: با آزمون (بخش دانشجو‌معلم)؛ استان در این ردیف مربوط به بومی‌گزینی/محل خدمت است
1402,آموزش ابتدایی,دانشگاه فرهنگیان,پردیس شهید رجایی قزوین,قزوین,در جدول ذکر نشده,,تعهد خدمت,8,مرد,در جدول ذکر نشده,ادام ه مخصوص داوطلبان بومی استان قزوین؛ پردیس شهید رجایی قزوین/ اولویت پذیرش با داوطلبان بومی شهرستان آبیک/محل خدمت آبیک؛ پذیرش دانشجو‌معلم با تعهد خدمت؛ ضوابط بخش فرهنگیان دفترچه,1402-humanities-booklet,323,1402-humanities-booklet,323,کدرشته‌محل منبع: 51778؛ عنوان رشته در منبع: آموزش ابتدایی؛ نحوه پذیرش: با آزمون (بخش دانشجو‌معلم)؛ استان در این ردیف مربوط به بومی‌گزینی/محل خدمت است
1402,آموزش ابتدایی,دانشگاه فرهنگیان,م,قزوین,در جدول ذکر نشده,,تعهد خدمت,8,مرد,در جدول ذکر نشده,ادام ه مخصوص داوطلبان بومی استان قزوین؛ م/پردیس شهید رجایی قزوین/ اولویت پذیرش با داوطلبان بومی شهرستان تاکستان حل خدمت تاکستان؛ پذیرش دانشجو‌معلم با تعهد خدمت؛ ضوابط بخش فرهنگیان دفترچه,1402-humanities-booklet,323,1402-humanities-booklet,323,کدرشته‌محل منبع: 51779؛ عنوان رشته در منبع: آموزش ابتدایی؛ نحوه پذیرش: با آزمون (بخش دانشجو‌معلم)؛ استان در این ردیف مربوط به بومی‌گزینی/محل خدمت است
1402,آموزش ابتدایی,دانشگاه فرهنگیان,پردیس شهید رجایی قزوین,قزوین,در جدول ذکر نشده,,تعهد خدمت,5,مرد,در جدول ذکر نشده,ادام ه مخصوص داوطلبان بومی استان قزوین؛ پردیس شهید رجایی قزوین/ اولویت پذیرش با داوطلبان بومی شهرستان تاکستان/محل خدمت ضیاءآباد؛ پذیرش دانشجو‌معلم با تعهد خدمت؛ ضوابط بخش فرهنگیان دفترچه,1402-humanities-booklet,323,1402-humanities-booklet,323,کدرشته‌محل منبع: 51780؛ عنوان رشته در منبع: آموزش ابتدایی؛ نحوه پذیرش: با آزمون (بخش دانشجو‌معلم)؛ استان در این ردیف مربوط به بومی‌گزینی/محل خدمت است
1402,آموزش ابتدایی,دانشگاه فرهنگیان,پردیس شهید رجایی قزوین,قزوین,در جدول ذکر نشده,,تعهد خدمت,5,مرد,در جدول ذکر نشده,ادام ه مخصوص داوطلبان بومی استان قزوین؛ پردیس شهید رجایی قزوین/ اولویت پذیرش با داوطلبان بومی شهرستان تاکستان/محل خدمت خرمدشت؛ پذیرش دانشجو‌معلم با تعهد خدمت؛ ضوابط بخش فرهنگیان دفترچه,1402-humanities-booklet,323,1402-humanities-booklet,323,کدرشته‌محل منبع: 51781؛ عنوان رشته در منبع: آموزش ابتدایی؛ نحوه پذیرش: با آزمون (بخش دانشجو‌معلم)؛ استان در این ردیف مربوط به بومی‌گزینی/محل خدمت است
1402,آموزش ابتدایی,دانشگاه فرهنگیان,پردیس شهید رجایی قزوین,قزوین,در جدول ذکر نشده,,تعهد خدمت,5,مرد,در جدول ذکر نشده,ادام ه مخصوص داوطلبان بومی استان قزوین؛ پردیس شهید رجایی قزوین/ اولویت پذیرش با داوطلبان بومی شهرستان تاکستان/محل خدمت اسفرورین؛ پذیرش دانشجو‌معلم با تعهد خدمت؛ ضوابط بخش فرهنگیان دفترچه,1402-humanities-booklet,323,1402-humanities-booklet,323,کدرشته‌محل منبع: 51782؛ عنوان رشته در منبع: آموزش ابتدایی؛ نحوه پذیرش: با آزمون (بخش دانشجو‌معلم)؛ استان در این ردیف مربوط به بومی‌گزینی/محل خدمت است
1402,آموزش ابتدایی,دانشگاه فرهنگیان,پردیس شهید رجایی قزوین,قزوین,در جدول ذکر نشده,,تعهد خدمت,3,مرد,در جدول ذکر نشده,ادام ه مخصوص داوطلبان بومی استان قزوین؛ پردیس شهید رجایی قزوین/ اولویت پذیرش با داوطلبان بومی شهرستان البرز/محل خدمت البرز؛ پذیرش دانشجو‌معلم با تعهد خدمت؛ ضوابط بخش فرهنگیان دفترچه,1402-humanities-booklet,323,1402-humanities-booklet,323,کدرشته‌محل منبع: 51783؛ عنوان رشته در منبع: آموزش ابتدایی؛ نحوه پذیرش: با آزمون (بخش دانشجو‌معلم)؛ استان در این ردیف مربوط به بومی‌گزینی/محل خدمت است
1402,آموزش ابتدایی,دانشگاه فرهنگیان,پردیس شهید رجایی قزوین,قزوین,در جدول ذکر نشده,,تعهد خدمت,3,مرد,در جدول ذکر نشده,ادام ه مخصوص داوطلبان بومی استان قزوین؛ پردیس شهید رجایی قزوین/ اولویت پذیرش با داوطلبان بومی شهرستان قزوین/محل خدمت رودبارالموت؛ پذیرش دانشجو‌معلم با تعهد خدمت؛ ضوابط بخش فرهنگیان دفترچه,1402-humanities-booklet,323,1402-humanities-booklet,323,کدرشته‌محل منبع: 51784؛ عنوان رشته در منبع: آموزش ابتدایی؛ نحوه پذیرش: با آزمون (بخش دانشجو‌معلم)؛ استان در این ردیف مربوط به بومی‌گزینی/محل خدمت است
1402,آموزش ابتدایی,دانشگاه فرهنگیان,پردیس شهید رجایی قزوین,قزوین,در جدول ذکر نشده,,تعهد خدمت,3,مرد,در جدول ذکر نشده,ادام ه مخصوص داوطلبان بومی استان قزوین؛ پردیس شهید رجایی قزوین/ اولویت پذیرش با داوطلبان بومی شهرستان قزوین/محل خدمت طارم سفلی؛ پذیرش دانشجو‌معلم با تعهد خدمت؛ ضوابط بخش فرهنگیان دفترچه,1402-humanities-booklet,323,1402-humanities-booklet,323,کدرشته‌محل منبع: 51785؛ عنوان رشته در منبع: آموزش ابتدایی؛ نحوه پذیرش: با آزمون (بخش دانشجو‌معلم)؛ استان در این ردیف مربوط به بومی‌گزینی/محل خدمت است
1402,آموزش ابتدایی,دانشگاه فرهنگیان,پردیس شهید رجایی قزوین,قزوین,در جدول ذکر نشده,,تعهد خدمت,5,مرد,در جدول ذکر نشده,ادام ه مخصوص داوطلبان بومی استان قزوین؛ پردیس شهید رجایی قزوین/ اولویت پذیرش با دا وطلبان بومی شهرستان بویین زهرا /محل خدمت شال؛ پذیرش دانشجو‌معلم با تعهد خدمت؛ ضوابط بخش فرهنگیان دفترچه,1402-humanities-booklet,323,1402-humanities-booklet,323,کدرشته‌محل منبع: 51786؛ عنوان رشته در منبع: آموزش ابتدایی؛ نحوه پذیرش: با آزمون (بخش دانشجو‌معلم)؛ استان در این ردیف مربوط به بومی‌گزینی/محل خدمت است
1402,آموزش ابتدایی,دانشگاه فرهنگیان,پردیس شهید رجایی قزوین,قزوین,در جدول ذکر نشده,,تعهد خدمت,8,مرد,در جدول ذکر نشده,ادام ه مخصوص داوطلبان بومی استان قزوین؛ پردیس شهید رجایی قزوین/ اولویت پذیرش با داوطلبان بومی شهرستان بویین زهرا /محل خدمت بوئین زهرا؛ پذیرش دانشجو‌معلم با تعهد خدمت؛ ضوابط بخش فرهنگیان دفترچه,1402-humanities-booklet,323,1402-humanities-booklet,323,کدرشته‌محل منبع: 51787؛ عنوان رشته در منبع: آموزش ابتدایی؛ نحوه پذیرش: با آزمون (بخش دانشجو‌معلم)؛ استان در این ردیف مربوط به بومی‌گزینی/محل خدمت است
1402,آموزش ابتدایی,دانشگاه فرهنگیان,پردیس شهید رجایی قزوین,قزوین,در جدول ذکر نشده,,تعهد خدمت,8,مرد,در جدول ذکر نشده,ادام ه مخصوص داوطلبان بومی استان قزوین؛ پردیس شهید رجایی قزوین/ اولویت پذیرش با داوطلبان بومی شهرستان آ وج /محل خدمت آوج؛ پذیرش دانشجو‌معلم با تعهد خدمت؛ ضوابط بخش فرهنگیان دفترچه,1402-humanities-booklet,323,1402-humanities-booklet,323,کدرشته‌محل منبع: 51788؛ عنوان رشته در منبع: آموزش ابتدایی؛ نحوه پذیرش: با آزمون (بخش دانشجو‌معلم)؛ استان در این ردیف مربوط به بومی‌گزینی/محل خدمت است
1402,آموزش ابتدایی,دانشگاه فرهنگیان,پردیس شهید رجایی قزوین,قزوین,در جدول ذکر نشده,,تعهد خدمت,5,مرد,در جدول ذکر نشده,ادام ه مخصوص داوطلبان بومی استان قزوین؛ پردیس شهید رجایی قزوین/ اولویت پذیرش با داوطلبان بومی شهرستان قزوین/محل خدمت قزوین ناحیه1؛ پذیرش دانشجو‌معلم با تعهد خدمت؛ ضوابط بخش فرهنگیان دفترچه,1402-humanities-booklet,323,1402-humanities-booklet,323,کدرشته‌محل منبع: 51789؛ عنوان رشته در منبع: آموزش ابتدایی؛ نحوه پذیرش: با آزمون (بخش دانشجو‌معلم)؛ استان در این ردیف مربوط به بومی‌گزینی/محل خدمت است
1402,آموزش ابتدایی,دانشگاه فرهنگیان,پردیس شهید رجایی قزوین,قزوین,در جدول ذکر نشده,,تعهد خدمت,2,مرد,در جدول ذکر نشده,ادام ه مخصوص داوطلبان بومی استان قزوین؛ پردیس شهید رجایی قزوین/ اولویت پذیرش با داوطلبان بومی شهرستان قزوین/محل خدمت قزوین ناحیه2؛ پذیرش دانشجو‌معلم با تعهد خدمت؛ ضوابط بخش فرهنگیان دفترچه,1402-humanities-booklet,323,1402-humanities-booklet,323,کدرشته‌محل منبع: 51790؛ عنوان رشته در منبع: آموزش ابتدایی؛ نحوه پذیرش: با آزمون (بخش دانشجو‌معلم)؛ استان در این ردیف مربوط به بومی‌گزینی/محل خدمت است
1402,آموزش ابتدایی,دانشگاه فرهنگیان,پردیس شهید رجایی قزوین,قزوین,در جدول ذکر نشده,,تعهد خدمت,1,مرد,در جدول ذکر نشده,ادام ه مخصوص داوطلبان بومی استان قزوین؛ پردیس شهید رجایی قزوین/ اولویت پذیرش با داوطلبان بومی شهرستان قزوین/محل خدمت رودبارشهرستان؛ پذیرش دانشجو‌معلم با تعهد خدمت؛ ضوابط بخش فرهنگیان دفترچه,1402-humanities-booklet,323,1402-humanities-booklet,323,کدرشته‌محل منبع: 51791؛ عنوان رشته در منبع: آموزش ابتدایی؛ نحوه پذیرش: با آزمون (بخش دانشجو‌معلم)؛ استان در این ردیف مربوط به بومی‌گزینی/محل خدمت است
1402,آموزش ابتدایی,دانشگاه فرهنگیان,پردیس آیت اله طالقانی قم,قزوین,در جدول ذکر نشده,,تعهد خدمت,5,مرد,در جدول ذکر نشده,ادامه مخصوص داوطلبان بومی استان قزوین؛ پردیس آیت اله طالقانی قم/ مخصوص داوطلبان بومی استان قم/محل خدمت قم .ناحیه 2؛ پذیرش دانشجو‌معلم با تعهد خدمت؛ ضوابط بخش فرهنگیان دفترچه,1402-humanities-booklet,327,1402-humanities-booklet,327,کدرشته‌محل منبع: 51820؛ عنوان رشته در منبع: آموزش ابتدایی؛ نحوه پذیرش: با آزمون (بخش دانشجو‌معلم)؛ استان در این ردیف مربوط به بومی‌گزینی/محل خدمت است
1402,آموزش ابتدایی,دانشگاه فرهنگیان,پردی س آیت اله طالقانی قم,قزوین,در جدول ذکر نشده,,تعهد خدمت,5,مرد,در جدول ذکر نشده,ادامه مخصوص داوطلبان بومی استان قزوین؛ پردی س آیت اله طالقانی قم/ مخصوص داوطلبان بومی استان قم/محل خدمت قم .ناحیه3؛ پذیرش دانشجو‌معلم با تعهد خدمت؛ ضوابط بخش فرهنگیان دفترچه,1402-humanities-booklet,327,1402-humanities-booklet,327,کدرشته‌محل منبع: 51821؛ عنوان رشته در منبع: آموزش ابتدایی؛ نحوه پذیرش: با آزمون (بخش دانشجو‌معلم)؛ استان در این ردیف مربوط به بومی‌گزینی/محل خدمت است
1402,آموزش ابتدایی,دانشگاه فرهنگیان,پردیس آیت اله طالقانی قم,قزوین,در جدول ذکر نشده,,تعهد خدمت,4,مرد,در جدول ذکر نشده,ادامه مخصوص داوطلبان بومی استان قزوین؛ پردیس آیت اله طالقانی قم/ مخصوص داوطلبان بومی استان قم/محل خدمت قم .ناحیه 4؛ پذیرش دانشجو‌معلم با تعهد خدمت؛ ضوابط بخش فرهنگیان دفترچه,1402-humanities-booklet,327,1402-humanities-booklet,327,کدرشته‌محل منبع: 51822؛ عنوان رشته در منبع: آموزش ابتدایی؛ نحوه پذیرش: با آزمون (بخش دانشجو‌معلم)؛ استان در این ردیف مربوط به بومی‌گزینی/محل خدمت است
1402,آموزش ابتدایی,دانشگاه فرهنگیان,پردیس آیت اله طالقانی قم,قزوین,در جدول ذکر نشده,,تعهد خدمت,7,مرد,در جدول ذکر نشده,ادامه مخصوص داوطلبان بومی استان قزوین؛ پردیس آیت اله طالقانی قم/ مخصوص داوطلبان بومی استان قم/محل خدمت جعفرآباد؛ پذیرش دانشجو‌معلم با تعهد خدمت؛ ضوابط بخش فرهنگیان دفترچه,1402-humanities-booklet,327,1402-humanities-booklet,327,کدرشته‌محل منبع: 51823؛ عنوان رشته در منبع: آموزش ابتدایی؛ نحوه پذیرش: با آزمون (بخش دانشجو‌معلم)؛ استان در این ردیف مربوط به بومی‌گزینی/محل خدمت است
1402,آموزش ابتدایی,دانشگاه فرهنگیان,پردیس آیت اله طالقانی قم,قزوین,در جدول ذکر نشده,,تعهد خدمت,13,مرد,در جدول ذکر نشده,ادامه مخصوص داوطلبان بومی استان قزوین؛ پردیس آیت اله طالقانی قم/ مخصوص داوطلبان بومی استان قم/محل خدمت خلجستان؛ پذیرش دانشجو‌معلم با تعهد خدمت؛ ضوابط بخش فرهنگیان دفترچه,1402-humanities-booklet,327,1402-humanities-booklet,327,کدرشته‌محل منبع: 51824؛ عنوان رشته در منبع: آموزش ابتدایی؛ نحوه پذیرش: با آزمون (بخش دانشجو‌معلم)؛ استان در این ردیف مربوط به بومی‌گزینی/محل خدمت است
1402,آموزش ابتدایی,دانشگاه فرهنگیان,پردیس آیت اله طالقانی قم,قزوین,در جدول ذکر نشده,,تعهد خدمت,9,مرد,در جدول ذکر نشده,ادامه مخصوص داوطلبان بومی استان قزوین؛ پردیس آیت اله طالقانی قم/ مخصوص داوطلبان بومی استان قم/محل خدمت قم .کهک )نوفل (لوشاتو؛ پذیرش دانشجو‌معلم با تعهد خدمت؛ ضوابط بخش فرهنگیان دفترچه,1402-humanities-booklet,327,1402-humanities-booklet,327,کدرشته‌محل منبع: 51825؛ عنوان رشته در منبع: آموزش ابتدایی؛ نحوه پذیرش: با آزمون (بخش دانشجو‌معلم)؛ استان در این ردیف مربوط به بومی‌گزینی/محل خدمت است
1402,آموزش ابتدایی,دانشگاه فرهنگیان,پردیس حضرت معصومه)س( قم,قزوین,در جدول ذکر نشده,,تعهد خدمت,2,زن,در جدول ذکر نشده,ادامه مخصوص داوطلبان بومی استان قزوین؛ پردیس حضرت معصومه)س( قم/ مخصوص داوطلبان بومی استان قم/محل خدمت قم .ناحیه1؛ پذیرش دانشجو‌معلم با تعهد خدمت؛ ضوابط بخش فرهنگیان دفترچه,1402-humanities-booklet,327,1402-humanities-booklet,327,کدرشته‌محل منبع: 51826؛ عنوان رشته در منبع: آموزش ابتدایی؛ نحوه پذیرش: با آزمون (بخش دانشجو‌معلم)؛ استان در این ردیف مربوط به بومی‌گزینی/محل خدمت است
1402,آموزش ابتدایی,دانشگاه فرهنگیان,پردیس حضرت معصومه)س( قم,قزوین,در جدول ذکر نشده,,تعهد خدمت,2,زن,در جدول ذکر نشده,ادامه مخصوص داوطلبان بومی استان قزوین؛ پردیس حضرت معصومه)س( قم/ مخصوص داوطلبان بومی استان قم/محل خدمت قم .ناحیه2؛ پذیرش دانشجو‌معلم با تعهد خدمت؛ ضوابط بخش فرهنگیان دفترچه,1402-humanities-booklet,327,1402-humanities-booklet,327,کدرشته‌محل منبع: 51827؛ عنوان رشته در منبع: آموزش ابتدایی؛ نحوه پذیرش: با آزمون (بخش دانشجو‌معلم)؛ استان در این ردیف مربوط به بومی‌گزینی/محل خدمت است
1402,آموزش ابتدایی,دانشگاه فرهنگیان,پردیس حضرت معصومه)س( قم,قزوین,در جدول ذکر نشده,,تعهد خدمت,2,زن,در جدول ذکر نشده,ادامه مخصوص داوطلبان بومی استان قزوین؛ پردیس حضرت معصومه)س( قم/ مخصوص داوطلبان بومی استان قم/محل خدمت قم .ناحیه 3؛ پذیرش دانشجو‌معلم با تعهد خدمت؛ ضوابط بخش فرهنگیان دفترچه,1402-humanities-booklet,327,1402-humanities-booklet,327,کدرشته‌محل منبع: 51828؛ عنوان رشته در منبع: آموزش ابتدایی؛ نحوه پذیرش: با آزمون (بخش دانشجو‌معلم)؛ استان در این ردیف مربوط به بومی‌گزینی/محل خدمت است
1402,آموزش ابتدایی,دانشگاه فرهنگیان,پردیس حضرت معصومه)س( قم,قزوین,در جدول ذکر نشده,,تعهد خدمت,2,زن,در جدول ذکر نشده,ادامه مخصوص داوطلبان بومی استان قزوین؛ پردیس حضرت معصومه)س( قم/ مخصوص داوطلبان بومی استان قم/محل خدمت قم .ناحیه4؛ پذیرش دانشجو‌معلم با تعهد خدمت؛ ضوابط بخش فرهنگیان دفترچه,1402-humanities-booklet,327,1402-humanities-booklet,327,کدرشته‌محل منبع: 51829؛ عنوان رشته در منبع: آموزش ابتدایی؛ نحوه پذیرش: با آزمون (بخش دانشجو‌معلم)؛ استان در این ردیف مربوط به بومی‌گزینی/محل خدمت است
1402,آموزش ابتدایی,دانشگاه فرهنگیان,پردیس حضرت معصومه)س( قم,قزوین,در جدول ذکر نشده,,تعهد خدمت,3,زن,در جدول ذکر نشده,ادامه مخصوص داوطلبان بومی استان قزوین؛ پردیس حضرت معصومه)س( قم/ مخصوص داوطلبان بومی استان قم/محل خدمت جعفرآباد؛ پذیرش دانشجو‌معلم با تعهد خدمت؛ ضوابط بخش فرهنگیان دفترچه,1402-humanities-booklet,327,1402-humanities-booklet,327,کدرشته‌محل منبع: 51830؛ عنوان رشته در منبع: آموزش ابتدایی؛ نحوه پذیرش: با آزمون (بخش دانشجو‌معلم)؛ استان در این ردیف مربوط به بومی‌گزینی/محل خدمت است
1402,آموزش ابتدایی,دانشگاه فرهنگیان,ح پردیس ضرت معصومه)س( قم,قزوین,در جدول ذکر نشده,,تعهد خدمت,7,زن,در جدول ذکر نشده,ادامه مخصوص داوطلبان بومی استان قزوین؛ ح پردیس ضرت معصومه)س( قم/ مخصوص داوطلبان بومی استان قم/محل خدمت خلجستان؛ پذیرش دانشجو‌معلم با تعهد خدمت؛ ضوابط بخش فرهنگیان دفترچه,1402-humanities-booklet,327,1402-humanities-booklet,327,کدرشته‌محل منبع: 51831؛ عنوان رشته در منبع: آموزش ابتدایی؛ نحوه پذیرش: با آزمون (بخش دانشجو‌معلم)؛ استان در این ردیف مربوط به بومی‌گزینی/محل خدمت است
1402,آموزش ابتدایی,دانشگاه فرهنگیان,پردیس حضرت معصومه)س( قم,قزوین,در جدول ذکر نشده,,تعهد خدمت,6,زن,در جدول ذکر نشده,ادامه مخصوص داوطلبان بومی استان قزوین؛ پردیس حضرت معصومه)س( قم/ مخصوص داوطلبان بومی استان قم/محل خدمت قم .کهک )نوفل (لوشاتو؛ پذیرش دانشجو‌معلم با تعهد خدمت؛ ضوابط بخش فرهنگیان دفترچه,1402-humanities-booklet,327,1402-humanities-booklet,327,کدرشته‌محل منبع: 51832؛ عنوان رشته در منبع: آموزش ابتدایی؛ نحوه پذیرش: با آزمون (بخش دانشجو‌معلم)؛ استان در این ردیف مربوط به بومی‌گزینی/محل خدمت است
1402,آموزش ابتدایی,دانشگاه فرهنگیان,پردیس آیت اله طالقانی قم,قزوین,در جدول ذکر نشده,,تعهد خدمت,9,مرد,در جدول ذکر نشده,پردیس آیت اله طالقانی قم /  مخصوص داوطلبان بومی استان قم/محل خدمت قم .ناحیه 1؛ پذیرش دانشجو‌معلم با تعهد خدمت؛ ضوابط بخش فرهنگیان دفترچه,1402-correction-5,13,1402-humanities-booklet,327,کدرشته‌محل منبع: 51833؛ عنوان رشته در منبع: آموزش ابتدایی؛ نحوه پذیرش: با آزمون (بخش دانشجو‌معلم)؛ استان در این ردیف مربوط به بومی‌گزینی/محل خدمت است؛ اصلاحیه: location
1402,آموزش ابتدایی,دانشگاه فرهنگیان,پردیس بنت الهدی صدر سنندج,کردستان,در جدول ذکر نشده,,تعهد خدمت,2,زن,در جدول ذکر نشده,ادامه مخصوص داوطلبان بومی استان کردستان؛ پردیس بنت الهدی صدر سنندج/ اولویت پذیرش با داوطلبان بومی شهرستانهای بانه، سقز/محل خدمت بانه؛ پذیرش دانشجو‌معلم با تعهد خدمت؛ ضوابط بخش فرهنگیان دفترچه,1402-humanities-booklet,332,1402-humanities-booklet,332,کدرشته‌محل منبع: 51851؛ عنوان رشته در منبع: آموزش ابتدایی؛ نحوه پذیرش: با آزمون (بخش دانشجو‌معلم)؛ استان در این ردیف مربوط به بومی‌گزینی/محل خدمت است
1402,آموزش ابتدایی,دانشگاه فرهنگیان,پردیس بنت الهدی صدر سنندج,کردستان,در جدول ذکر نشده,,تعهد خدمت,2,زن,در جدول ذکر نشده,ادامه مخصوص داوطلبان بومی استان کردستان؛ پردیس بنت الهدی صدر سنندج/ اولویت پذیرش با داوطلبان بومی شهرستانهای بانه، سقز/محل خدمت سقز؛ پذیرش دانشجو‌معلم با تعهد خدمت؛ ضوابط بخش فرهنگیان دفترچه,1402-humanities-booklet,332,1402-humanities-booklet,332,کدرشته‌محل منبع: 51852؛ عنوان رشته در منبع: آموزش ابتدایی؛ نحوه پذیرش: با آزمون (بخش دانشجو‌معلم)؛ استان در این ردیف مربوط به بومی‌گزینی/محل خدمت است
1402,آموزش ابتدایی,دانشگاه فرهنگیان,پردیس بنت الهدی صدر سنندج,کردستان,در جدول ذکر نشده,,تعهد خدمت,1,زن,در جدول ذکر نشده,ادامه مخصوص داوطلبان بومی استان کردستان؛ پردیس بنت الهدی صدر سنندج/ اولویت پذیرش با داوطلبان بومی شهرستانهای قروه، دهگلان/محل خدمت دهگلان؛ پذیرش دانشجو‌معلم با تعهد خدمت؛ ضوابط بخش فرهنگیان دفترچه,1402-humanities-booklet,332,1402-humanities-booklet,332,کدرشته‌محل منبع: 51853؛ عنوان رشته در منبع: آموزش ابتدایی؛ نحوه پذیرش: با آزمون (بخش دانشجو‌معلم)؛ استان در این ردیف مربوط به بومی‌گزینی/محل خدمت است
1402,آموزش ابتدایی,دانشگاه فرهنگیان,پردیس بنت الهدی صدر سنندج,کردستان,در جدول ذکر نشده,,تعهد خدمت,3,زن,در جدول ذکر نشده,ادامه مخصوص داوطلبان بومی استان کردستان؛ پردیس بنت الهدی صدر سنندج/ اولویت پذیرش با داوطلبان بومی شهرستانهای قروه، دهگلان/محل خدمت قروه؛ پذیرش دانشجو‌معلم با تعهد خدمت؛ ضوابط بخش فرهنگیان دفترچه,1402-humanities-booklet,332,1402-humanities-booklet,332,کدرشته‌محل منبع: 51854؛ عنوان رشته در منبع: آموزش ابتدایی؛ نحوه پذیرش: با آزمون (بخش دانشجو‌معلم)؛ استان در این ردیف مربوط به بومی‌گزینی/محل خدمت است
1402,آموزش ابتدایی,دانشگاه فرهنگیان,پردیس بنت الهدی صدر سنندج,کردستان,در جدول ذکر نشده,,تعهد خدمت,2,زن,در جدول ذکر نشده,ادامه مخصوص داوطلبان بومی استان کردستان؛ پردیس بنت الهدی صدر سنندج/ اولویت پذیرش با داوطلبان بومی شهرستان بیجار/محل خدمت بیجار؛ پذیرش دانشجو‌معلم با تعهد خدمت؛ ضوابط بخش فرهنگیان دفترچه,1402-humanities-booklet,332,1402-humanities-booklet,332,کدرشته‌محل منبع: 51855؛ عنوان رشته در منبع: آموزش ابتدایی؛ نحوه پذیرش: با آزمون (بخش دانشجو‌معلم)؛ استان در این ردیف مربوط به بومی‌گزینی/محل خدمت است
1402,آموزش ابتدایی,دانشگاه فرهنگیان,پردیس بنت الهدی صدر سنندج,کردستان,در جدول ذکر نشده,,تعهد خدمت,1,زن,در جدول ذکر نشده,ادامه مخصوص داوطلبان بومی استان کردستان؛ پردیس بنت الهدی صدر سنندج/ اولویت پذیرش با داوطلبان بومی شهرستانهای مریوان، سروآباد/محل خدمت سروآباد؛ پذیرش دانشجو‌معلم با تعهد خدمت؛ ضوابط بخش فرهنگیان دفترچه,1402-humanities-booklet,332,1402-humanities-booklet,332,کدرشته‌محل منبع: 51856؛ عنوان رشته در منبع: آموزش ابتدایی؛ نحوه پذیرش: با آزمون (بخش دانشجو‌معلم)؛ استان در این ردیف مربوط به بومی‌گزینی/محل خدمت است
1402,آموزش ابتدایی,دانشگاه فرهنگیان,پردیس بنت الهدی صدر سنندج,کردستان,در جدول ذکر نشده,,تعهد خدمت,2,زن,در جدول ذکر نشده,ادامه مخصوص داوطلبان بومی استان کردستان؛ پردیس بنت الهدی صدر سنندج/ اولویت پذیرش با داوطلبان بومی شهرستانهای مریوان، سروآباد/محل خدمت مریوان؛ پذیرش دانشجو‌معلم با تعهد خدمت؛ ضوابط بخش فرهنگیان دفترچه,1402-humanities-booklet,332,1402-humanities-booklet,332,کدرشته‌محل منبع: 51857؛ عنوان رشته در منبع: آموزش ابتدایی؛ نحوه پذیرش: با آزمون (بخش دانشجو‌معلم)؛ استان در این ردیف مربوط به بومی‌گزینی/محل خدمت است
1402,آموزش ابتدایی,دانشگاه فرهنگیان,پردیس بنت الهدی صدر سنندج,کردستان,در جدول ذکر نشده,,تعهد خدمت,1,زن,در جدول ذکر نشده,ادامه مخصوص داوطلبان بومی استان کردستان؛ پردیس بنت الهدی صدر سنندج/ اولویت پذیرش با داوطلبان بومی شهرستانهای سنندج، کامیاران، دیواندره/محل خدمت دیواندره؛ پذیرش دانشجو‌معلم با تعهد خدمت؛ ضوابط بخش فرهنگیان دفترچه,1402-humanities-booklet,332,1402-humanities-booklet,332,کدرشته‌محل منبع: 51858؛ عنوان رشته در منبع: آموزش ابتدایی؛ نحوه پذیرش: با آزمون (بخش دانشجو‌معلم)؛ استان در این ردیف مربوط به بومی‌گزینی/محل خدمت است
1402,آموزش ابتدایی,دانشگاه فرهنگیان,پردیس بنت الهدی صدر سنندج,کردستان,در جدول ذکر نشده,,تعهد خدمت,6,زن,در جدول ذکر نشده,ادامه مخصوص داوطلبان بومی استان کردستان؛ پردیس بنت الهدی صدر سنندج/ اولویت پذیرش با داوطلبان بومی شهرستانهای سنندج، کامیاران، دیواندره/محل خدمت سنندج ناحیه1؛ پذیرش دانشجو‌معلم با تعهد خدمت؛ ضوابط بخش فرهنگیان دفترچه,1402-humanities-booklet,332,1402-humanities-booklet,332,کدرشته‌محل منبع: 51859؛ عنوان رشته در منبع: آموزش ابتدایی؛ نحوه پذیرش: با آزمون (بخش دانشجو‌معلم)؛ استان در این ردیف مربوط به بومی‌گزینی/محل خدمت است
1402,آموزش ابتدایی,دانشگاه فرهنگیان,پردیس بنت الهدی صدر سنندج,کردستان,در جدول ذکر نشده,,تعهد خدمت,4,زن,در جدول ذکر نشده,ادامه مخصوص داوطلبان بومی استان کردستان؛ پردیس بنت الهدی صدر سنندج/ اولویت پذیرش با داوطلبان بومی شهرستانهای سنندج، کامیاران، دیواندره/محل خدمت سنندج ناحیه2؛ پذیرش دانشجو‌معلم با تعهد خدمت؛ ضوابط بخش فرهنگیان دفترچه,1402-humanities-booklet,332,1402-humanities-booklet,332,کدرشته‌محل منبع: 51860؛ عنوان رشته در منبع: آموزش ابتدایی؛ نحوه پذیرش: با آزمون (بخش دانشجو‌معلم)؛ استان در این ردیف مربوط به بومی‌گزینی/محل خدمت است
1402,آموزش ابتدایی,دانشگاه فرهنگیان,پردیس بنت الهدی صدر سنندج,کردستان,در جدول ذکر نشده,,تعهد خدمت,1,زن,در جدول ذکر نشده,ادامه مخصوص داوطلبان بومی استان کردستان؛ پردیس بنت الهدی صدر سنندج/ اولویت پذیرش با داوطلبان بومی شهرستانهای سنندج، کامیاران ، دیواندره/محل خدمت کامیاران؛ پذیرش دانشجو‌معلم با تعهد خدمت؛ ضوابط بخش فرهنگیان دفترچه,1402-humanities-booklet,332,1402-humanities-booklet,332,کدرشته‌محل منبع: 51861؛ عنوان رشته در منبع: آموزش ابتدایی؛ نحوه پذیرش: با آزمون (بخش دانشجو‌معلم)؛ استان در این ردیف مربوط به بومی‌گزینی/محل خدمت است
1402,آموزش ابتدایی,دانشگاه فرهنگیان,پردیس شهید مدرس سنندج,کردستان,در جدول ذکر نشده,,تعهد خدمت,2,مرد,در جدول ذکر نشده,ادامه مخصوص داوطلبان بومی استان کردستان؛ پردیس شهید مدرس سنندج/ اولویت پذیرش با داوطلبان بومی شهرستانهای مریوان، سروآباد/محل خدمت سروآباد؛ پذیرش دانشجو‌معلم با تعهد خدمت؛ ضوابط بخش فرهنگیان دفترچه,1402-humanities-booklet,332,1402-humanities-booklet,332,کدرشته‌محل منبع: 51862؛ عنوان رشته در منبع: آموزش ابتدایی؛ نحوه پذیرش: با آزمون (بخش دانشجو‌معلم)؛ استان در این ردیف مربوط به بومی‌گزینی/محل خدمت است
1402,آموزش ابتدایی,دانشگاه فرهنگیان,پردیس شهید مدرس سنندج,کردستان,در جدول ذکر نشده,,تعهد خدمت,2,مرد,در جدول ذکر نشده,ادامه مخصوص داوطلبان بومی استان کردستان؛ پردیس شهید مدرس سنندج/ اولویت پذیرش با داوطلبان بومی شهرستانهای مریوان، سروآب اد/محل خدمت مریوان؛ پذیرش دانشجو‌معلم با تعهد خدمت؛ ضوابط بخش فرهنگیان دفترچه,1402-humanities-booklet,332,1402-humanities-booklet,332,کدرشته‌محل منبع: 51863؛ عنوان رشته در منبع: آموزش ابتدایی؛ نحوه پذیرش: با آزمون (بخش دانشجو‌معلم)؛ استان در این ردیف مربوط به بومی‌گزینی/محل خدمت است
1402,آموزش ابتدایی,دانشگاه فرهنگیان,پردیس شهید مدرس سنندج,کردستان,در جدول ذکر نشده,,تعهد خدمت,1,مرد,در جدول ذکر نشده,ادامه مخصوص داوطلبان بومی استان کردستان؛ پردیس شهید مدرس سنندج/ اولویت پذیرش با داوطلبان بومی شهرستان بیجار/محل خدمت بیجار؛ پذیرش دانشجو‌معلم با تعهد خدمت؛ ضوابط بخش فرهنگیان دفترچه,1402-humanities-booklet,332,1402-humanities-booklet,332,کدرشته‌محل منبع: 51864؛ عنوان رشته در منبع: آموزش ابتدایی؛ نحوه پذیرش: با آزمون (بخش دانشجو‌معلم)؛ استان در این ردیف مربوط به بومی‌گزینی/محل خدمت است
1402,آموزش ابتدایی,دانشگاه فرهنگیان,پردیس شهید مدرس سنندج,کردستان,در جدول ذکر نشده,,تعهد خدمت,2,مرد,در جدول ذکر نشده,ادامه مخصوص داوطلبان بومی استان کردستان؛ پردیس شهید مدرس سنندج/ اولویت پذیرش با داوطلبان بومی شهرستان بیجار/محل خدمت کرانی؛ پذیرش دانشجو‌معلم با تعهد خدمت؛ ضوابط بخش فرهنگیان دفترچه,1402-humanities-booklet,332,1402-humanities-booklet,332,کدرشته‌محل منبع: 51865؛ عنوان رشته در منبع: آموزش ابتدایی؛ نحوه پذیرش: با آزمون (بخش دانشجو‌معلم)؛ استان در این ردیف مربوط به بومی‌گزینی/محل خدمت است
1402,آموزش ابتدایی,دانشگاه فرهنگیان,پردیس شهید مدرس سنندج,کردستان,در جدول ذکر نشده,,تعهد خدمت,2,مرد,در جدول ذکر نشده,ادامه مخصوص داوطلبان بومی استان کردستان؛ پردیس شهید مدرس سنندج/ اولویت پذیرش با داوطلبان بومی شهرستانهای قروه، دهگلان/محل خدمت دهگلان؛ پذیرش دانشجو‌معلم با تعهد خدمت؛ ضوابط بخش فرهنگیان دفترچه,1402-humanities-booklet,332,1402-humanities-booklet,332,کدرشته‌محل منبع: 51866؛ عنوان رشته در منبع: آموزش ابتدایی؛ نحوه پذیرش: با آزمون (بخش دانشجو‌معلم)؛ استان در این ردیف مربوط به بومی‌گزینی/محل خدمت است
1402,آموزش ابتدایی,دانشگاه فرهنگیان,پردیس شهید مدرس سنندج,کردستان,در جدول ذکر نشده,,تعهد خدمت,1,مرد,در جدول ذکر نشده,ادامه مخصوص داوطلبان بومی استان کردستان؛ پردیس شهید مدرس سنندج/ اولویت پذیرش با داوطلبان بومی شهرستانهای قروه، دهگلان/محل خدمت سریش آباد؛ پذیرش دانشجو‌معلم با تعهد خدمت؛ ضوابط بخش فرهنگیان دفترچه,1402-humanities-booklet,332,1402-humanities-booklet,332,کدرشته‌محل منبع: 51867؛ عنوان رشته در منبع: آموزش ابتدایی؛ نحوه پذیرش: با آزمون (بخش دانشجو‌معلم)؛ استان در این ردیف مربوط به بومی‌گزینی/محل خدمت است
1402,آموزش ابتدایی,دانشگاه فرهنگیان,پردیس شهید مدرس سنندج,کردستان,در جدول ذکر نشده,,تعهد خدمت,1,مرد,در جدول ذکر نشده,ادامه مخصوص داوطلبان بومی استان کردستان؛ پردیس شهید مدرس سنندج/ اولویت پذیرش با داوطلبان بومی شهرستانهای قروه، دهگلان/محل خدمت قروه؛ پذیرش دانشجو‌معلم با تعهد خدمت؛ ضوابط بخش فرهنگیان دفترچه,1402-humanities-booklet,332,1402-humanities-booklet,332,کدرشته‌محل منبع: 51868؛ عنوان رشته در منبع: آموزش ابتدایی؛ نحوه پذیرش: با آزمون (بخش دانشجو‌معلم)؛ استان در این ردیف مربوط به بومی‌گزینی/محل خدمت است
1402,آموزش ابتدایی,دانشگاه فرهنگیان,،پردیس شهید مدرس سنندج,کردستان,در جدول ذکر نشده,,تعهد خدمت,5,مرد,در جدول ذکر نشده,ادامه مخصوص داوطلبان بومی استان کردستان؛ ،پردیس شهید مدرس سنندج/ اولویت پذیرش با داوطلبان بومی شهرستانهای سنندج، کامیاران دیواندره/محل خدمت دیواندره؛ پذیرش دانشجو‌معلم با تعهد خدمت؛ ضوابط بخش فرهنگیان دفترچه,1402-humanities-booklet,332,1402-humanities-booklet,332,کدرشته‌محل منبع: 51869؛ عنوان رشته در منبع: آموزش ابتدایی؛ نحوه پذیرش: با آزمون (بخش دانشجو‌معلم)؛ استان در این ردیف مربوط به بومی‌گزینی/محل خدمت است
1402,آموزش ابتدایی,دانشگاه فرهنگیان,پردیس شه ید مدرس سنندج,کردستان,در جدول ذکر نشده,,تعهد خدمت,5,مرد,در جدول ذکر نشده,ادامه مخصوص داوطلبان بومی استان کردستان؛ پردیس شه ید مدرس سنندج/ اولویت پذیرش با داوطلبان بومی شهرستانهای سنندج، کامیاران، دیواندره/محل خدمت سنندج ناحیه1؛ پذیرش دانشجو‌معلم با تعهد خدمت؛ ضوابط بخش فرهنگیان دفترچه,1402-humanities-booklet,332,1402-humanities-booklet,332,کدرشته‌محل منبع: 51870؛ عنوان رشته در منبع: آموزش ابتدایی؛ نحوه پذیرش: با آزمون (بخش دانشجو‌معلم)؛ استان در این ردیف مربوط به بومی‌گزینی/محل خدمت است
1402,آموزش ابتدایی,دانشگاه فرهنگیان,پردیس شهید مدر س سنندج,کردستان,در جدول ذکر نشده,,تعهد خدمت,6,مرد,در جدول ذکر نشده,ادامه مخصوص داوطلبان بومی استان کردستان؛ پردیس شهید مدر س سنندج/ اولویت پذیرش با داوطلبان بومی شهرستانهای سنندج، کامیاران، دیواندره/محل خدمت سنندج ناحیه2؛ پذیرش دانشجو‌معلم با تعهد خدمت؛ ضوابط بخش فرهنگیان دفترچه,1402-humanities-booklet,333,1402-humanities-booklet,333,کدرشته‌محل منبع: 51871؛ عنوان رشته در منبع: آموزش ابتدایی؛ نحوه پذیرش: با آزمون (بخش دانشجو‌معلم)؛ استان در این ردیف مربوط به بومی‌گزینی/محل خدمت است
1402,آموزش ابتدایی,دانشگاه فرهنگیان,،پردیس شهید مدرس سنندج,کردستان,در جدول ذکر نشده,,تعهد خدمت,3,مرد,در جدول ذکر نشده,ادامه مخصوص داوطلبان بومی استان کردستان؛ ،پردیس شهید مدرس سنندج/ اولویت پذیرش با داوطلبان بومی شهرستانهای سنندج، کامیاران دیواندره/محل خدمت کامیاران؛ پذیرش دانشجو‌معلم با تعهد خدمت؛ ضوابط بخش فرهنگیان دفترچه,1402-humanities-booklet,333,1402-humanities-booklet,333,کدرشته‌محل منبع: 51872؛ عنوان رشته در منبع: آموزش ابتدایی؛ نحوه پذیرش: با آزمون (بخش دانشجو‌معلم)؛ استان در این ردیف مربوط به بومی‌گزینی/محل خدمت است
1402,آموزش ابتدایی,دانشگاه فرهنگیان,،پردیس شهید مدرس سنندج,کردستان,در جدول ذکر نشده,,تعهد خدمت,2,مرد,در جدول ذکر نشده,ادامه مخصوص داوطلبان بومی استان کردستان؛ ،پردیس شهید مدرس سنندج/ اولویت پذیرش با داوطلبان بومی شهرستانهای سنندج، کامیاران دیواندره/محل خدمت کلاترزان؛ پذیرش دانشجو‌معلم با تعهد خدمت؛ ضوابط بخش فرهنگیان دفترچه,1402-humanities-booklet,333,1402-humanities-booklet,333,کدرشته‌محل منبع: 51873؛ عنوان رشته در منبع: آموزش ابتدایی؛ نحوه پذیرش: با آزمون (بخش دانشجو‌معلم)؛ استان در این ردیف مربوط به بومی‌گزینی/محل خدمت است
1402,آموزش ابتدایی,دانشگاه فرهنگیان,،پردیس شهید مدرس سنندج,کردستان,در جدول ذکر نشده,,تعهد خدمت,2,مرد,در جدول ذکر نشده,ادامه مخصوص داوطلبان بومی استان کردستان؛ ،پردیس شهید مدرس سنندج/ اولویت پذیرش با داوطلبان بومی شهرستانهای سنندج، کامیاران دیواندره/محل خدمت موچش؛ پذیرش دانشجو‌معلم با تعهد خدمت؛ ضوابط بخش فرهنگیان دفترچه,1402-humanities-booklet,333,1402-humanities-booklet,333,کدرشته‌محل منبع: 51874؛ عنوان رشته در منبع: آموزش ابتدایی؛ نحوه پذیرش: با آزمون (بخش دانشجو‌معلم)؛ استان در این ردیف مربوط به بومی‌گزینی/محل خدمت است
1402,آموزش ابتدایی,دانشگاه فرهنگیان,پردیس شهید مدرس سنندج,کردستان,در جدول ذکر نشده,,تعهد خدمت,1,مرد,در جدول ذکر نشده,ادامه مخصوص داوطلبان بومی استان کردستان؛ پردیس شهید مدرس سنندج/ اولویت پذیرش با داوطلبان بومی شهرستانهای بانه، سقز/محل خدمت بانه؛ پذیرش دانشجو‌معلم با تعهد خدمت؛ ضوابط بخش فرهنگیان دفترچه,1402-humanities-booklet,333,1402-humanities-booklet,333,کدرشته‌محل منبع: 51875؛ عنوان رشته در منبع: آموزش ابتدایی؛ نحوه پذیرش: با آزمون (بخش دانشجو‌معلم)؛ استان در این ردیف مربوط به بومی‌گزینی/محل خدمت است
1402,آموزش ابتدایی,دانشگاه فرهنگیان,پردیس شهید مدرس سنندج,کردستان,در جدول ذکر نشده,,تعهد خدمت,1,مرد,در جدول ذکر نشده,ادامه مخصوص داوطلبان بومی استان کردستان؛ پردیس شهید مدرس سنندج/ اولویت پذیرش با داوطلبان بومی شهرستانهای بانه، سقز/محل خدمت سقز؛ پذیرش دانشجو‌معلم با تعهد خدمت؛ ضوابط بخش فرهنگیان دفترچه,1402-humanities-booklet,333,1402-humanities-booklet,333,کدرشته‌محل منبع: 51876؛ عنوان رشته در منبع: آموزش ابتدایی؛ نحوه پذیرش: با آزمون (بخش دانشجو‌معلم)؛ استان در این ردیف مربوط به بومی‌گزینی/محل خدمت است
1402,آموزش ابتدایی,دانشگاه فرهنگیان,م پردیس شهید درس سنندج,کردستان,در جدول ذکر نشده,,تعهد خدمت,2,مرد,در جدول ذکر نشده,ادامه مخصوص داوطلبان بومی استان کردستان؛ م پردیس شهید درس سنندج/ اولویت پذیرش با داوطلبان بومی شهرستانهای بانه، سقز/محل خدمت زیویه؛ پذیرش دانشجو‌معلم با تعهد خدمت؛ ضوابط بخش فرهنگیان دفترچه,1402-humanities-booklet,333,1402-humanities-booklet,333,کدرشته‌محل منبع: 51877؛ عنوان رشته در منبع: آموزش ابتدایی؛ نحوه پذیرش: با آزمون (بخش دانشجو‌معلم)؛ استان در این ردیف مربوط به بومی‌گزینی/محل خدمت است
1402,آموزش ابتدایی,دانشگاه فرهنگیان,،پردیس خواجه نصیر الدین طوسی کرمان,کرمان,در جدول ذکر نشده,,تعهد خدمت,1,مرد,در جدول ذکر نشده,ادامه مخصوص داوطلبان بومی استان کرمان؛ ،پردیس خواجه نصیر الدین طوسی کرمان/ اولویت پذیرش با داوطلبان بومی شهرستانهای رفسنجان انار/محل خدمت انار؛ پذیرش دانشجو‌معلم با تعهد خدمت؛ ضوابط بخش فرهنگیان دفترچه,1402-humanities-booklet,337,1402-humanities-booklet,337,کدرشته‌محل منبع: 51909؛ عنوان رشته در منبع: آموزش ابتدایی؛ نحوه پذیرش: با آزمون (بخش دانشجو‌معلم)؛ استان در این ردیف مربوط به بومی‌گزینی/محل خدمت است
1402,آموزش ابتدایی,دانشگاه فرهنگیان,پردیس خواجه نصیر الدین طوسی کرمان,کرمان,در جدول ذکر نشده,,تعهد خدمت,1,مرد,در جدول ذکر نشده,ادامه مخصوص داوطلبان بومی استان کرمان؛ پردیس خواجه نصیر الدین طوسی کرمان/ اولویت پذیرش با د اوطلبان بومی شهرستانهای رفسنجان، انار/محل خدمت کشکوئیه؛ پذیرش دانشجو‌معلم با تعهد خدمت؛ ضوابط بخش فرهنگیان دفترچه,1402-humanities-booklet,337,1402-humanities-booklet,337,کدرشته‌محل منبع: 51910؛ عنوان رشته در منبع: آموزش ابتدایی؛ نحوه پذیرش: با آزمون (بخش دانشجو‌معلم)؛ استان در این ردیف مربوط به بومی‌گزینی/محل خدمت است
1402,آموزش ابتدایی,دانشگاه فرهنگیان,،پردیس خواجه نصیر الدین طوسی کرمان,کرمان,در جدول ذکر نشده,,تعهد خدمت,12,مرد,در جدول ذکر نشده,ادامه مخصوص داوطلبان بومی استان کرمان؛ ،پردیس خواجه نصیر الدین طوسی کرمان/ اولویت پذیرش با داوطلبان بومی شهرستانهای رفسنجان انار/محل خدمت رفسنجان؛ پذیرش دانشجو‌معلم با تعهد خدمت؛ ضوابط بخش فرهنگیان دفترچه,1402-humanities-booklet,337,1402-humanities-booklet,337,کدرشته‌محل منبع: 51911؛ عنوان رشته در منبع: آموزش ابتدایی؛ نحوه پذیرش: با آزمون (بخش دانشجو‌معلم)؛ استان در این ردیف مربوط به بومی‌گزینی/محل خدمت است
1402,آموزش ابتدایی,دانشگاه فرهنگیان,پردیس خواجه نصیر الدین طوسی کرمان,کرمان,در جدول ذکر نشده,,تعهد خدمت,1,مرد,در جدول ذکر نشده,ادامه مخصوص داوطلبان بومی استان کرمان؛ پردیس خواجه نصیر الدین طوسی کرمان/ اولو یت پذیرش با داوطلبان بومی شهرستانهای رفسنجان، انار/محل خدمت نوق؛ پذیرش دانشجو‌معلم با تعهد خدمت؛ ضوابط بخش فرهنگیان دفترچه,1402-humanities-booklet,337,1402-humanities-booklet,337,کدرشته‌محل منبع: 51912؛ عنوان رشته در منبع: آموزش ابتدایی؛ نحوه پذیرش: با آزمون (بخش دانشجو‌معلم)؛ استان در این ردیف مربوط به بومی‌گزینی/محل خدمت است
1402,آموزش ابتدایی,دانشگاه فرهنگیان,پردیس خواجه نصیر الدین طوسی کرمان,کرمان,در جدول ذکر نشده,,تعهد خدمت,1,مرد,در جدول ذکر نشده,ادامه مخصوص داوطلبان بومی استان کرمان؛ پردیس خواجه نصیر الدین طوسی کرمان/ اولویت پذیرش با داوطلبان بومی شهرستانهای رودبارجنوب، فاریاب، قلعه گنج، کهنوج، منوجان/محل خدمت فاریاب؛ پذیرش دانشجو‌معلم با تعهد خدمت؛ ضوابط بخش فرهنگیان دفترچه,1402-humanities-booklet,337,1402-humanities-booklet,337,کدرشته‌محل منبع: 51913؛ عنوان رشته در منبع: آموزش ابتدایی؛ نحوه پذیرش: با آزمون (بخش دانشجو‌معلم)؛ استان در این ردیف مربوط به بومی‌گزینی/محل خدمت است
1402,آموزش ابتدایی,دانشگاه فرهنگیان,پر دیس خواجه نصیر الدین طوسی کرمان,کرمان,در جدول ذکر نشده,,تعهد خدمت,3,مرد,در جدول ذکر نشده,ادامه مخصوص داوطلبان بومی استان کرمان؛ پر دیس خواجه نصیر الدین طوسی کرمان/ اولویت پذیرش با داوطلبان بومی شهرستانهای رودبارجنوب، فاریاب، قلعه گنج، کهنوج، منوجان/محل خدمت رودبارکرمان؛ پذیرش دانشجو‌معلم با تعهد خدمت؛ ضوابط بخش فرهنگیان دفترچه,1402-humanities-booklet,337,1402-humanities-booklet,337,کدرشته‌محل منبع: 51914؛ عنوان رشته در منبع: آموزش ابتدایی؛ نحوه پذیرش: با آزمون (بخش دانشجو‌معلم)؛ استان در این ردیف مربوط به بومی‌گزینی/محل خدمت است
1402,آموزش ابتدایی,دانشگاه فرهنگیان,پردیس خواجه نصیر الدین طوسی کرمان,کرمان,در جدول ذکر نشده,,تعهد خدمت,1,مرد,در جدول ذکر نشده,ادامه مخصوص داوطلبان بومی استان کرمان؛ پردیس خواجه نصیر الدین طوسی کرمان/ اولویت پذیرش با داوطلبان بومی شهرستانهای رودبارجنوب، فا ریاب، قلعه گنج، کهنوج، منوجان/محل خدمت قلعه گنج؛ پذیرش دانشجو‌معلم با تعهد خدمت؛ ضوابط بخش فرهنگیان دفترچه,1402-humanities-booklet,337,1402-humanities-booklet,337,کدرشته‌محل منبع: 51915؛ عنوان رشته در منبع: آموزش ابتدایی؛ نحوه پذیرش: با آزمون (بخش دانشجو‌معلم)؛ استان در این ردیف مربوط به بومی‌گزینی/محل خدمت است
1402,آموزش ابتدایی,دانشگاه فرهنگیان,پردیس خواجه نصیر الدین طوسی کرمان,کرمان,در جدول ذکر نشده,,تعهد خدمت,1,مرد,در جدول ذکر نشده,ادامه مخصوص داوطلبان بومی استان کرمان؛ پردیس خواجه نصیر الدین طوسی کرمان/ اولویت پذیرش با داوطلبان بومی شهرستانهای رودبارجنوب، فاریاب، قلعه گنج، کهنوج، منوجان/محل خدمت کهنوج؛ پذیرش دانشجو‌معلم با تعهد خدمت؛ ضوابط بخش فرهنگیان دفترچه,1402-humanities-booklet,337,1402-humanities-booklet,337,کدرشته‌محل منبع: 51916؛ عنوان رشته در منبع: آموزش ابتدایی؛ نحوه پذیرش: با آزمون (بخش دانشجو‌معلم)؛ استان در این ردیف مربوط به بومی‌گزینی/محل خدمت است
1402,آموزش ابتدایی,دانشگاه فرهنگیان,پردیس خواجه نصیر الدین طوسی کرمان,کرمان,در جدول ذکر نشده,,تعهد خدمت,1,مرد,در جدول ذکر نشده,ادامه مخصوص داوطلبا ن بومی استان کرمان؛ پردیس خواجه نصیر الدین طوسی کرمان/ اولویت پذیرش با داوطلبان بومی شهرستانهای رودبارجنوب، فاریاب، قلعه گنج، کهنوج، منوجان/محل خدمت منوجان؛ پذیرش دانشجو‌معلم با تعهد خدمت؛ ضوابط بخش فرهنگیان دفترچه,1402-humanities-booklet,338,1402-humanities-booklet,338,کدرشته‌محل منبع: 51917؛ عنوان رشته در منبع: آموزش ابتدایی؛ نحوه پذیرش: با آزمون (بخش دانشجو‌معلم)؛ استان در این ردیف مربوط به بومی‌گزینی/محل خدمت است
1402,آموزش ابتدایی,دانشگاه فرهنگیان,پردی س خواجه نصیر الدین طوسی کرمان,کرمان,در جدول ذکر نشده,,تعهد خدمت,1,مرد,در جدول ذکر نشده,ادامه مخصوص داوطلبا ن بومی استان کرمان؛ پردی س خواجه نصیر الدین طوسی کرمان/ اولویت پذیرش با داوطلبان بومی شهرستانهای بم، نرماشیر، فهرج، ریگان/محل خدمت بم؛ پذیرش دانشجو‌معلم با تعهد خدمت؛ ضوابط بخش فرهنگیان دفترچه,1402-humanities-booklet,338,1402-humanities-booklet,338,کدرشته‌محل منبع: 51918؛ عنوان رشته در منبع: آموزش ابتدایی؛ نحوه پذیرش: با آزمون (بخش دانشجو‌معلم)؛ استان در این ردیف مربوط به بومی‌گزینی/محل خدمت است
1402,آموزش ابتدایی,دانشگاه فرهنگیان,،پردیس خواجه نصیر الدین طوسی کرمان,کرمان,در جدول ذکر نشده,,تعهد خدمت,2,مرد,در جدول ذکر نشده,ادامه مخصوص داوطلبا ن بومی استان کرمان؛ ،پردیس خواجه نصیر الدین طوسی کرمان/ اولویت پذیرش با داوطلبان بومی شهرستانهای بم نرماشیر، فهرج، ریگان/محل خدمت ریگان؛ پذیرش دانشجو‌معلم با تعهد خدمت؛ ضوابط بخش فرهنگیان دفترچه,1402-humanities-booklet,338,1402-humanities-booklet,338,کدرشته‌محل منبع: 51919؛ عنوان رشته در منبع: آموزش ابتدایی؛ نحوه پذیرش: با آزمون (بخش دانشجو‌معلم)؛ استان در این ردیف مربوط به بومی‌گزینی/محل خدمت است
1402,آموزش ابتدایی,دانشگاه فرهنگیان,،پردیس خواجه نصیر الدین طوسی کرمان,کرمان,در جدول ذکر نشده,,تعهد خدمت,2,مرد,در جدول ذکر نشده,ادامه مخصوص داوطلبا ن بومی استان کرمان؛ ،پردیس خواجه نصیر الدین طوسی کرمان/ اولویت پذیرش با داوطلبان بومی شهرستانهای بم نرماشیر، فهرج، ریگان/محل خدمت فهرج؛ پذیرش دانشجو‌معلم با تعهد خدمت؛ ضوابط بخش فرهنگیان دفترچه,1402-humanities-booklet,338,1402-humanities-booklet,338,کدرشته‌محل منبع: 51920؛ عنوان رشته در منبع: آموزش ابتدایی؛ نحوه پذیرش: با آزمون (بخش دانشجو‌معلم)؛ استان در این ردیف مربوط به بومی‌گزینی/محل خدمت است
1402,آموزش ابتدایی,دانشگاه فرهنگیان,،پردیس خواجه نصیر الدین طوسی کرمان,کرمان,در جدول ذکر نشده,,تعهد خدمت,1,مرد,در جدول ذکر نشده,ادامه مخصوص داوطلبا ن بومی استان کرمان؛ ،پردیس خواجه نصیر الدین طوسی کرمان/ اولویت پذیرش با داوطلبان بومی شهرستانهای بم نرماشیر، فه رج، ریگان/محل خدمت نرماشیر؛ پذیرش دانشجو‌معلم با تعهد خدمت؛ ضوابط بخش فرهنگیان دفترچه,1402-humanities-booklet,338,1402-humanities-booklet,338,کدرشته‌محل منبع: 51921؛ عنوان رشته در منبع: آموزش ابتدایی؛ نحوه پذیرش: با آزمون (بخش دانشجو‌معلم)؛ استان در این ردیف مربوط به بومی‌گزینی/محل خدمت است
1402,آموزش ابتدایی,دانشگاه فرهنگیان,،پردیس خواجه نصیر الدین طوسی کرمان,کرمان,در جدول ذکر نشده,,تعهد خدمت,1,مرد,در جدول ذکر نشده,ادامه مخصوص داوطلبا ن بومی استان کرمان؛ ،پردیس خواجه نصیر الدین طوسی کرمان/ اولویت پذیرش با داوطلبان بومی شهرستانهای ارزوییه بافت، رابر/محل خدمت بافت؛ پذیرش دانشجو‌معلم با تعهد خدمت؛ ضوابط بخش فرهنگیان دفترچه,1402-humanities-booklet,338,1402-humanities-booklet,338,کدرشته‌محل منبع: 51922؛ عنوان رشته در منبع: آموزش ابتدایی؛ نحوه پذیرش: با آزمون (بخش دانشجو‌معلم)؛ استان در این ردیف مربوط به بومی‌گزینی/محل خدمت است
1402,آموزش ابتدایی,دانشگاه فرهنگیان,پردیس خواجه نصیر الدین طوسی کرمان,کرمان,در جدول ذکر نشده,,تعهد خدمت,1,مرد,در جدول ذکر نشده,ادامه مخصوص داوطلبا ن بومی استان کرمان؛ پردیس خواجه نصیر الدین طوسی کرمان/ اولویت پذیرش با داوطلبان بومی شهرستانهای ارزوییه، بافت، رابر/محل خدمت رابر؛ پذیرش دانشجو‌معلم با تعهد خدمت؛ ضوابط بخش فرهنگیان دفترچه,1402-humanities-booklet,338,1402-humanities-booklet,338,کدرشته‌محل منبع: 51923؛ عنوان رشته در منبع: آموزش ابتدایی؛ نحوه پذیرش: با آزمون (بخش دانشجو‌معلم)؛ استان در این ردیف مربوط به بومی‌گزینی/محل خدمت است
1402,آموزش ابتدایی,دانشگاه فرهنگیان,،پردیس خواجه نصیر الدین طوسی کرمان,کرمان,در جدول ذکر نشده,,تعهد خدمت,1,مرد,در جدول ذکر نشده,ادامه مخصوص داوطلبا ن بومی استان کرمان؛ ،پردیس خواجه نصیر الدین طوسی کرمان/ اولویت پذیرش با داوطلبان بومی شهرستانهای ارزوییه بافت، رابر/محل خدمت ارزوئیه؛ پذیرش دانشجو‌معلم با تعهد خدمت؛ ضوابط بخش فرهنگیان دفترچه,1402-humanities-booklet,338,1402-humanities-booklet,338,کدرشته‌محل منبع: 51924؛ عنوان رشته در منبع: آموزش ابتدایی؛ نحوه پذیرش: با آزمون (بخش دانشجو‌معلم)؛ استان در این ردیف مربوط به بومی‌گزینی/محل خدمت است
1402,آموزش ابتدایی,دانشگاه فرهنگیان,پردیس خواجه نصیر الدین طوسی کرمان,کرمان,در جدول ذکر نشده,,تعهد خدمت,1,مرد,در جدول ذکر نشده,ادامه مخصوص داوطلبا ن بومی استان کرمان؛ پردیس خواجه نصیر الدین طوسی کرمان/ اولویت پذ یرش با داوطلبان بومی شهرستانهای سیرجان، بردسیر/محل خدمت بردسیر؛ پذیرش دانشجو‌معلم با تعهد خدمت؛ ضوابط بخش فرهنگیان دفترچه,1402-humanities-booklet,338,1402-humanities-booklet,338,کدرشته‌محل منبع: 51925؛ عنوان رشته در منبع: آموزش ابتدایی؛ نحوه پذیرش: با آزمون (بخش دانشجو‌معلم)؛ استان در این ردیف مربوط به بومی‌گزینی/محل خدمت است
1402,آموزش ابتدایی,دانشگاه فرهنگیان,،پردیس خواجه نصیر الدین طوسی کرمان,کرمان,در جدول ذکر نشده,,تعهد خدمت,12,مرد,در جدول ذکر نشده,ادامه مخصوص داوطلبا ن بومی استان کرمان؛ ،پردیس خواجه نصیر الدین طوسی کرمان/ اولویت پذیرش با داوطلبان بومی شهرستانهای سیرجان بردسیر/محل خدمت سیرجان؛ پذیرش دانشجو‌معلم با تعهد خدمت؛ ضوابط بخش فرهنگیان دفترچه,1402-humanities-booklet,338,1402-humanities-booklet,338,کدرشته‌محل منبع: 51926؛ عنوان رشته در منبع: آموزش ابتدایی؛ نحوه پذیرش: با آزمون (بخش دانشجو‌معلم)؛ استان در این ردیف مربوط به بومی‌گزینی/محل خدمت است
1402,آموزش ابتدایی,دانشگاه فرهنگیان,پردیس خواجه نصیر الدین طوسی کرم ان,کرمان,در جدول ذکر نشده,,تعهد خدمت,1,مرد,در جدول ذکر نشده,ادامه مخصوص داوطلبا ن بومی استان کرمان؛ پردیس خواجه نصیر الدین طوسی کرم ان/ اولویت پذیرش با داوطلبان بومی شهرستانهای زرند، کوهبنان، راور/محل خدمت راور؛ پذیرش دانشجو‌معلم با تعهد خدمت؛ ضوابط بخش فرهنگیان دفترچه,1402-humanities-booklet,338,1402-humanities-booklet,338,کدرشته‌محل منبع: 51927؛ عنوان رشته در منبع: آموزش ابتدایی؛ نحوه پذیرش: با آزمون (بخش دانشجو‌معلم)؛ استان در این ردیف مربوط به بومی‌گزینی/محل خدمت است
1402,آموزش ابتدایی,دانشگاه فرهنگیان,،پردیس خواجه نصیر الدین طوسی کرمان,کرمان,در جدول ذکر نشده,,تعهد خدمت,1,مرد,در جدول ذکر نشده,ادامه مخصوص داوطلبا ن بومی استان کرمان؛ ،پردیس خواجه نصیر الدین طوسی کرمان/ اولویت پذیرش با داوطلبان بومی شهرستانهای زرند کوهبنان، راور/محل خدمت کوهبنان؛ پذیرش دانشجو‌معلم با تعهد خدمت؛ ضوابط بخش فرهنگیان دفترچه,1402-humanities-booklet,338,1402-humanities-booklet,338,کدرشته‌محل منبع: 51928؛ عنوان رشته در منبع: آموزش ابتدایی؛ نحوه پذیرش: با آزمون (بخش دانشجو‌معلم)؛ استان در این ردیف مربوط به بومی‌گزینی/محل خدمت است
1402,آموزش ابتدایی,دانشگاه فرهنگیان,پردیس خواج ه نصیر الدین طوسی کرمان,کرمان,در جدول ذکر نشده,,تعهد خدمت,9,مرد,در جدول ذکر نشده,ادامه مخصوص داوطلبا ن بومی استان کرمان؛ پردیس خواج ه نصیر الدین طوسی کرمان/ اولویت پذیرش با داوطلبان بومی شهرستانهای زرند، کوهبنان، راور/محل خدمت زرند؛ پذیرش دانشجو‌معلم با تعهد خدمت؛ ضوابط بخش فرهنگیان دفترچه,1402-humanities-booklet,338,1402-humanities-booklet,338,کدرشته‌محل منبع: 51929؛ عنوان رشته در منبع: آموزش ابتدایی؛ نحوه پذیرش: با آزمون (بخش دانشجو‌معلم)؛ استان در این ردیف مربوط به بومی‌گزینی/محل خدمت است
1402,آموزش ابتدایی,دانشگاه فرهنگیان,،پردیس خواجه نصیر الدین طوسی کرمان,کرمان,در جدول ذکر نشده,,تعهد خدمت,1,مرد,در جدول ذکر نشده,ادامه مخصوص داوطلبا ن بومی استان کرمان؛ ،پردیس خواجه نصیر الدین طوسی کرمان/ اولویت پذیرش با داوطلبان بومی شهرستانهای جیرفت عنبرآباد/محل خدمت جیرفت؛ پذیرش دانشجو‌معلم با تعهد خدمت؛ ضوابط بخش فرهنگیان دفترچه,1402-humanities-booklet,338,1402-humanities-booklet,338,کدرشته‌محل منبع: 51930؛ عنوان رشته در منبع: آموزش ابتدایی؛ نحوه پذیرش: با آزمون (بخش دانشجو‌معلم)؛ استان در این ردیف مربوط به بومی‌گزینی/محل خدمت است
1402,آموزش ابتدایی,دانشگاه فرهنگیان,،پردیس خواجه نصیر الدین طوسی کرمان,کرمان,در جدول ذکر نشده,,تعهد خدمت,1,مرد,در جدول ذکر نشده,ادامه مخصوص داوطلبا ن بومی استان کرمان؛ ،پردیس خواجه نصیر الدین طوسی کرمان/ اولویت پذیرش با داوطلبان بومی شهرستانهای جیرفت عنبرآباد/محل خدمت عنبرآباد؛ پذیرش دانشجو‌معلم با تعهد خدمت؛ ضوابط بخش فرهنگیان دفترچه,1402-humanities-booklet,338,1402-humanities-booklet,338,کدرشته‌محل منبع: 51931؛ عنوان رشته در منبع: آموزش ابتدایی؛ نحوه پذیرش: با آزمون (بخش دانشجو‌معلم)؛ استان در این ردیف مربوط به بومی‌گزینی/محل خدمت است
1402,آموزش ابتدایی,دانشگاه فرهنگیان,پردیس خواجه نصیر الدین طوسی کرمان,کرمان,در جدول ذکر نشده,,تعهد خدمت,1,مرد,در جدول ذکر نشده,ادامه مخصوص داوطلبا ن بومی استان کرمان؛ پردیس خواجه نصیر الدین طوسی کرمان/ اولویت پذیرش با داوطلبان بومی شهرستان شهربابک/محل خدمت شهربابک؛ پذیرش دانشجو‌معلم با تعهد خدمت؛ ضوابط بخش فرهنگیان دفترچه,1402-humanities-booklet,338,1402-humanities-booklet,338,کدرشته‌محل منبع: 51932؛ عنوان رشته در منبع: آموزش ابتد ایی؛ نحوه پذیرش: با آزمون (بخش دانشجو‌معلم)؛ استان در این ردیف مربوط به بومی‌گزینی/محل خدمت است
1402,آموزش ابتدایی,دانشگاه فرهنگیان,پردیس خواجه نصیر الدین طوسی کرمان,کرمان,در جدول ذکر نشده,,تعهد خدمت,1,مرد,در جدول ذکر نشده,ادامه مخصوص داوطلبا ن بومی استان کرمان؛ پردیس خواجه نصیر الدین طوسی کرمان/ اولویت پذیرش با داوطلبان بومی شهرستان کرمان/محل خدمت چترود؛ پذیرش دانشجو‌معلم با تعهد خدمت؛ ضوابط بخش فرهنگیان دفترچه,1402-humanities-booklet,338,1402-humanities-booklet,338,کدرشته‌محل منبع: 51933؛ عنوان رشته در منبع: آموزش ابتدایی؛ نحوه پذیرش: با آزمون (بخش دانشجو‌معلم)؛ استان در این ردیف مربوط به بومی‌گزینی/محل خدمت است
1402,آموزش ابتدایی,دانشگاه فرهنگیان,پردیس خواجه نصیر الدین طوسی کرمان,کرمان,در جدول ذکر نشده,,تعهد خدمت,1,مرد,در جدول ذکر نشده,ادامه مخصوص داوطلبا ن بومی استان کرمان؛ پردیس خواجه نصیر الدین طوسی کرمان/ اولویت پذیرش با داوطلبان بومی شهرستان کرمان/محل خدمت شهداد؛ پذیرش دانشجو‌معلم با تعهد خدمت؛ ضوابط بخش فرهنگیان دفترچه,1402-humanities-booklet,338,1402-humanities-booklet,338,کدرشته‌محل منبع: 51934؛ عنوان رشته در منبع: آموزش ابتدایی؛ نحوه پذیرش: با آزمون (بخش دانشجو‌معلم)؛ استان در این ردیف مربوط به بومی‌گزینی/محل خدمت است
1402,آموزش ابتدایی,دانشگاه فرهنگیان,پرد یس خواجه نصیر الدین طوسی کرمان,کرمان,در جدول ذکر نشده,,تعهد خدمت,1,مرد,در جدول ذکر نشده,ادامه مخصوص داوطلبا ن بومی استان کرمان؛ پرد یس خواجه نصیر الدین طوسی کرمان/ اولویت پذیرش با داوطلبان بومی شهرستان کرمان/محل خدمت ماهان؛ پذیرش دانشجو‌معلم با تعهد خدمت؛ ضوابط بخش فرهنگیان دفترچه,1402-humanities-booklet,338,1402-humanities-booklet,338,کدرشته‌محل منبع: 51935؛ عنوان رشته در منبع: آموزش ابتدایی؛ نحوه پذیرش: با آزمون (بخش دانشجو‌معلم)؛ استان در این ردیف مربوط به بومی‌گزینی/محل خدمت است
1402,آموزش ابتدایی,دانشگاه فرهنگیان,پردیس خواجه نصیر الدین طوسی کرمان,کرمان,در جدول ذکر نشده,,تعهد خدمت,1,مرد,در جدول ذکر نشده,ادامه مخصوص داوطلبا ن بومی استان کرمان؛ پردیس خواجه نصیر الدین طوسی کرمان/ اولویت پذیرش با داوطلبان بومی شهرستان کرمان/محل خدمت راین؛ پذیرش دانشجو‌معلم با تعهد خدمت؛ ضوابط بخش فرهنگیان دفترچه,1402-humanities-booklet,338,1402-humanities-booklet,338,کدرشته‌محل منبع: 51936؛ عنوان رشته در منبع: آموزش ابتدایی؛ نحوه پذیرش: با آزمون (بخش دانشجو‌معلم)؛ استان در این ردیف مربوط به بومی‌گزینی/محل خدمت است
1402,آموزش ابتدایی,دانشگاه فرهنگیان,پردیس خواجه نصیر ا لدین طوسی کرمان,کرمان,در جدول ذکر نشده,,تعهد خدمت,29,مرد,در جدول ذکر نشده,ادامه مخصوص داوطلبا ن بومی استان کرمان؛ پردیس خواجه نصیر ا لدین طوسی کرمان/ اولویت پذیرش با داوطلبان بومی شهرستان کرمان/محل خدمت کرمان .ناحیه2؛ پذیرش دانشجو‌معلم با تعهد خدمت؛ ضوابط بخش فرهنگیان دفترچه,1402-humanities-booklet,338,1402-humanities-booklet,338,کدرشته‌محل منبع: 51937؛ عنوان رشته در منبع: آموزش ابتدایی؛ نحوه پذیرش: با آزمون (بخش دانشجو‌معلم)؛ استان در این ردیف مربوط به بومی‌گزینی/محل خدمت است
1402,آموزش ابتدایی,دانشگاه فرهنگیان,پردیس خواجه نصیر الدین طوسی کرمان,کرمان,در جدول ذکر نشده,,تعهد خدمت,1,مرد,در جدول ذکر نشده,ادامه مخصوص داوطلبا ن بومی استان کرمان؛ پردیس خواجه نصیر الدین طوسی کرمان/ اولویت پذیرش با داوطلبان بومی شهرستان کرمان/محل خدمت گلباف؛ پذیرش دانشجو‌معلم با تعهد خدمت؛ ضوابط بخش فرهنگیان دفترچه,1402-humanities-booklet,338,1402-humanities-booklet,338,کدرشته‌محل منبع: 51938؛ عنوان رشته در منبع: آموزش ابتدایی؛ نحوه پذیرش: با آزمون (بخش دانشجو‌معلم)؛ استان در این ردیف مربوط به بومی‌گزینی/محل خدمت است
1402,آموزش ابتدایی,دانشگاه فرهنگیان,پردیس خواجه نصیر الدین طوسی کرمان,کرمان,در جدول ذکر نشده,,تعهد خدمت,18,مرد,در جدول ذکر نشده,ادامه مخصوص داوطلبا ن بومی استان کرمان؛ پردیس خواجه نصیر الدین طوسی کرمان/ اولویت پذیرش با داوطلبان بومی شهرستان کرمان/محل خدمت کرمان .ناحیه1؛ پذیرش دانشجو‌معلم با تعهد خدمت؛ ضوابط بخش فرهنگیان دفترچه,1402-humanities-booklet,338,1402-humanities-booklet,338,کدرشته‌محل منبع: 51939؛ عنوان رشته در منبع: آموزش ابتدایی؛ نحوه پذیرش: با آزمون (بخش دانشجو‌معلم)؛ استان در این ردیف مربوط به بومی‌گزینی/محل خدمت است
1402,آموزش ابتدایی,دانشگاه فرهنگیان,پردیس شهید باهنر کرمان,کرمان,در جدول ذکر نشده,,تعهد خدمت,1,زن,در جدول ذکر نشده,ادامه مخصوص داوطلبا ن بومی استان کرمان؛ پردیس شهید باهنر کرمان/ اولویت پذیرش با داوطلبان بومی شهرستان کرمان/محل خدمت چترود؛ پذیرش دانشجو‌معلم با تعهد خدمت؛ ضوابط بخش فرهنگیان دفترچه,1402-humanities-booklet,338,1402-humanities-booklet,338,کدرشته‌محل منبع: 51940؛ عنوان رشته در منبع: آموزش ابتدایی؛ نحوه پذیرش: با آزمون (بخش دانشجو‌معلم)؛ استان در این ردیف مربوط به بومی‌گزینی/محل خدمت است
1402,آموزش ابتدایی,دانشگاه فرهنگیان,پردیس شهید باهنر کرمان,کرمان,در جدول ذکر نشده,,تعهد خدمت,1,زن,در جدول ذکر نشده,ادامه مخصوص داوطلبا ن بومی استان کرمان؛ پردیس شهید باهنر کرمان/ اولویت پذیرش ب ا داوطلبان بومی شهرستان کرمان/محل خدمت شهداد؛ پذیرش دانشجو‌معلم با تعهد خدمت؛ ضوابط بخش فرهنگیان دفترچه,1402-humanities-booklet,338,1402-humanities-booklet,338,کدرشته‌محل منبع: 51941؛ عنوان رشته در منبع: آموزش ابتدایی؛ نحوه پذیرش: با آزمون (بخش دانشجو‌معلم)؛ استان در این ردیف مربوط به بومی‌گزینی/محل خدمت است
1402,آموزش ابتدایی,دانشگاه فرهنگیان,پردیس شهید باهنر کرمان,کرمان,در جدول ذکر نشده,,تعهد خدمت,1,زن,در جدول ذکر نشده,ادامه مخصوص داوطلبا ن بومی استان کرمان؛ پردیس شهید باهنر کرمان/ اولویت پذیرش با داوطلبان بومی شهرستان کرمان/محل خدمت ماهان؛ پذیرش دانشجو‌معلم با تعهد خدمت؛ ضوابط بخش فرهنگیان دفترچه,1402-humanities-booklet,338,1402-humanities-booklet,338,کدرشته‌محل منبع: 51942؛ عنوان رشته در منبع: آموزش ابتدایی؛ نحوه پذیرش: با آزمون (بخش دانشجو‌معلم)؛ استان در این ردیف مربوط به بومی‌گزینی/محل خدمت است
1402,آموزش ابتدایی,دانشگاه فرهنگیان,پردیس شهید باهنر کرمان,کرمان,در جدول ذکر نشده,,تعهد خدمت,1,زن,در جدول ذکر نشده,ادامه مخصوص داوطلبا ن بومی استان کرمان؛ پردیس شهید باهنر کرمان/ اولویت پذیرش با داوطلبان بومی شهرستان کرمان/محل خدمت راین؛ پذیرش دانشجو‌معلم با تعهد خدمت؛ ضوابط بخش فرهنگیان دفترچه,1402-humanities-booklet,338,1402-humanities-booklet,338,کدرشته‌محل منبع: 51943؛ عنوان رشته در منبع: آموزش ابتدایی؛ نحوه پذیرش: با آزمون (بخش دانشجو‌معلم)؛ استان در این ردیف مربوط به بومی‌گزینی/محل خدمت است
1402,آموزش ابتدایی,دانشگاه فرهنگیان,پردیس شهید باهنر کرمان,کرمان,در جدول ذکر نشده,,تعهد خدمت,12,زن,در جدول ذکر نشده,ادامه مخصوص داوطلبا ن بومی استان کرمان؛ پردیس شهید باهنر کرمان/ اولویت پذیرش با داوطلبان بومی شهرستان کرمان/محل خدمت کرمان .ناحیه2؛ پذیرش دانشجو‌معلم با تعهد خدمت؛ ضوابط بخش فرهنگیان دفترچه,1402-humanities-booklet,338,1402-humanities-booklet,338,کدرشته‌محل منبع: 51944؛ عنوان رشته در منبع: آموزش ابتدایی؛ نحوه پذیرش: با آزمون (بخش دانشجو‌معلم)؛ استان در این ردیف مربوط به بومی‌گزینی/محل خدمت است
1402,آموزش ابتدایی,دانشگاه فرهنگیان,پردیس شهید باهنر کرمان,کرمان,در جدول ذکر نشده,,تعهد خدمت,1,زن,در جدول ذکر نشده,ادامه مخصوص داوطلبا ن بومی استان کرمان؛ پردیس شهید باهنر کرمان/ اولویت پذیرش با داوطلبان بومی شهرستان کرمان/محل خدمت گلباف؛ پذیرش دانشجو‌معلم با تعهد خدمت؛ ضوابط بخش فرهنگیان دفترچه,1402-humanities-booklet,338,1402-humanities-booklet,338,کدرشته‌محل منبع: 51945؛ عنوان رشته در منبع: آموزش ابتدایی؛ نحوه پذیرش: با آزمون (بخش دانشجو‌معلم)؛ استان در این ردیف مربوط به بومی‌گزینی/محل خدمت است
1402,آموزش ابتدایی,دانشگاه فرهنگیان,پردیس شهید باهنر کرمان,کرمان,در جدول ذکر نشده,,تعهد خدمت,6,زن,در جدول ذکر نشده,ادامه مخصوص داوطلبان بومی استان کرمان؛ پردیس شهید باهنر کرمان/ اولویت پذیرش با داوطلبان بومی شهرستان کرمان/محل خدمت کرمان ناحیه. 1؛ پذیرش دانشجو‌معلم با تعهد خدمت؛ ضوابط بخش فرهنگیان دفترچه,1402-humanities-booklet,339,1402-humanities-booklet,339,کدرشته‌محل منبع: 51946؛ عنوان رشته در منبع: آموزش ابتدایی؛ نحوه پذیرش: با آزمون (بخش دانشجو‌معلم)؛ استان در این ردیف مربوط به بومی‌گزینی/محل خدمت است
1402,آموزش ابتدایی,دانشگاه فرهنگیان,پردیس شهید باهنر کرمان,کرمان,در جدول ذکر نشده,,تعهد خدمت,1,زن,در جدول ذکر نشده,ادامه مخصوص داوطلبان بومی استان کرمان؛ پردیس شهید باهنر کرمان/ او لویت پذیرش با داوطلبان بومی شهرستانهای جیرفت، عنبرآباد/محل خدمت جیرفت؛ پذیرش دانشجو‌معلم با تعهد خدمت؛ ضوابط بخش فرهنگیان دفترچه,1402-humanities-booklet,339,1402-humanities-booklet,339,کدرشته‌محل منبع: 51947؛ عنوان رشته در منبع: آموزش ابتدایی؛ نحوه پذیرش: با آزمون (بخش دانشجو‌معلم)؛ استان در این ردیف مربوط به بومی‌گزینی/محل خدمت است
1402,آموزش ابتدایی,دانشگاه فرهنگیان,پردیس شهید باهنر کرمان,کرمان,در جدول ذکر نشده,,تعهد خدمت,1,زن,در جدول ذکر نشده,ادامه مخصوص داوطلبان بومی استان کرمان؛ پردیس شهید باهنر کرمان/ اولویت پذیرش با داوطلبان بومی شهرستانهای جیرفت، عنبرآباد/محل خدمت عنبرآباد؛ پذیرش دانشجو‌معلم با تعهد خدمت؛ ضوابط بخش فرهنگیان دفترچه,1402-humanities-booklet,339,1402-humanities-booklet,339,کدرشته‌محل منبع: 51948؛ عنوان رشته در منبع: آموزش ابتدایی؛ نحوه پذیرش: با آزمون (بخش دانشجو‌معلم)؛ استان در این ردیف مربوط به بومی‌گزینی/محل خدمت است
1402,آموزش ابتدایی,دانشگاه فرهنگیان,پردیس شهید باهنر کرمان,کرمان,در جدول ذکر نشده,,تعهد خدمت,1,زن,در جدول ذکر نشده,ادامه مخصوص داوطلبان بومی استان کرمان؛ پردیس شهید باهنر کرمان/ اولویت پذیر ش با داوطلبان بومی شهرستان شهربابک/محل خدمت شهربابک؛ پذیرش دانشجو‌معلم با تعهد خدمت؛ ضوابط بخش فرهنگیان دفترچه,1402-humanities-booklet,339,1402-humanities-booklet,339,کدرشته‌محل منبع: 51949؛ عنوان رشته در منبع: آموزش ابتدایی؛ نحوه پذیرش: با آزمون (بخش دانشجو‌معلم)؛ استان در این ردیف مربوط به بومی‌گزینی/محل خدمت است
1402,آموزش ابتدایی,دانشگاه فرهنگیان,،پردیس شهید باهنر کرمان,کرمان,در جدول ذکر نشده,,تعهد خدمت,1,زن,در جدول ذکر نشده,ادامه مخصوص داوطلبان بومی استان کرمان؛ ،پردیس شهید باهنر کرمان/ اولویت پذیرش با داوطلبان بومی شهرستانهای زرند، کوهبنان راور/محل خدمت راور؛ پذیرش دانشجو‌معلم با تعهد خدمت؛ ضوابط بخش فرهنگیان دفترچه,1402-humanities-booklet,339,1402-humanities-booklet,339,کدرشته‌محل منبع: 51950؛ عنوان رشته در منبع: آموزش ابتدایی؛ نحوه پذیرش: با آزمون (بخش دانشجو‌معلم)؛ استان در این ردیف مربوط به بومی‌گزینی/محل خدمت است
1402,آموزش ابتدایی,دانشگاه فرهنگیان,پردیس شهید باهنر کرمان,کرمان,در جدول ذکر نشده,,تعهد خدمت,1,زن,در جدول ذکر نشده,ادامه مخصوص داوطلبان بومی استان کرمان؛ پردیس شهید باهنر کرمان/ اولویت پذیرش با داوطلبان بومی شهرستانهای زرند، کوهبنان، راور/محل خدمت کوهبنان؛ پذیرش دانشجو‌معلم با تعهد خدمت؛ ضوابط بخش فرهنگیان دفترچه,1402-humanities-booklet,339,1402-humanities-booklet,339,کدرشته‌محل منبع: 51951؛ عنوان رشته در منبع: آموزش ابتدایی؛ نحوه پذیرش: با آزمون (بخش دانشجو‌معلم)؛ استان در این ردیف مربوط به بومی‌گزینی/محل خدمت است
1402,آموزش ابتدایی,دانشگاه فرهنگیان,،پردیس شهید باهنر کرمان,کرمان,در جدول ذکر نشده,,تعهد خدمت,6,زن,در جدول ذکر نشده,ادامه مخصوص داوطلبان بومی استان کرمان؛ ،پردیس شهید باهنر کرمان/ اولویت پذیرش با داوطلبان بومی شهرستانهای زرند، کوهبنان راور/محل خدمت زرند؛ پذیرش دانشجو‌معلم با تعهد خدمت؛ ضوابط بخش فرهنگیان دفترچه,1402-humanities-booklet,339,1402-humanities-booklet,339,کدرشته‌محل منبع: 51952؛ عنوان رشته در منبع: آموزش ابتدایی؛ نحوه پذیرش: با آزمون (بخش دانشجو‌معلم)؛ استان در این ردیف مربوط به بومی‌گزینی/محل خدمت است
1402,آموزش ابتدایی,دانشگاه فرهنگیان,پردیس شهید باهنر کرمان,کرمان,در جدول ذکر نشده,,تعهد خدمت,1,زن,در جدول ذکر نشده,ادامه مخصوص داوطلبان بومی استان کرمان؛ پردیس شهید باهنر کرمان/ اولویت پذیرش با داوطلبان بومی شه رستانهای سیرجان، بردسیر/محل خدمت بردسیر؛ پذیرش دانشجو‌معلم با تعهد خدمت؛ ضوابط بخش فرهنگیان دفترچه,1402-humanities-booklet,339,1402-humanities-booklet,339,کدرشته‌محل منبع: 51953؛ عنوان رشته در منبع: آموزش ابتدایی؛ نحوه پذیرش: با آزمون (بخش دانشجو‌معلم)؛ استان در این ردیف مربوط به بومی‌گزینی/محل خدمت است
1402,آموزش ابتدایی,دانشگاه فرهنگیان,پردیس شهید باهنر کرمان,کرمان,در جدول ذکر نشده,,تعهد خدمت,7,زن,در جدول ذکر نشده,ادامه مخصوص داوطلبان بومی استان کرمان؛ پردیس شهید باهنر کرمان/ اولویت پذیرش با داوطلبان بومی شهرستانهای سیرجان، بردسیر/محل خدمت سیرجان؛ پذیرش دانشجو‌معلم با تعهد خدمت؛ ضوابط بخش فرهنگیان دفترچه,1402-humanities-booklet,339,1402-humanities-booklet,339,کدرشته‌محل منبع: 51954؛ عنوان رشته در منبع: آموزش ابتدایی؛ نحوه پذیرش: با آزمون (بخش دانشجو‌معلم)؛ استان در این ردیف مربوط به بومی‌گزینی/محل خدمت است
1402,آموزش ابتدایی,دانشگاه فرهنگیان,پردیس شهید باهنر کرمان,کرمان,در جدول ذکر نشده,,تعهد خدمت,1,زن,در جدول ذکر نشده,ادامه مخصوص داوطلبان بومی استان کرمان؛ پردیس شهید باهنر کرمان/ اولویت پذیرش با داوطلبان بومی شهرستانهای ارز وییه، بافت، رابر/محل خدمت بافت؛ پذیرش دانشجو‌معلم با تعهد خدمت؛ ضوابط بخش فرهنگیان دفترچه,1402-humanities-booklet,339,1402-humanities-booklet,339,کدرشته‌محل منبع: 51955؛ عنوان رشته در منبع: آموزش ابتدایی؛ نحوه پذیرش: با آزمون (بخش دانشجو‌معلم)؛ استان در این ردیف مربوط به بومی‌گزینی/محل خدمت است
1402,آموزش ابتدایی,دانشگاه فرهنگیان,پردیس شهید باهنر کرمان,کرمان,در جدول ذکر نشده,,تعهد خدمت,1,زن,در جدول ذکر نشده,ادامه مخصوص داوطلبان بومی استان کرمان؛ پردیس شهید باهنر کرمان/ اولویت پذیرش با داوطلبان بومی شهرستانهای ارزوییه، بافت، رابر/محل خدمت رابر؛ پذیرش دانشجو‌معلم با تعهد خدمت؛ ضوابط بخش فرهنگیان دفترچه,1402-humanities-booklet,339,1402-humanities-booklet,339,کدرشته‌محل منبع: 51956؛ عنوان رشته در منبع: آموزش ابتدایی؛ نحوه پذیرش: با آزمون (بخش دانشجو‌معلم)؛ استان در این ردیف مربوط به بومی‌گزینی/محل خدمت است
1402,آموزش ابتدایی,دانشگاه فرهنگیان,،پردیس شهید باهنر کرمان,کرمان,در جدول ذکر نشده,,تعهد خدمت,1,زن,در جدول ذکر نشده,ادامه مخصوص داوطلبان بومی استان کرمان؛ ،پردیس شهید باهنر کرمان/ اولویت پذیرش با داوطلبان بومی شهرستانهای ارزوییه بافت، رابر/محل خدمت ارزوئیه؛ پذیرش دانشجو‌معلم با تعهد خدمت؛ ضوابط بخش فرهنگیان دفترچه,1402-humanities-booklet,339,1402-humanities-booklet,339,کدرشته‌محل منبع: 51957؛ عنوان رشته در منبع: آموزش ابتدایی؛ نحوه پذیرش: با آزمون (بخش دانشجو‌معلم)؛ استان در این ردیف مربوط به بومی‌گزینی/محل خدمت است
1402,آموزش ابتدایی,دانشگاه فرهنگیان,،پردیس شهید باهنر کرمان,کرمان,در جدول ذکر نشده,,تعهد خدمت,1,زن,در جدول ذکر نشده,ادامه مخصوص داوطلبان بومی استان کرمان؛ ،پردیس شهید باهنر کرمان/ اولویت پذیرش با داوطلبان بومی شهرستانهای رودبارجنوب، فاریاب قلعه گنج، کهنوج، منوجان/محل خدمت رودبارکرمان؛ پذیرش دانشجو‌معلم با تعهد خدمت؛ ضوابط بخش فرهنگیان دفترچه,1402-humanities-booklet,339,1402-humanities-booklet,339,کدرشته‌محل منبع: 51958؛ عنوان رشته در منبع: آموزش ابتدایی؛ نحوه پذیرش: با آزمون (بخش دانشجو‌معلم)؛ استان در این ردیف مربوط به بومی‌گزینی/محل خدمت است
1402,آموزش ابتدایی,دانشگاه فرهنگیان,پردیس شهید باهنر کرمان,کرمان,در جدول ذکر نشده,,تعهد خدمت,1,زن,در جدول ذکر نشده,ادامه مخصوص داوطلبان بومی استان کرمان؛ پردیس شهید باهنر کرمان/ اولویت پذیرش با داوطلب ان بومی شهرستانهای رودبارجنوب، فاریاب، قلعه گنج، کهنوج، منوجان/محل خدمت قلعه گنج؛ پذیرش دانشجو‌معلم با تعهد خدمت؛ ضوابط بخش فرهنگیان دفترچه,1402-humanities-booklet,339,1402-humanities-booklet,339,کدرشته‌محل منبع: 51959؛ عنوان رشته در منبع: آموزش ابتدایی؛ نحوه پذیرش: با آزمون (بخش دانشجو‌معلم)؛ استان در این ردیف مربوط به بومی‌گزینی/محل خدمت است
1402,آموزش ابتدایی,دانشگاه فرهنگیان,،پردیس شهید باهنر کرمان,کرمان,در جدول ذکر نشده,,تعهد خدمت,1,زن,در جدول ذکر نشده,ادامه مخصوص داوطلبان بومی استان کرمان؛ ،پردیس شهید باهنر کرمان/ اولویت پذیرش با داوطلبان بومی شهرستانهای رودبارجنوب، فاریاب قلعه گنج، کهنوج، منوجان/محل خدمت کهنوج؛ پذیرش دانشجو‌معلم با تعهد خدمت؛ ضوابط بخش فرهنگیان دفترچه,1402-humanities-booklet,339,1402-humanities-booklet,339,کدرشته‌محل منبع: 51960؛ عنوان رشته در منبع: آموزش ابتدایی؛ نحوه پذیرش: با آزمون (بخش دانشجو‌معلم)؛ استان در این ردیف مربوط به بومی‌گزینی/محل خدمت است
1402,آموزش ابتدایی,دانشگاه فرهنگیان,،پردیس شهید باهنر کرمان,کرمان,در جدول ذکر نشده,,تعهد خدمت,1,زن,در جدول ذکر نشده,ادامه مخصوص داوطلبان بومی استان کرمان؛ ،پردیس شهید باهنر کرمان/ اولویت پذیرش با داوطلبان بومی شهرستانهای رودبارجنوب، فاریاب قلعه گنج، کهنوج، منوجان/محل خدمت منوجان؛ پذیرش دانشجو‌معلم با تعهد خدمت؛ ضوابط بخش فرهنگیان دفترچه,1402-humanities-booklet,339,1402-humanities-booklet,339,کدرشته‌محل منبع: 51961؛ عنوان رشته در منبع: آموزش ابتدایی؛ نحوه پذیرش: با آزمون (بخش دانشجو‌معلم)؛ استان در این ردیف مربوط به بومی‌گزینی/محل خدمت است
1402,آموزش ابتدایی,دانشگاه فرهنگیان,،پردیس شهید باهنر کرمان,کرمان,در جدول ذکر نشده,,تعهد خدمت,1,زن,در جدول ذکر نشده,ادامه مخصوص داوطلبان بومی استان کرمان؛ ،پردیس شهید باهنر کرمان/ اولویت پذیرش با داوطلبان بومی شهرستانهای رودبارجنوب، فاریاب قلعه گنج، کهنوج، من وجان/محل خدمت فاریاب؛ پذیرش دانشجو‌معلم با تعهد خدمت؛ ضوابط بخش فرهنگیان دفترچه,1402-humanities-booklet,339,1402-humanities-booklet,339,کدرشته‌محل منبع: 51962؛ عنوان رشته در منبع: آموزش ابتدایی؛ نحوه پذیرش: با آزمون (بخش دانشجو‌معلم)؛ استان در این ردیف مربوط به بومی‌گزینی/محل خدمت است
1402,آموزش ابتدایی,دانشگاه فرهنگیان,پردیس شهید باهنر کرمان,کرمان,در جدول ذکر نشده,,تعهد خدمت,1,زن,در جدول ذکر نشده,ادامه مخصوص داوطلبان بومی استان کرمان؛ پردیس شهید باهنر کرمان/ اولویت پذیرش با داوطلبان بومی شهرستانهای رفسنجان، انار/محل خدمت انار؛ پذیرش دانشجو‌معلم با تعهد خدمت؛ ضوابط بخش فرهنگیان دفترچه,1402-humanities-booklet,339,1402-humanities-booklet,339,کدرشته‌محل منبع: 51963؛ عنوان رشته در منبع: آموزش ابتدایی؛ نحوه پذیرش: با آزمون (بخش دانشجو‌معلم)؛ استان در این ردیف مربوط به بومی‌گزینی/محل خدمت است
1402,آموزش ابتدایی,دانشگاه فرهنگیان,پردیس شهید باهنر کرمان,کرمان,در جدول ذکر نشده,,تعهد خدمت,1,زن,در جدول ذکر نشده,ادامه مخصوص داوطلبان بومی استان کرمان؛ پردیس شهید باهنر کرمان/ اولویت پذیرش با داوطلبان بومی شهرستانهای رفسنجان، انار/محل خدمت کش کوئیه؛ پذیرش دانشجو‌معلم با تعهد خدمت؛ ضوابط بخش فرهنگیان دفترچه,1402-humanities-booklet,339,1402-humanities-booklet,339,کدرشته‌محل منبع: 51964؛ عنوان رشته در منبع: آموزش ابتدایی؛ نحوه پذیرش: با آزمون (بخش دانشجو‌معلم)؛ استان در این ردیف مربوط به بومی‌گزینی/محل خدمت است
1402,آموزش ابتدایی,دانشگاه فرهنگیان,پردیس شهید باهنر کرمان,کرمان,در جدول ذکر نشده,,تعهد خدمت,9,زن,در جدول ذکر نشده,ادامه مخصوص داوطلبان بومی استان کرمان؛ پردیس شهید باهنر کرمان/ اولویت پذیرش با داوطلبان بومی شهرستانهای رفسنجان، انار/محل خدمت رفسنجان؛ پذیرش دانشجو‌معلم با تعهد خدمت؛ ضوابط بخش فرهنگیان دفترچه,1402-humanities-booklet,339,1402-humanities-booklet,339,کدرشته‌محل منبع: 51965؛ عنوان رشته در منبع: آموزش ابتدایی؛ نحوه پذیرش: با آزمون (بخش دانشجو‌معلم)؛ استان در این ردیف مربوط به بومی‌گزینی/محل خدمت است
1402,آموزش ابتدایی,دانشگاه فرهنگیان,پردیس شهید باهنر کرمان,کرمان,در جدول ذکر نشده,,تعهد خدمت,1,زن,در جدول ذکر نشده,ادامه مخصوص داوطلبان بومی استان کرمان؛ پردیس شهید باهنر کرمان/ اولویت پذیرش با داوطلبان بومی شهرستانهای رفسنجان، انار/محل خدمت نوق؛ پذیرش دانشجو‌معلم با تعهد خدمت؛ ضوابط بخش فرهنگیان دفترچه,1402-humanities-booklet,339,1402-humanities-booklet,339,کدرشته‌محل منبع: 51966؛ عنوان رشته در منبع: آموزش ابتدایی؛ نحوه پذیرش: با آزمون (بخش دانشجو‌معلم)؛ استان در این ردیف مربوط به بومی‌گزینی/محل خدمت است
1402,آموزش ابتدایی,دانشگاه فرهنگیان,،پردیس شهید باهنر کرمان,کرمان,در جدول ذکر نشده,,تعهد خدمت,1,زن,در جدول ذکر نشده,ادامه مخصوص داوطلبان بومی استان کرمان؛ ،پردیس شهید باهنر کرمان/ اولویت پذیرش با داوطلبان بومی شهرستانهای بم، نرماشیر، فهرج ریگان/محل خدمت بم؛ پذیرش دانشجو‌معلم با تعهد خدمت؛ ضوابط بخش فرهنگیان دفترچه,1402-humanities-booklet,339,1402-humanities-booklet,339,کدرشته‌محل منبع: 51967؛ عنوان رشته در منبع: آموزش ابتدایی؛ نحوه پذیرش: با آزمون (بخش دانشجو‌معلم)؛ استان در این ردیف مربوط به بومی‌گزینی/محل خدمت است
1402,آموزش ابتدایی,دانشگاه فرهنگیان,،پردیس شهید باهنر کرمان,کرمان,در جدول ذکر نشده,,تعهد خدمت,1,زن,در جدول ذکر نشده,ادامه مخصوص داوطلبان بومی استان کرمان؛ ،پردیس شهید باهنر کرمان/ اولویت پذیرش با داوطلبان بومی شهرستانهای بم، نرماشیر، فهرج ریگان/محل خدمت ریگان؛ پذیرش دانشجو‌معلم با تعهد خدمت؛ ضوابط بخش فرهنگیان دفترچه,1402-humanities-booklet,339,1402-humanities-booklet,339,کدرشته‌محل منبع: 51968؛ عنوان رشته در منبع: آم وزش ابتدایی؛ نحوه پذیرش: با آزمون (بخش دانشجو‌معلم)؛ استان در این ردیف مربوط به بومی‌گزینی/محل خدمت است
1402,آموزش ابتدایی,دانشگاه فرهنگیان,،پردیس شهید باهنر کرمان,کرمان,در جدول ذکر نشده,,تعهد خدمت,1,زن,در جدول ذکر نشده,ادامه مخصوص داوطلبان بومی استان کرمان؛ ،پردیس شهید باهنر کرمان/ اولویت پذیرش با داوطلبان بومی شهرستانهای بم، نرماشیر، فهرج ریگان/محل خدمت فهرج؛ پذیرش دانشجو‌معلم با تعهد خدمت؛ ضوابط بخش فرهنگیان دفترچه,1402-humanities-booklet,339,1402-humanities-booklet,339,کدرشته‌محل منبع: 51969؛ عنوان رشته در منبع: آموزش ابتدایی؛ نحوه پذیرش: با آزمون (بخش دانشجو‌معلم)؛ استان در این ردیف مربوط به بومی‌گزینی/محل خدمت است
1402,آموزش ابتدایی,دانشگاه فرهنگیان,،پردیس شهید باهنر کرمان,کرمان,در جدول ذکر نشده,,تعهد خدمت,1,زن,در جدول ذکر نشده,ادامه مخصوص داوطلبان بومی استان کرمان؛ ،پردیس شهید باهنر کرمان/ اولویت پذیرش با داوطلبان بومی شهرستانهای بم، نرماشیر، فهرج ریگان/محل خدمت نرماشیر؛ پذیرش دانشجو‌معلم با تعهد خدمت؛ ضوابط بخش فرهنگیان دفترچه,1402-humanities-booklet,339,1402-humanities-booklet,339,کدرشته‌محل منبع: 51970؛ عنوان رشته در منبع: آموزش ابتدایی؛ نحوه پذیرش: با آزمون (بخش دانشجو‌معلم)؛ استان در این ردیف مربوط به بومی‌گزینی/محل خدمت است
1402,آموزش ابتدایی,دانشگاه فرهنگیان,پردیس شهید رجایی کرمانشاه,کرمانشاه,در جدول ذکر نشده,,تعهد خدمت,1,مرد,در جدول ذکر نشده,ادامه مخصوص داوطلبان بومی استان کرمانشاه؛ پردیس شهید رجایی کرمانشاه/ اولویت پذیرش با داوطلبان بومی شهرستان پاوه/محل خدمت پاوه ( اورامانات)؛ پذیرش دانشجو‌معلم با تعهد خدمت؛ ضوابط بخش فرهنگیان دفترچه,1402-humanities-booklet,342,1402-humanities-booklet,342,کدرشته‌محل منبع: 51976؛ عنوان رشته در منبع: آموزش ابتدایی؛ نحوه پذیرش: با آزمون (بخش دانشجو‌معلم)؛ استان در این ردیف مربوط به بومی‌گزینی/محل خدمت است
1402,آموزش ابتدایی,دانشگاه فرهنگیان,پردیس شهید رجایی کرمانشاه,کرمانشاه,در جدول ذکر نشده,,تعهد خدمت,1,مرد,در جدول ذکر نشده,ادامه مخصوص داوطلبان بومی استان کرمانشاه؛ پردیس شهید رجایی کرمانشاه/ ا ولویت پذیرش با داوطلبان بومی شهرستان پاوه/محل خدمت باینگان؛ پذیرش دانشجو‌معلم با تعهد خدمت؛ ضوابط بخش فرهنگیان دفترچه,1402-humanities-booklet,342,1402-humanities-booklet,342,کدرشته‌محل منبع: 51977؛ عنوان رشته در منبع: آموزش ابتدایی؛ نحوه پذیرش: با آزمون (بخش دانشجو‌معلم)؛ استان در این ردیف مربوط به بومی‌گزینی/محل خدمت است
1402,آموزش ابتدایی,دانشگاه فرهنگیان,پردیس شهید رجایی کرمانشاه,کرمانشاه,در جدول ذکر نشده,,تعهد خدمت,1,مرد,در جدول ذکر نشده,ادامه مخصوص داوطلبان بومی استان کرمانشاه؛ پردیس شهید رجایی کرمانشاه/ اولویت پذیرش با داوطلبان بومی شهرستان پاوه/محل خدمت نوسود؛ پذیرش دانشجو‌معلم با تعهد خدمت؛ ضوابط بخش فرهنگیان دفترچه,1402-humanities-booklet,342,1402-humanities-booklet,342,کدرشته‌محل منبع: 51978؛ عنوان رشته در منبع: آموزش ابتدایی؛ نحوه پذیرش: با آزمون (بخش دانشجو‌معلم)؛ استان در این ردیف مربوط به بومی‌گزینی/محل خدمت است
1402,آموزش ابتدایی,دانشگاه فرهنگیان,ش پردیس شهید رجایی کرمانشاه,کرمانشاه,در جدول ذکر نشده,,تعهد خدمت,5,مرد,در جدول ذکر نشده,ادامه مخصوص داوطلبان بومی استان کرمانشاه؛ ش پردیس شهید رجایی کرمانشاه/ اولویت پذیرش با داوطلبان بومی هرستان اسلام آباد غرب/محل خدمت اسلام آباد؛ پذیرش دانشجو‌معلم با تعهد خدمت؛ ضوابط بخش فرهنگیان دفترچه,1402-humanities-booklet,342,1402-humanities-booklet,342,کدرشته‌محل منبع: 51979؛ عنوان رشته در منبع: آموزش ابتدایی؛ نحوه پذیرش: با آزمون (بخش دانشجو‌معلم)؛ استان در این ردیف مربوط به بومی‌گزینی/محل خدمت است
1402,آموزش ابتدایی,دانشگاه فرهنگیان,پردیس شهید رجایی کرمانشاه,کرمانشاه,در جدول ذکر نشده,,تعهد خدمت,1,مرد,در جدول ذکر نشده,ادامه مخصوص داوطلبان بومی استان کرمانشاه؛ پردیس شهید رجایی کرمانشاه/ اولویت پذیرش با داوطلبان بومی شهرستان اسلام آباد غرب/محل خدمت حمیل؛ پذیرش دانشجو‌معلم با تعهد خدمت؛ ضوابط بخش فرهنگیان دفترچه,1402-humanities-booklet,342,1402-humanities-booklet,342,کدرشته‌محل منبع: 51980؛ عنوان رشته در منبع: آموزش ابتدایی؛ نحوه پذیرش: با آزمون (بخش دانشجو‌معلم)؛ استان در این ردیف مربوط به بومی‌گزینی/محل خدمت است
1402,آموزش ابتدایی,دانشگاه فرهنگیان,س پردیس شهید رجایی کرمانشاه,کرمانشاه,در جدول ذکر نشده,,تعهد خدمت,2,مرد,در جدول ذکر نشده,ادامه مخصوص داوطلبان بومی استان کرمانشاه؛ س پردیس شهید رجایی کرمانشاه/ اولویت پذیرش با داوطلبان بومی شهرستان رپل ذهاب/محل خدمت سرپل ذهاب؛ پذیرش دانشجو‌معلم با تعهد خدمت؛ ضوابط بخش فرهنگیان دفترچه,1402-humanities-booklet,342,1402-humanities-booklet,342,کدرشته‌محل منبع: 51981؛ عنوان رشته در منبع: آموزش ابتدایی؛ نحوه پذیرش: با آزمون (بخش دانشجو‌معلم)؛ استان در این ردیف مربوط به بومی‌گزینی/محل خدمت است
1402,آموزش ابتدایی,دانشگاه فرهنگیان,پردیس شهید رجایی کرمانشاه,کرمانشاه,در جدول ذکر نشده,,تعهد خدمت,2,مرد,در جدول ذکر نشده,ادامه مخصوص داوطلبان بومی استان کرمانشاه؛ پردیس شهید رجایی کرمانشاه/ اولویت پذیرش با داوطلبان بومی شهرستان روانسر/محل خدمت روانسر؛ پذیرش دانشجو‌معلم با تعهد خدمت؛ ضوابط بخش فرهنگیان دفترچه,1402-humanities-booklet,342,1402-humanities-booklet,342,کدرشته‌محل منبع: 51982؛ عنوان رشته در منبع: آموزش ابتدایی؛ نحوه پذیرش: با آزمون (بخش دانشجو‌معلم)؛ استان در این ردیف مربوط به بومی‌گزینی/محل خدمت است
1402,آموزش ابتدایی,دانشگاه فرهنگیان,پردیس شهید رجایی کرمانشاه,کرمانشاه,در جدول ذکر نشده,,تعهد خدمت,1,مرد,در جدول ذکر نشده,ادامه مخصوص داوطلبان بومی استان کرمانشاه؛ پردیس شهید رجایی کرمانشاه/ اولویت پذیرش با داوطلبان بومی شهرستان دالاهو/محل خدمت کرندغ رب؛ پذیرش دانشجو‌معلم با تعهد خدمت؛ ضوابط بخش فرهنگیان دفترچه,1402-humanities-booklet,342,1402-humanities-booklet,342,کدرشته‌محل منبع: 51983؛ عنوان رشته در منبع: آموزش ابتدایی؛ نحوه پذیرش: با آزمون (بخش دانشجو‌معلم)؛ استان در این ردیف مربوط به بومی‌گزینی/محل خدمت است
1402,آموزش ابتدایی,دانشگاه فرهنگیان,پردیس شهید رجایی کرمانشاه,کرمانشاه,در جدول ذکر نشده,,تعهد خدمت,2,مرد,در جدول ذکر نشده,ادامه مخصوص داوطلبان بومی استان کرمانشاه؛ پردیس شهید رجایی کرمانشاه/ اولویت پذیرش با داوطلبان بومی شهرستان دالاهو/محل خدمت گهواره؛ پذیرش دانشجو‌معلم با تعهد خدمت؛ ضوابط بخش فرهنگیان دفترچه,1402-humanities-booklet,342,1402-humanities-booklet,342,کدرشته‌محل منبع: 51984؛ عنوان رشته در منبع: آموزش ابتدایی؛ نحوه پذیرش: با آزمون (بخش دانشجو‌معلم)؛ استان در این ردیف مربوط به بومی‌گزینی/محل خدمت است
1402,آموزش ابتدایی,دانشگاه فرهنگیان,پردیس شهید رجایی کرمانشاه,کرمانشاه,در جدول ذکر نشده,,تعهد خدمت,2,مرد,در جدول ذکر نشده,ادامه مخصوص داوطلبان بومی استان کرمانشاه؛ پردیس شهید رجایی کرمانشاه/ اولویت پذیرش با داوطلبان بومی شهرستان جوانرود/محل خدمت جوانرود؛ پذیرش دانشجو‌معلم با تعهد خدمت؛ ضوابط بخش فرهنگیان دفترچه,1402-humanities-booklet,342,1402-humanities-booklet,342,کدرشته‌محل منبع: 51985؛ عنوان رشته در منبع: آموزش ابتدایی؛ نحوه پذیرش: با آزمون (بخش دانشجو‌معلم)؛ استان در این ردیف مربوط به بومی‌گزینی/محل خدمت است
1402,آموزش ابتدایی,دانشگاه فرهنگیان,پردیس شهید رجایی کرمانشاه,کرمانشاه,در جدول ذکر نشده,,تعهد خدمت,1,مرد,در جدول ذکر نشده,ادامه مخصوص داوطلبان بومی استان کرمانشاه؛ پردیس شهید رجایی کرمانشاه/ اولویت پذیرش با داوطلبان بومی شهرستان ثلاث باباجانی/محل خدمت ثلاث باباجانی؛ پذیرش دانشجو‌معلم با تعهد خدمت؛ ضوابط بخش فرهنگیان دفترچه,1402-humanities-booklet,342,1402-humanities-booklet,342,کدرشته‌محل منبع: 51986؛ عنوان رشته در منبع: آموزش ابتدایی؛ نحوه پذیرش: با آزمون (بخش دانشجو‌معلم)؛ استان در این ردیف مربوط به بومی‌گزینی/محل خدمت است
1402,آموزش ابتدایی,دانشگاه فرهنگیان,پردیس شهید رجایی کرمانشاه,کرمانشاه,در جدول ذکر نشده,,تعهد خدمت,5,مرد,در جدول ذکر نشده,ادامه مخصوص داوطلبان بومی استان کرمانشاه؛ پردیس شهید رجایی کرمانشاه/ اولویت پذیرش با داوطلبان بومی شهرستان سنقر/محل خدمت سنقرکلیایی؛ پذیرش دانشجو‌معلم با تعهد خدمت؛ ضوابط بخش فرهنگیان دفترچه,1402-humanities-booklet,342,1402-humanities-booklet,342,کدرشته‌محل منبع: 51987؛ عنوان رشته در منبع: آموزش ابتدایی؛ نحوه پذیرش: با آزمون (بخش دانشجو‌معلم)؛ استان در این ردیف مربوط به بومی‌گزینی/محل خدمت است
1402,آموزش ابتدایی,دانشگاه فرهنگیان,پردی س شهید رجایی کرمانشاه,کرمانشاه,در جدول ذکر نشده,,تعهد خدمت,3,مرد,در جدول ذکر نشده,ادامه مخصوص داوطلبان بومی استان کرمانشاه؛ پردی س شهید رجایی کرمانشاه/ اولویت پذیرش با داوطلبان بومی شهرستان کنگاور/محل خدمت کنگاور؛ پذیرش دانشجو‌معلم با تعهد خدمت؛ ضوابط بخش فرهنگیان دفترچه,1402-humanities-booklet,342,1402-humanities-booklet,342,کدرشته‌محل منبع: 51988؛ عنوان رشته در منبع: آموزش ابتدایی؛ نحوه پذیرش: با آزمون (بخش دانشجو‌معلم)؛ استان در این ردیف مربوط به بومی‌گزینی/محل خدمت است
1402,آموزش ابتدایی,دانشگاه فرهنگیان,پردیس شهید رجایی کرمانشاه,کرمانشاه,در جدول ذکر نشده,,تعهد خدمت,10,مرد,در جدول ذکر نشده,ادامه مخصوص داوطلبان بومی استان کرمانشاه؛ پردیس شهید رجایی کرمانشاه/ اولویت پذیرش با داوطلبان بومی شهرستان کرمانشاه/محل خدمت کرمانشاه .ناحیه1؛ پذیرش دانشجو‌معلم با تعهد خدمت؛ ضوابط بخش فرهنگیان دفترچه,1402-humanities-booklet,342,1402-humanities-booklet,342,کدرشته‌محل منبع: 51989؛ عنوان رشته در منبع: آموزش ابتدایی؛ نحوه پذیرش: با آزمون (بخش دانشجو‌معلم)؛ استان در این ردیف مربوط به بومی‌گزینی/محل خدمت است
1402,آموزش ابتدایی,دانشگاه فرهنگیان,پردیس شهید رجایی کرمانشاه,کرمانشاه,در جدول ذکر نشده,,تعهد خدمت,10,مرد,در جدول ذکر نشده,ادامه مخصوص داوطلبان بومی استان کرمانشاه؛ پردیس شهید رجایی کرمانشاه/ اولویت پذیرش با داوطلبان بومی شهرستان کرمانشاه/محل خدمت کرمانشاه .ناحیه2؛ پذیرش دانشجو‌معلم با تعهد خدمت؛ ضوابط بخش فرهنگیان دفترچه,1402-humanities-booklet,342,1402-humanities-booklet,342,کدرشته‌محل منبع: 51990؛ عنوان رشته در منبع: آموزش ابتدایی؛ نحوه پذیرش: با آزمون (بخش دانشجو‌معلم)؛ استان در این ردیف مربوط به بومی‌گزینی/محل خدمت است
1402,آموزش ابتدایی,دانشگاه فرهنگیان,پردیس شهید رجایی کرمانشاه,کرمانشاه,در جدول ذکر نشده,,تعهد خدمت,17,مرد,در جدول ذکر نشده,ادامه مخصوص داوطلبان بومی استان کرمانشاه؛ پردیس شهید رجایی کرمانشاه/ اولویت پذیرش با داوطلبان بومی شهرستان کرمانشاه/محل خدمت کرمانشاه .ناحیه3؛ پذیرش دانشجو‌معلم با تعهد خدمت؛ ضوابط بخش فرهنگیان دفترچه,1402-humanities-booklet,342,1402-humanities-booklet,342,کدرشته‌محل منبع: 51991؛ عنوان رشته در منبع: آموزش ابتدایی؛ نحوه پذیرش: با آزمون (بخش دانشجو‌معلم)؛ استان در این ردیف مربوط به بومی‌گزینی/محل خدمت است
1402,آموزش ابتدایی,دانشگاه فرهنگیان,پردیس شهید رجا یی کرمانشاه,کرمانشاه,در جدول ذکر نشده,,تعهد خدمت,1,مرد,در جدول ذکر نشده,ادامه مخصوص داوطلبان بومی استان کرمانشاه؛ پردیس شهید رجا یی کرمانشاه/ اولویت پذیرش با داوطلبان بومی شهرستان کرمانشاه/محل خدمت ماهیدشت؛ پذیرش دانشجو‌معلم با تعهد خدمت؛ ضوابط بخش فرهنگیان دفترچه,1402-humanities-booklet,342,1402-humanities-booklet,342,کدرشته‌محل منبع: 51992؛ عنوان رشته در منبع: آموزش ابتدایی؛ نحوه پذیرش: با آزمون (بخش دانشجو‌معلم)؛ استان در این ردیف مربوط به بومی‌گزینی/محل خدمت است
1402,آموزش ابتدایی,دانشگاه فرهنگیان,پردیس شهید رجایی کرمانشاه,کرمانشاه,در جدول ذکر نشده,,تعهد خدمت,1,مرد,در جدول ذکر نشده,ادامه مخصوص داوطلبان بومی استان کرمانشاه؛ پردیس شهید رجایی کرمانشاه/ اولویت پذیرش ب ا داوطلبان بومی شهرستان صحنه/محل خدمت دینور؛ پذیرش دانشجو‌معلم با تعهد خدمت؛ ضوابط بخش فرهنگیان دفترچه,1402-humanities-booklet,343,1402-humanities-booklet,343,کدرشته‌محل منبع: 51993؛ عنوان رشته در منبع: آموزش ابتدایی؛ نحوه پذیرش: با آزمون (بخش دانشجو‌معلم)؛ استان در این ردیف مربوط به بومی‌گزینی/محل خدمت است
1402,آموزش ابتدایی,دانشگاه فرهنگیان,پردیس شهید رجایی کرمانشاه,کرمانشاه,در جدول ذکر نشده,,تعهد خدمت,1,مرد,در جدول ذکر نشده,ادامه مخصوص داوطلبان بومی استان کرمانشاه؛ پردیس شهید رجایی کرمانشاه/ اولویت پذیرش با داوطلبان بومی شهرستان صحنه/محل خدمت صحنه؛ پذیرش دانشجو‌معلم با تعهد خدمت؛ ضوابط بخش فرهنگیان دفترچه,1402-humanities-booklet,343,1402-humanities-booklet,343,کدرشته‌محل منبع: 51994؛ عنوان رشته در منبع: آموزش ابتدایی؛ نحوه پذیرش: با آزمون (بخش دانشجو‌معلم)؛ استان در این ردیف مربوط به بومی‌گزینی/محل خدمت است
1402,آموزش ابتدایی,دانشگاه فرهنگیان,,کرمانشاه,در جدول ذکر نشده,,تعهد خدمت,1,مرد,در جدول ذکر نشده,ادامه مخصوص داوطلبان بومی استان کرمانشاه؛ /پردیس شهید رجایی کرمانشاه/ اولویت پذیرش با داوطلبان بومی شهرستان قصرشیرین محل خدمت قصرشیرین؛ پذیرش دانشجو‌معلم با تعهد خدمت؛ ضوابط بخش فرهنگیان دفترچه,1402-humanities-booklet,343,1402-humanities-booklet,343,کدرشته‌محل منبع: 51995؛ عنوان رشته در منبع: آموزش ابتدایی؛ نحوه پذیرش: با آزمون (بخش دانشجو‌معلم)؛ استان در این ردیف مربوط به بومی‌گزینی/محل خدمت است
1402,آموزش ابتدایی,دانشگاه فرهنگیان,پردیس شهید رجایی کرمانشاه,کرمانشاه,در جدول ذکر نشده,,تعهد خدمت,3,مرد,در جدول ذکر نشده,ادامه مخصوص داوطلبان بومی استان کرمانشاه؛ پردیس شهید رجایی کرمانشاه/ اولویت پذیرش با داوطلبان بومی شهرستان گیلانغرب/محل خدمت گیلانغرب؛ پذیرش دانشجو‌معلم با تعهد خدمت؛ ضوابط بخش فرهنگیان دفترچه,1402-humanities-booklet,343,1402-humanities-booklet,343,کدرشته‌محل منبع: 51996؛ عنوان رشته در منبع: آموزش ابتدایی؛ نحوه پذیرش: با آزمون (بخش دانشجو‌معلم)؛ استان در این ردیف مربوط به بومی‌گزینی/محل خدمت است
1402,آموزش ابتدایی,دانشگاه فرهنگیان,پردیس شهید رجایی کرمانشاه,کرمانشاه,در جدول ذکر نشده,,تعهد خدمت,2,مرد,در جدول ذکر نشده,ادامه مخصوص داوطلبان بومی استان کرمانشاه؛ پردیس شهید رجایی کرمانشاه/ اولویت پذیرش با داوطلبان بومی شهرستان گیلانغرب/محل خدمت گواور؛ پذیرش دانشجو‌معلم با تعهد خدمت؛ ضوابط بخش فرهنگیان دفترچه,1402-humanities-booklet,343,1402-humanities-booklet,343,کدرشته‌محل منبع: 51997؛ عنوان رشته در منبع: آموزش ابتدایی؛ نحوه پذیرش: با آزمون (بخش دانشجو‌معلم)؛ استان در این ردیف مربوط به بومی‌گزینی/محل خدمت است
1402,آموزش ابتدایی,دانشگاه فرهنگیان,پردیس شهید رجایی کرمانشاه,کرمانشاه,در جدول ذکر نشده,,تعهد خدمت,1,مرد,در جدول ذکر نشده,ادامه مخصوص داوطلبان بومی استان کرمانشاه؛ پردیس شهید رجایی کرمانشاه/ اولویت پذیرش با داوطلبان بومی شهرستان هرسین/محل خدمت بیستون؛ پذیرش دانشجو‌معلم با تعهد خدمت؛ ضوابط بخش فرهنگیان دفترچه,1402-humanities-booklet,343,1402-humanities-booklet,343,کدرشته‌محل منبع: 51998؛ عنوان رشته در منبع: آموزش ابتدایی؛ نحوه پذیرش: با آزمون (بخش دانشجو‌معلم)؛ استان در این ردیف مربوط به بومی‌گزینی/محل خدمت است
1402,آموزش ابتدایی,دانشگاه فرهنگیان,پردیس شهید رجایی کرمانشاه,کرمانشاه,در جدول ذکر نشده,,تعهد خدمت,3,مرد,در جدول ذکر نشده,ادامه مخصوص داوطلبان بومی استان کرمانشاه؛ پردیس شهید رجایی کرمانشاه/ اولویت پذیرش با داوطلبان بومی شهرستان هرسین/محل خدمت هرسین؛ پذیرش دانشجو‌معلم با تعهد خدمت؛ ضوابط بخش فرهنگیان دفترچه,1402-humanities-booklet,343,1402-humanities-booklet,343,کدرشته‌محل منبع: 51999؛ عنوان رشته در منبع: آموزش ابتدایی؛ نحوه پذیرش: با آزمون (بخش دانشجو‌معلم)؛ استان در این ردیف مربوط به بومی‌گزینی/محل خدمت است
1402,آموزش ابتدایی,دانشگاه فرهنگیان,پردیس شهید صدوقی کرمانشاه,کرمانشاه,در جدول ذکر نشده,,تعهد خدمت,1,زن,در جدول ذکر نشده,ادامه مخصوص داوطلبان بومی استان کرمانشاه؛ پردیس شهید صدوقی کرمانشاه/ اولویت پذیرش با داوطلبان بومی شهرستان هرسین/محل خدمت هرسین؛ پذیرش دانشجو‌معلم با تعهد خدمت؛ ضوابط بخش فرهنگیان دفترچه,1402-humanities-booklet,343,1402-humanities-booklet,343,کدرشته‌محل منبع: 52000؛ عنوان رشته در منبع: آموزش ابتدایی؛ نحوه پذیرش: با آزمون (بخش دانشجو‌معلم)؛ استان در این ردیف مربوط به بومی‌گزینی/محل خدمت است
1402,آموزش ابتدایی,دانشگاه فرهنگیان,پردیس شهید صدوقی کرمانشاه,کرمانشاه,در جدول ذکر نشده,,تعهد خدمت,1,زن,در جدول ذکر نشده,ادامه مخصوص داوطلبان بومی استان کرمانشاه؛ پردیس شهید صدوقی کرمانشاه/ اولویت پذیرش با داوطلبان بومی شهرستان گیلانغرب/محل خدمت گواور؛ پذیرش دانشجو‌معلم با تعهد خدمت؛ ضوابط بخش فرهنگیان دفترچه,1402-humanities-booklet,343,1402-humanities-booklet,343,کدرشته‌محل منبع: 52001؛ عنوان رشته در منبع: آموزش ابتدایی؛ نحوه پذیرش: با آزمون (بخش دانشجو‌معلم)؛ استان در این ردیف مربوط به بومی‌گزینی/محل خدمت است
1402,آموزش ابتدایی,دانشگاه فرهنگیان,پردیس شهید صدوقی کرمانشاه,کرمانشاه,در جدول ذکر نشده,,تعهد خدمت,1,زن,در جدول ذکر نشده,ادامه مخصوص داوطلبان بومی استان کرمانشاه؛ پردیس شهید صدوقی کرمانشاه/ اولویت پذیرش با داوطلبان بومی شهرستان هرسین/محل خدمت بیستون؛ پذیرش دانشجو‌معلم با تعهد خدمت؛ ضوابط بخش فرهنگیان دفترچه,1402-humanities-booklet,343,1402-humanities-booklet,343,کدرشته‌محل منبع: 52002؛ عنوان رشته در منبع: آموزش ابتدایی؛ نحوه پذیرش: با آزمون (بخش دانشجو‌معلم)؛ استان در این ردیف مربوط به بومی‌گزینی/محل خدمت است
1402,آموزش ابتدایی,دانشگاه فرهنگیان,پردیس شهید صدوقی کرمانشاه,کرمانشاه,در جدول ذکر نشده,,تعهد خدمت,2,زن,در جدول ذکر نشده,ادامه مخصوص داوطلبان بومی استان کرمانشاه؛ پردیس شهید صدوقی کرمانشاه/ اولویت پذیرش با داوطلبان بومی شهرستان کرمانشاه/محل خدمت کرمانشاه .ناحیه1؛ پذیرش دانشجو‌معلم با تعهد خدمت؛ ضوابط بخش فرهنگیان دفترچه,1402-humanities-booklet,343,1402-humanities-booklet,343,کدرشته‌محل منبع: 52003؛ عنوان رشته در منبع: آموزش ابتدایی؛ نحوه پذیرش: با آزمون (بخش دانشجو‌معلم)؛ استان در این ردیف مربوط به بومی‌گزینی/محل خدمت است
1402,آموزش ابتدایی,دانشگاه فرهنگیان,پردیس شهید صدوقی کرمانشاه,کرمانشاه,در جدول ذکر نشده,,تعهد خدمت,2,زن,در جدول ذکر نشده,ادامه مخصوص داوطلبان بومی استان کرمانشاه؛ پردیس شهید صدوقی کرمانشاه/ اولویت پذیرش با داوطلبا ن بومی شهرستان کرمانشاه/محل خدمت کرمانشاه .ناحیه2؛ پذیرش دانشجو‌معلم با تعهد خدمت؛ ضوابط بخش فرهنگیان دفترچه,1402-humanities-booklet,343,1402-humanities-booklet,343,کدرشته‌محل منبع: 52004؛ عنوان رشته در منبع: آموزش ابتدایی؛ نحوه پذیرش: با آزمون (بخش دانشجو‌معلم)؛ استان در این ردیف مربوط به بومی‌گزینی/محل خدمت است
1402,آموزش ابتدایی,دانشگاه فرهنگیان,پردیس شهید صدوقی کرمانشاه,کرمانشاه,در جدول ذکر نشده,,تعهد خدمت,6,زن,در جدول ذکر نشده,ادامه مخصوص داوطلبان بومی استان کرمانشاه؛ پردیس شهید صدوقی کرمانشاه/ اولویت پذیرش با داوطلبان بومی شهرستان کرمانشاه/محل خدمت کرمانشاه .ناحیه3؛ پذیرش دانشجو‌معلم با تعهد خدمت؛ ضوابط بخش فرهنگیان دفترچه,1402-humanities-booklet,343,1402-humanities-booklet,343,کدرشته‌محل منبع: 52005؛ عنوان رشته در منبع: آموزش ابتدایی؛ نحوه پذیرش: با آزمون (بخش دانشجو‌معلم)؛ استان در این ردیف مربوط به بومی‌گزینی/محل خدمت است
1402,آموزش ابتدایی,دانشگاه فرهنگیان,پردیس شهید صدوقی کرمانشاه,کرمانشاه,در جدول ذکر نشده,,تعهد خدمت,1,زن,در جدول ذکر نشده,ادامه مخصوص داوطلبان بومی استان کرمانشاه؛ پردیس شهید صدوقی کرمانشاه/ اولویت پذیرش با داوطلبان بومی شهرستان کرمانشاه/محل خدمت ماهیدشت؛ پذیرش دانشجو‌معلم با تعهد خدمت؛ ضوابط بخش فرهنگیان دفترچه,1402-humanities-booklet,343,1402-humanities-booklet,343,کدرشته‌محل منبع: 52006؛ عنوان رشته در منبع: آموزش ابتدایی؛ نحوه پذیرش: با آزمون (بخش دانشجو‌معلم)؛ استان در این ردیف مربوط به بومی‌گزینی/محل خدمت است
1402,آموزش ابتدایی,دانشگاه فرهنگیان,پردیس شهید صدوقی کرمانشاه,کرمانشاه,در جدول ذکر نشده,,تعهد خدمت,1,زن,در جدول ذکر نشده,ادامه مخصوص داوطلبان بومی استان کرمانشاه؛ پردیس شهید صدوقی کرمانشاه/ اولویت پذیرش با داوطلبان بومی شهرستان گیلانغرب/محل خدمت گیلانغرب؛ پذیرش دانشجو‌معلم با تعهد خدمت؛ ضوابط بخش فرهنگیان دفترچه,1402-humanities-booklet,343,1402-humanities-booklet,343,کدرشته‌محل منبع: 52007؛ عنوان رشته در منبع: آموزش ابتدایی؛ نحوه پذیرش: با آزمون (بخش دانشجو‌معلم)؛ استان در این ردیف مربوط به بومی‌گزینی/محل خدمت است
1402,آموزش ابتدایی,دانشگاه فرهنگیان,پردیس شهید صدوقی کرمانشاه,کرمانشاه,در جدول ذکر نشده,,تعهد خدمت,1,زن,در جدول ذکر نشده,ادامه مخصوص داوطلبان بومی استان کرمانشاه؛ پردیس شهید صدوقی کرمانشاه/ اولویت پذیرش با داوطلبان بومی شهرستان قصرشیرین / محل خدمت قصرشیرین؛ پذیرش دانشجو‌معلم با تعهد خدمت؛ ضوابط بخش فرهنگیان دفترچه,1402-humanities-booklet,343,1402-humanities-booklet,343,کدرشته‌محل منبع: 52008؛ عنوان رشته در منبع: آموزش ابتدایی؛ نحوه پذیرش: با آزمون (بخش دانشجو‌معلم)؛ استان در این ردیف مربوط به بومی‌گزینی/محل خدمت است
1402,آموزش ابتدایی,دانشگاه فرهنگیان,پردیس شهید صدوقی کرمانشاه,کرمانشاه,در جدول ذکر نشده,,تعهد خدمت,1,زن,در جدول ذکر نشده,ادامه مخصوص داوطلبان بومی استان کرمانشاه؛ پردیس شهید صدوقی کرمانشاه/ اولویت پذیرش با داوطلبان بومی شهرستان صحنه/محل خدمت صحنه؛ پذیرش دانشجو‌معلم با تعهد خدمت؛ ضوابط بخش فرهنگیان دفترچه,1402-humanities-booklet,343,1402-humanities-booklet,343,کدرشته‌محل منبع: 52009؛ عنوان رشته در منبع: آموزش ابتدایی؛ نحوه پذیرش: با آزمون (بخش دانشجو‌معلم)؛ استان در این ردیف مربوط به بومی‌گزینی/محل خدمت است
1402,آموزش ابتدایی,دانشگاه فرهنگیان,پردیس شهید صدوقی کرمانشاه,کرمانشاه,در جدول ذکر نشده,,تعهد خدمت,1,زن,در جدول ذکر نشده,ادامه مخصوص داوطلبان بومی استان کرمانشاه؛ پردیس شهید صدوقی کرمانشاه/ اولویت پذیرش با داوطلبان بومی شهرستان صحنه/محل خدمت دینور؛ پذیرش دانشجو‌معلم با تعهد خدمت؛ ضوابط بخش فرهنگیان دفترچه,1402-humanities-booklet,343,1402-humanities-booklet,343,کدرشته‌محل منبع: 52010؛ عنوان رشته در منبع: آموزش ابتدا یی؛ نحوه پذیرش: با آزمون (بخش دانشجو‌معلم)؛ استان در این ردیف مربوط به بومی‌گزینی/محل خدمت است
1402,آموزش ابتدایی,دانشگاه فرهنگیان,پردیس شهید صدوقی کرمانشاه,کرمانشاه,در جدول ذکر نشده,,تعهد خدمت,1,زن,در جدول ذکر نشده,ادامه مخصوص داوطلبان بومی استان کرمانشاه؛ پردیس شهید صدوقی کرمانشاه/ اولویت پذیرش با داوطلبان بومی شهرستان کنگاور/محل خدمت کنگاور؛ پذیرش دانشجو‌معلم با تعهد خدمت؛ ضوابط بخش فرهنگیان دفترچه,1402-humanities-booklet,343,1402-humanities-booklet,343,کدرشته‌محل منبع: 52011؛ عنوان رشته در منبع: آموزش ابتدایی؛ نحوه پذیرش: با آزمون (بخش دانشجو‌معلم)؛ استان در این ردیف مربوط به بومی‌گزینی/محل خدمت است
1402,آموزش ابتدایی,دانشگاه فرهنگیان,پردیس شهید صدوقی کرمانشاه,کرمانشاه,در جدول ذکر نشده,,تعهد خدمت,1,زن,در جدول ذکر نشده,ادامه مخصوص داوطلبان بومی استان کرمانشاه؛ پردیس شهید صدوقی کرمانشاه/ اولویت پذیرش با داوطلبان بومی شهرستان سنقر/محل خدمت سنقرکلیایی؛ پذیرش دانشجو‌معلم با تعهد خدمت؛ ضوابط بخش فرهنگیان دفترچه,1402-humanities-booklet,343,1402-humanities-booklet,343,کدرشته‌محل منبع: 52012؛ عنوان رشته در منبع: آموزش ابتدایی؛ نحوه پذیرش: با آزمون (بخش دانشجو‌معلم)؛ استان در این ردیف مربوط به بومی‌گزینی/محل خدمت است
1402,آموزش ابتدایی,دانشگاه فرهنگیان,پردیس شهید صدوقی کرمانشاه,کرمانشاه,در جدول ذکر نشده,,تعهد خدمت,1,زن,در جدول ذکر نشده,ادامه مخصوص داوطلبان بومی استان کرمانشاه؛ پردیس شهید صدوقی کرمانشاه/ اولویت پذیرش با داوطلبان بومی شهرستان جوانرود/محل خدمت جوانرود؛ پذیرش دانشجو‌معلم با تعهد خدمت؛ ضوابط بخش فرهنگیان دفترچه,1402-humanities-booklet,343,1402-humanities-booklet,343,کدرشته‌محل منبع: 52013؛ عنوان رشته در منبع: آموزش ابتدایی؛ نحوه پذیرش: با آزمون (بخش دانشجو‌معلم)؛ استان در این ردیف مربوط به بومی‌گزینی/محل خدمت است
1402,آموزش ابتدایی,دانشگاه فرهنگیان,پردیس شهید صدوقی کرمانشاه,کرمانشاه,در جدول ذکر نشده,,تعهد خدمت,1,زن,در جدول ذکر نشده,ادامه مخصوص داوطلبان بومی استان کرمانشاه؛ پردیس شهید صدوقی کرمانشاه/ اولویت پذیرش با داوطلبان بومی شهرستان ثلاث باباجانی/محل خدمت ثلاث باباجانی؛ پذیرش دانشجو‌معلم با تعهد خدمت؛ ضوابط بخش فرهنگیان دفترچه,1402-humanities-booklet,343,1402-humanities-booklet,343,کدرشته‌محل منبع: 52014؛ عنوان رشته در منبع: آموزش ابتدایی؛ نحوه پذیرش: با آزمون (بخش دانشجو‌معلم)؛ استان در این ردیف مربوط به بومی‌گزینی/محل خدمت است
1402,آموزش ابتدایی,دانشگاه فرهنگیان,پردیس شهید صدوقی کرمانشاه,کرمانشاه,در جدول ذکر نشده,,تعهد خدمت,1,زن,در جدول ذکر نشده,ادامه مخصوص داوطلبان بومی استان کرمانشاه؛ پردیس شهید صدوقی کرمانشاه/ ا ولویت پذیرش با داوطلبان بومی شهرستان دالاهو/محل خدمت کرندغرب؛ پذیرش دانشجو‌معلم با تعهد خدمت؛ ضوابط بخش فرهنگیان دفترچه,1402-humanities-booklet,343,1402-humanities-booklet,343,کدرشته‌محل منبع: 52015؛ عنوان رشته در منبع: آموزش ابتدایی؛ نحوه پذیرش: با آزمون (بخش دانشجو‌معلم)؛ استان در این ردیف مربوط به بومی‌گزینی/محل خدمت است
1402,آموزش ابتدایی,دانشگاه فرهنگیان,پردیس شهید صدوقی کرمانشاه,کرمانشاه,در جدول ذکر نشده,,تعهد خدمت,1,زن,در جدول ذکر نشده,ادامه مخصوص داوطلبان بومی استان کرمانشاه؛ پردیس شهید صدوقی کرمانشاه/ اولویت پذیرش با داوطلبان بومی شهرستان دالاهو/محل خدمت گهواره؛ پذیرش دانشجو‌معلم با تعهد خدمت؛ ضوابط بخش فرهنگیان دفترچه,1402-humanities-booklet,343,1402-humanities-booklet,343,کدرشته‌محل منبع: 52016؛ عنوان رشته در منبع: آموزش ابتدایی؛ نحوه پذیرش: با آزمون (بخش دانشجو‌معلم)؛ استان در این ردیف مربوط به بومی‌گزینی/محل خدمت است
1402,آموزش ابتدایی,دانشگاه فرهنگیان,پردیس شهید صدوقی کرمانشاه,کرمانشاه,در جدول ذکر نشده,,تعهد خدمت,1,زن,در جدول ذکر نشده,ادامه مخصوص داوطلبان بومی استان کرمانشاه؛ پردیس شهید صدوقی کرمانشاه/ اولویت پذیرش با داوطلبان بوم ی شهرستان روانسر/محل خدمت روانسر؛ پذیرش دانشجو‌معلم با تعهد خدمت؛ ضوابط بخش فرهنگیان دفترچه,1402-humanities-booklet,343,1402-humanities-booklet,343,کدرشته‌محل منبع: 52017؛ عنوان رشته در منبع: آموزش ابتدایی؛ نحوه پذیرش: با آزمون (بخش دانشجو‌معلم)؛ استان در این ردیف مربوط به بومی‌گزینی/محل خدمت است
1402,آموزش ابتدایی,دانشگاه فرهنگیان,پردیس شهید صدوقی کرمانشاه,کرمانشاه,در جدول ذکر نشده,,تعهد خدمت,1,زن,در جدول ذکر نشده,ادامه مخصوص داوطلبان بومی استان کرمانشاه؛ پردیس شهید صدوقی کرمانشاه/ اولویت پذیرش با داوطلبان بومی شهرستان سرپل ذهاب/محل خدمت سرپل ذهاب؛ پذیرش دانشجو‌معلم با تعهد خدمت؛ ضوابط بخش فرهنگیان دفترچه,1402-humanities-booklet,343,1402-humanities-booklet,343,کدرشته‌محل منبع: 52018؛ عنوان رشته در منبع: آموزش ابتدایی؛ نحوه پذیرش: با آزمون (بخش دانشجو‌معلم)؛ استان در این ردیف مربوط به بومی‌گزینی/محل خدمت است
1402,آموزش ابتدایی,دانشگاه فرهنگیان,غ پردیس شهید صدوقی کرمانشاه,کرمانشاه,در جدول ذکر نشده,,تعهد خدمت,2,زن,در جدول ذکر نشده,ادامه مخصوص داوطلبان بومی استان کرمانشاه؛ غ پردیس شهید صدوقی کرمانشاه/ اولویت پذیرش با داوطلبان بومی شهرستان اسلام آباد رب/محل خدمت اسلام آباد؛ پذیرش دانشجو‌معلم با تعهد خدمت؛ ضوابط بخش فرهنگیان دفترچه,1402-humanities-booklet,343,1402-humanities-booklet,343,کدرشته‌محل منبع: 52019؛ عنوان رشته در منبع: آموزش ابتدایی؛ نحوه پذیرش: با آزمون (بخش دانشجو‌معلم)؛ استان در این ردیف مربوط به بومی‌گزینی/محل خدمت است
1402,آموزش ابتدایی,دانشگاه فرهنگیان,پردیس شهید صدوقی کرمانشاه,کرمانشاه,در جدول ذکر نشده,,تعهد خدمت,1,زن,در جدول ذکر نشده,ادامه مخصوص داوطلبان بومی استان کرمانشاه؛ پردیس شهید صدوقی کرمانشاه/ اولویت پذیرش با داوطلبان بومی شهرستان اسلام آباد غرب/محل خدمت حمیل؛ پذیرش دانشجو‌معلم با تعهد خدمت؛ ضوابط بخش فرهنگیان دفترچه,1402-humanities-booklet,344,1402-humanities-booklet,344,کدرشته‌محل منبع: 52020؛ عنوان رشته در منبع: آموزش ابتدایی؛ نحوه پذیرش: با آزمون (بخش دانشجو‌معلم)؛ استان در این ردیف مربوط به بومی‌گزینی/محل خدمت است
1402,آموزش ابتدایی,دانشگاه فرهنگیان,پردیس شهید صدوقی کرمانشاه,کرمانشاه,در جدول ذکر نشده,,تعهد خدمت,1,زن,در جدول ذکر نشده,ادامه مخصوص داوطلبان بومی استان کرمانشاه؛ پردیس شهید صدوقی کرمانشاه/ اولویت پذیرش با داوطلبان بومی شهرستان پاوه/محل خدمت پاوه ( اورامانات)؛ پذیرش دانشجو‌معلم با تعهد خدمت؛ ضوابط بخش فرهنگیان دفترچه,1402-humanities-booklet,344,1402-humanities-booklet,344,کدرشته‌محل منبع: 52021؛ عنوان رشته در منبع: آموزش ابتدایی؛ نحوه پذیرش: با آزمون (بخش دانشجو‌معلم)؛ استان در این ردیف مربوط به بومی‌گزینی/محل خدمت است
1402,آموزش ابتدایی,دانشگاه فرهنگیان,پردیس شهید صدوقی کرمانشاه,کرمانشاه,در جدول ذکر نشده,,تعهد خدمت,1,زن,در جدول ذکر نشده,ادامه مخصوص داوطلبان بومی استان کرمانشاه؛ پردیس شهید صدوقی کرمانشاه/ اولویت پذیرش با داوطلبان بومی شهرستان پاوه/محل خدمت نوسود؛ پذیرش دانشجو‌معلم با تعهد خدمت؛ ضوابط بخش فرهنگیان دفترچه,1402-humanities-booklet,344,1402-humanities-booklet,344,کدرشته‌محل منبع: 52022؛ عنوان رشته در منبع: آموزش ابتدایی؛ نحوه پذیرش: با آزمون (بخش دانشجو‌معلم)؛ استان در این ردیف مربوط به بومی‌گزینی/محل خدمت است
1402,آموزش ابتدایی,دانشگاه فرهنگیان,پردیس شهید ایزدپناه یاسوج,کهگیلویه و بویراحمد,در جدول ذکر نشده,,تعهد خدمت,2,مرد,در جدول ذکر نشده,ادامه مخصوص داوطلبان بومی استان کهگیلویه و بویراحمد؛ پردیس شهید ایزدپناه یاسوج/ اولویت پذیرش با داوطلبان بومی شهرستان بهمئی/محل خدمت بهمئی؛ پذیرش دانشجو‌معلم با تعهد خدمت؛ ضوابط بخش فرهنگیان دفترچه,1402-humanities-booklet,349,1402-humanities-booklet,349,کدرشته‌محل منبع: 52091؛ عنوان رشته در منبع: آموزش ابتدایی؛ نحوه پذیرش: با آزمون (بخش دانشجو‌معلم)؛ استان در این ردیف مربوط به بومی‌گزینی/محل خدمت است
1402,آموزش ابتدایی,دانشگاه فرهنگیان,،پردیس شهید ایزدپناه یاسوج,کهگیلویه و بویراحمد,در جدول ذکر نشده,,تعهد خدمت,2,مرد,در جدول ذکر نشده,ادامه مخصوص داوطلبان بومی استان کهگیلویه و بویراحمد؛ ،پردیس شهید ایزدپناه یاسوج/ اولویت پذیرش با داوطلبان بومی شهرستانهای بویراحمد، دنا مارگون/محل خدمت دنا؛ پذیرش دانشجو‌معلم با تعهد خدمت؛ ضوابط بخش فرهنگیان دفترچه,1402-humanities-booklet,349,1402-humanities-booklet,349,کدرشته‌محل منبع: 52092؛ عنوان رشته در منبع: آمو زش ابتدایی؛ نحوه پذیرش: با آزمون (بخش دانشجو‌معلم)؛ استان در این ردیف مربوط به بومی‌گزینی/محل خدمت است
1402,آموزش ابتدایی,دانشگاه فرهنگیان,،پردیس شهید ایزدپناه یاسوج,کهگیلویه و بویراحمد,در جدول ذکر نشده,,تعهد خدمت,2,مرد,در جدول ذکر نشده,ادامه مخصوص داوطلبان بومی استان کهگیلویه و بویراحمد؛ ،پردیس شهید ایزدپناه یاسوج/ اولویت پذیرش با داوطلبان بومی شهرستانهای بویراحمد، دنا مارگون/محل خدمت لوداب؛ پذیرش دانشجو‌معلم با تعهد خدمت؛ ضوابط بخش فرهنگیان دفترچه,1402-humanities-booklet,349,1402-humanities-booklet,349,کدرشته‌محل منبع: 52093؛ عنوان رشته در منبع: آموزش ابتدایی؛ نحوه پذیرش: با آزمون (بخش دانشجو‌معلم)؛ استان در این ردیف مربوط به بومی‌گزینی/محل خدمت است
1402,آموزش ابتدایی,دانشگاه فرهنگیان,،پردیس شهید ایزدپناه یاسوج,کهگیلویه و بویراحمد,در جدول ذکر نشده,,تعهد خدمت,2,مرد,در جدول ذکر نشده,ادامه مخصوص داوطلبان بومی استان کهگیلویه و بویراحمد؛ ،پردیس شهید ایزدپناه یاسوج/ اولویت پذیرش با داوطلبان بومی شهرستانهای بویراحمد، دنا مارگون/محل خدمت مارگون؛ پذیرش دانشجو‌معلم با تعهد خدمت؛ ضوابط بخش فرهنگیان دفترچه,1402-humanities-booklet,349,1402-humanities-booklet,349,کدرشته‌محل منبع: 52094؛ عنوان رشته در منبع: آموزش ابتدایی؛ نحوه پذیرش: با آزمون (بخش دانشجو‌معلم)؛ استان در این ردیف مربوط به بومی‌گزینی/محل خدمت است
1402,آموزش ابتدایی,دانشگاه فرهنگیان,،پردیس شهید ایزدپناه یاسوج,کهگیلویه و بویراحمد,در جدول ذکر نشده,,تعهد خدمت,7,مرد,در جدول ذکر نشده,ادامه مخصوص داوطلبان بومی استان کهگیلویه و بویراحمد؛ ،پردیس شهید ایزدپناه یاسوج/ اولویت پذیرش با داوطلبان بومی شهرستانهای بویراحمد، دنا مارگون/محل خدمت یاسوج؛ پذیرش دانشجو‌معلم با تعهد خدمت؛ ضوابط بخش فرهنگیان دفترچه,1402-humanities-booklet,349,1402-humanities-booklet,349,کدرشته‌محل منبع: 52095؛ عنوان رشته در منبع: آموزش ابتدایی؛ نحوه پذیرش: با آزمون (بخش دانشجو‌معلم)؛ استان در این ردیف مربوط به بومی‌گزینی/محل خدمت است
1402,آموزش ابتدایی,دانشگاه فرهنگیان,،پردیس شهید ایزدپناه یاسوج,کهگیلویه و بویراحمد,در جدول ذکر نشده,,تعهد خدمت,1,مرد,در جدول ذکر نشده,ادامه مخصوص داوطلبان بومی استان کهگیلویه و بویراحمد؛ ،پردیس شهید ایزدپناه یاسوج/ اولویت پذیرش با داوطلبان بومی شهرستانهای کهگیلویه، لنده چرام/محل خدمت چرام؛ پذیرش دانشجو‌معلم با تعهد خدمت؛ ضوابط بخش فرهنگیان دفترچه,1402-humanities-booklet,349,1402-humanities-booklet,349,کدرشته‌محل منبع: 52096؛ عنوان رشته در منبع: آموزش ابتدایی؛ نحوه پذیرش: با آزمون (بخش دانشجو‌معلم)؛ استان در این ردیف مربوط به بومی‌گزینی/محل خدمت است
1402,آموزش ابتدایی,دانشگاه فرهنگیان,،پردیس شهید ایزدپناه یاسوج,کهگیلویه و بویراحمد,در جدول ذکر نشده,,تعهد خدمت,1,مرد,در جدول ذکر نشده,ادامه مخصوص داوطلبان بومی استان کهگیلویه و بویراحمد؛ ،پردیس شهید ایزدپناه یاسوج/ اولویت پذیرش با داوطلبان بومی شهرستانهای کهگیلویه، لنده چرام/محل خدمت چاروسا؛ پذیرش دانشجو‌معلم با تعهد خدمت؛ ضوابط بخش فرهنگیان دفترچه,1402-humanities-booklet,349,1402-humanities-booklet,349,کدرشته‌محل منبع: 52097؛ عنوان رشته در منبع: آموزش ابتدایی؛ نحوه پذیرش: با آزمون (بخش دانشجو‌معلم)؛ استان در این ردیف مربوط به بومی‌گزینی/محل خدمت است
1402,آموزش ابتدایی,دانشگاه فرهنگیان,،پردیس شهید ایزدپناه یاسوج,کهگیلویه و بویراحمد,در جدول ذکر نشده,,تعهد خدمت,2,مرد,در جدول ذکر نشده,ادامه مخصوص داوطلبان بومی استان کهگیلویه و بویراحمد؛ ،پردیس شهید ایزدپناه یاسوج/ اولویت پذیرش با داوطلبان بومی شهرستانهای کهگیلویه، لنده چرام/مح ل خدمت دهدشت )کهکیلویه (؛ پذیرش دانشجو‌معلم با تعهد خدمت؛ ضوابط بخش فرهنگیان دفترچه,1402-humanities-booklet,349,1402-humanities-booklet,349,کدرشته‌محل منبع: 52098؛ عنوان رشته در منبع: آموزش ابتدایی؛ نحوه پذیرش: با آزمون (بخش دانشجو‌معلم)؛ استان در این ردیف مربوط به بومی‌گزینی/محل خدمت است
1402,آموزش ابتدایی,دانشگاه فرهنگیان,،پردیس شهید ایزدپناه یاسوج,کهگیلویه و بویراحمد,در جدول ذکر نشده,,تعهد خدمت,1,مرد,در جدول ذکر نشده,ادامه مخصوص داوطلبان بومی استان کهگیلویه و بویراحمد؛ ،پردیس شهید ایزدپناه یاسوج/ اولویت پذیرش با داوطلبان بومی شهرستانهای کهگیلویه، لنده چرام/محل خدمت دیشموک؛ پذیرش دانشجو‌معلم با تعهد خدمت؛ ضوابط بخش فرهنگیان دفترچه,1402-humanities-booklet,349,1402-humanities-booklet,349,کدرشته‌محل منبع: 52099؛ عنوان رشته در منبع: آموزش ابتدایی؛ نحوه پذیرش: با آزمون (بخش دانشجو‌معلم)؛ استان در این ردیف مربوط به بومی‌گزینی/محل خدمت است
1402,آموزش ابتدایی,دانشگاه فرهنگیان,پردیس شهید ایزدپناه یاسوج,کهگیلویه و بویراحمد,در جدول ذکر نشده,,تعهد خدمت,1,مرد,در جدول ذکر نشده,ادامه مخصوص داوطلبان بومی استان کهگیلویه و بویراحمد؛ پردیس شهید ایزدپناه یاسوج/ اولویت پذیرش با داوطلبان بومی شهرستانهای کهگی لویه، لنده، چرام/محل خدمت لنده؛ پذیرش دانشجو‌معلم با تعهد خدمت؛ ضوابط بخش فرهنگیان دفترچه,1402-humanities-booklet,349,1402-humanities-booklet,349,کدرشته‌محل منبع: 52100؛ عنوان رشته در منبع: آموزش ابتدایی؛ نحوه پذیرش: با آزمون (بخش دانشجو‌معلم)؛ استان در این ردیف مربوط به بومی‌گزینی/محل خدمت است
1402,آموزش ابتدایی,دانشگاه فرهنگیان,،پردیس شهید ایزدپناه یاسوج,کهگیلویه و بویراحمد,در جدول ذکر نشده,,تعهد خدمت,1,مرد,در جدول ذکر نشده,ادامه مخصوص داوطلبان بومی استان کهگیلویه و بویراحمد؛ ،پردیس شهید ایزدپناه یاسوج/ اولویت پذیرش با داوطلبان بومی شهرستانهای گچساران باشت/محل خدمت باشت؛ پذیرش دانشجو‌معلم با تعهد خدمت؛ ضوابط بخش فرهنگیان دفترچه,1402-humanities-booklet,349,1402-humanities-booklet,349,کدرشته‌محل منبع: 52101؛ عنوان رشته در منبع: آموزش ابتدایی؛ نحوه پذیرش: با آزمون (بخش دانشجو‌معلم)؛ استان در این ردیف مربوط به بومی‌گزینی/محل خدمت است
1402,آموزش ابتدایی,دانشگاه فرهنگیان,پردیس شهید ایزدپناه یاسوج,کهگیلویه و بویراحمد,در جدول ذکر نشده,,تعهد خدمت,3,مرد,در جدول ذکر نشده,ادامه مخصوص داوطلبان بومی استان کهگیلویه و بویراحمد؛ پردیس شهید ایزدپناه یاسوج/ اولویت پذیرش با داوطلبان بومی شهرستانهای گچساران ، باشت/محل خدمت گچساران؛ پذیرش دانشجو‌معلم با تعهد خدمت؛ ضوابط بخش فرهنگیان دفترچه,1402-humanities-booklet,349,1402-humanities-booklet,349,کدرشته‌محل منبع: 52102؛ عنوان رشته در منبع: آموزش ابتدایی؛ نحوه پذیرش: با آزمون (بخش دانشجو‌معلم)؛ استان در این ردیف مربوط به بومی‌گزینی/محل خدمت است
1402,آموزش ابتدایی,دانشگاه فرهنگیان,پردیس کوثر یاسوج,کهگیلویه و بویراحمد,در جدول ذکر نشده,,تعهد خدمت,1,زن,در جدول ذکر نشده,ادامه مخصوص داوطلبان بومی استان کهگیلویه و بویراحمد؛ پردیس کوثر یاسوج/ اولویت پذیرش با داوطلبان بومی شهرستانهای گچساران، باشت/محل خدمت باشت؛ پذیرش دانشجو‌معلم با تعهد خدمت؛ ضوابط بخش فرهنگیان دفترچه,1402-humanities-booklet,349,1402-humanities-booklet,349,کدرشته‌محل منبع: 52103؛ عنوان رشته در منبع: آموزش ابتدایی؛ نحوه پذیرش: با آزمون (بخش دانشجو‌معلم)؛ استان در این ردیف مربوط به بومی‌گزینی/محل خدمت است
1402,آموزش ابتدایی,دانشگاه فرهنگیان,پردیس کوثر یاسوج,کهگیلویه و بویراحمد,در جدول ذکر نشده,,تعهد خدمت,2,زن,در جدول ذکر نشده,ادامه مخصوص داوطلبان بومی استان کهگیلویه و بویراحمد؛ پردیس کوثر یاسوج/ اولویت پذیرش با داوطلبان بومی شهرستانهای گچساران، باشت/محل خدمت گچساران؛ پذیرش دانشجو‌معلم با تعهد خدمت؛ ضوابط بخش فرهنگیان دفترچه,1402-humanities-booklet,350,1402-humanities-booklet,350,کدرشته‌محل منبع: 52104؛ عنوان رشته در منبع: آموزش ابتدایی؛ نحوه پذیرش: با آزمون (بخش دانشجو‌معلم)؛ استان در این ردیف مربوط به بومی‌گزینی/محل خدمت است
1402,آموزش ابتدایی,دانشگاه فرهنگیان,پردیس کوثر یاسوج,کهگیلویه و بویراحمد,در جدول ذکر نشده,,تعهد خدمت,1,زن,در جدول ذکر نشده,ادامه مخصوص داوطلبان بومی استان کهگیلویه و بویراحمد؛ پردیس کوثر یاسوج/ اولویت پذیرش با داوطلبان بومی شهرستانهای کهگیلویه، لنده، چرام/محل خدمت چرام؛ پذیرش دانشجو‌معلم با تعهد خدمت؛ ضوابط بخش فرهنگیان دفترچه,1402-humanities-booklet,350,1402-humanities-booklet,350,کدرشته‌محل منبع: 52105؛ عنوان رشته در منبع: آموزش ابتدا یی؛ نحوه پذیرش: با آزمون (بخش دانشجو‌معلم)؛ استان در این ردیف مربوط به بومی‌گزینی/محل خدمت است
1402,آموزش ابتدایی,دانشگاه فرهنگیان,پردیس کوثر یاسوج,کهگیلویه و بویراحمد,در جدول ذکر نشده,,تعهد خدمت,1,زن,در جدول ذکر نشده,ادامه مخصوص داوطلبان بومی استان کهگیلویه و بویراحمد؛ پردیس کوثر یاسوج/ اولویت پذیرش با داوطلبان بومی شهرستانهای بویراحمد، دنا، مارگون/محل خدمت دنا؛ پذیرش دانشجو‌معلم با تعهد خدمت؛ ضوابط بخش فرهنگیان دفترچه,1402-humanities-booklet,350,1402-humanities-booklet,350,کدرشته‌محل منبع: 52106؛ عنوان رشته در منبع: آموزش ابتدایی؛ نحوه پذیرش: با آزمون (بخش دانشجو‌معلم)؛ استان در این ردیف مربوط به بومی‌گزینی/محل خدمت است
1402,آموزش ابتدایی,دانشگاه فرهنگیان,پردیس کوثر یاسوج,کهگیلویه و بویراحمد,در جدول ذکر نشده,,تعهد خدمت,1,زن,در جدول ذکر نشده,ادامه مخصوص داوطلبان بومی استان کهگیلویه و بویراحمد؛ پردیس کوثر یاسوج/ اولویت پذیرش با داوطلبان بومی شهرستانهای بویراحمد، دنا، مارگون/محل خدمت لوداب؛ پذیرش دانشجو‌معلم با تعهد خدمت؛ ضوابط بخش فرهنگیان دفترچه,1402-humanities-booklet,350,1402-humanities-booklet,350,کدرشته‌محل منبع: 52107؛ عنوان رشته در منبع: آموزش ابتدایی؛ نحوه پذیرش: با آزمون (بخش دانشجو‌معلم)؛ استان در این ردیف مربوط به بومی‌گزینی/محل خدمت است
1402,آموزش ابتدایی,دانشگاه فرهنگیان,پردی س کوثر یاسوج,کهگیلویه و بویراحمد,در جدول ذکر نشده,,تعهد خدمت,1,زن,در جدول ذکر نشده,ادامه مخصوص داوطلبان بومی استان کهگیلویه و بویراحمد؛ پردی س کوثر یاسوج/ اولویت پذیرش با داوطلبان بومی شهرستانهای بویراحمد، دنا، مارگون/محل خدمت مارگون؛ پذیرش دانشجو‌معلم با تعهد خدمت؛ ضوابط بخش فرهنگیان دفترچه,1402-humanities-booklet,350,1402-humanities-booklet,350,کدرشته‌محل منبع: 52108؛ عنوان رشته در منبع: آموزش ابتدایی؛ نحوه پذیرش: با آزمون (بخش دانشجو‌معلم)؛ استان در این ردیف مربوط به بومی‌گزینی/محل خدمت است
1402,آموزش ابتدایی,دانشگاه فرهنگیان,پردیس کوثر یاسوج,کهگیلویه و بویراحمد,در جدول ذکر نشده,,تعهد خدمت,5,زن,در جدول ذکر نشده,ادامه مخصوص داوطلبان بومی استان کهگیلویه و بویراحمد؛ پردیس کوثر یاسوج/ اولویت پذیرش با داوطلبان بومی شهرستانهای بویراحمد، دنا، مارگون/محل خدمت یاسوج؛ پذیرش دانشجو‌معلم با تعهد خدمت؛ ضوابط بخش فرهنگیان دفترچه,1402-humanities-booklet,350,1402-humanities-booklet,350,کدرشته‌محل منبع: 52109؛ عنوان رشته در منبع: آموزش ابتدایی؛ نحوه پذیرش: با آزمون (بخش دانشجو‌معلم)؛ استان در این ردیف مربوط به بومی‌گزینی/محل خدمت است
1402,آموزش ابتدایی,دانشگاه فرهنگیان,پردیس کوثر یاسو ج,کهگیلویه و بویراحمد,در جدول ذکر نشده,,تعهد خدمت,1,زن,در جدول ذکر نشده,ادامه مخصوص داوطلبان بومی استان کهگیلویه و بویراحمد؛ پردیس کوثر یاسو ج/ اولویت پذیرش با داوطلبان بومی شهرستانهای کهگیلویه، لنده، چرام/محل خدمت چاروسا؛ پذیرش دانشجو‌معلم با تعهد خدمت؛ ضوابط بخش فرهنگیان دفترچه,1402-humanities-booklet,350,1402-humanities-booklet,350,کدرشته‌محل منبع: 52110؛ عنوان رشته در منبع: آموزش ابتدایی؛ نحوه پذیرش: با آزمون (بخش دانشجو‌معلم)؛ استان در این ردیف مربوط به بومی‌گزینی/محل خدمت است
1402,آموزش ابتدایی,دانشگاه فرهنگیان,پردیس کوثر یاسوج,کهگیلویه و بویراحمد,در جدول ذکر نشده,,تعهد خدمت,1,زن,در جدول ذکر نشده,ادامه مخصوص داوطلبان بومی استان کهگیلویه و بویراحمد؛ پردیس کوثر یاسوج/ اولویت پذیرش با داوطلبان بومی شهرستانهای کهگیلویه، لنده، چرام/محل ( خدمت دهدشت )کهکیلویه؛ پذیرش دانشجو‌معلم با تعهد خدمت؛ ضوابط بخش فرهنگیان دفترچه,1402-humanities-booklet,350,1402-humanities-booklet,350,کدرشته‌محل منبع: 52111؛ عنوان رشته در منبع: آموزش ابتدایی؛ نحوه پذیرش: با آزمون (بخش دانشجو‌معلم)؛ استان در این ردیف مربوط به بومی‌گزینی/محل خدمت است
1402,آموزش ابتدایی,دانشگاه فرهنگیان,پردیس کوثر یاسوج ,کهگیلویه و بویراحمد,در جدول ذکر نشده,,تعهد خدمت,1,زن,در جدول ذکر نشده,ادامه مخصوص داوطلبان بومی استان کهگیلویه و بویراحمد؛ پردیس کوثر یاسوج / اولویت پذیرش با داوطلبان بومی شهرستانهای کهگیلویه، لنده، چرام/محل خدمت دیشموک؛ پذیرش دانشجو‌معلم با تعهد خدمت؛ ضوابط بخش فرهنگیان دفترچه,1402-humanities-booklet,350,1402-humanities-booklet,350,کدرشته‌محل منبع: 52112؛ عنوان رشته در منبع: آموزش ابتدایی؛ نحوه پذیرش: با آزمون (بخش دانشجو‌معلم)؛ استان در این ردیف مربوط به بومی‌گزینی/محل خدمت است
1402,آموزش ابتدایی,دانشگاه فرهنگیان,پردیس کوثر یاسوج,کهگیلویه و بویراحمد,در جدول ذکر نشده,,تعهد خدمت,1,زن,در جدول ذکر نشده,ادامه مخصوص داوطلبان بومی استان کهگیلویه و بویراحمد؛ پردیس کوثر یاسوج/ اولویت پذیرش با داوطلبان بومی شهرستانهای کهگیلویه، لنده، چرام/محل خدمت لنده؛ پذیرش دانشجو‌معلم با تعهد خدمت؛ ضوابط بخش فرهنگیان دفترچه,1402-humanities-booklet,350,1402-humanities-booklet,350,کدرشته‌محل منبع: 52113؛ عنوان رشته در منبع: آموزش ابتدایی؛ نحوه پذیرش: با آزمون (بخش دانشجو‌معلم)؛ استان در این ردیف مربوط به بومی‌گزینی/محل خدمت است
1402,آموزش ابتدایی,دانشگاه فرهنگیان,پردیس کوثر یاسوج,کهگیلویه و بویراحمد,در جدول ذکر نشده,,تعهد خدمت,1,زن,در جدول ذکر نشده,ادامه مخصوص داوطلبان بومی استان کهگیلویه و بویراحمد؛ پردیس کوثر یاسوج/ اولویت پذیرش با داوطلبان بومی شهرستان بهمئی/محل خدمت بهمئی؛ پذیرش دانشجو‌معلم با تعهد خدمت؛ ضوابط بخش فرهنگیان دفترچه,1402-humanities-booklet,350,1402-humanities-booklet,350,کدرشته‌محل منبع: 52114؛ عنوان رشته در منبع: آموزش ابتدایی؛ نحوه پذیرش: با آزمون (بخش دانشجو‌معلم)؛ استان در این ردیف مربوط به بومی‌گزینی/محل خدمت است
1402,آموزش ابتدایی,دانشگاه فرهنگیان,پردیس آیت اله خامنه ای گرگان,گلستان,در جدول ذکر نشده,,تعهد خدمت,11,مرد,در جدول ذکر نشده,ادامه مخصوص داوطلبان بومی استان گلستان؛ پردیس آیت اله خامنه ای گرگان/ اولویت پذیرش با داوطلبان بومی شهرستان گرگان/محل خدمت گرگان؛ پذیرش دانشجو‌معلم با تعهد خدمت؛ ضوابط بخش فرهنگیان دفترچه,1402-humanities-booklet,356,1402-humanities-booklet,356,کدرشته‌محل منبع: 52141؛ عنوان رشته در منبع: آموزش ابتدایی؛ نحوه پذیرش: با آزمون (بخش دانشجو‌معلم)؛ استان در این ردیف مربوط به بومی‌گزینی/محل خدمت است
1402,آموزش ابتدایی,دانشگاه فرهنگیان,پردیس آیت اله خامنه ای گرگان )مرکز آموزش عالی شهید ب هشتی گنبد(,گلستان,در جدول ذکر نشده,,تعهد خدمت,5,مرد,در جدول ذکر نشده,ادامه مخصوص داوطلبان بومی استان گلستان؛ پردیس آیت اله خامنه ای گرگان )مرکز آموزش عالی شهید ب هشتی گنبد(/ اولویت پذیرش با داوطلبان بومی شهرستانهای آزادشهر، رامیان، علی آباد، مینودشت/محل خدمت آزادشهر؛ پذیرش دانشجو‌معلم با تعهد خدمت؛ ضوابط بخش فرهنگیان دفترچه,1402-humanities-booklet,357,1402-humanities-booklet,357,کدرشته‌محل منبع: 52142؛ عنوان رشته در منبع: آموزش ابتدایی؛ نحوه پذیرش: با آزمون (بخش دانشجو‌معلم)؛ استان در این ردیف مربوط به بومی‌گزینی/محل خدمت است
1402,آموزش ابتدایی,دانشگاه فرهنگیان,پردیس آیت اله خامنه ای گرگان )مرکز آموزش عالی شهید بهشتی گنبد(,گلستان,در جدول ذکر نشده,,تعهد خدمت,7,مرد,در جدول ذکر نشده,ادامه مخصوص داوطلبان بومی استان گلستان؛ پردیس آیت اله خامنه ای گرگان )مرکز آموزش عالی شهید بهشتی گنبد(/ اولویت پذیرش با داوطلبان بومی شهرستانهای آزادشهر، رامیان، عل ی آباد، مینودشت/محل خدمت رامیان؛ پذیرش دانشجو‌معلم با تعهد خدمت؛ ضوابط بخش فرهنگیان دفترچه,1402-humanities-booklet,357,1402-humanities-booklet,357,کدرشته‌محل منبع: 52143؛ عنوان رشته در منبع: آموزش ابتدایی؛ نحوه پذیرش: با آزمون (بخش دانشجو‌معلم)؛ استان در این ردیف مربوط به بومی‌گزینی/محل خدمت است
1402,آموزش ابتدایی,دانشگاه فرهنگیان,پردیس آیت اله خامنه ای گرگان )مرکز آموزش عالی شهید بهشتی گنبد(,گلستان,در جدول ذکر نشده,,تعهد خدمت,8,مرد,در جدول ذکر نشده,ادامه مخصوص داوطلبان بومی استان گلستان؛ پردیس آیت اله خامنه ای گرگان )مرکز آموزش عالی شهید بهشتی گنبد(/ اولویت پذیرش با داوطلبان بومی شهرستانهای آزادشهر، رامیان، علی آباد، مینودشت/محل خدمت علی آباد؛ پذیرش دانشجو‌معلم با تعهد خدمت؛ ضوابط بخش فرهنگیان دفترچه,1402-humanities-booklet,357,1402-humanities-booklet,357,کدرشته‌محل منبع: 52144؛ عنوان رشته در منبع: آموزش ابتدایی؛ نحوه پذیرش: با آزمون (بخش دانشجو‌معلم)؛ استان در این ردیف مربوط به بومی‌گزینی/محل خدمت است
1402,آموزش ابتدایی,دانشگاه فرهنگیان,پردیس آیت ال ه خامنه ای گرگان )مرکز آموزش عالی شهید بهشتی گنبد(,گلستان,در جدول ذکر نشده,,تعهد خدمت,3,مرد,در جدول ذکر نشده,ادامه مخصوص داوطلبان بومی استان گلستان؛ پردیس آیت ال ه خامنه ای گرگان )مرکز آموزش عالی شهید بهشتی گنبد(/ اولویت پذیرش با داوطلبان بومی شهرستانهای آزادشهر، رامیان، علی آباد، مینودشت/محل خدمت مینودشت؛ پذیرش دانشجو‌معلم با تعهد خدمت؛ ضوابط بخش فرهنگیان دفترچه,1402-humanities-booklet,357,1402-humanities-booklet,357,کدرشته‌محل منبع: 52145؛ عنوان رشته در منبع: آموزش ابتدایی؛ نحوه پذیرش: با آزمون (بخش دانشجو‌معلم)؛ استان در این ردیف مربوط به بومی‌گزینی/محل خدمت است
1402,آموزش ابتدایی,دانشگاه فرهنگیان,پردیس آیت اله خامنه ای گرگان )مرکز آموزش عالی شهید بهشتی گنبد(,گلستان,در جدول ذکر نشده,,تعهد خدمت,5,مرد,در جدول ذکر نشده,ادامه مخصوص داوطلبان بومی استان گلستان؛ پردیس آیت اله خامنه ای گرگان )مرکز آموزش عالی شهید بهشتی گنبد(/ اولویت پذیرش با داوط لبان بومی شهرستانهای گنبد کاووس، گالیکش، کلاله، مراوه تپه/محل خدمت کلاله؛ پذیرش دانشجو‌معلم با تعهد خدمت؛ ضوابط بخش فرهنگیان دفترچه,1402-humanities-booklet,357,1402-humanities-booklet,357,کدرشته‌محل منبع: 52146؛ عنوان رشته در منبع: آموزش ابتدایی؛ نحوه پذیرش: با آزمون (بخش دانشجو‌معلم)؛ استان در این ردیف مربوط به بومی‌گزینی/محل خدمت است
1402,آموزش ابتدایی,دانشگاه فرهنگیان,پردیس آیت اله خامنه ای گرگان )مرکز آموزش عالی شهید بهشتی گنبد(,گلستان,در جدول ذکر نشده,,تعهد خدمت,3,مرد,در جدول ذکر نشده,ادامه مخصوص داوطلبان بومی استان گلستان؛ پردیس آیت اله خامنه ای گرگان )مرکز آموزش عالی شهید بهشتی گنبد(/ اولویت پذیرش با داوطلبان بومی شهرستانهای گنبد کاووس، گالیکش، کلاله، مراوه تپه/محل خدمت گالیک ش؛ پذیرش دانشجو‌معلم با تعهد خدمت؛ ضوابط بخش فرهنگیان دفترچه,1402-humanities-booklet,357,1402-humanities-booklet,357,کدرشته‌محل منبع: 52147؛ عنوان رشته در منبع: آموزش ابتدایی؛ نحوه پذیرش: با آزمون (بخش دانشجو‌معلم)؛ استان در این ردیف مربوط به بومی‌گزینی/محل خدمت است
1402,آموزش ابتدایی,دانشگاه فرهنگیان,پردیس آیت اله خامنه ای گرگان )مرکز آموزش عالی شهید بهشتی گنبد(,گلستان,در جدول ذکر نشده,,تعهد خدمت,17,مرد,در جدول ذکر نشده,ادامه مخصوص داوطلبان بومی استان گلستان؛ پردیس آیت اله خامنه ای گرگان )مرکز آموزش عالی شهید بهشتی گنبد(/ اولویت پذیرش با داوطلبان بومی شهرستانهای گنبد کاووس، گالیکش، کلاله، مراوه تپه/محل خدمت گنبدکاووس؛ پذیرش دانشجو‌معلم با تعهد خدمت؛ ضوابط بخش فرهنگیان دفترچه,1402-humanities-booklet,357,1402-humanities-booklet,357,کدرشته‌محل منبع: 52148؛ عنوان رشته در منبع: آموزش ابتدایی؛ نحوه پذیرش: با آزمون (بخش دانشجو‌معلم)؛ استان در این ردیف مربوط به بومی‌گزینی/محل خدمت است
1402,آموزش ابتدایی,دانشگاه فرهنگیان,پردیس آیت اله خامنه ای گرگان )مرکز آمو زش عالی شهید بهشتی گنبد(,گلستان,در جدول ذکر نشده,,تعهد خدمت,3,مرد,در جدول ذکر نشده,ادامه مخصوص داوطلبان بومی استان گلستان؛ پردیس آیت اله خامنه ای گرگان )مرکز آمو زش عالی شهید بهشتی گنبد(/ اولویت پذیرش با داوطلبان بومی شهرستانهای گنبد کاووس، گالیکش، کلاله، مراوه تپه/محل خدمت مراوه تپه؛ پذیرش دانشجو‌معلم با تعهد خدمت؛ ضوابط بخش فرهنگیان دفترچه,1402-humanities-booklet,357,1402-humanities-booklet,357,کدرشته‌محل منبع: 52149؛ عنوان رشته در منبع: آموزش ابتدایی؛ نحوه پذیرش: با آزمون (بخش دانشجو‌معلم)؛ استان در این ردیف مربوط به بومی‌گزینی/محل خدمت است
1402,آموزش ابتدایی,دانشگاه فرهنگیان,پردیس آیت اله خامنه ای گرگان,گلستان,در جدول ذکر نشده,,تعهد خدمت,5,مرد,در جدول ذکر نشده,ادامه مخصوص داوطلبان بومی استان گلستان؛ پردیس آیت اله خامنه ای گرگان/ اولویت پذیرش با داوطلبان بومی شهرستان های آق قلا، ترکمن، گمیشان، کردکوی، بند ر گز/محل خدمت آق قلا؛ پذیرش دانشجو‌معلم با تعهد خدمت؛ ضوابط بخش فرهنگیان دفترچه,1402-humanities-booklet,357,1402-humanities-booklet,357,کدرشته‌محل منبع: 52150؛ عنوان رشته در منبع: آموزش ابتدایی؛ نحوه پذیرش: با آزمون (بخش دانشجو‌معلم)؛ استان در این ردیف مربوط به بومی‌گزینی/محل خدمت است
1402,آموزش ابتدایی,دانشگاه فرهنگیان,پردیس آیت اله خامنه ای گرگان,گلستان,در جدول ذکر نشده,,تعهد خدمت,6,مرد,در جدول ذکر نشده,ادامه مخصوص داوطلبان بومی استان گلستان؛ پردیس آیت اله خامنه ای گرگان/ اولویت پذیرش با داوطلبان بومی شهرستان های آق قلا، ترکمن، گمیشان، کردکوی، بندر گز/محل خدمت بندرترکمن؛ پذیرش دانشجو‌معلم با تعهد خدمت؛ ضوابط بخش فرهنگیان دفترچه,1402-humanities-booklet,357,1402-humanities-booklet,357,کدرشته‌محل منبع: 52151؛ عنوان رشته در منبع: آموزش ابتدایی؛ نحوه پذیرش: با آزمون (بخش دانشجو‌معلم)؛ استان در این ردیف مربوط به بومی‌گزینی/محل خدمت است
1402,آموزش ابتدایی,دانشگاه فرهنگیان,پردیس آیت اله خامنه ای گرگان,گلستان,در جدول ذکر نشده,,تعهد خدمت,2,مرد,در جدول ذکر نشده,ادامه مخصوص داوطلبان بومی استان گلستان؛ پردیس آیت اله خامنه ای گرگان/ اولویت پذیرش با داوطل بان بومی شهرستان های آق قلا، ترکمن، گمیشان، کردکوی، بندر گز/محل خدمت کردکوی؛ پذیرش دانشجو‌معلم با تعهد خدمت؛ ضوابط بخش فرهنگیان دفترچه,1402-humanities-booklet,357,1402-humanities-booklet,357,کدرشته‌محل منبع: 52152؛ عنوان رشته در منبع: آموزش ابتدایی؛ نحوه پذیرش: با آزمون (بخش دانشجو‌معلم)؛ استان در این ردیف مربوط به بومی‌گزینی/محل خدمت است
1402,آموزش ابتدایی,دانشگاه فرهنگیان,پردیس آیت اله خامنه ای گرگان,گلستان,در جدول ذکر نشده,,تعهد خدمت,3,مرد,در جدول ذکر نشده,ادامه مخصوص داوطلبان بومی استان گلستان؛ پردیس آیت اله خامنه ای گرگان/ اولویت پذیرش با داوطلبان بومی شهرستان های آق قلا، ترکمن، گمیشان، کردکوی، بندر گز/محل خدمت گمیشان؛ پذیرش دانشجو‌معلم با تعهد خدمت؛ ضوابط بخش فرهنگیان دفترچه,1402-humanities-booklet,357,1402-humanities-booklet,357,کدرشته‌محل منبع: 52153؛ عنوان رشته در منبع: آموزش ابتدایی؛ نحوه پذیرش: با آزمون (بخش دانشجو‌معلم)؛ استان در این ردیف مربوط به بومی‌گزینی/محل خدمت است
1402,آموزش ابتدایی,دانشگاه فرهنگیان,پردیس آیت اله خامنه ای گرگان,گلستان,در جدول ذکر نشده,,تعهد خدمت,4,مرد,در جدول ذکر نشده,ادامه مخصوص داوطلبان بومی استان گلستان؛ پردیس آیت اله خامنه ای گرگان/ اولویت پذیرش با داوطلبان بومی شهرستان های آق قلا، ترکمن، گمیشان، کردکوی، بندر گز/محل خدمت بندرگز؛ پذیرش دانشجو‌معلم با تعهد خدمت؛ ضوابط بخش فرهنگیان دفترچه,1402-humanities-booklet,357,1402-humanities-booklet,357,کدرشته‌محل منبع: 52154؛ عنوان رشته در منبع: آموزش ابتدایی؛ نحوه پذیرش: با آزمون (بخش دانشجو‌معلم)؛ استان در این ردیف مربوط به بومی‌گزینی/محل خدمت است
1402,آموزش ابتدایی,دانشگاه فرهنگیان,پردیس امام خمینی)ره( گرگان,گلستان,در جدول ذکر نشده,,تعهد خدمت,3,زن,در جدول ذکر نشده,ادامه مخصوص داوطلبان بومی استان گلستان؛ پردیس امام خمینی)ره( گرگان/ اولویت پذیرش با داوطلبان بومی شهرستان های آق قلا، ترکمن، ،گمیشان، کردکوی بندر گز/محل خدمت آق قلا؛ پذیرش دانشجو‌معلم با تعهد خدمت؛ ضوابط بخش فرهنگیان دفترچه,1402-humanities-booklet,357,1402-humanities-booklet,357,کدرشته‌محل منبع: 52155؛ عنوان رشته در منبع: آموزش ابتدایی؛ نحوه پذیرش: با آزمون (بخش دانشجو‌معلم)؛ استان در این ردیف مربوط به بومی‌گزینی/محل خدمت است
1402,آموزش ابتدایی,دانشگاه فرهنگیان,پردیس امام خمینی)ره( گرگان,گلستان,در جدول ذکر نشده,,تعهد خدمت,2,زن,در جدول ذکر نشده,ادامه مخصوص داوطلبان بومی استان گلستان؛ پردیس امام خمینی)ره( گرگان/ اولویت پذیرش با داوطلبان بومی شهرستان های آق قلا، ترکمن، گمیشان، کردکوی، بندر گز/محل خدمت بندرترکمن؛ پذیرش دانشجو‌معلم با تعهد خدمت؛ ضوابط بخش فرهنگیان دفترچه,1402-humanities-booklet,357,1402-humanities-booklet,357,کدرشته‌محل منبع: 52156؛ عنوان رشته در منبع: آموزش ابتدایی؛ نحوه پذیرش: با آزمون (بخش دانشجو‌معلم)؛ استان در این ردیف مربوط به بومی‌گزینی/محل خدمت است
1402,آموزش ابتدایی,دانشگاه فرهنگیان,پردیس امام خمینی)ره( گرگان,گلستان,در جدول ذکر نشده,,تعهد خدمت,2,زن,در جدول ذکر نشده,ادامه مخصوص داوطلبان بومی استان گلستان؛ پردیس امام خمینی)ره( گرگان/ اولویت پذیرش با داوطلبان بومی شهرستان های آق قلا، ترکمن، گمیشان، کردکوی، بندر گز/محل خدمت کردکوی؛ پذیرش دانشجو‌معلم با تعهد خدمت؛ ضوابط بخش فرهنگیان دفترچه,1402-humanities-booklet,357,1402-humanities-booklet,357,کدرشته‌محل منبع: 52157؛ عنوان رشته در منبع: آموزش ابتدایی؛ نحوه پذیرش: با آزمون (بخش دانشجو‌معلم)؛ استان در این ردیف مربوط به بومی‌گزینی/محل خدمت است
1402,آموزش ابتدایی,دانشگاه فرهنگیان,پردیس امام خمینی)ره( گرگان,گلستان,در جدول ذکر نشده,,تعهد خدمت,2,زن,در جدول ذکر نشده,ادامه مخصوص داوطلبان بومی استان گلستان؛ پردیس امام خمینی)ره( گرگان/ اولویت پذیرش با داوطلبان بومی شهرستان های آق قلا، ترکمن، گمیشان، کردکوی، بندر گز/محل خدمت گمیشان؛ پذیرش دانشجو‌معلم با تعهد خدمت؛ ضوابط بخش فرهنگیان دفترچه,1402-humanities-booklet,357,1402-humanities-booklet,357,کدرشته‌محل منبع: 52158؛ عنوان رشته در منبع: آموزش ابتدایی؛ نحوه پذیرش: با آزمون (بخش دانشجو‌معلم)؛ استان در این ردیف مربوط به بومی‌گزینی/محل خدمت است
1402,آموزش ابتدایی,دانشگاه فرهنگیان,پردیس امام خمینی)ره( گرگان,گلستان,در جدول ذکر نشده,,تعهد خدمت,1,زن,در جدول ذکر نشده,ادامه مخصوص داوطلبان بومی استان گلستان؛ پردیس امام خمینی)ره( گرگان/ اولویت پذیرش با داوطلبان بومی شهرستان های آق قلا، ترکمن، گمیشان، کردکوی، بندر گز/محل خدمت بندرگز؛ پذیرش دانشجو‌معلم با تعهد خدمت؛ ضوابط بخش فرهنگیان دفترچه,1402-humanities-booklet,357,1402-humanities-booklet,357,کدرشته‌محل منبع: 52159؛ عنوان رشته در منبع: آموزش ابتدایی؛ نحوه پذیرش: با آزمون (بخش دانشجو‌معلم)؛ استان در این ردیف مربوط به بومی‌گزینی/محل خدمت است
1402,آموزش ابتدایی,دانشگاه فرهنگیان,پردیس امام خمینی)ره( گرگان,گلستان,در جدول ذکر نشده,,تعهد خدمت,7,زن,در جدول ذکر نشده,ادامه مخصوص داوطلبان بومی استان گلستان؛ پردیس امام خمینی)ره( گرگان/ اولویت پذیرش با داوطلبان بومی شهرستان گرگان/محل خدمت گرگان؛ پذیرش دانشجو‌معلم با تعهد خدمت؛ ضوابط بخش فرهنگیان دفترچه,1402-humanities-booklet,357,1402-humanities-booklet,357,کدرشته‌محل منبع: 52160؛ عنوان رشته در منبع: آموزش ابتدایی؛ نحوه پذیرش: با آزمون (بخش دانشجو‌معلم)؛ استان در این ردیف مربوط به بومی‌گزینی/محل خدمت است
1402,آموزش ابتدایی,دانشگاه فرهنگیان,،پردیس امام خمینی)ره( گرگان,گلستان,در جدول ذکر نشده,,تعهد خدمت,4,زن,در جدول ذکر نشده,ادامه مخصوص داوطلبان بومی استان گلستان؛ ،پردیس امام خمینی)ره( گرگان/ اولویت پذیرش با داوطلبان بومی شهرستانهای گنبد کاووس گالیکش، کلاله، مراوه تپه/محل خدمت کلاله؛ پذیرش دانشجو‌معلم با تعهد خدمت؛ ضوابط بخش فرهنگیان دفترچه,1402-humanities-booklet,357,1402-humanities-booklet,357,کدرشته‌محل منبع: 52161؛ عنوان رشته در منبع: آموزش ابتدایی؛ نحوه پذیرش: با آزمون (بخش دانشجو‌معلم)؛ استان در این ردیف مربوط به بومی‌گزینی/محل خدمت است
1402,آموزش ابتدایی,دانشگاه فرهنگیان,،پردیس امام خمینی)ره( گرگان,گلستان,در جدول ذکر نشده,,تعهد خدمت,4,زن,در جدول ذکر نشده,ادامه مخصوص داوطلبان بومی استان گلستان؛ ،پردیس امام خمینی)ره( گرگان/ اولویت پذیرش با داوطلبان بومی شهرستانهای گنبد کاووس م/گالیکش، کلاله، مراوه تپه حل خدمت گالیکش؛ پذیرش دانشجو‌معلم با تعهد خدمت؛ ضوابط بخش فرهنگیان دفترچه,1402-humanities-booklet,357,1402-humanities-booklet,357,کدرشته‌محل منبع: 52162؛ عنوان رشته در منبع: آموزش ابتدایی؛ نحوه پذیرش: با آزمون (بخش دانشجو‌معلم)؛ استان در این ردیف مربوط به بومی‌گزینی/محل خدمت است
1402,آموزش ابتدایی,دانشگاه فرهنگیان,،پردیس امام خمینی)ره( گرگان,گلستان,در جدول ذکر نشده,,تعهد خدمت,7,زن,در جدول ذکر نشده,ادامه مخصوص داوطلبان بومی استان گلستان؛ ،پردیس امام خمینی)ره( گرگان/ اولویت پذیرش با داوطلبان بومی شهرستانهای گنبد کاووس گالیکش، کلاله، مراوه تپه/محل خدمت گنبدکاووس؛ پذیرش دانشجو‌معلم با تعهد خدمت؛ ضوابط بخش فرهنگیان دفترچه,1402-humanities-booklet,357,1402-humanities-booklet,357,کدرشته‌محل منبع: 52163؛ عنوان رشته در منبع: آموزش ابتدایی؛ نحوه پذیرش: با آزمون (بخش دانشجو‌معلم)؛ استان در این ردیف مربوط به بومی‌گزینی/محل خدمت است
1402,آموزش ابتدایی,دانشگاه فرهنگیان,پردیس امام خمینی)ره( گرگان,گلستان,در جدول ذکر نشده,,تعهد خدمت,2,زن,در جدول ذکر نشده,ادامه مخصوص داوطلبان بومی استان گلستان؛ پردیس امام خمینی)ره( گرگان/ اولویت پذیرش با داوطلبان بومی شهرستا نهای گنبد کاووس، گالیکش، کلاله، مراوه تپه/محل خدمت مراوه تپه؛ پذیرش دانشجو‌معلم با تعهد خدمت؛ ضوابط بخش فرهنگیان دفترچه,1402-humanities-booklet,357,1402-humanities-booklet,357,کدرشته‌محل منبع: 52164؛ عنوان رشته در منبع: آموزش ابتدایی؛ نحوه پذیرش: با آزمون (بخش دانشجو‌معلم)؛ استان در این ردیف مربوط به بومی‌گزینی/محل خدمت است
1402,آموزش ابتدایی,دانشگاه فرهنگیان,،پردیس امام خمینی)ره( گرگان,گلستان,در جدول ذکر نشده,,تعهد خدمت,3,زن,در جدول ذکر نشده,ادامه مخصوص داوطلبان بومی استان گلستان؛ ،پردیس امام خمینی)ره( گرگان/ اولویت پذیرش با داوطلبان بومی شهرستانهای آزادشهر، رامیان علی آباد، مینودشت/محل خدمت آزادشهر؛ پذیرش دانشجو‌معلم با تعهد خدمت؛ ضوابط بخش فرهنگیان دفترچه,1402-humanities-booklet,357,1402-humanities-booklet,357,کدرشته‌محل منبع: 52165؛ عنوان رشته در منبع: آموزش ابتدایی؛ نحوه پذیرش: با آزمون (بخش دانشجو‌معلم)؛ استان در این ردیف مربوط به بومی‌گزینی/محل خدمت است
1402,آموزش ابتدایی,دانشگاه فرهنگیان,گ (پردیس امام خمینی)ره رگان,گلستان,در جدول ذکر نشده,,تعهد خدمت,2,زن,در جدول ذکر نشده,ادامه مخصوص داوطلبان بومی استان گلستان؛ گ (پردیس امام خمینی)ره رگان/ اولویت پذیرش با داوطلبان بومی شهرستانهای آزادشهر، رامیان، علی آباد، مینودشت/محل خدمت رامیان؛ پذیرش دانشجو‌معلم با تعهد خدمت؛ ضوابط بخش فرهنگیان دفترچه,1402-humanities-booklet,357,1402-humanities-booklet,357,کدرشته‌محل منبع: 52166؛ عنوان رشته در منبع: آموزش ابتدایی؛ نحوه پذیرش: با آزمون (بخش دانشجو‌معلم)؛ استان در این ردیف مربوط به بومی‌گزینی/محل خدمت است
1402,آموزش ابتدایی,دانشگاه فرهنگیان,،پردیس امام خمینی)ره( گرگان,گلستان,در جدول ذکر نشده,,تعهد خدمت,4,زن,در جدول ذکر نشده,ادامه مخصوص داوطلبان بومی استان گلستان؛ ،پردیس امام خمینی)ره( گرگان/ اولویت پذیرش با داوطلبان بومی شهرستانهای آزادشهر، رامیان علی آباد، مینودشت/محل خدمت علی آباد؛ پذیرش دانشجو‌معلم با تعهد خدمت؛ ضوابط بخش فرهنگیان دفترچه,1402-humanities-booklet,357,1402-humanities-booklet,357,کدرشته‌محل منبع: 52167؛ عنوان رشته در منبع: آموزش ابتدایی؛ نحوه پذیرش: با آزمون (بخش دانشجو‌معلم)؛ استان در این ردیف مربوط به بومی‌گزینی/محل خدمت است
1402,آموزش ابتدایی,دانشگاه فرهنگیان,،پردیس امام خمینی)ره( گرگان,گلستان,در جدول ذکر نشده,,تعهد خدمت,2,زن,در جدول ذکر نشده,ادامه مخصوص داوطلبان بومی استان گلستان؛ ،پردیس امام خمینی)ره( گرگان/ اولویت پذیرش با داوطلبان بومی شهرستانهای آزادشهر، رامیان علی آباد، مینودشت/محل خدمت مینودشت؛ پذیرش دانشجو‌معلم با تعهد خدمت؛ ضوابط بخش فرهنگیان دفترچه,1402-humanities-booklet,357,1402-humanities-booklet,357,کدرشته‌محل منبع: 52168؛ عنوان رشته در منبع: آموزش ابتدایی؛ نحوه پذیرش: با آزمون (بخش دانشجو‌معلم)؛ استان در این ردیف مربوط به بومی‌گزینی/محل خدمت است
1402,آموزش ابتدایی,دانشگاه فرهنگیان,پردیس بنت الهدی صدر اردبیل,گیلان,در جدول ذکر نشده,,تعهد خدمت,1,زن,در جدول ذکر نشده,ادامه مخصوص داوطلبان بومی استان گیلان؛ پردیس بنت الهدی صدر اردبیل/ اولویت پذیرش با داوطلبان بومی شهرست انهای شفت، فومن/محل خدمت شفت؛ پذیرش دانشجو‌معلم با تعهد خدمت؛ ضوابط بخش فرهنگیان دفترچه,1402-humanities-booklet,366,1402-humanities-booklet,366,کدرشته‌محل منبع: 52224؛ عنوان رشته در منبع: آموزش ابتدایی؛ نحوه پذیرش: با آزمون (بخش دانشجو‌معلم)؛ استان در این ردیف مربوط به بومی‌گزینی/محل خدمت است
1402,آموزش ابتدایی,دانشگاه فرهنگیان,پردیس بنت الهدی صدر اردبیل,گیلان,در جدول ذکر نشده,,تعهد خدمت,1,زن,در جدول ذکر نشده,ادامه مخصوص داوطلبان بومی استان گیلان؛ پردیس بنت الهدی صدر اردبیل/ اولویت پذیرش با داوطلبان بومی شهرستان رودبار/محل خدمت رحمت آبادبلوکات؛ پذیرش دانشجو‌معلم با تعهد خدمت؛ ضوابط بخش فرهنگیان دفترچه,1402-humanities-booklet,366,1402-humanities-booklet,366,کدرشته‌محل منبع: 52225؛ عنوان رشته در منبع: آموزش ابتدایی؛ نحوه پذیرش: با آزمون (بخش دانشجو‌معلم)؛ استان در این ردیف مربوط به بومی‌گزینی/محل خدمت است
1402,آموزش ابتدایی,دانشگاه فرهنگیان,پردیس بنت الهدی صدر اردبیل,گیلان,در جدول ذکر نشده,,تعهد خدمت,1,زن,در جدول ذکر نشده,ادامه مخصوص داوطلبان بومی استان گیلان؛ پردیس بنت الهدی صدر اردبیل/ اولویت پذیرش با داوطلبان بومی شهرستان رودبار/مح ل خدمت رودبارگیلان؛ پذیرش دانشجو‌معلم با تعهد خدمت؛ ضوابط بخش فرهنگیان دفترچه,1402-humanities-booklet,366,1402-humanities-booklet,366,کدرشته‌محل منبع: 52226؛ عنوان رشته در منبع: آموزش ابتدایی؛ نحوه پذیرش: با آزمون (بخش دانشجو‌معلم)؛ استان در این ردیف مربوط به بومی‌گزینی/محل خدمت است
1402,آموزش ابتدایی,دانشگاه فرهنگیان,پردیس بنت الهدی صدر اردبیل,گیلان,در جدول ذکر نشده,,تعهد خدمت,1,زن,در جدول ذکر نشده,ادامه مخصوص داوطلبان بومی استان گیلان؛ پردیس بنت الهدی صدر اردبیل/ اولویت پذیرش با داوطلبان بومی شهرستان رودسر/محل خدمت رحیم آباد؛ پذیرش دانشجو‌معلم با تعهد خدمت؛ ضوابط بخش فرهنگیان دفترچه,1402-humanities-booklet,366,1402-humanities-booklet,366,کدرشته‌محل منبع: 52227؛ عنوان رشته در منبع: آموزش ابتدایی؛ نحوه پذیرش: با آزمون (بخش دانشجو‌معلم)؛ استان در این ردیف مربوط به بومی‌گزینی/محل خدمت است
1402,آموزش ابتدایی,دانشگاه فرهنگیان,پردیس بنت الهدی صدر اردبیل,گیلان,در جدول ذکر نشده,,تعهد خدمت,1,زن,در جدول ذکر نشده,ادامه مخصوص داوطلبان بومی استان گیلان؛ پردیس بنت الهدی صدر اردبیل/ اولویت پذیرش با داوطلبان بومی شهرستان رودسر/محل خدمت رودسر؛ پذیرش دانشجو‌معلم با تعهد خدمت؛ ضوابط بخش فرهنگیان دفترچه,1402-humanities-booklet,366,1402-humanities-booklet,366,کدرشته‌محل منبع: 52228؛ عنوان رشته در منبع: آموزش ابتدایی؛ نحوه پذیرش: با آزمون (بخش دانشجو‌معلم)؛ استان در این ردیف مربوط به بومی‌گزینی/محل خدمت است
1402,آموزش ابتدایی,دانشگاه فرهنگیان,پردیس بنت الهدی صدر اردبیل,گیلان,در جدول ذکر نشده,,تعهد خدمت,1,زن,در جدول ذکر نشده,ادامه مخصوص داوطلبان بومی استان گیلان؛ پردیس بنت الهدی صدر اردبیل/ اولویت پذیرش با داوطلبان بومی شهرستانهای آستانه اشرفیه/محل خدمت بندرکیاشهر؛ پذیرش دانشجو‌معلم با تعهد خدمت؛ ضوابط بخش فرهنگیان دفترچه,1402-humanities-booklet,366,1402-humanities-booklet,366,کدرشته‌محل منبع: 52229؛ عنوان رشته در منبع: آموزش ابتدایی؛ نحوه پذیرش: با آزمون (بخش دانشجو‌معلم)؛ استان در این ردیف مربوط به بومی‌گزینی/محل خدمت است
1402,آموزش ابتدایی,دانشگاه فرهنگیان,پردیس بنت الهدی صدر اردبیل,گیلان,در جدول ذکر نشده,,تعهد خدمت,1,زن,در جدول ذکر نشده,ادامه مخصوص داوطلبان بومی استان گیلان؛ پردیس بنت الهدی صدر اردبیل/ اولویت پذیرش با داوطلبان بومی شهرستانهای آستانه اشرفیه/محل خدمت آستانه اشرفی ه؛ پذیرش دانشجو‌معلم با تعهد خدمت؛ ضوابط بخش فرهنگیان دفترچه,1402-humanities-booklet,366,1402-humanities-booklet,366,کدرشته‌محل منبع: 52230؛ عنوان رشته در منبع: آموزش ابتدایی؛ نحوه پذیرش: با آزمون (بخش دانشجو‌معلم)؛ استان در این ردیف مربوط به بومی‌گزینی/محل خدمت است
1402,آموزش ابتدایی,دانشگاه فرهنگیان,پردیس بنت الهدی صدر اردبیل,گیلان,در جدول ذکر نشده,,تعهد خدمت,1,زن,در جدول ذکر نشده,ادامه مخصوص داوطلبان بومی استان گیلان؛ پردیس بنت الهدی صدر اردبیل/ اولویت پذیرش با داوطلبان بومی شهرستانهای لنگرود، املش/محل خدمت املش؛ پذیرش دانشجو‌معلم با تعهد خدمت؛ ضوابط بخش فرهنگیان دفترچه,1402-humanities-booklet,366,1402-humanities-booklet,366,کدرشته‌محل منبع: 52231؛ عنوان رشته در منبع: آموزش ابتدایی؛ نحوه پذیرش: با آزمون (بخش دانشجو‌معلم)؛ استان در این ردیف مربوط به بومی‌گزینی/محل خدمت است
1402,آموزش ابتدایی,دانشگاه فرهنگیان,پردیس علامه طباطبایی اردبیل,گیلان,در جدول ذکر نشده,,تعهد خدمت,1,مرد,در جدول ذکر نشده,ادامه مخصوص داوطلبان بومی استان گیلان؛ پردیس علامه طباطبایی اردبیل/ اولویت پذیرش با داوطلبان بومی شهرستانهای لنگرود، املش/محل خدمت املش؛ پذیرش دانشجو‌معلم با تعهد خدمت؛ ضوابط بخش فرهنگیان دفترچه,1402-humanities-booklet,366,1402-humanities-booklet,366,کدرشته‌محل منبع: 52232؛ عنوان رشته در منبع: آم وزش ابتدایی؛ نحوه پذیرش: با آزمون (بخش دانشجو‌معلم)؛ استان در این ردیف مربوط به بومی‌گزینی/محل خدمت است
1402,آموزش ابتدایی,دانشگاه فرهنگیان,پردیس علامه طباطبایی اردبیل,گیلان,در جدول ذکر نشده,,تعهد خدمت,1,مرد,در جدول ذکر نشده,ادامه مخصوص داوطلبان بومی استان گیلان؛ پردیس علامه طباطبایی اردبیل/ اولویت پذیرش با داوطلبان بومی شهرستان آستارا/محل خدمت آستارا؛ پذیرش دانشجو‌معلم با تعهد خدمت؛ ضوابط بخش فرهنگیان دفترچه,1402-humanities-booklet,366,1402-humanities-booklet,366,کدرشته‌محل منبع: 52233؛ عنوان رشته در منبع: آموزش ابتدایی؛ نحوه پذیرش: با آزمون (بخش دانشجو‌معلم)؛ استان در این ردیف مربوط به بومی‌گزینی/محل خدمت است
1402,آموزش ابتدایی,دانشگاه فرهنگیان,پردیس علامه طباطبایی اردبیل,گیلان,در جدول ذکر نشده,,تعهد خدمت,1,مرد,در جدول ذکر نشده,ادامه مخصوص داوطلبان بومی استان گیلان؛ پردیس علامه طباطبایی اردبیل/ اولویت پذیرش با داوطلبان بومی شهرستانهای آستانه اشرفیه/محل خدمت آستانه اشرفیه؛ پذیرش دانشجو‌معلم با تعهد خدمت؛ ضوابط بخش فرهنگیان دفترچه,1402-humanities-booklet,366,1402-humanities-booklet,366,کدرشته‌محل منبع: 52234؛ عنوان رشته در منبع: آموزش ا بتدایی؛ نحوه پذیرش: با آزمون (بخش دانشجو‌معلم)؛ استان در این ردیف مربوط به بومی‌گزینی/محل خدمت است
1402,آموزش ابتدایی,دانشگاه فرهنگیان,،پردیس علامه طباطبایی اردبیل,گیلان,در جدول ذکر نشده,,تعهد خدمت,1,مرد,در جدول ذکر نشده,ادامه مخصوص داوطلبان بومی استان گیلان؛ ،پردیس علامه طباطبایی اردبیل/ اولویت پذیرش با داوطلبان بومی شهرستانهای لاهیجان سیاهکل/محل خدمت دیلمان؛ پذیرش دانشجو‌معلم با تعهد خدمت؛ ضوابط بخش فرهنگیان دفترچه,1402-humanities-booklet,366,1402-humanities-booklet,366,کدرشته‌محل منبع: 52235؛ عنوان رشته در منبع: آموزش ابتدایی؛ نحوه پذیرش: با آزمون (بخش دانشجو‌معلم)؛ استان در این ردیف مربوط به بومی‌گزینی/محل خدمت است
1402,آموزش ابتدایی,دانشگاه فرهنگیان,،پردیس علامه طباطبایی اردبیل,گیلان,در جدول ذکر نشده,,تعهد خدمت,1,مرد,در جدول ذکر نشده,ادامه مخصوص داوطلبان بومی استان گیلان؛ ،پردیس علامه طباطبایی اردبیل/ اولویت پذیرش با داوطلبان بومی شهرستانهای بندر انزلی رضوانشهر/محل خدمت رضوانشهر؛ پذیرش دانشجو‌معلم با تعهد خدمت؛ ضوابط بخش فرهنگیان دفترچه,1402-humanities-booklet,366,1402-humanities-booklet,366,کدرشته‌محل منبع: 52236؛ عنوان رشته در منبع: آموزش ابتدایی؛ نحوه پذیرش: با آزمون (بخش دانشجو‌معلم)؛ استان در این ردیف مربوط به بومی‌گزینی/محل خدمت است
1402,آموزش ابتدایی,دانشگاه فرهنگیان,پردیس علامه طباطبایی اردبیل,گیلان,در جدول ذکر نشده,,تعهد خدمت,1,مرد,در جدول ذکر نشده,ادامه مخصوص داوطلبان بومی استان گیلان؛ پردیس علامه طباطبایی اردبیل/ اولویت پذیرش با داوطلبان بومی شهرستان رودسر/محل خدمت رحیم آباد؛ پذیرش دانشجو‌معلم با تعهد خدمت؛ ضوابط بخش فرهنگیان دفترچه,1402-humanities-booklet,366,1402-humanities-booklet,366,کدرشته‌محل منبع: 52237؛ عنوان رشته در منبع: آموزش ابتدایی؛ نحوه پذیرش: با آزمون (بخش دانشجو‌معلم)؛ استان در این ردیف مربوط به بومی‌گزینی/محل خدمت است
1402,آموزش ابتدایی,دانشگاه فرهنگیان,پردیس علامه طباطبایی اردبیل,گیلان,در جدول ذکر نشده,,تعهد خدمت,1,مرد,در جدول ذکر نشده,ادامه مخصوص داوطلبان بومی استان گیلان؛ پردیس علامه طباطبایی اردبیل/ اولویت پذیرش با داوطلبان بومی شهرستان رودبار/محل خدمت رحمت آبادبلوکات؛ پذیرش دانشجو‌معلم با تعهد خدمت؛ ضوابط بخش فرهنگیان دفترچه,1402-humanities-booklet,366,1402-humanities-booklet,366,کدرشته‌محل منبع: 52238؛ عنوان رشته در منبع: آموزش ابت دایی؛ نحوه پذیرش: با آزمون (بخش دانشجو‌معلم)؛ استان در این ردیف مربوط به بومی‌گزینی/محل خدمت است
1402,آموزش ابتدایی,دانشگاه فرهنگیان,پردیس علامه طباطبایی اردبیل,گیلان,در جدول ذکر نشده,,تعهد خدمت,1,مرد,در جدول ذکر نشده,ادامه مخصوص داوطلبان بومی استان گیلان؛ پردیس علامه طباطبایی اردبیل/ اولویت پذیرش با داوطلبان بومی شهرستان رودبار/محل خدمت رودبارگیلان؛ پذیرش دانشجو‌معلم با تعهد خدمت؛ ضوابط بخش فرهنگیان دفترچه,1402-humanities-booklet,366,1402-humanities-booklet,366,کدرشته‌محل منبع: 52239؛ عنوان رشته در منبع: آموزش ابتدایی؛ نحوه پذیرش: با آزمون (بخش دانشجو‌معلم)؛ استان در این ردیف مربوط به بومی‌گزینی/محل خدمت است
1402,آموزش ابتدایی,دانشگاه فرهنگیان,پردیس علامه طباطبایی اردبیل,گیلان,در جدول ذکر نشده,,تعهد خدمت,1,مرد,در جدول ذکر نشده,ادامه مخصوص داوطلبان بومی استان گیلان؛ پردیس علامه طباطبایی اردبیل/ اولویت پذیرش با داوطلبان بومی شهرستانهای شفت، فومن/محل خدمت شفت؛ پذیرش دانشجو‌معلم با تعهد خدمت؛ ضوابط بخش فرهنگیان دفترچه,1402-humanities-booklet,366,1402-humanities-booklet,366,کدرشته‌محل منبع: 52240؛ عنوان رشته در منبع: آموزش ابتدایی؛ نحوه پذیرش: با آزمون (بخش دانشجو‌معلم)؛ استان در این ردیف مربوط به بومی‌گزینی/محل خدمت است
1402,آموزش ابتدایی,دانشگاه فرهنگیان,پردیس آیت اله کمالوند خرم ،آباد,لرستان,در جدول ذکر نشده,,تعهد خدمت,2,زن,در جدول ذکر نشده,ادامه مخصوص داوطلبان بومی استان لرستان؛ پردیس آیت اله کمالوند خرم ،آباد/ اولویت پذیرش با داوطلبان بومی شهرستانهای ازنا، بروجرد الیگودرز، درود/محل خدمت بروجرد؛ پذیرش دانشجو‌معلم با تعهد خدمت؛ ضوابط بخش فرهنگیان دفترچه,1402-humanities-booklet,372,1402-humanities-booklet,372,کدرشته‌محل منبع: 52277؛ عنوان رشته در منبع: آموزش ابتدایی؛ نحوه پذیرش: با آزمون (بخش دانشجو‌معلم)؛ استان در این ردیف مربوط به بومی‌گزینی/محل خدمت است
1402,آموزش ابتدایی,دانشگاه فرهنگیان,پردیس آیت اله کمالوند خرم ش آباد,لرستان,در جدول ذکر نشده,,تعهد خدمت,1,زن,در جدول ذکر نشده,ادامه مخصوص داوطلبان بومی استان لرستان؛ پردیس آیت اله کمالوند خرم ش آباد/ اولویت پذیرش با داوطلبان بومی هرستانهای ازنا، بروجرد، الیگودرز، درود/محل خدمت دورود؛ پذیرش دانشجو‌معلم با تعهد خدمت؛ ضوابط بخش فرهنگیان دفترچه,1402-humanities-booklet,372,1402-humanities-booklet,372,کدرشته‌محل منبع: 52278؛ عنوان رشته در منبع: آموزش ابتدایی؛ نحوه پذیرش: با آزمون (بخش دانشجو‌معلم)؛ استان در این ردیف مربوط به بومی‌گزینی/محل خدمت است
1402,آموزش ابتدایی,دانشگاه فرهنگیان,پردیس آیت اله کمالوند خرم ،آباد,لرستان,در جدول ذکر نشده,,تعهد خدمت,1,زن,در جدول ذکر نشده,ادامه مخصوص داوطلبان بومی استان لرستان؛ پردیس آیت اله کمالوند خرم ،آباد/ اولویت پذیرش با داوطلبان بومی شهرستانهای ازنا، بروجرد الیگودرز، درود/محل خدمت اشترینان؛ پذیرش دانشجو‌معلم با تعهد خدمت؛ ضوابط بخش فرهنگیان دفترچه,1402-humanities-booklet,372,1402-humanities-booklet,372,کدرشته‌محل منبع: 52279؛ عنوان رشته در منبع: آموزش ابتدایی؛ نحوه پذیرش: با آزمون (بخش دانشجو‌معلم)؛ استان در این ردیف مربوط به بومی‌گزینی/محل خدمت است
1402,آموزش ابتدایی,دانشگاه فرهنگیان,پردیس آیت اله کمالوند خرم آباد ,لرستان,در جدول ذکر نشده,,تعهد خدمت,6,زن,در جدول ذکر نشده,ادامه مخصوص داوطلبان بومی استان لرستان؛ پردیس آیت اله کمالوند خرم آباد / اولویت پذیرش با داوطلبان بومی شهرستانهای ازنا، بروجرد، الیگودرز، درود/محل خدمت ازنا؛ پذیرش دانشجو‌معلم با تعهد خدمت؛ ضوابط بخش فرهنگیان دفترچه,1402-humanities-booklet,372,1402-humanities-booklet,372,کدرشته‌محل منبع: 52280؛ عنوان رشته در منبع: آموزش ابتدایی؛ نحوه پذیرش: با آزمون (بخش دانشجو‌معلم)؛ استان در این ردیف مربوط به بومی‌گزینی/محل خدمت است
1402,آموزش ابتدایی,دانشگاه فرهنگیان,پردیس آیت اله کمالوند خرم ،آباد,لرستان,در جدول ذکر نشده,,تعهد خدمت,1,زن,در جدول ذکر نشده,ادامه مخصوص داوطلبان بومی استان لرستان؛ پردیس آیت اله کمالوند خرم ،آباد/ اولویت پذیرش با داوطلبان بومی شهرستانهای ازنا، بروجرد الیگودرز، درود/محل خدمت سیلاخور؛ پذیرش دانشجو‌معلم با تعهد خدمت؛ ضوابط بخش فرهنگیان دفترچه,1402-humanities-booklet,372,1402-humanities-booklet,372,کدرشته‌محل منبع: 52281؛ عنوان رشته در منبع: آموزش ابتدایی؛ نحوه پذیرش: با آزمون (بخش دانشجو‌معلم)؛ استان در این ردیف مربوط به بومی‌گزینی/محل خدمت است
1402,آموزش ابتدایی,دانشگاه فرهنگیان,پردیس آیت اله کمالوند خرم ،آباد,لرستان,در جدول ذکر نشده,,تعهد خدمت,5,زن,در جدول ذکر نشده,ادامه مخصوص داوطلبان بومی استان لرستان؛ پردیس آیت اله کمالوند خرم ،آباد/ اولویت پذیرش با داوطلبان بومی شهرستانهای خرم آباد چگنی/محل خدمت خرم آباد.ناحیه1؛ پذیرش دانشجو‌معلم با تعهد خدمت؛ ضوابط بخش فرهنگیان دفترچه,1402-humanities-booklet,372,1402-humanities-booklet,372,کدرشته‌محل منبع: 52282؛ عنوان رشته در منبع: آموزش ابتدایی؛ نحوه پذیرش: با آزمون (بخش دانشجو‌معلم)؛ استان در این ردیف مربوط به بومی‌گزینی/محل خدمت است
1402,آموزش ابتدایی,دانشگاه فرهنگیان,پردیس آیت اله کمالوند خرم ،آباد,لرستان,در جدول ذکر نشده,,تعهد خدمت,3,زن,در جدول ذکر نشده,ادامه مخصوص داوطلبان بومی استان لرستان؛ پردیس آیت اله کمالوند خرم ،آباد/ اولویت پذیرش با داوطلبان بومی شهرستانهای خرم آباد چگنی/محل خدمت خرم آباد.ناحیه2؛ پذیرش دانشجو‌معلم با تعهد خدمت؛ ضوابط بخش فرهنگیان دفترچه,1402-humanities-booklet,372,1402-humanities-booklet,372,کدرشته‌محل منبع: 52283؛ عنوان رشته در منبع: آموزش ابتدایی؛ نحوه پذیرش: با آزمون (بخش دانشجو‌معلم)؛ استان در این ردیف مربوط به بومی‌گزینی/محل خدمت است
1402,آموزش ابتدایی,دانشگاه فرهنگیان,پردیس آیت اله کمالوند خرم آباد,لرستان,در جدول ذکر نشده,,تعهد خدمت,1,زن,در جدول ذکر نشده,ادامه مخصوص داوطلبان بومی استان لرستان؛ پردیس آیت اله کمالوند خرم آباد/ اولویت پذیرش با داوطلبان بومی شهرستان سلسله، دلفان/محل خدمت الشتر؛ پذیرش دانشجو‌معلم با تعهد خدمت؛ ضوابط بخش فرهنگیان دفترچه,1402-humanities-booklet,372,1402-humanities-booklet,372,کدرشته‌محل منبع: 52284؛ عنوان رشته در منبع: آموزش ابتدایی؛ نحوه پذیرش: با آزمون (بخش دانشجو‌معلم)؛ استان در این ردیف مربوط به بومی‌گزینی/محل خدمت است
1402,آموزش ابتدایی,دانشگاه فرهنگیان,،پردیس علامه طباطبایی خرم آباد,لرستان,در جدول ذکر نشده,,تعهد خدمت,1,مرد,در جدول ذکر نشده,ادامه مخصوص داوطلبان بومی استان لرستان؛ ،پردیس علامه طباطبایی خرم آباد/ اولویت پذیرش با داوطلبان بومی شهرستانهای خرم آباد چگنی/محل خدمت چگنی؛ پذیرش دانشجو‌معلم با تعهد خدمت؛ ضوابط بخش فرهنگیان دفترچه,1402-humanities-booklet,372,1402-humanities-booklet,372,کدرشته‌محل منبع: 52285؛ عنوان رشته در منبع: آموزش ابتدایی؛ نحوه پذیرش: با آزمون (بخش دانشجو‌معلم)؛ استان در این ردیف مربوط به بومی‌گزینی/محل خدمت است
1402,آموزش ابتدایی,دانشگاه فرهنگیان,،پردیس علامه طباطبایی خرم آباد,لرستان,در جدول ذکر نشده,,تعهد خدمت,1,مرد,در جدول ذکر نشده,ادامه مخصوص داوطلبان بومی استان لرستان؛ ،پردیس علامه طباطبایی خرم آباد/ اولویت پذیرش با داوطلبان بومی شهرستانهای خرم آباد ( چگنی/محل خدمت پاپی )راه آهن؛ پذیرش دانشجو‌معلم با تعهد خدمت؛ ضوابط بخش فرهنگیان دفترچه,1402-humanities-booklet,372,1402-humanities-booklet,372,کدرشته‌محل منبع: 52286؛ عنوان رشته در منبع: آموزش ابتدایی؛ نحوه پذیرش: با آزمون (بخش دانشجو‌معلم)؛ استان در این ردیف مربوط به بومی‌گزینی/محل خدمت است
1402,آموزش ابتدایی,دانشگاه فرهنگیان,،پردیس علامه طباطبایی خرم آباد,لرستان,در جدول ذکر نشده,,تعهد خدمت,1,مرد,در جدول ذکر نشده,ادامه مخصوص داوطلبان بومی استان لرستان؛ ،پردیس علامه طباطبایی خرم آباد/ اولویت پذیرش با داوطلبان بومی شهرستانهای خرم آباد چگنی/محل خدمت چغلوندی؛ پذیرش دانشجو‌معلم با تعهد خدمت؛ ضوابط بخش فرهنگیان دفترچه,1402-humanities-booklet,372,1402-humanities-booklet,372,کدرشته‌محل منبع: 52287؛ عنوان رشته در منبع: آموزش ابتدایی؛ نحوه پذیرش: با آزمون (بخش دانشجو‌معلم)؛ استان در این ردیف مربوط به بومی‌گزینی/محل خدمت است
1402,آموزش ابتدایی,دانشگاه فرهنگیان,،پردیس علامه طباطبایی خرم آباد,لرستان,در جدول ذکر نشده,,تعهد خدمت,1,مرد,در جدول ذکر نشده,ادامه مخصوص داوطلبان بومی استان لرستان؛ ،پردیس علامه طباطبایی خرم آباد/ اولویت پذیرش با داوطلبان بومی شهرستانهای پلدختر کوهدشت، رومشگان/محل خدمت رومشگان؛ پذیرش دانشجو‌معلم با تعهد خدمت؛ ضوابط بخش فرهنگیان دفترچه,1402-humanities-booklet,372,1402-humanities-booklet,372,کدرشته‌محل منبع: 52288؛ عنوان رشته در منبع: آموزش ابتدایی؛ نحوه پذیرش: با آزمون (بخش دانشجو‌معلم)؛ استان در این ردیف مربوط به بومی‌گزینی/محل خدمت است
1402,آموزش ابتدایی,دانشگاه فرهنگیان,،پردیس علامه طباطبایی خرم آباد,لرستان,در جدول ذکر نشده,,تعهد خدمت,1,مرد,در جدول ذکر نشده,ادامه مخصوص داوطلبان بومی استان لرستان؛ ،پردیس علامه طباطبایی خرم آباد/ اولویت پذیرش با داوطلبان بومی شهرستانهای پلدختر ک وهدشت، رومشگان/محل خدمت معمولان؛ پذیرش دانشجو‌معلم با تعهد خدمت؛ ضوابط بخش فرهنگیان دفترچه,1402-humanities-booklet,372,1402-humanities-booklet,372,کدرشته‌محل منبع: 52289؛ عنوان رشته در منبع: آموزش ابتدایی؛ نحوه پذیرش: با آزمون (بخش دانشجو‌معلم)؛ استان در این ردیف مربوط به بومی‌گزینی/محل خدمت است
1402,آموزش ابتدایی,دانشگاه فرهنگیان,پردیس علامه طباطبایی خرم آباد,لرستان,در جدول ذکر نشده,,تعهد خدمت,1,مرد,در جدول ذکر نشده,ادامه مخصوص داوطلبان بومی استان لرستان؛ پردیس علامه طباطبایی خرم آباد/ اولویت پذیرش با داوطلبان بومی شهرستان سلسله، دلفان/محل خدمت الشتر؛ پذیرش دانشجو‌معلم با تعهد خدمت؛ ضوابط بخش فرهنگیان دفترچه,1402-humanities-booklet,372,1402-humanities-booklet,372,کدرشته‌محل منبع: 52290؛ عنوان رشته در منبع: آموزش ابتدایی؛ نحوه پذیرش: با آزمون (بخش دانشجو‌معلم)؛ استان در این ردیف مربوط به بومی‌گزینی/محل خدمت است
1402,آموزش ابتدایی,دانشگاه فرهنگیان,پردیس علامه طباطبایی خرم آباد,لرستان,در جدول ذکر نشده,,تعهد خدمت,1,مرد,در جدول ذکر نشده,ادامه مخصوص داوطلبان بومی استان لرستان؛ پردیس علامه طباطبایی خرم آباد/ اولویت پذیرش با داوطلبان بومی شهرستانهای ا زنا، بروجرد، الیگودرز، درود/محل خدمت اشترینان؛ پذیرش دانشجو‌معلم با تعهد خدمت؛ ضوابط بخش فرهنگیان دفترچه,1402-humanities-booklet,372,1402-humanities-booklet,372,کدرشته‌محل منبع: 52291؛ عنوان رشته در منبع: آموزش ابتدایی؛ نحوه پذیرش: با آزمون (بخش دانشجو‌معلم)؛ استان در این ردیف مربوط به بومی‌گزینی/محل خدمت است
1402,آموزش ابتدایی,دانشگاه فرهنگیان,،پردیس علامه طباطبایی خرم آباد,لرستان,در جدول ذکر نشده,,تعهد خدمت,5,مرد,در جدول ذکر نشده,ادامه مخصوص داوطلبان بومی استان لرستان؛ ،پردیس علامه طباطبایی خرم آباد/ اولویت پذیرش با داوطلبان بومی شهرستانهای ازنا، بروجرد الیگودرز، درود/محل خدمت ازنا؛ پذیرش دانشجو‌معلم با تعهد خدمت؛ ضوابط بخش فرهنگیان دفترچه,1402-humanities-booklet,372,1402-humanities-booklet,372,کدرشته‌محل منبع: 52292؛ عنوان رشته در منبع: آموزش ابتدایی؛ نحوه پذیرش: با آزمون (بخش دانشجو‌معلم)؛ استان در این ردیف مربوط به بومی‌گزینی/محل خدمت است
1402,آموزش ابتدایی,دانشگاه فرهنگیان,پردیس علامه طباطبایی خرم آباد,لرستان,در جدول ذکر نشده,,تعهد خدمت,1,مرد,در جدول ذکر نشده,ادامه مخصوص داوطلبان بومی استان لرستان؛ پردیس علامه طباطبایی خرم آباد/ اولویت پذی رش با داوطلبان بومی شهرستانهای ازنا، بروجرد، الیگودرز، درود/محل خدمت سیلاخور؛ پذیرش دانشجو‌معلم با تعهد خدمت؛ ضوابط بخش فرهنگیان دفترچه,1402-humanities-booklet,372,1402-humanities-booklet,372,کدرشته‌محل منبع: 52293؛ عنوان رشته در منبع: آموزش ابتدایی؛ نحوه پذیرش: با آزمون (بخش دانشجو‌معلم)؛ استان در این ردیف مربوط به بومی‌گزینی/محل خدمت است
1402,آموزش ابتدایی,دانشگاه فرهنگیان,،پردیس علامه طباطبایی خرم آباد,لرستان,در جدول ذکر نشده,,تعهد خدمت,1,مرد,در جدول ذکر نشده,ادامه مخصوص داوطلبان بومی استان لرستان؛ ،پردیس علامه طباطبایی خرم آباد/ اولویت پذیرش با داوطلبان بومی شهرستانهای ازنا، بروجرد الیگودرز، درود/محل خدمت ززوماهرو؛ پذیرش دانشجو‌معلم با تعهد خدمت؛ ضوابط بخش فرهنگیان دفترچه,1402-humanities-booklet,372,1402-humanities-booklet,372,کدرشته‌محل منبع: 52294؛ عنوان رشته در منبع: آموزش ابتدایی؛ نحوه پذیرش: با آزمون (بخش دانشجو‌معلم)؛ استان در این ردیف مربوط به بومی‌گزینی/محل خدمت است
1402,آموزش ابتدایی,دانشگاه فرهنگیان,پر دیس دکتر شریعتی ساری )مرکز آموزش عالی شهید مطهری نوشهر(,مازندران,در جدول ذکر نشده,,تعهد خدمت,4,مرد,در جدول ذکر نشده,ادامه مخصوص داوطلبان بومی استان مازندران؛ پر دیس دکتر شریعتی ساری )مرکز آموزش عالی شهید مطهری نوشهر(/ اولویت پذیرش با داوطلبان بومی شهرستان های آمل، محمودآباد، فریدون کنار، نور/محل خدمت آمل؛ پذیرش دانشجو‌معلم با تعهد خدمت؛ ضوابط بخش فرهنگیان دفترچه,1402-humanities-booklet,380,1402-humanities-booklet,380,کدرشته‌محل منبع: 52319؛ عنوان رشته در منبع: آموزش ابتدایی؛ نحوه پذیرش: با آزمون (بخش دانشجو‌معلم)؛ استان در این ردیف مربوط به بومی‌گزینی/محل خدمت است
1402,آموزش ابتدایی,دانشگاه فرهنگیان,پردیس دکتر شریعتی ساری )مرکز آموزش عالی شهید مطهری نوشهر(,مازندران,در جدول ذکر نشده,,تعهد خدمت,1,مرد,در جدول ذکر نشده,ادامه مخصوص داوطلبان بومی استان مازندران؛ پردیس دکتر شریعتی ساری )مرکز آموزش عالی شهید مطهری نوشهر(/ اولویت پذیرش با داوطلبان بومی شهرستان های آمل، محمودآباد، فریدون کنار، نور/محل خدمت محمود آباد؛ پذیرش دانشجو‌معلم با تعهد خدمت؛ ضوابط بخش فرهنگیان دفترچه,1402-humanities-booklet,380,1402-humanities-booklet,380,کدرشته‌محل منبع: 52320؛ عنوان رشته در منبع: آموزش ابتدایی؛ نحوه پذیرش: با آزمون (بخش دانشجو‌معلم)؛ استان در این ردیف مربوط به بومی‌گزینی/محل خدمت است
1402,آموزش ابتدایی,دانشگاه فرهنگیان,پردیس دکتر شریعتی ساری )مرکز آموزش عالی شهید مطهری نوشهر(,مازندران,در جدول ذکر نشده,,تعهد خدمت,1,مرد,در جدول ذکر نشده,ادامه مخصوص داوطلبان بومی استان مازندران؛ پردیس دکتر شریعتی ساری )مرکز آموزش عالی شهید مطهری نوشهر(/ اولویت پذیرش با داوطلبان بومی شهرستان های آمل، محمودآباد، فریدون کنار، نور/محل خدمت نور؛ پذیرش دانشجو‌معلم با تعهد خدمت؛ ضوابط بخش فرهنگیان دفترچه,1402-humanities-booklet,380,1402-humanities-booklet,380,کدرشته‌محل منبع: 52321؛ عنوان رشته در منبع: آموزش ابتدایی؛ نحوه پذیرش: با آزمون (بخش دانشجو‌معلم)؛ استان در این ردیف مربوط به بومی‌گزینی/محل خدمت است
1402,آموزش ابتدایی,دانشگاه فرهنگیان,پردیس دکتر شریعتی ساری )مرکز آموزش عالی شهید مطهری نوشهر(,مازندران,در جدول ذکر نشده,,تعهد خدمت,1,مرد,در جدول ذکر نشده,ادامه مخصوص داوطلبان بومی استان مازندران؛ پردیس دکتر شریعتی ساری )مرکز آموزش عالی شهید مطهری نوشهر(/ اولویت پذیرش با داوطلبان بومی شهرستان های آمل، محمودآباد، فریدون کنار، نور/محل خدمت چمستان؛ پذیرش دانشجو‌معلم با تعهد خدمت؛ ضوابط بخش فرهنگیان دفترچه,1402-humanities-booklet,380,1402-humanities-booklet,380,کدرشته‌محل منبع: 52322؛ عنوان رشته در منبع: آموزش ابتدایی؛ نحوه پذیرش: با آزمون (بخش دانشجو‌معلم)؛ استان در این ردیف مربوط به بومی‌گزینی/محل خدمت است
1402,آموزش ابتدایی,دانشگاه فرهنگیان,پردیس دکتر شریعتی ساری )مرکز آموزش عالی شهید مطهری نوشهر(,مازندران,در جدول ذکر نشده,,تعهد خدمت,1,مرد,در جدول ذکر نشده,ادامه مخصوص داوطلبان بومی استان مازندران؛ پردیس دکتر شریعتی ساری )مرکز آموزش عالی شهید مطهری نوشهر(/ اولوی ت پذیرش با داوطلبان بومی شهرستان های آمل، محمودآباد، فریدون کنار، نور/محل خدمت فریدون کنار؛ پذیرش دانشجو‌معلم با تعهد خدمت؛ ضوابط بخش فرهنگیان دفترچه,1402-humanities-booklet,380,1402-humanities-booklet,380,کدرشته‌محل منبع: 52323؛ عنوان رشته در منبع: آموزش ابتدایی؛ نحوه پذیرش: با آزمون (بخش دانشجو‌معلم)؛ استان در این ردیف مربوط به بومی‌گزینی/محل خدمت است
1402,آموزش ابتدایی,دانشگاه فرهنگیان,،پردیس دکتر شریعتی ساری,مازندران,در جدول ذکر نشده,,تعهد خدمت,1,مرد,در جدول ذکر نشده,ادامه مخصوص داوطلبان بومی استان مازندران؛ ،پردیس دکتر شریعتی ساری/ اولویت پذیرش با داوطلبان بومی شهرستانهای ساری، میاندرود، نکا بهشهر، گلوگاه/محل خدمت دودانگه؛ پذیرش دانشجو‌معلم با تعهد خدمت؛ ضوابط بخش فرهنگیان دفترچه,1402-humanities-booklet,380,1402-humanities-booklet,380,کدرشته‌محل منبع: 52324؛ عنوان رشته در منبع: آموزش ابتدایی؛ نحوه پذیرش: با آزمون (بخش دانشجو‌معلم)؛ استان در این ردیف مربوط به بومی‌گزینی/محل خدمت است
1402,آموزش ابتدایی,دانشگاه فرهنگیان,،پردیس دکتر شریعتی ساری,مازندران,در جدول ذکر نشده,,تعهد خدمت,1,مرد,در جدول ذکر نشده,ادامه مخصوص داوطلبان بومی استان مازندران؛ ،پردیس دکتر شریعتی ساری/ اولویت پذیرش با داوطلبان بومی شهرستانهای ساری، میاندرود، نکا بهشهر، گلوگاه/محل خدمت میاندرود؛ پذیرش دانشجو‌معلم با تعهد خدمت؛ ضوابط بخش فرهنگیان دفترچه,1402-humanities-booklet,380,1402-humanities-booklet,380,کدرشته‌محل منبع: 52325؛ عنوان رشته در منبع: آموزش ابتدایی؛ نحوه پذیرش: با آزمون (بخش دانشجو‌معلم)؛ استان در این ردیف مربوط به بومی‌گزینی/محل خدمت است
1402,آموزش ابتدایی,دانشگاه فرهنگیان,،پردیس دکتر شریعتی ساری,مازندران,در جدول ذکر نشده,,تعهد خدمت,1,مرد,در جدول ذکر نشده,ادامه مخصوص داوطلبان بومی استان مازندران؛ ،پردیس دکتر شریعتی ساری/ اولویت پذیرش با داوطلبان بومی شهرستانهای ساری، میاندرود، نکا خ بهشهر، گلوگاه/محل دمت گلوگاه؛ پذیرش دانشجو‌معلم با تعهد خدمت؛ ضوابط بخش فرهنگیان دفترچه,1402-humanities-booklet,380,1402-humanities-booklet,380,کدرشته‌محل منبع: 52326؛ عنوان رشته در منبع: آموزش ابتدایی؛ نحوه پذیرش: با آزمون (بخش دانشجو‌معلم)؛ استان در این ردیف مربوط به بومی‌گزینی/محل خدمت است
1402,آموزش ابتدایی,دانشگاه فرهنگیان,،پردیس دکتر شریعتی ساری,مازندران,در جدول ذکر نشده,,تعهد خدمت,1,مرد,در جدول ذکر نشده,ادامه مخصوص داوطلبان بومی استان مازندران؛ ،پردیس دکتر شریعتی ساری/ اولویت پذیرش با داوطلبان بومی شهرستانهای ساری، میاندرود، نکا بهشهر، گلوگاه/محل خدمت ساری .ناحیه1؛ پذیرش دانشجو‌معلم با تعهد خدمت؛ ضوابط بخش فرهنگیان دفترچه,1402-humanities-booklet,380,1402-humanities-booklet,380,کدرشته‌محل منبع: 52327؛ عنوان رشته در منبع: آموزش ابتدایی؛ نحوه پذیرش: با آزمون (بخش دانشجو‌معلم)؛ استان در این ردیف مربوط به بومی‌گزینی/محل خدمت است
1402,آموزش ابتدایی,دانشگاه فرهنگیان,پردیس دکتر شریعتی ساری,مازندران,در جدول ذکر نشده,,تعهد خدمت,2,مرد,در جدول ذکر نشده,ادامه مخصوص داوطلبان بومی استان مازندران؛ پردیس دکتر شریعتی ساری/ اولویت پذیرش با داوطلبان بومی شهرستانهای سار ی، میاندرود، نکا، بهشهر، گلوگاه/محل خدمت ساری .ناحیه2؛ پذیرش دانشجو‌معلم با تعهد خدمت؛ ضوابط بخش فرهنگیان دفترچه,1402-humanities-booklet,380,1402-humanities-booklet,380,کدرشته‌محل منبع: 52328؛ عنوان رشته در منبع: آموزش ابتدایی؛ نحوه پذیرش: با آزمون (بخش دانشجو‌معلم)؛ استان در این ردیف مربوط به بومی‌گزینی/محل خدمت است
1402,آموزش ابتدایی,دانشگاه فرهنگیان,پردیس دکتر شریعتی ساری,مازندران,در جدول ذکر نشده,,تعهد خدمت,1,مرد,در جدول ذکر نشده,ادامه مخصوص داوطلبان بومی استان مازندران؛ پردیس دکتر شریعتی ساری/ اولویت پذیرش با داوطلبان بومی شهرستانها ی ساری، میاندرود، نکا، بهشهر، گلوگاه/محل خدمت نکاء؛ پذیرش دانشجو‌معلم با تعهد خدمت؛ ضوابط بخش فرهنگیان دفترچه,1402-humanities-booklet,381,1402-humanities-booklet,381,کدرشته‌محل منبع: 52329؛ عنوان رشته در منبع: آموزش ابتدایی؛ نحوه پذیرش: با آزمون (بخش دانشجو‌معلم)؛ استان در این ردیف مربوط به بومی‌گزینی/محل خدمت است
1402,آموزش ابتدایی,دانشگاه فرهنگیان,،پردیس دکتر شریعتی ساری,مازندران,در جدول ذکر نشده,,تعهد خدمت,2,مرد,در جدول ذکر نشده,ادامه مخصوص داوطلبان بومی استان مازندران؛ ،پردیس دکتر شریعتی ساری/ اولویت پذیرش با داوطلبان بومی شهرستانهای ساری، میاندرود، نکا بهشهر، گلوگاه/محل خدمت بهشهر؛ پذیرش دانشجو‌معلم با تعهد خدمت؛ ضوابط بخش فرهنگیان دفترچه,1402-humanities-booklet,381,1402-humanities-booklet,381,کدرشته‌محل منبع: 52330؛ عنوان رشته در منبع: آموزش ابتدایی؛ نحوه پذیرش: با آزمون (بخش دانشجو‌معلم)؛ استان در این ردیف مربوط به بومی‌گزینی/محل خدمت است
1402,آموزش ابتدایی,دانشگاه فرهنگیان,ع پردیس دکتر شریعتی ساری )مرکز آموزش الی شهید مطهری نوشهر(,مازندران,در جدول ذکر نشده,,تعهد خدمت,1,مرد,در جدول ذکر نشده,ادامه مخصوص داوطلبان بومی استان مازندران؛ ع پردیس دکتر شریعتی ساری )مرکز آموزش الی شهید مطهری نوشهر(/ اولویت پذیرش با داوطلبان بومی شهرستان های چالوس، نوشهر، کلاردشت، تنکابن، رامسر، عباس آباد/محل خدمت مرزن آباد؛ پذیرش دانشجو‌معلم با تعهد خدمت؛ ضوابط بخش فرهنگیان دفترچه,1402-humanities-booklet,381,1402-humanities-booklet,381,کدرشته‌محل منبع: 52331؛ عنوان رشته در منبع: آموزش ابتدایی؛ نحوه پذیرش: با آزمون (بخش دانشجو‌معلم)؛ استان در این ردیف مربوط به بومی‌گزینی/محل خدمت است
1402,آموزش ابتدایی,دانشگاه فرهنگیان,پردیس دکتر شریعتی ساری )مرکز آموزش عالی شهید مطهری نوشهر(,مازندران,در جدول ذکر نشده,,تعهد خدمت,1,مرد,در جدول ذکر نشده,ادامه مخصوص داوطلبان بومی استان مازندران؛ پردیس دکتر شریعتی ساری )مرکز آموزش عالی شهید مطهری نوشهر(/ اولویت پذیرش با داوطلبان بومی شهرستان های چالوس، نوشهر، کلاردشت، تنکابن، رامسر، عباس آباد/محل خدمت رامسر؛ پذیرش دانشجو‌معلم با تعهد خدمت؛ ضوابط بخش فرهنگیان دفترچه,1402-humanities-booklet,381,1402-humanities-booklet,381,کدرشته‌محل منبع: 52332؛ عنوان رشته در منبع: آموزش ابتدایی؛ نحوه پذیرش: با آزمون (بخش دانشجو‌معلم)؛ استان در این ردیف مربوط به بومی‌گزینی/محل خدمت است
1402,آموزش ابتدایی,دانشگاه فرهنگیان,پردیس دکتر شریعتی ساری )مرکز آموزش عالی شهید مطهری نوشهر(,مازندران,در جدول ذکر نشده,,تعهد خدمت,1,مرد,در جدول ذکر نشده,ادامه مخصوص داوطلبان بومی استان مازندران؛ پردیس دکتر شریعتی ساری )مرکز آموزش عالی شهید مطهری نوشهر(/ اولویت پذیرش با داوطلبان بومی شهرستان های چالوس، نوشهر، کلاردشت، تنکابن، رامسر، عباس آباد/محل خدمت عباس آباد؛ پذیرش دانشجو‌معلم با تعهد خدمت؛ ضوابط بخش فرهنگیان دفترچه,1402-humanities-booklet,381,1402-humanities-booklet,381,کدرشته‌محل منبع: 52333؛ عنوان رشته در منبع: آموزش ابتدایی؛ نحوه پذیرش: با آزمون (بخش دانشجو‌معلم)؛ استان در این ردیف مربوط به بومی‌گزینی/محل خدمت است
1402,آموزش ابتدایی,دانشگاه فرهنگیان,پردیس دکتر شریعتی ساری )مرکز آموزش عالی شهید مطهری نوشهر(,مازندران,در جدول ذکر نشده,,تعهد خدمت,1,مرد,در جدول ذکر نشده,ادامه مخصوص داوطلبان بومی استان مازندران؛ پردیس دکتر شریعتی ساری )مرکز آموزش عالی شهید مطهری نوشهر(/ اولویت پذیرش با داوطلبان بومی شهرستان های چالوس، نوشهر، کلاردشت، تنکابن، رامسر، عباس آباد/محل خدمت چالوس؛ پذیرش دانشجو‌معلم با تعهد خدمت؛ ضوابط بخش فرهنگیان دفترچه,1402-humanities-booklet,381,1402-humanities-booklet,381,کدرشته‌محل منبع: 52334؛ عنوان رشته در منبع: آموزش ابتدایی؛ نحوه پذیرش: با آزمون (بخش دانشجو‌معلم)؛ استان در این ردیف مربوط به بومی‌گزینی/محل خدمت است
1402,آموزش ابتدایی,دانشگاه فرهنگیان,پردیس دکتر شریعتی ساری )مرکز آمو زش عالی شهید مطهری نوشهر(,مازندران,در جدول ذکر نشده,,تعهد خدمت,2,مرد,در جدول ذکر نشده,ادامه مخصوص داوطلبان بومی استان مازندران؛ پردیس دکتر شریعتی ساری )مرکز آمو زش عالی شهید مطهری نوشهر(/ اولویت پذیرش با داوطلبان بومی شهرستان های چالوس، نوشهر، کلاردشت، تنکابن، رامسر، عباس آباد/محل خدمت نوشهر؛ پذیرش دانشجو‌معلم با تعهد خدمت؛ ضوابط بخش فرهنگیان دفترچه,1402-humanities-booklet,381,1402-humanities-booklet,381,کدرشته‌محل منبع: 52335؛ عنوان رشته در منبع: آموزش ابتدایی؛ نحوه پذیرش: با آزمون (بخش دانشجو‌معلم)؛ استان در این ردیف مربوط به بومی‌گزینی/محل خدمت است
1402,آموزش ابتدایی,دانشگاه فرهنگیان,پردیس دکتر شریعتی ساری )مرکز آموزش عالی شهید مطهری نوشهر(,مازندران,در جدول ذکر نشده,,تعهد خدمت,1,مرد,در جدول ذکر نشده,ادامه مخصوص داوطلبان بومی استان مازندران؛ پردیس دکتر شریعتی ساری )مرکز آموزش عالی شهید مطهری نوشهر(/ اولویت پذیرش با داوطلبان بومی شهرستان های چالوس، نوشهر، کلاردشت، تنکابن، رامسر، عباس آباد/محل خدمت کجور؛ پذیرش دانشجو‌معلم با تعهد خدمت؛ ضوابط بخش فرهنگیان دفترچه,1402-humanities-booklet,381,1402-humanities-booklet,381,کدرشته‌محل منبع: 52336؛ عنوان رشته در منبع: آموزش ابتدایی؛ نحوه پذیرش: با آزمون (بخش دانشجو‌معلم)؛ استان در این ردیف مربوط به بومی‌گزینی/محل خدمت است
1402,آموزش ابتدایی,دانشگاه فرهنگیان,پردیس دکتر شریعتی ساری )مرکز آموزش عالی شهید مطهری نوشهر(,مازندران,در جدول ذکر نشده,,تعهد خدمت,1,مرد,در جدول ذکر نشده,ادامه مخصوص داوطلبان بومی استان مازندران؛ پردیس دکتر شریعتی ساری )مرکز آموزش عالی شهید مطهری نوشهر(/ اولویت پذیرش با داوطلبان بومی شهرستان های چالوس، نوشهر، کلاردشت، تنکابن، رامسر، عباس آباد/محل خدمت کلارد شت؛ پذیرش دانشجو‌معلم با تعهد خدمت؛ ضوابط بخش فرهنگیان دفترچه,1402-humanities-booklet,381,1402-humanities-booklet,381,کدرشته‌محل منبع: 52337؛ عنوان رشته در منبع: آموزش ابتدایی؛ نحوه پذیرش: با آزمون (بخش دانشجو‌معلم)؛ استان در این ردیف مربوط به بومی‌گزینی/محل خدمت است
1402,آموزش ابتدایی,دانشگاه فرهنگیان,پردیس دکتر شریعتی ساری )مرکز آموزش عالی شهید مطهری نوشهر(,مازندران,در جدول ذکر نشده,,تعهد خدمت,2,مرد,در جدول ذکر نشده,ادامه مخصوص داوطلبان بومی استان مازندران؛ پردیس دکتر شریعتی ساری )مرکز آموزش عالی شهید مطهری نوشهر(/ اولویت پذیرش با داوطلبان بومی شهرستان های چالوس، نوشهر، کلاردشت، تنکابن، رامسر، عباس آباد/محل خدمت تنکابن؛ پذیرش دانشجو‌معلم با تعهد خدمت؛ ضوابط بخش فرهنگیان دفترچه,1402-humanities-booklet,381,1402-humanities-booklet,381,کدرشته‌محل منبع: 52338؛ عنوان رشته در منبع: آموزش ابتدایی؛ نحوه پذیرش: با آزمون (بخش دانشجو‌معلم)؛ استان در این ردیف مربوط به بومی‌گزینی/محل خدمت است
1402,آموزش ابتدایی,دانشگاه فرهنگیان,پردیس دکتر شریعتی ساری,مازندران,در جدول ذکر نشده,,تعهد خدمت,4,مرد,در جدول ذکر نشده,ادامه مخصوص داوطلبان بومی استان مازندران؛ پردیس دکتر شریعتی ساری/ اولویت پذی،رش با داوطلبان بومی شهرستانهای بابل، قائم شهر، جویبار سوادکوه، سوادکوه شمالی، سیمرغ، بابلسر/محل خدمت بابل؛ پذیرش دانشجو‌معلم با تعهد خدمت؛ ضوابط بخش فرهنگیان دفترچه,1402-humanities-booklet,381,1402-humanities-booklet,381,کدرشته‌محل منبع: 52339؛ عنوان رشته در منبع: آموزش ابتدایی؛ نحوه پذیرش: با آزمون (بخش دانشجو‌معلم)؛ استان در این ردیف مربوط به بومی‌گزینی/محل خدمت است
1402,آموزش ابتدایی,دانشگاه فرهنگیان,،پردیس دکتر شریعتی ساری,مازندران,در جدول ذکر نشده,,تعهد خدمت,3,مرد,در جدول ذکر نشده,ادامه مخصوص داوطلبان بومی استان مازندران؛ ،پردیس دکتر شریعتی ساری/ اولویت پذیرش با داوطلبان بومی شهرستانهای بابل، قائم شهر، جویبار سوادکوه، سوادکوه شمالی، سیمرغ، با بلسر/محل خدمت قائم شهر؛ پذیرش دانشجو‌معلم با تعهد خدمت؛ ضوابط بخش فرهنگیان دفترچه,1402-humanities-booklet,381,1402-humanities-booklet,381,کدرشته‌محل منبع: 52340؛ عنوان رشته در منبع: آموزش ابتدایی؛ نحوه پذیرش: با آزمون (بخش دانشجو‌معلم)؛ استان در این ردیف مربوط به بومی‌گزینی/محل خدمت است
1402,آموزش ابتدایی,دانشگاه فرهنگیان,،پردیس دکتر شریعتی ساری,مازندران,در جدول ذکر نشده,,تعهد خدمت,1,مرد,در جدول ذکر نشده,ادامه مخصوص داوطلبان بومی استان مازندران؛ ،پردیس دکتر شریعتی ساری/ اولویت پذیرش با داوطلبان بومی شهرستانهای بابل، قائم شهر، جویبار سوادکوه، سوادکوه شمالی، سیمرغ، بابلسر/محل خدمت جویبار؛ پذیرش دانشجو‌معلم با تعهد خدمت؛ ضوابط بخش فرهنگیان دفترچه,1402-humanities-booklet,381,1402-humanities-booklet,381,کدرشته‌محل منبع: 52341؛ عنوان رشته در منبع: آموزش ابتدایی؛ نحوه پذیرش: با آزمون (بخش دانشجو‌معلم)؛ استان در این ردیف مربوط به بومی‌گزینی/محل خدمت است
1402,آموزش ابتدایی,دانشگاه فرهنگیان,پردیس دکتر شریعتی ساری,مازندران,در جدول ذکر نشده,,تعهد خدمت,2,مرد,در جدول ذکر نشده,ادامه مخصوص داوطلبان بومی استان مازندران؛ پردیس دکتر شریعتی ساری/ اولویت پذیرش ،با داوطلبان بومی شهرستانهای بابل، قائم شهر، جویبار سوادکوه، سوادکوه شمالی، سیمرغ، بابلسر/محل خدمت بابلسر؛ پذیرش دانشجو‌معلم با تعهد خدمت؛ ضوابط بخش فرهنگیان دفترچه,1402-humanities-booklet,381,1402-humanities-booklet,381,کدرشته‌محل منبع: 52342؛ عنوان رشته در منبع: آموزش ابتدایی؛ نحوه پذیرش: با آزمون (بخش دانشجو‌معلم)؛ استان در این ردیف مربوط به بومی‌گزینی/محل خدمت است
1402,آموزش ابتدایی,دانشگاه فرهنگیان,،پردیس دکتر شریعتی ساری,مازندران,در جدول ذکر نشده,,تعهد خدمت,1,مرد,در جدول ذکر نشده,ادامه مخصوص داوطلبان بومی استان مازندران؛ ،پردیس دکتر شریعتی ساری/ اولویت پذیرش با داوطلبان بومی شهرستانهای بابل، قائم شهر، جویبار سوادکوه، سوادکوه شمالی، سیمرغ، با بلسر/محل خدمت بندپی شرقی؛ پذیرش دانشجو‌معلم با تعهد خدمت؛ ضوابط بخش فرهنگیان دفترچه,1402-humanities-booklet,381,1402-humanities-booklet,381,کدرشته‌محل منبع: 52343؛ عنوان رشته در منبع: آموزش ابتدایی؛ نحوه پذیرش: با آزمون (بخش دانشجو‌معلم)؛ استان در این ردیف مربوط به بومی‌گزینی/محل خدمت است
1402,آموزش ابتدایی,دانشگاه فرهنگیان,،پردیس دکتر شریعتی ساری,مازندران,در جدول ذکر نشده,,تعهد خدمت,1,مرد,در جدول ذکر نشده,ادامه مخصوص داوطلبان بومی استان مازندران؛ ،پردیس دکتر شریعتی ساری/ اولویت پذیرش با داوطلبان بومی شهرستانهای بابل، قائم شهر، جویبار سوادکوه، سوادکوه شمالی، سیمرغ، بابلسر/محل خدمت سوادکوه؛ پذیرش دانشجو‌معلم با تعهد خدمت؛ ضوابط بخش فرهنگیان دفترچه,1402-humanities-booklet,381,1402-humanities-booklet,381,کدرشته‌محل منبع: 52344؛ عنوان رشته در منبع: آموزش ابتدایی؛ نحوه پذیرش: با آزمون (بخش دانشجو‌معلم)؛ استان در این ردیف مربوط به بومی‌گزینی/محل خدمت است
1402,آموزش ابتدایی,دانشگاه فرهنگیان,پردیس دکتر شریعتی ساری,مازندران,در جدول ذکر نشده,,تعهد خدمت,1,مرد,در جدول ذکر نشده,ادامه مخصوص داوطلبان بومی استان مازندران؛ پردیس دکتر شریعتی ساری/ اولویت پذ،یرش با داوطلبان بومی شهرستانهای بابل، قائم شهر، جویبار سوادکوه، سوادکوه شمالی، سیمرغ، بابلسر/محل خدمت کیاکلا؛ پذیرش دانشجو‌معلم با تعهد خدمت؛ ضوابط بخش فرهنگیان دفترچه,1402-humanities-booklet,381,1402-humanities-booklet,381,کدرشته‌محل منبع: 52345؛ عنوان رشته در منبع: آموزش ابتدایی؛ نحوه پذیرش: با آزمون (بخش دانشجو‌معلم)؛ استان در این ردیف مربوط به بومی‌گزینی/محل خدمت است
1402,آموزش ابتدایی,دانشگاه فرهنگیان,،پردیس دکتر شریعتی ساری,مازندران,در جدول ذکر نشده,,تعهد خدمت,1,مرد,در جدول ذکر نشده,ادامه مخصوص داوطلبان بومی استان مازندران؛ ،پردیس دکتر شریعتی ساری/ اولویت پذیرش با داوطلبان بومی شهرستانهای بابل، قائم شهر، جویبار ،سوادکوه، سوادکوه شمالی، سیمرغ بابلسر/محل خدمت بهنمیر؛ پذیرش دانشجو‌معلم با تعهد خدمت؛ ضوابط بخش فرهنگیان دفترچه,1402-humanities-booklet,381,1402-humanities-booklet,381,کدرشته‌محل منبع: 52346؛ عنوان رشته در منبع: آموزش ابتدایی؛ نحوه پذیرش: با آزمون (بخش دانشجو‌معلم)؛ استان در این ردیف مربوط به بومی‌گزینی/محل خدمت است
1402,آموزش ابتدایی,دانشگاه فرهنگیان,،پردیس فاطمه الزهراء)س( ساری,مازندران,در جدول ذکر نشده,,تعهد خدمت,1,زن,در جدول ذکر نشده,ادامه مخصوص داوطلبان بومی استان مازندران؛ ،پردیس فاطمه الزهراء)س( ساری/ اولویت پذیرش با داوطلبان بومی شهرستانهای بابل، قائم شهر جویبار، سوادکوه، سوادکوه شمالی، سیمرغ، بابلسر/محل خدمت بندپی شرقی؛ پذیرش دانشجو‌معلم با تعهد خدمت؛ ضوابط بخش فرهنگیان دفترچه,1402-humanities-booklet,381,1402-humanities-booklet,381,کدرشته‌محل منبع: 52347؛ عنوان رشته در منبع: آموزش ابتدایی؛ نحوه پذیرش: با آزمون (بخش دانشجو‌معلم)؛ استان در این ردیف مربوط به بومی‌گزینی/محل خدمت است
1402,آموزش ابتدایی,دانشگاه فرهنگیان,پردیس فاطمه الزهراء)س( ساری ,مازندران,در جدول ذکر نشده,,تعهد خدمت,1,زن,در جدول ذکر نشده,ادامه مخصوص داوطلبان بومی استان مازندران؛ پردیس فاطمه الزهراء)س( ساری / اولویت پذیرش با داوطلبان بومی شهرستانهای بابل، قائم شهر، جویبار، سوادکوه، سوادکوه شمالی، سیمرغ، بابلسر/محل خدمت شیرگاه؛ پذیرش دانشجو‌معلم با تعهد خدمت؛ ضوابط بخش فرهنگیان دفترچه,1402-humanities-booklet,381,1402-humanities-booklet,381,کدرشته‌محل منبع: 52348؛ عنوان رشته در منبع: آموزش ابتدایی؛ نحوه پذیرش: با آزمون (بخش دانشجو‌معلم)؛ استان در این ردیف مربوط به بومی‌گزینی/محل خدمت است
1402,آموزش ابتدایی,دانشگاه فرهنگیان,پردیس فاطمه الزهراء)س( ساری,مازندران,در جدول ذکر نشده,,تعهد خدمت,1,زن,در جدول ذکر نشده,ادامه مخصوص داوطلبان بومی استان مازندران؛ پردیس فاطمه الزهراء)س( ساری/ اولویت پذیرش با داوطلبان بومی شهرستان های چالوس، نوشهر، ،کلاردشت، تنکابن، رامسر عباس آباد/محل خدمت چالوس؛ پذیرش دانشجو‌معلم با تعهد خدمت؛ ضوابط بخش فرهنگیان دفترچه,1402-humanities-booklet,381,1402-humanities-booklet,381,کدرشته‌محل منبع: 52349؛ عنوان رشته در منبع: آموزش ابتدایی؛ نحوه پذیرش: با آزمون (بخش دانشجو‌معلم)؛ استان در این ردیف مربوط به بومی‌گزینی/محل خدمت است
1402,آموزش ابتدایی,دانشگاه فرهنگیان,پردیس فاطمه الزهراء)س( ساری,مازندران,در جدول ذکر نشده,,تعهد خدمت,2,زن,در جدول ذکر نشده,ادامه مخصوص داوطلبان بومی استان مازندران؛ پردیس فاطمه الزهراء)س( ساری/ اولویت پذیرش با داوطلبان بومی شهرستان های چالوس، نوشهر، کلاردشت، تنکابن، رامسر، عباس آباد/محل خدمت نوشهر؛ پذیرش دانشجو‌معلم با تعهد خدمت؛ ضوابط بخش فرهنگیان دفترچه,1402-humanities-booklet,381,1402-humanities-booklet,381,کدرشته‌محل منبع: 52350؛ عنوان رشته در منبع: آموزش ابتدایی؛ نحوه پذیرش: با آزمون (بخش دانشجو‌معلم)؛ استان در این ردیف مربوط به بومی‌گزینی/محل خدمت است
1402,آموزش ابتدایی,دانشگاه فرهنگیان,پردیس فاطمه الزهراء)س( ساری,مازندران,در جدول ذکر نشده,,تعهد خدمت,2,زن,در جدول ذکر نشده,ادامه مخصوص داوطلبان بومی استان مازندران؛ پردیس فاطمه الزهراء)س( ساری/ اولویت پذیرش با داوطلبان بومی شهرستان های چالوس، نوشهر، کلاردشت، تنکابن، رامسر، عباس آباد/محل خدمت تنکابن؛ پذیرش دانشجو‌معلم با تعهد خدمت؛ ضوابط بخش فرهنگیان دفترچه,1402-humanities-booklet,381,1402-humanities-booklet,381,کدرشته‌محل منبع: 52351؛ عنوان رشته در منبع: آموزش ابتدایی؛ نحوه پذیرش: با آزمون (بخش دانشجو‌معلم)؛ استان در این ردیف مربوط به بومی‌گزینی/محل خدمت است
1402,آموزش ابتدایی,دانشگاه فرهنگیان,پردیس فاطمه الزهراء)س( ساری,مازندران,در جدول ذکر نشده,,تعهد خدمت,1,زن,در جدول ذکر نشده,ادامه مخصوص داوطلبان بومی استان مازندران؛ پردیس فاطمه الزهراء)س( ساری/ اولویت پذیرش با داوطلبان بومی شهرستان های چالوس، نوشهر، کلاردشت، تنکابن، رامسر، عباس آباد/محل خدمت رامسر؛ پذیرش دانشجو‌معلم با تعهد خدمت؛ ضوابط بخش فرهنگیان دفترچه,1402-humanities-booklet,381,1402-humanities-booklet,381,کدرشته‌محل منبع: 52352؛ عنوان رشته در منبع: آ موزش ابتدایی؛ نحوه پذیرش: با آزمون (بخش دانشجو‌معلم)؛ استان در این ردیف مربوط به بومی‌گزینی/محل خدمت است
1402,آموزش ابتدایی,دانشگاه فرهنگیان,پردیس فاطمه الزهراء)س( ساری,مازندران,در جدول ذکر نشده,,تعهد خدمت,1,زن,در جدول ذکر نشده,ادامه مخصوص داوطلبان بومی استان مازندران؛ پردیس فاطمه الزهراء)س( ساری/ اولویت پذیرش با داوطلبان بومی شهرستان های چالوس، نوشهر، کلاردشت، تنکابن، رامسر، عباس آباد/محل خدمت عباس آباد؛ پذیرش دانشجو‌معلم با تعهد خدمت؛ ضوابط بخش فرهنگیان دفترچه,1402-humanities-booklet,381,1402-humanities-booklet,381,کدرشته‌محل منبع: 52353؛ عنوان رشته در منبع: آموزش ابتدایی؛ نحوه پذیرش: با آزمون (بخش دانشجو‌معلم)؛ استان در این ردیف مربوط به بومی‌گزینی/محل خدمت است
1402,آموزش ابتدایی,دانشگاه فرهنگیان,پردیس فاطمه الزهراء)س( ساری,مازندران,در جدول ذکر نشده,,تعهد خدمت,5,زن,در جدول ذکر نشده,ادامه مخصوص داوطلبان بومی استان مازندران؛ پردیس فاطمه الزهراء)س( ساری/ اولویت پذیرش با داوطلبان بومی شهرستانهای با بل، قائم شهر، جویبار، سوادکوه، سوادکوه شمالی، سیمرغ، بابلسر/محل خدمت بابل؛ پذیرش دانشجو‌معلم با تعهد خدمت؛ ضوابط بخش فرهنگیان دفترچه,1402-humanities-booklet,381,1402-humanities-booklet,381,کدرشته‌محل منبع: 52354؛ عنوان رشته در منبع: آموزش ابتدایی؛ نحوه پذیرش: با آزمون (بخش دانشجو‌معلم)؛ استان در این ردیف مربوط به بومی‌گزینی/محل خدمت است
1402,آموزش ابتدایی,دانشگاه فرهنگیان,،پردیس فاطمه الزهراء)س( ساری,مازندران,در جدول ذکر نشده,,تعهد خدمت,5,زن,در جدول ذکر نشده,ادامه مخصوص داوطلبان بومی استان مازندران؛ ،پردیس فاطمه الزهراء)س( ساری/ اولویت پذیرش با داوطلبان بومی شهرستانهای بابل، قائم شهر جویبار، سوادکوه، سوادکوه شمالی، سیمرغ، بابلسر/محل خدمت قائم شهر؛ پذیرش دانشجو‌معلم با تعهد خدمت؛ ضوابط بخش فرهنگیان دفترچه,1402-humanities-booklet,381,1402-humanities-booklet,381,کدرشته‌محل منبع: 52355؛ عنوان رشته در منبع: آ موزش ابتدایی؛ نحوه پذیرش: با آزمون (بخش دانشجو‌معلم)؛ استان در این ردیف مربوط به بومی‌گزینی/محل خدمت است
1402,آموزش ابتدایی,دانشگاه فرهنگیان,،پردیس فاطمه الزهراء)س( ساری,مازندران,در جدول ذکر نشده,,تعهد خدمت,1,زن,در جدول ذکر نشده,ادامه مخصوص داوطلبان بومی استان مازندران؛ ،پردیس فاطمه الزهراء)س( ساری/ اولویت پذیرش با داوطلبان بومی شهرستانهای بابل، قائم شهر ،جویبار، سوادکوه، سوادکوه شمالی، سیمرغ بابلسر/محل خدمت جویبار؛ پذیرش دانشجو‌معلم با تعهد خدمت؛ ضوابط بخش فرهنگیان دفترچه,1402-humanities-booklet,382,1402-humanities-booklet,382,کدرشته‌محل منبع: 52356؛ عنوان رشته در منبع: آموزش ابتدایی؛ نحوه پذیرش: با آزمون (بخش دانشجو‌معلم)؛ استان در این ردیف مربوط به بومی‌گزینی/محل خدمت است
1402,آموزش ابتدایی,دانشگاه فرهنگیان,،پردیس فاطمه الزهراء)س( ساری,مازندران,در جدول ذکر نشده,,تعهد خدمت,2,زن,در جدول ذکر نشده,ادامه مخصوص داوطلبان بومی استان مازندران؛ ،پردیس فاطمه الزهراء)س( ساری/ اولویت پذیرش با داوطلبان بومی شهرستانهای بابل، قائم شهر جویبار، سوادکوه، سوادکوه شمالی، سیمرغ، بابلسر/محل خدمت بابلسر؛ پذیرش دانشجو‌معلم با تعهد خدمت؛ ضوابط بخش فرهنگیان دفترچه,1402-humanities-booklet,382,1402-humanities-booklet,382,کدرشته‌محل منبع: 52357؛ عنوان رشته در منبع: آموزش ابتدایی؛ نحوه پذیرش: با آزمون (بخش دانشجو‌معلم)؛ استان در این ردیف مربوط به بومی‌گزینی/محل خدمت است
1402,آموزش ابتدایی,دانشگاه فرهنگیان,پردیس فاطمه الزهراء)س( ساری,مازندران,در جدول ذکر نشده,,تعهد خدمت,2,زن,در جدول ذکر نشده,ادامه مخصوص داوطلبان بومی استان مازندران؛ پردیس فاطمه الزهراء)س( ساری/ اولو یت پذیرش با داوطلبان بومی شهرستانهای ساری، میاندرود، نکا، بهشهر، گلوگاه/محل خدمت ساری .ناحیه1؛ پذیرش دانشجو‌معلم با تعهد خدمت؛ ضوابط بخش فرهنگیان دفترچه,1402-humanities-booklet,382,1402-humanities-booklet,382,کدرشته‌محل منبع: 52358؛ عنوان رشته در منبع: آموزش ابتدایی؛ نحوه پذیرش: با آزمون (بخش دانشجو‌معلم)؛ استان در این ردیف مربوط به بومی‌گزینی/محل خدمت است
1402,آموزش ابتدایی,دانشگاه فرهنگیان,،پردیس فاطمه الزهراء)س( ساری,مازندران,در جدول ذکر نشده,,تعهد خدمت,5,زن,در جدول ذکر نشده,ادامه مخصوص داوطلبان بومی استان مازندران؛ ،پردیس فاطمه الزهراء)س( ساری/ اولویت پذیرش با داوطلبان بومی شهرستانهای ساری، میاندرود نکا، بهشهر، گلوگاه/محل خدمت ساری .ناحیه2؛ پذیرش دانشجو‌معلم با تعهد خدمت؛ ضوابط بخش فرهنگیان دفترچه,1402-humanities-booklet,382,1402-humanities-booklet,382,کدرشته‌محل منبع: 52359؛ عنوان رشته در منبع: آم وزش ابتدایی؛ نحوه پذیرش: با آزمون (بخش دانشجو‌معلم)؛ استان در این ردیف مربوط به بومی‌گزینی/محل خدمت است
1402,آموزش ابتدایی,دانشگاه فرهنگیان,،پردیس فاطمه الزهراء)س( ساری,مازندران,در جدول ذکر نشده,,تعهد خدمت,2,زن,در جدول ذکر نشده,ادامه مخصوص داوطلبان بومی استان مازندران؛ ،پردیس فاطمه الزهراء)س( ساری/ اولویت پذیرش با داوطلبان بومی شهرستانهای ساری، میاندرود نکا، بهشهر، گلوگاه/محل خدمت نکاء؛ پذیرش دانشجو‌معلم با تعهد خدمت؛ ضوابط بخش فرهنگیان دفترچه,1402-humanities-booklet,382,1402-humanities-booklet,382,کدرشته‌محل منبع: 52360؛ عنوان رشته در منبع: آموزش ابتدایی؛ نحوه پذیرش: با آزمون (بخش دانشجو‌معلم)؛ استان در این ردیف مربوط به بومی‌گزینی/محل خدمت است
1402,آموزش ابتدایی,دانشگاه فرهنگیان,،پردیس فاطمه الزهراء)س( ساری,مازندران,در جدول ذکر نشده,,تعهد خدمت,5,زن,در جدول ذکر نشده,ادامه مخصوص داوطلبان بومی استان مازندران؛ ،پردیس فاطمه الزهراء)س( ساری/ اولویت پذیرش با داوطلبان بومی شهرستانهای ساری، میاندرود نکا، ب هشهر، گلوگاه/محل خدمت بهشهر؛ پذیرش دانشجو‌معلم با تعهد خدمت؛ ضوابط بخش فرهنگیان دفترچه,1402-humanities-booklet,382,1402-humanities-booklet,382,کدرشته‌محل منبع: 52361؛ عنوان رشته در منبع: آموزش ابتدایی؛ نحوه پذیرش: با آزمون (بخش دانشجو‌معلم)؛ استان در این ردیف مربوط به بومی‌گزینی/محل خدمت است
1402,آموزش ابتدایی,دانشگاه فرهنگیان,،پردیس فاطمه الزهراء)س( ساری,مازندران,در جدول ذکر نشده,,تعهد خدمت,1,زن,در جدول ذکر نشده,ادامه مخصوص داوطلبان بومی استان مازندران؛ ،پردیس فاطمه الزهراء)س( ساری/ اولویت پذیرش با داوطلبان بومی شهرستانهای ساری، میاندرود نکا، بهشهر، گلوگاه/محل خدمت میاندرود؛ پذیرش دانشجو‌معلم با تعهد خدمت؛ ضوابط بخش فرهنگیان دفترچه,1402-humanities-booklet,382,1402-humanities-booklet,382,کدرشته‌محل منبع: 52362؛ عنوان رشته در منبع: آموزش ابتدایی؛ نحوه پذیرش: با آزمون (بخش دانشجو‌معلم)؛ استان در این ردیف مربوط به بومی‌گزینی/محل خدمت است
1402,آموزش ابتدایی,دانشگاه فرهنگیان,پردیس فاطمه الزهراء)س( ساری,مازندران,در جدول ذکر نشده,,تعهد خدمت,1,زن,در جدول ذکر نشده,ادامه مخصوص داوطلبان بومی استان مازندران؛ پردیس فاطمه الزهراء)س( ساری/ اولویت پذیرش با داوطلبان بومی شهرستانهای ساری، میاندرود، نکا، بهشهر، گلوگاه/محل خدمت گلوگاه؛ پذیرش دانشجو‌معلم با تعهد خدمت؛ ضوابط بخش فرهنگیان دفترچه,1402-humanities-booklet,382,1402-humanities-booklet,382,کدرشته‌محل منبع: 52363؛ عنوان رشته در منبع: آموزش ابتدایی؛ نحوه پذیرش: با آزمون (بخش دانشجو‌معلم)؛ استان در این ردیف مربوط به بومی‌گزینی/محل خدمت است
1402,آموزش ابتدایی,دانشگاه فرهنگیان,پردیس فاطمه الزهراء)س( ساری,مازندران,در جدول ذکر نشده,,تعهد خدمت,1,زن,در جدول ذکر نشده,ادامه مخصوص داوطلبان بومی استان مازندران؛ پردیس فاطمه الزهراء)س( ساری/ اولویت پذیرش با داوطلبان بومی شهرستان های آمل، محمودآباد، فریدون کنار، نور/محل خدمت چمستان؛ پذیرش دانشجو‌معلم با تعهد خدمت؛ ضوابط بخش فرهنگیان دفترچه,1402-humanities-booklet,382,1402-humanities-booklet,382,کدرشته‌محل منبع: 52364؛ عنوان رشته در منبع: آموزش ابتدایی؛ نحوه پذیرش: با آزمون (بخش دانشجو‌معلم)؛ استان در این ردیف مربوط به بومی‌گزینی/محل خدمت است
1402,آموزش ابتدایی,دانشگاه فرهنگیان,پردیس فاطمه الزه راء)س( ساری,مازندران,در جدول ذکر نشده,,تعهد خدمت,5,زن,در جدول ذکر نشده,ادامه مخصوص داوطلبان بومی استان مازندران؛ پردیس فاطمه الزه راء)س( ساری/ اولویت پذیرش با داوطلبان بومی شهرستان های آمل، محمودآباد، فریدون کنار، نور/محل خدمت آمل؛ پذیرش دانشجو‌معلم با تعهد خدمت؛ ضوابط بخش فرهنگیان دفترچه,1402-humanities-booklet,382,1402-humanities-booklet,382,کدرشته‌محل منبع: 52365؛ عنوان رشته در منبع: آموزش ابتدایی؛ نحوه پذیرش: با آزمون (بخش دانشجو‌معلم)؛ استان در این ردیف مربوط به بومی‌گزینی/محل خدمت است
1402,آموزش ابتدایی,دانشگاه فرهنگیان,پردیس فاطمه الزهراء)س( ساری,مازندران,در جدول ذکر نشده,,تعهد خدمت,1,زن,در جدول ذکر نشده,ادامه مخصوص داوطلبان بومی استان مازندران؛ پردیس فاطمه الزهراء)س( ساری/ اولویت پذیرش با داوطلبان بومی شهرستان های آمل، محمودآباد، فریدون کنار، نور/محل خدمت محمود آباد؛ پذیرش دانشجو‌معلم با تعهد خدمت؛ ضوابط بخش فرهنگیان دفترچه,1402-humanities-booklet,382,1402-humanities-booklet,382,کدرشته‌محل منبع: 52366؛ عنوان رشته در منبع: آموزش ابتدایی؛ نحوه پذیرش: با آزمون (بخش دانشجو‌معلم)؛ استان در این ردیف مربوط به بومی‌گزینی/محل خدمت است
1402,آموزش ابتدایی,دانشگاه فرهنگیان,پردیس فاطمه الزهراء)س( ساری,مازندران,در جدول ذکر نشده,,تعهد خدمت,1,زن,در جدول ذکر نشده,ادامه مخصوص داوطلبان بومی استان مازندران؛ پردیس فاطمه الزهراء)س( ساری/ اولویت پذیرش با داوطلبان بومی شهرستان های آمل، محمودآباد، فریدون کنار، نور/محل خدمت نور؛ پذیرش دانشجو‌معلم با تعهد خدمت؛ ضوابط بخش فرهنگیان دفترچه,1402-humanities-booklet,382,1402-humanities-booklet,382,کدرشته‌محل منبع: 52367؛ عنوان رشته در منبع: آموزش ابتدایی؛ نحوه پذیرش: با آزمون (بخش دانشجو‌معلم)؛ استان در این ردیف مربوط به بومی‌گزینی/محل خدمت است
1402,آموزش ابتدایی,دانشگاه فرهنگیان,پردیس زینب کبری)س( اراک ,مرکزی,در جدول ذکر نشده,,تعهد خدمت,1,زن,در جدول ذکر نشده,ادامه مخصوص داوطلبان بومی استان مرکزی؛ پردیس زینب کبری)س( اراک / اولویت پذیرش با داوطلبان بومی شهرستان خنداب/محل خدمت خنداب؛ پذیرش دانشجو‌معلم با تعهد خدمت؛ ضوابط بخش فرهنگیان دفترچه,1402-humanities-booklet,389,1402-humanities-booklet,389,کدرشته‌محل منبع: 52426؛ عنوان رشته در منبع: آموزش ابتدایی؛ نحوه پذیرش: با آزمون (بخش دانشجو‌معلم)؛ استان در این ردیف مربوط به بومی‌گزینی/محل خدمت است
1402,آموزش ابتدایی,دانشگاه فرهنگیان,پردیس زینب کبری)س( اراک,مرکزی,در جدول ذکر نشده,,تعهد خدمت,5,زن,در جدول ذکر نشده,ادامه مخصوص داوطلبان بومی استان مرکزی؛ پردیس زینب کبری)س( اراک/ اولویت پذیرش با داوطلبان بومی شهرستان ساوه/محل خدمت ساوه؛ پذیرش دانشجو‌معلم با تعهد خدمت؛ ضوابط بخش فرهنگیان دفترچه,1402-humanities-booklet,389,1402-humanities-booklet,389,کدرشته‌محل منبع: 52427؛ عنوان رشته در منبع: آموزش ابتدایی؛ نحوه پذیرش: با آزمون (بخش دانشجو‌معلم)؛ استان در این ردیف مربوط به بومی‌گزینی/محل خدمت است
1402,آموزش ابتدایی,دانشگاه فرهنگیان,پردیس زینب کبری)س( اراک,مرکزی,در جدول ذکر نشده,,تعهد خدمت,1,زن,در جدول ذکر نشده,ادامه مخصوص داوطلبان بومی استان مرکزی؛ پردیس زینب کبری)س( اراک/ اولویت پذیرش با داوطلبان بومی شهرستا ن ساوه/محل خدمت نوبران؛ پذیرش دانشجو‌معلم با تعهد خدمت؛ ضوابط بخش فرهنگیان دفترچه,1402-humanities-booklet,389,1402-humanities-booklet,389,کدرشته‌محل منبع: 52428؛ عنوان رشته در منبع: آموزش ابتدایی؛ نحوه پذیرش: با آزمون (بخش دانشجو‌معلم)؛ استان در این ردیف مربوط به بومی‌گزینی/محل خدمت است
1402,آموزش ابتدایی,دانشگاه فرهنگیان,پردیس زینب کبری)س( اراک,مرکزی,در جدول ذکر نشده,,تعهد خدمت,1,زن,در جدول ذکر نشده,ادامه مخصوص داوطلبان بومی استان مرکزی؛ پردیس زینب کبری)س( اراک/ اولویت پذیرش با داوطلبان بومی شهرستان زرندیه/محل خدمت زرندیه؛ پذیرش دانشجو‌معلم با تعهد خدمت؛ ضوابط بخش فرهنگیان دفترچه,1402-humanities-booklet,389,1402-humanities-booklet,389,کدرشته‌محل منبع: 52429؛ عنوان رشته در منبع: آموزش ابتدایی؛ نحوه پذیرش: با آزمون (بخش دانشجو‌معلم)؛ استان در این ردیف مربوط به بومی‌گزینی/محل خدمت است
1402,آموزش ابتدایی,دانشگاه فرهنگیان,پردیس زینب کبری)س( اراک,مرکزی,در جدول ذکر نشده,,تعهد خدمت,2,زن,در جدول ذکر نشده,ادامه مخصوص داوطلبان بومی استان مرکزی؛ پردیس زینب کبری)س( اراک/ اولویت پذیرش با داوطلبان بومی شهرستان خمین/محل خدمت خمین؛ پذیرش دانشجو‌معلم با تعهد خدمت؛ ضوابط بخش فرهنگیان دفترچه,1402-humanities-booklet,389,1402-humanities-booklet,389,کدرشته‌محل منبع: 52430؛ عنوان رشته در منبع: آموزش اب تدایی؛ نحوه پذیرش: با آزمون (بخش دانشجو‌معلم)؛ استان در این ردیف مربوط به بومی‌گزینی/محل خدمت است
1402,آموزش ابتدایی,دانشگاه فرهنگیان,پردیس زینب کبری)س( اراک,مرکزی,در جدول ذکر نشده,,تعهد خدمت,2,زن,در جدول ذکر نشده,ادامه مخصوص داوطلبان بومی استان مرکزی؛ پردیس زینب کبری)س( اراک/ اولویت پذیرش با داوطلبان بومی شهرستان دلیجان/محل خدمت دلیجان؛ پذیرش دانشجو‌معلم با تعهد خدمت؛ ضوابط بخش فرهنگیان دفترچه,1402-humanities-booklet,389,1402-humanities-booklet,389,کدرشته‌محل منبع: 52431؛ عنوان رشته در منبع: آموزش ابتدایی؛ نحوه پذیرش: با آزمون (بخش دانشجو‌معلم)؛ استان در این ردیف مربوط به بومی‌گزینی/محل خدمت است
1402,آموزش ابتدایی,دانشگاه فرهنگیان,پردیس زینب کبری)س( اراک,مرکزی,در جدول ذکر نشده,,تعهد خدمت,1,زن,در جدول ذکر نشده,ادامه مخصوص داوطلبان بومی استان مرکزی؛ پردیس زینب کبری)س( اراک/ اولویت پذیرش با داوطلبان بومی شهرستان تفرش/محل خدمت تفرش؛ پذیرش دانشجو‌معلم با تعهد خدمت؛ ضوابط بخش فرهنگیان دفترچه,1402-humanities-booklet,389,1402-humanities-booklet,389,کدرشته‌محل منبع: 52432؛ عنوان رشته در منبع: آموزش ابتدایی؛ نحوه پذیرش: با آزمون (بخش دانشجو‌معلم)؛ استان در این ردیف مربوط به بومی‌گزینی/محل خدمت است
1402,آموزش ابتدایی,دانشگاه فرهنگیان,پردیس زینب کبری)س( اراک ,مرکزی,در جدول ذکر نشده,,تعهد خدمت,1,زن,در جدول ذکر نشده,ادامه مخصوص داوطلبان بومی استان مرکزی؛ پردیس زینب کبری)س( اراک / اولویت پذیرش با داوطلبان بومی شهرستان محلات/محل خدمت محلات؛ پذیرش دانشجو‌معلم با تعهد خدمت؛ ضوابط بخش فرهنگیان دفترچه,1402-humanities-booklet,389,1402-humanities-booklet,389,کدرشته‌محل منبع: 52433؛ عنوان رشته در منبع: آموزش ابتدایی؛ نحوه پذیرش: با آزمون (بخش دانشجو‌معلم)؛ استان در این ردیف مربوط به بومی‌گزینی/محل خدمت است
1402,آموزش ابتدایی,دانشگاه فرهنگیان,پردیس زینب کبری)س( اراک,مرکزی,در جدول ذکر نشده,,تعهد خدمت,5,زن,در جدول ذکر نشده,ادامه مخصوص داوطلبان بومی استان مرکزی؛ پردیس زینب کبری)س( اراک/ اولویت پذیرش با داوطلبان بومی شهرستان اراک/محل خدمت اراک .ناحیه1؛ پذیرش دانشجو‌معلم با تعهد خدمت؛ ضوابط بخش فرهنگیان دفترچه,1402-humanities-booklet,389,1402-humanities-booklet,389,کدرشته‌محل منبع: 52434؛ عنوان رشته در منبع: آموزش ابتدایی؛ نحوه پذیرش: با آزمون (بخش دانشجو‌معلم)؛ استان در این ردیف مربوط به بومی‌گزینی/محل خدمت است
1402,آموزش ابتدایی,دانشگاه فرهنگیان,پردیس زینب کبری)س( اراک,مرکزی,در جدول ذکر نشده,,تعهد خدمت,5,زن,در جدول ذکر نشده,ادامه مخصوص داوطلبان بومی استان مرکزی؛ پردیس زینب کبری)س( اراک/ اولویت پذیرش با داوطلبان بو می شهرستان اراک/محل خدمت اراک .ناحیه2؛ پذیرش دانشجو‌معلم با تعهد خدمت؛ ضوابط بخش فرهنگیان دفترچه,1402-humanities-booklet,389,1402-humanities-booklet,389,کدرشته‌محل منبع: 52435؛ عنوان رشته در منبع: آموزش ابتدایی؛ نحوه پذیرش: با آزمون (بخش دانشجو‌معلم)؛ استان در این ردیف مربوط به بومی‌گزینی/محل خدمت است
1402,آموزش ابتدایی,دانشگاه فرهنگیان,پردیس زینب کبری)س( اراک,مرکزی,در جدول ذکر نشده,,تعهد خدمت,1,زن,در جدول ذکر نشده,ادامه مخصوص داوطلبان بومی استان مرکزی؛ پردیس زینب کبری)س( اراک/ اولویت پذیرش با داوطلبان بومی شهرستان شازند/محل خدمت سربند؛ پذیرش دانشجو‌معلم با تعهد خدمت؛ ضوابط بخش فرهنگیان دفترچه,1402-humanities-booklet,389,1402-humanities-booklet,389,کدرشته‌محل منبع: 52436؛ عنوان رشته در منبع: آموزش ابتدایی؛ نحوه پذیرش: با آزمون (بخش دانشجو‌معلم)؛ استان در این ردیف مربوط به بومی‌گزینی/محل خدمت است
1402,آموزش ابتدایی,دانشگاه فرهنگیان,پردیس زینب کبری)س( اراک,مرکزی,در جدول ذکر نشده,,تعهد خدمت,1,زن,در جدول ذکر نشده,ادامه مخصوص داوطلبان بومی استان مرکزی؛ پردیس زینب کبری)س( اراک/ اولویت پذیرش با داوطلبان بومی شهرستان شازند/محل خدمت شاز ند)سربند(؛ پذیرش دانشجو‌معلم با تعهد خدمت؛ ضوابط بخش فرهنگیان دفترچه,1402-humanities-booklet,389,1402-humanities-booklet,389,کدرشته‌محل منبع: 52437؛ عنوان رشته در منبع: آموزش ابتدایی؛ نحوه پذیرش: با آزمون (بخش دانشجو‌معلم)؛ استان در این ردیف مربوط به بومی‌گزینی/محل خدمت است
1402,آموزش ابتدایی,دانشگاه فرهنگیان,پردیس زینب کبری)س( اراک,مرکزی,در جدول ذکر نشده,,تعهد خدمت,1,زن,در جدول ذکر نشده,ادامه مخصوص داوطلبان بومی استان مرکزی؛ پردیس زینب کبری)س( اراک/ اولویت پذیرش با داوطلبان بومی شهرستان آشتیان/محل خدمت آشتیان؛ پذیرش دانشجو‌معلم با تعهد خدمت؛ ضوابط بخش فرهنگیان دفترچه,1402-humanities-booklet,389,1402-humanities-booklet,389,کدرشته‌محل منبع: 52438؛ عنوان رشته در منبع: آموزش ابتدایی؛ نحوه پذیرش: با آزمون (بخش دانشجو‌معلم)؛ استان در این ردیف مربوط به بومی‌گزینی/محل خدمت است
1402,آموزش ابتدایی,دانشگاه فرهنگیان,پردیس زینب کبری)س( اراک,مرکزی,در جدول ذکر نشده,,تعهد خدمت,1,زن,در جدول ذکر نشده,ادامه مخصوص داوطلبان بومی استان مرکزی؛ پردیس زینب کبری)س( اراک/ اولویت پذیرش با داوطلبان بومی شهرستان فراهان/محل خدمت فراهان؛ پذیرش دانشجو‌معلم با تعهد خدمت؛ ضوابط بخش فرهنگیان دفترچه,1402-humanities-booklet,389,1402-humanities-booklet,389,کدرشته‌محل منبع: 52439؛ عنوان رشته در منبع: آموزش ابتدایی؛ نحوه پذیرش: با آزمون (بخش دانشجو‌معلم)؛ استان در این ردیف مربوط به بومی‌گزینی/محل خدمت است
1402,آموزش ابتدایی,دانشگاه فرهنگیان,پردیس زینب کبری)س( اراک,مرکزی,در جدول ذکر نشده,,تعهد خدمت,1,زن,در جدول ذکر نشده,ادامه مخصوص داوطلبان بومی استان مرکزی؛ پردیس زینب کبری)س( اراک/ اولویت پذیرش با داوطلبان بومی شهرستان کمیجان/محل خدمت کمیجان؛ پذیرش دانشجو‌معلم با تعهد خدمت؛ ضوابط بخش فرهنگیان دفترچه,1402-humanities-booklet,389,1402-humanities-booklet,389,کدرشته‌محل منبع: 52440؛ عنوان رشته در منبع: آموزش ابتدایی؛ نحوه پذیرش: با آزمون (بخش دانشجو‌معلم)؛ استان در این ردیف مربوط به بومی‌گزینی/محل خدمت است
1402,آموزش ابتدایی,دانشگاه فرهنگیان,پردیس شهید باهنر اراک,مرکزی,در جدول ذکر نشده,,تعهد خدمت,5,مرد,در جدول ذکر نشده,ادامه مخصوص داوطلبان بومی استان مرکزی؛ پردیس شهید باهنر اراک/ اولویت پذیرش با داوطلبان بومی شهرستان فراهان/محل خدمت فراهان؛ پذیرش دانشجو‌معلم با تعهد خدمت؛ ضوابط بخش فرهنگیان دفترچه,1402-humanities-booklet,389,1402-humanities-booklet,389,کدرشته‌محل منبع: 52441؛ عنوان رشته در منبع: آموزش ابتدایی؛ نحوه پذیرش: با آزمون (بخش دانشجو‌معلم)؛ استان در این ردیف مربوط به بومی‌گزینی/محل خدمت است
1402,آموزش ابتدایی,دانشگاه فرهنگیان,پردیس شهید باهنر اراک,مرکزی,در جدول ذکر نشده,,تعهد خدمت,1,مرد,در جدول ذکر نشده,ادامه مخصوص داوطلبان بومی استان مرکزی؛ پردیس شهید باهنر اراک/ اولویت پذیرش با داوطلبان بومی شهرستان کمیجان/محل خدمت کمیجان؛ پذیرش دانشجو‌معلم با تعهد خدمت؛ ضوابط بخش فرهنگیان دفترچه,1402-humanities-booklet,389,1402-humanities-booklet,389,کدرشته‌محل منبع: 52442؛ عنوان رشته در منبع: آموزش ابتدایی؛ نحوه پذیرش: با آزمون (بخش دانشجو‌معلم)؛ استان در این ردیف مربوط به بومی‌گزینی/محل خدمت است
1402,آموزش ابتدایی,دانشگاه فرهنگیان,پردیس شهید باهنر اراک,مرکزی,در جدول ذکر نشده,,تعهد خدمت,1,مرد,در جدول ذکر نشده,ادامه مخصوص داوطلبان بومی استان مرکزی؛ پردیس شهید باهنر اراک/ اولویت پذیرش با داوطلبان بومی شهرستان آشتیان/محل خدمت آشتیان؛ پذیرش دانشجو‌معلم با تعهد خدمت؛ ضوابط بخش فرهنگیان دفترچه,1402-humanities-booklet,389,1402-humanities-booklet,389,کدرشته‌محل منبع: 52443؛ عنوان رشته در منبع: آموزش ابتدایی؛ نحوه پذیرش: با آزمون (بخش دانشجو‌معلم)؛ استان در این ردیف مربوط به بومی‌گزینی/محل خدمت است
1402,آموزش ابتدایی,دانشگاه فرهنگیان,پردیس شهید باهنر اراک,مرکزی,در جدول ذکر نشده,,تعهد خدمت,1,مرد,در جدول ذکر نشده,ادامه مخصوص داوطلبان بومی استان مرکزی؛ پردیس شهید باهنر اراک/ اولویت پذیرش با داوطلبان بومی شهرستان شا زند/محل خدمت سربند؛ پذیرش دانشجو‌معلم با تعهد خدمت؛ ضوابط بخش فرهنگیان دفترچه,1402-humanities-booklet,389,1402-humanities-booklet,389,کدرشته‌محل منبع: 52444؛ عنوان رشته در منبع: آموزش ابتدایی؛ نحوه پذیرش: با آزمون (بخش دانشجو‌معلم)؛ استان در این ردیف مربوط به بومی‌گزینی/محل خدمت است
1402,آموزش ابتدایی,دانشگاه فرهنگیان,پردیس شهید باهنر اراک,مرکزی,در جدول ذکر نشده,,تعهد خدمت,1,مرد,در جدول ذکر نشده,ادامه مخصوص داوطلبان بومی استان مرکزی؛ پردیس شهید باهنر اراک/ اولویت پذیرش با داوطلبان بومی شهرستان شازند/محل خدمت (شازند)سربند؛ پذیرش دانشجو‌معلم با تعهد خدمت؛ ضوابط بخش فرهنگیان دفترچه,1402-humanities-booklet,389,1402-humanities-booklet,389,کدرشته‌محل منبع: 52445؛ عنوان رشته در منبع: آموزش ابتدایی؛ نحوه پذیرش: با آزمون (بخش دانشجو‌معلم)؛ استان در این ردیف مربوط به بومی‌گزینی/محل خدمت است
1402,آموزش ابتدایی,دانشگاه فرهنگیان,پردیس شهید باهنر اراک,مرکزی,در جدول ذکر نشده,,تعهد خدمت,1,مرد,در جدول ذکر نشده,ادامه مخصوص داوطلبان بومی استان مرکزی؛ پردیس شهید باهنر اراک/ اولویت پذیرش با داوطلبان بومی شهرستان اراک/محل خدمت اراک ناحیه. 1؛ پذیرش دانشجو‌معلم با تعهد خدمت؛ ضوابط بخش فرهنگیان دفترچه,1402-humanities-booklet,389,1402-humanities-booklet,389,کدرشته‌محل منبع: 52446؛ عنوان رشته در منبع: آموزش ابتدایی؛ نحوه پذیرش: با آزمون (بخش دانشجو‌معلم)؛ استان در این ردیف مربوط به بومی‌گزینی/محل خدمت است
1402,آموزش ابتدایی,دانشگاه فرهنگیان,پردیس شهید باهنر اراک,مرکزی,در جدول ذکر نشده,,تعهد خدمت,1,مرد,در جدول ذکر نشده,ادامه مخصوص داوطلبان بومی استان مرکزی؛ پردیس شهید باهنر اراک/ اولویت پذیرش با داوطلبان بومی شهرستان اراک/محل خدمت اراک ناحیه. 2؛ پذیرش دانشجو‌معلم با تعهد خدمت؛ ضوابط بخش فرهنگیان دفترچه,1402-humanities-booklet,389,1402-humanities-booklet,389,کدرشته‌محل منبع: 52447؛ عنوان رشته در منبع: آموزش ابتدایی؛ نحوه پذیرش: با آزمون (بخش دانشجو‌معلم)؛ استان در این ردیف مربوط به بومی‌گزینی/محل خدمت است
1402,آموزش ابتدایی,دانشگاه فرهنگیان,پردیس شهید باهنر اراک,مرکزی,در جدول ذکر نشده,,تعهد خدمت,1,مرد,در جدول ذکر نشده,ادامه مخصوص داوطلبان بومی استان مرکزی؛ پردیس شهید باهنر اراک/ اولویت پذیرش با داوطلبان بومی شهرستان محلات/محل خدمت محلات؛ پذیرش دانشجو‌معلم با تعهد خدمت؛ ضوابط بخش فرهنگیان دفترچه,1402-humanities-booklet,389,1402-humanities-booklet,389,کدرشته‌محل منبع: 52448؛ عنوان رشته در منبع: آموزش ابتدایی؛ نحوه پذیرش: با آزمون (بخش دانشجو‌معلم)؛ استان در این ردیف مربوط به بومی‌گزینی/محل خدمت است
1402,آموزش ابتدایی,دانشگاه فرهنگیان,پردیس شهی د باهنر اراک,مرکزی,در جدول ذکر نشده,,تعهد خدمت,5,مرد,در جدول ذکر نشده,ادامه مخصوص داوطلبان بومی استان مرکزی؛ پردیس شهی د باهنر اراک/ اولویت پذیرش با داوطلبان بومی شهرستان تفرش/محل خدمت تفرش؛ پذیرش دانشجو‌معلم با تعهد خدمت؛ ضوابط بخش فرهنگیان دفترچه,1402-humanities-booklet,389,1402-humanities-booklet,389,کدرشته‌محل منبع: 52449؛ عنوان رشته در منبع: آموزش ابتدایی؛ نحوه پذیرش: با آزمون (بخش دانشجو‌معلم)؛ استان در این ردیف مربوط به بومی‌گزینی/محل خدمت است
1402,آموزش ابتدایی,دانشگاه فرهنگیان,پردیس شهید باهنر اراک,مرکزی,در جدول ذکر نشده,,تعهد خدمت,2,مرد,در جدول ذکر نشده,ادامه مخصوص داوطلبان بومی استان مرکزی؛ پردیس شهید باهنر اراک/ اولویت پذیرش با داوطلبان بومی شهرستان دلیجان/محل خدمت دلیجان؛ پذیرش دانشجو‌معلم با تعهد خدمت؛ ضوابط بخش فرهنگیان دفترچه,1402-humanities-booklet,389,1402-humanities-booklet,389,کدرشته‌محل منبع: 52450؛ عنوان رشته در منبع: آموزش ابتدایی؛ نحوه پذیرش: با آزمون (بخش دانشجو‌معلم)؛ استان در این ردیف مربوط به بومی‌گزینی/محل خدمت است
1402,آموزش ابتدایی,دانشگاه فرهنگیان,پردیس شهید باهنر اراک,مرکزی,در جدول ذکر نشده,,تعهد خدمت,1,مرد,در جدول ذکر نشده,ادامه مخصوص داوطلبان بومی استان مرکزی؛ پردیس شهید باهنر اراک/ اولویت پذیرش با داوطلبان بومی شهرستان خمین/محل خدمت خمین؛ پذیرش دانشجو‌معلم با تعهد خدمت؛ ضوابط بخش فرهنگیان دفترچه,1402-humanities-booklet,389,1402-humanities-booklet,389,کدرشته‌محل منبع: 52451؛ عنوان رشته در منبع: آموزش ابتدایی؛ نحوه پذیرش: با آزمون (بخش دانشجو‌معلم)؛ استان در این ردیف مربوط به بومی‌گزینی/محل خدمت است
1402,آموزش ابتدایی,دانشگاه فرهنگیان,پردیس شهید باهنر اراک,مرکزی,در جدول ذکر نشده,,تعهد خدمت,1,مرد,در جدول ذکر نشده,ادامه مخصوص داوطلبان بومی استان مرکزی؛ پردیس شهید باهنر اراک/ اولویت پذیرش با داوطلبان بومی شهرستان خنداب/محل خدمت خنداب؛ پذیرش دانشجو‌معلم با تعهد خدمت؛ ضوابط بخش فرهنگیان دفترچه,1402-humanities-booklet,389,1402-humanities-booklet,389,کدرشته‌محل منبع: 52452؛ عنوان رشته در منبع: آموزش ابتدایی؛ نحوه پذیرش: با آزمون (بخش دانشجو‌معلم)؛ استان در این ردیف مربوط به بومی‌گزینی/محل خدمت است
1402,آموزش ابتدایی,دانشگاه فرهنگیان,پردیس شهید باهنر اراک,مرکزی,در جدول ذکر نشده,,تعهد خدمت,5,مرد,در جدول ذکر نشده,ادامه مخصوص داوطلبان بومی استان مرکزی؛ پردیس شهید باهنر اراک/ اولویت پذیرش با داوطلبان بومی شهرستان زرندیه/محل خدمت زرندیه؛ پذیرش دانشجو‌معلم با تعهد خدمت؛ ضوابط بخش فرهنگیان دفترچه,1402-humanities-booklet,389,1402-humanities-booklet,389,کدرشته‌محل منبع: 52453؛ عنوان رشته در منبع: آموزش ابتدایی؛ نحوه پذیرش: با آزمون (بخش دانشجو‌معلم)؛ استان در این ردیف مربوط به بومی‌گزینی/محل خدمت است
1402,آموزش ابتدایی,دانشگاه فرهنگیان,پردیس شهید باهنر اراک,مرکزی,در جدول ذکر نشده,,تعهد خدمت,1,مرد,در جدول ذکر نشده,ادامه مخصوص داوطلبان بومی استان مرکزی؛ پردیس شهید باهنر اراک/ اولویت پذیرش با داوطلبان بومی شهرستان ساوه/محل خدمت ساوه؛ پذیرش دانشجو‌معلم با تعهد خدمت؛ ضوابط بخش فرهنگیان دفترچه,1402-humanities-booklet,389,1402-humanities-booklet,389,کدرشته‌محل منبع: 52454؛ عنوان رشته در منبع: آموزش ابتدایی؛ نحوه پذیرش: با آزمون (بخش دانشجو‌معلم)؛ استان در این ردیف مربوط به بومی‌گزینی/محل خدمت است
1402,آموزش ابتدایی,دانشگاه فرهنگیان,پردیس شهید باهنر اراک,مرکزی,در جدول ذکر نشده,,تعهد خدمت,5,مرد,در جدول ذکر نشده,ادامه مخصوص داوطلبان بومی استان مرکزی؛ پردیس شهید باهنر اراک/ اولویت پذیرش با داوطلبان بومی شهرستان ساوه/محل خدمت نوبران؛ پذیرش دانشجو‌معلم با تعهد خدمت؛ ضوابط بخش فرهنگیان دفترچه,1402-humanities-booklet,389,1402-humanities-booklet,389,کدرشته‌محل منبع: 52455؛ عنوان رشته در منبع: آموزش ابتدایی؛ نحوه پذیرش: با آزمون (بخش دانشجو‌معلم)؛ استان در این ردیف مربوط به بومی‌گزینی/محل خدمت است
1402,آموزش ابتدایی,دانشگاه فرهنگیان,پردیس شهید بهشتی بندرعباس,هرمزگان,در جدول ذکر نشده,,تعهد خدمت,2,مرد,در جدول ذکر نشده,پردیس شهید بهشتی بندرعباس /  اولویت پذیرش با داوطلبان بومی شهرستان بندرلنگه/محل خدمت کیش؛ پذیرش دانشجو‌معلم با تعهد خدمت؛ ضوابط بخش فرهنگیان دفترچه,1402-correction-5,12,1402-humanities-booklet,394,کدرشته‌محل منبع: 52482؛ عنوان رشته در منبع: آموزش ابتدایی؛ نحوه پذیرش: با آزمون (بخش دانشجو‌معلم)؛ استان در این ردیف مربوط به بومی‌گزینی/محل خدمت است؛ اصلاحیه: location
1402,آموزش ابتدایی,دانشگاه فرهنگیان,پردیس شهید بهشتی بندرعباس,هرمزگان,در جدول ذکر نشده,,تعهد خدمت,10,مرد,در جدول ذکر نشده,پردیس شهید بهشتی بندرعباس /  اولویت پذیرش با داوطلبان بومی شهرستانهای بندرعباس ا بوموسی، خمیر/محل خدمت بندرعباس .ناحیه1؛ پذیرش دانشجو‌معلم با تعهد خدمت؛ ضوابط بخش فرهنگیان دفترچه,1402-correction-5,12,1402-humanities-booklet,394,کدرشته‌محل منبع: 52483؛ عنوان رشته در منبع: آموزش ابتدایی؛ نحوه پذیرش: با آزمون (بخش دانشجو‌معلم)؛ استان در این ردیف مربوط به بومی‌گزینی/محل خدمت است؛ اصلاحیه: location
1402,آموزش ابتدایی,دانشگاه فرهنگیان,پردیس شهید بهشتی بندرعباس,هرمزگان,در جدول ذکر نشده,,تعهد خدمت,9,مرد,در جدول ذکر نشده,پردیس شهید بهشتی بندرعباس /  اولویت پذیرش با داوطلبان بومی شهرستانهای بندرعباس ابوموسی، خمیر/محل خدمت بندرعباس .ناحیه2؛ پذیرش دانشجو‌معلم با تعهد خدمت؛ ضوابط بخش فرهنگیان دفترچه,1402-correction-5,12,1402-humanities-booklet,394,کدرشته‌محل منبع: 52484؛ عنوان رشته در منبع: آموزش ابتدایی؛ نحوه پذیرش: با آزمون (بخش دانشجو‌معلم)؛ استان در این ردیف مربوط به بومی‌گزینی/محل خدمت است؛ اصلاحیه: location
1402,آموزش ابتدایی,دانشگاه فرهنگیان,پردیس شهید بهشتی بندرعباس,هرمزگان,در جدول ذکر نشده,,تعهد خدمت,4,مرد,در جدول ذکر نشده,پردیس شهید بهشتی بندرعباس /  اولویت پذیرش با داوطلبان بومی شهرستانهای بندرعباس، ابوموسی، خمیر/محل خدمت خمیر؛ پذیرش دانشجو‌معلم با تعهد خدمت؛ ضوابط بخش فرهنگیان دفترچه,1402-correction-5,12,1402-humanities-booklet,394,کدرشته‌محل منبع: 52485؛ عنوان رشته در منبع: آموزش ابتدایی؛ نحوه پذیرش: با آزمون (بخش دانشجو‌معلم)؛ استان در این ردیف مربوط به بومی‌گزینی/محل خدمت است؛ اصلاحیه: location
1402,آموزش ابتدایی,دانشگاه فرهنگیان,پردیس شهید بهشتی بندرعباس,هرمزگان,در جدول ذکر نشده,,تعهد خدمت,1,مرد,در جدول ذکر نشده,پردیس شهید بهشتی بندرعباس /  اولویت پذیرش با داوطلبان بومی شهرستانهای بندرعباس ابوموسی، خمیر/محل خدمت فین؛ پذیرش دانشجو‌معلم با تعهد خدمت؛ ضوابط بخش فرهنگیان دفترچه,1402-correction-5,12,1402-humanities-booklet,394,کدرشته‌محل منبع: 52486؛ عنوان رشته در منبع: آموزش ابتدایی؛ نحوه پذیرش: با آزمون (بخش دانشجو‌معلم)؛ استان در این ردیف مربوط به بومی‌گزینی/محل خدمت است؛ اصلاحیه: location
1402,آموزش ابتدایی,دانشگاه فرهنگیان,پردیس شهید بهشتی بندرعباس,هرمزگان,در جدول ذکر نشده,,تعهد خدمت,1,مرد,در جدول ذکر نشده,پردیس شهید بهشتی بندرعباس /  اولویت پذیرش با داوطلبان بومی شهرستانهای بندرعباس، ابوموسی، خمیر/محل خدمت ابوموسی؛ پذیرش دانشجو‌معلم با تعهد خدمت؛ ضوابط بخش فرهنگیان دفترچه,1402-correction-5,12,1402-humanities-booklet,394,کدرشته‌محل منبع: 52487؛ عنوان رشته در منبع: آموزش ابتدایی؛ نحوه پذیرش: با آزمون (بخش دانشجو‌معلم)؛ استان در این ردیف مربوط به بومی‌گزینی/محل خدمت است؛ اصلاحیه: location
1402,آموزش ابتدایی,دانشگاه فرهنگیان,پردیس شهید بهشتی بندرعباس,هرمزگان,در جدول ذکر نشده,,تعهد خدمت,1,مرد,در جدول ذکر نشده,پردیس شهید بهشتی بندرعباس /  اولویت پذیرش با داوطلبان بومی شهرستانهای بندرعباس ابوموسی، خمیر/محل خدمت هرمز؛ پذیرش دانشجو‌معلم با تعهد خدمت؛ ضوابط بخش فرهنگیان دفترچه,1402-correction-5,12,1402-humanities-booklet,394,کدرشته‌محل منبع: 52488؛ عنوان رشته در منبع: آموزش ابتدایی؛ نحوه پذیرش: با آزمون (بخش دانشجو‌معلم)؛ استان در این ردیف مربوط به بومی‌گزینی/محل خدمت است؛ اصلاحیه: location
1402,آموزش ابتدایی,دانشگاه فرهنگیان,پردیس شهید بهشتی بندرعباس,هرمزگان,در جدول ذکر نشده,,تعهد خدمت,3,مرد,در جدول ذکر نشده,پردیس شهید بهشتی بندرعباس /  اولویت پذیرش با داوطلبان بومی شهرستان بستک/محل خدمت بستک؛ پذیرش دانشجو‌معلم با تعهد خدمت؛ ضوابط بخش فرهنگیان دفترچه,1402-correction-5,12,1402-humanities-booklet,394,کدرشته‌محل منبع: 52489؛ عنوان رشته در منبع: آموزش ابتدایی؛ نحوه پذیرش: با آزمون (بخش دانشجو‌معلم)؛ استان در این ردیف مربوط به بومی‌گزینی/محل خدمت است؛ اصلاحیه: location
1402,آموزش ابتدایی,دانشگاه فرهنگیان,پردیس شهید بهشتی بندرعباس,هرمزگان,در جدول ذکر نشده,,تعهد خدمت,3,مرد,در جدول ذکر نشده,پردیس شهید بهشتی بندرعباس /  اولویت پذیرش با داوطلبان بومی شهرستان بستک/محل خدمت جناح؛ پذیرش دانشجو‌معلم با تعهد خدمت؛ ضوابط بخش فرهنگیان دفترچه,1402-correction-5,12,1402-humanities-booklet,394,کدرشته‌محل منبع: 52490؛ عنوان رشته در منبع: آموزش ابتدایی؛ نحوه پذیرش: با آزمون (بخش دانشجو‌معلم)؛ استان در این ردیف مربوط به بومی‌گزینی/محل خدمت است؛ اصلاحیه: location
1402,آموزش ابتدایی,دانشگاه فرهنگیان,پردیس شهید بهشتی بندرعباس,هرمزگان,در جدول ذکر نشده,,تعهد خدمت,7,مرد,در جدول ذکر نشده,پردیس شهید بهشتی بندرعباس /  اولویت پذیرش با داوطلبان بومی شهرستان قشم/محل خدمت قشم؛ پذیرش دانشجو‌معلم با تعهد خدمت؛ ضوابط بخش فرهنگیان دفترچه,1402-correction-5,12,1402-humanities-booklet,394,کدرشته‌محل منبع: 52491؛ عنوان رشته در منبع: آموزش ابتدایی؛ نحوه پذیرش: با آزمون (بخش دانشجو‌معلم)؛ استان در این ردیف مربوط به بومی‌گزینی/محل خدمت است؛ اصلاحیه: location
1402,آموزش ابتدایی,دانشگاه فرهنگیان,پردیس شهید بهشتی بندرعباس,هرمزگان,در جدول ذکر نشده,,تعهد خدمت,3,مرد,در جدول ذکر نشده,پردیس شهید بهشتی بندرعباس /  اولویت پذیرش با داوطلبان بومی شهرستان قشم/محل خدمت شهاب؛ پذیرش دانشجو‌معلم با تعهد خدمت؛ ضوابط بخش فرهنگیان دفترچه,1402-correction-5,12,1402-humanities-booklet,394,کدرشته‌محل منبع: 52492؛ عنوان رشته در منبع: آموزش ابتدایی؛ نحوه پذیرش: با آزمون (بخش دانشجو‌معلم)؛ استان در این ردیف مربوط به بومی‌گزینی/محل خدمت است؛ اصلاحیه: location
1402,آموزش ابتدایی,دانشگاه فرهنگیان,پردیس شهید بهشتی بندرعباس,هرمزگان,در جدول ذکر نشده,,تعهد خدمت,5,مرد,در جدول ذکر نشده,پردیس شهید بهشتی بندرعباس /  اولویت پذیرش با داوطلبان بومی شهرستانهای بشاگرد، جاسک، سیریک، رودان، میناب/محل خدمت جاسک؛ پذیرش دانشجو‌معلم با تعهد خدمت؛ ضوابط بخش فرهنگیان دفترچه,1402-correction-5,12,1402-humanities-booklet,394,کدرشته‌محل منبع: 52493؛ عنوان رشته در منبع: آموزش ابتدایی؛ نحوه پذیرش: با آزمون (بخش دانشجو‌معلم)؛ استان در این ردیف مربوط به بومی‌گزینی/محل خدمت است؛ اصلاحیه: location
1402,آموزش ابتدایی,دانشگاه فرهنگیان,پردیس شهید بهشتی بندرعباس,هرمزگان,در جدول ذکر نشده,,تعهد خدمت,12,مرد,در جدول ذکر نشده,پردیس شهید بهشتی بندرعباس /  اولویت پذیرش با داوطلبا ن بومی شهرستانهای بشاگرد، جاسک، سیریک، رودان، میناب/محل خدمت میناب؛ پذیرش دانشجو‌معلم با تعهد خدمت؛ ضوابط بخش فرهنگیان دفترچه,1402-correction-5,12,1402-humanities-booklet,395,کدرشته‌محل منبع: 52494؛ عنوان رشته در منبع: آموزش ابتدایی؛ نحوه پذیرش: با آزمون (بخش دانشجو‌معلم)؛ استان در این ردیف مربوط به بومی‌گزینی/محل خدمت است؛ اصلاحیه: location
1402,آموزش ابتدایی,دانشگاه فرهنگیان,پردیس شهید بهشتی بندرعباس,هرمزگان,در جدول ذکر نشده,,تعهد خدمت,4,مرد,در جدول ذکر نشده,پردیس شهید بهشتی بندرعباس /  اولویت پذیرش با داوطلبان بومی شهرستانهای بشاگرد جاسک، سیریک، رودان، میناب/محل خدمت بشاگرد؛ پذیرش دانشجو‌معلم با تعهد خدمت؛ ضوابط بخش فرهنگیان دفترچه,1402-correction-5,12,1402-humanities-booklet,395,کدرشته‌محل منبع: 52495؛ عنوان رشته در منبع: آموزش ابتدایی؛ نحوه پذیرش: با آزمون (بخش دانشجو‌معلم)؛ استان در این ردیف مربوط به بومی‌گزینی/محل خدمت است؛ اصلاحیه: location
1402,آموزش ابتدایی,دانشگاه فرهنگیان,پردیس شهید بهشتی بندرعباس,هرمزگان,در جدول ذکر نشده,,تعهد خدمت,5,مرد,در جدول ذکر نشده,پردیس شهید بهشتی بندرعباس /  اولویت پذیرش با داوطلبان بومی شهرستانهای بشاگرد، جاسک، سیریک، رودان، میناب/محل خدمت رودان؛ پذیرش دانشجو‌معلم با تعهد خدمت؛ ضوابط بخش فرهنگیان دفترچه,1402-correction-5,12,1402-humanities-booklet,395,کدرشته‌محل منبع: 52496؛ عنوان رشته در منبع: آموزش ابتدایی؛ نحوه پذیرش: با آزمون (بخش دانشجو‌معلم)؛ استان در این ردیف مربوط به بومی‌گزینی/محل خدمت است؛ اصلاحیه: location
1402,آموزش ابتدایی,دانشگاه فرهنگیان,پردیس شهید بهشتی بندرعباس,هرمزگان,در جدول ذکر نشده,,تعهد خدمت,2,مرد,در جدول ذکر نشده,پردیس شهید بهشتی بندرعباس /  اولویت پذیرش با داوطلبان بومی شهرستانهای بشاگرد جاسک، سیریک، رودان، میناب/محل خدمت رودخا نه؛ پذیرش دانشجو‌معلم با تعهد خدمت؛ ضوابط بخش فرهنگیان دفترچه,1402-correction-5,12,1402-humanities-booklet,395,کدرشته‌محل منبع: 52497؛ عنوان رشته در منبع: آموزش ابتدایی؛ نحوه پذیرش: با آزمون (بخش دانشجو‌معلم)؛ استان در این ردیف مربوط به بومی‌گزینی/محل خدمت است؛ اصلاحیه: location
1402,آموزش ابتدایی,دانشگاه فرهنگیان,پردیس شهید بهشتی بندرعباس,هرمزگان,در جدول ذکر نشده,,تعهد خدمت,2,مرد,در جدول ذکر نشده,پردیس شهید بهشتی بندرعباس /  اولویت پذیرش با داوطلبان بومی شهرستانهای بشاگرد جاسک، سیریک، رودان، میناب/محل خدمت سندرک؛ پذیرش دانشجو‌معلم با تعهد خدمت؛ ضوابط بخش فرهنگیان دفترچه,1402-correction-5,12,1402-humanities-booklet,395,کدرشته‌محل منبع: 52498؛ عنوان رشته در منبع: آموزش ابتدایی؛ نحوه پذیرش: با آزمون (بخش دانشجو‌معلم)؛ استان در این ردیف مربوط به بومی‌گزینی/محل خدمت است؛ اصلاحیه: location
1402,آموزش ابتدایی,دانشگاه فرهنگیان,پردیس شهید بهشتی بندرعباس,هرمزگان,در جدول ذکر نشده,,تعهد خدمت,5,مرد,در جدول ذکر نشده,پردیس شهید بهشتی بندرعباس /  اولویت پذیرش با داوطلبان بومی شهرستانهای بشاگرد ، جاسک، سیریک، رودان، میناب/محل خدمت سیریک؛ پذیرش دانشجو‌معلم با تعهد خدمت؛ ضوابط بخش فرهنگیان دفترچه,1402-correction-5,12,1402-humanities-booklet,395,کدرشته‌محل منبع: 52499؛ عنوان رشته در منبع: آموزش ابتدایی؛ نحوه پذیرش: با آزمون (بخش دانشجو‌معلم)؛ استان در این ردیف مربوط به بومی‌گزینی/محل خدمت است؛ اصلاحیه: location
1402,آموزش ابتدایی,دانشگاه فرهنگیان,پردیس شهید بهشتی بندرعباس,هرمزگان,در جدول ذکر نشده,,تعهد خدمت,3,مرد,در جدول ذکر نشده,پردیس شهید بهشتی بندرعباس /  اولویت پذیرش با داوطلبان بومی شهرستانهای بشاگرد جاسک، سیریک، رودان، میناب/محل خدمت لیردف؛ پذیرش دانشجو‌معلم با تعهد خدمت؛ ضوابط بخش فرهنگیان دفترچه,1402-correction-5,12,1402-humanities-booklet,395,کدرشته‌محل منبع: 52500؛ عنوان رشته در منبع: آموزش ابتدایی؛ نحوه پذیرش: با آزمون (بخش دانشجو‌معلم)؛ استان در این ردیف مربوط به بومی‌گزینی/محل خدمت است؛ اصلاحیه: location
1402,آموزش ابتدایی,دانشگاه فرهنگیان,پردیس شهید بهشتی بندرعباس,هرمزگان,در جدول ذکر نشده,,تعهد خدمت,5,مرد,در جدول ذکر نشده,پردیس شهید بهشتی بندرعباس /  اولویت پذیرش با داوطلبان بومی شهرستان حاجی آباد/محل خدمت حاجی آباد؛ پذیرش دانشجو‌معلم با تعهد خدمت؛ ضوابط بخش فرهنگیان دفترچه,1402-correction-5,12,1402-humanities-booklet,395,کدرشته‌محل منبع: 52501؛ عنوان رشته در منبع: آموزش ابتدایی؛ نحوه پذیرش: با آزمون (بخش دانشجو‌معلم)؛ استان در این ردیف مربوط به بومی‌گزینی/محل خدمت است؛ اصلاحیه: location
1402,آموزش ابتدایی,دانشگاه فرهنگیان,پردیس شهید بهشتی بندرعباس,هرمزگان,در جدول ذکر نشده,,تعهد خدمت,2,مرد,در جدول ذکر نشده,پردیس شهید بهشتی بندرعباس /  اولویت پذیرش با داوطلبان بومی شهرستان بندرلنگه/محل خدمت شیب کوه هرمزگان؛ پذیرش دانشجو‌معلم با تعهد خدمت؛ ضوابط بخش فرهنگیان دفترچه,1402-correction-5,12,1402-humanities-booklet,395,کدرشته‌محل منبع: 52502؛ عنوان رشته در منبع: آموزش ابتدایی؛ نحوه پذیرش: با آزمون (بخش دانشجو‌معلم)؛ استان در این ردیف مربوط به بومی‌گزینی/محل خدمت است؛ اصلاحیه: location
1402,آموزش ابتدایی,دانشگاه فرهنگیان,پردیس شهید بهشتی بندرعباس,هرمزگان,در جدول ذکر نشده,,تعهد خدمت,6,مرد,در جدول ذکر نشده,پردیس شهید بهشتی بندرعباس /  اولویت ذیرش با داوطلبان بومی شهرستان بندرلنگه/محل خدمت بندرلنگه؛ پذیرش دانشجو‌معلم با تعهد خدمت؛ ضوابط بخش فرهنگیان دفترچه,1402-correction-5,12,1402-humanities-booklet,395,کدرشته‌محل منبع: 52503؛ عنوان رشته در منبع: آموزش ابتدایی؛ نحوه پذیرش: با آزمون (بخش دانشجو‌معلم)؛ استان در این ردیف مربوط به بومی‌گزینی/محل خدمت است؛ اصلاحیه: location
1402,آموزش ابتدایی,دانشگاه فرهنگیان,پردیس شهید بهشتی بندرعباس,هرمزگان,در جدول ذکر نشده,,تعهد خدمت,6,مرد,در جدول ذکر نشده,پردیس شهید بهشتی بندرعباس /  اولویت پذیرش با داوطلبان بومی شهرستان پارسیان/محل خدمت پارسیان؛ پذیرش دانشجو‌معلم با تعهد خدمت؛ ضوابط بخش فرهنگیان دفترچه,1402-correction-5,12,1402-humanities-booklet,395,کدرشته‌محل منبع: 52504؛ عنوان رشته در منبع: آموزش ابتدایی؛ نحوه پذیرش: با آزمون (بخش دانشجو‌معلم)؛ استان در این ردیف مربوط به بومی‌گزینی/محل خدمت است؛ اصلاحیه: location
1402,آموزش ابتدایی,دانشگاه فرهنگیان,پردیس فاطمه الزهراء)س( بندرعباس,هرمزگان,در جدول ذکر نشده,,تعهد خدمت,2,زن,در جدول ذکر نشده,ادامه مخصوص داوطلبان بومی استان هرمزگان؛ پردیس فاطمه الزهراء)س( بندرعباس/ اولویت پذیرش با دا وطلبان بومی شهرستان پارسیان/محل خدمت پارسیان؛ پذیرش دانشجو‌معلم با تعهد خدمت؛ ضوابط بخش فرهنگیان دفترچه,1402-humanities-booklet,395,1402-humanities-booklet,395,کدرشته‌محل منبع: 52505؛ عنوان رشته در منبع: آموزش ابتدایی؛ نحوه پذیرش: با آزمون (بخش دانشجو‌معلم)؛ استان در این ردیف مربوط به بومی‌گزینی/محل خدمت است
1402,آموزش ابتدایی,دانشگاه فرهنگیان,پردیس فاطمه الزهراء)س( بندرعباس,هرمزگان,در جدول ذکر نشده,,تعهد خدمت,2,زن,در جدول ذکر نشده,ادامه مخصوص داوطلبان بومی استان هرمزگان؛ پردیس فاطمه الزهراء)س( بندرعباس/ اولویت پذیرش با داوطلبان بومی شهرستان حاجی آباد/محل خدمت حاجی آباد؛ پذیرش دانشجو‌معلم با تعهد خدمت؛ ضوابط بخش فرهنگیان دفترچه,1402-humanities-booklet,395,1402-humanities-booklet,395,کدرشته‌محل منبع: 52506؛ عنوان رشته در منبع: آموزش ابتدایی؛ نحوه پذیرش: با آزمون (بخش دانشجو‌معلم)؛ استان در این ردیف مربوط به بومی‌گزینی/محل خدمت است
1402,آموزش ابتدایی,دانشگاه فرهنگیان,پردیس فاطمه الزهراء)س( بندرعباس,هرمزگان,در جدول ذکر نشده,,تعهد خدمت,2,زن,در جدول ذکر نشده,ادامه مخصوص داوطلبان بومی استان هرمزگان؛ پردیس فاطمه الزهراء)س( بندرعباس/ اولویت پذیرش با داوطلبان ب ومی شهرستانهای بشاگرد، جاسک، سیریک، رودان، میناب/محل خدمت جاسک؛ پذیرش دانشجو‌معلم با تعهد خدمت؛ ضوابط بخش فرهنگیان دفترچه,1402-humanities-booklet,395,1402-humanities-booklet,395,کدرشته‌محل منبع: 52507؛ عنوان رشته در منبع: آموزش ابتدایی؛ نحوه پذیرش: با آزمون (بخش دانشجو‌معلم)؛ استان در این ردیف مربوط به بومی‌گزینی/محل خدمت است
1402,آموزش ابتدایی,دانشگاه فرهنگیان,،پردیس فاطمه الزهراء)س( بندرعباس,هرمزگان,در جدول ذکر نشده,,تعهد خدمت,11,زن,در جدول ذکر نشده,ادامه مخصوص داوطلبان بومی استان هرمزگان؛ ،پردیس فاطمه الزهراء)س( بندرعباس/ اولویت پذیرش با داوطلبان بومی شهرستانهای بشاگرد جاسک، سیریک، رودان، میناب/محل خدمت میناب؛ پذیرش دانشجو‌معلم با تعهد خدمت؛ ضوابط بخش فرهنگیان دفترچه,1402-humanities-booklet,395,1402-humanities-booklet,395,کدرشته‌محل منبع: 52508؛ عنوان رشته در منبع: آموزش ابتدایی؛ نحوه پذیرش: با آزمون (بخش دانشجو‌معلم)؛ استان در این ردیف مربوط به بومی‌گزینی/محل خدمت است
1402,آموزش ابتدایی,دانشگاه فرهنگیان,پردیس فاطمه الزهر اء)س( بندرعباس,هرمزگان,در جدول ذکر نشده,,تعهد خدمت,4,زن,در جدول ذکر نشده,ادامه مخصوص داوطلبان بومی استان هرمزگان؛ پردیس فاطمه الزهر اء)س( بندرعباس/ اولویت پذیرش با داوطلبان بومی شهرستانهای بشاگرد، جاسک، سیریک، رودان، میناب/محل خدمت بشاگرد؛ پذیرش دانشجو‌معلم با تعهد خدمت؛ ضوابط بخش فرهنگیان دفترچه,1402-humanities-booklet,395,1402-humanities-booklet,395,کدرشته‌محل منبع: 52509؛ عنوان رشته در منبع: آموزش ابتدایی؛ نحوه پذیرش: با آزمون (بخش دانشجو‌معلم)؛ استان در این ردیف مربوط به بومی‌گزینی/محل خدمت است
1402,آموزش ابتدایی,دانشگاه فرهنگیان,،پردیس فاطمه الزهراء)س( بندرعباس,هرمزگان,در جدول ذکر نشده,,تعهد خدمت,5,زن,در جدول ذکر نشده,ادامه مخصوص داوطلبان بومی استان هرمزگان؛ ،پردیس فاطمه الزهراء)س( بندرعباس/ اولویت پذیرش با داوطلبان بومی شهرستانهای بشاگرد جاسک، سیریک، رودان، میناب/محل خدمت رودان؛ پذیرش دانشجو‌معلم با تعهد خدمت؛ ضوابط بخش فرهنگیان دفترچه,1402-humanities-booklet,395,1402-humanities-booklet,395,کدرشته‌محل منبع: 52510؛ عنوان رشته در منبع: آموزش ابتدایی؛ نحوه پذیرش: با آزمون (بخش دانشجو‌معلم)؛ استان در این ردیف مربوط به بومی‌گزینی/محل خدمت است
1402,آموزش ابتدایی,دانشگاه فرهنگیان,،پردیس فاطمه الزهراء)س( بندرعباس,هرمزگان,در جدول ذکر نشده,,تعهد خدمت,1,زن,در جدول ذکر نشده,ادامه مخصوص داوطلبان بومی استان هرمزگان؛ ،پردیس فاطمه الزهراء)س( بندرعباس/ اولویت پذیرش با داوطلبان بومی شهرستانهای بشاگرد جاسک، سیریک، رودان، میناب/محل خدمت رودخانه؛ پذیرش دانشجو‌معلم با تعهد خدمت؛ ضوابط بخش فرهنگیان دفترچه,1402-humanities-booklet,395,1402-humanities-booklet,395,کدرشته‌محل منبع: 52511؛ عنوان رشته در منبع: آموزش ابتدایی؛ نحوه پذیرش: با آزمون (بخش دانشجو‌معلم)؛ استان در این ردیف مربوط به بومی‌گزینی/محل خدمت است
1402,آموزش ابتدایی,دانشگاه فرهنگیان,پردیس فاطمه الزهراء)س( بندرعباس,هرمزگان,در جدول ذکر نشده,,تعهد خدمت,1,زن,در جدول ذکر نشده,ادامه مخصوص داوطلبان بومی استان هرمزگان؛ پردیس فاطمه الزهراء)س( بندرعباس/ اولویت پذیرش با داوطلبان بومی شهرستانهای بشاگر د، جاسک، سیریک، رودان، میناب/محل خدمت سندرک؛ پذیرش دانشجو‌معلم با تعهد خدمت؛ ضوابط بخش فرهنگیان دفترچه,1402-humanities-booklet,395,1402-humanities-booklet,395,کدرشته‌محل منبع: 52512؛ عنوان رشته در منبع: آموزش ابتدایی؛ نحوه پذیرش: با آزمون (بخش دانشجو‌معلم)؛ استان در این ردیف مربوط به بومی‌گزینی/محل خدمت است
1402,آموزش ابتدایی,دانشگاه فرهنگیان,،پردیس فاطمه الزهراء)س( بندرعباس,هرمزگان,در جدول ذکر نشده,,تعهد خدمت,2,زن,در جدول ذکر نشده,ادامه مخصوص داوطلبان بومی استان هرمزگان؛ ،پردیس فاطمه الزهراء)س( بندرعباس/ اولویت پذیرش با داوطلبان بومی شهرستانهای بشاگرد جاسک، سیریک، رودان، میناب/محل خدمت سیریک؛ پذیرش دانشجو‌معلم با تعهد خدمت؛ ضوابط بخش فرهنگیان دفترچه,1402-humanities-booklet,395,1402-humanities-booklet,395,کدرشته‌محل منبع: 52513؛ عنوان رشته در منبع: آموزش ابتدایی؛ نحوه پذیرش: با آزمون (بخش دانشجو‌معلم)؛ استان در این ردیف مربوط به بومی‌گزینی/محل خدمت است
1402,آموزش ابتدایی,دانشگاه فرهنگیان,پردیس فاطمه الزهراء)س( بندرعباس,هرمزگان,در جدول ذکر نشده,,تعهد خدمت,2,زن,در جدول ذکر نشده,ادامه مخصوص داوطلبان بومی استان هرمزگان؛ پردیس فاطمه الزهراء)س( بندرعباس/ اولو یت پذیرش با داوطلبان بومی شهرستانهای بشاگرد، جاسک، سیریک، رودان، میناب/محل خدمت لیردف؛ پذیرش دانشجو‌معلم با تعهد خدمت؛ ضوابط بخش فرهنگیان دفترچه,1402-humanities-booklet,395,1402-humanities-booklet,395,کدرشته‌محل منبع: 52514؛ عنوان رشته در منبع: آموزش ابتدایی؛ نحوه پذیرش: با آزمون (بخش دانشجو‌معلم)؛ استان در این ردیف مربوط به بومی‌گزینی/محل خدمت است
1402,آموزش ابتدایی,دانشگاه فرهنگیان,پردیس فاطمه الزهراء)س( بندرعباس,هرمزگان,در جدول ذکر نشده,,تعهد خدمت,3,زن,در جدول ذکر نشده,ادامه مخصوص داوطلبان بومی استان هرمزگان؛ پردیس فاطمه الزهراء)س( بندرعباس/ اولویت پذیرش با داوطلبان بومی شهرستان قشم/محل خدمت قشم؛ پذیرش دانشجو‌معلم با تعهد خدمت؛ ضوابط بخش فرهنگیان دفترچه,1402-humanities-booklet,395,1402-humanities-booklet,395,کدرشته‌محل منبع: 52515؛ عنوان رشته در منبع: آموزش ابتدایی؛ نحوه پذیرش: با آزمون (بخش دانشجو‌معلم)؛ استان در این ردیف مربوط به بومی‌گزینی/محل خدمت است
1402,آموزش ابتدایی,دانشگاه فرهنگیان,پردیس فاطمه الزهراء)س( بندرعبا س,هرمزگان,در جدول ذکر نشده,,تعهد خدمت,2,زن,در جدول ذکر نشده,ادامه مخصوص داوطلبان بومی استان هرمزگان؛ پردیس فاطمه الزهراء)س( بندرعبا س/ اولویت پذیرش با داوطلبان بومی شهرستان قشم/محل خدمت شهاب؛ پذیرش دانشجو‌معلم با تعهد خدمت؛ ضوابط بخش فرهنگیان دفترچه,1402-humanities-booklet,395,1402-humanities-booklet,395,کدرشته‌محل منبع: 52516؛ عنوان رشته در منبع: آموزش ابتدایی؛ نحوه پذیرش: با آزمون (بخش دانشجو‌معلم)؛ استان در این ردیف مربوط به بومی‌گزینی/محل خدمت است
1402,آموزش ابتدایی,دانشگاه فرهنگیان,پردیس فاطمه الزهراء)س( بندرعباس,هرمزگان,در جدول ذکر نشده,,تعهد خدمت,2,زن,در جدول ذکر نشده,ادامه مخصوص داوطلبان بومی استان هرمزگان؛ پردیس فاطمه الزهراء)س( بندرعباس/ اولویت پذیرش با داوطلبان بومی شهرستان بستک/محل خدمت بستک؛ پذیرش دانشجو‌معلم با تعهد خدمت؛ ضوابط بخش فرهنگیان دفترچه,1402-humanities-booklet,395,1402-humanities-booklet,395,کدرشته‌محل منبع: 52517؛ عنوان رشته در منبع: آموزش ابتدایی؛ نحوه پذیرش: با آزمون (بخش دانشجو‌معلم)؛ استان در این ردیف مربوط به بومی‌گزینی/محل خدمت است
1402,آموزش ابتدایی,دانشگاه فرهنگیان,پردیس فاطمه الزهراء)س( بندرعباس,هرمزگان,در جدول ذکر نشده,,تعهد خدمت,2,زن,در جدول ذکر نشده,ادامه مخصوص داوطلبان بومی استان هرمزگان؛ پردیس فاطمه الزهراء)س( بندرعباس/ اولویت پذیرش با داوطلب ان بومی شهرستان بستک/محل خدمت جناح؛ پذیرش دانشجو‌معلم با تعهد خدمت؛ ضوابط بخش فرهنگیان دفترچه,1402-humanities-booklet,395,1402-humanities-booklet,395,کدرشته‌محل منبع: 52518؛ عنوان رشته در منبع: آموزش ابتدایی؛ نحوه پذیرش: با آزمون (بخش دانشجو‌معلم)؛ استان در این ردیف مربوط به بومی‌گزینی/محل خدمت است
1402,آموزش ابتدایی,دانشگاه فرهنگیان,،پردیس فاطمه الزهراء)س( بندرعباس,هرمزگان,در جدول ذکر نشده,,تعهد خدمت,8,زن,در جدول ذکر نشده,ادامه مخصوص داوطلبان بومی استان هرمزگان؛ ،پردیس فاطمه الزهراء)س( بندرعباس/ اولویت پذیرش با داوطلبان بومی شهرستانهای بندرعباس ابوموسی، خمیر/محل خدمت بندرعباس .ناحیه1؛ پذیرش دانشجو‌معلم با تعهد خدمت؛ ضوابط بخش فرهنگیان دفترچه,1402-humanities-booklet,395,1402-humanities-booklet,395,کدرشته‌محل منبع: 52519؛ عنوان رشته در منبع: آموزش ابتدایی؛ نحوه پذیرش: با آزمون (بخش دانشجو‌معلم)؛ استان در این ردیف مربوط به بومی‌گزینی/محل خدمت است
1402,آموزش ابتدایی,دانشگاه فرهنگیان,پردیس فاطمه الزهراء)س( بندرعباس,هرمزگان,در جدول ذکر نشده,,تعهد خدمت,8,زن,در جدول ذکر نشده,ادامه مخصوص داوطلبان بومی استان هرمزگان؛ پردیس فاطمه الزهراء)س( بندرعباس/ اولویت پذیر ش با داوطلبان بومی شهرستانهای بندرعباس، ابوموسی، خمیر/محل خدمت بندرعباس .ناحیه2؛ پذیرش دانشجو‌معلم با تعهد خدمت؛ ضوابط بخش فرهنگیان دفترچه,1402-humanities-booklet,395,1402-humanities-booklet,395,کدرشته‌محل منبع: 52520؛ عنوان رشته در منبع: آموزش ابتدایی؛ نحوه پذیرش: با آزمون (بخش دانشجو‌معلم)؛ استان در این ردیف مربوط به بومی‌گزینی/محل خدمت است
1402,آموزش ابتدایی,دانشگاه فرهنگیان,پردیس فاطمه الزهراء)س( بندرعباس,هرمزگان,در جدول ذکر نشده,,تعهد خدمت,2,زن,در جدول ذکر نشده,ادامه مخصوص داوطلبان بومی استان هرمزگان؛ پردیس فاطمه الزهراء)س( بندرعباس/ اولویت پذیرش با داوطلبان بومی شهرستانهای بندرعباس، ابوموسی، خمیر/محل خدمت خمیر؛ پذیرش دانشجو‌معلم با تعهد خدمت؛ ضوابط بخش فرهنگیان دفترچه,1402-humanities-booklet,396,1402-humanities-booklet,396,کدرشته‌محل منبع: 52521؛ عنوان رشته در منبع: آموزش ابتدایی؛ نحوه پذیرش: با آزمون (بخش دانشجو‌معلم)؛ استان در این ردیف مربوط به بومی‌گزینی/محل خدمت است
1402,آموزش ابتدایی,دانشگاه فرهنگیان,،پردیس فاطمه الزهراء)س( بندرعباس,هرمزگان,در جدول ذکر نشده,,تعهد خدمت,1,زن,در جدول ذکر نشده,ادامه مخصوص داوطلبان بومی استان هرمزگان؛ ،پردیس فاطمه الزهراء)س( بندرعباس/ اولویت پذیرش با داوطلبان بومی شهرستانهای بندرعباس ابوموسی، خمیر/محل خدمت فین؛ پذیرش دانشجو‌معلم با تعهد خدمت؛ ضوابط بخش فرهنگیان دفترچه,1402-humanities-booklet,396,1402-humanities-booklet,396,کدرشته‌محل منبع: 52522؛ عنوان رشته در منبع: آموزش ابتدایی؛ نحوه پذیرش: با آزمون (بخش دانشجو‌معلم)؛ استان در این ردیف مربوط به بومی‌گزینی/محل خدمت است
1402,آموزش ابتدایی,دانشگاه فرهنگیان,)پردیس فاطمه الزهراء س( بندرعباس,هرمزگان,در جدول ذکر نشده,,تعهد خدمت,1,زن,در جدول ذکر نشده,ادامه مخصوص داوطلبان بومی استان هرمزگان؛ )پردیس فاطمه الزهراء س( بندرعباس/ اولویت پذیرش با داوطلبان بومی شهرستانهای بندرعباس، ابوموسی، خمیر/محل خدمت هرمز؛ پذیرش دانشجو‌معلم با تعهد خدمت؛ ضوابط بخش فرهنگیان دفترچه,1402-humanities-booklet,396,1402-humanities-booklet,396,کدرشته‌محل منبع: 52523؛ عنوان رشته در منبع: آموزش ابتدایی؛ نحوه پذیرش: با آزمون (بخش دانشجو‌معلم)؛ استان در این ردیف مربوط به بومی‌گزینی/محل خدمت است
1402,آموزش ابتدایی,دانشگاه فرهنگیان,پردیس فاطمه الزهراء)س( بندرعباس,هرمزگان,در جدول ذکر نشده,,تعهد خدمت,1,زن,در جدول ذکر نشده,ادامه مخصوص داوطلبان بومی استان هرمزگان؛ پردیس فاطمه الزهراء)س( بندرعباس/ اولویت پذیرش با داوطلبان بومی شهرستان بندرلنگه/محل خدمت کیش؛ پذیرش دانشجو‌معلم با تعهد خدمت؛ ضوابط بخش فرهنگیان دفترچه,1402-humanities-booklet,396,1402-humanities-booklet,396,کدرشته‌محل منبع: 52524؛ عنوان رشته در منبع: آموزش ابتدایی؛ نحوه پذیرش: با آزمون (بخش دانشجو‌معلم)؛ استان در این ردیف مربوط به بومی‌گزینی/محل خدمت است
1402,آموزش ابتدایی,دانشگاه فرهنگیان,پردیس فاطمه الزهراء )س( بندرعباس,هرمزگان,در جدول ذکر نشده,,تعهد خدمت,1,زن,در جدول ذکر نشده,ادامه مخصوص داوطلبان بومی استان هرمزگان؛ پردیس فاطمه الزهراء )س( بندرعباس/ اولویت پذیرش با داوطلبان بومی شهرستان بندرلنگه/محل خدمت شیب کوه هرمزگان؛ پذیرش دانشجو‌معلم با تعهد خدمت؛ ضوابط بخش فرهنگیان دفترچه,1402-humanities-booklet,396,1402-humanities-booklet,396,کدرشته‌محل منبع: 52525؛ عنوان رشته در منبع: آموزش ابتدایی؛ نحوه پذیرش: با آزمون (بخش دانشجو‌معلم)؛ استان در این ردیف مربوط به بومی‌گزینی/محل خدمت است
1402,آموزش ابتدایی,دانشگاه فرهنگیان,پردیس فاطمه الزهراء)س( بندرعباس,هرمزگان,در جدول ذکر نشده,,تعهد خدمت,3,زن,در جدول ذکر نشده,ادامه مخصوص داوطلبان بومی استان هرمزگان؛ پردیس فاطمه الزهراء)س( بندرعباس/ اولویت پذیرش با داوطلبان بومی شهرستان بندرلنگه/محل خدمت بندرلنگه؛ پذیرش دانشجو‌معلم با تعهد خدمت؛ ضوابط بخش فرهنگیان دفترچه,1402-humanities-booklet,396,1402-humanities-booklet,396,کدرشته‌محل منبع: 52526؛ عنوان رشته در منبع: آموزش ابتدایی؛ نحوه پذیرش: با آزمون (بخش دانشجو‌معلم)؛ استان در این ردیف مربوط به بومی‌گزینی/محل خدمت است
1402,آموزش ابتدایی,دانشگاه فرهنگیان,پردیس شهید باهنر همدان,همدان,در جدول ذکر نشده,,تعهد خدمت,5,زن,در جدول ذکر نشده,ادامه مخصوص داوطلبان بومی استان همدان؛ پردیس شهید باهنر همدان/ اولویت پذیرش با داوطلبان بومی شهرستانهای رزن، درگزین/محل خدمت قروه درجزین؛ پذیرش دانشجو‌معلم با تعهد خدمت؛ ضوابط بخش فرهنگیان دفترچه,1402-humanities-booklet,398,1402-humanities-booklet,398,کدرشته‌محل منبع: 52567؛ عنوان رشته در منبع: آموزش ابتدایی؛ نحوه پذیرش: با آزمون (بخش دانشجو‌معلم)؛ استان در این ردیف مربوط به بومی‌گزینی/محل خدمت است
1402,آموزش ابتدایی,دانشگاه فرهنگیان,پردیس شهید باهنر همدان,همدان,در جدول ذکر نشده,,تعهد خدمت,3,زن,در جدول ذکر نشده,ادامه مخصوص داوطلبان بومی استان همدان؛ پردیس شهید باهنر همدان/ اولویت پذیرش با داوطلبان بومی شهرستانهای رزن، درگزین/محل خدمت رزن؛ پذیرش دانشجو‌معلم با تعهد خدمت؛ ضوابط بخش فرهنگیان دفترچه,1402-humanities-booklet,398,1402-humanities-booklet,398,کدرشته‌محل منبع: 52568؛ عنوان رشته در منبع: آموزش ابتدایی؛ نحوه پذیرش: با آزمون (بخش دانشجو‌معلم)؛ استان در این ردیف مربوط به بومی‌گزینی/محل خدمت است
1402,آموزش ابتدایی,دانشگاه فرهنگیان,ش پردیس شهید باهنر همدان,همدان,در جدول ذکر نشده,,تعهد خدمت,4,زن,در جدول ذکر نشده,ادامه مخصوص داوطلبان بومی استان همدان؛ ش پردیس شهید باهنر همدان/ اولویت پذیرش با داوطلبان بومی هرستانهای رزن، درگزین/محل خدمت سردرود؛ پذیرش دانشجو‌معلم با تعهد خدمت؛ ضوابط بخش فرهنگیان دفترچه,1402-humanities-booklet,398,1402-humanities-booklet,398,کدرشته‌محل منبع: 52569؛ عنوان رشته در منبع: آموزش ابتدایی؛ نحوه پذیرش: با آزمون (بخش دانشجو‌معلم)؛ استان در این ردیف مربوط به بومی‌گزینی/محل خدمت است
1402,آموزش ابتدایی,دانشگاه فرهنگیان,پردیس شهید باهنر همدان,همدان,در جدول ذکر نشده,,تعهد خدمت,6,زن,در جدول ذکر نشده,ادامه مخصوص داوطلبان بومی استان همدان؛ پردیس شهید باهنر همدان/ اولویت پذیرش با داوطلبان بومی شهرستان اسد آباد/محل خدمت اسدآباد؛ پذیرش دانشجو‌معلم با تعهد خدمت؛ ضوابط بخش فرهنگیان دفترچه,1402-humanities-booklet,398,1402-humanities-booklet,398,کدرشته‌محل منبع: 52570؛ عنوان رشته در منبع: آموزش ابتدایی؛ نحوه پذیرش: با آزمون (بخش دانشجو‌معلم)؛ استان در این ردیف مربوط به بومی‌گزینی/محل خدمت است
1402,آموزش ابتدایی,دانشگاه فرهنگیان,پردیس شهید باهنر همدان,همدان,در جدول ذکر نشده,,تعهد خدمت,3,زن,در جدول ذکر نشده,ادامه مخصوص داوطلبان بومی استان همدان؛ پردیس شهید باهنر همدان/ اولویت پذیرش با داوطلبان بومی شهرستان تویسرکان/محل خدم ت تویسرکان؛ پذیرش دانشجو‌معلم با تعهد خدمت؛ ضوابط بخش فرهنگیان دفترچه,1402-humanities-booklet,398,1402-humanities-booklet,398,کدرشته‌محل منبع: 52571؛ عنوان رشته در منبع: آموزش ابتدایی؛ نحوه پذیرش: با آزمون (بخش دانشجو‌معلم)؛ استان در این ردیف مربوط به بومی‌گزینی/محل خدمت است
1402,آموزش ابتدایی,دانشگاه فرهنگیان,پردیس شهید باهنر همدان,همدان,در جدول ذکر نشده,,تعهد خدمت,8,زن,در جدول ذکر نشده,ادامه مخصوص داوطلبان بومی استان همدان؛ پردیس شهید باهنر همدان/ اولویت پذیرش با داوطلبان بومی شهرستان تویسرکان/محل خدمت ( قلقل رود)فرسفج؛ پذیرش دانشجو‌معلم با تعهد خدمت؛ ضوابط بخش فرهنگیان دفترچه,1402-humanities-booklet,398,1402-humanities-booklet,398,کدرشته‌محل منبع: 52572؛ عنوان رشته در منبع: آموزش ابتدایی؛ نحوه پذیرش: با آزمون (بخش دانشجو‌معلم)؛ استان در این ردیف مربوط به بومی‌گزینی/محل خدمت است
1402,آموزش ابتدایی,دانشگاه فرهنگیان,پردیس شهید باهنر همدان,همدان,در جدول ذکر نشده,,تعهد خدمت,3,زن,در جدول ذکر نشده,ادامه مخصوص داوطلبان بومی استان همدان؛ پردیس شهید باهنر همدان/ اولویت پذیرش با داوطلبان بومی شهرستان فامنین/محل خدمت فامنین؛ پذیرش دانشجو‌معلم با تعهد خدمت؛ ضوابط بخش فرهنگیان دفترچه,1402-humanities-booklet,398,1402-humanities-booklet,398,کدرشته‌محل منبع: 52573؛ عنوان رشته در منبع: آموزش ابتدایی؛ نحوه پذیرش: با آزمون (بخش دانشجو‌معلم)؛ استان در این ردیف مربوط به بومی‌گزینی/محل خدمت است
1402,آموزش ابتدایی,دانشگاه فرهنگیان,پردیس شهید باهنر همدان,همدان,در جدول ذکر نشده,,تعهد خدمت,2,زن,در جدول ذکر نشده,ادامه مخصوص داوطلبان بومی استان همدان؛ پردیس شهید باهنر همدان/ اولویت پذیرش با داوطلبان بومی شهرستان بهار/محل خدمت لالجین؛ پذیرش دانشجو‌معلم با تعهد خدمت؛ ضوابط بخش فرهنگیان دفترچه,1402-humanities-booklet,398,1402-humanities-booklet,398,کدرشته‌محل منبع: 52574؛ عنوان رشته در منبع: آموزش ابتدایی؛ نحوه پذیرش: با آزمون (بخش دانشجو‌معلم)؛ استان در این ردیف مربوط به بومی‌گزینی/محل خدمت است
1402,آموزش ابتدایی,دانشگاه فرهنگیان,پردیس شهید باهنر همدان,همدان,در جدول ذکر نشده,,تعهد خدمت,5,زن,در جدول ذکر نشده,ادامه مخصوص داوطلبان بومی استان همدان؛ پردیس شهید باهنر همدان/ اولویت پذیرش با داوطلبان بومی شهرستان بهار/محل خدمت بهار؛ پذیرش دانشجو‌معلم با تعهد خدمت؛ ضوابط بخش فرهنگیان دفترچه,1402-humanities-booklet,398,1402-humanities-booklet,398,کدرشته‌محل منبع: 52575؛ عنوان رشته در منبع: آموزش ابتدایی؛ نحوه پذیرش: با آزمون (بخش دانشجو‌معلم)؛ استان در این ردیف مربوط به بومی‌گزینی/محل خدمت است
1402,آموزش ابتدایی,دانشگاه فرهنگیان,پردیس شهید باهنر همدان,همدان,در جدول ذکر نشده,,تعهد خدمت,7,زن,در جدول ذکر نشده,ادامه مخصوص داوطلبان بومی استان همدان؛ پردیس شهید باهنر همدان/ ا ولویت پذیرش با داوطلبان بومی شهرستان ملایر/محل خدمت جوکار؛ پذیرش دانشجو‌معلم با تعهد خدمت؛ ضوابط بخش فرهنگیان دفترچه,1402-humanities-booklet,398,1402-humanities-booklet,398,کدرشته‌محل منبع: 52576؛ عنوان رشته در منبع: آموزش ابتدایی؛ نحوه پذیرش: با آزمون (بخش دانشجو‌معلم)؛ استان در این ردیف مربوط به بومی‌گزینی/محل خدمت است
1402,آموزش ابتدایی,دانشگاه فرهنگیان,پردیس شهید باهنر همدان,همدان,در جدول ذکر نشده,,تعهد خدمت,8,زن,در جدول ذکر نشده,ادامه مخصوص داوطلبان بومی استان همدان؛ پردیس شهید باهنر همدان/ اولویت پذیرش با داوطلبان بومی شهرستان ملایر/محل خدمت سامن؛ پذیرش دانشجو‌معلم با تعهد خدمت؛ ضوابط بخش فرهنگیان دفترچه,1402-humanities-booklet,398,1402-humanities-booklet,398,کدرشته‌محل منبع: 52577؛ عنوان رشته در منبع: آموزش ابتدایی؛ نحوه پذیرش: با آزمون (بخش دانشجو‌معلم)؛ استان در این ردیف مربوط به بومی‌گزینی/محل خدمت است
1402,آموزش ابتدایی,دانشگاه فرهنگیان,پردیس شهید باهنر همدان,همدان,در جدول ذکر نشده,,تعهد خدمت,3,زن,در جدول ذکر نشده,ادامه مخصوص داوطلبان بومی استان همدان؛ پردیس شهید باهنر همدان/ اولویت پذیرش با داوطلبان بومی شهرستان ملا یر/محل خدمت ملایر؛ پذیرش دانشجو‌معلم با تعهد خدمت؛ ضوابط بخش فرهنگیان دفترچه,1402-humanities-booklet,398,1402-humanities-booklet,398,کدرشته‌محل منبع: 52578؛ عنوان رشته در منبع: آموزش ابتدایی؛ نحوه پذیرش: با آزمون (بخش دانشجو‌معلم)؛ استان در این ردیف مربوط به بومی‌گزینی/محل خدمت است
1402,آموزش ابتدایی,دانشگاه فرهنگیان,پردیس شهید باهنر همدان,همدان,در جدول ذکر نشده,,تعهد خدمت,8,زن,در جدول ذکر نشده,ادامه مخصوص داوطلبان بومی استان همدان؛ پردیس شهید باهنر همدان/ اولویت پذیرش با داوطلبان بومی شهرستان کبودراهنگ/محل خدمت کبوترآهنگ؛ پذیرش دانشجو‌معلم با تعهد خدمت؛ ضوابط بخش فرهنگیان دفترچه,1402-humanities-booklet,398,1402-humanities-booklet,398,کدرشته‌محل منبع: 52579؛ عنوان رشته در منبع: آموزش ابتدایی؛ نحوه پذیرش: با آزمون (بخش دانشجو‌معلم)؛ استان در این ردیف مربوط به بومی‌گزینی/محل خدمت است
1402,آموزش ابتدایی,دانشگاه فرهنگیان,پردیس شهید باهنر همدان,همدان,در جدول ذکر نشده,,تعهد خدمت,6,زن,در جدول ذکر نشده,ادامه مخصوص داوطلبان بومی استان همدان؛ پردیس شهید باهنر همدان/ اولویت پذیرش با داوطلبان بومی شهرستان کبودراهنگ/محل خدمت گل تپه؛ پذیرش دانشجو‌معلم با تعهد خدمت؛ ضوابط بخش فرهنگیان دفترچه,1402-humanities-booklet,398,1402-humanities-booklet,398,کدرشته‌محل منبع: 52580؛ عنوان رشته در منبع: آ موزش ابتدایی؛ نحوه پذیرش: با آزمون (بخش دانشجو‌معلم)؛ استان در این ردیف مربوط به بومی‌گزینی/محل خدمت است
1402,آموزش ابتدایی,دانشگاه فرهنگیان,پردیس شهید باهنر همدان,همدان,در جدول ذکر نشده,,تعهد خدمت,5,زن,در جدول ذکر نشده,ادامه مخصوص داوطلبان بومی استان همدان؛ پردیس شهید باهنر همدان/ اولویت پذیرش با داوطلبان بومی شهرستان همدان/محل خدمت قهاوند شرا؛ پذیرش دانشجو‌معلم با تعهد خدمت؛ ضوابط بخش فرهنگیان دفترچه,1402-humanities-booklet,398,1402-humanities-booklet,398,کدرشته‌محل منبع: 52581؛ عنوان رشته در منبع: آموزش ابتدایی؛ نحوه پذیرش: با آزمون (بخش دانشجو‌معلم)؛ استان در این ردیف مربوط به بومی‌گزینی/محل خدمت است
1402,آموزش ابتدایی,دانشگاه فرهنگیان,پردیس شهید باهنر همدان,همدان,در جدول ذکر نشده,,تعهد خدمت,4,زن,در جدول ذکر نشده,ادامه مخصوص داوطلبان بومی استان همدان؛ پردیس شهید باهنر همدان/ اولویت پذیرش با داوطلبان بومی شهرستان همدان/محل خدمت همدان .ناحیه1؛ پذیرش دانشجو‌معلم با تعهد خدمت؛ ضوابط بخش فرهنگیان دفترچه,1402-humanities-booklet,398,1402-humanities-booklet,398,کدرشته‌محل منبع: 52582؛ عنوان رشته در منبع: آموزش ابتدایی؛ نحوه پذیرش: با آزمون (بخش دانشجو‌معلم)؛ استان در این ردیف مربوط به بومی‌گزینی/محل خدمت است
1402,آموزش ابتدایی,دانشگاه فرهنگیان,پردی س شهید باهنر همدان,همدان,در جدول ذکر نشده,,تعهد خدمت,4,زن,در جدول ذکر نشده,ادامه مخصوص داوطلبان بومی استان همدان؛ پردی س شهید باهنر همدان/ اولویت پذیرش با داوطلبان بومی شهرستان همدان/محل خدمت همدان .ناحیه2؛ پذیرش دانشجو‌معلم با تعهد خدمت؛ ضوابط بخش فرهنگیان دفترچه,1402-humanities-booklet,398,1402-humanities-booklet,398,کدرشته‌محل منبع: 52583؛ عنوان رشته در منبع: آموزش ابتدایی؛ نحوه پذیرش: با آزمون (بخش دانشجو‌معلم)؛ استان در این ردیف مربوط به بومی‌گزینی/محل خدمت است
1402,آموزش ابتدایی,دانشگاه فرهنگیان,پردیس شهید باهنر همدان,همدان,در جدول ذکر نشده,,تعهد خدمت,2,زن,در جدول ذکر نشده,ادامه مخصوص داوطلبان بومی استان همدان؛ پردیس شهید باهنر همدان/ اولویت پذیرش با داوطلبان بومی شهرستان نهاوند/محل خدمت نهاوند؛ پذیرش دانشجو‌معلم با تعهد خدمت؛ ضوابط بخش فرهنگیان دفترچه,1402-humanities-booklet,398,1402-humanities-booklet,398,کدرشته‌محل منبع: 52584؛ عنوان رشته در منبع: آموزش ابتدایی؛ نحوه پذیرش: با آزمون (بخش دانشجو‌معلم)؛ استان در این ردیف مربوط به بومی‌گزینی/محل خدمت است
1402,آموزش ابتدایی,دانشگاه فرهنگیان,پردیس شهید باهنر همدان,همدان,در جدول ذکر نشده,,تعهد خدمت,5,زن,در جدول ذکر نشده,ادامه مخصوص داوطلبان بومی استان همدان؛ پردیس شهید باهنر همدان/ اولویت پذیرش با داوطلبان بومی شهرستان نهاوند/محل خدمت خزل؛ پذیرش دانشجو‌معلم با تعهد خدمت؛ ضوابط بخش فرهنگیان دفترچه,1402-humanities-booklet,398,1402-humanities-booklet,398,کدرشته‌محل منبع: 52585؛ عنوان رشته در منبع: آموزش ابتدایی؛ نحوه پذیرش: با آزمون (بخش دانشجو‌معلم)؛ استان در این ردیف مربوط به بومی‌گزینی/محل خدمت است
1402,آموزش ابتدایی,دانشگاه فرهنگیان,پردیس شهید مقصودی همدان,همدان,در جدول ذکر نشده,,تعهد خدمت,3,مرد,در جدول ذکر نشده,ادامه مخصوص داوطلبان بومی استان همدان؛ پردیس شهید مقصودی همدان/ اولویت پذیرش با داوطلبان بومی شهرستان نهاوند/محل خدمت نهاوند؛ پذیرش دانشجو‌معلم با تعهد خدمت؛ ضوابط بخش فرهنگیان دفترچه,1402-humanities-booklet,398,1402-humanities-booklet,398,کدرشته‌محل منبع: 52586؛ عنوان رشته در منبع: آموزش ابتدایی؛ نحوه پذیرش: با آزمون (بخش دانشجو‌معلم)؛ استان در این ردیف مربوط به بومی‌گزینی/محل خدمت است
1402,آموزش ابتدایی,دانشگاه فرهنگیان,پردیس شهید مقصودی همدان,همدان,در جدول ذکر نشده,,تعهد خدمت,7,مرد,در جدول ذکر نشده,ادامه مخصوص داوطلبان بومی استان همدان؛ پردیس شهید مقصودی همدان/ اولویت پذیرش با داوطلبان بومی شهرستان نها وند/محل خدمت خزل؛ پذیرش دانشجو‌معلم با تعهد خدمت؛ ضوابط بخش فرهنگیان دفترچه,1402-humanities-booklet,398,1402-humanities-booklet,398,کدرشته‌محل منبع: 52587؛ عنوان رشته در منبع: آموزش ابتدایی؛ نحوه پذیرش: با آزمون (بخش دانشجو‌معلم)؛ استان در این ردیف مربوط به بومی‌گزینی/محل خدمت است
1402,آموزش ابتدایی,دانشگاه فرهنگیان,پردیس شهید مقصودی همدان,همدان,در جدول ذکر نشده,,تعهد خدمت,7,مرد,در جدول ذکر نشده,ادامه مخصوص داوطلبان بومی استان همدان؛ پردیس شهید مقصودی همدان/ اولویت پذیرش با داوطلبان بومی شهرستان همدان/محل خدمت قهاوند شرا؛ پذیرش دانشجو‌معلم با تعهد خدمت؛ ضوابط بخش فرهنگیان دفترچه,1402-humanities-booklet,399,1402-humanities-booklet,399,کدرشته‌محل منبع: 52588؛ عنوان رشته در منبع: آموزش ابت دایی؛ نحوه پذیرش: با آزمون (بخش دانشجو‌معلم)؛ استان در این ردیف مربوط به بومی‌گزینی/محل خدمت است
1402,آموزش ابتدایی,دانشگاه فرهنگیان,پردیس شهید مقصودی همدان,همدان,در جدول ذکر نشده,,تعهد خدمت,6,مرد,در جدول ذکر نشده,ادامه مخصوص داوطلبان بومی استان همدان؛ پردیس شهید مقصودی همدان/ اولویت پذیرش با داوطلبان بومی شهرستان همدان/محل خدمت همدان .ناحیه1؛ پذیرش دانشجو‌معلم با تعهد خدمت؛ ضوابط بخش فرهنگیان دفترچه,1402-humanities-booklet,399,1402-humanities-booklet,399,کدرشته‌محل منبع: 52589؛ عنوان رشته در منبع: آموزش ابتدایی؛ نحوه پذیرش: با آزمون (بخش دانشجو‌معلم)؛ استان در این ردیف مربوط به بومی‌گزینی/محل خدمت است
1402,آموزش ابتدایی,دانشگاه فرهنگیان,پردیس شهید مقصودی همدان,همدان,در جدول ذکر نشده,,تعهد خدمت,6,مرد,در جدول ذکر نشده,ادامه مخصوص داوطلبان بومی استان همدان؛ پردیس شهید مقصودی همدان/ اولویت پذیرش با داوطلبان بومی شهرستان همدان/محل خدمت همدان .ناحیه2؛ پذیرش دانشجو‌معلم با تعهد خدمت؛ ضوابط بخش فرهنگیان دفترچه,1402-humanities-booklet,399,1402-humanities-booklet,399,کدرشته‌محل منبع: 52590؛ عنوان رشته در منبع: آموزش ابتدایی؛ نحوه پذیرش: با آزمون (بخش دانشجو‌معلم)؛ استان در این ردیف مربوط به بومی‌گزینی/محل خدمت است
1402,آموزش ابتدایی,دانشگاه فرهنگیان,پردی س شهید مقصودی همدان,همدان,در جدول ذکر نشده,,تعهد خدمت,9,مرد,در جدول ذکر نشده,ادامه مخصوص داوطلبان بومی استان همدان؛ پردی س شهید مقصودی همدان/ اولویت پذیرش با داوطلبان بومی شهرستان کبودراهنگ/محل خدمت کبوترآهنگ؛ پذیرش دانشجو‌معلم با تعهد خدمت؛ ضوابط بخش فرهنگیان دفترچه,1402-humanities-booklet,399,1402-humanities-booklet,399,کدرشته‌محل منبع: 52591؛ عنوان رشته در منبع: آموزش ابتدایی؛ نحوه پذیرش: با آزمون (بخش دانشجو‌معلم)؛ استان در این ردیف مربوط به بومی‌گزینی/محل خدمت است
1402,آموزش ابتدایی,دانشگاه فرهنگیان,پردیس شهید مقصودی همدان,همدان,در جدول ذکر نشده,,تعهد خدمت,8,مرد,در جدول ذکر نشده,ادامه مخصوص داوطلبان بومی استان همدان؛ پردیس شهید مقصودی همدان/ اولویت پذیرش با داوطلبان بومی شهرستان کبودراهنگ/محل خدمت گل تپه؛ پذیرش دانشجو‌معلم با تعهد خدمت؛ ضوابط بخش فرهنگیان دفترچه,1402-humanities-booklet,399,1402-humanities-booklet,399,کدرشته‌محل منبع: 52592؛ عنوان رشته در منبع: آموزش ابتدایی؛ نحوه پذیرش: با آزمون (بخش دانشجو‌معلم)؛ استان در این ردیف مربوط به بومی‌گزینی/محل خدمت است
1402,آموزش ابتدایی,دانشگاه فرهنگیان,,همدان,در جدول ذکر نشده,,تعهد خدمت,10,مرد,در جدول ذکر نشده,ادامه مخصوص داوطلبان بومی استان همدان؛ /پردیس شهید مقصودی همدان اولویت پذیرش با داوطلبان بومی شهرستان ملایر/محل خدمت جوکار؛ پذیرش دانشجو‌معلم با تعهد خدمت؛ ضوابط بخش فرهنگیان دفترچه,1402-humanities-booklet,399,1402-humanities-booklet,399,کدرشته‌محل منبع: 52593؛ عنوان رشته در منبع: آموزش ابتدایی؛ نحوه پذیرش: با آزمون (بخش دانشجو‌معلم)؛ استان در این ردیف مربوط به بومی‌گزینی/محل خدمت است
1402,آموزش ابتدایی,دانشگاه فرهنگیان,پردیس شهید مقصودی همدان,همدان,در جدول ذکر نشده,,تعهد خدمت,11,مرد,در جدول ذکر نشده,ادامه مخصوص داوطلبان بومی استان همدان؛ پردیس شهید مقصودی همدان/ اولویت پذیرش با داوطلبان بومی شهرستان ملایر/محل خدمت سامن؛ پذیرش دانشجو‌معلم با تعهد خدمت؛ ضوابط بخش فرهنگیان دفترچه,1402-humanities-booklet,399,1402-humanities-booklet,399,کدرشته‌محل منبع: 52594؛ عنوان رشته در منبع: آموزش ابتدایی؛ نحوه پذیرش: با آزمون (بخش دانشجو‌معلم)؛ استان در این ردیف مربوط به بومی‌گزینی/محل خدمت است
1402,آموزش ابتدایی,دانشگاه فرهنگیان,پردیس شهید مقصودی همدان,همدان,در جدول ذکر نشده,,تعهد خدمت,5,مرد,در جدول ذکر نشده,ادامه مخصوص داوطلبان بومی استان همدان؛ پردیس شهید مقصودی همدان/ اولویت پذیرش با داوطلبان بومی شهر ستان ملایر/محل خدمت ملایر؛ پذیرش دانشجو‌معلم با تعهد خدمت؛ ضوابط بخش فرهنگیان دفترچه,1402-humanities-booklet,399,1402-humanities-booklet,399,کدرشته‌محل منبع: 52595؛ عنوان رشته در منبع: آموزش ابتدایی؛ نحوه پذیرش: با آزمون (بخش دانشجو‌معلم)؛ استان در این ردیف مربوط به بومی‌گزینی/محل خدمت است
1402,آموزش ابتدایی,دانشگاه فرهنگیان,پردیس شهید مقصودی همدان,همدان,در جدول ذکر نشده,,تعهد خدمت,2,مرد,در جدول ذکر نشده,ادامه مخصوص داوطلبان بومی استان همدان؛ پردیس شهید مقصودی همدان/ اولویت پذیرش با داوطلبان بومی شهرستان بهار/محل خدمت لالجین؛ پذیرش دانشجو‌معلم با تعهد خدمت؛ ضوابط بخش فرهنگیان دفترچه,1402-humanities-booklet,399,1402-humanities-booklet,399,کدرشته‌محل منبع: 52596؛ عنوان رشته در منبع: آموزش ابتدایی؛ نحوه پذیرش: با آزمون (بخش دانشجو‌معلم)؛ استان در این ردیف مربوط به بومی‌گزینی/محل خدمت است
1402,آموزش ابتدایی,دانشگاه فرهنگیان,پردیس شهید مقصودی همدان,همدان,در جدول ذکر نشده,,تعهد خدمت,4,مرد,در جدول ذکر نشده,ادامه مخصوص داوطلبان بومی استان همدان؛ پردیس شهید مقصودی همدان/ اولویت پذیرش با داوطلبان بومی شهرستان فامنین/محل خدمت فامنین؛ پذیرش دانشجو‌معلم با تعهد خدمت؛ ضوابط بخش فرهنگیان دفترچه,1402-humanities-booklet,399,1402-humanities-booklet,399,کدرشته‌محل منبع: 52597؛ عنوان رشته در منبع: آموزش ابتدایی؛ نحوه پذیرش: با آزمون (بخش دانشجو‌معلم)؛ استان در این ردیف مربوط به بومی‌گزینی/محل خدمت است
1402,آموزش ابتدایی,دانشگاه فرهنگیان,پردیس شهید مقصودی همدان,همدان,در جدول ذکر نشده,,تعهد خدمت,6,مرد,در جدول ذکر نشده,ادامه مخصوص داوطلبان بومی استان همدان؛ پردیس شهید مقصودی همدان/ اولویت پذیرش با داوطلبان بومی شهرستان بهار/محل خدمت بهار؛ پذیرش دانشجو‌معلم با تعهد خدمت؛ ضوابط بخش فرهنگیان دفترچه,1402-humanities-booklet,399,1402-humanities-booklet,399,کدرشته‌محل منبع: 52598؛ عنوان رشته در منبع: آموزش ابتدایی؛ نحوه پذیرش: با آزمون (بخش دانشجو‌معلم)؛ استان در این ردیف مربوط به بومی‌گزینی/محل خدمت است
1402,آموزش ابتدایی,دانشگاه فرهنگیان,پردیس شهید مقصودی همدان,همدان,در جدول ذکر نشده,,تعهد خدمت,4,مرد,در جدول ذکر نشده,ادامه مخصوص داوطلبان بومی استان همدان؛ پردیس شهید مقصودی همدان/ اولویت پذیرش با داوطلبان بومی شهرستان تویسرکان/محل خدمت تویسرکان؛ پذیرش دانشجو‌معلم با تعهد خدمت؛ ضوابط بخش فرهنگیان دفترچه,1402-humanities-booklet,399,1402-humanities-booklet,399,کدرشته‌محل منبع: 52599؛ عنوان رشته در منبع: آموزش ابتدایی؛ نحوه پذیرش: با آزمون (بخش دانشجو‌معلم)؛ استان در این ردیف مربوط به بومی‌گزینی/محل خدمت است
1402,آموزش ابتدایی,دانشگاه فرهنگیان,پردیس شهی د مقصودی همدان,همدان,در جدول ذکر نشده,,تعهد خدمت,10,مرد,در جدول ذکر نشده,ادامه مخصوص داوطلبان بومی استان همدان؛ پردیس شهی د مقصودی همدان/ اولویت پذیرش با داوطلبان بومی شهرستان تویسرکان/محل خدمت ( قلقل رود)فرسفج؛ پذیرش دانشجو‌معلم با تعهد خدمت؛ ضوابط بخش فرهنگیان دفترچه,1402-humanities-booklet,399,1402-humanities-booklet,399,کدرشته‌محل منبع: 52600؛ عنوان رشته در منبع: آموزش ابتدایی؛ نحوه پذیرش: با آزمون (بخش دانشجو‌معلم)؛ استان در این ردیف مربوط به بومی‌گزینی/محل خدمت است
1402,آموزش ابتدایی,دانشگاه فرهنگیان,پردیس شهید مقصودی همدان,همدان,در جدول ذکر نشده,,تعهد خدمت,6,مرد,در جدول ذکر نشده,ادامه مخصوص داوطلبان بومی استان همدان؛ پردیس شهید مقصودی همدان/ اولویت پذیرش با داوطلبان بومی شهرستانهای رزن، درگزین/محل خدمت قروه درجزین؛ پذیرش دانشجو‌معلم با تعهد خدمت؛ ضوابط بخش فرهنگیان دفترچه,1402-humanities-booklet,399,1402-humanities-booklet,399,کدرشته‌محل منبع: 52601؛ عنوان رشته در منبع: آموزش ابتدایی؛ نحوه پذیرش: با آزمون (بخش دانشجو‌معلم)؛ استان در این ردیف مربوط به بومی‌گزینی/محل خدمت است
1402,آموزش ابتدایی,دانشگاه فرهنگیان,پردیس شهید مق صودی همدان,همدان,در جدول ذکر نشده,,تعهد خدمت,5,مرد,در جدول ذکر نشده,ادامه مخصوص داوطلبان بومی استان همدان؛ پردیس شهید مق صودی همدان/ اولویت پذیرش با داوطلبان بومی شهرستانهای رزن، درگزین/محل خدمت رزن؛ پذیرش دانشجو‌معلم با تعهد خدمت؛ ضوابط بخش فرهنگیان دفترچه,1402-humanities-booklet,399,1402-humanities-booklet,399,کدرشته‌محل منبع: 52602؛ عنوان رشته در منبع: آموزش ابتدایی؛ نحوه پذیرش: با آزمون (بخش دانشجو‌معلم)؛ استان در این ردیف مربوط به بومی‌گزینی/محل خدمت است
1402,آموزش ابتدایی,دانشگاه فرهنگیان,پردیس شهید مقصودی همدان,همدان,در جدول ذکر نشده,,تعهد خدمت,5,مرد,در جدول ذکر نشده,ادامه مخصوص داوطلبان بومی استان همدان؛ پردیس شهید مقصودی همدان/ اولویت پذیرش با داوطلبان بومی شهرستانهای رزن، درگزین/محل خدمت سردرود؛ پذیرش دانشجو‌معلم با تعهد خدمت؛ ضوابط بخش فرهنگیان دفترچه,1402-humanities-booklet,399,1402-humanities-booklet,399,کدرشته‌محل منبع: 52603؛ عنوان رشته در منبع: آموزش ابتدایی؛ نحوه پذیرش: با آزمون (بخش دانشجو‌معلم)؛ استان در این ردیف مربوط به بومی‌گزینی/محل خدمت است
1402,آموزش ابتدایی,دانشگاه فرهنگیان,پردیس شهید مقصودی همدان,همدان,در جدول ذکر نشده,,تعهد خدمت,8,مرد,در جدول ذکر نشده,ادامه مخصوص داوطلبان بومی استان همدان؛ پردیس شهید مقصودی همدان/ اولوی ت پذیرش با داوطلبان بومی شهرستان اسد آباد/محل خدمت اسدآباد؛ پذیرش دانشجو‌معلم با تعهد خدمت؛ ضوابط بخش فرهنگیان دفترچه,1402-humanities-booklet,399,1402-humanities-booklet,399,کدرشته‌محل منبع: 52604؛ عنوان رشته در منبع: آموزش ابتدایی؛ نحوه پذیرش: با آزمون (بخش دانشجو‌معلم)؛ استان در این ردیف مربوط به بومی‌گزینی/محل خدمت است
1402,آموزش ابتدایی,دانشگاه فرهنگیان,پردیس شهید پاک نژاد یزد,یزد,در جدول ذکر نشده,,تعهد خدمت,1,مرد,در جدول ذکر نشده,ادامه مخصوص داوطلبان بومی استان یزد؛ پردیس شهید پاک نژاد یزد/ اولویت پذیرش با داوطلبان بومی شهرستان های بهاباد، بافق/محل خدمت بهاباد؛ پذیرش دانشجو‌معلم با تعهد خدمت؛ ضوابط بخش فرهنگیان دفترچه,1402-humanities-booklet,404,1402-humanities-booklet,404,کدرشته‌محل منبع: 52627؛ عنوان رشته در منبع: آموزش ابتدایی؛ نحوه پذیرش: با آزمون (بخش دانشجو‌معلم)؛ استان در این ردیف مربوط به بومی‌گزینی/محل خدمت است
1402,آموزش ابتدایی,دانشگاه فرهنگیان,پردیس شهید پاک نژاد یزد,یزد,در جدول ذکر نشده,,تعهد خدمت,2,مرد,در جدول ذکر نشده,ادامه مخصوص داوطلبان بومی استان یزد؛ پردیس شهید پاک نژاد یزد/ اولویت پذیرش با داوطلبان بومی شهرستان های بهاباد، با فق/محل خدمت بافق؛ پذیرش دانشجو‌معلم با تعهد خدمت؛ ضوابط بخش فرهنگیان دفترچه,1402-humanities-booklet,404,1402-humanities-booklet,404,کدرشته‌محل منبع: 52628؛ عنوان رشته در منبع: آموزش ابتدایی؛ نحوه پذیرش: با آزمون (بخش دانشجو‌معلم)؛ استان در این ردیف مربوط به بومی‌گزینی/محل خدمت است
1402,آموزش ابتدایی,دانشگاه فرهنگیان,پردیس شهید پاک نژاد یزد,یزد,در جدول ذکر نشده,,تعهد خدمت,8,مرد,در جدول ذکر نشده,ادامه مخصوص داوطلبان بومی استان یزد؛ پردیس شهید پاک نژاد یزد/ اولویت پذیرش با داوطلبان بومی شهرستان یزد/محل خدمت یزد.ناحیه1؛ پذیرش دانشجو‌معلم با تعهد خدمت؛ ضوابط بخش فرهنگیان دفترچه,1402-humanities-booklet,404,1402-humanities-booklet,404,کدرشته‌محل منبع: 52629؛ عنوان رشته در منبع: آموزش ابتدایی؛ نحوه پذیرش: با آزمون (بخش دانشجو‌معلم)؛ استان در این ردیف مربوط به بومی‌گزینی/محل خدمت است
1402,آموزش ابتدایی,دانشگاه فرهنگیان,پردیس شهید پاک نژاد یزد,یزد,در جدول ذکر نشده,,تعهد خدمت,9,مرد,در جدول ذکر نشده,ادامه مخصوص داوطلبان بومی استان یزد؛ پردیس شهید پاک نژاد یزد/ اولویت پذیرش با داوطلبان بومی شهرستان یزد/محل خدمت یزد.ناحیه2؛ پذیرش دانشجو‌معلم با تعهد خدمت؛ ضوابط بخش فرهنگیان دفترچه,1402-humanities-booklet,404,1402-humanities-booklet,404,کدرشته‌محل منبع: 52630؛ عنوان رشته در منبع: آمو زش ابتدایی؛ نحوه پذیرش: با آزمون (بخش دانشجو‌معلم)؛ استان در این ردیف مربوط به بومی‌گزینی/محل خدمت است
1402,آموزش ابتدایی,دانشگاه فرهنگیان,،پردیس شهید پاک نژاد یزد,یزد,در جدول ذکر نشده,,تعهد خدمت,1,مرد,در جدول ذکر نشده,ادامه مخصوص داوطلبان بومی استان یزد؛ ،پردیس شهید پاک نژاد یزد/ اولویت پذیرش با داوطلبان بومی شهرستانهای مهریز، خاتم مروست/محل خدمت مهریز؛ پذیرش دانشجو‌معلم با تعهد خدمت؛ ضوابط بخش فرهنگیان دفترچه,1402-humanities-booklet,404,1402-humanities-booklet,404,کدرشته‌محل منبع: 52631؛ عنوان رشته در منبع: آموزش ابتدایی؛ نحوه پذیرش: با آزمون (بخش دانشجو‌معلم)؛ استان در این ردیف مربوط به بومی‌گزینی/محل خدمت است
1402,آموزش ابتدایی,دانشگاه فرهنگیان,پردیس شهید پاک نژاد یزد,یزد,در جدول ذکر نشده,,تعهد خدمت,6,مرد,در جدول ذکر نشده,ادامه مخصوص داوطلبان بومی استان یزد؛ پردیس شهید پاک نژاد یزد/ اولویت پذیرش با داوطلبان بومی شهرستان های میبد، اردکان/محل خدمت اردکان؛ پذیرش دانشجو‌معلم با تعهد خدمت؛ ضوابط بخش فرهنگیان دفترچه,1402-humanities-booklet,404,1402-humanities-booklet,404,کدرشته‌محل منبع: 52632؛ عنوان رشته در منبع: آموزش ابت دایی؛ نحوه پذیرش: با آزمون (بخش دانشجو‌معلم)؛ استان در این ردیف مربوط به بومی‌گزینی/محل خدمت است
1402,آموزش ابتدایی,دانشگاه فرهنگیان,پردیس شهید پاک نژاد یزد,یزد,در جدول ذکر نشده,,تعهد خدمت,4,مرد,در جدول ذکر نشده,ادامه مخصوص داوطلبان بومی استان یزد؛ پردیس شهید پاک نژاد یزد/ اولویت پذیرش با داوطلبان بومی شهرستان های میبد، اردکان/محل خدمت میبد؛ پذیرش دانشجو‌معلم با تعهد خدمت؛ ضوابط بخش فرهنگیان دفترچه,1402-humanities-booklet,404,1402-humanities-booklet,404,کدرشته‌محل منبع: 52633؛ عنوان رشته در منبع: آموزش ابتدایی؛ نحوه پذیرش: با آزمون (بخش دانشجو‌معلم)؛ استان در این ردیف مربوط به بومی‌گزینی/محل خدمت است
1402,آموزش ابتدایی,دانشگاه فرهنگیان,پردیس شهید پاک نژاد یزد,یزد,در جدول ذکر نشده,,تعهد خدمت,1,مرد,در جدول ذکر نشده,ادامه مخصوص داوطلبان بومی استان یزد؛ پردیس شهید پاک نژاد یزد/ اولویت پذیرش با داوطلبان بومی شهرستانهای تفت، ابرکوه/محل خدمت تفت؛ پذیرش دانشجو‌معلم با تعهد خدمت؛ ضوابط بخش فرهنگیان دفترچه,1402-humanities-booklet,404,1402-humanities-booklet,404,کدرشته‌محل منبع: 52634؛ عنوان رشته در منبع: آموزش ابتدایی؛ نحوه پذیرش: با آزمون (بخش دانشجو‌معلم)؛ استان در این ردیف مربوط به بومی‌گزینی/محل خدمت است
1402,آموزش ابتدایی,دانشگاه فرهنگیان,پردیس شهید پاک نژاد یزد,یزد,در جدول ذکر نشده,,تعهد خدمت,1,مرد,در جدول ذکر نشده,ادامه مخصوص داوطلبان بومی استان یزد؛ پردیس شهید پاک نژاد یزد/ اولویت پذیرش با داوطلبان بومی شهرستانهای تفت، ابرکوه/محل خدمت نیریزد؛ پذیرش دانشجو‌معلم با تعهد خدمت؛ ضوابط بخش فرهنگیان دفترچه,1402-humanities-booklet,404,1402-humanities-booklet,404,کدرشته‌محل منبع: 52635؛ عنوان رشته در منبع: آموزش ابتدایی؛ نحوه پذیرش: با آزمون (بخش دانشجو‌معلم)؛ استان در این ردیف مربوط به بومی‌گزینی/محل خدمت است
1402,آموزش ابتدایی,دانشگاه فرهنگیان,پردیس شهید پاک نژاد یزد,یزد,در جدول ذکر نشده,,تعهد خدمت,1,مرد,در جدول ذکر نشده,ادامه مخصوص داوطلبان بومی استان یزد؛ پردیس شهید پاک نژاد یزد/ اولویت پذیرش با داوطلبان بومی بخش زارچ شهرستان یزد/محل خدمت زارچ؛ پذیرش دانشجو‌معلم با تعهد خدمت؛ ضوابط بخش فرهنگیان دفترچه,1402-humanities-booklet,404,1402-humanities-booklet,404,کدرشته‌محل منبع: 52636؛ عنوان رشته در منبع: آموزش ابتدایی؛ نحوه پذیرش: با آزمون (بخش دانشجو‌معلم)؛ استان در این ردیف مربوط به بومی‌گزینی/محل خدمت است
1402,آموزش ابتدایی,دانشگاه فرهنگیان,پردیس شهید پاک نژاد یزد ,یزد,در جدول ذکر نشده,,تعهد خدمت,1,مرد,در جدول ذکر نشده,ادامه مخصوص داوطلبان بومی استان یزد؛ پردیس شهید پاک نژاد یزد / اولویت پذیرش با داوطلبان بومی شهرستان اشکذر/محل خدمت صدوق؛ پذیرش دانشجو‌معلم با تعهد خدمت؛ ضوابط بخش فرهنگیان دفترچه,1402-humanities-booklet,404,1402-humanities-booklet,404,کدرشته‌محل منبع: 52637؛ عنوان رشته در منبع: آموزش ابتدایی؛ نحوه پذیرش: با آزمون (بخش دانشجو‌معلم)؛ استان در این ردیف مربوط به بومی‌گزینی/محل خدمت است
1402,آموزش ابتدایی,دانشگاه فرهنگیان,پردیس فاطمه الزهراء)س( یزد,یزد,در جدول ذکر نشده,,تعهد خدمت,1,زن,در جدول ذکر نشده,ادامه مخصوص داوطلبان بومی استان یزد؛ پردیس فاطمه الزهراء)س( یزد/ اولویت پذیرش با داوطلبان بومی بخش زارچ شهرستان یزد/محل خدمت زارچ؛ پذیرش دانشجو‌معلم با تعهد خدمت؛ ضوابط بخش فرهنگیان دفترچه,1402-humanities-booklet,404,1402-humanities-booklet,404,کدرشته‌محل منبع: 52638؛ عنوان رشته در منبع: آموزش ابتدایی؛ نحوه پذیرش: با آزمون (بخش دانشجو‌معلم)؛ استان در این ردیف مربوط به بومی‌گزینی/محل خدمت است
1402,آموزش ابتدایی,دانشگاه فرهنگیان,پردیس فاطمه الزهراء)س( یزد,یزد,در جدول ذکر نشده,,تعهد خدمت,1,زن,در جدول ذکر نشده,ادامه مخصوص داوطلبان بومی استان یزد؛ پردیس فاطمه الزهراء)س( یزد/ اولویت پذیرش با داوطلبان بومی شهرستان اشکذر/محل خدمت صدوق؛ پذیرش دانشجو‌معلم با تعهد خدمت؛ ضوابط بخش فرهنگیان دفترچه,1402-humanities-booklet,405,1402-humanities-booklet,405,کدرشته‌محل منبع: 52639؛ عنوان رشته در منبع: آموزش ابتدایی؛ نحوه پذیرش: با آزمون (بخش دانشجو‌معلم)؛ استان در این ردیف مربوط به بومی‌گزینی/محل خدمت است
1402,آموزش ابتدایی,دانشگاه فرهنگیان,،پردیس فاطمه الزهراء)س( یزد,یزد,در جدول ذکر نشده,,تعهد خدمت,1,زن,در جدول ذکر نشده,ادامه مخصوص داوطلبان بومی استان یزد؛ ،پردیس فاطمه الزهراء)س( یزد/ اولویت پذیرش با داوطلبان بومی شهرستانهای مهریز، خاتم /مروست محل خدمت مهریز؛ پذیرش دانشجو‌معلم با تعهد خدمت؛ ضوابط بخش فرهنگیان دفترچه,1402-humanities-booklet,405,1402-humanities-booklet,405,کدرشته‌محل منبع: 52640؛ عنوان رشته در منبع: آموزش ابتدایی؛ نحوه پذیرش: با آزمون (بخش دانشجو‌معلم)؛ استان در این ردیف مربوط به بومی‌گزینی/محل خدمت است
1402,آموزش ابتدایی,دانشگاه فرهنگیان,پردیس فاطمه الزهراء)س( یزد,یزد,در جدول ذکر نشده,,تعهد خدمت,1,زن,در جدول ذکر نشده,ادامه مخصوص داوطلبان بومی استان یزد؛ پردیس فاطمه الزهراء)س( یزد/ اولویت پذیرش با داوطلبان بومی شهرستانهای تفت، ابرکوه/محل خدمت نیریزد؛ پذیرش دانشجو‌معلم با تعهد خدمت؛ ضوابط بخش فرهنگیان دفترچه,1402-humanities-booklet,405,1402-humanities-booklet,405,کدرشته‌محل منبع: 52641؛ عنوان رشته در منبع: آموزش ابتدایی؛ نحوه پذیرش: با آزمون (بخش دانشجو‌معلم)؛ استان در این ردیف مربوط به بومی‌گزینی/محل خدمت است
1402,آموزش ابتدایی,دانشگاه فرهنگیان,پردیس فاطمه الزهراء)س( یزد,یزد,در جدول ذکر نشده,,تعهد خدمت,1,زن,در جدول ذکر نشده,ادامه مخصوص داوطلبان بومی استان یزد؛ پردیس فاطمه الزهراء)س( یزد/ اولویت پذیرش با داوطلبان بومی شهرستانهای تفت، ابرکوه/محل خدمت تف ت؛ پذیرش دانشجو‌معلم با تعهد خدمت؛ ضوابط بخش فرهنگیان دفترچه,1402-humanities-booklet,405,1402-humanities-booklet,405,کدرشته‌محل منبع: 52642؛ عنوان رشته در منبع: آموزش ابتدایی؛ نحوه پذیرش: با آزمون (بخش دانشجو‌معلم)؛ استان در این ردیف مربوط به بومی‌گزینی/محل خدمت است
1402,آموزش ابتدایی,دانشگاه فرهنگیان,پردیس فاطمه الزهراء)س( یزد,یزد,در جدول ذکر نشده,,تعهد خدمت,4,زن,در جدول ذکر نشده,ادامه مخصوص داوطلبان بومی استان یزد؛ پردیس فاطمه الزهراء)س( یزد/ اولویت پذیرش با داوطلبان بومی شهرستان های میبد، اردکان/محل خدمت اردکان؛ پذیرش دانشجو‌معلم با تعهد خدمت؛ ضوابط بخش فرهنگیان دفترچه,1402-humanities-booklet,405,1402-humanities-booklet,405,کدرشته‌محل منبع: 52643؛ عنوان رشته در منبع: آموزش ابتدایی؛ نحوه پذیرش: با آزمون (بخش دانشجو‌معلم)؛ استان در این ردیف مربوط به بومی‌گزینی/محل خدمت است
1402,آموزش ابتدایی,دانشگاه فرهنگیان,پردیس فاطمه الزهراء)س( یزد,یزد,در جدول ذکر نشده,,تعهد خدمت,2,زن,در جدول ذکر نشده,ادامه مخصوص داوطلبان بومی استان یزد؛ پردیس فاطمه الزهراء)س( یزد/ اولویت پذیرش با داوطلبان بومی شهرستان های میبد، اردکان/محل خدمت میبد؛ پذیرش دانشجو‌معلم با تعهد خدمت؛ ضوابط بخش فرهنگیان دفترچه,1402-humanities-booklet,405,1402-humanities-booklet,405,کدرشته‌محل منبع: 52644؛ عنوان رشته در منبع: آ موزش ابتدایی؛ نحوه پذیرش: با آزمون (بخش دانشجو‌معلم)؛ استان در این ردیف مربوط به بومی‌گزینی/محل خدمت است
1402,آموزش ابتدایی,دانشگاه فرهنگیان,پردیس فاطمه الزهراء)س( یزد,یزد,در جدول ذکر نشده,,تعهد خدمت,5,زن,در جدول ذکر نشده,ادامه مخصوص داوطلبان بومی استان یزد؛ پردیس فاطمه الزهراء)س( یزد/ اولویت پذیرش با داوطلبان بومی شهرستان یزد/محل خدمت یزد.ناحیه1؛ پذیرش دانشجو‌معلم با تعهد خدمت؛ ضوابط بخش فرهنگیان دفترچه,1402-humanities-booklet,405,1402-humanities-booklet,405,کدرشته‌محل منبع: 52645؛ عنوان رشته در منبع: آموزش ابتدایی؛ نحوه پذیرش: با آزمون (بخش دانشجو‌معلم)؛ استان در این ردیف مربوط به بومی‌گزینی/محل خدمت است
1402,آموزش ابتدایی,دانشگاه فرهنگیان,پردیس فاطمه الزهراء)س( یزد,یزد,در جدول ذکر نشده,,تعهد خدمت,6,زن,در جدول ذکر نشده,ادامه مخصوص داوطلبان بومی استان یزد؛ پردیس فاطمه الزهراء)س( یزد/ اولویت پذیرش با داوطلبان بومی شهرستان یزد/محل خدمت یزد.ناحیه2؛ پذیرش دانشجو‌معلم با تعهد خدمت؛ ضوابط بخش فرهنگیان دفترچه,1402-humanities-booklet,405,1402-humanities-booklet,405,کدرشته‌محل منبع: 52646؛ عنوان رشته در منبع: آموزش ابتدایی؛ نحوه پذیرش: با آزمون (بخش دانشجو‌معلم)؛ استان در این ردیف مربوط به بومی‌گزینی/محل خدمت است
1402,آموزش ابتدایی,دانشگاه فرهنگیان,پر دیس فاطمه الزهراء)س( یزد,یزد,در جدول ذکر نشده,,تعهد خدمت,2,زن,در جدول ذکر نشده,ادامه مخصوص داوطلبان بومی استان یزد؛ پر دیس فاطمه الزهراء)س( یزد/ اولویت پذیرش با داوطلبان بومی شهرستان های بهاباد، بافق/محل خدمت بافق؛ پذیرش دانشجو‌معلم با تعهد خدمت؛ ضوابط بخش فرهنگیان دفترچه,1402-humanities-booklet,405,1402-humanities-booklet,405,کدرشته‌محل منبع: 52647؛ عنوان رشته در منبع: آموزش ابتدایی؛ نحوه پذیرش: با آزمون (بخش دانشجو‌معلم)؛ استان در این ردیف مربوط به بومی‌گزینی/محل خدمت است
1402,آموزش ابتدایی,دانشگاه فرهنگیان,پردیس فاطمه الزهراء)س( یزد,یزد,در جدول ذکر نشده,,تعهد خدمت,1,زن,در جدول ذکر نشده,ادامه مخصوص داوطلبان بومی استان یزد؛ پردیس فاطمه الزهراء)س( یزد/ اولویت پذیرش با داوطلبان بومی شهرستان های بهاباد، بافق/محل خدمت بهاباد؛ پذیرش دانشجو‌معلم با تعهد خدمت؛ ضوابط بخش فرهنگیان دفترچه,1402-humanities-booklet,405,1402-humanities-booklet,405,کدرشته‌محل منبع: 52648؛ عنوان رشته در منبع: آموزش ابتدایی؛ نحوه پذیرش: با آزمون (بخش دانشجو‌معلم)؛ استان در این ردیف مربوط به بومی‌گزینی/محل خدمت است
1402,آموزش ابتدایی,دانشگاه فرهنگیان,پردیس کوثر یاسوج,کهگیلویه و بویراحمد,در جدول ذکر نشده,,تعهد خدمت,2,زن,در جدول ذکر نشده,پردیس کوثر یاسوج/ اولویت پذیرش با داوطلبان بومی شهرستان،های بویراحمد، دنا، مارگون لوداب/محل خدمت یاسوج,1402-correction-5,8,1402-correction-5,8,کدرشته‌محل منبع: 52666؛ عنوان رشته در منبع: آموزش ابتدایی؛ نحوه پذیرش: با آزمون؛ رشته‌محل جدید/بازفهرست‌شده اصلاحیه
1402,آموزش ابتدایی,دانشگاه فرهنگیان,پردیس شهید ایزدپناه یاسوج,کهگیلویه و بویراحمد,در جدول ذکر نشده,,تعهد خدمت,2,مرد,در جدول ذکر نشده,پردیس شهید ایزدپناه یاسوج/ اولویت پذیرش با داوطلبان بومی شهرستان ،های بویراحمد، دنا، مارگون لوداب/محل خدمت یاسوج,1402-correction-5,8,1402-correction-5,8,کدرشته‌محل منبع: 52667؛ عنوان رشته در منبع: آموزش ابتدایی؛ نحوه پذیرش: با آزمون؛ رشته‌محل جدید/بازفهرست‌شده اصلاحیه
1402,آموزش ابتدایی,دانشگاه فرهنگیان,پردیس فاطمه الزهراء(س) اهواز,خوزستان,در جدول ذکر نشده,,تعهد خدمت,1,زن,در جدول ذکر نشده,،پردیس فاطمه الزهراء)س( اهواز/ اولویت پذیرش با داوطلبان بومی شهرستانهای ایذه، باغملک، هفتگل، اندیکا لالی، مس جدسلیمان، دزپارت/محل خدمت صیدون,1402-correction-5,8,1402-correction-5,8,کدرشته‌محل منبع: 52671؛ عنوان رشته در منبع: آموزش ابتدایی؛ نحوه پذیرش: با آزمون؛ رشته‌محل جدید/بازفهرست‌شده اصلاحیه
1402,آموزش ابتدایی,دانشگاه فرهنگیان,پردیس فاطمه الزهراء(س) اهواز,خوزستان,در جدول ذکر نشده,,تعهد خدمت,1,زن,در جدول ذکر نشده,،پردیس فاطمه الزهراء)س( اهواز/ اولویت پذیرش با داوطلبان بومی شهرستانهای ایذه، باغملک، هفتگل، اندیکا لالی، مسجدسلیمان، دزپارت/محل خدمت باغملک جانکی,1402-correction-5,8,1402-correction-5,8,کدرشته‌محل منبع: 52672؛ عنوان رشته در منبع: آموزش ابتدایی؛ نحوه پذیرش: با آزمون؛ رشته‌محل جدید/بازفهرست‌شده اصلاحیه
