سال,گروه آزمایشی,رتبه کشوری,رتبه در سهمیه,سهمیه,رشته قبولی,دانشگاه قبولی,نوع دوره قبولی,منبع
1402,تجربی,1,1,منطقه 1,پزشکی,,نامشخص,kanoon
1402,تجربی,4,1,منطقه 3,پزشکی,,نامشخص,kanoon
1402,تجربی,3,2,منطقه 1,پزشکی,,نامشخص,kanoon
1402,تجربی,28,2,منطقه 3,پزشکی,,نامشخص,kanoon
1402,تجربی,5,3,منطقه 1,پزشکی,,نامشخص,kanoon
1402,تجربی,8,3,منطقه 2,پزشکی,,نامشخص,kanoon
1402,تجربی,30,3,منطقه 3,پزشکی,,نامشخص,kanoon
1402,تجربی,6,4,منطقه 1,پزشکی,,نامشخص,kanoon
1402,تجربی,9,4,منطقه 2,پزشکی,,نامشخص,kanoon
1402,تجربی,40,4,منطقه 3,پزشکی,,نامشخص,kanoon
1402,تجربی,10,5,منطقه 2,پزشکی,,نامشخص,kanoon
1402,تجربی,11,5,منطقه 1,دندانپزشکی,,نامشخص,kanoon
1402,تجربی,42,5,منطقه 3,پزشکی,,نامشخص,kanoon
1402,تجربی,12,6,منطقه 2,دکترای پیوسته بیوتکنولوژی,,نامشخص,kanoon
1402,تجربی,13,6,منطقه 1,پزشکی,,نامشخص,kanoon
1402,تجربی,43,6,منطقه 3,پزشکی,,نامشخص,kanoon
1402,تجربی,14,7,منطقه 1,دندانپزشکی,,نامشخص,kanoon
1402,تجربی,15,7,منطقه 2,پزشکی,,نامشخص,kanoon
1402,تجربی,52,7,منطقه 3,پزشکی,,نامشخص,kanoon
1402,تجربی,16,8,منطقه 1,دندانپزشکی,,نامشخص,kanoon
1402,تجربی,16,8,منطقه 1,دندانپزشکی,,نامشخص,kanoon
1402,تجربی,20,8,منطقه 2,پزشکی,,نامشخص,kanoon
1402,تجربی,54,8,منطقه 3,پزشکی,,نامشخص,kanoon
1402,تجربی,17,9,منطقه 1,پزشکی,,نامشخص,kanoon
1402,تجربی,21,9,منطقه 2,پزشکی,,نامشخص,kanoon
1402,تجربی,59,9,منطقه 3,پزشکی,,نامشخص,kanoon
1402,تجربی,18,10,منطقه 1,دندانپزشکی,,نامشخص,kanoon
1402,تجربی,22,10,منطقه 2,پزشکی,,نامشخص,kanoon
1402,تجربی,81,10,منطقه 3,پزشکی,,نامشخص,kanoon
1402,تجربی,19,11,منطقه 1,پزشکی,,نامشخص,kanoon
1402,تجربی,23,11,منطقه 2,پزشکی,,نامشخص,kanoon
1402,تجربی,97,11,منطقه 3,پزشکی,,نامشخص,kanoon
1402,تجربی,26,12,منطقه 2,پزشکی,,نامشخص,kanoon
1402,تجربی,26,12,منطقه 2,پزشکی,,نامشخص,kanoon
1402,تجربی,25,13,منطقه 1,پزشکی,,نامشخص,kanoon
1402,تجربی,102,13,منطقه 3,پزشکی,,نامشخص,kanoon
1402,تجربی,34,15,منطقه 2,پزشکی,,نامشخص,kanoon
1402,تجربی,35,16,منطقه 2,پزشکی,,نامشخص,kanoon
1402,تجربی,134,16,منطقه 3,پزشکی,,نامشخص,kanoon
1402,تجربی,36,17,منطقه 2,پزشکی,,نامشخص,kanoon
1402,تجربی,37,17,منطقه 1,پزشکی,,نامشخص,kanoon
1402,تجربی,157,17,منطقه 3,پزشکی,,نامشخص,kanoon
1402,تجربی,27,18,منطقه 1,دندانپزشکی,,نامشخص,kanoon
1402,تجربی,184,18,منطقه 3,پزشکی,,نامشخص,kanoon
1402,تجربی,39,19,منطقه 2,پزشکی,,نامشخص,kanoon
1402,تجربی,48,19,منطقه 1,دندانپزشکی,,نامشخص,kanoon
1402,تجربی,48,19,منطقه 1,دندانپزشکی,,نامشخص,kanoon
1402,تجربی,189,19,منطقه 3,پزشکی,,نامشخص,kanoon
1402,تجربی,41,20,منطقه 2,پزشکی,,نامشخص,kanoon
1402,تجربی,195,20,منطقه 3,پزشکی,,نامشخص,kanoon
1402,تجربی,45,21,منطقه 2,پزشکی,,نامشخص,kanoon
1402,تجربی,51,21,منطقه 1,پزشکی,,نامشخص,kanoon
1402,تجربی,52,21,منطقه 2,پزشکی,,نامشخص,kanoon
1402,تجربی,203,21,منطقه 3,پزشکی,,نامشخص,kanoon
1402,تجربی,46,22,منطقه 2,پزشکی,,نامشخص,kanoon
1402,تجربی,208,22,منطقه 3,پزشکی,,نامشخص,kanoon
1402,تجربی,47,23,منطقه 2,پزشکی,,نامشخص,kanoon
1402,تجربی,55,23,منطقه 1,پزشکی,,نامشخص,kanoon
1402,تجربی,56,24,منطقه 1,دندانپزشکی,,نامشخص,kanoon
1402,تجربی,215,24,منطقه 3,پزشکی,,نامشخص,kanoon
1402,تجربی,57,25,منطقه 1,پزشکی,,نامشخص,kanoon
1402,تجربی,58,25,منطقه 2,پزشکی,,نامشخص,kanoon
1402,تجربی,223,25,منطقه 3,پزشکی,,نامشخص,kanoon
1402,تجربی,60,26,منطقه 2,پزشکی,,نامشخص,kanoon
1402,تجربی,239,26,منطقه 3,پزشکی,,نامشخص,kanoon
1402,تجربی,61,27,منطقه 2,پزشکی,,نامشخص,kanoon
1402,تجربی,63,27,منطقه 1,دندانپزشکی,,نامشخص,kanoon
1402,تجربی,247,27,منطقه 3,پزشکی,,نامشخص,kanoon
1402,تجربی,247,27,منطقه 3,دندانپزشکی,,نامشخص,kanoon
1402,تجربی,64,28,منطقه 2,دندانپزشکی,,نامشخص,kanoon
1402,تجربی,66,29,منطقه 1,دندانپزشکی,,نامشخص,kanoon
1402,تجربی,68,29,منطقه 2,دندانپزشکی,,نامشخص,kanoon
1402,تجربی,259,29,منطقه 3,پزشکی,,نامشخص,kanoon
1402,تجربی,69,30,منطقه 2,پزشکی,,نامشخص,kanoon
1402,تجربی,70,31,منطقه 2,پزشکی,,نامشخص,kanoon
1402,تجربی,72,31,منطقه 1,پزشکی,,نامشخص,kanoon
1402,تجربی,281,31,منطقه 3,پزشکی,,نامشخص,kanoon
1402,تجربی,71,32,منطقه 2,پزشکی,,نامشخص,kanoon
1402,تجربی,73,32,منطقه 1,پزشکی,,نامشخص,kanoon
1402,تجربی,75,33,منطقه 2,دندانپزشکی,,نامشخص,kanoon
1402,تجربی,302,33,منطقه 3,پزشکی,,نامشخص,kanoon
1402,تجربی,76,34,منطقه 1,دندانپزشکی,,نامشخص,kanoon
1402,تجربی,78,34,منطقه 2,پزشکی,,نامشخص,kanoon
1402,تجربی,312,34,منطقه 3,پزشکی,,نامشخص,kanoon
1402,تجربی,77,35,منطقه 1,دندانپزشکی,,نامشخص,kanoon
1402,تجربی,314,35,منطقه 3,پزشکی,,نامشخص,kanoon
1402,تجربی,85,36,منطقه 2,دندانپزشکی,,نامشخص,kanoon
1402,تجربی,108,36,منطقه 2,پزشکی,,نامشخص,kanoon
1402,تجربی,315,36,منطقه 3,پزشکی,,نامشخص,kanoon
1402,تجربی,82,37,منطقه 1,دندانپزشکی,,نامشخص,kanoon
1402,تجربی,95,37,منطقه 2,پزشکی,,نامشخص,kanoon
1402,تجربی,322,37,منطقه 3,پزشکی,,نامشخص,kanoon
1402,تجربی,83,38,منطقه 1,دندانپزشکی,,نامشخص,kanoon
1402,تجربی,96,38,منطقه 2,دندانپزشکی,,نامشخص,kanoon
1402,تجربی,327,38,منطقه 3,دندانپزشکی,,نامشخص,kanoon
1402,تجربی,84,39,منطقه 1,پزشکی,,نامشخص,kanoon
1402,تجربی,98,39,منطقه 2,پزشکی,,نامشخص,kanoon
1402,تجربی,86,40,منطقه 1,پزشکی,,نامشخص,kanoon
1402,تجربی,105,41,منطقه 2,پزشکی,,نامشخص,kanoon
1402,تجربی,357,41,منطقه 3,دندانپزشکی,,نامشخص,kanoon
1402,تجربی,88,42,منطقه 1,پزشکی,,نامشخص,kanoon
1402,تجربی,88,42,منطقه 1,دندانپزشکی,,نامشخص,kanoon
1402,تجربی,106,42,منطقه 2,پزشکی,,نامشخص,kanoon
1402,تجربی,107,43,منطقه 2,پزشکی,,نامشخص,kanoon
1402,تجربی,369,43,منطقه 3,پزشکی,,نامشخص,kanoon
1402,تجربی,90,44,منطقه 1,دندانپزشکی,,نامشخص,kanoon
1402,تجربی,376,44,منطقه 3,پزشکی,,نامشخص,kanoon
1402,تجربی,91,45,منطقه 1,پزشکی,,نامشخص,kanoon
1402,تجربی,111,45,منطقه 2,پزشکی,,نامشخص,kanoon
1402,تجربی,111,45,منطقه 2,پزشکی,,نامشخص,kanoon
1402,تجربی,92,46,منطقه 1,دندانپزشکی,,نامشخص,kanoon
1402,تجربی,392,46,منطقه 3,پزشکی,,نامشخص,kanoon
1402,تجربی,93,47,منطقه 1,پزشکی,,نامشخص,kanoon
1402,تجربی,113,47,منطقه 2,پزشکی,,نامشخص,kanoon
1402,تجربی,397,47,منطقه 3,پزشکی,,نامشخص,kanoon
1402,تجربی,94,48,منطقه 1,پزشکی,,نامشخص,kanoon
1402,تجربی,114,48,منطقه 2,پزشکی,,نامشخص,kanoon
1402,تجربی,114,48,منطقه 2,دندانپزشکی,,نامشخص,kanoon
1402,تجربی,407,48,منطقه 3,دندانپزشکی,,نامشخص,kanoon
1402,تجربی,100,49,منطقه 1,پزشکی,,نامشخص,kanoon
1402,تجربی,409,49,منطقه 3,پزشکی,,نامشخص,kanoon
1402,تجربی,102,50,منطقه 1,پزشکی,,نامشخص,kanoon
1402,تجربی,116,50,منطقه 2,پزشکی,,نامشخص,kanoon
1402,تجربی,419,50,منطقه 3,پزشکی,,نامشخص,kanoon
1402,تجربی,419,50,منطقه 3,پزشکی,,نامشخص,kanoon
1402,تجربی,104,51,منطقه 1,پزشکی,,نامشخص,kanoon
1402,تجربی,117,51,منطقه 2,پزشکی,,نامشخص,kanoon
1402,تجربی,120,52,منطقه 2,دندانپزشکی,,نامشخص,kanoon
1402,تجربی,434,53,منطقه 3,پزشکی,,نامشخص,kanoon
1402,تجربی,118,54,منطقه 1,دندانپزشکی,,نامشخص,kanoon
1402,تجربی,125,54,منطقه 2,پزشکی,,نامشخص,kanoon
1402,تجربی,439,54,منطقه 3,پزشکی,,نامشخص,kanoon
1402,تجربی,119,55,منطقه 1,پزشکی,,نامشخص,kanoon
1402,تجربی,449,55,منطقه 3,پزشکی,,نامشخص,kanoon
1402,تجربی,847,55,سهمیه 5٪,دندانپزشکی,دانشگاه علوم پزشکی کاشان,روزانه,sajad
1402,تجربی,130,56,منطقه 2,دندانپزشکی,,نامشخص,kanoon
1402,تجربی,463,56,منطقه 3,دندانپزشکی,,نامشخص,kanoon
1402,تجربی,122,57,منطقه 1,پزشکی,,نامشخص,kanoon
1402,تجربی,474,57,منطقه 3,پزشکی,,نامشخص,kanoon
1402,تجربی,125,58,منطقه 1,پزشکی,,نامشخص,kanoon
1402,تجربی,136,58,منطقه 2,پزشکی,,نامشخص,kanoon
1402,تجربی,128,60,منطقه 1,دندانپزشکی,,نامشخص,kanoon
1402,تجربی,142,60,منطقه 2,پزشکی,,نامشخص,kanoon
1402,تجربی,496,60,منطقه 3,پزشکی,,نامشخص,kanoon
1402,تجربی,131,61,منطقه 1,دندانپزشکی,,نامشخص,kanoon
1402,تجربی,145,61,منطقه 2,دندانپزشکی,,نامشخص,kanoon
1402,تجربی,149,62,منطقه 2,پزشکی,,نامشخص,kanoon
1402,تجربی,508,62,منطقه 3,دندانپزشکی,,نامشخص,kanoon
1402,تجربی,152,63,منطقه 2,پزشکی,,نامشخص,kanoon
1402,تجربی,513,63,منطقه 3,پزشکی,,نامشخص,kanoon
1402,تجربی,159,64,منطقه 2,پزشکی,,نامشخص,kanoon
1402,تجربی,515,64,منطقه 3,پزشکی,,نامشخص,kanoon
1402,تجربی,515,64,منطقه 3,پزشکی,,نامشخص,kanoon
1402,تجربی,140,65,منطقه 1,پزشکی,,نامشخص,kanoon
1402,تجربی,141,66,منطقه 1,پزشکی,,نامشخص,kanoon
1402,تجربی,162,66,منطقه 2,پزشکی,,نامشخص,kanoon
1402,تجربی,517,66,منطقه 3,پزشکی,,نامشخص,kanoon
1402,تجربی,143,67,منطقه 1,دندانپزشکی,,نامشخص,kanoon
1402,تجربی,166,67,منطقه 2,دندانپزشکی,,نامشخص,kanoon
1402,تجربی,144,68,منطقه 1,پزشکی,,نامشخص,kanoon
1402,تجربی,168,69,منطقه 2,پزشکی,,نامشخص,kanoon
1402,تجربی,526,69,منطقه 3,دندانپزشکی,,نامشخص,kanoon
1402,تجربی,147,70,منطقه 1,پزشکی,,نامشخص,kanoon
1402,تجربی,170,70,منطقه 2,دندانپزشکی,,نامشخص,kanoon
1402,تجربی,531,70,منطقه 3,پزشکی,,نامشخص,kanoon
1402,تجربی,173,71,منطقه 2,پزشکی,,نامشخص,kanoon
1402,تجربی,543,71,منطقه 3,دندانپزشکی,,نامشخص,kanoon
1402,تجربی,176,72,منطقه 2,دندانپزشکی,,نامشخص,kanoon
1402,تجربی,151,73,منطقه 1,دندانپزشکی,,نامشخص,kanoon
1402,تجربی,178,73,منطقه 2,پزشکی,,نامشخص,kanoon
1402,تجربی,522,73,منطقه 3,دندانپزشکی,,نامشخص,kanoon
1402,تجربی,553,73,منطقه 3,پزشکی,,نامشخص,kanoon
1402,تجربی,153,74,منطقه 1,پزشکی,,نامشخص,kanoon
1402,تجربی,154,75,منطقه 1,دندانپزشکی,,نامشخص,kanoon
1402,تجربی,180,75,منطقه 2,پزشکی,,نامشخص,kanoon
1402,تجربی,560,76,منطقه 3,پزشکی,,نامشخص,kanoon
1402,تجربی,563,77,منطقه 3,پزشکی,,نامشخص,kanoon
1402,تجربی,184,78,منطقه 2,دندانپزشکی,,نامشخص,kanoon
1402,تجربی,161,79,منطقه 1,پزشکی,,نامشخص,kanoon
1402,تجربی,584,79,منطقه 3,پزشکی,,نامشخص,kanoon
1402,تجربی,163,80,منطقه 1,دندانپزشکی,,نامشخص,kanoon
1402,تجربی,187,80,منطقه 2,پزشکی,,نامشخص,kanoon
1402,تجربی,164,81,منطقه 1,دندانپزشکی,,نامشخص,kanoon
1402,تجربی,188,81,منطقه 2,پزشکی,,نامشخص,kanoon
1402,تجربی,598,81,منطقه 3,پزشکی,,نامشخص,kanoon
1402,تجربی,598,81,منطقه 3,دندانپزشکی,,نامشخص,kanoon
1402,تجربی,190,82,منطقه 2,دندانپزشکی,,نامشخص,kanoon
1402,تجربی,169,83,منطقه 1,دندانپزشکی,,نامشخص,kanoon
1402,تجربی,191,83,منطقه 2,پزشکی,,نامشخص,kanoon
1402,تجربی,603,83,منطقه 3,پزشکی,,نامشخص,kanoon
1402,تجربی,171,84,منطقه 1,پزشکی,,نامشخص,kanoon
1402,تجربی,171,84,منطقه 1,پزشکی,,نامشخص,kanoon
1402,تجربی,195,84,منطقه 2,پزشکی,,نامشخص,kanoon
1402,تجربی,197,85,منطقه 2,دندانپزشکی,,نامشخص,kanoon
1402,تجربی,610,85,منطقه 3,پزشکی,,نامشخص,kanoon
1402,تجربی,610,85,منطقه 3,دندانپزشکی,,نامشخص,kanoon
1402,تجربی,176,86,منطقه 1,پزشکی,,نامشخص,kanoon
1402,تجربی,202,88,منطقه 2,پزشکی,,نامشخص,kanoon
1402,تجربی,631,88,منطقه 3,دندانپزشکی,,نامشخص,kanoon
1402,تجربی,631,88,منطقه 3,دندانپزشکی,دانشگاه علوم پزشکی تهران,روزانه,sajad
1402,تجربی,203,89,منطقه 2,دندانپزشکی,,نامشخص,kanoon
1402,تجربی,192,90,منطقه 1,پزشکی,,نامشخص,kanoon
1402,تجربی,634,90,منطقه 3,پزشکی,,نامشخص,kanoon
1402,تجربی,206,91,منطقه 2,دندانپزشکی,,نامشخص,kanoon
1402,تجربی,636,91,منطقه 3,دندانپزشکی,,نامشخص,kanoon
1402,تجربی,195,92,منطقه 1,پزشکی,,نامشخص,kanoon
1402,تجربی,207,92,منطقه 2,پزشکی,,نامشخص,kanoon
1402,تجربی,198,93,منطقه 1,پزشکی,,نامشخص,kanoon
1402,تجربی,210,93,منطقه 2,دندانپزشکی,,نامشخص,kanoon
1402,تجربی,660,93,منطقه 3,دندانپزشکی,,نامشخص,kanoon
1402,تجربی,201,94,منطقه 1,پزشکی,,نامشخص,kanoon
1402,تجربی,211,94,منطقه 2,دندانپزشکی,,نامشخص,kanoon
1402,تجربی,662,94,منطقه 3,پزشکی,,نامشخص,kanoon
1402,تجربی,662,94,منطقه 3,دندانپزشکی,,نامشخص,kanoon
1402,تجربی,212,95,منطقه 1,پزشکی,,نامشخص,kanoon
1402,تجربی,218,95,منطقه 2,پزشکی,,نامشخص,kanoon
1402,تجربی,220,96,منطقه 2,پزشکی,,نامشخص,kanoon
1402,تجربی,667,96,منطقه 3,دندانپزشکی,,نامشخص,kanoon
1402,تجربی,215,97,منطقه 1,دندانپزشکی,,نامشخص,kanoon
1402,تجربی,222,97,منطقه 2,پزشکی,,نامشخص,kanoon
1402,تجربی,673,97,منطقه 3,پزشکی,,نامشخص,kanoon
1402,تجربی,225,98,منطقه 2,پزشکی,,نامشخص,kanoon
1402,تجربی,676,98,منطقه 3,پزشکی,,نامشخص,kanoon
1402,تجربی,217,99,منطقه 1,پزشکی,,نامشخص,kanoon
1402,تجربی,226,99,منطقه 2,پزشکی,,نامشخص,kanoon
1402,تجربی,219,100,منطقه 1,دندانپزشکی,,نامشخص,kanoon
1402,تجربی,231,100,منطقه 2,دندانپزشکی,,نامشخص,kanoon
1402,تجربی,700,100,منطقه 3,پزشکی,,نامشخص,kanoon
1402,تجربی,220,101,منطقه 1,پزشکی,,نامشخص,kanoon
1402,تجربی,232,101,منطقه 2,دندانپزشکی,,نامشخص,kanoon
1402,تجربی,703,101,منطقه 3,پزشکی,,نامشخص,kanoon
1402,تجربی,234,102,منطقه 2,پزشکی,,نامشخص,kanoon
1402,تجربی,705,102,منطقه 3,پزشکی,,نامشخص,kanoon
1402,تجربی,227,103,منطقه 1,پزشکی,,نامشخص,kanoon
1402,تجربی,235,103,منطقه 2,پزشکی,,نامشخص,kanoon
1402,تجربی,715,103,منطقه 3,دندانپزشکی,,نامشخص,kanoon
1402,تجربی,228,104,منطقه 1,پزشکی,,نامشخص,kanoon
1402,تجربی,237,104,منطقه 2,پزشکی,,نامشخص,kanoon
1402,تجربی,723,104,منطقه 3,پزشکی,,نامشخص,kanoon
1402,تجربی,229,105,منطقه 1,پزشکی,,نامشخص,kanoon
1402,تجربی,238,105,منطقه 2,پزشکی,,نامشخص,kanoon
1402,تجربی,240,106,منطقه 2,پزشکی,,نامشخص,kanoon
1402,تجربی,500,106,منطقه 3,دندانپزشکی,,نامشخص,kanoon
1402,تجربی,745,106,منطقه 3,دندانپزشکی,,نامشخص,kanoon
1402,تجربی,232,107,منطقه 1,دندانپزشکی,,نامشخص,kanoon
1402,تجربی,244,107,منطقه 2,دکترای پیوسته بیوتکنولوژی,,نامشخص,kanoon
1402,تجربی,244,107,منطقه 2,دندانپزشکی,,نامشخص,kanoon
1402,تجربی,236,108,منطقه 1,دندانپزشکی,,نامشخص,kanoon
1402,تجربی,748,108,منطقه 3,پزشکی,,نامشخص,kanoon
1402,تجربی,246,109,منطقه 2,پزشکی,,نامشخص,kanoon
1402,تجربی,753,109,منطقه 3,پزشکی,,نامشخص,kanoon
1402,تجربی,242,110,منطقه 1,دندانپزشکی,,نامشخص,kanoon
1402,تجربی,760,111,منطقه 3,پزشکی,,نامشخص,kanoon
1402,تجربی,249,112,منطقه 1,پزشکی,,نامشخص,kanoon
1402,تجربی,253,112,منطقه 2,داروسازی,,نامشخص,kanoon
1402,تجربی,765,113,منطقه 3,پزشکی,,نامشخص,kanoon
1402,تجربی,247,114,منطقه 1,دندانپزشکی,,نامشخص,kanoon
1402,تجربی,255,114,منطقه 1,پزشکی,,نامشخص,kanoon
1402,تجربی,255,114,منطقه 2,دندانپزشکی,,نامشخص,kanoon
1402,تجربی,261,115,منطقه 2,پزشکی,,نامشخص,kanoon
1402,تجربی,771,115,منطقه 3,پزشکی,,نامشخص,kanoon
1402,تجربی,258,116,منطقه 1,دندانپزشکی,,نامشخص,kanoon
1402,تجربی,778,116,منطقه 3,دندانپزشکی,,نامشخص,kanoon
1402,تجربی,1590,116,سهمیه 5٪,دندانپزشکی,دانشگاه علوم پزشکی قزوین,روزانه,sajad
1402,تجربی,264,117,منطقه 2,پزشکی,,نامشخص,kanoon
1402,تجربی,263,118,منطقه 1,دندانپزشکی,,نامشخص,kanoon
1402,تجربی,267,120,منطقه 2,دندانپزشکی,,نامشخص,kanoon
1402,تجربی,270,120,منطقه 1,دندانپزشکی,,نامشخص,kanoon
1402,تجربی,270,121,منطقه 2,پزشکی,,نامشخص,kanoon
1402,تجربی,270,121,منطقه 2,پزشکی,,نامشخص,kanoon
1402,تجربی,837,121,منطقه 3,پزشکی,,نامشخص,kanoon
1402,تجربی,276,122,منطقه 1,پزشکی,,نامشخص,kanoon
1402,تجربی,272,123,منطقه 2,پزشکی,,نامشخص,kanoon
1402,تجربی,274,124,منطقه 2,دندانپزشکی,,نامشخص,kanoon
1402,تجربی,283,124,منطقه 1,دندانپزشکی,,نامشخص,kanoon
1402,تجربی,849,124,منطقه 3,پزشکی,,نامشخص,kanoon
1402,تجربی,278,125,منطقه 2,پزشکی,,نامشخص,kanoon
1402,تجربی,853,125,منطقه 3,دندانپزشکی,,نامشخص,kanoon
1402,تجربی,279,126,منطقه 2,پزشکی,,نامشخص,kanoon
1402,تجربی,286,126,منطقه 1,دندانپزشکی,,نامشخص,kanoon
1402,تجربی,865,126,منطقه 3,دندانپزشکی,,نامشخص,kanoon
1402,تجربی,280,127,منطقه 2,داروسازی,,نامشخص,kanoon
1402,تجربی,287,127,منطقه 1,دندانپزشکی,,نامشخص,kanoon
1402,تجربی,867,127,منطقه 3,دندانپزشکی,,نامشخص,kanoon
1402,تجربی,281,128,منطقه 2,پزشکی,,نامشخص,kanoon
1402,تجربی,284,129,منطقه 2,پزشکی,,نامشخص,kanoon
1402,تجربی,289,129,منطقه 1,دندانپزشکی,,نامشخص,kanoon
1402,تجربی,872,129,منطقه 3,پزشکی,,نامشخص,kanoon
1402,تجربی,292,130,منطقه 2,پزشکی,,نامشخص,kanoon
1402,تجربی,887,130,منطقه 3,پزشکی,,نامشخص,kanoon
1402,تجربی,291,131,منطقه 1,پزشکی,,نامشخص,kanoon
1402,تجربی,293,131,منطقه 2,پزشکی,,نامشخص,kanoon
1402,تجربی,294,132,منطقه 2,دندانپزشکی,,نامشخص,kanoon
1402,تجربی,301,132,منطقه 1,پزشکی,,نامشخص,kanoon
1402,تجربی,295,133,منطقه 2,پزشکی,,نامشخص,kanoon
1402,تجربی,307,133,منطقه 1,دندانپزشکی,,نامشخص,kanoon
1402,تجربی,896,133,منطقه 3,دندانپزشکی,,نامشخص,kanoon
1402,تجربی,296,134,منطقه 2,پزشکی,,نامشخص,kanoon
1402,تجربی,308,134,منطقه 1,پزشکی,,نامشخص,kanoon
1402,تجربی,308,134,منطقه 1,پزشکی,,نامشخص,kanoon
1402,تجربی,906,134,منطقه 3,دندانپزشکی,,نامشخص,kanoon
1402,تجربی,297,135,منطقه 2,دندانپزشکی,,نامشخص,kanoon
1402,تجربی,310,136,منطقه 1,پزشکی,,نامشخص,kanoon
1402,تجربی,918,136,منطقه 3,دندانپزشکی,,نامشخص,kanoon
1402,تجربی,312,137,منطقه 1,پزشکی,,نامشخص,kanoon
1402,تجربی,922,137,منطقه 3,دندانپزشکی,,نامشخص,kanoon
1402,تجربی,303,138,منطقه 2,پزشکی,,نامشخص,kanoon
1402,تجربی,304,139,منطقه 2,پزشکی,,نامشخص,kanoon
1402,تجربی,924,139,منطقه 3,دندانپزشکی,,نامشخص,kanoon
1402,تجربی,305,140,منطقه 2,پزشکی,,نامشخص,kanoon
1402,تجربی,320,140,منطقه 1,دندانپزشکی,,نامشخص,kanoon
1402,تجربی,934,140,منطقه 3,پزشکی,,نامشخص,kanoon
1402,تجربی,306,141,منطقه 2,دندانپزشکی,,نامشخص,kanoon
1402,تجربی,322,141,منطقه 1,پزشکی,,نامشخص,kanoon
1402,تجربی,938,141,منطقه 3,پزشکی,,نامشخص,kanoon
1402,تجربی,,141,منطقه 2,دندانپزشکی,دانشگاه علوم پزشکی تهران,روزانه,sajad
1402,تجربی,310,142,منطقه 2,پزشکی,,نامشخص,kanoon
1402,تجربی,945,142,منطقه 3,پزشکی,,نامشخص,kanoon
1402,تجربی,328,143,منطقه 1,پزشکی,,نامشخص,kanoon
1402,تجربی,328,143,منطقه 1,پزشکی,,نامشخص,kanoon
1402,تجربی,948,143,منطقه 3,پزشکی,,نامشخص,kanoon
1402,تجربی,321,145,منطقه 2,پزشکی,,نامشخص,kanoon
1402,تجربی,334,145,منطقه 1,پزشکی,,نامشخص,kanoon
1402,تجربی,961,145,منطقه 3,پزشکی,,نامشخص,kanoon
1402,تجربی,336,146,منطقه 1,دندانپزشکی,,نامشخص,kanoon
1402,تجربی,966,146,منطقه 3,پزشکی,,نامشخص,kanoon
1402,تجربی,326,147,منطقه 2,پزشکی,,نامشخص,kanoon
1402,تجربی,981,147,منطقه 3,پزشکی,,نامشخص,kanoon
1402,تجربی,341,148,منطقه 1,پزشکی,,نامشخص,kanoon
1402,تجربی,984,148,منطقه 3,دندانپزشکی,,نامشخص,kanoon
1402,تجربی,331,149,منطقه 2,پزشکی,,نامشخص,kanoon
1402,تجربی,331,149,منطقه 2,پزشکی,,نامشخص,kanoon
1402,تجربی,331,149,منطقه 2,پزشکی,,نامشخص,kanoon
1402,تجربی,342,149,منطقه 1,دندانپزشکی,,نامشخص,kanoon
1402,تجربی,995,150,منطقه 3,پزشکی,,نامشخص,kanoon
1402,تجربی,333,151,منطقه 2,پزشکی,,نامشخص,kanoon
1402,تجربی,336,152,منطقه 2,پزشکی,,نامشخص,kanoon
1402,تجربی,1001,152,منطقه 3,دندانپزشکی,,نامشخص,kanoon
1402,تجربی,329,153,منطقه 2,دندانپزشکی,دانشگاه علوم پزشکی شهید بهشتی - تهران,روزانه,sajad
1402,تجربی,339,153,منطقه 2,دندانپزشکی,,نامشخص,kanoon
1402,تجربی,358,153,منطقه 1,پزشکی,,نامشخص,kanoon
1402,تجربی,343,154,منطقه 2,دندانپزشکی,,نامشخص,kanoon
1402,تجربی,1019,154,منطقه 3,پزشکی,,نامشخص,kanoon
1402,تجربی,364,155,منطقه 1,پزشکی,,نامشخص,kanoon
1402,تجربی,346,156,منطقه 2,پزشکی,,نامشخص,kanoon
1402,تجربی,346,156,منطقه 2,پزشکی,,نامشخص,kanoon
1402,تجربی,365,156,منطقه 1,دکترای پیوسته بیوتکنولوژی,,نامشخص,kanoon
1402,تجربی,348,158,منطقه 2,دندانپزشکی,,نامشخص,kanoon
1402,تجربی,376,159,منطقه 1,پزشکی,,نامشخص,kanoon
1402,تجربی,351,160,منطقه 2,دندانپزشکی,,نامشخص,kanoon
1402,تجربی,378,160,منطقه 1,پزشکی,,نامشخص,kanoon
1402,تجربی,1043,160,منطقه 3,پزشکی,,نامشخص,kanoon
1402,تجربی,353,161,منطقه 2,پزشکی,,نامشخص,kanoon
1402,تجربی,353,161,منطقه 2,پزشکی,,نامشخص,kanoon
1402,تجربی,379,161,منطقه 1,پزشکی,,نامشخص,kanoon
1402,تجربی,379,161,منطقه 1,پزشکی,,نامشخص,kanoon
1402,تجربی,379,161,منطقه 1,دندانپزشکی,,نامشخص,kanoon
1402,تجربی,1049,161,منطقه 3,پزشکی,,نامشخص,kanoon
1402,تجربی,1052,162,منطقه 3,پزشکی,,نامشخص,kanoon
1402,تجربی,355,163,منطقه 2,پزشکی,,نامشخص,kanoon
1402,تجربی,381,163,منطقه 1,پزشکی,,نامشخص,kanoon
1402,تجربی,356,164,منطقه 2,پزشکی,,نامشخص,kanoon
1402,تجربی,382,164,منطقه 1,پزشکی,,نامشخص,kanoon
1402,تجربی,358,165,منطقه 2,پزشکی,,نامشخص,kanoon
1402,تجربی,384,166,منطقه 1,دندانپزشکی,,نامشخص,kanoon
1402,تجربی,1070,166,منطقه 3,پزشکی,,نامشخص,kanoon
1402,تجربی,361,167,منطقه 2,پزشکی,,نامشخص,kanoon
1402,تجربی,386,167,منطقه 1,پزشکی,,نامشخص,kanoon
1402,تجربی,1091,167,منطقه 3,دندانپزشکی,,نامشخص,kanoon
1402,تجربی,363,168,منطقه 2,دندانپزشکی,,نامشخص,kanoon
1402,تجربی,367,169,منطقه 2,پزشکی,,نامشخص,kanoon
1402,تجربی,367,169,منطقه 2,دندانپزشکی,,نامشخص,kanoon
1402,تجربی,1101,169,منطقه 3,دندانپزشکی,,نامشخص,kanoon
1402,تجربی,371,171,منطقه 2,پزشکی,,نامشخص,kanoon
1402,تجربی,403,171,منطقه 1,پزشکی,,نامشخص,kanoon
1402,تجربی,1106,171,منطقه 3,پزشکی,,نامشخص,kanoon
1402,تجربی,272,172,منطقه 2,پزشکی,,نامشخص,kanoon
1402,تجربی,372,172,منطقه 2,پزشکی,دانشگاه علوم پزشکی شهید بهشتی - تهران,روزانه,sajad
1402,تجربی,405,172,منطقه 1,پزشکی,,نامشخص,kanoon
1402,تجربی,375,174,منطقه 2,پزشکی,,نامشخص,kanoon
1402,تجربی,414,174,منطقه 1,پزشکی,,نامشخص,kanoon
1402,تجربی,1123,174,منطقه 3,پزشکی,,نامشخص,kanoon
1402,تجربی,416,175,منطقه 1,پزشکی,,نامشخص,kanoon
1402,تجربی,389,176,منطقه 2,پزشکی,,نامشخص,kanoon
1402,تجربی,418,176,منطقه 1,پزشکی,,نامشخص,kanoon
1402,تجربی,421,177,منطقه 1,پزشکی,,نامشخص,kanoon
1402,تجربی,1135,177,منطقه 3,دندانپزشکی,,نامشخص,kanoon
1402,تجربی,391,178,منطقه 2,پزشکی,,نامشخص,kanoon
1402,تجربی,423,178,منطقه 1,دندانپزشکی,,نامشخص,kanoon
1402,تجربی,393,179,منطقه 2,پزشکی,,نامشخص,kanoon
1402,تجربی,428,179,منطقه 1,پزشکی,,نامشخص,kanoon
1402,تجربی,428,179,منطقه 1,دندانپزشکی,,نامشخص,kanoon
1402,تجربی,1149,179,منطقه 3,پزشکی,,نامشخص,kanoon
1402,تجربی,1156,180,منطقه 3,پزشکی,,نامشخص,kanoon
1402,تجربی,396,181,منطقه 2,دندانپزشکی,,نامشخص,kanoon
1402,تجربی,433,181,منطقه 1,پزشکی,,نامشخص,kanoon
1402,تجربی,399,183,منطقه 2,پزشکی,,نامشخص,kanoon
1402,تجربی,399,183,منطقه 2,پزشکی,,نامشخص,kanoon
1402,تجربی,1172,183,منطقه 3,پزشکی,,نامشخص,kanoon
1402,تجربی,402,185,منطقه 2,پزشکی,,نامشخص,kanoon
1402,تجربی,451,185,منطقه 1,پزشکی,,نامشخص,kanoon
1402,تجربی,403,186,منطقه 2,پزشکی,,نامشخص,kanoon
1402,تجربی,1185,186,منطقه 3,پزشکی,,نامشخص,kanoon
1402,تجربی,405,187,منطقه 2,پزشکی,,نامشخص,kanoon
1402,تجربی,453,188,منطقه 1,پزشکی,,نامشخص,kanoon
1402,تجربی,454,188,منطقه 1,پزشکی,,نامشخص,kanoon
1402,تجربی,454,188,منطقه 1,پزشکی,,نامشخص,kanoon
1402,تجربی,1190,188,منطقه 3,دندانپزشکی,,نامشخص,kanoon
1402,تجربی,411,189,منطقه 2,پزشکی,,نامشخص,kanoon
1402,تجربی,1192,189,منطقه 3,پزشکی,,نامشخص,kanoon
1402,تجربی,412,190,منطقه 2,پزشکی,,نامشخص,kanoon
1402,تجربی,414,191,منطقه 2,دندانپزشکی,,نامشخص,kanoon
1402,تجربی,1213,192,منطقه 3,پزشکی,,نامشخص,kanoon
1402,تجربی,416,193,منطقه 2,پزشکی,,نامشخص,kanoon
1402,تجربی,465,193,منطقه 1,پزشکی,,نامشخص,kanoon
1402,تجربی,1216,194,منطقه 3,داروسازی,,نامشخص,kanoon
1402,تجربی,1216,194,منطقه 3,دندانپزشکی,,نامشخص,kanoon
1402,تجربی,426,196,منطقه 2,پزشکی,,نامشخص,kanoon
1402,تجربی,426,196,منطقه 2,پزشکی,,نامشخص,kanoon
1402,تجربی,472,197,منطقه 1,پزشکی,,نامشخص,kanoon
1402,تجربی,430,198,منطقه 2,پزشکی,,نامشخص,kanoon
1402,تجربی,474,198,منطقه 1,دندانپزشکی,,نامشخص,kanoon
1402,تجربی,1238,198,منطقه 3,پزشکی,,نامشخص,kanoon
1402,تجربی,431,199,منطقه 2,دندانپزشکی,,نامشخص,kanoon
1402,تجربی,1241,199,منطقه 3,پزشکی,,نامشخص,kanoon
1402,تجربی,432,200,منطقه 2,پزشکی,,نامشخص,kanoon
1402,تجربی,478,200,منطقه 1,پزشکی,,نامشخص,kanoon
1402,تجربی,434,201,منطقه 2,پزشکی,,نامشخص,kanoon
1402,تجربی,1253,201,منطقه 3,پزشکی,,نامشخص,kanoon
1402,تجربی,437,202,منطقه 2,پزشکی,,نامشخص,kanoon
1402,تجربی,1265,203,منطقه 3,پزشکی,,نامشخص,kanoon
1402,تجربی,3100,203,سهمیه 5٪,پزشکی,دانشگاه علوم پزشکی ایران,روزانه,sajad
1402,تجربی,439,204,منطقه 2,پزشکی,,نامشخص,kanoon
1402,تجربی,439,204,منطقه 2,دندانپزشکی,,نامشخص,kanoon
1402,تجربی,486,204,منطقه 1,پزشکی,,نامشخص,kanoon
1402,تجربی,1275,205,منطقه 3,دندانپزشکی,,نامشخص,kanoon
1402,تجربی,1275,205,منطقه 3,دندانپزشکی,,نامشخص,kanoon
1402,تجربی,442,206,منطقه 2,دندانپزشکی,,نامشخص,kanoon
1402,تجربی,490,206,منطقه 1,پزشکی,,نامشخص,kanoon
1402,تجربی,443,207,منطقه 2,پزشکی,,نامشخص,kanoon
1402,تجربی,445,208,منطقه 2,پزشکی,,نامشخص,kanoon
1402,تجربی,1285,208,منطقه 3,پزشکی,,نامشخص,kanoon
1402,تجربی,446,209,منطقه 2,پزشکی,,نامشخص,kanoon
1402,تجربی,446,209,منطقه 2,دندانپزشکی,,نامشخص,kanoon
1402,تجربی,499,209,منطقه 1,دندانپزشکی,,نامشخص,kanoon
1402,تجربی,1297,209,منطقه 3,دندانپزشکی,,نامشخص,kanoon
1402,تجربی,501,210,منطقه 1,پزشکی,,نامشخص,kanoon
1402,تجربی,449,211,منطقه 2,دندانپزشکی,,نامشخص,kanoon
1402,تجربی,456,212,منطقه 2,پزشکی,,نامشخص,kanoon
1402,تجربی,505,212,منطقه 1,دندانپزشکی,,نامشخص,kanoon
1402,تجربی,1307,213,منطقه 3,پزشکی,,نامشخص,kanoon
1402,تجربی,507,214,منطقه 1,دندانپزشکی,,نامشخص,kanoon
1402,تجربی,1312,214,منطقه 3,پزشکی,,نامشخص,kanoon
1402,تجربی,461,215,منطقه 2,پزشکی,,نامشخص,kanoon
1402,تجربی,463,216,منطقه 2,پزشکی,,نامشخص,kanoon
1402,تجربی,3258,217,منطقه 1,پزشکی,,نامشخص,kanoon
1402,تجربی,469,218,منطقه 2,پزشکی,,نامشخص,kanoon
1402,تجربی,1327,218,منطقه 3,پزشکی,,نامشخص,kanoon
1402,تجربی,1327,218,منطقه 3,دندانپزشکی,,نامشخص,kanoon
1402,تجربی,529,219,منطقه 1,دندانپزشکی,,نامشخص,kanoon
1402,تجربی,473,220,منطقه 2,پزشکی,,نامشخص,kanoon
1402,تجربی,533,220,منطقه 1,دندانپزشکی,,نامشخص,kanoon
1402,تجربی,1336,221,منطقه 3,پزشکی,,نامشخص,kanoon
1402,تجربی,478,222,منطقه 2,دندانپزشکی,,نامشخص,kanoon
1402,تجربی,538,222,منطقه 1,پزشکی,,نامشخص,kanoon
1402,تجربی,538,222,منطقه 1,پزشکی,,نامشخص,kanoon
1402,تجربی,1338,222,منطقه 3,دندانپزشکی,,نامشخص,kanoon
1402,تجربی,483,224,منطقه 2,پزشکی,,نامشخص,kanoon
1402,تجربی,1356,224,منطقه 3,پزشکی,,نامشخص,kanoon
1402,تجربی,547,225,منطقه 1,پزشکی,,نامشخص,kanoon
1402,تجربی,1359,225,منطقه 3,دندانپزشکی,,نامشخص,kanoon
1402,تجربی,490,226,منطقه 2,پزشکی,,نامشخص,kanoon
1402,تجربی,490,226,منطقه 2,پزشکی,,نامشخص,kanoon
1402,تجربی,549,226,منطقه 1,پزشکی,,نامشخص,kanoon
1402,تجربی,568,227,منطقه 1,پزشکی,,نامشخص,kanoon
1402,تجربی,494,228,منطقه 2,پزشکی,,نامشخص,kanoon
1402,تجربی,556,228,منطقه 1,پزشکی,,نامشخص,kanoon
1402,تجربی,558,229,منطقه 1,دندانپزشکی,,نامشخص,kanoon
1402,تجربی,1388,229,منطقه 3,دندانپزشکی,,نامشخص,kanoon
1402,تجربی,561,230,منطقه 1,دندانپزشکی,,نامشخص,kanoon
1402,تجربی,3400,230,سهمیه 5٪,دندانپزشکی,دانشگاه آزاد اسلامی واحد شیراز,آزاد,sajad
1402,تجربی,508,233,منطقه 2,پزشکی,,نامشخص,kanoon
1402,تجربی,1414,233,منطقه 3,پزشکی,,نامشخص,kanoon
1402,تجربی,1414,233,منطقه 3,دندانپزشکی,,نامشخص,kanoon
1402,تجربی,510,234,منطقه 2,پزشکی,,نامشخص,kanoon
1402,تجربی,571,234,منطقه 1,دندانپزشکی,,نامشخص,kanoon
1402,تجربی,511,235,منطقه 2,دندانپزشکی,,نامشخص,kanoon
1402,تجربی,514,236,منطقه 2,پزشکی,,نامشخص,kanoon
1402,تجربی,574,236,منطقه 1,دندانپزشکی,,نامشخص,kanoon
1402,تجربی,521,238,منطقه 2,پزشکی,,نامشخص,kanoon
1402,تجربی,577,238,منطقه 1,پزشکی,,نامشخص,kanoon
1402,تجربی,581,239,منطقه 1,پزشکی,,نامشخص,kanoon
1402,تجربی,581,239,منطقه 1,دندانپزشکی,,نامشخص,kanoon
1402,تجربی,524,240,منطقه 2,پزشکی,,نامشخص,kanoon
1402,تجربی,528,241,منطقه 2,پزشکی,,نامشخص,kanoon
1402,تجربی,529,242,منطقه 2,داروسازی,,نامشخص,kanoon
1402,تجربی,1472,242,منطقه 3,پزشکی,,نامشخص,kanoon
1402,تجربی,531,243,منطقه 2,دندانپزشکی,,نامشخص,kanoon
1402,تجربی,534,244,منطقه 2,پزشکی,,نامشخص,kanoon
1402,تجربی,536,245,منطقه 2,پزشکی,,نامشخص,kanoon
1402,تجربی,593,245,منطقه 1,دندانپزشکی,,نامشخص,kanoon
1402,تجربی,1491,245,منطقه 3,دندانپزشکی,,نامشخص,kanoon
1402,تجربی,540,247,منطقه 2,دندانپزشکی,,نامشخص,kanoon
1402,تجربی,598,247,منطقه 1,دندانپزشکی,,نامشخص,kanoon
1402,تجربی,1499,247,منطقه 3,پزشکی,,نامشخص,kanoon
1402,تجربی,543,249,منطقه 2,پزشکی,,نامشخص,kanoon
1402,تجربی,603,249,منطقه 1,دندانپزشکی,,نامشخص,kanoon
1402,تجربی,1507,249,منطقه 3,دندانپزشکی,,نامشخص,kanoon
1402,تجربی,1524,251,منطقه 3,دندانپزشکی,,نامشخص,kanoon
1402,تجربی,549,252,منطقه 2,پزشکی,,نامشخص,kanoon
1402,تجربی,1527,252,منطقه 3,پزشکی,,نامشخص,kanoon
1402,تجربی,,252,منطقه 1,پزشکی,دانشگاه علوم پزشکی شهید بهشتی - تهران,روزانه,sajad
1402,تجربی,556,253,منطقه 2,دندانپزشکی,,نامشخص,kanoon
1402,تجربی,1536,253,منطقه 3,پزشکی,,نامشخص,kanoon
1402,تجربی,558,255,منطقه 2,پزشکی,,نامشخص,kanoon
1402,تجربی,638,255,منطقه 1,دندانپزشکی,,نامشخص,kanoon
1402,تجربی,642,255,منطقه 1,دندانپزشکی,,نامشخص,kanoon
1402,تجربی,1544,255,منطقه 3,پزشکی,,نامشخص,kanoon
1402,تجربی,563,256,منطقه 2,پزشکی,,نامشخص,kanoon
1402,تجربی,1547,256,منطقه 3,دندانپزشکی,,نامشخص,kanoon
1402,تجربی,1554,257,منطقه 3,پزشکی,,نامشخص,kanoon
1402,تجربی,569,258,منطقه 2,پزشکی,,نامشخص,kanoon
1402,تجربی,569,258,منطقه 2,دندانپزشکی,,نامشخص,kanoon
1402,تجربی,569,258,منطقه 2,دندانپزشکی,,نامشخص,kanoon
1402,تجربی,645,258,منطقه 1,داروسازی,,نامشخص,kanoon
1402,تجربی,573,260,منطقه 2,پزشکی,,نامشخص,kanoon
1402,تجربی,650,260,منطقه 1,پزشکی,,نامشخص,kanoon
1402,تجربی,1593,260,منطقه 3,پزشکی,,نامشخص,kanoon
1402,تجربی,576,261,منطقه 2,پزشکی,,نامشخص,kanoon
1402,تجربی,651,261,منطقه 1,پزشکی,,نامشخص,kanoon
1402,تجربی,1599,261,منطقه 3,پزشکی,,نامشخص,kanoon
1402,تجربی,653,262,منطقه 1,پزشکی,,نامشخص,kanoon
1402,تجربی,579,263,منطقه 2,دندانپزشکی,,نامشخص,kanoon
1402,تجربی,657,263,منطقه 1,دندانپزشکی,,نامشخص,kanoon
1402,تجربی,1604,263,منطقه 3,پزشکی,,نامشخص,kanoon
1402,تجربی,1604,263,منطقه 3,پزشکی,,نامشخص,kanoon
1402,تجربی,581,264,منطقه 2,پزشکی,,نامشخص,kanoon
1402,تجربی,583,265,منطقه 2,دندانپزشکی,,نامشخص,kanoon
1402,تجربی,1609,265,منطقه 3,دندانپزشکی,,نامشخص,kanoon
1402,تجربی,590,267,منطقه 2,پزشکی,,نامشخص,kanoon
1402,تجربی,595,267,منطقه 2,پزشکی,,نامشخص,kanoon
1402,تجربی,675,267,منطقه 1,پزشکی,,نامشخص,kanoon
1402,تجربی,1620,267,منطقه 3,دندانپزشکی,,نامشخص,kanoon
1402,تجربی,592,268,منطقه 2,پزشکی,,نامشخص,kanoon
1402,تجربی,595,269,منطقه 2,دندانپزشکی,,نامشخص,kanoon
1402,تجربی,682,271,منطقه 1,پزشکی,,نامشخص,kanoon
1402,تجربی,1648,271,منطقه 3,دندانپزشکی,,نامشخص,kanoon
1402,تجربی,685,272,منطقه 1,دندانپزشکی,,نامشخص,kanoon
1402,تجربی,1652,272,منطقه 3,پزشکی,,نامشخص,kanoon
1402,تجربی,606,273,منطقه 2,پزشکی,,نامشخص,kanoon
1402,تجربی,606,273,منطقه 2,پزشکی,,نامشخص,kanoon
1402,تجربی,688,273,منطقه 1,پزشکی,,نامشخص,kanoon
1402,تجربی,688,273,منطقه 1,دندانپزشکی,,نامشخص,kanoon
1402,تجربی,1664,274,منطقه 3,دندانپزشکی,,نامشخص,kanoon
1402,تجربی,610,276,منطقه 2,پزشکی,,نامشخص,kanoon
1402,تجربی,610,276,منطقه 2,پزشکی,,نامشخص,kanoon
1402,تجربی,610,276,منطقه 2,پزشکی,,نامشخص,kanoon
1402,تجربی,695,277,منطقه 1,پزشکی,,نامشخص,kanoon
1402,تجربی,1670,277,منطقه 3,پزشکی,,نامشخص,kanoon
1402,تجربی,1670,277,منطقه 3,دندانپزشکی,,نامشخص,kanoon
1402,تجربی,614,278,منطقه 2,پزشکی,,نامشخص,kanoon
1402,تجربی,701,279,منطقه 1,دندانپزشکی,,نامشخص,kanoon
1402,تجربی,1676,279,منطقه 3,پزشکی,,نامشخص,kanoon
1402,تجربی,617,280,منطقه 2,پزشکی,,نامشخص,kanoon
1402,تجربی,706,280,منطقه 1,دندانپزشکی,,نامشخص,kanoon
1402,تجربی,707,281,منطقه 1,دندانپزشکی,,نامشخص,kanoon
1402,تجربی,1681,281,منطقه 3,دندانپزشکی,,نامشخص,kanoon
1402,تجربی,1681,281,منطقه 3,دندانپزشکی,دانشگاه علوم پزشکی کرمان,روزانه,sajad
1402,تجربی,619,282,منطقه 2,دندانپزشکی,,نامشخص,kanoon
1402,تجربی,710,283,منطقه 1,پزشکی,,نامشخص,kanoon
1402,تجربی,622,284,منطقه 2,دندانپزشکی,,نامشخص,kanoon
1402,تجربی,1702,284,منطقه 3,دندانپزشکی,,نامشخص,kanoon
1402,تجربی,719,285,منطقه 1,پزشکی,,نامشخص,kanoon
1402,تجربی,624,286,منطقه 2,دندانپزشکی,,نامشخص,kanoon
1402,تجربی,1710,286,منطقه 3,پزشکی,,نامشخص,kanoon
1402,تجربی,1710,286,منطقه 3,پزشکی,,نامشخص,kanoon
1402,تجربی,1710,286,منطقه 3,پزشکی,,نامشخص,kanoon
1402,تجربی,,286,منطقه 2,دندانپزشکی,دانشگاه علوم پزشکی مشهد,روزانه,sajad
1402,تجربی,1720,288,منطقه 3,پزشکی,,نامشخص,kanoon
1402,تجربی,627,289,منطقه 2,پزشکی,,نامشخص,kanoon
1402,تجربی,629,291,منطقه 2,دکترای پیوسته بیوتکنولوژی,,نامشخص,kanoon
1402,تجربی,1725,291,منطقه 3,پزشکی,,نامشخص,kanoon
1402,تجربی,1725,291,منطقه 3,پزشکی,,نامشخص,kanoon
1402,تجربی,631,292,منطقه 2,پزشکی,,نامشخص,kanoon
1402,تجربی,735,293,منطقه 1,دندانپزشکی,,نامشخص,kanoon
1402,تجربی,642,294,منطقه 2,دندانپزشکی,,نامشخص,kanoon
1402,تجربی,642,294,منطقه 2,دندانپزشکی,,نامشخص,kanoon
1402,تجربی,1736,294,منطقه 3,پزشکی,,نامشخص,kanoon
1402,تجربی,1746,295,منطقه 3,پزشکی,,نامشخص,kanoon
1402,تجربی,751,296,منطقه 1,پزشکی,,نامشخص,kanoon
1402,تجربی,754,297,منطقه 1,پزشکی,,نامشخص,kanoon
1402,تجربی,1759,297,منطقه 3,پزشکی,,نامشخص,kanoon
1402,تجربی,647,298,منطقه 2,داروسازی,,نامشخص,kanoon
1402,تجربی,756,298,منطقه 1,دندانپزشکی,,نامشخص,kanoon
1402,تجربی,765,299,منطقه 1,پزشکی,,نامشخص,kanoon
1402,تجربی,653,300,منطقه 2,پزشکی,,نامشخص,kanoon
1402,تجربی,773,300,منطقه 1,پزشکی,,نامشخص,kanoon
1402,تجربی,1768,300,منطقه 3,پزشکی,,نامشخص,kanoon
1402,تجربی,775,301,منطقه 1,دندانپزشکی,,نامشخص,kanoon
1402,تجربی,775,301,منطقه 1,دندانپزشکی,,نامشخص,kanoon
1402,تجربی,656,302,منطقه 2,دندانپزشکی,,نامشخص,kanoon
1402,تجربی,1773,302,منطقه 3,پزشکی,,نامشخص,kanoon
1402,تجربی,658,303,منطقه 2,پزشکی,,نامشخص,kanoon
1402,تجربی,778,303,منطقه 1,پزشکی,,نامشخص,kanoon
1402,تجربی,662,304,منطقه 2,دندانپزشکی,,نامشخص,kanoon
1402,تجربی,1784,305,منطقه 3,دندانپزشکی,,نامشخص,kanoon
1402,تجربی,665,306,منطقه 2,دندانپزشکی,,نامشخص,kanoon
1402,تجربی,785,306,منطقه 1,پزشکی,,نامشخص,kanoon
1402,تجربی,1789,306,منطقه 3,پزشکی,,نامشخص,kanoon
1402,تجربی,1797,307,منطقه 3,پزشکی,,نامشخص,kanoon
1402,تجربی,1797,307,منطقه 3,دندانپزشکی,,نامشخص,kanoon
1402,تجربی,1815,309,منطقه 3,دندانپزشکی,,نامشخص,kanoon
1402,تجربی,796,310,منطقه 1,پزشکی,,نامشخص,kanoon
1402,تجربی,1821,310,منطقه 3,پزشکی,,نامشخص,kanoon
1402,تجربی,673,311,منطقه 2,دندانپزشکی,,نامشخص,kanoon
1402,تجربی,676,312,منطقه 2,پزشکی,,نامشخص,kanoon
1402,تجربی,680,313,منطقه 2,پزشکی,,نامشخص,kanoon
1402,تجربی,682,314,منطقه 2,پزشکی,,نامشخص,kanoon
1402,تجربی,811,314,منطقه 1,دندانپزشکی,,نامشخص,kanoon
1402,تجربی,1847,314,منطقه 3,پزشکی,,نامشخص,kanoon
1402,تجربی,684,315,منطقه 2,دندانپزشکی,,نامشخص,kanoon
1402,تجربی,815,315,منطقه 1,پزشکی,,نامشخص,kanoon
1402,تجربی,1850,315,منطقه 3,پزشکی,,نامشخص,kanoon
1402,تجربی,685,316,منطقه 2,پزشکی,,نامشخص,kanoon
1402,تجربی,1853,316,منطقه 3,دندانپزشکی,,نامشخص,kanoon
1402,تجربی,688,317,منطقه 2,پزشکی,,نامشخص,kanoon
1402,تجربی,817,317,منطقه 1,پزشکی,,نامشخص,kanoon
1402,تجربی,1871,318,منطقه 3,پزشکی,,نامشخص,kanoon
1402,تجربی,1885,319,منطقه 3,دندانپزشکی,,نامشخص,kanoon
1402,تجربی,695,320,منطقه 2,دندانپزشکی,,نامشخص,kanoon
1402,تجربی,827,320,منطقه 1,پزشکی,,نامشخص,kanoon
1402,تجربی,698,321,منطقه 2,پزشکی,,نامشخص,kanoon
1402,تجربی,698,321,منطقه 2,داروسازی,,نامشخص,kanoon
1402,تجربی,1903,321,منطقه 3,پزشکی,,نامشخص,kanoon
1402,تجربی,1903,321,منطقه 3,دندانپزشکی,,نامشخص,kanoon
1402,تجربی,829,322,منطقه 1,پزشکی,,نامشخص,kanoon
1402,تجربی,829,322,منطقه 1,دندانپزشکی,,نامشخص,kanoon
1402,تجربی,701,323,منطقه 2,دندانپزشکی,,نامشخص,kanoon
1402,تجربی,703,324,منطقه 2,دندانپزشکی,,نامشخص,kanoon
1402,تجربی,831,324,منطقه 1,پزشکی,,نامشخص,kanoon
1402,تجربی,831,324,منطقه 1,دندانپزشکی,,نامشخص,kanoon
1402,تجربی,1917,324,منطقه 3,دندانپزشکی,,نامشخص,kanoon
1402,تجربی,709,325,منطقه 2,پزشکی,,نامشخص,kanoon
1402,تجربی,711,326,منطقه 2,پزشکی,,نامشخص,kanoon
1402,تجربی,833,326,منطقه 1,پزشکی,,نامشخص,kanoon
1402,تجربی,712,327,منطقه 2,داروسازی,,نامشخص,kanoon
1402,تجربی,712,327,منطقه 2,دندانپزشکی,,نامشخص,kanoon
1402,تجربی,843,327,منطقه 1,پزشکی,,نامشخص,kanoon
1402,تجربی,853,328,منطقه 1,دندانپزشکی,,نامشخص,kanoon
1402,تجربی,1927,328,منطقه 3,پزشکی,,نامشخص,kanoon
1402,تجربی,715,329,منطقه 2,پزشکی,,نامشخص,kanoon
1402,تجربی,715,329,منطقه 2,دندانپزشکی,,نامشخص,kanoon
1402,تجربی,1932,330,منطقه 3,پزشکی,,نامشخص,kanoon
1402,تجربی,859,331,منطقه 1,پزشکی,,نامشخص,kanoon
1402,تجربی,724,332,منطقه 2,پزشکی,,نامشخص,kanoon
1402,تجربی,724,332,منطقه 2,دندانپزشکی,,نامشخص,kanoon
1402,تجربی,863,333,منطقه 1,پزشکی,,نامشخص,kanoon
1402,تجربی,1952,333,منطقه 3,داروسازی,,نامشخص,kanoon
1402,تجربی,1952,333,منطقه 3,دندانپزشکی,,نامشخص,kanoon
1402,تجربی,726,334,منطقه 2,پزشکی,,نامشخص,kanoon
1402,تجربی,726,334,منطقه 2,پزشکی,,نامشخص,kanoon
1402,تجربی,729,336,منطقه 2,دندانپزشکی,,نامشخص,kanoon
1402,تجربی,1958,336,منطقه 3,پزشکی,,نامشخص,kanoon
1402,تجربی,876,337,منطقه 1,پزشکی,,نامشخص,kanoon
1402,تجربی,733,338,منطقه 2,دندانپزشکی,,نامشخص,kanoon
1402,تجربی,735,339,منطقه 2,پزشکی,,نامشخص,kanoon
1402,تجربی,880,339,منطقه 1,دندانپزشکی,,نامشخص,kanoon
1402,تجربی,737,340,منطقه 2,پزشکی,,نامشخص,kanoon
1402,تجربی,1974,340,منطقه 3,پزشکی,,نامشخص,kanoon
1402,تجربی,738,341,منطقه 2,پزشکی,,نامشخص,kanoon
1402,تجربی,1979,341,منطقه 3,دندانپزشکی,,نامشخص,kanoon
1402,تجربی,739,343,منطقه 2,دندانپزشکی,,نامشخص,kanoon
1402,تجربی,741,343,منطقه 2,دندانپزشکی,,نامشخص,kanoon
1402,تجربی,894,343,منطقه 1,پزشکی,,نامشخص,kanoon
1402,تجربی,2005,344,منطقه 3,دندانپزشکی,,نامشخص,kanoon
1402,تجربی,745,345,منطقه 2,پزشکی,,نامشخص,kanoon
1402,تجربی,2011,345,منطقه 3,دندانپزشکی,,نامشخص,kanoon
1402,تجربی,900,346,منطقه 1,پزشکی,,نامشخص,kanoon
1402,تجربی,900,346,منطقه 1,دندانپزشکی,,نامشخص,kanoon
1402,تجربی,752,348,منطقه 2,پزشکی,,نامشخص,kanoon
1402,تجربی,912,348,منطقه 1,پزشکی,,نامشخص,kanoon
1402,تجربی,2023,348,منطقه 3,دندانپزشکی,,نامشخص,kanoon
1402,تجربی,754,349,منطقه 2,پزشکی,,نامشخص,kanoon
1402,تجربی,2028,349,منطقه 3,پزشکی,,نامشخص,kanoon
1402,تجربی,758,350,منطقه 2,پزشکی,,نامشخص,kanoon
1402,تجربی,918,350,منطقه 1,پزشکی,,نامشخص,kanoon
1402,تجربی,2032,350,منطقه 3,پزشکی,,نامشخص,kanoon
1402,تجربی,762,352,منطقه 2,پزشکی,,نامشخص,kanoon
1402,تجربی,762,352,منطقه 2,دندانپزشکی,,نامشخص,kanoon
1402,تجربی,928,353,منطقه 1,داروسازی,,نامشخص,kanoon
1402,تجربی,931,354,منطقه 1,پزشکی,,نامشخص,kanoon
1402,تجربی,934,355,منطقه 1,پزشکی,,نامشخص,kanoon
1402,تجربی,2049,355,منطقه 3,پزشکی,,نامشخص,kanoon
1402,تجربی,2049,355,منطقه 3,پزشکی,,نامشخص,kanoon
1402,تجربی,2049,355,منطقه 3,پزشکی,,نامشخص,kanoon
1402,تجربی,769,356,منطقه 2,پزشکی,,نامشخص,kanoon
1402,تجربی,773,359,منطقه 2,پزشکی,,نامشخص,kanoon
1402,تجربی,2063,359,منطقه 3,پزشکی,,نامشخص,kanoon
1402,تجربی,778,360,منطقه 2,پزشکی,,نامشخص,kanoon
1402,تجربی,945,360,منطقه 1,پزشکی,,نامشخص,kanoon
1402,تجربی,945,360,منطقه 1,دندانپزشکی,,نامشخص,kanoon
1402,تجربی,782,361,منطقه 2,پزشکی,,نامشخص,kanoon
1402,تجربی,815,361,منطقه 2,پزشکی,,نامشخص,kanoon
1402,تجربی,785,362,منطقه 2,پزشکی,,نامشخص,kanoon
1402,تجربی,2074,363,منطقه 3,پزشکی,,نامشخص,kanoon
1402,تجربی,787,364,منطقه 2,پزشکی,,نامشخص,kanoon
1402,تجربی,2081,364,منطقه 3,دندانپزشکی,,نامشخص,kanoon
1402,تجربی,2086,365,منطقه 3,پزشکی,,نامشخص,kanoon
1402,تجربی,963,366,منطقه 1,پزشکی,,نامشخص,kanoon
1402,تجربی,2091,366,منطقه 3,پزشکی,,نامشخص,kanoon
1402,تجربی,791,367,منطقه 2,پزشکی,,نامشخص,kanoon
1402,تجربی,966,367,منطقه 1,پزشکی,,نامشخص,kanoon
1402,تجربی,2096,368,منطقه 3,پزشکی,,نامشخص,kanoon
1402,تجربی,796,369,منطقه 2,دندانپزشکی,,نامشخص,kanoon
1402,تجربی,974,369,منطقه 1,پزشکی,,نامشخص,kanoon
1402,تجربی,798,370,منطقه 2,دندانپزشکی,,نامشخص,kanoon
1402,تجربی,978,370,منطقه 1,پزشکی,,نامشخص,kanoon
1402,تجربی,978,370,منطقه 1,دندانپزشکی,,نامشخص,kanoon
1402,تجربی,2101,370,منطقه 3,پزشکی,,نامشخص,kanoon
1402,تجربی,2101,370,منطقه 3,دندانپزشکی,,نامشخص,kanoon
1402,تجربی,801,372,منطقه 2,پزشکی,,نامشخص,kanoon
1402,تجربی,2110,372,منطقه 3,پزشکی,,نامشخص,kanoon
1402,تجربی,802,373,منطقه 2,پزشکی,,نامشخص,kanoon
1402,تجربی,984,373,منطقه 1,پزشکی,,نامشخص,kanoon
1402,تجربی,984,373,منطقه 1,پزشکی,,نامشخص,kanoon
1402,تجربی,804,374,منطقه 2,پزشکی,,نامشخص,kanoon
1402,تجربی,804,374,منطقه 2,دندانپزشکی,,نامشخص,kanoon
1402,تجربی,807,376,منطقه 2,پزشکی,,نامشخص,kanoon
1402,تجربی,987,376,منطقه 1,دندانپزشکی,,نامشخص,kanoon
1402,تجربی,2131,376,منطقه 3,پزشکی,,نامشخص,kanoon
1402,تجربی,995,377,منطقه 1,دندانپزشکی,,نامشخص,kanoon
1402,تجربی,811,378,منطقه 2,پزشکی,,نامشخص,kanoon
1402,تجربی,2147,378,منطقه 3,پزشکی,,نامشخص,kanoon
1402,تجربی,2152,379,منطقه 3,پزشکی,,نامشخص,kanoon
1402,تجربی,1005,380,منطقه 1,دندانپزشکی,,نامشخص,kanoon
1402,تجربی,2159,381,منطقه 3,پزشکی,,نامشخص,kanoon
1402,تجربی,2159,381,منطقه 3,پزشکی,,نامشخص,kanoon
1402,تجربی,821,383,منطقه 2,پزشکی,,نامشخص,kanoon
1402,تجربی,1010,383,منطقه 1,پزشکی,,نامشخص,kanoon
1402,تجربی,2164,384,منطقه 3,پزشکی,,نامشخص,kanoon
1402,تجربی,2178,385,منطقه 3,پزشکی,,نامشخص,kanoon
1402,تجربی,2178,385,منطقه 3,پزشکی,,نامشخص,kanoon
1402,تجربی,1013,386,منطقه 1,پزشکی,,نامشخص,kanoon
1402,تجربی,1013,386,منطقه 1,داروسازی,,نامشخص,kanoon
1402,تجربی,2184,387,منطقه 3,پزشکی,,نامشخص,kanoon
1402,تجربی,834,388,منطقه 2,پزشکی,,نامشخص,kanoon
1402,تجربی,1015,388,منطقه 1,دندانپزشکی,,نامشخص,kanoon
1402,تجربی,1017,389,منطقه 1,پزشکی,,نامشخص,kanoon
1402,تجربی,836,390,منطقه 2,پزشکی,,نامشخص,kanoon
1402,تجربی,838,391,منطقه 2,پزشکی,,نامشخص,kanoon
1402,تجربی,2206,391,منطقه 3,پزشکی,,نامشخص,kanoon
1402,تجربی,1025,392,منطقه 1,پزشکی,,نامشخص,kanoon
1402,تجربی,1025,392,منطقه 1,پزشکی,,نامشخص,kanoon
1402,تجربی,1025,392,منطقه 1,پزشکی,,نامشخص,kanoon
1402,تجربی,2213,392,منطقه 3,دندانپزشکی,دانشگاه علوم پزشکی یاسوج,روزانه,sajad
1402,تجربی,1029,394,منطقه 1,داروسازی,,نامشخص,kanoon
1402,تجربی,2218,394,منطقه 3,پزشکی,,نامشخص,kanoon
1402,تجربی,843,395,منطقه 2,پزشکی,,نامشخص,kanoon
1402,تجربی,843,395,منطقه 2,دندانپزشکی,,نامشخص,kanoon
1402,تجربی,1034,396,منطقه 1,داروسازی,,نامشخص,kanoon
1402,تجربی,2225,396,منطقه 3,پزشکی,,نامشخص,kanoon
1402,تجربی,2234,397,منطقه 3,دندانپزشکی,,نامشخص,kanoon
1402,تجربی,849,399,منطقه 2,پزشکی,,نامشخص,kanoon
1402,تجربی,2238,399,منطقه 3,پزشکی,,نامشخص,kanoon
1402,تجربی,1046,400,منطقه 1,پزشکی,,نامشخص,kanoon
1402,تجربی,1147,400,منطقه 1,پزشکی,,نامشخص,kanoon
1402,تجربی,855,402,منطقه 2,پزشکی,,نامشخص,kanoon
1402,تجربی,1057,402,منطقه 1,دندانپزشکی,,نامشخص,kanoon
1402,تجربی,2256,402,منطقه 3,پزشکی,,نامشخص,kanoon
1402,تجربی,861,404,منطقه 2,پزشکی,,نامشخص,kanoon
1402,تجربی,2290,409,منطقه 3,پزشکی,,نامشخص,kanoon
1402,تجربی,880,412,منطقه 2,دندانپزشکی,,نامشخص,kanoon
1402,تجربی,880,412,منطقه 2,دندانپزشکی,,نامشخص,kanoon
1402,تجربی,1087,412,منطقه 1,پزشکی,,نامشخص,kanoon
1402,تجربی,1091,413,منطقه 1,پزشکی,,نامشخص,kanoon
1402,تجربی,1091,413,منطقه 1,پزشکی,,نامشخص,kanoon
1402,تجربی,884,414,منطقه 2,پزشکی,,نامشخص,kanoon
1402,تجربی,2310,414,منطقه 3,داروسازی,,نامشخص,kanoon
1402,تجربی,885,415,منطقه 2,دندانپزشکی,,نامشخص,kanoon
1402,تجربی,1095,415,منطقه 1,دندانپزشکی,,نامشخص,kanoon
1402,تجربی,1095,415,منطقه 1,دندانپزشکی,,نامشخص,kanoon
1402,تجربی,2333,416,منطقه 3,پزشکی,,نامشخص,kanoon
1402,تجربی,890,418,منطقه 2,دندانپزشکی,,نامشخص,kanoon
1402,تجربی,890,418,منطقه 2,دندانپزشکی,,نامشخص,kanoon
1402,تجربی,2366,419,منطقه 3,پزشکی,,نامشخص,kanoon
1402,تجربی,897,420,منطقه 2,دندانپزشکی,,نامشخص,kanoon
1402,تجربی,1107,420,منطقه 1,پزشکی,,نامشخص,kanoon
1402,تجربی,900,421,منطقه 2,پزشکی,,نامشخص,kanoon
1402,تجربی,1109,421,منطقه 1,دندانپزشکی,,نامشخص,kanoon
1402,تجربی,1109,421,منطقه 1,دندانپزشکی,,نامشخص,kanoon
1402,تجربی,2371,421,منطقه 3,پزشکی,,نامشخص,kanoon
1402,تجربی,903,423,منطقه 2,پزشکی,,نامشخص,kanoon
1402,تجربی,903,423,منطقه 2,پزشکی,,نامشخص,kanoon
1402,تجربی,2397,423,منطقه 3,پزشکی,,نامشخص,kanoon
1402,تجربی,906,425,منطقه 2,دندانپزشکی,,نامشخص,kanoon
1402,تجربی,2408,425,منطقه 3,پزشکی,,نامشخص,kanoon
1402,تجربی,1127,427,منطقه 1,پزشکی,,نامشخص,kanoon
1402,تجربی,2419,427,منطقه 3,پزشکی,,نامشخص,kanoon
1402,تجربی,910,428,منطقه 2,پزشکی,,نامشخص,kanoon
1402,تجربی,910,428,منطقه 2,دندانپزشکی,,نامشخص,kanoon
1402,تجربی,1149,431,منطقه 1,داروسازی,,نامشخص,kanoon
1402,تجربی,918,433,منطقه 2,پزشکی,,نامشخص,kanoon
1402,تجربی,918,433,منطقه 2,پزشکی,,نامشخص,kanoon
1402,تجربی,2462,434,منطقه 3,پزشکی,,نامشخص,kanoon
1402,تجربی,2462,434,منطقه 3,دندانپزشکی,,نامشخص,kanoon
1402,تجربی,925,435,منطقه 2,پزشکی,,نامشخص,kanoon
1402,تجربی,1156,435,منطقه 1,پزشکی,,نامشخص,kanoon
1402,تجربی,1156,435,منطقه 1,دندانپزشکی,,نامشخص,kanoon
1402,تجربی,2472,436,منطقه 3,پزشکی,,نامشخص,kanoon
1402,تجربی,2477,437,منطقه 3,دندانپزشکی,,نامشخص,kanoon
1402,تجربی,931,439,منطقه 2,پزشکی,,نامشخص,kanoon
1402,تجربی,931,439,منطقه 2,پزشکی,,نامشخص,kanoon
1402,تجربی,931,439,منطقه 2,داروسازی,,نامشخص,kanoon
1402,تجربی,1168,439,منطقه 1,داروسازی,,نامشخص,kanoon
1402,تجربی,2523,442,منطقه 3,دندانپزشکی,,نامشخص,kanoon
1402,تجربی,942,443,منطقه 2,پزشکی,,نامشخص,kanoon
1402,تجربی,948,444,منطقه 2,پزشکی,,نامشخص,kanoon
1402,تجربی,951,445,منطقه 2,پزشکی,,نامشخص,kanoon
1402,تجربی,2541,445,منطقه 3,دندانپزشکی,,نامشخص,kanoon
1402,تجربی,2547,447,منطقه 3,پزشکی,,نامشخص,kanoon
1402,تجربی,2547,447,منطقه 3,دندانپزشکی,,نامشخص,kanoon
1402,تجربی,2547,447,منطقه 3,دندانپزشکی,,نامشخص,kanoon
1402,تجربی,956,448,منطقه 2,پزشکی,,نامشخص,kanoon
1402,تجربی,959,450,منطقه 2,پزشکی,,نامشخص,kanoon
1402,تجربی,1219,450,منطقه 1,پزشکی,,نامشخص,kanoon
1402,تجربی,2553,450,منطقه 3,دندانپزشکی,,نامشخص,kanoon
1402,تجربی,961,451,منطقه 2,پزشکی,,نامشخص,kanoon
1402,تجربی,2561,452,منطقه 3,دندانپزشکی,,نامشخص,kanoon
1402,تجربی,963,453,منطقه 2,پزشکی,,نامشخص,kanoon
1402,تجربی,2565,453,منطقه 3,پزشکی,,نامشخص,kanoon
1402,تجربی,966,454,منطقه 2,پزشکی,,نامشخص,kanoon
1402,تجربی,966,454,منطقه 2,پزشکی,,نامشخص,kanoon
1402,تجربی,2589,454,منطقه 3,دندانپزشکی,,نامشخص,kanoon
1402,تجربی,1230,455,منطقه 1,پزشکی,,نامشخص,kanoon
1402,تجربی,1230,455,منطقه 1,پزشکی,,نامشخص,kanoon
1402,تجربی,2600,455,منطقه 3,پزشکی,,نامشخص,kanoon
1402,تجربی,969,456,منطقه 2,پزشکی,,نامشخص,kanoon
1402,تجربی,1234,457,منطقه 1,پزشکی,,نامشخص,kanoon
1402,تجربی,1234,457,منطقه 1,دندانپزشکی,,نامشخص,kanoon
1402,تجربی,2612,457,منطقه 3,پزشکی,,نامشخص,kanoon
1402,تجربی,972,458,منطقه 2,دندانپزشکی,,نامشخص,kanoon
1402,تجربی,2627,460,منطقه 3,دندانپزشکی,,نامشخص,kanoon
1402,تجربی,976,461,منطقه 2,پزشکی,,نامشخص,kanoon
1402,تجربی,1247,461,منطقه 1,پزشکی,,نامشخص,kanoon
1402,تجربی,978,462,منطقه 2,دندانپزشکی,,نامشخص,kanoon
1402,تجربی,2638,462,منطقه 2,پزشکی,,نامشخص,kanoon
1402,تجربی,1250,463,منطقه 1,دندانپزشکی,,نامشخص,kanoon
1402,تجربی,987,464,منطقه 2,پزشکی,,نامشخص,kanoon
1402,تجربی,990,465,منطقه 2,پزشکی,,نامشخص,kanoon
1402,تجربی,1261,467,منطقه 1,داروسازی,,نامشخص,kanoon
1402,تجربی,2665,467,منطقه 3,پزشکی,,نامشخص,kanoon
1402,تجربی,995,469,منطقه 2,دندانپزشکی,,نامشخص,kanoon
1402,تجربی,1265,469,منطقه 1,پزشکی,,نامشخص,kanoon
1402,تجربی,1001,471,منطقه 2,پزشکی,,نامشخص,kanoon
1402,تجربی,2684,473,منطقه 3,پزشکی,,نامشخص,kanoon
1402,تجربی,2687,474,منطقه 3,پزشکی,,نامشخص,kanoon
1402,تجربی,1294,475,منطقه 1,پزشکی,,نامشخص,kanoon
1402,تجربی,1021,477,منطقه 2,پزشکی,,نامشخص,kanoon
1402,تجربی,1021,477,منطقه 2,پزشکی,,نامشخص,kanoon
1402,تجربی,2699,477,منطقه 3,دندانپزشکی,,نامشخص,kanoon
1402,تجربی,2706,478,منطقه 3,پزشکی,,نامشخص,kanoon
1402,تجربی,1307,479,منطقه 1,پزشکی,,نامشخص,kanoon
1402,تجربی,2711,480,منطقه 3,پزشکی,,نامشخص,kanoon
1402,تجربی,2711,480,منطقه 3,پزشکی,,نامشخص,kanoon
1402,تجربی,2711,480,منطقه 3,پزشکی,,نامشخص,kanoon
1402,تجربی,3711,480,منطقه 3,پزشکی,,نامشخص,kanoon
1402,تجربی,1512,481,منطقه 3,پزشکی,,نامشخص,kanoon
1402,تجربی,57768,481,سهمیه 25٪,دندانپزشکی,دانشگاه علوم پزشکی ارومیه,روزانه,sajad
1402,تجربی,1037,483,منطقه 2,پزشکی,,نامشخص,kanoon
1402,تجربی,1037,483,منطقه 2,دندانپزشکی,,نامشخص,kanoon
1402,تجربی,1320,483,منطقه 1,پزشکی,,نامشخص,kanoon
1402,تجربی,2733,484,منطقه 3,پزشکی,,نامشخص,kanoon
1402,تجربی,2746,487,منطقه 3,پزشکی,,نامشخص,kanoon
1402,تجربی,2746,487,منطقه 3,پزشکی,,نامشخص,kanoon
1402,تجربی,1049,488,منطقه 2,پزشکی,,نامشخص,kanoon
1402,تجربی,1054,490,منطقه 2,دندانپزشکی,,نامشخص,kanoon
1402,تجربی,1351,490,منطقه 1,پزشکی,,نامشخص,kanoon
1402,تجربی,1351,490,منطقه 1,پزشکی,,نامشخص,kanoon
1402,تجربی,1056,492,منطقه 2,پزشکی,,نامشخص,kanoon
1402,تجربی,1060,493,منطقه 2,پزشکی,,نامشخص,kanoon
1402,تجربی,1060,493,منطقه 2,پزشکی,,نامشخص,kanoon
1402,تجربی,2770,493,منطقه 3,پزشکی,,نامشخص,kanoon
1402,تجربی,2770,493,منطقه 3,پزشکی,,نامشخص,kanoon
1402,تجربی,1063,495,منطقه 2,دندانپزشکی,,نامشخص,kanoon
1402,تجربی,1360,495,منطقه 1,پزشکی,,نامشخص,kanoon
1402,تجربی,1066,496,منطقه 2,پزشکی,,نامشخص,kanoon
1402,تجربی,2786,496,منطقه 3,پزشکی,,نامشخص,kanoon
1402,تجربی,1068,498,منطقه 2,پزشکی,,نامشخص,kanoon
1402,تجربی,2790,498,منطقه 3,پزشکی,,نامشخص,kanoon
1402,تجربی,1070,499,منطقه 2,دندانپزشکی,دانشگاه علوم پزشکی تبریز,روزانه,sajad
1402,تجربی,1000,500,منطقه 2,دندانپزشکی,دانشگاه علوم پزشکی تهران,پردیس,sajad
1402,تجربی,2796,500,منطقه 3,پزشکی,,نامشخص,kanoon
1402,تجربی,2796,500,منطقه 3,پزشکی,,نامشخص,kanoon
1402,تجربی,2796,500,منطقه 3,دندانپزشکی,,نامشخص,kanoon
1402,تجربی,6500,501,سهمیه 5٪,پزشکی,دانشگاه علوم پزشکی اصفهان,روزانه,sajad
1402,تجربی,1077,502,منطقه 2,پزشکی,,نامشخص,kanoon
1402,تجربی,1077,502,منطقه 2,دندانپزشکی,,نامشخص,kanoon
1402,تجربی,2825,503,منطقه 3,دندانپزشکی,,نامشخص,kanoon
1402,تجربی,1081,505,منطقه 2,پزشکی,,نامشخص,kanoon
1402,تجربی,1081,505,منطقه 2,پزشکی,,نامشخص,kanoon
1402,تجربی,1081,505,منطقه 2,دندانپزشکی,,نامشخص,kanoon
1402,تجربی,2842,506,منطقه 3,پزشکی,,نامشخص,kanoon
1402,تجربی,1391,507,منطقه 1,دندانپزشکی,,نامشخص,kanoon
1402,تجربی,1085,508,منطقه 2,پزشکی,,نامشخص,kanoon
1402,تجربی,1085,508,منطقه 2,پزشکی,,نامشخص,kanoon
1402,تجربی,1394,509,منطقه 1,دندانپزشکی,,نامشخص,kanoon
1402,تجربی,1089,511,منطقه 2,دندانپزشکی,,نامشخص,kanoon
1402,تجربی,1397,511,منطقه 1,دندانپزشکی,,نامشخص,kanoon
1402,تجربی,1091,512,منطقه 2,پزشکی,,نامشخص,kanoon
1402,تجربی,1095,513,منطقه 2,پزشکی,,نامشخص,kanoon
1402,تجربی,1098,514,منطقه 2,پزشکی,,نامشخص,kanoon
1402,تجربی,1417,514,منطقه 3,پزشکی,,نامشخص,kanoon
1402,تجربی,1417,514,منطقه 1,دندانپزشکی,,نامشخص,kanoon
1402,تجربی,1101,515,منطقه 2,پزشکی,,نامشخص,kanoon
1402,تجربی,1101,515,منطقه 2,دندانپزشکی,,نامشخص,kanoon
1402,تجربی,1111,515,منطقه 2,دندانپزشکی,,نامشخص,kanoon
1402,تجربی,2873,515,منطقه 3,دندانپزشکی,,نامشخص,kanoon
1402,تجربی,1519,517,منطقه 1,پزشکی,,نامشخص,kanoon
1402,تجربی,2885,517,منطقه 3,پزشکی,,نامشخص,kanoon
1402,تجربی,2885,517,منطقه 3,پزشکی,,نامشخص,kanoon
1402,تجربی,1425,518,منطقه 1,پزشکی,,نامشخص,kanoon
1402,تجربی,2893,519,منطقه 3,پزشکی,,نامشخص,kanoon
1402,تجربی,2893,519,منطقه 3,پزشکی,,نامشخص,kanoon
1402,تجربی,1118,521,منطقه 2,پزشکی,,نامشخص,kanoon
1402,تجربی,1432,521,منطقه 1,دندانپزشکی,,نامشخص,kanoon
1402,تجربی,1123,523,منطقه 2,دندانپزشکی,,نامشخص,kanoon
1402,تجربی,1435,523,منطقه 1,پزشکی,,نامشخص,kanoon
1402,تجربی,1435,523,منطقه 1,پزشکی,,نامشخص,kanoon
1402,تجربی,2910,523,منطقه 3,پزشکی,,نامشخص,kanoon
1402,تجربی,1127,525,منطقه 2,پزشکی,,نامشخص,kanoon
1402,تجربی,1127,525,منطقه 2,پزشکی,,نامشخص,kanoon
1402,تجربی,1440,525,منطقه 1,پزشکی,,نامشخص,kanoon
1402,تجربی,2917,526,منطقه 3,پزشکی,,نامشخص,kanoon
1402,تجربی,1445,527,منطقه 1,دندانپزشکی,,نامشخص,kanoon
1402,تجربی,1130,528,منطقه 2,پزشکی,,نامشخص,kanoon
1402,تجربی,1132,529,منطقه 2,دندانپزشکی,,نامشخص,kanoon
1402,تجربی,1448,529,منطقه 1,پزشکی,,نامشخص,kanoon
1402,تجربی,2943,531,منطقه 3,پزشکی,,نامشخص,kanoon
1402,تجربی,2943,531,منطقه 3,پزشکی,,نامشخص,kanoon
1402,تجربی,1138,532,منطقه 2,دندانپزشکی,,نامشخص,kanoon
1402,تجربی,2955,534,منطقه 3,داروسازی,,نامشخص,kanoon
1402,تجربی,1141,535,منطقه 2,پزشکی,,نامشخص,kanoon
1402,تجربی,1141,535,منطقه 2,دندانپزشکی,,نامشخص,kanoon
1402,تجربی,2958,535,منطقه 3,پزشکی,,نامشخص,kanoon
1402,تجربی,2958,535,منطقه 3,پزشکی,,نامشخص,kanoon
1402,تجربی,1114,538,منطقه 2,پزشکی,,نامشخص,kanoon
1402,تجربی,1144,538,منطقه 2,پزشکی,,نامشخص,kanoon
1402,تجربی,1144,538,منطقه 2,دندانپزشکی,,نامشخص,kanoon
1402,تجربی,1468,539,منطقه 1,دندانپزشکی,,نامشخص,kanoon
1402,تجربی,2996,539,منطقه 3,پزشکی,,نامشخص,kanoon
1402,تجربی,1149,540,منطقه 2,دندانپزشکی,,نامشخص,kanoon
1402,تجربی,7000,540,سهمیه 5٪,داروسازی,دانشگاه علوم پزشکی همدان,روزانه,sajad
1402,تجربی,1474,541,منطقه 1,دندانپزشکی,,نامشخص,kanoon
1402,تجربی,1156,542,منطقه 2,پزشکی,,نامشخص,kanoon
1402,تجربی,1156,542,منطقه 2,دندانپزشکی,,نامشخص,kanoon
1402,تجربی,1467,542,منطقه 1,پزشکی,,نامشخص,kanoon
1402,تجربی,3015,543,منطقه 3,پزشکی,,نامشخص,kanoon
1402,تجربی,1160,544,منطقه 2,پزشکی,,نامشخص,kanoon
1402,تجربی,3019,544,منطقه 3,پزشکی,,نامشخص,kanoon
1402,تجربی,3025,545,منطقه 3,پزشکی,,نامشخص,kanoon
1402,تجربی,1495,546,منطقه 1,دندانپزشکی,,نامشخص,kanoon
1402,تجربی,1499,547,منطقه 1,دندانپزشکی,,نامشخص,kanoon
1402,تجربی,1168,548,منطقه 2,دندانپزشکی,,نامشخص,kanoon
1402,تجربی,1504,548,منطقه 1,داروسازی,,نامشخص,kanoon
1402,تجربی,3038,548,منطقه 3,پزشکی,,نامشخص,kanoon
1402,تجربی,1172,550,منطقه 2,دندانپزشکی,,نامشخص,kanoon
1402,تجربی,1172,550,منطقه 2,دندانپزشکی,,نامشخص,kanoon
1402,تجربی,3050,550,منطقه 3,پزشکی,,نامشخص,kanoon
1402,تجربی,3050,550,منطقه 3,پزشکی,دانشگاه علوم پزشکی گیلان - رشت,روزانه,sajad
1402,تجربی,3058,551,منطقه 3,پزشکی,,نامشخص,kanoon
1402,تجربی,1177,554,منطقه 2,پزشکی,,نامشخص,kanoon
1402,تجربی,1515,554,منطقه 1,دندانپزشکی,,نامشخص,kanoon
1402,تجربی,3111,555,منطقه 3,پزشکی,,نامشخص,kanoon
1402,تجربی,1180,556,منطقه 2,پزشکی,,نامشخص,kanoon
1402,تجربی,1180,556,منطقه 2,دندانپزشکی,,نامشخص,kanoon
1402,تجربی,3114,556,منطقه 3,پزشکی,,نامشخص,kanoon
1402,تجربی,3120,558,منطقه 3,پزشکی,,نامشخص,kanoon
1402,تجربی,3120,558,منطقه 3,پزشکی,,نامشخص,kanoon
1402,تجربی,1531,560,منطقه 1,پزشکی,,نامشخص,kanoon
1402,تجربی,3136,561,منطقه 3,پزشکی,,نامشخص,kanoon
1402,تجربی,3136,561,منطقه 3,پزشکی,,نامشخص,kanoon
1402,تجربی,1190,563,منطقه 2,دندانپزشکی,,نامشخص,kanoon
1402,تجربی,3144,563,منطقه 3,پزشکی,,نامشخص,kanoon
1402,تجربی,1199,565,منطقه 2,پزشکی,,نامشخص,kanoon
1402,تجربی,1199,565,منطقه 2,دندانپزشکی,,نامشخص,kanoon
1402,تجربی,1551,565,منطقه 1,پزشکی,,نامشخص,kanoon
1402,تجربی,3155,565,منطقه 3,پزشکی,,نامشخص,kanoon
1402,تجربی,2301,566,منطقه 1,پزشکی,,نامشخص,kanoon
1402,تجربی,1554,567,منطقه 1,پزشکی,,نامشخص,kanoon
1402,تجربی,1206,569,منطقه 2,پزشکی,,نامشخص,kanoon
1402,تجربی,1206,569,منطقه 2,پزشکی,,نامشخص,kanoon
1402,تجربی,1560,569,منطقه 1,دندانپزشکی,,نامشخص,kanoon
1402,تجربی,1210,571,منطقه 2,پزشکی,,نامشخص,kanoon
1402,تجربی,1569,572,منطقه 1,پزشکی,,نامشخص,kanoon
1402,تجربی,1216,573,منطقه 2,دندانپزشکی,,نامشخص,kanoon
1402,تجربی,3184,573,منطقه 3,پزشکی,,نامشخص,kanoon
1402,تجربی,1219,574,منطقه 2,پزشکی,,نامشخص,kanoon
1402,تجربی,1222,575,منطقه 2,پزشکی,,نامشخص,kanoon
1402,تجربی,3193,575,منطقه 3,پزشکی,,نامشخص,kanoon
1402,تجربی,1580,576,منطقه 1,پزشکی,,نامشخص,kanoon
1402,تجربی,1225,577,منطقه 2,پزشکی,,نامشخص,kanoon
1402,تجربی,3207,577,منطقه 3,دندانپزشکی,,نامشخص,kanoon
1402,تجربی,1227,578,منطقه 2,پزشکی,,نامشخص,kanoon
1402,تجربی,3219,581,منطقه 3,دندانپزشکی,,نامشخص,kanoon
1402,تجربی,1238,582,منطقه 2,پزشکی,,نامشخص,kanoon
1402,تجربی,1241,584,منطقه 2,دندانپزشکی,,نامشخص,kanoon
1402,تجربی,1244,585,منطقه 2,دندانپزشکی,,نامشخص,kanoon
1402,تجربی,3234,585,منطقه 3,پزشکی,,نامشخص,kanoon
1402,تجربی,3234,585,منطقه 3,پزشکی,,نامشخص,kanoon
1402,تجربی,1638,586,منطقه 1,دندانپزشکی,,نامشخص,kanoon
1402,تجربی,1250,587,منطقه 2,دندانپزشکی,,نامشخص,kanoon
1402,تجربی,1648,588,منطقه 1,پزشکی,,نامشخص,kanoon
1402,تجربی,1258,590,منطقه 2,پزشکی,,نامشخص,kanoon
1402,تجربی,1258,590,منطقه 2,پزشکی,,نامشخص,kanoon
1402,تجربی,3259,590,منطقه 3,پزشکی,,نامشخص,kanoon
1402,تجربی,1656,592,منطقه 1,پزشکی,,نامشخص,kanoon
1402,تجربی,1265,594,منطقه 2,دندانپزشکی,,نامشخص,kanoon
1402,تجربی,1268,595,منطقه 2,دندانپزشکی,,نامشخص,kanoon
1402,تجربی,3287,596,منطقه 3,پزشکی,,نامشخص,kanoon
1402,تجربی,3290,597,منطقه 3,پزشکی,,نامشخص,kanoon
1402,تجربی,1679,599,منطقه 1,پزشکی,,نامشخص,kanoon
1402,تجربی,3294,599,منطقه 3,پزشکی,,نامشخص,kanoon
1402,تجربی,1200,600,منطقه 2,دندانپزشکی,دانشگاه علوم پزشکی البرز - کرج,روزانه,sajad
1402,تجربی,1279,600,منطقه 2,دندانپزشکی,,نامشخص,kanoon
1402,تجربی,1279,600,منطقه 2,دندانپزشکی,,نامشخص,kanoon
1402,تجربی,1683,600,منطقه 1,پزشکی,,نامشخص,kanoon
1402,تجربی,7700,600,سهمیه 5٪,پزشکی,دانشگاه شاهد - تهران,روزانه,sajad
1402,تجربی,1282,603,منطقه 2,دندانپزشکی,,نامشخص,kanoon
1402,تجربی,1285,606,منطقه 2,پزشکی,,نامشخص,kanoon
1402,تجربی,1285,606,منطقه 2,دندانپزشکی,,نامشخص,kanoon
1402,تجربی,3310,606,منطقه 3,پزشکی,,نامشخص,kanoon
1402,تجربی,3310,606,منطقه 3,پزشکی,,نامشخص,kanoon
1402,تجربی,1289,609,منطقه 2,پزشکی,,نامشخص,kanoon
1402,تجربی,1289,609,منطقه 2,دندانپزشکی,,نامشخص,kanoon
1402,تجربی,3318,609,منطقه 3,پزشکی,,نامشخص,kanoon
1402,تجربی,1297,612,منطقه 2,پزشکی,,نامشخص,kanoon
1402,تجربی,1714,612,منطقه 1,پزشکی,دانشگاه علوم پزشکی تبریز,روزانه,sajad
1402,تجربی,1300,613,منطقه 2,دندانپزشکی,,نامشخص,kanoon
1402,تجربی,1714,613,منطقه 1,پزشکی,دانشگاه علوم پزشکی تبریز,روزانه,sajad
1402,تجربی,1714,613,منطقه 1,داروسازی,,نامشخص,kanoon
1402,تجربی,1303,615,منطقه 2,دندانپزشکی,,نامشخص,kanoon
1402,تجربی,1307,616,منطقه 2,دندانپزشکی,,نامشخص,kanoon
1402,تجربی,1312,617,منطقه 2,دندانپزشکی,,نامشخص,kanoon
1402,تجربی,7911,618,سهمیه 5٪,دندانپزشکی,دانشگاه علوم پزشکی شهید صدوقی یزد,تعهدی,sajad
1402,تجربی,1316,619,منطقه 2,پزشکی,,نامشخص,kanoon
1402,تجربی,1316,619,منطقه 2,دندانپزشکی,,نامشخص,kanoon
1402,تجربی,1226,620,منطقه 2,داروسازی,,نامشخص,kanoon
1402,تجربی,3364,620,منطقه 3,داروسازی,,نامشخص,kanoon
1402,تجربی,1736,622,منطقه 1,دندانپزشکی,,نامشخص,kanoon
1402,تجربی,1324,624,منطقه 2,پزشکی,,نامشخص,kanoon
1402,تجربی,1324,624,منطقه 2,دندانپزشکی,,نامشخص,kanoon
1402,تجربی,1743,625,منطقه 1,دندانپزشکی,,نامشخص,kanoon
1402,تجربی,1743,625,منطقه 1,دندانپزشکی,,نامشخص,kanoon
1402,تجربی,3381,626,منطقه 3,پزشکی,,نامشخص,kanoon
1402,تجربی,3381,626,منطقه 3,پزشکی,,نامشخص,kanoon
1402,تجربی,1331,628,منطقه 2,پزشکی,,نامشخص,kanoon
1402,تجربی,1331,628,منطقه 2,پزشکی,,نامشخص,kanoon
1402,تجربی,1748,628,منطقه 1,دندانپزشکی,,نامشخص,kanoon
1402,تجربی,3393,629,منطقه 3,دندانپزشکی,,نامشخص,kanoon
1402,تجربی,1343,632,منطقه 2,پزشکی,,نامشخص,kanoon
1402,تجربی,1343,632,منطقه 2,پزشکی,,نامشخص,kanoon
1402,تجربی,1345,634,منطقه 2,پزشکی,,نامشخص,kanoon
1402,تجربی,1775,636,منطقه 1,پزشکی,,نامشخص,kanoon
1402,تجربی,3414,637,منطقه 3,پزشکی,,نامشخص,kanoon
1402,تجربی,1356,639,منطقه 2,پزشکی,,نامشخص,kanoon
1402,تجربی,1356,639,منطقه 2,پزشکی,,نامشخص,kanoon
1402,تجربی,1789,639,منطقه 1,پزشکی,,نامشخص,kanoon
1402,تجربی,3427,640,منطقه 3,پزشکی,,نامشخص,kanoon
1402,تجربی,1363,642,منطقه 2,داروسازی,,نامشخص,kanoon
1402,تجربی,1802,643,منطقه 1,پزشکی,,نامشخص,kanoon
1402,تجربی,1802,643,منطقه 1,پزشکی,,نامشخص,kanoon
1402,تجربی,1366,644,منطقه 2,پزشکی,,نامشخص,kanoon
1402,تجربی,3451,644,منطقه 1,پزشکی,,نامشخص,kanoon
1402,تجربی,3451,644,منطقه 3,دندانپزشکی,,نامشخص,kanoon
1402,تجربی,1807,645,منطقه 1,پزشکی,,نامشخص,kanoon
1402,تجربی,1373,646,منطقه 2,پزشکی,,نامشخص,kanoon
1402,تجربی,3460,646,منطقه 3,دندانپزشکی,,نامشخص,kanoon
1402,تجربی,1375,648,منطقه 2,دندانپزشکی,,نامشخص,kanoon
1402,تجربی,3469,648,منطقه 3,داروسازی,,نامشخص,kanoon
1402,تجربی,1378,649,منطقه 2,پزشکی,,نامشخص,kanoon
1402,تجربی,1382,651,منطقه 2,دندانپزشکی,,نامشخص,kanoon
1402,تجربی,1384,652,منطقه 2,دندانپزشکی,,نامشخص,kanoon
1402,تجربی,3496,652,منطقه 3,پزشکی,,نامشخص,kanoon
1402,تجربی,1388,654,منطقه 2,پزشکی,,نامشخص,kanoon
1402,تجربی,1838,655,منطقه 1,پزشکی,,نامشخص,kanoon
1402,تجربی,3507,655,منطقه 3,دندانپزشکی,,نامشخص,kanoon
1402,تجربی,1394,656,منطقه 2,پزشکی,,نامشخص,kanoon
1402,تجربی,3516,656,منطقه 3,پزشکی,,نامشخص,kanoon
1402,تجربی,1397,657,منطقه 2,دندانپزشکی,,نامشخص,kanoon
1402,تجربی,3524,657,منطقه 3,دندانپزشکی,,نامشخص,kanoon
1402,تجربی,1847,658,منطقه 1,پزشکی,,نامشخص,kanoon
1402,تجربی,1850,659,منطقه 1,داروسازی,,نامشخص,kanoon
1402,تجربی,1402,660,منطقه 2,دندانپزشکی,,نامشخص,kanoon
1402,تجربی,3543,660,منطقه 3,پزشکی,,نامشخص,kanoon
1402,تجربی,1406,662,منطقه 2,داروسازی,,نامشخص,kanoon
1402,تجربی,1406,662,منطقه 2,دندانپزشکی,,نامشخص,kanoon
1402,تجربی,1408,664,منطقه 2,پزشکی,,نامشخص,kanoon
1402,تجربی,1408,664,منطقه 2,دندانپزشکی,,نامشخص,kanoon
1402,تجربی,3560,665,منطقه 3,پزشکی,,نامشخص,kanoon
1402,تجربی,3560,665,منطقه 3,پزشکی,,نامشخص,kanoon
1402,تجربی,1410,666,منطقه 2,پزشکی,,نامشخص,kanoon
1402,تجربی,3566,667,منطقه 3,پزشکی,,نامشخص,kanoon
1402,تجربی,1865,668,منطقه 1,پزشکی,,نامشخص,kanoon
1402,تجربی,1420,670,منطقه 2,پزشکی,,نامشخص,kanoon
1402,تجربی,1420,670,منطقه 2,دندانپزشکی,,نامشخص,kanoon
1402,تجربی,1871,671,منطقه 1,پزشکی,,نامشخص,kanoon
1402,تجربی,3578,671,منطقه 3,پزشکی,,نامشخص,kanoon
1402,تجربی,1425,672,منطقه 2,پزشکی,,نامشخص,kanoon
1402,تجربی,1425,672,منطقه 2,داروسازی,,نامشخص,kanoon
1402,تجربی,1874,673,منطقه 1,پزشکی,,نامشخص,kanoon
1402,تجربی,1874,673,منطقه 1,دندانپزشکی,,نامشخص,kanoon
1402,تجربی,3585,673,منطقه 3,پزشکی,,نامشخص,kanoon
1402,تجربی,1430,674,منطقه 2,دندانپزشکی,,نامشخص,kanoon
1402,تجربی,3591,674,منطقه 3,پزشکی,,نامشخص,kanoon
1402,تجربی,3597,676,منطقه 3,پزشکی,,نامشخص,kanoon
1402,تجربی,1440,677,منطقه 2,داروسازی,,نامشخص,kanoon
1402,تجربی,1440,677,منطقه 2,دندانپزشکی,,نامشخص,kanoon
1402,تجربی,1879,677,منطقه 1,پزشکی,,نامشخص,kanoon
1402,تجربی,1879,677,منطقه 1,دندانپزشکی,,نامشخص,kanoon
1402,تجربی,1445,680,منطقه 2,پزشکی,,نامشخص,kanoon
1402,تجربی,1445,680,منطقه 2,داروسازی,,نامشخص,kanoon
1402,تجربی,3620,681,منطقه 3,پزشکی,,نامشخص,kanoon
1402,تجربی,1889,682,منطقه 1,پزشکی,,نامشخص,kanoon
1402,تجربی,1889,682,منطقه 1,پزشکی,,نامشخص,kanoon
1402,تجربی,1889,682,منطقه 1,دندانپزشکی,,نامشخص,kanoon
1402,تجربی,3629,683,منطقه 3,پزشکی,,نامشخص,kanoon
1402,تجربی,1456,684,منطقه 2,پزشکی,,نامشخص,kanoon
1402,تجربی,1456,684,منطقه 2,دندانپزشکی,,نامشخص,kanoon
1402,تجربی,1895,685,منطقه 1,پزشکی,,نامشخص,kanoon
1402,تجربی,1895,685,منطقه 1,پزشکی,,نامشخص,kanoon
1402,تجربی,1459,686,منطقه 2,دندانپزشکی,,نامشخص,kanoon
1402,تجربی,3652,686,منطقه 3,دندانپزشکی,,نامشخص,kanoon
1402,تجربی,3657,687,منطقه 3,پزشکی,,نامشخص,kanoon
1402,تجربی,1463,688,منطقه 2,دندانپزشکی,,نامشخص,kanoon
1402,تجربی,1912,688,منطقه 1,پزشکی,,نامشخص,kanoon
1402,تجربی,1912,688,منطقه 1,پزشکی,,نامشخص,kanoon
1402,تجربی,3666,688,منطقه 3,دندانپزشکی,,نامشخص,kanoon
1402,تجربی,1468,689,منطقه 2,پزشکی,,نامشخص,kanoon
1402,تجربی,1472,691,منطقه 2,داروسازی,,نامشخص,kanoon
1402,تجربی,3673,691,منطقه 3,پزشکی,,نامشخص,kanoon
1402,تجربی,3673,691,منطقه 3,پزشکی,,نامشخص,kanoon
1402,تجربی,3673,691,منطقه 3,دندانپزشکی,,نامشخص,kanoon
1402,تجربی,1479,695,منطقه 2,پزشکی,,نامشخص,kanoon
1402,تجربی,3680,695,منطقه 3,پزشکی,,نامشخص,kanoon
1402,تجربی,3680,695,منطقه 3,داروسازی,,نامشخص,kanoon
1402,تجربی,1939,696,منطقه 1,دندانپزشکی,,نامشخص,kanoon
1402,تجربی,1939,696,منطقه 1,دندانپزشکی,,نامشخص,kanoon
1402,تجربی,1484,697,منطقه 2,دندانپزشکی,,نامشخص,kanoon
1402,تجربی,1484,698,منطقه 2,پزشکی,,نامشخص,kanoon
1402,تجربی,1945,700,منطقه 1,دندانپزشکی,,نامشخص,kanoon
1402,تجربی,1945,700,منطقه 1,دندانپزشکی,,نامشخص,kanoon
1402,تجربی,1491,702,منطقه 2,پزشکی,,نامشخص,kanoon
1402,تجربی,1491,702,منطقه 2,پزشکی,,نامشخص,kanoon
1402,تجربی,1491,702,منطقه 2,دندانپزشکی,,نامشخص,kanoon
1402,تجربی,3704,702,منطقه 3,پزشکی,,نامشخص,kanoon
1402,تجربی,1495,704,منطقه 2,داروسازی,,نامشخص,kanoon
1402,تجربی,1495,704,منطقه 2,دندانپزشکی,,نامشخص,kanoon
1402,تجربی,1968,704,منطقه 1,پزشکی,,نامشخص,kanoon
1402,تجربی,1974,706,منطقه 1,پزشکی,,نامشخص,kanoon
1402,تجربی,1974,706,منطقه 1,دندانپزشکی,,نامشخص,kanoon
1402,تجربی,1502,707,منطقه 2,پزشکی,,نامشخص,kanoon
1402,تجربی,3728,709,منطقه 3,دندانپزشکی,,نامشخص,kanoon
1402,تجربی,1515,712,منطقه 2,دندانپزشکی,,نامشخص,kanoon
1402,تجربی,1987,712,منطقه 1,دندانپزشکی,,نامشخص,kanoon
1402,تجربی,1995,713,منطقه 1,پزشکی,,نامشخص,kanoon
1402,تجربی,3741,713,منطقه 3,پزشکی,,نامشخص,kanoon
1402,تجربی,3741,713,منطقه 3,پزشکی,,نامشخص,kanoon
1402,تجربی,2000,715,منطقه 1,پزشکی,,نامشخص,kanoon
1402,تجربی,1524,717,منطقه 2,دندانپزشکی,,نامشخص,kanoon
1402,تجربی,1527,718,منطقه 2,پزشکی,,نامشخص,kanoon
1402,تجربی,1530,719,منطقه 2,دندانپزشکی,,نامشخص,kanoon
1402,تجربی,1531,720,منطقه 2,پزشکی,,نامشخص,kanoon
1402,تجربی,1533,721,منطقه 2,پزشکی,,نامشخص,kanoon
1402,تجربی,1533,721,منطقه 2,دندانپزشکی,,نامشخص,kanoon
1402,تجربی,2011,721,منطقه 1,پزشکی,,نامشخص,kanoon
1402,تجربی,3779,721,منطقه 3,پزشکی,,نامشخص,kanoon
1402,تجربی,1536,723,منطقه 2,دندانپزشکی,,نامشخص,kanoon
1402,تجربی,2019,724,منطقه 1,دندانپزشکی,,نامشخص,kanoon
1402,تجربی,1540,725,منطقه 2,داروسازی,,نامشخص,kanoon
1402,تجربی,2023,726,منطقه 1,پزشکی,,نامشخص,kanoon
1402,تجربی,3799,726,منطقه 3,پزشکی,,نامشخص,kanoon
1402,تجربی,2028,727,منطقه 1,پزشکی,,نامشخص,kanoon
1402,تجربی,3805,727,منطقه 3,پزشکی,,نامشخص,kanoon
1402,تجربی,1547,728,منطقه 2,پزشکی,,نامشخص,kanoon
1402,تجربی,2034,729,منطقه 1,دندانپزشکی,,نامشخص,kanoon
1402,تجربی,1551,730,منطقه 2,پزشکی,,نامشخص,kanoon
1402,تجربی,3814,730,منطقه 3,پزشکی,,نامشخص,kanoon
1402,تجربی,1556,732,منطقه 2,دندانپزشکی,,نامشخص,kanoon
1402,تجربی,2038,732,منطقه 1,داروسازی,,نامشخص,kanoon
1402,تجربی,1560,734,منطقه 2,پزشکی,,نامشخص,kanoon
1402,تجربی,3838,734,منطقه 3,پزشکی,,نامشخص,kanoon
1402,تجربی,1563,736,منطقه 2,پزشکی,,نامشخص,kanoon
1402,تجربی,1563,736,منطقه 2,دندانپزشکی,,نامشخص,kanoon
1402,تجربی,2063,738,منطقه 1,دندانپزشکی,,نامشخص,kanoon
1402,تجربی,1569,739,منطقه 2,پزشکی,,نامشخص,kanoon
1402,تجربی,1569,739,منطقه 2,دندانپزشکی,,نامشخص,kanoon
1402,تجربی,2077,741,منطقه 1,پزشکی,,نامشخص,kanoon
1402,تجربی,3876,741,منطقه 3,پزشکی,,نامشخص,kanoon
1402,تجربی,1573,742,منطقه 2,دندانپزشکی,,نامشخص,kanoon
1402,تجربی,1575,743,منطقه 2,دندانپزشکی,,نامشخص,kanoon
1402,تجربی,1577,744,منطقه 2,داروسازی,,نامشخص,kanoon
1402,تجربی,1577,744,منطقه 2,دندانپزشکی,,نامشخص,kanoon
1402,تجربی,2081,744,منطقه 1,دندانپزشکی,,نامشخص,kanoon
1402,تجربی,3899,744,منطقه 1,پزشکی,,نامشخص,kanoon
1402,تجربی,3899,744,منطقه 3,پزشکی,,نامشخص,kanoon
1402,تجربی,3900,744,منطقه 3,پزشکی,دانشگاه علوم پزشکی اصفهان,روزانه,sajad
1402,تجربی,2091,747,منطقه 1,پزشکی,,نامشخص,kanoon
1402,تجربی,1586,749,منطقه 2,پزشکی,,نامشخص,kanoon
1402,تجربی,1586,749,منطقه 2,پزشکی,,نامشخص,kanoon
1402,تجربی,1586,749,منطقه 2,پزشکی,,نامشخص,kanoon
1402,تجربی,1586,749,منطقه 2,پزشکی,,نامشخص,kanoon
1402,تجربی,1586,749,منطقه 2,دندانپزشکی,,نامشخص,kanoon
1402,تجربی,2095,749,منطقه 1,دندانپزشکی,,نامشخص,kanoon
1402,تجربی,2101,750,منطقه 1,دندانپزشکی,,نامشخص,kanoon
1402,تجربی,3921,750,منطقه 3,پزشکی,,نامشخص,kanoon
1402,تجربی,1593,753,منطقه 2,پزشکی,,نامشخص,kanoon
1402,تجربی,3933,754,منطقه 3,پزشکی,,نامشخص,kanoon
1402,تجربی,1596,755,منطقه 2,دندانپزشکی,,نامشخص,kanoon
1402,تجربی,2117,758,منطقه 1,پزشکی,,نامشخص,kanoon
1402,تجربی,1604,759,منطقه 2,پزشکی,,نامشخص,kanoon
1402,تجربی,1609,761,منطقه 2,پزشکی,,نامشخص,kanoon
1402,تجربی,3949,761,منطقه 3,پزشکی,,نامشخص,kanoon
1402,تجربی,2131,763,منطقه 1,پزشکی,,نامشخص,kanoon
1402,تجربی,1613,764,منطقه 2,پزشکی,,نامشخص,kanoon
1402,تجربی,1615,766,منطقه 2,دندانپزشکی,,نامشخص,kanoon
1402,تجربی,3970,766,منطقه 3,پزشکی,,نامشخص,kanoon
1402,تجربی,1617,767,منطقه 2,دندانپزشکی,,نامشخص,kanoon
1402,تجربی,2143,768,منطقه 1,داروسازی,,نامشخص,kanoon
1402,تجربی,2143,768,منطقه 1,دندانپزشکی,,نامشخص,kanoon
1402,تجربی,3978,768,منطقه 3,پزشکی,,نامشخص,kanoon
1402,تجربی,1630,769,منطقه 2,دندانپزشکی,,نامشخص,kanoon
1402,تجربی,2147,770,منطقه 1,پزشکی,,نامشخص,kanoon
1402,تجربی,1622,771,منطقه 2,پزشکی,,نامشخص,kanoon
1402,تجربی,1624,772,منطقه 2,پزشکی,,نامشخص,kanoon
1402,تجربی,1624,772,منطقه 2,پزشکی,,نامشخص,kanoon
1402,تجربی,2159,774,منطقه 1,پزشکی,,نامشخص,kanoon
1402,تجربی,2159,774,منطقه 1,دندانپزشکی,,نامشخص,kanoon
1402,تجربی,4000,775,منطقه 3,پزشکی,,نامشخص,kanoon
1402,تجربی,4000,775,منطقه 3,داروسازی,,نامشخص,kanoon
1402,تجربی,1628,776,منطقه 2,دندانپزشکی,,نامشخص,kanoon
1402,تجربی,1628,776,منطقه 2,دندانپزشکی,,نامشخص,kanoon
1402,تجربی,1628,776,منطقه 2,دندانپزشکی,,نامشخص,kanoon
1402,تجربی,1631,778,منطقه 2,پزشکی,,نامشخص,kanoon
1402,تجربی,4008,778,منطقه 3,داروسازی,,نامشخص,kanoon
1402,تجربی,1634,780,منطقه 2,دندانپزشکی,,نامشخص,kanoon
1402,تجربی,4000,780,منطقه 3,داروسازی,دانشگاه علوم پزشکی البرز - کرج,روزانه,sajad
1402,تجربی,2172,781,منطقه 1,دندانپزشکی,,نامشخص,kanoon
1402,تجربی,2172,781,منطقه 1,دندانپزشکی,,نامشخص,kanoon
1402,تجربی,1638,783,منطقه 2,پزشکی,,نامشخص,kanoon
1402,تجربی,1644,787,منطقه 2,پزشکی,,نامشخص,kanoon
1402,تجربی,1644,787,منطقه 2,پزشکی,,نامشخص,kanoon
1402,تجربی,1644,787,منطقه 2,پزشکی,,نامشخص,kanoon
1402,تجربی,1644,787,منطقه 2,دندانپزشکی,,نامشخص,kanoon
1402,تجربی,1648,790,منطقه 2,دندانپزشکی,,نامشخص,kanoon
1402,تجربی,2197,790,منطقه 1,پزشکی,,نامشخص,kanoon
1402,تجربی,2356,792,منطقه 1,دامپزشکی,,نامشخص,kanoon
1402,تجربی,83200,792,سهمیه 25٪,دندانپزشکی,دانشگاه آزاد اسلامی واحد پزشکی تهران,آزاد,sajad
1402,تجربی,1656,793,منطقه 2,دندانپزشکی,,نامشخص,kanoon
1402,تجربی,1659,794,منطقه 2,پزشکی,,نامشخص,kanoon
1402,تجربی,1670,796,منطقه 2,پزشکی,,نامشخص,kanoon
1402,تجربی,2213,796,منطقه 1,دندانپزشکی,,نامشخص,kanoon
1402,تجربی,4065,797,منطقه 3,پزشکی,,نامشخص,kanoon
1402,تجربی,1673,798,منطقه 2,پزشکی,,نامشخص,kanoon
1402,تجربی,2225,800,منطقه 1,دندانپزشکی,,نامشخص,kanoon
1402,تجربی,2225,800,منطقه 1,دندانپزشکی,,نامشخص,kanoon
1402,تجربی,1679,801,منطقه 2,دندانپزشکی,,نامشخص,kanoon
1402,تجربی,4074,801,منطقه 3,پزشکی,,نامشخص,kanoon
1402,تجربی,4074,801,منطقه 3,پزشکی,,نامشخص,kanoon
1402,تجربی,1685,803,منطقه 2,پزشکی,,نامشخص,kanoon
1402,تجربی,1691,804,منطقه 2,پزشکی,,نامشخص,kanoon
1402,تجربی,2234,804,منطقه 1,دندانپزشکی,,نامشخص,kanoon
1402,تجربی,4085,805,منطقه 3,پزشکی,,نامشخص,kanoon
1402,تجربی,2238,806,منطقه 1,داروسازی,,نامشخص,kanoon
1402,تجربی,4090,808,منطقه 3,پزشکی,,نامشخص,kanoon
1402,تجربی,4090,808,منطقه 3,دندانپزشکی,,نامشخص,kanoon
1402,تجربی,1702,809,منطقه 2,دندانپزشکی,,نامشخص,kanoon
1402,تجربی,1702,809,منطقه 2,دندانپزشکی,,نامشخص,kanoon
1402,تجربی,2243,809,منطقه 1,پزشکی,,نامشخص,kanoon
1402,تجربی,4103,811,منطقه 3,پزشکی,,نامشخص,kanoon
1402,تجربی,1707,812,منطقه 2,پزشکی,,نامشخص,kanoon
1402,تجربی,1707,812,منطقه 2,پزشکی,,نامشخص,kanoon
1402,تجربی,2109,813,منطقه 3,پزشکی,,نامشخص,kanoon
1402,تجربی,2256,814,منطقه 1,دندانپزشکی,,نامشخص,kanoon
1402,تجربی,1717,815,منطقه 2,پزشکی,,نامشخص,kanoon
1402,تجربی,1725,816,منطقه 2,دندانپزشکی,,نامشخص,kanoon
1402,تجربی,1725,816,منطقه 2,دندانپزشکی,دانشگاه علوم پزشکی جندی شاپور اهواز,روزانه,sajad
1402,تجربی,1729,818,منطقه 2,پزشکی,,نامشخص,kanoon
1402,تجربی,4120,818,منطقه 3,داروسازی,,نامشخص,kanoon
1402,تجربی,4126,818,منطقه 3,دندانپزشکی,,نامشخص,kanoon
1402,تجربی,1733,820,منطقه 2,داروسازی,,نامشخص,kanoon
1402,تجربی,4134,821,منطقه 3,دندانپزشکی,,نامشخص,kanoon
1402,تجربی,1739,822,منطقه 2,پزشکی,,نامشخص,kanoon
1402,تجربی,1739,822,منطقه 2,پزشکی,,نامشخص,kanoon
1402,تجربی,4155,825,منطقه 3,پزشکی,,نامشخص,kanoon
1402,تجربی,2282,826,منطقه 1,پزشکی,,نامشخص,kanoon
1402,تجربی,2282,826,منطقه 1,پزشکی,,نامشخص,kanoon
1402,تجربی,1751,828,منطقه 2,پزشکی,,نامشخص,kanoon
1402,تجربی,1755,830,منطقه 2,پزشکی,,نامشخص,kanoon
1402,تجربی,1762,832,منطقه 2,پزشکی,,نامشخص,kanoon
1402,تجربی,1762,832,منطقه 2,پزشکی,,نامشخص,kanoon
1402,تجربی,2301,833,منطقه 1,دندانپزشکی,,نامشخص,kanoon
1402,تجربی,1768,836,منطقه 2,دندانپزشکی,,نامشخص,kanoon
1402,تجربی,4178,836,منطقه 3,پزشکی,,نامشخص,kanoon
1402,تجربی,1775,837,منطقه 2,پزشکی,,نامشخص,kanoon
1402,تجربی,10207,837,سهمیه 5٪,پزشکی,دانشگاه آزاد اسلامی واحد پزشکی تهران,آزاد,sajad
1402,تجربی,1778,838,منطقه 2,پزشکی,,نامشخص,kanoon
1402,تجربی,2330,846,منطقه 1,پزشکی,,نامشخص,kanoon
1402,تجربی,4214,847,منطقه 3,پزشکی,,نامشخص,kanoon
1402,تجربی,1794,848,منطقه 2,پزشکی,,نامشخص,kanoon
1402,تجربی,2336,848,منطقه 1,پزشکی,,نامشخص,kanoon
1402,تجربی,1802,851,منطقه 2,دندانپزشکی,,نامشخص,kanoon
1402,تجربی,1802,851,منطقه 2,دندانپزشکی,,نامشخص,kanoon
1402,تجربی,4230,851,منطقه 3,پزشکی,,نامشخص,kanoon
1402,تجربی,2345,853,منطقه 1,دندانپزشکی,,نامشخص,kanoon
1402,تجربی,4238,853,منطقه 3,پزشکی,,نامشخص,kanoon
1402,تجربی,1807,854,منطقه 2,پزشکی,,نامشخص,kanoon
1402,تجربی,4272,854,منطقه 3,پزشکی,,نامشخص,kanoon
1402,تجربی,4281,855,منطقه 3,پزشکی,,نامشخص,kanoon
1402,تجربی,1811,857,منطقه 2,پزشکی,,نامشخص,kanoon
1402,تجربی,1811,857,منطقه 2,پزشکی,,نامشخص,kanoon
1402,تجربی,1811,857,منطقه 2,پزشکی,,نامشخص,kanoon
1402,تجربی,4287,857,منطقه 3,پزشکی,,نامشخص,kanoon
1402,تجربی,2353,858,منطقه 1,پزشکی,,نامشخص,kanoon
1402,تجربی,2353,858,منطقه 1,فیزیوتراپی,,نامشخص,kanoon
1402,تجربی,1813,859,منطقه 2,پزشکی,,نامشخص,kanoon
1402,تجربی,1815,861,منطقه 2,دندانپزشکی,,نامشخص,kanoon
1402,تجربی,4308,861,منطقه 3,پزشکی,,نامشخص,kanoon
1402,تجربی,1818,863,منطقه 2,دندانپزشکی,,نامشخص,kanoon
1402,تجربی,1821,864,منطقه 2,پزشکی,,نامشخص,kanoon
1402,تجربی,2363,864,منطقه 1,دندانپزشکی,,نامشخص,kanoon
1402,تجربی,4335,864,منطقه 3,پزشکی,,نامشخص,kanoon
1402,تجربی,4335,864,منطقه 3,دندانپزشکی,,نامشخص,kanoon
1402,تجربی,88700,864,سهمیه 25٪,پزشکی,دانشگاه علوم پزشکی بوشهر,روزانه,sajad
1402,تجربی,1825,866,منطقه 2,دندانپزشکی,,نامشخص,kanoon
1402,تجربی,2371,868,منطقه 1,پزشکی,,نامشخص,kanoon
1402,تجربی,1830,869,منطقه 2,پزشکی,,نامشخص,kanoon
1402,تجربی,1830,869,منطقه 2,پزشکی,,نامشخص,kanoon
1402,تجربی,1830,869,منطقه 2,دندانپزشکی,,نامشخص,kanoon
1402,تجربی,4361,869,منطقه 3,پزشکی,,نامشخص,kanoon
1402,تجربی,4361,869,منطقه 3,پزشکی,,نامشخص,kanoon
1402,تجربی,2375,871,منطقه 1,دندانپزشکی,,نامشخص,kanoon
1402,تجربی,2379,872,منطقه 1,دندانپزشکی,,نامشخص,kanoon
1402,تجربی,1843,873,منطقه 2,پزشکی,,نامشخص,kanoon
1402,تجربی,1843,873,منطقه 2,دندانپزشکی,,نامشخص,kanoon
1402,تجربی,4388,873,منطقه 3,پزشکی,,نامشخص,kanoon
1402,تجربی,4388,873,منطقه 3,پزشکی,,نامشخص,kanoon
1402,تجربی,2385,874,منطقه 1,پزشکی,دانشگاه علوم پزشکی اصفهان,پردیس,sajad
1402,تجربی,2389,875,منطقه 1,پزشکی,,نامشخص,kanoon
1402,تجربی,2392,877,منطقه 1,دندانپزشکی,,نامشخص,kanoon
1402,تجربی,4410,877,منطقه 3,پزشکی,,نامشخص,kanoon
1402,تجربی,1858,879,منطقه 2,پزشکی,,نامشخص,kanoon
1402,تجربی,1858,879,منطقه 2,پزشکی,,نامشخص,kanoon
1402,تجربی,2397,879,منطقه 2,پزشکی,,نامشخص,kanoon
1402,تجربی,2402,881,منطقه 1,پزشکی,,نامشخص,kanoon
1402,تجربی,2402,881,منطقه 1,پزشکی,,نامشخص,kanoon
1402,تجربی,4435,882,منطقه 3,پزشکی,,نامشخص,kanoon
1402,تجربی,4439,883,منطقه 3,پزشکی,,نامشخص,kanoon
1402,تجربی,1879,884,منطقه 2,پزشکی,,نامشخص,kanoon
1402,تجربی,2408,884,منطقه 1,پزشکی,,نامشخص,kanoon
1402,تجربی,1883,886,منطقه 2,پزشکی,,نامشخص,kanoon
1402,تجربی,2414,887,منطقه 1,دندانپزشکی,,نامشخص,kanoon
1402,تجربی,4455,887,منطقه 3,پزشکی,,نامشخص,kanoon
1402,تجربی,4455,887,منطقه 3,دندانپزشکی,,نامشخص,kanoon
1402,تجربی,1889,889,منطقه 2,دندانپزشکی,,نامشخص,kanoon
1402,تجربی,1889,889,منطقه 2,دندانپزشکی,,نامشخص,kanoon
1402,تجربی,4465,890,منطقه 3,پزشکی,,نامشخص,kanoon
1402,تجربی,4465,890,منطقه 3,دندانپزشکی,,نامشخص,kanoon
1402,تجربی,1524,891,منطقه 2,پزشکی,,نامشخص,kanoon
1402,تجربی,1895,892,منطقه 2,پزشکی,,نامشخص,kanoon
1402,تجربی,1895,892,منطقه 2,پزشکی,,نامشخص,kanoon
1402,تجربی,1895,892,منطقه 2,پزشکی,,نامشخص,kanoon
1402,تجربی,2436,892,منطقه 1,پرستاری,,نامشخص,kanoon
1402,تجربی,4477,894,منطقه 3,دندانپزشکی,,نامشخص,kanoon
1402,تجربی,1903,895,منطقه 2,پزشکی,,نامشخص,kanoon
1402,تجربی,1903,895,منطقه 2,پزشکی,,نامشخص,kanoon
1402,تجربی,2453,896,منطقه 1,پزشکی,,نامشخص,kanoon
1402,تجربی,2453,896,منطقه 1,دندانپزشکی,,نامشخص,kanoon
1402,تجربی,1906,897,منطقه 2,پزشکی,,نامشخص,kanoon
1402,تجربی,2462,899,منطقه 1,پزشکی,,نامشخص,kanoon
1402,تجربی,4513,899,منطقه 3,دندانپزشکی,,نامشخص,kanoon
1402,تجربی,2000,900,منطقه 2,پزشکی,دانشگاه علوم پزشکی تبریز,روزانه,sajad
1402,تجربی,11000,900,سهمیه 5٪,داروسازی,دانشگاه علوم پزشکی شهید بهشتی - تهران,پردیس,sajad
1402,تجربی,1912,901,منطقه 2,پزشکی,,نامشخص,kanoon
1402,تجربی,1912,901,منطقه 2,پزشکی,,نامشخص,kanoon
1402,تجربی,1912,901,منطقه 2,پزشکی,,نامشخص,kanoon
1402,تجربی,2466,901,منطقه 1,دندانپزشکی,,نامشخص,kanoon
1402,تجربی,4525,901,منطقه 3,پزشکی,,نامشخص,kanoon
1402,تجربی,4525,901,منطقه 3,دندانپزشکی,,نامشخص,kanoon
1402,تجربی,2472,904,منطقه 1,دندانپزشکی,,نامشخص,kanoon
1402,تجربی,4533,904,منطقه 3,پزشکی,,نامشخص,kanoon
1402,تجربی,1920,905,منطقه 2,پزشکی,,نامشخص,kanoon
1402,تجربی,1923,906,منطقه 2,دندانپزشکی,,نامشخص,kanoon
1402,تجربی,1927,907,منطقه 2,پزشکی,,نامشخص,kanoon
1402,تجربی,4546,907,منطقه 3,پزشکی,,نامشخص,kanoon
1402,تجربی,2438,908,منطقه 1,پزشکی,دانشگاه علوم پزشکی البرز - کرج,پردیس,sajad
1402,تجربی,2483,908,منطقه 1,دندانپزشکی,,نامشخص,kanoon
1402,تجربی,1932,909,منطقه 2,پزشکی,,نامشخص,kanoon
1402,تجربی,4562,910,منطقه 3,پزشکی,,نامشخص,kanoon
1402,تجربی,1939,912,منطقه 2,پزشکی,,نامشخص,kanoon
1402,تجربی,1939,912,منطقه 2,پزشکی,,نامشخص,kanoon
1402,تجربی,2494,913,منطقه 1,پزشکی,,نامشخص,kanoon
1402,تجربی,2494,913,منطقه 1,دندانپزشکی,,نامشخص,kanoon
1402,تجربی,1948,915,منطقه 2,دندانپزشکی,,نامشخص,kanoon
1402,تجربی,1948,915,منطقه 2,دندانپزشکی,,نامشخص,kanoon
1402,تجربی,4579,915,منطقه 1,دندانپزشکی,,نامشخص,kanoon
1402,تجربی,2501,917,منطقه 1,پزشکی,,نامشخص,kanoon
1402,تجربی,4598,919,منطقه 3,پزشکی,,نامشخص,kanoon
1402,تجربی,1958,920,منطقه 2,پزشکی,,نامشخص,kanoon
1402,تجربی,2515,922,منطقه 1,پزشکی,,نامشخص,kanoon
1402,تجربی,2515,922,منطقه 1,پزشکی,,نامشخص,kanoon
1402,تجربی,2515,922,منطقه 1,داروسازی,,نامشخص,kanoon
1402,تجربی,4614,923,منطقه 3,پزشکی,,نامشخص,kanoon
1402,تجربی,1968,926,منطقه 2,پزشکی,,نامشخص,kanoon
1402,تجربی,1968,926,منطقه 2,پزشکی,,نامشخص,kanoon
1402,تجربی,1974,929,منطقه 2,پزشکی,,نامشخص,kanoon
1402,تجربی,1974,929,منطقه 2,پزشکی,,نامشخص,kanoon
1402,تجربی,4632,929,منطقه 3,پزشکی,,نامشخص,kanoon
1402,تجربی,4632,929,منطقه 3,پزشکی,,نامشخص,kanoon
1402,تجربی,2553,930,منطقه 1,دندانپزشکی,,نامشخص,kanoon
1402,تجربی,1984,932,منطقه 2,دندانپزشکی,,نامشخص,kanoon
1402,تجربی,4637,932,منطقه 3,پزشکی,,نامشخص,kanoon
1402,تجربی,4640,934,منطقه 3,پزشکی,,نامشخص,kanoon
1402,تجربی,4445,936,منطقه 3,داروسازی,,نامشخص,kanoon
1402,تجربی,4645,936,منطقه 3,پزشکی,,نامشخص,kanoon
1402,تجربی,1992,938,منطقه 2,پزشکی,,نامشخص,kanoon
1402,تجربی,1992,938,منطقه 2,پزشکی,,نامشخص,kanoon
1402,تجربی,1992,938,منطقه 2,دندانپزشکی,,نامشخص,kanoon
1402,تجربی,4653,938,منطقه 3,پزشکی,,نامشخص,kanoon
1402,تجربی,4661,940,منطقه 3,پزشکی,,نامشخص,kanoon
1402,تجربی,4661,940,منطقه 3,پزشکی,,نامشخص,kanoon
1402,تجربی,4661,940,منطقه 3,دندانپزشکی,,نامشخص,kanoon
1402,تجربی,1996,941,منطقه 2,پزشکی,,نامشخص,kanoon
1402,تجربی,2000,943,منطقه 2,دندانپزشکی,,نامشخص,kanoon
1402,تجربی,2595,943,منطقه 1,پزشکی,,نامشخص,kanoon
1402,تجربی,2011,946,منطقه 2,پزشکی,,نامشخص,kanoon
1402,تجربی,2606,948,منطقه 1,پزشکی,,نامشخص,kanoon
1402,تجربی,4681,948,منطقه 3,پزشکی,,نامشخص,kanoon
1402,تجربی,4681,948,منطقه 3,پزشکی,,نامشخص,kanoon
1402,تجربی,4681,948,منطقه 3,پزشکی,,نامشخص,kanoon
1402,تجربی,4681,948,منطقه 3,داروسازی,,نامشخص,kanoon
1402,تجربی,2023,950,منطقه 2,پزشکی,,نامشخص,kanoon
1402,تجربی,2617,950,منطقه 1,داروسازی,,نامشخص,kanoon
1402,تجربی,2632,953,منطقه 1,پزشکی,,نامشخص,kanoon
1402,تجربی,2632,953,منطقه 1,داروسازی,,نامشخص,kanoon
1402,تجربی,2032,954,منطقه 2,دندانپزشکی,,نامشخص,kanoon
1402,تجربی,4700,954,منطقه 3,پزشکی,,نامشخص,kanoon
1402,تجربی,4700,954,منطقه 3,داروسازی,,نامشخص,kanoon
1402,تجربی,2045,957,منطقه 2,پزشکی,,نامشخص,kanoon
1402,تجربی,2648,958,منطقه 1,دندانپزشکی,,نامشخص,kanoon
1402,تجربی,2054,961,منطقه 2,پزشکی,,نامشخص,kanoon
1402,تجربی,4734,961,منطقه 3,پزشکی,,نامشخص,kanoon
1402,تجربی,2058,964,منطقه 2,پزشکی,,نامشخص,kanoon
1402,تجربی,2058,964,منطقه 2,پزشکی,,نامشخص,kanoon
1402,تجربی,2058,964,منطقه 2,پزشکی,دانشگاه علوم پزشکی تبریز,روزانه,sajad
1402,تجربی,2692,967,منطقه 1,پزشکی,,نامشخص,kanoon
1402,تجربی,4756,967,منطقه 3,پزشکی,,نامشخص,kanoon
1402,تجربی,2066,968,منطقه 2,دندانپزشکی,,نامشخص,kanoon
1402,تجربی,2699,970,منطقه 1,پزشکی,,نامشخص,kanoon
1402,تجربی,2074,971,منطقه 2,پزشکی,,نامشخص,kanoon
1402,تجربی,2074,971,منطقه 2,دندانپزشکی,,نامشخص,kanoon
1402,تجربی,2077,973,منطقه 2,پزشکی,,نامشخص,kanoon
1402,تجربی,2077,973,منطقه 2,دندانپزشکی,,نامشخص,kanoon
1402,تجربی,2706,974,منطقه 1,پزشکی,,نامشخص,kanoon
1402,تجربی,2706,974,منطقه 1,پزشکی,,نامشخص,kanoon
1402,تجربی,2706,974,منطقه 1,پزشکی,,نامشخص,kanoon
1402,تجربی,4788,974,منطقه 3,پزشکی,,نامشخص,kanoon
1402,تجربی,4794,975,منطقه 3,پزشکی,,نامشخص,kanoon
1402,تجربی,4794,975,منطقه 3,پزشکی,,نامشخص,kanoon
1402,تجربی,2086,976,منطقه 2,داروسازی,,نامشخص,kanoon
1402,تجربی,2091,978,منطقه 2,پزشکی,,نامشخص,kanoon
1402,تجربی,4803,978,منطقه 3,پزشکی,,نامشخص,kanoon
1402,تجربی,4816,980,منطقه 3,داروسازی,,نامشخص,kanoon
1402,تجربی,11500,980,سهمیه 5٪,پزشکی,دانشگاه علوم پزشکی ارومیه,روزانه,sajad
1402,تجربی,4816,982,منطقه 3,پزشکی,,نامشخص,kanoon
1402,تجربی,4816,982,منطقه 3,پزشکی,,نامشخص,kanoon
1402,تجربی,4816,982,منطقه 3,پزشکی,,نامشخص,kanoon
1402,تجربی,2106,984,منطقه 2,دندانپزشکی,,نامشخص,kanoon
1402,تجربی,2733,985,منطقه 1,پزشکی,,نامشخص,kanoon
1402,تجربی,2733,985,منطقه 1,دندانپزشکی,,نامشخص,kanoon
1402,تجربی,2117,986,منطقه 2,پزشکی,,نامشخص,kanoon
1402,تجربی,2117,986,منطقه 2,پزشکی,,نامشخص,kanoon
1402,تجربی,4828,987,منطقه 3,پزشکی,,نامشخص,kanoon
1402,تجربی,4828,987,منطقه 3,پزشکی,,نامشخص,kanoon
1402,تجربی,4828,987,منطقه 3,پزشکی,,نامشخص,kanoon
1402,تجربی,2739,989,منطقه 1,پزشکی,,نامشخص,kanoon
1402,تجربی,2125,990,منطقه 2,پزشکی,,نامشخص,kanoon
1402,تجربی,2125,990,منطقه 2,پزشکی,,نامشخص,kanoon
1402,تجربی,4836,990,منطقه 3,پزشکی,,نامشخص,kanoon
1402,تجربی,4836,990,منطقه 3,پزشکی,,نامشخص,kanoon
1402,تجربی,4836,990,منطقه 3,پزشکی,,نامشخص,kanoon
1402,تجربی,2746,992,منطقه 1,دندانپزشکی,,نامشخص,kanoon
1402,تجربی,2131,993,منطقه 2,پزشکی,,نامشخص,kanoon
1402,تجربی,2131,993,منطقه 2,دندانپزشکی,,نامشخص,kanoon
1402,تجربی,4844,994,منطقه 3,پزشکی,,نامشخص,kanoon
1402,تجربی,2755,995,منطقه 1,پزشکی,,نامشخص,kanoon
1402,تجربی,2755,995,منطقه 1,دندانپزشکی,,نامشخص,kanoon
1402,تجربی,2137,996,منطقه 2,پزشکی,,نامشخص,kanoon
1402,تجربی,2137,996,منطقه 2,داروسازی,,نامشخص,kanoon
1402,تجربی,4853,997,منطقه 3,داروسازی,,نامشخص,kanoon
1402,تجربی,2764,999,منطقه 1,دندانپزشکی,دانشگاه علوم پزشکی زاهدان,روزانه,sajad
1402,تجربی,4861,999,منطقه 3,پزشکی,,نامشخص,kanoon
1402,تجربی,2147,1000,منطقه 2,پزشکی,,نامشخص,kanoon
1402,تجربی,2800,1000,منطقه 1,پزشکی,دانشگاه علوم پزشکی گیلان - رشت,روزانه,sajad
1402,تجربی,5000,1000,منطقه 3,دندانپزشکی,دانشگاه علوم پزشکی زاهدان,تعهدی,sajad
1402,تجربی,98000,1000,سهمیه 25٪,پزشکی,دانشگاه علوم پزشکی شاهرود,روزانه,sajad
1402,تجربی,2770,1001,منطقه 1,پزشکی,,نامشخص,kanoon
1402,تجربی,2152,1002,منطقه 2,پزشکی,,نامشخص,kanoon
1402,تجربی,2152,1002,منطقه 2,پزشکی,,نامشخص,kanoon
1402,تجربی,2152,1002,منطقه 2,پزشکی,,نامشخص,kanoon
1402,تجربی,2777,1002,منطقه 1,پزشکی,,نامشخص,kanoon
1402,تجربی,4867,1002,منطقه 3,پزشکی,,نامشخص,kanoon
1402,تجربی,2159,1004,منطقه 2,دندانپزشکی,,نامشخص,kanoon
1402,تجربی,2783,1004,منطقه 1,دندانپزشکی,,نامشخص,kanoon
1402,تجربی,2790,1005,منطقه 1,دندانپزشکی,,نامشخص,kanoon
1402,تجربی,2166,1006,منطقه 2,دندانپزشکی,,نامشخص,kanoon
1402,تجربی,2172,1008,منطقه 2,دندانپزشکی,,نامشخص,kanoon
1402,تجربی,2172,1008,منطقه 2,دندانپزشکی,,نامشخص,kanoon
1402,تجربی,4895,1008,منطقه 3,پزشکی,,نامشخص,kanoon
1402,تجربی,2811,1009,منطقه 1,پزشکی,,نامشخص,kanoon
1402,تجربی,4906,1010,منطقه 3,پزشکی,,نامشخص,kanoon
1402,تجربی,2184,1013,منطقه 2,پزشکی,,نامشخص,kanoon
1402,تجربی,4912,1013,منطقه 3,پزشکی,,نامشخص,kanoon
1402,تجربی,4912,1013,منطقه 3,پزشکی,,نامشخص,kanoon
1402,تجربی,2825,1015,منطقه 1,پزشکی,,نامشخص,kanoon
1402,تجربی,2825,1015,منطقه 1,پزشکی,,نامشخص,kanoon
1402,تجربی,2194,1016,منطقه 2,دندانپزشکی,,نامشخص,kanoon
1402,تجربی,2194,1016,منطقه 2,دندانپزشکی,,نامشخص,kanoon
1402,تجربی,2836,1019,منطقه 1,پزشکی,,نامشخص,kanoon
1402,تجربی,2836,1019,منطقه 1,داروسازی,,نامشخص,kanoon
1402,تجربی,4928,1019,منطقه 3,پزشکی,,نامشخص,kanoon
1402,تجربی,2200,1020,منطقه 2,دندانپزشکی,,نامشخص,kanoon
1402,تجربی,2206,1022,منطقه 2,پزشکی,,نامشخص,kanoon
1402,تجربی,2855,1026,منطقه 1,پزشکی,,نامشخص,kanoon
1402,تجربی,2218,1027,منطقه 2,پزشکی,,نامشخص,kanoon
1402,تجربی,2863,1027,منطقه 1,پزشکی,,نامشخص,kanoon
1402,تجربی,2222,1028,منطقه 2,پزشکی,,نامشخص,kanoon
1402,تجربی,4951,1029,منطقه 3,پزشکی,,نامشخص,kanoon
1402,تجربی,2225,1030,منطقه 2,دندانپزشکی,,نامشخص,kanoon
1402,تجربی,2868,1030,منطقه 1,پزشکی,,نامشخص,kanoon
1402,تجربی,99000,1030,سهمیه 25٪,پزشکی,دانشگاه علوم پزشکی یاسوج,روزانه,sajad
1402,تجربی,2228,1031,منطقه 2,دندانپزشکی,,نامشخص,kanoon
1402,تجربی,4965,1035,منطقه 3,پزشکی,,نامشخص,kanoon
1402,تجربی,4985,1038,منطقه 3,پزشکی,,نامشخص,kanoon
1402,تجربی,2251,1039,منطقه 2,دندانپزشکی,,نامشخص,kanoon
1402,تجربی,2256,1040,منطقه 2,پزشکی,,نامشخص,kanoon
1402,تجربی,2261,1041,منطقه 2,داروسازی,,نامشخص,kanoon
1402,تجربی,2910,1041,منطقه 1,پزشکی,,نامشخص,kanoon
1402,تجربی,2910,1041,منطقه 1,پزشکی,,نامشخص,kanoon
1402,تجربی,5007,1044,منطقه 3,پزشکی,,نامشخص,kanoon
1402,تجربی,2271,1045,منطقه 2,پزشکی,,نامشخص,kanoon
1402,تجربی,2271,1045,منطقه 2,پزشکی,,نامشخص,kanoon
1402,تجربی,5016,1046,منطقه 3,پزشکی,,نامشخص,kanoon
1402,تجربی,5028,1049,منطقه 3,پزشکی,,نامشخص,kanoon
1402,تجربی,5028,1049,منطقه 3,پزشکی,,نامشخص,kanoon
1402,تجربی,2282,1050,منطقه 2,پزشکی,,نامشخص,kanoon
1402,تجربی,2282,1050,منطقه 2,پزشکی,,نامشخص,kanoon
1402,تجربی,2287,1052,منطقه 2,پزشکی,,نامشخص,kanoon
1402,تجربی,5052,1054,منطقه 3,پزشکی,,نامشخص,kanoon
1402,تجربی,2301,1057,منطقه 2,پزشکی,,نامشخص,kanoon
1402,تجربی,2301,1057,منطقه 2,دندانپزشکی,,نامشخص,kanoon
1402,تجربی,2950,1057,منطقه 1,پزشکی,,نامشخص,kanoon
1402,تجربی,2962,1059,منطقه 1,داروسازی,,نامشخص,kanoon
1402,تجربی,2310,1060,منطقه 2,پزشکی,,نامشخص,kanoon
1402,تجربی,5070,1060,منطقه 3,پزشکی,,نامشخص,kanoon
1402,تجربی,5070,1060,منطقه 3,پزشکی,,نامشخص,kanoon
1402,تجربی,2312,1061,منطقه 2,پزشکی,,نامشخص,kanoon
1402,تجربی,5079,1062,منطقه 3,پزشکی,,نامشخص,kanoon
1402,تجربی,2322,1065,منطقه 2,پزشکی,,نامشخص,kanoon
1402,تجربی,2322,1065,منطقه 2,پزشکی,,نامشخص,kanoon
1402,تجربی,5127,1068,منطقه 3,داروسازی,,نامشخص,kanoon
1402,تجربی,2996,1070,منطقه 1,پزشکی,,نامشخص,kanoon
1402,تجربی,5139,1070,منطقه 3,پزشکی,,نامشخص,kanoon
1402,تجربی,2333,1071,منطقه 2,پزشکی,,نامشخص,kanoon
1402,تجربی,5148,1071,منطقه 3,پزشکی,,نامشخص,kanoon
1402,تجربی,2340,1073,منطقه 2,پزشکی,,نامشخص,kanoon
1402,تجربی,2353,1078,منطقه 2,دندانپزشکی,,نامشخص,kanoon
1402,تجربی,2359,1080,منطقه 2,پزشکی,,نامشخص,kanoon
1402,تجربی,3025,1080,منطقه 1,داروسازی,,نامشخص,kanoon
1402,تجربی,5186,1080,منطقه 3,پزشکی,,نامشخص,kanoon
1402,تجربی,5186,1080,منطقه 3,پزشکی,,نامشخص,kanoon
1402,تجربی,4366,1082,منطقه 2,دامپزشکی,,نامشخص,kanoon
1402,تجربی,5195,1083,منطقه 3,پزشکی,,نامشخص,kanoon
1402,تجربی,2376,1084,منطقه 2,پزشکی,,نامشخص,kanoon
1402,تجربی,2379,1086,منطقه 2,پزشکی,,نامشخص,kanoon
1402,تجربی,5201,1086,منطقه 3,پزشکی,,نامشخص,kanoon
1402,تجربی,2382,1088,منطقه 2,پزشکی,,نامشخص,kanoon
1402,تجربی,2385,1090,منطقه 2,داروسازی,,نامشخص,kanoon
1402,تجربی,5209,1091,منطقه 3,پزشکی,,نامشخص,kanoon
1402,تجربی,2389,1092,منطقه 2,پزشکی,,نامشخص,kanoon
1402,تجربی,2392,1093,منطقه 2,پزشکی,,نامشخص,kanoon
1402,تجربی,5217,1093,منطقه 3,پزشکی,,نامشخص,kanoon
1402,تجربی,2397,1095,منطقه 2,پزشکی,,نامشخص,kanoon
1402,تجربی,2402,1097,منطقه 2,پزشکی,,نامشخص,kanoon
1402,تجربی,2402,1097,منطقه 2,پزشکی,,نامشخص,kanoon
1402,تجربی,5226,1097,منطقه 3,پزشکی,,نامشخص,kanoon
1402,تجربی,2408,1099,منطقه 2,پزشکی,,نامشخص,kanoon
1402,تجربی,2419,1104,منطقه 2,پزشکی,,نامشخص,kanoon
1402,تجربی,2425,1105,منطقه 2,پزشکی,,نامشخص,kanoon
1402,تجربی,5259,1107,منطقه 3,پزشکی,,نامشخص,kanoon
1402,تجربی,2425,1108,منطقه 2,پزشکی,,نامشخص,kanoon
1402,تجربی,2425,1108,منطقه 2,دندانپزشکی,,نامشخص,kanoon
1402,تجربی,3425,1108,منطقه 2,پزشکی,,نامشخص,kanoon
1402,تجربی,5269,1108,منطقه 3,پزشکی,,نامشخص,kanoon
1402,تجربی,5281,1110,منطقه 3,پزشکی,,نامشخص,kanoon
1402,تجربی,2432,1113,منطقه 2,پزشکی,,نامشخص,kanoon
1402,تجربی,2432,1113,منطقه 2,دندانپزشکی,,نامشخص,kanoon
1402,تجربی,2436,1116,منطقه 2,دندانپزشکی,,نامشخص,kanoon
1402,تجربی,2436,1116,منطقه 2,دندانپزشکی,,نامشخص,kanoon
1402,تجربی,3120,1117,منطقه 1,پزشکی,,نامشخص,kanoon
1402,تجربی,2443,1119,منطقه 2,پزشکی,,نامشخص,kanoon
1402,تجربی,2443,1119,منطقه 2,دندانپزشکی,,نامشخص,kanoon
1402,تجربی,5326,1121,منطقه 3,پزشکی,,نامشخص,kanoon
1402,تجربی,2448,1122,منطقه 2,پزشکی,,نامشخص,kanoon
1402,تجربی,2448,1122,منطقه 2,دندانپزشکی,,نامشخص,kanoon
1402,تجربی,2448,1122,منطقه 2,دندانپزشکی,,نامشخص,kanoon
1402,تجربی,2453,1125,منطقه 2,پزشکی,,نامشخص,kanoon
1402,تجربی,2458,1128,منطقه 2,پزشکی,,نامشخص,kanoon
1402,تجربی,5350,1130,منطقه 3,پزشکی,,نامشخص,kanoon
1402,تجربی,5350,1130,منطقه 3,پزشکی,,نامشخص,kanoon
1402,تجربی,3184,1133,منطقه 1,دندانپزشکی,,نامشخص,kanoon
1402,تجربی,5379,1134,منطقه 3,پزشکی,,نامشخص,kanoon
1402,تجربی,2477,1135,منطقه 2,دندانپزشکی,,نامشخص,kanoon
1402,تجربی,2483,1138,منطقه 2,پزشکی,,نامشخص,kanoon
1402,تجربی,2483,1138,منطقه 2,دندانپزشکی,,نامشخص,kanoon
1402,تجربی,5405,1140,منطقه 3,پزشکی,,نامشخص,kanoon
1402,تجربی,5405,1140,منطقه 3,پزشکی,,نامشخص,kanoon
1402,تجربی,2494,1143,منطقه 2,پزشکی,,نامشخص,kanoon
1402,تجربی,2501,1146,منطقه 2,پزشکی,,نامشخص,kanoon
1402,تجربی,2505,1148,منطقه 2,دندانپزشکی,,نامشخص,kanoon
1402,تجربی,5448,1149,منطقه 3,دندانپزشکی,,نامشخص,kanoon
1402,تجربی,5448,1149,منطقه 3,دندانپزشکی,,نامشخص,kanoon
1402,تجربی,2509,1151,منطقه 2,پزشکی,,نامشخص,kanoon
1402,تجربی,2509,1151,منطقه 2,پزشکی,,نامشخص,kanoon
1402,تجربی,2515,1153,منطقه 2,دندانپزشکی,,نامشخص,kanoon
1402,تجربی,5460,1153,منطقه 3,پزشکی,,نامشخص,kanoon
1402,تجربی,5460,1153,منطقه 3,دندانپزشکی,,نامشخص,kanoon
1402,تجربی,2523,1156,منطقه 2,دندانپزشکی,,نامشخص,kanoon
1402,تجربی,5469,1156,منطقه 3,داروسازی,,نامشخص,kanoon
1402,تجربی,2539,1160,منطقه 2,پزشکی,,نامشخص,kanoon
1402,تجربی,3278,1160,منطقه 1,پزشکی,,نامشخص,kanoon
1402,تجربی,5497,1162,منطقه 3,پزشکی,,نامشخص,kanoon
1402,تجربی,2534,1163,منطقه 2,پزشکی,,نامشخص,kanoon
1402,تجربی,2534,1163,منطقه 2,دندانپزشکی,,نامشخص,kanoon
1402,تجربی,2537,1166,منطقه 2,پزشکی,,نامشخص,kanoon
1402,تجربی,5503,1166,منطقه 3,پزشکی,,نامشخص,kanoon
1402,تجربی,2541,1169,منطقه 2,دندانپزشکی,,نامشخص,kanoon
1402,تجربی,5509,1169,منطقه 3,پزشکی,,نامشخص,kanoon
1402,تجربی,5500,1170,منطقه 3,دندانپزشکی,دانشگاه آزاد اسلامی واحد تبریز,آزاد,sajad
1402,تجربی,2547,1171,منطقه 2,دندانپزشکی,,نامشخص,kanoon
1402,تجربی,2553,1173,منطقه 2,پزشکی,,نامشخص,kanoon
1402,تجربی,2557,1175,منطقه 2,پزشکی,,نامشخص,kanoon
1402,تجربی,2565,1179,منطقه 2,دندانپزشکی,,نامشخص,kanoon
1402,تجربی,13700,1180,سهمیه 5٪,پزشکی,دانشگاه علوم پزشکی زنجان,روزانه,sajad
1402,تجربی,5581,1182,منطقه 3,پزشکی,,نامشخص,kanoon
1402,تجربی,2572,1183,منطقه 2,پزشکی,,نامشخص,kanoon
1402,تجربی,2574,1184,منطقه 2,پزشکی,,نامشخص,kanoon
1402,تجربی,5614,1190,منطقه 3,پزشکی,,نامشخص,kanoon
1402,تجربی,2584,1192,منطقه 2,علوم و صنایع غذایی,,نامشخص,kanoon
1402,تجربی,2589,1195,منطقه 2,پزشکی,,نامشخص,kanoon
1402,تجربی,2589,1195,منطقه 2,پزشکی,,نامشخص,kanoon
1402,تجربی,5634,1196,منطقه 3,پزشکی,,نامشخص,kanoon
1402,تجربی,5634,1196,منطقه 3,پزشکی,,نامشخص,kanoon
1402,تجربی,2595,1198,منطقه 2,داروسازی,,نامشخص,kanoon
1402,تجربی,2600,1200,منطقه 2,دندانپزشکی,,نامشخص,kanoon
1402,تجربی,3393,1200,منطقه 1,پزشکی,,نامشخص,kanoon
1402,تجربی,13900,1200,سهمیه 5٪,پرستاری,دانشگاه علوم پزشکی شهید بهشتی - تهران,روزانه,sajad
1402,تجربی,2606,1202,منطقه 2,پزشکی,,نامشخص,kanoon
1402,تجربی,5656,1204,منطقه 3,پزشکی,,نامشخص,kanoon
1402,تجربی,5656,1204,منطقه 3,پزشکی,,نامشخص,kanoon
1402,تجربی,5656,1204,منطقه 3,داروسازی,,نامشخص,kanoon
1402,تجربی,5671,1209,منطقه 3,پزشکی,,نامشخص,kanoon
1402,تجربی,2617,1210,منطقه 2,داروسازی,,نامشخص,kanoon
1402,تجربی,2622,1212,منطقه 2,پزشکی,,نامشخص,kanoon
1402,تجربی,2622,1212,منطقه 2,پزشکی,,نامشخص,kanoon
1402,تجربی,13900,1214,سهمیه 5٪,پزشکی,دانشگاه علوم پزشکی اردبیل,روزانه,sajad
1402,تجربی,2627,1215,منطقه 2,پزشکی,,نامشخص,kanoon
1402,تجربی,3460,1216,منطقه 1,پزشکی,,نامشخص,kanoon
1402,تجربی,5697,1217,منطقه 3,دندانپزشکی,,نامشخص,kanoon
1402,تجربی,2632,1219,منطقه 2,پزشکی,,نامشخص,kanoon
1402,تجربی,3469,1220,منطقه 1,پزشکی,,نامشخص,kanoon
1402,تجربی,2638,1221,منطقه 2,پزشکی,,نامشخص,kanoon
1402,تجربی,5713,1221,منطقه 3,پزشکی,,نامشخص,kanoon
1402,تجربی,2643,1223,منطقه 2,پزشکی,,نامشخص,kanoon
1402,تجربی,2648,1225,منطقه 2,دندانپزشکی,,نامشخص,kanoon
1402,تجربی,2648,1225,منطقه 2,دندانپزشکی,,نامشخص,kanoon
1402,تجربی,5734,1225,منطقه 3,پزشکی,,نامشخص,kanoon
1402,تجربی,5750,1228,منطقه 3,داروسازی,دانشگاه علوم پزشکی شهید بهشتی - تهران,روزانه,sajad
1402,تجربی,2654,1229,منطقه 2,پزشکی,,نامشخص,kanoon
1402,تجربی,2654,1229,منطقه 2,دندانپزشکی,,نامشخص,kanoon
1402,تجربی,5765,1233,منطقه 3,پزشکی,,نامشخص,kanoon
1402,تجربی,5765,1233,منطقه 3,داروسازی,,نامشخص,kanoon
1402,تجربی,2670,1239,منطقه 2,پزشکی,,نامشخص,kanoon
1402,تجربی,2670,1239,منطقه 2,پزشکی,,نامشخص,kanoon
1402,تجربی,2670,1239,منطقه 2,دندانپزشکی,,نامشخص,kanoon
1402,تجربی,5790,1239,منطقه 3,پزشکی,,نامشخص,kanoon
1402,تجربی,5800,1242,منطقه 3,پزشکی,,نامشخص,kanoon
1402,تجربی,2678,1244,منطقه 2,پزشکی,,نامشخص,kanoon
1402,تجربی,5809,1244,منطقه 3,پزشکی,,نامشخص,kanoon
1402,تجربی,2692,1250,منطقه 2,داروسازی,,نامشخص,kanoon
1402,تجربی,2692,1250,منطقه 2,دندانپزشکی,,نامشخص,kanoon
1402,تجربی,2699,1252,منطقه 2,پزشکی,,نامشخص,kanoon
1402,تجربی,2699,1252,منطقه 2,پزشکی,,نامشخص,kanoon
1402,تجربی,2706,1254,منطقه 2,دندانپزشکی,,نامشخص,kanoon
1402,تجربی,5894,1258,منطقه 3,پزشکی,,نامشخص,kanoon
1402,تجربی,2719,1259,منطقه 2,پزشکی,,نامشخص,kanoon
1402,تجربی,2719,1259,منطقه 2,دندانپزشکی,,نامشخص,kanoon
1402,تجربی,2726,1262,منطقه 2,دندانپزشکی,,نامشخص,kanoon
1402,تجربی,5924,1263,منطقه 3,پزشکی,,نامشخص,kanoon
1402,تجربی,5924,1263,منطقه 3,داروسازی,,نامشخص,kanoon
1402,تجربی,2733,1264,منطقه 2,پزشکی,,نامشخص,kanoon
1402,تجربی,5937,1266,منطقه 3,داروسازی,,نامشخص,kanoon
1402,تجربی,2746,1268,منطقه 2,پزشکی,,نامشخص,kanoon
1402,تجربی,2746,1268,منطقه 2,پزشکی,,نامشخص,kanoon
1402,تجربی,2746,1268,منطقه 2,داروسازی,,نامشخص,kanoon
1402,تجربی,3604,1269,منطقه 1,پزشکی,,نامشخص,kanoon
1402,تجربی,2755,1271,منطقه 2,پزشکی,,نامشخص,kanoon
1402,تجربی,2755,1271,منطقه 2,پزشکی,,نامشخص,kanoon
1402,تجربی,2755,1271,منطقه 2,دندانپزشکی,,نامشخص,kanoon
1402,تجربی,2764,1275,منطقه 2,پزشکی,,نامشخص,kanoon
1402,تجربی,2777,1281,منطقه 2,پزشکی,,نامشخص,kanoon
1402,تجربی,2777,1281,منطقه 2,پزشکی,,نامشخص,kanoon
1402,تجربی,2777,1281,منطقه 2,پزشکی,,نامشخص,kanoon
1402,تجربی,3646,1283,منطقه 1,دندانپزشکی,,نامشخص,kanoon
1402,تجربی,2790,1287,منطقه 2,پزشکی,,نامشخص,kanoon
1402,تجربی,2796,1291,منطقه 2,پزشکی,,نامشخص,kanoon
1402,تجربی,6025,1293,منطقه 3,پزشکی,,نامشخص,kanoon
1402,تجربی,2806,1296,منطقه 2,پزشکی,,نامشخص,kanoon
1402,تجربی,6033,1296,منطقه 3,پزشکی,,نامشخص,kanoon
1402,تجربی,3704,1298,منطقه 1,پزشکی,,نامشخص,kanoon
1402,تجربی,6047,1299,منطقه 3,پزشکی,,نامشخص,kanoon
1402,تجربی,2811,1302,منطقه 2,داروسازی,,نامشخص,kanoon
1402,تجربی,3717,1302,منطقه 1,پزشکی,,نامشخص,kanoon
1402,تجربی,2819,1305,منطقه 2,پزشکی,,نامشخص,kanoon
1402,تجربی,6076,1306,منطقه 3,پزشکی,,نامشخص,kanoon
1402,تجربی,2825,1307,منطقه 2,داروسازی,,نامشخص,kanoon
1402,تجربی,6086,1308,منطقه 3,پزشکی,,نامشخص,kanoon
1402,تجربی,2830,1310,منطقه 2,پزشکی,,نامشخص,kanoon
1402,تجربی,2830,1310,منطقه 2,پزشکی,,نامشخص,kanoon
1402,تجربی,6096,1311,منطقه 3,دندانپزشکی,,نامشخص,kanoon
1402,تجربی,2842,1315,منطقه 2,پزشکی,,نامشخص,kanoon
1402,تجربی,6116,1316,منطقه 3,پزشکی,,نامشخص,kanoon
1402,تجربی,2855,1319,منطقه 2,پزشکی,,نامشخص,kanoon
1402,تجربی,6127,1319,منطقه 3,پزشکی,,نامشخص,kanoon
1402,تجربی,6147,1319,منطقه 3,پزشکی,,نامشخص,kanoon
1402,تجربی,3786,1321,منطقه 1,داروسازی,,نامشخص,kanoon
1402,تجربی,2863,1324,منطقه 2,پزشکی,,نامشخص,kanoon
1402,تجربی,2863,1324,منطقه 2,پزشکی,,نامشخص,kanoon
1402,تجربی,2863,1324,منطقه 2,دندانپزشکی,,نامشخص,kanoon
1402,تجربی,6162,1325,منطقه 3,پزشکی,,نامشخص,kanoon
1402,تجربی,2873,1326,منطقه 2,پزشکی,,نامشخص,kanoon
1402,تجربی,6173,1328,منطقه 3,پزشکی,,نامشخص,kanoon
1402,تجربی,2878,1329,منطقه 2,پزشکی,,نامشخص,kanoon
1402,تجربی,2878,1329,منطقه 2,پزشکی,,نامشخص,kanoon
1402,تجربی,2878,1329,منطقه 2,پزشکی,,نامشخص,kanoon
1402,تجربی,2878,1329,منطقه 2,پزشکی,,نامشخص,kanoon
1402,تجربی,3823,1333,منطقه 1,پزشکی,,نامشخص,kanoon
1402,تجربی,2885,1334,منطقه 2,پزشکی,,نامشخص,kanoon
1402,تجربی,2885,1334,منطقه 2,پزشکی,,نامشخص,kanoon
1402,تجربی,2900,1342,منطقه 2,پزشکی,,نامشخص,kanoon
1402,تجربی,2900,1342,منطقه 2,پزشکی,,نامشخص,kanoon
1402,تجربی,2900,1342,منطقه 2,پزشکی,,نامشخص,kanoon
1402,تجربی,6246,1343,منطقه 3,پزشکی,,نامشخص,kanoon
1402,تجربی,2917,1347,منطقه 2,داروسازی,,نامشخص,kanoon
1402,تجربی,6273,1347,منطقه 3,پزشکی,,نامشخص,kanoon
1402,تجربی,2923,1350,منطقه 2,پزشکی,,نامشخص,kanoon
1402,تجربی,6283,1351,منطقه 3,پزشکی,,نامشخص,kanoon
1402,تجربی,6283,1351,منطقه 3,پزشکی,,نامشخص,kanoon
1402,تجربی,6283,1351,منطقه 3,داروسازی,,نامشخص,kanoon
1402,تجربی,2927,1352,منطقه 2,داروسازی,,نامشخص,kanoon
1402,تجربی,2936,1356,منطقه 2,پزشکی,,نامشخص,kanoon
1402,تجربی,2936,1356,منطقه 2,پزشکی,,نامشخص,kanoon
1402,تجربی,2936,1356,منطقه 2,پزشکی,,نامشخص,kanoon
1402,تجربی,3882,1357,منطقه 1,پزشکی,,نامشخص,kanoon
1402,تجربی,6309,1357,منطقه 3,داروسازی,,نامشخص,kanoon
1402,تجربی,2943,1358,منطقه 2,پزشکی,,نامشخص,kanoon
1402,تجربی,2943,1358,منطقه 2,پزشکی,,نامشخص,kanoon
1402,تجربی,2950,1361,منطقه 2,پزشکی,,نامشخص,kanoon
1402,تجربی,6323,1361,منطقه 3,پزشکی,,نامشخص,kanoon
1402,تجربی,6323,1361,منطقه 3,پزشکی,,نامشخص,kanoon
1402,تجربی,3907,1362,منطقه 1,داروسازی,,نامشخص,kanoon
1402,تجربی,3914,1365,منطقه 1,پزشکی,,نامشخص,kanoon
1402,تجربی,3914,1365,منطقه 1,پزشکی,,نامشخص,kanoon
1402,تجربی,6334,1365,منطقه 3,پزشکی,,نامشخص,kanoon
1402,تجربی,6334,1365,منطقه 3,دندانپزشکی,,نامشخص,kanoon
1402,تجربی,2962,1367,منطقه 2,پزشکی,,نامشخص,kanoon
1402,تجربی,2965,1369,منطقه 2,پزشکی,,نامشخص,kanoon
1402,تجربی,2969,1371,منطقه 2,پزشکی,,نامشخص,kanoon
1402,تجربی,2969,1371,منطقه 2,داروسازی,,نامشخص,kanoon
1402,تجربی,6357,1372,منطقه 3,پزشکی,,نامشخص,kanoon
1402,تجربی,2976,1375,منطقه 2,پزشکی,,نامشخص,kanoon
1402,تجربی,2976,1375,منطقه 2,پزشکی,,نامشخص,kanoon
1402,تجربی,2976,1375,منطقه 2,داروسازی,,نامشخص,kanoon
1402,تجربی,6392,1378,منطقه 3,پزشکی,,نامشخص,kanoon
1402,تجربی,2989,1382,منطقه 2,پزشکی,,نامشخص,kanoon
1402,تجربی,3985,1384,منطقه 1,پزشکی,,نامشخص,kanoon
1402,تجربی,2996,1387,منطقه 2,پزشکی,,نامشخص,kanoon
1402,تجربی,6428,1387,منطقه 3,پزشکی,,نامشخص,kanoon
1402,تجربی,6428,1387,منطقه 3,پزشکی,,نامشخص,kanoon
1402,تجربی,3005,1393,منطقه 2,پزشکی,,نامشخص,kanoon
1402,تجربی,6467,1394,منطقه 3,دندانپزشکی,,نامشخص,kanoon
1402,تجربی,3008,1395,منطقه 2,پزشکی,,نامشخص,kanoon
1402,تجربی,4038,1397,منطقه 1,پزشکی,,نامشخص,kanoon
1402,تجربی,3019,1399,منطقه 2,پزشکی,,نامشخص,kanoon
1402,تجربی,3019,1399,منطقه 2,پزشکی,,نامشخص,kanoon
1402,تجربی,3030,1402,منطقه 2,پزشکی,,نامشخص,kanoon
1402,تجربی,6477,1402,منطقه 3,پزشکی,,نامشخص,kanoon
1402,تجربی,3033,1404,منطقه 2,پزشکی,,نامشخص,kanoon
1402,تجربی,6486,1404,منطقه 3,داروسازی,,نامشخص,kanoon
1402,تجربی,4090,1406,منطقه 1,پزشکی,,نامشخص,kanoon
1402,تجربی,2044,1408,منطقه 2,پزشکی,,نامشخص,kanoon
1402,تجربی,6497,1408,منطقه 3,پزشکی,,نامشخص,kanoon
1402,تجربی,4103,1409,منطقه 1,پزشکی,,نامشخص,kanoon
1402,تجربی,3054,1413,منطقه 2,پزشکی,,نامشخص,kanoon
1402,تجربی,3058,1415,منطقه 2,پزشکی,,نامشخص,kanoon
1402,تجربی,6555,1421,منطقه 3,پزشکی,,نامشخص,kanoon
1402,تجربی,6555,1421,منطقه 3,پزشکی,,نامشخص,kanoon
1402,تجربی,6573,1426,منطقه 3,پزشکی,,نامشخص,kanoon
1402,تجربی,3078,1427,منطقه 2,پزشکی,,نامشخص,kanoon
1402,تجربی,3078,1427,منطقه 2,پزشکی,,نامشخص,kanoon
1402,تجربی,3088,1432,منطقه 2,پزشکی,,نامشخص,kanoon
1402,تجربی,3088,1432,منطقه 2,داروسازی,,نامشخص,kanoon
1402,تجربی,3088,1432,منطقه 2,دندانپزشکی,,نامشخص,kanoon
1402,تجربی,3096,1437,منطقه 2,دندانپزشکی,,نامشخص,kanoon
1402,تجربی,3096,1437,منطقه 2,دندانپزشکی,,نامشخص,kanoon
1402,تجربی,6626,1444,منطقه 3,پزشکی,,نامشخص,kanoon
1402,تجربی,4250,1447,منطقه 1,پزشکی,,نامشخص,kanoon
1402,تجربی,3127,1449,منطقه 2,پزشکی,,نامشخص,kanoon
1402,تجربی,6645,1449,منطقه 3,پزشکی,,نامشخص,kanoon
1402,تجربی,6656,1454,منطقه 3,داروسازی,,نامشخص,kanoon
1402,تجربی,3136,1456,منطقه 2,پزشکی,,نامشخص,kanoon
1402,تجربی,6662,1456,منطقه 3,پزشکی,,نامشخص,kanoon
1402,تجربی,3144,1460,منطقه 2,پزشکی,,نامشخص,kanoon
1402,تجربی,4308,1464,منطقه 1,پزشکی,,نامشخص,kanoon
1402,تجربی,3166,1470,منطقه 2,داروسازی,,نامشخص,kanoon
1402,تجربی,3173,1474,منطقه 2,پزشکی,,نامشخص,kanoon
1402,تجربی,3173,1474,منطقه 2,پزشکی,,نامشخص,kanoon
1402,تجربی,3173,1474,منطقه 2,پزشکی,,نامشخص,kanoon
1402,تجربی,6751,1477,منطقه 3,پزشکی,,نامشخص,kanoon
1402,تجربی,3179,1478,منطقه 2,پزشکی,,نامشخص,kanoon
1402,تجربی,4352,1478,منطقه 1,پزشکی,,نامشخص,kanoon
1402,تجربی,3184,1479,منطقه 2,پزشکی,,نامشخص,kanoon
1402,تجربی,3184,1479,منطقه 2,داروسازی,,نامشخص,kanoon
1402,تجربی,6782,1488,منطقه 3,دندانپزشکی,,نامشخص,kanoon
1402,تجربی,3202,1489,منطقه 2,دندانپزشکی,,نامشخص,kanoon
1402,تجربی,3213,1496,منطقه 2,پزشکی,,نامشخص,kanoon
1402,تجربی,3213,1496,منطقه 2,پزشکی,,نامشخص,kanoon
1402,تجربی,6806,1497,منطقه 3,پزشکی,,نامشخص,kanoon
1402,تجربی,6819,1500,منطقه 3,پزشکی,,نامشخص,kanoon
1402,تجربی,3224,1501,منطقه 2,پزشکی,,نامشخص,kanoon
1402,تجربی,3224,1501,منطقه 2,پزشکی,,نامشخص,kanoon
1402,تجربی,4439,1501,منطقه 1,پزشکی,,نامشخص,kanoon
1402,تجربی,6829,1503,منطقه 3,پزشکی,,نامشخص,kanoon
1402,تجربی,3234,1506,منطقه 2,پزشکی,,نامشخص,kanoon
1402,تجربی,6856,1512,منطقه 3,داروسازی,,نامشخص,kanoon
1402,تجربی,6891,1518,منطقه 3,پزشکی,,نامشخص,kanoon
1402,تجربی,4513,1521,منطقه 1,پزشکی,,نامشخص,kanoon
1402,تجربی,3278,1525,منطقه 2,پزشکی,,نامشخص,kanoon
1402,تجربی,3284,1529,منطقه 2,پزشکی,,نامشخص,kanoon
1402,تجربی,6970,1530,منطقه 3,پزشکی,,نامشخص,kanoon
1402,تجربی,3290,1531,منطقه 2,پزشکی,,نامشخص,kanoon
1402,تجربی,6990,1533,منطقه 3,پزشکی,,نامشخص,kanoon
1402,تجربی,3318,1537,منطقه 2,پزشکی,,نامشخص,kanoon
1402,تجربی,3326,1539,منطقه 2,پزشکی,,نامشخص,kanoon
1402,تجربی,3334,1544,منطقه 2,پزشکی,,نامشخص,kanoon
1402,تجربی,3334,1544,منطقه 2,دندانپزشکی,,نامشخص,kanoon
1402,تجربی,7060,1544,منطقه 3,پزشکی,,نامشخص,kanoon
1402,تجربی,3341,1548,منطقه 2,داروسازی,,نامشخص,kanoon
1402,تجربی,3341,1548,منطقه 2,دندانپزشکی,,نامشخص,kanoon
1402,تجربی,4605,1548,منطقه 1,پزشکی,,نامشخص,kanoon
1402,تجربی,7073,1548,منطقه 3,پزشکی,,نامشخص,kanoon
1402,تجربی,3284,1549,منطقه 2,پزشکی,,نامشخص,kanoon
1402,تجربی,3350,1551,منطقه 2,پزشکی,,نامشخص,kanoon
1402,تجربی,3350,1551,منطقه 2,پزشکی,,نامشخص,kanoon
1402,تجربی,7085,1551,منطقه 3,پزشکی,,نامشخص,kanoon
1402,تجربی,7107,1556,منطقه 3,پزشکی,,نامشخص,kanoon
1402,تجربی,7118,1561,منطقه 3,پزشکی,,نامشخص,kanoon
1402,تجربی,4681,1564,منطقه 1,پزشکی,,نامشخص,kanoon
1402,تجربی,7143,1569,منطقه 3,پزشکی,,نامشخص,kanoon
1402,تجربی,7143,1569,منطقه 3,پزشکی,دانشکده علوم پزشکی لارستان,روزانه,sajad
1402,تجربی,2307,1570,منطقه 2,پزشکی,,نامشخص,kanoon
1402,تجربی,3407,1570,منطقه 2,پزشکی,,نامشخص,kanoon
1402,تجربی,3407,1570,منطقه 2,پزشکی,,نامشخص,kanoon
1402,تجربی,3407,1570,منطقه 2,داروسازی,,نامشخص,kanoon
1402,تجربی,3414,1574,منطقه 2,پزشکی,,نامشخص,kanoon
1402,تجربی,7154,1574,منطقه 3,پزشکی,,نامشخص,kanoon
1402,تجربی,7185,1579,منطقه 3,پزشکی,,نامشخص,kanoon
1402,تجربی,3427,1580,منطقه 2,پزشکی,,نامشخص,kanoon
1402,تجربی,3427,1580,منطقه 2,پزشکی,,نامشخص,kanoon
1402,تجربی,4734,1581,منطقه 1,پزشکی,,نامشخص,kanoon
1402,تجربی,7207,1587,منطقه 3,پزشکی,,نامشخص,kanoon
1402,تجربی,7207,1587,منطقه 3,داروسازی,,نامشخص,kanoon
1402,تجربی,7207,1587,منطقه 3,دندانپزشکی,,نامشخص,kanoon
1402,تجربی,3437,1588,منطقه 2,پزشکی,,نامشخص,kanoon
1402,تجربی,7220,1592,منطقه 3,داروسازی,,نامشخص,kanoon
1402,تجربی,3451,1595,منطقه 2,پزشکی,,نامشخص,kanoon
1402,تجربی,4771,1595,منطقه 1,دندانپزشکی,,نامشخص,kanoon
1402,تجربی,7229,1598,منطقه 3,پزشکی,,نامشخص,kanoon
1402,تجربی,7229,1598,منطقه 3,داروسازی,,نامشخص,kanoon
1402,تجربی,3460,1599,منطقه 2,پزشکی,,نامشخص,kanoon
1402,تجربی,3500,1600,منطقه 2,پزشکی,دانشگاه علوم پزشکی گیلان - رشت,روزانه,sajad
1402,تجربی,7300,1600,منطقه 3,داروسازی,دانشگاه علوم پزشکی مشهد,پردیس,sajad
1402,تجربی,3469,1602,منطقه 2,پزشکی,,نامشخص,kanoon
1402,تجربی,3474,1603,منطقه 2,پزشکی,,نامشخص,kanoon
1402,تجربی,3479,1606,منطقه 2,پزشکی,,نامشخص,kanoon
1402,تجربی,3507,1618,منطقه 2,پزشکی,,نامشخص,kanoon
1402,تجربی,3507,1618,منطقه 2,پزشکی,,نامشخص,kanoon
1402,تجربی,7311,1621,منطقه 3,پزشکی,,نامشخص,kanoon
1402,تجربی,3531,1630,منطقه 2,پزشکی,,نامشخص,kanoon
1402,تجربی,3531,1630,منطقه 2,پزشکی,,نامشخص,kanoon
1402,تجربی,3537,1634,منطقه 2,دندانپزشکی,,نامشخص,kanoon
1402,تجربی,3537,1634,منطقه 2,دندانپزشکی,,نامشخص,kanoon
1402,تجربی,3543,1638,منطقه 2,پزشکی,,نامشخص,kanoon
1402,تجربی,7370,1639,منطقه 3,پزشکی,,نامشخص,kanoon
1402,تجربی,7370,1639,منطقه 3,داروسازی,,نامشخص,kanoon
1402,تجربی,3552,1642,منطقه 2,پزشکی,,نامشخص,kanoon
1402,تجربی,4941,1645,منطقه 1,دندانپزشکی,,نامشخص,kanoon
1402,تجربی,4951,1649,منطقه 1,پزشکی,,نامشخص,kanoon
1402,تجربی,7422,1652,منطقه 3,پزشکی,,نامشخص,kanoon
1402,تجربی,7422,1652,منطقه 3,پزشکی,,نامشخص,kanoon
1402,تجربی,7422,1652,منطقه 3,پزشکی,,نامشخص,kanoon
1402,تجربی,3597,1654,منطقه 2,پزشکی,,نامشخص,kanoon
1402,تجربی,3604,1658,منطقه 2,پزشکی,,نامشخص,kanoon
1402,تجربی,7470,1664,منطقه 3,پزشکی,,نامشخص,kanoon
1402,تجربی,7482,1666,منطقه 3,پزشکی,,نامشخص,kanoon
1402,تجربی,7482,1666,منطقه 3,فیزیوتراپی,,نامشخص,kanoon
1402,تجربی,7496,1670,منطقه 3,پزشکی,,نامشخص,kanoon
1402,تجربی,7509,1673,منطقه 3,پزشکی,,نامشخص,kanoon
1402,تجربی,4125,1677,منطقه 3,پزشکی,,نامشخص,kanoon
1402,تجربی,7565,1683,منطقه 3,دندانپزشکی,,نامشخص,kanoon
1402,تجربی,3657,1685,منطقه 2,پزشکی,,نامشخص,kanoon
1402,تجربی,3657,1685,منطقه 2,پزشکی,,نامشخص,kanoon
1402,تجربی,3657,1685,منطقه 2,پزشکی,,نامشخص,kanoon
1402,تجربی,3666,1690,منطقه 2,پزشکی,,نامشخص,kanoon
1402,تجربی,7583,1690,منطقه 3,پزشکی,,نامشخص,kanoon
1402,تجربی,3686,1697,منطقه 2,پزشکی,,نامشخص,kanoon
1402,تجربی,3686,1697,منطقه 2,پزشکی,,نامشخص,kanoon
1402,تجربی,3686,1697,منطقه 2,دندانپزشکی,,نامشخص,kanoon
1402,تجربی,3692,1700,منطقه 2,پزشکی,,نامشخص,kanoon
1402,تجربی,5100,1700,منطقه 1,پزشکی,دانشگاه علوم پزشکی سمنان,روزانه,sajad
1402,تجربی,7629,1700,منطقه 3,پزشکی,,نامشخص,kanoon
1402,تجربی,19200,1700,سهمیه 5٪,پزشکی,دانشگاه علوم پزشکی سبزوار,روزانه,sajad
1402,تجربی,3698,1702,منطقه 2,پزشکی,,نامشخص,kanoon
1402,تجربی,3698,1702,منطقه 2,پزشکی,,نامشخص,kanoon
1402,تجربی,3704,1704,منطقه 2,پزشکی,,نامشخص,kanoon
1402,تجربی,3704,1704,منطقه 2,داروسازی,,نامشخص,kanoon
1402,تجربی,7644,1705,منطقه 3,پزشکی,,نامشخص,kanoon
1402,تجربی,3711,1707,منطقه 2,پزشکی,,نامشخص,kanoon
1402,تجربی,7656,1708,منطقه 3,پزشکی,,نامشخص,kanoon
1402,تجربی,3721,1711,منطقه 2,پزشکی,,نامشخص,kanoon
1402,تجربی,7670,1712,منطقه 3,پزشکی,,نامشخص,kanoon
1402,تجربی,5160,1714,منطقه 1,پزشکی,,نامشخص,kanoon
1402,تجربی,3728,1715,منطقه 2,پزشکی,,نامشخص,kanoon
1402,تجربی,3736,1718,منطقه 2,پزشکی,,نامشخص,kanoon
1402,تجربی,3741,1721,منطقه 2,پزشکی,,نامشخص,kanoon
1402,تجربی,7728,1725,منطقه 3,پزشکی,,نامشخص,kanoon
1402,تجربی,3757,1726,منطقه 2,پزشکی,,نامشخص,kanoon
1402,تجربی,3764,1730,منطقه 2,آموزش زیست شناسی,,نامشخص,kanoon
1402,تجربی,3764,1730,منطقه 2,پزشکی,,نامشخص,kanoon
1402,تجربی,5245,1732,منطقه 1,پزشکی,,نامشخص,kanoon
1402,تجربی,7743,1733,منطقه 3,پزشکی,,نامشخص,kanoon
1402,تجربی,5252,1734,منطقه 1,پزشکی,,نامشخص,kanoon
1402,تجربی,3779,1739,منطقه 2,پزشکی,,نامشخص,kanoon
1402,تجربی,7759,1741,منطقه 3,پزشکی,,نامشخص,kanoon
1402,تجربی,3791,1744,منطقه 2,پزشکی,,نامشخص,kanoon
1402,تجربی,5281,1746,منطقه 1,پزشکی,,نامشخص,kanoon
1402,تجربی,7779,1747,منطقه 3,فیزیوتراپی,,نامشخص,kanoon
1402,تجربی,3799,1748,منطقه 2,پزشکی,,نامشخص,kanoon
1402,تجربی,3799,1748,منطقه 2,داروسازی,,نامشخص,kanoon
1402,تجربی,5301,1751,منطقه 1,پزشکی,,نامشخص,kanoon
1402,تجربی,3805,1752,منطقه 2,پزشکی,,نامشخص,kanoon
1402,تجربی,7808,1755,منطقه 3,پزشکی,,نامشخص,kanoon
1402,تجربی,7808,1755,منطقه 3,داروسازی,,نامشخص,kanoon
1402,تجربی,3814,1756,منطقه 2,پزشکی,,نامشخص,kanoon
1402,تجربی,3814,1756,منطقه 2,پزشکی,,نامشخص,kanoon
1402,تجربی,5317,1757,منطقه 1,پزشکی,,نامشخص,kanoon
1402,تجربی,5317,1757,منطقه 1,پزشکی,,نامشخص,kanoon
1402,تجربی,7823,1760,منطقه 3,پزشکی,,نامشخص,kanoon
1402,تجربی,3831,1762,منطقه 2,پزشکی,,نامشخص,kanoon
1402,تجربی,7838,1765,منطقه 3,پزشکی,,نامشخص,kanoon
1402,تجربی,3866,1777,منطقه 2,پزشکی,,نامشخص,kanoon
1402,تجربی,3866,1777,منطقه 2,پزشکی,,نامشخص,kanoon
1402,تجربی,5379,1778,منطقه 1,پزشکی,,نامشخص,kanoon
1402,تجربی,7924,1783,منطقه 3,دندانپزشکی,,نامشخص,kanoon
1402,تجربی,7939,1787,منطقه 3,پزشکی,,نامشخص,kanoon
1402,تجربی,3890,1789,منطقه 2,پزشکی,,نامشخص,kanoon
1402,تجربی,7953,1790,منطقه 3,پزشکی,,نامشخص,kanoon
1402,تجربی,7967,1794,منطقه 3,پزشکی,,نامشخص,kanoon
1402,تجربی,7967,1794,منطقه 3,داروسازی,,نامشخص,kanoon
1402,تجربی,3899,1795,منطقه 2,داروسازی,,نامشخص,kanoon
1402,تجربی,5448,1800,منطقه 1,داروسازی,,نامشخص,kanoon
1402,تجربی,19901,1805,سهمیه 5٪,پزشکی,دانشگاه علوم پزشکی کاشان,پردیس,sajad
1402,تجربی,20000,1805,سهمیه 5٪,داروسازی,دانشگاه علوم پزشکی همدان,پردیس,sajad
1402,تجربی,5469,1806,منطقه 1,پزشکی,,نامشخص,kanoon
1402,تجربی,5469,1806,منطقه 1,پزشکی,,نامشخص,kanoon
1402,تجربی,8015,1806,منطقه 3,دندانپزشکی,,نامشخص,kanoon
1402,تجربی,8042,1812,منطقه 3,پزشکی,,نامشخص,kanoon
1402,تجربی,8042,1812,منطقه 3,پزشکی,,نامشخص,kanoon
1402,تجربی,3963,1824,منطقه 2,پزشکی,,نامشخص,kanoon
1402,تجربی,5525,1828,منطقه 1,داروسازی,,نامشخص,kanoon
1402,تجربی,8094,1830,منطقه 3,پزشکی,,نامشخص,kanoon
1402,تجربی,5554,1837,منطقه 1,پزشکی,,نامشخص,kanoon
1402,تجربی,8112,1837,منطقه 3,دندانپزشکی,,نامشخص,kanoon
1402,تجربی,8112,1837,منطقه 3,فیزیوتراپی,,نامشخص,kanoon
1402,تجربی,5569,1842,منطقه 1,پزشکی,,نامشخص,kanoon
1402,تجربی,8100,1842,منطقه 3,دندانپزشکی,دانشگاه آزاد اسلامی واحد اصفهان (خوراسگان),آزاد,sajad
1402,تجربی,8125,1842,منطقه 3,دندانپزشکی,,نامشخص,kanoon
1402,تجربی,4015,1844,منطقه 2,پزشکی,,نامشخص,kanoon
1402,تجربی,20213,1845,سهمیه 5٪,پزشکی,دانشگاه آزاد اسلامی واحد مشهد,آزاد,sajad
1402,تجربی,4022,1847,منطقه 2,پزشکی,,نامشخص,kanoon
1402,تجربی,5581,1847,منطقه 1,پزشکی,,نامشخص,kanoon
1402,تجربی,8140,1847,منطقه 3,پزشکی,,نامشخص,kanoon
1402,تجربی,5595,1852,منطقه 1,پزشکی,,نامشخص,kanoon
1402,تجربی,8166,1852,منطقه 3,پزشکی,,نامشخص,kanoon
1402,تجربی,8166,1852,منطقه 3,داروسازی,,نامشخص,kanoon
1402,تجربی,4047,1859,منطقه 2,پزشکی,,نامشخص,kanoon
1402,تجربی,5614,1860,منطقه 1,پزشکی,,نامشخص,kanoon
1402,تجربی,8203,1863,منطقه 3,پزشکی,,نامشخص,kanoon
1402,تجربی,8231,1870,منطقه 3,فیزیوتراپی,,نامشخص,kanoon
1402,تجربی,8243,1872,منطقه 3,پزشکی,,نامشخص,kanoon
1402,تجربی,8255,1873,منطقه 3,داروسازی,,نامشخص,kanoon
1402,تجربی,4081,1874,منطقه 2,پزشکی,,نامشخص,kanoon
1402,تجربی,4090,1877,منطقه 2,پزشکی,,نامشخص,kanoon
1402,تجربی,4096,1879,منطقه 2,پزشکی,,نامشخص,kanoon
1402,تجربی,8281,1879,منطقه 3,دندانپزشکی,,نامشخص,kanoon
1402,تجربی,8298,1882,منطقه 3,پزشکی,,نامشخص,kanoon
1402,تجربی,8298,1882,منطقه 3,دندانپزشکی,,نامشخص,kanoon
1402,تجربی,4103,1883,منطقه 2,پزشکی,,نامشخص,kanoon
1402,تجربی,8319,1888,منطقه 3,پزشکی,,نامشخص,kanoon
1402,تجربی,8332,1894,منطقه 3,پزشکی,,نامشخص,kanoon
1402,تجربی,4136,1895,منطقه 2,پزشکی,,نامشخص,kanoon
1402,تجربی,5750,1895,منطقه 1,پزشکی,,نامشخص,kanoon
1402,تجربی,8348,1898,منطقه 3,دندانپزشکی,,نامشخص,kanoon
1402,تجربی,8361,1901,منطقه 3,پزشکی,,نامشخص,kanoon
1402,تجربی,5780,1903,منطقه 1,پزشکی,,نامشخص,kanoon
1402,تجربی,8371,1904,منطقه 3,پزشکی,,نامشخص,kanoon
1402,تجربی,4165,1908,منطقه 2,پزشکی,,نامشخص,kanoon
1402,تجربی,8385,1908,منطقه 3,داروسازی,,نامشخص,kanoon
1402,تجربی,4178,1913,منطقه 2,پزشکی,,نامشخص,kanoon
1402,تجربی,4178,1913,منطقه 2,پزشکی,,نامشخص,kanoon
1402,تجربی,4178,1913,منطقه 2,پزشکی,,نامشخص,kanoon
1402,تجربی,4178,1913,منطقه 2,داروسازی,,نامشخص,kanoon
1402,تجربی,5800,1913,منطقه 1,پزشکی,,نامشخص,kanoon
1402,تجربی,1918,1918,منطقه 2,دندانپزشکی,,نامشخص,kanoon
1402,تجربی,5819,1920,منطقه 1,پزشکی,,نامشخص,kanoon
1402,تجربی,8424,1921,منطقه 3,پزشکی,دانشگاه علوم پزشکی بیرجند,پردیس,sajad
1402,تجربی,4201,1925,منطقه 2,پزشکی,,نامشخص,kanoon
1402,تجربی,4201,1925,منطقه 2,فیزیوتراپی,,نامشخص,kanoon
1402,تجربی,8438,1926,منطقه 3,پزشکی,,نامشخص,kanoon
1402,تجربی,4214,1931,منطقه 2,پزشکی,,نامشخص,kanoon
1402,تجربی,4214,1932,منطقه 2,داروسازی,,نامشخص,kanoon
1402,تجربی,5849,1936,منطقه 1,پزشکی,,نامشخص,kanoon
1402,تجربی,8475,1936,منطقه 3,پزشکی,,نامشخص,kanoon
1402,تجربی,4230,1939,منطقه 2,پزشکی,,نامشخص,kanoon
1402,تجربی,4230,1939,منطقه 2,پزشکی,,نامشخص,kanoon
1402,تجربی,8540,1949,منطقه 3,دندانپزشکی,,نامشخص,kanoon
1402,تجربی,4250,1950,منطقه 2,پزشکی,,نامشخص,kanoon
1402,تجربی,4250,1950,منطقه 2,پزشکی,,نامشخص,kanoon
1402,تجربی,4250,1950,منطقه 2,پزشکی,,نامشخص,kanoon
1402,تجربی,8551,1951,منطقه 3,پزشکی,,نامشخص,kanoon
1402,تجربی,8562,1953,منطقه 3,پزشکی,,نامشخص,kanoon
1402,تجربی,8589,1961,منطقه 3,پزشکی,,نامشخص,kanoon
1402,تجربی,8589,1961,منطقه 3,پزشکی,,نامشخص,kanoon
1402,تجربی,4272,1963,منطقه 2,پزشکی,,نامشخص,kanoon
1402,تجربی,4272,1963,منطقه 2,دندانپزشکی,,نامشخص,kanoon
1402,تجربی,8613,1967,منطقه 3,پزشکی,,نامشخص,kanoon
1402,تجربی,8613,1967,منطقه 3,دندانپزشکی,,نامشخص,kanoon
1402,تجربی,4281,1968,منطقه 2,پزشکی,,نامشخص,kanoon
1402,تجربی,4281,1968,منطقه 2,پزشکی,,نامشخص,kanoon
1402,تجربی,4281,1968,منطقه 2,پزشکی,,نامشخص,kanoon
1402,تجربی,5957,1974,منطقه 1,پزشکی,,نامشخص,kanoon
1402,تجربی,4293,1975,منطقه 2,پزشکی,,نامشخص,kanoon
1402,تجربی,4293,1975,منطقه 2,پزشکی,,نامشخص,kanoon
1402,تجربی,8636,1976,منطقه 3,پزشکی,,نامشخص,kanoon
1402,تجربی,8636,1976,منطقه 3,پزشکی,,نامشخص,kanoon
1402,تجربی,4299,1978,منطقه 2,داروسازی,,نامشخص,kanoon
1402,تجربی,8686,1986,منطقه 3,پزشکی,,نامشخص,kanoon
1402,تجربی,8693,1989,منطقه 3,پزشکی,,نامشخص,kanoon
1402,تجربی,4321,1991,منطقه 2,پزشکی,,نامشخص,kanoon
1402,تجربی,8714,1995,منطقه 3,پزشکی,,نامشخص,kanoon
1402,تجربی,4335,2000,منطقه 2,پزشکی,,نامشخص,kanoon
1402,تجربی,6200,2000,منطقه 1,دندانپزشکی,دانشگاه علوم پزشکی ارتش,روزانه,sajad
1402,تجربی,8730,2000,منطقه 3,دندانپزشکی,,نامشخص,kanoon
1402,تجربی,21800,2000,سهمیه 5٪,پزشکی,دانشگاه آزاد اسلامی واحد نجف‌آباد,آزاد خودگردان,sajad
1402,تجربی,4343,2004,منطقه 2,پزشکی,,نامشخص,kanoon
1402,تجربی,8757,2006,منطقه 3,پزشکی,,نامشخص,kanoon
1402,تجربی,4352,2008,منطقه 2,پزشکی,,نامشخص,kanoon
1402,تجربی,6086,2008,منطقه 1,داروسازی,,نامشخص,kanoon
1402,تجربی,4357,2010,منطقه 2,پزشکی,,نامشخص,kanoon
1402,تجربی,8786,2010,منطقه 3,پزشکی,,نامشخص,kanoon
1402,تجربی,8786,2010,منطقه 3,دندانپزشکی,,نامشخص,kanoon
1402,تجربی,8801,2017,منطقه 3,پزشکی,,نامشخص,kanoon
1402,تجربی,4376,2020,منطقه 2,پزشکی,,نامشخص,kanoon
1402,تجربی,4376,2020,منطقه 2,پزشکی,,نامشخص,kanoon
1402,تجربی,6116,2022,منطقه 1,پزشکی,,نامشخص,kanoon
1402,تجربی,8837,2028,منطقه 3,پزشکی,,نامشخص,kanoon
1402,تجربی,8838,2028,منطقه 3,پزشکی,,نامشخص,kanoon
1402,تجربی,8849,2031,منطقه 3,پزشکی,,نامشخص,kanoon
1402,تجربی,8849,2031,منطقه 3,دندانپزشکی,,نامشخص,kanoon
1402,تجربی,22134,2032,سهمیه 5٪,پزشکی,دانشگاه آزاد اسلامی واحد یزد,آزاد,sajad
1402,تجربی,4399,2035,منطقه 2,پزشکی,,نامشخص,kanoon
1402,تجربی,4399,2035,منطقه 2,دندانپزشکی,,نامشخص,kanoon
1402,تجربی,6147,2035,منطقه 1,پزشکی,,نامشخص,kanoon
1402,تجربی,8862,2035,منطقه 3,دندانپزشکی,,نامشخص,kanoon
1402,تجربی,8888,2042,منطقه 3,داروسازی,,نامشخص,kanoon
1402,تجربی,4424,2048,منطقه 2,پزشکی,,نامشخص,kanoon
1402,تجربی,4430,2052,منطقه 2,پزشکی,,نامشخص,kanoon
1402,تجربی,8915,2052,منطقه 3,پزشکی,,نامشخص,kanoon
1402,تجربی,8915,2052,منطقه 3,فیزیوتراپی,,نامشخص,kanoon
1402,تجربی,6223,2053,منطقه 1,دندانپزشکی,دانشگاه علوم پزشکی ارتش,بورسیه,sajad
1402,تجربی,4445,2057,منطقه 2,پزشکی,,نامشخص,kanoon
1402,تجربی,8931,2058,منطقه 3,پزشکی,,نامشخص,kanoon
1402,تجربی,4455,2062,منطقه 2,پزشکی,,نامشخص,kanoon
1402,تجربی,4729,2062,منطقه 2,پزشکی,,نامشخص,kanoon
1402,تجربی,8943,2062,منطقه 3,فیزیوتراپی,,نامشخص,kanoon
1402,تجربی,8969,2070,منطقه 3,داروسازی,,نامشخص,kanoon
1402,تجربی,8969,2070,منطقه 3,دندانپزشکی,,نامشخص,kanoon
1402,تجربی,4477,2073,منطقه 2,پزشکی,,نامشخص,kanoon
1402,تجربی,4477,2073,منطقه 2,پزشکی,,نامشخص,kanoon
1402,تجربی,4477,2073,منطقه 2,پزشکی,دانشگاه علوم پزشکی اردبیل,روزانه,sajad
1402,تجربی,8980,2073,منطقه 3,پزشکی,,نامشخص,kanoon
1402,تجربی,4485,2077,منطقه 2,پزشکی,,نامشخص,kanoon
1402,تجربی,4485,2077,منطقه 2,دندانپزشکی,,نامشخص,kanoon
1402,تجربی,8994,2077,منطقه 3,پزشکی,,نامشخص,kanoon
1402,تجربی,9010,2080,منطقه 3,پزشکی,,نامشخص,kanoon
1402,تجربی,4502,2090,منطقه 2,دندانپزشکی,,نامشخص,kanoon
1402,تجربی,4525,2099,منطقه 2,دندانپزشکی,,نامشخص,kanoon
1402,تجربی,9000,2100,منطقه 3,پزشکی,دانشگاه علوم پزشکی شاهرود,روزانه,sajad
1402,تجربی,9068,2101,منطقه 2,پزشکی,,نامشخص,kanoon
1402,تجربی,9068,2101,منطقه 3,پزشکی,,نامشخص,kanoon
1402,تجربی,4533,2103,منطقه 2,دندانپزشکی,,نامشخص,kanoon
1402,تجربی,9079,2105,منطقه 3,داروسازی,,نامشخص,kanoon
1402,تجربی,9079,2105,منطقه 3,دندانپزشکی,,نامشخص,kanoon
1402,تجربی,9096,2109,منطقه 3,دندانپزشکی,,نامشخص,kanoon
1402,تجربی,22966,2112,سهمیه 5٪,پزشکی,دانشگاه آزاد اسلامی واحد شاهرود,آزاد,sajad
1402,تجربی,9150,2121,منطقه 3,پزشکی,,نامشخص,kanoon
1402,تجربی,4572,2123,منطقه 2,دندانپزشکی,,نامشخص,kanoon
1402,تجربی,9163,2125,منطقه 3,پزشکی,,نامشخص,kanoon
1402,تجربی,4592,2130,منطقه 2,پزشکی,,نامشخص,kanoon
1402,تجربی,9178,2130,منطقه 3,پزشکی,,نامشخص,kanoon
1402,تجربی,6477,2133,منطقه 1,پزشکی,,نامشخص,kanoon
1402,تجربی,6477,2133,منطقه 1,پزشکی,دانشگاه آزاد اسلامی واحد ساری,آزاد,sajad
1402,تجربی,9193,2134,منطقه 3,دندانپزشکی,,نامشخص,kanoon
1402,تجربی,4598,2135,منطقه 2,پزشکی,,نامشخص,kanoon
1402,تجربی,4598,2135,منطقه 2,دندانپزشکی,,نامشخص,kanoon
1402,تجربی,4614,2140,منطقه 2,پزشکی,,نامشخص,kanoon
1402,تجربی,9224,2143,منطقه 3,پزشکی,,نامشخص,kanoon
1402,تجربی,4621,2146,منطقه 2,پزشکی,,نامشخص,kanoon
1402,تجربی,4621,2146,منطقه 2,پزشکی,,نامشخص,kanoon
1402,تجربی,4621,2146,منطقه 2,فیزیوتراپی,,نامشخص,kanoon
1402,تجربی,4640,2152,منطقه 2,پزشکی,,نامشخص,kanoon
1402,تجربی,6573,2153,منطقه 1,پزشکی,,نامشخص,kanoon
1402,تجربی,9256,2156,منطقه 3,پزشکی,,نامشخص,kanoon
1402,تجربی,4653,2159,منطقه 2,پزشکی,,نامشخص,kanoon
1402,تجربی,6617,2165,منطقه 1,داروسازی,,نامشخص,kanoon
1402,تجربی,9293,2167,منطقه 3,پزشکی,,نامشخص,kanoon
1402,تجربی,9307,2171,منطقه 3,پزشکی,,نامشخص,kanoon
1402,تجربی,4700,2178,منطقه 2,پزشکی,,نامشخص,kanoon
1402,تجربی,6679,2180,منطقه 1,پزشکی,,نامشخص,kanoon
1402,تجربی,4709,2182,منطقه 2,پزشکی,,نامشخص,kanoon
1402,تجربی,4709,2182,منطقه 2,داروسازی,,نامشخص,kanoon
1402,تجربی,9335,2182,منطقه 3,پزشکی,,نامشخص,kanoon
1402,تجربی,24000,2184,سهمیه 5٪,پزشکی,دانشگاه آزاد اسلامی واحد قشم,آزاد خودگردان,sajad
1402,تجربی,9360,2190,منطقه 3,فیزیوتراپی,,نامشخص,kanoon
1402,تجربی,6751,2199,منطقه 1,داروسازی,,نامشخص,kanoon
1402,تجربی,4700,2200,منطقه 2,پزشکی,دانشگاه علوم پزشکی کرمان,روزانه,sajad
1402,تجربی,4756,2200,منطقه 2,پزشکی,,نامشخص,kanoon
1402,تجربی,4756,2200,منطقه 2,پزشکی,,نامشخص,kanoon
1402,تجربی,9387,2200,منطقه 3,پزشکی,,نامشخص,kanoon
1402,تجربی,6762,2204,منطقه 1,داروسازی,,نامشخص,kanoon
1402,تجربی,4780,2208,منطقه 2,پزشکی,,نامشخص,kanoon
1402,تجربی,4788,2211,منطقه 2,پزشکی,,نامشخص,kanoon
1402,تجربی,4788,2211,منطقه 2,پزشکی,,نامشخص,kanoon
1402,تجربی,4788,2211,منطقه 2,پزشکی,,نامشخص,kanoon
1402,تجربی,9436,2217,منطقه 3,دندانپزشکی,,نامشخص,kanoon
1402,تجربی,4803,2220,منطقه 2,داروسازی,,نامشخص,kanoon
1402,تجربی,9461,2223,منطقه 3,داروسازی,,نامشخص,kanoon
1402,تجربی,24200,2226,سهمیه 5٪,بینایی‌سنجی,دانشگاه علوم پزشکی مازندران - ساری,روزانه,sajad
1402,تجربی,4828,2230,منطقه 2,پزشکی,,نامشخص,kanoon
1402,تجربی,4836,2233,منطقه 2,پزشکی,,نامشخص,kanoon
1402,تجربی,9504,2233,منطقه 3,پزشکی,,نامشخص,kanoon
1402,تجربی,6869,2235,منطقه 1,پزشکی,,نامشخص,kanoon
1402,تجربی,9515,2236,منطقه 3,پزشکی,,نامشخص,kanoon
1402,تجربی,4861,2240,منطقه 2,پزشکی,,نامشخص,kanoon
1402,تجربی,4881,2246,منطقه 2,پزشکی,,نامشخص,kanoon
1402,تجربی,9552,2246,منطقه 3,پزشکی,,نامشخص,kanoon
1402,تجربی,9552,2246,منطقه 3,فیزیوتراپی,,نامشخص,kanoon
1402,تجربی,4889,2250,منطقه 2,پزشکی,,نامشخص,kanoon
1402,تجربی,4895,2253,منطقه 2,پزشکی,,نامشخص,kanoon
1402,تجربی,4895,2253,منطقه 2,پزشکی,,نامشخص,kanoon
1402,تجربی,9603,2256,منطقه 3,پزشکی,,نامشخص,kanoon
1402,تجربی,4906,2259,منطقه 2,پزشکی,,نامشخص,kanoon
1402,تجربی,4906,2259,منطقه 2,پزشکی,,نامشخص,kanoon
1402,تجربی,6954,2260,منطقه 1,دندانپزشکی,,نامشخص,kanoon
1402,تجربی,4918,2264,منطقه 2,پزشکی,,نامشخص,kanoon
1402,تجربی,6978,2269,منطقه 1,پزشکی,,نامشخص,kanoon
1402,تجربی,9649,2269,منطقه 3,پزشکی,,نامشخص,kanoon
1402,تجربی,4941,2271,منطقه 2,پزشکی,,نامشخص,kanoon
1402,تجربی,9432,2273,منطقه 2,پزشکی,,نامشخص,kanoon
1402,تجربی,4965,2280,منطقه 2,پزشکی,,نامشخص,kanoon
1402,تجربی,9710,2284,منطقه 3,فیزیوتراپی,,نامشخص,kanoon
1402,تجربی,9757,2295,منطقه 3,پزشکی,,نامشخص,kanoon
1402,تجربی,9757,2295,منطقه 3,پزشکی,دانشگاه آزاد اسلامی واحد پزشکی تهران,آزاد,sajad
1402,تجربی,4998,2298,منطقه 2,پزشکی,,نامشخص,kanoon
1402,تجربی,9768,2299,منطقه 3,پزشکی,,نامشخص,kanoon
1402,تجربی,7000,2300,منطقه 1,داروسازی,دانشگاه علوم پزشکی مازندران - پردیس رامسر,پردیس,sajad
1402,تجربی,9700,2300,منطقه 3,پزشکی,دانشگاه آزاد اسلامی واحد پزشکی تهران,آزاد,sajad
1402,تجربی,24900,2300,سهمیه 5٪,پروتز دندان,دانشگاه علوم پزشکی شهید صدوقی یزد,روزانه,sajad
1402,تجربی,5007,2303,منطقه 2,داروسازی,,نامشخص,kanoon
1402,تجربی,5007,2303,منطقه 2,دندانپزشکی,,نامشخص,kanoon
1402,تجربی,5016,2309,منطقه 2,پزشکی,,نامشخص,kanoon
1402,تجربی,9814,2310,منطقه 3,پزشکی,,نامشخص,kanoon
1402,تجربی,5028,2313,منطقه 2,پزشکی,,نامشخص,kanoon
1402,تجربی,5041,2317,منطقه 2,پزشکی,,نامشخص,kanoon
1402,تجربی,9851,2322,منطقه 3,پزشکی,,نامشخص,kanoon
1402,تجربی,5070,2327,منطقه 2,پزشکی,,نامشخص,kanoon
1402,تجربی,9880,2332,منطقه 3,داروسازی,,نامشخص,kanoon
1402,تجربی,5092,2338,منطقه 2,پزشکی,,نامشخص,kanoon
1402,تجربی,5092,2338,منطقه 2,پزشکی,,نامشخص,kanoon
1402,تجربی,9894,2338,منطقه 3,پزشکی,,نامشخص,kanoon
1402,تجربی,9894,2338,منطقه 3,پزشکی,,نامشخص,kanoon
1402,تجربی,9894,2338,منطقه 3,پزشکی,,نامشخص,kanoon
1402,تجربی,5096,2341,منطقه 2,پزشکی,,نامشخص,kanoon
1402,تجربی,5102,2345,منطقه 2,پزشکی,,نامشخص,kanoon
1402,تجربی,5102,2345,منطقه 2,پزشکی,,نامشخص,kanoon
1402,تجربی,5102,2345,منطقه 2,پزشکی,,نامشخص,kanoon
1402,تجربی,5102,2345,منطقه 2,داروسازی,,نامشخص,kanoon
1402,تجربی,7269,2352,منطقه 1,دندانپزشکی,,نامشخص,kanoon
1402,تجربی,9962,2353,منطقه 3,پزشکی,,نامشخص,kanoon
1402,تجربی,25000,2357,سهمیه 5٪,پزشکی,دانشگاه علوم پزشکی دزفول,تعهدی,sajad
1402,تجربی,5127,2358,منطقه 2,پزشکی,,نامشخص,kanoon
1402,تجربی,5127,2358,منطقه 2,پزشکی,,نامشخص,kanoon
1402,تجربی,9977,2358,منطقه 3,پزشکی,,نامشخص,kanoon
1402,تجربی,7290,2362,منطقه 1,پزشکی,,نامشخص,kanoon
1402,تجربی,5148,2368,منطقه 2,پزشکی,,نامشخص,kanoon
1402,تجربی,5148,2368,منطقه 2,پزشکی,,نامشخص,kanoon
1402,تجربی,7322,2371,منطقه 1,فیزیوتراپی,,نامشخص,kanoon
1402,تجربی,5160,2373,منطقه 2,پزشکی,,نامشخص,kanoon
1402,تجربی,5171,2379,منطقه 2,پزشکی,,نامشخص,kanoon
1402,تجربی,5178,2383,منطقه 2,پزشکی,,نامشخص,kanoon
1402,تجربی,7370,2383,منطقه 1,پزشکی,,نامشخص,kanoon
1402,تجربی,10083,2385,منطقه 3,کاردرمانی,,نامشخص,kanoon
1402,تجربی,5186,2387,منطقه 2,پزشکی,,نامشخص,kanoon
1402,تجربی,5186,2387,منطقه 2,داروسازی,,نامشخص,kanoon
1402,تجربی,10094,2388,منطقه 3,پزشکی,,نامشخص,kanoon
1402,تجربی,10107,2394,منطقه 3,پزشکی,,نامشخص,kanoon
1402,تجربی,5200,2400,منطقه 2,داروسازی,دانشگاه علوم پزشکی گیلان - رشت,روزانه,sajad
1402,تجربی,173000,2400,سهمیه 25٪,گفتار درمانی,دانشگاه علوم پزشکی اراک,روزانه,sajad
1402,تجربی,5217,2401,منطقه 2,پزشکی,,نامشخص,kanoon
1402,تجربی,7455,2407,منطقه 1,پزشکی,,نامشخص,kanoon
1402,تجربی,10169,2415,منطقه 3,پزشکی,,نامشخص,kanoon
1402,تجربی,5269,2420,منطقه 2,داروسازی,,نامشخص,kanoon
1402,تجربی,5281,2426,منطقه 2,پزشکی,,نامشخص,kanoon
1402,تجربی,7509,2426,منطقه 1,دندانپزشکی,,نامشخص,kanoon
1402,تجربی,10220,2427,منطقه 3,پزشکی,,نامشخص,kanoon
1402,تجربی,5296,2432,منطقه 2,پزشکی,,نامشخص,kanoon
1402,تجربی,10235,2433,منطقه 3,پزشکی,,نامشخص,kanoon
1402,تجربی,7539,2436,منطقه 1,فیزیوتراپی,,نامشخص,kanoon
1402,تجربی,10250,2439,منطقه 3,پزشکی,,نامشخص,kanoon
1402,تجربی,5326,2446,منطقه 2,پزشکی,,نامشخص,kanoon
1402,تجربی,5326,2446,منطقه 2,پزشکی,,نامشخص,kanoon
1402,تجربی,10276,2447,منطقه 3,دندانپزشکی,,نامشخص,kanoon
1402,تجربی,5333,2450,منطقه 2,دندانپزشکی,,نامشخص,kanoon
1402,تجربی,10316,2458,منطقه 3,داروسازی,,نامشخص,kanoon
1402,تجربی,7629,2459,منطقه 1,روانشناسی,,نامشخص,kanoon
1402,تجربی,5369,2463,منطقه 2,دندانپزشکی,,نامشخص,kanoon
1402,تجربی,5389,2471,منطقه 2,پزشکی,,نامشخص,kanoon
1402,تجربی,5389,2471,منطقه 2,دندانپزشکی,,نامشخص,kanoon
1402,تجربی,7685,2472,منطقه 1,پزشکی,,نامشخص,kanoon
1402,تجربی,5397,2474,منطقه 2,پزشکی,,نامشخص,kanoon
1402,تجربی,10388,2474,منطقه 3,پزشکی,,نامشخص,kanoon
1402,تجربی,5405,2478,منطقه 2,پزشکی,,نامشخص,kanoon
1402,تجربی,5405,2478,منطقه 2,داروسازی,,نامشخص,kanoon
1402,تجربی,7728,2484,منطقه 1,پزشکی,,نامشخص,kanoon
1402,تجربی,10420,2485,منطقه 3,بینایی سنجی,,نامشخص,kanoon
1402,تجربی,5434,2492,منطقه 2,پزشکی,,نامشخص,kanoon
1402,تجربی,5434,2492,منطقه 2,پزشکی,,نامشخص,kanoon
1402,تجربی,7759,2492,منطقه 1,پزشکی,,نامشخص,kanoon
1402,تجربی,5448,2499,منطقه 2,پزشکی,,نامشخص,kanoon
1402,تجربی,5448,2499,منطقه 2,پزشکی,,نامشخص,kanoon
1402,تجربی,5448,2499,منطقه 2,پزشکی,,نامشخص,kanoon
1402,تجربی,5600,2500,منطقه 2,داروسازی,دانشگاه علوم پزشکی تهران,پردیس,sajad
1402,تجربی,5483,2512,منطقه 2,دندانپزشکی,,نامشخص,kanoon
1402,تجربی,5509,2518,منطقه 2,پزشکی,,نامشخص,kanoon
1402,تجربی,5537,2533,منطقه 2,پزشکی,,نامشخص,kanoon
1402,تجربی,5537,2533,منطقه 2,دندانپزشکی,,نامشخص,kanoon
1402,تجربی,10619,2535,منطقه 3,پزشکی,,نامشخص,kanoon
1402,تجربی,10619,2535,منطقه 3,پزشکی,,نامشخص,kanoon
1402,تجربی,10619,2535,منطقه 3,دندانپزشکی,,نامشخص,kanoon
1402,تجربی,10635,2542,منطقه 3,پزشکی,,نامشخص,kanoon
1402,تجربی,5554,2543,منطقه 2,دندانپزشکی,,نامشخص,kanoon
1402,تجربی,5569,2548,منطقه 2,پزشکی,,نامشخص,kanoon
1402,تجربی,5581,2552,منطقه 2,پزشکی,,نامشخص,kanoon
1402,تجربی,5581,2552,منطقه 2,پزشکی,,نامشخص,kanoon
1402,تجربی,5595,2558,منطقه 2,داروسازی,,نامشخص,kanoon
1402,تجربی,5605,2563,منطقه 2,پزشکی,,نامشخص,kanoon
1402,تجربی,5622,2568,منطقه 2,پزشکی,,نامشخص,kanoon
1402,تجربی,5622,2568,منطقه 2,دندانپزشکی,,نامشخص,kanoon
1402,تجربی,10751,2569,منطقه 3,پزشکی,,نامشخص,kanoon
1402,تجربی,5634,2573,منطقه 2,پزشکی,,نامشخص,kanoon
1402,تجربی,5644,2576,منطقه 2,پزشکی,,نامشخص,kanoon
1402,تجربی,5656,2581,منطقه 2,پزشکی,,نامشخص,kanoon
1402,تجربی,5656,2581,منطقه 2,پزشکی,,نامشخص,kanoon
1402,تجربی,5656,2581,منطقه 2,پزشکی,,نامشخص,kanoon
1402,تجربی,5656,2581,منطقه 2,پزشکی,,نامشخص,kanoon
1402,تجربی,5656,2581,منطقه 2,پزشکی,,نامشخص,kanoon
1402,تجربی,8067,2588,منطقه 1,پزشکی,,نامشخص,kanoon
1402,تجربی,8067,2588,منطقه 1,پزشکی,,نامشخص,kanoon
1402,تجربی,5683,2593,منطقه 2,پزشکی,,نامشخص,kanoon
1402,تجربی,5683,2593,منطقه 2,پزشکی,,نامشخص,kanoon
1402,تجربی,10805,2593,منطقه 3,داروسازی,,نامشخص,kanoon
1402,تجربی,10831,2603,منطقه 3,دندانپزشکی,,نامشخص,kanoon
1402,تجربی,5713,2605,منطقه 2,پزشکی,,نامشخص,kanoon
1402,تجربی,5713,2605,منطقه 2,دندانپزشکی,,نامشخص,kanoon
1402,تجربی,5723,2613,منطقه 2,پزشکی,,نامشخص,kanoon
1402,تجربی,5734,2618,منطقه 2,پزشکی,,نامشخص,kanoon
1402,تجربی,5742,2623,منطقه 2,پزشکی,,نامشخص,kanoon
1402,تجربی,10906,2626,منطقه 3,پزشکی,,نامشخص,kanoon
1402,تجربی,5750,2627,منطقه 2,پزشکی,,نامشخص,kanoon
1402,تجربی,5765,2634,منطقه 2,پزشکی,,نامشخص,kanoon
1402,تجربی,10963,2639,منطقه 3,پزشکی,,نامشخص,kanoon
1402,تجربی,5790,2643,منطقه 2,پزشکی,,نامشخص,kanoon
1402,تجربی,5800,2645,منطقه 2,پزشکی,,نامشخص,kanoon
1402,تجربی,10988,2647,منطقه 3,پزشکی,,نامشخص,kanoon
1402,تجربی,10999,2650,منطقه 3,داروسازی,,نامشخص,kanoon
1402,تجربی,11008,2653,منطقه 3,پزشکی,,نامشخص,kanoon
1402,تجربی,11010,2653,منطقه 3,داروسازی,,نامشخص,kanoon
1402,تجربی,5819,2654,منطقه 2,پزشکی,,نامشخص,kanoon
1402,تجربی,8281,2659,منطقه 1,پزشکی,,نامشخص,kanoon
1402,تجربی,11039,2660,منطقه 3,پزشکی,,نامشخص,kanoon
1402,تجربی,5849,2664,منطقه 2,پزشکی,,نامشخص,kanoon
1402,تجربی,5865,2670,منطقه 2,پزشکی,,نامشخص,kanoon
1402,تجربی,5883,2680,منطقه 2,پزشکی,,نامشخص,kanoon
1402,تجربی,5894,2685,منطقه 2,داروسازی,,نامشخص,kanoon
1402,تجربی,11133,2689,منطقه 3,پزشکی,,نامشخص,kanoon
1402,تجربی,5904,2691,منطقه 2,پزشکی,,نامشخص,kanoon
1402,تجربی,11148,2695,منطقه 3,پزشکی,,نامشخص,kanoon
1402,تجربی,11148,2695,منطقه 3,دندانپزشکی,,نامشخص,kanoon
1402,تجربی,5924,2699,منطقه 2,پزشکی,,نامشخص,kanoon
1402,تجربی,11200,2700,منطقه 3,پزشکی,دانشگاه آزاد اسلامی واحد پزشکی تهران,آزاد خودگردان,sajad
1402,تجربی,11177,2703,منطقه 3,پزشکی,,نامشخص,kanoon
1402,تجربی,5948,2710,منطقه 2,پزشکی,,نامشخص,kanoon
1402,تجربی,11227,2721,منطقه 3,پزشکی,,نامشخص,kanoon
1402,تجربی,8519,2723,منطقه 1,پزشکی,,نامشخص,kanoon
1402,تجربی,6009,2732,منطقه 2,پزشکی,,نامشخص,kanoon
1402,تجربی,6017,2736,منطقه 2,پزشکی,,نامشخص,kanoon
1402,تجربی,11310,2738,منطقه 3,پزشکی,,نامشخص,kanoon
1402,تجربی,6025,2741,منطقه 2,پزشکی,,نامشخص,kanoon
1402,تجربی,6025,2741,منطقه 2,دندانپزشکی,,نامشخص,kanoon
1402,تجربی,11327,2743,منطقه 3,پزشکی,,نامشخص,kanoon
1402,تجربی,11361,2751,منطقه 3,پزشکی,,نامشخص,kanoon
1402,تجربی,6056,2755,منطقه 2,پزشکی,,نامشخص,kanoon
1402,تجربی,6056,2755,منطقه 2,پزشکی,,نامشخص,kanoon
1402,تجربی,6056,2755,منطقه 2,پزشکی,,نامشخص,kanoon
1402,تجربی,6066,2760,منطقه 2,پزشکی,,نامشخص,kanoon
1402,تجربی,6076,2766,منطقه 2,پزشکی,,نامشخص,kanoon
1402,تجربی,11418,2769,منطقه 3,داروسازی,,نامشخص,kanoon
1402,تجربی,6086,2771,منطقه 2,پزشکی,,نامشخص,kanoon
1402,تجربی,6127,2782,منطقه 2,پزشکی,,نامشخص,kanoon
1402,تجربی,6127,2782,منطقه 2,پزشکی,,نامشخص,kanoon
1402,تجربی,11474,2782,منطقه 3,پزشکی,,نامشخص,kanoon
1402,تجربی,11474,2782,منطقه 3,داروسازی,,نامشخص,kanoon
1402,تجربی,11491,2785,منطقه 3,پزشکی,,نامشخص,kanoon
1402,تجربی,6138,2787,منطقه 2,پزشکی,,نامشخص,kanoon
1402,تجربی,11507,2789,منطقه 3,پزشکی,,نامشخص,kanoon
1402,تجربی,6152,2795,منطقه 2,پزشکی,,نامشخص,kanoon
1402,تجربی,8786,2797,منطقه 1,پزشکی,,نامشخص,kanoon
1402,تجربی,8786,2797,منطقه 1,پزشکی,,نامشخص,kanoon
1402,تجربی,6162,2800,منطقه 2,پزشکی,,نامشخص,kanoon
1402,تجربی,6162,2800,منطقه 2,داروسازی,,نامشخص,kanoon
1402,تجربی,9000,2800,منطقه 1,پزشکی,دانشگاه آزاد اسلامی واحد زاهدان,آزاد,sajad
1402,تجربی,6173,2806,منطقه 2,پزشکی,,نامشخص,kanoon
1402,تجربی,11586,2807,منطقه 3,پزشکی,,نامشخص,kanoon
1402,تجربی,6180,2811,منطقه 2,پزشکی,,نامشخص,kanoon
1402,تجربی,11610,2812,منطقه 3,پزشکی,,نامشخص,kanoon
1402,تجربی,6188,2815,منطقه 2,پزشکی,,نامشخص,kanoon
1402,تجربی,6188,2815,منطقه 2,پزشکی,,نامشخص,kanoon
1402,تجربی,6201,2821,منطقه 2,پزشکی,,نامشخص,kanoon
1402,تجربی,6201,2821,منطقه 2,دندانپزشکی,,نامشخص,kanoon
1402,تجربی,6221,2821,منطقه 1,دندانپزشکی,دانشگاه علوم پزشکی هرمزگان - بندرعباس,تعهدی,sajad
1402,تجربی,11655,2823,منطقه 3,پزشکی,,نامشخص,kanoon
1402,تجربی,11670,2827,منطقه 3,پزشکی,,نامشخص,kanoon
1402,تجربی,6214,2828,منطقه 2,پزشکی,,نامشخص,kanoon
1402,تجربی,11685,2831,منطقه 3,پزشکی,,نامشخص,kanoon
1402,تجربی,11685,2831,منطقه 3,پزشکی,,نامشخص,kanoon
1402,تجربی,6223,2833,منطقه 2,پزشکی,,نامشخص,kanoon
1402,تجربی,6223,2833,منطقه 2,داروسازی,,نامشخص,kanoon
1402,تجربی,11700,2836,منطقه 3,پزشکی,,نامشخص,kanoon
1402,تجربی,11700,2836,منطقه 3,پزشکی,,نامشخص,kanoon
1402,تجربی,6234,2838,منطقه 2,داروسازی,,نامشخص,kanoon
1402,تجربی,6234,2838,منطقه 2,داروسازی,,نامشخص,kanoon
1402,تجربی,8994,2848,منطقه 1,پزشکی,دانشگاه آزاد اسلامی واحد زاهدان,آزاد,sajad
1402,تجربی,6258,2849,منطقه 2,داروسازی,,نامشخص,kanoon
1402,تجربی,11743,2849,منطقه 3,پزشکی,,نامشخص,kanoon
1402,تجربی,6267,2854,منطقه 2,پزشکی,,نامشخص,kanoon
1402,تجربی,9010,2854,منطقه 1,تکنولوژی اتاق عمل,,نامشخص,kanoon
1402,تجربی,9010,2854,منطقه 1,فیزیوتراپی,,نامشخص,kanoon
1402,تجربی,11775,2857,منطقه 3,پزشکی,,نامشخص,kanoon
1402,تجربی,6297,2864,منطقه 2,پزشکی,,نامشخص,kanoon
1402,تجربی,11798,2867,منطقه 3,پزشکی,,نامشخص,kanoon
1402,تجربی,6304,2868,منطقه 2,پزشکی,,نامشخص,kanoon
1402,تجربی,11818,2871,منطقه 3,پزشکی,,نامشخص,kanoon
1402,تجربی,11845,2877,منطقه 3,فیزیوتراپی,,نامشخص,kanoon
1402,تجربی,11866,2885,منطقه 3,داروسازی,,نامشخص,kanoon
1402,تجربی,11866,2885,منطقه 3,داروسازی,,نامشخص,kanoon
1402,تجربی,6346,2886,منطقه 2,پزشکی,,نامشخص,kanoon
1402,تجربی,11880,2890,منطقه 3,علوم آزمایشگاهی,,نامشخص,kanoon
1402,تجربی,9193,2898,منطقه 1,پزشکی,,نامشخص,kanoon
1402,تجربی,6377,2901,منطقه 2,پزشکی,,نامشخص,kanoon
1402,تجربی,11921,2904,منطقه 3,پزشکی,,نامشخص,kanoon
1402,تجربی,11959,2913,منطقه 3,شنوایی شناسی,,نامشخص,kanoon
1402,تجربی,11994,2923,منطقه 3,پزشکی,,نامشخص,kanoon
1402,تجربی,11994,2923,منطقه 3,پزشکی,,نامشخص,kanoon
1402,تجربی,6456,2934,منطقه 2,پزشکی,,نامشخص,kanoon
1402,تجربی,12049,2937,منطقه 3,فیزیوتراپی,,نامشخص,kanoon
1402,تجربی,6465,2938,منطقه 2,پزشکی,,نامشخص,kanoon
1402,تجربی,6465,2938,منطقه 2,پزشکی,,نامشخص,kanoon
1402,تجربی,9360,2942,منطقه 1,دامپزشکی,,نامشخص,kanoon
1402,تجربی,9360,2942,منطقه 1,فیزیوتراپی,,نامشخص,kanoon
1402,تجربی,12067,2942,منطقه 3,پزشکی,,نامشخص,kanoon
1402,تجربی,12095,2953,منطقه 3,پزشکی,,نامشخص,kanoon
1402,تجربی,6497,2955,منطقه 2,پزشکی,,نامشخص,kanoon
1402,تجربی,12126,2961,منطقه 3,پزشکی,,نامشخص,kanoon
1402,تجربی,6518,2965,منطقه 2,پزشکی,,نامشخص,kanoon
1402,تجربی,12145,2965,منطقه 3,پزشکی,,نامشخص,kanoon
1402,تجربی,12167,2970,منطقه 3,پزشکی,,نامشخص,kanoon
1402,تجربی,9461,2971,منطقه 1,پزشکی,,نامشخص,kanoon
1402,تجربی,6544,2981,منطقه 2,داروسازی,,نامشخص,kanoon
1402,تجربی,6544,2981,منطقه 2,دندانپزشکی,,نامشخص,kanoon
1402,تجربی,12243,2992,منطقه 3,پزشکی,,نامشخص,kanoon
1402,تجربی,6583,2998,منطقه 2,پزشکی,,نامشخص,kanoon
1402,تجربی,6700,3000,منطقه 2,پزشکی,دانشگاه آزاد اسلامی واحد پزشکی تهران,آزاد,sajad
1402,تجربی,6081,3004,منطقه 2,پزشکی,,نامشخص,kanoon
1402,تجربی,9579,3005,منطقه 1,پزشکی,,نامشخص,kanoon
1402,تجربی,12304,3005,منطقه 2,پزشکی,,نامشخص,kanoon
1402,تجربی,12304,3005,منطقه 3,پزشکی,,نامشخص,kanoon
1402,تجربی,12304,3005,منطقه 3,داروسازی,,نامشخص,kanoon
1402,تجربی,6605,3008,منطقه 2,دندانپزشکی,,نامشخص,kanoon
1402,تجربی,6626,3016,منطقه 2,پزشکی,,نامشخص,kanoon
1402,تجربی,6626,3016,منطقه 2,داروسازی,,نامشخص,kanoon
1402,تجربی,6662,3029,منطقه 2,پزشکی,,نامشخص,kanoon
1402,تجربی,12390,3029,منطقه 3,پزشکی,,نامشخص,kanoon
1402,تجربی,6668,3033,منطقه 2,پزشکی,,نامشخص,kanoon
1402,تجربی,6669,3033,منطقه 2,پزشکی,,نامشخص,kanoon
1402,تجربی,12433,3042,منطقه 3,داروسازی,,نامشخص,kanoon
1402,تجربی,9696,3045,منطقه 1,پزشکی,,نامشخص,kanoon
1402,تجربی,12474,3049,منطقه 3,پزشکی,,نامشخص,kanoon
1402,تجربی,6729,3063,منطقه 2,پزشکی,,نامشخص,kanoon
1402,تجربی,12526,3067,منطقه 3,پزشکی,,نامشخص,kanoon
1402,تجربی,12526,3067,منطقه 3,پزشکی,,نامشخص,kanoon
1402,تجربی,9768,3073,منطقه 1,پزشکی,,نامشخص,kanoon
1402,تجربی,6751,3075,منطقه 2,پزشکی,,نامشخص,kanoon
1402,تجربی,12563,3079,منطقه 3,داروسازی,,نامشخص,kanoon
1402,تجربی,6806,3093,منطقه 2,داروسازی,,نامشخص,kanoon
1402,تجربی,12641,3101,منطقه 3,فیزیوتراپی,,نامشخص,kanoon
1402,تجربی,12656,3105,منطقه 3,پزشکی,,نامشخص,kanoon
1402,تجربی,6854,3115,منطقه 2,پزشکی,,نامشخص,kanoon
1402,تجربی,12713,3125,منطقه 3,پزشکی,,نامشخص,kanoon
1402,تجربی,6881,3126,منطقه 2,دندانپزشکی,,نامشخص,kanoon
1402,تجربی,6891,3129,منطقه 2,پزشکی,,نامشخص,kanoon
1402,تجربی,6891,3130,منطقه 2,پزشکی,,نامشخص,kanoon
1402,تجربی,6891,3130,منطقه 2,پزشکی,,نامشخص,kanoon
1402,تجربی,12773,3136,منطقه 3,فیزیوتراپی,,نامشخص,kanoon
1402,تجربی,6905,3138,منطقه 2,پزشکی,,نامشخص,kanoon
1402,تجربی,6905,3138,منطقه 2,پزشکی,,نامشخص,kanoon
1402,تجربی,12792,3141,منطقه 3,داروسازی,,نامشخص,kanoon
1402,تجربی,6928,3154,منطقه 2,پزشکی,,نامشخص,kanoon
1402,تجربی,6928,3154,منطقه 2,داروسازی,,نامشخص,kanoon
1402,تجربی,12906,3166,منطقه 1,پزشکی,,نامشخص,kanoon
1402,تجربی,6990,3185,منطقه 2,پزشکی,,نامشخص,kanoon
1402,تجربی,6990,3185,منطقه 2,داروسازی,,نامشخص,kanoon
1402,تجربی,10169,3190,منطقه 1,پزشکی,,نامشخص,kanoon
1402,تجربی,7005,3195,منطقه 2,دندانپزشکی,,نامشخص,kanoon
1402,تجربی,7000,3200,منطقه 2,پزشکی,دانشگاه علوم پزشکی سبزوار,پردیس,sajad
1402,تجربی,7100,3200,منطقه 2,پزشکی,دانشگاه علوم پزشکی آبادان,روزانه,sajad
1402,تجربی,10300,3200,منطقه 1,پزشکی,دانشگاه علوم پزشکی تهران,تعهدی,sajad
1402,تجربی,,3200,منطقه 1,پزشکی,دانشگاه آزاد اسلامی واحد پزشکی تهران,آزاد,sajad
1402,تجربی,,3200,منطقه 3,داروسازی,دانشگاه آزاد اسلامی واحد پزشکی تهران,آزاد خودگردان,sajad
1402,تجربی,7031,3209,منطقه 2,داروسازی,,نامشخص,kanoon
1402,تجربی,13102,3217,منطقه 3,پزشکی,,نامشخص,kanoon
1402,تجربی,7047,3218,منطقه 2,داروسازی,,نامشخص,kanoon
1402,تجربی,13187,3243,منطقه 3,پزشکی,,نامشخص,kanoon
1402,تجربی,10406,3244,منطقه 1,علوم آزمایشگاهی دامپزشکی,,نامشخص,kanoon
1402,تجربی,7107,3246,منطقه 2,پزشکی,,نامشخص,kanoon
1402,تجربی,10429,3249,منطقه 1,پزشکی,,نامشخص,kanoon
1402,تجربی,13208,3252,منطقه 3,پزشکی,,نامشخص,kanoon
1402,تجربی,7130,3253,منطقه 2,داروسازی,,نامشخص,kanoon
1402,تجربی,7143,3257,منطقه 2,پزشکی,,نامشخص,kanoon
1402,تجربی,13228,3258,منطقه 3,آموزش شیمی,,نامشخص,kanoon
1402,تجربی,13228,3258,منطقه 3,پزشکی,,نامشخص,kanoon
1402,تجربی,7161,3261,منطقه 2,پزشکی,,نامشخص,kanoon
1402,تجربی,13247,3264,منطقه 3,پزشکی,,نامشخص,kanoon
1402,تجربی,7168,3265,منطقه 2,پزشکی,,نامشخص,kanoon
1402,تجربی,10489,3267,منطقه 1,پزشکی,,نامشخص,kanoon
1402,تجربی,10489,3267,منطقه 1,علوم آزمایشگاهی,,نامشخص,kanoon
1402,تجربی,13305,3281,منطقه 3,ساخت پروتزهای دندانی,,نامشخص,kanoon
1402,تجربی,7229,3289,منطقه 2,پزشکی,,نامشخص,kanoon
1402,تجربی,7250,3297,منطقه 2,داروسازی,,نامشخص,kanoon
1402,تجربی,10619,3298,منطقه 1,داروسازی,,نامشخص,kanoon
1402,تجربی,13362,3300,منطقه 3,پزشکی,,نامشخص,kanoon
1402,تجربی,,3300,منطقه 3,پزشکی,دانشگاه آزاد اسلامی واحد یزد,آزاد خودگردان,sajad
1402,تجربی,13374,3303,منطقه 3,پزشکی,,نامشخص,kanoon
1402,تجربی,7280,3310,منطقه 2,پزشکی,,نامشخص,kanoon
1402,تجربی,12412,3315,منطقه 3,پزشکی,,نامشخص,kanoon
1402,تجربی,13412,3315,منطقه 3,آموزش ابتدایی,,نامشخص,kanoon
1402,تجربی,13435,3324,منطقه 3,پزشکی,,نامشخص,kanoon
1402,تجربی,7322,3329,منطقه 2,پزشکی,,نامشخص,kanoon
1402,تجربی,7334,3334,منطقه 2,پزشکی,,نامشخص,kanoon
1402,تجربی,7334,3334,منطقه 2,پزشکی,,نامشخص,kanoon
1402,تجربی,13502,3338,منطقه 3,پزشکی,,نامشخص,kanoon
1402,تجربی,7345,3339,منطقه 2,پزشکی,,نامشخص,kanoon
1402,تجربی,7298,3340,منطقه 2,پزشکی,,نامشخص,kanoon
1402,تجربی,10805,3346,منطقه 1,بینایی سنجی,,نامشخص,kanoon
1402,تجربی,7370,3348,منطقه 2,پزشکی,,نامشخص,kanoon
1402,تجربی,7370,3348,منطقه 2,داروسازی,,نامشخص,kanoon
1402,تجربی,7384,3353,منطقه 2,پزشکی,,نامشخص,kanoon
1402,تجربی,13574,3361,منطقه 3,پزشکی,,نامشخص,kanoon
1402,تجربی,13610,3371,منطقه 3,پزشکی,,نامشخص,kanoon
1402,تجربی,7422,3373,منطقه 2,پزشکی,,نامشخص,kanoon
1402,تجربی,7444,3383,منطقه 2,دندانپزشکی,,نامشخص,kanoon
1402,تجربی,13683,3390,منطقه 3,پزشکی,,نامشخص,kanoon
1402,تجربی,7470,3392,منطقه 2,پزشکی,,نامشخص,kanoon
1402,تجربی,7482,3398,منطقه 2,پزشکی,,نامشخص,kanoon
1402,تجربی,7509,3410,منطقه 2,پزشکی,,نامشخص,kanoon
1402,تجربی,13750,3412,منطقه 3,پزشکی,,نامشخص,kanoon
1402,تجربی,13750,3412,منطقه 3,پزشکی,,نامشخص,kanoon
1402,تجربی,7530,3423,منطقه 2,پزشکی,,نامشخص,kanoon
1402,تجربی,7539,3427,منطقه 2,پزشکی,,نامشخص,kanoon
1402,تجربی,13795,3427,منطقه 3,پزشکی,,نامشخص,kanoon
1402,تجربی,13834,3437,منطقه 3,پزشکی,,نامشخص,kanoon
1402,تجربی,7574,3442,منطقه 2,پزشکی,,نامشخص,kanoon
1402,تجربی,7615,3462,منطقه 2,آموزش زیست شناسی,,نامشخص,kanoon
1402,تجربی,13936,3467,منطقه 3,پزشکی,,نامشخص,kanoon
1402,تجربی,10074,3468,منطقه 3,میکروبیولوژی,,نامشخص,kanoon
1402,تجربی,7644,3478,منطقه 2,دندانپزشکی,,نامشخص,kanoon
1402,تجربی,13985,3482,منطقه 3,گفتاردرمانی,,نامشخص,kanoon
1402,تجربی,7656,3485,منطقه 2,پزشکی,,نامشخص,kanoon
1402,تجربی,7700,3500,منطقه 2,پزشکی,دانشگاه آزاد اسلامی واحد ساری,آزاد,sajad
1402,تجربی,,3500,منطقه 1,پزشکی,دانشگاه علوم پزشکی تبریز,تعهدی,sajad
1402,تجربی,7696,3502,منطقه 2,پزشکی,,نامشخص,kanoon
1402,تجربی,7705,3508,منطقه 2,پزشکی,,نامشخص,kanoon
1402,تجربی,7705,3508,منطقه 2,پزشکی,,نامشخص,kanoon
1402,تجربی,14070,3509,منطقه 3,پزشکی,,نامشخص,kanoon
1402,تجربی,14070,3509,منطقه 3,پزشکی,,نامشخص,kanoon
1402,تجربی,11377,3516,منطقه 1,پزشکی,,نامشخص,kanoon
1402,تجربی,7728,3518,منطقه 2,پزشکی,,نامشخص,kanoon
1402,تجربی,7743,3521,منطقه 2,پزشکی,,نامشخص,kanoon
1402,تجربی,14160,3528,منطقه 3,پزشکی,,نامشخص,kanoon
1402,تجربی,14176,3532,منطقه 3,پزشکی,,نامشخص,kanoon
1402,تجربی,7779,3535,منطقه 2,پزشکی,,نامشخص,kanoon
1402,تجربی,14209,3537,منطقه 3,پزشکی,,نامشخص,kanoon
1402,تجربی,7838,3563,منطقه 2,پزشکی,,نامشخص,kanoon
1402,تجربی,7838,3563,منطقه 2,دندانپزشکی,,نامشخص,kanoon
1402,تجربی,11560,3577,منطقه 1,پزشکی,,نامشخص,kanoon
1402,تجربی,7863,3578,منطقه 2,فیزیوتراپی,,نامشخص,kanoon
1402,تجربی,7887,3589,منطقه 2,پزشکی,,نامشخص,kanoon
1402,تجربی,7887,3589,منطقه 2,پزشکی,,نامشخص,kanoon
1402,تجربی,7887,3589,منطقه 2,دندانپزشکی,,نامشخص,kanoon
1402,تجربی,7901,3595,منطقه 2,دندانپزشکی,,نامشخص,kanoon
1402,تجربی,225000,3600,سهمیه 25٪,معلم علوم تجربی,دانشگاه فرهنگیان - اهواز,فرهنگیان,sajad
1402,تجربی,7979,3620,منطقه 2,پزشکی,,نامشخص,kanoon
1402,تجربی,7979,3620,منطقه 2,دندانپزشکی,,نامشخص,kanoon
1402,تجربی,14536,3634,منطقه 3,پزشکی,,نامشخص,kanoon
1402,تجربی,14561,3639,منطقه 3,پزشکی,,نامشخص,kanoon
1402,تجربی,14614,3649,منطقه 3,پزشکی,,نامشخص,kanoon
1402,تجربی,11892,3671,منطقه 1,پزشکی,,نامشخص,kanoon
1402,تجربی,8112,3678,منطقه 2,پزشکی,,نامشخص,kanoon
1402,تجربی,8124,3681,منطقه 2,پزشکی,,نامشخص,kanoon
1402,تجربی,8125,3682,منطقه 2,پزشکی,,نامشخص,kanoon
1402,تجربی,8140,3686,منطقه 2,داروسازی,,نامشخص,kanoon
1402,تجربی,11959,3686,منطقه 1,علوم تغذیه,,نامشخص,kanoon
1402,تجربی,8200,3700,منطقه 2,پزشکی,دانشگاه علوم پزشکی قزوین,تعهدی,sajad
1402,تجربی,8175,3702,منطقه 2,فیزیوتراپی,,نامشخص,kanoon
1402,تجربی,8188,3706,منطقه 2,پزشکی,,نامشخص,kanoon
1402,تجربی,8216,3717,منطقه 2,پزشکی,,نامشخص,kanoon
1402,تجربی,8255,3732,منطقه 2,پزشکی,,نامشخص,kanoon
1402,تجربی,8255,3732,منطقه 2,پزشکی,,نامشخص,kanoon
1402,تجربی,8281,3744,منطقه 2,پزشکی,,نامشخص,kanoon
1402,تجربی,8281,3744,منطقه 2,دندانپزشکی,,نامشخص,kanoon
1402,تجربی,14921,3749,منطقه 3,ساخت پروتزهای دندانی,,نامشخص,kanoon
1402,تجربی,12145,3752,منطقه 1,پزشکی,,نامشخص,kanoon
1402,تجربی,8332,3766,منطقه 2,پزشکی,,نامشخص,kanoon
1402,تجربی,8348,3776,منطقه 2,پزشکی,,نامشخص,kanoon
1402,تجربی,14979,3776,منطقه 3,پزشکی,,نامشخص,kanoon
1402,تجربی,8400,3800,منطقه 2,فیزیوتراپی,دانشگاه علوم پزشکی بابل,روزانه,sajad
1402,تجربی,8450,3817,منطقه 2,پزشکی,,نامشخص,kanoon
1402,تجربی,15131,3823,منطقه 3,پزشکی,,نامشخص,kanoon
1402,تجربی,8475,3831,منطقه 2,پزشکی,,نامشخص,kanoon
1402,تجربی,8475,3831,منطقه 2,داروسازی,,نامشخص,kanoon
1402,تجربی,8475,3831,منطقه 2,دندانپزشکی,,نامشخص,kanoon
1402,تجربی,8490,3838,منطقه 2,فیزیوتراپی,,نامشخص,kanoon
1402,تجربی,15214,3845,منطقه 3,پرستاری,,نامشخص,kanoon
1402,تجربی,8519,3852,منطقه 2,پزشکی,,نامشخص,kanoon
1402,تجربی,8519,3852,منطقه 2,پزشکی,,نامشخص,kanoon
1402,تجربی,15234,3853,منطقه 3,پزشکی,,نامشخص,kanoon
1402,تجربی,8528,3857,منطقه 2,دندانپزشکی,,نامشخص,kanoon
1402,تجربی,15251,3859,منطقه 3,پزشکی,,نامشخص,kanoon
1402,تجربی,15271,3866,منطقه 3,پرستاری,,نامشخص,kanoon
1402,تجربی,15271,3866,منطقه 3,پزشکی,,نامشخص,kanoon
1402,تجربی,8551,3871,منطقه 2,پرستاری,,نامشخص,kanoon
1402,تجربی,15309,3879,منطقه 3,پرستاری,,نامشخص,kanoon
1402,تجربی,8589,3890,منطقه 2,داروسازی,,نامشخص,kanoon
1402,تجربی,12627,3893,منطقه 1,روانشناسی,,نامشخص,kanoon
1402,تجربی,15380,3899,منطقه 3,پرستاری,,نامشخص,kanoon
1402,تجربی,15380,3899,منطقه 3,شنوایی شناسی,,نامشخص,kanoon
1402,تجربی,8613,3901,منطقه 2,پزشکی,,نامشخص,kanoon
1402,تجربی,8647,3914,منطقه 2,بینایی سنجی,,نامشخص,kanoon
1402,تجربی,15434,3916,منطقه 3,پزشکی,,نامشخص,kanoon
1402,تجربی,15434,3916,منطقه 3,پزشکی,,نامشخص,kanoon
1402,تجربی,12773,3929,منطقه 1,پزشکی,,نامشخص,kanoon
1402,تجربی,8730,3952,منطقه 2,پزشکی,,نامشخص,kanoon
1402,تجربی,8745,3959,منطقه 2,پزشکی,,نامشخص,kanoon
1402,تجربی,12863,3959,منطقه 1,پزشکی,,نامشخص,kanoon
1402,تجربی,15550,3960,منطقه 3,پزشکی,,نامشخص,kanoon
1402,تجربی,15567,3966,منطقه 3,پزشکی,,نامشخص,kanoon
1402,تجربی,15567,3966,منطقه 3,کاردرمانی,,نامشخص,kanoon
1402,تجربی,12886,3968,منطقه 1,پرستاری,,نامشخص,kanoon
1402,تجربی,12906,3974,منطقه 1,پزشکی,,نامشخص,kanoon
1402,تجربی,8786,3979,منطقه 2,پزشکی,,نامشخص,kanoon
1402,تجربی,8838,3998,منطقه 2,پزشکی,,نامشخص,kanoon
1402,تجربی,15500,4000,منطقه 3,پرستاری,دانشگاه علوم پزشکی تبریز,روزانه,sajad
1402,تجربی,43000,4000,سهمیه 5٪,علوم آزمایشگاهی,دانشگاه علوم پزشکی تهران,روزانه,sajad
1402,تجربی,,4000,منطقه 2,فیزیوتراپی,دانشگاه علوم پزشکی کرمان,روزانه,sajad
1402,تجربی,13015,4007,منطقه 1,پزشکی,,نامشخص,kanoon
1402,تجربی,15714,4007,منطقه 3,پزشکی,,نامشخص,kanoon
1402,تجربی,15733,4011,منطقه 3,پزشکی,,نامشخص,kanoon
1402,تجربی,8888,4023,منطقه 2,پزشکی,,نامشخص,kanoon
1402,تجربی,8899,4027,منطقه 2,پزشکی,,نامشخص,kanoon
1402,تجربی,15806,4031,منطقه 3,پزشکی,دانشگاه علوم پزشکی فسا,تعهدی,sajad
1402,تجربی,15843,4041,منطقه 3,پزشکی,,نامشخص,kanoon
1402,تجربی,8943,4050,منطقه 2,پزشکی,,نامشخص,kanoon
1402,تجربی,8980,4063,منطقه 2,پزشکی,,نامشخص,kanoon
1402,تجربی,8994,4070,منطقه 2,پزشکی,,نامشخص,kanoon
1402,تجربی,8994,4070,منطقه 2,پزشکی,,نامشخص,kanoon
1402,تجربی,15917,4072,منطقه 3,تکنولوژی اتاق عمل,,نامشخص,kanoon
1402,تجربی,13247,4077,منطقه 1,پزشکی,,نامشخص,kanoon
1402,تجربی,15951,4083,منطقه 3,پزشکی,,نامشخص,kanoon
1402,تجربی,9025,4085,منطقه 2,پزشکی,,نامشخص,kanoon
1402,تجربی,9025,4085,منطقه 2,فیزیوتراپی,,نامشخص,kanoon
1402,تجربی,9039,4092,منطقه 2,پزشکی,,نامشخص,kanoon
1402,تجربی,16005,4096,منطقه 3,پزشکی,,نامشخص,kanoon
1402,تجربی,9068,4104,منطقه 2,تکنولوژی پرتوشناسی,,نامشخص,kanoon
1402,تجربی,16041,4105,منطقه 3,پزشکی,,نامشخص,kanoon
1402,تجربی,9096,4115,منطقه 2,فیزیوتراپی,,نامشخص,kanoon
1402,تجربی,13374,4120,منطقه 1,علوم آزمایشگاهی,,نامشخص,kanoon
1402,تجربی,16143,4131,منطقه 3,پزشکی,,نامشخص,kanoon
1402,تجربی,16143,4131,منطقه 3,تکنولوژی پرتوشناسی,,نامشخص,kanoon
1402,تجربی,16143,4131,منطقه 3,هوشبری,,نامشخص,kanoon
1402,تجربی,9138,4139,منطقه 2,پزشکی,,نامشخص,kanoon
1402,تجربی,13450,4141,منطقه 1,پزشکی,دانشگاه علوم پزشکی گناباد,تعهدی,sajad
1402,تجربی,9224,4175,منطقه 2,پزشکی,,نامشخص,kanoon
1402,تجربی,16293,4178,منطقه 3,آموزش علوم تجربی,,نامشخص,kanoon
1402,تجربی,16293,4178,منطقه 3,شنوایی شناسی,,نامشخص,kanoon
1402,تجربی,9242,4183,منطقه 2,ساخت پروتزهای دندانی,,نامشخص,kanoon
1402,تجربی,16317,4189,منطقه 3,پرستاری,,نامشخص,kanoon
1402,تجربی,13626,4196,منطقه 1,پزشکی,,نامشخص,kanoon
1402,تجربی,16361,4206,منطقه 3,پزشکی,,نامشخص,kanoon
1402,تجربی,16361,4206,منطقه 3,پزشکی,,نامشخص,kanoon
1402,تجربی,13683,4211,منطقه 1,پزشکی,دانشگاه علوم پزشکی فسا,تعهدی,sajad
1402,تجربی,9320,4214,منطقه 2,پزشکی,,نامشخص,kanoon
1402,تجربی,9360,4228,منطقه 2,پزشکی,,نامشخص,kanoon
1402,تجربی,9360,4228,منطقه 2,پزشکی,,نامشخص,kanoon
1402,تجربی,14241,4232,منطقه 2,آموزش علوم تجربی,,نامشخص,kanoon
1402,تجربی,9374,4234,منطقه 2,پزشکی,,نامشخص,kanoon
1402,تجربی,13814,4247,منطقه 1,تکنولوژی اتاق عمل,,نامشخص,kanoon
1402,تجربی,9413,4249,منطقه 2,پزشکی,,نامشخص,kanoon
1402,تجربی,16590,4267,منطقه 3,پرستاری,,نامشخص,kanoon
1402,تجربی,16590,4267,منطقه 3,پرستاری,,نامشخص,kanoon
1402,تجربی,9479,4276,منطقه 2,فیزیوتراپی,,نامشخص,kanoon
1402,تجربی,13985,4289,منطقه 1,گفتاردرمانی,,نامشخص,kanoon
1402,تجربی,16666,4292,منطقه 3,شنوایی شناسی,,نامشخص,kanoon
1402,تجربی,16702,4303,منطقه 3,پرستاری,,نامشخص,kanoon
1402,تجربی,16739,4313,منطقه 3,تکنولوژی اتاق عمل,,نامشخص,kanoon
1402,تجربی,9564,4314,منطقه 2,پزشکی,,نامشخص,kanoon
1402,تجربی,9579,4322,منطقه 2,آموزش علوم تجربی,,نامشخص,kanoon
1402,تجربی,9579,4322,منطقه 2,دندانپزشکی,,نامشخص,kanoon
1402,تجربی,9649,4353,منطقه 2,پزشکی,,نامشخص,kanoon
1402,تجربی,16923,4360,منطقه 3,پرستاری,,نامشخص,kanoon
1402,تجربی,9683,4367,منطقه 2,فیزیوتراپی,,نامشخص,kanoon
1402,تجربی,16970,4375,منطقه 3,آموزش زیست شناسی,,نامشخص,kanoon
1402,تجربی,16970,4375,منطقه 3,پزشکی,,نامشخص,kanoon
1402,تجربی,14295,4381,منطقه 1,پرستاری,,نامشخص,kanoon
1402,تجربی,9726,4383,منطقه 2,پزشکی,,نامشخص,kanoon
1402,تجربی,9726,4383,منطقه 2,فیزیوتراپی,,نامشخص,kanoon
1402,تجربی,9799,4413,منطقه 2,پزشکی,,نامشخص,kanoon
1402,تجربی,17108,4417,منطقه 3,پزشکی,,نامشخص,kanoon
1402,تجربی,7329,4418,منطقه 2,روانشناسی,,نامشخص,kanoon
1402,تجربی,17147,4425,منطقه 3,پزشکی,,نامشخص,kanoon
1402,تجربی,9827,4429,منطقه 2,پزشکی,,نامشخص,kanoon
1402,تجربی,9839,4434,منطقه 2,پزشکی,,نامشخص,kanoon
1402,تجربی,9865,4440,منطقه 2,دندانپزشکی,,نامشخص,kanoon
1402,تجربی,14502,4441,منطقه 1,پزشکی,,نامشخص,kanoon
1402,تجربی,9880,4444,منطقه 2,پزشکی,,نامشخص,kanoon
1402,تجربی,17358,4483,منطقه 3,تکنولوژی پرتوشناسی,,نامشخص,kanoon
1402,تجربی,17358,4483,منطقه 3,کاردانی آموزش و پرورش ابتدایی,,نامشخص,kanoon
1402,تجربی,9995,4492,منطقه 2,پرستاری,,نامشخص,kanoon
1402,تجربی,10012,4499,منطقه 2,پزشکی,,نامشخص,kanoon
1402,تجربی,17500,4500,منطقه 3,پرستاری,دانشگاه علوم پزشکی شیراز,روزانه,sajad
1402,تجربی,17419,4501,منطقه 3,علوم تغذیه,,نامشخص,kanoon
1402,تجربی,10037,4509,منطقه 2,پزشکی,,نامشخص,kanoon
1402,تجربی,17471,4517,منطقه 3,پرستاری,,نامشخص,kanoon
1402,تجربی,17519,4536,منطقه 3,پزشکی,,نامشخص,kanoon
1402,تجربی,10207,4548,منطقه 2,شنوایی شناسی,,نامشخص,kanoon
1402,تجربی,17604,4563,منطقه 3,حسابداری,,نامشخص,kanoon
1402,تجربی,10169,4565,منطقه 2,بینایی سنجی,,نامشخص,kanoon
1402,تجربی,10184,4571,منطقه 2,پزشکی,,نامشخص,kanoon
1402,تجربی,17665,4578,منطقه 3,پرستاری,,نامشخص,kanoon
1402,تجربی,10207,4584,منطقه 2,پرستاری,,نامشخص,kanoon
1402,تجربی,10207,4584,منطقه 2,پزشکی,,نامشخص,kanoon
1402,تجربی,17690,4586,منطقه 3,پرستاری,,نامشخص,kanoon
1402,تجربی,10200,4600,منطقه 2,پزشکی,دانشگاه علوم پزشکی اراک,تعهدی,sajad
1402,تجربی,17823,4625,منطقه 3,آموزش علوم تجربی,,نامشخص,kanoon
1402,تجربی,10316,4633,منطقه 2,پزشکی,,نامشخص,kanoon
1402,تجربی,10329,4641,منطقه 2,پزشکی,,نامشخص,kanoon
1402,تجربی,15327,4653,منطقه 1,پرستاری,,نامشخص,kanoon
1402,تجربی,10371,4666,منطقه 2,پزشکی,,نامشخص,kanoon
1402,تجربی,10406,4682,منطقه 2,دندانپزشکی,,نامشخص,kanoon
1402,تجربی,18048,4684,منطقه 3,شنوایی شناسی,,نامشخص,kanoon
1402,تجربی,18071,4689,منطقه 3,آموزش علوم تجربی,,نامشخص,kanoon
1402,تجربی,10500,4700,منطقه 2,پزشکی,دانشگاه علوم پزشکی بوشهر,تعهدی,sajad
1402,تجربی,18131,4710,منطقه 3,پرستاری,,نامشخص,kanoon
1402,تجربی,18241,4742,منطقه 3,پزشکی,,نامشخص,kanoon
1402,تجربی,18262,4748,منطقه 3,پرستاری,,نامشخص,kanoon
1402,تجربی,18262,4748,منطقه 3,پزشکی,,نامشخص,kanoon
1402,تجربی,15773,4765,منطقه 1,پرستاری,,نامشخص,kanoon
1402,تجربی,18310,4766,منطقه 3,پرستاری,,نامشخص,kanoon
1402,تجربی,18332,4775,منطقه 3,پزشکی,,نامشخص,kanoon
1402,تجربی,10601,4778,منطقه 2,پرستاری,,نامشخص,kanoon
1402,تجربی,10800,4800,منطقه 2,پزشکی,دانشگاه علوم پزشکی البرز - کرج,تعهدی,sajad
1402,تجربی,10682,4811,منطقه 2,پزشکی,,نامشخص,kanoon
1402,تجربی,15951,4811,منطقه 1,آموزش شیمی,,نامشخص,kanoon
1402,تجربی,18467,4815,منطقه 3,پزشکی,,نامشخص,kanoon
1402,تجربی,18467,4815,منطقه 3,پزشکی,,نامشخص,kanoon
1402,تجربی,18526,4830,منطقه 3,پزشکی,,نامشخص,kanoon
1402,تجربی,18553,4840,منطقه 3,پرستاری,,نامشخص,kanoon
1402,تجربی,18604,4857,منطقه 3,تکنولوژی پرتوشناسی,,نامشخص,kanoon
1402,تجربی,10881,4892,منطقه 2,داروسازی,,نامشخص,kanoon
1402,تجربی,10906,4904,منطقه 2,پزشکی,,نامشخص,kanoon
1402,تجربی,10933,4917,منطقه 2,پزشکی,,نامشخص,kanoon
1402,تجربی,10933,4917,منطقه 2,دامپزشکی,,نامشخص,kanoon
1402,تجربی,10948,4923,منطقه 2,پزشکی,,نامشخص,kanoon
1402,تجربی,10948,4923,منطقه 2,ساخت پروتزهای دندانی,,نامشخص,kanoon
1402,تجربی,273000,4935,سهمیه 25٪,پرستاری,دانشگاه آزاد اسلامی واحد آستارا,آزاد خودگردان,sajad
1402,تجربی,11018,4954,منطقه 2,پزشکی,,نامشخص,kanoon
1402,تجربی,18931,4962,منطقه 3,کاردرمانی,,نامشخص,kanoon
1402,تجربی,11047,4967,منطقه 2,پزشکی,,نامشخص,kanoon
1402,تجربی,18954,4968,منطقه 3,پرستاری,,نامشخص,kanoon
1402,تجربی,18954,4968,منطقه 3,زیست فناوری,,نامشخص,kanoon
1402,تجربی,18997,4981,منطقه 3,آموزش علوم تجربی,,نامشخص,kanoon
1402,تجربی,19067,4994,منطقه 3,هوشبری,,نامشخص,kanoon
1402,تجربی,11133,4999,منطقه 2,پزشکی,,نامشخص,kanoon
1402,تجربی,11200,5000,منطقه 2,پزشکی,دانشگاه علوم پزشکی کرمانشاه,تعهدی,sajad
1402,تجربی,11177,5019,منطقه 2,پزشکی,,نامشخص,kanoon
1402,تجربی,19236,5051,منطقه 3,کاردرمانی,,نامشخص,kanoon
1402,تجربی,11268,5054,منطقه 2,پزشکی,,نامشخص,kanoon
1402,تجربی,11327,5084,منطقه 2,پرستاری,,نامشخص,kanoon
1402,تجربی,19387,5094,منطقه 3,آموزش زیست شناسی,,نامشخص,kanoon
1402,تجربی,19387,5094,منطقه 3,دامپزشکی,,نامشخص,kanoon
1402,تجربی,11361,5099,منطقه 2,پزشکی,,نامشخص,kanoon
1402,تجربی,16947,5099,منطقه 1,زیست شناسی سلولی مولکولی,,نامشخص,kanoon
1402,تجربی,16876,5100,منطقه 3,پزشکی,,نامشخص,kanoon
1402,تجربی,19413,5100,منطقه 3,تکنولوژی پرتوشناسی,,نامشخص,kanoon
1402,تجربی,17058,5123,منطقه 1,کاردرمانی,دانشگاه علوم پزشکی شیراز,روزانه,sajad
1402,تجربی,11431,5124,منطقه 2,پزشکی,,نامشخص,kanoon
1402,تجربی,11431,5124,منطقه 2,پزشکی,,نامشخص,kanoon
1402,تجربی,11446,5131,منطقه 2,پزشکی,,نامشخص,kanoon
1402,تجربی,17125,5147,منطقه 1,علوم آزمایشگاهی,,نامشخص,kanoon
1402,تجربی,17147,5155,منطقه 1,پرستاری,,نامشخص,kanoon
1402,تجربی,11507,5160,منطقه 2,پزشکی,,نامشخص,kanoon
1402,تجربی,11531,5170,منطقه 1,پزشکی,,نامشخص,kanoon
1402,تجربی,11531,5170,منطقه 2,پزشکی,,نامشخص,kanoon
1402,تجربی,11531,5170,منطقه 2,پزشکی,,نامشخص,kanoon
1402,تجربی,282447,5179,سهمیه 25٪,پرستاری,دانشگاه آزاد اسلامی واحد بندرگز,آزاد,sajad
1402,تجربی,19697,5180,منطقه 3,دامپزشکی,,نامشخص,kanoon
1402,تجربی,19724,5190,منطقه 3,پرستاری,,نامشخص,kanoon
1402,تجربی,11586,5196,منطقه 2,پزشکی,,نامشخص,kanoon
1402,تجربی,11700,5200,منطقه 2,پزشکی,دانشگاه علوم پزشکی تبریز,تعهدی,sajad
1402,تجربی,11731,5256,منطقه 2,پزشکی,,نامشخص,kanoon
1402,تجربی,19964,5262,منطقه 3,پرستاری,,نامشخص,kanoon
1402,تجربی,19964,5262,منطقه 3,تکنولوژی اتاق عمل,,نامشخص,kanoon
1402,تجربی,11775,5276,منطقه 2,پزشکی,,نامشخص,kanoon
1402,تجربی,11788,5281,منطقه 2,پزشکی,,نامشخص,kanoon
1402,تجربی,11800000,5300,منطقه 2,شنوایی‌شناسی,دانشگاه علوم پزشکی تهران,روزانه,sajad
1402,تجربی,11866,5317,منطقه 2,پزشکی,,نامشخص,kanoon
1402,تجربی,11880,5323,منطقه 2,پزشکی,,نامشخص,kanoon
1402,تجربی,11892,5327,منطقه 2,پزشکی,,نامشخص,kanoon
1402,تجربی,11947,5355,منطقه 2,پزشکی,,نامشخص,kanoon
1402,تجربی,11947,5355,منطقه 3,پزشکی,,نامشخص,kanoon
1402,تجربی,11974,5367,منطقه 2,پزشکی,,نامشخص,kanoon
1402,تجربی,11994,5373,منطقه 2,پزشکی,,نامشخص,kanoon
1402,تجربی,20305,5373,منطقه 3,روانشناسی,,نامشخص,kanoon
1402,تجربی,20399,5398,منطقه 3,آموزش زیست شناسی,,نامشخص,kanoon
1402,تجربی,12080,5406,منطقه 2,پزشکی,,نامشخص,kanoon
1402,تجربی,18131,5424,منطقه 1,آموزش زیست شناسی,,نامشخص,kanoon
1402,تجربی,18154,5432,منطقه 1,دامپزشکی,,نامشخص,kanoon
1402,تجربی,20526,5438,منطقه 3,پزشکی,,نامشخص,kanoon
1402,تجربی,20552,5444,منطقه 3,پرستاری,,نامشخص,kanoon
1402,تجربی,18182,5445,منطقه 1,کاردرمانی,,نامشخص,kanoon
1402,تجربی,20595,5455,منطقه 3,آموزش زیست شناسی,,نامشخص,kanoon
1402,تجربی,20620,5460,منطقه 3,آموزش زیست شناسی,,نامشخص,kanoon
1402,تجربی,12272,5479,منطقه 2,پزشکی,,نامشخص,kanoon
1402,تجربی,12288,5488,منطقه 2,علوم تغذیه,,نامشخص,kanoon
1402,تجربی,20900,5500,منطقه 3,پزشکی,دانشگاه علوم پزشکی آبادان,تعهدی,sajad
1402,تجربی,18399,5511,منطقه 1,پرستاری,,نامشخص,kanoon
1402,تجربی,18399,5511,منطقه 1,دامپزشکی,دانشگاه آزاد اسلامی واحد شهر کرد,آزاد,sajad
1402,تجربی,12343,5517,منطقه 2,پزشکی,,نامشخص,kanoon
1402,تجربی,12343,5517,منطقه 2,پزشکی,,نامشخص,kanoon
1402,تجربی,12375,5531,منطقه 2,پزشکی,,نامشخص,kanoon
1402,تجربی,20941,5561,منطقه 2,پرستاری,,نامشخص,kanoon
1402,تجربی,20963,5567,منطقه 3,پزشکی,,نامشخص,kanoon
1402,تجربی,12508,5593,منطقه 2,پرستاری,,نامشخص,kanoon
1402,تجربی,21063,5594,منطقه 3,پرستاری,,نامشخص,kanoon
1402,تجربی,21212,5629,منطقه 3,علوم تغذیه,,نامشخص,kanoon
1402,تجربی,12611,5630,منطقه 2,پزشکی,,نامشخص,kanoon
1402,تجربی,12656,5651,منطقه 2,پزشکی,,نامشخص,kanoon
1402,تجربی,21299,5658,منطقه 3,گفتاردرمانی,,نامشخص,kanoon
1402,تجربی,12674,5661,منطقه 2,پزشکی,,نامشخص,kanoon
1402,تجربی,12674,5661,منطقه 2,پزشکی,,نامشخص,kanoon
1402,تجربی,21324,5666,منطقه 3,پرستاری,,نامشخص,kanoon
1402,تجربی,12773,5679,منطقه 2,پزشکی,,نامشخص,kanoon
1402,تجربی,12755,5701,منطقه 2,پزشکی,,نامشخص,kanoon
1402,تجربی,12773,5709,منطقه 2,پزشکی,,نامشخص,kanoon
1402,تجربی,12792,5717,منطقه 2,پزشکی,,نامشخص,kanoon
1402,تجربی,21613,5761,منطقه 3,آموزش علوم تجربی,,نامشخص,kanoon
1402,تجربی,21613,5761,منطقه 3,پرستاری,,نامشخص,kanoon
1402,تجربی,12906,5767,منطقه 2,پزشکی,,نامشخص,kanoon
1402,تجربی,12942,5782,منطقه 2,پزشکی,دانشگاه علوم پزشکی مازندران - ساری,تعهدی,sajad
1402,تجربی,21680,5783,منطقه 3,پرستاری,,نامشخص,kanoon
1402,تجربی,13015,5812,منطقه 2,آموزش ابتدایی,,نامشخص,kanoon
1402,تجربی,13015,5812,منطقه 2,پزشکی,,نامشخص,kanoon
1402,تجربی,13051,5825,منطقه 2,پزشکی,,نامشخص,kanoon
1402,تجربی,13051,5825,منطقه 2,پزشکی,,نامشخص,kanoon
1402,تجربی,21851,5832,منطقه 3,آموزش شیمی,,نامشخص,kanoon
1402,تجربی,13083,5840,منطقه 2,شنوایی شناسی,,نامشخص,kanoon
1402,تجربی,13102,5847,منطقه 2,پزشکی,,نامشخص,kanoon
1402,تجربی,13124,5856,منطقه 2,پزشکی,,نامشخص,kanoon
1402,تجربی,13124,5856,منطقه 2,پزشکی,,نامشخص,kanoon
1402,تجربی,21939,5856,منطقه 3,آموزش علوم تجربی,,نامشخص,kanoon
1402,تجربی,13145,5865,منطقه 2,پزشکی,,نامشخص,kanoon
1402,تجربی,19671,5869,منطقه 1,تکنولوژی اتاق عمل,,نامشخص,kanoon
1402,تجربی,13165,5873,منطقه 2,پزشکی,,نامشخص,kanoon
1402,تجربی,13187,5880,منطقه 2,پزشکی,,نامشخص,kanoon
1402,تجربی,22000,5900,منطقه 3,پرستاری,دانشگاه علوم پزشکی شهید بهشتی - تهران,روزانه,sajad
1402,تجربی,19798,5906,منطقه 1,هوشبری,,نامشخص,kanoon
1402,تجربی,13247,5907,منطقه 2,پزشکی,,نامشخص,kanoon
1402,تجربی,13247,5907,منطقه 2,پزشکی,,نامشخص,kanoon
1402,تجربی,13272,5917,منطقه 2,پزشکی,,نامشخص,kanoon
1402,تجربی,13272,5917,منطقه 2,تکنولوژی پرتودرمانی,,نامشخص,kanoon
1402,تجربی,22160,5920,منطقه 3,بهداشت مدارس,,نامشخص,kanoon
1402,تجربی,19879,5925,منطقه 1,پرستاری,,نامشخص,kanoon
1402,تجربی,13323,5933,منطقه 2,آموزش زیست شناسی,,نامشخص,kanoon
1402,تجربی,19938,5935,منطقه 1,تکنولوژی اتاق عمل,,نامشخص,kanoon
1402,تجربی,22233,5944,منطقه 3,تکنولوژی اتاق عمل,,نامشخص,kanoon
1402,تجربی,13390,5957,منطقه 2,پزشکی,,نامشخص,kanoon
1402,تجربی,13450,5982,منطقه 2,پزشکی,,نامشخص,kanoon
1402,تجربی,13467,5992,منطقه 2,پزشکی,,نامشخص,kanoon
1402,تجربی,20526,6083,منطقه 1,تکنولوژی پزشکی هسته ای,,نامشخص,kanoon
1402,تجربی,13782,6123,منطقه 2,پزشکی,,نامشخص,kanoon
1402,تجربی,22829,6137,منطقه 3,پرستاری,,نامشخص,kanoon
1402,تجربی,13858,6155,منطقه 2,پزشکی,,نامشخص,kanoon
1402,تجربی,20796,6159,منطقه 1,پرستاری,,نامشخص,kanoon
1402,تجربی,22938,6177,منطقه 3,آموزش ابتدایی,,نامشخص,kanoon
1402,تجربی,22966,6184,منطقه 3,کاردرمانی,,نامشخص,kanoon
1402,تجربی,13936,6192,منطقه 2,پزشکی,,نامشخص,kanoon
1402,تجربی,23036,6205,منطقه 3,آموزش ابتدایی,,نامشخص,kanoon
1402,تجربی,14004,6221,منطقه 2,پزشکی,دانشگاه علوم پزشکی کرمان,تعهدی,sajad
1402,تجربی,14019,6225,منطقه 2,پزشکی,,نامشخص,kanoon
1402,تجربی,23099,6233,منطقه 3,آموزش کار و فناوری,,نامشخص,kanoon
1402,تجربی,21086,6239,منطقه 1,پرستاری,,نامشخص,kanoon
1402,تجربی,14088,6253,منطقه 2,پزشکی,,نامشخص,kanoon
1402,تجربی,21136,6254,منطقه 1,پرستاری,,نامشخص,kanoon
1402,تجربی,14106,6263,منطقه 2,پزشکی,,نامشخص,kanoon
1402,تجربی,14160,6293,منطقه 2,پزشکی,,نامشخص,kanoon
1402,تجربی,14160,6293,منطقه 2,علوم آزمایشگاهی,,نامشخص,kanoon
1402,تجربی,14192,6309,منطقه 2,پرستاری,,نامشخص,kanoon
1402,تجربی,14209,6318,منطقه 2,پرستاری,,نامشخص,kanoon
1402,تجربی,14241,6332,منطقه 2,دامپزشکی,,نامشخص,kanoon
1402,تجربی,14241,6332,منطقه 2,علوم تغذیه,,نامشخص,kanoon
1402,تجربی,23415,6337,منطقه 3,داروسازی,,نامشخص,kanoon
1402,تجربی,14275,6349,منطقه 2,پزشکی,,نامشخص,kanoon
1402,تجربی,14295,6357,منطقه 2,پزشکی,,نامشخص,kanoon
1402,تجربی,14346,6377,منطقه 2,پزشکی,,نامشخص,kanoon
1402,تجربی,14405,6395,منطقه 2,پزشکی,,نامشخص,kanoon
1402,تجربی,21734,6396,منطقه 1,پرستاری,,نامشخص,kanoon
1402,تجربی,33099,6407,منطقه 3,پرستاری,,نامشخص,kanoon
1402,تجربی,23709,6418,منطقه 3,پزشکی,,نامشخص,kanoon
1402,تجربی,23808,6446,منطقه 3,علوم تغذیه,,نامشخص,kanoon
1402,تجربی,14536,6450,منطقه 2,پزشکی,,نامشخص,kanoon
1402,تجربی,14536,6450,منطقه 2,علوم آزمایشگاهی,,نامشخص,kanoon
1402,تجربی,14583,6469,منطقه 2,پزشکی,,نامشخص,kanoon
1402,تجربی,14600,6477,منطقه 2,شنوایی شناسی,,نامشخص,kanoon
1402,تجربی,22060,6479,منطقه 1,پرستاری,,نامشخص,kanoon
1402,تجربی,14652,6502,منطقه 2,پرستاری,,نامشخص,kanoon
1402,تجربی,14708,6521,منطقه 2,پرستاری,,نامشخص,kanoon
1402,تجربی,24176,6549,منطقه 3,پرستاری,,نامشخص,kanoon
1402,تجربی,14780,6553,منطقه 2,پرستاری,,نامشخص,kanoon
1402,تجربی,14798,6561,منطقه 2,پزشکی,,نامشخص,kanoon
1402,تجربی,14798,6561,منطقه 2,پزشکی,,نامشخص,kanoon
1402,تجربی,14814,6570,منطقه 2,پزشکی,,نامشخص,kanoon
1402,تجربی,24234,6571,منطقه 3,پرستاری,,نامشخص,kanoon
1402,تجربی,14860,6589,منطقه 2,مامایی,,نامشخص,kanoon
1402,تجربی,14881,6601,منطقه 2,دامپزشکی,,نامشخص,kanoon
1402,تجربی,14881,6601,منطقه 2,علوم آزمایشگاهی,,نامشخص,kanoon
1402,تجربی,14902,6612,منطقه 2,پزشکی,,نامشخص,kanoon
1402,تجربی,14960,6632,منطقه 2,پزشکی,,نامشخص,kanoon
1402,تجربی,24495,6649,منطقه 3,آموزش زیست شناسی,,نامشخص,kanoon
1402,تجربی,24495,6649,منطقه 3,گفتاردرمانی,,نامشخص,kanoon
1402,تجربی,24586,6683,منطقه 3,پرستاری,,نامشخص,kanoon
1402,تجربی,15082,6684,منطقه 2,پرستاری,,نامشخص,kanoon
1402,تجربی,68616,6690,سهمیه 5٪,آموزش ابتدایی,دانشگاه فرهنگیان - مشهد,فرهنگیان,sajad
1402,تجربی,15191,6733,منطقه 2,پزشکی,,نامشخص,kanoon
1402,تجربی,15191,6733,منطقه 2,شنوایی شناسی,,نامشخص,kanoon
1402,تجربی,15214,6742,منطقه 2,آموزش کار و فناوری,,نامشخص,kanoon
1402,تجربی,24781,6749,منطقه 3,پزشکی,,نامشخص,kanoon
1402,تجربی,24781,6749,منطقه 3,مامایی,,نامشخص,kanoon
1402,تجربی,15251,6758,منطقه 2,پرستاری,,نامشخص,kanoon
1402,تجربی,23196,6765,منطقه 1,آموزش علوم تجربی,,نامشخص,kanoon
1402,تجربی,15293,6776,منطقه 2,پرستاری,,نامشخص,kanoon
1402,تجربی,24982,6804,منطقه 3,بهداشت عمومی,,نامشخص,kanoon
1402,تجربی,23335,6805,منطقه 1,آموزش شیمی,,نامشخص,kanoon
1402,تجربی,15459,6835,منطقه 2,پرستاری,,نامشخص,kanoon
1402,تجربی,25095,6843,منطقه 3,پرستاری,,نامشخص,kanoon
1402,تجربی,23556,6860,منطقه 1,تکنولوژی پرتوشناسی,,نامشخص,kanoon
1402,تجربی,15534,6868,منطقه 2,کاردرمانی,,نامشخص,kanoon
1402,تجربی,25188,6870,منطقه 3,تکنولوژی اتاق عمل,,نامشخص,kanoon
1402,تجربی,25208,6876,منطقه 3,پرستاری,,نامشخص,kanoon
1402,تجربی,15638,6920,منطقه 2,پرستاری,دانشگاه علوم پزشکی تبریز,روزانه,sajad
1402,تجربی,25411,6947,منطقه 3,تکنولوژی پرتوشناسی,,نامشخص,kanoon
1402,تجربی,25441,6958,منطقه 3,پرستاری,,نامشخص,kanoon
1402,تجربی,25468,6967,منطقه 3,تکنولوژی پرتوشناسی,,نامشخص,kanoon
1402,تجربی,15753,6975,منطقه 2,پرستاری,,نامشخص,kanoon
1402,تجربی,15773,6986,منطقه 2,پزشکی,,نامشخص,kanoon
1402,تجربی,15500,7000,منطقه 2,پزشکی,دانشگاه علوم پزشکی جندی شاپور اهواز,تعهدی,sajad
1402,تجربی,15843,7015,منطقه 2,پرستاری,,نامشخص,kanoon
1402,تجربی,25663,7025,منطقه 3,علوم آزمایشگاهی,,نامشخص,kanoon
1402,تجربی,25712,7038,منطقه 3,پرستاری,,نامشخص,kanoon
1402,تجربی,25786,7064,منطقه 3,تکنولوژی اتاق عمل,,نامشخص,kanoon
1402,تجربی,15971,7069,منطقه 2,علوم تغذیه,,نامشخص,kanoon
1402,تجربی,25817,7077,منطقه 3,آموزش ابتدایی,,نامشخص,kanoon
1402,تجربی,25866,7093,منطقه 3,تکنولوژی پرتوشناسی,,نامشخص,kanoon
1402,تجربی,25921,7114,منطقه 3,بهداشت مدارس,,نامشخص,kanoon
1402,تجربی,16178,7159,منطقه 2,دامپزشکی,,نامشخص,kanoon
1402,تجربی,26093,7172,منطقه 3,پرستاری,,نامشخص,kanoon
1402,تجربی,26118,7181,منطقه 3,پرستاری,,نامشخص,kanoon
1402,تجربی,26139,7189,منطقه 3,پرستاری,,نامشخص,kanoon
1402,تجربی,16254,7192,منطقه 2,پزشکی,,نامشخص,kanoon
1402,تجربی,16254,7192,منطقه 2,داروسازی,,نامشخص,kanoon
1402,تجربی,16400,7200,منطقه 2,دامپزشکی,دانشگاه علوم پزشکی لرستان - خرم‌آباد,روزانه,sajad
1402,تجربی,26000,7200,منطقه 3,هوشبری,دانشگاه علوم پزشکی اراک,روزانه,sajad
1402,تجربی,25005,7210,منطقه 1,علوم تغذیه,,نامشخص,kanoon
1402,تجربی,25095,7234,منطقه 1,آموزش ابتدایی,,نامشخص,kanoon
1402,تجربی,16425,7254,منطقه 2,دامپزشکی,دانشگاه آزاد اسلامی واحد علوم و تحقیقات تهران,آزاد,sajad
1402,تجربی,26398,7264,منطقه 3,پرستاری,,نامشخص,kanoon
1402,تجربی,26422,7274,منطقه 3,تکنولوژی پرتوشناسی,,نامشخص,kanoon
1402,تجربی,16547,7309,منطقه 2,پرستاری,,نامشخص,kanoon
1402,تجربی,25493,7333,منطقه 1,گفتاردرمانی,,نامشخص,kanoon
1402,تجربی,75700,7338,سهمیه 5٪,دامپزشکی,دانشگاه علوم پزشکی شهرکرد,روزانه,sajad
1402,تجربی,16647,7353,منطقه 2,آموزش ابتدایی,,نامشخص,kanoon
1402,تجربی,26684,7358,منطقه 3,آموزش علوم تجربی,,نامشخص,kanoon
1402,تجربی,26781,7386,منطقه 3,پرستاری,,نامشخص,kanoon
1402,تجربی,25712,7390,منطقه 1,پرستاری,,نامشخص,kanoon
1402,تجربی,26810,7396,منطقه 3,پرستاری,,نامشخص,kanoon
1402,تجربی,32403,7466,منطقه 2,پرستاری,,نامشخص,kanoon
1402,تجربی,33021,7474,منطقه 2,تکنولوژی اتاق عمل,,نامشخص,kanoon
1402,تجربی,27119,7491,منطقه 3,تکنولوژی اتاق عمل,,نامشخص,kanoon
1402,تجربی,17020,7513,منطقه 2,پزشکی,دانشگاه علوم پزشکی کرمانشاه,تعهدی,sajad
1402,تجربی,27202,7522,منطقه 3,پرستاری,,نامشخص,kanoon
1402,تجربی,17058,7532,منطقه 2,مامایی,,نامشخص,kanoon
1402,تجربی,27233,7533,منطقه 3,کاردرمانی,,نامشخص,kanoon
1402,تجربی,17125,7559,منطقه 2,هوشبری,,نامشخص,kanoon
1402,تجربی,27341,7570,منطقه 3,پرستاری,,نامشخص,kanoon
1402,تجربی,27415,7596,منطقه 3,تکنولوژی پرتوشناسی,,نامشخص,kanoon
1402,تجربی,27623,7652,منطقه 3,پرستاری,,نامشخص,kanoon
1402,تجربی,27650,7659,منطقه 3,پرستاری,,نامشخص,kanoon
1402,تجربی,27674,7664,منطقه 3,آموزش ابتدایی,,نامشخص,kanoon
1402,تجربی,17378,7667,منطقه 2,پرستاری,,نامشخص,kanoon
1402,تجربی,17400,7678,منطقه 2,پرستاری,,نامشخص,kanoon
1402,تجربی,17400,7678,منطقه 2,پرستاری,,نامشخص,kanoon
1402,تجربی,27781,7702,منطقه 3,پرستاری,,نامشخص,kanoon
1402,تجربی,17566,7752,منطقه 2,تکنولوژی اتاق عمل,,نامشخص,kanoon
1402,تجربی,27925,7756,منطقه 3,گفتاردرمانی,,نامشخص,kanoon
1402,تجربی,27951,7764,منطقه 3,پرستاری,,نامشخص,kanoon
1402,تجربی,27982,7773,منطقه 3,پرستاری,,نامشخص,kanoon
1402,تجربی,37171,7776,منطقه 1,تکنولوژی اتاق عمل,,نامشخص,kanoon
1402,تجربی,28018,7786,منطقه 3,پرستاری,,نامشخص,kanoon
1402,تجربی,23167,7820,منطقه 3,پرستاری,,نامشخص,kanoon
1402,تجربی,28118,7820,منطقه 3,پرستاری,,نامشخص,kanoon
1402,تجربی,28203,7847,منطقه 3,آموزش ابتدایی,,نامشخص,kanoon
1402,تجربی,17805,7851,منطقه 2,هوشبری,,نامشخص,kanoon
1402,تجربی,27600,7899,منطقه 1,روانشناسی,,نامشخص,kanoon
1402,تجربی,17923,7900,منطقه 2,علوم تغذیه,,نامشخص,kanoon
1402,تجربی,27674,7923,منطقه 1,بهداشت مدارس,,نامشخص,kanoon
1402,تجربی,28437,7927,منطقه 3,پرستاری,,نامشخص,kanoon
1402,تجربی,28537,7962,منطقه 3,کاردانی آموزش و پرورش ابتدایی,,نامشخص,kanoon
1402,تجربی,28576,7975,منطقه 3,هوشبری,,نامشخص,kanoon
1402,تجربی,28669,8001,منطقه 3,پرستاری,,نامشخص,kanoon
1402,تجربی,28731,8015,منطقه 3,پرستاری,,نامشخص,kanoon
1402,تجربی,18221,8026,منطقه 2,آموزش زیست شناسی,,نامشخص,kanoon
1402,تجربی,28795,8030,منطقه 3,پرستاری,,نامشخص,kanoon
1402,تجربی,28830,8042,منطقه 3,تکنولوژی اتاق عمل,,نامشخص,kanoon
1402,تجربی,29067,8121,منطقه 3,پرستاری,,نامشخص,kanoon
1402,تجربی,29067,8121,منطقه 3,دامپزشکی,,نامشخص,kanoon
1402,تجربی,18467,8124,منطقه 2,پرستاری,,نامشخص,kanoon
1402,تجربی,18526,8146,منطقه 2,پزشکی,,نامشخص,kanoon
1402,تجربی,18580,8167,منطقه 2,پرستاری,,نامشخص,kanoon
1402,تجربی,29234,8182,منطقه 3,پرستاری,,نامشخص,kanoon
1402,تجربی,18641,8190,منطقه 2,تکنولوژی پرتوشناسی,,نامشخص,kanoon
1402,تجربی,29008,8256,منطقه 1,پزشکی,,نامشخص,kanoon
1402,تجربی,29461,8258,منطقه 3,تکنولوژی اتاق عمل,,نامشخص,kanoon
1402,تجربی,18837,8274,منطقه 2,پرستاری,,نامشخص,kanoon
1402,تجربی,29661,8311,منطقه 3,پرستاری,,نامشخص,kanoon
1402,تجربی,18954,8325,منطقه 2,پزشکی,,نامشخص,kanoon
1402,تجربی,18954,8325,منطقه 2,زیست شناسی سلولی مولکولی,,نامشخص,kanoon
1402,تجربی,29695,8325,منطقه 3,پرستاری,,نامشخص,kanoon
1402,تجربی,29749,8338,منطقه 3,آموزش کار و فناوری,,نامشخص,kanoon
1402,تجربی,19105,8394,منطقه 2,آموزش علوم تجربی,,نامشخص,kanoon
1402,تجربی,29942,8400,منطقه 3,کاردانی فوریت های پزشکی پیش بیمارستانی,,نامشخص,kanoon
1402,تجربی,29976,8410,منطقه 3,تکنولوژی پرتوشناسی,,نامشخص,kanoon
1402,تجربی,30052,8430,منطقه 3,پرستاری,,نامشخص,kanoon
1402,تجربی,19236,8447,منطقه 2,علوم آزمایشگاهی,,نامشخص,kanoon
1402,تجربی,19294,8466,منطقه 2,پرستاری,,نامشخص,kanoon
1402,تجربی,19312,8474,منطقه 2,پرستاری,,نامشخص,kanoon
1402,تجربی,30233,8498,منطقه 3,پرستاری,,نامشخص,kanoon
1402,تجربی,30336,8529,منطقه 3,پرستاری,,نامشخص,kanoon
1402,تجربی,19454,8542,منطقه 2,پزشکی,,نامشخص,kanoon
1402,تجربی,30454,8572,منطقه 3,پزشکی,,نامشخص,kanoon
1402,تجربی,30533,8589,منطقه 3,پزشکی,,نامشخص,kanoon
1402,تجربی,30000,8600,منطقه 1,دبیری,دانشگاه فرهنگیان - شیمی ارومیه,فرهنگیان,sajad
1402,تجربی,30614,8615,منطقه 3,حسابداری,,نامشخص,kanoon
1402,تجربی,19724,8651,منطقه 2,پرستاری,,نامشخص,kanoon
1402,تجربی,30807,8678,منطقه 3,علوم آزمایشگاهی,,نامشخص,kanoon
1402,تجربی,30777,8698,منطقه 2,پرستاری,,نامشخص,kanoon
1402,تجربی,90000,8700,سهمیه 5٪,مامایی,دانشگاه آزاد اسلامی واحد استهبان,آزاد خودگردان,sajad
1402,تجربی,90000,8700,سهمیه 5٪,هوشبری,دانشکده علوم پزشکی خمین,پردیس,sajad
1402,تجربی,,8700,منطقه 2,دامپزشکی,دانشگاه آزاد اسلامی واحد گرمسار,آزاد,sajad
1402,تجربی,19851,8708,منطقه 2,مامایی,,نامشخص,kanoon
1402,تجربی,19879,8720,منطقه 2,پرستاری,,نامشخص,kanoon
1402,تجربی,19917,8740,منطقه 2,پزشکی,,نامشخص,kanoon
1402,تجربی,90265,8743,سهمیه 5٪,پرستاری,دانشکده علوم پزشکی خاش,روزانه,sajad
1402,تجربی,90265,8743,سهمیه 5٪,مامایی,دانشگاه آزاد اسلامی واحد لارستان,آزاد,sajad
1402,تجربی,31068,8769,منطقه 3,پرستاری,,نامشخص,kanoon
1402,تجربی,20010,8785,منطقه 2,شیمی کاربردی,,نامشخص,kanoon
1402,تجربی,91600000,8800,سهمیه 5٪,پرستاری,دانشکده علوم پزشکی بوکان,روزانه,sajad
1402,تجربی,31239,8809,منطقه 1,بهداشت عمومی,,نامشخص,kanoon
1402,تجربی,31265,8833,منطقه 3,آموزش ابتدایی,,نامشخص,kanoon
1402,تجربی,31412,8845,منطقه 1,علوم آزمایشگاهی,,نامشخص,kanoon
1402,تجربی,20241,8878,منطقه 2,پرستاری,,نامشخص,kanoon
1402,تجربی,20264,8888,منطقه 2,پرستاری,,نامشخص,kanoon
1402,تجربی,31441,8893,منطقه 3,پرستاری,,نامشخص,kanoon
1402,تجربی,20305,8908,منطقه 2,گفتاردرمانی,,نامشخص,kanoon
1402,تجربی,31707,8916,منطقه 1,آموزش ابتدایی,,نامشخص,kanoon
1402,تجربی,20476,8981,منطقه 2,آموزش زیست شناسی,,نامشخص,kanoon
1402,تجربی,20501,8993,منطقه 2,دامپزشکی,دانشگاه علوم پزشکی ارومیه,نوبت دوم,sajad
1402,تجربی,21000,9000,منطقه 2,دامپزشکی,دانشگاه آزاد اسلامی واحد تبریز,آزاد,sajad
1402,تجربی,20552,9018,منطقه 2,آموزش ابتدایی,,نامشخص,kanoon
1402,تجربی,37908,9045,منطقه 3,آموزش علوم تجربی,,نامشخص,kanoon
1402,تجربی,20689,9075,منطقه 2,پرستاری,,نامشخص,kanoon
1402,تجربی,20754,9101,منطقه 2,تکنولوژی پرتوشناسی,,نامشخص,kanoon
1402,تجربی,20984,9206,منطقه 2,پرستاری,,نامشخص,kanoon
1402,تجربی,20984,9206,منطقه 2,پزشکی,دانشگاه علوم پزشکی آبادان,تعهدی,sajad
1402,تجربی,32881,9221,منطقه 1,پرستاری,,نامشخص,kanoon
1402,تجربی,32541,9236,منطقه 3,پرستاری,,نامشخص,kanoon
1402,تجربی,32955,9239,منطقه 1,دندانپزشکی,,نامشخص,kanoon
1402,تجربی,33060,9261,منطقه 1,زیست شناسی سلولی مولکولی,,نامشخص,kanoon
1402,تجربی,32628,9262,منطقه 3,علوم آزمایشگاهی,,نامشخص,kanoon
1402,تجربی,21239,9324,منطقه 2,پزشکی,,نامشخص,kanoon
1402,تجربی,21400,9400,منطقه 2,پرستاری,دانشگاه علوم پزشکی اراک,روزانه,sajad
1402,تجربی,21433,9410,منطقه 2,پرستاری,,نامشخص,kanoon
1402,تجربی,33155,9435,منطقه 3,علوم آزمایشگاهی,,نامشخص,kanoon
1402,تجربی,21544,9455,منطقه 2,آموزش ابتدایی,,نامشخص,kanoon
1402,تجربی,21544,9455,منطقه 2,پرستاری,,نامشخص,kanoon
1402,تجربی,33225,9462,منطقه 3,علوم آزمایشگاهی,,نامشخص,kanoon
1402,تجربی,21566,9464,منطقه 2,پرستاری,,نامشخص,kanoon
1402,تجربی,34163,9493,منطقه 1,مهندسی بهداشت حرفه ای وایمنی کار,,نامشخص,kanoon
1402,تجربی,34424,9549,منطقه 1,هوشبری,,نامشخص,kanoon
1402,تجربی,33486,9558,منطقه 3,پرستاری,,نامشخص,kanoon
1402,تجربی,21802,9567,منطقه 2,پرستاری,,نامشخص,kanoon
1402,تجربی,34604,9590,منطقه 1,پرستاری,,نامشخص,kanoon
1402,تجربی,21875,9603,منطقه 2,آموزش شیمی,,نامشخص,kanoon
1402,تجربی,21911,9620,منطقه 2,پرستاری,,نامشخص,kanoon
1402,تجربی,33702,9631,منطقه 3,تکنولوژی پرتوشناسی,,نامشخص,kanoon
1402,تجربی,22008,9665,منطقه 2,پرستاری,,نامشخص,kanoon
1402,تجربی,33880,9693,منطقه 3,پرستاری,,نامشخص,kanoon
1402,تجربی,33985,9736,منطقه 3,تکنولوژی اتاق عمل,,نامشخص,kanoon
1402,تجربی,34026,9752,منطقه 3,پرستاری,,نامشخص,kanoon
1402,تجربی,34026,9752,منطقه 3,مدیریت مالی,,نامشخص,kanoon
1402,تجربی,35319,9760,منطقه 1,بهداشت مدارس,,نامشخص,kanoon
1402,تجربی,34097,9775,منطقه 3,مدیریت خدمات بهداشتی درمانی,,نامشخص,kanoon
1402,تجربی,22324,9808,منطقه 2,پزشکی,,نامشخص,kanoon
1402,تجربی,34201,9812,منطقه 3,زیست شناسی سلولی مولکولی,,نامشخص,kanoon
1402,تجربی,35616,9828,منطقه 1,پرستاری,,نامشخص,kanoon
1402,تجربی,22385,9830,منطقه 2,گفتاردرمانی,,نامشخص,kanoon
1402,تجربی,34334,9851,منطقه 3,آموزش ابتدایی,,نامشخص,kanoon
1402,تجربی,34334,9851,منطقه 3,مامایی,,نامشخص,kanoon
1402,تجربی,22469,9870,منطقه 2,پرستاری,,نامشخص,kanoon
1402,تجربی,34424,9876,منطقه 3,بهداشت عمومی,,نامشخص,kanoon
1402,تجربی,34424,9876,منطقه 3,پزشکی,,نامشخص,kanoon
1402,تجربی,22490,9878,منطقه 2,علوم تغذیه,,نامشخص,kanoon
1402,تجربی,35952,9908,منطقه 1,پرستاری,,نامشخص,kanoon
1402,تجربی,22618,9931,منطقه 2,پزشکی,,نامشخص,kanoon
1402,تجربی,23011,10091,منطقه 2,پرستاری,,نامشخص,kanoon
1402,تجربی,35072,10095,منطقه 3,پزشکی,,نامشخص,kanoon
1402,تجربی,23036,10103,منطقه 2,پرستاری,,نامشخص,kanoon
1402,تجربی,35136,10115,منطقه 3,هوشبری,,نامشخص,kanoon
1402,تجربی,35282,10171,منطقه 3,پرستاری,,نامشخص,kanoon
1402,تجربی,35319,10181,منطقه 3,مامایی,,نامشخص,kanoon
1402,تجربی,23278,10194,منطقه 2,علوم آزمایشگاهی,,نامشخص,kanoon
1402,تجربی,23300,10200,منطقه 2,پرستاری,دانشگاه علوم پزشکی کردستان - سنندج,روزانه,sajad
1402,تجربی,23306,10205,منطقه 2,پرستاری,,نامشخص,kanoon
1402,تجربی,23306,10205,منطقه 3,پرستاری,,نامشخص,kanoon
1402,تجربی,35466,10234,منطقه 3,آموزش ابتدایی,,نامشخص,kanoon
1402,تجربی,23391,10246,منطقه 2,پزشکی,,نامشخص,kanoon
1402,تجربی,37372,10255,منطقه 1,علوم آزمایشگاهی,,نامشخص,kanoon
1402,تجربی,37520,10291,منطقه 1,تکنولوژی اتاق عمل,,نامشخص,kanoon
1402,تجربی,35648,10296,منطقه 3,آموزش زیست شناسی,,نامشخص,kanoon
1402,تجربی,23554,10320,منطقه 2,پرستاری,,نامشخص,kanoon
1402,تجربی,35720,10328,منطقه 3,آموزش زیست شناسی,,نامشخص,kanoon
1402,تجربی,23579,10333,منطقه 2,پزشکی,,نامشخص,kanoon
1402,تجربی,23652,10372,منطقه 2,پرستاری,,نامشخص,kanoon
1402,تجربی,23808,10434,منطقه 2,علوم آزمایشگاهی,,نامشخص,kanoon
1402,تجربی,36145,10474,منطقه 3,هوشبری,,نامشخص,kanoon
1402,تجربی,36254,10500,منطقه 3,پرستاری,,نامشخص,kanoon
1402,تجربی,23985,10510,منطقه 2,پرستاری,,نامشخص,kanoon
1402,تجربی,36292,10512,منطقه 3,آموزش شیمی,,نامشخص,kanoon
1402,تجربی,108044,10525,سهمیه 5٪,پرستاری,دانشکده علوم پزشکی رامهرمز,روزانه,sajad
1402,تجربی,36350,10531,منطقه 3,پرستاری,,نامشخص,kanoon
1402,تجربی,24032,10532,منطقه 2,پرستاری,,نامشخص,kanoon
1402,تجربی,36448,10572,منطقه 3,پرستاری,,نامشخص,kanoon
1402,تجربی,24147,10589,منطقه 2,تکنولوژی اتاق عمل,,نامشخص,kanoon
1402,تجربی,36509,10596,منطقه 3,هوشبری,,نامشخص,kanoon
1402,تجربی,38925,10641,منطقه 1,هوشبری,,نامشخص,kanoon
1402,تجربی,39200,10700,منطقه 1,پرستاری,دانشگاه آزاد اسلامی واحد پزشکی تهران,آزاد خودگردان,sajad
1402,تجربی,110000,10700,سهمیه 5٪,علوم آزمایشگاهی,مؤسسه آموزش عالی غیرانتفاعی وارستگان - مشهد,غیرانتفاعی,sajad
1402,تجربی,36920,10726,منطقه 3,تکنولوژی اتاق عمل,,نامشخص,kanoon
1402,تجربی,39266,10732,منطقه 1,پرستاری,دانشگاه آزاد اسلامی واحد پزشکی تهران,آزاد خودگردان,sajad
1402,تجربی,36951,10736,منطقه 3,کاردانی آموزش و پرورش ابتدایی,,نامشخص,kanoon
1402,تجربی,24586,10791,منطقه 2,تکنولوژی اتاق عمل,,نامشخص,kanoon
1402,تجربی,24641,10816,منطقه 2,آموزش زیست شناسی,,نامشخص,kanoon
1402,تجربی,37226,10822,منطقه 3,آموزش ابتدایی,,نامشخص,kanoon
1402,تجربی,24669,10830,منطقه 2,آموزش ابتدایی,,نامشخص,kanoon
1402,تجربی,37260,10830,منطقه 3,علوم آزمایشگاهی,,نامشخص,kanoon
1402,تجربی,37333,10855,منطقه 3,پرستاری,,نامشخص,kanoon
1402,تجربی,37333,10855,منطقه 3,مهندسی بهداشت حرفه ای وایمنی کار,,نامشخص,kanoon
1402,تجربی,37372,10868,منطقه 3,کاردانی آموزش و پرورش ابتدایی,,نامشخص,kanoon
1402,تجربی,37440,10889,منطقه 3,پرستاری,,نامشخص,kanoon
1402,تجربی,24835,10904,منطقه 2,علوم آزمایشگاهی,,نامشخص,kanoon
1402,تجربی,40007,10922,منطقه 1,پرستاری,,نامشخص,kanoon
1402,تجربی,24928,10954,منطقه 2,گفتاردرمانی,,نامشخص,kanoon
1402,تجربی,37725,10981,منطقه 3,مهندسی بهداشت حرفه ای وایمنی کار,,نامشخص,kanoon
1402,تجربی,37893,11035,منطقه 3,هوشبری,,نامشخص,kanoon
1402,تجربی,37960,11055,منطقه 3,بهداشت مدارس,,نامشخص,kanoon
1402,تجربی,25256,11089,منطقه 2,پرستاری,,نامشخص,kanoon
1402,تجربی,25256,11089,منطقه 2,پزشکی,,نامشخص,kanoon
1402,تجربی,25411,11150,منطقه 2,پرستاری,,نامشخص,kanoon
1402,تجربی,38235,11151,منطقه 3,علوم آزمایشگاهی,,نامشخص,kanoon
1402,تجربی,25468,11174,منطقه 2,پرستاری,,نامشخص,kanoon
1402,تجربی,38405,11216,منطقه 3,داروسازی,,نامشخص,kanoon
1402,تجربی,38405,11216,منطقه 3,علوم آزمایشگاهی,,نامشخص,kanoon
1402,تجربی,38525,11253,منطقه 3,پرستاری,,نامشخص,kanoon
1402,تجربی,38525,11253,منطقه 3,فناوری اطلاعات سلامت,,نامشخص,kanoon
1402,تجربی,38670,11304,منطقه 3,آموزش کار و فناوری,,نامشخص,kanoon
1402,تجربی,38670,11304,منطقه 3,مدیریت بازرگانی,,نامشخص,kanoon
1402,تجربی,38702,11314,منطقه 3,پرستاری,دانشکده علوم پزشکی تربت جام,روزانه,sajad
1402,تجربی,38741,11324,منطقه 3,تکنولوژی اتاق عمل,,نامشخص,kanoon
1402,تجربی,39047,11423,منطقه 3,هوشبری,,نامشخص,kanoon
1402,تجربی,26166,11454,منطقه 2,شیمی کاربردی,,نامشخص,kanoon
1402,تجربی,39151,11456,منطقه 3,زیست شناسی سلولی مولکولی,,نامشخص,kanoon
1402,تجربی,26193,11467,منطقه 2,پرستاری,,نامشخص,kanoon
1402,تجربی,26217,11477,منطقه 2,مامایی,,نامشخص,kanoon
1402,تجربی,39227,11479,منطقه 3,پرستاری,,نامشخص,kanoon
1402,تجربی,26261,11499,منطقه 2,پرستاری,,نامشخص,kanoon
1402,تجربی,26261,11499,منطقه 2,علوم آزمایشگاهی,,نامشخص,kanoon
1402,تجربی,26375,11542,منطقه 2,پرستاری,,نامشخص,kanoon
1402,تجربی,26447,11569,منطقه 2,علوم آزمایشگاهی,,نامشخص,kanoon
1402,تجربی,43000,11604,منطقه 1,زیست شناسی جانوری,,نامشخص,kanoon
1402,تجربی,26569,11620,منطقه 2,آموزش زیست شناسی,,نامشخص,kanoon
1402,تجربی,26603,11635,منطقه 2,آموزش علوم تجربی,,نامشخص,kanoon
1402,تجربی,26915,11766,منطقه 2,آموزش کار و فناوری,,نامشخص,kanoon
1402,تجربی,27017,11810,منطقه 2,تکنولوژی پرتودرمانی,,نامشخص,kanoon
1402,تجربی,40271,11823,منطقه 3,پرستاری,,نامشخص,kanoon
1402,تجربی,27044,11824,منطقه 2,کاردانی آموزش و پرورش ابتدایی,,نامشخص,kanoon
1402,تجربی,27070,11838,منطقه 2,تکنولوژی اتاق عمل,,نامشخص,kanoon
1402,تجربی,40241,11847,منطقه 3,هوشبری,,نامشخص,kanoon
1402,تجربی,27119,11860,منطقه 2,آموزش شیمی,,نامشخص,kanoon
1402,تجربی,40379,11860,منطقه 3,هوشبری,,نامشخص,kanoon
1402,تجربی,27147,11873,منطقه 2,پرستاری,,نامشخص,kanoon
1402,تجربی,40454,11886,منطقه 3,آموزش کار و فناوری,,نامشخص,kanoon
1402,تجربی,40524,11912,منطقه 3,پزشکی,دانشکده علوم پزشکی ایرانشهر,تعهدی,sajad
1402,تجربی,44545,11925,منطقه 1,آموزش کار و فناوری,,نامشخص,kanoon
1402,تجربی,40558,11926,منطقه 3,زیست شناسی سلولی مولکولی,,نامشخص,kanoon
1402,تجربی,27316,11937,منطقه 2,تکنولوژی اتاق عمل,,نامشخص,kanoon
1402,تجربی,40620,11945,منطقه 3,پرستاری,,نامشخص,kanoon
1402,تجربی,27366,11958,منطقه 2,تکنولوژی اتاق عمل,,نامشخص,kanoon
1402,تجربی,44734,11965,منطقه 1,آموزش ابتدایی,,نامشخص,kanoon
1402,تجربی,27781,12133,منطقه 2,پرستاری,,نامشخص,kanoon
1402,تجربی,41520,12259,منطقه 3,تکنولوژی اتاق عمل,,نامشخص,kanoon
1402,تجربی,28157,12290,منطقه 2,تکنولوژی اتاق عمل,,نامشخص,kanoon
1402,تجربی,28251,12321,منطقه 2,پرستاری,,نامشخص,kanoon
1402,تجربی,41831,12374,منطقه 3,آموزش کار و فناوری,,نامشخص,kanoon
1402,تجربی,28437,12398,منطقه 2,آموزش زیست شناسی,,نامشخص,kanoon
1402,تجربی,46622,12410,منطقه 1,مددکاری اجتماعی ویژه وزارت بهداشت,,نامشخص,kanoon
1402,تجربی,28482,12418,منطقه 2,پزشکی,,نامشخص,kanoon
1402,تجربی,28512,12429,منطقه 2,آموزش ابتدایی,,نامشخص,kanoon
1402,تجربی,28537,12440,منطقه 2,پرستاری,,نامشخص,kanoon
1402,تجربی,5605,12544,منطقه 2,پزشکی,,نامشخص,kanoon
1402,تجربی,28761,12550,منطقه 2,هوشبری,,نامشخص,kanoon
1402,تجربی,43211,12580,منطقه 3,بهداشت عمومی,,نامشخص,kanoon
1402,تجربی,42464,12590,منطقه 3,مامایی,,نامشخص,kanoon
1402,تجربی,28913,12611,منطقه 2,پرستاری,,نامشخص,kanoon
1402,تجربی,28973,12635,منطقه 2,زیست شناسی سلولی مولکولی,,نامشخص,kanoon
1402,تجربی,29008,12649,منطقه 2,پرستاری,,نامشخص,kanoon
1402,تجربی,29041,12662,منطقه 2,پرستاری,,نامشخص,kanoon
1402,تجربی,47704,12676,منطقه 1,شیمی کاربردی,,نامشخص,kanoon
1402,تجربی,47749,12688,منطقه 1,علوم آزمایشگاهی دامپزشکی,,نامشخص,kanoon
1402,تجربی,42797,12708,منطقه 3,پرستاری,,نامشخص,kanoon
1402,تجربی,42797,12708,منطقه 3,تکنولوژی اتاق عمل,,نامشخص,kanoon
1402,تجربی,29270,12747,منطقه 2,پرستاری,,نامشخص,kanoon
1402,تجربی,29404,12804,منطقه 2,پرستاری,,نامشخص,kanoon
1402,تجربی,43211,12850,منطقه 3,تکنولوژی اتاق عمل,,نامشخص,kanoon
1402,تجربی,29544,12863,منطقه 2,تکنولوژی اتاق عمل,,نامشخص,kanoon
1402,تجربی,29602,12893,منطقه 3,هوشبری,,نامشخص,kanoon
1402,تجربی,43478,12959,منطقه 3,پرستاری,دانشکده علوم پزشکی مسجدسلیمان,روزانه,sajad
1402,تجربی,43713,13052,منطقه 3,آموزش ابتدایی,,نامشخص,kanoon
1402,تجربی,43800,13100,منطقه 3,علوم آزمایشگاهی,دانشگاه علوم پزشکی ایلام,روزانه,sajad
1402,تجربی,43860,13114,منطقه 3,آموزش ابتدایی,,نامشخص,kanoon
1402,تجربی,30123,13130,منطقه 2,تکنولوژی اتاق عمل,,نامشخص,kanoon
1402,تجربی,30269,13197,منطقه 2,مامایی,,نامشخص,kanoon
1402,تجربی,30369,13240,منطقه 2,پرستاری,,نامشخص,kanoon
1402,تجربی,44231,13247,منطقه 3,آموزش ابتدایی,,نامشخص,kanoon
1402,تجربی,44618,13385,منطقه 3,بهداشت عمومی,,نامشخص,kanoon
1402,تجربی,30745,13392,منطقه 2,آموزش کار و فناوری,,نامشخص,kanoon
1402,تجربی,30777,13409,منطقه 2,تکنولوژی اتاق عمل,,نامشخص,kanoon
1402,تجربی,31170,13582,منطقه 2,پرستاری,,نامشخص,kanoon
1402,تجربی,45179,13589,منطقه 3,علوم آزمایشگاهی,,نامشخص,kanoon
1402,تجربی,31381,13669,منطقه 2,روانشناسی,,نامشخص,kanoon
1402,تجربی,31381,13669,منطقه 2,مدیریت بازرگانی,,نامشخص,kanoon
1402,تجربی,45418,13671,منطقه 3,فوریت های پزشکی پیش بیمارستانی,,نامشخص,kanoon
1402,تجربی,6083,13680,منطقه 2,پزشکی,,نامشخص,kanoon
1402,تجربی,45522,13710,منطقه 3,کاردانی آموزش و پرورش ابتدایی,,نامشخص,kanoon
1402,تجربی,31670,13800,منطقه 2,تکنولوژی پرتودرمانی,,نامشخص,kanoon
1402,تجربی,31736,13828,منطقه 2,پرستاری,,نامشخص,kanoon
1402,تجربی,45912,13848,منطقه 3,مهندسی بهداشت حرفه ای وایمنی کار,,نامشخص,kanoon
1402,تجربی,31792,13849,منطقه 2,پزشکی,,نامشخص,kanoon
1402,تجربی,46028,13890,منطقه 3,بهداشت عمومی,,نامشخص,kanoon
1402,تجربی,46100,13914,منطقه 3,مدیریت مالی,,نامشخص,kanoon
1402,تجربی,53375,13923,منطقه 1,فوریت های پزشکی پیش بیمارستانی,,نامشخص,kanoon
1402,تجربی,32033,13949,منطقه 2,آموزش ابتدایی,,نامشخص,kanoon
1402,تجربی,32124,13999,منطقه 2,تکنولوژی اتاق عمل,,نامشخص,kanoon
1402,تجربی,147000,14000,سهمیه 5٪,فوریت‌های پزشکی,دانشکده علوم پزشکی گراش,نامشخص,sajad
1402,تجربی,32325,14083,منطقه 2,پرستاری,,نامشخص,kanoon
1402,تجربی,32440,14136,منطقه 2,آموزش دانش آموزان با نیازهای ویژه,,نامشخص,kanoon
1402,تجربی,46895,14175,منطقه 3,آموزش دانش آموزان با نیازهای ویژه,,نامشخص,kanoon
1402,تجربی,32541,14178,منطقه 2,بهداشت مدارس,,نامشخص,kanoon
1402,تجربی,32541,14178,منطقه 2,مامایی,,نامشخص,kanoon
1402,تجربی,32628,14217,منطقه 2,آموزش زیست شناسی,,نامشخص,kanoon
1402,تجربی,54819,14220,منطقه 1,علوم و صنایع غذایی,,نامشخص,kanoon
1402,تجربی,47149,14249,منطقه 3,آموزش کار و فناوری,,نامشخص,kanoon
1402,تجربی,32730,14256,منطقه 2,علوم آزمایشگاهی,,نامشخص,kanoon
1402,تجربی,32762,14268,منطقه 2,مامایی,,نامشخص,kanoon
1402,تجربی,32821,14295,منطقه 2,پرستاری,,نامشخص,kanoon
1402,تجربی,32852,14307,منطقه 2,علوم آزمایشگاهی,,نامشخص,kanoon
1402,تجربی,32881,14318,منطقه 2,پرستاری,,نامشخص,kanoon
1402,تجربی,32913,14333,منطقه 2,پرستاری,,نامشخص,kanoon
1402,تجربی,47626,14410,منطقه 3,هوشبری,,نامشخص,kanoon
1402,تجربی,47664,14427,منطقه 3,آموزش علوم تجربی,,نامشخص,kanoon
1402,تجربی,33131,14437,منطقه 2,آموزش زیست شناسی,,نامشخص,kanoon
1402,تجربی,55883,14456,منطقه 1,زیست شناسی سلولی مولکولی,,نامشخص,kanoon
1402,تجربی,33225,14474,منطقه 2,بهداشت مدارس,,نامشخص,kanoon
1402,تجربی,56222,14535,منطقه 1,حسابداری,,نامشخص,kanoon
1402,تجربی,56290,14550,منطقه 1,شیمی کاربردی,,نامشخص,kanoon
1402,تجربی,33519,14602,منطقه 2,پرستاری,,نامشخص,kanoon
1402,تجربی,33519,14602,منطقه 2,هوشبری,,نامشخص,kanoon
1402,تجربی,33632,14649,منطقه 2,حسابداری,,نامشخص,kanoon
1402,تجربی,48309,14653,منطقه 3,فناوری اطلاعات سلامت,,نامشخص,kanoon
1402,تجربی,3667,14670,منطقه 3,پزشکی,,نامشخص,kanoon
1402,تجربی,33809,14729,منطقه 2,مامایی,,نامشخص,kanoon
1402,تجربی,33913,14776,منطقه 2,شیمی محض,,نامشخص,kanoon
1402,تجربی,48684,14797,منطقه 3,کاردانی فوریت های پزشکی پیش بیمارستانی,,نامشخص,kanoon
1402,تجربی,33985,14802,منطقه 2,آموزش شیمی,,نامشخص,kanoon
1402,تجربی,33985,14802,منطقه 2,هوشبری,,نامشخص,kanoon
1402,تجربی,48722,14813,منطقه 3,بهداشت عمومی,,نامشخص,kanoon
1402,تجربی,34128,14857,منطقه 2,مامایی,,نامشخص,kanoon
1402,تجربی,34201,14887,منطقه 2,پرستاری,,نامشخص,kanoon
1402,تجربی,34301,14938,منطقه 2,هوشبری,,نامشخص,kanoon
1402,تجربی,34359,14966,منطقه 2,تکنولوژی اتاق عمل,,نامشخص,kanoon
1402,تجربی,49160,14980,منطقه 3,آموزش ابتدایی,,نامشخص,kanoon
1402,تجربی,34391,14984,منطقه 2,روانشناسی,,نامشخص,kanoon
1402,تجربی,34500,15000,منطقه 2,پرستاری,دانشگاه آزاد اسلامی واحد پزشکی تهران,آزاد,sajad
1402,تجربی,34700,15000,منطقه 2,اتاق عمل,دانشگاه علوم پزشکی لرستان - خرم‌آباد,پردیس,sajad
1402,تجربی,34604,15079,منطقه 2,مامایی,,نامشخص,kanoon
1402,تجربی,34678,15114,منطقه 2,هوشبری,,نامشخص,kanoon
1402,تجربی,49571,15124,منطقه 3,هوشبری,,نامشخص,kanoon
1402,تجربی,34803,15163,منطقه 2,پرستاری,,نامشخص,kanoon
1402,تجربی,34869,15192,منطقه 2,پرستاری,,نامشخص,kanoon
1402,تجربی,49794,15204,منطقه 3,فوریت های پزشکی پیش بیمارستانی,,نامشخص,kanoon
1402,تجربی,35243,15341,منطقه 2,پرستاری,,نامشخص,kanoon
1402,تجربی,35358,15397,منطقه 2,هوشبری,,نامشخص,kanoon
1402,تجربی,60579,15499,منطقه 1,فوریت های پزشکی پیش بیمارستانی,,نامشخص,kanoon
1402,تجربی,50773,15576,منطقه 3,آموزش ابتدایی,,نامشخص,kanoon
1402,تجربی,35891,15608,منطقه 2,آموزش شیمی,,نامشخص,kanoon
1402,تجربی,51041,15666,منطقه 3,حسابداری,,نامشخص,kanoon
1402,تجربی,51000,15700,منطقه 3,بهداشت عمومی,دانشکده علوم پزشکی سراب,روزانه,sajad
1402,تجربی,51000,15700,منطقه 3,پرستاری,دانشگاه آزاد اسلامی واحد کلیبر,آزاد,sajad
1402,تجربی,36111,15710,منطقه 2,تکنولوژی اتاق عمل,,نامشخص,kanoon
1402,تجربی,36111,15710,منطقه 2,فوریت های پزشکی پیش بیمارستانی,,نامشخص,kanoon
1402,تجربی,51269,15748,منطقه 3,آموزش علوم تجربی,,نامشخص,kanoon
1402,تجربی,36254,15779,منطقه 2,تکنولوژی اتاق عمل,,نامشخص,kanoon
1402,تجربی,36292,15795,منطقه 2,آموزش زیست شناسی,,نامشخص,kanoon
1402,تجربی,36670,15947,منطقه 2,پرستاری,,نامشخص,kanoon
1402,تجربی,51894,15964,منطقه 3,مهندسی بهداشت حرفه ای وایمنی کار,,نامشخص,kanoon
1402,تجربی,36884,16038,منطقه 2,مامایی,,نامشخص,kanoon
1402,تجربی,37077,16111,منطقه 2,آموزش ابتدایی,,نامشخص,kanoon
1402,تجربی,52527,16192,منطقه 3,بهداشت مدارس,,نامشخص,kanoon
1402,تجربی,52711,16255,منطقه 3,کاردانی آموزش و پرورش ابتدایی,,نامشخص,kanoon
1402,تجربی,37440,16282,منطقه 2,پرتوشناسی,دانشگاه علوم پزشکی کرمانشاه,روزانه,sajad
1402,تجربی,37587,16351,منطقه 2,علوم ورزشی,,نامشخص,kanoon
1402,تجربی,37587,16351,منطقه 2,فناوری اطلاعات سلامت,,نامشخص,kanoon
1402,تجربی,64599,16419,منطقه 1,حسابداری,,نامشخص,kanoon
1402,تجربی,53181,16422,منطقه 2,آموزش شیمی,,نامشخص,kanoon
1402,تجربی,37820,16459,منطقه 2,پرستاری,,نامشخص,kanoon
1402,تجربی,38000,16600,منطقه 2,پرستاری,دانشگاه آزاد اسلامی واحد کرج,آزاد,sajad
1402,تجربی,53700,16600,منطقه 3,پرستاری,دانشگاه آزاد اسلامی واحد لاهیجان,آزاد,sajad
1402,تجربی,54074,16732,منطقه 3,مهندسی بهداشت حرفه ای وایمنی کار,,نامشخص,kanoon
1402,تجربی,66344,16820,منطقه 1,مدیریت فرهنگی هنری,,نامشخص,kanoon
1402,تجربی,54486,16891,منطقه 3,حسابداری,,نامشخص,kanoon
1402,تجربی,39047,16952,منطقه 2,بهداشت عمومی,,نامشخص,kanoon
1402,تجربی,54728,16984,منطقه 3,آموزش زیست شناسی,,نامشخص,kanoon
1402,تجربی,54728,16984,منطقه 3,مهندسی بهداشت حرفه ای وایمنی کار,,نامشخص,kanoon
1402,تجربی,54500,17000,منطقه 3,علوم آزمایشگاهی,دانشگاه آزاد اسلامی واحد ساری,آزاد,sajad
1402,تجربی,39429,17099,منطقه 2,روانشناسی,,نامشخص,kanoon
1402,تجربی,55101,17121,منطقه 3,فوریت های پزشکی پیش بیمارستانی,,نامشخص,kanoon
1402,تجربی,55148,17140,منطقه 3,کاردانی آموزش و پرورش ابتدایی,,نامشخص,kanoon
1402,تجربی,39647,17186,منطقه 2,هوشبری,,نامشخص,kanoon
1402,تجربی,55329,17206,منطقه 3,زیست شناسی سلولی مولکولی,,نامشخص,kanoon
1402,تجربی,39791,17252,منطقه 2,آموزش ابتدایی,,نامشخص,kanoon
1402,تجربی,40071,17384,منطقه 2,شیمی محض,,نامشخص,kanoon
1402,تجربی,56024,17466,منطقه 3,زیست فناوری,,نامشخص,kanoon
1402,تجربی,56136,17502,منطقه 3,کاردانی آموزش و پرورش ابتدایی,,نامشخص,kanoon
1402,تجربی,40620,17611,منطقه 2,زیست شناسی سلولی مولکولی,,نامشخص,kanoon
1402,تجربی,40701,17648,منطقه 2,مهندسی بهداشت محیط,,نامشخص,kanoon
1402,تجربی,40701,17648,منطقه 2,هوشبری,,نامشخص,kanoon
1402,تجربی,40917,17736,منطقه 2,پرستاری,,نامشخص,kanoon
1402,تجربی,71000,17800,منطقه 1,علوم تغذیه,دانشگاه آزاد اسلامی واحد سراب,آزاد,sajad
1402,تجربی,41310,17905,منطقه 2,حسابداری,,نامشخص,kanoon
1402,تجربی,41366,17929,منطقه 2,مهندسی بهداشت حرفه ای وایمنی کار,,نامشخص,kanoon
1402,تجربی,57568,18007,منطقه 3,فوریت های پزشکی پیش بیمارستانی,,نامشخص,kanoon
1402,تجربی,57619,18027,منطقه 3,آموزش کار و فناوری,,نامشخص,kanoon
1402,تجربی,57667,18045,منطقه 3,فوریت های پزشکی پیش بیمارستانی,,نامشخص,kanoon
1402,تجربی,41767,18101,منطقه 2,دامپزشکی,,نامشخص,kanoon
1402,تجربی,41799,18116,منطقه 2,هوشبری,,نامشخص,kanoon
1402,تجربی,58002,18166,منطقه 3,آموزش ابتدایی,,نامشخص,kanoon
1402,تجربی,58092,18199,منطقه 3,آموزش ابتدایی,,نامشخص,kanoon
1402,تجربی,58092,18199,منطقه 3,آموزش ابتدایی,,نامشخص,kanoon
1402,تجربی,72900,18255,منطقه 1,پرستاری,دانشگاه آزاد اسلامی واحد شاهرود,آزاد,sajad
1402,تجربی,42111,18260,منطقه 2,مهندسی گیاه پزشکی,,نامشخص,kanoon
1402,تجربی,58412,18315,منطقه 3,مهندسی بهداشت محیط,,نامشخص,kanoon
1402,تجربی,58492,18337,منطقه 3,پرستاری,,نامشخص,kanoon
1402,تجربی,42700,18400,منطقه 2,اتاق عمل,دانشگاه علوم پزشکی آبادان,روزانه,sajad
1402,تجربی,73662,18420,منطقه 1,آموزش ابتدایی,,نامشخص,kanoon
1402,تجربی,59000,18480,منطقه 3,پرستاری,دانشگاه آزاد اسلامی واحد چالوس,آزاد,sajad
1402,تجربی,59000,18480,منطقه 3,فوریت‌های پزشکی,دانشگاه علوم پزشکی اصفهان,نامشخص,sajad
1402,تجربی,59407,18657,منطقه 3,شیمی کاربردی,,نامشخص,kanoon
1402,تجربی,43114,18671,منطقه 2,اقتصاد,,نامشخص,kanoon
1402,تجربی,59453,18679,منطقه 3,آموزش ابتدایی,,نامشخص,kanoon
1402,تجربی,43550,18848,منطقه 2,آموزش ابتدایی,,نامشخص,kanoon
1402,تجربی,43500,18880,منطقه 2,پرستاری,دانشگاه آزاد اسلامی واحد همدان,آزاد,sajad
1402,تجربی,60024,18888,منطقه 3,بهداشت عمومی,,نامشخص,kanoon
1402,تجربی,43860,18967,منطقه 2,آموزش علوم تجربی,,نامشخص,kanoon
1402,تجربی,43860,18967,منطقه 2,پرستاری,,نامشخص,kanoon
1402,تجربی,44158,19094,منطقه 2,آموزش کار و فناوری,,نامشخص,kanoon
1402,تجربی,5001,19104,منطقه 3,پزشکی,,نامشخص,kanoon
1402,تجربی,60740,19149,منطقه 3,آموزش ابتدایی,,نامشخص,kanoon
1402,تجربی,61028,19251,منطقه 3,روانشناسی,,نامشخص,kanoon
1402,تجربی,77578,19288,منطقه 1,آموزش ابتدایی,,نامشخص,kanoon
1402,تجربی,61223,19319,منطقه 3,علوم ورزشی,,نامشخص,kanoon
1402,تجربی,44836,19380,منطقه 2,بهداشت عمومی,,نامشخص,kanoon
1402,تجربی,44938,19422,منطقه 2,آموزش ابتدایی,,نامشخص,kanoon
1402,تجربی,62400,19700,منطقه 3,بهداشت مدارس,دانشگاه فرهنگیان - بهشتی,فرهنگیان,sajad
1402,تجربی,62414,19766,منطقه 3,آموزش زیست شناسی,,نامشخص,kanoon
1402,تجربی,62414,19766,منطقه 3,بهداشت مدارس,دانشگاه فرهنگیان,فرهنگیان,sajad
1402,تجربی,62414,19766,منطقه 3,پرستاری,دانشگاه آزاد اسلامی واحد زنجان,آزاد,sajad
1402,تجربی,45834,19775,منطقه 2,زیست شناسی سلولی مولکولی,,نامشخص,kanoon
1402,تجربی,45873,19794,منطقه 2,فناوری اطلاعات سلامت,,نامشخص,kanoon
1402,تجربی,45952,19831,منطقه 2,فوریت های پزشکی پیش بیمارستانی,,نامشخص,kanoon
1402,تجربی,46000,19900,منطقه 2,معلمی ابتدایی,دانشگاه فرهنگیان - شیراز,فرهنگیان,sajad
1402,تجربی,46324,19998,منطقه 2,بهداشت عمومی,,نامشخص,kanoon
1402,تجربی,46410,20029,منطقه 2,کاردانی فوریت های پزشکی پیش بیمارستانی,,نامشخص,kanoon
1402,تجربی,46660,20135,منطقه 2,آموزش ابتدایی,,نامشخص,kanoon
1402,تجربی,46660,20135,منطقه 2,آموزش کار و فناوری,,نامشخص,kanoon
1402,تجربی,63503,20158,منطقه 3,مهندسی بهداشت محیط,,نامشخص,kanoon
1402,تجربی,63699,20230,منطقه 3,مهندسی بهداشت محیط,,نامشخص,kanoon
1402,تجربی,46935,20256,منطقه 2,میکروبیولوژی,,نامشخص,kanoon
1402,تجربی,83343,20451,منطقه 1,آموزش تربیت بدنی,,نامشخص,kanoon
1402,تجربی,47472,20492,منطقه 2,آموزش کار و فناوری,,نامشخص,kanoon
1402,تجربی,47545,20523,منطقه 2,شیمی کاربردی,,نامشخص,kanoon
1402,تجربی,47626,20557,منطقه 2,کاردانی فوریت های پزشکی پیش بیمارستانی,,نامشخص,kanoon
1402,تجربی,64953,20699,منطقه 3,بهداشت عمومی,,نامشخص,kanoon
1402,تجربی,65053,20730,منطقه 3,بهداشت مدارس,,نامشخص,kanoon
1402,تجربی,48096,20744,منطقه 2,پرستاری,,نامشخص,kanoon
1402,تجربی,65463,20885,منطقه 3,اقتصاد,,نامشخص,kanoon
1402,تجربی,85536,20896,منطقه 1,مدیریت صنعتی,,نامشخص,kanoon
1402,تجربی,65513,20905,منطقه 3,فوریت های پزشکی پیش بیمارستانی,,نامشخص,kanoon
1402,تجربی,65625,20956,منطقه 3,آموزش ابتدایی,,نامشخص,kanoon
1402,تجربی,65625,20956,منطقه 3,آموزش ابتدایی,,نامشخص,kanoon
1402,تجربی,65782,21018,منطقه 3,آموزش کار و فناوری,,نامشخص,kanoon
1402,تجربی,48962,21089,منطقه 2,بهداشت عمومی,,نامشخص,kanoon
1402,تجربی,66089,21132,منطقه 3,علوم آزمایشگاهی,,نامشخص,kanoon
1402,تجربی,66395,21257,منطقه 3,کاردانی آموزش و پرورش ابتدایی,,نامشخص,kanoon
1402,تجربی,49794,21442,منطقه 2,زیست شناسی سلولی مولکولی,,نامشخص,kanoon
1402,تجربی,67022,21503,منطقه 3,فناوری اطلاعات سلامت,,نامشخص,kanoon
1402,تجربی,67461,21665,منطقه 3,فوریت های پزشکی پیش بیمارستانی,,نامشخص,kanoon
1402,تجربی,50620,21786,منطقه 2,شیمی محض,,نامشخص,kanoon
1402,تجربی,68233,21986,منطقه 3,کاردانی آموزش و پرورش ابتدایی,,نامشخص,kanoon
1402,تجربی,68300,22000,منطقه 2,پرستاری,دانشگاه آزاد اسلامی واحد آبادان,آزاد,sajad
1402,تجربی,68600,22100,منطقه 3,اتاق عمل,دانشگاه آزاد اسلامی واحد سراب,آزاد,sajad
1402,تجربی,51410,22120,منطقه 2,آموزش ابتدایی,,نامشخص,kanoon
1402,تجربی,52438,22559,منطقه 2,آموزش شیمی,,نامشخص,kanoon
1402,تجربی,70000,22800,منطقه 3,پرستاری,دانشگاه آزاد اسلامی واحد شاهرود,آزاد خودگردان,sajad
1402,تجربی,53335,22944,منطقه 2,فناوری اطلاعات سلامت,,نامشخص,kanoon
1402,تجربی,54000,23000,منطقه 2,پرستاری,دانشگاه آزاد اسلامی واحد قزوین,آزاد خودگردان,sajad
1402,تجربی,54000,23000,منطقه 2,دندانپزشکی,دانشگاه علوم پزشکی البرز - کرج,روزانه,sajad
1402,تجربی,71200,23000,منطقه 3,پرستاری,دانشگاه آزاد اسلامی واحد اقلید,آزاد,sajad
1402,تجربی,53849,23175,منطقه 2,بهداشت عمومی,,نامشخص,kanoon
1402,تجربی,71591,23210,منطقه 3,زیست شناسی سلولی مولکولی,,نامشخص,kanoon
1402,تجربی,54074,23275,منطقه 2,حسابداری,,نامشخص,kanoon
1402,تجربی,54117,23294,منطقه 2,شیمی کاربردی,,نامشخص,kanoon
1402,تجربی,97269,23336,منطقه 1,علم اطلاعات ودانش شناسی,,نامشخص,kanoon
1402,تجربی,54258,23351,منطقه 2,زیست شناسی سلولی مولکولی,,نامشخص,kanoon
1402,تجربی,54584,23484,منطقه 2,مهندسی بهداشت محیط,,نامشخص,kanoon
1402,تجربی,98114,23524,منطقه 1,علوم و صنایع غذایی(کنترل کیفی و بهداشتی),,نامشخص,kanoon
1402,تجربی,72684,23613,منطقه 3,شیمی محض,,نامشخص,kanoon
1402,تجربی,54975,23647,منطقه 2,زیست شناسی سلولی مولکولی,,نامشخص,kanoon
1402,تجربی,55329,23790,منطقه 2,مهندسی بهداشت محیط,,نامشخص,kanoon
1402,تجربی,73267,23828,منطقه 3,بیولوژی وکنترل ناقلین بیماریها,,نامشخص,kanoon
1402,تجربی,99727,23840,منطقه 1,آموزش ابتدایی,,نامشخص,kanoon
1402,تجربی,55464,23846,منطقه 2,مهندسی بهداشت حرفه ای وایمنی کار,,نامشخص,kanoon
1402,تجربی,55516,23846,منطقه 2,هتلداری,,نامشخص,kanoon
1402,تجربی,55694,23937,منطقه 2,حسابداری,,نامشخص,kanoon
1402,تجربی,57000,24000,منطقه 2,پرستاری,دانشگاه آزاد اسلامی واحد ساری,آزاد خودگردان,sajad
1402,تجربی,254000,24000,سهمیه 5٪,فوریت‌های پزشکی,دانشکده علوم پزشکی مشگین‌شهر,نامشخص,sajad
1402,تجربی,73904,24085,منطقه 3,فوریت های پزشکی پیش بیمارستانی,,نامشخص,kanoon
1402,تجربی,56136,24121,منطقه 2,آموزش کار و فناوری,,نامشخص,kanoon
1402,تجربی,74012,24124,منطقه 3,آموزش ابتدایی,,نامشخص,kanoon
1402,تجربی,56222,24157,منطقه 2,آموزش تربیت بدنی,,نامشخص,kanoon
1402,تجربی,56541,24285,منطقه 2,مدیریت خدمات بهداشتی درمانی,,نامشخص,kanoon
1402,تجربی,56820,24405,منطقه 2,فوریت های پزشکی پیش بیمارستانی,,نامشخص,kanoon
1402,تجربی,102394,24409,منطقه 1,علم اطلاعات ودانش شناسی,,نامشخص,kanoon
1402,تجربی,74881,24451,منطقه 3,آموزش ابتدایی,,نامشخص,kanoon
1402,تجربی,74929,24470,منطقه 3,آموزش کار و فناوری,,نامشخص,kanoon
1402,تجربی,57117,24527,منطقه 2,آموزش علوم تجربی,,نامشخص,kanoon
1402,تجربی,75664,24754,منطقه 3,مهندسی بهداشت محیط,,نامشخص,kanoon
1402,تجربی,57807,24801,منطقه 2,آموزش علوم تجربی,,نامشخص,kanoon
1402,تجربی,58259,25001,منطقه 2,کاردانی فوریت های پزشکی پیش بیمارستانی,,نامشخص,kanoon
1402,تجربی,58314,25027,منطقه 2,زیست شناسی سلولی مولکولی,,نامشخص,kanoon
1402,تجربی,58362,25050,منطقه 2,بیولوژی وکنترل ناقلین بیماریها,,نامشخص,kanoon
1402,تجربی,58492,25104,منطقه 2,آموزش کار و فناوری,,نامشخص,kanoon
1402,تجربی,58692,25190,منطقه 2,فوریت های پزشکی پیش بیمارستانی,,نامشخص,kanoon
1402,تجربی,77127,25305,منطقه 3,تکنولوژی اتاق عمل,,نامشخص,kanoon
1402,تجربی,59174,25407,منطقه 2,آموزش شیمی,,نامشخص,kanoon
1402,تجربی,60308,25867,منطقه 2,زیست شناسی سلولی مولکولی,,نامشخص,kanoon
1402,تجربی,78622,25878,منطقه 3,کاردانی فوریت های پزشکی پیش بیمارستانی,,نامشخص,kanoon
1402,تجربی,60438,25920,منطقه 2,شیمی محض,,نامشخص,kanoon
1402,تجربی,78979,26007,منطقه 3,بهداشت مدارس,,نامشخص,kanoon
1402,تجربی,60971,26158,منطقه 2,آموزش ابتدایی,,نامشخص,kanoon
1402,تجربی,61078,26209,منطقه 2,شیمی کاربردی,,نامشخص,kanoon
1402,تجربی,79693,26293,منطقه 3,کاردانی فوریت های پزشکی پیش بیمارستانی,,نامشخص,kanoon
1402,تجربی,79810,26332,منطقه 3,مدیریت صنعتی,,نامشخص,kanoon
1402,تجربی,79944,26374,منطقه 3,آموزش زیست شناسی,,نامشخص,kanoon
1402,تجربی,80063,26417,منطقه 3,زیست شناسی سلولی مولکولی,,نامشخص,kanoon
1402,تجربی,80234,26469,منطقه 3,فوریت های پزشکی پیش بیمارستانی,,نامشخص,kanoon
1402,تجربی,80468,26562,منطقه 3,فوریت های پزشکی پیش بیمارستانی,,نامشخص,kanoon
1402,تجربی,113183,26595,منطقه 1,زیست شناسی سلولی مولکولی,,نامشخص,kanoon
1402,تجربی,80643,26627,منطقه 3,کاردانی فوریت های پزشکی پیش بیمارستانی,,نامشخص,kanoon
1402,تجربی,80769,26685,منطقه 3,آموزش ابتدایی,,نامشخص,kanoon
1402,تجربی,81421,26949,منطقه 3,فوریت‌های پزشکی,دانشکده علوم پزشکی شوشتر,روزانه,sajad
1402,تجربی,63205,27057,منطقه 2,فناوری اطلاعات سلامت,,نامشخص,kanoon
1402,تجربی,63400,27130,منطقه 2,فوریت های پزشکی پیش بیمارستانی,,نامشخص,kanoon
1402,تجربی,63455,27155,منطقه 2,آموزش ابتدایی,,نامشخص,kanoon
1402,تجربی,82250,27268,منطقه 3,آموزش ابتدایی,,نامشخص,kanoon
1402,تجربی,82250,27268,منطقه 3,بهداشت مواد غذایی,,نامشخص,kanoon
1402,تجربی,63863,27312,منطقه 2,زیست شناسی سلولی مولکولی,,نامشخص,kanoon
1402,تجربی,82579,27394,منطقه 3,بهداشت مواد غذایی,,نامشخص,kanoon
1402,تجربی,82875,27516,منطقه 3,شیمی کاربردی,,نامشخص,kanoon
1402,تجربی,64513,27572,منطقه 2,مهندسی بهداشت حرفه ای وایمنی کار,,نامشخص,kanoon
1402,تجربی,67297,28669,منطقه 2,بهداشت مدارس,,نامشخص,kanoon
1402,تجربی,85963,28725,منطقه 3,آموزش ابتدایی,,نامشخص,kanoon
1402,تجربی,125322,28976,منطقه 1,روانشناسی,,نامشخص,kanoon
1402,تجربی,68721,29212,منطقه 2,آموزش زیست شناسی,,نامشخص,kanoon
1402,تجربی,87654,29390,منطقه 3,کاردانی آموزش و پرورش ابتدایی,,نامشخص,kanoon
1402,تجربی,797284,29542,منطقه 2,پرستاری,,نامشخص,kanoon
1402,تجربی,69877,29699,منطقه 2,کاردانی دامپزشکی,,نامشخص,kanoon
1402,تجربی,88529,29726,منطقه 3,آموزش شیمی,,نامشخص,kanoon
1402,تجربی,89047,29929,منطقه 3,فوریت های پزشکی پیش بیمارستانی,,نامشخص,kanoon
1402,تجربی,70958,30136,منطقه 2,شیمی کاربردی,,نامشخص,kanoon
1402,تجربی,71323,30286,منطقه 2,مدیریت دولتی,,نامشخص,kanoon
1402,تجربی,90027,30344,منطقه 3,کاردانی فوریت های پزشکی پیش بیمارستانی,,نامشخص,kanoon
1402,تجربی,90602,30594,منطقه 3,دبیری زیست,دانشگاه فرهنگیان - زاهدان,فرهنگیان,sajad
1402,تجربی,72422,30748,منطقه 2,فناوری اطلاعات سلامت,,نامشخص,kanoon
1402,تجربی,73789,31296,منطقه 2,آموزش علوم تجربی,,نامشخص,kanoon
1402,تجربی,74065,31415,منطقه 2,آموزش ابتدایی,,نامشخص,kanoon
1402,تجربی,74396,31552,منطقه 2,کاردانی فوریت های پزشکی پیش بیمارستانی,,نامشخص,kanoon
1402,تجربی,93671,31815,منطقه 3,شیمی محض,,نامشخص,kanoon
1402,تجربی,75089,31826,منطقه 2,مدیریت صنعتی,,نامشخص,kanoon
1402,تجربی,77000,32000,منطقه 2,علوم آزمایشگاهی,دانشگاه آزاد اسلامی واحد اراک,آزاد,sajad
1402,تجربی,94600,32200,منطقه 3,بهداشت عمومی,دانشگاه آزاد اسلامی واحد کرج,آزاد,sajad
1402,تجربی,94696,32235,منطقه 3,حسابداری,,نامشخص,kanoon
1402,تجربی,76639,32452,منطقه 2,شیمی کاربردی,,نامشخص,kanoon
1402,تجربی,76968,32590,منطقه 2,حسابداری,,نامشخص,kanoon
1402,تجربی,77000,32600,منطقه 2,علوم آزمایشگاهی,دانشگاه آزاد اسلامی واحد اراک,آزاد,sajad
1402,تجربی,,33000,منطقه 3,فوریت‌های پزشکی,دانشکده علوم پزشکی ممسنی,روزانه,sajad
1402,تجربی,96866,33103,منطقه 3,کاردانی فوریت های پزشکی پیش بیمارستانی,,نامشخص,kanoon
1402,تجربی,97826,33497,منطقه 3,بهداشت مدارس,,نامشخص,kanoon
1402,تجربی,80009,33828,منطقه 2,آموزش ابتدایی,,نامشخص,kanoon
1402,تجربی,81544,34457,منطقه 2,کاردانی فوریت های پزشکی پیش بیمارستانی,,نامشخص,kanoon
1402,تجربی,82810,34985,منطقه 2,کاردانی فوریت های پزشکی پیش بیمارستانی,,نامشخص,kanoon
1402,تجربی,101000,35000,منطقه 3,فوریت‌های پزشکی,دانشکده علوم پزشکی گراش,نامشخص,sajad
1402,تجربی,84500,35500,منطقه 2,فوریت‌های پزشکی,دانشگاه آزاد اسلامی واحد اصفهان (خوراسگان),آزاد,sajad
1402,تجربی,104275,36071,منطقه 3,حسابداری,,نامشخص,kanoon
1402,تجربی,85652,36130,منطقه 2,آموزش زیست شناسی,,نامشخص,kanoon
1402,تجربی,16038,36884,منطقه 2,فناوری اطلاعات سلامت,,نامشخص,kanoon
1402,تجربی,106509,36927,منطقه 3,آموزش ابتدایی,,نامشخص,kanoon
1402,تجربی,88600,37299,منطقه 2,کاردانی فوریت های پزشکی پیش بیمارستانی,,نامشخص,kanoon
1402,تجربی,92861,38934,منطقه 2,حسابداری,,نامشخص,kanoon
1402,تجربی,111645,38952,منطقه 3,مدیریت بیمه,,نامشخص,kanoon
1402,تجربی,95993,40155,منطقه 2,آموزش کار و فناوری,,نامشخص,kanoon
1402,تجربی,114653,40188,منطقه 3,آموزش ابتدایی,,نامشخص,kanoon
1402,تجربی,115955,40738,منطقه 3,آموزش ابتدایی,,نامشخص,kanoon
1402,تجربی,98337,41059,منطقه 2,کاردانی فوریت های پزشکی پیش بیمارستانی,,نامشخص,kanoon
1402,تجربی,122532,43465,منطقه 3,آموزش کار و فناوری,,نامشخص,kanoon
1402,تجربی,122781,43577,منطقه 3,آموزش ابتدایی,,نامشخص,kanoon
1402,تجربی,123114,43711,منطقه 3,حسابداری,,نامشخص,kanoon
1402,تجربی,107548,44760,منطقه 2,آموزش دانش آموزان با نیازهای ویژه,,نامشخص,kanoon
1402,تجربی,125953,44826,منطقه 3,علوم ورزشی,,نامشخص,kanoon
1402,تجربی,126500,45066,منطقه 3,کاردانی فوریت های پزشکی پیش بیمارستانی,,نامشخص,kanoon
1402,تجربی,109343,45459,منطقه 2,آموزش ابتدایی,,نامشخص,kanoon
1402,تجربی,110443,45893,منطقه 2,آموزش دانش آموزان با نیازهای ویژه,,نامشخص,kanoon
1402,تجربی,128598,45921,منطقه 3,علوم آزمایشگاهی دامپزشکی,,نامشخص,kanoon
1402,تجربی,129261,46209,منطقه 3,علوم ورزشی,,نامشخص,kanoon
1402,تجربی,129445,46290,منطقه 3,پزشکی,,نامشخص,kanoon
1402,تجربی,132407,47493,منطقه 3,آموزش ابتدایی,,نامشخص,kanoon
1402,تجربی,114578,47565,منطقه 2,آموزش ابتدایی,,نامشخص,kanoon
1402,تجربی,138644,50024,منطقه 3,آموزش ابتدایی,,نامشخص,kanoon
1402,تجربی,124429,51408,منطقه 2,آموزش ابتدایی,,نامشخص,kanoon
1402,تجربی,126325,52170,منطقه 2,کاردانی فوریت های پزشکی پیش بیمارستانی,,نامشخص,kanoon
1402,تجربی,127342,52557,منطقه 2,حسابداری,,نامشخص,kanoon
1402,تجربی,128667,53075,منطقه 2,مدیریت امور بانکی,,نامشخص,kanoon
1402,تجربی,149505,54578,منطقه 3,روانشناسی,,نامشخص,kanoon
1402,تجربی,139390,57347,منطقه 2,مدیریت مالی,,نامشخص,kanoon
1402,تجربی,156636,57610,منطقه 3,میکروبیولوژی,,نامشخص,kanoon
1402,تجربی,149805,61347,منطقه 2,زیست شناسی سلولی مولکولی,,نامشخص,kanoon
1402,تجربی,152591,62405,منطقه 2,حسابداری,,نامشخص,kanoon
1402,تجربی,199447,76070,منطقه 3,مدیریت بازرگانی,,نامشخص,kanoon
1402,تجربی,188602,76214,منطقه 2,روانشناسی,,نامشخص,kanoon
1402,تجربی,204249,78116,منطقه 3,حسابداری,,نامشخص,kanoon
1402,تجربی,194851,78608,منطقه 2,علوم ورزشی,,نامشخص,kanoon
1402,تجربی,216677,83482,منطقه 3,مدیریت دولتی,,نامشخص,kanoon
