code,major,university,old_category,new_category,capacity,source_page,reason
31601,پزشکی,دانشگاه علوم پزشکی و خدمات بهداشتی درمانی تبریز,شرایط خاص,عادی,54,47,No special admission criterion; hostel noncommitment is not service commitment
31602,پزشکی,دانشگاه علوم پزشکی و خدمات بهداشتی درمانی تبریز,عادی,شرایط خاص,1,47,دارای مصاحبه - بورس و استخدام فرماندهی انتظامی جمهوری اسالمی ( فراجا ) - شرایط در دفترچه « پیوست ها » - مطابق شرایط و ضوابط فراجا - فاقد خوابگاه
31609,پرستاری,دانشگاه علوم پزشکی و خدمات بهداشتی درمانی تبریز,شرایط خاص,سهمیه بهیاران,4,47,ویژه بهیاران
31612,اتاق عمل,دانشگاه علوم پزشکی و خدمات بهداشتی درمانی تبریز,شرایط خاص,سهمیه بهیاران,1,47,ویژه بهیاران
31621,فوریت‌های پزشکی پیش‌بیمارستانی,دانشگاه علوم پزشکی و خدمات بهداشتی درمانی تبریز,شرایط خاص,سهمیه بهیاران,1,48,دارای مصاحبه - ویژه بهیاران - شرایط در دفترچه « پیوست ها »
31627,مهندسی بهداشت محیط,دانشگاه علوم پزشکی و خدمات بهداشتی درمانی تبریز,شرایط خاص,عادی,25,48,No special admission criterion; hostel noncommitment is not service commitment
31628,مهندسی بهداشت محیط,دانشگاه علوم پزشکی و خدمات بهداشتی درمانی تبریز,عادی,شرایط خاص,1,48,دارای مصاحبه - بورس و استخدام فرماندهی انتظامی جمهوری اسالمی ( فراجا ) - شرایط در دفترچه « پیوست ها » - مطابق شرایط و ضوابط فراجا - فاقد خوابگاه
31629,هوشبری,دانشگاه علوم پزشکی و خدمات بهداشتی درمانی تبریز,شرایط خاص,سهمیه بهیاران,1,48,ویژه بهیاران
31638,پرستاری,دانشگاه علوم پزشکی و خدمات بهداشتی درمانی تبریز,شرایط خاص,سهمیه بهیاران,1,48,ویژه بهیاران - فاقد خوابگاه
31653,پرستاری,دانشگاه علوم پزشکی و خدمات بهداشتی درمانی تبریز (محل تحصیل شهرستان اهر),شرایط خاص,سهمیه بهیاران,1,48,ویژه بهیاران - ممنوعیت در میهمانی و انتقال به دانشکده پرستاری تبریز و سایر دانشگاه ها - معرفی به خوابگاه های خودگردان
31655,پرستاری,دانشگاه علوم پزشکی و)خدمات بهداشتی درمانی تبریز (محل تحصیل مجتمع آموزش عالی سالمت بناب,شرایط خاص,سهمیه بهیاران,1,49,ویژه بهیاران - دارای خوابگاه استیجاری
31657,پرستاری,دانشگاه علوم پزشکی و خدمات بهداشتی درمانی تبریز (محل تحصیل مجتمع آموزش عالی سالمت مرند),شرایط خاص,عادی,22,49,ممنوعیت در میهمانی و انتقال به دانشکده پرستاری تبریز و سایر دانشگاه ها - عدم تعهد در واگذاری خوابگاه
31658,پرستاری,دانشگاه علوم پزشکی و خدمات بهداشتی درمانی تبریز (محل تحصیل مجتمع آموزش عالی سالمت مرند),شرایط خاص,سهمیه بهیاران,1,49,ویژه بهیاران - ممنوعیت در میهمانی و انتقال به دانشکده پرستاری تبریز و سایر دانشگاه ها - عدم تعهد در واگذاری خوابگاه
31659,فوریت‌های پزشکی پیش‌بیمارستانی,دانشگاه علوم پزشکی و خدمات بهداشتی درمانی تبریز (محل تحصیل مجتمع آموزش عالی سالمت مرند),شرایط خاص,سهمیه بهیاران,1,49,دارای مصاحبه - ویژه بهیاران - شرایط در دفترچه « پیوست ها » - عدم تعهد در واگذاری خوابگاه
31662,پرستاری,دانشگاه علوم پزشکی و خدمات بهداشتی درمانی تبریز (محل تحصیل دانشکده پرستاری میانه),شرایط خاص,سهمیه بهیاران,1,49,ویژه بهیاران - عدم تعهد در واگذاری خوابگاه
31663,پرستاری,دانشگاه علوم پزشکی و خدمات بهداشتی درمانی تبریز (محل تحصیل دانشکده پرستاری میانه),شرایط خاص,عادی,21,49,ممنوعیت در میهمانی و انتقال به دانشکده پرستاری تبریز و سایر دانشگاه ها - عدم تعهد در واگذاری خوابگاه
31667,پرستاری,دانشکده علوم پزشکی و خدمات بهداشتی درمانی سراب,شرایط خاص,سهمیه بهیاران,2,49,ویژه بهیاران - ملکی ًخوابگاه صرفا برای خواهران
31670,فوریت‌های پزشکی پیش‌بیمارستانی,دانشکده علوم پزشکی و خدمات بهداشتی درمانی سراب,شرایط خاص,سهمیه بهیاران,1,50,دارای مصاحبه - ویژه بهیاران - شرایط در دفترچه « پیوست ها » - دارای خوابگاه ملکی
31674,بهداشت عمومی,دانشکده علوم پزشکی و خدمات بهداشتی درمانی مراغه,شرایط خاص,عادی,25,50,عدم تعهد در واگذاری خوابگاه
31675,پرستاری,دانشکده علوم پزشکی و خدمات بهداشتی درمانی مراغه,شرایط خاص,عادی,19,50,عدم تعهد در واگذاری خوابگاه
31676,پرستاری,دانشکده علوم پزشکی و خدمات بهداشتی درمانی مراغه,شرایط خاص,سهمیه بهیاران,2,50,ویژه بهیاران - عدم تعهد در واگذاری خوابگاه
31677,پرستاری,دانشکده علوم پزشکی و خدمات بهداشتی درمانی مراغه,شرایط خاص,عادی,19,50,عدم تعهد در واگذاری خوابگاه
31678,اتاق عمل,دانشکده علوم پزشکی و خدمات بهداشتی درمانی مراغه,شرایط خاص,عادی,14,50,عدم تعهد در واگذاری خوابگاه
31679,اتاق عمل,دانشکده علوم پزشکی و خدمات بهداشتی درمانی مراغه,شرایط خاص,سهمیه بهیاران,1,50,ویژه بهیاران - عدم تعهد در واگذاری خوابگاه
31680,علوم آزمایشگاهی,دانشکده علوم پزشکی و خدمات بهداشتی درمانی مراغه,شرایط خاص,عادی,20,50,عدم تعهد در واگذاری خوابگاه
31681,علوم تغذیه,دانشکده علوم پزشکی و خدمات بهداشتی درمانی مراغه,شرایط خاص,عادی,19,50,عدم تعهد در واگذاری خوابگاه
31682,علوم و صنایع غذایی / علوم و مهندسی صنایع غذایی,دانشکده علوم پزشکی و خدمات بهداشتی درمانی مراغه,شرایط خاص,عادی,25,50,عدم تعهد در واگذاری خوابگاه
31683,فوریت‌های پزشکی پیش‌بیمارستانی,دانشکده علوم پزشکی و خدمات بهداشتی درمانی مراغه,شرایط خاص,سهمیه بهیاران,1,50,دارای مصاحبه - ویژه بهیاران - شرایط در دفترچه « پیوست ها » - عدم تعهد در واگذاری خوابگاه
31685,مدیریت خدمات بهداشتی درمانی,دانشکده علوم پزشکی و خدمات بهداشتی درمانی مراغه,شرایط خاص,عادی,15,50,عدم تعهد در واگذاری خوابگاه
31686,مهندسی بهداشت محیط,دانشکده علوم پزشکی و خدمات بهداشتی درمانی مراغه,شرایط خاص,عادی,20,50,عدم تعهد در واگذاری خوابگاه
31687,بهداشت عمومی,دانشکده علوم پزشکی و خدمات بهداشتی درمانی مراغه,شرایط خاص,عادی,5,50,عدم تعهد در واگذاری خوابگاه
31688,پرستاری,دانشکده علوم پزشکی و خدمات بهداشتی درمانی مراغه,شرایط خاص,عادی,5,50,عدم تعهد در واگذاری خوابگاه
31689,پرستاری,دانشکده علوم پزشکی و خدمات بهداشتی درمانی مراغه,شرایط خاص,سهمیه بهیاران,1,50,ویژه بهیاران - عدم تعهد در واگذاری خوابگاه
31690,پرستاری,دانشکده علوم پزشکی و خدمات بهداشتی درمانی مراغه,شرایط خاص,عادی,5,50,عدم تعهد در واگذاری خوابگاه
31691,اتاق عمل,دانشکده علوم پزشکی و خدمات بهداشتی درمانی مراغه,شرایط خاص,عادی,5,50,عدم تعهد در واگذاری خوابگاه
31692,علوم آزمایشگاهی,دانشکده علوم پزشکی و خدمات بهداشتی درمانی مراغه,شرایط خاص,عادی,5,50,عدم تعهد در واگذاری خوابگاه
31693,علوم تغذیه,دانشکده علوم پزشکی و خدمات بهداشتی درمانی مراغه,شرایط خاص,عادی,5,50,عدم تعهد در واگذاری خوابگاه
31694,علوم و صنایع غذایی / علوم و مهندسی صنایع غذایی,دانشکده علوم پزشکی و خدمات بهداشتی درمانی مراغه,شرایط خاص,عادی,5,50,عدم تعهد در واگذاری خوابگاه
31696,مدیریت خدمات بهداشتی درمانی,دانشکده علوم پزشکی و خدمات بهداشتی درمانی مراغه,شرایط خاص,عادی,5,50,عدم تعهد در واگذاری خوابگاه
31697,مهندسی بهداشت محیط,دانشکده علوم پزشکی و خدمات بهداشتی درمانی مراغه,شرایط خاص,عادی,5,50,عدم تعهد در واگذاری خوابگاه
31702,پزشکی,دانشگاه علوم پزشکی و خدمات بهداشتی درمانی ارومیه,شرایط خاص,عادی,39,51,عدم تعهد در واگذاری خوابگاه
31704,پزشکی,دانشگاه علوم پزشکی و خدمات بهداشتی درمانی ارومیه,شرایط خاص,عادی,38,51,عدم تعهد در واگذاری خوابگاه
31705,داروسازی,دانشگاه علوم پزشکی و خدمات بهداشتی درمانی ارومیه,شرایط خاص,عادی,14,51,عدم تعهد در واگذاری خوابگاه
31706,دندانپزشکی,دانشگاه علوم پزشکی و خدمات بهداشتی درمانی ارومیه,شرایط خاص,عادی,24,51,عدم تعهد در واگذاری خوابگاه
31708,بهداشت عمومی,دانشگاه علوم پزشکی و خدمات بهداشتی درمانی ارومیه,شرایط خاص,عادی,20,51,عدم تعهد در واگذاری خوابگاه
31709,پرستاری,دانشگاه علوم پزشکی و خدمات بهداشتی درمانی ارومیه,شرایط خاص,عادی,25,51,عدم تعهد در واگذاری خوابگاه
31710,پرستاری,دانشگاه علوم پزشکی و خدمات بهداشتی درمانی ارومیه,شرایط خاص,سهمیه بهیاران,2,51,ویژه بهیاران - عدم تعهد در واگذاری خوابگاه
31711,پرستاری,دانشگاه علوم پزشکی و خدمات بهداشتی درمانی ارومیه,شرایط خاص,عادی,25,51,عدم تعهد در واگذاری خوابگاه
31712,اتاق عمل,دانشگاه علوم پزشکی و خدمات بهداشتی درمانی ارومیه,شرایط خاص,سهمیه بهیاران,1,51,ویژه بهیاران - عدم تعهد در واگذاری خوابگاه
31713,اتاق عمل,دانشگاه علوم پزشکی و خدمات بهداشتی درمانی ارومیه,شرایط خاص,عادی,25,51,عدم تعهد در واگذاری خوابگاه
31714,تکنولوژی پرتوشناسی,دانشگاه علوم پزشکی و خدمات بهداشتی درمانی ارومیه,شرایط خاص,عادی,25,51,عدم تعهد در واگذاری خوابگاه
31715,علوم آزمایشگاهی,دانشگاه علوم پزشکی و خدمات بهداشتی درمانی ارومیه,شرایط خاص,عادی,20,51,عدم تعهد در واگذاری خوابگاه
31716,فناوری اطلاعات سلامت,دانشگاه علوم پزشکی و خدمات بهداشتی درمانی ارومیه,شرایط خاص,عادی,30,51,عدم تعهد در واگذاری خوابگاه
31718,فوریت‌های پزشکی پیش‌بیمارستانی,دانشگاه علوم پزشکی و خدمات بهداشتی درمانی ارومیه,شرایط خاص,سهمیه بهیاران,1,51,دارای مصاحبه - ویژه بهیاران - شرایط در دفترچه « پیوست ها » - عدم تعهد در واگذاری خوابگاه
31719,مامایی,دانشگاه علوم پزشکی و خدمات بهداشتی درمانی ارومیه,شرایط خاص,عادی,30,51,عدم تعهد در واگذاری خوابگاه
31720,مهندسی بهداشت محیط,دانشگاه علوم پزشکی و خدمات بهداشتی درمانی ارومیه,شرایط خاص,عادی,25,51,عدم تعهد در واگذاری خوابگاه
31721,هوشبری,دانشگاه علوم پزشکی و خدمات بهداشتی درمانی ارومیه,شرایط خاص,عادی,25,51,عدم تعهد در واگذاری خوابگاه
31722,هوشبری,دانشگاه علوم پزشکی و خدمات بهداشتی درمانی ارومیه,شرایط خاص,سهمیه بهیاران,1,51,ویژه بهیاران - عدم تعهد در واگذاری خوابگاه
35703,مهندسی بهداشت حرفه ای و ایمنی کار,دانشگاه علوم پزشکی و خدمات بهداشتی درمانی ارومیه,شرایط خاص,عادی,20,51,عدم تعهد در واگذاری خوابگاه
31723,پزشکی,دانشگاه علوم پزشکی و خدمات بهداشتی درمانی ارومیه,شرایط خاص,عادی,20,52,عدم تعهد در واگذاری خوابگاه
31724,پزشکی,دانشگاه علوم پزشکی و خدمات بهداشتی درمانی ارومیه,شرایط خاص,عادی,20,52,عدم تعهد در واگذاری خوابگاه
31725,داروسازی,دانشگاه علوم پزشکی و خدمات بهداشتی درمانی ارومیه,شرایط خاص,عادی,10,52,عدم تعهد در واگذاری خوابگاه
31726,دندانپزشکی,دانشگاه علوم پزشکی و خدمات بهداشتی درمانی ارومیه,شرایط خاص,عادی,4,52,عدم تعهد در واگذاری خوابگاه
31727,بهداشت عمومی,دانشگاه علوم پزشکی و خدمات بهداشتی درمانی ارومیه,شرایط خاص,عادی,5,52,عدم تعهد در واگذاری خوابگاه
31728,پرستاری,دانشگاه علوم پزشکی و خدمات بهداشتی درمانی ارومیه,شرایط خاص,عادی,5,52,عدم تعهد در واگذاری خوابگاه
31729,پرستاری,دانشگاه علوم پزشکی و خدمات بهداشتی درمانی ارومیه,شرایط خاص,سهمیه بهیاران,1,52,ویژه بهیاران - عدم تعهد در واگذاری خوابگاه
31730,پرستاری,دانشگاه علوم پزشکی و خدمات بهداشتی درمانی ارومیه,شرایط خاص,عادی,5,52,عدم تعهد در واگذاری خوابگاه
31731,اتاق عمل,دانشگاه علوم پزشکی و خدمات بهداشتی درمانی ارومیه,شرایط خاص,عادی,4,52,عدم تعهد در واگذاری خوابگاه
31732,علوم آزمایشگاهی,دانشگاه علوم پزشکی و خدمات بهداشتی درمانی ارومیه,شرایط خاص,عادی,5,52,عدم تعهد در واگذاری خوابگاه
31733,فناوری اطلاعات سلامت,دانشگاه علوم پزشکی و خدمات بهداشتی درمانی ارومیه,شرایط خاص,عادی,10,52,عدم تعهد در واگذاری خوابگاه
31735,مامایی,دانشگاه علوم پزشکی و خدمات بهداشتی درمانی ارومیه,شرایط خاص,عادی,5,52,عدم تعهد در واگذاری خوابگاه
31736,مهندسی بهداشت محیط,دانشگاه علوم پزشکی و خدمات بهداشتی درمانی ارومیه,شرایط خاص,عادی,5,52,عدم تعهد در واگذاری خوابگاه
35705,مهندسی بهداشت حرفه ای و ایمنی کار,دانشگاه علوم پزشکی و خدمات بهداشتی درمانی ارومیه,شرایط خاص,عادی,4,52,عدم تعهد در واگذاری خوابگاه
31737,بهداشت عمومی,دانشگاه علوم پزشکی و خدمات بهداشتی درمانی ارومیه (محل تحصیل دانشکده علوم پزشکی بوکان),شرایط خاص,عادی,20,52,ممنوعیت انتقال به دانشکده بهداشت ارومیه - عدم تعهد در واگذاری خوابگاه
31738,پرستاری,دانشگاه علوم پزشکی و خدمات بهداشتی درمانی ارومیه (محل تحصیل دانشکده علوم پزشکی بوکان),شرایط خاص,عادی,25,52,ممنوعیت انتقال به دانشکده پرستاری ارومیه - عدم تعهد در واگذاری خوابگاه
31739,پرستاری,دانشگاه علوم پزشکی و خدمات بهداشتی درمانی ارومیه (محل تحصیل دانشکده علوم پزشکی بوکان),شرایط خاص,سهمیه بهیاران,1,52,ویژه بهیاران - ممنوعیت انتقال به دانشکده پرستاری ارومیه - عدم تعهد در واگذاری خوابگاه
31740,فوریت‌های پزشکی پیش‌بیمارستانی,دانشگاه علوم پزشکی و خدمات بهداشتی درمانی ارومیه (محل تحصیل دانشکده علوم پزشکی بوکان),شرایط خاص,سهمیه بهیاران,1,52,دارای مصاحبه - ویژه بهیاران - شرایط در دفترچه « پیوست ها » - عدم تعهد در واگذاری خوابگاه
31742,بهداشت عمومی,دانشگاه علوم پزشکی و خدمات بهداشتی درمانی ارومیه (محل تحصیل دانشکده علوم پزشکی بوکان),شرایط خاص,عادی,5,52,ممنوعیت انتقال به دانشکده بهداشت ارومیه - عدم تعهد در واگذاری خوابگاه
31743,پرستاری,دانشگاه علوم پزشکی و خدمات)بهداشتی درمانی ارومیه (محل تحصیل دانشکده پرستاری سلماس,شرایط خاص,سهمیه بهیاران,1,52,ویژه بهیاران - ممنوعیت انتقال به دانشکده پرستاری ارومیه - عدم تعهد در واگذاری خوابگاه
31744,پرستاری,دانشگاه علوم پزشکی و خدمات)بهداشتی درمانی ارومیه (محل تحصیل دانشکده پرستاری سلماس,شرایط خاص,عادی,25,52,ممنوعیت انتقال به دانشکده پرستاری ارومیه - عدم تعهد در واگذاری خوابگاه
31745,پرستاری,دانشگاه علوم پزشکی و خدمات بهداشتی درمانی ارومیه (محل تحصیل دانشکده علوم پزشکی),شرایط خاص,عادی,25,52,ممنوعیت انتقال به دانشکده پرستاری ارومیه - عدم تعهد در واگذاری خوابگاه
31746,پرستاری,دانشگاه علوم پزشکی و خدمات بهداشتی درمانی ارومیه (محل تحصیل دانشکده علوم پزشکی),شرایط خاص,سهمیه بهیاران,1,52,ویژه بهیاران - ممنوعیت انتقال به دانشکده پرستاری ارومیه - عدم تعهد در واگذاری خوابگاه
31747,فوریت‌های پزشکی پیش‌بیمارستانی,دانشگاه علوم پزشکی و خدمات بهداشتی درمانی ارومیه (محل تحصیل دانشکده علوم),شرایط خاص,سهمیه بهیاران,1,53,دارای مصاحبه - ویژه بهیاران - شرایط در دفترچه « پیوست ها » - عدم تعهد در واگذاری خوابگاه
31749,مامایی,دانشگاه علوم پزشکی و خدمات بهداشتی درمانی ارومیه (محل تحصیل دانشکده علوم),شرایط خاص,عادی,15,53,ممنوعیت انتقال به دانشکده پرستاری ارومیه - عدم تعهد در واگذاری خوابگاه
31750,مامایی,دانشگاه علوم پزشکی و خدمات بهداشتی درمانی ارومیه (محل تحصیل دانشکده علوم),شرایط خاص,عادی,5,53,ممنوعیت انتقال به دانشکده پرستاری ارومیه - عدم تعهد در واگذاری خوابگاه
31751,پزشکی,دانشگاه علوم پزشکی و خدمات بهداشتی درمانی ارومیه (محل تحصیل)دانشکده علوم پزشکی خوی,شرایط خاص,عادی,19,53,ممنوعیت انتقال به دانشکده پزشکی دانشگاه علوم پزشکی ارومیه - عدم تعهد در واگذاری خوابگاه
31752,بهداشت عمومی,دانشگاه علوم پزشکی و خدمات بهداشتی درمانی ارومیه (محل تحصیل دانشکده)علوم پزشکی مهاباد,شرایط خاص,عادی,15,53,عدم تعهد در واگذاری خوابگاه
31753,پرستاری,دانشگاه علوم پزشکی و خدمات بهداشتی درمانی ارومیه (محل تحصیل دانشکده)علوم پزشکی مهاباد,شرایط خاص,سهمیه بهیاران,1,53,ویژه بهیاران - ممنوعیت انتقال به دانشکده پرستاری ارومیه - عدم تعهد در واگذاری خوابگاه
31754,پرستاری,دانشگاه علوم پزشکی و خدمات بهداشتی درمانی ارومیه (محل تحصیل دانشکده)علوم پزشکی مهاباد,شرایط خاص,عادی,25,53,ممنوعیت انتقال به دانشکده پرستاری ارومیه - عدم تعهد در واگذاری خوابگاه
31755,اتاق عمل,دانشگاه علوم پزشکی و خدمات بهداشتی درمانی ارومیه (محل تحصیل دانشکده)علوم پزشکی مهاباد,شرایط خاص,سهمیه بهیاران,1,53,ویژه بهیاران - عدم تعهد در واگذاری خوابگاه
31756,اتاق عمل,دانشگاه علوم پزشکی و خدمات بهداشتی درمانی ارومیه (محل تحصیل دانشکده)علوم پزشکی مهاباد,شرایط خاص,عادی,15,53,عدم تعهد در واگذاری خوابگاه
31757,بهداشت عمومی,دانشگاه علوم پزشکی و خدمات بهداشتی درمانی ارومیه (محل تحصیل دانشکده)علوم پزشکی مهاباد,شرایط خاص,عادی,5,53,عدم تعهد در واگذاری خوابگاه
31758,اتاق عمل,دانشگاه علوم پزشکی و خدمات بهداشتی درمانی ارومیه (محل تحصیل دانشکده)علوم پزشکی مهاباد,شرایط خاص,عادی,3,53,عدم تعهد در واگذاری خوابگاه
31759,پرستاری,دانشگاه علوم پزشکی و خدمات بهداشتی درمانی ارومیه (محل تحصیل دانشکده)پرستاری نقده,شرایط خاص,سهمیه بهیاران,1,53,ویژه بهیاران - ممنوعیت انتقال به دانشکده پرستاری ارومیه - عدم تعهد در واگذاری خوابگاه
31760,پرستاری,دانشگاه علوم پزشکی و خدمات بهداشتی درمانی ارومیه (محل تحصیل دانشکده)پرستاری نقده,شرایط خاص,عادی,25,53,ممنوعیت انتقال به دانشکده پرستاری ارومیه - عدم تعهد در واگذاری خوابگاه
31761,بهداشت عمومی,دانشکده علوم پزشکی و خدمات بهداشتی درمانی خوی,شرایط خاص,عادی,20,53,عدم تعهد در واگذاری خوابگاه
31762,پرستاری,دانشکده علوم پزشکی و خدمات بهداشتی درمانی خوی,شرایط خاص,عادی,35,53,عدم تعهد در واگذاری خوابگاه
31763,پرستاری,دانشکده علوم پزشکی و خدمات بهداشتی درمانی خوی,شرایط خاص,سهمیه بهیاران,2,53,ویژه بهیاران - عدم تعهد در واگذاری خوابگاه
31764,اتاق عمل,دانشکده علوم پزشکی و خدمات بهداشتی درمانی خوی,شرایط خاص,سهمیه بهیاران,1,53,ویژه بهیاران - عدم تعهد در واگذاری خوابگاه
31765,اتاق عمل,دانشکده علوم پزشکی و خدمات بهداشتی درمانی خوی,شرایط خاص,عادی,11,53,عدم تعهد در واگذاری خوابگاه
31766,علوم آزمایشگاهی,دانشکده علوم پزشکی و خدمات بهداشتی درمانی خوی,شرایط خاص,عادی,20,53,عدم تعهد در واگذاری خوابگاه
31767,فوریت‌های پزشکی پیش‌بیمارستانی,دانشکده علوم پزشکی و خدمات بهداشتی درمانی خوی,شرایط خاص,سهمیه بهیاران,1,53,دارای مصاحبه - ویژه بهیاران - شرایط در دفترچه « پیوست ها » - عدم تعهد در واگذاری خوابگاه
31769,مهندسی بهداشت محیط,دانشکده علوم پزشکی و خدمات بهداشتی درمانی خوی,شرایط خاص,عادی,20,54,عدم تعهد در واگذاری خوابگاه
31771,بهداشت عمومی,دانشکده علوم پزشکی و خدمات بهداشتی درمانی خوی,شرایط خاص,عادی,5,54,عدم تعهد در واگذاری خوابگاه
31772,پرستاری,دانشکده علوم پزشکی و خدمات بهداشتی درمانی خوی,شرایط خاص,عادی,5,54,عدم تعهد در واگذاری خوابگاه
31773,اتاق عمل,دانشکده علوم پزشکی و خدمات بهداشتی درمانی خوی,شرایط خاص,عادی,3,54,عدم تعهد در واگذاری خوابگاه
31774,علوم آزمایشگاهی,دانشکده علوم پزشکی و خدمات بهداشتی درمانی خوی,شرایط خاص,عادی,5,54,عدم تعهد در واگذاری خوابگاه
31776,مهندسی بهداشت محیط,دانشکده علوم پزشکی و خدمات بهداشتی درمانی خوی,شرایط خاص,عادی,5,54,عدم تعهد در واگذاری خوابگاه
31786,پرستاری,دانشگاه علوم پزشکی و خدمات بهداشتی درمانی اردبیل,شرایط خاص,سهمیه بهیاران,3,54,ویژه بهیاران - فاقد خوابگاه
31789,اتاق عمل,دانشگاه علوم پزشکی و خدمات بهداشتی درمانی اردبیل,شرایط خاص,سهمیه بهیاران,1,54,ویژه بهیاران - فاقد خوابگاه
31794,فوریت‌های پزشکی پیش‌بیمارستانی,دانشگاه علوم پزشکی و خدمات بهداشتی درمانی اردبیل,شرایط خاص,سهمیه بهیاران,1,54,دارای مصاحبه - ویژه بهیاران - شرایط در دفترچه « پیوست ها » - فاقد خوابگاه
31798,هوشبری,دانشگاه علوم پزشکی و خدمات بهداشتی درمانی اردبیل,شرایط خاص,سهمیه بهیاران,1,54,ویژه بهیاران - فاقد خوابگاه
31812,پرستاری,دانشگاه علوم پزشکی و خدمات))بهداشتی درمانی اردبیل (محل تحصیل دانشکده پرستاری مغان (گرمی,شرایط خاص,سهمیه بهیاران,2,55,ویژه بهیاران - فاقد خوابگاه
31814,پرستاری,دانشگاه علوم پزشکی و خدمات بهداشتی درمانی اردبیل (محل تحصیل مجتمع آموزش عالی سالمت),شرایط خاص,سهمیه بهیاران,2,55,ویژه بهیاران - فاقد خوابگاه
31816,فوریت‌های پزشکی پیش‌بیمارستانی,دانشگاه علوم پزشکی و خدمات بهداشتی درمانی اردبیل (محل تحصیل مجتمع آموزش عالی سالمت),شرایط خاص,سهمیه بهیاران,1,55,دارای مصاحبه - ویژه بهیاران - شرایط در دفترچه « پیوست ها » - فاقد خوابگاه
31820,پرستاری,دانشکده علوم پزشکی و خدمات بهداشتی درمانی خلخال,شرایط خاص,سهمیه بهیاران,1,55,ویژه بهیاران - - دارای خوابگاه ملکی
31825,فوریت‌های پزشکی پیش‌بیمارستانی,دانشکده علوم پزشکی و خدمات بهداشتی درمانی خلخال,شرایط خاص,سهمیه بهیاران,1,55,دارای مصاحبه - ویژه بهیاران - شرایط در دفترچه « پیوست ها » - فاقد خوابگاه
31830,پزشکی,دانشگاه علوم پزشکی و خدمات بهداشتی درمانی اصفهان,شرایط خاص,عادی,84,55,محدودیت در ارائه خوابگاه
31831,پزشکی,دانشگاه علوم پزشکی و خدمات بهداشتی درمانی اصفهان,عادی,شرایط خاص,2,55,دارای مصاحبه - بورس و استخدام فرماندهی انتظامی جمهوری اسالمی ( فراجا ) - شرایط در دفترچه « پیوست ها » - مطابق شرایط و ضوابط فراجا - محدودیت در ارائه خوابگاه
31832,پزشکی,دانشگاه علوم پزشکی و خدمات بهداشتی درمانی اصفهان,عادی,شرایط خاص,10,56,دارای مصاحبه - بورس و استخدام ارتش جمهوری اسالمی ( آجا ) - شرایط در دفترچه « پیوست ها » - دارای گزینش و معاینات جسمانی - محدودیت در ارائه خوابگاه
31835,دندانپزشکی,دانشگاه علوم پزشکی و خدمات بهداشتی درمانی اصفهان,شرایط خاص,عادی,35,56,محدودیت در ارائه خوابگاه
31836,دندانپزشکی,دانشگاه علوم پزشکی و خدمات بهداشتی درمانی اصفهان,عادی,شرایط خاص,1,56,دارای مصاحبه - بورس و استخدام فرماندهی انتظامی جمهوری اسالمی ( فراجا ) - شرایط در دفترچه « پیوست ها » - مطابق شرایط و ضوابط فراجا - محدودیت در ارائه خوابگاه
31840,پرستاری,دانشگاه علوم پزشکی و خدمات بهداشتی درمانی اصفهان,شرایط خاص,سهمیه بهیاران,3,56,ویژه بهیاران - محدودیت در ارائه خوابگاه
31841,پرستاری,دانشگاه علوم پزشکی و خدمات بهداشتی درمانی اصفهان,شرایط خاص,سهمیه بهیاران,3,56,ویژه بهیاران - محدودیت در ارائه خوابگاه
31844,اتاق عمل,دانشگاه علوم پزشکی و خدمات بهداشتی درمانی اصفهان,شرایط خاص,سهمیه بهیاران,1,56,ویژه بهیاران - محدودیت در ارائه خوابگاه
31851,فوریت‌های پزشکی پیش‌بیمارستانی,دانشگاه علوم پزشکی و خدمات بهداشتی درمانی اصفهان,شرایط خاص,سهمیه بهیاران,1,56,دارای مصاحبه - ویژه بهیاران - شرایط در دفترچه « پیوست ها » - محدودیت در ارائه خوابگاه
31860,هوشبری,دانشگاه علوم پزشکی و خدمات بهداشتی درمانی اصفهان,شرایط خاص,سهمیه بهیاران,2,56,ویژه بهیاران - محدودیت در ارائه خوابگاه
31866,پرستاری,دانشگاه علوم پزشکی و خدمات بهداشتی درمانی اصفهان,شرایط خاص,سهمیه بهیاران,1,57,ویژه بهیاران - فاقد خوابگاه
31869,اتاق عمل,دانشگاه علوم پزشکی و خدمات بهداشتی درمانی اصفهان,شرایط خاص,سهمیه بهیاران,1,57,ویژه بهیاران - فاقد خوابگاه
31887,پزشکی,دانشگاه علوم پزشکی و خدمات بهداشتی درمانی کاشان,شرایط خاص,عادی,33,57,عدم تعهد در واگذاری خوابگاه
31888,پزشکی,دانشگاه علوم پزشکی و خدمات بهداشتی درمانی کاشان,شرایط خاص,عادی,34,57,عدم تعهد در واگذاری خوابگاه
31889,دندانپزشکی,دانشگاه علوم پزشکی و خدمات بهداشتی درمانی کاشان,شرایط خاص,عادی,12,57,عدم تعهد در واگذاری خوابگاه
31890,بهداشت عمومی,دانشگاه علوم پزشکی و خدمات بهداشتی درمانی کاشان,شرایط خاص,عادی,25,57,عدم تعهد در واگذاری خوابگاه
31891,پرستاری,دانشگاه علوم پزشکی و خدمات بهداشتی درمانی کاشان,شرایط خاص,عادی,45,57,عدم تعهد در واگذاری خوابگاه
31892,پرستاری,دانشگاه علوم پزشکی و خدمات بهداشتی درمانی کاشان,شرایط خاص,سهمیه بهیاران,4,57,ویژه بهیاران - عدم تعهد در واگذاری خوابگاه
31893,پرستاری,دانشگاه علوم پزشکی و خدمات بهداشتی درمانی کاشان,شرایط خاص,عادی,45,57,عدم تعهد در واگذاری خوابگاه
31894,اتاق عمل,دانشگاه علوم پزشکی و خدمات بهداشتی درمانی کاشان,شرایط خاص,عادی,20,57,عدم تعهد در واگذاری خوابگاه
31895,اتاق عمل,دانشگاه علوم پزشکی و خدمات بهداشتی درمانی کاشان,شرایط خاص,سهمیه بهیاران,1,57,ویژه بهیاران - عدم تعهد در واگذاری خوابگاه
31896,تکنولوژی پرتوشناسی,دانشگاه علوم پزشکی و خدمات بهداشتی درمانی کاشان,شرایط خاص,عادی,20,57,عدم تعهد در واگذاری خوابگاه
31897,علوم آزمایشگاهی,دانشگاه علوم پزشکی و خدمات بهداشتی درمانی کاشان,شرایط خاص,عادی,20,57,عدم تعهد در واگذاری خوابگاه
31898,علوم تغذیه,دانشگاه علوم پزشکی و خدمات بهداشتی درمانی کاشان,شرایط خاص,عادی,25,57,عدم تعهد در واگذاری خوابگاه
31899,فناوری اطلاعات سلامت,دانشگاه علوم پزشکی و خدمات بهداشتی درمانی کاشان,شرایط خاص,عادی,25,57,عدم تعهد در واگذاری خوابگاه
31900,فوریت‌های پزشکی پیش‌بیمارستانی,دانشگاه علوم پزشکی و خدمات بهداشتی درمانی کاشان,شرایط خاص,سهمیه بهیاران,1,57,دارای مصاحبه - ویژه بهیاران - شرایط در دفترچه « پیوست ها » - عدم تعهد در واگذاری خوابگاه
31902,مامایی,دانشگاه علوم پزشکی و خدمات بهداشتی درمانی کاشان,شرایط خاص,عادی,20,58,عدم تعهد در واگذاری خوابگاه
31903,مدیریت خدمات بهداشتی درمانی,دانشگاه علوم پزشکی و خدمات بهداشتی درمانی کاشان,شرایط خاص,عادی,20,58,عدم تعهد در واگذاری خوابگاه
31904,مهندسی بهداشت محیط,دانشگاه علوم پزشکی و خدمات بهداشتی درمانی کاشان,شرایط خاص,عادی,25,58,عدم تعهد در واگذاری خوابگاه
31905,هوشبری,دانشگاه علوم پزشکی و خدمات بهداشتی درمانی کاشان,شرایط خاص,عادی,25,58,عدم تعهد در واگذاری خوابگاه
31906,هوشبری,دانشگاه علوم پزشکی و خدمات بهداشتی درمانی کاشان,شرایط خاص,سهمیه بهیاران,1,58,ویژه بهیاران - عدم تعهد در واگذاری خوابگاه
35710,مهندسی بهداشت حرفه ای و ایمنی کار,دانشگاه علوم پزشکی و خدمات بهداشتی درمانی کاشان,شرایط خاص,عادی,20,58,عدم تعهد در واگذاری خوابگاه
31907,دندانپزشکی,دانشگاه علوم پزشکی و خدمات بهداشتی درمانی کاشان,شرایط خاص,عادی,2,58,منوعیت نقل و انتقال در هر شرایطی و شهریه هر ترم حداقل 600 میلیون ریال - عدم تعهد در واگذاری خوابگاه
31908,بهداشت عمومی,دانشگاه علوم پزشکی و خدمات بهداشتی درمانی کاشان,شرایط خاص,عادی,5,58,عدم تعهد در واگذاری خوابگاه
31909,پرستاری,دانشگاه علوم پزشکی و خدمات بهداشتی درمانی کاشان,شرایط خاص,عادی,12,58,عدم تعهد در واگذاری خوابگاه
31910,پرستاری,دانشگاه علوم پزشکی و خدمات بهداشتی درمانی کاشان,شرایط خاص,سهمیه بهیاران,1,58,ویژه بهیاران - عدم تعهد در واگذاری خوابگاه
31911,پرستاری,دانشگاه علوم پزشکی و خدمات بهداشتی درمانی کاشان,شرایط خاص,عادی,12,58,عدم تعهد در واگذاری خوابگاه
31912,اتاق عمل,دانشگاه علوم پزشکی و خدمات بهداشتی درمانی کاشان,شرایط خاص,عادی,5,58,عدم تعهد در واگذاری خوابگاه
31913,تکنولوژی پرتوشناسی,دانشگاه علوم پزشکی و خدمات بهداشتی درمانی کاشان,شرایط خاص,عادی,5,58,عدم تعهد در واگذاری خوابگاه
31914,علوم آزمایشگاهی,دانشگاه علوم پزشکی و خدمات بهداشتی درمانی کاشان,شرایط خاص,عادی,5,58,عدم تعهد در واگذاری خوابگاه
31915,علوم تغذیه,دانشگاه علوم پزشکی و خدمات بهداشتی درمانی کاشان,شرایط خاص,عادی,10,58,عدم تعهد در واگذاری خوابگاه
31916,فناوری اطلاعات سلامت,دانشگاه علوم پزشکی و خدمات بهداشتی درمانی کاشان,شرایط خاص,عادی,5,58,عدم تعهد در واگذاری خوابگاه
31918,مامایی,دانشگاه علوم پزشکی و خدمات بهداشتی درمانی کاشان,شرایط خاص,عادی,10,58,عدم تعهد در واگذاری خوابگاه
31919,مدیریت خدمات بهداشتی درمانی,دانشگاه علوم پزشکی و خدمات بهداشتی درمانی کاشان,شرایط خاص,عادی,10,58,عدم تعهد در واگذاری خوابگاه
31920,مهندسی بهداشت محیط,دانشگاه علوم پزشکی و خدمات بهداشتی درمانی کاشان,شرایط خاص,عادی,5,58,عدم تعهد در واگذاری خوابگاه
35711,مهندسی بهداشت حرفه ای و ایمنی کار,دانشگاه علوم پزشکی و خدمات بهداشتی درمانی کاشان,شرایط خاص,عادی,8,58,عدم تعهد در واگذاری خوابگاه
31921,پزشکی,دانشگاه علوم پزشکی و خدمات )بهداشتی درمانی کاشان (محل تحصیل آران و بیدگل,شرایط خاص,عادی,20,58,ممنوعیت نقل و انتقال در هر شرایطی و شهریه هر ترم 00 حداقل5 میلیون ریال - عدم تعهد در واگذاری خوابگاه
31936,پرستاری,دانشگاه علوم پزشکی و خدمات بهداشتی درمانی البرز - کرج,شرایط خاص,سهمیه بهیاران,4,59,ویژه بهیاران - فاقد خوابگاه
31939,اتاق عمل,دانشگاه علوم پزشکی و خدمات بهداشتی درمانی البرز - کرج,شرایط خاص,سهمیه بهیاران,1,59,ویژه بهیاران - فاقد خوابگاه
31942,فوریت‌های پزشکی پیش‌بیمارستانی,دانشگاه علوم پزشکی و خدمات بهداشتی درمانی البرز - کرج,شرایط خاص,سهمیه بهیاران,1,59,دارای مصاحبه - ویژه بهیاران - شرایط در دفترچه « پیوست ها » - فاقد خوابگاه
31943,مهندسی بهداشت محیط,دانشگاه علوم پزشکی و خدمات بهداشتی درمانی البرز - کرج,شرایط خاص,عادی,45,59,فاقد خوابگاه
31944,مهندسی بهداشت محیط,دانشگاه علوم پزشکی و خدمات بهداشتی درمانی البرز - کرج,عادی,شرایط خاص,1,59,دارای مصاحبه - بورس و استخدام فرماندهی انتظامی جمهوری اسالمی ( فراجا ) - شرایط در دفترچه « پیوست ها » - مطابق شرایط و ضوابط فراجا - فاقد خوابگاه
31946,هوشبری,دانشگاه علوم پزشکی و خدمات بهداشتی درمانی البرز - کرج,شرایط خاص,سهمیه بهیاران,1,59,ویژه بهیاران - فاقد خوابگاه
31953,پرستاری,دانشگاه علوم پزشکی و خدمات بهداشتی درمانی البرز - کرج,شرایط خاص,سهمیه بهیاران,1,59,ویژه بهیاران - فاقد خوابگاه
31960,پزشکی,دانشگاه علوم پزشکی و خدمات بهداشتی درمانی ایالم,شرایط خاص,عادی,16,59,عدم تعهد در واگذاری خوابگاه
31961,پزشکی,دانشگاه علوم پزشکی و خدمات بهداشتی درمانی ایالم,شرایط خاص,عادی,16,59,عدم تعهد در واگذاری خوابگاه
31962,دندانپزشکی,دانشگاه علوم پزشکی و خدمات بهداشتی درمانی ایالم,شرایط خاص,عادی,8,59,عدم تعهد در واگذاری خوابگاه
31963,بهداشت عمومی,دانشگاه علوم پزشکی و خدمات بهداشتی درمانی ایالم,شرایط خاص,عادی,35,59,عدم تعهد در واگذاری خوابگاه
31965,پرستاری,دانشگاه علوم پزشکی و خدمات بهداشتی درمانی ایالم,شرایط خاص,عادی,25,59,عدم تعهد در واگذاری خوابگاه
31966,پرستاری,دانشگاه علوم پزشکی و خدمات بهداشتی درمانی ایالم,شرایط خاص,سهمیه بهیاران,2,59,ویژه بهیاران - عدم تعهد در واگذاری خوابگاه
31967,پرستاری,دانشگاه علوم پزشکی و خدمات بهداشتی درمانی ایالم,شرایط خاص,عادی,25,59,عدم تعهد در واگذاری خوابگاه
31968,اتاق عمل,دانشگاه علوم پزشکی و خدمات بهداشتی درمانی ایالم,شرایط خاص,عادی,20,60,عدم تعهد در واگذاری خوابگاه
31969,اتاق عمل,دانشگاه علوم پزشکی و خدمات بهداشتی درمانی ایالم,شرایط خاص,سهمیه بهیاران,1,60,ویژه بهیاران - عدم تعهد در واگذاری خوابگاه
31970,علوم آزمایشگاهی,دانشگاه علوم پزشکی و خدمات بهداشتی درمانی ایالم,شرایط خاص,عادی,16,60,عدم تعهد در واگذاری خوابگاه
31971,فوریت‌های پزشکی پیش‌بیمارستانی,دانشگاه علوم پزشکی و خدمات بهداشتی درمانی ایالم,شرایط خاص,سهمیه بهیاران,1,60,دارای مصاحبه - ویژه بهیاران - شرایط در دفترچه « پیوست ها » - عدم تعهد در واگذاری خوابگاه
31973,مامایی,دانشگاه علوم پزشکی و خدمات بهداشتی درمانی ایالم,شرایط خاص,عادی,15,60,عدم تعهد در واگذاری خوابگاه
31974,مهندسی بهداشت محیط,دانشگاه علوم پزشکی و خدمات بهداشتی درمانی ایالم,شرایط خاص,عادی,30,60,عدم تعهد در واگذاری خوابگاه
31975,هوشبری,دانشگاه علوم پزشکی و خدمات بهداشتی درمانی ایالم,شرایط خاص,عادی,20,60,عدم تعهد در واگذاری خوابگاه
31976,هوشبری,دانشگاه علوم پزشکی و خدمات بهداشتی درمانی ایالم,شرایط خاص,سهمیه بهیاران,1,60,ویژه بهیاران - عدم تعهد در واگذاری خوابگاه
35715,مهندسی بهداشت حرفه ای و ایمنی کار,دانشگاه علوم پزشکی و خدمات بهداشتی درمانی ایالم,شرایط خاص,عادی,16,60,عدم تعهد در واگذاری خوابگاه
31977,پزشکی,دانشگاه علوم پزشکی و خدمات بهداشتی درمانی ایالم,شرایط خاص,عادی,9,60,عدم تعهد در واگذاری خوابگاه
31978,پزشکی,دانشگاه علوم پزشکی و خدمات بهداشتی درمانی ایالم,شرایط خاص,عادی,9,60,عدم تعهد در واگذاری خوابگاه
31979,دندانپزشکی,دانشگاه علوم پزشکی و خدمات بهداشتی درمانی ایالم,شرایط خاص,عادی,3,60,عدم تعهد در واگذاری خوابگاه
31981,پرستاری,دانشگاه علوم پزشکی و خدمات بهداشتی درمانی ایالم,شرایط خاص,عادی,5,60,عدم تعهد در واگذاری خوابگاه
31982,پرستاری,دانشگاه علوم پزشکی و خدمات بهداشتی درمانی ایالم,شرایط خاص,سهمیه بهیاران,1,60,ویژه بهیاران - عدم تعهد در واگذاری خوابگاه
31983,پرستاری,دانشگاه علوم پزشکی و خدمات بهداشتی درمانی ایالم,شرایط خاص,عادی,5,60,عدم تعهد در واگذاری خوابگاه
31984,اتاق عمل,دانشگاه علوم پزشکی و خدمات بهداشتی درمانی ایالم,شرایط خاص,عادی,3,60,عدم تعهد در واگذاری خوابگاه
31985,علوم آزمایشگاهی,دانشگاه علوم پزشکی و خدمات بهداشتی درمانی ایالم,شرایط خاص,عادی,4,60,عدم تعهد در واگذاری خوابگاه
31987,مامایی,دانشگاه علوم پزشکی و خدمات بهداشتی درمانی ایالم,شرایط خاص,عادی,5,60,عدم تعهد در واگذاری خوابگاه
31988,هوشبری,دانشگاه علوم پزشکی و خدمات بهداشتی درمانی ایالم,شرایط خاص,عادی,3,60,عدم تعهد در واگذاری خوابگاه
35716,مهندسی بهداشت حرفه ای و ایمنی کار,دانشگاه علوم پزشکی و خدمات بهداشتی درمانی ایالم,شرایط خاص,عادی,4,60,عدم تعهد در واگذاری خوابگاه
31989,پرستاری,دانشگاه علوم پزشکی و خدمات بهداشتی درمانی ایالم (محل تحصیل مجتمع آموزش عالی سالمت دهلران),شرایط خاص,سهمیه بهیاران,1,60,ویژه بهیاران - عدم تعهد در واگذاری خوابگاه
31990,پرستاری,دانشگاه علوم پزشکی و خدمات بهداشتی درمانی ایالم (محل تحصیل مجتمع آموزش عالی سالمت دهلران),شرایط خاص,عادی,22,60,عدم تعهد در واگذاری خوابگاه
31991,پرستاری,دانشگاه علوم پزشکی و خدمات بهداشتی درمانی ایالم (محل تحصیل مجتمع آموزش عالی سالمت ایوان),شرایط خاص,سهمیه بهیاران,1,60,ویژه بهیاران - عدم تعهد در واگذاری خوابگاه
31992,پرستاری,دانشگاه علوم پزشکی و خدمات بهداشتی درمانی ایالم (محل تحصیل مجتمع آموزش عالی سالمت ایوان),شرایط خاص,عادی,22,60,عدم تعهد در واگذاری خوابگاه
31993,پزشکی,دانشگاه علوم پزشکی و خدمات بهداشتی درمانی بوشهر,شرایط خاص,عادی,29,61,فاقد خوابگاه
31994,پزشکی,دانشگاه علوم پزشکی و خدمات بهداشتی درمانی بوشهر,عادی,شرایط خاص,5,61,دارای مصاحبه - بورس و استخدام سپاه پاسداران انقالب اسالمی - شرایط در دفترچه « پیوست ها » - اولویت پذیرش با متقاضیان استان بوشهر و استان های همجوار آن - محل خدمت پس از فارغ التحصیلی در استان بوشهر - فاقد خوابگاه
31995,دندانپزشکی,دانشگاه علوم پزشکی و خدمات بهداشتی درمانی بوشهر,شرایط خاص,عادی,10,61,فاقد خوابگاه
31996,دندانپزشکی,دانشگاه علوم پزشکی و خدمات بهداشتی درمانی بوشهر,عادی,شرایط خاص,3,61,دارای مصاحبه - بورس و استخدام سپاه پاسداران انقالب اسالمی - شرایط در دفترچه « پیوست ها » - اولویت پذیرش با متقاضیان استان بوشهر و استان های همجوار آن - محل خدمت پس از فارغ التحصیلی در استان بوشهر - فاقد خوابگاه
31999,پرستاری,دانشگاه علوم پزشکی و خدمات بهداشتی درمانی بوشهر,شرایط خاص,سهمیه بهیاران,2,61,ویژه بهیاران - فاقد خوابگاه
32000,پرستاری,دانشگاه علوم پزشکی و خدمات بهداشتی درمانی بوشهر,عادی,شرایط خاص,8,61,دارای مصاحبه - بورس و استخدام سپاه پاسداران انقالب اسالمی - شرایط در دفترچه « پیوست ها » - اولویت پذیرش با متقاضیان استان بوشهر و استان های همجوار آن - محل خدمت پس از فارغ التحصیلی در استان بوشهر - فاقد خوابگاه
32001,اتاق عمل,دانشگاه علوم پزشکی و خدمات بهداشتی درمانی بوشهر,شرایط خاص,سهمیه بهیاران,1,61,ویژه بهیاران - فاقد خوابگاه
32006,فوریت‌های پزشکی پیش‌بیمارستانی,دانشگاه علوم پزشکی و خدمات بهداشتی درمانی بوشهر,شرایط خاص,سهمیه بهیاران,1,61,دارای مصاحبه - ویژه بهیاران - شرایط در دفترچه « پیوست ها » - فاقد خوابگاه
32009,مهندسی بهداشت محیط,دانشگاه علوم پزشکی و خدمات بهداشتی درمانی بوشهر,شرایط خاص,عادی,25,61,فاقد خوابگاه
32010,مهندسی بهداشت محیط,دانشگاه علوم پزشکی و خدمات بهداشتی درمانی بوشهر,عادی,شرایط خاص,1,61,دارای مصاحبه - بورس و استخدام فرماندهی انتظامی جمهوری اسالمی ( فراجا ) - شرایط در دفترچه « پیوست ها » - مطابق شرایط و ضوابط فراجا - فاقد خوابگاه
32011,هوشبری,دانشگاه علوم پزشکی و خدمات بهداشتی درمانی بوشهر,شرایط خاص,سهمیه بهیاران,1,61,ویژه بهیاران - فاقد خوابگاه
32027,پرستاری,دانشگاه شاهد - تهران,شرایط خاص,سهمیه بهیاران,1,64,دارای مصاحبه - ویژه بهیاران - شرایط در دفترچه « پیوست ها » - فاقد خوابگاه متأهلی
32028,اتاق عمل,دانشگاه شاهد - تهران,شرایط خاص,سهمیه بهیاران,1,64,دارای مصاحبه - ویژه بهیاران - شرایط در دفترچه « پیوست ها » - فاقد خوابگاه متأهلی
32040,دندانپزشکی,دانشگاه علوم پزشکی ارتش جمهوری اسالمی ایران,عادی,شرایط خاص,5,65,دارای مصاحبه - بورس و استخدام سپاه پاسداران انقالب اسالمی - شرایط در دفترچه « پیوست ها » - دارای گزینش و معاینات جسمانی - دارای خوابگاه ملکی
32053,علوم آزمایشگاهی,دانشگاه علوم پزشکی ارتش جمهوری اسالمی ایران,عادی,شرایط خاص,1,66,دارای مصاحبه - بورس وزارت دفاع - شرایط در دفترچه « پیوست ها » - دارای گزینش و معاینات جسمانی - دارای خوابگاه ملکی
32069,بهداشت عمومی,دانشگاه علوم پزشکی بقیه )اله(عج - تهران,شرایط خاص,عادی,2,67,ویژه شاغلین سپاه پاسداران انقالب اسالمی - شرایط در دفترچه « پیوست ها » - مخصوص اعضای رسمی ( کادر ثابت ) سپاه پاسداران انقالب اسالمی با ارائه مجوز تحصیل از یگان خدمتی
32070,بهداشت عمومی,دانشگاه علوم پزشکی بقیه )اله(عج - تهران,شرایط خاص,عادی,8,67,شاغلین نیروهای مسلح ارتش ،ویژه وزارت دفاع و فراجا - شرایط در دفترچه « پیوست ها » - مخصوص اعضای رسمی نیروهای مسلح شامل ارتش، فراجا و وزارت دفاع با ارایه مجوز تحصیل از یگان خدمتی مربوطه
32072,پرستاری,دانشگاه علوم پزشکی بقیه )اله(عج - تهران,شرایط خاص,عادی,10,67,ویژه شاغلین سپاه پاسداران انقالب اسالمی - شرایط در دفترچه « پیوست ها » - مخصوص اعضای رسمی ( کادر ثابت ) سپاه پاسداران انقالب اسالمی با ارائه مجوز تحصیل از یگان خدمتی
32075,علوم آزمایشگاهی,دانشگاه علوم پزشکی بقیه )اله(عج - تهران,شرایط خاص,عادی,5,68,شاغلین نیروهای مسلح ارتش ،ویژه وزارت دفاع و فراجا - شرایط در دفترچه « پیوست ها » - مخصوص اعضای رسمی نیروهای مسلح شامل ارتش، فراجا و وزارت دفاع با ارایه مجوز تحصیل از یگان خدمتی مربوطه
32077,علوم تغذیه,دانشگاه علوم پزشکی بقیه )اله(عج - تهران,شرایط خاص,عادی,5,68,ویژه شاغلین سپاه پاسداران انقالب اسالمی - شرایط در دفترچه « پیوست ها » - مخصوص اعضای رسمی ( کادر ثابت ) سپاه پاسداران انقالب اسالمی با ارائه مجوز تحصیل از یگان خدمتی
32078,علوم تغذیه,دانشگاه علوم پزشکی بقیه )اله(عج - تهران,شرایط خاص,عادی,5,68,ویژه شاغلین مسلح ارتش ،نیروهای وزارت دفاع و فراجا - شرایط در دفترچه « پیوست ها » - مخصوص اعضای رسمی نیروهای مسلح شامل ارتش، فراجا و وزارت دفاع با ارایه مجوز تحصیل از یگان خدمتی مربوطه
32080,مدیریت خدمات بهداشتی درمانی,دانشگاه علوم پزشکی بقیه )اله(عج - تهران,شرایط خاص,عادی,2,68,ویژه شاغلین سپاه پاسداران انقالب اسالمی - شرایط در دفترچه « پیوست ها » - مخصوص اعضای رسمی ( کادر ثابت ) سپاه پاسداران انقالب اسالمی با ارائه مجوز تحصیل از یگان خدمتی
32081,مدیریت خدمات بهداشتی درمانی,دانشگاه علوم پزشکی بقیه )اله(عج - تهران,شرایط خاص,عادی,8,68,شاغلین نیروهای مسلح ارتش ،ویژه وزارت دفاع و فراجا - شرایط در دفترچه « پیوست ها » - مخصوص اعضای رسمی نیروهای مسلح شامل ارتش، فراجا و وزارت دفاع با ارایه مجوز تحصیل از یگان خدمتی مربوطه
32083,مهندسی بهداشت محیط,دانشگاه علوم پزشکی بقیه )اله(عج - تهران,شرایط خاص,عادی,2,68,ویژه شاغلین سپاه پاسداران انقالب اسالمی - شرایط در دفترچه « پیوست ها » - مخصوص اعضای رسمی ( کادر ثابت ) سپاه پاسداران انقالب اسالمی با ارائه مجوز تحصیل از یگان خدمتی
35720,مهندسی بهداشت حرفه ای و ایمنی کار,دانشگاه علوم پزشکی بقیه )اله(عج - تهران,شرایط خاص,عادی,1,69,ویژه شاغلین سپاه پاسداران انقالب اسالمی - شرایط در دفترچه « پیوست ها » - مخصوص اعضای رسمی ( کادر ثابت ) سپاه پاسداران انقالب اسالمی با ارائه مجوز تحصیل از یگان خدمتی
35721,مهندسی بهداشت حرفه ای و ایمنی کار,دانشگاه علوم پزشکی بقیه )اله(عج - تهران,شرایط خاص,عادی,8,69,شاغلین نیروهای مسلح ارتش ،ویژه وزارت دفاع و فراجا - شرایط در دفترچه « پیوست ها » - مخصوص اعضای رسمی نیروهای مسلح شامل ارتش، فراجا و وزارت دفاع با ارایه مجوز تحصیل از یگان خدمتی مربوطه
32086,پزشکی,دانشگاه علوم پزشکی و خدمات بهداشتی درمانی ایران,شرایط خاص,عادی,84,69,محدودیت در ارائه خوابگاه
32087,پزشکی,دانشگاه علوم پزشکی و خدمات بهداشتی درمانی ایران,عادی,شرایط خاص,1,69,دارای مصاحبه - بورس و استخدام فرماندهی انتظامی جمهوری اسالمی ( فراجا ) - شرایط در دفترچه « پیوست ها » - مطابق شرایط و ضوابط فراجا - محدودیت در ارائه خوابگاه
32093,پرستاری,دانشگاه علوم پزشکی و خدمات بهداشتی درمانی ایران,شرایط خاص,سهمیه بهیاران,7,70,ویژه بهیاران - محدودیت در ارائه خوابگاه
32096,اتاق عمل,دانشگاه علوم پزشکی و خدمات بهداشتی درمانی ایران,شرایط خاص,سهمیه بهیاران,1,70,ویژه بهیاران - محدودیت در ارائه خوابگاه
32100,فوریت‌های پزشکی پیش‌بیمارستانی,دانشگاه علوم پزشکی و خدمات بهداشتی درمانی ایران,شرایط خاص,سهمیه بهیاران,1,70,دارای مصاحبه - ویژه بهیاران - شرایط در دفترچه « پیوست ها » - محدودیت در ارائه خوابگاه
32108,هوشبری,دانشگاه علوم پزشکی و خدمات بهداشتی درمانی ایران,شرایط خاص,سهمیه بهیاران,2,70,ویژه بهیاران - محدودیت در ارائه خوابگاه
32119,پزشکی,دانشگاه علوم پزشکی و خدمات بهداشتی درمانی تهران,شرایط خاص,عادی,129,70,دارای خوابگاه ملکی
32120,پزشکی,دانشگاه علوم پزشکی و خدمات بهداشتی درمانی تهران,عادی,شرایط خاص,1,70,دارای مصاحبه - بورس و استخدام فرماندهی انتظامی جمهوری اسالمی ( فراجا ) - شرایط در دفترچه « پیوست ها » - مطابق شرایط و ضوابط فراجا - دارای خوابگاه ملکی
32128,پرستاری,دانشگاه علوم پزشکی و خدمات بهداشتی درمانی تهران,شرایط خاص,سهمیه بهیاران,4,71,ویژه بهیاران - دارای خوابگاه ملکی
32131,اتاق عمل,دانشگاه علوم پزشکی و خدمات بهداشتی درمانی تهران,شرایط خاص,سهمیه بهیاران,1,71,ویژه بهیاران - دارای خوابگاه ملکی
32132,اتاق عمل,دانشگاه علوم پزشکی و خدمات بهداشتی درمانی تهران,عادی,شرایط خاص,1,71,دارای مصاحبه - بورس و استخدام فرماندهی انتظامی جمهوری اسالمی ( فراجا ) - شرایط در دفترچه « پیوست ها » - مطابق شرایط و ضوابط فراجا - دارای خوابگاه ملکی
32136,شنوایی‌شناسی,دانشگاه علوم پزشکی و خدمات بهداشتی درمانی تهران,شرایط خاص,عادی,13,71,دارای خوابگاه ملکی
32137,شنوایی‌شناسی,دانشگاه علوم پزشکی و خدمات بهداشتی درمانی تهران,عادی,شرایط خاص,1,71,دارای مصاحبه - بورس و استخدام فرماندهی انتظامی جمهوری اسالمی ( فراجا ) - شرایط در دفترچه « پیوست ها » - مطابق شرایط و ضوابط فراجا - دارای خوابگاه ملکی
32141,فوریت‌های پزشکی پیش‌بیمارستانی,دانشگاه علوم پزشکی و خدمات بهداشتی درمانی تهران,شرایط خاص,سهمیه بهیاران,1,71,دارای مصاحبه - ویژه بهیاران - شرایط در دفترچه « پیوست ها » - دارای خوابگاه ملکی
32146,هوشبری,دانشگاه علوم پزشکی و خدمات بهداشتی درمانی تهران,شرایط خاص,سهمیه بهیاران,1,71,ویژه بهیاران - دارای خوابگاه ملکی
32147,هوشبری,دانشگاه علوم پزشکی و خدمات بهداشتی درمانی تهران,شرایط خاص,عادی,20,71,دارای خوابگاه ملکی
32148,هوشبری,دانشگاه علوم پزشکی و خدمات بهداشتی درمانی تهران,عادی,شرایط خاص,1,71,دارای مصاحبه - بورس و استخدام فرماندهی انتظامی جمهوری اسالمی ( فراجا ) - شرایط در دفترچه « پیوست ها » - مطابق شرایط و ضوابط فراجا - دارای خوابگاه ملکی
32150,پرستاری,دانشگاه علوم پزشکی و خدمات بهداشتی درمانی تهران,شرایط خاص,سهمیه بهیاران,2,71,ویژه بهیاران - فاقد خوابگاه
32156,پزشکی,دانشگاه علوم پزشکی و خدمات بهداشتی درمانی شهید بهشتی - تهران,شرایط خاص,عادی,108,72,No special admission criterion; hostel noncommitment is not service commitment
32157,پزشکی,دانشگاه علوم پزشکی و خدمات بهداشتی درمانی شهید بهشتی - تهران,عادی,شرایط خاص,1,72,دارای مصاحبه - بورس و استخدام فرماندهی انتظامی جمهوری اسالمی ( فراجا ) - شرایط در دفترچه « پیوست ها » - مطابق شرایط و ضوابط فراجا
32163,بینایی‌سنجی,دانشگاه علوم پزشکی و خدمات بهداشتی درمانی شهید بهشتی - تهران,شرایط خاص,عادی,17,72,No special admission criterion; hostel noncommitment is not service commitment
32164,بینایی‌سنجی,دانشگاه علوم پزشکی و خدمات بهداشتی درمانی شهید بهشتی - تهران,عادی,شرایط خاص,2,72,دارای مصاحبه - بورس و استخدام ارتش جمهوری اسالمی ( آجا ) - شرایط در دفترچه « پیوست ها » - مطابق شرایط و ضوابط آجا
32165,پرستاری,دانشگاه علوم پزشکی و خدمات بهداشتی درمانی شهید بهشتی - تهران,شرایط خاص,سهمیه بهیاران,7,72,ویژه بهیاران
32169,اتاق عمل,دانشگاه علوم پزشکی و خدمات بهداشتی درمانی شهید بهشتی - تهران,شرایط خاص,سهمیه بهیاران,1,72,ویژه بهیاران
32173,شنوایی‌شناسی,دانشگاه علوم پزشکی و خدمات بهداشتی درمانی شهید بهشتی - تهران,شرایط خاص,عادی,10,72,No special admission criterion; hostel noncommitment is not service commitment
32174,شنوایی‌شناسی,دانشگاه علوم پزشکی و خدمات بهداشتی درمانی شهید بهشتی - تهران,عادی,شرایط خاص,1,72,دارای مصاحبه - بورس و استخدام ارتش جمهوری اسالمی ( آجا ) - شرایط در دفترچه « پیوست ها » - مطابق شرایط و ضوابط آجا
32177,علوم تغذیه,دانشگاه علوم پزشکی و خدمات بهداشتی درمانی شهید بهشتی - تهران,شرایط خاص,عادی,10,72,No special admission criterion; hostel noncommitment is not service commitment
32178,علوم تغذیه,دانشگاه علوم پزشکی و خدمات بهداشتی درمانی شهید بهشتی - تهران,عادی,شرایط خاص,1,72,دارای مصاحبه - بورس و استخدام فرماندهی انتظامی جمهوری اسالمی ( فراجا ) - شرایط در دفترچه « پیوست ها » - مطابق شرایط و ضوابط فراجا
32182,فوریت‌های پزشکی پیش‌بیمارستانی,دانشگاه علوم پزشکی و خدمات بهداشتی درمانی شهید بهشتی - تهران,شرایط خاص,سهمیه بهیاران,1,72,دارای مصاحبه - ویژه بهیاران - شرایط در دفترچه « پیوست ها »
32187,مهندسی بهداشت محیط,دانشگاه علوم پزشکی و خدمات بهداشتی درمانی شهید بهشتی - تهران,شرایط خاص,عادی,30,73,No special admission criterion; hostel noncommitment is not service commitment
32188,مهندسی بهداشت محیط,دانشگاه علوم پزشکی و خدمات بهداشتی درمانی شهید بهشتی - تهران,عادی,شرایط خاص,1,73,دارای مصاحبه - بورس و استخدام فرماندهی انتظامی جمهوری اسالمی ( فراجا ) - شرایط در دفترچه « پیوست ها » - مطابق شرایط و ضوابط فراجا
32189,هوشبری,دانشگاه علوم پزشکی و خدمات بهداشتی درمانی شهید بهشتی - تهران,شرایط خاص,سهمیه بهیاران,1,73,ویژه بهیاران
32198,پرستاری,دانشگاه علوم پزشکی و خدمات بهداشتی درمانی شهید بهشتی - تهران,شرایط خاص,سهمیه بهیاران,1,73,ویژه بهیاران - فاقد خوابگاه
32242,پزشکی,دانشگاه علوم پزشکی و خدمات بهداشتی درمانی شهرکرد,شرایط خاص,عادی,37,74,عدم تعهد در واگذاری خوابگاه
32244,پزشکی,دانشگاه علوم پزشکی و خدمات بهداشتی درمانی شهرکرد,شرایط خاص,عادی,37,74,عدم تعهد در واگذاری خوابگاه
32245,دندانپزشکی,دانشگاه علوم پزشکی و خدمات بهداشتی درمانی شهرکرد,شرایط خاص,عادی,16,74,عدم تعهد در واگذاری خوابگاه
32246,بهداشت عمومی,دانشگاه علوم پزشکی و خدمات بهداشتی درمانی شهرکرد,شرایط خاص,عادی,25,74,عدم تعهد در واگذاری خوابگاه
32247,پرستاری,دانشگاه علوم پزشکی و خدمات بهداشتی درمانی شهرکرد,شرایط خاص,عادی,40,74,عدم تعهد در واگذاری خوابگاه
32248,پرستاری,دانشگاه علوم پزشکی و خدمات بهداشتی درمانی شهرکرد,شرایط خاص,سهمیه بهیاران,2,75,ویژه بهیاران - عدم تعهد در واگذاری خوابگاه
32249,اتاق عمل,دانشگاه علوم پزشکی و خدمات بهداشتی درمانی شهرکرد,شرایط خاص,سهمیه بهیاران,1,75,ویژه بهیاران - عدم تعهد در واگذاری خوابگاه
32250,اتاق عمل,دانشگاه علوم پزشکی و خدمات بهداشتی درمانی شهرکرد,شرایط خاص,عادی,20,75,عدم تعهد در واگذاری خوابگاه
32251,تکنولوژی پرتوشناسی,دانشگاه علوم پزشکی و خدمات بهداشتی درمانی شهرکرد,شرایط خاص,عادی,20,75,عدم تعهد در واگذاری خوابگاه
32252,علوم آزمایشگاهی,دانشگاه علوم پزشکی و خدمات بهداشتی درمانی شهرکرد,شرایط خاص,عادی,20,75,عدم تعهد در واگذاری خوابگاه
32253,فناوری اطلاعات سلامت,دانشگاه علوم پزشکی و خدمات بهداشتی درمانی شهرکرد,شرایط خاص,عادی,13,75,عدم تعهد در واگذاری خوابگاه
32254,فیزیوتراپی,دانشگاه علوم پزشکی و خدمات بهداشتی درمانی شهرکرد,شرایط خاص,عادی,15,75,عدم تعهد در واگذاری خوابگاه
32255,مامایی,دانشگاه علوم پزشکی و خدمات بهداشتی درمانی شهرکرد,شرایط خاص,عادی,20,75,عدم تعهد در واگذاری خوابگاه
32256,مهندسی بهداشت محیط,دانشگاه علوم پزشکی و خدمات بهداشتی درمانی شهرکرد,شرایط خاص,عادی,25,75,عدم تعهد در واگذاری خوابگاه
32258,هوشبری,دانشگاه علوم پزشکی و خدمات بهداشتی درمانی شهرکرد,شرایط خاص,سهمیه بهیاران,1,75,ویژه بهیاران - عدم تعهد در واگذاری خوابگاه
32259,هوشبری,دانشگاه علوم پزشکی و خدمات بهداشتی درمانی شهرکرد,شرایط خاص,عادی,25,75,عدم تعهد در واگذاری خوابگاه
35728,مهندسی بهداشت حرفه ای و ایمنی کار,دانشگاه علوم پزشکی و خدمات بهداشتی درمانی شهرکرد,شرایط خاص,عادی,24,75,عدم تعهد در واگذاری خوابگاه
32260,پزشکی,دانشگاه علوم پزشکی و خدمات بهداشتی درمانی شهرکرد,شرایط خاص,عادی,7,75,عدم تعهد در واگذاری خوابگاه
32261,پزشکی,دانشگاه علوم پزشکی و خدمات بهداشتی درمانی شهرکرد,شرایط خاص,عادی,8,75,عدم تعهد در واگذاری خوابگاه
32262,دندانپزشکی,دانشگاه علوم پزشکی و خدمات بهداشتی درمانی شهرکرد,شرایط خاص,عادی,3,75,عدم تعهد در واگذاری خوابگاه
32263,بهداشت عمومی,دانشگاه علوم پزشکی و خدمات بهداشتی درمانی شهرکرد,شرایط خاص,عادی,5,75,عدم تعهد در واگذاری خوابگاه
32264,پرستاری,دانشگاه علوم پزشکی و خدمات بهداشتی درمانی شهرکرد,شرایط خاص,سهمیه بهیاران,1,75,ویژه بهیاران - عدم تعهد در واگذاری خوابگاه
32265,پرستاری,دانشگاه علوم پزشکی و خدمات بهداشتی درمانی شهرکرد,شرایط خاص,عادی,11,75,عدم تعهد در واگذاری خوابگاه
32266,اتاق عمل,دانشگاه علوم پزشکی و خدمات بهداشتی درمانی شهرکرد,شرایط خاص,عادی,5,75,عدم تعهد در واگذاری خوابگاه
32267,علوم آزمایشگاهی,دانشگاه علوم پزشکی و خدمات بهداشتی درمانی شهرکرد,شرایط خاص,عادی,5,75,عدم تعهد در واگذاری خوابگاه
32268,فناوری اطلاعات سلامت,دانشگاه علوم پزشکی و خدمات بهداشتی درمانی شهرکرد,شرایط خاص,عادی,5,75,عدم تعهد در واگذاری خوابگاه
32269,مامایی,دانشگاه علوم پزشکی و خدمات بهداشتی درمانی شهرکرد,شرایط خاص,عادی,3,75,عدم تعهد در واگذاری خوابگاه
32270,مهندسی بهداشت محیط,دانشگاه علوم پزشکی و خدمات بهداشتی درمانی شهرکرد,شرایط خاص,عادی,5,75,عدم تعهد در واگذاری خوابگاه
32271,پرستاری,دانشگاه علوم پزشکی و خدمات بهداشتی درمانی شهرکرد (محل تحصیل دانشکده علوم),شرایط خاص,سهمیه بهیاران,1,75,ویژه بهیاران - عدم تعهد در واگذاری خوابگاه
32272,پرستاری,دانشگاه علوم پزشکی و خدمات بهداشتی درمانی شهرکرد (محل تحصیل دانشکده علوم),شرایط خاص,عادی,35,75,عدم تعهد در واگذاری خوابگاه
32273,اتاق عمل,دانشگاه علوم پزشکی و خدمات بهداشتی درمانی شهرکرد (محل تحصیل دانشکده علوم),شرایط خاص,عادی,18,75,عدم تعهد در واگذاری خوابگاه
32274,اتاق عمل,دانشگاه علوم پزشکی و خدمات بهداشتی درمانی شهرکرد (محل تحصیل دانشکده علوم),شرایط خاص,سهمیه بهیاران,1,75,ویژه بهیاران - عدم تعهد در واگذاری خوابگاه
32276,فوریت‌های پزشکی پیش‌بیمارستانی,دانشگاه علوم پزشکی و خدمات بهداشتی درمانی شهرکرد (محل تحصیل دانشکده علوم),شرایط خاص,سهمیه بهیاران,1,75,دارای مصاحبه - ویژه بهیاران - شرایط در دفترچه « پیوست ها » - عدم تعهد در واگذاری خوابگاه
32277,هوشبری,دانشگاه علوم پزشکی و خدمات بهداشتی درمانی شهرکرد (محل تحصیل دانشکده علوم),شرایط خاص,سهمیه بهیاران,1,75,ویژه بهیاران - عدم تعهد در واگذاری خوابگاه
32278,هوشبری,دانشگاه علوم پزشکی و خدمات بهداشتی درمانی شهرکرد (محل تحصیل دانشکده علوم),شرایط خاص,عادی,16,75,عدم تعهد در واگذاری خوابگاه
32281,پزشکی,دانشگاه علوم پزشکی و خدمات بهداشتی درمانی بیرجند,شرایط خاص,عادی,16,76,عدم تعهد در واگذاری خوابگاه
32282,پزشکی,دانشگاه علوم پزشکی و خدمات بهداشتی درمانی بیرجند,شرایط خاص,عادی,16,76,عدم تعهد در واگذاری خوابگاه
32283,داروسازی,دانشگاه علوم پزشکی و خدمات بهداشتی درمانی بیرجند,شرایط خاص,عادی,25,76,عدم تعهد در واگذاری خوابگاه
32284,دندانپزشکی,دانشگاه علوم پزشکی و خدمات بهداشتی درمانی بیرجند,شرایط خاص,عادی,7,76,عدم تعهد در واگذاری خوابگاه
32285,دندانپزشکی,دانشگاه علوم پزشکی و خدمات بهداشتی درمانی بیرجند,شرایط خاص,عادی,6,76,عدم تعهد در واگذاری خوابگاه
32286,بهداشت عمومی,دانشگاه علوم پزشکی و خدمات بهداشتی درمانی بیرجند,شرایط خاص,عادی,20,76,عدم تعهد در واگذاری خوابگاه
32287,پرستاری,دانشگاه علوم پزشکی و خدمات بهداشتی درمانی بیرجند,شرایط خاص,عادی,35,76,عدم تعهد در واگذاری خوابگاه
32288,پرستاری,دانشگاه علوم پزشکی و خدمات بهداشتی درمانی بیرجند,شرایط خاص,سهمیه بهیاران,1,76,ویژه بهیاران - عدم تعهد در واگذاری خوابگاه
32289,اتاق عمل,دانشگاه علوم پزشکی و خدمات بهداشتی درمانی بیرجند,شرایط خاص,سهمیه بهیاران,1,76,ویژه بهیاران - عدم تعهد در واگذاری خوابگاه
32290,اتاق عمل,دانشگاه علوم پزشکی و خدمات بهداشتی درمانی بیرجند,شرایط خاص,عادی,20,76,عدم تعهد در واگذاری خوابگاه
32291,تکنولوژی پرتوشناسی,دانشگاه علوم پزشکی و خدمات بهداشتی درمانی بیرجند,شرایط خاص,عادی,12,76,عدم تعهد در واگذاری خوابگاه
32292,علوم آزمایشگاهی,دانشگاه علوم پزشکی و خدمات بهداشتی درمانی بیرجند,شرایط خاص,عادی,15,76,عدم تعهد در واگذاری خوابگاه
32293,فوریت‌های پزشکی پیش‌بیمارستانی,دانشگاه علوم پزشکی و خدمات بهداشتی درمانی بیرجند,شرایط خاص,سهمیه بهیاران,1,76,دارای مصاحبه - ویژه بهیاران - شرایط در دفترچه « پیوست ها » - عدم تعهد در واگذاری خوابگاه
32295,مامایی,دانشگاه علوم پزشکی و خدمات بهداشتی درمانی بیرجند,شرایط خاص,عادی,13,76,عدم تعهد در واگذاری خوابگاه
32296,مهندسی بهداشت محیط,دانشگاه علوم پزشکی و خدمات بهداشتی درمانی بیرجند,شرایط خاص,عادی,25,76,عدم تعهد در واگذاری خوابگاه
32297,هوشبری,دانشگاه علوم پزشکی و خدمات بهداشتی درمانی بیرجند,شرایط خاص,عادی,20,76,عدم تعهد در واگذاری خوابگاه
32298,هوشبری,دانشگاه علوم پزشکی و خدمات بهداشتی درمانی بیرجند,شرایط خاص,سهمیه بهیاران,1,76,ویژه بهیاران - عدم تعهد در واگذاری خوابگاه
35729,مهندسی بهداشت حرفه ای و ایمنی کار,دانشگاه علوم پزشکی و خدمات بهداشتی درمانی بیرجند,شرایط خاص,عادی,20,76,عدم تعهد در واگذاری خوابگاه
32299,پزشکی,دانشگاه علوم پزشکی و خدمات بهداشتی درمانی بیرجند,شرایط خاص,عادی,5,76,عدم تعهد در واگذاری خوابگاه
32300,پزشکی,دانشگاه علوم پزشکی و خدمات بهداشتی درمانی بیرجند,شرایط خاص,عادی,5,76,عدم تعهد در واگذاری خوابگاه
32301,داروسازی,دانشگاه علوم پزشکی و خدمات بهداشتی درمانی بیرجند,شرایط خاص,عادی,10,76,عدم تعهد در واگذاری خوابگاه
32302,دندانپزشکی,دانشگاه علوم پزشکی و خدمات بهداشتی درمانی بیرجند,شرایط خاص,عادی,3,76,عدم تعهد در واگذاری خوابگاه
32303,بهداشت عمومی,دانشگاه علوم پزشکی و خدمات بهداشتی درمانی بیرجند,شرایط خاص,عادی,5,76,عدم تعهد در واگذاری خوابگاه
32304,پرستاری,دانشگاه علوم پزشکی و خدمات بهداشتی درمانی بیرجند,شرایط خاص,عادی,4,76,عدم تعهد در واگذاری خوابگاه
32305,اتاق عمل,دانشگاه علوم پزشکی و خدمات بهداشتی درمانی بیرجند,شرایط خاص,عادی,5,76,عدم تعهد در واگذاری خوابگاه
32306,تکنولوژی پرتوشناسی,دانشگاه علوم پزشکی و خدمات بهداشتی درمانی بیرجند,شرایط خاص,عادی,5,76,عدم تعهد در واگذاری خوابگاه
32307,علوم آزمایشگاهی,دانشگاه علوم پزشکی و خدمات بهداشتی درمانی بیرجند,شرایط خاص,عادی,5,76,عدم تعهد در واگذاری خوابگاه
32309,مامایی,دانشگاه علوم پزشکی و خدمات بهداشتی درمانی بیرجند,شرایط خاص,عادی,3,76,عدم تعهد در واگذاری خوابگاه
32310,هوشبری,دانشگاه علوم پزشکی و خدمات بهداشتی درمانی بیرجند,شرایط خاص,عادی,5,76,عدم تعهد در واگذاری خوابگاه
35730,مهندسی بهداشت حرفه ای و ایمنی کار,دانشگاه علوم پزشکی و خدمات بهداشتی درمانی بیرجند,شرایط خاص,عادی,4,76,عدم تعهد در واگذاری خوابگاه
32311,مهندسی بهداشت محیط,دانشگاه علوم پزشکی و خدمات بهداشتی درمانی بیرجند (محل تحصیل شهرستان سرایان),شرایط خاص,عادی,20,76,عدم تعهد در واگذاری خوابگاه
32312,مهندسی بهداشت محیط,دانشگاه علوم پزشکی و خدمات بهداشتی درمانی بیرجند (محل تحصیل شهرستان سرایان),شرایط خاص,عادی,3,76,عدم تعهد در واگذاری خوابگاه
32313,پرستاری,دانشگاه علوم پزشکی و خدمات بهداشتی درمانی بیرجند (محل تحصیل دانشکده پرستاری طبس),شرایط خاص,سهمیه بهیاران,1,77,ویژه بهیاران - عدم تعهد در واگذاری خوابگاه
32314,پرستاری,دانشگاه علوم پزشکی و خدمات بهداشتی درمانی بیرجند (محل تحصیل دانشکده پرستاری طبس),شرایط خاص,عادی,25,77,عدم تعهد در واگذاری خوابگاه
32315,اتاق عمل,دانشگاه علوم پزشکی و خدمات بهداشتی درمانی بیرجند (محل تحصیل دانشکده پرستاری طبس),شرایط خاص,سهمیه بهیاران,1,77,ویژه بهیاران - عدم تعهد در واگذاری خوابگاه
32316,اتاق عمل,دانشگاه علوم پزشکی و خدمات بهداشتی درمانی بیرجند (محل تحصیل دانشکده پرستاری طبس),شرایط خاص,عادی,20,77,عدم تعهد در واگذاری خوابگاه
32318,بهداشت عمومی,دانشگاه علوم پزشکی و خدمات بهداشتی درمانی بیرجند (محل تحصیل دانشکده علوم پزشکی),شرایط خاص,عادی,25,77,عدم تعهد در واگذاری خوابگاه
32319,پرستاری,دانشگاه علوم پزشکی و خدمات بهداشتی درمانی بیرجند (محل تحصیل دانشکده علوم پزشکی),شرایط خاص,عادی,25,77,عدم تعهد در واگذاری خوابگاه
32320,پرستاری,دانشگاه علوم پزشکی و خدمات بهداشتی درمانی بیرجند (محل تحصیل دانشکده علوم پزشکی),شرایط خاص,سهمیه بهیاران,1,77,ویژه بهیاران - عدم تعهد در واگذاری خوابگاه
32321,اتاق عمل,دانشگاه علوم پزشکی و خدمات بهداشتی درمانی بیرجند (محل تحصیل دانشکده علوم پزشکی),شرایط خاص,سهمیه بهیاران,1,77,ویژه بهیاران - عدم تعهد در واگذاری خوابگاه
32322,اتاق عمل,دانشگاه علوم پزشکی و خدمات بهداشتی درمانی بیرجند (محل تحصیل دانشکده علوم پزشکی),شرایط خاص,عادی,20,77,عدم تعهد در واگذاری خوابگاه
32323,فناوری اطلاعات سلامت,دانشگاه علوم پزشکی و خدمات بهداشتی درمانی بیرجند (محل تحصیل دانشکده علوم پزشکی),شرایط خاص,عادی,12,77,عدم تعهد در واگذاری خوابگاه
32324,مدیریت خدمات بهداشتی درمانی,دانشگاه علوم پزشکی و خدمات بهداشتی درمانی بیرجند (محل تحصیل دانشکده علوم پزشکی),شرایط خاص,عادی,15,77,عدم تعهد در واگذاری خوابگاه
32326,بهداشت عمومی,دانشگاه علوم پزشکی و خدمات بهداشتی درمانی بیرجند (محل تحصیل دانشکده علوم پزشکی),شرایط خاص,عادی,5,77,عدم تعهد در واگذاری خوابگاه
32327,پرستاری,دانشگاه علوم پزشکی و خدمات بهداشتی درمانی بیرجند (محل تحصیل دانشکده علوم پزشکی),شرایط خاص,عادی,5,77,عدم تعهد در واگذاری خوابگاه
32328,اتاق عمل,دانشگاه علوم پزشکی و خدمات بهداشتی درمانی بیرجند (محل تحصیل دانشکده علوم پزشکی),شرایط خاص,عادی,3,77,عدم تعهد در واگذاری خوابگاه
32329,فناوری اطلاعات سلامت,دانشگاه علوم پزشکی و خدمات بهداشتی درمانی بیرجند (محل تحصیل دانشکده علوم پزشکی),شرایط خاص,عادی,3,77,عدم تعهد در واگذاری خوابگاه
32330,مدیریت خدمات بهداشتی درمانی,دانشگاه علوم پزشکی و خدمات بهداشتی درمانی بیرجند (محل تحصیل دانشکده علوم پزشکی),شرایط خاص,عادی,3,77,عدم تعهد در واگذاری خوابگاه
32332,بهداشت عمومی,دانشگاه علوم پزشکی و خدمات)بهداشتی درمانی بیرجند (محل تحصیل دانشکده علوم پزشکی قائنات,شرایط خاص,عادی,25,77,عدم تعهد در واگذاری خوابگاه
32333,پرستاری,دانشگاه علوم پزشکی و خدمات)بهداشتی درمانی بیرجند (محل تحصیل دانشکده علوم پزشکی قائنات,شرایط خاص,سهمیه بهیاران,1,77,ویژه بهیاران - عدم تعهد در واگذاری خوابگاه
32334,پرستاری,دانشگاه علوم پزشکی و خدمات)بهداشتی درمانی بیرجند (محل تحصیل دانشکده علوم پزشکی قائنات,شرایط خاص,عادی,25,77,عدم تعهد در واگذاری خوابگاه
32335,اتاق عمل,دانشگاه علوم پزشکی و خدمات)بهداشتی درمانی بیرجند (محل تحصیل دانشکده علوم پزشکی قائنات,شرایط خاص,عادی,20,77,عدم تعهد در واگذاری خوابگاه
32336,علوم آزمایشگاهی,دانشگاه علوم پزشکی و خدمات)بهداشتی درمانی بیرجند (محل تحصیل دانشکده علوم پزشکی قائنات,شرایط خاص,عادی,15,77,عدم تعهد در واگذاری خوابگاه
32338,مامایی,دانشگاه علوم پزشکی و خدمات)بهداشتی درمانی بیرجند (محل تحصیل دانشکده علوم پزشکی قائنات,شرایط خاص,عادی,13,77,عدم تعهد در واگذاری خوابگاه
32339,هوشبری,دانشگاه علوم پزشکی و خدمات)بهداشتی درمانی بیرجند (محل تحصیل دانشکده علوم پزشکی قائنات,شرایط خاص,سهمیه بهیاران,1,77,ویژه بهیاران - عدم تعهد در واگذاری خوابگاه
32340,هوشبری,دانشگاه علوم پزشکی و خدمات)بهداشتی درمانی بیرجند (محل تحصیل دانشکده علوم پزشکی قائنات,شرایط خاص,عادی,15,77,عدم تعهد در واگذاری خوابگاه
32342,بهداشت عمومی,دانشگاه علوم پزشکی و خدمات بهداشتی)درمانی بیرجند (محل تحصیل دانشکده علوم پزشکی قائنات,شرایط خاص,عادی,5,78,عدم تعهد در واگذاری خوابگاه
32343,پرستاری,دانشگاه علوم پزشکی و خدمات بهداشتی)درمانی بیرجند (محل تحصیل دانشکده علوم پزشکی قائنات,شرایط خاص,عادی,5,78,عدم تعهد در واگذاری خوابگاه
32344,اتاق عمل,دانشگاه علوم پزشکی و خدمات بهداشتی)درمانی بیرجند (محل تحصیل دانشکده علوم پزشکی قائنات,شرایط خاص,عادی,3,78,عدم تعهد در واگذاری خوابگاه
32345,اتاق عمل,دانشگاه علوم پزشکی و خدمات بهداشتی)درمانی بیرجند (محل تحصیل دانشکده علوم پزشکی قائنات,شرایط خاص,سهمیه بهیاران,1,78,ویژه بهیاران - عدم تعهد در واگذاری خوابگاه
32346,علوم آزمایشگاهی,دانشگاه علوم پزشکی و خدمات بهداشتی)درمانی بیرجند (محل تحصیل دانشکده علوم پزشکی قائنات,شرایط خاص,عادی,2,78,عدم تعهد در واگذاری خوابگاه
32347,مامایی,دانشگاه علوم پزشکی و خدمات بهداشتی)درمانی بیرجند (محل تحصیل دانشکده علوم پزشکی قائنات,شرایط خاص,عادی,3,78,عدم تعهد در واگذاری خوابگاه
32348,هوشبری,دانشگاه علوم پزشکی و خدمات بهداشتی)درمانی بیرجند (محل تحصیل دانشکده علوم پزشکی قائنات,شرایط خاص,عادی,4,78,عدم تعهد در واگذاری خوابگاه
32350,بهداشت عمومی,دانشگاه علوم پزشکی و خدمات بهداشتی درمانی بیرجند (محل تحصیل مجتمع آموزش عالی),شرایط خاص,عادی,20,78,عدم تعهد در واگذاری خوابگاه
32359,پرستاری,دانشگاه علوم پزشکی و خدمات بهداشتی درمانی تربت حیدریه,شرایط خاص,سهمیه بهیاران,3,78,ویژه بهیاران - محدودیت در ارائه خوابگاه
32361,اتاق عمل,دانشگاه علوم پزشکی و خدمات بهداشتی درمانی تربت حیدریه,شرایط خاص,سهمیه بهیاران,1,78,ویژه بهیاران - محدودیت در ارائه خوابگاه
32366,فوریت‌های پزشکی پیش‌بیمارستانی,دانشگاه علوم پزشکی و خدمات بهداشتی درمانی تربت حیدریه,شرایط خاص,سهمیه بهیاران,1,78,دارای مصاحبه - ویژه بهیاران - شرایط در دفترچه « پیوست ها » - محدودیت در ارائه خوابگاه
32371,هوشبری,دانشگاه علوم پزشکی و خدمات بهداشتی درمانی تربت حیدریه,شرایط خاص,سهمیه بهیاران,1,79,ویژه بهیاران - محدودیت در ارائه خوابگاه
32376,پرستاری,دانشگاه علوم پزشکی و خدمات بهداشتی درمانی تربت حیدریه,شرایط خاص,سهمیه بهیاران,1,79,ویژه بهیاران - محدودیت در ارائه خوابگاه
32383,پزشکی,دانشگاه علوم پزشکی و خدمات بهداشتی درمانی سبزوار,شرایط خاص,عادی,32,79,عدم تعهد در واگذاری خوابگاه
32384,پزشکی,دانشگاه علوم پزشکی و خدمات بهداشتی درمانی سبزوار,شرایط خاص,عادی,33,79,عدم تعهد در واگذاری خوابگاه
32385,بهداشت عمومی,دانشگاه علوم پزشکی و خدمات بهداشتی درمانی سبزوار,شرایط خاص,عادی,35,79,عدم تعهد در واگذاری خوابگاه
32386,پرستاری,دانشگاه علوم پزشکی و خدمات بهداشتی درمانی سبزوار,شرایط خاص,عادی,30,79,عدم تعهد در واگذاری خوابگاه
32387,پرستاری,دانشگاه علوم پزشکی و خدمات بهداشتی درمانی سبزوار,شرایط خاص,سهمیه بهیاران,3,79,ویژه بهیاران - عدم تعهد در واگذاری خوابگاه
32388,پرستاری,دانشگاه علوم پزشکی و خدمات بهداشتی درمانی سبزوار,شرایط خاص,عادی,30,79,عدم تعهد در واگذاری خوابگاه
32389,اتاق عمل,دانشگاه علوم پزشکی و خدمات بهداشتی درمانی سبزوار,شرایط خاص,عادی,20,79,عدم تعهد در واگذاری خوابگاه
32390,اتاق عمل,دانشگاه علوم پزشکی و خدمات بهداشتی درمانی سبزوار,شرایط خاص,سهمیه بهیاران,1,79,ویژه بهیاران - عدم تعهد در واگذاری خوابگاه
32391,تکنولوژی پرتودرمانی,دانشگاه علوم پزشکی و خدمات بهداشتی درمانی سبزوار,شرایط خاص,عادی,20,79,عدم تعهد در واگذاری خوابگاه
32392,تکنولوژی پرتوشناسی,دانشگاه علوم پزشکی و خدمات بهداشتی درمانی سبزوار,شرایط خاص,عادی,18,79,عدم تعهد در واگذاری خوابگاه
32393,ساخت پروتزهای دندانی,دانشگاه علوم پزشکی و خدمات بهداشتی درمانی سبزوار,شرایط خاص,عادی,15,79,عدم تعهد در واگذاری خوابگاه
32394,علوم آزمایشگاهی,دانشگاه علوم پزشکی و خدمات بهداشتی درمانی سبزوار,شرایط خاص,عادی,15,79,عدم تعهد در واگذاری خوابگاه
32395,مامایی,دانشگاه علوم پزشکی و خدمات بهداشتی درمانی سبزوار,شرایط خاص,عادی,20,79,عدم تعهد در واگذاری خوابگاه
32396,مهندسی بهداشت محیط,دانشگاه علوم پزشکی و خدمات بهداشتی درمانی سبزوار,شرایط خاص,عادی,25,79,عدم تعهد در واگذاری خوابگاه
32397,هوشبری,دانشگاه علوم پزشکی و خدمات بهداشتی درمانی سبزوار,شرایط خاص,سهمیه بهیاران,1,79,ویژه بهیاران - عدم تعهد در واگذاری خوابگاه
32398,هوشبری,دانشگاه علوم پزشکی و خدمات بهداشتی درمانی سبزوار,شرایط خاص,عادی,25,79,عدم تعهد در واگذاری خوابگاه
35733,مهندسی بهداشت حرفه ای و ایمنی کار,دانشگاه علوم پزشکی و خدمات بهداشتی درمانی سبزوار,شرایط خاص,عادی,20,79,عدم تعهد در واگذاری خوابگاه
32399,پزشکی,دانشگاه علوم پزشکی و خدمات بهداشتی درمانی سبزوار,شرایط خاص,عادی,5,79,عدم تعهد در واگذاری خوابگاه
32400,پزشکی,دانشگاه علوم پزشکی و خدمات بهداشتی درمانی سبزوار,شرایط خاص,عادی,5,79,عدم تعهد در واگذاری خوابگاه
32401,بهداشت عمومی,دانشگاه علوم پزشکی و خدمات بهداشتی درمانی سبزوار,شرایط خاص,عادی,5,79,عدم تعهد در واگذاری خوابگاه
32402,اتاق عمل,دانشگاه علوم پزشکی و خدمات بهداشتی درمانی سبزوار,شرایط خاص,عادی,5,79,عدم تعهد در واگذاری خوابگاه
32403,تکنولوژی پرتودرمانی,دانشگاه علوم پزشکی و خدمات بهداشتی درمانی سبزوار,شرایط خاص,عادی,5,79,عدم تعهد در واگذاری خوابگاه
32404,تکنولوژی پرتوشناسی,دانشگاه علوم پزشکی و خدمات بهداشتی درمانی سبزوار,شرایط خاص,عادی,5,79,عدم تعهد در واگذاری خوابگاه
32405,ساخت پروتزهای دندانی,دانشگاه علوم پزشکی و خدمات بهداشتی درمانی سبزوار,شرایط خاص,عادی,5,79,عدم تعهد در واگذاری خوابگاه
32406,علوم آزمایشگاهی,دانشگاه علوم پزشکی و خدمات بهداشتی درمانی سبزوار,شرایط خاص,عادی,5,80,عدم تعهد در واگذاری خوابگاه
32407,مامایی,دانشگاه علوم پزشکی و خدمات بهداشتی درمانی سبزوار,شرایط خاص,عادی,5,80,عدم تعهد در واگذاری خوابگاه
32408,مهندسی بهداشت محیط,دانشگاه علوم پزشکی و خدمات بهداشتی درمانی سبزوار,شرایط خاص,عادی,10,80,عدم تعهد در واگذاری خوابگاه
32409,هوشبری,دانشگاه علوم پزشکی و خدمات بهداشتی درمانی سبزوار,شرایط خاص,عادی,5,80,عدم تعهد در واگذاری خوابگاه
35734,مهندسی بهداشت حرفه ای و ایمنی کار,دانشگاه علوم پزشکی و خدمات بهداشتی درمانی سبزوار,شرایط خاص,عادی,4,80,عدم تعهد در واگذاری خوابگاه
32410,پرستاری,دانشگاه علوم پزشکی و خدمات بهداشتی درمانی سبزوار (محل تحصیل دانشکده پرستاری جوین),شرایط خاص,سهمیه بهیاران,1,80,ویژه بهیاران - ممنوعیت نقل و انتقال - عدم تعهد در واگذاری خوابگاه
32411,پرستاری,دانشگاه علوم پزشکی و خدمات بهداشتی درمانی سبزوار (محل تحصیل دانشکده پرستاری جوین),شرایط خاص,عادی,20,80,ممنوعیت نقل و انتقال - عدم تعهد در واگذاری خوابگاه
32416,پرستاری,دانشگاه علوم پزشکی و خدمات بهداشتی درمانی گناباد,شرایط خاص,سهمیه بهیاران,3,80,ویژه بهیاران - محدودیت در ارائه خوابگاه
32419,اتاق عمل,دانشگاه علوم پزشکی و خدمات بهداشتی درمانی گناباد,شرایط خاص,سهمیه بهیاران,1,80,ویژه بهیاران - محدودیت در ارائه خوابگاه
32423,فوریت‌های پزشکی پیش‌بیمارستانی,دانشگاه علوم پزشکی و خدمات بهداشتی درمانی گناباد,شرایط خاص,سهمیه بهیاران,1,80,دارای مصاحبه - ویژه بهیاران - شرایط در دفترچه « پیوست ها » - محدودیت در ارائه خوابگاه
32428,هوشبری,دانشگاه علوم پزشکی و خدمات بهداشتی درمانی گناباد,شرایط خاص,سهمیه بهیاران,1,80,ویژه بهیاران - محدودیت در ارائه خوابگاه
32433,پرستاری,دانشگاه علوم پزشکی و خدمات بهداشتی درمانی گناباد,شرایط خاص,سهمیه بهیاران,1,80,ویژه بهیاران - محدودیت در ارائه خوابگاه
32441,پزشکی,دانشگاه علوم پزشکی و خدمات بهداشتی درمانی مشهد,شرایط خاص,عادی,107,81,عدم تعهد در واگذاری خوابگاه
32443,پزشکی,دانشگاه علوم پزشکی و خدمات بهداشتی درمانی مشهد,شرایط خاص,عادی,107,81,عدم تعهد در واگذاری خوابگاه
32444,داروسازی,دانشگاه علوم پزشکی و خدمات بهداشتی درمانی مشهد,شرایط خاص,عادی,32,81,عدم تعهد در واگذاری خوابگاه
32445,داروسازی,دانشگاه علوم پزشکی و خدمات بهداشتی درمانی مشهد,شرایط خاص,عادی,33,81,عدم تعهد در واگذاری خوابگاه
32446,دندانپزشکی,دانشگاه علوم پزشکی و خدمات بهداشتی درمانی مشهد,شرایط خاص,عادی,19,81,عدم تعهد در واگذاری خوابگاه
32448,دندانپزشکی,دانشگاه علوم پزشکی و خدمات بهداشتی درمانی مشهد,شرایط خاص,عادی,20,81,عدم تعهد در واگذاری خوابگاه
32449,ارتوز و پروتز (اعضای مصنوعی و وسایل کمکی),دانشگاه علوم پزشکی و خدمات بهداشتی درمانی مشهد,شرایط خاص,عادی,10,81,عدم تعهد در واگذاری خوابگاه
32450,بهداشت عمومی,دانشگاه علوم پزشکی و خدمات بهداشتی درمانی مشهد,شرایط خاص,عادی,25,81,عدم تعهد در واگذاری خوابگاه
32451,بینایی‌سنجی,دانشگاه علوم پزشکی و خدمات بهداشتی درمانی مشهد,شرایط خاص,عادی,18,81,عدم تعهد در واگذاری خوابگاه
32452,پرستاری,دانشگاه علوم پزشکی و خدمات بهداشتی درمانی مشهد,شرایط خاص,عادی,50,81,عدم تعهد در واگذاری خوابگاه
32453,پرستاری,دانشگاه علوم پزشکی و خدمات بهداشتی درمانی مشهد,شرایط خاص,سهمیه بهیاران,5,81,ویژه بهیاران - عدم تعهد در واگذاری خوابگاه
32454,پرستاری,دانشگاه علوم پزشکی و خدمات بهداشتی درمانی مشهد,شرایط خاص,عادی,50,81,عدم تعهد در واگذاری خوابگاه
32455,اتاق عمل,دانشگاه علوم پزشکی و خدمات بهداشتی درمانی مشهد,شرایط خاص,سهمیه بهیاران,1,81,ویژه بهیاران - عدم تعهد در واگذاری خوابگاه
32456,اتاق عمل,دانشگاه علوم پزشکی و خدمات بهداشتی درمانی مشهد,شرایط خاص,عادی,25,81,عدم تعهد در واگذاری خوابگاه
32457,تکنولوژی پرتوشناسی,دانشگاه علوم پزشکی و خدمات بهداشتی درمانی مشهد,شرایط خاص,عادی,15,81,عدم تعهد در واگذاری خوابگاه
32458,شنوایی‌شناسی,دانشگاه علوم پزشکی و خدمات بهداشتی درمانی مشهد,شرایط خاص,عادی,10,81,عدم تعهد در واگذاری خوابگاه
32459,علوم آزمایشگاهی,دانشگاه علوم پزشکی و خدمات بهداشتی درمانی مشهد,شرایط خاص,عادی,30,81,عدم تعهد در واگذاری خوابگاه
32460,فناوری اطلاعات سلامت,دانشگاه علوم پزشکی و خدمات بهداشتی درمانی مشهد,شرایط خاص,عادی,28,81,عدم تعهد در واگذاری خوابگاه
32461,فوریت‌های پزشکی پیش‌بیمارستانی,دانشگاه علوم پزشکی و خدمات بهداشتی درمانی مشهد,شرایط خاص,سهمیه بهیاران,1,81,دارای مصاحبه - ویژه بهیاران - شرایط در دفترچه « پیوست ها » - عدم تعهد در واگذاری خوابگاه
32463,فیزیوتراپی,دانشگاه علوم پزشکی و خدمات بهداشتی درمانی مشهد,شرایط خاص,عادی,20,81,عدم تعهد در واگذاری خوابگاه
32464,کاردرمانی,دانشگاه علوم پزشکی و خدمات بهداشتی درمانی مشهد,شرایط خاص,عادی,12,81,عدم تعهد در واگذاری خوابگاه
32465,گفتاردرمانی,دانشگاه علوم پزشکی و خدمات بهداشتی درمانی مشهد,شرایط خاص,عادی,15,81,عدم تعهد در واگذاری خوابگاه
32466,مامایی,دانشگاه علوم پزشکی و خدمات بهداشتی درمانی مشهد,شرایط خاص,عادی,30,81,عدم تعهد در واگذاری خوابگاه
32467,مهندسی بهداشت محیط,دانشگاه علوم پزشکی و خدمات بهداشتی درمانی مشهد,شرایط خاص,عادی,30,81,عدم تعهد در واگذاری خوابگاه
35738,مهندسی بهداشت حرفه ای و ایمنی کار,دانشگاه علوم پزشکی و خدمات بهداشتی درمانی مشهد,شرایط خاص,عادی,24,82,عدم تعهد در واگذاری خوابگاه
32468,پزشکی,دانشگاه علوم پزشکی و خدمات بهداشتی درمانی مشهد,شرایط خاص,عادی,15,82,عدم تعهد در واگذاری خوابگاه
32469,پزشکی,دانشگاه علوم پزشکی و خدمات بهداشتی درمانی مشهد,شرایط خاص,عادی,15,82,عدم تعهد در واگذاری خوابگاه
32470,داروسازی,دانشگاه علوم پزشکی و خدمات بهداشتی درمانی مشهد,شرایط خاص,عادی,18,82,عدم تعهد در واگذاری خوابگاه
32471,داروسازی,دانشگاه علوم پزشکی و خدمات بهداشتی درمانی مشهد,شرایط خاص,عادی,17,82,عدم تعهد در واگذاری خوابگاه
32472,دندانپزشکی,دانشگاه علوم پزشکی و خدمات بهداشتی درمانی مشهد,شرایط خاص,عادی,5,82,عدم تعهد در واگذاری خوابگاه
32473,ارتوز و پروتز (اعضای مصنوعی و وسایل کمکی),دانشگاه علوم پزشکی و خدمات بهداشتی درمانی مشهد,شرایط خاص,عادی,2,82,عدم تعهد در واگذاری خوابگاه
32474,بهداشت عمومی,دانشگاه علوم پزشکی و خدمات بهداشتی درمانی مشهد,شرایط خاص,عادی,5,82,عدم تعهد در واگذاری خوابگاه
32475,بینایی‌سنجی,دانشگاه علوم پزشکی و خدمات بهداشتی درمانی مشهد,شرایط خاص,عادی,5,82,عدم تعهد در واگذاری خوابگاه
32476,پرستاری,دانشگاه علوم پزشکی و خدمات بهداشتی درمانی مشهد,شرایط خاص,سهمیه بهیاران,1,82,ویژه بهیاران - عدم تعهد در واگذاری خوابگاه
32477,پرستاری,دانشگاه علوم پزشکی و خدمات بهداشتی درمانی مشهد,شرایط خاص,عادی,9,82,عدم تعهد در واگذاری خوابگاه
32478,پرستاری,دانشگاه علوم پزشکی و خدمات بهداشتی درمانی مشهد,شرایط خاص,عادی,10,82,عدم تعهد در واگذاری خوابگاه
32479,اتاق عمل,دانشگاه علوم پزشکی و خدمات بهداشتی درمانی مشهد,شرایط خاص,عادی,5,82,عدم تعهد در واگذاری خوابگاه
32480,تکنولوژی پرتوشناسی,دانشگاه علوم پزشکی و خدمات بهداشتی درمانی مشهد,شرایط خاص,عادی,5,82,عدم تعهد در واگذاری خوابگاه
32481,علوم آزمایشگاهی,دانشگاه علوم پزشکی و خدمات بهداشتی درمانی مشهد,شرایط خاص,عادی,10,82,عدم تعهد در واگذاری خوابگاه
32482,فناوری اطلاعات سلامت,دانشگاه علوم پزشکی و خدمات بهداشتی درمانی مشهد,شرایط خاص,عادی,10,82,عدم تعهد در واگذاری خوابگاه
32484,فیزیوتراپی,دانشگاه علوم پزشکی و خدمات بهداشتی درمانی مشهد,شرایط خاص,عادی,5,82,عدم تعهد در واگذاری خوابگاه
32485,کاردرمانی,دانشگاه علوم پزشکی و خدمات بهداشتی درمانی مشهد,شرایط خاص,عادی,2,82,عدم تعهد در واگذاری خوابگاه
32486,گفتاردرمانی,دانشگاه علوم پزشکی و خدمات بهداشتی درمانی مشهد,شرایط خاص,عادی,5,82,عدم تعهد در واگذاری خوابگاه
32487,مامایی,دانشگاه علوم پزشکی و خدمات بهداشتی درمانی مشهد,شرایط خاص,عادی,10,82,عدم تعهد در واگذاری خوابگاه
32488,مهندسی بهداشت محیط,دانشگاه علوم پزشکی و خدمات بهداشتی درمانی مشهد,شرایط خاص,عادی,10,82,عدم تعهد در واگذاری خوابگاه
35740,مهندسی بهداشت حرفه ای و ایمنی کار,دانشگاه علوم پزشکی و خدمات بهداشتی درمانی مشهد,شرایط خاص,عادی,8,82,عدم تعهد در واگذاری خوابگاه
32490,پرستاری,دانشگاه علوم پزشکی و خدمات بهداشتی درمانی مشهد (محل تحصیل دانشکده علوم پزشکی کاشمر),شرایط خاص,سهمیه بهیاران,1,82,ویژه بهیاران - فاقد خوابگاه
32493,فوریت‌های پزشکی پیش‌بیمارستانی,دانشگاه علوم پزشکی و خدمات بهداشتی درمانی مشهد (محل تحصیل دانشکده علوم پزشکی کاشمر),شرایط خاص,سهمیه بهیاران,1,82,دارای مصاحبه - ویژه بهیاران - شرایط در دفترچه « پیوست ها » - فاقد خوابگاه
32500,پزشکی,دانشگاه علوم پزشکی و خدمات بهداشتی درمانی نیشابور,شرایط خاص,عادی,25,83,عدم تعهد در واگذاری خوابگاه
32501,بهداشت عمومی,دانشگاه علوم پزشکی و خدمات بهداشتی درمانی نیشابور,شرایط خاص,عادی,25,83,عدم تعهد در واگذاری خوابگاه
32502,پرستاری,دانشگاه علوم پزشکی و خدمات بهداشتی درمانی نیشابور,شرایط خاص,عادی,45,83,عدم تعهد در واگذاری خوابگاه
32503,پرستاری,دانشگاه علوم پزشکی و خدمات بهداشتی درمانی نیشابور,شرایط خاص,سهمیه بهیاران,2,83,ویژه بهیاران - عدم تعهد در واگذاری خوابگاه
32504,اتاق عمل,دانشگاه علوم پزشکی و خدمات بهداشتی درمانی نیشابور,شرایط خاص,سهمیه بهیاران,1,83,ویژه بهیاران - عدم تعهد در واگذاری خوابگاه
32505,اتاق عمل,دانشگاه علوم پزشکی و خدمات بهداشتی درمانی نیشابور,شرایط خاص,عادی,25,83,عدم تعهد در واگذاری خوابگاه
32506,علوم تغذیه,دانشگاه علوم پزشکی و خدمات بهداشتی درمانی نیشابور,شرایط خاص,عادی,16,83,عدم تعهد در واگذاری خوابگاه
32507,علوم و صنایع غذایی / علوم و مهندسی صنایع غذایی,دانشگاه علوم پزشکی و خدمات بهداشتی درمانی نیشابور,شرایط خاص,عادی,20,83,عدم تعهد در واگذاری خوابگاه
32508,فناوری اطلاعات سلامت,دانشگاه علوم پزشکی و خدمات بهداشتی درمانی نیشابور,شرایط خاص,عادی,17,83,عدم تعهد در واگذاری خوابگاه
32510,فوریت‌های پزشکی پیش‌بیمارستانی,دانشگاه علوم پزشکی و خدمات بهداشتی درمانی نیشابور,شرایط خاص,سهمیه بهیاران,1,83,دارای مصاحبه - ویژه بهیاران - شرایط در دفترچه « پیوست ها » - عدم تعهد در واگذاری خوابگاه
32511,مهندسی بهداشت محیط,دانشگاه علوم پزشکی و خدمات بهداشتی درمانی نیشابور,شرایط خاص,عادی,25,83,عدم تعهد در واگذاری خوابگاه
32512,هوشبری,دانشگاه علوم پزشکی و خدمات بهداشتی درمانی نیشابور,شرایط خاص,عادی,25,83,عدم تعهد در واگذاری خوابگاه
32513,هوشبری,دانشگاه علوم پزشکی و خدمات بهداشتی درمانی نیشابور,شرایط خاص,سهمیه بهیاران,1,83,ویژه بهیاران - عدم تعهد در واگذاری خوابگاه
35741,مهندسی بهداشت حرفه ای و ایمنی کار,دانشگاه علوم پزشکی و خدمات بهداشتی درمانی نیشابور,شرایط خاص,عادی,20,83,عدم تعهد در واگذاری خوابگاه
32514,پزشکی,دانشگاه علوم پزشکی و خدمات بهداشتی درمانی نیشابور,شرایط خاص,عادی,5,83,عدم تعهد در واگذاری خوابگاه
32515,بهداشت عمومی,دانشگاه علوم پزشکی و خدمات بهداشتی درمانی نیشابور,شرایط خاص,عادی,5,83,عدم تعهد در واگذاری خوابگاه
32516,پرستاری,دانشگاه علوم پزشکی و خدمات بهداشتی درمانی نیشابور,شرایط خاص,عادی,5,83,عدم تعهد در واگذاری خوابگاه
32517,اتاق عمل,دانشگاه علوم پزشکی و خدمات بهداشتی درمانی نیشابور,شرایط خاص,عادی,5,83,عدم تعهد در واگذاری خوابگاه
32518,علوم تغذیه,دانشگاه علوم پزشکی و خدمات بهداشتی درمانی نیشابور,شرایط خاص,عادی,5,83,عدم تعهد در واگذاری خوابگاه
32519,علوم و صنایع غذایی / علوم و مهندسی صنایع غذایی,دانشگاه علوم پزشکی و خدمات بهداشتی درمانی نیشابور,شرایط خاص,عادی,5,83,عدم تعهد در واگذاری خوابگاه
32520,فناوری اطلاعات سلامت,دانشگاه علوم پزشکی و خدمات بهداشتی درمانی نیشابور,شرایط خاص,عادی,5,83,عدم تعهد در واگذاری خوابگاه
32521,مهندسی بهداشت محیط,دانشگاه علوم پزشکی و خدمات بهداشتی درمانی نیشابور,شرایط خاص,عادی,5,83,عدم تعهد در واگذاری خوابگاه
32522,هوشبری,دانشگاه علوم پزشکی و خدمات بهداشتی درمانی نیشابور,شرایط خاص,عادی,5,83,عدم تعهد در واگذاری خوابگاه
35742,مهندسی بهداشت حرفه ای و ایمنی کار,دانشگاه علوم پزشکی و خدمات بهداشتی درمانی نیشابور,شرایط خاص,عادی,4,83,عدم تعهد در واگذاری خوابگاه
32525,پرستاری,دانشکده علوم پزشکی و خدمات بهداشتی درمانی تربت جام,شرایط خاص,سهمیه بهیاران,1,83,ویژه بهیاران - معرفی به خوابگاه ،خودگردان « برادران » خوابگاه استیجاری با ظرفیت محدود
32526,اتاق عمل,دانشکده علوم پزشکی و خدمات بهداشتی درمانی تربت جام,شرایط خاص,سهمیه بهیاران,1,83,ویژه بهیاران - معرفی به خوابگاه ،خودگردان « برادران » خوابگاه استیجاری با ظرفیت محدود
32528,فوریت‌های پزشکی پیش‌بیمارستانی,دانشکده علوم پزشکی و خدمات بهداشتی درمانی تربت جام,شرایط خاص,سهمیه بهیاران,1,84,دارای مصاحبه - ویژه بهیاران - شرایط در دفترچه « پیوست ها » - خوابگاه استیجاری با ظرفیت محدود
32539,پزشکی,دانشگاه علوم پزشکی و خدمات بهداشتی درمانی بجنورد,شرایط خاص,عادی,27,84,عدم تعهد در واگذاری خوابگاه
32540,پزشکی,دانشگاه علوم پزشکی و خدمات بهداشتی درمانی بجنورد,شرایط خاص,عادی,27,84,عدم تعهد در واگذاری خوابگاه
32541,دندانپزشکی,دانشگاه علوم پزشکی و خدمات بهداشتی درمانی بجنورد,شرایط خاص,عادی,18,84,عدم تعهد در واگذاری خوابگاه
32542,بهداشت عمومی,دانشگاه علوم پزشکی و خدمات بهداشتی درمانی بجنورد,شرایط خاص,عادی,25,84,عدم تعهد در واگذاری خوابگاه
32543,اتاق عمل,دانشگاه علوم پزشکی و خدمات بهداشتی درمانی بجنورد,شرایط خاص,سهمیه بهیاران,1,84,ویژه بهیاران - عدم تعهد در واگذاری خوابگاه
32544,اتاق عمل,دانشگاه علوم پزشکی و خدمات بهداشتی درمانی بجنورد,شرایط خاص,عادی,20,84,عدم تعهد در واگذاری خوابگاه
32545,تکنولوژی پرتوشناسی,دانشگاه علوم پزشکی و خدمات بهداشتی درمانی بجنورد,شرایط خاص,عادی,13,84,عدم تعهد در واگذاری خوابگاه
32546,علوم آزمایشگاهی,دانشگاه علوم پزشکی و خدمات بهداشتی درمانی بجنورد,شرایط خاص,عادی,13,84,عدم تعهد در واگذاری خوابگاه
32547,علوم تغذیه,دانشگاه علوم پزشکی و خدمات بهداشتی درمانی بجنورد,شرایط خاص,عادی,15,84,عدم تعهد در واگذاری خوابگاه
32548,مامایی,دانشگاه علوم پزشکی و خدمات بهداشتی درمانی بجنورد,شرایط خاص,عادی,10,84,عدم تعهد در واگذاری خوابگاه
32549,مهندسی بهداشت محیط,دانشگاه علوم پزشکی و خدمات بهداشتی درمانی بجنورد,شرایط خاص,عادی,30,84,عدم تعهد در واگذاری خوابگاه
32550,هوشبری,دانشگاه علوم پزشکی و خدمات بهداشتی درمانی بجنورد,شرایط خاص,سهمیه بهیاران,1,84,ویژه بهیاران - عدم تعهد در واگذاری خوابگاه
32551,هوشبری,دانشگاه علوم پزشکی و خدمات بهداشتی درمانی بجنورد,شرایط خاص,عادی,20,84,عدم تعهد در واگذاری خوابگاه
32564,پرستاری,دانشگاه علوم پزشکی و خدمات بهداشتی درمانی بجنورد,شرایط خاص,سهمیه بهیاران,1,84,ویژه بهیاران - محل تحصیل دانشکده پرستاری و مامایی بجنورد - عدم تعهد در واگذاری خوابگاه
32565,پرستاری,دانشگاه علوم پزشکی و خدمات بهداشتی درمانی بجنورد,شرایط خاص,عادی,30,84,محل تحصیل دانشکده پرستاری و مامایی بجنورد - عدم تعهد در واگذاری خوابگاه
32566,فوریت‌های پزشکی پیش‌بیمارستانی,دانشگاه علوم پزشکی و خدمات بهداشتی درمانی بجنورد,شرایط خاص,سهمیه بهیاران,1,85,دارای مصاحبه - ویژه بهیاران - شرایط در دفترچه « پیوست ها » - محل تحصیل دانشکده پرستاری و مامایی بجنورد - عدم تعهد در واگذاری خوابگاه
35743,مهندسی بهداشت حرفه ای و ایمنی کار,دانشگاه علوم پزشکی و خدمات بهداشتی درمانی بجنورد,شرایط خاص,عادی,16,85,عدم تعهد در واگذاری خوابگاه
32552,پزشکی,دانشگاه علوم پزشکی و خدمات بهداشتی درمانی بجنورد,شرایط خاص,عادی,10,85,عدم تعهد در واگذاری خوابگاه
32553,بهداشت عمومی,دانشگاه علوم پزشکی و خدمات بهداشتی درمانی بجنورد,شرایط خاص,عادی,5,85,عدم تعهد در واگذاری خوابگاه
32554,اتاق عمل,دانشگاه علوم پزشکی و خدمات بهداشتی درمانی بجنورد,شرایط خاص,عادی,2,85,عدم تعهد در واگذاری خوابگاه
32555,علوم آزمایشگاهی,دانشگاه علوم پزشکی و خدمات بهداشتی درمانی بجنورد,شرایط خاص,عادی,2,85,عدم تعهد در واگذاری خوابگاه
32556,علوم تغذیه,دانشگاه علوم پزشکی و خدمات بهداشتی درمانی بجنورد,شرایط خاص,عادی,5,85,عدم تعهد در واگذاری خوابگاه
32557,مهندسی بهداشت محیط,دانشگاه علوم پزشکی و خدمات بهداشتی درمانی بجنورد,شرایط خاص,عادی,5,85,عدم تعهد در واگذاری خوابگاه
32558,هوشبری,دانشگاه علوم پزشکی و خدمات بهداشتی درمانی بجنورد,شرایط خاص,عادی,2,85,عدم تعهد در واگذاری خوابگاه
32568,پرستاری,دانشگاه علوم پزشکی و خدمات بهداشتی درمانی بجنورد,شرایط خاص,عادی,5,85,محل تحصیل دانشکده پرستاری و مامایی بجنورد - عدم تعهد در واگذاری خوابگاه
32570,مامایی,دانشگاه علوم پزشکی و خدمات بهداشتی درمانی بجنورد,شرایط خاص,عادی,3,85,محل تحصیل دانشکده پرستاری و مامایی بجنورد - عدم تعهد در واگذاری خوابگاه
35744,مهندسی بهداشت حرفه ای و ایمنی کار,دانشگاه علوم پزشکی و خدمات بهداشتی درمانی بجنورد,شرایط خاص,عادی,8,85,عدم تعهد در واگذاری خوابگاه
32559,پرستاری,دانشگاه علوم پزشکی و خدمات بهداشتی درمانی بجنورد (محل تحصیل دانشکده پرستاری شیروان),شرایط خاص,سهمیه بهیاران,1,85,ویژه بهیاران - عدم تعهد در واگذاری خوابگاه
32560,پرستاری,دانشگاه علوم پزشکی و خدمات بهداشتی درمانی بجنورد (محل تحصیل دانشکده پرستاری شیروان),شرایط خاص,عادی,25,85,عدم تعهد در واگذاری خوابگاه
32561,مامایی,دانشگاه علوم پزشکی و خدمات بهداشتی درمانی بجنورد (محل تحصیل دانشکده پرستاری شیروان),شرایط خاص,عادی,13,85,عدم تعهد در واگذاری خوابگاه
32571,بهداشت عمومی,دانشکده علوم پزشکی و خدمات بهداشتی درمانی اسفراین,شرایط خاص,عادی,30,85,عدم تعهد در واگذاری خوابگاه
32572,پرستاری,دانشکده علوم پزشکی و خدمات بهداشتی درمانی اسفراین,شرایط خاص,عادی,30,85,عدم تعهد در واگذاری خوابگاه
32573,پرستاری,دانشکده علوم پزشکی و خدمات بهداشتی درمانی اسفراین,شرایط خاص,سهمیه بهیاران,1,85,ویژه بهیاران - عدم تعهد در واگذاری خوابگاه
32574,فناوری اطلاعات سلامت,دانشکده علوم پزشکی و خدمات بهداشتی درمانی اسفراین,شرایط خاص,عادی,25,85,عدم تعهد در واگذاری خوابگاه
32575,فوریت‌های پزشکی پیش‌بیمارستانی,دانشکده علوم پزشکی و خدمات بهداشتی درمانی اسفراین,شرایط خاص,سهمیه بهیاران,2,86,دارای مصاحبه - ویژه بهیاران - شرایط در دفترچه « پیوست ها » - عدم تعهد در واگذاری خوابگاه
35745,مهندسی بهداشت حرفه ای و ایمنی کار,دانشکده علوم پزشکی و خدمات بهداشتی درمانی اسفراین,شرایط خاص,عادی,16,86,عدم تعهد در واگذاری خوابگاه
32577,پرستاری,دانشکده علوم پزشکی و خدمات بهداشتی درمانی اسفراین,شرایط خاص,عادی,10,86,عدم تعهد در واگذاری خوابگاه
32578,فناوری اطلاعات سلامت,دانشکده علوم پزشکی و خدمات بهداشتی درمانی اسفراین,شرایط خاص,عادی,10,86,عدم تعهد در واگذاری خوابگاه
32583,پزشکی,دانشگاه علوم پزشکی و خدمات بهداشتی درمانی جندی شاپور اهواز,شرایط خاص,عادی,51,86,No special admission criterion; hostel noncommitment is not service commitment
32584,پزشکی,دانشگاه علوم پزشکی و خدمات بهداشتی درمانی جندی شاپور اهواز,عادی,شرایط خاص,3,86,دارای مصاحبه - بورس و استخدام فرماندهی انتظامی جمهوری اسالمی ( فراجا ) - شرایط در دفترچه « پیوست ها » - مطابق شرایط و ضوابط فراجا
32589,دندانپزشکی,دانشگاه علوم پزشکی و خدمات بهداشتی درمانی جندی شاپور اهواز,شرایط خاص,عادی,22,86,No special admission criterion; hostel noncommitment is not service commitment
32590,دندانپزشکی,دانشگاه علوم پزشکی و خدمات بهداشتی درمانی جندی شاپور اهواز,عادی,شرایط خاص,3,86,دارای مصاحبه - بورس و استخدام سپاه پاسداران انقالب اسالمی - شرایط در دفترچه « پیوست ها » - اولویت پذیرش با متقاضیان استان خوزستان و استان های همجوار آن - محل خدمت پس از فارغ التحصیلی در استان خوزستان
32595,پرستاری,دانشگاه علوم پزشکی و خدمات بهداشتی درمانی جندی شاپور اهواز,شرایط خاص,سهمیه بهیاران,2,87,ویژه بهیاران
32596,پرستاری,دانشگاه علوم پزشکی و خدمات بهداشتی درمانی جندی شاپور اهواز,عادی,شرایط خاص,6,87,دارای مصاحبه - بورس و استخدام سپاه پاسداران انقالب اسالمی - شرایط در دفترچه « پیوست ها » - اولویت پذیرش با متقاضیان استان خوزستان و استان های همجوار آن - محل خدمت پس از فارغ التحصیلی در استان خوزستان
32597,اتاق عمل,دانشگاه علوم پزشکی و خدمات بهداشتی درمانی جندی شاپور اهواز,شرایط خاص,سهمیه بهیاران,1,87,ویژه بهیاران
32612,هوشبری,دانشگاه علوم پزشکی و خدمات بهداشتی درمانی جندی شاپور اهواز,شرایط خاص,سهمیه بهیاران,1,87,ویژه بهیاران
32647,فوریت‌های پزشکی پیش‌بیمارستانی,دانشگاه علوم پزشکی و خدمات بهداشتی درمانی جندی شاپور اهواز,عادی,سهمیه بهیاران,1,87,دارای مصاحبه - ویژه بهیاران - شرایط در دفترچه « پیوست ها » - محل تحصیل دانشکده پرستاری و مامایی اهواز
32630,پرستاری,دانشگاه علوم پزشکی و خدمات بهداشتی درمانی جندی شاپور اهواز (محل تحصیل دانشکده پرستاری),شرایط خاص,سهمیه بهیاران,1,88,ویژه بهیاران - امکان میهمانی و انتقال دائم به دانشکده پرستاری و مامایی اهواز ممنوع می باشد - فاقد خوابگاه
32631,پرستاری,دانشگاه علوم پزشکی و خدمات بهداشتی درمانی جندی شاپور اهواز (محل تحصیل دانشکده پرستاری بستان),شرایط خاص,سهمیه بهیاران,1,88,ویژه بهیاران - امکان میهمانی و انتقال دائم به دانشکده پرستاری و مامایی اهواز ممنوع می باشد - فاقد خوابگاه
32633,پرستاری,دانشگاه علوم پزشکی و خدمات بهداشتی درمانی جندی شاپور اهواز (محل تحصیل دانشکده پرستاری رامهرمز),شرایط خاص,سهمیه بهیاران,1,88,ویژه بهیاران - امکان میهمانی و انتقال دائم به دانشکده پرستاری و مامایی اهواز ممنوع می باشد - فاقد خوابگاه
32635,فوریت‌های پزشکی پیش‌بیمارستانی,دانشگاه علوم پزشکی و خدمات بهداشتی درمانی جندی شاپور اهواز (محل تحصیل دانشکده پرستاری رامهرمز),شرایط خاص,سهمیه بهیاران,1,88,دارای مصاحبه - ویژه بهیاران - شرایط در دفترچه « پیوست ها » - فاقد خوابگاه
32637,پرستاری,دانشگاه علوم پزشکی و خدمات بهداشتی درمانی جندی شاپور اهواز (محل تحصیل دانشکده پرستاری),شرایط خاص,سهمیه بهیاران,1,88,ویژه بهیاران - امکان میهمانی و انتقال دائم به دانشکده پرستاری و مامایی اهواز ممنوع می باشد - فاقد خوابگاه
32640,پرستاری,دانشگاه علوم پزشکی و خدمات بهداشتی درمانی جندی شاپور اهواز (محل تحصیل)دانشکده پرستاری ایذه,شرایط خاص,سهمیه بهیاران,1,88,ویژه بهیاران - امکان میهمانی و انتقال دائم به دانشکده پرستاری و مامایی اهواز ممنوع می باشد - فاقد خوابگاه
32642,فوریت‌های پزشکی پیش‌بیمارستانی,دانشگاه علوم پزشکی و خدمات بهداشتی درمانی جندی شاپور اهواز (محل تحصیل)دانشکده پرستاری ایذه,شرایط خاص,سهمیه بهیاران,1,88,دارای مصاحبه - ویژه بهیاران - شرایط در دفترچه « پیوست ها » - فاقد خوابگاه
32649,پزشکی,دانشگاه علوم پزشکی و خدمات بهداشتی درمانی دزفول,شرایط خاص,عادی,25,89,عدم تعهد در واگذاری خوابگاه
32650,پزشکی,دانشگاه علوم پزشکی و خدمات بهداشتی درمانی دزفول,شرایط خاص,عادی,26,89,عدم تعهد در واگذاری خوابگاه
32651,بهداشت عمومی,دانشگاه علوم پزشکی و خدمات بهداشتی درمانی دزفول,شرایط خاص,عادی,30,89,عدم تعهد در واگذاری خوابگاه
32652,پرستاری,دانشگاه علوم پزشکی و خدمات بهداشتی درمانی دزفول,شرایط خاص,سهمیه بهیاران,1,89,ویژه بهیاران - عدم تعهد در واگذاری خوابگاه
32653,پرستاری,دانشگاه علوم پزشکی و خدمات بهداشتی درمانی دزفول,شرایط خاص,عادی,25,89,عدم تعهد در واگذاری خوابگاه
32654,پرستاری,دانشگاه علوم پزشکی و خدمات بهداشتی درمانی دزفول,شرایط خاص,عادی,25,89,عدم تعهد در واگذاری خوابگاه
32655,اتاق عمل,دانشگاه علوم پزشکی و خدمات بهداشتی درمانی دزفول,شرایط خاص,عادی,20,89,عدم تعهد در واگذاری خوابگاه
32656,اتاق عمل,دانشگاه علوم پزشکی و خدمات بهداشتی درمانی دزفول,شرایط خاص,سهمیه بهیاران,1,89,ویژه بهیاران - عدم تعهد در واگذاری خوابگاه
32657,علوم آزمایشگاهی,دانشگاه علوم پزشکی و خدمات بهداشتی درمانی دزفول,شرایط خاص,عادی,20,89,عدم تعهد در واگذاری خوابگاه
32658,فوریت‌های پزشکی پیش‌بیمارستانی,دانشگاه علوم پزشکی و خدمات بهداشتی درمانی دزفول,شرایط خاص,سهمیه بهیاران,1,89,دارای مصاحبه - ویژه بهیاران - شرایط در دفترچه « پیوست ها » - عدم تعهد در واگذاری خوابگاه
32660,هوشبری,دانشگاه علوم پزشکی و خدمات بهداشتی درمانی دزفول,شرایط خاص,سهمیه بهیاران,1,89,ویژه بهیاران - عدم تعهد در واگذاری خوابگاه
32661,هوشبری,دانشگاه علوم پزشکی و خدمات بهداشتی درمانی دزفول,شرایط خاص,عادی,15,89,عدم تعهد در واگذاری خوابگاه
32663,پزشکی,دانشگاه علوم پزشکی و خدمات بهداشتی درمانی دزفول,شرایط خاص,عادی,5,89,عدم تعهد در واگذاری خوابگاه
32664,پزشکی,دانشگاه علوم پزشکی و خدمات بهداشتی درمانی دزفول,شرایط خاص,عادی,5,89,عدم تعهد در واگذاری خوابگاه
32665,بهداشت عمومی,دانشگاه علوم پزشکی و خدمات بهداشتی درمانی دزفول,شرایط خاص,عادی,5,89,عدم تعهد در واگذاری خوابگاه
32666,پرستاری,دانشگاه علوم پزشکی و خدمات بهداشتی درمانی دزفول,شرایط خاص,عادی,5,89,عدم تعهد در واگذاری خوابگاه
32667,پرستاری,دانشگاه علوم پزشکی و خدمات بهداشتی درمانی دزفول,شرایط خاص,سهمیه بهیاران,1,89,ویژه بهیاران - عدم تعهد در واگذاری خوابگاه
32668,پرستاری,دانشگاه علوم پزشکی و خدمات بهداشتی درمانی دزفول,شرایط خاص,عادی,5,89,عدم تعهد در واگذاری خوابگاه
32669,اتاق عمل,دانشگاه علوم پزشکی و خدمات بهداشتی درمانی دزفول,شرایط خاص,عادی,5,89,عدم تعهد در واگذاری خوابگاه
32670,علوم آزمایشگاهی,دانشگاه علوم پزشکی و خدمات بهداشتی درمانی دزفول,شرایط خاص,عادی,5,89,عدم تعهد در واگذاری خوابگاه
32672,هوشبری,دانشگاه علوم پزشکی و خدمات بهداشتی درمانی دزفول,شرایط خاص,عادی,5,90,عدم تعهد در واگذاری خوابگاه
32674,بهداشت عمومی,دانشکده علوم پزشکی و خدمات بهداشتی درمانی بهبهان,شرایط خاص,عادی,25,90,عدم تعهد در واگذاری خوابگاه
32675,پرستاری,دانشکده علوم پزشکی و خدمات بهداشتی درمانی بهبهان,شرایط خاص,عادی,32,90,عدم تعهد در واگذاری خوابگاه
32676,پرستاری,دانشکده علوم پزشکی و خدمات بهداشتی درمانی بهبهان,شرایط خاص,سهمیه بهیاران,1,90,ویژه بهیاران - عدم تعهد در واگذاری خوابگاه
32677,اتاق عمل,دانشکده علوم پزشکی و خدمات بهداشتی درمانی بهبهان,شرایط خاص,سهمیه بهیاران,1,90,ویژه بهیاران - عدم تعهد در واگذاری خوابگاه
32678,اتاق عمل,دانشکده علوم پزشکی و خدمات بهداشتی درمانی بهبهان,شرایط خاص,عادی,25,90,عدم تعهد در واگذاری خوابگاه
32679,تکنولوژی پرتوشناسی,دانشکده علوم پزشکی و خدمات بهداشتی درمانی بهبهان,شرایط خاص,عادی,25,90,عدم تعهد در واگذاری خوابگاه
32680,علوم آزمایشگاهی,دانشکده علوم پزشکی و خدمات بهداشتی درمانی بهبهان,شرایط خاص,عادی,15,90,عدم تعهد در واگذاری خوابگاه
32682,فوریت‌های پزشکی پیش‌بیمارستانی,دانشکده علوم پزشکی و خدمات بهداشتی درمانی بهبهان,شرایط خاص,سهمیه بهیاران,1,90,دارای مصاحبه - ویژه بهیاران - شرایط در دفترچه « پیوست ها » - عدم تعهد در واگذاری خوابگاه
32683,مهندسی بهداشت محیط,دانشکده علوم پزشکی و خدمات بهداشتی درمانی بهبهان,شرایط خاص,عادی,25,90,عدم تعهد در واگذاری خوابگاه
35748,مهندسی بهداشت حرفه ای و ایمنی کار,دانشکده علوم پزشکی و خدمات بهداشتی درمانی بهبهان,شرایط خاص,عادی,16,90,عدم تعهد در واگذاری خوابگاه
32684,بهداشت عمومی,دانشکده علوم پزشکی و خدمات بهداشتی درمانی بهبهان,شرایط خاص,عادی,5,90,عدم تعهد در واگذاری خوابگاه
32685,پرستاری,دانشکده علوم پزشکی و خدمات بهداشتی درمانی بهبهان,شرایط خاص,عادی,5,90,عدم تعهد در واگذاری خوابگاه
32686,اتاق عمل,دانشکده علوم پزشکی و خدمات بهداشتی درمانی بهبهان,شرایط خاص,عادی,3,90,عدم تعهد در واگذاری خوابگاه
32687,تکنولوژی پرتوشناسی,دانشکده علوم پزشکی و خدمات بهداشتی درمانی بهبهان,شرایط خاص,عادی,5,90,عدم تعهد در واگذاری خوابگاه
32688,علوم آزمایشگاهی,دانشکده علوم پزشکی و خدمات بهداشتی درمانی بهبهان,شرایط خاص,عادی,5,90,عدم تعهد در واگذاری خوابگاه
32691,پرستاری,دانشکده علوم پزشکی و خدمات بهداشتی درمانی شوشتر,شرایط خاص,سهمیه بهیاران,1,90,ویژه بهیاران - فاقد خوابگاه
32694,اتاق عمل,دانشکده علوم پزشکی و خدمات بهداشتی درمانی شوشتر,شرایط خاص,سهمیه بهیاران,1,90,ویژه بهیاران - فاقد خوابگاه
32707,پزشکی,دانشگاه علوم پزشکی و خدمات بهداشتی درمانی آبادان,شرایط خاص,عادی,18,91,عدم تعهد در واگذاری خوابگاه
32708,پزشکی,دانشگاه علوم پزشکی و خدمات بهداشتی درمانی آبادان,شرایط خاص,عادی,17,91,عدم تعهد در واگذاری خوابگاه
32709,بهداشت عمومی,دانشگاه علوم پزشکی و خدمات بهداشتی درمانی آبادان,شرایط خاص,عادی,35,91,عدم تعهد در واگذاری خوابگاه
32710,پرستاری,دانشگاه علوم پزشکی و خدمات بهداشتی درمانی آبادان,شرایط خاص,عادی,25,91,عدم تعهد در واگذاری خوابگاه
32711,پرستاری,دانشگاه علوم پزشکی و خدمات بهداشتی درمانی آبادان,شرایط خاص,سهمیه بهیاران,2,91,ویژه بهیاران - عدم تعهد در واگذاری خوابگاه
32712,پرستاری,دانشگاه علوم پزشکی و خدمات بهداشتی درمانی آبادان,شرایط خاص,عادی,25,91,عدم تعهد در واگذاری خوابگاه
32713,اتاق عمل,دانشگاه علوم پزشکی و خدمات بهداشتی درمانی آبادان,شرایط خاص,عادی,25,91,عدم تعهد در واگذاری خوابگاه
32714,اتاق عمل,دانشگاه علوم پزشکی و خدمات بهداشتی درمانی آبادان,شرایط خاص,سهمیه بهیاران,1,91,ویژه بهیاران - عدم تعهد در واگذاری خوابگاه
32715,علوم آزمایشگاهی,دانشگاه علوم پزشکی و خدمات بهداشتی درمانی آبادان,شرایط خاص,عادی,15,91,عدم تعهد در واگذاری خوابگاه
32716,فناوری اطلاعات سلامت,دانشگاه علوم پزشکی و خدمات بهداشتی درمانی آبادان,شرایط خاص,عادی,25,91,عدم تعهد در واگذاری خوابگاه
32718,فوریت‌های پزشکی پیش‌بیمارستانی,دانشگاه علوم پزشکی و خدمات بهداشتی درمانی آبادان,شرایط خاص,سهمیه بهیاران,1,91,دارای مصاحبه - ویژه بهیاران - شرایط در دفترچه « پیوست ها » - عدم تعهد در واگذاری خوابگاه
32719,مهندسی بهداشت محیط,دانشگاه علوم پزشکی و خدمات بهداشتی درمانی آبادان,شرایط خاص,عادی,25,91,عدم تعهد در واگذاری خوابگاه
32720,هوشبری,دانشگاه علوم پزشکی و خدمات بهداشتی درمانی آبادان,شرایط خاص,عادی,20,91,عدم تعهد در واگذاری خوابگاه
32721,هوشبری,دانشگاه علوم پزشکی و خدمات بهداشتی درمانی آبادان,شرایط خاص,سهمیه بهیاران,1,91,ویژه بهیاران - عدم تعهد در واگذاری خوابگاه
35750,مهندسی بهداشت حرفه ای و ایمنی کار,دانشگاه علوم پزشکی و خدمات بهداشتی درمانی آبادان,شرایط خاص,عادی,20,91,عدم تعهد در واگذاری خوابگاه
32723,پزشکی,دانشگاه علوم پزشکی و خدمات بهداشتی درمانی آبادان,شرایط خاص,عادی,5,91,عدم تعهد در واگذاری خوابگاه
32724,علوم آزمایشگاهی,دانشگاه علوم پزشکی و خدمات بهداشتی درمانی آبادان,شرایط خاص,عادی,5,91,عدم تعهد در واگذاری خوابگاه
13763,کتابداری و اطلاع‌رسانی پزشکی,دانشگاه علوم پزشکی و خدمات بهداشتی درمانی آبادان,شرایط خاص,عادی,25,91,عدم تعهد در واگذاری خوابگاه
32728,پزشکی,دانشگاه علوم پزشکی و خدمات بهداشتی درمانی زنجان,شرایط خاص,عادی,56,91,فاقد خوابگاه
32729,پزشکی,دانشگاه علوم پزشکی و خدمات بهداشتی درمانی زنجان,عادی,شرایط خاص,1,91,دارای مصاحبه - بورس و استخدام فرماندهی انتظامی جمهوری اسالمی ( فراجا ) - شرایط در دفترچه « پیوست ها » - مطابق شرایط و ضوابط فراجا - فاقد خوابگاه
32736,پرستاری,دانشگاه علوم پزشکی و خدمات بهداشتی درمانی زنجان,شرایط خاص,سهمیه بهیاران,3,92,ویژه بهیاران - فاقد خوابگاه
32738,اتاق عمل,دانشگاه علوم پزشکی و خدمات بهداشتی درمانی زنجان,شرایط خاص,سهمیه بهیاران,1,92,ویژه بهیاران - فاقد خوابگاه
32743,فوریت‌های پزشکی پیش‌بیمارستانی,دانشگاه علوم پزشکی و خدمات بهداشتی درمانی زنجان,شرایط خاص,سهمیه بهیاران,1,92,دارای مصاحبه - ویژه بهیاران - شرایط در دفترچه « پیوست ها » - فاقد خوابگاه
32747,مهندسی بهداشت محیط,دانشگاه علوم پزشکی و خدمات بهداشتی درمانی زنجان,شرایط خاص,عادی,35,92,فاقد خوابگاه
32748,مهندسی بهداشت محیط,دانشگاه علوم پزشکی و خدمات بهداشتی درمانی زنجان,عادی,شرایط خاص,1,92,دارای مصاحبه - بورس و استخدام فرماندهی انتظامی جمهوری اسالمی ( فراجا ) - شرایط در دفترچه « پیوست ها » - مطابق شرایط و ضوابط فراجا - فاقد خوابگاه
32750,هوشبری,دانشگاه علوم پزشکی و خدمات بهداشتی درمانی زنجان,شرایط خاص,سهمیه بهیاران,1,92,ویژه بهیاران - فاقد خوابگاه
32758,پرستاری,دانشگاه علوم پزشکی و خدمات بهداشتی درمانی زنجان,شرایط خاص,سهمیه بهیاران,1,92,ویژه بهیاران - فاقد خوابگاه
32768,پرستاری,دانشگاه علوم پزشکی و خدمات بهداشتی درمانی زنجان (محل تحصیل دانشکده پرستاری ابهر),شرایط خاص,سهمیه بهیاران,2,93,ویژه بهیاران - عدم امکان انتقال و میهمانی به زنجان - فاقد خوابگاه
32771,فوریت‌های پزشکی پیش‌بیمارستانی,دانشگاه علوم پزشکی و خدمات بهداشتی درمانی زنجان (محل تحصیل دانشکده پرستاری ابهر),شرایط خاص,سهمیه بهیاران,1,93,دارای مصاحبه - ویژه بهیاران - شرایط در دفترچه « پیوست ها » - عدم امکان انتقال و میهمانی به زنجان - فاقد خوابگاه
32778,پرستاری,دانشگاه علوم پزشکی و خدمات بهداشتی درمانی سمنان,شرایط خاص,سهمیه بهیاران,1,93,ویژه بهیاران - کارآموزی و کارورزی دانشجویان می تواند در هر یک از مراکز درمانی یا بهداشتی زیرمجموعه دانشگاه برنامه ریزی و اجرا گردد . - محدودیت در ارائه خوابگاه
32790,مهندسی بهداشت محیط,دانشگاه علوم)پزشکی و خدمات بهداشتی درمانی سمنان (محل تحصیل دانشکده بهداشت دامغان,عادی,شرایط خاص,1,95,دارای مصاحبه - بورس و استخدام فرماندهی انتظامی جمهوری اسالمی ( فراجا ) - شرایط در دفترچه « پیوست ها » - مطابق شرایط و ضوابط فراجا - کارآموزی و کارورزی دانشجویان می تواند در هر یک از مراکز درمانی یا بهداشتی زیرمجموعه دانشگاه برنامه ریزی و اجرا گردد . - دارای خوابگاه ملکی
32793,اتاق عمل,دانشگاه علوم پزشکی و خدمات بهداشتی درمانی سمنان (محل تحصیل دانشکده پیراپزشکی سرخه),شرایط خاص,سهمیه بهیاران,1,95,ویژه بهیاران - کارآموزی و کارورزی دانشجویان می تواند در هر یک از مراکز درمانی یا بهداشتی زیرمجموعه دانشگاه برنامه ریزی و اجرا گردد . - محدودیت در ارائه خوابگاه
32796,فناوری اطلاعات سلامت,دانشگاه علوم پزشکی و خدمات بهداشتی درمانی سمنان (محل تحصیل دانشکده پیراپزشکی سرخه),شرایط خاص,عادی,15,95,کارآموزی و کارورزی دانشجویان می تواند در هر یک از مراکز درمانی یا بهداشتی زیرمجموعه دانشگاه برنامه ریزی و اجرا گردد . - محدودیت در ارائه خوابگاه
32797,فوریت‌های پزشکی پیش‌بیمارستانی,دانشگاه علوم پزشکی و خدمات بهداشتی درمانی سمنان (محل تحصیل دانشکده پیراپزشکی سرخه),عادی,سهمیه بهیاران,1,95,دارای مصاحبه - ویژه بهیاران - شرایط در دفترچه « پیوست ها » - کارآموزی و کارورزی دانشجویان می تواند در هر یک از مراکز درمانی یا بهداشتی زیرمجموعه دانشگاه برنامه ریزی و اجرا گردد . - محدودیت در ارائه خوابگاه
32798,فوریت‌های پزشکی پیش‌بیمارستانی,دانشگاه علوم)پزشکی و خدمات بهداشتی درمانی سمنان (محل تحصیل دانشکده پیراپزشکی سرخه,عادی,شرایط خاص,22,96,دارای مصاحبه - شرایط در دفترچه « پیوست ها » - کارآموزی و کارورزی دانشجویان می تواند در هریک از مراکز درمانی یا بهداشتی زیرمجموعه دانشگاه برنامه ریزی و اجرا گردد . - محدودیت در ارائه خوابگاه
32800,هوشبری,دانشگاه علوم)پزشکی و خدمات بهداشتی درمانی سمنان (محل تحصیل دانشکده پیراپزشکی سرخه,شرایط خاص,سهمیه بهیاران,1,96,ویژه بهیاران - کارآموزی و کارورزی دانشجویان می تواند در هر یک از مراکز درمانی یا بهداشتی زیرمجموعه دانشگاه برنامه ریزی و اجرا گردد . - محدودیت در ارائه خوابگاه
32809,پرستاری,دانشگاه علوم پزشکی و خدمات بهداشتی درمانی شاهرود,شرایط خاص,سهمیه بهیاران,2,96,ویژه بهیاران - محدودیت در ارائه خوابگاه
32812,اتاق عمل,دانشگاه علوم پزشکی و خدمات بهداشتی درمانی شاهرود,شرایط خاص,سهمیه بهیاران,1,96,ویژه بهیاران - محدودیت در ارائه خوابگاه
32816,فوریت‌های پزشکی پیش‌بیمارستانی,دانشگاه علوم پزشکی و خدمات بهداشتی درمانی شاهرود,شرایط خاص,سهمیه بهیاران,1,97,دارای مصاحبه - ویژه بهیاران - شرایط در دفترچه « پیوست ها » - محدودیت در ارائه خوابگاه
32821,هوشبری,دانشگاه علوم پزشکی و خدمات بهداشتی درمانی شاهرود,شرایط خاص,سهمیه بهیاران,1,97,ویژه بهیاران - محدودیت در ارائه خوابگاه
32835,پرستاری,دانشگاه علوم پزشکی و خدمات بهداشتی درمانی ایرانشهر,شرایط خاص,سهمیه بهیاران,1,97,ویژه بهیاران - ممنوعیت در نقل و انتقال - فاقد خوابگاه
32836,اتاق عمل,دانشگاه علوم پزشکی و خدمات بهداشتی درمانی ایرانشهر,شرایط خاص,سهمیه بهیاران,1,97,ویژه بهیاران - ممنوعیت در نقل و انتقال - فاقد خوابگاه
32840,فوریت‌های پزشکی پیش‌بیمارستانی,دانشگاه علوم پزشکی و خدمات بهداشتی درمانی ایرانشهر,شرایط خاص,سهمیه بهیاران,1,97,دارای مصاحبه - ویژه بهیاران - شرایط در دفترچه « پیوست ها » - ممنوعیت در نقل و انتقال - فاقد خوابگاه
32844,هوشبری,دانشگاه علوم پزشکی و خدمات بهداشتی درمانی ایرانشهر,شرایط خاص,سهمیه بهیاران,1,98,ویژه بهیاران - ممنوعیت در نقل و انتقال - فاقد خوابگاه
32847,پرستاری,دانشگاه علوم پزشکی و خدمات بهداشتی درمانی ایرانشهر,شرایط خاص,سهمیه بهیاران,1,98,ویژه بهیاران - ممنوعیت در نقل و انتقال - فاقد خوابگاه
32854,پرستاری,دانشگاه علوم پزشکی و خدمات بهداشتی درمانی زابل,شرایط خاص,سهمیه بهیاران,3,98,ویژه بهیاران
32857,اتاق عمل,دانشگاه علوم پزشکی و خدمات بهداشتی درمانی زابل,شرایط خاص,سهمیه بهیاران,1,98,ویژه بهیاران
32860,فوریت‌های پزشکی پیش‌بیمارستانی,دانشگاه علوم پزشکی و خدمات بهداشتی درمانی زابل,شرایط خاص,سهمیه بهیاران,1,98,دارای مصاحبه - ویژه بهیاران - شرایط در دفترچه « پیوست ها »
32864,هوشبری,دانشگاه علوم پزشکی و خدمات بهداشتی درمانی زابل,شرایط خاص,سهمیه بهیاران,1,98,ویژه بهیاران
32870,پرستاری,دانشگاه علوم پزشکی و خدمات بهداشتی درمانی زابل,شرایط خاص,سهمیه بهیاران,1,98,ویژه بهیاران - ممنوعیت انتقال
32879,پزشکی,دانشگاه علوم پزشکی و خدمات بهداشتی درمانی زاهدان,شرایط خاص,عادی,11,99,عدم تعهد در واگذاری خوابگاه
32880,پزشکی,دانشگاه علوم پزشکی و خدمات بهداشتی درمانی زاهدان,عادی,شرایط خاص,5,99,دارای مصاحبه - بورس و استخدام سپاه پاسداران انقالب اسالمی - شرایط در دفترچه « پیوست ها » - اولویت پذیرش با متقاضیان استان سیستان و بلوچستان و استان های همجوار آن - محل خدمت پس از فارغ التحصیلی در استان سیستان و بلوچستان - عدم تعهد در واگذاری خوابگاه
32881,پزشکی,دانشگاه علوم پزشکی و خدمات بهداشتی درمانی زاهدان,شرایط خاص,عادی,19,99,عدم تعهد در واگذاری خوابگاه
32882,دندانپزشکی,دانشگاه علوم پزشکی و خدمات بهداشتی درمانی زاهدان,شرایط خاص,عادی,5,99,عدم تعهد در واگذاری خوابگاه
32883,دندانپزشکی,دانشگاه علوم پزشکی و خدمات بهداشتی درمانی زاهدان,عادی,شرایط خاص,3,99,دارای مصاحبه - بورس و استخدام سپاه پاسداران انقالب اسالمی - شرایط در دفترچه « پیوست ها » - اولویت پذیرش با متقاضیان استان سیستان و بلوچستان و استان های همجوار آن - محل خدمت پس از فارغ التحصیلی در استان سیستان و بلوچستان - عدم تعهد در واگذاری خوابگاه
32884,دندانپزشکی,دانشگاه علوم پزشکی و خدمات بهداشتی درمانی زاهدان,شرایط خاص,عادی,5,99,عدم تعهد در واگذاری خوابگاه
32885,بهداشت عمومی,دانشگاه علوم پزشکی و خدمات بهداشتی درمانی زاهدان,شرایط خاص,عادی,25,99,عدم تعهد در واگذاری خوابگاه
32886,بینایی‌سنجی,دانشگاه علوم پزشکی و خدمات بهداشتی درمانی زاهدان,شرایط خاص,عادی,15,99,عدم تعهد در واگذاری خوابگاه
32887,پرستاری,دانشگاه علوم پزشکی و خدمات بهداشتی درمانی زاهدان,شرایط خاص,عادی,45,99,عدم تعهد در واگذاری خوابگاه
32888,پرستاری,دانشگاه علوم پزشکی و خدمات بهداشتی درمانی زاهدان,شرایط خاص,سهمیه بهیاران,4,99,ویژه بهیاران - عدم تعهد در واگذاری خوابگاه
32889,پرستاری,دانشگاه علوم پزشکی و خدمات بهداشتی درمانی زاهدان,عادی,شرایط خاص,8,99,دارای مصاحبه - بورس و استخدام سپاه پاسداران انقالب اسالمی - شرایط در دفترچه « پیوست ها » - اولویت پذیرش با متقاضیان استان سیستان و بلوچستان و استان های همجوار آن - محل خدمت پس از فارغ التحصیلی در استان سیستان و بلوچستان - عدم تعهد در واگذاری خوابگاه
32890,پرستاری,دانشگاه علوم پزشکی و خدمات بهداشتی درمانی زاهدان,شرایط خاص,عادی,45,99,عدم تعهد در واگذاری خوابگاه
32891,اتاق عمل,دانشگاه علوم پزشکی و خدمات بهداشتی درمانی زاهدان,شرایط خاص,عادی,15,99,عدم تعهد در واگذاری خوابگاه
32892,اتاق عمل,دانشگاه علوم پزشکی و خدمات بهداشتی درمانی زاهدان,شرایط خاص,سهمیه بهیاران,1,99,ویژه بهیاران - عدم تعهد در واگذاری خوابگاه
32893,تکنولوژی پرتوشناسی,دانشگاه علوم پزشکی و خدمات بهداشتی درمانی زاهدان,شرایط خاص,عادی,20,99,ممنوعیت میهمانی وانتقالی - عدم تعهد در واگذاری خوابگاه
32894,شنوایی‌شناسی,دانشگاه علوم پزشکی و خدمات بهداشتی درمانی زاهدان,شرایط خاص,عادی,12,99,عدم تعهد در واگذاری خوابگاه
32895,علوم آزمایشگاهی,دانشگاه علوم پزشکی و خدمات بهداشتی درمانی زاهدان,شرایط خاص,عادی,20,100,عدم تعهد در واگذاری خوابگاه
32896,علوم تغذیه,دانشگاه علوم پزشکی و خدمات بهداشتی درمانی زاهدان,شرایط خاص,عادی,10,100,عدم تعهد در واگذاری خوابگاه
32897,فناوری اطلاعات سلامت,دانشگاه علوم پزشکی و خدمات بهداشتی درمانی زاهدان,شرایط خاص,عادی,20,100,عدم تعهد در واگذاری خوابگاه
32898,فوریت‌های پزشکی پیش‌بیمارستانی,دانشگاه علوم پزشکی و خدمات بهداشتی درمانی زاهدان,شرایط خاص,سهمیه بهیاران,1,100,دارای مصاحبه - ویژه بهیاران - شرایط در دفترچه « پیوست ها » - عدم تعهد در واگذاری خوابگاه
32901,فیزیوتراپی,دانشگاه علوم پزشکی و خدمات بهداشتی درمانی زاهدان,شرایط خاص,عادی,11,100,عدم تعهد در واگذاری خوابگاه
32902,گفتاردرمانی,دانشگاه علوم پزشکی و خدمات بهداشتی درمانی زاهدان,شرایط خاص,عادی,12,100,عدم تعهد در واگذاری خوابگاه
32903,مامایی,دانشگاه علوم پزشکی و خدمات بهداشتی درمانی زاهدان,شرایط خاص,عادی,15,100,عدم تعهد در واگذاری خوابگاه
32904,مامایی,دانشگاه علوم پزشکی و خدمات بهداشتی درمانی زاهدان,شرایط خاص,عادی,15,100,عدم تعهد در واگذاری خوابگاه
32905,مهندسی بهداشت محیط,دانشگاه علوم پزشکی و خدمات بهداشتی درمانی زاهدان,شرایط خاص,عادی,25,100,عدم تعهد در واگذاری خوابگاه
32907,هوشبری,دانشگاه علوم پزشکی و خدمات بهداشتی درمانی زاهدان,شرایط خاص,سهمیه بهیاران,1,100,ویژه بهیاران - عدم تعهد در واگذاری خوابگاه
32908,هوشبری,دانشگاه علوم پزشکی و خدمات بهداشتی درمانی زاهدان,شرایط خاص,عادی,20,100,ممنوعیت میهمانی وانتقالی - عدم تعهد در واگذاری خوابگاه
35759,مهندسی بهداشت حرفه ای و ایمنی کار,دانشگاه علوم پزشکی و خدمات بهداشتی درمانی زاهدان,شرایط خاص,عادی,20,100,عدم تعهد در واگذاری خوابگاه
32913,پرستاری,دانشگاه علوم پزشکی و خدمات بهداشتی درمانی زاهدان,شرایط خاص,سهمیه بهیاران,1,100,ویژه بهیاران - فاقد خوابگاه
14741,علوم و صنایع غذایی / علوم و مهندسی صنایع غذایی,دانشگاه علوم پزشکی و خدمات بهداشتی درمانی زاهدان,شرایط خاص,عادی,25,101,عدم تعهد در واگذاری خوابگاه
14742,کتابداری و اطلاع‌رسانی پزشکی,دانشگاه علوم پزشکی و خدمات بهداشتی درمانی زاهدان,شرایط خاص,عادی,21,101,عدم تعهد در واگذاری خوابگاه
32925,بهداشت عمومی,دانشگاه علوم پزشکی و خدمات بهداشتی درمانی زاهدان (محل تحصیل دانشکده پرستاری خاش),شرایط خاص,عادی,20,101,ممنوعیت انتقالی ومهمانی - عدم تعهد در واگذاری خوابگاه
32926,پرستاری,دانشگاه علوم پزشکی و خدمات بهداشتی درمانی زاهدان (محل تحصیل دانشکده پرستاری خاش),شرایط خاص,سهمیه بهیاران,1,101,ویژه بهیاران - عدم تعهد در واگذاری خوابگاه
32927,پرستاری,دانشگاه علوم پزشکی و خدمات بهداشتی درمانی زاهدان (محل تحصیل دانشکده پرستاری خاش),شرایط خاص,عادی,30,101,ممنوعیت انتقال ومهمانی - عدم تعهد در واگذاری خوابگاه
32929,پرستاری,دانشگاه علوم پزشکی و خدمات بهداشتی درمانی زاهدان (محل تحصیل مجتمع آموزش عالی),شرایط خاص,عادی,6,101,ممنوعیت انتقال و مهمانی - عدم تعهد در واگذاری خوابگاه
32932,پرستاری,دانشکده علوم پزشکی و خدمات بهداشتی درمانی چابهار,شرایط خاص,سهمیه بهیاران,1,101,ویژه بهیاران - ممنوعیت در نقل و انتقال - دارای خوابگاه استیجاری
32939,پرستاری,دانشگاه علوم پزشکی بقیه))اله(عج) (محل تحصیل مرکز آموزشی شیراز (بیمارستان مسلمین,عادی,شرایط خاص,20,102,دارای مصاحبه - بورس و استخدام سپاه پاسداران انقالب اسالمی - شرایط در دفترچه « پیوست ها » - دارای گزینش و معاینات جسمانی - امکان جابجایی و انتقال به تهران وجود ندارد
32946,پرستاری,دانشگاه علوم پزشکی و خدمات بهداشتی درمانی جهرم,شرایط خاص,سهمیه بهیاران,1,102,ویژه بهیاران - فاقد خوابگاه
32947,اتاق عمل,دانشگاه علوم پزشکی و خدمات بهداشتی درمانی جهرم,شرایط خاص,سهمیه بهیاران,1,102,ویژه بهیاران - فاقد خوابگاه
32950,فوریت‌های پزشکی پیش‌بیمارستانی,دانشگاه علوم پزشکی و خدمات بهداشتی درمانی جهرم,شرایط خاص,سهمیه بهیاران,1,102,دارای مصاحبه - ویژه بهیاران - شرایط در دفترچه « پیوست ها »
32953,هوشبری,دانشگاه علوم پزشکی و خدمات بهداشتی درمانی جهرم,شرایط خاص,سهمیه بهیاران,1,102,ویژه بهیاران
32959,پزشکی,دانشگاه علوم پزشکی و خدمات بهداشتی درمانی شیراز,شرایط خاص,عادی,85,102,محدودیت در ارائه خوابگاه
32960,پزشکی,دانشگاه علوم پزشکی و خدمات بهداشتی درمانی شیراز,عادی,شرایط خاص,1,102,دارای مصاحبه - بورس و استخدام فرماندهی انتظامی جمهوری اسالمی ( فراجا ) - شرایط در دفترچه « پیوست ها » - مطابق شرایط و ضوابط فراجا - فاقد خوابگاه
32964,دندانپزشکی,دانشگاه علوم پزشکی و خدمات بهداشتی درمانی شیراز,شرایط خاص,عادی,23,103,محدودیت در ارائه خوابگاه
32965,دندانپزشکی,دانشگاه علوم پزشکی و خدمات بهداشتی درمانی شیراز,عادی,شرایط خاص,1,103,دارای مصاحبه - بورس و استخدام فرماندهی انتظامی جمهوری اسالمی ( فراجا ) - شرایط در دفترچه « پیوست ها » - مطابق شرایط و ضوابط فراجا - فاقد خوابگاه
32970,پرستاری,دانشگاه علوم پزشکی و خدمات بهداشتی درمانی شیراز,شرایط خاص,سهمیه بهیاران,5,103,ویژه بهیاران - محدودیت در ارائه خوابگاه
32973,اتاق عمل,دانشگاه علوم پزشکی و خدمات بهداشتی درمانی شیراز,شرایط خاص,سهمیه بهیاران,1,103,ویژه بهیاران - محدودیت در ارائه خوابگاه
32980,فوریت‌های پزشکی پیش‌بیمارستانی,دانشگاه علوم پزشکی و خدمات بهداشتی درمانی شیراز,شرایط خاص,سهمیه بهیاران,1,103,دارای مصاحبه - ویژه بهیاران - شرایط در دفترچه « پیوست ها » - محدودیت در ارائه خوابگاه
32988,هوشبری,دانشگاه علوم پزشکی و خدمات بهداشتی درمانی شیراز,شرایط خاص,سهمیه بهیاران,2,103,ویژه بهیاران - محدودیت در ارائه خوابگاه
33008,پرستاری,دانشگاه علوم پزشکی و خدمات بهداشتی درمانی شیراز (محل تحصیل دانشکده پرستاری آباده),شرایط خاص,سهمیه بهیاران,1,104,ویژه بهیاران - فاقد خوابگاه
33010,فوریت‌های پزشکی پیش‌بیمارستانی,دانشگاه علوم پزشکی و خدمات بهداشتی درمانی شیراز (محل تحصیل دانشکده پرستاری آباده),شرایط خاص,سهمیه بهیاران,1,104,دارای مصاحبه - ویژه بهیاران - شرایط در دفترچه « پیوست ها » - فاقد خوابگاه
33013,پرستاری,دانشگاه علوم پزشکی و خدمات بهداشتی درمانی شیراز (محل تحصیل دانشکده پرستاری المرد),شرایط خاص,سهمیه بهیاران,1,104,ویژه بهیاران - فاقد خوابگاه
33015,فوریت‌های پزشکی پیش‌بیمارستانی,دانشگاه علوم پزشکی و خدمات بهداشتی درمانی شیراز (محل تحصیل دانشکده پرستاری المرد),شرایط خاص,سهمیه بهیاران,1,104,دارای مصاحبه - ویژه بهیاران - شرایط در دفترچه « پیوست ها » - فاقد خوابگاه
33017,پرستاری,دانشگاه علوم پزشکی و خدمات بهداشتی درمانی شیراز (محل تحصیل دانشکده پیراپزشکی استهبان),شرایط خاص,سهمیه بهیاران,1,104,ویژه بهیاران - فاقد خوابگاه
33019,اتاق عمل,دانشگاه علوم پزشکی و خدمات بهداشتی درمانی شیراز (محل تحصیل دانشکده پیراپزشکی استهبان),شرایط خاص,سهمیه بهیاران,1,104,ویژه بهیاران - فاقد خوابگاه
33022,هوشبری,دانشگاه علوم پزشکی و خدمات بهداشتی درمانی شیراز (محل تحصیل دانشکده پیراپزشکی استهبان),شرایط خاص,سهمیه بهیاران,1,104,ویژه بهیاران - شرایط در دفترچه « پیوست ها » - فاقد خوابگاه
33027,پرستاری,دانشگاه علوم پزشکی و خدمات بهداشتی درمانی شیراز (محل تحصیل دانشکده علوم پزشکی جنوب شرق),شرایط خاص,سهمیه بهیاران,1,105,ویژه بهیاران - فاقد خوابگاه
33036,پرستاری,دانشگاه علوم پزشکی و خدمات بهداشتی درمانی شیراز (محل تحصیل مجتمع آموزش عالی سالمت سپیدان),شرایط خاص,سهمیه بهیاران,1,105,ویژه بهیاران - فاقد خوابگاه
33042,پرستاری,دانشگاه علوم پزشکی و خدمات بهداشتی درمانی شیراز (محل تحصیل مجتمع آموزش عالی سالمت),شرایط خاص,سهمیه بهیاران,1,105,ویژه بهیاران - فاقد خوابگاه
33044,فوریت‌های پزشکی پیش‌بیمارستانی,دانشگاه علوم پزشکی و خدمات بهداشتی درمانی شیراز (محل تحصیل مجتمع آموزش عالی سالمت),شرایط خاص,سهمیه بهیاران,1,105,دارای مصاحبه - ویژه بهیاران - شرایط در دفترچه « پیوست ها » - فاقد خوابگاه
33046,فوریت‌های پزشکی پیش‌بیمارستانی,دانشگاه علوم پزشکی و خدمات )بهداشتی درمانی شیراز (محل تحصیل مجتمع آموزش عالی سالمت کازرون,شرایط خاص,سهمیه بهیاران,1,105,دارای مصاحبه - ویژه بهیاران - شرایط در دفترچه « پیوست ها » - فاقد خوابگاه
33052,پرستاری,دانشگاه علوم پزشکی و خدمات بهداشتی درمانی فسا,شرایط خاص,سهمیه بهیاران,1,106,ویژه بهیاران
33054,اتاق عمل,دانشگاه علوم پزشکی و خدمات بهداشتی درمانی فسا,شرایط خاص,سهمیه بهیاران,1,106,ویژه بهیاران
33057,فوریت‌های پزشکی پیش‌بیمارستانی,دانشگاه علوم پزشکی و خدمات بهداشتی درمانی فسا,شرایط خاص,سهمیه بهیاران,1,106,دارای مصاحبه - ویژه بهیاران - شرایط در دفترچه « پیوست ها »
33059,هوشبری,دانشگاه علوم پزشکی و خدمات بهداشتی درمانی فسا,شرایط خاص,سهمیه بهیاران,1,106,ویژه بهیاران
33065,پرستاری,دانشکده علوم پزشکی و خدمات بهداشتی درمانی گراش,شرایط خاص,سهمیه بهیاران,1,106,ویژه بهیاران - دارای خوابگاه ملکی
33076,پرستاری,دانشکده علوم پزشکی و خدمات بهداشتی درمانی الرستان,شرایط خاص,سهمیه بهیاران,1,106,ویژه بهیاران - انجام کلیه کارآموزی ها و کارآموزی درعرصه ها در شهرستانهای الر و اوز می باشد .
33079,اتاق عمل,دانشکده علوم پزشکی و خدمات بهداشتی درمانی الرستان,شرایط خاص,سهمیه بهیاران,1,106,ویژه بهیاران - انجام کلیه کارآموزی ها و کارآموزی درعرصه ها در شهرستانهای الر و اوز می باشد .
33081,هوشبری,دانشکده علوم پزشکی و خدمات بهداشتی درمانی الرستان,شرایط خاص,سهمیه بهیاران,1,107,ویژه بهیاران - انجام کلیه کارآموزی ها و کارآموزی درعرصه ها در شهرستانهای الر و اوز می باشد .
33097,پزشکی,دانشگاه علوم پزشکی و خدمات بهداشتی درمانی قزوین,شرایط خاص,عادی,32,108,عدم تعهد در واگذاری خوابگاه
33098,پزشکی,دانشگاه علوم پزشکی و خدمات بهداشتی درمانی قزوین,شرایط خاص,عادی,33,108,عدم تعهد در واگذاری خوابگاه
33099,دندانپزشکی,دانشگاه علوم پزشکی و خدمات بهداشتی درمانی قزوین,شرایط خاص,عادی,19,108,عدم تعهد در واگذاری خوابگاه
33100,بهداشت عمومی,دانشگاه علوم پزشکی و خدمات بهداشتی درمانی قزوین,شرایط خاص,عادی,30,108,عدم تعهد در واگذاری خوابگاه
33101,پرستاری,دانشگاه علوم پزشکی و خدمات بهداشتی درمانی قزوین,شرایط خاص,عادی,40,108,عدم تعهد در واگذاری خوابگاه
33102,پرستاری,دانشگاه علوم پزشکی و خدمات بهداشتی درمانی قزوین,شرایط خاص,سهمیه بهیاران,4,108,ویژه بهیاران - عدم تعهد در واگذاری خوابگاه
33103,پرستاری,دانشگاه علوم پزشکی و خدمات بهداشتی درمانی قزوین,شرایط خاص,عادی,40,108,عدم تعهد در واگذاری خوابگاه
33104,اتاق عمل,دانشگاه علوم پزشکی و خدمات بهداشتی درمانی قزوین,شرایط خاص,عادی,20,108,عدم تعهد در واگذاری خوابگاه
33105,اتاق عمل,دانشگاه علوم پزشکی و خدمات بهداشتی درمانی قزوین,شرایط خاص,سهمیه بهیاران,1,108,ویژه بهیاران - عدم تعهد در واگذاری خوابگاه
33106,علوم آزمایشگاهی,دانشگاه علوم پزشکی و خدمات بهداشتی درمانی قزوین,شرایط خاص,عادی,12,108,عدم تعهد در واگذاری خوابگاه
33108,فوریت‌های پزشکی پیش‌بیمارستانی,دانشگاه علوم پزشکی و خدمات بهداشتی درمانی قزوین,شرایط خاص,سهمیه بهیاران,1,108,دارای مصاحبه - ویژه بهیاران - شرایط در دفترچه « پیوست ها » - عدم تعهد در واگذاری خوابگاه
33109,مامایی,دانشگاه علوم پزشکی و خدمات بهداشتی درمانی قزوین,شرایط خاص,عادی,20,108,عدم تعهد در واگذاری خوابگاه
33110,مدیریت خدمات بهداشتی درمانی,دانشگاه علوم پزشکی و خدمات بهداشتی درمانی قزوین,شرایط خاص,عادی,18,108,عدم تعهد در واگذاری خوابگاه
33111,مهندسی بهداشت محیط,دانشگاه علوم پزشکی و خدمات بهداشتی درمانی قزوین,شرایط خاص,عادی,30,108,عدم تعهد در واگذاری خوابگاه
33112,هوشبری,دانشگاه علوم پزشکی و خدمات بهداشتی درمانی قزوین,شرایط خاص,عادی,20,108,عدم تعهد در واگذاری خوابگاه
33113,هوشبری,دانشگاه علوم پزشکی و خدمات بهداشتی درمانی قزوین,شرایط خاص,سهمیه بهیاران,1,108,ویژه بهیاران - عدم تعهد در واگذاری خوابگاه
35765,مهندسی بهداشت حرفه ای و ایمنی کار,دانشگاه علوم پزشکی و خدمات بهداشتی درمانی قزوین,شرایط خاص,عادی,24,108,عدم تعهد در واگذاری خوابگاه
33122,پزشکی,دانشگاه علوم پزشکی و خدمات بهداشتی درمانی قم,شرایط خاص,عادی,38,108,شرایط در دفترچه « پیوست ها » - ممنوعیت انتقال به دانشگاه های تهران - عدم تعهد در واگذاری خوابگاه
33123,پزشکی,دانشگاه علوم پزشکی و خدمات بهداشتی درمانی قم,شرایط خاص,عادی,38,108,شرایط در دفترچه « پیوست ها » - ممنوعیت انتقال به دانشگاه های تهران - عدم تعهد در واگذاری خوابگاه
33124,دندانپزشکی,دانشگاه علوم پزشکی و خدمات بهداشتی درمانی قم,شرایط خاص,عادی,16,108,شرایط در دفترچه « پیوست ها » - ممنوعیت انتقال به دانشگاه های تهران - عدم تعهد در واگذاری خوابگاه
33125,بهداشت عمومی,دانشگاه علوم پزشکی و خدمات بهداشتی درمانی قم,شرایط خاص,عادی,25,109,شرایط در دفترچه « پیوست ها » - ممنوعیت انتقال به دانشگاه های تهران - عدم تعهد در واگذاری خوابگاه
33126,پرستاری,دانشگاه علوم پزشکی و خدمات بهداشتی درمانی قم,شرایط خاص,سهمیه بهیاران,2,109,ویژه بهیاران - شرایط در دفترچه « پیوست ها » - عدم تعهد در واگذاری خوابگاه
33127,پرستاری,دانشگاه علوم پزشکی و خدمات بهداشتی درمانی قم,شرایط خاص,عادی,25,109,شرایط در دفترچه « پیوست ها » - ممنوعیت انتقال به دانشگاه های تهران - عدم تعهد در واگذاری خوابگاه
33128,پرستاری,دانشگاه علوم پزشکی و خدمات بهداشتی درمانی قم,شرایط خاص,عادی,25,109,شرایط در دفترچه « پیوست ها » - ممنوعیت انتقال به دانشگاه های تهران - عدم تعهد در واگذاری خوابگاه
33129,اتاق عمل,دانشگاه علوم پزشکی و خدمات بهداشتی درمانی قم,شرایط خاص,سهمیه بهیاران,1,109,ویژه بهیاران - شرایط در دفترچه « پیوست ها » - عدم تعهد در واگذاری خوابگاه
33130,اتاق عمل,دانشگاه علوم پزشکی و خدمات بهداشتی درمانی قم,شرایط خاص,عادی,20,109,شرایط در دفترچه « پیوست ها » - ممنوعیت انتقال به دانشگاه های تهران - عدم تعهد در واگذاری خوابگاه
33131,تکنولوژی پرتوشناسی,دانشگاه علوم پزشکی و خدمات بهداشتی درمانی قم,شرایط خاص,عادی,18,109,شرایط در دفترچه « پیوست ها » - ممنوعیت انتقال به دانشگاه های تهران - عدم تعهد در واگذاری خوابگاه
33132,علوم آزمایشگاهی,دانشگاه علوم پزشکی و خدمات بهداشتی درمانی قم,شرایط خاص,عادی,15,109,شرایط در دفترچه « پیوست ها » - ممنوعیت انتقال به دانشگاه های تهران - عدم تعهد در واگذاری خوابگاه
33133,فوریت‌های پزشکی پیش‌بیمارستانی,دانشگاه علوم پزشکی و خدمات بهداشتی درمانی قم,شرایط خاص,سهمیه بهیاران,1,109,دارای مصاحبه - ویژه بهیاران - شرایط در دفترچه « پیوست ها » - عدم تعهد در واگذاری خوابگاه
33135,مامایی,دانشگاه علوم پزشکی و خدمات بهداشتی درمانی قم,شرایط خاص,عادی,20,109,شرایط در دفترچه « پیوست ها » - ممنوعیت انتقال به دانشگاه های تهران - عدم تعهد در واگذاری خوابگاه
33136,مهندسی بهداشت محیط,دانشگاه علوم پزشکی و خدمات بهداشتی درمانی قم,شرایط خاص,عادی,25,109,شرایط در دفترچه « پیوست ها » - ممنوعیت انتقال به دانشگاه های تهران - عدم تعهد در واگذاری خوابگاه
33137,هوشبری,دانشگاه علوم پزشکی و خدمات بهداشتی درمانی قم,شرایط خاص,سهمیه بهیاران,1,109,ویژه بهیاران - شرایط در دفترچه « پیوست ها » - عدم تعهد در واگذاری خوابگاه
33138,هوشبری,دانشگاه علوم پزشکی و خدمات بهداشتی درمانی قم,شرایط خاص,عادی,25,109,شرایط در دفترچه « پیوست ها » - ممنوعیت انتقال به دانشگاه های تهران - عدم تعهد در واگذاری خوابگاه
35767,مهندسی بهداشت حرفه ای و ایمنی کار,دانشگاه علوم پزشکی و خدمات بهداشتی درمانی قم,شرایط خاص,عادی,20,109,شرایط در دفترچه « پیوست ها » - ممنوعیت انتقال به دانشگاه های تهران - عدم تعهد در واگذاری خوابگاه
33139,پزشکی,دانشگاه علوم پزشکی و خدمات بهداشتی درمانی قم,شرایط خاص,عادی,5,109,شرایط در دفترچه « پیوست ها » - ممنوعیت انتقال به دانشگاه های تهران - عدم تعهد در واگذاری خوابگاه
33140,پزشکی,دانشگاه علوم پزشکی و خدمات بهداشتی درمانی قم,شرایط خاص,عادی,5,110,شرایط در دفترچه « پیوست ها » - ممنوعیت انتقال به دانشگاه های تهران - عدم تعهد در واگذاری خوابگاه
33141,دندانپزشکی,دانشگاه علوم پزشکی و خدمات بهداشتی درمانی قم,شرایط خاص,عادی,2,110,شرایط در دفترچه « پیوست ها » - عدم تعهد در واگذاری خوابگاه
33142,پرستاری,دانشگاه علوم پزشکی و خدمات بهداشتی درمانی قم,شرایط خاص,سهمیه بهیاران,1,110,ویژه بهیاران - شرایط در دفترچه « پیوست ها » - ممنوعیت انتقال به دانشگاه های تهران - عدم تعهد در واگذاری خوابگاه
33143,پرستاری,دانشگاه علوم پزشکی و خدمات بهداشتی درمانی قم,شرایط خاص,عادی,5,110,شرایط در دفترچه « پیوست ها » - ممنوعیت انتقال به دانشگاه های تهران - عدم تعهد در واگذاری خوابگاه
33144,پرستاری,دانشگاه علوم پزشکی و خدمات بهداشتی درمانی قم,شرایط خاص,عادی,5,110,شرایط در دفترچه « پیوست ها » - ممنوعیت انتقال به دانشگاه های تهران - عدم تعهد در واگذاری خوابگاه
33145,اتاق عمل,دانشگاه علوم پزشکی و خدمات بهداشتی درمانی قم,شرایط خاص,عادی,2,110,شرایط در دفترچه « پیوست ها » - ممنوعیت انتقال به دانشگاه های تهران - عدم تعهد در واگذاری خوابگاه
33146,تکنولوژی پرتوشناسی,دانشگاه علوم پزشکی و خدمات بهداشتی درمانی قم,شرایط خاص,عادی,2,110,شرایط در دفترچه « پیوست ها » - عدم تعهد در واگذاری خوابگاه
33147,علوم آزمایشگاهی,دانشگاه علوم پزشکی و خدمات بهداشتی درمانی قم,شرایط خاص,عادی,5,110,شرایط در دفترچه « پیوست ها » - ممنوعیت انتقال به دانشگاه های تهران - عدم تعهد در واگذاری خوابگاه
33149,مامایی,دانشگاه علوم پزشکی و خدمات بهداشتی درمانی قم,شرایط خاص,عادی,5,110,شرایط در دفترچه « پیوست ها » - ممنوعیت انتقال به دانشگاه های تهران - عدم تعهد در واگذاری خوابگاه
33150,مهندسی بهداشت محیط,دانشگاه علوم پزشکی و خدمات بهداشتی درمانی قم,شرایط خاص,عادی,5,110,شرایط در دفترچه « پیوست ها » - عدم تعهد در واگذاری خوابگاه
33151,هوشبری,دانشگاه علوم پزشکی و خدمات بهداشتی درمانی قم,شرایط خاص,عادی,2,110,شرایط در دفترچه « پیوست ها » - ممنوعیت انتقال به دانشگاه های تهران - عدم تعهد در واگذاری خوابگاه
35768,مهندسی بهداشت حرفه ای و ایمنی کار,دانشگاه علوم پزشکی و خدمات بهداشتی درمانی قم,شرایط خاص,عادی,4,110,شرایط در دفترچه « پیوست ها » - ممنوعیت انتقال به دانشگاه های تهران - عدم تعهد در واگذاری خوابگاه
33158,پرستاری,دانشگاه علوم پزشکی و خدمات بهداشتی درمانی کردستان - سنندج,شرایط خاص,سهمیه بهیاران,3,110,ویژه بهیاران - فاقد خوابگاه
33160,پرستاری,دانشگاه علوم پزشکی و خدمات بهداشتی درمانی کردستان - سنندج,شرایط خاص,سهمیه بهیاران,3,110,ویژه بهیاران - فاقد خوابگاه
33163,اتاق عمل,دانشگاه علوم پزشکی و خدمات بهداشتی درمانی کردستان - سنندج,شرایط خاص,سهمیه بهیاران,1,111,ویژه بهیاران - فاقد خوابگاه
33167,فوریت‌های پزشکی پیش‌بیمارستانی,دانشگاه علوم پزشکی و خدمات بهداشتی درمانی کردستان - سنندج,شرایط خاص,سهمیه بهیاران,1,111,دارای مصاحبه - ویژه بهیاران - شرایط در دفترچه « پیوست ها » - فاقد خوابگاه
33173,هوشبری,دانشگاه علوم پزشکی و خدمات بهداشتی درمانی کردستان - سنندج,شرایط خاص,سهمیه بهیاران,1,111,ویژه بهیاران - فاقد خوابگاه
33186,پرستاری,دانشگاه علوم پزشکی و خدمات بهداشتی درمانی کردستان (محل)تحصیل شهرستان سقز,شرایط خاص,سهمیه بهیاران,1,111,ویژه بهیاران - فاقد خوابگاه
33192,پرستاری,دانشگاه علوم پزشکی و خدمات بهداشتی درمانی بم,شرایط خاص,سهمیه بهیاران,1,111,ویژه بهیاران - ممنوعیت نقل و انتقال - محدودیت در ارائه خوابگاه
33193,اتاق عمل,دانشگاه علوم پزشکی و خدمات بهداشتی درمانی بم,شرایط خاص,سهمیه بهیاران,1,112,ویژه بهیاران - ممنوعیت نقل و انتقال - محدودیت در ارائه خوابگاه
33196,فوریت‌های پزشکی پیش‌بیمارستانی,دانشگاه علوم پزشکی و خدمات بهداشتی درمانی بم,شرایط خاص,سهمیه بهیاران,1,112,دارای مصاحبه - ویژه بهیاران - شرایط در دفترچه « پیوست ها » - ممنوعیت نقل و انتقال - محدودیت در ارائه خوابگاه
33204,پرستاری,دانشگاه علوم پزشکی و خدمات بهداشتی درمانی بم,شرایط خاص,سهمیه بهیاران,1,112,ویژه بهیاران - ممنوعیت نقل و انتقال - فاقد خوابگاه
33212,پرستاری,دانشگاه علوم پزشکی و خدمات بهداشتی درمانی جیرفت,شرایط خاص,سهمیه بهیاران,1,112,ویژه بهیاران - فاقد خوابگاه
33214,اتاق عمل,دانشگاه علوم پزشکی و خدمات بهداشتی درمانی جیرفت,شرایط خاص,سهمیه بهیاران,1,112,ویژه بهیاران - فاقد خوابگاه
33219,هوشبری,دانشگاه علوم پزشکی و خدمات بهداشتی درمانی جیرفت,شرایط خاص,سهمیه بهیاران,1,113,ویژه بهیاران - فاقد خوابگاه
33226,پرستاری,دانشگاه علوم پزشکی و خدمات بهداشتی درمانی جیرفت (محل تحصیل دانشکده )پرستاری کهنوج,شرایط خاص,سهمیه بهیاران,1,113,ویژه بهیاران - دارای خوابگاه ملکی
33228,فوریت‌های پزشکی پیش‌بیمارستانی,دانشگاه علوم پزشکی و خدمات بهداشتی درمانی جیرفت (محل تحصیل دانشکده )پرستاری کهنوج,شرایط خاص,سهمیه بهیاران,1,113,دارای مصاحبه - ویژه بهیاران - شرایط در دفترچه « پیوست ها » - دارای خوابگاه ملکی
33230,پزشکی,دانشگاه علوم پزشکی و خدمات بهداشتی درمانی رفسنجان,شرایط خاص,عادی,44,113,انتقال بر اساس شرایط آیین نامه - عدم تعهد در واگذاری خوابگاه
33231,دندانپزشکی,دانشگاه علوم پزشکی و خدمات بهداشتی درمانی رفسنجان,شرایط خاص,عادی,18,113,انتقال بر اساس شرایط آیین نامه - عدم تعهد در واگذاری خوابگاه
33232,بهداشت عمومی,دانشگاه علوم پزشکی و خدمات بهداشتی درمانی رفسنجان,شرایط خاص,عادی,25,113,انتقال بر اساس شرایط آیین نامه - عدم تعهد در واگذاری خوابگاه
33233,پرستاری,دانشگاه علوم پزشکی و خدمات بهداشتی درمانی رفسنجان,شرایط خاص,عادی,45,113,انتقال بر اساس شرایط آیین نامه - عدم تعهد در واگذاری خوابگاه
33234,پرستاری,دانشگاه علوم پزشکی و خدمات بهداشتی درمانی رفسنجان,شرایط خاص,سهمیه بهیاران,2,113,ویژه بهیاران - انتقال بر اساس شرایط آیین نامه - عدم تعهد در واگذاری خوابگاه
33235,اتاق عمل,دانشگاه علوم پزشکی و خدمات بهداشتی درمانی رفسنجان,شرایط خاص,عادی,9,113,انتقال بر اساس شرایط آیین نامه - عدم تعهد در واگذاری خوابگاه
33236,تکنولوژی پرتوشناسی,دانشگاه علوم پزشکی و خدمات بهداشتی درمانی رفسنجان,شرایط خاص,عادی,10,114,انتقال بر اساس شرایط آیین نامه - عدم تعهد در واگذاری خوابگاه
33237,علوم آزمایشگاهی,دانشگاه علوم پزشکی و خدمات بهداشتی درمانی رفسنجان,شرایط خاص,عادی,20,114,انتقال بر اساس شرایط آیین نامه - عدم تعهد در واگذاری خوابگاه
33239,فوریت‌های پزشکی پیش‌بیمارستانی,دانشگاه علوم پزشکی و خدمات بهداشتی درمانی رفسنجان,شرایط خاص,سهمیه بهیاران,1,114,دارای مصاحبه - ویژه بهیاران - شرایط در دفترچه « پیوست ها » - انتقال بر اساس شرایط آیین نامه - عدم تعهد در واگذاری خوابگاه
33240,مامایی,دانشگاه علوم پزشکی و خدمات بهداشتی درمانی رفسنجان,شرایط خاص,عادی,25,114,انتقال بر اساس شرایط آیین نامه - عدم تعهد در واگذاری خوابگاه
33241,مهندسی بهداشت محیط,دانشگاه علوم پزشکی و خدمات بهداشتی درمانی رفسنجان,شرایط خاص,عادی,30,114,انتقال بر اساس شرایط آیین نامه - عدم تعهد در واگذاری خوابگاه
33242,هوشبری,دانشگاه علوم پزشکی و خدمات بهداشتی درمانی رفسنجان,شرایط خاص,عادی,25,114,انتقال بر اساس شرایط آیین نامه - عدم تعهد در واگذاری خوابگاه
33243,هوشبری,دانشگاه علوم پزشکی و خدمات بهداشتی درمانی رفسنجان,شرایط خاص,سهمیه بهیاران,1,114,ویژه بهیاران - انتقال بر اساس شرایط آیین نامه - عدم تعهد در واگذاری خوابگاه
33245,پزشکی,دانشگاه علوم پزشکی و خدمات بهداشتی درمانی رفسنجان,شرایط خاص,عادی,10,114,انتقال بر اساس شرایط آیین نامه - عدم تعهد در واگذاری خوابگاه
33246,دندانپزشکی,دانشگاه علوم پزشکی و خدمات بهداشتی درمانی رفسنجان,شرایط خاص,عادی,2,114,انتقال بر اساس شرایط آیین نامه - عدم تعهد در واگذاری خوابگاه
33247,بهداشت عمومی,دانشگاه علوم پزشکی و خدمات بهداشتی درمانی رفسنجان,شرایط خاص,عادی,5,114,انتقال بر اساس شرایط آیین نامه - عدم تعهد در واگذاری خوابگاه
33248,پرستاری,دانشگاه علوم پزشکی و خدمات بهداشتی درمانی رفسنجان,شرایط خاص,عادی,5,114,انتقال بر اساس شرایط آیین نامه - عدم تعهد در واگذاری خوابگاه
33249,اتاق عمل,دانشگاه علوم پزشکی و خدمات بهداشتی درمانی رفسنجان,شرایط خاص,عادی,2,114,انتقال بر اساس شرایط آیین نامه - عدم تعهد در واگذاری خوابگاه
33250,تکنولوژی پرتوشناسی,دانشگاه علوم پزشکی و خدمات بهداشتی درمانی رفسنجان,شرایط خاص,عادی,2,114,انتقال بر اساس شرایط آیین نامه - عدم تعهد در واگذاری خوابگاه
33251,علوم آزمایشگاهی,دانشگاه علوم پزشکی و خدمات بهداشتی درمانی رفسنجان,شرایط خاص,عادی,5,114,انتقال بر اساس شرایط آیین نامه - عدم تعهد در واگذاری خوابگاه
33252,مامایی,دانشگاه علوم پزشکی و خدمات بهداشتی درمانی رفسنجان,شرایط خاص,عادی,3,114,انتقال بر اساس شرایط آیین نامه - عدم تعهد در واگذاری خوابگاه
33253,مهندسی بهداشت محیط,دانشگاه علوم پزشکی و خدمات بهداشتی درمانی رفسنجان,شرایط خاص,عادی,5,114,انتقال بر اساس شرایط آیین نامه - عدم تعهد در واگذاری خوابگاه
33254,پزشکی,دانشگاه علوم پزشکی و خدمات بهداشتی درمانی کرمان,شرایط خاص,عادی,78,114,فاقد خوابگاه
33255,پزشکی,دانشگاه علوم پزشکی و خدمات بهداشتی درمانی کرمان,عادی,شرایط خاص,2,114,دارای مصاحبه - بورس و استخدام فرماندهی انتظامی جمهوری اسالمی ( فراجا ) - شرایط در دفترچه « پیوست ها » - مطابق شرایط و ضوابط فراجا - فاقد خوابگاه
33262,اتاق عمل,دانشگاه علوم پزشکی و خدمات بهداشتی درمانی کرمان,شرایط خاص,سهمیه بهیاران,1,115,ویژه بهیاران - فاقد خوابگاه
33265,علوم تغذیه,دانشگاه علوم پزشکی و خدمات بهداشتی درمانی کرمان,شرایط خاص,عادی,24,115,فاقد خوابگاه
33266,علوم تغذیه,دانشگاه علوم پزشکی و خدمات بهداشتی درمانی کرمان,عادی,شرایط خاص,1,115,دارای مصاحبه - بورس و استخدام فرماندهی انتظامی جمهوری اسالمی ( فراجا ) - شرایط در دفترچه « پیوست ها » - مطابق شرایط و ضوابط فراجا - فاقد خوابگاه
33269,فوریت‌های پزشکی پیش‌بیمارستانی,دانشگاه علوم پزشکی و خدمات بهداشتی درمانی کرمان,شرایط خاص,سهمیه بهیاران,1,115,دارای مصاحبه - ویژه بهیاران - شرایط در دفترچه « پیوست ها » - فاقد خوابگاه
33271,مهندسی بهداشت محیط,دانشگاه علوم پزشکی و خدمات بهداشتی درمانی کرمان,شرایط خاص,عادی,20,115,فاقد خوابگاه
33272,مهندسی بهداشت محیط,دانشگاه علوم پزشکی و خدمات بهداشتی درمانی کرمان,عادی,شرایط خاص,1,115,دارای مصاحبه - بورس و استخدام فرماندهی انتظامی جمهوری اسالمی ( فراجا ) - شرایط در دفترچه « پیوست ها » - مطابق شرایط و ضوابط فراجا - فاقد خوابگاه
33275,هوشبری,دانشگاه علوم پزشکی و خدمات بهداشتی درمانی کرمان,شرایط خاص,سهمیه بهیاران,1,115,ویژه بهیاران - فاقد خوابگاه
33290,پرستاری,دانشگاه علوم پزشکی و خدمات بهداشتی درمانی کرمان,شرایط خاص,سهمیه بهیاران,3,115,ویژه بهیاران - محل تحصیل دانشکده پرستاری و مامایی رازی - فاقد خوابگاه
33293,پرستاری,دانشگاه علوم پزشکی و خدمات بهداشتی درمانی کرمان,شرایط خاص,سهمیه بهیاران,1,116,ویژه بهیاران - محل تحصیل دانشکده پرستاری و مامایی رازی - فاقد خوابگاه
33296,پرستاری,دانشگاه علوم پزشکی و خدمات بهداشتی درمانی کرمان (محل تحصیل دانشکده پرستاری زرند),شرایط خاص,سهمیه بهیاران,2,116,ویژه بهیاران - محدودیت در ارائه خوابگاه
33299,پرستاری,دانشگاه علوم پزشکی و خدمات بهداشتی درمانی کرمان (محل تحصیل مجتمع آموزش عالی)سالمت بافت,شرایط خاص,سهمیه بهیاران,1,116,ویژه بهیاران - فاقد خوابگاه
33302,پرستاری,دانشگاه علوم پزشکی و خدمات بهداشتی درمانی کرمان (محل تحصیل مجتمع آموزش عالی سالمت شهر بابک),شرایط خاص,سهمیه بهیاران,1,116,ویژه بهیاران
33304,بهداشت عمومی,دانشکده علوم پزشکی و خدمات بهداشتی درمانی سیرجان,شرایط خاص,عادی,20,116,عدم تعهد در واگذاری خوابگاه
33305,پرستاری,دانشکده علوم پزشکی و خدمات بهداشتی درمانی سیرجان,شرایط خاص,عادی,35,116,عدم تعهد در واگذاری خوابگاه
33306,پرستاری,دانشکده علوم پزشکی و خدمات بهداشتی درمانی سیرجان,شرایط خاص,سهمیه بهیاران,2,116,ویژه بهیاران - عدم تعهد در واگذاری خوابگاه
33307,علوم آزمایشگاهی,دانشکده علوم پزشکی و خدمات بهداشتی درمانی سیرجان,شرایط خاص,عادی,18,116,عدم تعهد در واگذاری خوابگاه
33308,فناوری اطلاعات سلامت,دانشکده علوم پزشکی و خدمات بهداشتی درمانی سیرجان,شرایط خاص,عادی,30,116,عدم تعهد در واگذاری خوابگاه
33309,فوریت‌های پزشکی پیش‌بیمارستانی,دانشکده علوم پزشکی و خدمات بهداشتی درمانی سیرجان,شرایط خاص,سهمیه بهیاران,1,116,دارای مصاحبه - ویژه بهیاران - شرایط در دفترچه « پیوست ها » - عدم تعهد در واگذاری خوابگاه
33311,مهندسی بهداشت محیط,دانشکده علوم پزشکی و خدمات بهداشتی درمانی سیرجان,شرایط خاص,عادی,25,116,عدم تعهد در واگذاری خوابگاه
33312,هوشبری,دانشکده علوم پزشکی و خدمات بهداشتی درمانی سیرجان,شرایط خاص,عادی,20,116,عدم تعهد در واگذاری خوابگاه
33313,هوشبری,دانشکده علوم پزشکی و خدمات بهداشتی درمانی سیرجان,شرایط خاص,سهمیه بهیاران,1,116,ویژه بهیاران - عدم تعهد در واگذاری خوابگاه
35775,مهندسی بهداشت حرفه ای و ایمنی کار,دانشکده علوم پزشکی و خدمات بهداشتی درمانی سیرجان,شرایط خاص,عادی,17,117,عدم تعهد در واگذاری خوابگاه
33315,بهداشت عمومی,دانشکده علوم پزشکی و خدمات بهداشتی درمانی سیرجان,شرایط خاص,عادی,5,117,عدم تعهد در واگذاری خوابگاه
33316,علوم آزمایشگاهی,دانشکده علوم پزشکی و خدمات بهداشتی درمانی سیرجان,شرایط خاص,عادی,5,117,عدم تعهد در واگذاری خوابگاه
33319,پزشکی,دانشگاه علوم پزشکی و خدمات بهداشتی درمانی کرمانشاه,شرایط خاص,عادی,57,117,عدم تعهد در واگذاری خوابگاه
33321,پزشکی,دانشگاه علوم پزشکی و خدمات بهداشتی درمانی کرمانشاه,شرایط خاص,عادی,58,117,عدم تعهد در واگذاری خوابگاه
33322,داروسازی,دانشگاه علوم پزشکی و خدمات بهداشتی درمانی کرمانشاه,شرایط خاص,عادی,20,117,عدم تعهد در واگذاری خوابگاه
33323,دندانپزشکی,دانشگاه علوم پزشکی و خدمات بهداشتی درمانی کرمانشاه,شرایط خاص,عادی,20,117,عدم تعهد در واگذاری خوابگاه
33324,بهداشت عمومی,دانشگاه علوم پزشکی و خدمات بهداشتی درمانی کرمانشاه,شرایط خاص,عادی,25,117,عدم تعهد در واگذاری خوابگاه
33325,پرستاری,دانشگاه علوم پزشکی و خدمات بهداشتی درمانی کرمانشاه,شرایط خاص,عادی,45,117,عدم تعهد در واگذاری خوابگاه
33326,پرستاری,دانشگاه علوم پزشکی و خدمات بهداشتی درمانی کرمانشاه,شرایط خاص,سهمیه بهیاران,4,117,ویژه بهیاران - عدم تعهد در واگذاری خوابگاه
33327,پرستاری,دانشگاه علوم پزشکی و خدمات بهداشتی درمانی کرمانشاه,شرایط خاص,عادی,45,117,عدم تعهد در واگذاری خوابگاه
33328,اتاق عمل,دانشگاه علوم پزشکی و خدمات بهداشتی درمانی کرمانشاه,شرایط خاص,سهمیه بهیاران,1,117,ویژه بهیاران - عدم تعهد در واگذاری خوابگاه
33329,اتاق عمل,دانشگاه علوم پزشکی و خدمات بهداشتی درمانی کرمانشاه,شرایط خاص,عادی,25,117,عدم تعهد در واگذاری خوابگاه
33330,تکنولوژی پرتوشناسی,دانشگاه علوم پزشکی و خدمات بهداشتی درمانی کرمانشاه,شرایط خاص,عادی,15,117,عدم تعهد در واگذاری خوابگاه
33331,تکنولوژی پزشکی هسته‌ای,دانشگاه علوم پزشکی و خدمات بهداشتی درمانی کرمانشاه,شرایط خاص,عادی,15,117,عدم تعهد در واگذاری خوابگاه
33332,علوم آزمایشگاهی,دانشگاه علوم پزشکی و خدمات بهداشتی درمانی کرمانشاه,شرایط خاص,عادی,13,117,عدم تعهد در واگذاری خوابگاه
33333,علوم تغذیه,دانشگاه علوم پزشکی و خدمات بهداشتی درمانی کرمانشاه,شرایط خاص,عادی,12,117,عدم تعهد در واگذاری خوابگاه
33334,علوم و صنایع غذایی / علوم و مهندسی صنایع غذایی,دانشگاه علوم پزشکی و خدمات بهداشتی درمانی کرمانشاه,شرایط خاص,عادی,20,117,عدم تعهد در واگذاری خوابگاه
33335,فناوری اطلاعات سلامت,دانشگاه علوم پزشکی و خدمات بهداشتی درمانی کرمانشاه,شرایط خاص,عادی,12,117,عدم تعهد در واگذاری خوابگاه
33336,فوریت‌های پزشکی پیش‌بیمارستانی,دانشگاه علوم پزشکی و خدمات بهداشتی درمانی کرمانشاه,شرایط خاص,سهمیه بهیاران,1,117,دارای مصاحبه - ویژه بهیاران - شرایط در دفترچه « پیوست ها » - عدم تعهد در واگذاری خوابگاه
33338,فیزیوتراپی,دانشگاه علوم پزشکی و خدمات بهداشتی درمانی کرمانشاه,شرایط خاص,عادی,10,117,عدم تعهد در واگذاری خوابگاه
33339,کاردرمانی,دانشگاه علوم پزشکی و خدمات بهداشتی درمانی کرمانشاه,شرایط خاص,عادی,14,117,عدم تعهد در واگذاری خوابگاه
33340,گفتاردرمانی,دانشگاه علوم پزشکی و خدمات بهداشتی درمانی کرمانشاه,شرایط خاص,عادی,10,117,عدم تعهد در واگذاری خوابگاه
33341,مامایی,دانشگاه علوم پزشکی و خدمات بهداشتی درمانی کرمانشاه,شرایط خاص,عادی,25,117,عدم تعهد در واگذاری خوابگاه
33342,مهندسی بهداشت محیط,دانشگاه علوم پزشکی و خدمات بهداشتی درمانی کرمانشاه,شرایط خاص,عادی,30,117,عدم تعهد در واگذاری خوابگاه
33343,هوشبری,دانشگاه علوم پزشکی و خدمات بهداشتی درمانی کرمانشاه,شرایط خاص,عادی,20,117,عدم تعهد در واگذاری خوابگاه
33344,هوشبری,دانشگاه علوم پزشکی و خدمات بهداشتی درمانی کرمانشاه,شرایط خاص,سهمیه بهیاران,1,117,ویژه بهیاران - عدم تعهد در واگذاری خوابگاه
35776,مهندسی بهداشت حرفه ای و ایمنی کار,دانشگاه علوم پزشکی و خدمات بهداشتی درمانی کرمانشاه,شرایط خاص,عادی,20,117,عدم تعهد در واگذاری خوابگاه
33345,پزشکی,دانشگاه علوم پزشکی و خدمات بهداشتی درمانی کرمانشاه,شرایط خاص,عادی,15,117,عدم تعهد در واگذاری خوابگاه
33346,پزشکی,دانشگاه علوم پزشکی و خدمات بهداشتی درمانی کرمانشاه,شرایط خاص,عادی,15,117,عدم تعهد در واگذاری خوابگاه
33347,داروسازی,دانشگاه علوم پزشکی و خدمات بهداشتی درمانی کرمانشاه,شرایط خاص,عادی,15,118,عدم تعهد در واگذاری خوابگاه
33348,دندانپزشکی,دانشگاه علوم پزشکی و خدمات بهداشتی درمانی کرمانشاه,شرایط خاص,عادی,3,118,عدم تعهد در واگذاری خوابگاه
33349,بهداشت عمومی,دانشگاه علوم پزشکی و خدمات بهداشتی درمانی کرمانشاه,شرایط خاص,عادی,5,118,عدم تعهد در واگذاری خوابگاه
33350,پرستاری,دانشگاه علوم پزشکی و خدمات بهداشتی درمانی کرمانشاه,شرایط خاص,عادی,10,118,عدم تعهد در واگذاری خوابگاه
33351,پرستاری,دانشگاه علوم پزشکی و خدمات بهداشتی درمانی کرمانشاه,شرایط خاص,سهمیه بهیاران,1,118,ویژه بهیاران - عدم تعهد در واگذاری خوابگاه
33352,پرستاری,دانشگاه علوم پزشکی و خدمات بهداشتی درمانی کرمانشاه,شرایط خاص,عادی,10,118,عدم تعهد در واگذاری خوابگاه
33353,اتاق عمل,دانشگاه علوم پزشکی و خدمات بهداشتی درمانی کرمانشاه,شرایط خاص,عادی,8,118,عدم تعهد در واگذاری خوابگاه
33354,تکنولوژی پرتوشناسی,دانشگاه علوم پزشکی و خدمات بهداشتی درمانی کرمانشاه,شرایط خاص,عادی,5,118,عدم تعهد در واگذاری خوابگاه
33355,تکنولوژی پزشکی هسته‌ای,دانشگاه علوم پزشکی و خدمات بهداشتی درمانی کرمانشاه,شرایط خاص,عادی,5,118,عدم تعهد در واگذاری خوابگاه
33356,علوم آزمایشگاهی,دانشگاه علوم پزشکی و خدمات بهداشتی درمانی کرمانشاه,شرایط خاص,عادی,5,118,عدم تعهد در واگذاری خوابگاه
33357,علوم تغذیه,دانشگاه علوم پزشکی و خدمات بهداشتی درمانی کرمانشاه,شرایط خاص,عادی,3,118,عدم تعهد در واگذاری خوابگاه
33358,علوم و صنایع غذایی / علوم و مهندسی صنایع غذایی,دانشگاه علوم پزشکی و خدمات بهداشتی درمانی کرمانشاه,شرایط خاص,عادی,10,118,عدم تعهد در واگذاری خوابگاه
33359,فناوری اطلاعات سلامت,دانشگاه علوم پزشکی و خدمات بهداشتی درمانی کرمانشاه,شرایط خاص,عادی,8,118,عدم تعهد در واگذاری خوابگاه
33361,فیزیوتراپی,دانشگاه علوم پزشکی و خدمات بهداشتی درمانی کرمانشاه,شرایط خاص,عادی,5,118,عدم تعهد در واگذاری خوابگاه
33362,کاردرمانی,دانشگاه علوم پزشکی و خدمات بهداشتی درمانی کرمانشاه,شرایط خاص,عادی,4,118,عدم تعهد در واگذاری خوابگاه
33363,گفتاردرمانی,دانشگاه علوم پزشکی و خدمات بهداشتی درمانی کرمانشاه,شرایط خاص,عادی,5,118,عدم تعهد در واگذاری خوابگاه
33364,مامایی,دانشگاه علوم پزشکی و خدمات بهداشتی درمانی کرمانشاه,شرایط خاص,عادی,10,118,عدم تعهد در واگذاری خوابگاه
33365,مهندسی بهداشت محیط,دانشگاه علوم پزشکی و خدمات بهداشتی درمانی کرمانشاه,شرایط خاص,عادی,10,118,عدم تعهد در واگذاری خوابگاه
33366,هوشبری,دانشگاه علوم پزشکی و خدمات بهداشتی درمانی کرمانشاه,شرایط خاص,عادی,8,118,عدم تعهد در واگذاری خوابگاه
35777,مهندسی بهداشت حرفه ای و ایمنی کار,دانشگاه علوم پزشکی و خدمات بهداشتی درمانی کرمانشاه,شرایط خاص,عادی,8,118,عدم تعهد در واگذاری خوابگاه
33367,پرستاری,دانشگاه علوم پزشکی و خدمات بهداشتی درمانی کرمانشاه (محل تحصیل دانشکده پرستاری سنقر),شرایط خاص,سهمیه بهیاران,1,118,ویژه بهیاران - عدم تعهد در واگذاری خوابگاه
33368,پرستاری,دانشگاه علوم پزشکی و خدمات بهداشتی درمانی کرمانشاه (محل تحصیل دانشکده پرستاری سنقر),شرایط خاص,عادی,25,118,عدم تعهد در واگذاری خوابگاه
33369,پرستاری,دانشگاه علوم پزشکی و خدمات بهداشتی درمانی کرمانشاه (محل تحصیل مجتمع آموزش عالی سالمت),شرایط خاص,سهمیه بهیاران,1,118,ویژه بهیاران - عدم تعهد در واگذاری خوابگاه
33370,پرستاری,دانشگاه علوم پزشکی و خدمات بهداشتی درمانی کرمانشاه (محل تحصیل مجتمع آموزش عالی سالمت),شرایط خاص,عادی,25,118,عدم تعهد در واگذاری خوابگاه
33376,پرستاری,دانشگاه علوم پزشکی و خدمات بهداشتی درمانی یاسوج,شرایط خاص,سهمیه بهیاران,3,118,ویژه بهیاران - فاقد خوابگاه
33378,اتاق عمل,دانشگاه علوم پزشکی و خدمات بهداشتی درمانی یاسوج,شرایط خاص,سهمیه بهیاران,1,118,ویژه بهیاران - فاقد خوابگاه
33386,هوشبری,دانشگاه علوم پزشکی و خدمات بهداشتی درمانی یاسوج,شرایط خاص,سهمیه بهیاران,1,119,ویژه بهیاران - فاقد خوابگاه
33393,پزشکی,دانشگاه علوم پزشکی و خدمات بهداشتی درمانی گلستان - گرگان,شرایط خاص,عادی,30,119,فاقد خوابگاه
33394,پزشکی,دانشگاه علوم پزشکی و خدمات بهداشتی درمانی گلستان - گرگان,عادی,شرایط خاص,1,119,دارای مصاحبه - بورس و استخدام فرماندهی انتظامی جمهوری اسالمی ( فراجا ) - شرایط در دفترچه « پیوست ها » - مطابق شرایط و ضوابط فراجا - فاقد خوابگاه
33399,پرستاری,دانشگاه علوم پزشکی و خدمات بهداشتی درمانی گلستان - گرگان,شرایط خاص,سهمیه بهیاران,4,119,ویژه بهیاران - فاقد خوابگاه
33401,اتاق عمل,دانشگاه علوم پزشکی و خدمات بهداشتی درمانی گلستان - گرگان,شرایط خاص,سهمیه بهیاران,1,119,ویژه بهیاران - فاقد خوابگاه
33406,فوریت‌های پزشکی پیش‌بیمارستانی,دانشگاه علوم پزشکی و خدمات بهداشتی درمانی گلستان - گرگان,شرایط خاص,سهمیه بهیاران,1,119,دارای مصاحبه - ویژه بهیاران - شرایط در دفترچه « پیوست ها » - فاقد خوابگاه
33411,هوشبری,دانشگاه علوم پزشکی و خدمات بهداشتی درمانی گلستان - گرگان,شرایط خاص,سهمیه بهیاران,1,119,ویژه بهیاران - فاقد خوابگاه
33414,پرستاری,دانشگاه علوم پزشکی و خدمات بهداشتی درمانی گلستان - گرگان,شرایط خاص,سهمیه بهیاران,1,120,ویژه بهیاران - فاقد خوابگاه
33424,پرستاری,دانشگاه علوم پزشکی و خدمات بهداشتی درمانی گلستان (محل تحصیل دانشکده پرستاری گنبدکاووس),شرایط خاص,سهمیه بهیاران,1,120,ویژه بهیاران - فاقد خوابگاه
33426,فوریت‌های پزشکی پیش‌بیمارستانی,دانشگاه علوم پزشکی و خدمات بهداشتی درمانی گلستان (محل تحصیل دانشکده پرستاری گنبدکاووس),شرایط خاص,سهمیه بهیاران,1,120,دارای مصاحبه - ویژه بهیاران - شرایط در دفترچه « پیوست ها » - فاقد خوابگاه
33431,دندانپزشکی,دانشگاه علوم پزشکی و خدمات بهداشتی درمانی گیالن - رشت,شرایط خاص,عادی,12,120,فاقد خوابگاه
33442,پزشکی,دانشگاه علوم پزشکی و خدمات بهداشتی درمانی گیالن - رشت,عادی,شرایط خاص,1,120,دارای مصاحبه - بورس و استخدام فرماندهی انتظامی جمهوری اسالمی ( فراجا ) - شرایط در دفترچه « پیوست ها » - مطابق شرایط و ضوابط فراجا - محل تحصیل دانشکده پزشکی - فاقد خوابگاه
33446,پرستاری,دانشگاه علوم پزشکی و خدمات بهداشتی درمانی گیالن - رشت,شرایط خاص,سهمیه بهیاران,4,120,ویژه بهیاران - محل تحصیل دانشکده پرستاری و مامایی شهید بهشتی رشت - فاقد خوابگاه
33448,فوریت‌های پزشکی پیش‌بیمارستانی,دانشگاه علوم پزشکی و خدمات بهداشتی درمانی گیالن - رشت,شرایط خاص,سهمیه بهیاران,1,120,دارای مصاحبه - ویژه بهیاران - شرایط در دفترچه « پیوست ها » - محل تحصیل دانشکده پرستاری و مامایی شهید بهشتی رشت - فاقد خوابگاه
33452,پرستاری,دانشگاه علوم پزشکی و خدمات بهداشتی درمانی گیالن - رشت,شرایط خاص,سهمیه بهیاران,1,121,ویژه بهیاران - محل تحصیل دانشکده پرستاری و مامایی شهید بهشتی رشت - فاقد خوابگاه
33432,اتاق عمل,دانشگاه علوم پزشکی و خدمات بهداشتی درمانی گیالن (محل تحصیل دانشکده پیراپزشکی گیالن واقع در),شرایط خاص,سهمیه بهیاران,1,121,ویژه بهیاران - فاقد خوابگاه
33436,هوشبری,دانشگاه علوم پزشکی و خدمات بهداشتی درمانی گیالن (محل تحصیل دانشکده پیراپزشکی گیالن واقع در),شرایط خاص,سهمیه بهیاران,1,121,ویژه بهیاران - فاقد خوابگاه
33457,پرستاری,دانشگاه علوم پزشکی و)خدمات بهداشتی درمانی گیالن (محل تحصیل دانشکده پرستاری و مامایی لنگرود,شرایط خاص,سهمیه بهیاران,1,122,ویژه بهیاران - فاقد خوابگاه
33495,پرستاری,دانشگاه علوم پزشکی و خدمات بهداشتی درمانی لرستان - خرم آباد,شرایط خاص,سهمیه بهیاران,3,122,ویژه بهیاران - محل تحصیل دانشکده پرستاری و مامایی خرم آباد - فاقد خوابگاه
33509,اتاق عمل,دانشگاه علوم پزشکی و خدمات بهداشتی درمانی لرستان - خرم آباد,شرایط خاص,سهمیه بهیاران,1,122,ویژه بهیاران - محل تحصیل دانشکده پیراپزشکی خرم آباد - فاقد خوابگاه
33513,فوریت‌های پزشکی پیش‌بیمارستانی,دانشگاه علوم پزشکی و خدمات بهداشتی درمانی لرستان - خرم آباد,شرایط خاص,سهمیه بهیاران,1,122,دارای مصاحبه - ویژه بهیاران - شرایط در دفترچه « پیوست ها » - محل تحصیل دانشکده پیراپزشکی خرم آباد - فاقد خوابگاه
33516,هوشبری,دانشگاه علوم پزشکی و خدمات بهداشتی درمانی لرستان - خرم آباد,شرایط خاص,سهمیه بهیاران,1,123,ویژه بهیاران - محل تحصیل دانشکده پیراپزشکی خرم آباد - فاقد خوابگاه
33500,پرستاری,دانشگاه علوم پزشکی و خدمات بهداشتی درمانی لرستان - خرم آباد,شرایط خاص,سهمیه بهیاران,1,123,ویژه بهیاران - محل تحصیل دانشکده پرستاری و مامایی خرم آباد - فاقد خوابگاه
33471,پرستاری,دانشگاه علوم پزشکی و خدمات بهداشتی درمانی لرستان (محل)تحصیل دانشکده پرستاری الیگودرز,شرایط خاص,سهمیه بهیاران,1,123,ویژه بهیاران - فاقد خوابگاه
33474,اتاق عمل,دانشگاه علوم پزشکی و خدمات بهداشتی درمانی لرستان (محل)تحصیل دانشکده پرستاری الیگودرز,شرایط خاص,سهمیه بهیاران,1,123,ویژه بهیاران - فاقد خوابگاه
33477,پرستاری,دانشگاه علوم پزشکی و خدمات بهداشتی درمانی لرستان (محل تحصیل دانشکده پرستاری پلدختر),شرایط خاص,سهمیه بهیاران,1,124,ویژه بهیاران - فاقد خوابگاه
33479,هوشبری,دانشگاه علوم پزشکی و خدمات بهداشتی درمانی لرستان (محل تحصیل دانشکده پرستاری پلدختر),شرایط خاص,سهمیه بهیاران,1,124,ویژه بهیاران - فاقد خوابگاه
33483,پرستاری,دانشگاه علوم پزشکی و خدمات بهداشتی درمانی لرستان (محل تحصیل دانشکده علوم پزشکی بروجرد),شرایط خاص,سهمیه بهیاران,1,124,ویژه بهیاران - فاقد خوابگاه
33485,فوریت‌های پزشکی پیش‌بیمارستانی,دانشگاه علوم پزشکی و خدمات بهداشتی درمانی لرستان (محل تحصیل دانشکده علوم پزشکی بروجرد),شرایط خاص,سهمیه بهیاران,1,124,دارای مصاحبه - ویژه بهیاران - شرایط در دفترچه « پیوست ها » - فاقد خوابگاه
33489,هوشبری,دانشگاه علوم پزشکی و خدمات بهداشتی درمانی لرستان (محل تحصیل دانشکده علوم پزشکی بروجرد),شرایط خاص,سهمیه بهیاران,1,124,ویژه بهیاران - فاقد خوابگاه
33491,پرستاری,دانشگاه علوم پزشکی و خدمات بهداشتی درمانی )لرستان (محل تحصیل دانشکده پرستاری دورود,شرایط خاص,سهمیه بهیاران,1,124,ویژه بهیاران - فاقد خوابگاه
33492,فوریت‌های پزشکی پیش‌بیمارستانی,دانشگاه علوم پزشکی و خدمات بهداشتی درمانی )لرستان (محل تحصیل دانشکده پرستاری دورود,شرایط خاص,سهمیه بهیاران,1,124,دارای مصاحبه - ویژه بهیاران - شرایط در دفترچه « پیوست ها » - فاقد خوابگاه
33537,پرستاری,دانشگاه علوم پزشکی و خدمات بهداشتی درمانی بابل,شرایط خاص,سهمیه بهیاران,3,125,ویژه بهیاران - فاقد خوابگاه
33539,اتاق عمل,دانشگاه علوم پزشکی و خدمات بهداشتی درمانی بابل,شرایط خاص,سهمیه بهیاران,1,125,ویژه بهیاران - فاقد خوابگاه
33546,فوریت‌های پزشکی پیش‌بیمارستانی,دانشگاه علوم پزشکی و خدمات بهداشتی درمانی بابل,شرایط خاص,سهمیه بهیاران,1,125,دارای مصاحبه - ویژه بهیاران - شرایط در دفترچه « پیوست ها » - فاقد خوابگاه
33553,هوشبری,دانشگاه علوم پزشکی و خدمات بهداشتی درمانی بابل,شرایط خاص,سهمیه بهیاران,1,125,ویژه بهیاران - فاقد خوابگاه
33558,پرستاری,دانشگاه علوم پزشکی و خدمات بهداشتی درمانی بابل,شرایط خاص,سهمیه بهیاران,1,125,ویژه بهیاران - فاقد خوابگاه
33573,پرستاری,دانشگاه علوم پزشکی و خدمات بهداشتی درمانی بابل (محل تحصیل دانشکده پرستاری رامسر),شرایط خاص,سهمیه بهیاران,2,125,ویژه بهیاران - فاقد خوابگاه
33581,پرستاری,دانشگاه علوم پزشکی و خدمات بهداشتی درمانی مازندران - ساری,شرایط خاص,سهمیه بهیاران,4,126,ویژه بهیاران
33585,اتاق عمل,دانشگاه علوم پزشکی و خدمات بهداشتی درمانی مازندران - ساری,شرایط خاص,سهمیه بهیاران,1,126,ویژه بهیاران
33591,فوریت‌های پزشکی پیش‌بیمارستانی,دانشگاه علوم پزشکی و خدمات بهداشتی درمانی مازندران - ساری,شرایط خاص,سهمیه بهیاران,1,126,دارای مصاحبه - ویژه بهیاران - شرایط در دفترچه « پیوست ها »
33596,هوشبری,دانشگاه علوم پزشکی و خدمات بهداشتی درمانی مازندران - ساری,شرایط خاص,سهمیه بهیاران,1,126,ویژه بهیاران
33600,پرستاری,دانشگاه علوم پزشکی و خدمات بهداشتی درمانی مازندران - ساری,شرایط خاص,سهمیه بهیاران,1,126,ویژه بهیاران - فاقد خوابگاه
33609,پرستاری,دانشگاه علوم پزشکی و خدمات بهداشتی درمانی مازندران (محل تحصیل دانشکده پرستاری آمل),شرایط خاص,سهمیه بهیاران,3,126,ویژه بهیاران - برای برادران فاقد و برای خواهران خوابگاه ًخوابگاه صرفا خودگردان و محدود است .
33612,پرستاری,دانشگاه علوم پزشکی و خدمات بهداشتی درمانی مازندران (محل تحصیل دانشکده پرستاری آمل),شرایط خاص,سهمیه بهیاران,1,126,ویژه بهیاران - فاقد خوابگاه
33617,فوریت‌های پزشکی پیش‌بیمارستانی,دانشگاه علوم پزشکی و خدمات بهداشتی درمانی مازندران (محل تحصیل دانشکده)پیراپزشکی آمل,شرایط خاص,سهمیه بهیاران,1,127,دارای مصاحبه - ویژه بهیاران - شرایط در دفترچه « پیوست ها » - برای برادران فاقد خوابگاه و برای خواهران خوابگاه صرفاً خودگردان و محدود است .
33622,پرستاری,دانشگاه علوم پزشکی و خدمات بهداشتی)درمانی مازندران (محل تحصیل دانشکده پرستاری بهشهر,شرایط خاص,سهمیه بهیاران,2,127,ویژه بهیاران - فاقد خوابگاه
33640,اتاق عمل,دانشگاه علوم پزشکی و خدمات بهداشتی درمانی اراک,شرایط خاص,سهمیه بهیاران,1,128,ویژه بهیاران - فاقد خوابگاه
33642,تکنولوژی پرتوشناسی,دانشگاه علوم پزشکی و خدمات بهداشتی درمانی اراک,شرایط خاص,عادی,25,128,فاقد خوابگاه
33643,تکنولوژی پرتوشناسی,دانشگاه علوم پزشکی و خدمات بهداشتی درمانی اراک,عادی,شرایط خاص,1,128,دارای مصاحبه - بورس و استخدام فرماندهی انتظامی جمهوری اسالمی ( فراجا ) - شرایط در دفترچه « پیوست ها » - مطابق شرایط و ضوابط فراجا - فاقد خوابگاه
33648,فوریت‌های پزشکی پیش‌بیمارستانی,دانشگاه علوم پزشکی و خدمات بهداشتی درمانی اراک,شرایط خاص,سهمیه بهیاران,1,128,دارای مصاحبه - ویژه بهیاران - شرایط در دفترچه « پیوست ها » - فاقد خوابگاه
33653,مهندسی بهداشت محیط,دانشگاه علوم پزشکی و خدمات بهداشتی درمانی اراک,شرایط خاص,عادی,20,128,فاقد خوابگاه
33654,مهندسی بهداشت محیط,دانشگاه علوم پزشکی و خدمات بهداشتی درمانی اراک,عادی,شرایط خاص,1,128,دارای مصاحبه - بورس و استخدام فرماندهی انتظامی جمهوری اسالمی ( فراجا ) - شرایط در دفترچه « پیوست ها » - مطابق شرایط و ضوابط فراجا - فاقد خوابگاه
33655,هوشبری,دانشگاه علوم پزشکی و خدمات بهداشتی درمانی اراک,شرایط خاص,سهمیه بهیاران,2,128,ویژه بهیاران - فاقد خوابگاه
33673,پرستاری,دانشگاه علوم پزشکی و خدمات بهداشتی درمانی اراک,شرایط خاص,سهمیه بهیاران,3,128,ویژه بهیاران - محل تحصیل دانشکده پرستاری اراک - فاقد خوابگاه
33670,پرستاری,دانشگاه علوم پزشکی و خدمات بهداشتی درمانی اراک (محل تحصیل دانشکده پرستاری)شازند,شرایط خاص,سهمیه بهیاران,2,129,ویژه بهیاران - فاقد خوابگاه
33674,پرستاری,دانشگاه علوم پزشکی و خدمات بهداشتی درمانی اراک (محل تحصیل دانشکده پرستاری محالت),شرایط خاص,سهمیه بهیاران,1,129,ویژه بهیاران - فاقد خوابگاه
33682,پرستاری,دانشکده علوم پزشکی و خدمات بهداشتی درمانی خمین,شرایط خاص,سهمیه بهیاران,2,129,ویژه بهیاران - محدودیت در ارائه خوابگاه
33683,اتاق عمل,دانشکده علوم پزشکی و خدمات بهداشتی درمانی خمین,شرایط خاص,سهمیه بهیاران,1,129,ویژه بهیاران - محدودیت در ارائه خوابگاه
33687,فوریت‌های پزشکی پیش‌بیمارستانی,دانشکده علوم پزشکی و خدمات بهداشتی درمانی خمین,شرایط خاص,سهمیه بهیاران,1,129,دارای مصاحبه - ویژه بهیاران - شرایط در دفترچه « پیوست ها » - محدودیت در ارائه خوابگاه
33691,هوشبری,دانشکده علوم پزشکی و خدمات بهداشتی درمانی خمین,شرایط خاص,سهمیه بهیاران,1,129,ویژه بهیاران - محدودیت در ارائه خوابگاه
33699,بهداشت عمومی,دانشکده علوم پزشکی و خدمات بهداشتی درمانی ساوه,شرایط خاص,عادی,20,129,نداشتن تعهد در قبال موافقت با میهمانی و انتقال - فاقد خوابگاه
33700,پرستاری,دانشکده علوم پزشکی و خدمات بهداشتی درمانی ساوه,شرایط خاص,عادی,20,129,نداشتن تعهد در قبال موافقت با میهمانی و انتقال - فاقد خوابگاه
33701,پرستاری,دانشکده علوم پزشکی و خدمات بهداشتی درمانی ساوه,شرایط خاص,سهمیه بهیاران,1,130,ویژه بهیاران - نداشتن تعهد در قبال موافقت با میهمانی و انتقال - فاقد خوابگاه
33702,اتاق عمل,دانشکده علوم پزشکی و خدمات بهداشتی درمانی ساوه,شرایط خاص,سهمیه بهیاران,1,130,ویژه بهیاران - نداشتن تعهد در قبال موافقت با میهمانی و انتقال - فاقد خوابگاه
33703,اتاق عمل,دانشکده علوم پزشکی و خدمات بهداشتی درمانی ساوه,شرایط خاص,عادی,19,130,نداشتن تعهد در قبال موافقت با میهمانی و انتقال - فاقد خوابگاه
33704,علوم آزمایشگاهی,دانشکده علوم پزشکی و خدمات بهداشتی درمانی ساوه,شرایط خاص,عادی,20,130,نداشتن تعهد در قبال موافقت با میهمانی و انتقال - فاقد خوابگاه
33705,فناوری اطلاعات سلامت,دانشکده علوم پزشکی و خدمات بهداشتی درمانی ساوه,شرایط خاص,عادی,20,130,نداشتن تعهد در قبال موافقت با میهمانی و انتقال - فاقد خوابگاه
33706,فوریت‌های پزشکی پیش‌بیمارستانی,دانشکده علوم پزشکی و خدمات بهداشتی درمانی ساوه,شرایط خاص,سهمیه بهیاران,1,130,دارای مصاحبه - ویژه بهیاران - شرایط در دفترچه « پیوست ها » - نداشتن تعهد در قبال موافقت با میهمانی و انتقال - فاقد خوابگاه
33708,مهندسی بهداشت محیط,دانشکده علوم پزشکی و خدمات بهداشتی درمانی ساوه,شرایط خاص,عادی,15,130,نداشتن تعهد در قبال موافقت با میهمانی و انتقال - فاقد خوابگاه
33709,هوشبری,دانشکده علوم پزشکی و خدمات بهداشتی درمانی ساوه,شرایط خاص,عادی,20,130,نداشتن تعهد در قبال موافقت با میهمانی و انتقال - فاقد خوابگاه
33710,هوشبری,دانشکده علوم پزشکی و خدمات بهداشتی درمانی ساوه,شرایط خاص,سهمیه بهیاران,1,130,ویژه بهیاران - نداشتن تعهد در قبال موافقت با میهمانی و انتقال - فاقد خوابگاه
35791,مهندسی بهداشت حرفه ای و ایمنی کار,دانشکده علوم پزشکی و خدمات بهداشتی درمانی ساوه,شرایط خاص,عادی,16,130,نداشتن تعهد در قبال موافقت با میهمانی و انتقال - فاقد خوابگاه
33711,بهداشت عمومی,دانشکده علوم پزشکی و خدمات بهداشتی درمانی ساوه,شرایط خاص,عادی,10,130,نداشتن تعهد در قبال موافقت با میهمانی و انتقال - فاقد خوابگاه
33712,پرستاری,دانشکده علوم پزشکی و خدمات بهداشتی درمانی ساوه,شرایط خاص,عادی,9,130,نداشتن تعهد در قبال موافقت با میهمانی و انتقال - فاقد خوابگاه
33713,اتاق عمل,دانشکده علوم پزشکی و خدمات بهداشتی درمانی ساوه,شرایط خاص,عادی,3,130,نداشتن تعهد در قبال موافقت با میهمانی و انتقال - فاقد خوابگاه
33714,علوم آزمایشگاهی,دانشکده علوم پزشکی و خدمات بهداشتی درمانی ساوه,شرایط خاص,عادی,5,130,نداشتن تعهد در قبال موافقت با میهمانی و انتقال - فاقد خوابگاه
33715,فناوری اطلاعات سلامت,دانشکده علوم پزشکی و خدمات بهداشتی درمانی ساوه,شرایط خاص,عادی,5,130,نداشتن تعهد در قبال موافقت با میهمانی و انتقال - فاقد خوابگاه
33717,مهندسی بهداشت محیط,دانشکده علوم پزشکی و خدمات بهداشتی درمانی ساوه,شرایط خاص,عادی,10,130,نداشتن تعهد در قبال موافقت با میهمانی و انتقال - فاقد خوابگاه
33718,هوشبری,دانشکده علوم پزشکی و خدمات بهداشتی درمانی ساوه,شرایط خاص,عادی,5,130,نداشتن تعهد در قبال موافقت با میهمانی و انتقال - فاقد خوابگاه
35792,مهندسی بهداشت حرفه ای و ایمنی کار,دانشکده علوم پزشکی و خدمات بهداشتی درمانی ساوه,شرایط خاص,عادی,8,130,نداشتن تعهد در قبال موافقت با میهمانی و انتقال - فاقد خوابگاه
33719,پزشکی,دانشگاه علوم پزشکی و خدمات بهداشتی درمانی هرمزگان - بندرعباس,شرایط خاص,عادی,16,131,فاقد خوابگاه
33720,پزشکی,دانشگاه علوم پزشکی و خدمات بهداشتی درمانی هرمزگان - بندرعباس,عادی,شرایط خاص,1,131,دارای مصاحبه - بورس و استخدام فرماندهی انتظامی جمهوری اسالمی ( فراجا ) - شرایط در دفترچه « پیوست ها » - مطابق شرایط و ضوابط فراجا - ممنوعیت تغییر رشته و انتقال - فاقد خوابگاه
33724,دندانپزشکی,دانشگاه علوم پزشکی و خدمات بهداشتی درمانی هرمزگان - بندرعباس,شرایط خاص,عادی,8,131,فاقد خوابگاه
33725,دندانپزشکی,دانشگاه علوم پزشکی و خدمات بهداشتی درمانی هرمزگان - بندرعباس,عادی,شرایط خاص,3,131,دارای مصاحبه - بورس و استخدام سپاه پاسداران انقالب اسالمی - شرایط در دفترچه « پیوست ها » - اولویت پذیرش با متقاضیان استان هرمزگان و استان های همجوار آن - محل خدمت پس از فارغ التحصیلی در استان هرمزگان - فاقد خوابگاه
33728,پرستاری,دانشگاه علوم پزشکی و خدمات بهداشتی درمانی هرمزگان - بندرعباس,شرایط خاص,عادی,19,131,فاقد خوابگاه
33729,پرستاری,دانشگاه علوم پزشکی و خدمات بهداشتی درمانی هرمزگان - بندرعباس,عادی,شرایط خاص,1,131,دارای مصاحبه - بورس و استخدام فرماندهی انتظامی جمهوری اسالمی ( فراجا ) - شرایط در دفترچه « پیوست ها » - مطابق شرایط و ضوابط فراجا - ممنوعیت تغییر رشته و انتقال - فاقد خوابگاه
33730,پرستاری,دانشگاه علوم پزشکی و خدمات بهداشتی درمانی هرمزگان - بندرعباس,شرایط خاص,سهمیه بهیاران,2,131,ویژه بهیاران - فاقد خوابگاه
33731,پرستاری,دانشگاه علوم پزشکی و خدمات بهداشتی درمانی هرمزگان - بندرعباس,عادی,شرایط خاص,8,131,دارای مصاحبه - بورس و استخدام سپاه پاسداران انقالب اسالمی - شرایط در دفترچه « پیوست ها » - اولویت پذیرش با متقاضیان استان هرمزگان و استان های همجوار آن - محل خدمت پس از فارغ التحصیلی در استان هرمزگان - فاقد خوابگاه
33734,اتاق عمل,دانشگاه علوم پزشکی و خدمات بهداشتی درمانی هرمزگان - بندرعباس,شرایط خاص,سهمیه بهیاران,1,131,ویژه بهیاران - فاقد خوابگاه
33735,تکنولوژی پرتوشناسی,دانشگاه علوم پزشکی و خدمات بهداشتی درمانی هرمزگان - بندرعباس,شرایط خاص,عادی,15,131,فاقد خوابگاه
33736,تکنولوژی پرتوشناسی,دانشگاه علوم پزشکی و خدمات بهداشتی درمانی هرمزگان - بندرعباس,عادی,شرایط خاص,1,131,دارای مصاحبه - بورس و استخدام فرماندهی انتظامی جمهوری اسالمی ( فراجا ) - شرایط در دفترچه « پیوست ها » - مطابق شرایط و ضوابط فراجا - ممنوعیت تغییر رشته و انتقال - فاقد خوابگاه
33737,علوم آزمایشگاهی,دانشگاه علوم پزشکی و خدمات بهداشتی درمانی هرمزگان - بندرعباس,شرایط خاص,عادی,6,132,فاقد خوابگاه
33738,علوم آزمایشگاهی,دانشگاه علوم پزشکی و خدمات بهداشتی درمانی هرمزگان - بندرعباس,عادی,شرایط خاص,1,132,دارای مصاحبه - بورس و استخدام فرماندهی انتظامی جمهوری اسالمی ( فراجا ) - شرایط در دفترچه « پیوست ها » - مطابق شرایط و ضوابط فراجا - ممنوعیت تغییر رشته و انتقال - فاقد خوابگاه
33743,فوریت‌های پزشکی پیش‌بیمارستانی,دانشگاه علوم پزشکی و خدمات بهداشتی درمانی هرمزگان - بندرعباس,شرایط خاص,سهمیه بهیاران,1,132,دارای مصاحبه - ویژه بهیاران - شرایط در دفترچه « پیوست ها » - فاقد خوابگاه
33745,مهندسی بهداشت محیط,دانشگاه علوم پزشکی و خدمات بهداشتی درمانی هرمزگان - بندرعباس,شرایط خاص,عادی,25,132,فاقد خوابگاه
33746,مهندسی بهداشت محیط,دانشگاه علوم پزشکی و خدمات بهداشتی درمانی هرمزگان - بندرعباس,عادی,شرایط خاص,1,132,دارای مصاحبه - بورس و استخدام فرماندهی انتظامی جمهوری اسالمی ( فراجا ) - شرایط در دفترچه « پیوست ها » - مطابق شرایط و ضوابط فراجا - فاقد خوابگاه
33747,هوشبری,دانشگاه علوم پزشکی و خدمات بهداشتی درمانی هرمزگان - بندرعباس,شرایط خاص,سهمیه بهیاران,1,132,ویژه بهیاران - فاقد خوابگاه
33754,پرستاری,دانشگاه علوم پزشکی و خدمات بهداشتی درمانی هرمزگان - بندرعباس,شرایط خاص,سهمیه بهیاران,1,132,ویژه بهیاران - فاقد خوابگاه
33759,پرستاری,دانشکده علوم پزشکی و خدمات بهداشتی درمانی شرق استان هرمزگان - میناب,شرایط خاص,عادی,25,132,ممنوعیت نقل و انتقال و هر گونه جابه جایی - عدم تعهد در واگذاری خوابگاه
33760,پرستاری,دانشکده علوم پزشکی و خدمات بهداشتی درمانی شرق استان هرمزگان - میناب,شرایط خاص,سهمیه بهیاران,1,132,ویژه بهیاران - ممنوعیت نقل و انتقال و هر گونه جابه جایی - عدم تعهد در واگذاری خوابگاه
33762,پرستاری,دانشکده علوم پزشکی و خدمات بهداشتی درمانی غرب استان هرمزگان - بندرلنگه,شرایط خاص,سهمیه بهیاران,1,133,ویژه بهیاران - ممنوعیت نقل و انتقال و هر گونه جابه جایی - فاقد خوابگاه
33767,پزشکی,دانشگاه علوم پزشکی و خدمات بهداشتی درمانی همدان,شرایط خاص,عادی,80,133,سال اول خوابگاه خودگردان، خوابگاه از سال دوم ملکی
33768,پزشکی,دانشگاه علوم پزشکی و خدمات بهداشتی درمانی همدان,عادی,شرایط خاص,1,133,دارای مصاحبه - بورس و استخدام فرماندهی انتظامی جمهوری اسالمی ( فراجا ) - شرایط در دفترچه « پیوست ها » - مطابق شرایط و ضوابط فراجا - اول خوابگاه خودگردان ،سال خوابگاه از سال دوم ملکی
33775,پرستاری,دانشگاه علوم پزشکی و خدمات بهداشتی درمانی همدان,شرایط خاص,سهمیه بهیاران,5,133,ویژه بهیاران - سال اول خوابگاه خودگردان، خوابگاه از سال دوم ملکی
33779,اتاق عمل,دانشگاه علوم پزشکی و خدمات بهداشتی درمانی همدان,شرایط خاص,سهمیه بهیاران,1,133,ویژه بهیاران - سال اول خوابگاه خودگردان، خوابگاه از سال دوم ملکی
33786,فوریت‌های پزشکی پیش‌بیمارستانی,دانشگاه علوم پزشکی و خدمات بهداشتی درمانی همدان,شرایط خاص,سهمیه بهیاران,1,134,دارای مصاحبه - ویژه بهیاران - شرایط در دفترچه « پیوست ها » - سال اول خوابگاه خودگردان، خوابگاه از سال دوم ملکی
33794,هوشبری,دانشگاه علوم پزشکی و خدمات بهداشتی درمانی همدان,شرایط خاص,سهمیه بهیاران,1,134,ویژه بهیاران - سال اول خوابگاه خودگردان، خوابگاه از سال دوم ملکی
33803,پرستاری,دانشگاه علوم پزشکی و خدمات بهداشتی درمانی همدان,شرایط خاص,سهمیه بهیاران,1,134,ویژه بهیاران - معرفی به خوابگاه های خودگردان
33819,پرستاری,دانشگاه علوم پزشکی و خدمات بهداشتی درمانی همدان (محل تحصیل دانشکده علوم پزشکی مالیر),شرایط خاص,سهمیه بهیاران,1,135,ویژه بهیاران - معرفی به خوابگاه های خودگردان
33822,هوشبری,دانشگاه علوم پزشکی و خدمات بهداشتی درمانی همدان (محل تحصیل دانشکده علوم پزشکی مالیر),شرایط خاص,سهمیه بهیاران,1,135,ویژه بهیاران - معرفی به خوابگاه های خودگردان
33824,پرستاری,دانشگاه علوم پزشکی و خدمات بهداشتی درمانی همدان (محل تحصیل دانشکده علوم پزشکی نهاوند),شرایط خاص,سهمیه بهیاران,1,135,ویژه بهیاران - معرفی به خوابگاه های خودگردان
33826,اتاق عمل,دانشگاه علوم پزشکی و خدمات بهداشتی درمانی همدان (محل تحصیل دانشکده علوم پزشکی نهاوند),شرایط خاص,سهمیه بهیاران,1,135,ویژه بهیاران - معرفی به خوابگاه های خودگردان
33829,فوریت‌های پزشکی پیش‌بیمارستانی,دانشگاه علوم پزشکی و خدمات بهداشتی درمانی همدان (محل تحصیل دانشکده علوم پزشکی نهاوند),شرایط خاص,سهمیه بهیاران,1,135,دارای مصاحبه - ویژه بهیاران - شرایط در دفترچه « پیوست ها » - معرفی به خوابگاه های خودگردان
33833,بهداشت عمومی,دانشکده علوم پزشکی و خدمات بهداشتی درمانی اسدآباد (استان همدان),شرایط خاص,عادی,15,135,عدم تعهد در واگذاری خوابگاه
33834,پرستاری,دانشکده علوم پزشکی و خدمات بهداشتی درمانی اسدآباد (استان همدان),شرایط خاص,سهمیه بهیاران,1,135,ویژه بهیاران - عدم تعهد در واگذاری خوابگاه
33835,پرستاری,دانشکده علوم پزشکی و خدمات بهداشتی درمانی اسدآباد (استان همدان),شرایط خاص,عادی,30,135,عدم تعهد در واگذاری خوابگاه
33836,فوریت‌های پزشکی پیش‌بیمارستانی,دانشکده علوم پزشکی و خدمات بهداشتی درمانی)اسدآباد (استان همدان,شرایط خاص,سهمیه بهیاران,1,136,دارای مصاحبه - ویژه بهیاران - شرایط در دفترچه « پیوست ها » - عدم تعهد در واگذاری خوابگاه
33838,مامایی,دانشکده علوم پزشکی و خدمات بهداشتی درمانی)اسدآباد (استان همدان,شرایط خاص,عادی,12,136,عدم تعهد در واگذاری خوابگاه
33840,بهداشت عمومی,دانشکده علوم پزشکی و خدمات بهداشتی درمانی)اسدآباد (استان همدان,شرایط خاص,عادی,5,136,عدم تعهد در واگذاری خوابگاه
33841,پرستاری,دانشکده علوم پزشکی و خدمات بهداشتی درمانی)اسدآباد (استان همدان,شرایط خاص,عادی,5,136,عدم تعهد در واگذاری خوابگاه
33843,مامایی,دانشکده علوم پزشکی و خدمات بهداشتی درمانی)اسدآباد (استان همدان,شرایط خاص,عادی,3,136,عدم تعهد در واگذاری خوابگاه
33844,پزشکی,دانشگاه علوم پزشکی و خدمات بهداشتی درمانی یزد,شرایط خاص,عادی,63,136,عدم تعهد در واگذاری خوابگاه
33845,پزشکی,دانشگاه علوم پزشکی و خدمات بهداشتی درمانی یزد,شرایط خاص,عادی,63,136,عدم تعهد در واگذاری خوابگاه
33846,داروسازی,دانشگاه علوم پزشکی و خدمات بهداشتی درمانی یزد,شرایط خاص,عادی,20,136,عدم تعهد در واگذاری خوابگاه
33847,دندانپزشکی,دانشگاه علوم پزشکی و خدمات بهداشتی درمانی یزد,شرایط خاص,عادی,20,136,عدم تعهد در واگذاری خوابگاه
33848,علوم آزمایشگاهی,دانشگاه علوم پزشکی و خدمات بهداشتی درمانی یزد,شرایط خاص,عادی,20,136,عدم تعهد در واگذاری خوابگاه
33849,علوم تغذیه,دانشگاه علوم پزشکی و خدمات بهداشتی درمانی یزد,شرایط خاص,عادی,25,136,عدم تعهد در واگذاری خوابگاه
33850,فیزیوتراپی,دانشگاه علوم پزشکی و خدمات بهداشتی درمانی یزد,شرایط خاص,عادی,16,136,عدم تعهد در واگذاری خوابگاه
33863,اتاق عمل,دانشگاه علوم پزشکی و خدمات بهداشتی درمانی یزد,شرایط خاص,عادی,15,136,محل تحصیل دانشکده پیراپزشکی یزد - عدم تعهد در واگذاری خوابگاه
33864,اتاق عمل,دانشگاه علوم پزشکی و خدمات بهداشتی درمانی یزد,شرایط خاص,سهمیه بهیاران,1,136,ویژه بهیاران - محل تحصیل دانشکده پیراپزشکی یزد - عدم تعهد در واگذاری خوابگاه
33865,تکنولوژی پرتوشناسی,دانشگاه علوم پزشکی و خدمات بهداشتی درمانی یزد,شرایط خاص,عادی,13,136,محل تحصیل دانشکده پیراپزشکی یزد - عدم تعهد در واگذاری خوابگاه
33867,فوریت‌های پزشکی پیش‌بیمارستانی,دانشگاه علوم پزشکی و خدمات بهداشتی درمانی یزد,شرایط خاص,سهمیه بهیاران,1,136,دارای مصاحبه - ویژه بهیاران - شرایط در دفترچه « پیوست ها » - محل تحصیل دانشکده پیراپزشکی یزد - عدم تعهد در واگذاری خوابگاه
33868,هوشبری,دانشگاه علوم پزشکی و خدمات بهداشتی درمانی یزد,شرایط خاص,سهمیه بهیاران,1,136,ویژه بهیاران - محل تحصیل دانشکده پیراپزشکی یزد - عدم تعهد در واگذاری خوابگاه
33869,هوشبری,دانشگاه علوم پزشکی و خدمات بهداشتی درمانی یزد,شرایط خاص,عادی,20,136,محل تحصیل دانشکده پیراپزشکی یزد - عدم تعهد در واگذاری خوابگاه
33872,بهداشت عمومی,دانشگاه علوم پزشکی و خدمات بهداشتی درمانی یزد,شرایط خاص,عادی,25,136,محل تحصیل دانشکده بهداشت - عدم تعهد در واگذاری خوابگاه
33873,فناوری اطلاعات سلامت,دانشگاه علوم پزشکی و خدمات بهداشتی درمانی یزد,شرایط خاص,عادی,25,137,محل تحصیل دانشکده بهداشت - عدم تعهد در واگذاری خوابگاه
33874,مدیریت خدمات بهداشتی درمانی,دانشگاه علوم پزشکی و خدمات بهداشتی درمانی یزد,شرایط خاص,عادی,20,137,محل تحصیل دانشکده بهداشت - عدم تعهد در واگذاری خوابگاه
33875,مهندسی بهداشت محیط,دانشگاه علوم پزشکی و خدمات بهداشتی درمانی یزد,شرایط خاص,عادی,25,137,محل تحصیل دانشکده بهداشت - عدم تعهد در واگذاری خوابگاه
33879,پرستاری,دانشگاه علوم پزشکی و خدمات بهداشتی درمانی یزد,شرایط خاص,سهمیه بهیاران,2,137,ویژه بهیاران - محل تحصیل دانشکده پرستاری و مامایی یزد - عدم تعهد در واگذاری خوابگاه
33880,پرستاری,دانشگاه علوم پزشکی و خدمات بهداشتی درمانی یزد,شرایط خاص,عادی,55,137,محل تحصیل دانشکده پرستاری و مامایی یزد - عدم تعهد در واگذاری خوابگاه
33881,پرستاری,دانشگاه علوم پزشکی و خدمات بهداشتی درمانی یزد,شرایط خاص,عادی,55,137,محل تحصیل دانشکده پرستاری و مامایی یزد - عدم تعهد در واگذاری خوابگاه
33882,مامایی,دانشگاه علوم پزشکی و خدمات بهداشتی درمانی یزد,شرایط خاص,عادی,20,137,محل تحصیل دانشکده پرستاری و مامایی یزد - عدم تعهد در واگذاری خوابگاه
35799,مهندسی بهداشت حرفه ای و ایمنی کار,دانشگاه علوم پزشکی و خدمات بهداشتی درمانی یزد,شرایط خاص,عادی,20,137,محل تحصیل دانشکده بهداشت - عدم تعهد در واگذاری خوابگاه
33851,دندانپزشکی,دانشگاه علوم پزشکی و خدمات بهداشتی درمانی یزد,شرایط خاص,عادی,5,137,محل تحصیل در دوره علوم پایه دانشکده پزشکی و در دوره پاراکلینیکی دانشکده دندانپزشکی می باشد - عدم تعهد در واگذاری خوابگاه
33852,علوم آزمایشگاهی,دانشگاه علوم پزشکی و خدمات بهداشتی درمانی یزد,شرایط خاص,عادی,5,137,عدم تعهد در واگذاری خوابگاه
33853,علوم تغذیه,دانشگاه علوم پزشکی و خدمات بهداشتی درمانی یزد,شرایط خاص,عادی,5,137,عدم تعهد در واگذاری خوابگاه
33854,فناوری اطلاعات سلامت,دانشگاه علوم پزشکی و خدمات بهداشتی درمانی یزد,شرایط خاص,عادی,5,137,عدم تعهد در واگذاری خوابگاه
33855,پزشکی,دانشگاه علوم پزشکی و خدمات بهداشتی درمانی یزد,شرایط خاص,عادی,30,137,محل تحصیل پردیس خودگردان واقع در احمدآباد مشیر - عدم تعهد در واگذاری خوابگاه
33870,اتاق عمل,دانشگاه علوم پزشکی و خدمات بهداشتی درمانی یزد,شرایط خاص,عادی,3,137,محل تحصیل دانشکده پیراپزشکی یزد - عدم تعهد در واگذاری خوابگاه
33876,بهداشت عمومی,دانشگاه علوم پزشکی و خدمات بهداشتی درمانی یزد,شرایط خاص,عادی,10,137,محل تحصیل دانشکده بهداشت - عدم تعهد در واگذاری خوابگاه
33877,مدیریت خدمات بهداشتی درمانی,دانشگاه علوم پزشکی و خدمات بهداشتی درمانی یزد,شرایط خاص,عادی,10,137,محل تحصیل دانشکده بهداشت - عدم تعهد در واگذاری خوابگاه
33878,مهندسی بهداشت محیط,دانشگاه علوم پزشکی و خدمات بهداشتی درمانی یزد,شرایط خاص,عادی,5,137,محل تحصیل دانشکده بهداشت - عدم تعهد در واگذاری خوابگاه
33883,پرستاری,دانشگاه علوم پزشکی و خدمات بهداشتی درمانی یزد,شرایط خاص,عادی,10,137,محل تحصیل دانشکده پرستاری و مامایی یزد - عدم تعهد در واگذاری خوابگاه
33884,پرستاری,دانشگاه علوم پزشکی و خدمات بهداشتی درمانی یزد,شرایط خاص,سهمیه بهیاران,5,137,ویژه بهیاران - محل تحصیل دانشکده پرستاری و مامایی یزد - عدم تعهد در واگذاری خوابگاه
33885,پرستاری,دانشگاه علوم پزشکی و خدمات بهداشتی درمانی یزد,شرایط خاص,عادی,10,137,محل تحصیل دانشکده پرستاری و مامایی یزد - عدم تعهد در واگذاری خوابگاه
33886,داروسازی,دانشگاه علوم پزشکی و خدمات بهداشتی درمانی یزد,شرایط خاص,عادی,10,137,محل تحصیل دانشکده داروسازی یزد - عدم تعهد در واگذاری خوابگاه
33857,پرستاری,دانشگاه علوم پزشکی و خدمات بهداشتی درمانی یزد (محل تحصیل دانشکده علوم پزشکی میبد),شرایط خاص,سهمیه بهیاران,1,138,ویژه بهیاران - خوابگاه برادران ملکی و خوابگاه خواهران استیجاری
33859,اتاق عمل,دانشگاه علوم پزشکی و خدمات بهداشتی درمانی یزد (محل تحصیل دانشکده علوم پزشکی ابرکوه),شرایط خاص,سهمیه بهیاران,1,138,ویژه بهیاران - خوابگاه برادران ملکی و خوابگاه خواهران استیجاری با ظرفیت محدود
33897,پزشکی,دانشگاه علوم پزشکی و خدمات بهداشتی درمانی ارومیه,شرایط خاص,عادی,20,139,شروع تحصیل مهرماه 1406 - عدم تعهد در واگذاری خوابگاه
33898,دندانپزشکی,دانشگاه علوم پزشکی و خدمات بهداشتی درمانی ارومیه,شرایط خاص,عادی,10,139,شروع تحصیل مهرماه 1406 - عدم تعهد در واگذاری خوابگاه
33899,پزشکی,دانشگاه علوم پزشکی و خدمات بهداشتی درمانی ارومیه,شرایط خاص,عادی,20,139,شروع تحصیل مهرماه 1406 - عدم تعهد در واگذاری خوابگاه
33900,دندانپزشکی,دانشگاه علوم پزشکی و خدمات بهداشتی درمانی ارومیه,شرایط خاص,عادی,9,139,شروع تحصیل مهرماه 1406 - عدم تعهد در واگذاری خوابگاه
33901,پزشکی,دانشگاه علوم پزشکی و خدمات بهداشتی درمانی ارومیه (محل تحصیل دانشکده علوم پزشکی )خوی,شرایط خاص,عادی,11,139,شروع تحصیل مهرماه 1406 - ممنوعیت انتقال به دانشکده پزشکی دانشگاه علوم پزشکی ارومیه - عدم تعهد در واگذاری خوابگاه
33908,پزشکی,دانشگاه علوم پزشکی و خدمات بهداشتی درمانی کاشان,شرایط خاص,عادی,10,140,شروع تحصیل مهرماه 1406 - عدم تعهد در واگذاری خوابگاه
33909,دندانپزشکی,دانشگاه علوم پزشکی و خدمات بهداشتی درمانی کاشان,شرایط خاص,عادی,4,140,شروع تحصیل مهرماه 1406 - عدم تعهد در واگذاری خوابگاه
33910,دندانپزشکی,دانشگاه علوم پزشکی و خدمات بهداشتی درمانی کاشان,شرایط خاص,عادی,1,140,شروع تحصیل مهرماه 1406 - منوعیت نقل و انتقال در هر شرایطی و شهریه هر ترم حداقل 600 میلیون ریال - عدم تعهد در واگذاری خوابگاه
33915,پزشکی,دانشگاه علوم پزشکی و خدمات بهداشتی درمانی ایالم,شرایط خاص,عادی,10,140,شروع تحصیل مهرماه 1406 - عدم تعهد در واگذاری خوابگاه
33916,دندانپزشکی,دانشگاه علوم پزشکی و خدمات بهداشتی درمانی ایالم,شرایط خاص,عادی,2,140,شروع تحصیل مهرماه 1406 - عدم تعهد در واگذاری خوابگاه
33917,پزشکی,دانشگاه علوم پزشکی و خدمات بهداشتی درمانی ایالم,شرایط خاص,عادی,10,140,شروع تحصیل مهرماه 1406 - عدم تعهد در واگذاری خوابگاه
33918,دندانپزشکی,دانشگاه علوم پزشکی و خدمات بهداشتی درمانی ایالم,شرایط خاص,عادی,1,140,شروع تحصیل مهرماه 1406 - عدم تعهد در واگذاری خوابگاه
33931,پزشکی,دانشگاه علوم پزشکی و خدمات بهداشتی درمانی شهرکرد,شرایط خاص,عادی,10,141,شروع تحصیل مهرماه 1406 - عدم تعهد در واگذاری خوابگاه
33932,پزشکی,دانشگاه علوم پزشکی و خدمات بهداشتی درمانی شهرکرد,شرایط خاص,عادی,5,141,شروع تحصیل مهرماه 1406 - عدم تعهد در واگذاری خوابگاه
33933,دندانپزشکی,دانشگاه علوم پزشکی و خدمات بهداشتی درمانی شهرکرد,شرایط خاص,عادی,2,141,شروع تحصیل مهرماه 1406 - عدم تعهد در واگذاری خوابگاه
33934,پزشکی,دانشگاه علوم پزشکی و خدمات بهداشتی درمانی بیرجند,شرایط خاص,عادی,10,141,شروع تحصیل مهرماه 1406 - عدم تعهد در واگذاری خوابگاه
33935,پزشکی,دانشگاه علوم پزشکی و خدمات بهداشتی درمانی بیرجند,شرایط خاص,عادی,10,141,شروع تحصیل مهرماه 1406 - عدم تعهد در واگذاری خوابگاه
33938,پزشکی,دانشگاه علوم پزشکی و خدمات بهداشتی درمانی مشهد,شرایط خاص,عادی,20,141,شروع تحصیل مهرماه 1406 - عدم تعهد در واگذاری خوابگاه
33939,دندانپزشکی,دانشگاه علوم پزشکی و خدمات بهداشتی درمانی مشهد,شرایط خاص,عادی,5,141,شروع تحصیل مهرماه 1406 - عدم تعهد در واگذاری خوابگاه
33940,پزشکی,دانشگاه علوم پزشکی و خدمات بهداشتی درمانی مشهد,شرایط خاص,عادی,20,141,شروع تحصیل مهرماه 1406 - عدم تعهد در واگذاری خوابگاه
33941,دندانپزشکی,دانشگاه علوم پزشکی و خدمات بهداشتی درمانی مشهد,شرایط خاص,عادی,2,141,شروع تحصیل مهرماه 1406 - عدم تعهد در واگذاری خوابگاه
33942,پزشکی,دانشگاه علوم پزشکی و خدمات بهداشتی درمانی نیشابور,شرایط خاص,عادی,20,141,شروع تحصیل مهرماه 1406 - عدم تعهد در واگذاری خوابگاه
33943,پزشکی,دانشگاه علوم پزشکی و خدمات بهداشتی درمانی بجنورد,شرایط خاص,عادی,10,141,شروع تحصیل مهرماه 1406 - عدم تعهد در واگذاری خوابگاه
33944,دندانپزشکی,دانشگاه علوم پزشکی و خدمات بهداشتی درمانی بجنورد,شرایط خاص,عادی,2,141,شروع تحصیل مهرماه 1406 - عدم تعهد در واگذاری خوابگاه
33945,پزشکی,دانشگاه علوم پزشکی و خدمات بهداشتی درمانی بجنورد,شرایط خاص,عادی,5,141,شروع تحصیل مهرماه 1406 - عدم تعهد در واگذاری خوابگاه
33951,پزشکی,دانشگاه علوم پزشکی و خدمات بهداشتی درمانی دزفول,شرایط خاص,عادی,10,142,شروع تحصیل مهرماه 1406 - عدم تعهد در واگذاری خوابگاه
33952,پزشکی,دانشگاه علوم پزشکی و خدمات بهداشتی درمانی دزفول,شرایط خاص,عادی,5,142,شروع تحصیل مهرماه 1406 - عدم تعهد در واگذاری خوابگاه
33962,پزشکی,دانشگاه علوم پزشکی و خدمات بهداشتی درمانی زاهدان,شرایط خاص,عادی,40,142,شروع تحصیل مهرماه 1406 - عدم تعهد در واگذاری خوابگاه
33971,پزشکی,دانشگاه علوم پزشکی و خدمات بهداشتی درمانی قزوین,شرایط خاص,عادی,10,143,شروع تحصیل مهرماه 1406 - عدم تعهد در واگذاری خوابگاه
33972,دندانپزشکی,دانشگاه علوم پزشکی و خدمات بهداشتی درمانی قزوین,شرایط خاص,عادی,11,143,شروع تحصیل مهرماه 1406 - عدم تعهد در واگذاری خوابگاه
33974,پزشکی,دانشگاه علوم پزشکی و خدمات بهداشتی درمانی قم,شرایط خاص,عادی,5,143,شروع تحصیل مهرماه 1406 - شرایط در دفترچه « پیوست ها » - ممنوعیت انتقال به دانشگاه های تهران - عدم تعهد در واگذاری خوابگاه
33975,دندانپزشکی,دانشگاه علوم پزشکی و خدمات بهداشتی درمانی قم,شرایط خاص,عادی,4,143,شروع تحصیل مهرماه 1406 - شرایط در دفترچه « پیوست ها » - ممنوعیت انتقال به دانشگاه های تهران - عدم تعهد در واگذاری خوابگاه
33976,پزشکی,دانشگاه علوم پزشکی و خدمات بهداشتی درمانی قم,شرایط خاص,عادی,5,143,شروع تحصیل مهرماه 1406 - شرایط در دفترچه « پیوست ها » - ممنوعیت انتقال به دانشگاه های تهران - عدم تعهد در واگذاری خوابگاه
33977,دندانپزشکی,دانشگاه علوم پزشکی و خدمات بهداشتی درمانی قم,شرایط خاص,عادی,1,143,شروع تحصیل مهرماه 1406 - شرایط در دفترچه « پیوست ها » - عدم تعهد در واگذاری خوابگاه
33983,پزشکی,دانشگاه علوم پزشکی و خدمات بهداشتی درمانی رفسنجان,شرایط خاص,عادی,10,144,شروع تحصیل مهرماه 1406 - انتقال بر اساس شرایط آیین نامه - عدم تعهد در واگذاری خوابگاه
33984,دندانپزشکی,دانشگاه علوم پزشکی و خدمات بهداشتی درمانی رفسنجان,شرایط خاص,عادی,7,144,شروع تحصیل مهرماه 1406 - انتقال بر اساس شرایط آیین نامه - عدم تعهد در واگذاری خوابگاه
33985,پزشکی,دانشگاه علوم پزشکی و خدمات بهداشتی درمانی رفسنجان,شرایط خاص,عادی,5,144,شروع تحصیل مهرماه 1406 - انتقال بر اساس شرایط آیین نامه - عدم تعهد در واگذاری خوابگاه
33991,پزشکی,دانشگاه علوم پزشکی و خدمات بهداشتی درمانی کرمانشاه,شرایط خاص,عادی,30,144,شروع تحصیل مهرماه 1406 - عدم تعهد در واگذاری خوابگاه
33992,دندانپزشکی,دانشگاه علوم پزشکی و خدمات بهداشتی درمانی کرمانشاه,شرایط خاص,عادی,7,144,شروع تحصیل مهرماه 1406 - عدم تعهد در واگذاری خوابگاه
33993,پزشکی,دانشگاه علوم پزشکی و خدمات بهداشتی درمانی کرمانشاه,شرایط خاص,عادی,10,144,شروع تحصیل مهرماه 1406 - عدم تعهد در واگذاری خوابگاه
34020,پزشکی,دانشگاه علوم پزشکی و خدمات بهداشتی درمانی یزد,شرایط خاص,عادی,30,146,شروع تحصیل مهرماه 1406 - عدم تعهد در واگذاری خوابگاه
34021,دندانپزشکی,دانشگاه علوم پزشکی و خدمات بهداشتی درمانی یزد,شرایط خاص,عادی,8,146,شروع تحصیل مهرماه 1406 - عدم تعهد در واگذاری خوابگاه
38601,پزشکی,دانشگاه علوم پزشکی و خدمات بهداشتی درمانی تبریز,شرایط خاص,تعهد خدمت,75,148,دانشگاه علوم پزشکی و خدمات بهداشتی درمانی تبریز - دارای تعهد خدمت یک و نیم برابر طول مدت تحصیل در مناطق مورد نیاز دانشگاه علوم پزشکی تبریز | پذیرش از تمام متقاضیان سراسر کشور، با اولویت متقاضیان بومی استان آذربایجان شرقی | رشته محل های پزشکی و دندان پزشکی دارای تعهد خدمت موضوع مصوبات شورای عالی انقلاب فرهنگی
38602,دندانپزشکی,دانشگاه علوم پزشکی و خدمات بهداشتی درمانی تبریز,شرایط خاص,تعهد خدمت,30,148,دانشگاه علوم پزشکی و خدمات بهداشتی درمانی تبریز - دارای تعهد خدمت یک و نیم برابر طول مدت تحصیل در مناطق مورد نیاز دانشگاه علوم پزشکی تبریز | پذیرش از تمام متقاضیان سراسر کشور، با اولویت متقاضیان بومی استان آذربایجان شرقی | رشته محل های پزشکی و دندان پزشکی دارای تعهد خدمت موضوع مصوبات شورای عالی انقلاب فرهنگی
38603,پزشکی,دانشگاه علوم پزشکی و خدمات بهداشتی درمانی ارومیه,شرایط خاص,تعهد خدمت,26,148,دانشگاه علوم پزشکی و خدمات بهداشتی درمانی ارومیه - دارای تعهد خدمت یک و نیم برابر طول مدت تحصیل در مناطق مورد نیاز دانشگاه علوم پزشکی ارومیه - عدم تعهد در واگذاری خوابگاه | پذیرش از تمام متقاضیان سراسر کشور، با اولویت متقاضیان بومی استان آذربایجان شرقی | رشته محل های پزشکی و دندان پزشکی دارای تعهد خدمت موضوع مصوبات شورای عالی انقلاب فرهنگی
38604,پزشکی,دانشگاه علوم پزشکی و خدمات بهداشتی درمانی ارومیه,شرایط خاص,تعهد خدمت,27,148,دانشگاه علوم پزشکی و خدمات بهداشتی درمانی ارومیه - دارای تعهد خدمت یک و نیم برابر طول مدت تحصیل در مناطق مورد نیاز دانشگاه علوم پزشکی ارومیه - عدم تعهد در واگذاری خوابگاه | پذیرش از تمام متقاضیان سراسر کشور، با اولویت متقاضیان بومی استان آذربایجان غربی دانشگاه علوم پزشکی و خدمات بهداشتی درمانی ارومیه- دارای تعهد خدمت یک و نیم برابر طول مدت تحصیل در مناطق مورد نیاز مرد زن 26 - دکتری عمومی پزشکی 38603 با آزمون دانشگاه علوم پزشکی ارومیه- عدم تعهد در واگذاری خوابگاه | رشته محل های پزشکی و دندان پزشکی دارای تعهد خدمت موضوع مصوبات شورای عالی انقلاب فرهنگی
38605,پزشکی,دانشگاه علوم پزشکی و خدمات بهداشتی درمانی اردبیل,شرایط خاص,تعهد خدمت,24,148,دانشگاه علوم پزشکی و خدمات بهداشتی درمانی اردبیل - دارای تعهد خدمت یک و نیم برابر طول مدت تحصیل در مناطق مورد نیاز دانشگاه علوم پزشکی اردبیل - فاقد خوابگاه | پذیرش از تمام متقاضیان سراسر کشور، با اولویت متقاضیان بومی استان آذربایجان غربی دانشگاه علوم پزشکی و خدمات بهداشتی درمانی ارومیه- دارای تعهد خدمت یک و نیم برابر طول مدت تحصیل در مناطق مورد نیاز مرد زن 26 - دکتری عمومی پزشکی 38603 با آزمون دانشگاه علوم پزشکی ارومیه- عدم تعهد در واگذاری خوابگاه دانشگاه علوم پزشکی و خدمات بهداشتی درمانی ارومیه- دارای تعهد خدمت یک و نیم برابر طول مدت تحصیل در مناطق مورد نیاز مرد زن - 27 دکتری عمومی پزشکی 38604 با آزمون دانشگاه علوم پزشکی ارومیه- عدم تعهد در واگذاری خوابگاه | رشته محل های پزشکی و دندان پزشکی دارای تعهد خدمت موضوع مصوبات شورای عالی انقلاب فرهنگی
38606,پزشکی,دانشگاه علوم پزشکی و خدمات بهداشتی درمانی اردبیل,شرایط خاص,تعهد خدمت,24,148,دانشگاه علوم پزشکی و خدمات بهداشتی درمانی اردبیل - دارای تعهد خدمت یک و نیم برابر طول مدت تحصیل در مناطق مورد نیاز دانشگاه علوم پزشکی اردبیل - فاقد خوابگاه | پذیرش از تمام متقاضیان سراسر کشور، با اولویت متقاضیان بومی استان اردبیل دانشگاه علوم پزشکی و خدمات بهداشتی درمانی اردبیل- دارای تعهد خدمت یک و نیم برابر طول مدت تحصیل در مناطق مورد نیاز مرد زن 24 - دکتری عمومی پزشکی 38605 با آزمون دانشگاه علوم پزشکی اردبیل- فاقد خوابگاه | رشته محل های پزشکی و دندان پزشکی دارای تعهد خدمت موضوع مصوبات شورای عالی انقلاب فرهنگی
38607,دندانپزشکی,دانشگاه علوم پزشکی و خدمات بهداشتی درمانی اردبیل,شرایط خاص,تعهد خدمت,7,148,دانشگاه علوم پزشکی و خدمات بهداشتی درمانی اردبیل - دارای تعهد خدمت یک و نیم برابر طول مدت تحصیل در مناطق مورد نیاز دانشگاه علوم پزشکی اردبیل - فاقد خوابگاه | پذیرش از تمام متقاضیان سراسر کشور، با اولویت متقاضیان بومی استان اردبیل دانشگاه علوم پزشکی و خدمات بهداشتی درمانی اردبیل- دارای تعهد خدمت یک و نیم برابر طول مدت تحصیل در مناطق مورد نیاز مرد زن 24 - دکتری عمومی پزشکی 38605 با آزمون دانشگاه علوم پزشکی اردبیل- فاقد خوابگاه دانشگاه علوم پزشکی و خدمات بهداشتی درمانی اردبیل- دارای تعهد خدمت یک و نیم برابر طول مدت تحصیل در مناطق مورد نیاز مرد زن - 24 دکتری عمومی پزشکی 38606 با آزمون دانشگاه علوم پزشکی اردبیل- فاقد خوابگاه | رشته محل های پزشکی و دندان پزشکی دارای تعهد خدمت موضوع مصوبات شورای عالی انقلاب فرهنگی
38608,دندانپزشکی,دانشگاه علوم پزشکی و خدمات بهداشتی درمانی اردبیل,شرایط خاص,تعهد خدمت,7,148,دانشگاه علوم پزشکی و خدمات بهداشتی درمانی اردبیل - دارای تعهد خدمت یک و نیم برابر طول مدت تحصیل در مناطق مورد نیاز دانشگاه علوم پزشکی اردبیل - فاقد خوابگاه | پذیرش از تمام متقاضیان سراسر کشور، با اولویت متقاضیان بومی استان اردبیل دانشگاه علوم پزشکی و خدمات بهداشتی درمانی اردبیل- دارای تعهد خدمت یک و نیم برابر طول مدت تحصیل در مناطق مورد نیاز مرد زن 24 - دکتری عمومی پزشکی 38605 با آزمون دانشگاه علوم پزشکی اردبیل- فاقد خوابگاه دانشگاه علوم پزشکی و خدمات بهداشتی درمانی اردبیل- دارای تعهد خدمت یک و نیم برابر طول مدت تحصیل در مناطق مورد نیاز مرد زن - 24 دکتری عمومی پزشکی 38606 با آزمون دانشگاه علوم پزشکی اردبیل- فاقد خوابگاه دانشگاه علوم پزشکی و خدمات بهداشتی درمانی اردبیل- دارای تعهد خدمت یک و نیم برابر طول مدت تحصیل در مناطق مورد نیاز مرد زن - 7 دکتری عمومی دندانپزشکی 38607 با آزمون دانشگاه علوم پزشکی اردبیل- فاقد خوابگاه | رشته محل های پزشکی و دندان پزشکی دارای تعهد خدمت موضوع مصوبات شورای عالی انقلاب فرهنگی
38609,پزشکی,دانشگاه علوم پزشکی و خدمات بهداشتی درمانی اصفهان,شرایط خاص,تعهد خدمت,34,148,دانشگاه علوم پزشکی و خدمات بهداشتی درمانی اصفهان - دارای تعهد خدمت به مدت یک و نیم برابر طول دوره تحصیل در مناطق مورد نیاز دانشگاه علوم پزشکی اصفهان - محدودیت در ارائه خوابگاه | پذیرش از تمام متقاضیان سراسر کشور، با اولویت متقاضیان بومی استان اصفهان | رشته محل های پزشکی و دندان پزشکی دارای تعهد خدمت موضوع مصوبات شورای عالی انقلاب فرهنگی
38610,پزشکی,دانشگاه علوم پزشکی و خدمات بهداشتی درمانی اصفهان,شرایط خاص,تعهد خدمت,34,148,دانشگاه علوم پزشکی و خدمات بهداشتی درمانی اصفهان - دارای تعهد خدمت به مدت یک و نیم برابر طول دوره تحصیل در مناطق مورد نیاز دانشگاه علوم پزشکی اصفهان - محدودیت در ارائه خوابگاه | پذیرش از تمام متقاضیان سراسر کشور، با اولویت متقاضیان بومی استان اصفهان دانشگاه علوم پزشکی و خدمات بهداشتی درمانی اصفهان- دارای تعهد خدمت به مدت یک و نیم برابر طول دوره تحصیل در مناطق مرد زن - 34 دکتری عمومی پزشکی 38609 با آزمون مورد نیاز دانشگاه علوم پزشکی اصفهان- محدودیت در ارائه خوابگاه | رشته محل های پزشکی و دندان پزشکی دارای تعهد خدمت موضوع مصوبات شورای عالی انقلاب فرهنگی
38611,پزشکی,دانشگاه علوم پزشکی و خدمات بهداشتی درمانی کاشان,شرایط خاص,تعهد خدمت,11,148,دانشگاه علوم پزشکی و خدمات بهداشتی درمانی کاشان - دارای تعهد خدمت یک و نیم برابر طول دوره تحصیل در مناطق مورد نیاز دانشگاه علوم پزشکی کاشان - عدم تعهد در واگذاری خوابگاه | پذیرش از تمام متقاضیان سراسر کشور، با اولویت متقاضیان بومی استان اصفهان دانشگاه علوم پزشکی و خدمات بهداشتی درمانی اصفهان- دارای تعهد خدمت به مدت یک و نیم برابر طول دوره تحصیل در مناطق مرد زن - 34 دکتری عمومی پزشکی 38609 با آزمون مورد نیاز دانشگاه علوم پزشکی اصفهان- محدودیت در ارائه خوابگاه دانشگاه علوم پزشکی و خدمات بهداشتی درمانی اصفهان- دارای تعهد خدمت به مدت یک و نیم برابر طول دوره تحصیل در مناطق مرد زن 34 - دکتری عمومی پزشکی 38610 با آزمون مورد نیاز دانشگاه علوم پزشکی اصفهان- محدودیت در ارائه خوابگاه | رشته محل های پزشکی و دندان پزشکی دارای تعهد خدمت موضوع مصوبات شورای عالی انقلاب فرهنگی
38612,دندانپزشکی,دانشگاه علوم پزشکی و خدمات بهداشتی درمانی کاشان,شرایط خاص,تعهد خدمت,7,148,دانشگاه علوم پزشکی و خدمات بهداشتی درمانی کاشان - دارای تعهد خدمت یک و نیم برابر طول دوره تحصیل در مناطق مورد نیاز دانشگاه علوم پزشکی کاشان - عدم تعهد در واگذاری خوابگاه | پذیرش از تمام متقاضیان سراسر کشور، با اولویت متقاضیان بومی استان اصفهان دانشگاه علوم پزشکی و خدمات بهداشتی درمانی اصفهان- دارای تعهد خدمت به مدت یک و نیم برابر طول دوره تحصیل در مناطق مرد زن - 34 دکتری عمومی پزشکی 38609 با آزمون مورد نیاز دانشگاه علوم پزشکی اصفهان- محدودیت در ارائه خوابگاه دانشگاه علوم پزشکی و خدمات بهداشتی درمانی اصفهان- دارای تعهد خدمت به مدت یک و نیم برابر طول دوره تحصیل در مناطق مرد زن 34 - دکتری عمومی پزشکی 38610 با آزمون مورد نیاز دانشگاه علوم پزشکی اصفهان- محدودیت در ارائه خوابگاه دانشگاه علوم پزشکی و خدمات بهداشتی درمانی کاشان- دارای مرد زن - 11 دکتری عمومی پزشکی 38611 با آزمون تعهد خدمت یک و نیم برابر طول دوره تحصیل در مناطق مورد نیاز دانشگاه علوم پزشکی کاشان- عدم تعهد در واگذاری خوابگاه | رشته محل های پزشکی و دندان پزشکی دارای تعهد خدمت موضوع مصوبات شورای عالی انقلاب فرهنگی
38613,پزشکی,دانشگاه علوم پزشکی و خدمات بهداشتی درمانی البرز - کرج,شرایط خاص,تعهد خدمت,26,149,دانشگاه علوم پزشکی و خدمات بهداشتی درمانی البرز - کرج - دارای تعهد خدمت یک و نیم برابر طول مدت تحصیل در مناطق مورد نیاز دانشگاه علوم پزشکی البرز - فاقد خوابگاه | پذیرش از تمام متقاضیان سراسر کشور، با اولویت متقاضیان بومی استان البرز | رشته محل های پزشکی و دندان پزشکی دارای تعهد خدمت موضوع مصوبات شورای عالی انقلاب فرهنگی
38614,پزشکی,دانشگاه علوم پزشکی و خدمات بهداشتی درمانی البرز - کرج,شرایط خاص,تعهد خدمت,26,149,دانشگاه علوم پزشکی و خدمات بهداشتی درمانی البرز - کرج - دارای تعهد خدمت یک و نیم برابر طول مدت تحصیل در مناطق مورد نیاز دانشگاه علوم پزشکی البرز - فاقد خوابگاه | پذیرش از تمام متقاضیان سراسر کشور، با اولویت متقاضیان بومی استان البرز | رشته محل های پزشکی و دندان پزشکی دارای تعهد خدمت موضوع مصوبات شورای عالی انقلاب فرهنگی
38615,دندانپزشکی,دانشگاه علوم پزشکی و خدمات بهداشتی درمانی البرز - کرج,شرایط خاص,تعهد خدمت,8,149,دانشگاه علوم پزشکی و خدمات بهداشتی درمانی البرز - کرج - دارای تعهد خدمت یک و نیم برابر طول مدت تحصیل در مناطق مورد نیاز دانشگاه علوم پزشکی البرز - فاقد خوابگاه | پذیرش از تمام متقاضیان سراسر کشور، با اولویت متقاضیان بومی استان البرز | رشته محل های پزشکی و دندان پزشکی دارای تعهد خدمت موضوع مصوبات شورای عالی انقلاب فرهنگی
38616,پزشکی,دانشگاه علوم پزشکی و خدمات بهداشتی درمانی ایالم,شرایط خاص,تعهد خدمت,20,149,دانشگاه علوم پزشکی و خدمات بهداشتی درمانی ایالم - دارای تعهد خدمت یک و نیم برابر طول مدت تحصیل در مناطق مورد نیاز دانشگاه علوم پزشکی ایالم - عدم تعهد در واگذاری خوابگاه | پذیرش از تمام متقاضیان سراسر کشور، با اولویت متقاضیان بومی استان ایالم | رشته محل های پزشکی و دندان پزشکی دارای تعهد خدمت موضوع مصوبات شورای عالی انقلاب فرهنگی
38617,پزشکی,دانشگاه علوم پزشکی و خدمات بهداشتی درمانی ایالم,شرایط خاص,تعهد خدمت,21,149,دانشگاه علوم پزشکی و خدمات بهداشتی درمانی ایالم - دارای تعهد خدمت یک و نیم برابر طول مدت تحصیل در مناطق مورد نیاز دانشگاه علوم پزشکی ایالم - عدم تعهد در واگذاری خوابگاه | پذیرش از تمام متقاضیان سراسر کشور، با اولویت متقاضیان بومی استان ایالم دانشگاه علوم پزشکی و خدمات بهداشتی درمانی ایالم- دارای تعهد مرد زن - 20 دکتری عمومی پزشکی 38616 با آزمون خدمت یک و نیم برابر طول مدت تحصیل در مناطق مورد نیاز دانشگاه علوم پزشکی ایالم- عدم تعهد در واگذاری خوابگاه | رشته محل های پزشکی و دندان پزشکی دارای تعهد خدمت موضوع مصوبات شورای عالی انقلاب فرهنگی
38618,دندانپزشکی,دانشگاه علوم پزشکی و خدمات بهداشتی درمانی ایالم,شرایط خاص,تعهد خدمت,9,149,دانشگاه علوم پزشکی و خدمات بهداشتی درمانی ایالم - دارای تعهد خدمت یک و نیم برابرطول دوره تحصیل در مناطق مورد نیاز دانشگاه علوم پزشکی و خدمات بهداشتی درمانی ایالم - عدم تعهد در واگذاری خوابگاه | پذیرش از تمام متقاضیان سراسر کشور، با اولویت متقاضیان بومی استان ایالم دانشگاه علوم پزشکی و خدمات بهداشتی درمانی ایالم- دارای تعهد مرد زن - 20 دکتری عمومی پزشکی 38616 با آزمون خدمت یک و نیم برابر طول مدت تحصیل در مناطق مورد نیاز دانشگاه علوم پزشکی ایالم- عدم تعهد در واگذاری خوابگاه دانشگاه علوم پزشکی و خدمات بهداشتی درمانی ایالم- دارای تعهد مرد زن 21 - دکتری عمومی پزشکی 38617 با آزمون خدمت یک و نیم برابر طول مدت تحصیل در مناطق مورد نیاز دانشگاه علوم پزشکی ایالم- عدم تعهد در واگذاری خوابگاه | رشته محل های پزشکی و دندان پزشکی دارای تعهد خدمت موضوع مصوبات شورای عالی انقلاب فرهنگی
38619,پزشکی,دانشگاه علوم پزشکی و خدمات بهداشتی درمانی اراک,شرایط خاص,تعهد خدمت,6,149,دانشگاه علوم پزشکی و خدمات بهداشتی درمانی اراک - دارای تعهد خدمت یک و نیم برابر طول مدت تحصیل در مناطق مورد نیاز دانشگاه علوم پزشکی بوشهر - فاقد خوابگاه | پذیرش از تمام متقاضیان سراسر کشور، با اولویت متقاضیان بومی استان بوشهر | رشته محل های پزشکی و دندان پزشکی دارای تعهد خدمت موضوع مصوبات شورای عالی انقلاب فرهنگی
38620,پزشکی,دانشگاه علوم پزشکی و خدمات بهداشتی درمانی اردبیل,شرایط خاص,تعهد خدمت,5,149,دانشگاه علوم پزشکی و خدمات بهداشتی درمانی اردبیل - دارای تعهد خدمت یک و نیم برابر طول مدت تحصیل در مناطق مورد نیاز دانشگاه علوم پزشکی بوشهر - فاقد خوابگاه | پذیرش از تمام متقاضیان سراسر کشور، با اولویت متقاضیان بومی استان بوشهر دانشگاه علوم پزشکی و خدمات بهداشتی درمانی اراک- دارای مرد زن 6 - دکتری عمومی پزشکی 38619 با آزمون تعهد خدمت یک و نیم برابر طول مدت تحصیل در مناطق مورد نیاز دانشگاه علوم پزشکی بوشهر- فاقد خوابگاه | رشته محل های پزشکی و دندان پزشکی دارای تعهد خدمت موضوع مصوبات شورای عالی انقلاب فرهنگی
38621,پزشکی,دانشگاه علوم پزشکی و خدمات بهداشتی درمانی ارومیه,شرایط خاص,تعهد خدمت,9,149,دانشگاه علوم پزشکی و خدمات بهداشتی درمانی ارومیه - دارای تعهد خدمت یک و نیم برابر طول مدت تحصیل در مناطق مورد نیاز دانشگاه علوم پزشکی بوشهر - عدم تعهد در واگذاری خوابگاه | پذیرش از تمام متقاضیان سراسر کشور، با اولویت متقاضیان بومی استان بوشهر دانشگاه علوم پزشکی و خدمات بهداشتی درمانی اراک- دارای مرد زن 6 - دکتری عمومی پزشکی 38619 با آزمون تعهد خدمت یک و نیم برابر طول مدت تحصیل در مناطق مورد نیاز دانشگاه علوم پزشکی بوشهر- فاقد خوابگاه دانشگاه علوم پزشکی و خدمات بهداشتی درمانی اردبیل- دارای مرد زن 5 - دکتری عمومی پزشکی 38620 با آزمون تعهد خدمت یک و نیم برابر طول مدت تحصیل در مناطق مورد نیاز دانشگاه علوم پزشکی بوشهر- فاقد خوابگاه | رشته محل های پزشکی و دندان پزشکی دارای تعهد خدمت موضوع مصوبات شورای عالی انقلاب فرهنگی
38622,پزشکی,دانشگاه علوم پزشکی و خدمات بهداشتی درمانی اصفهان,شرایط خاص,تعهد خدمت,8,149,دانشگاه علوم پزشکی و خدمات بهداشتی درمانی اصفهان - دارای تعهد خدمت یک و نیم برابر طول مدت تحصیل در مناطق مورد نیاز دانشگاه علوم پزشکی بوشهر - محدودیت در ارائه خوابگاه | پذیرش از تمام متقاضیان سراسر کشور، با اولویت متقاضیان بومی استان بوشهر دانشگاه علوم پزشکی و خدمات بهداشتی درمانی اراک- دارای مرد زن 6 - دکتری عمومی پزشکی 38619 با آزمون تعهد خدمت یک و نیم برابر طول مدت تحصیل در مناطق مورد نیاز دانشگاه علوم پزشکی بوشهر- فاقد خوابگاه دانشگاه علوم پزشکی و خدمات بهداشتی درمانی اردبیل- دارای مرد زن 5 - دکتری عمومی پزشکی 38620 با آزمون تعهد خدمت یک و نیم برابر طول مدت تحصیل در مناطق مورد نیاز دانشگاه علوم پزشکی بوشهر- فاقد خوابگاه دانشگاه علوم پزشکی و خدمات بهداشتی درمانی ارومیه- دارای مرد زن 9 - دکتری عمومی پزشکی 38621 با آزمون تعهد خدمت یک و نیم برابر طول مدت تحصیل در مناطق مورد نیاز دانشگاه علوم پزشکی بوشهر- عدم تعهد در واگذاری خوابگاه | رشته محل های پزشکی و دندان پزشکی دارای تعهد خدمت موضوع مصوبات شورای عالی انقلاب فرهنگی
38623,پزشکی,دانشگاه علوم پزشکی و خدمات بهداشتی درمانی البرز - کرج,شرایط خاص,تعهد خدمت,6,149,دانشگاه علوم پزشکی و خدمات بهداشتی درمانی البرز - کرج - دارای تعهد خدمت یک و نیم برابر طول مدت تحصیل در مناطق مورد نیاز دانشگاه علوم پزشکی بوشهر - فاقد خوابگاه | پذیرش از تمام متقاضیان سراسر کشور، با اولویت متقاضیان بومی استان بوشهر دانشگاه علوم پزشکی و خدمات بهداشتی درمانی اراک- دارای مرد زن 6 - دکتری عمومی پزشکی 38619 با آزمون تعهد خدمت یک و نیم برابر طول مدت تحصیل در مناطق مورد نیاز دانشگاه علوم پزشکی بوشهر- فاقد خوابگاه دانشگاه علوم پزشکی و خدمات بهداشتی درمانی اردبیل- دارای مرد زن 5 - دکتری عمومی پزشکی 38620 با آزمون تعهد خدمت یک و نیم برابر طول مدت تحصیل در مناطق مورد نیاز دانشگاه علوم پزشکی بوشهر- فاقد خوابگاه دانشگاه علوم پزشکی و خدمات بهداشتی درمانی ارومیه- دارای مرد زن 9 - دکتری عمومی پزشکی 38621 با آزمون تعهد خدمت یک و نیم برابر طول مدت تحصیل در مناطق مورد نیاز دانشگاه علوم پزشکی بوشهر- عدم تعهد در واگذاری خوابگاه دانشگاه علوم پزشکی و خدمات بهداشتی درمانی اصفهان- دارای مرد زن 8 - دکتری عمومی پزشکی 38622 با آزمون تعهد خدمت یک و نیم برابر طول مدت تحصیل در مناطق مورد نیاز دانشگاه علوم پزشکی بوشهر- محدودیت در ارائه خوابگاه | رشته محل های پزشکی و دندان پزشکی دارای تعهد خدمت موضوع مصوبات شورای عالی انقلاب فرهنگی
38624,پزشکی,دانشگاه علوم پزشکی و خدمات بهداشتی درمانی ایران,شرایط خاص,تعهد خدمت,10,149,دانشگاه علوم پزشکی و خدمات بهداشتی درمانی ایران - دارای تعهد خدمت یک و نیم برابر طول مدت تحصیل در مناطق مورد نیاز دانشگاه علوم پزشکی بوشهر - محدودیت در ارائه خوابگاه | پذیرش از تمام متقاضیان سراسر کشور، با اولویت متقاضیان بومی استان بوشهر دانشگاه علوم پزشکی و خدمات بهداشتی درمانی اراک- دارای مرد زن 6 - دکتری عمومی پزشکی 38619 با آزمون تعهد خدمت یک و نیم برابر طول مدت تحصیل در مناطق مورد نیاز دانشگاه علوم پزشکی بوشهر- فاقد خوابگاه دانشگاه علوم پزشکی و خدمات بهداشتی درمانی اردبیل- دارای مرد زن 5 - دکتری عمومی پزشکی 38620 با آزمون تعهد خدمت یک و نیم برابر طول مدت تحصیل در مناطق مورد نیاز دانشگاه علوم پزشکی بوشهر- فاقد خوابگاه دانشگاه علوم پزشکی و خدمات بهداشتی درمانی ارومیه- دارای مرد زن 9 - دکتری عمومی پزشکی 38621 با آزمون تعهد خدمت یک و نیم برابر طول مدت تحصیل در مناطق مورد نیاز دانشگاه علوم پزشکی بوشهر- عدم تعهد در واگذاری خوابگاه دانشگاه علوم پزشکی و خدمات بهداشتی درمانی اصفهان- دارای مرد زن 8 - دکتری عمومی پزشکی 38622 با آزمون تعهد خدمت یک و نیم برابر طول مدت تحصیل در مناطق مورد نیاز دانشگاه علوم پزشکی بوشهر- محدودیت در ارائه خوابگاه دانشگاه علوم پزشکی و خدمات بهداشتی درمانی البرز- کرج- مرد زن 6 - دکتری عمومی پزشکی 38623 با آزمون دارای تعهد خدمت یک و نیم برابر طول مدت تحصیل در مناطق مورد نیاز دانشگاه علوم پزشکی بوشهر- فاقد خوابگاه | رشته محل های پزشکی و دندان پزشکی دارای تعهد خدمت موضوع مصوبات شورای عالی انقلاب فرهنگی
38625,پزشکی,دانشگاه علوم پزشکی و خدمات بهداشتی درمانی بابل,شرایط خاص,تعهد خدمت,8,149,دانشگاه علوم پزشکی و خدمات بهداشتی درمانی بابل - دارای تعهد خدمت یک و نیم برابر طول مدت تحصیل در مناطق مورد نیاز دانشگاه علوم پزشکی بوشهر - فاقد خوابگاه | پذیرش از تمام متقاضیان سراسر کشور، با اولویت متقاضیان بومی استان بوشهر دانشگاه علوم پزشکی و خدمات بهداشتی درمانی اراک- دارای مرد زن 6 - دکتری عمومی پزشکی 38619 با آزمون تعهد خدمت یک و نیم برابر طول مدت تحصیل در مناطق مورد نیاز دانشگاه علوم پزشکی بوشهر- فاقد خوابگاه دانشگاه علوم پزشکی و خدمات بهداشتی درمانی اردبیل- دارای مرد زن 5 - دکتری عمومی پزشکی 38620 با آزمون تعهد خدمت یک و نیم برابر طول مدت تحصیل در مناطق مورد نیاز دانشگاه علوم پزشکی بوشهر- فاقد خوابگاه دانشگاه علوم پزشکی و خدمات بهداشتی درمانی ارومیه- دارای مرد زن 9 - دکتری عمومی پزشکی 38621 با آزمون تعهد خدمت یک و نیم برابر طول مدت تحصیل در مناطق مورد نیاز دانشگاه علوم پزشکی بوشهر- عدم تعهد در واگذاری خوابگاه دانشگاه علوم پزشکی و خدمات بهداشتی درمانی اصفهان- دارای مرد زن 8 - دکتری عمومی پزشکی 38622 با آزمون تعهد خدمت یک و نیم برابر طول مدت تحصیل در مناطق مورد نیاز دانشگاه علوم پزشکی بوشهر- محدودیت در ارائه خوابگاه دانشگاه علوم پزشکی و خدمات بهداشتی درمانی البرز- کرج- مرد زن 6 - دکتری عمومی پزشکی 38623 با آزمون دارای تعهد خدمت یک و نیم برابر طول مدت تحصیل در مناطق مورد نیاز دانشگاه علوم پزشکی بوشهر- فاقد خوابگاه دانشگاه علوم پزشکی و خدمات بهداشتی درمانی ایران- دارای مرد زن - 10 دکتری عمومی پزشکی 38624 با آزمون تعهد خدمت یک و نیم برابر طول مدت تحصیل در مناطق مورد نیاز دانشگاه علوم پزشکی بوشهر- محدودیت در ارائه خوابگاه | رشته محل های پزشکی و دندان پزشکی دارای تعهد خدمت موضوع مصوبات شورای عالی انقلاب فرهنگی
38626,پزشکی,دانشگاه علوم پزشکی و خدمات بهداشتی درمانی بوشهر,شرایط خاص,تعهد خدمت,41,149,دانشگاه علوم پزشکی و خدمات بهداشتی درمانی بوشهر - دارای تعهد خدمت یک و نیم برابر طول مدت تحصیل در مناطق مورد نیاز دانشگاه علوم پزشکی بوشهر - فاقد خوابگاه | پذیرش از تمام متقاضیان سراسر کشور، با اولویت متقاضیان بومی استان بوشهر دانشگاه علوم پزشکی و خدمات بهداشتی درمانی اراک- دارای مرد زن 6 - دکتری عمومی پزشکی 38619 با آزمون تعهد خدمت یک و نیم برابر طول مدت تحصیل در مناطق مورد نیاز دانشگاه علوم پزشکی بوشهر- فاقد خوابگاه دانشگاه علوم پزشکی و خدمات بهداشتی درمانی اردبیل- دارای مرد زن 5 - دکتری عمومی پزشکی 38620 با آزمون تعهد خدمت یک و نیم برابر طول مدت تحصیل در مناطق مورد نیاز دانشگاه علوم پزشکی بوشهر- فاقد خوابگاه دانشگاه علوم پزشکی و خدمات بهداشتی درمانی ارومیه- دارای مرد زن 9 - دکتری عمومی پزشکی 38621 با آزمون تعهد خدمت یک و نیم برابر طول مدت تحصیل در مناطق مورد نیاز دانشگاه علوم پزشکی بوشهر- عدم تعهد در واگذاری خوابگاه دانشگاه علوم پزشکی و خدمات بهداشتی درمانی اصفهان- دارای مرد زن 8 - دکتری عمومی پزشکی 38622 با آزمون تعهد خدمت یک و نیم برابر طول مدت تحصیل در مناطق مورد نیاز دانشگاه علوم پزشکی بوشهر- محدودیت در ارائه خوابگاه دانشگاه علوم پزشکی و خدمات بهداشتی درمانی البرز- کرج- مرد زن 6 - دکتری عمومی پزشکی 38623 با آزمون دارای تعهد خدمت یک و نیم برابر طول مدت تحصیل در مناطق مورد نیاز دانشگاه علوم پزشکی بوشهر- فاقد خوابگاه دانشگاه علوم پزشکی و خدمات بهداشتی درمانی ایران- دارای مرد زن - 10 دکتری عمومی پزشکی 38624 با آزمون تعهد خدمت یک و نیم برابر طول مدت تحصیل در مناطق مورد نیاز دانشگاه علوم پزشکی بوشهر- محدودیت در ارائه خوابگاه دانشگاه علوم پزشکی و خدمات بهداشتی درمانی بابل- دارای تعهد مرد زن - 8 دکتری عمومی پزشکی 38625 با آزمون خدمت یک و نیم برابر طول مدت تحصیل در مناطق مورد نیاز دانشگاه علوم پزشکی بوشهر- فاقد خوابگاه | رشته محل های پزشکی و دندان پزشکی دارای تعهد خدمت موضوع مصوبات شورای عالی انقلاب فرهنگی
38627,پزشکی,دانشگاه علوم پزشکی و خدمات بهداشتی درمانی تربت حیدریه,شرایط خاص,تعهد خدمت,1,150,دانشگاه علوم پزشکی و خدمات بهداشتی درمانی تربت حیدریه - دارای تعهد خدمت یک و نیم برابر طول مدت تحصیل در مناطق مورد نیاز دانشگاه علوم پزشکی بوشهر - محدودیت در ارائه خوابگاه | ادامه پذیرش از تمام متقاضیان سراسر کشور، با اولویت متقاضیان بومی استان بوشهر | رشته محل های پزشکی و دندان پزشکی دارای تعهد خدمت موضوع مصوبات شورای عالی انقلاب فرهنگی
38628,پزشکی,دانشگاه علوم پزشکی و خدمات بهداشتی درمانی تهران,شرایط خاص,تعهد خدمت,6,150,دانشگاه علوم پزشکی و خدمات بهداشتی درمانی تهران - دارای تعهد خدمت یک و نیم برابر طول مدت تحصیل در مناطق مورد نیاز دانشگاه علوم پزشکی بوشهر - دارای خوابگاه ملکی | ادامه پذیرش از تمام متقاضیان سراسر کشور، با اولویت متقاضیان بومی استان بوشهر | رشته محل های پزشکی و دندان پزشکی دارای تعهد خدمت موضوع مصوبات شورای عالی انقلاب فرهنگی
38629,پزشکی,دانشگاه علوم پزشکی و خدمات بهداشتی درمانی جندی شاپور اهواز,شرایط خاص,تعهد خدمت,30,150,دانشگاه علوم پزشکی و خدمات بهداشتی درمانی جندی شاپور اهواز - دارای تعهد خدمت یک و نیم برابر طول مدت تحصیل در مناطق مورد نیاز دانشگاه علوم پزشکی بوشهر | ادامه پذیرش از تمام متقاضیان سراسر کشور، با اولویت متقاضیان بومی استان بوشهر | رشته محل های پزشکی و دندان پزشکی دارای تعهد خدمت موضوع مصوبات شورای عالی انقلاب فرهنگی
38630,پزشکی,دانشگاه علوم پزشکی و خدمات بهداشتی درمانی جهرم,شرایط خاص,تعهد خدمت,7,150,دانشگاه علوم پزشکی و خدمات بهداشتی درمانی جهرم - دارای تعهد خدمت یک و نیم برابر طول مدت تحصیل در مناطق مورد نیاز دانشگاه علوم پزشکی بوشهر - محدودیت در ارائه خوابگاه | ادامه پذیرش از تمام متقاضیان سراسر کشور، با اولویت متقاضیان بومی استان بوشهر | رشته محل های پزشکی و دندان پزشکی دارای تعهد خدمت موضوع مصوبات شورای عالی انقلاب فرهنگی
38631,پزشکی,دانشگاه علوم پزشکی و خدمات بهداشتی درمانی دزفول,شرایط خاص,تعهد خدمت,7,150,دانشگاه علوم پزشکی و خدمات بهداشتی درمانی دزفول - دارای تعهد خدمت یک و نیم برابر طول مدت تحصیل در مناطق مورد نیاز دانشگاه علوم پزشکی بوشهر - عدم تعهد در واگذاری خوابگاه | ادامه پذیرش از تمام متقاضیان سراسر کشور، با اولویت متقاضیان بومی استان بوشهر | رشته محل های پزشکی و دندان پزشکی دارای تعهد خدمت موضوع مصوبات شورای عالی انقلاب فرهنگی
38632,پزشکی,دانشگاه علوم پزشکی و خدمات بهداشتی درمانی رفسنجان,شرایط خاص,تعهد خدمت,5,150,دانشگاه علوم پزشکی و خدمات بهداشتی درمانی رفسنجان - دارای تعهد خدمت یک و نیم برابر طول مدت تحصیل در مناطق مورد نیاز دانشگاه علوم پزشکی بوشهر - انتقال بر اساس شرایط آیین نامه - عدم تعهد در واگذاری خوابگاه | ادامه پذیرش از تمام متقاضیان سراسر کشور، با اولویت متقاضیان بومی استان بوشهر | رشته محل های پزشکی و دندان پزشکی دارای تعهد خدمت موضوع مصوبات شورای عالی انقلاب فرهنگی
38633,پزشکی,دانشگاه علوم پزشکی و خدمات بهداشتی درمانی زنجان,شرایط خاص,تعهد خدمت,7,150,دانشگاه علوم پزشکی و خدمات بهداشتی درمانی زنجان - دارای تعهد خدمت یک و نیم برابر طول مدت تحصیل در مناطق مورد نیاز دانشگاه علوم پزشکی بوشهر - فاقد خوابگاه | ادامه پذیرش از تمام متقاضیان سراسر کشور، با اولویت متقاضیان بومی استان بوشهر | رشته محل های پزشکی و دندان پزشکی دارای تعهد خدمت موضوع مصوبات شورای عالی انقلاب فرهنگی
38634,پزشکی,دانشگاه علوم پزشکی و خدمات بهداشتی درمانی سبزوار,شرایط خاص,تعهد خدمت,2,150,دانشگاه علوم پزشکی و خدمات بهداشتی درمانی سبزوار - دارای تعهد خدمت یک و نیم برابر طول مدت تحصیل در مناطق مورد نیاز دانشگاه علوم پزشکی بوشهر - عدم تعهد در واگذاری خوابگاه | ادامه پذیرش از تمام متقاضیان سراسر کشور، با اولویت متقاضیان بومی استان بوشهر | رشته محل های پزشکی و دندان پزشکی دارای تعهد خدمت موضوع مصوبات شورای عالی انقلاب فرهنگی
38635,پزشکی,دانشگاه علوم پزشکی و خدمات بهداشتی درمانی سمنان,شرایط خاص,تعهد خدمت,1,150,دانشگاه علوم پزشکی و خدمات بهداشتی درمانی سمنان - دارای تعهد خدمت یک و نیم برابر طول مدت تحصیل در مناطق مورد نیاز دانشگاه علوم پزشکی بوشهر - کارآموزی و کارورزی دانشجویان می تواند در هر یک از مراکز درمانی یا بهداشتی زیرمجموعه دانشگاه برنامه ریزی و اجرا گردد . - محدودیت در ارائه خوابگاه | ادامه پذیرش از تمام متقاضیان سراسر کشور، با اولویت متقاضیان بومی استان بوشهر | رشته محل های پزشکی و دندان پزشکی دارای تعهد خدمت موضوع مصوبات شورای عالی انقلاب فرهنگی
38636,پزشکی,دانشگاه علوم پزشکی و خدمات بهداشتی درمانی شاهرود,شرایط خاص,تعهد خدمت,1,150,دانشگاه علوم پزشکی و خدمات بهداشتی درمانی شاهرود - دارای تعهد خدمت یک و نیم برابر طول مدت تحصیل در مناطق مورد نیاز دانشگاه علوم پزشکی بوشهر - محدودیت در ارائه خوابگاه | ادامه پذیرش از تمام متقاضیان سراسر کشور، با اولویت متقاضیان بومی استان بوشهر | رشته محل های پزشکی و دندان پزشکی دارای تعهد خدمت موضوع مصوبات شورای عالی انقلاب فرهنگی
38637,پزشکی,دانشگاه علوم پزشکی و خدمات بهداشتی درمانی شهرکرد,شرایط خاص,تعهد خدمت,10,150,دانشگاه علوم پزشکی و خدمات بهداشتی درمانی شهرکرد - دارای تعهد خدمت یک و نیم برابر طول مدت تحصیل در مناطق مورد نیاز دانشگاه علوم پزشکی بوشهر - عدم تعهد در واگذاری خوابگاه | ادامه پذیرش از تمام متقاضیان سراسر کشور، با اولویت متقاضیان بومی استان بوشهر | رشته محل های پزشکی و دندان پزشکی دارای تعهد خدمت موضوع مصوبات شورای عالی انقلاب فرهنگی
38638,پزشکی,دانشگاه علوم پزشکی و خدمات بهداشتی درمانی شهید بهشتی - تهران,شرایط خاص,تعهد خدمت,5,150,دانشگاه علوم پزشکی و خدمات بهداشتی درمانی شهید بهشتی - تهران - دارای تعهد خدمت یک و نیم برابر طول مدت تحصیل در مناطق مورد نیاز دانشگاه علوم پزشکی بوشهر | ادامه پذیرش از تمام متقاضیان سراسر کشور، با اولویت متقاضیان بومی استان بوشهر | رشته محل های پزشکی و دندان پزشکی دارای تعهد خدمت موضوع مصوبات شورای عالی انقلاب فرهنگی
38639,پزشکی,دانشگاه علوم پزشکی و خدمات بهداشتی درمانی شیراز,شرایط خاص,تعهد خدمت,14,150,دانشگاه علوم پزشکی و خدمات بهداشتی درمانی شیراز - دارای تعهد خدمت یک و نیم برابر طول مدت تحصیل در مناطق مورد نیاز دانشگاه علوم پزشکی بوشهر - محدودیت در ارائه خوابگاه | ادامه پذیرش از تمام متقاضیان سراسر کشور، با اولویت متقاضیان بومی استان بوشهر | رشته محل های پزشکی و دندان پزشکی دارای تعهد خدمت موضوع مصوبات شورای عالی انقلاب فرهنگی
38640,پزشکی,دانشگاه علوم پزشکی و خدمات بهداشتی درمانی فسا,شرایط خاص,تعهد خدمت,5,150,دانشگاه علوم پزشکی و خدمات بهداشتی درمانی فسا - دارای تعهد خدمت یک و نیم برابر طول مدت تحصیل در مناطق مورد نیاز دانشگاه علوم پزشکی بوشهر - سال اول معرفی به خوابگاه خودگردان | ادامه پذیرش از تمام متقاضیان سراسر کشور، با اولویت متقاضیان بومی استان بوشهر | رشته محل های پزشکی و دندان پزشکی دارای تعهد خدمت موضوع مصوبات شورای عالی انقلاب فرهنگی
38641,پزشکی,دانشگاه علوم پزشکی و خدمات بهداشتی درمانی قزوین,شرایط خاص,تعهد خدمت,7,151,دانشگاه علوم پزشکی و خدمات بهداشتی درمانی قزوین - دارای تعهد خدمت یک و نیم برابر طول مدت تحصیل در مناطق مورد نیاز دانشگاه علوم پزشکی بوشهر - عدم تعهد در واگذاری خوابگاه | ادامه پذیرش از تمام متقاضیان سراسر کشور، با اولویت متقاضیان بومی استان بوشهر | رشته محل های پزشکی و دندان پزشکی دارای تعهد خدمت موضوع مصوبات شورای عالی انقلاب فرهنگی
38642,پزشکی,دانشگاه علوم پزشکی و خدمات بهداشتی درمانی قم,شرایط خاص,تعهد خدمت,3,151,دانشگاه علوم پزشکی و خدمات بهداشتی درمانی قم - دارای تعهد خدمت یک و نیم برابر طول مدت تحصیل در مناطق مورد نیاز دانشگاه علوم پزشکی بوشهر - عدم تعهد در واگذاری خوابگاه | ادامه پذیرش از تمام متقاضیان سراسر کشور، با اولویت متقاضیان بومی استان بوشهر | رشته محل های پزشکی و دندان پزشکی دارای تعهد خدمت موضوع مصوبات شورای عالی انقلاب فرهنگی
38643,پزشکی,دانشگاه علوم پزشکی و خدمات بهداشتی درمانی کاشان,شرایط خاص,تعهد خدمت,5,151,دانشگاه علوم پزشکی و خدمات بهداشتی درمانی کاشان - دارای تعهد خدمت یک و نیم برابر طول مدت تحصیل در مناطق مورد نیاز دانشگاه علوم پزشکی بوشهر - عدم تعهد در واگذاری خوابگاه | ادامه پذیرش از تمام متقاضیان سراسر کشور، با اولویت متقاضیان بومی استان بوشهر | رشته محل های پزشکی و دندان پزشکی دارای تعهد خدمت موضوع مصوبات شورای عالی انقلاب فرهنگی
38644,پزشکی,دانشگاه علوم پزشکی و خدمات بهداشتی درمانی کرمان,شرایط خاص,تعهد خدمت,3,151,دانشگاه علوم پزشکی و خدمات بهداشتی درمانی کرمان - دارای تعهد خدمت یک و نیم برابر طول مدت تحصیل در مناطق مورد نیاز دانشگاه علوم پزشکی بوشهر - فاقد خوابگاه | ادامه پذیرش از تمام متقاضیان سراسر کشور، با اولویت متقاضیان بومی استان بوشهر | رشته محل های پزشکی و دندان پزشکی دارای تعهد خدمت موضوع مصوبات شورای عالی انقلاب فرهنگی
38645,پزشکی,دانشگاه علوم پزشکی و خدمات بهداشتی درمانی کرمانشاه,شرایط خاص,تعهد خدمت,12,151,دانشگاه علوم پزشکی و خدمات بهداشتی درمانی کرمانشاه - دارای تعهد خدمت یک و نیم برابر طول مدت تحصیل در مناطق مورد نیاز دانشگاه علوم پزشکی بوشهر - عدم تعهد در واگذاری خوابگاه | ادامه پذیرش از تمام متقاضیان سراسر کشور، با اولویت متقاضیان بومی استان بوشهر | رشته محل های پزشکی و دندان پزشکی دارای تعهد خدمت موضوع مصوبات شورای عالی انقلاب فرهنگی
38646,پزشکی,دانشگاه علوم پزشکی و خدمات بهداشتی درمانی گیالن - رشت,شرایط خاص,تعهد خدمت,3,151,دانشگاه علوم پزشکی و خدمات بهداشتی درمانی گیالن - رشت - دارای تعهد خدمت یک و نیم برابر طول مدت تحصیل در مناطق مورد نیاز دانشگاه علوم پزشکی بوشهر - فاقد خوابگاه | ادامه پذیرش از تمام متقاضیان سراسر کشور، با اولویت متقاضیان بومی استان بوشهر | رشته محل های پزشکی و دندان پزشکی دارای تعهد خدمت موضوع مصوبات شورای عالی انقلاب فرهنگی
38647,پزشکی,دانشگاه علوم پزشکی و خدمات بهداشتی درمانی لرستان,شرایط خاص,تعهد خدمت,8,151,دانشگاه علوم پزشکی و خدمات بهداشتی درمانی لرستان - خرم آباد ( محل تحصیل دانش کده پزشکی خرم آباد ) - دارای تعهد خدمت یک و نیم برابر طول مدت تحصیل در مناطق مورد نیاز دانشگاه علوم پزشکی بوشهر - محدودیت در ارائه خوابگاه | ادامه پذیرش از تمام متقاضیان سراسر کشور، با اولویت متقاضیان بومی استان بوشهر | رشته محل های پزشکی و دندان پزشکی دارای تعهد خدمت موضوع مصوبات شورای عالی انقلاب فرهنگی
38648,پزشکی,دانشگاه علوم پزشکی و خدمات بهداشتی درمانی همدان,شرایط خاص,تعهد خدمت,7,151,دانشگاه علوم پزشکی و خدمات بهداشتی درمانی همدان - دارای تعهد خدمت یک و نیم برابر طول مدت تحصیل در مناطق مورد نیاز دانشگاه علوم پزشکی بوشهر - سال اول خوابگاه خودگردان، خوابگاه از سال دوم ملکی | ادامه پذیرش از تمام متقاضیان سراسر کشور، با اولویت متقاضیان بومی استان بوشهر | رشته محل های پزشکی و دندان پزشکی دارای تعهد خدمت موضوع مصوبات شورای عالی انقلاب فرهنگی
38649,پزشکی,دانشگاه علوم پزشکی و خدمات بهداشتی درمانی یاسوج,شرایط خاص,تعهد خدمت,6,151,دانشگاه علوم پزشکی و خدمات بهداشتی درمانی یاسوج - دارای تعهد خدمت یک و نیم برابر طول مدت تحصیل در مناطق مورد نیاز دانشگاه علوم پزشکی بوشهر - فاقد خوابگاه | ادامه پذیرش از تمام متقاضیان سراسر کشور، با اولویت متقاضیان بومی استان بوشهر | رشته محل های پزشکی و دندان پزشکی دارای تعهد خدمت موضوع مصوبات شورای عالی انقلاب فرهنگی
38650,پزشکی,دانشگاه علوم پزشکی و خدمات بهداشتی درمانی یزد,شرایط خاص,تعهد خدمت,5,151,دانشگاه علوم پزشکی و خدمات بهداشتی درمانی یزد - دارای تعهد خدمت یک و نیم برابر طول مدت تحصیل در مناطق مورد نیاز دانشگاه علوم پزشکی بوشهر - عدم تعهد در واگذاری خوابگاه | ادامه پذیرش از تمام متقاضیان سراسر کشور، با اولویت متقاضیان بومی استان بوشهر | رشته محل های پزشکی و دندان پزشکی دارای تعهد خدمت موضوع مصوبات شورای عالی انقلاب فرهنگی
38651,پزشکی,دانشگاه علوم پزشکی و خدمات بهداشتی درمانی آبادان,شرایط خاص,تعهد خدمت,7,151,دانشگاه علوم پزشکی و خدمات بهداشتی درمانی آبادان - دارای تعهد خدمت یک و نیم برابر طول مدت تحصیل در مناطق مورد نیاز دانشگاه علوم پزشکی بوشهر - ممنوعیت نقل و انتقال - عدم تعهد در واگذاری خوابگاه | ادامه پذیرش از تمام متقاضیان سراسر کشور، با اولویت متقاضیان بومی استان بوشهر | رشته محل های پزشکی و دندان پزشکی دارای تعهد خدمت موضوع مصوبات شورای عالی انقلاب فرهنگی
38652,دندانپزشکی,دانشگاه علوم پزشکی و خدمات بهداشتی درمانی ایالم,شرایط خاص,تعهد خدمت,5,151,دانشگاه علوم پزشکی و خدمات بهداشتی درمانی ایالم - دارای تعهد خدمت یک و نیم برابر طول مدت تحصیل در مناطق مورد نیاز دانشگاه علوم پزشکی بوشهر - عدم تعهد در واگذاری خوابگاه | ادامه پذیرش از تمام متقاضیان سراسر کشور، با اولویت متقاضیان بومی استان بوشهر | رشته محل های پزشکی و دندان پزشکی دارای تعهد خدمت موضوع مصوبات شورای عالی انقلاب فرهنگی
38653,دندانپزشکی,دانشگاه علوم پزشکی و خدمات بهداشتی درمانی بوشهر,شرایط خاص,تعهد خدمت,12,151,دانشگاه علوم پزشکی و خدمات بهداشتی درمانی بوشهر - دارای تعهد خدمت یک و نیم برابر طول مدت تحصیل در مناطق مورد نیاز دانشگاه علوم پزشکی بوشهر - فاقد خوابگاه | ادامه پذیرش از تمام متقاضیان سراسر کشور، با اولویت متقاضیان بومی استان بوشهر | رشته محل های پزشکی و دندان پزشکی دارای تعهد خدمت موضوع مصوبات شورای عالی انقلاب فرهنگی
38654,دندانپزشکی,دانشگاه علوم پزشکی و خدمات بهداشتی درمانی تهران,شرایط خاص,تعهد خدمت,1,151,دانشگاه علوم پزشکی و خدمات بهداشتی درمانی تهران - دارای تعهد خدمت یک و نیم برابر طول مدت تحصیل در مناطق مورد نیاز دانشگاه علوم پزشکی بوشهر - دارای خوابگاه ملکی | ادامه پذیرش از تمام متقاضیان سراسر کشور، با اولویت متقاضیان بومی استان بوشهر | رشته محل های پزشکی و دندان پزشکی دارای تعهد خدمت موضوع مصوبات شورای عالی انقلاب فرهنگی
38655,دندانپزشکی,دانشگاه علوم پزشکی و خدمات بهداشتی درمانی شهید بهشتی - تهران,شرایط خاص,تعهد خدمت,2,152,دانشگاه علوم پزشکی و خدمات بهداشتی درمانی شهید بهشتی - تهران - دارای تعهد خدمت یک و نیم برابر طول مدت تحصیل در مناطق مورد نیاز دانشگاه علوم پزشکی بوشهر | ادامه پذیرش از تمام متقاضیان سراسر کشور، با اولویت متقاضیان بومی استان بوشهر | رشته محل های پزشکی و دندان پزشکی دارای تعهد خدمت موضوع مصوبات شورای عالی انقلاب فرهنگی
38656,دندانپزشکی,دانشگاه علوم پزشکی و خدمات بهداشتی درمانی کرمان,شرایط خاص,تعهد خدمت,1,152,دانشگاه علوم پزشکی و خدمات بهداشتی درمانی کرمان - دارای تعهد خدمت یک و نیم برابر طول مدت تحصیل در مناطق مورد نیاز دانشگاه علوم پزشکی بوشهر - فاقد خوابگاه | ادامه پذیرش از تمام متقاضیان سراسر کشور، با اولویت متقاضیان بومی استان بوشهر | رشته محل های پزشکی و دندان پزشکی دارای تعهد خدمت موضوع مصوبات شورای عالی انقلاب فرهنگی
38657,دندانپزشکی,دانشگاه علوم پزشکی و خدمات بهداشتی درمانی کرمانشاه,شرایط خاص,تعهد خدمت,4,152,دانشگاه علوم پزشکی و خدمات بهداشتی درمانی کرمانشاه - دارای تعهد خدمت یک و نیم برابر طول مدت تحصیل در مناطق مورد نیاز دانشگاه علوم پزشکی بوشهر - عدم تعهد در واگذاری خوابگاه | ادامه پذیرش از تمام متقاضیان سراسر کشور، با اولویت متقاضیان بومی استان بوشهر | رشته محل های پزشکی و دندان پزشکی دارای تعهد خدمت موضوع مصوبات شورای عالی انقلاب فرهنگی
38658,دندانپزشکی,دانشگاه علوم پزشکی و خدمات بهداشتی درمانی گیالن - رشت ( محل تحصیل دانش کده دندانپزشکی ),شرایط خاص,تعهد خدمت,1,152,دانشگاه علوم پزشکی و خدمات بهداشتی درمانی گیالن - رشت ( محل تحصیل دانش کده دندانپزشکی ) - دارای تعهد خدمت یک و نیم برابر طول مدت تحصیل در مناطق مورد نیاز دانشگاه علوم پزشکی بوشهر - فاقد خوابگاه | ادامه پذیرش از تمام متقاضیان سراسر کشور، با اولویت متقاضیان بومی استان بوشهر | رشته محل های پزشکی و دندان پزشکی دارای تعهد خدمت موضوع مصوبات شورای عالی انقلاب فرهنگی
38659,پزشکی,دانشگاه علوم پزشکی و خدمات بهداشتی درمانی ایران,شرایط خاص,تعهد خدمت,40,152,دانشگاه علوم پزشکی و خدمات بهداشتی درمانی ایران - دارای تعهد خدمت یک و نیم برابر طول مدت تحصیل در مناطق مورد نیاز دانشگاه علوم پزشکی ایران - محدودیت در ارائه خوابگاه | پذیرش از تمام متقاضیان سراسر کشور، با اولویت متقاضیان بومی استان تهران | رشته محل های پزشکی و دندان پزشکی دارای تعهد خدمت موضوع مصوبات شورای عالی انقلاب فرهنگی
38660,پزشکی,دانشگاه علوم پزشکی و خدمات بهداشتی درمانی ایران,شرایط خاص,تعهد خدمت,40,152,دانشگاه علوم پزشکی و خدمات بهداشتی درمانی ایران - دارای تعهد خدمت یک و نیم برابر طول مدت تحصیل در مناطق مورد نیاز دانشگاه علوم پزشکی ایران - محدودیت در ارائه خوابگاه | پذیرش از تمام متقاضیان سراسر کشور، با اولویت متقاضیان بومی استان تهران دانشگاه علوم پزشکی و خدمات بهداشتی درمانی ایران- دارای مرد زن - 40 دکتری عمومی پزشکی 38659 با آزمون تعهد خدمت یک و نیم برابر طول مدت تحصیل در مناطق مورد نیاز دانشگاه علوم پزشکی ایران- محدودیت در ارائه خوابگاه | رشته محل های پزشکی و دندان پزشکی دارای تعهد خدمت موضوع مصوبات شورای عالی انقلاب فرهنگی
38661,پزشکی,دانشگاه علوم پزشکی و خدمات بهداشتی درمانی تهران,شرایط خاص,تعهد خدمت,10,152,دانشگاه علوم پزشکی و خدمات بهداشتی درمانی تهران - دارای تعهد خدمت یک و نیم برابر طول مدت تحصیل در مناطق مورد نیاز دانشگاه علوم پزشکی تهران - دارای خوابگاه ملکی | پذیرش از تمام متقاضیان سراسر کشور، با اولویت متقاضیان بومی استان تهران دانشگاه علوم پزشکی و خدمات بهداشتی درمانی ایران- دارای مرد زن - 40 دکتری عمومی پزشکی 38659 با آزمون تعهد خدمت یک و نیم برابر طول مدت تحصیل در مناطق مورد نیاز دانشگاه علوم پزشکی ایران- محدودیت در ارائه خوابگاه دانشگاه علوم پزشکی و خدمات بهداشتی درمانی ایران- دارای مرد زن 40 - دکتری عمومی پزشکی 38660 با آزمون تعهد خدمت یک و نیم برابر طول مدت تحصیل در مناطق مورد نیاز دانشگاه علوم پزشکی ایران- محدودیت در ارائه خوابگاه | رشته محل های پزشکی و دندان پزشکی دارای تعهد خدمت موضوع مصوبات شورای عالی انقلاب فرهنگی
38662,پزشکی,دانشگاه علوم پزشکی و خدمات بهداشتی درمانی شهید بهشتی - تهران,شرایط خاص,تعهد خدمت,9,152,دانشگاه علوم پزشکی و خدمات بهداشتی درمانی شهید بهشتی - تهران - دارای تعهد خدمت یک و نیم برابر طول دوره تحصیل در مناطق مورد نیاز دانشگاه علوم پزشکی شهید بهشتی | پذیرش از تمام متقاضیان سراسر کشور، با اولویت متقاضیان بومی استان تهران دانشگاه علوم پزشکی و خدمات بهداشتی درمانی ایران- دارای مرد زن - 40 دکتری عمومی پزشکی 38659 با آزمون تعهد خدمت یک و نیم برابر طول مدت تحصیل در مناطق مورد نیاز دانشگاه علوم پزشکی ایران- محدودیت در ارائه خوابگاه دانشگاه علوم پزشکی و خدمات بهداشتی درمانی ایران- دارای مرد زن 40 - دکتری عمومی پزشکی 38660 با آزمون تعهد خدمت یک و نیم برابر طول مدت تحصیل در مناطق مورد نیاز دانشگاه علوم پزشکی ایران- محدودیت در ارائه خوابگاه دانشگاه علوم پزشکی و خدمات بهداشتی درمانی تهران- دارای مرد زن 10 - دکتری عمومی پزشکی 38661 با آزمون تعهد خدمت یک و نیم برابر طول مدت تحصیل در مناطق مورد نیاز دانشگاه علوم پزشکی تهران- دارای خوابگاه ملکی | رشته محل های پزشکی و دندان پزشکی دارای تعهد خدمت موضوع مصوبات شورای عالی انقلاب فرهنگی
38663,پزشکی,دانشگاه علوم پزشکی و خدمات بهداشتی درمانی شهید بهشتی - تهران,شرایط خاص,تعهد خدمت,9,152,دانشگاه علوم پزشکی و خدمات بهداشتی درمانی شهید بهشتی - تهران - دارای تعهد خدمت یک و نیم برابر طول دوره تحصیل در مناطق مورد نیاز دانشگاه علوم پزشکی شهید بهشتی | پذیرش از تمام متقاضیان سراسر کشور، با اولویت متقاضیان بومی استان تهران دانشگاه علوم پزشکی و خدمات بهداشتی درمانی ایران- دارای مرد زن - 40 دکتری عمومی پزشکی 38659 با آزمون تعهد خدمت یک و نیم برابر طول مدت تحصیل در مناطق مورد نیاز دانشگاه علوم پزشکی ایران- محدودیت در ارائه خوابگاه دانشگاه علوم پزشکی و خدمات بهداشتی درمانی ایران- دارای مرد زن 40 - دکتری عمومی پزشکی 38660 با آزمون تعهد خدمت یک و نیم برابر طول مدت تحصیل در مناطق مورد نیاز دانشگاه علوم پزشکی ایران- محدودیت در ارائه خوابگاه دانشگاه علوم پزشکی و خدمات بهداشتی درمانی تهران- دارای مرد زن 10 - دکتری عمومی پزشکی 38661 با آزمون تعهد خدمت یک و نیم برابر طول مدت تحصیل در مناطق مورد نیاز دانشگاه علوم پزشکی تهران- دارای خوابگاه ملکی دانشگاه علوم پزشکی و خدمات بهداشتی درمانی شهید بهشتی- مرد زن - 9 دکتری عمومی پزشکی 38662 با آزمون تهران- دارای تعهد خدمت یک و نیم برابر طول دوره تحصیل در مناطق مورد نیاز دانشگاه علوم پزشکی شهید بهشتی | رشته محل های پزشکی و دندان پزشکی دارای تعهد خدمت موضوع مصوبات شورای عالی انقلاب فرهنگی
38664,دندانپزشکی,دانشگاه علوم پزشکی و خدمات بهداشتی درمانی تهران,شرایط خاص,تعهد خدمت,7,152,دانشگاه علوم پزشکی و خدمات بهداشتی درمانی تهران - دارای تعهد خدمت یک و نیم برابر طول مدت تحصیل در مناطق مورد نیاز دانشگاه علوم پزشکی تهران - دارای خوابگاه ملکی | پذیرش از تمام متقاضیان سراسر کشور، با اولویت متقاضیان بومی استان تهران دانشگاه علوم پزشکی و خدمات بهداشتی درمانی ایران- دارای مرد زن - 40 دکتری عمومی پزشکی 38659 با آزمون تعهد خدمت یک و نیم برابر طول مدت تحصیل در مناطق مورد نیاز دانشگاه علوم پزشکی ایران- محدودیت در ارائه خوابگاه دانشگاه علوم پزشکی و خدمات بهداشتی درمانی ایران- دارای مرد زن 40 - دکتری عمومی پزشکی 38660 با آزمون تعهد خدمت یک و نیم برابر طول مدت تحصیل در مناطق مورد نیاز دانشگاه علوم پزشکی ایران- محدودیت در ارائه خوابگاه دانشگاه علوم پزشکی و خدمات بهداشتی درمانی تهران- دارای مرد زن 10 - دکتری عمومی پزشکی 38661 با آزمون تعهد خدمت یک و نیم برابر طول مدت تحصیل در مناطق مورد نیاز دانشگاه علوم پزشکی تهران- دارای خوابگاه ملکی دانشگاه علوم پزشکی و خدمات بهداشتی درمانی شهید بهشتی- مرد زن - 9 دکتری عمومی پزشکی 38662 با آزمون تهران- دارای تعهد خدمت یک و نیم برابر طول دوره تحصیل در مناطق مورد نیاز دانشگاه علوم پزشکی شهید بهشتی دانشگاه علوم پزشکی و خدمات بهداشتی درمانی شهید بهشتی- مرد زن 9 - دکتری عمومی پزشکی 38663 با آزمون تهران- دارای تعهد خدمت یک و نیم برابر طول دوره تحصیل در مناطق مورد نیاز دانشگاه علوم پزشکی شهید بهشتی | رشته محل های پزشکی و دندان پزشکی دارای تعهد خدمت موضوع مصوبات شورای عالی انقلاب فرهنگی
38665,دندانپزشکی,دانشگاه علوم پزشکی و خدمات بهداشتی درمانی شهید بهشتی - تهران,شرایط خاص,تعهد خدمت,6,152,دانشگاه علوم پزشکی و خدمات بهداشتی درمانی شهید بهشتی - تهران - دارای تعهد خدمت یک و نیم برابر طول مدت تحصیل در مناطق مورد نیاز دانشگاه علوم پزشکی شهید بهشتی | پذیرش از تمام متقاضیان سراسر کشور، با اولویت متقاضیان بومی استان تهران دانشگاه علوم پزشکی و خدمات بهداشتی درمانی ایران- دارای مرد زن - 40 دکتری عمومی پزشکی 38659 با آزمون تعهد خدمت یک و نیم برابر طول مدت تحصیل در مناطق مورد نیاز دانشگاه علوم پزشکی ایران- محدودیت در ارائه خوابگاه دانشگاه علوم پزشکی و خدمات بهداشتی درمانی ایران- دارای مرد زن 40 - دکتری عمومی پزشکی 38660 با آزمون تعهد خدمت یک و نیم برابر طول مدت تحصیل در مناطق مورد نیاز دانشگاه علوم پزشکی ایران- محدودیت در ارائه خوابگاه دانشگاه علوم پزشکی و خدمات بهداشتی درمانی تهران- دارای مرد زن 10 - دکتری عمومی پزشکی 38661 با آزمون تعهد خدمت یک و نیم برابر طول مدت تحصیل در مناطق مورد نیاز دانشگاه علوم پزشکی تهران- دارای خوابگاه ملکی دانشگاه علوم پزشکی و خدمات بهداشتی درمانی شهید بهشتی- مرد زن - 9 دکتری عمومی پزشکی 38662 با آزمون تهران- دارای تعهد خدمت یک و نیم برابر طول دوره تحصیل در مناطق مورد نیاز دانشگاه علوم پزشکی شهید بهشتی دانشگاه علوم پزشکی و خدمات بهداشتی درمانی شهید بهشتی- مرد زن 9 - دکتری عمومی پزشکی 38663 با آزمون تهران- دارای تعهد خدمت یک و نیم برابر طول دوره تحصیل در مناطق مورد نیاز دانشگاه علوم پزشکی شهید بهشتی دانشگاه علوم پزشکی و خدمات بهداشتی درمانی تهران- دارای مرد زن - 7 دکتری عمومی دندانپزشکی 38664 با آزمون تعهد خدمت یک و نیم برابر طول مدت تحصیل در مناطق مورد نیاز دانشگاه علوم پزشکی تهران- دارای خوابگاه ملکی | رشته محل های پزشکی و دندان پزشکی دارای تعهد خدمت موضوع مصوبات شورای عالی انقلاب فرهنگی
38666,پزشکی,دانشگاه علوم پزشکی و خدمات بهداشتی درمانی شهرکرد,شرایط خاص,تعهد خدمت,10,152,دانشگاه علوم پزشکی و خدمات بهداشتی درمانی شهرکرد - دارای تعهد خدمت یک و نیم برابر طول دوره تحصیل در مناطق مورد نیاز دانشگاه علوم پزشکی شهرکرد - عدم تعهد در واگذاری خوابگاه | پذیرش از تمام متقاضیان سراسر کشور، با اولویت متقاضیان بومی استان چهارمحال و بختیاری | رشته محل های پزشکی و دندان پزشکی دارای تعهد خدمت موضوع مصوبات شورای عالی انقلاب فرهنگی
38667,پزشکی,دانشگاه علوم پزشکی و خدمات بهداشتی درمانی شهرکرد,شرایط خاص,تعهد خدمت,10,152,دانشگاه علوم پزشکی و خدمات بهداشتی درمانی شهرکرد - دارای تعهد خدمت یک و نیم برابر طول مدت تحصیل در مناطق مورد نیاز دانشگاه علوم پزشکی شهرکرد - عدم تعهد در واگذاری خوابگاه | پذیرش از تمام متقاضیان سراسر کشور، با اولویت متقاضیان بومی استان چهارمحال و بختیاری دانشگاه علوم پزشکی و خدمات بهداشتی درمانی شهرکرد- دارای مرد زن 10 - دکتری عمومی پزشکی 38666 با آزمون تعهد خدمت یک و نیم برابر طول دوره تحصیل در مناطق مورد نیاز دانشگاه علوم پزشکی شهرکرد- عدم تعهد در واگذاری خوابگاه | رشته محل های پزشکی و دندان پزشکی دارای تعهد خدمت موضوع مصوبات شورای عالی انقلاب فرهنگی
38668,پزشکی,دانشگاه علوم پزشکی و خدمات بهداشتی درمانی بیرجند,شرایط خاص,تعهد خدمت,21,153,دانشگاه علوم پزشکی و خدمات بهداشتی درمانی بیرجند - دارای تعهد خدمت یک و نیم برابر طول دوره تحصیل در مناطق موردنیاز دانشگاه علوم پزشکی و خدمات بهداشتی درمانی بیرجند - عدم تعهد در واگذاری خوابگاه | پذیرش از تمام متقاضیان سراسر کشور، با اولویت متقاضیان بومی استان خراسان جنوبی | رشته محل های پزشکی و دندان پزشکی دارای تعهد خدمت موضوع مصوبات شورای عالی انقلاب فرهنگی
38669,دندانپزشکی,دانشگاه علوم پزشکی و خدمات بهداشتی درمانی بیرجند,شرایط خاص,تعهد خدمت,12,153,دانشگاه علوم پزشکی و خدمات بهداشتی درمانی بیرجند - دارای تعهد خدمت یک و نیم برابر طول مدت تحصیل در مناطق مورد نیاز دانشگاه علوم پزشکی بیرجند - عدم تعهد در واگذاری خوابگاه | پذیرش از تمام متقاضیان سراسر کشور، با اولویت متقاضیان بومی استان خراسان جنوبی | رشته محل های پزشکی و دندان پزشکی دارای تعهد خدمت موضوع مصوبات شورای عالی انقلاب فرهنگی
38670,پزشکی,دانشگاه علوم پزشکی و خدمات بهداشتی درمانی تربت حیدریه,شرایط خاص,تعهد خدمت,4,153,دانشگاه علوم پزشکی و خدمات بهداشتی درمانی تربت حیدریه - دارای تعهد خدمت یک و نیم برابر طول مدت تحصیل در مناطق مورد نیاز دانشگاه علوم پزشکی تربت حی د ریه - محدودیت در ارائه خوابگاه | پذیرش از تمام متقاضیان سراسر کشور، با اولویت متقاضیان بومی استان خراسان رضوی | رشته محل های پزشکی و دندان پزشکی دارای تعهد خدمت موضوع مصوبات شورای عالی انقلاب فرهنگی
38671,پزشکی,دانشگاه علوم پزشکی و خدمات بهداشتی درمانی سبزوار,شرایط خاص,تعهد خدمت,23,153,دانشگاه علوم پزشکی و خدمات بهداشتی درمانی سبزوار - دارای تعهد خدمت یک و نیم برابر طول مدت تحصیل در مناطق مورد نیاز دانشگاه علوم پزشکی سبزوار - عدم تعهد در واگذاری خوابگاه | پذیرش از تمام متقاضیان سراسر کشور، با اولویت متقاضیان بومی استان خراسان رضوی دانشگاه علوم پزشکی و خدمات بهداشتی درمانی تربت حیدریه- دارای تعهد خدمت یک و نیم برابر طول مدت تحصیل در مناطق مرد زن - 4 دکتری عمومی پزشکی 38670 با آزمون مورد نیاز دانشگاه علوم پزشکی تربت حی د ریه- محدودیت در ارائه خوابگاه | رشته محل های پزشکی و دندان پزشکی دارای تعهد خدمت موضوع مصوبات شورای عالی انقلاب فرهنگی
38672,پزشکی,دانشگاه علوم پزشکی و خدمات بهداشتی درمانی گناباد,شرایط خاص,تعهد خدمت,13,153,دانشگاه علوم پزشکی و خدمات بهداشتی درمانی گناباد - دارای تعهد خدمت یک و نیم برابر طول دوره تحصیل در مناطق مورد نیاز دانشگاه علوم پزشکی گناباد - محدودیت در ارائه خوابگاه | پذیرش از تمام متقاضیان سراسر کشور، با اولویت متقاضیان بومی استان خراسان رضوی دانشگاه علوم پزشکی و خدمات بهداشتی درمانی تربت حیدریه- دارای تعهد خدمت یک و نیم برابر طول مدت تحصیل در مناطق مرد زن - 4 دکتری عمومی پزشکی 38670 با آزمون مورد نیاز دانشگاه علوم پزشکی تربت حی د ریه- محدودیت در ارائه خوابگاه دانشگاه علوم پزشکی و خدمات بهداشتی درمانی سبزوار- دارای مرد زن 23 - دکتری عمومی پزشکی 38671 با آزمون تعهد خدمت یک و نیم برابر طول مدت تحصیل در مناطق مورد نیاز دانشگاه علوم پزشکی سبزوار- عدم تعهد در واگذاری خوابگاه | رشته محل های پزشکی و دندان پزشکی دارای تعهد خدمت موضوع مصوبات شورای عالی انقلاب فرهنگی
38673,پزشکی,دانشگاه علوم پزشکی و خدمات بهداشتی درمانی گناباد,شرایط خاص,تعهد خدمت,12,153,دانشگاه علوم پزشکی و خدمات بهداشتی درمانی گناباد - دارای تعهد خدمت یک و نیم برابر طول دوره تحصیل در مناطق مورد نیاز دانشگاه علوم پزشکی گناباد - محدودیت در ارائه خوابگاه | پذیرش از تمام متقاضیان سراسر کشور، با اولویت متقاضیان بومی استان خراسان رضوی دانشگاه علوم پزشکی و خدمات بهداشتی درمانی تربت حیدریه- دارای تعهد خدمت یک و نیم برابر طول مدت تحصیل در مناطق مرد زن - 4 دکتری عمومی پزشکی 38670 با آزمون مورد نیاز دانشگاه علوم پزشکی تربت حی د ریه- محدودیت در ارائه خوابگاه دانشگاه علوم پزشکی و خدمات بهداشتی درمانی سبزوار- دارای مرد زن 23 - دکتری عمومی پزشکی 38671 با آزمون تعهد خدمت یک و نیم برابر طول مدت تحصیل در مناطق مورد نیاز دانشگاه علوم پزشکی سبزوار- عدم تعهد در واگذاری خوابگاه دانشگاه علوم پزشکی و خدمات بهداشتی درمانی گناباد- دارای مرد زن - 13 دکتری عمومی پزشکی 38672 با آزمون تعهد خدمت یک و نیم برابر طول دوره تحصیل در مناطق مورد نیاز دانشگاه علوم پزشکی گناباد- محدودیت در ارائه خوابگاه | رشته محل های پزشکی و دندان پزشکی دارای تعهد خدمت موضوع مصوبات شورای عالی انقلاب فرهنگی
38674,پزشکی,دانشگاه علوم پزشکی و خدمات بهداشتی درمانی مشهد,شرایط خاص,تعهد خدمت,15,153,دانشگاه علوم پزشکی و خدمات بهداشتی درمانی مشهد - دارای تعهد خدمت یک و نیم برابر طول دوره تحصیل در مناطق مورد نیاز دانشگاه علوم پزشکی مشهد - عدم تعهد در واگذاری خوابگاه | پذیرش از تمام متقاضیان سراسر کشور، با اولویت متقاضیان بومی استان خراسان رضوی دانشگاه علوم پزشکی و خدمات بهداشتی درمانی تربت حیدریه- دارای تعهد خدمت یک و نیم برابر طول مدت تحصیل در مناطق مرد زن - 4 دکتری عمومی پزشکی 38670 با آزمون مورد نیاز دانشگاه علوم پزشکی تربت حی د ریه- محدودیت در ارائه خوابگاه دانشگاه علوم پزشکی و خدمات بهداشتی درمانی سبزوار- دارای مرد زن 23 - دکتری عمومی پزشکی 38671 با آزمون تعهد خدمت یک و نیم برابر طول مدت تحصیل در مناطق مورد نیاز دانشگاه علوم پزشکی سبزوار- عدم تعهد در واگذاری خوابگاه دانشگاه علوم پزشکی و خدمات بهداشتی درمانی گناباد- دارای مرد زن - 13 دکتری عمومی پزشکی 38672 با آزمون تعهد خدمت یک و نیم برابر طول دوره تحصیل در مناطق مورد نیاز دانشگاه علوم پزشکی گناباد- محدودیت در ارائه خوابگاه دانشگاه علوم پزشکی و خدمات بهداشتی درمانی گناباد- دارای مرد زن 12 - دکتری عمومی پزشکی 38673 با آزمون تعهد خدمت یک و نیم برابر طول دوره تحصیل در مناطق مورد نیاز دانشگاه علوم پزشکی گناباد- محدودیت در ارائه خوابگاه | رشته محل های پزشکی و دندان پزشکی دارای تعهد خدمت موضوع مصوبات شورای عالی انقلاب فرهنگی
38675,پزشکی,دانشگاه علوم پزشکی و خدمات بهداشتی درمانی نیشابور,شرایط خاص,تعهد خدمت,8,153,دانشگاه علوم پزشکی و خدمات بهداشتی درمانی نیشابور - دارای تعهد خدمت یک و نیم برابر طول دوره تحصیل در مناطق مورد نیاز دانشگاه علوم پزشکی نیشابور - عدم تعهد در واگذاری خوابگاه | پذیرش از تمام متقاضیان سراسر کشور، با اولویت متقاضیان بومی استان خراسان رضوی دانشگاه علوم پزشکی و خدمات بهداشتی درمانی تربت حیدریه- دارای تعهد خدمت یک و نیم برابر طول مدت تحصیل در مناطق مرد زن - 4 دکتری عمومی پزشکی 38670 با آزمون مورد نیاز دانشگاه علوم پزشکی تربت حی د ریه- محدودیت در ارائه خوابگاه دانشگاه علوم پزشکی و خدمات بهداشتی درمانی سبزوار- دارای مرد زن 23 - دکتری عمومی پزشکی 38671 با آزمون تعهد خدمت یک و نیم برابر طول مدت تحصیل در مناطق مورد نیاز دانشگاه علوم پزشکی سبزوار- عدم تعهد در واگذاری خوابگاه دانشگاه علوم پزشکی و خدمات بهداشتی درمانی گناباد- دارای مرد زن - 13 دکتری عمومی پزشکی 38672 با آزمون تعهد خدمت یک و نیم برابر طول دوره تحصیل در مناطق مورد نیاز دانشگاه علوم پزشکی گناباد- محدودیت در ارائه خوابگاه دانشگاه علوم پزشکی و خدمات بهداشتی درمانی گناباد- دارای مرد زن 12 - دکتری عمومی پزشکی 38673 با آزمون تعهد خدمت یک و نیم برابر طول دوره تحصیل در مناطق مورد نیاز دانشگاه علوم پزشکی گناباد- محدودیت در ارائه خوابگاه دانشگاه علوم پزشکی و خدمات بهداشتی درمانی مشهد- دارای مرد زن 15 - دکتری عمومی پزشکی 38674 با آزمون تعهد خدمت یک و نیم برابر طول دوره تحصیل در مناطق مورد نیاز دانشگاه علوم پزشکی مشهد- عدم تعهد در واگذاری خوابگاه | رشته محل های پزشکی و دندان پزشکی دارای تعهد خدمت موضوع مصوبات شورای عالی انقلاب فرهنگی
38676,دندانپزشکی,دانشگاه علوم پزشکی و خدمات بهداشتی درمانی مشهد,شرایط خاص,تعهد خدمت,1,153,دانشگاه علوم پزشکی و خدمات بهداشتی درمانی مشهد - دارای تعهد خدمت یک و نیم برابر طول مدت تحصیل در مناطق مورد نیاز دانشگاه علوم پزشکی مشهد - عدم تعهد در واگذاری خوابگاه | پذیرش از تمام متقاضیان سراسر کشور، با اولویت متقاضیان بومی استان خراسان رضوی دانشگاه علوم پزشکی و خدمات بهداشتی درمانی تربت حیدریه- دارای تعهد خدمت یک و نیم برابر طول مدت تحصیل در مناطق مرد زن - 4 دکتری عمومی پزشکی 38670 با آزمون مورد نیاز دانشگاه علوم پزشکی تربت حی د ریه- محدودیت در ارائه خوابگاه دانشگاه علوم پزشکی و خدمات بهداشتی درمانی سبزوار- دارای مرد زن 23 - دکتری عمومی پزشکی 38671 با آزمون تعهد خدمت یک و نیم برابر طول مدت تحصیل در مناطق مورد نیاز دانشگاه علوم پزشکی سبزوار- عدم تعهد در واگذاری خوابگاه دانشگاه علوم پزشکی و خدمات بهداشتی درمانی گناباد- دارای مرد زن - 13 دکتری عمومی پزشکی 38672 با آزمون تعهد خدمت یک و نیم برابر طول دوره تحصیل در مناطق مورد نیاز دانشگاه علوم پزشکی گناباد- محدودیت در ارائه خوابگاه دانشگاه علوم پزشکی و خدمات بهداشتی درمانی گناباد- دارای مرد زن 12 - دکتری عمومی پزشکی 38673 با آزمون تعهد خدمت یک و نیم برابر طول دوره تحصیل در مناطق مورد نیاز دانشگاه علوم پزشکی گناباد- محدودیت در ارائه خوابگاه دانشگاه علوم پزشکی و خدمات بهداشتی درمانی مشهد- دارای مرد زن 15 - دکتری عمومی پزشکی 38674 با آزمون تعهد خدمت یک و نیم برابر طول دوره تحصیل در مناطق مورد نیاز دانشگاه علوم پزشکی مشهد- عدم تعهد در واگذاری خوابگاه دانشگاه علوم پزشکی و خدمات بهداشتی درمانی نیشابور- دارای مرد زن - 8 دکتری عمومی پزشکی 38675 با آزمون تعهد خدمت یک و نیم برابر طول دوره تحصیل در مناطق مورد نیاز دانشگاه علوم پزشکی نیشابور- عدم تعهد در واگذاری خوابگاه | رشته محل های پزشکی و دندان پزشکی دارای تعهد خدمت موضوع مصوبات شورای عالی انقلاب فرهنگی
38677,پزشکی,دانشگاه علوم پزشکی و خدمات بهداشتی درمانی بجنورد,شرایط خاص,تعهد خدمت,10,153,دانشگاه علوم پزشکی و خدمات بهداشتی درمانی بجنورد - دارای تعهد خدمت یک و نیم برابر طول مدت تحصیل در مناطق مورد نیاز دانشگاه علوم پزشکی بجنورد - عدم تعهد در واگذاری خوابگاه | پذیرش از تمام متقاضیان سراسر کشور، با اولویت متقاضیان بومی استان خراسان شمالی | رشته محل های پزشکی و دندان پزشکی دارای تعهد خدمت موضوع مصوبات شورای عالی انقلاب فرهنگی
38678,پزشکی,دانشگاه علوم پزشکی و خدمات بهداشتی درمانی بجنورد,شرایط خاص,تعهد خدمت,11,153,دانشگاه علوم پزشکی و خدمات بهداشتی درمانی بجنورد - دارای تعهد خدمت یک و نیم برابر طول مدت تحصیل در مناطق مورد نیاز دانشگاه علوم پزشکی بجنورد - عدم تعهد در واگذاری خوابگاه | پذیرش از تمام متقاضیان سراسر کشور، با اولویت متقاضیان بومی استان خراسان شمالی دانشگاه علوم پزشکی و خدمات بهداشتی درمانی بجنورد- دارای مرد زن - 10 دکتری عمومی پزشکی 38677 با آزمون تعهد خدمت یک و نیم برابر طول مدت تحصیل در مناطق مورد نیاز دانشگاه علوم پزشکی بجنورد- عدم تعهد در واگذاری خوابگاه | رشته محل های پزشکی و دندان پزشکی دارای تعهد خدمت موضوع مصوبات شورای عالی انقلاب فرهنگی
38679,پزشکی,دانشگاه علوم پزشکی و خدمات بهداشتی درمانی جندی شاپور اهواز,شرایط خاص,تعهد خدمت,45,153,دانشگاه علوم پزشکی و خدمات بهداشتی درمانی جندی شاپور اهواز - دارای تعهد خدمت به میزان یک و نیم برابر مدت تحصیل در مناطق مورد نیاز دانشگاه علوم پزشکی جندی شاپور اهواز | پذیرش از تمام متقاضیان سراسر کشور، با اولویت متقاضیان بومی استان خوزستان | رشته محل های پزشکی و دندان پزشکی دارای تعهد خدمت موضوع مصوبات شورای عالی انقلاب فرهنگی
38680,پزشکی,دانشگاه علوم پزشکی و خدمات بهداشتی درمانی جندی شاپور اهواز ( محل تحصیل دانش کده علوم پزشکی بهبهان ),شرایط خاص,تعهد خدمت,7,153,دانشگاه علوم پزشکی و خدمات بهداشتی درمانی جندی شاپور اهواز ( محل تحصیل دانش کده علوم پزشکی بهبهان ) - دارای تعهد خدمت یک و نیم برابر طول دوره تحصیل در مناطق مورد نیاز دانشکده علوم پزشکی بهبهان - ممنوعیت مهمان و انتقال دائم به دانشگاه علوم پزشکی جندی شاپور اهواز | پذیرش از تمام متقاضیان سراسر کشور، با اولویت متقاضیان بومی استان خوزستان دانشگاه علوم پزشکی و خدمات بهداشتی درمانی جندی شاپور اهواز مرد زن 45 - دکتری عمومی پزشکی 38679 با آزمون - دارای تعهد خدمت به میزان یک و نیم برابر مدت تحصیل در مناطق مورد نیاز دانشگاه علوم پزشکی جندی شاپور اهواز | رشته محل های پزشکی و دندان پزشکی دارای تعهد خدمت موضوع مصوبات شورای عالی انقلاب فرهنگی
38681,پزشکی,دانشگاه علوم پزشکی و خدمات بهداشتی درمانی دزفول,شرایط خاص,تعهد خدمت,17,154,دانشگاه علوم پزشکی و خدمات بهداشتی درمانی دزفول - دارای تعهد خدمت یک و نیم برابر طول دوره تحصیل در مناطق مورد نیاز دانشگاه علوم پزشکی دزفول - عدم تعهد در واگذاری خوابگاه | ادامه پذیرش از تمام متقاضیان سراسر کشور، با اولویت متقاضیان بومی استان خوزستان | رشته محل های پزشکی و دندان پزشکی دارای تعهد خدمت موضوع مصوبات شورای عالی انقلاب فرهنگی
38682,پزشکی,دانشگاه علوم پزشکی و خدمات بهداشتی درمانی آبادان,شرایط خاص,تعهد خدمت,20,154,دانشگاه علوم پزشکی و خدمات بهداشتی درمانی آبادان - دارای تعهد یک و نیم برابر طول دوره تحصیل در مناطق مورد نیاز دانشگاه علوم پزشکی آبادان - ممنوعیت نقل و انتقال - عدم تعهد در واگذاری خوابگاه | ادامه پذیرش از تمام متقاضیان سراسر کشور، با اولویت متقاضیان بومی استان خوزستان | رشته محل های پزشکی و دندان پزشکی دارای تعهد خدمت موضوع مصوبات شورای عالی انقلاب فرهنگی
38683,دندانپزشکی,دانشگاه علوم پزشکی و خدمات بهداشتی درمانی جندی شاپور اهواز,شرایط خاص,تعهد خدمت,5,154,دانشگاه علوم پزشکی و خدمات بهداشتی درمانی جندی شاپور اهواز - دارای تعهد خدمت یک و نیم برابر طول مدت تحصیل در مناطق مورد نیاز دانشگاه علوم پزشکی جندی شاپور اهواز | ادامه پذیرش از تمام متقاضیان سراسر کشور، با اولویت متقاضیان بومی استان خوزستان | رشته محل های پزشکی و دندان پزشکی دارای تعهد خدمت موضوع مصوبات شورای عالی انقلاب فرهنگی
38684,پزشکی,دانشگاه علوم پزشکی و خدمات بهداشتی درمانی زنجان,شرایط خاص,تعهد خدمت,16,154,دانشگاه علوم پزشکی و خدمات بهداشتی درمانی زنجان - دارای تعهد خدمت یک و نیم برابر طول دوره تحصیل در مناطق مورد نیاز دانشگاه علوم پزشکی زنجان - فاقد خوابگاه | پذیرش از تمام متقاضیان سراسر کشور، با اولویت متقاضیان بومی استان زنجان | رشته محل های پزشکی و دندان پزشکی دارای تعهد خدمت موضوع مصوبات شورای عالی انقلاب فرهنگی
38685,پزشکی,دانشگاه علوم پزشکی و خدمات بهداشتی درمانی زنجان,شرایط خاص,تعهد خدمت,15,154,دانشگاه علوم پزشکی و خدمات بهداشتی درمانی زنجان - دارای تعهد خدمت یک و نیم برابر طول مدت تحصیل در مناطق مورد نیاز دانشگاه علوم پزشکی زنجان - فاقد خوابگاه | پذیرش از تمام متقاضیان سراسر کشور، با اولویت متقاضیان بومی استان زنجان دانشگاه علوم پزشکی و خدمات بهداشتی درمانی زنجان- دارای مرد زن 16 - دکتری عمومی پزشکی 38684 با آزمون تعهد خدمت یک و نیم برابر طول دوره تحصیل در مناطق مورد نیاز دانشگاه علوم پزشکی زنجان- فاقد خوابگاه | رشته محل های پزشکی و دندان پزشکی دارای تعهد خدمت موضوع مصوبات شورای عالی انقلاب فرهنگی
38686,دندانپزشکی,دانشگاه علوم پزشکی و خدمات بهداشتی درمانی زنجان,شرایط خاص,تعهد خدمت,10,154,دانشگاه علوم پزشکی و خدمات بهداشتی درمانی زنجان - دارای تعهد خدمت یک و نیم برابر ظول دوره تحصیل در مناطق مورد نیاز دانشگاه علوم پزشکی زنجان - فاقد خوابگاه | پذیرش از تمام متقاضیان سراسر کشور، با اولویت متقاضیان بومی استان زنجان دانشگاه علوم پزشکی و خدمات بهداشتی درمانی زنجان- دارای مرد زن 16 - دکتری عمومی پزشکی 38684 با آزمون تعهد خدمت یک و نیم برابر طول دوره تحصیل در مناطق مورد نیاز دانشگاه علوم پزشکی زنجان- فاقد خوابگاه دانشگاه علوم پزشکی و خدمات بهداشتی درمانی زنجان- دارای مرد زن - 15 دکتری عمومی پزشکی 38685 با آزمون تعهد خدمت یک و نیم برابر طول مدت تحصیل در مناطق مورد نیاز دانشگاه علوم پزشکی زنجان- فاقد خوابگاه | رشته محل های پزشکی و دندان پزشکی دارای تعهد خدمت موضوع مصوبات شورای عالی انقلاب فرهنگی
38687,پزشکی,دانشگاه علوم پزشکی و خدمات بهداشتی درمانی سمنان,شرایط خاص,تعهد خدمت,25,154,دانشگاه علوم پزشکی و خدمات بهداشتی درمانی سمنان - دارای تعهد خدمت یک و نیم برابر طول دوره تحصیل در مناطق مورد نیاز دانشگاه علوم پزشکی سمنان - کارآموزی و کارورزی دانشجویان می تواند در هر یک از مراکز درمانی یا بهداشتی زیرمجموعه دانشگاه برنامه ریزی و اجرا گردد . - محدودیت در ارائه خوابگاه | پذیرش از تمام متقاضیان سراسر کشور، با اولویت متقاضیان بومی استان سمنان | رشته محل های پزشکی و دندان پزشکی دارای تعهد خدمت موضوع مصوبات شورای عالی انقلاب فرهنگی
38688,پزشکی,دانشگاه علوم پزشکی و خدمات بهداشتی درمانی شاهرود,شرایط خاص,تعهد خدمت,6,154,دانشگاه علوم پزشکی و خدمات بهداشتی درمانی شاهرود - دارای تعهد خدمت یک و نیم برابر طول دوره تحصیل در مناطق مورد نیاز دانشگاه علوم پزشکی شاهرود - محدودیت در ارائه خوابگاه | پذیرش از تمام متقاضیان سراسر کشور، با اولویت متقاضیان بومی استان سمنان دانشگاه علوم پزشکی و خدمات بهداشتی درمانی سمنان- دارای تعهد خدمت یک و نیم برابر طول دوره تحصیل در مناطق مورد نیاز مرد زن - 25 دکتری عم ومی پزشکی 38687 با آزمون دانشگاه علوم پزشکی سمنان- کارآموزی و کارورزی دانشجویان می تواند در هر یک از مراکز درمانی یا بهداشتی زیرمجموعه دانشگاه برنامه .ریزی و اجرا گردد- محدودیت در ارائه خوابگاه | رشته محل های پزشکی و دندان پزشکی دارای تعهد خدمت موضوع مصوبات شورای عالی انقلاب فرهنگی
38689,پزشکی,دانشگاه علوم پزشکی و خدمات بهداشتی درمانی شاهرود,شرایط خاص,تعهد خدمت,7,154,دانشگاه علوم پزشکی و خدمات بهداشتی درمانی شاهرود - دارای تعهد خدمت یک و نیم برابر طول دوره تحصیل در مناطق مورد نیاز دانشگاه علوم پزشکی شاهرود - محدودیت در ارائه خوابگاه | پذیرش از تمام متقاضیان سراسر کشور، با اولویت متقاضیان بومی استان سمنان دانشگاه علوم پزشکی و خدمات بهداشتی درمانی سمنان- دارای تعهد خدمت یک و نیم برابر طول دوره تحصیل در مناطق مورد نیاز مرد زن - 25 دکتری عم ومی پزشکی 38687 با آزمون دانشگاه علوم پزشکی سمنان- کارآموزی و کارورزی دانشجویان می تواند در هر یک از مراکز درمانی یا بهداشتی زیرمجموعه دانشگاه برنامه .ریزی و اجرا گردد- محدودیت در ارائه خوابگاه دانشگاه علوم پزشکی و خدمات بهداشتی درمانی شاهرود- دارای مرد زن - 6 دکتری عمومی پزشکی 38688 با آزمون تعهد خدمت یک و نیم برابر طول دوره تحصیل در مناطق مورد نیاز دانشگاه علوم پزشکی شاهرود- محدودیت در ارائه خوابگاه | رشته محل های پزشکی و دندان پزشکی دارای تعهد خدمت موضوع مصوبات شورای عالی انقلاب فرهنگی
38690,دندانپزشکی,دانشگاه علوم پزشکی و خدمات بهداشتی درمانی سمنان,شرایط خاص,تعهد خدمت,11,154,دانشگاه علوم پزشکی و خدمات بهداشتی درمانی سمنان - دارای تعهد خدمت یک و نیم برابر طول مدت تحصیل در مناطق مورد نیاز دانشگاه علوم پزشکی سمنان - کارآموزی و کارورزی دانشجویان می تواند در هر یک از مراکز درمانی یا بهداشتی زیرمجموعه دانشگاه برنامه ریزی و اجرا گردد . - محدودیت در ارائه خوابگاه | پذیرش از تمام متقاضیان سراسر کشور، با اولویت متقاضیان بومی استان سمنان دانشگاه علوم پزشکی و خدمات بهداشتی درمانی سمنان- دارای تعهد خدمت یک و نیم برابر طول دوره تحصیل در مناطق مورد نیاز مرد زن - 25 دکتری عم ومی پزشکی 38687 با آزمون دانشگاه علوم پزشکی سمنان- کارآموزی و کارورزی دانشجویان می تواند در هر یک از مراکز درمانی یا بهداشتی زیرمجموعه دانشگاه برنامه .ریزی و اجرا گردد- محدودیت در ارائه خوابگاه دانشگاه علوم پزشکی و خدمات بهداشتی درمانی شاهرود- دارای مرد زن - 6 دکتری عمومی پزشکی 38688 با آزمون تعهد خدمت یک و نیم برابر طول دوره تحصیل در مناطق مورد نیاز دانشگاه علوم پزشکی شاهرود- محدودیت در ارائه خوابگاه دانشگاه علوم پزشکی و خدمات بهداشتی درمانی شاهرود- دارای مرد زن 7 - دکتری عمومی پزشکی 38689 با آزمون تعهد خدمت یک و نیم برابر طول دوره تحصیل در مناطق مورد نیاز دانشگاه علوم پزشکی شاهرود- محدودیت در ارائه خوابگاه | رشته محل های پزشکی و دندان پزشکی دارای تعهد خدمت موضوع مصوبات شورای عالی انقلاب فرهنگی
38691,پزشکی,دانشگاه علوم پزشکی و خدمات بهداشتی درمانی اراک,شرایط خاص,تعهد خدمت,2,154,دانشگاه علوم پزشکی و خدمات بهداشتی درمانی اراک - دارای تعهد خدمت یک و نیم برابر طول دوره تحصیل در مناطق مورد نیاز دانشکده علوم پزشکی و خدمات بهداشتی درمانی چابهار - فاقد خوابگاه | پذیرش از تمام متقاضیان سراسر کشور، با اولویت متقاضیان بومی استان سمنان دانشگاه علوم پزشکی و خدمات بهداشتی درمانی سمنان- دارای تعهد خدمت یک و نیم برابر طول دوره تحصیل در مناطق مورد نیاز مرد زن - 25 دکتری عم ومی پزشکی 38687 با آزمون دانشگاه علوم پزشکی سمنان- کارآموزی و کارورزی دانشجویان می تواند در هر یک از مراکز درمانی یا بهداشتی زیرمجموعه دانشگاه برنامه .ریزی و اجرا گردد- محدودیت در ارائه خوابگاه دانشگاه علوم پزشکی و خدمات بهداشتی درمانی شاهرود- دارای مرد زن - 6 دکتری عمومی پزشکی 38688 با آزمون تعهد خدمت یک و نیم برابر طول دوره تحصیل در مناطق مورد نیاز دانشگاه علوم پزشکی شاهرود- محدودیت در ارائه خوابگاه دانشگاه علوم پزشکی و خدمات بهداشتی درمانی شاهرود- دارای مرد زن 7 - دکتری عمومی پزشکی 38689 با آزمون تعهد خدمت یک و نیم برابر طول دوره تحصیل در مناطق مورد نیاز دانشگاه علوم پزشکی شاهرود- محدودیت در ارائه خوابگاه دانشگاه علوم پزشکی و خدمات بهداشتی درمانی سمنان- دارای تعهد خدمت یک و نیم برابر طول مدت تحصیل در مناطق مورد نیاز مرد زن - 11 دکتری عمومی دندانپزشکی 38690 با آزمون دانشگاه علوم پزشکی سمنان- کارآموزی و کارورزی دانشجویان می تواند در هر یک از مراکز درمانی یا بهداشتی زیرمجموعه دانشگاه برنامه .ریزی و اجرا گردد- محدودیت در ارائه خوابگاه پذیرش از تمام متقاضیان سراسر کشور، با اولویت متقاضیان«ب ومی مناطق تحت پوشش دانشکده علوم پزشکی و خدمات بهداشتی درمانی چابهار (شهرستان های چابهار، دشتیاری، زرآباد، قصرقند، کنارک، نیک)شهر » و بعد«استان سیستان و بلوچستان » و در آخر«سایر استان ها» | رشته محل های پزشکی و دندان پزشکی دارای تعهد خدمت موضوع مصوبات شورای عالی انقلاب فرهنگی
38695,پزشکی,دانشگاه علوم پزشکی و خدمات بهداشتی درمانی اردبیل,شرایط خاص,تعهد خدمت,2,155,دانشگاه علوم پزشکی و خدمات بهداشتی درمانی اردبیل - دارای تعهد خدمت یک و نیم برابر طول مدت تحصیل در مناطق مورد نیاز دانشکده علوم پزشکی و خدمات بهداشتی درمانی چابهار - فاقد خوابگاه | ادامه پذیرش از تمام متقاضیان سراسر کشور، با اولویت متقاضیان« بومی مناطق تحت پوشش دانشکده علوم پزشکی و خدمات بهداشتی درمانی چابهار (شهرستان های چابهار، دشتیاری، زرآباد، قصرقند، کنارک، نیک)شهر » و بعد«استان سیستان و بلوچستان » و در آخر«سایر استان ها» | رشته محل های پزشکی و دندان پزشکی دارای تعهد خدمت موضوع مصوبات شورای عالی انقلاب فرهنگی
38704,پزشکی,دانشگاه علوم پزشکی و خدمات بهداشتی درمانی اصفهان,شرایط خاص,تعهد خدمت,2,155,دانشگاه علوم پزشکی و خدمات بهداشتی درمانی اصفهان - دارای تعهد خدمت یک و نیم برابر طول مدت تحصیل در مناطق مورد نیاز دانشکده علوم پزشکی و خدمات بهداشتی درمانی چابهار - محدودیت در ارائه خوابگاه | ادامه پذیرش از تمام متقاضیان سراسر کشور، با اولویت متقاضیان« بومی مناطق تحت پوشش دانشکده علوم پزشکی و خدمات بهداشتی درمانی چابهار (شهرستان های چابهار، دشتیاری، زرآباد، قصرقند، کنارک، نیک)شهر » و بعد«استان سیستان و بلوچستان » و در آخر«سایر استان ها» | رشته محل های پزشکی و دندان پزشکی دارای تعهد خدمت موضوع مصوبات شورای عالی انقلاب فرهنگی
38708,پزشکی,دانشگاه علوم پزشکی و خدمات بهداشتی درمانی البرز - کرج,شرایط خاص,تعهد خدمت,2,155,دانشگاه علوم پزشکی و خدمات بهداشتی درمانی البرز - کرج - دارای تعهد خدمت یک و نیم برابر طول مدت تحصیل در مناطق مورد نیاز دانشکده علوم پزشکی و خدمات بهداشتی درمانی چابهار - فاقد خوابگاه | ادامه پذیرش از تمام متقاضیان سراسر کشور، با اولویت متقاضیان« بومی مناطق تحت پوشش دانشکده علوم پزشکی و خدمات بهداشتی درمانی چابهار (شهرستان های چابهار، دشتیاری، زرآباد، قصرقند، کنارک، نیک)شهر » و بعد«استان سیستان و بلوچستان » و در آخر«سایر استان ها» | رشته محل های پزشکی و دندان پزشکی دارای تعهد خدمت موضوع مصوبات شورای عالی انقلاب فرهنگی
38712,پزشکی,دانشگاه علوم پزشکی و خدمات بهداشتی درمانی ایران,شرایط خاص,تعهد خدمت,5,155,دانشگاه علوم پزشکی و خدمات بهداشتی درمانی ایران - دارای تعهد خدمت یک و نیم برابر طول مدت تحصیل در مناطق مورد نیاز دانشکده علوم پزشکی و خدمات بهداشتی درمانی چابهار - محدودیت در ارائه خوابگاه | ادامه پذیرش از تمام متقاضیان سراسر کشور، با اولویت متقاضیان« بومی مناطق تحت پوشش دانشکده علوم پزشکی و خدمات بهداشتی درمانی چابهار (شهرستان های چابهار، دشتیاری، زرآباد، قصرقند، کنارک، نیک)شهر » و بعد«استان سیستان و بلوچستان » و در آخر«سایر استان ها» | رشته محل های پزشکی و دندان پزشکی دارای تعهد خدمت موضوع مصوبات شورای عالی انقلاب فرهنگی
38713,پزشکی,دانشگاه علوم پزشکی و خدمات بهداشتی درمانی ایرانشهر,شرایط خاص,تعهد خدمت,5,155,دانشگاه علوم پزشکی و خدمات بهداشتی درمانی ایرانشهر - دارای تعهد خدمت یک و نیم برابر طول مدت تحصیل در مناطق مورد نیاز دانشکده علوم پزشکی چابهار - ممنوعیت در نقل و انتقال - فاقد خوابگاه | ادامه پذیرش از تمام متقاضیان سراسر کشور، با اولویت متقاضیان« بومی مناطق تحت پوشش دانشکده علوم پزشکی و خدمات بهداشتی درمانی چابهار (شهرستان های چابهار، دشتیاری، زرآباد، قصرقند، کنارک، نیک)شهر » و بعد«استان سیستان و بلوچستان » و در آخر«سایر استان ها» | رشته محل های پزشکی و دندان پزشکی دارای تعهد خدمت موضوع مصوبات شورای عالی انقلاب فرهنگی
38717,پزشکی,دانشگاه علوم پزشکی و خدمات بهداشتی درمانی بابل,شرایط خاص,تعهد خدمت,5,155,دانشگاه علوم پزشکی و خدمات بهداشتی درمانی بابل - دارای تعهد خدمت یک و نیم برابر طول مدت تحصیل در مناطق مورد نیاز دانشکده علوم پزشکی چابهار - فاقد خوابگاه | ادامه پذیرش از تمام متقاضیان سراسر کشور، با اولویت متقاضیان« بومی مناطق تحت پوشش دانشکده علوم پزشکی و خدمات بهداشتی درمانی چابهار (شهرستان های چابهار، دشتیاری، زرآباد، قصرقند، کنارک، نیک)شهر » و بعد«استان سیستان و بلوچستان » و در آخر«سایر استان ها» | رشته محل های پزشکی و دندان پزشکی دارای تعهد خدمت موضوع مصوبات شورای عالی انقلاب فرهنگی
38721,پزشکی,دانشگاه علوم پزشکی و خدمات بهداشتی درمانی بجنورد,شرایط خاص,تعهد خدمت,3,155,دانشگاه علوم پزشکی و خدمات بهداشتی درمانی بجنورد - دارای تعهد خدمت یک و نیم برابر طول مدت تحصیل در مناطق مورد نیاز دانشکده علوم پزشکی و خدمات بهداشتی درمانی چابهار - عدم تعهد در واگذاری خوابگاه | ادامه پذیرش از تمام متقاضیان سراسر کشور، با اولویت متقاضیان« بومی مناطق تحت پوشش دانشکده علوم پزشکی و خدمات بهداشتی درمانی چابهار (شهرستان های چابهار، دشتیاری، زرآباد، قصرقند، کنارک، نیک)شهر » و بعد«استان سیستان و بلوچستان » و در آخر«سایر استان ها» | رشته محل های پزشکی و دندان پزشکی دارای تعهد خدمت موضوع مصوبات شورای عالی انقلاب فرهنگی
38724,پزشکی,دانشگاه علوم پزشکی و خدمات بهداشتی درمانی بیرجند,شرایط خاص,تعهد خدمت,8,155,دانشگاه علوم پزشکی و خدمات بهداشتی درمانی بیرجند - دارای تعهد خدمت یک و نیم برابر طول مدت تحصیل در مناطق مورد نیاز دانشکده علوم پزشکی و خدمات بهداشتی درمانی چابهار - عدم تعهد در واگذاری خوابگاه | ادامه پذیرش از تمام متقاضیان سراسر کشور، با اولویت متقاضیان« بومی مناطق تحت پوشش دانشکده علوم پزشکی و خدمات بهداشتی درمانی چابهار (شهرستان های چابهار، دشتیاری، زرآباد، قصرقند، کنارک، نیک)شهر » و بعد«استان سیستان و بلوچستان » و در آخر«سایر استان ها» | رشته محل های پزشکی و دندان پزشکی دارای تعهد خدمت موضوع مصوبات شورای عالی انقلاب فرهنگی
38729,پزشکی,دانشگاه علوم پزشکی و خدمات بهداشتی درمانی تبریز,شرایط خاص,تعهد خدمت,5,155,دانشگاه علوم پزشکی و خدمات بهداشتی درمانی تبریز - دارای تعهد خدمت یک و نیم برابر طول مدت تحصیل در مناطق مورد نیاز دانشکده علوم پزشکی چابهار | ادامه پذیرش از تمام متقاضیان سراسر کشور، با اولویت متقاضیان« بومی مناطق تحت پوشش دانشکده علوم پزشکی و خدمات بهداشتی درمانی چابهار (شهرستان های چابهار، دشتیاری، زرآباد، قصرقند، کنارک، نیک)شهر » و بعد«استان سیستان و بلوچستان » و در آخر«سایر استان ها» | رشته محل های پزشکی و دندان پزشکی دارای تعهد خدمت موضوع مصوبات شورای عالی انقلاب فرهنگی
38732,پزشکی,دانشگاه علوم پزشکی و خدمات بهداشتی درمانی تربت حیدریه,شرایط خاص,تعهد خدمت,2,155,دانشگاه علوم پزشکی و خدمات بهداشتی درمانی تربت حیدریه - دارای تعهد خدمت یک و نیم برابر طول مدت تحصیل در مناطق مورد نیاز دانشکده علوم پزشکی و خدمات بهداشتی درمانی چابهار - محدودیت در ارائه خوابگاه | ادامه پذیرش از تمام متقاضیان سراسر کشور، با اولویت متقاضیان« بومی مناطق تحت پوشش دانشکده علوم پزشکی و خدمات بهداشتی درمانی چابهار (شهرستان های چابهار، دشتیاری، زرآباد، قصرقند، کنارک، نیک)شهر » و بعد«استان سیستان و بلوچستان » و در آخر«سایر استان ها» | رشته محل های پزشکی و دندان پزشکی دارای تعهد خدمت موضوع مصوبات شورای عالی انقلاب فرهنگی
38737,پزشکی,دانشگاه علوم پزشکی و خدمات بهداشتی درمانی تهران,شرایط خاص,تعهد خدمت,6,155,دانشگاه علوم پزشکی و خدمات بهداشتی درمانی تهران - دارای تعهد خدمت یک و نیم برابر طول مدت تحصیل در مناطق مورد نیاز دانشکده علوم پزشکی و خدمات بهداشتی درمانی چابهار - دارای خوابگاه ملکی | ادامه پذیرش از تمام متقاضیان سراسر کشور، با اولویت متقاضیان« بومی مناطق تحت پوشش دانشکده علوم پزشکی و خدمات بهداشتی درمانی چابهار (شهرستان های چابهار، دشتیاری، زرآباد، قصرقند، کنارک، نیک)شهر » و بعد«استان سیستان و بلوچستان » و در آخر«سایر استان ها» | رشته محل های پزشکی و دندان پزشکی دارای تعهد خدمت موضوع مصوبات شورای عالی انقلاب فرهنگی
38741,پزشکی,دانشگاه علوم پزشکی و خدمات بهداشتی درمانی جندی شاپور اهواز,شرایط خاص,تعهد خدمت,4,156,دانشگاه علوم پزشکی و خدمات بهداشتی درمانی جندی شاپور اهواز - دارای تعهد خدمت یک و نیم برابر طول مدت تحصیل در مناطق مورد نیاز دانشکده علوم پزشکی و خدمات بهداشتی درمانی چابهار | ادامه پذیرش از تمام متقاضیان سراسر کشور، با اولویت متقاضیان« بومی مناطق تحت پوشش دانشکده علوم پزشکی و خدمات بهداشتی درمانی چابهار (شهرستان های چابهار، دشتیاری، زرآباد، قصرقند، کنارک، نیک)شهر » و بعد« استان سیستان و بلوچستان » و در آخر«سایر استان ها» | رشته محل های پزشکی و دندان پزشکی دارای تعهد خدمت موضوع مصوبات شورای عالی انقلاب فرهنگی
38745,پزشکی,دانشگاه علوم پزشکی و خدمات بهداشتی درمانی جهرم,شرایط خاص,تعهد خدمت,5,156,دانشگاه علوم پزشکی و خدمات بهداشتی درمانی جهرم - دارای تعهد خدمت یک و نیم برابر طول مدت تحصیل در مناطق مورد نیاز دانشکده علوم پزشکی و خدمات بهداشتی درمانی چابهار - محدودیت در ارائه خوابگاه | ادامه پذیرش از تمام متقاضیان سراسر کشور، با اولویت متقاضیان« بومی مناطق تحت پوشش دانشکده علوم پزشکی و خدمات بهداشتی درمانی چابهار (شهرستان های چابهار، دشتیاری، زرآباد، قصرقند، کنارک، نیک)شهر » و بعد« استان سیستان و بلوچستان » و در آخر«سایر استان ها» | رشته محل های پزشکی و دندان پزشکی دارای تعهد خدمت موضوع مصوبات شورای عالی انقلاب فرهنگی
38749,پزشکی,دانشگاه علوم پزشکی و خدمات بهداشتی درمانی جیرفت,شرایط خاص,تعهد خدمت,2,156,دانشگاه علوم پزشکی و خدمات بهداشتی درمانی جیرفت - دارای تعهد خدمت یک و نیم برابر طول مدت تحصیل در مناطق مورد نیاز دانشکده علوم پزشکی چابهار - فاقد خوابگاه | ادامه پذیرش از تمام متقاضیان سراسر کشور، با اولویت متقاضیان« بومی مناطق تحت پوشش دانشکده علوم پزشکی و خدمات بهداشتی درمانی چابهار (شهرستان های چابهار، دشتیاری، زرآباد، قصرقند، کنارک، نیک)شهر » و بعد« استان سیستان و بلوچستان » و در آخر«سایر استان ها» | رشته محل های پزشکی و دندان پزشکی دارای تعهد خدمت موضوع مصوبات شورای عالی انقلاب فرهنگی
38753,پزشکی,دانشگاه علوم پزشکی و خدمات بهداشتی درمانی دزفول,شرایط خاص,تعهد خدمت,1,156,دانشگاه علوم پزشکی و خدمات بهداشتی درمانی دزفول - دارای تعهد خدمت یک و نیم برابر طول مدت تحصیل در مناطق مورد نیاز دانشکده علوم پزشکی و خدمات بهداشتی درمانی چابهار - عدم تعهد در واگذاری خوابگاه | ادامه پذیرش از تمام متقاضیان سراسر کشور، با اولویت متقاضیان« بومی مناطق تحت پوشش دانشکده علوم پزشکی و خدمات بهداشتی درمانی چابهار (شهرستان های چابهار، دشتیاری، زرآباد، قصرقند، کنارک، نیک)شهر » و بعد« استان سیستان و بلوچستان » و در آخر«سایر استان ها» | رشته محل های پزشکی و دندان پزشکی دارای تعهد خدمت موضوع مصوبات شورای عالی انقلاب فرهنگی
38754,پزشکی,دانشگاه علوم پزشکی و خدمات بهداشتی درمانی رفسنجان,شرایط خاص,تعهد خدمت,2,156,دانشگاه علوم پزشکی و خدمات بهداشتی درمانی رفسنجان - دارای تعهد خدمت یک و نیم برابر طول مدت تحصیل در مناطق مورد نیاز دانشکده علوم پزشکی و خدمات بهداشتی درمانی چابهار - انتقال بر اساس شرایط آیین نامه - عدم تعهد در واگذاری خوابگاه | ادامه پذیرش از تمام متقاضیان سراسر کشور، با اولویت متقاضیان« بومی مناطق تحت پوشش دانشکده علوم پزشکی و خدمات بهداشتی درمانی چابهار (شهرستان های چابهار، دشتیاری، زرآباد، قصرقند، کنارک، نیک)شهر » و بعد« استان سیستان و بلوچستان » و در آخر«سایر استان ها» | رشته محل های پزشکی و دندان پزشکی دارای تعهد خدمت موضوع مصوبات شورای عالی انقلاب فرهنگی
38758,پزشکی,دانشگاه علوم پزشکی و خدمات بهداشتی درمانی زابل,شرایط خاص,تعهد خدمت,17,156,دانشگاه علوم پزشکی و خدمات بهداشتی درمانی زابل - دارای تعهد خدمت یک ونیم برابر طول دوره تحصیل در مناطق تحت پوشش دانشکده علوم پزشکی چابهار | ادامه پذیرش از تمام متقاضیان سراسر کشور، با اولویت متقاضیان« بومی مناطق تحت پوشش دانشکده علوم پزشکی و خدمات بهداشتی درمانی چابهار (شهرستان های چابهار، دشتیاری، زرآباد، قصرقند، کنارک، نیک)شهر » و بعد« استان سیستان و بلوچستان » و در آخر«سایر استان ها» | رشته محل های پزشکی و دندان پزشکی دارای تعهد خدمت موضوع مصوبات شورای عالی انقلاب فرهنگی
38761,پزشکی,دانشگاه علوم پزشکی و خدمات بهداشتی درمانی زاهدان,شرایط خاص,تعهد خدمت,23,156,دانشگاه علوم پزشکی و خدمات بهداشتی درمانی زاهدان - دارای تعهد خدمت یک و نیم برابر طول دوره تحصیل در مناطق تحت پوشش دانشکده علوم پزشکی چابهار - عدم تعهد در واگذاری خوابگاه | ادامه پذیرش از تمام متقاضیان سراسر کشور، با اولویت متقاضیان« بومی مناطق تحت پوشش دانشکده علوم پزشکی و خدمات بهداشتی درمانی چابهار (شهرستان های چابهار، دشتیاری، زرآباد، قصرقند، کنارک، نیک)شهر » و بعد« استان سیستان و بلوچستان » و در آخر«سایر استان ها» | رشته محل های پزشکی و دندان پزشکی دارای تعهد خدمت موضوع مصوبات شورای عالی انقلاب فرهنگی
38766,پزشکی,دانشگاه علوم پزشکی و خدمات بهداشتی درمانی زنجان,شرایط خاص,تعهد خدمت,8,156,دانشگاه علوم پزشکی و خدمات بهداشتی درمانی زنجان - دارای تعهد خدمت یک و نیم برابر طول مدت تحصیل در مناطق مورد نیاز دانشکده علوم پزشکی و خدمات بهداشتی درمانی چابهار - فاقد خوابگاه | ادامه پذیرش از تمام متقاضیان سراسر کشور، با اولویت متقاضیان« بومی مناطق تحت پوشش دانشکده علوم پزشکی و خدمات بهداشتی درمانی چابهار (شهرستان های چابهار، دشتیاری، زرآباد، قصرقند، کنارک، نیک)شهر » و بعد« استان سیستان و بلوچستان » و در آخر«سایر استان ها» | رشته محل های پزشکی و دندان پزشکی دارای تعهد خدمت موضوع مصوبات شورای عالی انقلاب فرهنگی
38770,پزشکی,دانشگاه علوم پزشکی و خدمات بهداشتی درمانی سبزوار,شرایط خاص,تعهد خدمت,5,156,دانشگاه علوم پزشکی و خدمات بهداشتی درمانی سبزوار - دارای تعهد خدمت یک و نیم برابر طول مدت تحصیل در مناطق مورد نیاز دانشکده علوم پزشکی و خدمات بهداشتی درمانی چابهار - عدم تعهد در واگذاری خوابگاه | ادامه پذیرش از تمام متقاضیان سراسر کشور، با اولویت متقاضیان« بومی مناطق تحت پوشش دانشکده علوم پزشکی و خدمات بهداشتی درمانی چابهار (شهرستان های چابهار، دشتیاری، زرآباد، قصرقند، کنارک، نیک)شهر » و بعد« استان سیستان و بلوچستان » و در آخر«سایر استان ها» | رشته محل های پزشکی و دندان پزشکی دارای تعهد خدمت موضوع مصوبات شورای عالی انقلاب فرهنگی
38774,پزشکی,دانشگاه علوم پزشکی و خدمات بهداشتی درمانی سمنان,شرایط خاص,تعهد خدمت,2,156,دانشگاه علوم پزشکی و خدمات بهداشتی درمانی سمنان - دارای تعهد خدمت یک و نیم برابر طول مدت تحصیل در مناطق مورد نیاز دانشکده علوم پزشکی و خدمات بهداشتی درمانی چابهار - کارآموزی و کارورزی دانشجویان می تواند در هر یک از مراکز درمانی یا بهداشتی زیرمجموعه دانشگاه برنامه ریزی و اجرا گردد . - محدودیت در ارائه خوابگاه | ادامه پذیرش از تمام متقاضیان سراسر کشور، با اولویت متقاضیان« بومی مناطق تحت پوشش دانشکده علوم پزشکی و خدمات بهداشتی درمانی چابهار (شهرستان های چابهار، دشتیاری، زرآباد، قصرقند، کنارک، نیک)شهر » و بعد« استان سیستان و بلوچستان » و در آخر«سایر استان ها» | رشته محل های پزشکی و دندان پزشکی دارای تعهد خدمت موضوع مصوبات شورای عالی انقلاب فرهنگی
38777,پزشکی,دانشگاه علوم پزشکی و خدمات بهداشتی درمانی شاهرود,شرایط خاص,تعهد خدمت,2,156,دانشگاه علوم پزشکی و خدمات بهداشتی درمانی شاهرود - دارای تعهد خدمت یک و نیم برابر طول مدت تحصیل در مناطق مورد نیاز دانشکده علوم پزشکی و خدمات بهداشتی درمانی چابهار - محدودیت در ارائه خوابگاه | ادامه پذیرش از تمام متقاضیان سراسر کشور، با اولویت متقاضیان« بومی مناطق تحت پوشش دانشکده علوم پزشکی و خدمات بهداشتی درمانی چابهار (شهرستان های چابهار، دشتیاری، زرآباد، قصرقند، کنارک، نیک)شهر » و بعد« استان سیستان و بلوچستان » و در آخر«سایر استان ها» | رشته محل های پزشکی و دندان پزشکی دارای تعهد خدمت موضوع مصوبات شورای عالی انقلاب فرهنگی
38781,پزشکی,دانشگاه علوم پزشکی و خدمات بهداشتی درمانی شهرکرد,شرایط خاص,تعهد خدمت,1,157,دانشگاه علوم پزشکی و خدمات بهداشتی درمانی شهرکرد - دارای تعهد خدمت یک و نیم برابر طول مدت تحصیل در مناطق مورد نیاز دانشکده علوم پزشکی و خدمات بهداشتی درمانی چابهار - عدم تعهد در واگذاری خوابگاه | ادامه پذیرش از تمام متقاضیان سراسر کشور، با اولویت متقاضیان« بومی مناطق تحت پوشش دانشکده علوم پزشکی و خدمات بهداشتی درمانی چابهار (شهرستان های چابهار، دشتیاری، زرآباد، قصرقند، کنارک، نیک)شهر » و بعد«استان سیستان و بلوچستان » و در آخر«سایر استان ها» | رشته محل های پزشکی و دندان پزشکی دارای تعهد خدمت موضوع مصوبات شورای عالی انقلاب فرهنگی
38785,پزشکی,دانشگاه علوم پزشکی و خدمات بهداشتی درمانی شهید بهشتی - تهران,شرایط خاص,تعهد خدمت,5,157,دانشگاه علوم پزشکی و خدمات بهداشتی درمانی شهید بهشتی - تهران - دارای تعهد خدمت یک و نیم برابر طول مدت تحصیل در مناطق مورد نیاز دانشکده علوم پزشکی و خدمات بهداشتی درمانی چابهار | ادامه پذیرش از تمام متقاضیان سراسر کشور، با اولویت متقاضیان« بومی مناطق تحت پوشش دانشکده علوم پزشکی و خدمات بهداشتی درمانی چابهار (شهرستان های چابهار، دشتیاری، زرآباد، قصرقند، کنارک، نیک)شهر » و بعد«استان سیستان و بلوچستان » و در آخر«سایر استان ها» | رشته محل های پزشکی و دندان پزشکی دارای تعهد خدمت موضوع مصوبات شورای عالی انقلاب فرهنگی
38789,پزشکی,دانشگاه علوم پزشکی و خدمات بهداشتی درمانی شیراز,شرایط خاص,تعهد خدمت,5,157,دانشگاه علوم پزشکی و خدمات بهداشتی درمانی شیراز - دارای تعهد خدمت یک و نیم برابر طول مدت تحصیل در مناطق مورد نیاز دانشکده علوم پزشکی و خدمات بهداشتی درمانی چابهار - محدودیت در ارائه خوابگاه | ادامه پذیرش از تمام متقاضیان سراسر کشور، با اولویت متقاضیان« بومی مناطق تحت پوشش دانشکده علوم پزشکی و خدمات بهداشتی درمانی چابهار (شهرستان های چابهار، دشتیاری، زرآباد، قصرقند، کنارک، نیک)شهر » و بعد«استان سیستان و بلوچستان » و در آخر«سایر استان ها» | رشته محل های پزشکی و دندان پزشکی دارای تعهد خدمت موضوع مصوبات شورای عالی انقلاب فرهنگی
38793,پزشکی,دانشگاه علوم پزشکی و خدمات بهداشتی درمانی قزوین,شرایط خاص,تعهد خدمت,3,157,دانشگاه علوم پزشکی و خدمات بهداشتی درمانی قزوین - دارای تعهد خدمت یک و نیم برابر طول مدت تحصیل در مناطق مورد نیاز دانشکده علوم پزشکی و خدمات بهداشتی درمانی چابهار - عدم تعهد در واگذاری خوابگاه | ادامه پذیرش از تمام متقاضیان سراسر کشور، با اولویت متقاضیان« بومی مناطق تحت پوشش دانشکده علوم پزشکی و خدمات بهداشتی درمانی چابهار (شهرستان های چابهار، دشتیاری، زرآباد، قصرقند، کنارک، نیک)شهر » و بعد«استان سیستان و بلوچستان » و در آخر«سایر استان ها» | رشته محل های پزشکی و دندان پزشکی دارای تعهد خدمت موضوع مصوبات شورای عالی انقلاب فرهنگی
38797,پزشکی,دانشگاه علوم پزشکی و خدمات بهداشتی درمانی قم,شرایط خاص,تعهد خدمت,3,157,دانشگاه علوم پزشکی و خدمات بهداشتی درمانی قم - دارای تعهد خدمت یک و نیم برابر طول مدت تحصیل در مناطق مورد نیاز دانشکده علوم پزشکی و خدمات بهداشتی درمانی چابهار - عدم تعهد در واگذاری خوابگاه | ادامه پذیرش از تمام متقاضیان سراسر کشور، با اولویت متقاضیان« بومی مناطق تحت پوشش دانشکده علوم پزشکی و خدمات بهداشتی درمانی چابهار (شهرستان های چابهار، دشتیاری، زرآباد، قصرقند، کنارک، نیک)شهر » و بعد«استان سیستان و بلوچستان » و در آخر«سایر استان ها» | رشته محل های پزشکی و دندان پزشکی دارای تعهد خدمت موضوع مصوبات شورای عالی انقلاب فرهنگی
38801,پزشکی,دانشگاه علوم پزشکی و خدمات بهداشتی درمانی کاشان,شرایط خاص,تعهد خدمت,3,157,دانشگاه علوم پزشکی و خدمات بهداشتی درمانی کاشان - دارای تعهد خدمت یک و نیم برابر طول مدت تحصیل در مناطق مورد نیاز دانشکده علوم پزشکی و خدمات بهداشتی درمانی چابهار - عدم تعهد در واگذاری خوابگاه | ادامه پذیرش از تمام متقاضیان سراسر کشور، با اولویت متقاضیان« بومی مناطق تحت پوشش دانشکده علوم پزشکی و خدمات بهداشتی درمانی چابهار (شهرستان های چابهار، دشتیاری، زرآباد، قصرقند، کنارک، نیک)شهر » و بعد«استان سیستان و بلوچستان » و در آخر«سایر استان ها» | رشته محل های پزشکی و دندان پزشکی دارای تعهد خدمت موضوع مصوبات شورای عالی انقلاب فرهنگی
38804,پزشکی,دانشگاه علوم پزشکی و خدمات بهداشتی درمانی کرمان,شرایط خاص,تعهد خدمت,15,157,دانشگاه علوم پزشکی و خدمات بهداشتی درمانی کرمان - دارای تعهد خدمت یک و نیم برابر طول مدت تحصیل در مناطق مورد نیاز دانشکده علوم پزشکی و خدمات بهداشتی درمانی چابهار - فاقد خوابگاه | ادامه پذیرش از تمام متقاضیان سراسر کشور، با اولویت متقاضیان« بومی مناطق تحت پوشش دانشکده علوم پزشکی و خدمات بهداشتی درمانی چابهار (شهرستان های چابهار، دشتیاری، زرآباد، قصرقند، کنارک، نیک)شهر » و بعد«استان سیستان و بلوچستان » و در آخر«سایر استان ها» | رشته محل های پزشکی و دندان پزشکی دارای تعهد خدمت موضوع مصوبات شورای عالی انقلاب فرهنگی
38808,پزشکی,دانشگاه علوم پزشکی و خدمات بهداشتی درمانی کرمانشاه,شرایط خاص,تعهد خدمت,2,157,دانشگاه علوم پزشکی و خدمات بهداشتی درمانی کرمانشاه - دارای تعهد خدمت یک و نیم برابر طول مدت تحصیل در مناطق مورد نیاز دانشکده علوم پزشکی و خدمات بهداشتی درمانی چابهار - عدم تعهد در واگذاری خوابگاه | ادامه پذیرش از تمام متقاضیان سراسر کشور، با اولویت متقاضیان« بومی مناطق تحت پوشش دانشکده علوم پزشکی و خدمات بهداشتی درمانی چابهار (شهرستان های چابهار، دشتیاری، زرآباد، قصرقند، کنارک، نیک)شهر » و بعد«استان سیستان و بلوچستان » و در آخر«سایر استان ها» | رشته محل های پزشکی و دندان پزشکی دارای تعهد خدمت موضوع مصوبات شورای عالی انقلاب فرهنگی
38811,پزشکی,دانشگاه علوم پزشکی و خدمات بهداشتی درمانی گیالن - رشت,شرایط خاص,تعهد خدمت,2,157,دانشگاه علوم پزشکی و خدمات بهداشتی درمانی گیالن - رشت - دارای تعهد خدمت یک و نیم برابر طول مدت تحصیل در مناطق مورد نیاز دانشکده علوم پزشکی و خدمات بهداشتی درمانی چابهار - فاقد خوابگاه | ادامه پذیرش از تمام متقاضیان سراسر کشور، با اولویت متقاضیان« بومی مناطق تحت پوشش دانشکده علوم پزشکی و خدمات بهداشتی درمانی چابهار (شهرستان های چابهار، دشتیاری، زرآباد، قصرقند، کنارک، نیک)شهر » و بعد«استان سیستان و بلوچستان » و در آخر«سایر استان ها» | رشته محل های پزشکی و دندان پزشکی دارای تعهد خدمت موضوع مصوبات شورای عالی انقلاب فرهنگی
38814,پزشکی,دانشگاه علوم پزشکی و خدمات بهداشتی درمانی مازندران - ساری,شرایط خاص,تعهد خدمت,1,157,دانشگاه علوم پزشکی و خدمات بهداشتی درمانی مازندران - ساری - دارای تعهد خدمت یک و نیم برابر طول مدت تحصیل در مناطق مورد نیاز دانشکده علوم پزشکی و خدمات بهداشتی درمانی چابهار | ادامه پذیرش از تمام متقاضیان سراسر کشور، با اولویت متقاضیان« بومی مناطق تحت پوشش دانشکده علوم پزشکی و خدمات بهداشتی درمانی چابهار (شهرستان های چابهار، دشتیاری، زرآباد، قصرقند، کنارک، نیک)شهر » و بعد«استان سیستان و بلوچستان » و در آخر«سایر استان ها» | رشته محل های پزشکی و دندان پزشکی دارای تعهد خدمت موضوع مصوبات شورای عالی انقلاب فرهنگی
38818,پزشکی,دانشگاه علوم پزشکی و خدمات بهداشتی درمانی مشهد,شرایط خاص,تعهد خدمت,5,157,دانشگاه علوم پزشکی و خدمات بهداشتی درمانی مشهد - دارای تعهد خدمت یک و نیم برابر طول مدت تحصیل در مناطق مورد نیاز دانشکده علوم پزشکی و خدمات بهداشتی درمانی چابهار - عدم تعهد در واگذاری خوابگاه | ادامه پذیرش از تمام متقاضیان سراسر کشور، با اولویت متقاضیان« بومی مناطق تحت پوشش دانشکده علوم پزشکی و خدمات بهداشتی درمانی چابهار (شهرستان های چابهار، دشتیاری، زرآباد، قصرقند، کنارک، نیک)شهر » و بعد«استان سیستان و بلوچستان » و در آخر«سایر استان ها» | رشته محل های پزشکی و دندان پزشکی دارای تعهد خدمت موضوع مصوبات شورای عالی انقلاب فرهنگی
38823,پزشکی,دانشگاه علوم پزشکی و خدمات بهداشتی درمانی همدان,شرایط خاص,تعهد خدمت,1,158,دانشگاه علوم پزشکی و خدمات بهداشتی درمانی همدان - دارای تعهد خدمت یک و نیم برابر طول مدت تحصیل در مناطق مورد نیاز دانشکده علوم پزشکی و خدمات بهداشتی درمانی چابهار - سال اول خوابگاه خودگردان، خوابگاه از سال دوم ملکی | ادامه پذیرش از تمام متقاضیان سراسر کشور، با اولویت متقاضیان« بومی مناطق تحت پوشش دانشکده علوم پزشکی و خدمات بهداشتی درمانی چابهار (شهرستان های چابهار، دشتیاری، زرآباد، قصرقند، کنارک، نیک)شهر » و بعد«استان سیستان و بلوچستان » و در آخر«سایر استان ها» | رشته محل های پزشکی و دندان پزشکی دارای تعهد خدمت موضوع مصوبات شورای عالی انقلاب فرهنگی
38827,پزشکی,دانشگاه علوم پزشکی و خدمات بهداشتی درمانی یزد,شرایط خاص,تعهد خدمت,5,158,دانشگاه علوم پزشکی و خدمات بهداشتی درمانی یزد - دارای تعهد خدمت یک و نیم برابر طول مدت تحصیل در مناطق مورد نیاز دانشکده علوم پزشکی چابهار - عدم تعهد در واگذاری خوابگاه | ادامه پذیرش از تمام متقاضیان سراسر کشور، با اولویت متقاضیان« بومی مناطق تحت پوشش دانشکده علوم پزشکی و خدمات بهداشتی درمانی چابهار (شهرستان های چابهار، دشتیاری، زرآباد، قصرقند، کنارک، نیک)شهر » و بعد«استان سیستان و بلوچستان » و در آخر«سایر استان ها» | رشته محل های پزشکی و دندان پزشکی دارای تعهد خدمت موضوع مصوبات شورای عالی انقلاب فرهنگی
38833,دندانپزشکی,دانشگاه علوم پزشکی و خدمات بهداشتی درمانی جندی شاپور اهواز,شرایط خاص,تعهد خدمت,1,158,دانشگاه علوم پزشکی و خدمات بهداشتی درمانی جندی شاپور اهواز - دارای تعهد خدمت یک و نیم برابر طول مدت تحصیل در مناطق مورد نیاز دانشکده علوم پزشکی چابهار | ادامه پذیرش از تمام متقاضیان سراسر کشور، با اولویت متقاضیان« بومی مناطق تحت پوشش دانشکده علوم پزشکی و خدمات بهداشتی درمانی چابهار (شهرستان های چابهار، دشتیاری، زرآباد، قصرقند، کنارک، نیک)شهر » و بعد«استان سیستان و بلوچستان » و در آخر«سایر استان ها» | رشته محل های پزشکی و دندان پزشکی دارای تعهد خدمت موضوع مصوبات شورای عالی انقلاب فرهنگی
38838,دندانپزشکی,دانشگاه علوم پزشکی و خدمات بهداشتی درمانی زاهدان,شرایط خاص,تعهد خدمت,5,158,دانشگاه علوم پزشکی و خدمات بهداشتی درمانی زاهدان - دارای تعهد خدمت یک و نیم برابر طول دوره تحصیل در مناطق تحت پوشش دانشکده علوم پزشکی چابهار - عدم تعهد در واگذاری خوابگاه | ادامه پذیرش از تمام متقاضیان سراسر کشور، با اولویت متقاضیان« بومی مناطق تحت پوشش دانشکده علوم پزشکی و خدمات بهداشتی درمانی چابهار (شهرستان های چابهار، دشتیاری، زرآباد، قصرقند، کنارک، نیک)شهر » و بعد«استان سیستان و بلوچستان » و در آخر«سایر استان ها» | رشته محل های پزشکی و دندان پزشکی دارای تعهد خدمت موضوع مصوبات شورای عالی انقلاب فرهنگی
38841,دندانپزشکی,دانشگاه علوم پزشکی و خدمات بهداشتی درمانی سمنان,شرایط خاص,تعهد خدمت,1,158,دانشگاه علوم پزشکی و خدمات بهداشتی درمانی سمنان - دارای تعهد خدمت یک و نیم برابر طول مدت تحصیل در مناطق مورد نیاز دانشکده علوم پزشکی چابهار - کارآموزی و کارورزی دانشجویان می تواند در هر یک از مراکز درمانی یا بهداشتی زیرمجموعه دانشگاه برنامه ریزی و اجرا گردد . - محدودیت در ارائه خوابگاه | ادامه پذیرش از تمام متقاضیان سراسر کشور، با اولویت متقاضیان« بومی مناطق تحت پوشش دانشکده علوم پزشکی و خدمات بهداشتی درمانی چابهار (شهرستان های چابهار، دشتیاری، زرآباد، قصرقند، کنارک، نیک)شهر » و بعد«استان سیستان و بلوچستان » و در آخر«سایر استان ها» | رشته محل های پزشکی و دندان پزشکی دارای تعهد خدمت موضوع مصوبات شورای عالی انقلاب فرهنگی
38844,دندانپزشکی,دانشگاه علوم پزشکی و خدمات بهداشتی درمانی شیراز,شرایط خاص,تعهد خدمت,4,158,دانشگاه علوم پزشکی و خدمات بهداشتی درمانی شیراز - دارای تعهد خدمت یک و نیم برابر طول مدت تحصیل در مناطق مورد نیاز دانشکده علوم پزشکی چابهار - محدودیت در ارائه خوابگاه | ادامه پذیرش از تمام متقاضیان سراسر کشور، با اولویت متقاضیان« بومی مناطق تحت پوشش دانشکده علوم پزشکی و خدمات بهداشتی درمانی چابهار (شهرستان های چابهار، دشتیاری، زرآباد، قصرقند، کنارک، نیک)شهر » و بعد«استان سیستان و بلوچستان » و در آخر«سایر استان ها» | رشته محل های پزشکی و دندان پزشکی دارای تعهد خدمت موضوع مصوبات شورای عالی انقلاب فرهنگی
38851,دندانپزشکی,دانشگاه علوم پزشکی و خدمات بهداشتی درمانی کرمان,شرایط خاص,تعهد خدمت,3,158,دانشگاه علوم پزشکی و خدمات بهداشتی درمانی کرمان - دارای تعهد خدمت یک و نیم برابر طول مدت تحصیل در مناطق مورد نیاز دانشگاه علوم پزشکی چابهار - فاقد خوابگاه | ادامه پذیرش از تمام متقاضیان سراسر کشور، با اولویت متقاضیان« بومی مناطق تحت پوشش دانشکده علوم پزشکی و خدمات بهداشتی درمانی چابهار (شهرستان های چابهار، دشتیاری، زرآباد، قصرقند، کنارک، نیک)شهر » و بعد«استان سیستان و بلوچستان » و در آخر«سایر استان ها» | رشته محل های پزشکی و دندان پزشکی دارای تعهد خدمت موضوع مصوبات شورای عالی انقلاب فرهنگی
38858,دندانپزشکی,دانشگاه علوم پزشکی و خدمات بهداشتی درمانی یزد,شرایط خاص,تعهد خدمت,2,158,دانشگاه علوم پزشکی و خدمات بهداشتی درمانی یزد - دارای تعهد خدمت یک و نیم برابر طول مدت تحصیل در مناطق مورد نیاز دانشکده علوم پزشکی چابهار - عدم تعهد در واگذاری خوابگاه | ادامه پذیرش از تمام متقاضیان سراسر کشور، با اولویت متقاضیان« بومی مناطق تحت پوشش دانشکده علوم پزشکی و خدمات بهداشتی درمانی چابهار (شهرستان های چابهار، دشتیاری، زرآباد، قصرقند، کنارک، نیک)شهر » و بعد«استان سیستان و بلوچستان » و در آخر«سایر استان ها» | رشته محل های پزشکی و دندان پزشکی دارای تعهد خدمت موضوع مصوبات شورای عالی انقلاب فرهنگی
38692,پزشکی,دانشگاه علوم پزشکی و خدمات بهداشتی درمانی اراک,شرایط خاص,تعهد خدمت,4,158,دانشگاه علوم پزشکی و خدمات بهداشتی درمانی اراک - دارای تعهد خدمت یک و نیم برابر طول مدت تحصیل در مناطق مورد نیاز دانشگاه علوم پزشکی زاهدان - فاقد خوابگاه | پذیرش از تمام متقاضیان سراسر کشور، با ترتیب اولویت متقاضیان«بومی مناطق تحت پوشش دانشگاه علوم پزشکی زاهدان(شهرستان های )تفتان، خاش، زاهدان، سراوان، سیب سوران، گلشن، میرجاوه » و بعد«استان سیستان و بلوچستان » و در آخر«سایر استان ها» | رشته محل های پزشکی و دندان پزشکی دارای تعهد خدمت موضوع مصوبات شورای عالی انقلاب فرهنگی
38698,پزشکی,دانشگاه علوم پزشکی و خدمات بهداشتی درمانی اردبیل,شرایط خاص,تعهد خدمت,2,158,دانشگاه علوم پزشکی و خدمات بهداشتی درمانی اردبیل - دارای تعهد خدمت یک و نیم برابر طول مدت تحصیل در مناطق مورد نیاز دانشگاه علوم پزشکی زاهدان - فاقد خوابگاه | پذیرش از تمام متقاضیان سراسر کشور، با ترتیب اولویت متقاضیان«بومی مناطق تحت پوشش دانشگاه علوم پزشکی زاهدان(شهرستان های )تفتان، خاش، زاهدان، سراوان، سیب سوران، گلشن، میرجاوه » و بعد«استان سیستان و بلوچستان » و در آخر«سایر استان ها» دانشگاه علوم پزشکی و خدمات بهداشتی درمانی اراک- دارای مرد زن - 4 دکتری عمومی پزشکی 38692 با آزمون تعهد خدمت یک و نیم برابر طول مدت تحصیل در مناطق مورد نیاز دانشگاه علوم پزشکی زاهدان- فاقد خوابگاه | رشته محل های پزشکی و دندان پزشکی دارای تعهد خدمت موضوع مصوبات شورای عالی انقلاب فرهنگی
38700,پزشکی,دانشگاه علوم پزشکی و خدمات بهداشتی درمانی ارومیه,شرایط خاص,تعهد خدمت,1,158,دانشگاه علوم پزشکی و خدمات بهداشتی درمانی ارومیه - دارای تعهد خدمت یک و نیم برابر طول مدت تحصیل در مناطق مورد نیاز دانشگاه علوم پزشکی زاهدان - عدم تعهد در واگذاری خوابگاه | پذیرش از تمام متقاضیان سراسر کشور، با ترتیب اولویت متقاضیان«بومی مناطق تحت پوشش دانشگاه علوم پزشکی زاهدان(شهرستان های )تفتان، خاش، زاهدان، سراوان، سیب سوران، گلشن، میرجاوه » و بعد«استان سیستان و بلوچستان » و در آخر«سایر استان ها» دانشگاه علوم پزشکی و خدمات بهداشتی درمانی اراک- دارای مرد زن - 4 دکتری عمومی پزشکی 38692 با آزمون تعهد خدمت یک و نیم برابر طول مدت تحصیل در مناطق مورد نیاز دانشگاه علوم پزشکی زاهدان- فاقد خوابگاه دانشگاه علوم پزشکی و خدمات بهداشتی درمانی اردبیل- دارای مرد زن 2 - دکتری عمومی پزشکی 38698 با آزمون تعهد خدمت یک و نیم برابر طول مدت تحصیل در مناطق مورد نیاز دانشگاه علوم پزشکی زاهدان- فاقد خوابگاه | رشته محل های پزشکی و دندان پزشکی دارای تعهد خدمت موضوع مصوبات شورای عالی انقلاب فرهنگی
38701,پزشکی,دانشگاه علوم پزشکی و خدمات بهداشتی درمانی اصفهان,شرایط خاص,تعهد خدمت,2,158,دانشگاه علوم پزشکی و خدمات بهداشتی درمانی اصفهان - دارای تعهد خدمت یک و نیم برابر طول مدت تحصیل در مناطق مورد نیاز دانشگاه علوم پزشکی زاهدان - محدودیت در ارائه خوابگاه | پذیرش از تمام متقاضیان سراسر کشور، با ترتیب اولویت متقاضیان«بومی مناطق تحت پوشش دانشگاه علوم پزشکی زاهدان(شهرستان های )تفتان، خاش، زاهدان، سراوان، سیب سوران، گلشن، میرجاوه » و بعد«استان سیستان و بلوچستان » و در آخر«سایر استان ها» دانشگاه علوم پزشکی و خدمات بهداشتی درمانی اراک- دارای مرد زن - 4 دکتری عمومی پزشکی 38692 با آزمون تعهد خدمت یک و نیم برابر طول مدت تحصیل در مناطق مورد نیاز دانشگاه علوم پزشکی زاهدان- فاقد خوابگاه دانشگاه علوم پزشکی و خدمات بهداشتی درمانی اردبیل- دارای مرد زن 2 - دکتری عمومی پزشکی 38698 با آزمون تعهد خدمت یک و نیم برابر طول مدت تحصیل در مناطق مورد نیاز دانشگاه علوم پزشکی زاهدان- فاقد خوابگاه دانشگاه علوم پزشکی و خدمات بهداشتی درمانی ارومیه- دارای مرد زن 1 - دکتری عمومی پزشکی 38700 با آزمون تعهد خدمت یک و نیم برابر طول مدت تحصیل در مناطق مورد نیاز دانشگاه علوم پزشکی زاهدان- عدم تعهد در واگذاری خوابگاه | رشته محل های پزشکی و دندان پزشکی دارای تعهد خدمت موضوع مصوبات شورای عالی انقلاب فرهنگی
38705,پزشکی,دانشگاه علوم پزشکی و خدمات بهداشتی درمانی البرز - کرج,شرایط خاص,تعهد خدمت,2,159,دانشگاه علوم پزشکی و خدمات بهداشتی درمانی البرز - کرج - دارای تعهد خدمت یک و نیم برابر طول مدت تحصیل در مناطق مورد نیاز دانشگاه علوم پزشکی زاهدان - فاقد خوابگاه | ادامه پذیرش از تمام متقاضیان سراسر کشور، با ترتیب اولویت متقاضیان«بومی مناطق تحت پوشش دانشگاه علوم پزشکی زاهدان(شهرستان های ،تفتان)خاش، زاهدان، سراوان، سیب سوران، گلشن، میرجاوه » و بعد«استان سیستان و بلوچستان » و در آخر«سایر استان ها» | رشته محل های پزشکی و دندان پزشکی دارای تعهد خدمت موضوع مصوبات شورای عالی انقلاب فرهنگی
38709,پزشکی,دانشگاه علوم پزشکی و خدمات بهداشتی درمانی ایران,شرایط خاص,تعهد خدمت,5,159,دانشگاه علوم پزشکی و خدمات بهداشتی درمانی ایران - دارای تعهد خدمت یک و نیم برابر طول مدت تحصیل در مناطق مورد نیاز دانشگاه علوم پزشکی زاهدان - محدودیت در ارائه خوابگاه | ادامه پذیرش از تمام متقاضیان سراسر کشور، با ترتیب اولویت متقاضیان«بومی مناطق تحت پوشش دانشگاه علوم پزشکی زاهدان(شهرستان های ،تفتان)خاش، زاهدان، سراوان، سیب سوران، گلشن، میرجاوه » و بعد«استان سیستان و بلوچستان » و در آخر«سایر استان ها» | رشته محل های پزشکی و دندان پزشکی دارای تعهد خدمت موضوع مصوبات شورای عالی انقلاب فرهنگی
38714,پزشکی,دانشگاه علوم پزشکی و خدمات بهداشتی درمانی بابل,شرایط خاص,تعهد خدمت,5,159,دانشگاه علوم پزشکی و خدمات بهداشتی درمانی بابل - دارای تعهد خدمت یک و نیم برابر طول مدت تحصیل در مناطق مورد نیاز دانشگاه علوم پزشکی زاهدان - فاقد خوابگاه | ادامه پذیرش از تمام متقاضیان سراسر کشور، با ترتیب اولویت متقاضیان«بومی مناطق تحت پوشش دانشگاه علوم پزشکی زاهدان(شهرستان های ،تفتان)خاش، زاهدان، سراوان، سیب سوران، گلشن، میرجاوه » و بعد«استان سیستان و بلوچستان » و در آخر«سایر استان ها» | رشته محل های پزشکی و دندان پزشکی دارای تعهد خدمت موضوع مصوبات شورای عالی انقلاب فرهنگی
38718,پزشکی,دانشگاه علوم پزشکی و خدمات بهداشتی درمانی بجنورد,شرایط خاص,تعهد خدمت,3,159,دانشگاه علوم پزشکی و خدمات بهداشتی درمانی بجنورد - دارای تعهد خدمت یک و نیم برابر طول مدت تحصیل در مناطق مورد نیاز دانشگاه علوم پزشکی زاهدان - عدم تعهد در واگذاری خوابگاه | ادامه پذیرش از تمام متقاضیان سراسر کشور، با ترتیب اولویت متقاضیان«بومی مناطق تحت پوشش دانشگاه علوم پزشکی زاهدان(شهرستان های ،تفتان)خاش، زاهدان، سراوان، سیب سوران، گلشن، میرجاوه » و بعد«استان سیستان و بلوچستان » و در آخر«سایر استان ها» | رشته محل های پزشکی و دندان پزشکی دارای تعهد خدمت موضوع مصوبات شورای عالی انقلاب فرهنگی
38725,پزشکی,دانشگاه علوم پزشکی و خدمات بهداشتی درمانی بیرجند,شرایط خاص,تعهد خدمت,7,159,دانشگاه علوم پزشکی و خدمات بهداشتی درمانی بیرجند - دارای تعهد خدمت یک و نیم برابر طول مدت تحصیل در مناطق مورد نیاز دانشگاه علوم پزشکی زاهدان - عدم تعهد در واگذاری خوابگاه | ادامه پذیرش از تمام متقاضیان سراسر کشور، با ترتیب اولویت متقاضیان«بومی مناطق تحت پوشش دانشگاه علوم پزشکی زاهدان(شهرستان های ،تفتان)خاش، زاهدان، سراوان، سیب سوران، گلشن، میرجاوه » و بعد«استان سیستان و بلوچستان » و در آخر«سایر استان ها» | رشته محل های پزشکی و دندان پزشکی دارای تعهد خدمت موضوع مصوبات شورای عالی انقلاب فرهنگی
38726,پزشکی,دانشگاه علوم پزشکی و خدمات بهداشتی درمانی تبریز,شرایط خاص,تعهد خدمت,5,159,دانشگاه علوم پزشکی و خدمات بهداشتی درمانی تبریز - دارای تعهد خدمت یک و نیم برابر طول مدت تحصیل در مناطق مورد نیاز دانشگاه علوم پزشکی زاهدان | ادامه پذیرش از تمام متقاضیان سراسر کشور، با ترتیب اولویت متقاضیان«بومی مناطق تحت پوشش دانشگاه علوم پزشکی زاهدان(شهرستان های ،تفتان)خاش، زاهدان، سراوان، سیب سوران، گلشن، میرجاوه » و بعد«استان سیستان و بلوچستان » و در آخر«سایر استان ها» | رشته محل های پزشکی و دندان پزشکی دارای تعهد خدمت موضوع مصوبات شورای عالی انقلاب فرهنگی
38730,پزشکی,دانشگاه علوم پزشکی و خدمات بهداشتی درمانی تربت حیدریه,شرایط خاص,تعهد خدمت,2,159,دانشگاه علوم پزشکی و خدمات بهداشتی درمانی تربت حیدریه - دارای تعهد خدمت یک و نیم برابر طول مدت تحصیل در مناطق مورد نیاز دانشگاه علوم پزشکی زاهدان - محدودیت در ارائه خوابگاه | ادامه پذیرش از تمام متقاضیان سراسر کشور، با ترتیب اولویت متقاضیان«بومی مناطق تحت پوشش دانشگاه علوم پزشکی زاهدان(شهرستان های ،تفتان)خاش، زاهدان، سراوان، سیب سوران، گلشن، میرجاوه » و بعد«استان سیستان و بلوچستان » و در آخر«سایر استان ها» | رشته محل های پزشکی و دندان پزشکی دارای تعهد خدمت موضوع مصوبات شورای عالی انقلاب فرهنگی
38734,پزشکی,دانشگاه علوم پزشکی و خدمات بهداشتی درمانی تهران,شرایط خاص,تعهد خدمت,8,159,دانشگاه علوم پزشکی و خدمات بهداشتی درمانی تهران - دارای تعهد خدمت یک و نیم برابر طول مدت تحصیل در مناطق مورد نیاز دانشگاه علوم پزشکی زاهدان - دارای خوابگاه ملکی | ادامه پذیرش از تمام متقاضیان سراسر کشور، با ترتیب اولویت متقاضیان«بومی مناطق تحت پوشش دانشگاه علوم پزشکی زاهدان(شهرستان های ،تفتان)خاش، زاهدان، سراوان، سیب سوران، گلشن، میرجاوه » و بعد«استان سیستان و بلوچستان » و در آخر«سایر استان ها» | رشته محل های پزشکی و دندان پزشکی دارای تعهد خدمت موضوع مصوبات شورای عالی انقلاب فرهنگی
38738,پزشکی,دانشگاه علوم پزشکی و خدمات بهداشتی درمانی جندی شاپور اهواز,شرایط خاص,تعهد خدمت,6,159,دانشگاه علوم پزشکی و خدمات بهداشتی درمانی جندی شاپور اهواز - دارای تعهد خدمت یک و نیم برابر طول مدت تحصیل در مناطق مورد نیاز دانشگاه علوم پزشکی زاهدان | ادامه پذیرش از تمام متقاضیان سراسر کشور، با ترتیب اولویت متقاضیان«بومی مناطق تحت پوشش دانشگاه علوم پزشکی زاهدان(شهرستان های ،تفتان)خاش، زاهدان، سراوان، سیب سوران، گلشن، میرجاوه » و بعد«استان سیستان و بلوچستان » و در آخر«سایر استان ها» | رشته محل های پزشکی و دندان پزشکی دارای تعهد خدمت موضوع مصوبات شورای عالی انقلاب فرهنگی
38742,پزشکی,دانشگاه علوم پزشکی و خدمات بهداشتی درمانی جهرم,شرایط خاص,تعهد خدمت,5,159,دانشگاه علوم پزشکی و خدمات بهداشتی درمانی جهرم - دارای تعهد خدمت یک و نیم برابر طول مدت تحصیل در مناطق مورد نیاز دانشگاه علوم پزشکی زاهدان - محدودیت در ارائه خوابگاه | ادامه پذیرش از تمام متقاضیان سراسر کشور، با ترتیب اولویت متقاضیان«بومی مناطق تحت پوشش دانشگاه علوم پزشکی زاهدان(شهرستان های ،تفتان)خاش، زاهدان، سراوان، سیب سوران، گلشن، میرجاوه » و بعد«استان سیستان و بلوچستان » و در آخر«سایر استان ها» | رشته محل های پزشکی و دندان پزشکی دارای تعهد خدمت موضوع مصوبات شورای عالی انقلاب فرهنگی
38746,پزشکی,دانشگاه علوم پزشکی و خدمات بهداشتی درمانی جیرفت,شرایط خاص,تعهد خدمت,5,159,دانشگاه علوم پزشکی و خدمات بهداشتی درمانی جیرفت - دارای تعهد خدمت یک و نیم برابر طول مدت تحصیل در مناطق مورد نیاز دانشگاه علوم پزشکی زاهدان - فاقد خوابگاه | ادامه پذیرش از تمام متقاضیان سراسر کشور، با ترتیب اولویت متقاضیان«بومی مناطق تحت پوشش دانشگاه علوم پزشکی زاهدان(شهرستان های ،تفتان)خاش، زاهدان، سراوان، سیب سوران، گلشن، میرجاوه » و بعد«استان سیستان و بلوچستان » و در آخر«سایر استان ها» | رشته محل های پزشکی و دندان پزشکی دارای تعهد خدمت موضوع مصوبات شورای عالی انقلاب فرهنگی
38750,پزشکی,دانشگاه علوم پزشکی و خدمات بهداشتی درمانی دزفول,شرایط خاص,تعهد خدمت,1,159,دانشگاه علوم پزشکی و خدمات بهداشتی درمانی دزفول - دارای تعهد خدمت یک و نیم برابر طول مدت تحصیل در مناطق مورد نیاز دانشگاه علوم پزشکی زاهدان - عدم تعهد در واگذاری خوابگاه | ادامه پذیرش از تمام متقاضیان سراسر کشور، با ترتیب اولویت متقاضیان«بومی مناطق تحت پوشش دانشگاه علوم پزشکی زاهدان(شهرستان های ،تفتان)خاش، زاهدان، سراوان، سیب سوران، گلشن، میرجاوه » و بعد«استان سیستان و بلوچستان » و در آخر«سایر استان ها» | رشته محل های پزشکی و دندان پزشکی دارای تعهد خدمت موضوع مصوبات شورای عالی انقلاب فرهنگی
38755,پزشکی,دانشگاه علوم پزشکی و خدمات بهداشتی درمانی رفسنجان,شرایط خاص,تعهد خدمت,5,159,دانشگاه علوم پزشکی و خدمات بهداشتی درمانی رفسنجان - دارای تعهد خدمت یک و نیم برابر طول مدت تحصیل در مناطق مورد نیاز دانشگاه علوم پزشکی زاهدان - انتقال بر اساس شرایط آیین نامه - عدم تعهد در واگذاری خوابگاه | ادامه پذیرش از تمام متقاضیان سراسر کشور، با ترتیب اولویت متقاضیان«بومی مناطق تحت پوشش دانشگاه علوم پزشکی زاهدان(شهرستان های ،تفتان)خاش، زاهدان، سراوان، سیب سوران، گلشن، میرجاوه » و بعد«استان سیستان و بلوچستان » و در آخر«سایر استان ها» | رشته محل های پزشکی و دندان پزشکی دارای تعهد خدمت موضوع مصوبات شورای عالی انقلاب فرهنگی
38760,پزشکی,دانشگاه علوم پزشکی و خدمات بهداشتی درمانی زاهدان,شرایط خاص,تعهد خدمت,45,159,دانشگاه علوم پزشکی و خدمات بهداشتی درمانی زاهدان - دارای تعهد خدمت به میزان یک و نیم برابر طول دوره تحصیل در مناطق مورد نیاز دانشگاه علوم پزشکی زاهدان - عدم تعهد در واگذاری خوابگاه | ادامه پذیرش از تمام متقاضیان سراسر کشور، با ترتیب اولویت متقاضیان«بومی مناطق تحت پوشش دانشگاه علوم پزشکی زاهدان(شهرستان های ،تفتان)خاش، زاهدان، سراوان، سیب سوران، گلشن، میرجاوه » و بعد«استان سیستان و بلوچستان » و در آخر«سایر استان ها» | رشته محل های پزشکی و دندان پزشکی دارای تعهد خدمت موضوع مصوبات شورای عالی انقلاب فرهنگی
38767,پزشکی,دانشگاه علوم پزشکی و خدمات بهداشتی درمانی سبزوار,شرایط خاص,تعهد خدمت,5,160,دانشگاه علوم پزشکی و خدمات بهداشتی درمانی سبزوار - دارای تعهد خدمت یک و نیم برابر طول مدت تحصیل در مناطق مورد نیاز دانشگاه علوم پزشکی زاهدان - عدم تعهد در واگذاری خوابگاه | ادامه پذیرش از تمام متقاضیان سراسر کشور، با ترتیب اولویت متقاضیان«بومی مناطق تحت پوشش دانشگاه علوم پزشکی زاهدان(شهرستان های )تفتان، خاش، زاهدان، سراوان، سیب سوران، گلشن، میرجاوه » و بعد«استان سیستان و بلوچستان » و در آخر«سایر استان ها» | رشته محل های پزشکی و دندان پزشکی دارای تعهد خدمت موضوع مصوبات شورای عالی انقلاب فرهنگی
38771,پزشکی,دانشگاه علوم پزشکی و خدمات بهداشتی درمانی سمنان,شرایط خاص,تعهد خدمت,5,160,دانشگاه علوم پزشکی و خدمات بهداشتی درمانی سمنان - دارای تعهد خدمت یک و نیم برابر طول مدت تحصیل در مناطق مورد نیاز دانشگاه علوم پزشکی زاهدان - کارآموزی و کارورزی دانشجویان می تواند در هر یک از مراکز درمانی یا بهداشتی زیرمجموعه دانشگاه برنامه ریزی و اجرا گردد . - محدودیت در ارائه خوابگاه | ادامه پذیرش از تمام متقاضیان سراسر کشور، با ترتیب اولویت متقاضیان«بومی مناطق تحت پوشش دانشگاه علوم پزشکی زاهدان(شهرستان های )تفتان، خاش، زاهدان، سراوان، سیب سوران، گلشن، میرجاوه » و بعد«استان سیستان و بلوچستان » و در آخر«سایر استان ها» | رشته محل های پزشکی و دندان پزشکی دارای تعهد خدمت موضوع مصوبات شورای عالی انقلاب فرهنگی
38778,پزشکی,دانشگاه علوم پزشکی و خدمات بهداشتی درمانی شهرکرد,شرایط خاص,تعهد خدمت,5,160,دانشگاه علوم پزشکی و خدمات بهداشتی درمانی شهرکرد - دارای تعهد خدمت یک و نیم برابر طول مدت تحصیل در مناطق مورد نیاز دانشگاه علوم پزشکی زاهدان - عدم تعهد در واگذاری خوابگاه | ادامه پذیرش از تمام متقاضیان سراسر کشور، با ترتیب اولویت متقاضیان«بومی مناطق تحت پوشش دانشگاه علوم پزشکی زاهدان(شهرستان های )تفتان، خاش، زاهدان، سراوان، سیب سوران، گلشن، میرجاوه » و بعد«استان سیستان و بلوچستان » و در آخر«سایر استان ها» | رشته محل های پزشکی و دندان پزشکی دارای تعهد خدمت موضوع مصوبات شورای عالی انقلاب فرهنگی
38782,پزشکی,دانشگاه علوم پزشکی و خدمات بهداشتی درمانی شهید بهشتی - تهران,شرایط خاص,تعهد خدمت,5,160,دانشگاه علوم پزشکی و خدمات بهداشتی درمانی شهید بهشتی - تهران - دارای تعهد خدمت یک و نیم برابر طول مدت تحصیل در مناطق مورد نیاز دانشگاه علوم پزشکی زاهدان | ادامه پذیرش از تمام متقاضیان سراسر کشور، با ترتیب اولویت متقاضیان«بومی مناطق تحت پوشش دانشگاه علوم پزشکی زاهدان(شهرستان های )تفتان، خاش، زاهدان، سراوان، سیب سوران، گلشن، میرجاوه » و بعد«استان سیستان و بلوچستان » و در آخر«سایر استان ها» | رشته محل های پزشکی و دندان پزشکی دارای تعهد خدمت موضوع مصوبات شورای عالی انقلاب فرهنگی
38786,پزشکی,دانشگاه علوم پزشکی و خدمات بهداشتی درمانی شیراز,شرایط خاص,تعهد خدمت,5,160,دانشگاه علوم پزشکی و خدمات بهداشتی درمانی شیراز - دارای تعهد خدمت یک و نیم برابر طول مدت تحصیل در مناطق مورد نیاز دانشگاه علوم پزشکی زاهدان - محدودیت در ارائه خوابگاه | ادامه پذیرش از تمام متقاضیان سراسر کشور، با ترتیب اولویت متقاضیان«بومی مناطق تحت پوشش دانشگاه علوم پزشکی زاهدان(شهرستان های )تفتان، خاش، زاهدان، سراوان، سیب سوران، گلشن، میرجاوه » و بعد«استان سیستان و بلوچستان » و در آخر«سایر استان ها» | رشته محل های پزشکی و دندان پزشکی دارای تعهد خدمت موضوع مصوبات شورای عالی انقلاب فرهنگی
38790,پزشکی,دانشگاه علوم پزشکی و خدمات بهداشتی درمانی قزوین,شرایط خاص,تعهد خدمت,3,160,دانشگاه علوم پزشکی و خدمات بهداشتی درمانی قزوین - دارای تعهد خدمت یک و نیم برابر طول مدت تحصیل در مناطق مورد نیاز دانشگاه علوم پزشکی زاهدان - عدم تعهد در واگذاری خوابگاه | ادامه پذیرش از تمام متقاضیان سراسر کشور، با ترتیب اولویت متقاضیان«بومی مناطق تحت پوشش دانشگاه علوم پزشکی زاهدان(شهرستان های )تفتان، خاش، زاهدان، سراوان، سیب سوران، گلشن، میرجاوه » و بعد«استان سیستان و بلوچستان » و در آخر«سایر استان ها» | رشته محل های پزشکی و دندان پزشکی دارای تعهد خدمت موضوع مصوبات شورای عالی انقلاب فرهنگی
38794,پزشکی,دانشگاه علوم پزشکی و خدمات بهداشتی درمانی قم,شرایط خاص,تعهد خدمت,3,160,دانشگاه علوم پزشکی و خدمات بهداشتی درمانی قم - دارای تعهد خدمت یک و نیم برابر طول مدت تحصیل در مناطق مورد نیاز دانشگاه علوم پزشکی زاهدان - عدم تعهد در واگذاری خوابگاه | ادامه پذیرش از تمام متقاضیان سراسر کشور، با ترتیب اولویت متقاضیان«بومی مناطق تحت پوشش دانشگاه علوم پزشکی زاهدان(شهرستان های )تفتان، خاش، زاهدان، سراوان، سیب سوران، گلشن، میرجاوه » و بعد«استان سیستان و بلوچستان » و در آخر«سایر استان ها» | رشته محل های پزشکی و دندان پزشکی دارای تعهد خدمت موضوع مصوبات شورای عالی انقلاب فرهنگی
38798,پزشکی,دانشگاه علوم پزشکی و خدمات بهداشتی درمانی کاشان,شرایط خاص,تعهد خدمت,3,160,دانشگاه علوم پزشکی و خدمات بهداشتی درمانی کاشان - دارای تعهد خدمت یک و نیم برابر طول مدت تحصیل در مناطق مورد نیاز دانشگاه علوم پزشکی زاهدان - عدم تعهد در واگذاری خوابگاه | ادامه پذیرش از تمام متقاضیان سراسر کشور، با ترتیب اولویت متقاضیان«بومی مناطق تحت پوشش دانشگاه علوم پزشکی زاهدان(شهرستان های )تفتان، خاش، زاهدان، سراوان، سیب سوران، گلشن، میرجاوه » و بعد«استان سیستان و بلوچستان » و در آخر«سایر استان ها» | رشته محل های پزشکی و دندان پزشکی دارای تعهد خدمت موضوع مصوبات شورای عالی انقلاب فرهنگی
38802,پزشکی,دانشگاه علوم پزشکی و خدمات بهداشتی درمانی کرمان,شرایط خاص,تعهد خدمت,10,160,دانشگاه علوم پزشکی و خدمات بهداشتی درمانی کرمان - دارای تعهد خدمت یک و نیم برابر طول مدت تحصیل در مناطق مورد نیاز دانشگاه علوم پزشکی زاهدان - فاقد خوابگاه | ادامه پذیرش از تمام متقاضیان سراسر کشور، با ترتیب اولویت متقاضیان«بومی مناطق تحت پوشش دانشگاه علوم پزشکی زاهدان(شهرستان های )تفتان، خاش، زاهدان، سراوان، سیب سوران، گلشن، میرجاوه » و بعد«استان سیستان و بلوچستان » و در آخر«سایر استان ها» | رشته محل های پزشکی و دندان پزشکی دارای تعهد خدمت موضوع مصوبات شورای عالی انقلاب فرهنگی
38806,پزشکی,دانشگاه علوم پزشکی و خدمات بهداشتی درمانی کرمانشاه,شرایط خاص,تعهد خدمت,2,160,دانشگاه علوم پزشکی و خدمات بهداشتی درمانی کرمانشاه - دارای تعهد خدمت یک و نیم برابر طول مدت تحصیل در مناطق مورد نیاز دانشگاه علوم پزشکی زاهدان - عدم تعهد در واگذاری خوابگاه | ادامه پذیرش از تمام متقاضیان سراسر کشور، با ترتیب اولویت متقاضیان«بومی مناطق تحت پوشش دانشگاه علوم پزشکی زاهدان(شهرستان های )تفتان، خاش، زاهدان، سراوان، سیب سوران، گلشن، میرجاوه » و بعد«استان سیستان و بلوچستان » و در آخر«سایر استان ها» | رشته محل های پزشکی و دندان پزشکی دارای تعهد خدمت موضوع مصوبات شورای عالی انقلاب فرهنگی
38809,پزشکی,دانشگاه علوم پزشکی و خدمات بهداشتی درمانی گیالن - رشت,شرایط خاص,تعهد خدمت,2,160,دانشگاه علوم پزشکی و خدمات بهداشتی درمانی گیالن - رشت - دارای تعهد خدمت یک و نیم برابر طول مدت تحصیل در مناطق مورد نیاز دانشگاه علوم پزشکی زاهدان - فاقد خوابگاه | ادامه پذیرش از تمام متقاضیان سراسر کشور، با ترتیب اولویت متقاضیان«بومی مناطق تحت پوشش دانشگاه علوم پزشکی زاهدان(شهرستان های )تفتان، خاش، زاهدان، سراوان، سیب سوران، گلشن، میرجاوه » و بعد«استان سیستان و بلوچستان » و در آخر«سایر استان ها» | رشته محل های پزشکی و دندان پزشکی دارای تعهد خدمت موضوع مصوبات شورای عالی انقلاب فرهنگی
38812,پزشکی,دانشگاه علوم پزشکی و خدمات بهداشتی درمانی مازندران - ساری,شرایط خاص,تعهد خدمت,1,160,دانشگاه علوم پزشکی و خدمات بهداشتی درمانی مازندران - ساری - دارای تعهد خدمت یک و نیم برابر طول مدت تحصیل در مناطق مورد نیاز دانشگاه علوم پزشکی زاهدان | ادامه پذیرش از تمام متقاضیان سراسر کشور، با ترتیب اولویت متقاضیان«بومی مناطق تحت پوشش دانشگاه علوم پزشکی زاهدان(شهرستان های )تفتان، خاش، زاهدان، سراوان، سیب سوران، گلشن، میرجاوه » و بعد«استان سیستان و بلوچستان » و در آخر«سایر استان ها» | رشته محل های پزشکی و دندان پزشکی دارای تعهد خدمت موضوع مصوبات شورای عالی انقلاب فرهنگی
38815,پزشکی,دانشگاه علوم پزشکی و خدمات بهداشتی درمانی مشهد,شرایط خاص,تعهد خدمت,5,160,دانشگاه علوم پزشکی و خدمات بهداشتی درمانی مشهد - دارای تعهد خدمت یک و نیم برابر طول مدت تحصیل در مناطق مورد نیاز دانشگاه علوم پزشکی زاهدان - عدم تعهد در واگذاری خوابگاه | ادامه پذیرش از تمام متقاضیان سراسر کشور، با ترتیب اولویت متقاضیان«بومی مناطق تحت پوشش دانشگاه علوم پزشکی زاهدان(شهرستان های )تفتان، خاش، زاهدان، سراوان، سیب سوران، گلشن، میرجاوه » و بعد«استان سیستان و بلوچستان » و در آخر«سایر استان ها» | رشته محل های پزشکی و دندان پزشکی دارای تعهد خدمت موضوع مصوبات شورای عالی انقلاب فرهنگی
38819,پزشکی,دانشگاه علوم پزشکی و خدمات بهداشتی درمانی نیشابور,شرایط خاص,تعهد خدمت,1,160,دانشگاه علوم پزشکی و خدمات بهداشتی درمانی نیشابور - دارای تعهد خدمت یک و نیم برابر طول مدت تحصیل در مناطق مورد نیاز دانشگاه علوم پزشکی زاهدان - عدم تعهد در واگذاری خوابگاه | ادامه پذیرش از تمام متقاضیان سراسر کشور، با ترتیب اولویت متقاضیان«بومی مناطق تحت پوشش دانشگاه علوم پزشکی زاهدان(شهرستان های )تفتان، خاش، زاهدان، سراوان، سیب سوران، گلشن، میرجاوه » و بعد«استان سیستان و بلوچستان » و در آخر«سایر استان ها» | رشته محل های پزشکی و دندان پزشکی دارای تعهد خدمت موضوع مصوبات شورای عالی انقلاب فرهنگی
38821,پزشکی,دانشگاه علوم پزشکی و خدمات بهداشتی درمانی همدان,شرایط خاص,تعهد خدمت,1,161,دانشگاه علوم پزشکی و خدمات بهداشتی درمانی همدان - دارای تعهد خدمت یک و نیم برابر طول مدت تحصیل در مناطق مورد نیاز دانشگاه علوم پزشکی زاهدان - اول خوابگاه خودگردان ،سال خوابگاه از سال دوم ملکی | ادامه پذیرش از تمام متقاضیان سراسر کشور، با ترتیب اولویت متقاضیان«بومی مناطق تحت پوشش دانشگاه علوم پزشکی زاهدان(شهرستان های )تفتان، خاش، زاهدان، سراوان، سیب سوران، گلشن، میرجاوه » و بعد«استان سیستان و بلوچستان » و در آخر«سایر استان ها» | رشته محل های پزشکی و دندان پزشکی دارای تعهد خدمت موضوع مصوبات شورای عالی انقلاب فرهنگی
38824,پزشکی,دانشگاه علوم پزشکی و خدمات بهداشتی درمانی یزد,شرایط خاص,تعهد خدمت,5,161,دانشگاه علوم پزشکی و خدمات بهداشتی درمانی یزد - دارای تعهد خدمت یک و نیم برابر طول مدت تحصیل در مناطق مورد نیاز دانشگاه علوم پزشکی زاهدان - عدم تعهد در واگذاری خوابگاه | ادامه پذیرش از تمام متقاضیان سراسر کشور، با ترتیب اولویت متقاضیان«بومی مناطق تحت پوشش دانشگاه علوم پزشکی زاهدان(شهرستان های )تفتان، خاش، زاهدان، سراوان، سیب سوران، گلشن، میرجاوه » و بعد«استان سیستان و بلوچستان » و در آخر«سایر استان ها» | رشته محل های پزشکی و دندان پزشکی دارای تعهد خدمت موضوع مصوبات شورای عالی انقلاب فرهنگی
38828,دندانپزشکی,دانشگاه علوم پزشکی و خدمات بهداشتی درمانی بجنورد,شرایط خاص,تعهد خدمت,5,161,دانشگاه علوم پزشکی و خدمات بهداشتی درمانی بجنورد - دارای تعهد خدمت یک و نیم برابر طول مدت تحصیل در مناطق مورد نیاز دانشگاه علوم پزشکی زاهدان - عدم تعهد در واگذاری خوابگاه | ادامه پذیرش از تمام متقاضیان سراسر کشور، با ترتیب اولویت متقاضیان«بومی مناطق تحت پوشش دانشگاه علوم پزشکی زاهدان(شهرستان های )تفتان، خاش، زاهدان، سراوان، سیب سوران، گلشن، میرجاوه » و بعد«استان سیستان و بلوچستان » و در آخر«سایر استان ها» | رشته محل های پزشکی و دندان پزشکی دارای تعهد خدمت موضوع مصوبات شورای عالی انقلاب فرهنگی
38831,دندانپزشکی,دانشگاه علوم پزشکی و خدمات بهداشتی درمانی بیرجند,شرایط خاص,تعهد خدمت,1,161,دانشگاه علوم پزشکی و خدمات بهداشتی درمانی بیرجند - دارای تعهد خدمت یک و نیم برابر طول مدت تحصیل در مناطق مورد نیاز دانشگاه علوم پزشکی زاهدان - عدم تعهد در واگذاری خوابگاه | ادامه پذیرش از تمام متقاضیان سراسر کشور، با ترتیب اولویت متقاضیان«بومی مناطق تحت پوشش دانشگاه علوم پزشکی زاهدان(شهرستان های )تفتان، خاش، زاهدان، سراوان، سیب سوران، گلشن، میرجاوه » و بعد«استان سیستان و بلوچستان » و در آخر«سایر استان ها» | رشته محل های پزشکی و دندان پزشکی دارای تعهد خدمت موضوع مصوبات شورای عالی انقلاب فرهنگی
38832,دندانپزشکی,دانشگاه علوم پزشکی و خدمات بهداشتی درمانی تهران,شرایط خاص,تعهد خدمت,1,161,دانشگاه علوم پزشکی و خدمات بهداشتی درمانی تهران - دارای تعهد خدمت یک و نیم برابر طول مدت تحصیل در مناطق مورد نیاز دانشگاه علوم پزشکی زاهدان - دارای خوابگاه ملکی | ادامه پذیرش از تمام متقاضیان سراسر کشور، با ترتیب اولویت متقاضیان«بومی مناطق تحت پوشش دانشگاه علوم پزشکی زاهدان(شهرستان های )تفتان، خاش، زاهدان، سراوان، سیب سوران، گلشن، میرجاوه » و بعد«استان سیستان و بلوچستان » و در آخر«سایر استان ها» | رشته محل های پزشکی و دندان پزشکی دارای تعهد خدمت موضوع مصوبات شورای عالی انقلاب فرهنگی
38837,دندانپزشکی,دانشگاه علوم پزشکی و خدمات بهداشتی درمانی زاهدان,شرایط خاص,تعهد خدمت,11,161,دانشگاه علوم پزشکی و خدمات بهداشتی درمانی زاهدان - دارای تعهد خدمت یک و نیم برابر طول مدت تحصیل در مناطق مورد نیاز دانشگاه علوم پزشکی زاهدان - عدم تعهد در واگذاری خوابگاه | ادامه پذیرش از تمام متقاضیان سراسر کشور، با ترتیب اولویت متقاضیان«بومی مناطق تحت پوشش دانشگاه علوم پزشکی زاهدان(شهرستان های )تفتان، خاش، زاهدان، سراوان، سیب سوران، گلشن، میرجاوه » و بعد«استان سیستان و بلوچستان » و در آخر«سایر استان ها» | رشته محل های پزشکی و دندان پزشکی دارای تعهد خدمت موضوع مصوبات شورای عالی انقلاب فرهنگی
38848,دندانپزشکی,دانشگاه علوم پزشکی و خدمات بهداشتی درمانی کرمان,شرایط خاص,تعهد خدمت,2,161,دانشگاه علوم پزشکی و خدمات بهداشتی درمانی کرمان - دارای تعهد خدمت یک و نیم برابر طول مدت تحصیل در مناطق مورد نیاز دانشگاه علوم پزشکی زاهدان - فاقد خوابگاه | ادامه پذیرش از تمام متقاضیان سراسر کشور، با ترتیب اولویت متقاضیان«بومی مناطق تحت پوشش دانشگاه علوم پزشکی زاهدان(شهرستان های )تفتان، خاش، زاهدان، سراوان، سیب سوران، گلشن، میرجاوه » و بعد«استان سیستان و بلوچستان » و در آخر«سایر استان ها» | رشته محل های پزشکی و دندان پزشکی دارای تعهد خدمت موضوع مصوبات شورای عالی انقلاب فرهنگی
38852,دندانپزشکی,دانشگاه علوم پزشکی و خدمات بهداشتی درمانی مشهد,شرایط خاص,تعهد خدمت,7,161,دانشگاه علوم پزشکی و خدمات بهداشتی درمانی مشهد - دارای تعهد خدمت یک و نیم برابر طول مدت تحصیل در مناطق مورد نیاز دانشگاه علوم پزشکی زاهدان - عدم تعهد در واگذاری خوابگاه | ادامه پذیرش از تمام متقاضیان سراسر کشور، با ترتیب اولویت متقاضیان«بومی مناطق تحت پوشش دانشگاه علوم پزشکی زاهدان(شهرستان های )تفتان، خاش، زاهدان، سراوان، سیب سوران، گلشن، میرجاوه » و بعد«استان سیستان و بلوچستان » و در آخر«سایر استان ها» | رشته محل های پزشکی و دندان پزشکی دارای تعهد خدمت موضوع مصوبات شورای عالی انقلاب فرهنگی
38856,دندانپزشکی,دانشگاه علوم پزشکی و خدمات بهداشتی درمانی یزد,شرایط خاص,تعهد خدمت,3,161,دانشگاه علوم پزشکی و خدمات بهداشتی درمانی یزد - دارای تعهد خدمت یک و نیم برابر طول مدت تحصیل در مناطق مورد نیاز دانشگاه علوم پزشکی زاهدان - عدم تعهد در واگذاری خوابگاه | ادامه پذیرش از تمام متقاضیان سراسر کشور، با ترتیب اولویت متقاضیان«بومی مناطق تحت پوشش دانشگاه علوم پزشکی زاهدان(شهرستان های )تفتان، خاش، زاهدان، سراوان، سیب سوران، گلشن، میرجاوه » و بعد«استان سیستان و بلوچستان » و در آخر«سایر استان ها» | رشته محل های پزشکی و دندان پزشکی دارای تعهد خدمت موضوع مصوبات شورای عالی انقلاب فرهنگی
38693,پزشکی,دانشگاه علوم پزشکی و خدمات بهداشتی درمانی اراک,شرایط خاص,تعهد خدمت,1,161,دانشگاه علوم پزشکی و خدمات بهداشتی درمانی اراک - دارای تعهد خدمت یک و نیم برابر طول مدت تحصیل در مناطق مورد نیاز دانشگاه علوم پزشکی زابل - فاقد خوابگاه | پذیرش از تمام متقاضیان سراسر کشور، با ترتیب اولویت متقاضیان« بومی مناطق تحت پوشش دانشگاه علوم پزشکی زابل(شهرستان)های زابل، زهک، نیمروز، هامون، هیرمند » و بعد«استان سیستان و بلوچستان » و در آخر« سایر استان ها» | رشته محل های پزشکی و دندان پزشکی دارای تعهد خدمت موضوع مصوبات شورای عالی انقلاب فرهنگی
38697,پزشکی,دانشگاه علوم پزشکی و خدمات بهداشتی درمانی اردبیل,شرایط خاص,تعهد خدمت,1,161,دانشگاه علوم پزشکی و خدمات بهداشتی درمانی اردبیل - دارای تعهد خدمت یک و نیم برابر طول مدت تحصیل در مناطق مورد نیاز دانشگاه علوم پزشکی زابل - فاقد خوابگاه | پذیرش از تمام متقاضیان سراسر کشور، با ترتیب اولویت متقاضیان« بومی مناطق تحت پوشش دانشگاه علوم پزشکی زابل(شهرستان)های زابل، زهک، نیمروز، هامون، هیرمند » و بعد«استان سیستان و بلوچستان » و در آخر« سایر استان ها» دانشگاه علوم پزشکی و خدمات بهداشتی درمانی اراک- دارای مرد زن - 1 دکتری عمومی پزشکی 38693 با آزمون تعهد خدمت یک و نیم برابر طول مدت تحصیل در مناطق مورد نیاز دانشگاه علوم پزشکی زابل- فاقد خوابگاه | رشته محل های پزشکی و دندان پزشکی دارای تعهد خدمت موضوع مصوبات شورای عالی انقلاب فرهنگی
38699,پزشکی,دانشگاه علوم پزشکی و خدمات بهداشتی درمانی ارومیه,شرایط خاص,تعهد خدمت,1,161,دانشگاه علوم پزشکی و خدمات بهداشتی درمانی ارومیه - دارای تعهد خدمت یک و نیم برابر طول مدت تحصیل در مناطق مورد نیاز دانشگاه علوم پزشکی زابل - عدم تعهد در واگذاری خوابگاه | پذیرش از تمام متقاضیان سراسر کشور، با ترتیب اولویت متقاضیان« بومی مناطق تحت پوشش دانشگاه علوم پزشکی زابل(شهرستان)های زابل، زهک، نیمروز، هامون، هیرمند » و بعد«استان سیستان و بلوچستان » و در آخر« سایر استان ها» دانشگاه علوم پزشکی و خدمات بهداشتی درمانی اراک- دارای مرد زن - 1 دکتری عمومی پزشکی 38693 با آزمون تعهد خدمت یک و نیم برابر طول مدت تحصیل در مناطق مورد نیاز دانشگاه علوم پزشکی زابل- فاقد خوابگاه دانشگاه علوم پزشکی و خدمات بهداشتی درمانی اردبیل- دارای مرد زن 1 - دکتری عمومی پزشکی 38697 با آزمون تعهد خدمت یک و نیم برابر طول مدت تحصیل در مناطق مورد نیاز دانشگاه علوم پزشکی زابل- فاقد خوابگاه | رشته محل های پزشکی و دندان پزشکی دارای تعهد خدمت موضوع مصوبات شورای عالی انقلاب فرهنگی
38702,پزشکی,دانشگاه علوم پزشکی و خدمات بهداشتی درمانی اصفهان,شرایط خاص,تعهد خدمت,2,161,دانشگاه علوم پزشکی و خدمات بهداشتی درمانی اصفهان - دارای تعهد خدمت یک و نیم برابر طول مدت تحصیل در مناطق مورد نیاز دانشگاه علوم پزشکی زابل - محدودیت در ارائه خوابگاه | پذیرش از تمام متقاضیان سراسر کشور، با ترتیب اولویت متقاضیان« بومی مناطق تحت پوشش دانشگاه علوم پزشکی زابل(شهرستان)های زابل، زهک، نیمروز، هامون، هیرمند » و بعد«استان سیستان و بلوچستان » و در آخر« سایر استان ها» دانشگاه علوم پزشکی و خدمات بهداشتی درمانی اراک- دارای مرد زن - 1 دکتری عمومی پزشکی 38693 با آزمون تعهد خدمت یک و نیم برابر طول مدت تحصیل در مناطق مورد نیاز دانشگاه علوم پزشکی زابل- فاقد خوابگاه دانشگاه علوم پزشکی و خدمات بهداشتی درمانی اردبیل- دارای مرد زن 1 - دکتری عمومی پزشکی 38697 با آزمون تعهد خدمت یک و نیم برابر طول مدت تحصیل در مناطق مورد نیاز دانشگاه علوم پزشکی زابل- فاقد خوابگاه دانشگاه علوم پزشکی و خدمات بهداشتی درمانی ارومیه- دارای مرد زن 1 - دکتری عمومی پزشکی 38699 با آزمون تعهد خدمت یک و نیم برابر طول مدت تحصیل در مناطق مورد نیاز دانشگاه علوم پزشکی زابل- عدم تعهد در واگذاری خوابگاه | رشته محل های پزشکی و دندان پزشکی دارای تعهد خدمت موضوع مصوبات شورای عالی انقلاب فرهنگی
38706,پزشکی,دانشگاه علوم پزشکی و خدمات بهداشتی درمانی البرز - کرج,شرایط خاص,تعهد خدمت,2,162,دانشگاه علوم پزشکی و خدمات بهداشتی درمانی البرز - کرج - دارای تعهد خدمت یک و نیم برابر طول مدت تحصیل در مناطق مورد نیاز دانشگاه علوم پزشکی زابل - فاقد خوابگاه | ادامه پذیرش از تمام متقاضیان سراسر کشور، با ترتیب اولویت متقاضیان« بومی مناطق تحت پوشش دانشگاه علوم پزشکی زابل(شهرستان)های زابل، زهک، نیمروز، هامون، هیرمند » و بعد« استان سیستان و بلوچستان » و در آخر«سایر استان ها» | رشته محل های پزشکی و دندان پزشکی دارای تعهد خدمت موضوع مصوبات شورای عالی انقلاب فرهنگی
38710,پزشکی,دانشگاه علوم پزشکی و خدمات بهداشتی درمانی ایران,شرایط خاص,تعهد خدمت,5,162,دانشگاه علوم پزشکی و خدمات بهداشتی درمانی ایران - دارای تعهد خدمت یک و نیم برابر طول مدت تحصیل در مناطق مورد نیاز دانشگاه علوم پزشکی زابل - محدودیت در ارائه خوابگاه | ادامه پذیرش از تمام متقاضیان سراسر کشور، با ترتیب اولویت متقاضیان« بومی مناطق تحت پوشش دانشگاه علوم پزشکی زابل(شهرستان)های زابل، زهک، نیمروز، هامون، هیرمند » و بعد« استان سیستان و بلوچستان » و در آخر«سایر استان ها» | رشته محل های پزشکی و دندان پزشکی دارای تعهد خدمت موضوع مصوبات شورای عالی انقلاب فرهنگی
38715,پزشکی,دانشگاه علوم پزشکی و خدمات بهداشتی درمانی بابل,شرایط خاص,تعهد خدمت,4,162,دانشگاه علوم پزشکی و خدمات بهداشتی درمانی بابل - دارای تعهد خدمت یک و نیم برابر طول مدت تحصیل در مناطق مورد نیاز دانشگاه علوم پزشکی زابل - فاقد خوابگاه | ادامه پذیرش از تمام متقاضیان سراسر کشور، با ترتیب اولویت متقاضیان« بومی مناطق تحت پوشش دانشگاه علوم پزشکی زابل(شهرستان)های زابل، زهک، نیمروز، هامون، هیرمند » و بعد« استان سیستان و بلوچستان » و در آخر«سایر استان ها» | رشته محل های پزشکی و دندان پزشکی دارای تعهد خدمت موضوع مصوبات شورای عالی انقلاب فرهنگی
38719,پزشکی,دانشگاه علوم پزشکی و خدمات بهداشتی درمانی بجنورد,شرایط خاص,تعهد خدمت,3,162,دانشگاه علوم پزشکی و خدمات بهداشتی درمانی بجنورد - دارای تعهد خدمت یک و نیم برابر طول مدت تحصیل در مناطق مورد نیاز دانشگاه علوم پزشکی زابل - عدم تعهد در واگذاری خوابگاه | ادامه پذیرش از تمام متقاضیان سراسر کشور، با ترتیب اولویت متقاضیان« بومی مناطق تحت پوشش دانشگاه علوم پزشکی زابل(شهرستان)های زابل، زهک، نیمروز، هامون، هیرمند » و بعد« استان سیستان و بلوچستان » و در آخر«سایر استان ها» | رشته محل های پزشکی و دندان پزشکی دارای تعهد خدمت موضوع مصوبات شورای عالی انقلاب فرهنگی
38722,پزشکی,دانشگاه علوم پزشکی و خدمات بهداشتی درمانی بیرجند,شرایط خاص,تعهد خدمت,7,162,دانشگاه علوم پزشکی و خدمات بهداشتی درمانی بیرجند - دارای تعهد خدمت یک و نیم برابر طول مدت تحصیل در مناطق مورد نیاز دانشگاه علوم پزشکی زابل - عدم تعهد در واگذاری خوابگاه | ادامه پذیرش از تمام متقاضیان سراسر کشور، با ترتیب اولویت متقاضیان« بومی مناطق تحت پوشش دانشگاه علوم پزشکی زابل(شهرستان)های زابل، زهک، نیمروز، هامون، هیرمند » و بعد« استان سیستان و بلوچستان » و در آخر«سایر استان ها» | رشته محل های پزشکی و دندان پزشکی دارای تعهد خدمت موضوع مصوبات شورای عالی انقلاب فرهنگی
38727,پزشکی,دانشگاه علوم پزشکی و خدمات بهداشتی درمانی تبریز,شرایط خاص,تعهد خدمت,5,162,دانشگاه علوم پزشکی و خدمات بهداشتی درمانی تبریز - دارای تعهد خدمت یک و نیم برابر طول مدت تحصیل در مناطق مورد نیاز دانشگاه علوم پزشکی زابل | ادامه پذیرش از تمام متقاضیان سراسر کشور، با ترتیب اولویت متقاضیان« بومی مناطق تحت پوشش دانشگاه علوم پزشکی زابل(شهرستان)های زابل، زهک، نیمروز، هامون، هیرمند » و بعد« استان سیستان و بلوچستان » و در آخر«سایر استان ها» | رشته محل های پزشکی و دندان پزشکی دارای تعهد خدمت موضوع مصوبات شورای عالی انقلاب فرهنگی
38731,پزشکی,دانشگاه علوم پزشکی و خدمات بهداشتی درمانی تربت حیدریه,شرایط خاص,تعهد خدمت,2,162,دانشگاه علوم پزشکی و خدمات بهداشتی درمانی تربت حیدریه - دارای تعهد خدمت یک و نیم برابر طول مدت تحصیل در مناطق مورد نیاز دانشگاه علوم پزشکی زابل - محدودیت در ارائه خوابگاه | ادامه پذیرش از تمام متقاضیان سراسر کشور، با ترتیب اولویت متقاضیان« بومی مناطق تحت پوشش دانشگاه علوم پزشکی زابل(شهرستان)های زابل، زهک، نیمروز، هامون، هیرمند » و بعد« استان سیستان و بلوچستان » و در آخر«سایر استان ها» | رشته محل های پزشکی و دندان پزشکی دارای تعهد خدمت موضوع مصوبات شورای عالی انقلاب فرهنگی
38735,پزشکی,دانشگاه علوم پزشکی و خدمات بهداشتی درمانی تهران,شرایط خاص,تعهد خدمت,8,162,دانشگاه علوم پزشکی و خدمات بهداشتی درمانی تهران - دارای تعهد خدمت یک و نیم برابر طول مدت تحصیل در مناطق مورد نیاز دانشگاه علوم پزشکی زابل - دارای خوابگاه ملکی | ادامه پذیرش از تمام متقاضیان سراسر کشور، با ترتیب اولویت متقاضیان« بومی مناطق تحت پوشش دانشگاه علوم پزشکی زابل(شهرستان)های زابل، زهک، نیمروز، هامون، هیرمند » و بعد« استان سیستان و بلوچستان » و در آخر«سایر استان ها» | رشته محل های پزشکی و دندان پزشکی دارای تعهد خدمت موضوع مصوبات شورای عالی انقلاب فرهنگی
38739,پزشکی,دانشگاه علوم پزشکی و خدمات بهداشتی درمانی جندی شاپور اهواز,شرایط خاص,تعهد خدمت,5,162,دانشگاه علوم پزشکی و خدمات بهداشتی درمانی جندی شاپور اهواز - دارای تعهد خدمت یک و نیم برابر طول مدت تحصیل در مناطق مورد نیاز دانشگاه علوم پزشکی زابل | ادامه پذیرش از تمام متقاضیان سراسر کشور، با ترتیب اولویت متقاضیان« بومی مناطق تحت پوشش دانشگاه علوم پزشکی زابل(شهرستان)های زابل، زهک، نیمروز، هامون، هیرمند » و بعد« استان سیستان و بلوچستان » و در آخر«سایر استان ها» | رشته محل های پزشکی و دندان پزشکی دارای تعهد خدمت موضوع مصوبات شورای عالی انقلاب فرهنگی
38743,پزشکی,دانشگاه علوم پزشکی و خدمات بهداشتی درمانی جهرم,شرایط خاص,تعهد خدمت,5,162,دانشگاه علوم پزشکی و خدمات بهداشتی درمانی جهرم - دارای تعهد خدمت یک و نیم برابر طول مدت تحصیل در مناطق مورد نیاز دانشگاه علوم پزشکی زابل - محدودیت در ارائه خوابگاه | ادامه پذیرش از تمام متقاضیان سراسر کشور، با ترتیب اولویت متقاضیان« بومی مناطق تحت پوشش دانشگاه علوم پزشکی زابل(شهرستان)های زابل، زهک، نیمروز، هامون، هیرمند » و بعد« استان سیستان و بلوچستان » و در آخر«سایر استان ها» | رشته محل های پزشکی و دندان پزشکی دارای تعهد خدمت موضوع مصوبات شورای عالی انقلاب فرهنگی
38747,پزشکی,دانشگاه علوم پزشکی و خدمات بهداشتی درمانی جیرفت,شرایط خاص,تعهد خدمت,5,162,دانشگاه علوم پزشکی و خدمات بهداشتی درمانی جیرفت - دارای تعهد خدمت یک و نیم برابر طول مدت تحصیل در مناطق مورد نیاز دانشگاه علوم پزشکی زابل - فاقد خوابگاه | ادامه پذیرش از تمام متقاضیان سراسر کشور، با ترتیب اولویت متقاضیان« بومی مناطق تحت پوشش دانشگاه علوم پزشکی زابل(شهرستان)های زابل، زهک، نیمروز، هامون، هیرمند » و بعد« استان سیستان و بلوچستان » و در آخر«سایر استان ها» | رشته محل های پزشکی و دندان پزشکی دارای تعهد خدمت موضوع مصوبات شورای عالی انقلاب فرهنگی
38751,پزشکی,دانشگاه علوم پزشکی و خدمات بهداشتی درمانی دزفول,شرایط خاص,تعهد خدمت,1,162,دانشگاه علوم پزشکی و خدمات بهداشتی درمانی دزفول - دارای تعهد خدمت یک و نیم برابر طول مدت تحصیل در مناطق مورد نیاز دانشگاه علوم پزشکی زابل - عدم تعهد در واگذاری خوابگاه | ادامه پذیرش از تمام متقاضیان سراسر کشور، با ترتیب اولویت متقاضیان« بومی مناطق تحت پوشش دانشگاه علوم پزشکی زابل(شهرستان)های زابل، زهک، نیمروز، هامون، هیرمند » و بعد« استان سیستان و بلوچستان » و در آخر«سایر استان ها» | رشته محل های پزشکی و دندان پزشکی دارای تعهد خدمت موضوع مصوبات شورای عالی انقلاب فرهنگی
38756,پزشکی,دانشگاه علوم پزشکی و خدمات بهداشتی درمانی رفسنجان,شرایط خاص,تعهد خدمت,5,162,دانشگاه علوم پزشکی و خدمات بهداشتی درمانی رفسنجان - دارای تعهد خدمت یک و نیم برابر طول مدت تحصیل در مناطق مورد نیاز دانشگاه علوم پزشکی زابل - انتقال بر اساس شرایط آیین نامه - عدم تعهد در واگذاری خوابگاه | ادامه پذیرش از تمام متقاضیان سراسر کشور، با ترتیب اولویت متقاضیان« بومی مناطق تحت پوشش دانشگاه علوم پزشکی زابل(شهرستان)های زابل، زهک، نیمروز، هامون، هیرمند » و بعد« استان سیستان و بلوچستان » و در آخر«سایر استان ها» | رشته محل های پزشکی و دندان پزشکی دارای تعهد خدمت موضوع مصوبات شورای عالی انقلاب فرهنگی
38759,پزشکی,دانشگاه علوم پزشکی و خدمات بهداشتی درمانی زابل,شرایط خاص,تعهد خدمت,46,162,دانشگاه علوم پزشکی و خدمات بهداشتی درمانی زابل - دارای تعهد خدمت یک و نیم برابر طول دوره تحصیل در مناطق مورد نیاز دانشگاه علوم پزشکی زابل | ادامه پذیرش از تمام متقاضیان سراسر کشور، با ترتیب اولویت متقاضیان« بومی مناطق تحت پوشش دانشگاه علوم پزشکی زابل(شهرستان)های زابل، زهک، نیمروز، هامون، هیرمند » و بعد« استان سیستان و بلوچستان » و در آخر«سایر استان ها» | رشته محل های پزشکی و دندان پزشکی دارای تعهد خدمت موضوع مصوبات شورای عالی انقلاب فرهنگی
38763,پزشکی,دانشگاه علوم پزشکی و خدمات بهداشتی درمانی زاهدان,شرایط خاص,تعهد خدمت,19,163,دانشگاه علوم پزشکی و خدمات بهداشتی درمانی زاهدان - دارای تعهد خدمت یک و نیم برابر طول مدت تحصیل در مناطق مورد نیاز دانشگاه علوم پزشکی زابل - عدم تعهد در واگذاری خوابگاه | ادامه پذیرش از تمام متقاضیان سراسر کشور، با ترتیب اولویت متقاضیان« بومی مناطق تحت پوشش دانشگاه علوم پزشکی زابل(شهرستان)های زابل، زهک، نیمروز، هامون، هیرمند » و بعد«استان سیستان و بلوچستان » و در آخر«سایر استان ها» | رشته محل های پزشکی و دندان پزشکی دارای تعهد خدمت موضوع مصوبات شورای عالی انقلاب فرهنگی
38764,پزشکی,دانشگاه علوم پزشکی و خدمات بهداشتی درمانی زنجان,شرایط خاص,تعهد خدمت,5,163,دانشگاه علوم پزشکی و خدمات بهداشتی درمانی زنجان - دارای تعهد خدمت یک و نیم برابر طول مدت تحصیل در مناطق مورد نیاز دانشگاه علوم پزشکی زابل - فاقد خوابگاه | ادامه پذیرش از تمام متقاضیان سراسر کشور، با ترتیب اولویت متقاضیان« بومی مناطق تحت پوشش دانشگاه علوم پزشکی زابل(شهرستان)های زابل، زهک، نیمروز، هامون، هیرمند » و بعد«استان سیستان و بلوچستان » و در آخر«سایر استان ها» | رشته محل های پزشکی و دندان پزشکی دارای تعهد خدمت موضوع مصوبات شورای عالی انقلاب فرهنگی
38768,پزشکی,دانشگاه علوم پزشکی و خدمات بهداشتی درمانی سبزوار,شرایط خاص,تعهد خدمت,5,163,دانشگاه علوم پزشکی و خدمات بهداشتی درمانی سبزوار - دارای تعهد خدمت یک و نیم برابر طول مدت تحصیل در مناطق مورد نیاز دانشگاه علوم پزشکی زابل - عدم تعهد در واگذاری خوابگاه | ادامه پذیرش از تمام متقاضیان سراسر کشور، با ترتیب اولویت متقاضیان« بومی مناطق تحت پوشش دانشگاه علوم پزشکی زابل(شهرستان)های زابل، زهک، نیمروز، هامون، هیرمند » و بعد«استان سیستان و بلوچستان » و در آخر«سایر استان ها» | رشته محل های پزشکی و دندان پزشکی دارای تعهد خدمت موضوع مصوبات شورای عالی انقلاب فرهنگی
38772,پزشکی,دانشگاه علوم پزشکی و خدمات بهداشتی درمانی سمنان,شرایط خاص,تعهد خدمت,5,163,دانشگاه علوم پزشکی و خدمات بهداشتی درمانی سمنان - دارای تعهد خدمت یک و نیم برابر طول مدت تحصیل در مناطق مورد نیاز دانشگاه علوم پزشکی زابل - کارآموزی و کارورزی دانشجویان می تواند در هر یک از مراکز درمانی یا بهداشتی زیرمجموعه دانشگاه برنامه ریزی و اجرا گردد . - محدودیت در ارائه خوابگاه | ادامه پذیرش از تمام متقاضیان سراسر کشور، با ترتیب اولویت متقاضیان« بومی مناطق تحت پوشش دانشگاه علوم پزشکی زابل(شهرستان)های زابل، زهک، نیمروز، هامون، هیرمند » و بعد«استان سیستان و بلوچستان » و در آخر«سایر استان ها» | رشته محل های پزشکی و دندان پزشکی دارای تعهد خدمت موضوع مصوبات شورای عالی انقلاب فرهنگی
38775,پزشکی,دانشگاه علوم پزشکی و خدمات بهداشتی درمانی شاهرود,شرایط خاص,تعهد خدمت,5,163,دانشگاه علوم پزشکی و خدمات بهداشتی درمانی شاهرود - دارای تعهد خدمت یک و نیم برابر طول مدت تحصیل در مناطق مورد نیاز دانشگاه علوم پزشکی زابل - محدودیت در ارائه خوابگاه | ادامه پذیرش از تمام متقاضیان سراسر کشور، با ترتیب اولویت متقاضیان« بومی مناطق تحت پوشش دانشگاه علوم پزشکی زابل(شهرستان)های زابل، زهک، نیمروز، هامون، هیرمند » و بعد«استان سیستان و بلوچستان » و در آخر«سایر استان ها» | رشته محل های پزشکی و دندان پزشکی دارای تعهد خدمت موضوع مصوبات شورای عالی انقلاب فرهنگی
38779,پزشکی,دانشگاه علوم پزشکی و خدمات بهداشتی درمانی شهرکرد,شرایط خاص,تعهد خدمت,5,163,دانشگاه علوم پزشکی و خدمات بهداشتی درمانی شهرکرد - دارای تعهد خدمت یک و نیم برابر طول مدت تحصیل در مناطق مورد نیاز دانشگاه علوم پزشکی زابل - عدم تعهد در واگذاری خوابگاه | ادامه پذیرش از تمام متقاضیان سراسر کشور، با ترتیب اولویت متقاضیان« بومی مناطق تحت پوشش دانشگاه علوم پزشکی زابل(شهرستان)های زابل، زهک، نیمروز، هامون، هیرمند » و بعد«استان سیستان و بلوچستان » و در آخر«سایر استان ها» | رشته محل های پزشکی و دندان پزشکی دارای تعهد خدمت موضوع مصوبات شورای عالی انقلاب فرهنگی
38783,پزشکی,دانشگاه علوم پزشکی و خدمات بهداشتی درمانی شهید بهشتی - تهران,شرایط خاص,تعهد خدمت,5,163,دانشگاه علوم پزشکی و خدمات بهداشتی درمانی شهید بهشتی - تهران - دارای تعهد خدمت یک و نیم برابر طول مدت تحصیل در مناطق مورد نیاز دانشگاه علوم پزشکی زابل | ادامه پذیرش از تمام متقاضیان سراسر کشور، با ترتیب اولویت متقاضیان« بومی مناطق تحت پوشش دانشگاه علوم پزشکی زابل(شهرستان)های زابل، زهک، نیمروز، هامون، هیرمند » و بعد«استان سیستان و بلوچستان » و در آخر«سایر استان ها» | رشته محل های پزشکی و دندان پزشکی دارای تعهد خدمت موضوع مصوبات شورای عالی انقلاب فرهنگی
38787,پزشکی,دانشگاه علوم پزشکی و خدمات بهداشتی درمانی شیراز,شرایط خاص,تعهد خدمت,5,163,دانشگاه علوم پزشکی و خدمات بهداشتی درمانی شیراز - دارای تعهد خدمت یک و نیم برابر طول مدت تحصیل در مناطق مورد نیاز دانشگاه علوم پزشکی زابل - محدودیت در ارائه خوابگاه | ادامه پذیرش از تمام متقاضیان سراسر کشور، با ترتیب اولویت متقاضیان« بومی مناطق تحت پوشش دانشگاه علوم پزشکی زابل(شهرستان)های زابل، زهک، نیمروز، هامون، هیرمند » و بعد«استان سیستان و بلوچستان » و در آخر«سایر استان ها» | رشته محل های پزشکی و دندان پزشکی دارای تعهد خدمت موضوع مصوبات شورای عالی انقلاب فرهنگی
38791,پزشکی,دانشگاه علوم پزشکی و خدمات بهداشتی درمانی قزوین,شرایط خاص,تعهد خدمت,3,163,دانشگاه علوم پزشکی و خدمات بهداشتی درمانی قزوین - دارای تعهد خدمت یک و نیم برابر طول مدت تحصیل در مناطق مورد نیاز دانشگاه علوم پزشکی زابل - عدم تعهد در واگذاری خوابگاه | ادامه پذیرش از تمام متقاضیان سراسر کشور، با ترتیب اولویت متقاضیان« بومی مناطق تحت پوشش دانشگاه علوم پزشکی زابل(شهرستان)های زابل، زهک، نیمروز، هامون، هیرمند » و بعد«استان سیستان و بلوچستان » و در آخر«سایر استان ها» | رشته محل های پزشکی و دندان پزشکی دارای تعهد خدمت موضوع مصوبات شورای عالی انقلاب فرهنگی
38795,پزشکی,دانشگاه علوم پزشکی و خدمات بهداشتی درمانی قم,شرایط خاص,تعهد خدمت,3,163,دانشگاه علوم پزشکی و خدمات بهداشتی درمانی قم - دارای تعهد خدمت یک و نیم برابر طول مدت تحصیل در مناطق مورد نیاز دانشگاه علوم پزشکی زابل - عدم تعهد در واگذاری خوابگاه | ادامه پذیرش از تمام متقاضیان سراسر کشور، با ترتیب اولویت متقاضیان« بومی مناطق تحت پوشش دانشگاه علوم پزشکی زابل(شهرستان)های زابل، زهک، نیمروز، هامون، هیرمند » و بعد«استان سیستان و بلوچستان » و در آخر«سایر استان ها» | رشته محل های پزشکی و دندان پزشکی دارای تعهد خدمت موضوع مصوبات شورای عالی انقلاب فرهنگی
38799,پزشکی,دانشگاه علوم پزشکی و خدمات بهداشتی درمانی کاشان,شرایط خاص,تعهد خدمت,3,163,دانشگاه علوم پزشکی و خدمات بهداشتی درمانی کاشان - دارای تعهد خدمت یک و نیم برابر طول مدت تحصیل در مناطق مورد نیاز دانشگاه علوم پزشکی زابل - عدم تعهد در واگذاری خوابگاه | ادامه پذیرش از تمام متقاضیان سراسر کشور، با ترتیب اولویت متقاضیان« بومی مناطق تحت پوشش دانشگاه علوم پزشکی زابل(شهرستان)های زابل، زهک، نیمروز، هامون، هیرمند » و بعد«استان سیستان و بلوچستان » و در آخر«سایر استان ها» | رشته محل های پزشکی و دندان پزشکی دارای تعهد خدمت موضوع مصوبات شورای عالی انقلاب فرهنگی
38803,پزشکی,دانشگاه علوم پزشکی و خدمات بهداشتی درمانی کرمان,شرایط خاص,تعهد خدمت,10,163,دانشگاه علوم پزشکی و خدمات بهداشتی درمانی کرمان - دارای تعهد خدمت یک و نیم برابر طول مدت تحصیل در مناطق مورد نیاز دانشگاه علوم پزشکی زابل - فاقد خوابگاه | ادامه پذیرش از تمام متقاضیان سراسر کشور، با ترتیب اولویت متقاضیان« بومی مناطق تحت پوشش دانشگاه علوم پزشکی زابل(شهرستان)های زابل، زهک، نیمروز، هامون، هیرمند » و بعد«استان سیستان و بلوچستان » و در آخر«سایر استان ها» | رشته محل های پزشکی و دندان پزشکی دارای تعهد خدمت موضوع مصوبات شورای عالی انقلاب فرهنگی
38807,پزشکی,دانشگاه علوم پزشکی و خدمات بهداشتی درمانی کرمانشاه,شرایط خاص,تعهد خدمت,2,163,دانشگاه علوم پزشکی و خدمات بهداشتی درمانی کرمانشاه - دارای تعهد خدمت یک و نیم برابر طول مدت تحصیل در مناطق مورد نیاز دانشگاه علوم پزشکی زابل - عدم تعهد در واگذاری خوابگاه | ادامه پذیرش از تمام متقاضیان سراسر کشور، با ترتیب اولویت متقاضیان« بومی مناطق تحت پوشش دانشگاه علوم پزشکی زابل(شهرستان)های زابل، زهک، نیمروز، هامون، هیرمند » و بعد«استان سیستان و بلوچستان » و در آخر«سایر استان ها» | رشته محل های پزشکی و دندان پزشکی دارای تعهد خدمت موضوع مصوبات شورای عالی انقلاب فرهنگی
38810,پزشکی,دانشگاه علوم پزشکی و خدمات بهداشتی درمانی گیالن - رشت,شرایط خاص,تعهد خدمت,2,163,دانشگاه علوم پزشکی و خدمات بهداشتی درمانی گیالن - رشت - دارای تعهد خدمت یک و نیم برابر طول مدت تحصیل در مناطق مورد نیاز دانشگاه علوم پزشکی زابل - فاقد خوابگاه | ادامه پذیرش از تمام متقاضیان سراسر کشور، با ترتیب اولویت متقاضیان« بومی مناطق تحت پوشش دانشگاه علوم پزشکی زابل(شهرستان)های زابل، زهک، نیمروز، هامون، هیرمند » و بعد«استان سیستان و بلوچستان » و در آخر«سایر استان ها» | رشته محل های پزشکی و دندان پزشکی دارای تعهد خدمت موضوع مصوبات شورای عالی انقلاب فرهنگی
38813,پزشکی,دانشگاه علوم پزشکی و خدمات بهداشتی درمانی مازندران - ساری,شرایط خاص,تعهد خدمت,1,164,دانشگاه علوم پزشکی و خدمات بهداشتی درمانی مازندران - ساری - دارای تعهد خدمت یک و نیم برابر طول مدت تحصیل در مناطق مورد نیاز دانشگاه علوم پزشکی زابل | ادامه پذیرش از تمام متقاضیان سراسر کشور، با ترتیب اولویت متقاضیان« بومی مناطق تحت پوشش دانشگاه علوم پزشکی زابل(شهرستان)های زابل، زهک، نیمروز، هامون، هیرمند » و بعد«استان سیستان و بلوچستان » و در آخر«سایر استان ها» | رشته محل های پزشکی و دندان پزشکی دارای تعهد خدمت موضوع مصوبات شورای عالی انقلاب فرهنگی
38816,پزشکی,دانشگاه علوم پزشکی و خدمات بهداشتی درمانی مشهد,شرایط خاص,تعهد خدمت,5,164,دانشگاه علوم پزشکی و خدمات بهداشتی درمانی مشهد - دارای تعهد خدمت یک و نیم برابر طول مدت تحصیل در مناطق مورد نیاز دانشگاه علوم پزشکی زابل - عدم تعهد در واگذاری خوابگاه | ادامه پذیرش از تمام متقاضیان سراسر کشور، با ترتیب اولویت متقاضیان« بومی مناطق تحت پوشش دانشگاه علوم پزشکی زابل(شهرستان)های زابل، زهک، نیمروز، هامون، هیرمند » و بعد«استان سیستان و بلوچستان » و در آخر«سایر استان ها» | رشته محل های پزشکی و دندان پزشکی دارای تعهد خدمت موضوع مصوبات شورای عالی انقلاب فرهنگی
38820,پزشکی,دانشگاه علوم پزشکی و خدمات بهداشتی درمانی نیشابور,شرایط خاص,تعهد خدمت,1,164,دانشگاه علوم پزشکی و خدمات بهداشتی درمانی نیشابور - دارای تعهد خدمت یک و نیم برابر طول مدت تحصیل در مناطق مورد نیاز دانشگاه علوم پزشکی زابل - عدم تعهد در واگذاری خوابگاه | ادامه پذیرش از تمام متقاضیان سراسر کشور، با ترتیب اولویت متقاضیان« بومی مناطق تحت پوشش دانشگاه علوم پزشکی زابل(شهرستان)های زابل، زهک، نیمروز، هامون، هیرمند » و بعد«استان سیستان و بلوچستان » و در آخر«سایر استان ها» | رشته محل های پزشکی و دندان پزشکی دارای تعهد خدمت موضوع مصوبات شورای عالی انقلاب فرهنگی
38822,پزشکی,دانشگاه علوم پزشکی و خدمات بهداشتی درمانی همدان,شرایط خاص,تعهد خدمت,1,164,دانشگاه علوم پزشکی و خدمات بهداشتی درمانی همدان - دارای تعهد خدمت یک و نیم برابر طول مدت تحصیل در مناطق مورد نیاز دانشگاه علوم پزشکی زابل - سال اول خوابگاه خودگردان، خوابگاه از سال دوم ملکی | ادامه پذیرش از تمام متقاضیان سراسر کشور، با ترتیب اولویت متقاضیان« بومی مناطق تحت پوشش دانشگاه علوم پزشکی زابل(شهرستان)های زابل، زهک، نیمروز، هامون، هیرمند » و بعد«استان سیستان و بلوچستان » و در آخر«سایر استان ها» | رشته محل های پزشکی و دندان پزشکی دارای تعهد خدمت موضوع مصوبات شورای عالی انقلاب فرهنگی
38825,پزشکی,دانشگاه علوم پزشکی و خدمات بهداشتی درمانی یزد,شرایط خاص,تعهد خدمت,5,164,دانشگاه علوم پزشکی و خدمات بهداشتی درمانی یزد - دارای تعهد خدمت یک و نیم برابر طول مدت تحصیل در مناطق مورد نیاز دانشگاه علوم پزشکی زابل - عدم تعهد در واگذاری خوابگاه | ادامه پذیرش از تمام متقاضیان سراسر کشور، با ترتیب اولویت متقاضیان« بومی مناطق تحت پوشش دانشگاه علوم پزشکی زابل(شهرستان)های زابل، زهک، نیمروز، هامون، هیرمند » و بعد«استان سیستان و بلوچستان » و در آخر«سایر استان ها» | رشته محل های پزشکی و دندان پزشکی دارای تعهد خدمت موضوع مصوبات شورای عالی انقلاب فرهنگی
38829,دندانپزشکی,دانشگاه علوم پزشکی و خدمات بهداشتی درمانی بجنورد,شرایط خاص,تعهد خدمت,2,164,دانشگاه علوم پزشکی و خدمات بهداشتی درمانی بجنورد - دارای تعهد خدمت یک و نیم برابر طول مدت تحصیل در مناطق مورد نیاز دانشگاه علوم پزشکی زابل - عدم تعهد در واگذاری خوابگاه | ادامه پذیرش از تمام متقاضیان سراسر کشور، با ترتیب اولویت متقاضیان« بومی مناطق تحت پوشش دانشگاه علوم پزشکی زابل(شهرستان)های زابل، زهک، نیمروز، هامون، هیرمند » و بعد«استان سیستان و بلوچستان » و در آخر«سایر استان ها» | رشته محل های پزشکی و دندان پزشکی دارای تعهد خدمت موضوع مصوبات شورای عالی انقلاب فرهنگی
38830,دندانپزشکی,دانشگاه علوم پزشکی و خدمات بهداشتی درمانی بیرجند,شرایط خاص,تعهد خدمت,1,164,دانشگاه علوم پزشکی و خدمات بهداشتی درمانی بیرجند - دارای تعهد خدمت یک و نیم برابر طول مدت تحصیل در مناطق مورد نیاز دانشگاه علوم پزشکی زابل - عدم تعهد در واگذاری خوابگاه | ادامه پذیرش از تمام متقاضیان سراسر کشور، با ترتیب اولویت متقاضیان« بومی مناطق تحت پوشش دانشگاه علوم پزشکی زابل(شهرستان)های زابل، زهک، نیمروز، هامون، هیرمند » و بعد«استان سیستان و بلوچستان » و در آخر«سایر استان ها» | رشته محل های پزشکی و دندان پزشکی دارای تعهد خدمت موضوع مصوبات شورای عالی انقلاب فرهنگی
38835,دندانپزشکی,دانشگاه علوم پزشکی و خدمات بهداشتی درمانی رفسنجان,شرایط خاص,تعهد خدمت,3,164,دانشگاه علوم پزشکی و خدمات بهداشتی درمانی رفسنجان - دارای تعهد خدمت یک و نیم برابر طول مدت تحصیل در مناطق مورد نیاز دانشگاه علوم پزشکی زابل - انتقال بر اساس شرایط آیین نامه - عدم تعهد در واگذاری خوابگاه | ادامه پذیرش از تمام متقاضیان سراسر کشور، با ترتیب اولویت متقاضیان« بومی مناطق تحت پوشش دانشگاه علوم پزشکی زابل(شهرستان)های زابل، زهک، نیمروز، هامون، هیرمند » و بعد«استان سیستان و بلوچستان » و در آخر«سایر استان ها» | رشته محل های پزشکی و دندان پزشکی دارای تعهد خدمت موضوع مصوبات شورای عالی انقلاب فرهنگی
38839,دندانپزشکی,دانشگاه علوم پزشکی و خدمات بهداشتی درمانی زاهدان,شرایط خاص,تعهد خدمت,7,164,دانشگاه علوم پزشکی و خدمات بهداشتی درمانی زاهدان - دارای تعهد خدمت یک و نیم برابر طول دوره تحصیل در مناطق مورد نیاز دانشگاه علوم پزشکی زابل - عدم تعهد در واگذاری خوابگاه | ادامه پذیرش از تمام متقاضیان سراسر کشور، با ترتیب اولویت متقاضیان« بومی مناطق تحت پوشش دانشگاه علوم پزشکی زابل(شهرستان)های زابل، زهک، نیمروز، هامون، هیرمند » و بعد«استان سیستان و بلوچستان » و در آخر«سایر استان ها» | رشته محل های پزشکی و دندان پزشکی دارای تعهد خدمت موضوع مصوبات شورای عالی انقلاب فرهنگی
38842,دندانپزشکی,دانشگاه علوم پزشکی و خدمات بهداشتی درمانی شهید بهشتی - تهران,شرایط خاص,تعهد خدمت,2,164,دانشگاه علوم پزشکی و خدمات بهداشتی درمانی شهید بهشتی - تهران - دارای تعهد خدمت یک و نیم برابر طول مدت تحصیل در مناطق مورد نیاز دانشگاه علوم پزشکی زابل | ادامه پذیرش از تمام متقاضیان سراسر کشور، با ترتیب اولویت متقاضیان« بومی مناطق تحت پوشش دانشگاه علوم پزشکی زابل(شهرستان)های زابل، زهک، نیمروز، هامون، هیرمند » و بعد«استان سیستان و بلوچستان » و در آخر«سایر استان ها» | رشته محل های پزشکی و دندان پزشکی دارای تعهد خدمت موضوع مصوبات شورای عالی انقلاب فرهنگی
38843,دندانپزشکی,دانشگاه علوم پزشکی و خدمات بهداشتی درمانی شیراز,شرایط خاص,تعهد خدمت,4,164,دانشگاه علوم پزشکی و خدمات بهداشتی درمانی شیراز - دارای تعهد خدمت یک و نیم برابر طول مدت تحصیل در مناطق مورد نیاز دانشگاه علوم پزشکی زابل - محدودیت در ارائه خوابگاه | ادامه پذیرش از تمام متقاضیان سراسر کشور، با ترتیب اولویت متقاضیان« بومی مناطق تحت پوشش دانشگاه علوم پزشکی زابل(شهرستان)های زابل، زهک، نیمروز، هامون، هیرمند » و بعد«استان سیستان و بلوچستان » و در آخر«سایر استان ها» | رشته محل های پزشکی و دندان پزشکی دارای تعهد خدمت موضوع مصوبات شورای عالی انقلاب فرهنگی
38846,دندانپزشکی,دانشگاه علوم پزشکی و خدمات بهداشتی درمانی کاشان,شرایط خاص,تعهد خدمت,2,164,دانشگاه علوم پزشکی و خدمات بهداشتی درمانی کاشان - دارای تعهد خدمت یک و نیم برابر طول مدت تحصیل در مناطق مورد نیاز دانشگاه علوم پزشکی زابل - عدم تعهد در واگذاری خوابگاه | ادامه پذیرش از تمام متقاضیان سراسر کشور، با ترتیب اولویت متقاضیان« بومی مناطق تحت پوشش دانشگاه علوم پزشکی زابل(شهرستان)های زابل، زهک، نیمروز، هامون، هیرمند » و بعد«استان سیستان و بلوچستان » و در آخر«سایر استان ها» | رشته محل های پزشکی و دندان پزشکی دارای تعهد خدمت موضوع مصوبات شورای عالی انقلاب فرهنگی
38849,دندانپزشکی,دانشگاه علوم پزشکی و خدمات بهداشتی درمانی کرمان,شرایط خاص,تعهد خدمت,3,164,دانشگاه علوم پزشکی و خدمات بهداشتی درمانی کرمان - دارای تعهد خدمت یک و نیم برابر طول مدت تحصیل در مناطق مورد نیاز دانشگاه علوم پزشکی زابل - فاقد خوابگاه | ادامه پذیرش از تمام متقاضیان سراسر کشور، با ترتیب اولویت متقاضیان« بومی مناطق تحت پوشش دانشگاه علوم پزشکی زابل(شهرستان)های زابل، زهک، نیمروز، هامون، هیرمند » و بعد«استان سیستان و بلوچستان » و در آخر«سایر استان ها» | رشته محل های پزشکی و دندان پزشکی دارای تعهد خدمت موضوع مصوبات شورای عالی انقلاب فرهنگی
38853,دندانپزشکی,دانشگاه علوم پزشکی و خدمات بهداشتی درمانی مشهد,شرایط خاص,تعهد خدمت,10,164,دانشگاه علوم پزشکی و خدمات بهداشتی درمانی مشهد - دارای تعهد خدمت یک و نیم برابر طول مدت تحصیل در مناطق مورد نیاز دانشگاه علوم پزشکی زابل - عدم تعهد در واگذاری خوابگاه | ادامه پذیرش از تمام متقاضیان سراسر کشور، با ترتیب اولویت متقاضیان« بومی مناطق تحت پوشش دانشگاه علوم پزشکی زابل(شهرستان)های زابل، زهک، نیمروز، هامون، هیرمند » و بعد«استان سیستان و بلوچستان » و در آخر«سایر استان ها» | رشته محل های پزشکی و دندان پزشکی دارای تعهد خدمت موضوع مصوبات شورای عالی انقلاب فرهنگی
38855,دندانپزشکی,دانشگاه علوم پزشکی و خدمات بهداشتی درمانی یاسوج,شرایط خاص,تعهد خدمت,1,165,دانشگاه علوم پزشکی و خدمات بهداشتی درمانی یاسوج - دارای تعهد خدمت یک و نیم برابر طول مدت تحصیل در مناطق مورد نیاز دانشگاه علوم پزشکی زابل - فاقد خوابگاه | ادامه پذیرش از تمام متقاضیان سراسر کشور، با ترتیب اولویت متقاضیان« بومی مناطق تحت پوشش دانشگاه علوم پزشکی زابل(شهرستان ،های زابل)زهک، نیمروز، هامون، هیرمند » و بعد«استان سیستان و بلوچستان » و در آخر«سایر استان ها» | رشته محل های پزشکی و دندان پزشکی دارای تعهد خدمت موضوع مصوبات شورای عالی انقلاب فرهنگی
38857,دندانپزشکی,دانشگاه علوم پزشکی و خدمات بهداشتی درمانی یزد,شرایط خاص,تعهد خدمت,1,165,دانشگاه علوم پزشکی و خدمات بهداشتی درمانی یزد - دارای تعهد خدمت یک و نیم برابر طول مدت تحصیل در مناطق مورد نیاز دانشگاه علوم پزشکی زابل - عدم تعهد در واگذاری خوابگاه | ادامه پذیرش از تمام متقاضیان سراسر کشور، با ترتیب اولویت متقاضیان« بومی مناطق تحت پوشش دانشگاه علوم پزشکی زابل(شهرستان ،های زابل)زهک، نیمروز، هامون، هیرمند » و بعد«استان سیستان و بلوچستان » و در آخر«سایر استان ها» | رشته محل های پزشکی و دندان پزشکی دارای تعهد خدمت موضوع مصوبات شورای عالی انقلاب فرهنگی
38694,پزشکی,دانشگاه علوم پزشکی و خدمات بهداشتی درمانی اراک,شرایط خاص,تعهد خدمت,2,165,دانشگاه علوم پزشکی و خدمات بهداشتی درمانی اراک - دارای تعهد خدمت یک و نیم برابر طول مدت تحصیل در مناطق مورد نیاز دانشگاه علوم پزشکی ایرانشهر - فاقد خ وابگاه | پذیرش از تمام متقاضیان سراسر کشور، با ترتیب اولویت متقاضیان«بومی مناطق تحت پوشش دانشگاه علوم پزشکی ایرانشهر(شهرستان های ،ایرانشهر)بمپور، دلگان، راسک، سرباز، فنوج، الشار، مهرستان » و بعد«استان سیستان و بلوچستان » و در آخر«سایر استان ها» | رشته محل های پزشکی و دندان پزشکی دارای تعهد خدمت موضوع مصوبات شورای عالی انقلاب فرهنگی
38696,پزشکی,دانشگاه علوم پزشکی و خدمات بهداشتی درمانی اردبیل,شرایط خاص,تعهد خدمت,2,165,دانشگاه علوم پزشکی و خدمات بهداشتی درمانی اردبیل - دارای تعهد خدمت یک و نیم برابر طول مدت تحصیل در مناطق مورد نیاز دانشگاه علوم پزشکی ایرانشهر - فاقد خوابگاه | پذیرش از تمام متقاضیان سراسر کشور، با ترتیب اولویت متقاضیان«بومی مناطق تحت پوشش دانشگاه علوم پزشکی ایرانشهر(شهرستان های ،ایرانشهر)بمپور، دلگان، راسک، سرباز، فنوج، الشار، مهرستان » و بعد«استان سیستان و بلوچستان » و در آخر«سایر استان ها» دانشگاه علوم پزشکی و خدمات بهداشتی درمانی اراک- دارای مرد زن - 2 دکتری عمومی پزشکی 38694 با آزمون تعهد خدمت یک و نیم برابر طول مدت تحصیل در مناطق مورد نیاز دانشگاه علوم پزشکی ایرانشهر- فاقد خ وابگاه | رشته محل های پزشکی و دندان پزشکی دارای تعهد خدمت موضوع مصوبات شورای عالی انقلاب فرهنگی
38703,پزشکی,دانشگاه علوم پزشکی و خدمات بهداشتی درمانی اصفهان,شرایط خاص,تعهد خدمت,2,165,دانشگاه علوم پزشکی و خدمات بهداشتی درمانی اصفهان - دارای تعهد خدمت یک و نیم برابر طول مدت تحصیل در مناطق مورد نیاز دانشگاه علوم پزشکی ایرانشهر - محدودیت در ارائه خوابگاه | پذیرش از تمام متقاضیان سراسر کشور، با ترتیب اولویت متقاضیان«بومی مناطق تحت پوشش دانشگاه علوم پزشکی ایرانشهر(شهرستان های ،ایرانشهر)بمپور، دلگان، راسک، سرباز، فنوج، الشار، مهرستان » و بعد«استان سیستان و بلوچستان » و در آخر«سایر استان ها» دانشگاه علوم پزشکی و خدمات بهداشتی درمانی اراک- دارای مرد زن - 2 دکتری عمومی پزشکی 38694 با آزمون تعهد خدمت یک و نیم برابر طول مدت تحصیل در مناطق مورد نیاز دانشگاه علوم پزشکی ایرانشهر- فاقد خ وابگاه دانشگاه علوم پزشکی و خدمات بهداشتی درمانی اردبیل- دارای مرد زن 2 - دکتری عمومی پزشکی 38696 با آزمون تعهد خدمت یک و نیم برابر طول مدت تحصیل در مناطق مورد نیاز دانشگاه علوم پزشکی ایرانشهر- فاقد خوابگاه | رشته محل های پزشکی و دندان پزشکی دارای تعهد خدمت موضوع مصوبات شورای عالی انقلاب فرهنگی
38707,پزشکی,دانشگاه علوم پزشکی و خدمات بهداشتی درمانی البرز - کرج,شرایط خاص,تعهد خدمت,2,165,دانشگاه علوم پزشکی و خدمات بهداشتی درمانی البرز - کرج - دارای تعهد خدمت یک و نیم برابر طول مدت تحصیل در مناطق مورد نیاز دانشگاه علوم پزشکی ایرانشهر - فاقد خوابگاه | پذیرش از تمام متقاضیان سراسر کشور، با ترتیب اولویت متقاضیان«بومی مناطق تحت پوشش دانشگاه علوم پزشکی ایرانشهر(شهرستان های ،ایرانشهر)بمپور، دلگان، راسک، سرباز، فنوج، الشار، مهرستان » و بعد«استان سیستان و بلوچستان » و در آخر«سایر استان ها» دانشگاه علوم پزشکی و خدمات بهداشتی درمانی اراک- دارای مرد زن - 2 دکتری عمومی پزشکی 38694 با آزمون تعهد خدمت یک و نیم برابر طول مدت تحصیل در مناطق مورد نیاز دانشگاه علوم پزشکی ایرانشهر- فاقد خ وابگاه دانشگاه علوم پزشکی و خدمات بهداشتی درمانی اردبیل- دارای مرد زن 2 - دکتری عمومی پزشکی 38696 با آزمون تعهد خدمت یک و نیم برابر طول مدت تحصیل در مناطق مورد نیاز دانشگاه علوم پزشکی ایرانشهر- فاقد خوابگاه دانشگاه علوم پزشکی و خدمات بهداشتی درمانی اصفهان- دارای مرد زن 2 - دکتری عمومی پزشکی 38703 با آزمون تعهد خدمت یک و نیم برابر طول مدت تحصیل در مناطق مورد نیاز دانشگاه علوم پزشکی ایرانشهر- محدودیت در ارائه خوابگاه | رشته محل های پزشکی و دندان پزشکی دارای تعهد خدمت موضوع مصوبات شورای عالی انقلاب فرهنگی
38711,پزشکی,دانشگاه علوم پزشکی و خدمات بهداشتی درمانی ایران,شرایط خاص,تعهد خدمت,5,165,دانشگاه علوم پزشکی و خدمات بهداشتی درمانی ایران - دارای تعهد خدمت یک و نیم برابر طول مدت تحصیل در مناطق مورد نیاز دانشگاه علوم پزشکی ایرانشهر - محدودیت در ارائه خوابگاه | پذیرش از تمام متقاضیان سراسر کشور، با ترتیب اولویت متقاضیان«بومی مناطق تحت پوشش دانشگاه علوم پزشکی ایرانشهر(شهرستان های ،ایرانشهر)بمپور، دلگان، راسک، سرباز، فنوج، الشار، مهرستان » و بعد«استان سیستان و بلوچستان » و در آخر«سایر استان ها» دانشگاه علوم پزشکی و خدمات بهداشتی درمانی اراک- دارای مرد زن - 2 دکتری عمومی پزشکی 38694 با آزمون تعهد خدمت یک و نیم برابر طول مدت تحصیل در مناطق مورد نیاز دانشگاه علوم پزشکی ایرانشهر- فاقد خ وابگاه دانشگاه علوم پزشکی و خدمات بهداشتی درمانی اردبیل- دارای مرد زن 2 - دکتری عمومی پزشکی 38696 با آزمون تعهد خدمت یک و نیم برابر طول مدت تحصیل در مناطق مورد نیاز دانشگاه علوم پزشکی ایرانشهر- فاقد خوابگاه دانشگاه علوم پزشکی و خدمات بهداشتی درمانی اصفهان- دارای مرد زن 2 - دکتری عمومی پزشکی 38703 با آزمون تعهد خدمت یک و نیم برابر طول مدت تحصیل در مناطق مورد نیاز دانشگاه علوم پزشکی ایرانشهر- محدودیت در ارائه خوابگاه دانشگاه علوم پزشکی و خدمات بهداشتی درمانی البرز- کرج- مرد زن - 2 دکتری عمومی پزشکی 38707 با آزمون دارای تعهد خدمت یک و نیم برابر طول مدت تحصیل در مناطق مورد نیاز دانشگاه علوم پزشکی ایرانشهر- فاقد خوابگاه | رشته محل های پزشکی و دندان پزشکی دارای تعهد خدمت موضوع مصوبات شورای عالی انقلاب فرهنگی
38716,پزشکی,دانشگاه علوم پزشکی و خدمات بهداشتی درمانی بابل,شرایط خاص,تعهد خدمت,4,165,دانشگاه علوم پزشکی و خدمات بهداشتی درمانی بابل - دارای تعهد خدمت یک و نیم برابر طول مدت تحصیل در مناطق مورد نیاز دانشگاه علوم پزشکی ایرانشهر - فاقد خوابگاه | پذیرش از تمام متقاضیان سراسر کشور، با ترتیب اولویت متقاضیان«بومی مناطق تحت پوشش دانشگاه علوم پزشکی ایرانشهر(شهرستان های ،ایرانشهر)بمپور، دلگان، راسک، سرباز، فنوج، الشار، مهرستان » و بعد«استان سیستان و بلوچستان » و در آخر«سایر استان ها» دانشگاه علوم پزشکی و خدمات بهداشتی درمانی اراک- دارای مرد زن - 2 دکتری عمومی پزشکی 38694 با آزمون تعهد خدمت یک و نیم برابر طول مدت تحصیل در مناطق مورد نیاز دانشگاه علوم پزشکی ایرانشهر- فاقد خ وابگاه دانشگاه علوم پزشکی و خدمات بهداشتی درمانی اردبیل- دارای مرد زن 2 - دکتری عمومی پزشکی 38696 با آزمون تعهد خدمت یک و نیم برابر طول مدت تحصیل در مناطق مورد نیاز دانشگاه علوم پزشکی ایرانشهر- فاقد خوابگاه دانشگاه علوم پزشکی و خدمات بهداشتی درمانی اصفهان- دارای مرد زن 2 - دکتری عمومی پزشکی 38703 با آزمون تعهد خدمت یک و نیم برابر طول مدت تحصیل در مناطق مورد نیاز دانشگاه علوم پزشکی ایرانشهر- محدودیت در ارائه خوابگاه دانشگاه علوم پزشکی و خدمات بهداشتی درمانی البرز- کرج- مرد زن - 2 دکتری عمومی پزشکی 38707 با آزمون دارای تعهد خدمت یک و نیم برابر طول مدت تحصیل در مناطق مورد نیاز دانشگاه علوم پزشکی ایرانشهر- فاقد خوابگاه دانشگاه علوم پزشکی و خدمات بهداشتی درمانی ایران- دارای مرد زن - 5 دکتری عمومی پزشکی 38711 با آزمون تعهد خدمت یک و نیم برابر طول مدت تحصیل در مناطق مورد نیاز دانشگاه علوم پزشکی ایرانشهر- محدودیت در ارائه خوابگاه | رشته محل های پزشکی و دندان پزشکی دارای تعهد خدمت موضوع مصوبات شورای عالی انقلاب فرهنگی
38720,پزشکی,دانشگاه علوم پزشکی و خدمات بهداشتی درمانی بجنورد,شرایط خاص,تعهد خدمت,2,165,دانشگاه علوم پزشکی و خدمات بهداشتی درمانی بجنورد - دارای تعهد خدمت یک و نیم برابر طول مدت تحصیل در مناطق مورد نیاز دانشگاه علوم پزشکی ایرانشهر - عدم تعهد در واگذاری خوابگاه | پذیرش از تمام متقاضیان سراسر کشور، با ترتیب اولویت متقاضیان«بومی مناطق تحت پوشش دانشگاه علوم پزشکی ایرانشهر(شهرستان های ،ایرانشهر)بمپور، دلگان، راسک، سرباز، فنوج، الشار، مهرستان » و بعد«استان سیستان و بلوچستان » و در آخر«سایر استان ها» دانشگاه علوم پزشکی و خدمات بهداشتی درمانی اراک- دارای مرد زن - 2 دکتری عمومی پزشکی 38694 با آزمون تعهد خدمت یک و نیم برابر طول مدت تحصیل در مناطق مورد نیاز دانشگاه علوم پزشکی ایرانشهر- فاقد خ وابگاه دانشگاه علوم پزشکی و خدمات بهداشتی درمانی اردبیل- دارای مرد زن 2 - دکتری عمومی پزشکی 38696 با آزمون تعهد خدمت یک و نیم برابر طول مدت تحصیل در مناطق مورد نیاز دانشگاه علوم پزشکی ایرانشهر- فاقد خوابگاه دانشگاه علوم پزشکی و خدمات بهداشتی درمانی اصفهان- دارای مرد زن 2 - دکتری عمومی پزشکی 38703 با آزمون تعهد خدمت یک و نیم برابر طول مدت تحصیل در مناطق مورد نیاز دانشگاه علوم پزشکی ایرانشهر- محدودیت در ارائه خوابگاه دانشگاه علوم پزشکی و خدمات بهداشتی درمانی البرز- کرج- مرد زن - 2 دکتری عمومی پزشکی 38707 با آزمون دارای تعهد خدمت یک و نیم برابر طول مدت تحصیل در مناطق مورد نیاز دانشگاه علوم پزشکی ایرانشهر- فاقد خوابگاه دانشگاه علوم پزشکی و خدمات بهداشتی درمانی ایران- دارای مرد زن - 5 دکتری عمومی پزشکی 38711 با آزمون تعهد خدمت یک و نیم برابر طول مدت تحصیل در مناطق مورد نیاز دانشگاه علوم پزشکی ایرانشهر- محدودیت در ارائه خوابگاه دانشگاه علوم پزشکی و خدمات بهداشتی درمانی بابل- دارای تعهد مرد زن - 4 دکتری عمومی پزشکی 38716 با آزمون خدمت یک و نیم برابر طول مدت تحصیل در مناطق مورد نیاز دانشگاه علوم پزشکی ایرانشهر- فاقد خوابگاه | رشته محل های پزشکی و دندان پزشکی دارای تعهد خدمت موضوع مصوبات شورای عالی انقلاب فرهنگی
38723,پزشکی,دانشگاه علوم پزشکی و خدمات بهداشتی درمانی بیرجند,شرایط خاص,تعهد خدمت,5,165,دانشگاه علوم پزشکی و خدمات بهداشتی درمانی بیرجند - دارای تعهد خدمت یک و نیم برابر طول مدت تحصیل در مناطق مورد نیاز دانشگاه علوم پزشکی ایرانشهر - عدم تعهد در واگذاری خوابگاه | پذیرش از تمام متقاضیان سراسر کشور، با ترتیب اولویت متقاضیان«بومی مناطق تحت پوشش دانشگاه علوم پزشکی ایرانشهر(شهرستان های ،ایرانشهر)بمپور، دلگان، راسک، سرباز، فنوج، الشار، مهرستان » و بعد«استان سیستان و بلوچستان » و در آخر«سایر استان ها» دانشگاه علوم پزشکی و خدمات بهداشتی درمانی اراک- دارای مرد زن - 2 دکتری عمومی پزشکی 38694 با آزمون تعهد خدمت یک و نیم برابر طول مدت تحصیل در مناطق مورد نیاز دانشگاه علوم پزشکی ایرانشهر- فاقد خ وابگاه دانشگاه علوم پزشکی و خدمات بهداشتی درمانی اردبیل- دارای مرد زن 2 - دکتری عمومی پزشکی 38696 با آزمون تعهد خدمت یک و نیم برابر طول مدت تحصیل در مناطق مورد نیاز دانشگاه علوم پزشکی ایرانشهر- فاقد خوابگاه دانشگاه علوم پزشکی و خدمات بهداشتی درمانی اصفهان- دارای مرد زن 2 - دکتری عمومی پزشکی 38703 با آزمون تعهد خدمت یک و نیم برابر طول مدت تحصیل در مناطق مورد نیاز دانشگاه علوم پزشکی ایرانشهر- محدودیت در ارائه خوابگاه دانشگاه علوم پزشکی و خدمات بهداشتی درمانی البرز- کرج- مرد زن - 2 دکتری عمومی پزشکی 38707 با آزمون دارای تعهد خدمت یک و نیم برابر طول مدت تحصیل در مناطق مورد نیاز دانشگاه علوم پزشکی ایرانشهر- فاقد خوابگاه دانشگاه علوم پزشکی و خدمات بهداشتی درمانی ایران- دارای مرد زن - 5 دکتری عمومی پزشکی 38711 با آزمون تعهد خدمت یک و نیم برابر طول مدت تحصیل در مناطق مورد نیاز دانشگاه علوم پزشکی ایرانشهر- محدودیت در ارائه خوابگاه دانشگاه علوم پزشکی و خدمات بهداشتی درمانی بابل- دارای تعهد مرد زن - 4 دکتری عمومی پزشکی 38716 با آزمون خدمت یک و نیم برابر طول مدت تحصیل در مناطق مورد نیاز دانشگاه علوم پزشکی ایرانشهر- فاقد خوابگاه دانشگاه علوم پزشکی و خدمات بهداشتی درمانی بجنورد- دارای مرد زن 2 - دکتری عمومی پزشکی 38720 با آزمون تعهد خدمت یک و نیم برابر طول مدت تحصیل در مناطق مورد نیاز دانشگاه علوم پزشکی ایرانشهر- عدم تعهد در واگذاری خوابگاه | رشته محل های پزشکی و دندان پزشکی دارای تعهد خدمت موضوع مصوبات شورای عالی انقلاب فرهنگی
38728,پزشکی,دانشگاه علوم پزشکی و خدمات بهداشتی درمانی تبریز,شرایط خاص,تعهد خدمت,5,165,دانشگاه علوم پزشکی و خدمات بهداشتی درمانی تبریز - دارای تعهد خدمت یک و نیم برابر طول مدت تحصیل در مناطق مورد نیاز دانشگاه علوم پزشکی ایرانشهر | پذیرش از تمام متقاضیان سراسر کشور، با ترتیب اولویت متقاضیان«بومی مناطق تحت پوشش دانشگاه علوم پزشکی ایرانشهر(شهرستان های ،ایرانشهر)بمپور، دلگان، راسک، سرباز، فنوج، الشار، مهرستان » و بعد«استان سیستان و بلوچستان » و در آخر«سایر استان ها» دانشگاه علوم پزشکی و خدمات بهداشتی درمانی اراک- دارای مرد زن - 2 دکتری عمومی پزشکی 38694 با آزمون تعهد خدمت یک و نیم برابر طول مدت تحصیل در مناطق مورد نیاز دانشگاه علوم پزشکی ایرانشهر- فاقد خ وابگاه دانشگاه علوم پزشکی و خدمات بهداشتی درمانی اردبیل- دارای مرد زن 2 - دکتری عمومی پزشکی 38696 با آزمون تعهد خدمت یک و نیم برابر طول مدت تحصیل در مناطق مورد نیاز دانشگاه علوم پزشکی ایرانشهر- فاقد خوابگاه دانشگاه علوم پزشکی و خدمات بهداشتی درمانی اصفهان- دارای مرد زن 2 - دکتری عمومی پزشکی 38703 با آزمون تعهد خدمت یک و نیم برابر طول مدت تحصیل در مناطق مورد نیاز دانشگاه علوم پزشکی ایرانشهر- محدودیت در ارائه خوابگاه دانشگاه علوم پزشکی و خدمات بهداشتی درمانی البرز- کرج- مرد زن - 2 دکتری عمومی پزشکی 38707 با آزمون دارای تعهد خدمت یک و نیم برابر طول مدت تحصیل در مناطق مورد نیاز دانشگاه علوم پزشکی ایرانشهر- فاقد خوابگاه دانشگاه علوم پزشکی و خدمات بهداشتی درمانی ایران- دارای مرد زن - 5 دکتری عمومی پزشکی 38711 با آزمون تعهد خدمت یک و نیم برابر طول مدت تحصیل در مناطق مورد نیاز دانشگاه علوم پزشکی ایرانشهر- محدودیت در ارائه خوابگاه دانشگاه علوم پزشکی و خدمات بهداشتی درمانی بابل- دارای تعهد مرد زن - 4 دکتری عمومی پزشکی 38716 با آزمون خدمت یک و نیم برابر طول مدت تحصیل در مناطق مورد نیاز دانشگاه علوم پزشکی ایرانشهر- فاقد خوابگاه دانشگاه علوم پزشکی و خدمات بهداشتی درمانی بجنورد- دارای مرد زن 2 - دکتری عمومی پزشکی 38720 با آزمون تعهد خدمت یک و نیم برابر طول مدت تحصیل در مناطق مورد نیاز دانشگاه علوم پزشکی ایرانشهر- عدم تعهد در واگذاری خوابگاه دانشگاه علوم پزشکی و خدمات بهداشتی درمانی بیرجند- دارای مرد زن 5 - دکتری عمومی پزشکی 38723 با آزمون تعهد خدمت یک و نیم برابر طول مدت تحصیل در مناطق مورد نیاز دانشگاه علوم پزشکی ایرانشهر- عدم تعهد در واگذاری خوابگاه | رشته محل های پزشکی و دندان پزشکی دارای تعهد خدمت موضوع مصوبات شورای عالی انقلاب فرهنگی
38733,پزشکی,دانشگاه علوم پزشکی و خدمات بهداشتی درمانی تربت حیدریه,شرایط خاص,تعهد خدمت,2,165,دانشگاه علوم پزشکی و خدمات بهداشتی درمانی تربت حیدریه - دارای تعهد خدمت یک و نیم برابر طول مدت تحصیل در مناطق مورد نیاز دانشگاه علوم پزشکی ایرانشهر - محدودیت در ارائه خوابگاه | پذیرش از تمام متقاضیان سراسر کشور، با ترتیب اولویت متقاضیان«بومی مناطق تحت پوشش دانشگاه علوم پزشکی ایرانشهر(شهرستان های ،ایرانشهر)بمپور، دلگان، راسک، سرباز، فنوج، الشار، مهرستان » و بعد«استان سیستان و بلوچستان » و در آخر«سایر استان ها» دانشگاه علوم پزشکی و خدمات بهداشتی درمانی اراک- دارای مرد زن - 2 دکتری عمومی پزشکی 38694 با آزمون تعهد خدمت یک و نیم برابر طول مدت تحصیل در مناطق مورد نیاز دانشگاه علوم پزشکی ایرانشهر- فاقد خ وابگاه دانشگاه علوم پزشکی و خدمات بهداشتی درمانی اردبیل- دارای مرد زن 2 - دکتری عمومی پزشکی 38696 با آزمون تعهد خدمت یک و نیم برابر طول مدت تحصیل در مناطق مورد نیاز دانشگاه علوم پزشکی ایرانشهر- فاقد خوابگاه دانشگاه علوم پزشکی و خدمات بهداشتی درمانی اصفهان- دارای مرد زن 2 - دکتری عمومی پزشکی 38703 با آزمون تعهد خدمت یک و نیم برابر طول مدت تحصیل در مناطق مورد نیاز دانشگاه علوم پزشکی ایرانشهر- محدودیت در ارائه خوابگاه دانشگاه علوم پزشکی و خدمات بهداشتی درمانی البرز- کرج- مرد زن - 2 دکتری عمومی پزشکی 38707 با آزمون دارای تعهد خدمت یک و نیم برابر طول مدت تحصیل در مناطق مورد نیاز دانشگاه علوم پزشکی ایرانشهر- فاقد خوابگاه دانشگاه علوم پزشکی و خدمات بهداشتی درمانی ایران- دارای مرد زن - 5 دکتری عمومی پزشکی 38711 با آزمون تعهد خدمت یک و نیم برابر طول مدت تحصیل در مناطق مورد نیاز دانشگاه علوم پزشکی ایرانشهر- محدودیت در ارائه خوابگاه دانشگاه علوم پزشکی و خدمات بهداشتی درمانی بابل- دارای تعهد مرد زن - 4 دکتری عمومی پزشکی 38716 با آزمون خدمت یک و نیم برابر طول مدت تحصیل در مناطق مورد نیاز دانشگاه علوم پزشکی ایرانشهر- فاقد خوابگاه دانشگاه علوم پزشکی و خدمات بهداشتی درمانی بجنورد- دارای مرد زن 2 - دکتری عمومی پزشکی 38720 با آزمون تعهد خدمت یک و نیم برابر طول مدت تحصیل در مناطق مورد نیاز دانشگاه علوم پزشکی ایرانشهر- عدم تعهد در واگذاری خوابگاه دانشگاه علوم پزشکی و خدمات بهداشتی درمانی بیرجند- دارای مرد زن 5 - دکتری عمومی پزشکی 38723 با آزمون تعهد خدمت یک و نیم برابر طول مدت تحصیل در مناطق مورد نیاز دانشگاه علوم پزشکی ایرانشهر- عدم تعهد در واگذاری خوابگاه دانشگاه علوم پزشکی و خدمات بهداشتی درمانی تبریز- دارای مرد زن - 5 دکتری عمومی پزشکی 38728 با آزمون تعهد خدمت یک و نیم برابر طول مدت تحصیل در مناطق مورد نیاز دانشگاه علوم پزشکی ایرانشهر | رشته محل های پزشکی و دندان پزشکی دارای تعهد خدمت موضوع مصوبات شورای عالی انقلاب فرهنگی
38736,پزشکی,دانشگاه علوم پزشکی و خدمات بهداشتی درمانی تهران,شرایط خاص,تعهد خدمت,6,165,دانشگاه علوم پزشکی و خدمات بهداشتی درمانی تهران - دارای تعهد خدمت یک و نیم برابر طول مدت تحصیل در مناطق مورد نیاز دانشگاه علوم پزشکی ایرانشهر - دارای خوابگاه ملکی | پذیرش از تمام متقاضیان سراسر کشور، با ترتیب اولویت متقاضیان«بومی مناطق تحت پوشش دانشگاه علوم پزشکی ایرانشهر(شهرستان های ،ایرانشهر)بمپور، دلگان، راسک، سرباز، فنوج، الشار، مهرستان » و بعد«استان سیستان و بلوچستان » و در آخر«سایر استان ها» دانشگاه علوم پزشکی و خدمات بهداشتی درمانی اراک- دارای مرد زن - 2 دکتری عمومی پزشکی 38694 با آزمون تعهد خدمت یک و نیم برابر طول مدت تحصیل در مناطق مورد نیاز دانشگاه علوم پزشکی ایرانشهر- فاقد خ وابگاه دانشگاه علوم پزشکی و خدمات بهداشتی درمانی اردبیل- دارای مرد زن 2 - دکتری عمومی پزشکی 38696 با آزمون تعهد خدمت یک و نیم برابر طول مدت تحصیل در مناطق مورد نیاز دانشگاه علوم پزشکی ایرانشهر- فاقد خوابگاه دانشگاه علوم پزشکی و خدمات بهداشتی درمانی اصفهان- دارای مرد زن 2 - دکتری عمومی پزشکی 38703 با آزمون تعهد خدمت یک و نیم برابر طول مدت تحصیل در مناطق مورد نیاز دانشگاه علوم پزشکی ایرانشهر- محدودیت در ارائه خوابگاه دانشگاه علوم پزشکی و خدمات بهداشتی درمانی البرز- کرج- مرد زن - 2 دکتری عمومی پزشکی 38707 با آزمون دارای تعهد خدمت یک و نیم برابر طول مدت تحصیل در مناطق مورد نیاز دانشگاه علوم پزشکی ایرانشهر- فاقد خوابگاه دانشگاه علوم پزشکی و خدمات بهداشتی درمانی ایران- دارای مرد زن - 5 دکتری عمومی پزشکی 38711 با آزمون تعهد خدمت یک و نیم برابر طول مدت تحصیل در مناطق مورد نیاز دانشگاه علوم پزشکی ایرانشهر- محدودیت در ارائه خوابگاه دانشگاه علوم پزشکی و خدمات بهداشتی درمانی بابل- دارای تعهد مرد زن - 4 دکتری عمومی پزشکی 38716 با آزمون خدمت یک و نیم برابر طول مدت تحصیل در مناطق مورد نیاز دانشگاه علوم پزشکی ایرانشهر- فاقد خوابگاه دانشگاه علوم پزشکی و خدمات بهداشتی درمانی بجنورد- دارای مرد زن 2 - دکتری عمومی پزشکی 38720 با آزمون تعهد خدمت یک و نیم برابر طول مدت تحصیل در مناطق مورد نیاز دانشگاه علوم پزشکی ایرانشهر- عدم تعهد در واگذاری خوابگاه دانشگاه علوم پزشکی و خدمات بهداشتی درمانی بیرجند- دارای مرد زن 5 - دکتری عمومی پزشکی 38723 با آزمون تعهد خدمت یک و نیم برابر طول مدت تحصیل در مناطق مورد نیاز دانشگاه علوم پزشکی ایرانشهر- عدم تعهد در واگذاری خوابگاه دانشگاه علوم پزشکی و خدمات بهداشتی درمانی تبریز- دارای مرد زن - 5 دکتری عمومی پزشکی 38728 با آزمون تعهد خدمت یک و نیم برابر طول مدت تحصیل در مناطق مورد نیاز دانشگاه علوم پزشکی ایرانشهر دانشگاه علوم پزشکی و خدمات بهداشتی درمانی تربت حیدریه- دارای تعهد خدمت یک و نیم برابر طول مدت تحصیل در مناطق مرد زن - 2 دکتری عمومی پزشکی 38733 با آزمون مورد نیاز دانشگاه علوم پزشکی ایرانشهر- محدودیت در ارائه خوابگاه | رشته محل های پزشکی و دندان پزشکی دارای تعهد خدمت موضوع مصوبات شورای عالی انقلاب فرهنگی
38740,پزشکی,دانشگاه علوم پزشکی و خدمات بهداشتی درمانی جندی شاپور اهواز,شرایط خاص,تعهد خدمت,3,166,دانشگاه علوم پزشکی و خدمات بهداشتی درمانی جندی شاپور اهواز - دارای تعهد خدمت یک و نیم برابر طول مدت تحصیل در مناطق مورد نیاز دانشگاه علوم پزشکی ایرانشهر | ادامه پذیرش از تمام متقاضیان سراسر کشور، با ترتیب اولویت متقاضیان«بومی مناطق تحت پوشش دانشگاه علوم پزشکی ایرانشهر(شهرستان های )ایرانشهر، بمپور، دلگان، راسک، سرباز، فنوج، الشار، مهرستان » و بعد«استان سیستان و بلوچستان » و در آخر«سایر استان ها» | رشته محل های پزشکی و دندان پزشکی دارای تعهد خدمت موضوع مصوبات شورای عالی انقلاب فرهنگی
38744,پزشکی,دانشگاه علوم پزشکی و خدمات بهداشتی درمانی جهرم,شرایط خاص,تعهد خدمت,2,166,دانشگاه علوم پزشکی و خدمات بهداشتی درمانی جهرم - دارای تعهد خدمت یک و نیم برابر طول مدت تحصیل در مناطق مورد نیاز دانشگاه علوم پزشکی ایرانشهر - محدودیت در ارائه خوابگاه | ادامه پذیرش از تمام متقاضیان سراسر کشور، با ترتیب اولویت متقاضیان«بومی مناطق تحت پوشش دانشگاه علوم پزشکی ایرانشهر(شهرستان های )ایرانشهر، بمپور، دلگان، راسک، سرباز، فنوج، الشار، مهرستان » و بعد«استان سیستان و بلوچستان » و در آخر«سایر استان ها» | رشته محل های پزشکی و دندان پزشکی دارای تعهد خدمت موضوع مصوبات شورای عالی انقلاب فرهنگی
38748,پزشکی,دانشگاه علوم پزشکی و خدمات بهداشتی درمانی جیرفت,شرایط خاص,تعهد خدمت,6,166,دانشگاه علوم پزشکی و خدمات بهداشتی درمانی جیرفت - دارای تعهد خدمت یک و نیم برابر طول مدت تحصیل در مناطق مورد نیاز دانشگاه علوم پزشکی ایرانشهر - فاقد خوابگاه | ادامه پذیرش از تمام متقاضیان سراسر کشور، با ترتیب اولویت متقاضیان«بومی مناطق تحت پوشش دانشگاه علوم پزشکی ایرانشهر(شهرستان های )ایرانشهر، بمپور، دلگان، راسک، سرباز، فنوج، الشار، مهرستان » و بعد«استان سیستان و بلوچستان » و در آخر«سایر استان ها» | رشته محل های پزشکی و دندان پزشکی دارای تعهد خدمت موضوع مصوبات شورای عالی انقلاب فرهنگی
38752,پزشکی,دانشگاه علوم پزشکی و خدمات بهداشتی درمانی دزفول,شرایط خاص,تعهد خدمت,1,166,دانشگاه علوم پزشکی و خدمات بهداشتی درمانی دزفول - دارای تعهد خدمت یک و نیم برابر طول مدت تحصیل در مناطق مورد نیاز دانشگاه علوم پزشکی ایرانشهر - عدم تعهد در واگذاری خوابگاه | ادامه پذیرش از تمام متقاضیان سراسر کشور، با ترتیب اولویت متقاضیان«بومی مناطق تحت پوشش دانشگاه علوم پزشکی ایرانشهر(شهرستان های )ایرانشهر، بمپور، دلگان، راسک، سرباز، فنوج، الشار، مهرستان » و بعد«استان سیستان و بلوچستان » و در آخر«سایر استان ها» | رشته محل های پزشکی و دندان پزشکی دارای تعهد خدمت موضوع مصوبات شورای عالی انقلاب فرهنگی
38757,پزشکی,دانشگاه علوم پزشکی و خدمات بهداشتی درمانی رفسنجان,شرایط خاص,تعهد خدمت,7,166,دانشگاه علوم پزشکی و خدمات بهداشتی درمانی رفسنجان - دارای تعهد خدمت یک و نیم برابر طول مدت تحصیل در مناطق مورد نیاز دانشگاه علوم پزشکی ایرانشهر - انتقال بر اساس شرایط آیین نامه - عدم تعهد در واگذاری خوابگاه | ادامه پذیرش از تمام متقاضیان سراسر کشور، با ترتیب اولویت متقاضیان«بومی مناطق تحت پوشش دانشگاه علوم پزشکی ایرانشهر(شهرستان های )ایرانشهر، بمپور، دلگان، راسک، سرباز، فنوج، الشار، مهرستان » و بعد«استان سیستان و بلوچستان » و در آخر«سایر استان ها» | رشته محل های پزشکی و دندان پزشکی دارای تعهد خدمت موضوع مصوبات شورای عالی انقلاب فرهنگی
38762,پزشکی,دانشگاه علوم پزشکی و خدمات بهداشتی درمانی زاهدان,شرایط خاص,تعهد خدمت,22,166,دانشگاه علوم پزشکی و خدمات بهداشتی درمانی زاهدان - دارای تعهد خدمت یک و نیم برابر طول مدت تحصیل در مناطق مورد نیاز دانشگاه علوم پزشکی ایرانشهر - عدم تعهد در واگذاری خوابگاه | ادامه پذیرش از تمام متقاضیان سراسر کشور، با ترتیب اولویت متقاضیان«بومی مناطق تحت پوشش دانشگاه علوم پزشکی ایرانشهر(شهرستان های )ایرانشهر، بمپور، دلگان، راسک، سرباز، فنوج، الشار، مهرستان » و بعد«استان سیستان و بلوچستان » و در آخر«سایر استان ها» | رشته محل های پزشکی و دندان پزشکی دارای تعهد خدمت موضوع مصوبات شورای عالی انقلاب فرهنگی
38765,پزشکی,دانشگاه علوم پزشکی و خدمات بهداشتی درمانی زنجان,شرایط خاص,تعهد خدمت,3,166,دانشگاه علوم پزشکی و خدمات بهداشتی درمانی زنجان - دارای تعهد خدمت یک و نیم برابر طول مدت تحصیل در مناطق مورد نیاز دانشگاه علوم پزشکی ایرانشهر - فاقد خوابگاه | ادامه پذیرش از تمام متقاضیان سراسر کشور، با ترتیب اولویت متقاضیان«بومی مناطق تحت پوشش دانشگاه علوم پزشکی ایرانشهر(شهرستان های )ایرانشهر، بمپور، دلگان، راسک، سرباز، فنوج، الشار، مهرستان » و بعد«استان سیستان و بلوچستان » و در آخر«سایر استان ها» | رشته محل های پزشکی و دندان پزشکی دارای تعهد خدمت موضوع مصوبات شورای عالی انقلاب فرهنگی
38769,پزشکی,دانشگاه علوم پزشکی و خدمات بهداشتی درمانی سبزوار,شرایط خاص,تعهد خدمت,5,166,دانشگاه علوم پزشکی و خدمات بهداشتی درمانی سبزوار - دارای تعهد خدمت یک و نیم برابر طول مدت تحصیل در مناطق مورد نیاز دانشگاه علوم پزشکی ایرانشهر - عدم تعهد در واگذاری خوابگاه | ادامه پذیرش از تمام متقاضیان سراسر کشور، با ترتیب اولویت متقاضیان«بومی مناطق تحت پوشش دانشگاه علوم پزشکی ایرانشهر(شهرستان های )ایرانشهر، بمپور، دلگان، راسک، سرباز، فنوج، الشار، مهرستان » و بعد«استان سیستان و بلوچستان » و در آخر«سایر استان ها» | رشته محل های پزشکی و دندان پزشکی دارای تعهد خدمت موضوع مصوبات شورای عالی انقلاب فرهنگی
38773,پزشکی,دانشگاه علوم پزشکی و خدمات بهداشتی درمانی سمنان,شرایط خاص,تعهد خدمت,4,166,دانشگاه علوم پزشکی و خدمات بهداشتی درمانی سمنان - دارای تعهد خدمت یک و نیم برابر طول مدت تحصیل در مناطق مورد نیاز دانشگاه علوم پزشکی ایرانشهر - کارآموزی و کارورزی دانشجویان می تواند در هر یک از مراکز درمانی یا بهداشتی زیرمجموعه دانشگاه برنامه ریزی و اجرا گردد . - محدودیت در ارائه خوابگاه | ادامه پذیرش از تمام متقاضیان سراسر کشور، با ترتیب اولویت متقاضیان«بومی مناطق تحت پوشش دانشگاه علوم پزشکی ایرانشهر(شهرستان های )ایرانشهر، بمپور، دلگان، راسک، سرباز، فنوج، الشار، مهرستان » و بعد«استان سیستان و بلوچستان » و در آخر«سایر استان ها» | رشته محل های پزشکی و دندان پزشکی دارای تعهد خدمت موضوع مصوبات شورای عالی انقلاب فرهنگی
38776,پزشکی,دانشگاه علوم پزشکی و خدمات بهداشتی درمانی شاهرود,شرایط خاص,تعهد خدمت,9,166,دانشگاه علوم پزشکی و خدمات بهداشتی درمانی شاهرود - دارای تعهد خدمت یک و نیم برابر طول مدت تحصیل در مناطق مورد نیاز دانشگاه علوم پزشکی ایرانشهر - محدودیت در ارائه خوابگاه | ادامه پذیرش از تمام متقاضیان سراسر کشور، با ترتیب اولویت متقاضیان«بومی مناطق تحت پوشش دانشگاه علوم پزشکی ایرانشهر(شهرستان های )ایرانشهر، بمپور، دلگان، راسک، سرباز، فنوج، الشار، مهرستان » و بعد«استان سیستان و بلوچستان » و در آخر«سایر استان ها» | رشته محل های پزشکی و دندان پزشکی دارای تعهد خدمت موضوع مصوبات شورای عالی انقلاب فرهنگی
38780,پزشکی,دانشگاه علوم پزشکی و خدمات بهداشتی درمانی شهرکرد,شرایط خاص,تعهد خدمت,4,166,دانشگاه علوم پزشکی و خدمات بهداشتی درمانی شهرکرد - دارای تعهد خدمت یک و نیم برابر طول مدت تحصیل در مناطق مورد نیاز دانشگاه علوم پزشکی ایرانشهر - عدم تعهد در واگذاری خوابگاه | ادامه پذیرش از تمام متقاضیان سراسر کشور، با ترتیب اولویت متقاضیان«بومی مناطق تحت پوشش دانشگاه علوم پزشکی ایرانشهر(شهرستان های )ایرانشهر، بمپور، دلگان، راسک، سرباز، فنوج، الشار، مهرستان » و بعد«استان سیستان و بلوچستان » و در آخر«سایر استان ها» | رشته محل های پزشکی و دندان پزشکی دارای تعهد خدمت موضوع مصوبات شورای عالی انقلاب فرهنگی
38784,پزشکی,دانشگاه علوم پزشکی و خدمات بهداشتی درمانی شهید بهشتی - تهران,شرایط خاص,تعهد خدمت,5,166,دانشگاه علوم پزشکی و خدمات بهداشتی درمانی شهید بهشتی - تهران - دارای تعهد خدمت یک و نیم برابر طول مدت تحصیل در مناطق مورد نیاز دانشگاه علوم پزشکی ایرانشهر | ادامه پذیرش از تمام متقاضیان سراسر کشور، با ترتیب اولویت متقاضیان«بومی مناطق تحت پوشش دانشگاه علوم پزشکی ایرانشهر(شهرستان های )ایرانشهر، بمپور، دلگان، راسک، سرباز، فنوج، الشار، مهرستان » و بعد«استان سیستان و بلوچستان » و در آخر«سایر استان ها» | رشته محل های پزشکی و دندان پزشکی دارای تعهد خدمت موضوع مصوبات شورای عالی انقلاب فرهنگی
38788,پزشکی,دانشگاه علوم پزشکی و خدمات بهداشتی درمانی شیراز,شرایط خاص,تعهد خدمت,5,166,دانشگاه علوم پزشکی و خدمات بهداشتی درمانی شیراز - دارای تعهد خدمت یک و نیم برابر طول مدت تحصیل در مناطق مورد نیاز دانشگاه علوم پزشکی ایرانشهر - محدودیت در ارائه خوابگاه | ادامه پذیرش از تمام متقاضیان سراسر کشور، با ترتیب اولویت متقاضیان«بومی مناطق تحت پوشش دانشگاه علوم پزشکی ایرانشهر(شهرستان های )ایرانشهر، بمپور، دلگان، راسک، سرباز، فنوج، الشار، مهرستان » و بعد«استان سیستان و بلوچستان » و در آخر«سایر استان ها» | رشته محل های پزشکی و دندان پزشکی دارای تعهد خدمت موضوع مصوبات شورای عالی انقلاب فرهنگی
38792,پزشکی,دانشگاه علوم پزشکی و خدمات بهداشتی درمانی قزوین,شرایط خاص,تعهد خدمت,2,167,دانشگاه علوم پزشکی و خدمات بهداشتی درمانی قزوین - دارای تعهد خدمت یک و نیم برابر طول مدت تحصیل در مناطق مورد نیاز دانشگاه علوم پزشکی ایرانشهر - عدم تعهد در واگذاری خوابگاه | ادامه پذیرش از تمام متقاضیان سراسر کشور، با ترتیب اولویت متقاضیان«بومی مناطق تحت پوشش دانشگاه علوم پزشکی ایرانشهر(شهرستان های )ایرانشهر، بمپور، دلگان، راسک، سرباز، فنوج، الشار، مهرستان » و بعد«استان سیستان و بلوچستان » و در آخر«سایر استان ها» | رشته محل های پزشکی و دندان پزشکی دارای تعهد خدمت موضوع مصوبات شورای عالی انقلاب فرهنگی
38796,پزشکی,دانشگاه علوم پزشکی و خدمات بهداشتی درمانی قم,شرایط خاص,تعهد خدمت,2,167,دانشگاه علوم پزشکی و خدمات بهداشتی درمانی قم - دارای تعهد خدمت یک و نیم برابر طول مدت تحصیل در مناطق مورد نیاز دانشگاه علوم پزشکی ایرانشهر - عدم تعهد در واگذاری خوابگاه | ادامه پذیرش از تمام متقاضیان سراسر کشور، با ترتیب اولویت متقاضیان«بومی مناطق تحت پوشش دانشگاه علوم پزشکی ایرانشهر(شهرستان های )ایرانشهر، بمپور، دلگان، راسک، سرباز، فنوج، الشار، مهرستان » و بعد«استان سیستان و بلوچستان » و در آخر«سایر استان ها» | رشته محل های پزشکی و دندان پزشکی دارای تعهد خدمت موضوع مصوبات شورای عالی انقلاب فرهنگی
38800,پزشکی,دانشگاه علوم پزشکی و خدمات بهداشتی درمانی کاشان,شرایط خاص,تعهد خدمت,3,167,دانشگاه علوم پزشکی و خدمات بهداشتی درمانی کاشان - دارای تعهد خدمت یک و نیم برابر طول مدت تحصیل در مناطق مورد نیاز دانشگاه علوم پزشکی ایرانشهر - عدم تعهد در واگذاری خوابگاه | ادامه پذیرش از تمام متقاضیان سراسر کشور، با ترتیب اولویت متقاضیان«بومی مناطق تحت پوشش دانشگاه علوم پزشکی ایرانشهر(شهرستان های )ایرانشهر، بمپور، دلگان، راسک، سرباز، فنوج، الشار، مهرستان » و بعد«استان سیستان و بلوچستان » و در آخر«سایر استان ها» | رشته محل های پزشکی و دندان پزشکی دارای تعهد خدمت موضوع مصوبات شورای عالی انقلاب فرهنگی
38805,پزشکی,دانشگاه علوم پزشکی و خدمات بهداشتی درمانی کرمان,شرایط خاص,تعهد خدمت,16,167,دانشگاه علوم پزشکی و خدمات بهداشتی درمانی کرمان - دارای تعهد خدمت یک و نیم برابر طول مدت تحصیل در مناطق مورد نیاز دانشگاه علوم پزشکی ایرانشهر - فاقد خوابگاه | ادامه پذیرش از تمام متقاضیان سراسر کشور، با ترتیب اولویت متقاضیان«بومی مناطق تحت پوشش دانشگاه علوم پزشکی ایرانشهر(شهرستان های )ایرانشهر، بمپور، دلگان، راسک، سرباز، فنوج، الشار، مهرستان » و بعد«استان سیستان و بلوچستان » و در آخر«سایر استان ها» | رشته محل های پزشکی و دندان پزشکی دارای تعهد خدمت موضوع مصوبات شورای عالی انقلاب فرهنگی
38817,پزشکی,دانشگاه علوم پزشکی و خدمات بهداشتی درمانی مشهد,شرایط خاص,تعهد خدمت,5,167,دانشگاه علوم پزشکی و خدمات بهداشتی درمانی مشهد - دارای تعهد خدمت یک و نیم برابر طول مدت تحصیل در مناطق مورد نیاز دانشگاه علوم پزشکی ایرانشهر - عدم تعهد در واگذاری خوابگاه | ادامه پذیرش از تمام متقاضیان سراسر کشور، با ترتیب اولویت متقاضیان«بومی مناطق تحت پوشش دانشگاه علوم پزشکی ایرانشهر(شهرستان های )ایرانشهر، بمپور، دلگان، راسک، سرباز، فنوج، الشار، مهرستان » و بعد«استان سیستان و بلوچستان » و در آخر«سایر استان ها» | رشته محل های پزشکی و دندان پزشکی دارای تعهد خدمت موضوع مصوبات شورای عالی انقلاب فرهنگی
38826,پزشکی,دانشگاه علوم پزشکی و خدمات بهداشتی درمانی یزد,شرایط خاص,تعهد خدمت,5,167,دانشگاه علوم پزشکی و خدمات بهداشتی درمانی یزد - دارای تعهد خدمت یک و نیم برابر طول مدت تحصیل در مناطق مورد نیاز دانشگاه علوم پزشکی ایرانشهر - عدم تعهد در واگذاری خوابگاه | ادامه پذیرش از تمام متقاضیان سراسر کشور، با ترتیب اولویت متقاضیان«بومی مناطق تحت پوشش دانشگاه علوم پزشکی ایرانشهر(شهرستان های )ایرانشهر، بمپور، دلگان، راسک، سرباز، فنوج، الشار، مهرستان » و بعد«استان سیستان و بلوچستان » و در آخر«سایر استان ها» | رشته محل های پزشکی و دندان پزشکی دارای تعهد خدمت موضوع مصوبات شورای عالی انقلاب فرهنگی
38834,دندانپزشکی,دانشگاه علوم پزشکی و خدمات بهداشتی درمانی جندی شاپور اهواز,شرایط خاص,تعهد خدمت,1,167,دانشگاه علوم پزشکی و خدمات بهداشتی درمانی جندی شاپور اهواز - دارای تعهد خدمت یک و نیم برابر طول مدت تحصیل در مناطق مورد نیاز دانشگاه علوم پزشکی ایرانشهر | ادامه پذیرش از تمام متقاضیان سراسر کشور، با ترتیب اولویت متقاضیان«بومی مناطق تحت پوشش دانشگاه علوم پزشکی ایرانشهر(شهرستان های )ایرانشهر، بمپور، دلگان، راسک، سرباز، فنوج، الشار، مهرستان » و بعد«استان سیستان و بلوچستان » و در آخر«سایر استان ها» | رشته محل های پزشکی و دندان پزشکی دارای تعهد خدمت موضوع مصوبات شورای عالی انقلاب فرهنگی
38836,دندانپزشکی,دانشگاه علوم پزشکی و خدمات بهداشتی درمانی رفسنجان,شرایط خاص,تعهد خدمت,2,167,دانشگاه علوم پزشکی و خدمات بهداشتی درمانی رفسنجان - دارای تعهد خدمت یک و نیم برابر طول مدت تحصیل در مناطق مورد نیاز دانشگاه علوم پزشکی ایرانشهر - انتقال بر اساس شرایط آیین نامه - عدم تعهد در واگذاری خوابگاه | ادامه پذیرش از تمام متقاضیان سراسر کشور، با ترتیب اولویت متقاضیان«بومی مناطق تحت پوشش دانشگاه علوم پزشکی ایرانشهر(شهرستان های )ایرانشهر، بمپور، دلگان، راسک، سرباز، فنوج، الشار، مهرستان » و بعد«استان سیستان و بلوچستان » و در آخر«سایر استان ها» | رشته محل های پزشکی و دندان پزشکی دارای تعهد خدمت موضوع مصوبات شورای عالی انقلاب فرهنگی
38840,دندانپزشکی,دانشگاه علوم پزشکی و خدمات بهداشتی درمانی زاهدان,شرایط خاص,تعهد خدمت,5,167,دانشگاه علوم پزشکی و خدمات بهداشتی درمانی زاهدان - دارای تعهد خدمت یک و نیم برابر طول دوره تحصیل در مناطق مورد نیاز دانشگاه علوم پزشکی ایرانشهر - عدم تعهد در واگذاری خوابگاه | ادامه پذیرش از تمام متقاضیان سراسر کشور، با ترتیب اولویت متقاضیان«بومی مناطق تحت پوشش دانشگاه علوم پزشکی ایرانشهر(شهرستان های )ایرانشهر، بمپور، دلگان، راسک، سرباز، فنوج، الشار، مهرستان » و بعد«استان سیستان و بلوچستان » و در آخر«سایر استان ها» | رشته محل های پزشکی و دندان پزشکی دارای تعهد خدمت موضوع مصوبات شورای عالی انقلاب فرهنگی
38845,دندانپزشکی,دانشگاه علوم پزشکی و خدمات بهداشتی درمانی شیراز,شرایط خاص,تعهد خدمت,4,167,دانشگاه علوم پزشکی و خدمات بهداشتی درمانی شیراز - دارای تعهد خدمت یک و نیم برابر طول مدت تحصیل در مناطق مورد نیاز دانشگاه علوم پزشکی ایرانشهر - محدودیت در ارائه خوابگاه | ادامه پذیرش از تمام متقاضیان سراسر کشور، با ترتیب اولویت متقاضیان«بومی مناطق تحت پوشش دانشگاه علوم پزشکی ایرانشهر(شهرستان های )ایرانشهر، بمپور، دلگان، راسک، سرباز، فنوج، الشار، مهرستان » و بعد«استان سیستان و بلوچستان » و در آخر«سایر استان ها» | رشته محل های پزشکی و دندان پزشکی دارای تعهد خدمت موضوع مصوبات شورای عالی انقلاب فرهنگی
38847,دندانپزشکی,دانشگاه علوم پزشکی و خدمات بهداشتی درمانی کاشان,شرایط خاص,تعهد خدمت,2,167,دانشگاه علوم پزشکی و خدمات بهداشتی درمانی کاشان - دارای تعهد خدمت یک و نیم برابر طول مدت تحصیل در مناطق مورد نیاز دانشگاه علوم پزشکی ایرانشهر - عدم تعهد در واگذاری خوابگاه | ادامه پذیرش از تمام متقاضیان سراسر کشور، با ترتیب اولویت متقاضیان«بومی مناطق تحت پوشش دانشگاه علوم پزشکی ایرانشهر(شهرستان های )ایرانشهر، بمپور، دلگان، راسک، سرباز، فنوج، الشار، مهرستان » و بعد«استان سیستان و بلوچستان » و در آخر«سایر استان ها» | رشته محل های پزشکی و دندان پزشکی دارای تعهد خدمت موضوع مصوبات شورای عالی انقلاب فرهنگی
38850,دندانپزشکی,دانشگاه علوم پزشکی و خدمات بهداشتی درمانی کرمان,شرایط خاص,تعهد خدمت,3,167,دانشگاه علوم پزشکی و خدمات بهداشتی درمانی کرمان - دارای تعهد خدمت یک و نیم برابر طول مدت تحصیل در مناطق مورد نیاز دانشگاه علوم پزشکی ایرانشهر - فاقد خوابگاه | ادامه پذیرش از تمام متقاضیان سراسر کشور، با ترتیب اولویت متقاضیان«بومی مناطق تحت پوشش دانشگاه علوم پزشکی ایرانشهر(شهرستان های )ایرانشهر، بمپور، دلگان، راسک، سرباز، فنوج، الشار، مهرستان » و بعد«استان سیستان و بلوچستان » و در آخر«سایر استان ها» | رشته محل های پزشکی و دندان پزشکی دارای تعهد خدمت موضوع مصوبات شورای عالی انقلاب فرهنگی
38854,دندانپزشکی,دانشگاه علوم پزشکی و خدمات بهداشتی درمانی مشهد,شرایط خاص,تعهد خدمت,8,167,دانشگاه علوم پزشکی و خدمات بهداشتی درمانی مشهد - دارای تعهد خدمت یک و نیم برابر طول مدت تحصیل در مناطق مورد نیاز دانشگاه علوم پزشکی ایرانشهر - عدم تعهد در واگذاری خوابگاه | ادامه پذیرش از تمام متقاضیان سراسر کشور، با ترتیب اولویت متقاضیان«بومی مناطق تحت پوشش دانشگاه علوم پزشکی ایرانشهر(شهرستان های )ایرانشهر، بمپور، دلگان، راسک، سرباز، فنوج، الشار، مهرستان » و بعد«استان سیستان و بلوچستان » و در آخر«سایر استان ها» | رشته محل های پزشکی و دندان پزشکی دارای تعهد خدمت موضوع مصوبات شورای عالی انقلاب فرهنگی
38859,دندانپزشکی,دانشگاه علوم پزشکی و خدمات بهداشتی درمانی یزد,شرایط خاص,تعهد خدمت,2,167,دانشگاه علوم پزشکی و خدمات بهداشتی درمانی یزد - دارای تعهد خدمت یک و نیم برابر طول مدت تحصیل در مناطق مورد نیاز دانشگاه علوم پزشکی ایرانشهر - عدم تعهد در واگذاری خوابگاه | ادامه پذیرش از تمام متقاضیان سراسر کشور، با ترتیب اولویت متقاضیان«بومی مناطق تحت پوشش دانشگاه علوم پزشکی ایرانشهر(شهرستان های )ایرانشهر، بمپور، دلگان، راسک، سرباز، فنوج، الشار، مهرستان » و بعد«استان سیستان و بلوچستان » و در آخر«سایر استان ها» | رشته محل های پزشکی و دندان پزشکی دارای تعهد خدمت موضوع مصوبات شورای عالی انقلاب فرهنگی
38860,پزشکی,دانشگاه علوم پزشکی و خدمات بهداشتی درمانی جهرم,شرایط خاص,تعهد خدمت,30,168,دانشگاه علوم پزشکی و خدمات بهداشتی درمانی جهرم - دارای تعهد خدمت یک و نیم برابر طول مدت تحصیل در مناطق مورد نیاز دانشگاه علوم پزشکی جهرم - محدودیت در ارائه خوابگاه | پذیرش از تمام متقاضیان سراسر کشور، با اولویت متقاضیان بومی استان فارس | رشته محل های پزشکی و دندان پزشکی دارای تعهد خدمت موضوع مصوبات شورای عالی انقلاب فرهنگی
38861,پزشکی,دانشگاه علوم پزشکی و خدمات بهداشتی درمانی شیراز,شرایط خاص,تعهد خدمت,13,168,دانشگاه علوم پزشکی و خدمات بهداشتی درمانی شیراز - دارای تعهد خدمت یک و نیم برابر طول مدت تحصیل در مناطق مورد نیاز دانشگاه علوم پزشکی شیراز - محدودیت در ارائه خوابگاه | پذیرش از تمام متقاضیان سراسر کشور، با اولویت متقاضیان بومی استان فارس | رشته محل های پزشکی و دندان پزشکی دارای تعهد خدمت موضوع مصوبات شورای عالی انقلاب فرهنگی
38862,پزشکی,دانشگاه علوم پزشکی و خدمات بهداشتی درمانی شیراز,شرایط خاص,تعهد خدمت,13,168,دانشگاه علوم پزشکی و خدمات بهداشتی درمانی شیراز - دارای تعهد خدمت یک و نیم برابر طول مدت تحصیل در مناطق مورد نیاز دانشگاه علوم پزشکی شیراز - محدودیت در ارائه خوابگاه | پذیرش از تمام متقاضیان سراسر کشور، با اولویت متقاضیان بومی استان فارس | رشته محل های پزشکی و دندان پزشکی دارای تعهد خدمت موضوع مصوبات شورای عالی انقلاب فرهنگی
38863,پزشکی,دانشگاه علوم پزشکی و خدمات بهداشتی درمانی فسا,شرایط خاص,تعهد خدمت,10,168,دانشگاه علوم پزشکی و خدمات بهداشتی درمانی فسا - دارای تعهد خدمت یک و نیم برابر طول دوره تحصیل در مناطق مورد نیاز دانشگاه علوم پزشکی فسا - سال اول معرفی به خوابگاه خودگردان | پذیرش از تمام متقاضیان سراسر کشور، با اولویت متقاضیان بومی استان فارس | رشته محل های پزشکی و دندان پزشکی دارای تعهد خدمت موضوع مصوبات شورای عالی انقلاب فرهنگی
38864,پزشکی,دانشگاه علوم پزشکی و خدمات بهداشتی درمانی فسا,شرایط خاص,تعهد خدمت,10,168,دانشگاه علوم پزشکی و خدمات بهداشتی درمانی فسا - دارای تعهد خدمت یک و نیم برابر طول دوره تحصیل در مناطق مورد نیاز دانشگاه علوم پزشکی فسا - سال اول معرفی به خوابگاه خودگردان | پذیرش از تمام متقاضیان سراسر کشور، با اولویت متقاضیان بومی استان فارس | رشته محل های پزشکی و دندان پزشکی دارای تعهد خدمت موضوع مصوبات شورای عالی انقلاب فرهنگی
38865,پزشکی,دانشگاه علوم پزشکی و خدمات بهداشتی درمانی قزوین,شرایط خاص,تعهد خدمت,25,168,دانشگاه علوم پزشکی و خدمات بهداشتی درمانی قزوین - دارای تعهد خدمت یک و نیم برابر طول دوره تحصیل در مناطق مورد نیاز دانشگاه علوم پزشکی قزوین - عدم تعهد در واگذاری خوابگاه | پذیرش از تمام متقاضیان سراسر کشور، با اولویت متقاضیان بومی استان قزوین | رشته محل های پزشکی و دندان پزشکی دارای تعهد خدمت موضوع مصوبات شورای عالی انقلاب فرهنگی
38866,پزشکی,دانشگاه علوم پزشکی و خدمات بهداشتی درمانی قزوین,شرایط خاص,تعهد خدمت,24,168,دانشگاه علوم پزشکی و خدمات بهداشتی درمانی قزوین - دارای تعهد خدمت یک و نیم برابر طول دوره تحصیل در مناطق مورد نیاز دانشگاه علوم پزشکی قزوین - عدم تعهد در واگذاری خوابگاه | پذیرش از تمام متقاضیان سراسر کشور، با اولویت متقاضیان بومی استان قزوین دانشگاه علوم پزشکی و خدمات بهداشتی درمانی قزوین- دارای مرد زن 25 - دکتری عمومی پزشکی 38865 با آزمون تعهد خدمت یک و نیم برابر طول دوره تحصیل در مناطق مورد نیاز دانشگاه علوم پزشکی قزوین- عدم تعهد در واگذاری خوابگاه | رشته محل های پزشکی و دندان پزشکی دارای تعهد خدمت موضوع مصوبات شورای عالی انقلاب فرهنگی
38867,دندانپزشکی,دانشگاه علوم پزشکی و خدمات بهداشتی درمانی قزوین,شرایط خاص,تعهد خدمت,12,168,دانشگاه علوم پزشکی و خدمات بهداشتی درمانی قزوین - دارای تعهد خدمت یک و نیم برابر طول مدت تحصیل در مناطق مورد نیاز دانشگاه علوم پزشکی قزوین - عدم تعهد در واگذاری خوابگاه | پذیرش از تمام متقاضیان سراسر کشور، با اولویت متقاضیان بومی استان قزوین دانشگاه علوم پزشکی و خدمات بهداشتی درمانی قزوین- دارای مرد زن 25 - دکتری عمومی پزشکی 38865 با آزمون تعهد خدمت یک و نیم برابر طول دوره تحصیل در مناطق مورد نیاز دانشگاه علوم پزشکی قزوین- عدم تعهد در واگذاری خوابگاه دانشگاه علوم پزشکی و خدمات بهداشتی درمانی قزوین- دارای مرد زن - 24 دکتری عمومی پزشکی 38866 با آزمون تعهد خدمت یک و نیم برابر طول دوره تحصیل در مناطق مورد نیاز دانشگاه علوم پزشکی قزوین- عدم تعهد در واگذاری خوابگاه | رشته محل های پزشکی و دندان پزشکی دارای تعهد خدمت موضوع مصوبات شورای عالی انقلاب فرهنگی
38868,پزشکی,دانشگاه علوم پزشکی و خدمات بهداشتی درمانی قم,شرایط خاص,تعهد خدمت,20,168,دانشگاه علوم پزشکی و خدمات بهداشتی درمانی قم - دارای تعهد خدمت یک و نیم برابر طول مدت تحصیل در مناطق مورد نیاز دانشگاه علوم پزشکی قم - ممنوعیت انتقال به دانشگاه های تهران - عدم تعهد در واگذاری خوابگاه | پذیرش از تمام متقاضیان سراسر کشور، با اولویت متقاضیان بومی استان قم | رشته محل های پزشکی و دندان پزشکی دارای تعهد خدمت موضوع مصوبات شورای عالی انقلاب فرهنگی
38869,دندانپزشکی,دانشگاه علوم پزشکی و خدمات بهداشتی درمانی قم,شرایط خاص,تعهد خدمت,12,168,دانشگاه علوم پزشکی و خدمات بهداشتی درمانی قم - دارای تعهد خدمت یک و نیم برابر طول مدت تحصیل در مناطق مورد نیاز دانشگاه علوم پزشکی قم - عدم تعهد در واگذاری خوابگاه | پذیرش از تمام متقاضیان سراسر کشور، با اولویت متقاضیان بومی استان قم دانشگاه علوم پزشکی و خدمات بهداشتی درمانی قم- دارای تعهد خدمت یک و نیم برابر طول مدت تحصیل در مناطق مورد نیاز مرد زن 20 - دکتری عمومی پزشکی 38868 با آزمون دانشگاه علوم پزشکی قم- ممنوعیت انتقال به دانشگاه های تهران- عدم تعهد در واگذاری خوابگاه | رشته محل های پزشکی و دندان پزشکی دارای تعهد خدمت موضوع مصوبات شورای عالی انقلاب فرهنگی
38870,پزشکی,دانشگاه علوم پزشکی و خدمات بهداشتی درمانی ارومیه,شرایط خاص,تعهد خدمت,7,168,دانشگاه علوم پزشکی و خدمات بهداشتی درمانی ارومیه - دارای تعهد خدمت یک و نیم برابر طول مدت تحصیل در مناطق مورد نیاز دانشگاه علوم پزشکی کردستان - عدم تعهد در واگذاری خوابگاه | پذیرش از تمام متقاضیان سراسر کشور، با اولویت متقاضیان بومی استان کردستان | رشته محل های پزشکی و دندان پزشکی دارای تعهد خدمت موضوع مصوبات شورای عالی انقلاب فرهنگی
38871,پزشکی,دانشگاه علوم پزشکی و خدمات بهداشتی درمانی اصفهان,شرایط خاص,تعهد خدمت,3,168,دانشگاه علوم پزشکی و خدمات بهداشتی درمانی اصفهان - دارای تعهد خدمت یک و نیم برابر طول دوره تحصیل در مناطق مورد نیاز دانشگاه علوم پزشکی کردستان - محدودیت در ارائه خوابگاه | پذیرش از تمام متقاضیان سراسر کشور، با اولویت متقاضیان بومی استان کردستان دانشگاه علوم پزشکی و خدمات بهداشتی درمانی ارومیه- دارای مرد زن 7 - دکتری عمومی پزشکی 38870 با آزمون تعهد خدمت یک و نیم برابر طول مدت تحصیل در مناطق مورد نیاز دانشگاه علوم پزشکی کردستان- عدم تعهد در واگذاری خوابگاه | رشته محل های پزشکی و دندان پزشکی دارای تعهد خدمت موضوع مصوبات شورای عالی انقلاب فرهنگی
38872,پزشکی,دانشگاه علوم پزشکی و خدمات بهداشتی درمانی البرز - کرج,شرایط خاص,تعهد خدمت,5,168,دانشگاه علوم پزشکی و خدمات بهداشتی درمانی البرز - کرج - دارای تعهد خدمت یک و نیم برابر طول دوره تحصیل در مناطق مورد نیاز دانشگاه علوم پزشکی کردستان - فاقد خوابگاه | پذیرش از تمام متقاضیان سراسر کشور، با اولویت متقاضیان بومی استان کردستان دانشگاه علوم پزشکی و خدمات بهداشتی درمانی ارومیه- دارای مرد زن 7 - دکتری عمومی پزشکی 38870 با آزمون تعهد خدمت یک و نیم برابر طول مدت تحصیل در مناطق مورد نیاز دانشگاه علوم پزشکی کردستان- عدم تعهد در واگذاری خوابگاه دانشگاه علوم پزشکی و خدمات بهداشتی درمانی اصفهان- دارای مرد زن 3 - دکتری عمومی پزشکی 38871 با آزمون تعهد خدمت یک و نیم برابر طول دوره تحصیل در مناطق مورد نیاز دانشگاه علوم پزشکی کردستان- محدودیت در ارائه خوابگاه | رشته محل های پزشکی و دندان پزشکی دارای تعهد خدمت موضوع مصوبات شورای عالی انقلاب فرهنگی
38873,پزشکی,دانشگاه علوم پزشکی و خدمات بهداشتی درمانی تبریز,شرایط خاص,تعهد خدمت,10,169,دانشگاه علوم پزشکی و خدمات بهداشتی درمانی تبریز - دارای تعهد خدمت یک و نیم برابر طول دوره تحصیل در مناطق مورد نیاز دانشگاه علوم پزشکی کردستان | ادامه پذیرش از تمام متقاضیان سراسر کشور، با اولویت متقاضیان بومی استان کردستان | رشته محل های پزشکی و دندان پزشکی دارای تعهد خدمت موضوع مصوبات شورای عالی انقلاب فرهنگی
38874,پزشکی,دانشگاه علوم پزشکی و خدمات بهداشتی درمانی تهران,شرایط خاص,تعهد خدمت,7,169,دانشگاه علوم پزشکی و خدمات بهداشتی درمانی تهران - دارای تعهد خدمت یک و نیم برابر طول مدت تحصیل در مناطق مورد نیاز دانشگاه علوم پزشکی کردستان - دارای خوابگاه ملکی | ادامه پذیرش از تمام متقاضیان سراسر کشور، با اولویت متقاضیان بومی استان کردستان | رشته محل های پزشکی و دندان پزشکی دارای تعهد خدمت موضوع مصوبات شورای عالی انقلاب فرهنگی
38875,پزشکی,دانشگاه علوم پزشکی و خدمات بهداشتی درمانی زنجان,شرایط خاص,تعهد خدمت,7,169,دانشگاه علوم پزشکی و خدمات بهداشتی درمانی زنجان - دارای تعهد خدمت یک و نیم برابر طول دوره تحصیل در مناطق مورد نیاز دانشگاه علوم پزشکی کردستان - فاقد خوابگاه | ادامه پذیرش از تمام متقاضیان سراسر کشور، با اولویت متقاضیان بومی استان کردستان | رشته محل های پزشکی و دندان پزشکی دارای تعهد خدمت موضوع مصوبات شورای عالی انقلاب فرهنگی
38876,پزشکی,دانشگاه علوم پزشکی و خدمات بهداشتی درمانی شهید بهشتی - تهران,شرایط خاص,تعهد خدمت,6,169,دانشگاه علوم پزشکی و خدمات بهداشتی درمانی شهید بهشتی - تهران - دارای تعهد خدمت یک و نیم برابر طول مدت تحصیل در مناطق مورد نیاز دانشگاه علوم پزشکی کردستان | ادامه پذیرش از تمام متقاضیان سراسر کشور، با اولویت متقاضیان بومی استان کردستان | رشته محل های پزشکی و دندان پزشکی دارای تعهد خدمت موضوع مصوبات شورای عالی انقلاب فرهنگی
38877,پزشکی,دانشگاه علوم پزشکی و خدمات بهداشتی درمانی قزوین,شرایط خاص,تعهد خدمت,8,169,دانشگاه علوم پزشکی و خدمات بهداشتی درمانی قزوین - دارای تعهد خدمت یک و نیم برابر طول دوره تحصیل در مناطق مورد نیاز دانشگاه علوم پزشکی کردستان - عدم تعهد در واگذاری خوابگاه | ادامه پذیرش از تمام متقاضیان سراسر کشور، با اولویت متقاضیان بومی استان کردستان | رشته محل های پزشکی و دندان پزشکی دارای تعهد خدمت موضوع مصوبات شورای عالی انقلاب فرهنگی
38878,پزشکی,دانشگاه علوم پزشکی و خدمات بهداشتی درمانی کردستان - سنندج,شرایط خاص,تعهد خدمت,32,169,دانشگاه علوم پزشکی و خدمات بهداشتی درمانی کردستان - سنندج - دارای تعهد خدمت یک و نیم برابر طول مدت تحصیل در مناطق مورد نیاز دانشگاه علوم پزشکی کردستان - فاقد خوابگاه | ادامه پذیرش از تمام متقاضیان سراسر کشور، با اولویت متقاضیان بومی استان کردستان | رشته محل های پزشکی و دندان پزشکی دارای تعهد خدمت موضوع مصوبات شورای عالی انقلاب فرهنگی
38879,پزشکی,دانشگاه علوم پزشکی و خدمات بهداشتی درمانی کردستان - سنندج,شرایط خاص,تعهد خدمت,33,169,دانشگاه علوم پزشکی و خدمات بهداشتی درمانی کردستان - سنندج - دارای تعهد خدمت یک و نیم برابر طول دوره تحصیل در مناطق مورد نیاز دانشگاه علوم پزشکی کردستان - فاقد خوابگاه | ادامه پذیرش از تمام متقاضیان سراسر کشور، با اولویت متقاضیان بومی استان کردستان | رشته محل های پزشکی و دندان پزشکی دارای تعهد خدمت موضوع مصوبات شورای عالی انقلاب فرهنگی
38880,پزشکی,دانشگاه علوم پزشکی و خدمات بهداشتی درمانی کرمانشاه,شرایط خاص,تعهد خدمت,15,169,دانشگاه علوم پزشکی و خدمات بهداشتی درمانی کرمانشاه - دارای تعهد خدمت یک و نیم برابر طول مدت تحصیل در مناطق مورد نیاز دانشگاه علوم پزشکی کردستان - عدم تعهد در واگذاری خوابگاه | ادامه پذیرش از تمام متقاضیان سراسر کشور، با اولویت متقاضیان بومی استان کردستان | رشته محل های پزشکی و دندان پزشکی دارای تعهد خدمت موضوع مصوبات شورای عالی انقلاب فرهنگی
38881,پزشکی,دانشگاه علوم پزشکی و خدمات بهداشتی درمانی گیالن - رشت,شرایط خاص,تعهد خدمت,5,169,دانشگاه علوم پزشکی و خدمات بهداشتی درمانی گیالن - رشت - دارای تعهد خدمت یک و نیم برابر طول مدت تحصیل در مناطق مورد نیاز دانشگاه علوم پزشکی کردستان - فاقد خوابگاه | ادامه پذیرش از تمام متقاضیان سراسر کشور، با اولویت متقاضیان بومی استان کردستان | رشته محل های پزشکی و دندان پزشکی دارای تعهد خدمت موضوع مصوبات شورای عالی انقلاب فرهنگی
38882,پزشکی,دانشگاه علوم پزشکی و خدمات بهداشتی درمانی لرستان,شرایط خاص,تعهد خدمت,5,169,دانشگاه علوم پزشکی و خدمات بهداشتی درمانی لرستان - خرم آباد ( محل تحصیل دانش کده پزشکی خرم آباد ) - دارای تعهد خدمت یک و نیم برابر طول مدت تحصیل در مناطق مورد نیاز دانشگاه علوم پزشکی کردستان - محدودیت در ارائه خوابگاه | ادامه پذیرش از تمام متقاضیان سراسر کشور، با اولویت متقاضیان بومی استان کردستان | رشته محل های پزشکی و دندان پزشکی دارای تعهد خدمت موضوع مصوبات شورای عالی انقلاب فرهنگی
38883,پزشکی,دانشگاه علوم پزشکی و خدمات بهداشتی درمانی همدان,شرایط خاص,تعهد خدمت,10,169,دانشگاه علوم پزشکی و خدمات بهداشتی درمانی همدان - دارای تعهد خدمت یک و نیم برابر طول مدت تحصیل در مناطق مورد نیاز دانشگاه علوم پزشکی کردستان - اول خوابگاه خودگردان ،سال خوابگاه از سال دوم ملکی | ادامه پذیرش از تمام متقاضیان سراسر کشور، با اولویت متقاضیان بومی استان کردستان | رشته محل های پزشکی و دندان پزشکی دارای تعهد خدمت موضوع مصوبات شورای عالی انقلاب فرهنگی
38884,دندانپزشکی,دانشگاه علوم پزشکی و خدمات بهداشتی درمانی ارومیه,شرایط خاص,تعهد خدمت,1,169,دانشگاه علوم پزشکی و خدمات بهداشتی درمانی ارومیه - دارای تعهد خدمت یک و نیم برابر طول مدت تحصیل در مناطق مورد نیاز دانشگاه علوم پزشکی کردستان - عدم تعهد در واگذاری خوابگاه | ادامه پذیرش از تمام متقاضیان سراسر کشور، با اولویت متقاضیان بومی استان کردستان | رشته محل های پزشکی و دندان پزشکی دارای تعهد خدمت موضوع مصوبات شورای عالی انقلاب فرهنگی
38885,دندانپزشکی,دانشگاه علوم پزشکی و خدمات بهداشتی درمانی ایالم,شرایط خاص,تعهد خدمت,1,169,دانشگاه علوم پزشکی و خدمات بهداشتی درمانی ایالم - دارای تعهد خدمت یک و نیم برابر طول مدت تحصیل در مناطق مورد نیاز دانشگاه علوم پزشکی کردستان - عدم تعهد در واگذاری خوابگاه | ادامه پذیرش از تمام متقاضیان سراسر کشور، با اولویت متقاضیان بومی استان کردستان | رشته محل های پزشکی و دندان پزشکی دارای تعهد خدمت موضوع مصوبات شورای عالی انقلاب فرهنگی
38886,دندانپزشکی,دانشگاه علوم پزشکی و خدمات بهداشتی درمانی تبریز,شرایط خاص,تعهد خدمت,1,169,دانشگاه علوم پزشکی و خدمات بهداشتی درمانی تبریز - دارای تعهد خدمت یک و نیم برابر طول مدت تحصیل در مناطق مورد نیاز دانشگاه علوم پزشکی کردستان | ادامه پذیرش از تمام متقاضیان سراسر کشور، با اولویت متقاضیان بومی استان کردستان | رشته محل های پزشکی و دندان پزشکی دارای تعهد خدمت موضوع مصوبات شورای عالی انقلاب فرهنگی
38887,دندانپزشکی,دانشگاه علوم پزشکی و خدمات بهداشتی درمانی تهران,شرایط خاص,تعهد خدمت,1,170,دانشگاه علوم پزشکی و خدمات بهداشتی درمانی تهران - دارای تعهد خدمت یک و نیم برابر طول مدت تحصیل در مناطق مورد نیاز دانشگاه علوم پزشکی کردستان - دارای خوابگاه ملکی | ادامه پذیرش از تمام متقاضیان سراسر کشور، با اولویت متقاضیان بومی استان کردستان | رشته محل های پزشکی و دندان پزشکی دارای تعهد خدمت موضوع مصوبات شورای عالی انقلاب فرهنگی
38888,دندانپزشکی,دانشگاه علوم پزشکی و خدمات بهداشتی درمانی زنجان,شرایط خاص,تعهد خدمت,1,170,دانشگاه علوم پزشکی و خدمات بهداشتی درمانی زنجان - دارای تعهد خدمت یک و نیم برابر طول مدت تحصیل در مناطق مورد نیاز دانشگاه علوم پزشکی کردستان - فاقد خوابگاه | ادامه پذیرش از تمام متقاضیان سراسر کشور، با اولویت متقاضیان بومی استان کردستان | رشته محل های پزشکی و دندان پزشکی دارای تعهد خدمت موضوع مصوبات شورای عالی انقلاب فرهنگی
38889,دندانپزشکی,دانشگاه علوم پزشکی و خدمات بهداشتی درمانی شهید بهشتی - تهران,شرایط خاص,تعهد خدمت,2,170,دانشگاه علوم پزشکی و خدمات بهداشتی درمانی شهید بهشتی - تهران - دارای تعهد خدمت یک و نیم برابر طول مدت تحصیل در مناطق مورد نیاز دانشگاه علوم پزشکی کردستان | ادامه پذیرش از تمام متقاضیان سراسر کشور، با اولویت متقاضیان بومی استان کردستان | رشته محل های پزشکی و دندان پزشکی دارای تعهد خدمت موضوع مصوبات شورای عالی انقلاب فرهنگی
38890,دندانپزشکی,دانشگاه علوم پزشکی و خدمات بهداشتی درمانی کردستان - سنندج,شرایط خاص,تعهد خدمت,15,170,دانشگاه علوم پزشکی و خدمات بهداشتی درمانی کردستان - سنندج - دارای تعهد خدمت یک و نیم برابر طول دوره تحصیل در مناطق مورد نیاز دانشگاه علوم پزشکی کردستان - فاقد خوابگاه | ادامه پذیرش از تمام متقاضیان سراسر کشور، با اولویت متقاضیان بومی استان کردستان | رشته محل های پزشکی و دندان پزشکی دارای تعهد خدمت موضوع مصوبات شورای عالی انقلاب فرهنگی
38891,دندانپزشکی,دانشگاه علوم پزشکی و خدمات بهداشتی درمانی کرمانشاه,شرایط خاص,تعهد خدمت,8,170,دانشگاه علوم پزشکی و خدمات بهداشتی درمانی کرمانشاه - دارای تعهد خدمت یک و نیم برابر طول مدت تحصیل در مناطق مورد نیاز دانشگاه علوم پزشکی کردستان - عدم تعهد در واگذاری خوابگاه | ادامه پذیرش از تمام متقاضیان سراسر کشور، با اولویت متقاضیان بومی استان کردستان | رشته محل های پزشکی و دندان پزشکی دارای تعهد خدمت موضوع مصوبات شورای عالی انقلاب فرهنگی
38892,دندانپزشکی,دانشگاه علوم پزشکی و خدمات بهداشتی درمانی گیالن - رشت ( محل تحصیل دانش کده دندانپزشکی ),شرایط خاص,تعهد خدمت,1,170,دانشگاه علوم پزشکی و خدمات بهداشتی درمانی گیالن - رشت ( محل تحصیل دانش کده دندانپزشکی ) - دارای تعهد خدمت یک و نیم برابر طول مدت تحصیل در مناطق مورد نیاز دانشگاه علوم پزشکی کردستان - فاقد خوابگاه | ادامه پذیرش از تمام متقاضیان سراسر کشور، با اولویت متقاضیان بومی استان کردستان | رشته محل های پزشکی و دندان پزشکی دارای تعهد خدمت موضوع مصوبات شورای عالی انقلاب فرهنگی
38893,پزشکی,دانشگاه علوم پزشکی و خدمات بهداشتی درمانی بم,شرایط خاص,تعهد خدمت,11,170,دانشگاه علوم پزشکی و خدمات بهداشتی درمانی بم - دارای تعهد خدمت یک و نیم برابر طول مدت تحصیل در مناطق مورد نیاز دانشگاه علوم پزشکی بم - ممنوعیت نقل و انتقال - محدودیت در ارائه خوابگاه | پذیرش از تمام متقاضیان سراسر کشور، با اولویت متقاضیان بومی استان کرمان | رشته محل های پزشکی و دندان پزشکی دارای تعهد خدمت موضوع مصوبات شورای عالی انقلاب فرهنگی
38894,پزشکی,دانشگاه علوم پزشکی و خدمات بهداشتی درمانی جیرفت,شرایط خاص,تعهد خدمت,4,170,دانشگاه علوم پزشکی و خدمات بهداشتی درمانی جیرفت - دارای تعهد خدمت یک و نیم برابر طول مدت تحصیل در مناطق مورد نیاز دانشگاه علوم پزشکی جیرفت - انتقال از این دانشگاه به سایر دانشگاه ها ممنوع می باشد . - فاقد خوابگاه | پذیرش از تمام متقاضیان سراسر کشور، با اولویت متقاضیان بومی استان کرمان دانشگاه علوم پزشکی و خدمات بهداشتی درمانی بم- دارای تعهد خدمت یک و نیم برابر طول مدت تحصیل در مناطق مورد نیاز مرد زن - 11 دکتری عمومی پزشکی 38893 با آزمون دانشگاه علوم پزشکی بم- ممنوعیت نقل و انتقال- محدودیت در ارائه خوابگاه | رشته محل های پزشکی و دندان پزشکی دارای تعهد خدمت موضوع مصوبات شورای عالی انقلاب فرهنگی
38895,پزشکی,دانشگاه علوم پزشکی و خدمات بهداشتی درمانی رفسنجان,شرایط خاص,تعهد خدمت,24,170,دانشگاه علوم پزشکی و خدمات بهداشتی درمانی رفسنجان - دارای تعهد خدمت یک و نیم برابر طول دوره تحصیل در مناطق مورد نیاز دانشگاه علوم پزشکی رفسنجان - انتقال بر اساس شرایط آیین نامه - عدم تعهد در واگذاری خوابگاه | پذیرش از تمام متقاضیان سراسر کشور، با اولویت متقاضیان بومی استان کرمان دانشگاه علوم پزشکی و خدمات بهداشتی درمانی بم- دارای تعهد خدمت یک و نیم برابر طول مدت تحصیل در مناطق مورد نیاز مرد زن - 11 دکتری عمومی پزشکی 38893 با آزمون دانشگاه علوم پزشکی بم- ممنوعیت نقل و انتقال- محدودیت در ارائه خوابگاه دانشگاه علوم پزشکی و خدمات بهداشتی درمانی جیرفت- دارای تعهد خدمت یک و نیم برابر طول مدت تحصیل در مناطق مورد نیاز مرد زن - 4 دکتری عمومی پزشکی 38894 با آزمون دانشگاه علوم پزشکی جیرفت- انتقال از این دانشگاه به سایر دانشگاه ها ممنوع می .باشد- فاقد خوابگاه | رشته محل های پزشکی و دندان پزشکی دارای تعهد خدمت موضوع مصوبات شورای عالی انقلاب فرهنگی
38896,پزشکی,دانشگاه علوم پزشکی و خدمات بهداشتی درمانی کرمان,شرایط خاص,تعهد خدمت,23,170,دانشگاه علوم پزشکی و خدمات بهداشتی درمانی کرمان - دارای تعهد خدمت یک و نیم برابر طول مدت تحصیل در مناطق مورد نیاز دانشگاه علوم پزشکی کرمان - فاقد خوابگاه | پذیرش از تمام متقاضیان سراسر کشور، با اولویت متقاضیان بومی استان کرمان دانشگاه علوم پزشکی و خدمات بهداشتی درمانی بم- دارای تعهد خدمت یک و نیم برابر طول مدت تحصیل در مناطق مورد نیاز مرد زن - 11 دکتری عمومی پزشکی 38893 با آزمون دانشگاه علوم پزشکی بم- ممنوعیت نقل و انتقال- محدودیت در ارائه خوابگاه دانشگاه علوم پزشکی و خدمات بهداشتی درمانی جیرفت- دارای تعهد خدمت یک و نیم برابر طول مدت تحصیل در مناطق مورد نیاز مرد زن - 4 دکتری عمومی پزشکی 38894 با آزمون دانشگاه علوم پزشکی جیرفت- انتقال از این دانشگاه به سایر دانشگاه ها ممنوع می .باشد- فاقد خوابگاه دانشگاه علوم پزشکی و خدمات بهداشتی درمانی رفسنجان- دارای تعهد خدمت یک و نیم برابر طول دوره تحصیل در مناطق مورد نیاز مرد زن - 24 دکتری عمومی پزشکی 38895 با آزمون دانشگاه علوم پزشکی رفسنجان- انتقال بر اساس شرایط آیین نامه- عدم تعهد در واگذاری خوابگاه | رشته محل های پزشکی و دندان پزشکی دارای تعهد خدمت موضوع مصوبات شورای عالی انقلاب فرهنگی
38897,دندانپزشکی,دانشگاه علوم پزشکی و خدمات بهداشتی درمانی کرمان,شرایط خاص,تعهد خدمت,2,170,دانشگاه علوم پزشکی و خدمات بهداشتی درمانی کرمان - دارای تعهد خدمت یک و نیم برابر طول مدت تحصیل در مناطق مورد نیاز دانشگاه علوم پزشکی کرمان - فاقد خوابگاه | پذیرش از تمام متقاضیان سراسر کشور، با اولویت متقاضیان بومی استان کرمان دانشگاه علوم پزشکی و خدمات بهداشتی درمانی بم- دارای تعهد خدمت یک و نیم برابر طول مدت تحصیل در مناطق مورد نیاز مرد زن - 11 دکتری عمومی پزشکی 38893 با آزمون دانشگاه علوم پزشکی بم- ممنوعیت نقل و انتقال- محدودیت در ارائه خوابگاه دانشگاه علوم پزشکی و خدمات بهداشتی درمانی جیرفت- دارای تعهد خدمت یک و نیم برابر طول مدت تحصیل در مناطق مورد نیاز مرد زن - 4 دکتری عمومی پزشکی 38894 با آزمون دانشگاه علوم پزشکی جیرفت- انتقال از این دانشگاه به سایر دانشگاه ها ممنوع می .باشد- فاقد خوابگاه دانشگاه علوم پزشکی و خدمات بهداشتی درمانی رفسنجان- دارای تعهد خدمت یک و نیم برابر طول دوره تحصیل در مناطق مورد نیاز مرد زن - 24 دکتری عمومی پزشکی 38895 با آزمون دانشگاه علوم پزشکی رفسنجان- انتقال بر اساس شرایط آیین نامه- عدم تعهد در واگذاری خوابگاه دانشگاه علوم پزشکی و خدمات بهداشتی درمانی کرمان- دارای مرد زن 23 - دکتری عمومی پزشکی 38896 با آزمون تعهد خدمت یک و نیم برابر طول مدت تحصیل در مناطق مورد نیاز دانشگاه علوم پزشکی کرمان- فاقد خوابگاه | رشته محل های پزشکی و دندان پزشکی دارای تعهد خدمت موضوع مصوبات شورای عالی انقلاب فرهنگی
38898,پزشکی,دانشگاه علوم پزشکی و خدمات بهداشتی درمانی کرمانشاه,شرایط خاص,تعهد خدمت,15,170,دانشگاه علوم پزشکی و خدمات بهداشتی درمانی کرمانشاه - دارای تعهد خدمت یک و نیم برابر طول مدت تحصیل در مناطق مورد نیاز دانشگاه علوم پزشکی کرمانشاه - عدم تعهد در واگذاری خوابگاه | پذیرش از تمام متقاضیان سراسر کشور، با اولویت متقاضیان بومی استان کرمانشاه | رشته محل های پزشکی و دندان پزشکی دارای تعهد خدمت موضوع مصوبات شورای عالی انقلاب فرهنگی
38899,پزشکی,دانشگاه علوم پزشکی و خدمات بهداشتی درمانی یاسوج,شرایط خاص,تعهد خدمت,13,171,دانشگاه علوم پزشکی و خدمات بهداشتی درمانی یاسوج - دارای تعهد خدمت یک و نیم برابر طول مدت تحصیل در مناطق مورد نیاز دانشگاه علوم پزشکی یاسوج - فاقد خوابگاه | پذیرش از تمام متقاضیان سراسر کشور، با اولویت متقاضیان بومی استان کهگیلویه و بویراحمد | رشته محل های پزشکی و دندان پزشکی دارای تعهد خدمت موضوع مصوبات شورای عالی انقلاب فرهنگی
38900,دندانپزشکی,دانشگاه علوم پزشکی و خدمات بهداشتی درمانی یاسوج,شرایط خاص,تعهد خدمت,7,171,دانشگاه علوم پزشکی و خدمات بهداشتی درمانی یاسوج - دارای تعهد خدمت یک و نیم برابر طول مدت تحصیل در مناطق مورد نیاز دانشگاه علوم پزشکی یاسوج - فاقد خوابگاه | پذیرش از تمام متقاضیان سراسر کشور، با اولویت متقاضیان بومی استان کهگیلویه و بویراحمد | رشته محل های پزشکی و دندان پزشکی دارای تعهد خدمت موضوع مصوبات شورای عالی انقلاب فرهنگی
38901,پزشکی,دانشگاه علوم پزشکی و خدمات بهداشتی درمانی اردبیل,شرایط خاص,تعهد خدمت,3,171,دانشگاه علوم پزشکی و خدمات بهداشتی درمانی اردبیل - دارای تعهد خدمت یک و نیم برابر طول مدت تحصیل در مناطق مورد نیاز دانشگاه علوم پزشکی گلستان - فاقد خوابگاه | پذیرش از تمام متقاضیان سراسر کشور، با اولویت متقاضیان بومی استان گلستان | رشته محل های پزشکی و دندان پزشکی دارای تعهد خدمت موضوع مصوبات شورای عالی انقلاب فرهنگی
38902,پزشکی,دانشگاه علوم پزشکی و خدمات بهداشتی درمانی ایران,شرایط خاص,تعهد خدمت,5,171,دانشگاه علوم پزشکی و خدمات بهداشتی درمانی ایران - دارای تعهد خدمت یک و نیم برابر طول مدت تحصیل در مناطق مورد نیاز دانشگاه علوم پزشکی گلستان - محدودیت در ارائه خوابگاه | پذیرش از تمام متقاضیان سراسر کشور، با اولویت متقاضیان بومی استان گلستان دانشگاه علوم پزشکی و خدمات بهداشتی درمانی اردبیل- دارای مرد زن 3 - دکتری عمومی پزشکی 38901 با آزمون تعهد خدمت یک و نیم برابر طول مدت تحصیل در مناطق مورد نیاز دانشگاه علوم پزشکی گلستان- فاقد خوابگاه | رشته محل های پزشکی و دندان پزشکی دارای تعهد خدمت موضوع مصوبات شورای عالی انقلاب فرهنگی
38903,پزشکی,دانشگاه علوم پزشکی و خدمات بهداشتی درمانی بابل,شرایط خاص,تعهد خدمت,10,171,دانشگاه علوم پزشکی و خدمات بهداشتی درمانی بابل - دارای تعهد خدمت یک و نیم برابر طول مدت تحصیل در مناطق مورد نیاز دانشگاه علوم پزشکی گلستان - فاقد خوابگاه | پذیرش از تمام متقاضیان سراسر کشور، با اولویت متقاضیان بومی استان گلستان دانشگاه علوم پزشکی و خدمات بهداشتی درمانی اردبیل- دارای مرد زن 3 - دکتری عمومی پزشکی 38901 با آزمون تعهد خدمت یک و نیم برابر طول مدت تحصیل در مناطق مورد نیاز دانشگاه علوم پزشکی گلستان- فاقد خوابگاه دانشگاه علوم پزشکی و خدمات بهداشتی درمانی ایران- دارای مرد زن 5 - دکتری عمومی پزشکی 38902 با آزمون تعهد خدمت یک و نیم برابر طول مدت تحصیل در مناطق مورد نیاز دانشگاه علوم پزشکی گلستان- محدودیت در ارائه خوابگاه | رشته محل های پزشکی و دندان پزشکی دارای تعهد خدمت موضوع مصوبات شورای عالی انقلاب فرهنگی
38904,پزشکی,دانشگاه علوم پزشکی و خدمات بهداشتی درمانی تهران,شرایط خاص,تعهد خدمت,5,171,دانشگاه علوم پزشکی و خدمات بهداشتی درمانی تهران - دارای تعهد خدمت یک و نیم برابر طول دوره تحصیل در مناطق مورد نیاز دانشگاه علوم پزشکی گلستان - دارای خوابگاه ملکی | پذیرش از تمام متقاضیان سراسر کشور، با اولویت متقاضیان بومی استان گلستان دانشگاه علوم پزشکی و خدمات بهداشتی درمانی اردبیل- دارای مرد زن 3 - دکتری عمومی پزشکی 38901 با آزمون تعهد خدمت یک و نیم برابر طول مدت تحصیل در مناطق مورد نیاز دانشگاه علوم پزشکی گلستان- فاقد خوابگاه دانشگاه علوم پزشکی و خدمات بهداشتی درمانی ایران- دارای مرد زن 5 - دکتری عمومی پزشکی 38902 با آزمون تعهد خدمت یک و نیم برابر طول مدت تحصیل در مناطق مورد نیاز دانشگاه علوم پزشکی گلستان- محدودیت در ارائه خوابگاه دانشگاه علوم پزشکی و خدمات بهداشتی درمانی بابل- دارای تعهد مرد زن 10 - دکتری عمومی پزشکی 38903 با آزمون خدمت یک و نیم برابر طول مدت تحصیل در مناطق مورد نیاز دانشگاه علوم پزشکی گلستان- فاقد خوابگاه | رشته محل های پزشکی و دندان پزشکی دارای تعهد خدمت موضوع مصوبات شورای عالی انقلاب فرهنگی
38905,پزشکی,دانشگاه علوم پزشکی و خدمات بهداشتی درمانی شهید بهشتی - تهران,شرایط خاص,تعهد خدمت,5,171,دانشگاه علوم پزشکی و خدمات بهداشتی درمانی شهید بهشتی - تهران - دارای تعهد خدمت یک و نیم برابر طول دوره تحصیل در مناطق مورد نیاز دانشگاه علوم پزشکی گلستان | پذیرش از تمام متقاضیان سراسر کشور، با اولویت متقاضیان بومی استان گلستان دانشگاه علوم پزشکی و خدمات بهداشتی درمانی اردبیل- دارای مرد زن 3 - دکتری عمومی پزشکی 38901 با آزمون تعهد خدمت یک و نیم برابر طول مدت تحصیل در مناطق مورد نیاز دانشگاه علوم پزشکی گلستان- فاقد خوابگاه دانشگاه علوم پزشکی و خدمات بهداشتی درمانی ایران- دارای مرد زن 5 - دکتری عمومی پزشکی 38902 با آزمون تعهد خدمت یک و نیم برابر طول مدت تحصیل در مناطق مورد نیاز دانشگاه علوم پزشکی گلستان- محدودیت در ارائه خوابگاه دانشگاه علوم پزشکی و خدمات بهداشتی درمانی بابل- دارای تعهد مرد زن 10 - دکتری عمومی پزشکی 38903 با آزمون خدمت یک و نیم برابر طول مدت تحصیل در مناطق مورد نیاز دانشگاه علوم پزشکی گلستان- فاقد خوابگاه دانشگاه علوم پزشکی و خدمات بهداشتی درمانی تهران- دارای مرد زن - 5 دکتری عمومی پزشکی 38904 با آزمون تعهد خدمت یک و نیم برابر طول دوره تحصیل در مناطق مورد نیاز دانشگاه علوم پزشکی گلستان- دارای خوابگاه ملکی | رشته محل های پزشکی و دندان پزشکی دارای تعهد خدمت موضوع مصوبات شورای عالی انقلاب فرهنگی
38906,پزشکی,دانشگاه علوم پزشکی و خدمات بهداشتی درمانی گلستان - گرگان,شرایط خاص,تعهد خدمت,27,171,دانشگاه علوم پزشکی و خدمات بهداشتی درمانی گلستان - گرگان - دارای تعهد خدمت یک و نیم برابر طول دوره تحصیل در مناطق مورد نیاز دانشگاه علوم پزشکی گلستان - فاقد خوابگاه | پذیرش از تمام متقاضیان سراسر کشور، با اولویت متقاضیان بومی استان گلستان دانشگاه علوم پزشکی و خدمات بهداشتی درمانی اردبیل- دارای مرد زن 3 - دکتری عمومی پزشکی 38901 با آزمون تعهد خدمت یک و نیم برابر طول مدت تحصیل در مناطق مورد نیاز دانشگاه علوم پزشکی گلستان- فاقد خوابگاه دانشگاه علوم پزشکی و خدمات بهداشتی درمانی ایران- دارای مرد زن 5 - دکتری عمومی پزشکی 38902 با آزمون تعهد خدمت یک و نیم برابر طول مدت تحصیل در مناطق مورد نیاز دانشگاه علوم پزشکی گلستان- محدودیت در ارائه خوابگاه دانشگاه علوم پزشکی و خدمات بهداشتی درمانی بابل- دارای تعهد مرد زن 10 - دکتری عمومی پزشکی 38903 با آزمون خدمت یک و نیم برابر طول مدت تحصیل در مناطق مورد نیاز دانشگاه علوم پزشکی گلستان- فاقد خوابگاه دانشگاه علوم پزشکی و خدمات بهداشتی درمانی تهران- دارای مرد زن - 5 دکتری عمومی پزشکی 38904 با آزمون تعهد خدمت یک و نیم برابر طول دوره تحصیل در مناطق مورد نیاز دانشگاه علوم پزشکی گلستان- دارای خوابگاه ملکی دانشگاه علوم پزشکی و خدمات بهداشتی درمانی شهید بهشتی- مرد زن - 5 دکتری عمومی پزشکی 38905 با آزمون تهران- دارای تعهد خدمت یک و نیم برابر طول دوره تحصیل در مناطق مورد نیاز دانشگاه علوم پزشکی گلستان | رشته محل های پزشکی و دندان پزشکی دارای تعهد خدمت موضوع مصوبات شورای عالی انقلاب فرهنگی
38907,پزشکی,دانشگاه علوم پزشکی و خدمات بهداشتی درمانی گلستان - گرگان,شرایط خاص,تعهد خدمت,28,171,دانشگاه علوم پزشکی و خدمات بهداشتی درمانی گلستان - گرگان - دارای تعهد خدمت یک و نیم برابر طول مدت تحصیل در مناطق مورد نیاز دانشگاه علوم پزشکی گلستان - فاقد خوابگاه | پذیرش از تمام متقاضیان سراسر کشور، با اولویت متقاضیان بومی استان گلستان دانشگاه علوم پزشکی و خدمات بهداشتی درمانی اردبیل- دارای مرد زن 3 - دکتری عمومی پزشکی 38901 با آزمون تعهد خدمت یک و نیم برابر طول مدت تحصیل در مناطق مورد نیاز دانشگاه علوم پزشکی گلستان- فاقد خوابگاه دانشگاه علوم پزشکی و خدمات بهداشتی درمانی ایران- دارای مرد زن 5 - دکتری عمومی پزشکی 38902 با آزمون تعهد خدمت یک و نیم برابر طول مدت تحصیل در مناطق مورد نیاز دانشگاه علوم پزشکی گلستان- محدودیت در ارائه خوابگاه دانشگاه علوم پزشکی و خدمات بهداشتی درمانی بابل- دارای تعهد مرد زن 10 - دکتری عمومی پزشکی 38903 با آزمون خدمت یک و نیم برابر طول مدت تحصیل در مناطق مورد نیاز دانشگاه علوم پزشکی گلستان- فاقد خوابگاه دانشگاه علوم پزشکی و خدمات بهداشتی درمانی تهران- دارای مرد زن - 5 دکتری عمومی پزشکی 38904 با آزمون تعهد خدمت یک و نیم برابر طول دوره تحصیل در مناطق مورد نیاز دانشگاه علوم پزشکی گلستان- دارای خوابگاه ملکی دانشگاه علوم پزشکی و خدمات بهداشتی درمانی شهید بهشتی- مرد زن - 5 دکتری عمومی پزشکی 38905 با آزمون تهران- دارای تعهد خدمت یک و نیم برابر طول دوره تحصیل در مناطق مورد نیاز دانشگاه علوم پزشکی گلستان دانشگاه علوم پزشکی و خدمات بهداشتی درمانی گلستان- گرگان مرد زن - 27 دکتری عمومی پزشکی 38906 با آزمون - دارای تعهد خدمت یک و نیم برابر طول دوره تحصیل در مناطق مورد نیاز دانشگاه علوم پزشکی گلستان- فاقد خوابگاه | رشته محل های پزشکی و دندان پزشکی دارای تعهد خدمت موضوع مصوبات شورای عالی انقلاب فرهنگی
38908,پزشکی,دانشگاه علوم پزشکی و خدمات بهداشتی درمانی گیالن - رشت,شرایط خاص,تعهد خدمت,3,171,دانشگاه علوم پزشکی و خدمات بهداشتی درمانی گیالن - رشت - دارای تعهد خدمت یک و نیم برابر طول مدت تحصیل در مناطق مورد نیاز دانشگاه علوم پزشکی گلستان - فاقد خوابگاه | پذیرش از تمام متقاضیان سراسر کشور، با اولویت متقاضیان بومی استان گلستان دانشگاه علوم پزشکی و خدمات بهداشتی درمانی اردبیل- دارای مرد زن 3 - دکتری عمومی پزشکی 38901 با آزمون تعهد خدمت یک و نیم برابر طول مدت تحصیل در مناطق مورد نیاز دانشگاه علوم پزشکی گلستان- فاقد خوابگاه دانشگاه علوم پزشکی و خدمات بهداشتی درمانی ایران- دارای مرد زن 5 - دکتری عمومی پزشکی 38902 با آزمون تعهد خدمت یک و نیم برابر طول مدت تحصیل در مناطق مورد نیاز دانشگاه علوم پزشکی گلستان- محدودیت در ارائه خوابگاه دانشگاه علوم پزشکی و خدمات بهداشتی درمانی بابل- دارای تعهد مرد زن 10 - دکتری عمومی پزشکی 38903 با آزمون خدمت یک و نیم برابر طول مدت تحصیل در مناطق مورد نیاز دانشگاه علوم پزشکی گلستان- فاقد خوابگاه دانشگاه علوم پزشکی و خدمات بهداشتی درمانی تهران- دارای مرد زن - 5 دکتری عمومی پزشکی 38904 با آزمون تعهد خدمت یک و نیم برابر طول دوره تحصیل در مناطق مورد نیاز دانشگاه علوم پزشکی گلستان- دارای خوابگاه ملکی دانشگاه علوم پزشکی و خدمات بهداشتی درمانی شهید بهشتی- مرد زن - 5 دکتری عمومی پزشکی 38905 با آزمون تهران- دارای تعهد خدمت یک و نیم برابر طول دوره تحصیل در مناطق مورد نیاز دانشگاه علوم پزشکی گلستان دانشگاه علوم پزشکی و خدمات بهداشتی درمانی گلستان- گرگان مرد زن - 27 دکتری عمومی پزشکی 38906 با آزمون - دارای تعهد خدمت یک و نیم برابر طول دوره تحصیل در مناطق مورد نیاز دانشگاه علوم پزشکی گلستان- فاقد خوابگاه دانشگاه علوم پزشکی و خدمات بهداشتی درمانی گلستان- گرگان مرد زن 28 - دکتری عمومی پزشکی 38907 با آزمون - دارای تعهد خدمت یک و نیم برابر طول مدت تحصیل در مناطق مورد نیاز دانشگاه علوم پزشکی گلستان- فاقد خوابگاه | رشته محل های پزشکی و دندان پزشکی دارای تعهد خدمت موضوع مصوبات شورای عالی انقلاب فرهنگی
38909,پزشکی,دانشگاه علوم پزشکی و خدمات بهداشتی درمانی مازندران - ساری,شرایط خاص,تعهد خدمت,15,171,دانشگاه علوم پزشکی و خدمات بهداشتی درمانی مازندران - ساری - دارای تعهد خدمت یک و نیم برابر طول مدت تحصیل در مناطق مورد نیاز دانشگاه علوم پزشکی گلستان | پذیرش از تمام متقاضیان سراسر کشور، با اولویت متقاضیان بومی استان گلستان دانشگاه علوم پزشکی و خدمات بهداشتی درمانی اردبیل- دارای مرد زن 3 - دکتری عمومی پزشکی 38901 با آزمون تعهد خدمت یک و نیم برابر طول مدت تحصیل در مناطق مورد نیاز دانشگاه علوم پزشکی گلستان- فاقد خوابگاه دانشگاه علوم پزشکی و خدمات بهداشتی درمانی ایران- دارای مرد زن 5 - دکتری عمومی پزشکی 38902 با آزمون تعهد خدمت یک و نیم برابر طول مدت تحصیل در مناطق مورد نیاز دانشگاه علوم پزشکی گلستان- محدودیت در ارائه خوابگاه دانشگاه علوم پزشکی و خدمات بهداشتی درمانی بابل- دارای تعهد مرد زن 10 - دکتری عمومی پزشکی 38903 با آزمون خدمت یک و نیم برابر طول مدت تحصیل در مناطق مورد نیاز دانشگاه علوم پزشکی گلستان- فاقد خوابگاه دانشگاه علوم پزشکی و خدمات بهداشتی درمانی تهران- دارای مرد زن - 5 دکتری عمومی پزشکی 38904 با آزمون تعهد خدمت یک و نیم برابر طول دوره تحصیل در مناطق مورد نیاز دانشگاه علوم پزشکی گلستان- دارای خوابگاه ملکی دانشگاه علوم پزشکی و خدمات بهداشتی درمانی شهید بهشتی- مرد زن - 5 دکتری عمومی پزشکی 38905 با آزمون تهران- دارای تعهد خدمت یک و نیم برابر طول دوره تحصیل در مناطق مورد نیاز دانشگاه علوم پزشکی گلستان دانشگاه علوم پزشکی و خدمات بهداشتی درمانی گلستان- گرگان مرد زن - 27 دکتری عمومی پزشکی 38906 با آزمون - دارای تعهد خدمت یک و نیم برابر طول دوره تحصیل در مناطق مورد نیاز دانشگاه علوم پزشکی گلستان- فاقد خوابگاه دانشگاه علوم پزشکی و خدمات بهداشتی درمانی گلستان- گرگان مرد زن 28 - دکتری عمومی پزشکی 38907 با آزمون - دارای تعهد خدمت یک و نیم برابر طول مدت تحصیل در مناطق مورد نیاز دانشگاه علوم پزشکی گلستان- فاقد خوابگاه دانشگاه علوم پزشکی و خدمات بهداشتی درمانی گیالن- رشت- مرد زن 3 - دکتری عمومی پزشکی 38908 با آزمون دارای تعهد خدمت یک و نیم برابر طول مدت تحصیل در مناطق مورد نیاز دانشگاه علوم پزشکی گلستان- فاقد خوابگاه | رشته محل های پزشکی و دندان پزشکی دارای تعهد خدمت موضوع مصوبات شورای عالی انقلاب فرهنگی
38910,پزشکی,دانشگاه علوم پزشکی و خدمات بهداشتی درمانی مشهد,شرایط خاص,تعهد خدمت,10,171,دانشگاه علوم پزشکی و خدمات بهداشتی درمانی مشهد - دارای تعهد خدمت یک و نیم برابر طول مدت تحصیل در مناطق مورد نیاز دانشگاه علوم پزشکی گلستان - عدم تعهد در واگذاری خوابگاه | پذیرش از تمام متقاضیان سراسر کشور، با اولویت متقاضیان بومی استان گلستان دانشگاه علوم پزشکی و خدمات بهداشتی درمانی اردبیل- دارای مرد زن 3 - دکتری عمومی پزشکی 38901 با آزمون تعهد خدمت یک و نیم برابر طول مدت تحصیل در مناطق مورد نیاز دانشگاه علوم پزشکی گلستان- فاقد خوابگاه دانشگاه علوم پزشکی و خدمات بهداشتی درمانی ایران- دارای مرد زن 5 - دکتری عمومی پزشکی 38902 با آزمون تعهد خدمت یک و نیم برابر طول مدت تحصیل در مناطق مورد نیاز دانشگاه علوم پزشکی گلستان- محدودیت در ارائه خوابگاه دانشگاه علوم پزشکی و خدمات بهداشتی درمانی بابل- دارای تعهد مرد زن 10 - دکتری عمومی پزشکی 38903 با آزمون خدمت یک و نیم برابر طول مدت تحصیل در مناطق مورد نیاز دانشگاه علوم پزشکی گلستان- فاقد خوابگاه دانشگاه علوم پزشکی و خدمات بهداشتی درمانی تهران- دارای مرد زن - 5 دکتری عمومی پزشکی 38904 با آزمون تعهد خدمت یک و نیم برابر طول دوره تحصیل در مناطق مورد نیاز دانشگاه علوم پزشکی گلستان- دارای خوابگاه ملکی دانشگاه علوم پزشکی و خدمات بهداشتی درمانی شهید بهشتی- مرد زن - 5 دکتری عمومی پزشکی 38905 با آزمون تهران- دارای تعهد خدمت یک و نیم برابر طول دوره تحصیل در مناطق مورد نیاز دانشگاه علوم پزشکی گلستان دانشگاه علوم پزشکی و خدمات بهداشتی درمانی گلستان- گرگان مرد زن - 27 دکتری عمومی پزشکی 38906 با آزمون - دارای تعهد خدمت یک و نیم برابر طول دوره تحصیل در مناطق مورد نیاز دانشگاه علوم پزشکی گلستان- فاقد خوابگاه دانشگاه علوم پزشکی و خدمات بهداشتی درمانی گلستان- گرگان مرد زن 28 - دکتری عمومی پزشکی 38907 با آزمون - دارای تعهد خدمت یک و نیم برابر طول مدت تحصیل در مناطق مورد نیاز دانشگاه علوم پزشکی گلستان- فاقد خوابگاه دانشگاه علوم پزشکی و خدمات بهداشتی درمانی گیالن- رشت- مرد زن 3 - دکتری عمومی پزشکی 38908 با آزمون دارای تعهد خدمت یک و نیم برابر طول مدت تحصیل در مناطق مورد نیاز دانشگاه علوم پزشکی گلستان- فاقد خوابگاه دانشگاه علوم پزشکی و خدمات بهداشتی درمانی مازندران- ساری مرد زن 15 - دکتری عمومی پزشکی 38909 با آزمون - دارای تعهد خدمت یک و نیم برابر طول مدت تحصیل در مناطق مورد نیاز دانشگاه علوم پزشکی گلستان | رشته محل های پزشکی و دندان پزشکی دارای تعهد خدمت موضوع مصوبات شورای عالی انقلاب فرهنگی
38911,دندانپزشکی,دانشگاه علوم پزشکی و خدمات بهداشتی درمانی اردبیل,شرایط خاص,تعهد خدمت,4,171,دانشگاه علوم پزشکی و خدمات بهداشتی درمانی اردبیل - دارای تعهد خدمت یک و نیم برابر طول مدت تحصیل در مناطق مورد نیاز دانشگاه علوم پزشکی گلستان - فاقد خوابگاه | پذیرش از تمام متقاضیان سراسر کشور، با اولویت متقاضیان بومی استان گلستان دانشگاه علوم پزشکی و خدمات بهداشتی درمانی اردبیل- دارای مرد زن 3 - دکتری عمومی پزشکی 38901 با آزمون تعهد خدمت یک و نیم برابر طول مدت تحصیل در مناطق مورد نیاز دانشگاه علوم پزشکی گلستان- فاقد خوابگاه دانشگاه علوم پزشکی و خدمات بهداشتی درمانی ایران- دارای مرد زن 5 - دکتری عمومی پزشکی 38902 با آزمون تعهد خدمت یک و نیم برابر طول مدت تحصیل در مناطق مورد نیاز دانشگاه علوم پزشکی گلستان- محدودیت در ارائه خوابگاه دانشگاه علوم پزشکی و خدمات بهداشتی درمانی بابل- دارای تعهد مرد زن 10 - دکتری عمومی پزشکی 38903 با آزمون خدمت یک و نیم برابر طول مدت تحصیل در مناطق مورد نیاز دانشگاه علوم پزشکی گلستان- فاقد خوابگاه دانشگاه علوم پزشکی و خدمات بهداشتی درمانی تهران- دارای مرد زن - 5 دکتری عمومی پزشکی 38904 با آزمون تعهد خدمت یک و نیم برابر طول دوره تحصیل در مناطق مورد نیاز دانشگاه علوم پزشکی گلستان- دارای خوابگاه ملکی دانشگاه علوم پزشکی و خدمات بهداشتی درمانی شهید بهشتی- مرد زن - 5 دکتری عمومی پزشکی 38905 با آزمون تهران- دارای تعهد خدمت یک و نیم برابر طول دوره تحصیل در مناطق مورد نیاز دانشگاه علوم پزشکی گلستان دانشگاه علوم پزشکی و خدمات بهداشتی درمانی گلستان- گرگان مرد زن - 27 دکتری عمومی پزشکی 38906 با آزمون - دارای تعهد خدمت یک و نیم برابر طول دوره تحصیل در مناطق مورد نیاز دانشگاه علوم پزشکی گلستان- فاقد خوابگاه دانشگاه علوم پزشکی و خدمات بهداشتی درمانی گلستان- گرگان مرد زن 28 - دکتری عمومی پزشکی 38907 با آزمون - دارای تعهد خدمت یک و نیم برابر طول مدت تحصیل در مناطق مورد نیاز دانشگاه علوم پزشکی گلستان- فاقد خوابگاه دانشگاه علوم پزشکی و خدمات بهداشتی درمانی گیالن- رشت- مرد زن 3 - دکتری عمومی پزشکی 38908 با آزمون دارای تعهد خدمت یک و نیم برابر طول مدت تحصیل در مناطق مورد نیاز دانشگاه علوم پزشکی گلستان- فاقد خوابگاه دانشگاه علوم پزشکی و خدمات بهداشتی درمانی مازندران- ساری مرد زن 15 - دکتری عمومی پزشکی 38909 با آزمون - دارای تعهد خدمت یک و نیم برابر طول مدت تحصیل در مناطق مورد نیاز دانشگاه علوم پزشکی گلستان دانشگاه علوم پزشکی و خدمات بهداشتی درمانی مشهد- دارای مرد زن - 10 دکتری عمومی پزشکی 38910 با آزمون تعهد خدمت یک و نیم برابر طول مدت تحصیل در مناطق مورد نیاز دانشگاه علوم پزشکی گلستان- عدم تعهد در واگذاری خوابگاه | رشته محل های پزشکی و دندان پزشکی دارای تعهد خدمت موضوع مصوبات شورای عالی انقلاب فرهنگی
38912,دندانپزشکی,دانشگاه علوم پزشکی و خدمات بهداشتی درمانی بابل,شرایط خاص,تعهد خدمت,1,171,دانشگاه علوم پزشکی و خدمات بهداشتی درمانی بابل - دارای تعهد خدمت یک و نیم برابر طول مدت تحصیل در مناطق مورد نیاز دانشگاه علوم پزشکی گلستان - فاقد خوابگاه | پذیرش از تمام متقاضیان سراسر کشور، با اولویت متقاضیان بومی استان گلستان دانشگاه علوم پزشکی و خدمات بهداشتی درمانی اردبیل- دارای مرد زن 3 - دکتری عمومی پزشکی 38901 با آزمون تعهد خدمت یک و نیم برابر طول مدت تحصیل در مناطق مورد نیاز دانشگاه علوم پزشکی گلستان- فاقد خوابگاه دانشگاه علوم پزشکی و خدمات بهداشتی درمانی ایران- دارای مرد زن 5 - دکتری عمومی پزشکی 38902 با آزمون تعهد خدمت یک و نیم برابر طول مدت تحصیل در مناطق مورد نیاز دانشگاه علوم پزشکی گلستان- محدودیت در ارائه خوابگاه دانشگاه علوم پزشکی و خدمات بهداشتی درمانی بابل- دارای تعهد مرد زن 10 - دکتری عمومی پزشکی 38903 با آزمون خدمت یک و نیم برابر طول مدت تحصیل در مناطق مورد نیاز دانشگاه علوم پزشکی گلستان- فاقد خوابگاه دانشگاه علوم پزشکی و خدمات بهداشتی درمانی تهران- دارای مرد زن - 5 دکتری عمومی پزشکی 38904 با آزمون تعهد خدمت یک و نیم برابر طول دوره تحصیل در مناطق مورد نیاز دانشگاه علوم پزشکی گلستان- دارای خوابگاه ملکی دانشگاه علوم پزشکی و خدمات بهداشتی درمانی شهید بهشتی- مرد زن - 5 دکتری عمومی پزشکی 38905 با آزمون تهران- دارای تعهد خدمت یک و نیم برابر طول دوره تحصیل در مناطق مورد نیاز دانشگاه علوم پزشکی گلستان دانشگاه علوم پزشکی و خدمات بهداشتی درمانی گلستان- گرگان مرد زن - 27 دکتری عمومی پزشکی 38906 با آزمون - دارای تعهد خدمت یک و نیم برابر طول دوره تحصیل در مناطق مورد نیاز دانشگاه علوم پزشکی گلستان- فاقد خوابگاه دانشگاه علوم پزشکی و خدمات بهداشتی درمانی گلستان- گرگان مرد زن 28 - دکتری عمومی پزشکی 38907 با آزمون - دارای تعهد خدمت یک و نیم برابر طول مدت تحصیل در مناطق مورد نیاز دانشگاه علوم پزشکی گلستان- فاقد خوابگاه دانشگاه علوم پزشکی و خدمات بهداشتی درمانی گیالن- رشت- مرد زن 3 - دکتری عمومی پزشکی 38908 با آزمون دارای تعهد خدمت یک و نیم برابر طول مدت تحصیل در مناطق مورد نیاز دانشگاه علوم پزشکی گلستان- فاقد خوابگاه دانشگاه علوم پزشکی و خدمات بهداشتی درمانی مازندران- ساری مرد زن 15 - دکتری عمومی پزشکی 38909 با آزمون - دارای تعهد خدمت یک و نیم برابر طول مدت تحصیل در مناطق مورد نیاز دانشگاه علوم پزشکی گلستان دانشگاه علوم پزشکی و خدمات بهداشتی درمانی مشهد- دارای مرد زن - 10 دکتری عمومی پزشکی 38910 با آزمون تعهد خدمت یک و نیم برابر طول مدت تحصیل در مناطق مورد نیاز دانشگاه علوم پزشکی گلستان- عدم تعهد در واگذاری خوابگاه دانشگاه علوم پزشکی و خدمات بهداشتی درمانی اردبیل- دارای مرد زن 4 - دکتری عمومی دندانپزشکی 38911 با آزمون تعهد خدمت یک و نیم برابر طول مدت تحصیل در مناطق مورد نیاز دانشگاه علوم پزشکی گلستان- فاقد خوابگاه | رشته محل های پزشکی و دندان پزشکی دارای تعهد خدمت موضوع مصوبات شورای عالی انقلاب فرهنگی
38913,دندانپزشکی,دانشگاه علوم پزشکی و خدمات بهداشتی درمانی تبریز,شرایط خاص,تعهد خدمت,1,172,دانشگاه علوم پزشکی و خدمات بهداشتی درمانی تبریز - دارای تعهد خدمت یک و نیم برابر طول مدت تحصیل در مناطق مورد نیاز دانشگاه علوم پزشکی گلستان | ادامه پذیرش از تمام متقاضیان سراسر کشور، با اولویت متقاضیان بومی استان گلستان | رشته محل های پزشکی و دندان پزشکی دارای تعهد خدمت موضوع مصوبات شورای عالی انقلاب فرهنگی
38914,دندانپزشکی,دانشگاه علوم پزشکی و خدمات بهداشتی درمانی قزوین,شرایط خاص,تعهد خدمت,1,172,دانشگاه علوم پزشکی و خدمات بهداشتی درمانی قزوین - دارای تعهد خدمت یک و نیم برابر طول مدت تحصیل در مناطق مورد نیاز دانشگاه علوم پزشکی گلستان - عدم تعهد در واگذاری خوابگاه | ادامه پذیرش از تمام متقاضیان سراسر کشور، با اولویت متقاضیان بومی استان گلستان | رشته محل های پزشکی و دندان پزشکی دارای تعهد خدمت موضوع مصوبات شورای عالی انقلاب فرهنگی
38915,دندانپزشکی,دانشگاه علوم پزشکی و خدمات بهداشتی درمانی گلستان - گرگان,شرایط خاص,تعهد خدمت,7,172,دانشگاه علوم پزشکی و خدمات بهداشتی درمانی گلستان - گرگان - دارای تعهد خدمت یک و نیم برابر طول دوره تحصیل در مناطق مورد نیاز دانشگاه علوم پزشکی گلستان - فاقد خوابگاه | ادامه پذیرش از تمام متقاضیان سراسر کشور، با اولویت متقاضیان بومی استان گلستان | رشته محل های پزشکی و دندان پزشکی دارای تعهد خدمت موضوع مصوبات شورای عالی انقلاب فرهنگی
38916,دندانپزشکی,دانشگاه علوم پزشکی و خدمات بهداشتی درمانی گیالن - رشت ( محل تحصیل دانش کده دندانپزشکی ),شرایط خاص,تعهد خدمت,1,172,دانشگاه علوم پزشکی و خدمات بهداشتی درمانی گیالن - رشت ( محل تحصیل دانش کده دندانپزشکی ) - دارای تعهد خدمت یک و نیم برابر طول مدت تحصیل در مناطق مورد نیاز دانشگاه علوم پزشکی گلستان - فاقد خوابگاه | ادامه پذیرش از تمام متقاضیان سراسر کشور، با اولویت متقاضیان بومی استان گلستان | رشته محل های پزشکی و دندان پزشکی دارای تعهد خدمت موضوع مصوبات شورای عالی انقلاب فرهنگی
38917,پزشکی,دانشگاه علوم پزشکی و خدمات بهداشتی درمانی گیالن - رشت,شرایط خاص,تعهد خدمت,15,172,دانشگاه علوم پزشکی و خدمات بهداشتی درمانی گیالن - رشت - دارای تعهد خدمت یک و نیم برابر طول مدت تحصیل در مناطق مورد نیاز دانشگاه علوم پزشکی گیالن - فاقد خوابگاه | پذیرش از تمام متقاضیان سراسر کشور، با اولویت متقاضیان بومی استان گیالن | رشته محل های پزشکی و دندان پزشکی دارای تعهد خدمت موضوع مصوبات شورای عالی انقلاب فرهنگی
38918,پزشکی,دانشگاه علوم پزشکی و خدمات بهداشتی درمانی گیالن - رشت ( محل تحصیل دانش کده پزشکی ),شرایط خاص,تعهد خدمت,20,172,دانشگاه علوم پزشکی و خدمات بهداشتی درمانی گیالن - رشت ( محل تحصیل دانش کده پزشکی ) - دارای تعهد خدمت یک و نیم برابر طول مدت تحصیل در مناطق مورد نیاز دانشگاه علوم پزشکی گیالن - فاقد خوابگاه | پذیرش از تمام متقاضیان سراسر کشور، با اولویت متقاضیان بومی استان گیالن دانشگاه علوم پزشکی و خدمات بهداشتی درمانی گیالن- رشت- مرد زن - 15 دکتری عمومی پزشکی 38917 با آزمون دارای تعهد خدمت یک و نیم برابر طول مدت تحصیل در مناطق مورد نیاز دانشگاه علوم پزشکی گیالن- فاقد خوابگاه | رشته محل های پزشکی و دندان پزشکی دارای تعهد خدمت موضوع مصوبات شورای عالی انقلاب فرهنگی
38919,دندانپزشکی,دانشگاه علوم پزشکی و خدمات بهداشتی درمانی گیالن - رشت ( محل تحصیل دانش کده دندانپزشکی ),شرایط خاص,تعهد خدمت,7,172,دانشگاه علوم پزشکی و خدمات بهداشتی درمانی گیالن - رشت ( محل تحصیل دانش کده دندانپزشکی ) - دارای تعهد خدمت یک و نیم برابر طول مدت تحصیل در مناطق مورد نیاز دانشگاه علوم پزشکی گیالن - فاقد خوابگاه | پذیرش از تمام متقاضیان سراسر کشور، با اولویت متقاضیان بومی استان گیالن دانشگاه علوم پزشکی و خدمات بهداشتی درمانی گیالن- رشت- مرد زن - 15 دکتری عمومی پزشکی 38917 با آزمون دارای تعهد خدمت یک و نیم برابر طول مدت تحصیل در مناطق مورد نیاز دانشگاه علوم پزشکی گیالن- فاقد خوابگاه دانشگاه علوم پزشکی و خدمات بهداشتی درمانی گیالن- رشت (محل تحصیل دانش )کده پزشکی- دارای تعهد خدمت یک و نیم مرد زن 20 - دکتری عمومی پزشکی 38918 با آزمون برابر طول مدت تحصیل در مناطق مورد نیاز دانشگاه علوم پزشکی گیالن- فاقد خوابگاه | رشته محل های پزشکی و دندان پزشکی دارای تعهد خدمت موضوع مصوبات شورای عالی انقلاب فرهنگی
38920,پزشکی,دانشگاه علوم پزشکی و خدمات بهداشتی درمانی لرستان,شرایط خاص,تعهد خدمت,24,172,دانشگاه علوم پزشکی و خدمات بهداشتی درمانی لرستان - خرم آباد ( محل تحصیل دانش کده پزشکی خرم آباد ) - دارای تعهد خدمت یک و نیم برابر طول دوره تحصیل در مناطق مورد نیاز دانشگاه علوم پزشکی لرستان - محدودیت در ارائه خوابگاه | پذیرش از تمام متقاضیان سراسر کشور، با اولویت متقاضیان بومی استان لرستان | رشته محل های پزشکی و دندان پزشکی دارای تعهد خدمت موضوع مصوبات شورای عالی انقلاب فرهنگی
38921,دندانپزشکی,دانشگاه علوم پزشکی و خدمات بهداشتی درمانی لرستان,شرایط خاص,تعهد خدمت,12,172,دانشگاه علوم پزشکی و خدمات بهداشتی درمانی لرستان - خرم آباد ( محل تحصیل دانش کده دندانپزشکی خرم آباد ) - دارای تعهد خدمت یک و نیم برابر طول دوره تحصیل در مناطق مورد نیاز دانشگاه علوم پزشکی لرستان - محدودیت در ارائه خوابگاه | پذیرش از تمام متقاضیان سراسر کشور، با اولویت متقاضیان بومی استان لرستان دانشگاه علوم پزشکی و خدمات بهداشتی درمانی لرستان- خرم آباد (محل تحصیل دانش کده پزشکی خرم )آباد- دارای تعهد خدمت یک مرد زن 24 - دکتری عمومی پزشکی 38920 با آزمون و نیم برابر طول دوره تحصیل در مناطق مورد نیاز دانشگاه علوم پزشکی لرستان- محدودیت در ارائه خوابگاه | رشته محل های پزشکی و دندان پزشکی دارای تعهد خدمت موضوع مصوبات شورای عالی انقلاب فرهنگی
38922,پزشکی,دانشگاه علوم پزشکی و خدمات بهداشتی درمانی بابل,شرایط خاص,تعهد خدمت,35,172,دانشگاه علوم پزشکی و خدمات بهداشتی درمانی بابل - دارای تعهد خدمت یک و نیم برابر طول مدت تحصیل در مناطق مورد نیاز دانشگاه علوم پزشکی بابل - فاقد خوابگاه | پذیرش از تمام متقاضیان سراسر کشور، با اولویت متقاضیان بومی استان مازندران | رشته محل های پزشکی و دندان پزشکی دارای تعهد خدمت موضوع مصوبات شورای عالی انقلاب فرهنگی
38923,پزشکی,دانشگاه علوم پزشکی و خدمات بهداشتی درمانی بابل,شرایط خاص,تعهد خدمت,36,172,دانشگاه علوم پزشکی و خدمات بهداشتی درمانی بابل - دارای تعهد خدمت یک و نیم برابر طول مدت تحصیل در مناطق مورد نیاز دانشگاه علوم پزشکی بابل - فاقد خوابگاه | پذیرش از تمام متقاضیان سراسر کشور، با اولویت متقاضیان بومی استان مازندران دانشگاه علوم پزشکی و خدمات بهداشتی درمانی بابل- دارای تعهد مرد زن - 35 دکتری عمومی پزشکی 38922 با آزمون خدمت یک و نیم برابر طول مدت تحصیل در مناطق مورد نیاز دانشگاه علوم پزشکی بابل- فاقد خوابگاه | رشته محل های پزشکی و دندان پزشکی دارای تعهد خدمت موضوع مصوبات شورای عالی انقلاب فرهنگی
38924,پزشکی,دانشگاه علوم پزشکی و خدمات بهداشتی درمانی مازندران - ساری,شرایط خاص,تعهد خدمت,37,172,دانشگاه علوم پزشکی و خدمات بهداشتی درمانی مازندران - ساری - دارای تعهد خدمت یک و نیم برابر طول مدت تحصیل در مناطق مورد نیاز دانشگاه علوم پزشکی مازندران | پذیرش از تمام متقاضیان سراسر کشور، با اولویت متقاضیان بومی استان مازندران دانشگاه علوم پزشکی و خدمات بهداشتی درمانی بابل- دارای تعهد مرد زن - 35 دکتری عمومی پزشکی 38922 با آزمون خدمت یک و نیم برابر طول مدت تحصیل در مناطق مورد نیاز دانشگاه علوم پزشکی بابل- فاقد خوابگاه دانشگاه علوم پزشکی و خدمات بهداشتی درمانی بابل- دارای تعهد مرد زن 36 - دکتری عمومی پزشکی 38923 با آزمون خدمت یک و نیم برابر طول مدت تحصیل در مناطق مورد نیاز دانشگاه علوم پزشکی بابل- فاقد خوابگاه | رشته محل های پزشکی و دندان پزشکی دارای تعهد خدمت موضوع مصوبات شورای عالی انقلاب فرهنگی
38925,دندانپزشکی,دانشگاه علوم پزشکی و خدمات بهداشتی درمانی بابل,شرایط خاص,تعهد خدمت,13,173,دانشگاه علوم پزشکی و خدمات بهداشتی درمانی بابل - دارای تعهد خدمت یک و نیم برابر طول مدت تحصیل در مناطق مورد نیاز دانشگاه علوم پزشکی بابل - فاقد خوابگاه | ادامه پذیرش از تمام متقاضیان سراسر کشور، با اولویت متقاضیان بومی استان مازندران | رشته محل های پزشکی و دندان پزشکی دارای تعهد خدمت موضوع مصوبات شورای عالی انقلاب فرهنگی
38926,دندانپزشکی,دانشگاه علوم پزشکی و خدمات بهداشتی درمانی مازندران - ساری,شرایط خاص,تعهد خدمت,7,173,دانشگاه علوم پزشکی و خدمات بهداشتی درمانی مازندران - ساری - دارای تعهد خدمت یک و نیم برابر طول مدت تحصیل در مناطق مورد نیاز دانشگاه علوم پزشکی مازندران | ادامه پذیرش از تمام متقاضیان سراسر کشور، با اولویت متقاضیان بومی استان مازندران | رشته محل های پزشکی و دندان پزشکی دارای تعهد خدمت موضوع مصوبات شورای عالی انقلاب فرهنگی
38927,پزشکی,دانشگاه علوم پزشکی و خدمات بهداشتی درمانی اراک,شرایط خاص,تعهد خدمت,34,173,دانشگاه علوم پزشکی و خدمات بهداشتی درمانی اراک - دارای تعهد خدمت یک و نیم برابر طول مدت تحصیل در مناطق مورد نیاز دانشگاه علوم پزشکی اراک - فاقد خوابگاه | پذیرش از تمام متقاضیان سراسر کشور، با اولویت متقاضیان بومی استان مرکزی | رشته محل های پزشکی و دندان پزشکی دارای تعهد خدمت موضوع مصوبات شورای عالی انقلاب فرهنگی
38928,پزشکی,دانشگاه علوم پزشکی و خدمات بهداشتی درمانی اراک,شرایط خاص,تعهد خدمت,33,173,دانشگاه علوم پزشکی و خدمات بهداشتی درمانی اراک - دارای تعهد خدمت یک و نیم برابر طول دوره تحصیل در مراکز تحت پوشش دانشگاه علوم پزشکی اراک - فاقد خوابگاه | پذیرش از تمام متقاضیان سراسر کشور، با اولویت متقاضیان بومی استان مرکزی دانشگاه علوم پزشکی و خدمات بهداشتی درمانی اراک- دارای مرد زن 34 - دکتری عمومی پزشکی 38927 با آزمون تعهد خدمت یک و نیم برابر طول مدت تحصیل در مناطق مورد نیاز دانشگاه علوم پزشکی اراک- فاقد خوابگاه | رشته محل های پزشکی و دندان پزشکی دارای تعهد خدمت موضوع مصوبات شورای عالی انقلاب فرهنگی
38929,پزشکی,دانشگاه علوم پزشکی و خدمات بهداشتی درمانی اصفهان,شرایط خاص,تعهد خدمت,2,173,دانشگاه علوم پزشکی و خدمات بهداشتی درمانی اصفهان - دارای تعهد خدمت یک و نیم برابر طول مدت تحصیل در مناطق مورد نیاز دانشگاه علوم پزشکی هرمزگان - محدودیت در ارائه خوابگاه | پذیرش از تمام متقاضیان سراسر کشور، با اولویت متقاضیان بومی استان هرمزگان | رشته محل های پزشکی و دندان پزشکی دارای تعهد خدمت موضوع مصوبات شورای عالی انقلاب فرهنگی
38930,پزشکی,دانشگاه علوم پزشکی و خدمات بهداشتی درمانی اصفهان,شرایط خاص,تعهد خدمت,2,173,دانشگاه علوم پزشکی و خدمات بهداشتی درمانی اصفهان - دارای تعهد خدمت یک و نیم برابر طول مدت تحصیل در مناطق مورد نیاز دانشکده علوم پزشکی و خدمات بهداشتی درمانی شرق استان هرمزگان - محدودیت در ارائه خوابگاه | پذیرش از تمام متقاضیان سراسر کشور، با اولویت متقاضیان بومی استان هرمزگان دانشگاه علوم پزشکی و خدمات بهداشتی درمانی اصفهان- دارای مرد زن - 2 دکتری عمومی پزشکی 38929 با آزمون تعهد خدمت یک و نیم برابر طول مدت تحصیل در مناطق مورد نیاز دانشگاه علوم پزشکی هرمزگان- محدودیت در ارائه خوابگاه | رشته محل های پزشکی و دندان پزشکی دارای تعهد خدمت موضوع مصوبات شورای عالی انقلاب فرهنگی
38931,پزشکی,دانشگاه علوم پزشکی و خدمات بهداشتی درمانی اصفهان,شرایط خاص,تعهد خدمت,2,173,دانشگاه علوم پزشکی و خدمات بهداشتی درمانی اصفهان - دارای تعهد خدمت یک و نیم برابر طول مدت تحصیل در مناطق مورد نیاز دانشکده علوم پزشکی و خدمات بهداشتی درمانی غرب استان هرمزگان - محدودیت در ارائه خوابگاه | پذیرش از تمام متقاضیان سراسر کشور، با اولویت متقاضیان بومی استان هرمزگان دانشگاه علوم پزشکی و خدمات بهداشتی درمانی اصفهان- دارای مرد زن - 2 دکتری عمومی پزشکی 38929 با آزمون تعهد خدمت یک و نیم برابر طول مدت تحصیل در مناطق مورد نیاز دانشگاه علوم پزشکی هرمزگان- محدودیت در ارائه خوابگاه دانشگاه علوم پزشکی و خدمات بهداشتی درمانی اصفهان- دارای تعهد خدمت یک و نیم برابر طول مدت تحصیل در مناطق مورد نیاز مرد زن - 2 دکتری عمومی پزشکی 38930 با آزمون دانشکده علوم پزشکی و خدمات بهداشتی درمانی شرق استان هرمزگان- محدودیت در ارائه خوابگاه | رشته محل های پزشکی و دندان پزشکی دارای تعهد خدمت موضوع مصوبات شورای عالی انقلاب فرهنگی
38932,پزشکی,دانشگاه علوم پزشکی و خدمات بهداشتی درمانی البرز - کرج,شرایط خاص,تعهد خدمت,2,173,دانشگاه علوم پزشکی و خدمات بهداشتی درمانی البرز - کرج - دارای تعهد خدمت یک و نیم برابر طول مدت تحصیل در مناطق مورد نیاز دانشگاه علوم پزشکی هرمزگان - فاقد خوابگاه | پذیرش از تمام متقاضیان سراسر کشور، با اولویت متقاضیان بومی استان هرمزگان دانشگاه علوم پزشکی و خدمات بهداشتی درمانی اصفهان- دارای مرد زن - 2 دکتری عمومی پزشکی 38929 با آزمون تعهد خدمت یک و نیم برابر طول مدت تحصیل در مناطق مورد نیاز دانشگاه علوم پزشکی هرمزگان- محدودیت در ارائه خوابگاه دانشگاه علوم پزشکی و خدمات بهداشتی درمانی اصفهان- دارای تعهد خدمت یک و نیم برابر طول مدت تحصیل در مناطق مورد نیاز مرد زن - 2 دکتری عمومی پزشکی 38930 با آزمون دانشکده علوم پزشکی و خدمات بهداشتی درمانی شرق استان هرمزگان- محدودیت در ارائه خوابگاه دانشگاه علوم پزشکی و خدمات بهداشتی درمانی اصفهان- دارای تعهد خدمت یک و نیم برابر طول مدت تحصیل در مناطق مورد نیاز مرد زن - 2 دکتری عمومی پزشکی 38931 با آزمون دانشکده علوم پزشکی و خدمات بهداشتی درمانی غرب استان هرمزگان- محدودیت در ارائه خوابگاه | رشته محل های پزشکی و دندان پزشکی دارای تعهد خدمت موضوع مصوبات شورای عالی انقلاب فرهنگی
38933,پزشکی,دانشگاه علوم پزشکی و خدمات بهداشتی درمانی البرز - کرج,شرایط خاص,تعهد خدمت,2,173,دانشگاه علوم پزشکی و خدمات بهداشتی درمانی البرز - کرج - دارای تعهد خدمت یک و نیم برابر طول مدت تحصیل در مناطق مورد نیاز دانشکده علوم پزشکی و خدمات بهداشتی درمانی شرق استان هرمزگان - فاقد خوابگاه | پذیرش از تمام متقاضیان سراسر کشور، با اولویت متقاضیان بومی استان هرمزگان دانشگاه علوم پزشکی و خدمات بهداشتی درمانی اصفهان- دارای مرد زن - 2 دکتری عمومی پزشکی 38929 با آزمون تعهد خدمت یک و نیم برابر طول مدت تحصیل در مناطق مورد نیاز دانشگاه علوم پزشکی هرمزگان- محدودیت در ارائه خوابگاه دانشگاه علوم پزشکی و خدمات بهداشتی درمانی اصفهان- دارای تعهد خدمت یک و نیم برابر طول مدت تحصیل در مناطق مورد نیاز مرد زن - 2 دکتری عمومی پزشکی 38930 با آزمون دانشکده علوم پزشکی و خدمات بهداشتی درمانی شرق استان هرمزگان- محدودیت در ارائه خوابگاه دانشگاه علوم پزشکی و خدمات بهداشتی درمانی اصفهان- دارای تعهد خدمت یک و نیم برابر طول مدت تحصیل در مناطق مورد نیاز مرد زن - 2 دکتری عمومی پزشکی 38931 با آزمون دانشکده علوم پزشکی و خدمات بهداشتی درمانی غرب استان هرمزگان- محدودیت در ارائه خوابگاه دانشگاه علوم پزشکی و خدمات بهداشتی درمانی البرز- کرج- مرد زن 2 - دکتری عمومی پزشکی 38932 با آزمون دارای تعهد خدمت یک و نیم برابر طول مدت تحصیل در مناطق مورد نیاز دانشگاه علوم پزشکی هرمزگان- فاقد خوابگاه | رشته محل های پزشکی و دندان پزشکی دارای تعهد خدمت موضوع مصوبات شورای عالی انقلاب فرهنگی
38934,پزشکی,دانشگاه علوم پزشکی و خدمات بهداشتی درمانی البرز - کرج,شرایط خاص,تعهد خدمت,2,173,دانشگاه علوم پزشکی و خدمات بهداشتی درمانی البرز - کرج - دارای تعهد خدمت یک و نیم برابر طول مدت تحصیل در مناطق مورد نیاز دانشکده علوم پزشکی و خدمات بهداشتی درمانی غرب استان هرمزگان - فاقد خوابگاه | پذیرش از تمام متقاضیان سراسر کشور، با اولویت متقاضیان بومی استان هرمزگان دانشگاه علوم پزشکی و خدمات بهداشتی درمانی اصفهان- دارای مرد زن - 2 دکتری عمومی پزشکی 38929 با آزمون تعهد خدمت یک و نیم برابر طول مدت تحصیل در مناطق مورد نیاز دانشگاه علوم پزشکی هرمزگان- محدودیت در ارائه خوابگاه دانشگاه علوم پزشکی و خدمات بهداشتی درمانی اصفهان- دارای تعهد خدمت یک و نیم برابر طول مدت تحصیل در مناطق مورد نیاز مرد زن - 2 دکتری عمومی پزشکی 38930 با آزمون دانشکده علوم پزشکی و خدمات بهداشتی درمانی شرق استان هرمزگان- محدودیت در ارائه خوابگاه دانشگاه علوم پزشکی و خدمات بهداشتی درمانی اصفهان- دارای تعهد خدمت یک و نیم برابر طول مدت تحصیل در مناطق مورد نیاز مرد زن - 2 دکتری عمومی پزشکی 38931 با آزمون دانشکده علوم پزشکی و خدمات بهداشتی درمانی غرب استان هرمزگان- محدودیت در ارائه خوابگاه دانشگاه علوم پزشکی و خدمات بهداشتی درمانی البرز- کرج- مرد زن 2 - دکتری عمومی پزشکی 38932 با آزمون دارای تعهد خدمت یک و نیم برابر طول مدت تحصیل در مناطق مورد نیاز دانشگاه علوم پزشکی هرمزگان- فاقد خوابگاه دانشگاه علوم پزشکی و خدمات بهداشتی درمانی البرز- کرج- دارای تعهد خدمت یک و نیم برابر طول مدت تحصیل در مناطق مرد زن 2 - دکتری عمومی پزشکی 38933 با آزمون مورد نیاز دانشکده علوم پزشکی و خدمات بهداشتی درمانی شرق استان هرمزگان- فاقد خوابگاه | رشته محل های پزشکی و دندان پزشکی دارای تعهد خدمت موضوع مصوبات شورای عالی انقلاب فرهنگی
38935,پزشکی,دانشگاه علوم پزشکی و خدمات بهداشتی درمانی ایران,شرایط خاص,تعهد خدمت,2,173,دانشگاه علوم پزشکی و خدمات بهداشتی درمانی ایران - دارای تعهد خدمت یک و نیم برابر طول مدت تحصیل در مناطق مورد نیاز دانشکده علوم پزشکی و خدمات بهداشتی درمانی غرب استان هرمزگان - محدودیت در ارائه خوابگاه | پذیرش از تمام متقاضیان سراسر کشور، با اولویت متقاضیان بومی استان هرمزگان دانشگاه علوم پزشکی و خدمات بهداشتی درمانی اصفهان- دارای مرد زن - 2 دکتری عمومی پزشکی 38929 با آزمون تعهد خدمت یک و نیم برابر طول مدت تحصیل در مناطق مورد نیاز دانشگاه علوم پزشکی هرمزگان- محدودیت در ارائه خوابگاه دانشگاه علوم پزشکی و خدمات بهداشتی درمانی اصفهان- دارای تعهد خدمت یک و نیم برابر طول مدت تحصیل در مناطق مورد نیاز مرد زن - 2 دکتری عمومی پزشکی 38930 با آزمون دانشکده علوم پزشکی و خدمات بهداشتی درمانی شرق استان هرمزگان- محدودیت در ارائه خوابگاه دانشگاه علوم پزشکی و خدمات بهداشتی درمانی اصفهان- دارای تعهد خدمت یک و نیم برابر طول مدت تحصیل در مناطق مورد نیاز مرد زن - 2 دکتری عمومی پزشکی 38931 با آزمون دانشکده علوم پزشکی و خدمات بهداشتی درمانی غرب استان هرمزگان- محدودیت در ارائه خوابگاه دانشگاه علوم پزشکی و خدمات بهداشتی درمانی البرز- کرج- مرد زن 2 - دکتری عمومی پزشکی 38932 با آزمون دارای تعهد خدمت یک و نیم برابر طول مدت تحصیل در مناطق مورد نیاز دانشگاه علوم پزشکی هرمزگان- فاقد خوابگاه دانشگاه علوم پزشکی و خدمات بهداشتی درمانی البرز- کرج- دارای تعهد خدمت یک و نیم برابر طول مدت تحصیل در مناطق مرد زن 2 - دکتری عمومی پزشکی 38933 با آزمون مورد نیاز دانشکده علوم پزشکی و خدمات بهداشتی درمانی شرق استان هرمزگان- فاقد خوابگاه دانشگاه علوم پزشکی و خدمات بهداشتی درمانی البرز- کرج- دارای تعهد خدمت یک و نیم برابر طول مدت تحصیل در مناطق مرد زن 2 - دکتری عمومی پزشکی 38934 با آزمون مورد نیاز دانشکده علوم پزشکی و خدمات بهداشتی درمانی غرب استان هرمزگان- فاقد خوابگاه | رشته محل های پزشکی و دندان پزشکی دارای تعهد خدمت موضوع مصوبات شورای عالی انقلاب فرهنگی
38936,پزشکی,دانشگاه علوم پزشکی و خدمات بهداشتی درمانی ایران,شرایط خاص,تعهد خدمت,2,173,دانشگاه علوم پزشکی و خدمات بهداشتی درمانی ایران - دارای تعهد خدمت یک و نیم برابر طول مدت تحصیل در مناطق مورد نیاز دانشگاه علوم پزشکی هرمزگان - محدودیت در ارائه خوابگاه | پذیرش از تمام متقاضیان سراسر کشور، با اولویت متقاضیان بومی استان هرمزگان دانشگاه علوم پزشکی و خدمات بهداشتی درمانی اصفهان- دارای مرد زن - 2 دکتری عمومی پزشکی 38929 با آزمون تعهد خدمت یک و نیم برابر طول مدت تحصیل در مناطق مورد نیاز دانشگاه علوم پزشکی هرمزگان- محدودیت در ارائه خوابگاه دانشگاه علوم پزشکی و خدمات بهداشتی درمانی اصفهان- دارای تعهد خدمت یک و نیم برابر طول مدت تحصیل در مناطق مورد نیاز مرد زن - 2 دکتری عمومی پزشکی 38930 با آزمون دانشکده علوم پزشکی و خدمات بهداشتی درمانی شرق استان هرمزگان- محدودیت در ارائه خوابگاه دانشگاه علوم پزشکی و خدمات بهداشتی درمانی اصفهان- دارای تعهد خدمت یک و نیم برابر طول مدت تحصیل در مناطق مورد نیاز مرد زن - 2 دکتری عمومی پزشکی 38931 با آزمون دانشکده علوم پزشکی و خدمات بهداشتی درمانی غرب استان هرمزگان- محدودیت در ارائه خوابگاه دانشگاه علوم پزشکی و خدمات بهداشتی درمانی البرز- کرج- مرد زن 2 - دکتری عمومی پزشکی 38932 با آزمون دارای تعهد خدمت یک و نیم برابر طول مدت تحصیل در مناطق مورد نیاز دانشگاه علوم پزشکی هرمزگان- فاقد خوابگاه دانشگاه علوم پزشکی و خدمات بهداشتی درمانی البرز- کرج- دارای تعهد خدمت یک و نیم برابر طول مدت تحصیل در مناطق مرد زن 2 - دکتری عمومی پزشکی 38933 با آزمون مورد نیاز دانشکده علوم پزشکی و خدمات بهداشتی درمانی شرق استان هرمزگان- فاقد خوابگاه دانشگاه علوم پزشکی و خدمات بهداشتی درمانی البرز- کرج- دارای تعهد خدمت یک و نیم برابر طول مدت تحصیل در مناطق مرد زن 2 - دکتری عمومی پزشکی 38934 با آزمون مورد نیاز دانشکده علوم پزشکی و خدمات بهداشتی درمانی غرب استان هرمزگان- فاقد خوابگاه دانشگاه علوم پزشکی و خدمات بهداشتی درمانی ایران- دارای تعهد خدمت یک و نیم برابر طول مدت تحصیل در مناطق مورد نیاز مرد زن - 2 دکتری عمومی پزشکی 38935 با آزمون دانشکده علوم پزشکی و خدمات بهداشتی درمانی غرب استان هرمزگان- محدودیت در ارائه خوابگاه | رشته محل های پزشکی و دندان پزشکی دارای تعهد خدمت موضوع مصوبات شورای عالی انقلاب فرهنگی
38937,پزشکی,دانشگاه علوم پزشکی و خدمات بهداشتی درمانی ایران,شرایط خاص,تعهد خدمت,2,173,دانشگاه علوم پزشکی و خدمات بهداشتی درمانی ایران - دارای تعهد خدمت یک و نیم برابر طول مدت تحصیل در مناطق مورد نیاز دانشکده علوم پزشکی و خدمات بهداشتی درمانی شرق استان هرمزگان - محدودیت در ارائه خوابگاه | پذیرش از تمام متقاضیان سراسر کشور، با اولویت متقاضیان بومی استان هرمزگان دانشگاه علوم پزشکی و خدمات بهداشتی درمانی اصفهان- دارای مرد زن - 2 دکتری عمومی پزشکی 38929 با آزمون تعهد خدمت یک و نیم برابر طول مدت تحصیل در مناطق مورد نیاز دانشگاه علوم پزشکی هرمزگان- محدودیت در ارائه خوابگاه دانشگاه علوم پزشکی و خدمات بهداشتی درمانی اصفهان- دارای تعهد خدمت یک و نیم برابر طول مدت تحصیل در مناطق مورد نیاز مرد زن - 2 دکتری عمومی پزشکی 38930 با آزمون دانشکده علوم پزشکی و خدمات بهداشتی درمانی شرق استان هرمزگان- محدودیت در ارائه خوابگاه دانشگاه علوم پزشکی و خدمات بهداشتی درمانی اصفهان- دارای تعهد خدمت یک و نیم برابر طول مدت تحصیل در مناطق مورد نیاز مرد زن - 2 دکتری عمومی پزشکی 38931 با آزمون دانشکده علوم پزشکی و خدمات بهداشتی درمانی غرب استان هرمزگان- محدودیت در ارائه خوابگاه دانشگاه علوم پزشکی و خدمات بهداشتی درمانی البرز- کرج- مرد زن 2 - دکتری عمومی پزشکی 38932 با آزمون دارای تعهد خدمت یک و نیم برابر طول مدت تحصیل در مناطق مورد نیاز دانشگاه علوم پزشکی هرمزگان- فاقد خوابگاه دانشگاه علوم پزشکی و خدمات بهداشتی درمانی البرز- کرج- دارای تعهد خدمت یک و نیم برابر طول مدت تحصیل در مناطق مرد زن 2 - دکتری عمومی پزشکی 38933 با آزمون مورد نیاز دانشکده علوم پزشکی و خدمات بهداشتی درمانی شرق استان هرمزگان- فاقد خوابگاه دانشگاه علوم پزشکی و خدمات بهداشتی درمانی البرز- کرج- دارای تعهد خدمت یک و نیم برابر طول مدت تحصیل در مناطق مرد زن 2 - دکتری عمومی پزشکی 38934 با آزمون مورد نیاز دانشکده علوم پزشکی و خدمات بهداشتی درمانی غرب استان هرمزگان- فاقد خوابگاه دانشگاه علوم پزشکی و خدمات بهداشتی درمانی ایران- دارای تعهد خدمت یک و نیم برابر طول مدت تحصیل در مناطق مورد نیاز مرد زن - 2 دکتری عمومی پزشکی 38935 با آزمون دانشکده علوم پزشکی و خدمات بهداشتی درمانی غرب استان هرمزگان- محدودیت در ارائه خوابگاه دانشگاه علوم پزشکی و خدمات بهداشتی درمانی ایران- دارای مرد زن 2 - دکتری عمومی پزشکی 38936 با آزمون تعهد خدمت یک و نیم برابر طول مدت تحصیل در مناطق مورد نیاز دانشگاه علوم پزشکی هرمزگان- محدودیت در ارائه خوابگاه | رشته محل های پزشکی و دندان پزشکی دارای تعهد خدمت موضوع مصوبات شورای عالی انقلاب فرهنگی
38938,پزشکی,دانشگاه علوم پزشکی و خدمات بهداشتی درمانی تبریز,شرایط خاص,تعهد خدمت,2,174,دانشگاه علوم پزشکی و خدمات بهداشتی درمانی تبریز - دارای تعهد خدمت یک و نیم برابر طول مدت تحصیل در مناطق مورد نیاز دانشکده علوم پزشکی و خدمات بهداشتی درمانی شرق استان هرمزگان | ادامه پذیرش از تمام متقاضیان سراسر کشور، با اولویت متقاضیان بومی استان هرمزگان | رشته محل های پزشکی و دندان پزشکی دارای تعهد خدمت موضوع مصوبات شورای عالی انقلاب فرهنگی
38939,پزشکی,دانشگاه علوم پزشکی و خدمات بهداشتی درمانی تبریز,شرایط خاص,تعهد خدمت,2,174,دانشگاه علوم پزشکی و خدمات بهداشتی درمانی تبریز - دارای تعهد خدمت یک و نیم برابر طول مدت تحصیل در مناطق مورد نیاز دانشکده علوم پزشکی و خدمات بهداشتی درمانی غرب استان هرمزگان | ادامه پذیرش از تمام متقاضیان سراسر کشور، با اولویت متقاضیان بومی استان هرمزگان | رشته محل های پزشکی و دندان پزشکی دارای تعهد خدمت موضوع مصوبات شورای عالی انقلاب فرهنگی
38940,پزشکی,دانشگاه علوم پزشکی و خدمات بهداشتی درمانی تبریز,شرایط خاص,تعهد خدمت,2,174,دانشگاه علوم پزشکی و خدمات بهداشتی درمانی تبریز - دارای تعهد خدمت یک و نیم برابر طول مدت تحصیل در مناطق مورد نیاز دانشگاه علوم پزشکی هرمزگان | ادامه پذیرش از تمام متقاضیان سراسر کشور، با اولویت متقاضیان بومی استان هرمزگان | رشته محل های پزشکی و دندان پزشکی دارای تعهد خدمت موضوع مصوبات شورای عالی انقلاب فرهنگی
38941,پزشکی,دانشگاه علوم پزشکی و خدمات بهداشتی درمانی تهران,شرایط خاص,تعهد خدمت,8,174,دانشگاه علوم پزشکی و خدمات بهداشتی درمانی تهران - دارای تعهد خدمت یک و نیم برابر طول مدت تحصیل در مناطق مورد نیاز دانشگاه علوم پزشکی هرمزگان - دارای خوابگاه ملکی | ادامه پذیرش از تمام متقاضیان سراسر کشور، با اولویت متقاضیان بومی استان هرمزگان | رشته محل های پزشکی و دندان پزشکی دارای تعهد خدمت موضوع مصوبات شورای عالی انقلاب فرهنگی
38942,پزشکی,دانشگاه علوم پزشکی و خدمات بهداشتی درمانی تهران,شرایط خاص,تعهد خدمت,6,174,دانشگاه علوم پزشکی و خدمات بهداشتی درمانی تهران - دارای تعهد خدمت یک و نیم برابر طول مدت تحصیل در مناطق مورد نیاز دانشکده علوم پزشکی و خدمات بهداشتی درمانی شرق استان هرمزگان - دارای خوابگاه ملکی | ادامه پذیرش از تمام متقاضیان سراسر کشور، با اولویت متقاضیان بومی استان هرمزگان | رشته محل های پزشکی و دندان پزشکی دارای تعهد خدمت موضوع مصوبات شورای عالی انقلاب فرهنگی
38943,پزشکی,دانشگاه علوم پزشکی و خدمات بهداشتی درمانی تهران,شرایط خاص,تعهد خدمت,5,174,دانشگاه علوم پزشکی و خدمات بهداشتی درمانی تهران - دارای تعهد خدمت یک و نیم برابر طول مدت تحصیل در مناطق مورد نیاز دانشکده علوم پزشکی و خدمات بهداشتی درمانی غرب استان هرمزگان - دارای خوابگاه ملکی | ادامه پذیرش از تمام متقاضیان سراسر کشور، با اولویت متقاضیان بومی استان هرمزگان | رشته محل های پزشکی و دندان پزشکی دارای تعهد خدمت موضوع مصوبات شورای عالی انقلاب فرهنگی
38944,پزشکی,دانشگاه علوم پزشکی و خدمات بهداشتی درمانی جندی شاپور اهواز,شرایط خاص,تعهد خدمت,5,174,دانشگاه علوم پزشکی و خدمات بهداشتی درمانی جندی شاپور اهواز - دارای تعهد خدمت یک و نیم برابر طول مدت تحصیل در مناطق مورد نیاز دانشگاه علوم پزشکی هرمزگان | ادامه پذیرش از تمام متقاضیان سراسر کشور، با اولویت متقاضیان بومی استان هرمزگان | رشته محل های پزشکی و دندان پزشکی دارای تعهد خدمت موضوع مصوبات شورای عالی انقلاب فرهنگی
38945,پزشکی,دانشگاه علوم پزشکی و خدمات بهداشتی درمانی جندی شاپور اهواز,شرایط خاص,تعهد خدمت,4,174,دانشگاه علوم پزشکی و خدمات بهداشتی درمانی جندی شاپور اهواز - دارای تعهد خدمت یک و نیم برابر طول مدت تحصیل در مناطق مورد نیاز دانشکده علوم پزشکی و خدمات بهداشتی درمانی شرق استان هرمزگان | ادامه پذیرش از تمام متقاضیان سراسر کشور، با اولویت متقاضیان بومی استان هرمزگان | رشته محل های پزشکی و دندان پزشکی دارای تعهد خدمت موضوع مصوبات شورای عالی انقلاب فرهنگی
38946,پزشکی,دانشگاه علوم پزشکی و خدمات بهداشتی درمانی جندی شاپور اهواز,شرایط خاص,تعهد خدمت,4,174,دانشگاه علوم پزشکی و خدمات بهداشتی درمانی جندی شاپور اهواز - دارای تعهد خدمت یک و نیم برابر طول مدت تحصیل در مناطق مورد نیاز دانشکده علوم پزشکی و خدمات بهداشتی درمانی غرب استان هرمزگان | ادامه پذیرش از تمام متقاضیان سراسر کشور، با اولویت متقاضیان بومی استان هرمزگان | رشته محل های پزشکی و دندان پزشکی دارای تعهد خدمت موضوع مصوبات شورای عالی انقلاب فرهنگی
38947,پزشکی,دانشگاه علوم پزشکی و خدمات بهداشتی درمانی جهرم,شرایط خاص,تعهد خدمت,3,174,دانشگاه علوم پزشکی و خدمات بهداشتی درمانی جهرم - دارای تعهد خدمت یک و نیم برابر طول مدت تحصیل در مناطق مورد نیاز دانشگاه علوم پزشکی هرمزگان - محدودیت در ارائه خوابگاه | ادامه پذیرش از تمام متقاضیان سراسر کشور، با اولویت متقاضیان بومی استان هرمزگان | رشته محل های پزشکی و دندان پزشکی دارای تعهد خدمت موضوع مصوبات شورای عالی انقلاب فرهنگی
38948,پزشکی,دانشگاه علوم پزشکی و خدمات بهداشتی درمانی رفسنجان,شرایط خاص,تعهد خدمت,5,174,دانشگاه علوم پزشکی و خدمات بهداشتی درمانی رفسنجان - دارای تعهد خدمت یک و نیم برابر طول مدت تحصیل در مناطق مورد نیاز دانشگاه علوم پزشکی هرمزگان - انتقال بر اساس شرایط آیین نامه - عدم تعهد در واگذاری خوابگاه | ادامه پذیرش از تمام متقاضیان سراسر کشور، با اولویت متقاضیان بومی استان هرمزگان | رشته محل های پزشکی و دندان پزشکی دارای تعهد خدمت موضوع مصوبات شورای عالی انقلاب فرهنگی
38949,پزشکی,دانشگاه علوم پزشکی و خدمات بهداشتی درمانی رفسنجان,شرایط خاص,تعهد خدمت,2,174,دانشگاه علوم پزشکی و خدمات بهداشتی درمانی رفسنجان - دارای تعهد خدمت یک و نیم برابر طول مدت تحصیل در مناطق مورد نیاز دانشکده علوم پزشکی و خدمات بهداشتی درمانی شرق استان هرمزگان - انتقال بر اساس شرایط آیین نامه - عدم تعهد در واگذاری خوابگاه | ادامه پذیرش از تمام متقاضیان سراسر کشور، با اولویت متقاضیان بومی استان هرمزگان | رشته محل های پزشکی و دندان پزشکی دارای تعهد خدمت موضوع مصوبات شورای عالی انقلاب فرهنگی
38950,پزشکی,دانشگاه علوم پزشکی و خدمات بهداشتی درمانی رفسنجان,شرایط خاص,تعهد خدمت,1,175,دانشگاه علوم پزشکی و خدمات بهداشتی درمانی رفسنجان - دارای تعهد خدمت یک و نیم برابر طول مدت تحصیل در مناطق مورد نیاز دانشکده علوم پزشکی و خدمات بهداشتی درمانی غرب استان هرمزگان - انتقال بر اساس شرایط آیین نامه - عدم تعهد در واگذاری خوابگاه | ادامه پذیرش از تمام متقاضیان سراسر کشور، با اولویت متقاضیان بومی استان هرمزگان | رشته محل های پزشکی و دندان پزشکی دارای تعهد خدمت موضوع مصوبات شورای عالی انقلاب فرهنگی
38951,پزشکی,دانشگاه علوم پزشکی و خدمات بهداشتی درمانی شهید بهشتی - تهران,شرایط خاص,تعهد خدمت,5,175,دانشگاه علوم پزشکی و خدمات بهداشتی درمانی شهید بهشتی - تهران - دارای تعهد خدمت یک و نیم برابر طول مدت تحصیل در مناطق مورد نیاز دانشگاه علوم پزشکی هرمزگان | ادامه پذیرش از تمام متقاضیان سراسر کشور، با اولویت متقاضیان بومی استان هرمزگان | رشته محل های پزشکی و دندان پزشکی دارای تعهد خدمت موضوع مصوبات شورای عالی انقلاب فرهنگی
38952,پزشکی,دانشگاه علوم پزشکی و خدمات بهداشتی درمانی شهید بهشتی - تهران,شرایط خاص,تعهد خدمت,5,175,دانشگاه علوم پزشکی و خدمات بهداشتی درمانی شهید بهشتی - تهران - دارای تعهد خدمت یک و نیم برابر طول مدت تحصیل در مناطق مورد نیاز دانشکده علوم پزشکی و خدمات بهداشتی درمانی شرق استان هرمزگان | ادامه پذیرش از تمام متقاضیان سراسر کشور، با اولویت متقاضیان بومی استان هرمزگان | رشته محل های پزشکی و دندان پزشکی دارای تعهد خدمت موضوع مصوبات شورای عالی انقلاب فرهنگی
38953,پزشکی,دانشگاه علوم پزشکی و خدمات بهداشتی درمانی شهید بهشتی - تهران,شرایط خاص,تعهد خدمت,4,175,دانشگاه علوم پزشکی و خدمات بهداشتی درمانی شهید بهشتی - تهران - دارای تعهد خدمت یک و نیم برابر طول مدت تحصیل در مناطق مورد نیاز دانشکده علوم پزشکی و خدمات بهداشتی درمانی غرب استان هرمزگان | ادامه پذیرش از تمام متقاضیان سراسر کشور، با اولویت متقاضیان بومی استان هرمزگان | رشته محل های پزشکی و دندان پزشکی دارای تعهد خدمت موضوع مصوبات شورای عالی انقلاب فرهنگی
38954,پزشکی,دانشگاه علوم پزشکی و خدمات بهداشتی درمانی شیراز,شرایط خاص,تعهد خدمت,9,175,دانشگاه علوم پزشکی و خدمات بهداشتی درمانی شیراز - دارای تعهد خدمت یک و نیم برابر طول مدت تحصیل در مناطق مورد نیاز دانشگاه علوم پزشکی هرمزگان - محدودیت در ارائه خوابگاه | ادامه پذیرش از تمام متقاضیان سراسر کشور، با اولویت متقاضیان بومی استان هرمزگان | رشته محل های پزشکی و دندان پزشکی دارای تعهد خدمت موضوع مصوبات شورای عالی انقلاب فرهنگی
38955,پزشکی,دانشگاه علوم پزشکی و خدمات بهداشتی درمانی شیراز,شرایط خاص,تعهد خدمت,5,175,دانشگاه علوم پزشکی و خدمات بهداشتی درمانی شیراز - دارای تعهد خدمت یک و نیم برابر طول مدت تحصیل در مناطق مورد نیاز دانشکده علوم پزشکی و خدمات بهداشتی درمانی شرق استان هرمزگان - محدودیت در ارائه خوابگاه | ادامه پذیرش از تمام متقاضیان سراسر کشور، با اولویت متقاضیان بومی استان هرمزگان | رشته محل های پزشکی و دندان پزشکی دارای تعهد خدمت موضوع مصوبات شورای عالی انقلاب فرهنگی
38956,پزشکی,دانشگاه علوم پزشکی و خدمات بهداشتی درمانی شیراز,شرایط خاص,تعهد خدمت,4,175,دانشگاه علوم پزشکی و خدمات بهداشتی درمانی شیراز - دارای تعهد خدمت یک و نیم برابر طول مدت تحصیل در مناطق مورد نیاز دانشکده علوم پزشکی و خدمات بهداشتی درمانی غرب استان هرمزگان - محدودیت در ارائه خوابگاه | ادامه پذیرش از تمام متقاضیان سراسر کشور، با اولویت متقاضیان بومی استان هرمزگان | رشته محل های پزشکی و دندان پزشکی دارای تعهد خدمت موضوع مصوبات شورای عالی انقلاب فرهنگی
38957,پزشکی,دانشگاه علوم پزشکی و خدمات بهداشتی درمانی فسا,شرایط خاص,تعهد خدمت,3,175,دانشگاه علوم پزشکی و خدمات بهداشتی درمانی فسا - دارای تعهد خدمت یک و نیم برابر طول مدت تحصیل در مناطق مورد نیاز دانشگاه علوم پزشکی هرمزگان - سال اول معرفی به خوابگاه خودگردان | ادامه پذیرش از تمام متقاضیان سراسر کشور، با اولویت متقاضیان بومی استان هرمزگان | رشته محل های پزشکی و دندان پزشکی دارای تعهد خدمت موضوع مصوبات شورای عالی انقلاب فرهنگی
38958,پزشکی,دانشگاه علوم پزشکی و خدمات بهداشتی درمانی فسا,شرایط خاص,تعهد خدمت,3,175,دانشگاه علوم پزشکی و خدمات بهداشتی درمانی فسا - دارای تعهد خدمت یک و نیم برابر طول مدت تحصیل در مناطق مورد نیاز دانشکده علوم پزشکی و خدمات بهداشتی درمانی شرق استان هرمزگان - سال اول معرفی به خوابگاه خودگردان | ادامه پذیرش از تمام متقاضیان سراسر کشور، با اولویت متقاضیان بومی استان هرمزگان | رشته محل های پزشکی و دندان پزشکی دارای تعهد خدمت موضوع مصوبات شورای عالی انقلاب فرهنگی
38959,پزشکی,دانشگاه علوم پزشکی و خدمات بهداشتی درمانی فسا,شرایط خاص,تعهد خدمت,3,175,دانشگاه علوم پزشکی و خدمات بهداشتی درمانی فسا - دارای تعهد خدمت یک و نیم برابر طول مدت تحصیل در مناطق مورد نیاز دانشکده علوم پزشکی و خدمات بهداشتی درمانی غرب استان هرمزگان - سال اول معرفی به خوابگاه خودگردان | ادامه پذیرش از تمام متقاضیان سراسر کشور، با اولویت متقاضیان بومی استان هرمزگان | رشته محل های پزشکی و دندان پزشکی دارای تعهد خدمت موضوع مصوبات شورای عالی انقلاب فرهنگی
38960,پزشکی,دانشگاه علوم پزشکی و خدمات بهداشتی درمانی کرمان,شرایط خاص,تعهد خدمت,5,175,دانشگاه علوم پزشکی و خدمات بهداشتی درمانی کرمان - دارای تعهد خدمت یک و نیم برابر طول مدت تحصیل در مناطق مورد نیاز دانشگاه علوم پزشکی هرمزگان - فاقد خوابگاه | ادامه پذیرش از تمام متقاضیان سراسر کشور، با اولویت متقاضیان بومی استان هرمزگان | رشته محل های پزشکی و دندان پزشکی دارای تعهد خدمت موضوع مصوبات شورای عالی انقلاب فرهنگی
38961,پزشکی,دانشگاه علوم پزشکی و خدمات بهداشتی درمانی کرمان,شرایط خاص,تعهد خدمت,2,175,دانشگاه علوم پزشکی و خدمات بهداشتی درمانی کرمان - دارای تعهد خدمت یک و نیم برابر طول مدت تحصیل در مناطق مورد نیاز دانشکده علوم پزشکی و خدمات بهداشتی درمانی شرق استان هرمزگان - فاقد خوابگاه | ادامه پذیرش از تمام متقاضیان سراسر کشور، با اولویت متقاضیان بومی استان هرمزگان | رشته محل های پزشکی و دندان پزشکی دارای تعهد خدمت موضوع مصوبات شورای عالی انقلاب فرهنگی
38962,پزشکی,دانشگاه علوم پزشکی و خدمات بهداشتی درمانی کرمان,شرایط خاص,تعهد خدمت,2,176,دانشگاه علوم پزشکی و خدمات بهداشتی درمانی کرمان - دارای تعهد خدمت یک و نیم برابر طول مدت تحصیل در مناطق مورد نیاز دانشکده علوم پزشکی و خدمات بهداشتی درمانی غرب استان هرمزگان - فاقد خوابگاه | ادامه پذیرش از تمام متقاضیان سراسر کشور، با اولویت متقاضیان بومی استان هرمزگان | رشته محل های پزشکی و دندان پزشکی دارای تعهد خدمت موضوع مصوبات شورای عالی انقلاب فرهنگی
38963,پزشکی,دانشگاه علوم پزشکی و خدمات بهداشتی درمانی هرمزگان - بندرعباس,شرایط خاص,تعهد خدمت,20,176,دانشگاه علوم پزشکی و خدمات بهداشتی درمانی هرمزگان - بندرعباس - دارای تعهد خدمت یک و نیم برابر طول مدت تحصیل در مناطق مورد نیاز دانشکده علوم پزشکی و خدمات بهداشتی درمانی غرب استان هرمزگان - ممنوعیت تغییر رشته و انتقال - فاقد خوابگاه | ادامه پذیرش از تمام متقاضیان سراسر کشور، با اولویت متقاضیان بومی استان هرمزگان | رشته محل های پزشکی و دندان پزشکی دارای تعهد خدمت موضوع مصوبات شورای عالی انقلاب فرهنگی
38964,پزشکی,دانشگاه علوم پزشکی و خدمات بهداشتی درمانی هرمزگان - بندرعباس,شرایط خاص,تعهد خدمت,19,176,دانشگاه علوم پزشکی و خدمات بهداشتی درمانی هرمزگان - بندرعباس - دارای تعهد خدمت یک و نیم برابر طول مدت تحصیل در مناطق مورد نیاز دانشگاه علوم پزشکی هرمزگان - ممنوعیت تغییر رشته و انتقال - فاقد خوابگاه | ادامه پذیرش از تمام متقاضیان سراسر کشور، با اولویت متقاضیان بومی استان هرمزگان | رشته محل های پزشکی و دندان پزشکی دارای تعهد خدمت موضوع مصوبات شورای عالی انقلاب فرهنگی
38965,پزشکی,دانشگاه علوم پزشکی و خدمات بهداشتی درمانی هرمزگان - بندرعباس,شرایط خاص,تعهد خدمت,20,176,دانشگاه علوم پزشکی و خدمات بهداشتی درمانی هرمزگان - بندرعباس - دارای تعهد خدمت یک و نیم برابر طول مدت تحصیل در مناطق مورد نیاز دانشکده علوم پزشکی و خدمات بهداشتی درمانی شرق استان هرمزگان - ممنوعیت تغییر رشته و انتقال - فاقد خوابگاه | ادامه پذیرش از تمام متقاضیان سراسر کشور، با اولویت متقاضیان بومی استان هرمزگان | رشته محل های پزشکی و دندان پزشکی دارای تعهد خدمت موضوع مصوبات شورای عالی انقلاب فرهنگی
38966,پزشکی,دانشگاه علوم پزشکی و خدمات بهداشتی درمانی هرمزگان - بندرعباس,شرایط خاص,تعهد خدمت,19,176,دانشگاه علوم پزشکی و خدمات بهداشتی درمانی هرمزگان - بندرعباس - دارای تعهد خدمت یک و نیم برابر طول مدت تحصیل در مناطق مورد نیاز دانشگاه علوم پزشکی هرمزگان - ممنوعیت تغییر رشته و انتقال - فاقد خوابگاه | ادامه پذیرش از تمام متقاضیان سراسر کشور، با اولویت متقاضیان بومی استان هرمزگان | رشته محل های پزشکی و دندان پزشکی دارای تعهد خدمت موضوع مصوبات شورای عالی انقلاب فرهنگی
38967,پزشکی,دانشگاه علوم پزشکی و خدمات بهداشتی درمانی یزد,شرایط خاص,تعهد خدمت,2,176,دانشگاه علوم پزشکی و خدمات بهداشتی درمانی یزد - دارای تعهد خدمت یک و نیم برابر طول مدت تحصیل در مناطق مورد نیاز دانشگاه علوم پزشکی هرمزگان - عدم تعهد در واگذاری خوابگاه | ادامه پذیرش از تمام متقاضیان سراسر کشور، با اولویت متقاضیان بومی استان هرمزگان | رشته محل های پزشکی و دندان پزشکی دارای تعهد خدمت موضوع مصوبات شورای عالی انقلاب فرهنگی
38968,دندانپزشکی,دانشگاه علوم پزشکی و خدمات بهداشتی درمانی اصفهان,شرایط خاص,تعهد خدمت,10,176,دانشگاه علوم پزشکی و خدمات بهداشتی درمانی اصفهان - دارای تعهد خدمت یک و نیم برابر طول مدت تحصیل در مناطق مورد نیاز دانشگاه علوم پزشکی هرمزگان - محدودیت در ارائه خوابگاه | ادامه پذیرش از تمام متقاضیان سراسر کشور، با اولویت متقاضیان بومی استان هرمزگان | رشته محل های پزشکی و دندان پزشکی دارای تعهد خدمت موضوع مصوبات شورای عالی انقلاب فرهنگی
38969,دندانپزشکی,دانشگاه علوم پزشکی و خدمات بهداشتی درمانی اصفهان,شرایط خاص,تعهد خدمت,2,176,دانشگاه علوم پزشکی و خدمات بهداشتی درمانی اصفهان - دارای تعهد خدمت یک و نیم برابر طول مدت تحصیل در مناطق مورد نیاز دانشکده علوم پزشکی و خدمات بهداشتی درمانی غرب استان هرمزگان - محدودیت در ارائه خوابگاه | ادامه پذیرش از تمام متقاضیان سراسر کشور، با اولویت متقاضیان بومی استان هرمزگان | رشته محل های پزشکی و دندان پزشکی دارای تعهد خدمت موضوع مصوبات شورای عالی انقلاب فرهنگی
38970,دندانپزشکی,دانشگاه علوم پزشکی و خدمات بهداشتی درمانی اصفهان,شرایط خاص,تعهد خدمت,2,176,دانشگاه علوم پزشکی و خدمات بهداشتی درمانی اصفهان - دارای تعهد خدمت یک و نیم برابر طول مدت تحصیل در مناطق مورد نیاز دانشکده علوم پزشکی و خدمات بهداشتی درمانی شرق استان هرمزگان - محدودیت در ارائه خوابگاه | ادامه پذیرش از تمام متقاضیان سراسر کشور، با اولویت متقاضیان بومی استان هرمزگان | رشته محل های پزشکی و دندان پزشکی دارای تعهد خدمت موضوع مصوبات شورای عالی انقلاب فرهنگی
38971,دندانپزشکی,دانشگاه علوم پزشکی و خدمات بهداشتی درمانی تهران,شرایط خاص,تعهد خدمت,2,176,دانشگاه علوم پزشکی و خدمات بهداشتی درمانی تهران - دارای تعهد خدمت یک و نیم برابر طول مدت تحصیل در مناطق مورد نیاز دانشگاه علوم پزشکی هرمزگان - دارای خوابگاه ملکی | ادامه پذیرش از تمام متقاضیان سراسر کشور، با اولویت متقاضیان بومی استان هرمزگان | رشته محل های پزشکی و دندان پزشکی دارای تعهد خدمت موضوع مصوبات شورای عالی انقلاب فرهنگی
38972,دندانپزشکی,دانشگاه علوم پزشکی و خدمات بهداشتی درمانی شهرکرد,شرایط خاص,تعهد خدمت,2,176,دانشگاه علوم پزشکی و خدمات بهداشتی درمانی شهرکرد - دارای تعهد خدمت یک و نیم برابر طول مدت تحصیل در مناطق مورد نیاز دانشگاه علوم پزشکی هرمزگان - عدم تعهد در واگذاری خوابگاه | ادامه پذیرش از تمام متقاضیان سراسر کشور، با اولویت متقاضیان بومی استان هرمزگان | رشته محل های پزشکی و دندان پزشکی دارای تعهد خدمت موضوع مصوبات شورای عالی انقلاب فرهنگی
38973,دندانپزشکی,دانشگاه علوم پزشکی و خدمات بهداشتی درمانی شهید بهشتی - تهران,شرایط خاص,تعهد خدمت,3,176,دانشگاه علوم پزشکی و خدمات بهداشتی درمانی شهید بهشتی - تهران - دارای تعهد خدمت یک و نیم برابر طول مدت تحصیل در مناطق مورد نیاز دانشگاه علوم پزشکی هرمزگان | ادامه پذیرش از تمام متقاضیان سراسر کشور، با اولویت متقاضیان بومی استان هرمزگان | رشته محل های پزشکی و دندان پزشکی دارای تعهد خدمت موضوع مصوبات شورای عالی انقلاب فرهنگی
38974,دندانپزشکی,دانشگاه علوم پزشکی و خدمات بهداشتی درمانی شیراز,شرایط خاص,تعهد خدمت,3,177,دانشگاه علوم پزشکی و خدمات بهداشتی درمانی شیراز - دارای تعهد خدمت یک و نیم برابر طول مدت تحصیل در مناطق مورد نیاز دانشگاه علوم پزشکی هرمزگان - محدودیت در ارائه خوابگاه | ادامه پذیرش از تمام متقاضیان سراسر کشور، با اولویت متقاضیان بومی استان هرمزگان | رشته محل های پزشکی و دندان پزشکی دارای تعهد خدمت موضوع مصوبات شورای عالی انقلاب فرهنگی
38975,دندانپزشکی,دانشگاه علوم پزشکی و خدمات بهداشتی درمانی کرمان,شرایط خاص,تعهد خدمت,3,177,دانشگاه علوم پزشکی و خدمات بهداشتی درمانی کرمان - دارای تعهد خدمت یک و نیم برابر طول مدت تحصیل در مناطق مورد نیاز دانشگاه علوم پزشکی هرمزگان - فاقد خوابگاه | ادامه پذیرش از تمام متقاضیان سراسر کشور، با اولویت متقاضیان بومی استان هرمزگان | رشته محل های پزشکی و دندان پزشکی دارای تعهد خدمت موضوع مصوبات شورای عالی انقلاب فرهنگی
38976,دندانپزشکی,دانشگاه علوم پزشکی و خدمات بهداشتی درمانی هرمزگان - بندرعباس,شرایط خاص,تعهد خدمت,4,177,دانشگاه علوم پزشکی و خدمات بهداشتی درمانی هرمزگان - بندرعباس - دارای تعهد خدمت یک و نیم برابر طول مدت تحصیل در مناطق مورد نیاز دانشکده علوم پزشکی و خدمات بهداشتی درمانی شرق استان هرمزگان - فاقد خوابگاه | ادامه پذیرش از تمام متقاضیان سراسر کشور، با اولویت متقاضیان بومی استان هرمزگان | رشته محل های پزشکی و دندان پزشکی دارای تعهد خدمت موضوع مصوبات شورای عالی انقلاب فرهنگی
38977,دندانپزشکی,دانشگاه علوم پزشکی و خدمات بهداشتی درمانی هرمزگان - بندرعباس,شرایط خاص,تعهد خدمت,4,177,دانشگاه علوم پزشکی و خدمات بهداشتی درمانی هرمزگان - بندرعباس - دارای تعهد خدمت یک و نیم برابر طول مدت تحصیل در مناطق مورد نیاز دانشکده علوم پزشکی و خدمات بهداشتی درمانی غرب استان هرمزگان - فاقد خوابگاه | ادامه پذیرش از تمام متقاضیان سراسر کشور، با اولویت متقاضیان بومی استان هرمزگان | رشته محل های پزشکی و دندان پزشکی دارای تعهد خدمت موضوع مصوبات شورای عالی انقلاب فرهنگی
38978,دندانپزشکی,دانشگاه علوم پزشکی و خدمات بهداشتی درمانی هرمزگان - بندرعباس,شرایط خاص,تعهد خدمت,6,177,دانشگاه علوم پزشکی و خدمات بهداشتی درمانی هرمزگان - بندرعباس - دارای تعهد خدمت یک و نیم برابر طول مدت تحصیل در مناطق مورد نیاز دانشگاه علوم پزشکی هرمزگان - ممنوعیت تغییر رشته و انتقال - فاقد خوابگاه | ادامه پذیرش از تمام متقاضیان سراسر کشور، با اولویت متقاضیان بومی استان هرمزگان | رشته محل های پزشکی و دندان پزشکی دارای تعهد خدمت موضوع مصوبات شورای عالی انقلاب فرهنگی
38979,دندانپزشکی,دانشگاه علوم پزشکی و خدمات بهداشتی درمانی همدان,شرایط خاص,تعهد خدمت,1,177,دانشگاه علوم پزشکی و خدمات بهداشتی درمانی همدان - دارای تعهد خدمت یک و نیم برابر طول مدت تحصیل در مناطق مورد نیاز دانشکده علوم پزشکی و خدمات بهداشتی درمانی شرق استان هرمزگان - سال اول خوابگاه خودگردان، خوابگاه از سال دوم ملکی | ادامه پذیرش از تمام متقاضیان سراسر کشور، با اولویت متقاضیان بومی استان هرمزگان | رشته محل های پزشکی و دندان پزشکی دارای تعهد خدمت موضوع مصوبات شورای عالی انقلاب فرهنگی
38980,دندانپزشکی,دانشگاه علوم پزشکی و خدمات بهداشتی درمانی همدان,شرایط خاص,تعهد خدمت,1,177,دانشگاه علوم پزشکی و خدمات بهداشتی درمانی همدان - دارای تعهد خدمت یک و نیم برابر طول مدت تحصیل در مناطق مورد نیاز دانشکده علوم پزشکی و خدمات بهداشتی درمانی غرب استان هرمزگان - سال اول خوابگاه خودگردان، خوابگاه از سال دوم ملکی | ادامه پذیرش از تمام متقاضیان سراسر کشور، با اولویت متقاضیان بومی استان هرمزگان | رشته محل های پزشکی و دندان پزشکی دارای تعهد خدمت موضوع مصوبات شورای عالی انقلاب فرهنگی
38981,دندانپزشکی,دانشگاه علوم پزشکی و خدمات بهداشتی درمانی یزد,شرایط خاص,تعهد خدمت,1,177,دانشگاه علوم پزشکی و خدمات بهداشتی درمانی یزد - دارای تعهد خدمت یک و نیم برابر طول مدت تحصیل در مناطق مورد نیاز دانشکده علوم پزشکی و خدمات بهداشتی درمانی شرق استان هرمزگان - عدم تعهد در واگذاری خوابگاه | ادامه پذیرش از تمام متقاضیان سراسر کشور، با اولویت متقاضیان بومی استان هرمزگان | رشته محل های پزشکی و دندان پزشکی دارای تعهد خدمت موضوع مصوبات شورای عالی انقلاب فرهنگی
38982,پزشکی,دانشگاه علوم پزشکی و خدمات بهداشتی درمانی همدان,شرایط خاص,تعهد خدمت,15,177,دانشگاه علوم پزشکی و خدمات بهداشتی درمانی همدان - دارای تعهد خدمت یک و نیم برابر طول مدت تحصیل در مناطق مورد نیاز دانشگاه علوم پزشکی همدان - اول خوابگاه خودگردان ،سال خوابگاه از سال دوم ملکی | پذیرش از تمام متقاضیان سراسر کشور، با اولویت متقاضیان بومی استان همدان | رشته محل های پزشکی و دندان پزشکی دارای تعهد خدمت موضوع مصوبات شورای عالی انقلاب فرهنگی
38983,پزشکی,دانشگاه علوم پزشکی و خدمات بهداشتی درمانی یزد,شرایط خاص,تعهد خدمت,17,177,دانشگاه علوم پزشکی و خدمات بهداشتی درمانی یزد - دارای تعهد خدمت یک و نیم برابر طول مدت تحصیل در مناطق مورد نیاز دانشگاه علوم پزشکی یزد - عدم تعهد در واگذاری خوابگاه | پذیرش از تمام متقاضیان سراسر کشور، با اولویت متقاضیان بومی استان یزد | رشته محل های پزشکی و دندان پزشکی دارای تعهد خدمت موضوع مصوبات شورای عالی انقلاب فرهنگی
38984,دندانپزشکی,دانشگاه علوم پزشکی و خدمات بهداشتی درمانی یزد,شرایط خاص,تعهد خدمت,6,177,دانشگاه علوم پزشکی و خدمات بهداشتی درمانی یزد - دارای تعهد خدمت یک و نیم برابر طول مدت تحصیل در مناطق مورد نیاز دانشگاه علوم پزشکی یزد - عدم تعهد در واگذاری خوابگاه | پذیرش از تمام متقاضیان سراسر کشور، با اولویت متقاضیان بومی استان یزد دانشگاه علوم پزشکی و خدمات بهداشتی درمانی یزد- دارای تعهد مرد زن 17 - دکتری عمومی پزشکی 38983 با آزمون خدمت یک و نیم برابر طول مدت تحصیل در مناطق مورد نیاز دانشگاه علوم پزشکی یزد- عدم تعهد در واگذاری خوابگاه | رشته محل های پزشکی و دندان پزشکی دارای تعهد خدمت موضوع مصوبات شورای عالی انقلاب فرهنگی
38985,پزشکی,دانشگاه علوم پزشکی و خدمات بهداشتی درمانی تبریز,شرایط خاص,تعهد خدمت,101,178,شروع تحصیل مهرماه 1406 - دانشگاه علوم پزشکی و خدمات بهداشتی درمانی تبریز - دارای تعهد خدمت یک و نیم برابر طول مدت تحصیل در مناطق مورد نیاز دانشگاه علوم پزشکی تبریز | پذیرش از تمام متقاضیان سراسر کشور، با اولویت متقاضیان بومی استان آذربایجان شرقی | رشته محل های پزشکی و دندان پزشکی دارای تعهد خدمت موضوع مصوبات شورای عالی انقلاب فرهنگی
38986,دندانپزشکی,دانشگاه علوم پزشکی و خدمات بهداشتی درمانی تبریز,شرایط خاص,تعهد خدمت,8,178,شروع تحصیل مهرماه 1406 - دانشگاه علوم پزشکی و خدمات بهداشتی درمانی تبریز - دارای تعهد خدمت یک و نیم برابر طول مدت تحصیل در مناطق مورد نیاز دانشگاه علوم پزشکی تبریز | پذیرش از تمام متقاضیان سراسر کشور، با اولویت متقاضیان بومی استان آذربایجان شرقی | رشته محل های پزشکی و دندان پزشکی دارای تعهد خدمت موضوع مصوبات شورای عالی انقلاب فرهنگی
38987,پزشکی,دانشگاه علوم پزشکی و خدمات بهداشتی درمانی ارومیه,شرایط خاص,تعهد خدمت,40,178,شروع تحصیل مهرماه 1406 - دانشگاه علوم پزشکی و خدمات بهداشتی درمانی ارومیه - دارای تعهد خدمت یک و نیم برابر طول مدت تحصیل در مناطق مورد نیاز دانشگاه علوم پزشکی ارومیه - عدم تعهد در واگذاری خوابگاه | پذیرش از تمام متقاضیان سراسر کشور، با اولویت متقاضیان بومی استان آذربایجان غربی | رشته محل های پزشکی و دندان پزشکی دارای تعهد خدمت موضوع مصوبات شورای عالی انقلاب فرهنگی
38988,دندانپزشکی,دانشگاه علوم پزشکی و خدمات بهداشتی درمانی ارومیه,شرایط خاص,تعهد خدمت,10,178,شروع تحصیل مهرماه 1406 - دانشگاه علوم پزشکی و خدمات بهداشتی درمانی ارومیه - دارای تعهد خدمت یک و نیم برابر طول دوره تحصیل در مناطق مورد نیاز دانشگاه علوم پزشکی ارومیه - عدم تعهد در واگذاری خوابگاه | پذیرش از تمام متقاضیان سراسر کشور، با اولویت متقاضیان بومی استان آذربایجان غربی شروع تحصیل مهرماه1406 - دانشگاه علوم پزشکی و خدمات بهداشتی درمانی ارومیه- دارای تعهد خدمت یک و نیم برابر طول مرد زن - 40 دکتری عمومی پزشکی 38987 با آزمون مدت تحصیل در مناطق مورد نیاز دانشگاه علوم پزشکی ارومیه- عدم تعهد در واگذاری خوابگاه | رشته محل های پزشکی و دندان پزشکی دارای تعهد خدمت موضوع مصوبات شورای عالی انقلاب فرهنگی
38989,پزشکی,دانشگاه علوم پزشکی و خدمات بهداشتی درمانی اردبیل,شرایط خاص,تعهد خدمت,35,178,شروع تحصیل مهرماه 1406 - دانشگاه علوم پزشکی و خدمات بهداشتی درمانی اردبیل - دارای تعهد خدمت یک و نیم برابر طول مدت تحصیل در مناطق مورد نیاز دانشگاه علوم پزشکی اردبیل - فاقد خوابگاه | پذیرش از تمام متقاضیان سراسر کشور، با اولویت متقاضیان بومی استان اردبیل | رشته محل های پزشکی و دندان پزشکی دارای تعهد خدمت موضوع مصوبات شورای عالی انقلاب فرهنگی
38990,پزشکی,دانشگاه علوم پزشکی و خدمات بهداشتی درمانی اصفهان,شرایط خاص,تعهد خدمت,70,178,شروع تحصیل مهرماه 1406 - دانشگاه علوم پزشکی و خدمات بهداشتی درمانی اصفهان - دارای تعهد خدمت یک و نیم برابر طول مدت تحصیل در مناطق مورد نیاز دانشگاه علوم پزشکی اصفهان - محدودیت در ارائه خوابگاه | پذیرش از تمام متقاضیان سراسر کشور، با اولویت متقاضیان بومی استان اصفهان | رشته محل های پزشکی و دندان پزشکی دارای تعهد خدمت موضوع مصوبات شورای عالی انقلاب فرهنگی
38991,پزشکی,دانشگاه علوم پزشکی و خدمات بهداشتی درمانی کاشان,شرایط خاص,تعهد خدمت,35,178,شروع تحصیل مهرماه 1406 - دانشگاه علوم پزشکی و خدمات بهداشتی درمانی کاشان - دارای تعهد خدمت یک و نیم برابر طول مدت تحصیل در مناطق مورد نیاز دانشگاه علوم پزشکی کاشان - عدم تعهد در واگذاری خوابگاه | پذیرش از تمام متقاضیان سراسر کشور، با اولویت متقاضیان بومی استان اصفهان شروع تحصیل مهرماه1406 - دانشگاه علوم پزشکی و خدمات بهداشتی درمانی اصفهان- دارای تعهد خدمت یک و نیم برابر طول مرد زن - 70 دکتری عمومی پزشکی 38990 با آزمون مدت تحصیل در مناطق مورد نیاز دانشگاه علوم پزشکی اصفهان- محدودیت در ارائه خوابگاه | رشته محل های پزشکی و دندان پزشکی دارای تعهد خدمت موضوع مصوبات شورای عالی انقلاب فرهنگی
38992,دندانپزشکی,دانشگاه علوم پزشکی و خدمات بهداشتی درمانی اصفهان,شرایط خاص,تعهد خدمت,19,178,شروع تحصیل مهرماه 1406 - دانشگاه علوم پزشکی و خدمات بهداشتی درمانی اصفهان - دارای تعهد خدمت به مدت یک و نیم برابر طول دوره تحصیل در مناطق کم برخوردار و مورد نیاز استان اصفهان - محدودیت در ارائه خوابگاه | پذیرش از تمام متقاضیان سراسر کشور، با اولویت متقاضیان بومی استان اصفهان شروع تحصیل مهرماه1406 - دانشگاه علوم پزشکی و خدمات بهداشتی درمانی اصفهان- دارای تعهد خدمت یک و نیم برابر طول مرد زن - 70 دکتری عمومی پزشکی 38990 با آزمون مدت تحصیل در مناطق مورد نیاز دانشگاه علوم پزشکی اصفهان- محدودیت در ارائه خوابگاه شروع تحصیل مهرماه1406 - دانشگاه علوم پزشکی و خدمات بهداشتی درمانی کاشان- دارای تعهد خدمت یک و نیم برابر طول مرد زن - 35 دکتری عمومی پزشکی 38991 با آزمون مدت تحصیل در مناطق مورد نیاز دانشگاه علوم پزشکی کاشان- عدم تعهد در واگذاری خوابگاه | رشته محل های پزشکی و دندان پزشکی دارای تعهد خدمت موضوع مصوبات شورای عالی انقلاب فرهنگی
38993,پزشکی,دانشگاه علوم پزشکی و خدمات بهداشتی درمانی البرز - کرج,شرایط خاص,تعهد خدمت,45,178,شروع تحصیل مهرماه 1406 - دانشگاه علوم پزشکی و خدمات بهداشتی درمانی البرز - کرج - دارای تعهد خدمت یک و نیم برابر طول مدت تحصیل در مناطق مورد نیاز دانشگاه علوم پزشکی البرز - فاقد خوابگاه | پذیرش از تمام متقاضیان سراسر کشور، با اولویت متقاضیان بومی استان البرز | رشته محل های پزشکی و دندان پزشکی دارای تعهد خدمت موضوع مصوبات شورای عالی انقلاب فرهنگی
38994,دندانپزشکی,دانشگاه علوم پزشکی و خدمات بهداشتی درمانی البرز - کرج,شرایط خاص,تعهد خدمت,15,178,شروع تحصیل مهرماه 1406 - دانشگاه علوم پزشکی و خدمات بهداشتی درمانی البرز - کرج - دارای تعهد خدمت یک و نیم برابر طول مدت تحصیل در مناطق مورد نیاز دانشگاه علوم پزشکی البرز - فاقد خوابگاه | پذیرش از تمام متقاضیان سراسر کشور، با اولویت متقاضیان بومی استان البرز شروع تحصیل مهرماه1406 - دانشگاه علوم پزشکی و خدمات بهداشتی درمانی البرز- کرج- دارای تعهد خدمت یک و نیم برابر مرد زن - 45 دکتری عمومی پزشکی 38993 با آزمون طول مدت تحصیل در مناطق مورد نیاز دانشگاه علوم پزشکی البرز- فاقد خوابگاه | رشته محل های پزشکی و دندان پزشکی دارای تعهد خدمت موضوع مصوبات شورای عالی انقلاب فرهنگی
38995,پزشکی,دانشگاه علوم پزشکی و خدمات بهداشتی درمانی ایالم,شرایط خاص,تعهد خدمت,20,179,شروع تحصیل مهرماه 1406 - دانشگاه علوم پزشکی و خدمات بهداشتی درمانی ایالم - دارای تعهد خدمت یک و نیم برابر طول مدت تحصیل در مناطق مورد نیاز دانشگاه علوم پزشکی ایالم - عدم تعهد در واگذاری خوابگاه | پذیرش از تمام متقاضیان سراسر کشور، با اولویت متقاضیان بومی استان ایالم | رشته محل های پزشکی و دندان پزشکی دارای تعهد خدمت موضوع مصوبات شورای عالی انقلاب فرهنگی
38996,پزشکی,دانشگاه علوم پزشکی و خدمات بهداشتی درمانی بوشهر,شرایط خاص,تعهد خدمت,20,179,شروع تحصیل مهرماه 1406 - دانشگاه علوم پزشکی و خدمات بهداشتی درمانی بوشهر - دارای تعهد خدمت یک و نیم برابر طول مدت تحصیل در مناطق مورد نیاز دانشگاه علوم پزشکی بوشهر - فاقد خوابگاه | پذیرش از تمام متقاضیان سراسر کشور، با اولویت متقاضیان بومی استان بوشهر | رشته محل های پزشکی و دندان پزشکی دارای تعهد خدمت موضوع مصوبات شورای عالی انقلاب فرهنگی
38997,دندانپزشکی,دانشگاه علوم پزشکی و خدمات بهداشتی درمانی بوشهر,شرایط خاص,تعهد خدمت,3,179,شروع تحصیل مهرماه 1406 - دانشگاه علوم پزشکی و خدمات بهداشتی درمانی بوشهر - دارای تعهد خدمت یک و نیم برابر طول مدت تحصیل در مناطق مورد نیاز دانشگاه علوم پزشکی بوشهر - فاقد خوابگاه | پذیرش از تمام متقاضیان سراسر کشور، با اولویت متقاضیان بومی استان بوشهر شروع تحصیل مهرماه1406 - دانشگاه علوم پزشکی و خدمات بهداشتی درمانی بوشهر- دارای تعهد خدمت یک و نیم برابر طول مرد زن - 20 دکتری عمومی پزشکی 38996 با آزمون مدت تحصیل در مناطق مورد نیاز دانشگاه علوم پزشکی بوشهر- فاقد خوابگاه | رشته محل های پزشکی و دندان پزشکی دارای تعهد خدمت موضوع مصوبات شورای عالی انقلاب فرهنگی
38998,پزشکی,دانشگاه علوم پزشکی و خدمات بهداشتی درمانی ایران,شرایط خاص,تعهد خدمت,88,179,شروع تحصیل مهرماه 1406 - دانشگاه علوم پزشکی و خدمات بهداشتی درمانی ایران - دارای تعهد خدمت یک و نیم برابر طول مدت تحصیل در مناطق مورد نیاز دانشگاه علوم پزشکی ایران - محدودیت در ارائه خوابگاه | پذیرش از تمام متقاضیان سراسر کشور، با اولویت متقاضیان بومی استان تهران | رشته محل های پزشکی و دندان پزشکی دارای تعهد خدمت موضوع مصوبات شورای عالی انقلاب فرهنگی
38999,پزشکی,دانشگاه علوم پزشکی و خدمات بهداشتی درمانی تهران,شرایط خاص,تعهد خدمت,62,179,شروع تحصیل مهرماه 1406 - دانشگاه علوم پزشکی و خدمات بهداشتی درمانی تهران - دارای تعهد خدمت یک و نیم برابر طول مدت تحصیل در مناطق مورد نیاز دانشگاه علوم پزشکی تهران - دارای خوابگاه ملکی | پذیرش از تمام متقاضیان سراسر کشور، با اولویت متقاضیان بومی استان تهران شروع تحصیل مهرماه1406 - دانشگاه علوم پزشکی و خدمات بهداشتی درمانی ایران- دارای تعهد خدمت یک و نیم برابر طول مرد زن - 88 دکتری عمومی پزشکی 38998 با آزمون مدت تحصیل در مناطق مورد نیاز دانشگاه علوم پزشکی ایران- محدودیت در ارائه خوابگاه | رشته محل های پزشکی و دندان پزشکی دارای تعهد خدمت موضوع مصوبات شورای عالی انقلاب فرهنگی
39000,پزشکی,دانشگاه علوم پزشکی و خدمات بهداشتی درمانی شهید بهشتی - تهران,شرایط خاص,تعهد خدمت,93,179,شروع تحصیل مهرماه 1406 - دانشگاه علوم پزشکی و خدمات بهداشتی درمانی شهید بهشتی - تهران - دارای تعهد خدمت یک و نیم برابر طول مدت تحصیل در مناطق مورد نیاز دانشگاه علوم پزشکی شهید بهشتی | پذیرش از تمام متقاضیان سراسر کشور، با اولویت متقاضیان بومی استان تهران شروع تحصیل مهرماه1406 - دانشگاه علوم پزشکی و خدمات بهداشتی درمانی ایران- دارای تعهد خدمت یک و نیم برابر طول مرد زن - 88 دکتری عمومی پزشکی 38998 با آزمون مدت تحصیل در مناطق مورد نیاز دانشگاه علوم پزشکی ایران- محدودیت در ارائه خوابگاه شروع تحصیل مهرماه1406 - دانشگاه علوم پزشکی و خدمات بهداشتی درمانی تهران- دارای تعهد خدمت یک و نیم برابر طول مرد زن - 62 دکتری عمومی پزشکی 38999 با آزمون مدت تحصیل در مناطق مورد نیاز دانشگاه علوم پزشکی تهران- دارای خوابگاه ملکی | رشته محل های پزشکی و دندان پزشکی دارای تعهد خدمت موضوع مصوبات شورای عالی انقلاب فرهنگی
39001,دندانپزشکی,دانشگاه علوم پزشکی و خدمات بهداشتی درمانی تهران,شرایط خاص,تعهد خدمت,30,179,شروع تحصیل مهرماه 1406 - دانشگاه علوم پزشکی و خدمات بهداشتی درمانی تهران - دارای تعهد خدمت یک و نیم برابر طول مدت تحصیل در مناطق مورد نیاز دانشگاه علوم پزشکی تهران - دارای خوابگاه ملکی | پذیرش از تمام متقاضیان سراسر کشور، با اولویت متقاضیان بومی استان تهران شروع تحصیل مهرماه1406 - دانشگاه علوم پزشکی و خدمات بهداشتی درمانی ایران- دارای تعهد خدمت یک و نیم برابر طول مرد زن - 88 دکتری عمومی پزشکی 38998 با آزمون مدت تحصیل در مناطق مورد نیاز دانشگاه علوم پزشکی ایران- محدودیت در ارائه خوابگاه شروع تحصیل مهرماه1406 - دانشگاه علوم پزشکی و خدمات بهداشتی درمانی تهران- دارای تعهد خدمت یک و نیم برابر طول مرد زن - 62 دکتری عمومی پزشکی 38999 با آزمون مدت تحصیل در مناطق مورد نیاز دانشگاه علوم پزشکی تهران- دارای خوابگاه ملکی شروع تحصیل مهرماه1406 - دانشگاه علوم پزشکی و خدمات بهداشتی درمانی شهید بهشتی- تهران- دارای تعهد خدمت یک و مرد زن - 93 دکتری عمومی پزشکی 39000 با آزمون نیم برابر طول مدت تحصیل در مناطق مورد نیاز دانشگاه علوم پزشکی شهید بهشتی | رشته محل های پزشکی و دندان پزشکی دارای تعهد خدمت موضوع مصوبات شورای عالی انقلاب فرهنگی
39002,دندانپزشکی,دانشگاه علوم پزشکی و خدمات بهداشتی درمانی شهید بهشتی - تهران,شرایط خاص,تعهد خدمت,20,179,شروع تحصیل مهرماه 1406 - دانشگاه علوم پزشکی و خدمات بهداشتی درمانی شهید بهشتی - تهران - دارای تعهد خدمت یک و نیم برابر طول مدت تحصیل در مناطق مورد نیاز دانشگاه علوم پزشکی شهید بهشتی | پذیرش از تمام متقاضیان سراسر کشور، با اولویت متقاضیان بومی استان تهران شروع تحصیل مهرماه1406 - دانشگاه علوم پزشکی و خدمات بهداشتی درمانی ایران- دارای تعهد خدمت یک و نیم برابر طول مرد زن - 88 دکتری عمومی پزشکی 38998 با آزمون مدت تحصیل در مناطق مورد نیاز دانشگاه علوم پزشکی ایران- محدودیت در ارائه خوابگاه شروع تحصیل مهرماه1406 - دانشگاه علوم پزشکی و خدمات بهداشتی درمانی تهران- دارای تعهد خدمت یک و نیم برابر طول مرد زن - 62 دکتری عمومی پزشکی 38999 با آزمون مدت تحصیل در مناطق مورد نیاز دانشگاه علوم پزشکی تهران- دارای خوابگاه ملکی شروع تحصیل مهرماه1406 - دانشگاه علوم پزشکی و خدمات بهداشتی درمانی شهید بهشتی- تهران- دارای تعهد خدمت یک و مرد زن - 93 دکتری عمومی پزشکی 39000 با آزمون نیم برابر طول مدت تحصیل در مناطق مورد نیاز دانشگاه علوم پزشکی شهید بهشتی شروع تحصیل مهرماه1406 - دانشگاه علوم پزشکی و خدمات بهداشتی درمانی تهران- دارای تعهد خدمت یک و نیم برابر طول مرد زن - 30 دکتری عمومی دندانپزشکی 39001 با آزمون مدت تحصیل در مناطق مورد نیاز دانشگاه علوم پزشکی تهران- دارای خوابگاه ملکی | رشته محل های پزشکی و دندان پزشکی دارای تعهد خدمت موضوع مصوبات شورای عالی انقلاب فرهنگی
39003,پزشکی,دانشگاه علوم پزشکی و خدمات بهداشتی درمانی شهرکرد,شرایط خاص,تعهد خدمت,45,179,شروع تحصیل مهرماه 1406 - دانشگاه علوم پزشکی و خدمات بهداشتی درمانی شهرکرد - دارای تعهد خدمت یک و نیم برابر طول مدت تحصیل در مناطق مورد نیاز دانشگاه علوم پزشکی شهرکرد - عدم تعهد در واگذاری خوابگاه | پذیرش از تمام متقاضیان سراسر کشور، با اولویت متقاضیان بومی استان چهارمحال و بختیاری | رشته محل های پزشکی و دندان پزشکی دارای تعهد خدمت موضوع مصوبات شورای عالی انقلاب فرهنگی
39004,دندانپزشکی,دانشگاه علوم پزشکی و خدمات بهداشتی درمانی شهرکرد,شرایط خاص,تعهد خدمت,3,179,شروع تحصیل مهرماه 1406 - دانشگاه علوم پزشکی و خدمات بهداشتی درمانی شهرکرد - دارای تعهد خدمت یک و نیم برابر طول مدت تحصیل در مناطق مورد نیاز دانشگاه علوم پزشکی شهرکرد - عدم تعهد در واگذاری خوابگاه | پذیرش از تمام متقاضیان سراسر کشور، با اولویت متقاضیان بومی استان چهارمحال و بختیاری شروع تحصیل مهرماه1406 - دانشگاه علوم پزشکی و خدمات بهداشتی درمانی شهرکرد- دارای تعهد خدمت یک و نیم برابر طول مرد زن - 45 دکتری عمو می پزشکی 39003 با آزمون مدت تحصیل در مناطق مورد نیاز دانشگاه علوم پزشکی شهرکرد- عدم تعهد در واگذاری خوابگاه | رشته محل های پزشکی و دندان پزشکی دارای تعهد خدمت موضوع مصوبات شورای عالی انقلاب فرهنگی
39005,پزشکی,دانشگاه علوم پزشکی و خدمات بهداشتی درمانی بیرجند,شرایط خاص,تعهد خدمت,40,180,شروع تحصیل مهرماه 1406 - دانشگاه علوم پزشکی و خدمات بهداشتی درمانی بیرجند - دارای تعهد خدمت یک و نیم برابر طول مدت تحصیل در مناطق مورد نیاز دانشگاه علوم پزشکی بیرجند - عدم تعهد در واگذاری خوابگاه | پذیرش از تمام متقاضیان سراسر کشور، با اولویت متقاضیان بومی استان خراسان جنوبی | رشته محل های پزشکی و دندان پزشکی دارای تعهد خدمت موضوع مصوبات شورای عالی انقلاب فرهنگی
39006,پزشکی,دانشگاه علوم پزشکی و خدمات بهداشتی درمانی تربت حیدریه,شرایط خاص,تعهد خدمت,22,180,شروع تحصیل مهرماه 1406 - دانشگاه علوم پزشکی و خدمات بهداشتی درمانی تربت حیدریه - دارای تعهد خدمت یک و نیم برابر طول مدت تحصیل در مناطق مورد نیاز دانشگاه علوم پزشکی تربت حیدریه - محدودیت در ارائه خوابگاه | پذیرش از تمام متقاضیان سراسر کشور، با اولویت متقاضیان بومی استان خراسان رضوی | رشته محل های پزشکی و دندان پزشکی دارای تعهد خدمت موضوع مصوبات شورای عالی انقلاب فرهنگی
39007,پزشکی,دانشگاه علوم پزشکی و خدمات بهداشتی درمانی سبزوار,شرایط خاص,تعهد خدمت,50,180,شروع تحصیل مهرماه 1406 - دانشگاه علوم پزشکی و خدمات بهداشتی درمانی سبزوار - دارای تعهد خدمت یک و نیم برابر طول مدت تحصیل در مناطق مورد نیاز دانشگاه علوم پزشکی سبزوار - عدم تعهد در واگذاری خوابگاه | پذیرش از تمام متقاضیان سراسر کشور، با اولویت متقاضیان بومی استان خراسان رضوی شروع تحصیل مهرماه1406 - دانشگاه علوم پزشکی و خدمات بهداشتی درمانی تربت حیدریه- دارای تعهد خدمت یک و نیم برابر مرد زن - 22 دکتری عمومی پزشکی 39006 با آزمون طول مدت تحصیل در مناطق مورد نیاز دانشگاه علوم پزشکی تربت حیدریه- محدودیت در ارائه خوابگاه | رشته محل های پزشکی و دندان پزشکی دارای تعهد خدمت موضوع مصوبات شورای عالی انقلاب فرهنگی
39008,پزشکی,دانشگاه علوم پزشکی و خدمات بهداشتی درمانی گناباد,شرایط خاص,تعهد خدمت,20,180,شروع تحصیل مهرماه 1406 - دانشگاه علوم پزشکی و خدمات بهداشتی درمانی گناباد - دارای تعهد خدمت یک و نیم برابر طول مدت تحصیل در مناطق مورد نیاز دانشگاه علوم پزشکی گناباد - محدودیت در ارائه خوابگاه | پذیرش از تمام متقاضیان سراسر کشور، با اولویت متقاضیان بومی استان خراسان رضوی شروع تحصیل مهرماه1406 - دانشگاه علوم پزشکی و خدمات بهداشتی درمانی تربت حیدریه- دارای تعهد خدمت یک و نیم برابر مرد زن - 22 دکتری عمومی پزشکی 39006 با آزمون طول مدت تحصیل در مناطق مورد نیاز دانشگاه علوم پزشکی تربت حیدریه- محدودیت در ارائه خوابگاه شروع تحصیل مهرماه1406 - دانشگاه علوم پزشکی و خدمات بهداشتی درمانی سبزوار- دارای تعهد خدمت یک و نیم برابر طول مرد زن - 50 دکتری عمومی پزشکی 39007 با آزمون مدت تحصیل در مناطق مورد نیاز دانشگاه علوم پزشکی سبزوار- عدم تعهد در واگذاری خوابگاه | رشته محل های پزشکی و دندان پزشکی دارای تعهد خدمت موضوع مصوبات شورای عالی انقلاب فرهنگی
39009,پزشکی,دانشگاه علوم پزشکی و خدمات بهداشتی درمانی مشهد,شرایط خاص,تعهد خدمت,108,180,شروع تحصیل مهرماه 1406 - دانشگاه علوم پزشکی و خدمات بهداشتی درمانی مشهد - دارای تعهد خدمت یک و نیم برابر طول مدت تحصیل در مناطق مورد نیاز دانشگاه علوم پزشکی مشهد - عدم تعهد در واگذاری خوابگاه | پذیرش از تمام متقاضیان سراسر کشور، با اولویت متقاضیان بومی استان خراسان رضوی شروع تحصیل مهرماه1406 - دانشگاه علوم پزشکی و خدمات بهداشتی درمانی تربت حیدریه- دارای تعهد خدمت یک و نیم برابر مرد زن - 22 دکتری عمومی پزشکی 39006 با آزمون طول مدت تحصیل در مناطق مورد نیاز دانشگاه علوم پزشکی تربت حیدریه- محدودیت در ارائه خوابگاه شروع تحصیل مهرماه1406 - دانشگاه علوم پزشکی و خدمات بهداشتی درمانی سبزوار- دارای تعهد خدمت یک و نیم برابر طول مرد زن - 50 دکتری عمومی پزشکی 39007 با آزمون مدت تحصیل در مناطق مورد نیاز دانشگاه علوم پزشکی سبزوار- عدم تعهد در واگذاری خوابگاه شروع تحصیل مهرماه1406 - دانشگاه علوم پزشکی و خدمات بهداشتی درمانی گناباد- دارای تعهد خدمت یک و نیم برابر طول مرد زن - 20 دکتری عمومی پزشکی 39008 با آزمون مدت تحصیل در مناطق مورد نیاز دانشگاه علوم پزشکی گناباد- محدودیت در ارائه خوابگاه | رشته محل های پزشکی و دندان پزشکی دارای تعهد خدمت موضوع مصوبات شورای عالی انقلاب فرهنگی
39010,دندانپزشکی,دانشگاه علوم پزشکی و خدمات بهداشتی درمانی مشهد,شرایط خاص,تعهد خدمت,23,180,شروع تحصیل مهرماه 1406 - دانشگاه علوم پزشکی و خدمات بهداشتی درمانی مشهد - دارای تعهد خدمت یک و نیم برابر طول مدت تحصیل در مناطق مورد نیاز دانشگاه علوم پزشکی مشهد - عدم تعهد در واگذاری خوابگاه | پذیرش از تمام متقاضیان سراسر کشور، با اولویت متقاضیان بومی استان خراسان رضوی شروع تحصیل مهرماه1406 - دانشگاه علوم پزشکی و خدمات بهداشتی درمانی تربت حیدریه- دارای تعهد خدمت یک و نیم برابر مرد زن - 22 دکتری عمومی پزشکی 39006 با آزمون طول مدت تحصیل در مناطق مورد نیاز دانشگاه علوم پزشکی تربت حیدریه- محدودیت در ارائه خوابگاه شروع تحصیل مهرماه1406 - دانشگاه علوم پزشکی و خدمات بهداشتی درمانی سبزوار- دارای تعهد خدمت یک و نیم برابر طول مرد زن - 50 دکتری عمومی پزشکی 39007 با آزمون مدت تحصیل در مناطق مورد نیاز دانشگاه علوم پزشکی سبزوار- عدم تعهد در واگذاری خوابگاه شروع تحصیل مهرماه1406 - دانشگاه علوم پزشکی و خدمات بهداشتی درمانی گناباد- دارای تعهد خدمت یک و نیم برابر طول مرد زن - 20 دکتری عمومی پزشکی 39008 با آزمون مدت تحصیل در مناطق مورد نیاز دانشگاه علوم پزشکی گناباد- محدودیت در ارائه خوابگاه شروع تحصیل مهرماه1406 - دانشگاه علوم پزشکی و خدمات بهداشتی درمانی مشهد- دارای تعهد خدمت یک و نیم برابر طول مرد زن - 108دکتری عمومی پزشکی 39009 با آزمون مدت تحصیل در مناطق مورد نیاز دانشگاه علوم پزشکی مشهد- عدم تعهد در واگذاری خوابگاه | رشته محل های پزشکی و دندان پزشکی دارای تعهد خدمت موضوع مصوبات شورای عالی انقلاب فرهنگی
39011,پزشکی,دانشگاه علوم پزشکی و خدمات بهداشتی درمانی بجنورد,شرایط خاص,تعهد خدمت,30,180,شروع تحصیل مهرماه 1406 - دانشگاه علوم پزشکی و خدمات بهداشتی درمانی بجنورد - دارای تعهد خدمت یک و نیم برابر طول مدت تحصیل در مناطق مورد نیاز دانشگاه علوم پزشکی بجنورد - عدم تعهد در واگذاری خوابگاه | پذیرش از تمام متقاضیان سراسر کشور، با اولویت متقاضیان بومی استان خراسان شمالی | رشته محل های پزشکی و دندان پزشکی دارای تعهد خدمت موضوع مصوبات شورای عالی انقلاب فرهنگی
39012,دندانپزشکی,دانشگاه علوم پزشکی و خدمات بهداشتی درمانی بجنورد,شرایط خاص,تعهد خدمت,5,180,شروع تحصیل مهرماه 1406 - دانشگاه علوم پزشکی و خدمات بهداشتی درمانی بجنورد - دارای تعهد خدمت یک و نیم برابر طول مدت تحصیل در مناطق مورد نیاز دانشگاه علوم پزشکی بجنورد - عدم تعهد در واگذاری خوابگاه | پذیرش از تمام متقاضیان سراسر کشور، با اولویت متقاضیان بومی استان خراسان شمالی شروع تحصیل مهرماه1406 - دانشگاه علوم پزشکی و خدمات بهداشتی درمانی بجنورد- دارای تعهد خدمت یک و نیم برابر طول مرد نز - 30 دکتری عمومی پزشکی 39011 با آزمون مدت تحصیل در مناطق مورد نیاز دانشگاه علوم پزشکی بجنورد- عدم تعهد در واگذاری خوابگاه | رشته محل های پزشکی و دندان پزشکی دارای تعهد خدمت موضوع مصوبات شورای عالی انقلاب فرهنگی
39013,پزشکی,دانشگاه علوم پزشکی و خدمات بهداشتی درمانی جندی شاپور اهواز,شرایط خاص,تعهد خدمت,80,180,شروع تحصیل مهرماه 1406 - دانشگاه علوم پزشکی و خدمات بهداشتی درمانی جندی شاپور اهواز - دارای تعهد خدمت یک و نیم برابر طول مدت تحصیل در مناطق مورد نیاز دانشگاه علوم پزشکی جندی شاپور اهواز | پذیرش از تمام متقاضیان سراسر کشور، با اولویت متقاضیان بومی استان خوزستان | رشته محل های پزشکی و دندان پزشکی دارای تعهد خدمت موضوع مصوبات شورای عالی انقلاب فرهنگی
39014,پزشکی,دانشگاه علوم پزشکی و خدمات بهداشتی درمانی دزفول,شرایط خاص,تعهد خدمت,24,180,شروع تحصیل مهرماه 1406 - دانشگاه علوم پزشکی و خدمات بهداشتی درمانی دزفول - دارای تعهد خدمت یک و نیم برابر طول مدت تحصیل در مناطق مورد نیاز دانشگاه علوم پزشکی دزفول - عدم تعهد در واگذاری خوابگاه | پذیرش از تمام متقاضیان سراسر کشور، با اولویت متقاضیان بومی استان خوزستان شروع تحصیل مهرماه1406 - دانشگاه علوم پزشکی و خدمات بهداشتی درمانی جندی شاپور اهواز- دارای تعهد خدمت یک و نیم مرد زن - 80 دکتری عمومی پزشکی 39013 با آزمون برابر طول مدت تحصیل در مناطق مورد نیاز دانشگاه علوم پزشکی جندی شاپور اهواز | رشته محل های پزشکی و دندان پزشکی دارای تعهد خدمت موضوع مصوبات شورای عالی انقلاب فرهنگی
39015,پزشکی,دانشگاه علوم پزشکی و خدمات بهداشتی درمانی آبادان,شرایط خاص,تعهد خدمت,30,181,شروع تحصیل مهرماه 1406 - دانشگاه علوم پزشکی و خدمات بهداشتی درمانی آبادان - دارای تعهد خدمت یک و نیم برابر طول مدت تحصیل در مناطق مورد نیاز دانشگاه علوم پزشکی آبادان - ممنوعیت نقل و انتقال - عدم تعهد در واگذاری خوابگاه | ادامه پذیرش از تمام متقاضیان سراسر کشور، با اولویت متقاضیان بومی استان خوزستان | رشته محل های پزشکی و دندان پزشکی دارای تعهد خدمت موضوع مصوبات شورای عالی انقلاب فرهنگی
39016,دندانپزشکی,دانشگاه علوم پزشکی و خدمات بهداشتی درمانی جندی شاپور اهواز,شرایط خاص,تعهد خدمت,30,181,شروع تحصیل مهرماه 1406 - دانشگاه علوم پزشکی و خدمات بهداشتی درمانی جندی شاپور اهواز - دارای تعهد خدمت یک و نیم برابر طول مدت تحصیل در مناطق مورد نیاز دانشگاه علوم پزشکی جندی شاپور اهواز | ادامه پذیرش از تمام متقاضیان سراسر کشور، با اولویت متقاضیان بومی استان خوزستان | رشته محل های پزشکی و دندان پزشکی دارای تعهد خدمت موضوع مصوبات شورای عالی انقلاب فرهنگی
39017,پزشکی,دانشگاه علوم پزشکی و خدمات بهداشتی درمانی زنجان,شرایط خاص,تعهد خدمت,60,181,شروع تحصیل مهرماه 1406 - دانشگاه علوم پزشکی و خدمات بهداشتی درمانی زنجان - دارای تعهد خدمت یک و نیم برابر طول مدت تحصیل در مناطق مورد نیاز دانشگاه علوم پزشکی زنجان - فاقد خوابگاه | پذیرش از تمام متقاضیان سراسر کشور، با اولویت متقاضیان بومی استان زنجان | رشته محل های پزشکی و دندان پزشکی دارای تعهد خدمت موضوع مصوبات شورای عالی انقلاب فرهنگی
39018,دندانپزشکی,دانشگاه علوم پزشکی و خدمات بهداشتی درمانی زنجان,شرایط خاص,تعهد خدمت,10,181,شروع تحصیل مهرماه 1406 - دانشگاه علوم پزشکی و خدمات بهداشتی درمانی زنجان - دارای تعهد خدمت یک و نیم برابر طول مدت تحصیل در مناطق مورد نیاز دانشگاه علوم پزشکی زنجان - فاقد خوابگاه | پذیرش از تمام متقاضیان سراسر کشور، با اولویت متقاضیان بومی استان زنجان شروع تحصیل مهرماه1406 - دانشگاه علوم پزشکی و خدمات بهداشتی درمانی زنجان- دارای تعهد خدمت یک و نیم برابر طول مرد زن - 60 دکتری عمومی پزشکی 39017 با آزمون مدت تحصیل در مناطق مورد نیاز دانشگاه علوم پزشکی زنجان- فاقد خوابگاه | رشته محل های پزشکی و دندان پزشکی دارای تعهد خدمت موضوع مصوبات شورای عالی انقلاب فرهنگی
39019,پزشکی,دانشگاه علوم پزشکی و خدمات بهداشتی درمانی سمنان,شرایط خاص,تعهد خدمت,50,181,شروع تحصیل مهرماه 1406 - دانشگاه علوم پزشکی و خدمات بهداشتی درمانی سمنان - دارای تعهد خدمت یک و نیم برابر طول مدت تحصیل در مناطق مورد نیاز دانشگاه علوم پزشکی سمنان - کارآموزی و کارورزی دانشجویان می تواند در هر یک از مراکز درمانی یا بهداشتی زیرمجموعه دانشگاه برنامه ریزی و اجرا گرد د . - محدودیت در ارائه خوابگاه | پذیرش از تمام متقاضیان سراسر کشور، با اولویت متقاضیان بومی استان سمنان | رشته محل های پزشکی و دندان پزشکی دارای تعهد خدمت موضوع مصوبات شورای عالی انقلاب فرهنگی
39020,پزشکی,دانشگاه علوم پزشکی و خدمات بهداشتی درمانی شاهرود,شرایط خاص,تعهد خدمت,35,181,شروع تحصیل مهرماه 1406 - دانشگاه علوم پزشکی و خدمات بهداشتی درمانی شاهرود - دارای تعهد خدمت یک و نیم برابر طول مدت تحصیل در مناطق مورد نیاز دانشگاه علوم پزشکی شاهرود - محدودیت در ارائه خوابگاه | پذیرش از تمام متقاضیان سراسر کشور، با اولویت متقاضیان بومی استان سمنان شروع تحصیل مهرماه1406 - دانشگاه علوم پزشکی و خدمات بهداشتی درمانی سمنان- دارای تعهد خدمت یک و نیم برابر طول مدت تحصیل در مناطق مورد نیاز دانشگاه علوم پزشکی سمنان- مرد زن - 50 دکتری عمومی پزشکی 39019 با آزمون کارآموزی و کارورزی دانشجویان می تواند در هر یک از مراکز درمانی یا بهداشتی زیرمجموعه دانشگاه برنامه ریزی و اجرا گرد .د- محدودیت در ارائه خوابگاه | رشته محل های پزشکی و دندان پزشکی دارای تعهد خدمت موضوع مصوبات شورای عالی انقلاب فرهنگی
39021,دندانپزشکی,دانشگاه علوم پزشکی و خدمات بهداشتی درمانی سمنان,شرایط خاص,تعهد خدمت,11,181,شروع تحصیل مهرماه 1406 - دانشگاه علوم پزشکی و خدمات بهداشتی درمانی سمنان - دارای تعهد خدمت یک و نیم برابر طول مدت تحصیل در مناطق مورد نیاز دانشگاه علوم پزشکی سمنان - کارآموزی و کارورزی دانشجویان می تواند در هر یک از مراکز درمانی یا بهداشتی زیرمجموعه دانشگاه برنامه ریزی و اجرا گرد د . - محدودیت در ارائه خوابگاه | پذیرش از تمام متقاضیان سراسر کشور، با اولویت متقاضیان بومی استان سمنان شروع تحصیل مهرماه1406 - دانشگاه علوم پزشکی و خدمات بهداشتی درمانی سمنان- دارای تعهد خدمت یک و نیم برابر طول مدت تحصیل در مناطق مورد نیاز دانشگاه علوم پزشکی سمنان- مرد زن - 50 دکتری عمومی پزشکی 39019 با آزمون کارآموزی و کارورزی دانشجویان می تواند در هر یک از مراکز درمانی یا بهداشتی زیرمجموعه دانشگاه برنامه ریزی و اجرا گرد .د- محدودیت در ارائه خوابگاه شروع تحصیل مهرماه1406 - دانشگاه علوم پزشکی و خدمات بهداشتی درمانی شاهرود- دارای تعهد خدمت یک و نیم برابر طول مرد زن - 35 دکتری عمومی پزشکی 39020 با آزمون مدت تحصیل در مناطق مورد نیاز دانشگاه علوم پزشکی شاهرود- محدودیت در ارائه خوابگاه | رشته محل های پزشکی و دندان پزشکی دارای تعهد خدمت موضوع مصوبات شورای عالی انقلاب فرهنگی
39022,پزشکی,دانشگاه علوم پزشکی و خدمات بهداشتی درمانی ایرانشهر,شرایط خاص,تعهد خدمت,20,181,شروع تحصیل مهرماه 1406 - دانشگاه علوم پزشکی و خدمات بهداشتی درمانی ایرانشهر - دارای تعهد خدمت یک و نیم برابر طول مدت تحصیل در مناطق مورد نیاز دانشگاه علوم پزشکی ایرانشهر - ممنوعیت در نقل و ا نتقال - فاقد خوابگاه | پذیرش از تمام متقاضیان سراسر کشور، با ترتیب اولویت متقاضیان«بومی مناطق تحت پوشش دانشگاه علوم پزشکی ایرانشهر(شهرستان های ،ایرانشهر، بمپور، دلگان، راسک، سرباز، فنوج، الشار)مهرستان » و بعد«استان سیستان و بلوچستان » و در آخر«سایر استان ها» | رشته محل های پزشکی و دندان پزشکی دارای تعهد خدمت موضوع مصوبات شورای عالی انقلاب فرهنگی
39023,پزشکی,دانشگاه علوم پزشکی و خدمات بهداشتی درمانی زابل,شرایط خاص,تعهد خدمت,7,182,شروع تحصیل مهرماه 1406 - دانشگاه علوم پزشکی و خدمات بهداشتی درمانی زابل - دارای تعهد خدمت یک و نیم برابر طول مدت تحصیل در مناطق مورد نیاز دانشگاه علوم پزشکی زابل | پذیرش از تمام متقاضیان سراسر کشور، با ترتیب اولویت متقاضیان« بومی مناطق تحت پوشش دانشگاه علوم پزشکی زابل(شهرستان)های زابل، زهک، نیمروز، هامون، هیرمند » و بعد«استان سیستان و بلوچستان » و در آخر«سایر استان ها» | رشته محل های پزشکی و دندان پزشکی دارای تعهد خدمت موضوع مصوبات شورای عالی انقلاب فرهنگی
39024,پزشکی,دانشگاه علوم پزشکی و خدمات بهداشتی درمانی زاهدان,شرایط خاص,تعهد خدمت,30,182,شروع تحصیل مهرماه 1406 - دانشگاه علوم پزشکی و خدمات بهداشتی درمانی زاهدان - دارای تعهد خدمت یک و نیم برابر طول مدت تحصیل در مناطق مورد نیاز دانشگاه علوم پزشکی زاهدان - عدم تعهد در واگذاری خوابگاه | پذیرش از تمام متقاضیان سراسر کشور، با ترتیب اولویت متقاضیان« بومی مناطق تحت پوشش دانشگاه علوم پزشکی زاهدان(شهرستان های )تفتان، خاش، زاهدان، سراوان، سیب سوران، گلشن، میرجاوه » و بعد«استان سیستان و بلوچستان » و در آخر«سایر استان ها» | رشته محل های پزشکی و دندان پزشکی دارای تعهد خدمت موضوع مصوبات شورای عالی انقلاب فرهنگی
39025,دندانپزشکی,دانشگاه علوم پزشکی و خدمات بهداشتی درمانی زاهدان,شرایط خاص,تعهد خدمت,10,182,شروع تحصیل مهرماه 1406 - دانشگاه علوم پزشکی و خدمات بهداشتی درمانی زاهدان - دارای تعهد خدمت یک و نیم برابر طول مدت تحصیل در مناطق مورد نیاز دانشگاه علوم پزشکی زاهدان - عدم تعهد در واگذاری خوابگاه | پذیرش از تمام متقاضیان سراسر کشور، با ترتیب اولویت متقاضیان« بومی مناطق تحت پوشش دانشگاه علوم پزشکی زاهدان(شهرستان های )تفتان، خاش، زاهدان، سراوان، سیب سوران، گلشن، میرجاوه » و بعد«استان سیستان و بلوچستان » و در آخر«سایر استان ها» شروع تحصیل مهرماه1406 - دانشگاه علوم پزشکی و خدمات بهداشتی درمانی زاهدان- دارای تعهد خدمت یک و نیم برابر طول مرد زن - 30 دکتری عمومی پزشکی 39024 با آزمون مدت تحصیل در مناطق مورد نیاز دانشگاه علوم پزشکی زاهدان- عدم تعهد در واگذاری خوابگاه | رشته محل های پزشکی و دندان پزشکی دارای تعهد خدمت موضوع مصوبات شورای عالی انقلاب فرهنگی
39026,پزشکی,دانشگاه علوم پزشکی و خدمات بهداشتی درمانی جهرم,شرایط خاص,تعهد خدمت,30,182,شروع تحصیل مهرماه 1406 - دانشگاه علوم پزشکی و خدمات بهداشتی درمانی جهرم - دارای تعهد خدمت یک و نیم برابر طول مدت تحصیل در مناطق مورد نیاز دانشگاه علوم پزشکی جهرم | پذیرش از تمام متقاضیان سراسر کشور، با اولویت متقاضیان بومی استان فارس | رشته محل های پزشکی و دندان پزشکی دارای تعهد خدمت موضوع مصوبات شورای عالی انقلاب فرهنگی
39027,پزشکی,دانشگاه علوم پزشکی و خدمات بهداشتی درمانی شیراز,شرایط خاص,تعهد خدمت,90,182,شروع تحصیل مهرماه 1406 - دانشگاه علوم پزشکی و خدمات بهداشتی درمانی شیراز - دارای تعهد خدمت یک و نیم برابر طول مدت تحصیل در مناطق مورد نیاز دانشگاه علوم پزشکی شیراز - محدودیت در ارائه خوابگاه | پذیرش از تمام متقاضیان سراسر کشور، با اولویت متقاضیان بومی استان فارس شروع تحصیل مهرماه1406 - دانشگاه علوم پزشکی و خدمات مرد زن - 30 دکتری عمومی پزشکی 39026 با آزمون بهداشتی درمانی جهرم- دارای تعهد خدمت یک و نیم برابر طول مدت تحصیل در مناطق مورد نیاز دانشگاه علوم پزشکی جهرم | رشته محل های پزشکی و دندان پزشکی دارای تعهد خدمت موضوع مصوبات شورای عالی انقلاب فرهنگی
39028,پزشکی,دانشگاه علوم پزشکی و خدمات بهداشتی درمانی فسا,شرایط خاص,تعهد خدمت,25,182,شروع تحصیل مهرماه 1406 - دانشگاه علوم پزشکی و خدمات بهداشتی درمانی فسا - دارای تعهد خدمت یک و نیم برابر طول مدت تحصیل در مناطق مورد نیاز دانشگاه علوم پزشکی فسا | پذیرش از تمام متقاضیان سراسر کشور، با اولویت متقاضیان بومی استان فارس شروع تحصیل مهرماه1406 - دانشگاه علوم پزشکی و خدمات مرد زن - 30 دکتری عمومی پزشکی 39026 با آزمون بهداشتی درمانی جهرم- دارای تعهد خدمت یک و نیم برابر طول مدت تحصیل در مناطق مورد نیاز دانشگاه علوم پزشکی جهرم شروع تحصیل مهرماه1406 - دانشگاه علوم پزشکی و خدمات بهداشتی درمانی شیراز- دارای تعهد خدمت یک و نیم برابر طول مرد زن - 90 دکتری عمومی پزشکی 39027 با آزمون مدت تحصیل در مناطق مورد نیاز دانشگاه علوم پزشکی شیراز- محدودیت در ارائه خوابگاه | رشته محل های پزشکی و دندان پزشکی دارای تعهد خدمت موضوع مصوبات شورای عالی انقلاب فرهنگی
39029,دندانپزشکی,دانشگاه علوم پزشکی و خدمات بهداشتی درمانی شیراز,شرایط خاص,تعهد خدمت,24,182,شروع تحصیل مهرماه 1406 - دانشگاه علوم پزشکی و خدمات بهداشتی درمانی شیراز - دارای تعهد خدمت یک و نیم برابر طول مدت تحصیل در مناطق مورد نیاز دانشگاه علوم پزشکی شیراز - محدودیت در ارائه خوابگاه | پذیرش از تمام متقاضیان سراسر کشور، با اولویت متقاضیان بومی استان فارس شروع تحصیل مهرماه1406 - دانشگاه علوم پزشکی و خدمات مرد زن - 30 دکتری عمومی پزشکی 39026 با آزمون بهداشتی درمانی جهرم- دارای تعهد خدمت یک و نیم برابر طول مدت تحصیل در مناطق مورد نیاز دانشگاه علوم پزشکی جهرم شروع تحصیل مهرماه1406 - دانشگاه علوم پزشکی و خدمات بهداشتی درمانی شیراز- دارای تعهد خدمت یک و نیم برابر طول مرد زن - 90 دکتری عمومی پزشکی 39027 با آزمون مدت تحصیل در مناطق مورد نیاز دانشگاه علوم پزشکی شیراز- محدودیت در ارائه خوابگاه شروع تحصیل مهرماه1406 - دانشگاه علوم پزشکی و خدمات مرد زن - 25 دکتری عمومی پزشکی 39028 با آزمون بهداشتی درمانی فسا- دارای تعهد خدمت یک و نیم برابر طول مدت تحصیل در مناطق مورد نیاز دانشگاه علوم پزشکی فسا | رشته محل های پزشکی و دندان پزشکی دارای تعهد خدمت موضوع مصوبات شورای عالی انقلاب فرهنگی
39030,پزشکی,دانشگاه علوم پزشکی و خدمات بهداشتی درمانی قزوین,شرایط خاص,تعهد خدمت,55,182,شروع تحصیل مهرماه 1406 - دانشگاه علوم پزشکی و خدمات بهداشتی درمانی قزوین - دارای تعهد خدمت یک و نیم برابر طول مدت تحصیل در مناطق مورد نیاز دانشگاه علوم پزشکی قزوین - عدم تعهد در واگذاری خوابگاه | پذیرش از تمام متقاضیان سراسر کشور، با اولویت متقاضیان بومی استان قزوین | رشته محل های پزشکی و دندان پزشکی دارای تعهد خدمت موضوع مصوبات شورای عالی انقلاب فرهنگی
39031,پزشکی,دانشگاه علوم پزشکی و خدمات بهداشتی درمانی قم,شرایط خاص,تعهد خدمت,45,182,شروع تحصیل مهرماه 1406 - دانشگاه علوم پزشکی و خدمات بهداشتی درمانی قم - دارای تعهد خدمت یک و نیم برابر طول مدت تحصیل در مناطق مورد نیاز دانشگاه علوم پزشکی قم - عدم تعهد در واگذاری خوابگاه | پذیرش از تمام متقاضیان سراسر کشور، با اولویت متقاضیان بومی استان قم | رشته محل های پزشکی و دندان پزشکی دارای تعهد خدمت موضوع مصوبات شورای عالی انقلاب فرهنگی
39032,پزشکی,دانشگاه علوم پزشکی و خدمات بهداشتی درمانی کردستان - سنندج,شرایط خاص,تعهد خدمت,23,183,شروع تحصیل مهرماه 1406 - دانشگاه علوم پزشکی و خدمات بهداشتی درمانی کردستان - سنندج - دارای تعهد خدمت یک و نیم برابر طول مدت تحصیل در مناطق مورد نیاز دانشگاه علوم پزشکی کردستان - فاقد خوابگاه | پذیرش از تمام متقاضیان سراسر کشور، با اولویت متقاضیان بومی استان کردستان | رشته محل های پزشکی و دندان پزشکی دارای تعهد خدمت موضوع مصوبات شورای عالی انقلاب فرهنگی
39033,دندانپزشکی,دانشگاه علوم پزشکی و خدمات بهداشتی درمانی کردستان - سنندج,شرایط خاص,تعهد خدمت,3,183,شروع تحصیل مهرماه 1406 - دانشگاه علوم پزشکی و خدمات بهداشتی درمانی کردستان - سنندج - دارای تعهد خدمت یک و نیم برابر طول مدت تحصیل در مناطق مورد نیاز دانشگاه علوم پزشکی کردستان - فاقد خوابگاه | پذیرش از تمام متقاضیان سراسر کشور، با اولویت متقاضیان بومی استان کردستان | رشته محل های پزشکی و دندان پزشکی دارای تعهد خدمت موضوع مصوبات شورای عالی انقلاب فرهنگی
39034,پزشکی,دانشگاه علوم پزشکی و خدمات بهداشتی درمانی بم,شرایط خاص,تعهد خدمت,30,183,شروع تحصیل مهرماه 1406 - دانشگاه علوم پزشکی و خدمات بهداشتی درمانی بم - دارای تعهد خدمت یک و نیم برابر طول مدت تحصیل در مناطق مورد نیاز دانشگاه علوم پزشکی بم - ممنوعیت نقل و انتقال - محدودیت در ارائه خوابگاه | پذیرش از تمام متقاضیان سراسر کشور، با اولویت متقاضیان بومی استان کرمان | رشته محل های پزشکی و دندان پزشکی دارای تعهد خدمت موضوع مصوبات شورای عالی انقلاب فرهنگی
39035,پزشکی,دانشگاه علوم پزشکی و خدمات بهداشتی درمانی جیرفت,شرایط خاص,تعهد خدمت,20,183,شروع تحصیل مهرماه 1406 - دانشگاه علوم پزشکی و خدمات بهداشتی درمانی جیرفت - دارای تعهد خدمت یک و نیم برابر طول مدت تحصیل در مناطق مورد نیاز دانشگاه علوم پزشکی جیرفت - فاقد خوابگاه | پذیرش از تمام متقاضیان سراسر کشور، با اولویت متقاضیان بومی استان کرمان شروع تحصیل مهرماه1406 - دانشگاه علوم پزشکی و خدمات بهداشتی درمانی بم- دارای تعهد خدمت یک و نیم برابر طول مدت مرد زن - 30 دکتری عمومی پزشکی 39034 با آزمون تحصیل در مناطق مورد نیاز دانشگاه علوم پزشکی بم- ممنوعیت نقل و انتقال- محدودیت در ارائه خوابگاه | رشته محل های پزشکی و دندان پزشکی دارای تعهد خدمت موضوع مصوبات شورای عالی انقلاب فرهنگی
39036,پزشکی,دانشگاه علوم پزشکی و خدمات بهداشتی درمانی رفسنجان,شرایط خاص,تعهد خدمت,30,183,شروع تحصیل مهرماه 1406 - دانشگاه علوم پزشکی و خدمات بهداشتی درمانی رفسنجان - دارای تعهد خدمت یک و نیم برابر طول مدت تحصیل در مناطق مورد نیاز دانشگاه علوم پزشکی رفسنجان - انتقال بر اساس شرایط آیین نامه - عدم تعهد در واگذاری خوابگاه | پذیرش از تمام متقاضیان سراسر کشور، با اولویت متقاضیان بومی استان کرمان شروع تحصیل مهرماه1406 - دانشگاه علوم پزشکی و خدمات بهداشتی درمانی بم- دارای تعهد خدمت یک و نیم برابر طول مدت مرد زن - 30 دکتری عمومی پزشکی 39034 با آزمون تحصیل در مناطق مورد نیاز دانشگاه علوم پزشکی بم- ممنوعیت نقل و انتقال- محدودیت در ارائه خوابگاه شروع تحصیل مهرماه1406 - دانشگاه علوم پزشکی و خدمات بهداشتی درمانی جیرفت- دارای تعهد خدمت یک و نیم برابر طول مرد زن - 20 دکتری عمومی پزشکی 39035 با آزمون مدت تحصیل در مناطق مورد نیاز دانشگاه علوم پزشکی جیرفت- فاقد خوابگاه | رشته محل های پزشکی و دندان پزشکی دارای تعهد خدمت موضوع مصوبات شورای عالی انقلاب فرهنگی
39037,پزشکی,دانشگاه علوم پزشکی و خدمات بهداشتی درمانی کرمان,شرایط خاص,تعهد خدمت,90,183,شروع تحصیل مهرماه 1406 - دانشگاه علوم پزشکی و خدمات بهداشتی درمانی کرمان - دارای تعهد خدمت یک و نیم برابر طول مدت تحصیل در مناطق مورد نیاز دانشگاه علوم پزشکی کرمان - فاقد خوابگاه | پذیرش از تمام متقاضیان سراسر کشور، با اولویت متقاضیان بومی استان کرمان شروع تحصیل مهرماه1406 - دانشگاه علوم پزشکی و خدمات بهداشتی درمانی بم- دارای تعهد خدمت یک و نیم برابر طول مدت مرد زن - 30 دکتری عمومی پزشکی 39034 با آزمون تحصیل در مناطق مورد نیاز دانشگاه علوم پزشکی بم- ممنوعیت نقل و انتقال- محدودیت در ارائه خوابگاه شروع تحصیل مهرماه1406 - دانشگاه علوم پزشکی و خدمات بهداشتی درمانی جیرفت- دارای تعهد خدمت یک و نیم برابر طول مرد زن - 20 دکتری عمومی پزشکی 39035 با آزمون مدت تحصیل در مناطق مورد نیاز دانشگاه علوم پزشکی جیرفت- فاقد خوابگاه شروع تحصیل مهرماه1406 - دانشگاه علوم پزشکی و خدمات بهداشتی درمانی رفسنجان- دارای تعهد خدمت یک و نیم برابر مرد زن - 30 دکتری عمومی پزشکی 39036 با آزمون طول مدت تحصیل در مناطق مورد نیاز دانشگاه علوم پزشکی رفسنجان- انتقال بر اساس شرایط آیین نامه- عدم تعهد در واگذاری خوابگاه | رشته محل های پزشکی و دندان پزشکی دارای تعهد خدمت موضوع مصوبات شورای عالی انقلاب فرهنگی
39038,دندانپزشکی,دانشگاه علوم پزشکی و خدمات بهداشتی درمانی رفسنجان,شرایط خاص,تعهد خدمت,6,183,شروع تحصیل مهرماه 1406 - دانشگاه علوم پزشکی و خدمات بهداشتی درمانی رفسنجان - دارای تعهد خدمت یک و نیم برابر طول مدت تحصیل در مناطق مورد نیاز دانشگاه علوم پزشکی رفسنجان - انتقال بر اساس شرایط آیین نامه - عدم تعهد در واگذاری خوابگاه | پذیرش از تمام متقاضیان سراسر کشور، با اولویت متقاضیان بومی استان کرمان شروع تحصیل مهرماه1406 - دانشگاه علوم پزشکی و خدمات بهداشتی درمانی بم- دارای تعهد خدمت یک و نیم برابر طول مدت مرد زن - 30 دکتری عمومی پزشکی 39034 با آزمون تحصیل در مناطق مورد نیاز دانشگاه علوم پزشکی بم- ممنوعیت نقل و انتقال- محدودیت در ارائه خوابگاه شروع تحصیل مهرماه1406 - دانشگاه علوم پزشکی و خدمات بهداشتی درمانی جیرفت- دارای تعهد خدمت یک و نیم برابر طول مرد زن - 20 دکتری عمومی پزشکی 39035 با آزمون مدت تحصیل در مناطق مورد نیاز دانشگاه علوم پزشکی جیرفت- فاقد خوابگاه شروع تحصیل مهرماه1406 - دانشگاه علوم پزشکی و خدمات بهداشتی درمانی رفسنجان- دارای تعهد خدمت یک و نیم برابر مرد زن - 30 دکتری عمومی پزشکی 39036 با آزمون طول مدت تحصیل در مناطق مورد نیاز دانشگاه علوم پزشکی رفسنجان- انتقال بر اساس شرایط آیین نامه- عدم تعهد در واگذاری خوابگاه شروع تحصیل مهرماه1406 - دانشگاه علوم پزشکی و خدمات بهداشتی درمانی کرمان- دارای تعهد خدمت یک و نیم برابر طول مرد زن - 90 دکتری عمومی پزشکی 39037 با آزمون مدت تحصیل در مناطق مورد نیاز دانشگاه علوم پزشکی کرمان- فاقد خوابگاه | رشته محل های پزشکی و دندان پزشکی دارای تعهد خدمت موضوع مصوبات شورای عالی انقلاب فرهنگی
39039,دندانپزشکی,دانشگاه علوم پزشکی و خدمات بهداشتی درمانی کرمان,شرایط خاص,تعهد خدمت,15,183,شروع تحصیل مهرماه 1406 - دانشگاه علوم پزشکی و خدمات بهداشتی درمانی کرمان - دارای تعهد خدمت یک و نیم برابر طول مدت تحصیل در مناطق مورد نیاز دانشگاه علوم پزشکی کرمان - فاقد خوابگاه | پذیرش از تمام متقاضیان سراسر کشور، با اولویت متقاضیان بومی استان کرمان شروع تحصیل مهرماه1406 - دانشگاه علوم پزشکی و خدمات بهداشتی درمانی بم- دارای تعهد خدمت یک و نیم برابر طول مدت مرد زن - 30 دکتری عمومی پزشکی 39034 با آزمون تحصیل در مناطق مورد نیاز دانشگاه علوم پزشکی بم- ممنوعیت نقل و انتقال- محدودیت در ارائه خوابگاه شروع تحصیل مهرماه1406 - دانشگاه علوم پزشکی و خدمات بهداشتی درمانی جیرفت- دارای تعهد خدمت یک و نیم برابر طول مرد زن - 20 دکتری عمومی پزشکی 39035 با آزمون مدت تحصیل در مناطق مورد نیاز دانشگاه علوم پزشکی جیرفت- فاقد خوابگاه شروع تحصیل مهرماه1406 - دانشگاه علوم پزشکی و خدمات بهداشتی درمانی رفسنجان- دارای تعهد خدمت یک و نیم برابر مرد زن - 30 دکتری عمومی پزشکی 39036 با آزمون طول مدت تحصیل در مناطق مورد نیاز دانشگاه علوم پزشکی رفسنجان- انتقال بر اساس شرایط آیین نامه- عدم تعهد در واگذاری خوابگاه شروع تحصیل مهرماه1406 - دانشگاه علوم پزشکی و خدمات بهداشتی درمانی کرمان- دارای تعهد خدمت یک و نیم برابر طول مرد زن - 90 دکتری عمومی پزشکی 39037 با آزمون مدت تحصیل در مناطق مورد نیاز دانشگاه علوم پزشکی کرمان- فاقد خوابگاه شروع تحصیل مهرماه1406 - دانشگاه علوم پزشکی و خدمات بهداشتی درمانی رفسنجان- دارای تعهد خدمت یک و نیم برابر مرد زن - 6 دکتری عمومی دن دانپزشکی 39038 با آزمون طول مدت تحصیل در مناطق مورد نیاز دانشگاه علوم پزشکی رفسنجان- انتقال بر اساس شرایط آیین نامه- عدم تعهد در واگذاری خوابگاه | رشته محل های پزشکی و دندان پزشکی دارای تعهد خدمت موضوع مصوبات شورای عالی انقلاب فرهنگی
39040,پزشکی,دانشگاه علوم پزشکی و خدمات بهداشتی درمانی کرمانشاه,شرایط خاص,تعهد خدمت,60,183,شروع تحصیل مهرماه 1406 - دانشگاه علوم پزشکی و خدمات بهداشتی درمانی کرمانشاه - دارای تعهد خدمت یک و نیم برابر طول مدت تحصیل در مناطق مورد نیاز دانشگاه علوم پزشکی کرمانشاه - عدم تعهد د ر واگذاری خوابگاه | پذیرش از تمام متقاضیان سراسر کشور، با اولویت متقاضیان بومی استان کرمانشاه | رشته محل های پزشکی و دندان پزشکی دارای تعهد خدمت موضوع مصوبات شورای عالی انقلاب فرهنگی
39041,دندانپزشکی,دانشگاه علوم پزشکی و خدمات بهداشتی درمانی کرمانشاه,شرایط خاص,تعهد خدمت,19,183,شروع تحصیل مهرماه 1406 - دانشگاه علوم پزشکی و خدمات بهداشتی درمانی کرمانشاه - دارای تعهد خدمت یک و نیم برابر طول مدت تحصیل در مناطق مورد نیاز دانشگاه علوم پزشکی کرمانشاه - عدم تعهد در واگذاری خوابگاه | پذیرش از تمام متقاضیان سراسر کشور، با اولویت متقاضیان بومی استان کرمانشاه شروع تحصیل مهرماه1406 - دانشگاه علوم پزشکی و خدمات بهداشتی درمانی کرمانشاه- دارای تعهد خدمت یک و نیم برابر مرد زن - 60 دکتری عمومی پزشکی 39040 با آزمون طول مدت تحصیل در مناطق مورد نیاز دانشگاه علوم پزشکی کرمانشاه- عدم تعهد د ر واگذاری خوابگاه | رشته محل های پزشکی و دندان پزشکی دارای تعهد خدمت موضوع مصوبات شورای عالی انقلاب فرهنگی
39042,پزشکی,دانشگاه علوم پزشکی و خدمات بهداشتی درمانی یاسوج,شرایط خاص,تعهد خدمت,35,184,شروع تحصیل مهرماه 1406 - دانشگاه علوم پزشکی و خدمات بهداشتی درمانی یاسوج - دارای تعهد خدمت یک و نیم برابر طول مدت تحصیل در مناطق مورد نیاز دانشگاه علوم پزشکی یاسوج - فاقد خوابگاه | پذیرش از تمام متقاضیان سراسر کشور، با اولویت متقاضیان بومی استان کهگیلویه و بویراحمد | رشته محل های پزشکی و دندان پزشکی دارای تعهد خدمت موضوع مصوبات شورای عالی انقلاب فرهنگی
39043,پزشکی,دانشگاه علوم پزشکی و خدمات بهداشتی درمانی گلستان - گرگان,شرایط خاص,تعهد خدمت,17,184,شروع تحصیل مهرماه 1406 - دانشگاه علوم پزشکی و خدمات بهداشتی درمانی گلستان - گرگان - دارای تعهد خدمت یک و نیم برابر طول مدت تحصیل در مناطق مورد نیاز دانشگاه علوم پزشکی گلستان - فاقد خوابگاه | پذیرش از تمام متقاضیان سراسر کشور، با اولویت متقاضیان بومی استان گلستان | رشته محل های پزشکی و دندان پزشکی دارای تعهد خدمت موضوع مصوبات شورای عالی انقلاب فرهنگی
39044,پزشکی,دانشگاه علوم پزشکی و خدمات بهداشتی درمانی گیالن - رشت,شرایط خاص,تعهد خدمت,74,184,شروع تحصیل مهرماه 1406 - دانشگاه علوم پزشکی و خدمات بهداشتی درمانی گیالن - رشت - دارای تعهد خدمت یک و نیم برابر طول مدت تحصیل در مناطق مورد نیاز دانشگاه علوم پزشکی گیالن - فاقد خوابگاه | پذیرش از تمام متقاضیان سراسر کشور، با اولویت متقاضیان بومی استان گیالن | رشته محل های پزشکی و دندان پزشکی دارای تعهد خدمت موضوع مصوبات شورای عالی انقلاب فرهنگی
39045,دندانپزشکی,دانشگاه علوم پزشکی و خدمات بهداشتی درمانی گیالن - رشت,شرایط خاص,تعهد خدمت,10,184,شروع تحصیل مهرماه 1406 - دانشگاه علوم پزشکی و خدمات بهداشتی درمانی گیالن - رشت - دارای تعهد خدمت یک و نیم برابر طول مدت تحصیل در مناطق مورد نیاز دانشگاه علوم پزشکی گیالن - فاقد خوابگاه | پذیرش از تمام متقاضیان سراسر کشور، با اولویت متقاضیان بومی استان گیالن شروع تحصیل مهرماه1406 - دانشگاه علوم پزشکی و خدمات بهداشتی درمانی گیالن- رشت- دارای تعهد خدمت یک و نیم مرد زن - 74 دکتری عمومی پزشکی 39044 با آزمون برابر طول مدت تحصیل در مناطق مورد نیاز دانشگاه علوم پزشکی گیالن- فاقد خوابگاه | رشته محل های پزشکی و دندان پزشکی دارای تعهد خدمت موضوع مصوبات شورای عالی انقلاب فرهنگی
39046,پزشکی,دانشگاه علوم پزشکی و خدمات بهداشتی درمانی لرستان,شرایط خاص,تعهد خدمت,50,184,شروع تحصیل مهرماه 1406 - دانشگاه علوم پزشکی و خدمات بهداشتی درمانی لرستان - خرم آباد ( محل تحصیل دانشکده پزشکی خرم آباد ) - دارای تعهد خدمت یک و نیم برابر طول مدت تحصیل در مناطق مورد نیاز دانشگاه علوم پزشکی لرستان - محدودیت در ارائه خوابگاه | پذیرش از تمام متقاضیان سراسر کشور، با اولویت متقاضیان بومی استان لرستان | رشته محل های پزشکی و دندان پزشکی دارای تعهد خدمت موضوع مصوبات شورای عالی انقلاب فرهنگی
39047,پزشکی,دانشگاه علوم پزشکی و خدمات بهداشتی درمانی بابل,شرایط خاص,تعهد خدمت,60,184,شروع تحصیل مهرماه 1406 - دانشگاه علوم پزشکی و خدمات بهداشتی درمانی بابل - دارای تعهد خدمت یک و نیم برابر طول مدت تحصیل در مناطق مورد نیاز دانشگاه علوم پزشکی بابل - فاقد خوابگاه | پذیرش از تمام متقاضیان سراسر کشور، با اولویت متقاضیان بومی استان مازندران | رشته محل های پزشکی و دندان پزشکی دارای تعهد خدمت موضوع مصوبات شورای عالی انقلاب فرهنگی
39048,پزشکی,دانشگاه علوم پزشکی و خدمات بهداشتی درمانی مازندران - ساری,شرایط خاص,تعهد خدمت,70,184,شروع تحصیل مهرماه 1406 - دانشگاه علوم پزشکی و خدمات بهداشتی درمانی مازندران - ساری - دارای تعهد خدمت یک و نیم برابر طول مدت تحصیل در مناطق مورد نیاز دانشگاه علوم پزشکی مازندران | پذیرش از تمام متقاضیان سراسر کشور، با اولویت متقاضیان بومی استان مازندران شروع تحصیل مهرماه1406 - دانشگاه علوم پزشکی و خدمات بهداشتی درمانی بابل- دارای تعهد خدمت یک و نیم برابر طول مرد زن - 60 دکتری عمومی پزشکی 39047 با آزمون مدت تحصیل در مناطق مورد نیاز دانشگاه علوم پزشکی بابل- فاقد خوابگاه | رشته محل های پزشکی و دندان پزشکی دارای تعهد خدمت موضوع مصوبات شورای عالی انقلاب فرهنگی
39049,دندانپزشکی,دانشگاه علوم پزشکی و خدمات بهداشتی درمانی بابل,شرایط خاص,تعهد خدمت,16,184,شروع تحصیل مهرماه 1406 - دانشگاه علوم پزشکی و خدمات بهداشتی درمانی بابل - دارای تعهد خدمت یک و نیم برابر طول مدت تحصیل در مناطق مورد نیاز دانشگاه علوم پزشکی بابل - فاقد خوابگاه | پذیرش از تمام متقاضیان سراسر کشور، با اولویت متقاضیان بومی استان مازندران شروع تحصیل مهرماه1406 - دانشگاه علوم پزشکی و خدمات بهداشتی درمانی بابل- دارای تعهد خدمت یک و نیم برابر طول مرد زن - 60 دکتری عمومی پزشکی 39047 با آزمون مدت تحصیل در مناطق مورد نیاز دانشگاه علوم پزشکی بابل- فاقد خوابگاه شروع تحصیل مهرماه1406 - دانشگاه علوم پزشکی و خدمات بهداشتی درمانی مازندران- ساری- دارای تعهد خدمت یک و نیم مرد زن - 70 دکتری عمومی پزشکی 39048 با آزمون برابر طول مدت تحصیل در مناطق مورد نیاز دانشگاه علوم پزشکی مازندران | رشته محل های پزشکی و دندان پزشکی دارای تعهد خدمت موضوع مصوبات شورای عالی انقلاب فرهنگی
39050,دندانپزشکی,دانشگاه علوم پزشکی و خدمات بهداشتی درمانی مازندران - ساری,شرایط خاص,تعهد خدمت,14,184,شروع تحصیل مهرماه 1406 - دانشگاه علوم پزشکی و خدمات بهداشتی درمانی مازندران - ساری - دارای تعهد خدمت یک و نیم برابر طول مدت تحصیل در مناطق مورد نیاز دانشگاه علوم پزشکی مازندران | پذیرش از تمام متقاضیان سراسر کشور، با اولویت متقاضیان بومی استان مازندران شروع تحصیل مهرماه1406 - دانشگاه علوم پزشکی و خدمات بهداشتی درمانی بابل- دارای تعهد خدمت یک و نیم برابر طول مرد زن - 60 دکتری عمومی پزشکی 39047 با آزمون مدت تحصیل در مناطق مورد نیاز دانشگاه علوم پزشکی بابل- فاقد خوابگاه شروع تحصیل مهرماه1406 - دانشگاه علوم پزشکی و خدمات بهداشتی درمانی مازندران- ساری- دارای تعهد خدمت یک و نیم مرد زن - 70 دکتری عمومی پزشکی 39048 با آزمون برابر طول مدت تحصیل در مناطق مورد نیاز دانشگاه علوم پزشکی مازندران شروع تحصیل مهرماه1406 - دانشگاه علوم پزشکی و خدمات بهداشتی درمانی بابل- دارای تعهد خدمت یک و نیم برابر طول مرد زن - 16 دکتری عمومی دندانپزشکی 39049 با آزمون مدت تحصیل در مناطق مورد نیاز دانشگاه علوم پزشکی بابل- فاقد خوابگاه | رشته محل های پزشکی و دندان پزشکی دارای تعهد خدمت موضوع مصوبات شورای عالی انقلاب فرهنگی
39051,پزشکی,دانشگاه علوم پزشکی و خدمات بهداشتی درمانی اراک ( محل تحصیل دانشکده پزشکی ),شرایط خاص,تعهد خدمت,46,185,شروع تحصیل مهرماه 1406 - دانشگاه علوم پزشکی و خدمات بهداشتی درمانی اراک ( محل تحصیل دانشکده پزشکی ) - دارای تعهد خدمت یک و نیم برابر طول مدت تحصیل در مناطق مورد نیاز دانشگاه علوم پزشکی اراک - فاقد خوابگاه | پذیرش از تمام متقاضیان سراسر کشور، با اولویت متقاضیان بومی استان مرکزی | رشته محل های پزشکی و دندان پزشکی دارای تعهد خدمت موضوع مصوبات شورای عالی انقلاب فرهنگی
39052,دندانپزشکی,دانشگاه علوم پزشکی و خدمات بهداشتی درمانی اراک,شرایط خاص,تعهد خدمت,4,185,شروع تحصیل مهرماه 1406 - دانشگاه علوم پزشکی و خدمات بهداشتی درمانی اراک - دارای تعهد خدمت یک و نیم برابر طول مدت تحصیل در مناطق مورد نیاز دانشگاه علوم پزشکی اراک - فاقد خوابگاه | پذیرش از تمام متقاضیان سراسر کشور، با اولویت متقاضیان بومی استان مرکزی | رشته محل های پزشکی و دندان پزشکی دارای تعهد خدمت موضوع مصوبات شورای عالی انقلاب فرهنگی
39053,پزشکی,دانشگاه علوم پزشکی و خدمات بهداشتی درمانی هرمزگان - بندرعباس,شرایط خاص,تعهد خدمت,30,185,شروع تحصیل مهرماه 1406 - دانشگاه علوم پزشکی و خدمات بهداشتی درمانی هرمزگان - بندرعباس - دارای تعهد خدمت یک و نیم برابر طول مدت تحصیل در مناطق مورد نیاز دانشگاه علوم پزشکی هرمزگان - فاقد خوابگاه | پذیرش از تمام متقاضیان سراسر کشور، با اولویت متقاضیان بومی استان هرمزگان | رشته محل های پزشکی و دندان پزشکی دارای تعهد خدمت موضوع مصوبات شورای عالی انقلاب فرهنگی
39054,دندانپزشکی,دانشگاه علوم پزشکی و خدمات بهداشتی درمانی هرمزگان - بندرعباس,شرایط خاص,تعهد خدمت,6,185,شروع تحصیل مهرماه 1406 - دانشگاه علوم پزشکی و خدمات بهداشتی درمانی هرمزگان - بندرعباس - دارای تعهد خدمت یک و نیم برابر طول مدت تحصیل در مناطق مورد نیاز دانشگاه علوم پزشکی هرمزگان - فاقد خوابگاه | پذیرش از تمام متقاضیان سراسر کشور، با اولویت متقاضیان بومی استان هرمزگان شروع تحصیل مهرماه1406 - دانشگاه علوم پزشکی و خدمات بهداشتی درمانی هرمزگان- بندرعباس- دارای تعهد خدمت یک و مرد زن - 30 دکتری عمومی پزشکی 39053 با آزمون نیم برابر طول مدت تحصیل در مناطق مورد نیاز دانشگاه علوم پزشکی هرمزگان- فاقد خوابگاه | رشته محل های پزشکی و دندان پزشکی دارای تعهد خدمت موضوع مصوبات شورای عالی انقلاب فرهنگی
39055,پزشکی,دانشگاه علوم پزشکی و خدمات بهداشتی درمانی همدان,شرایط خاص,تعهد خدمت,80,185,شروع تحصیل مهرماه 1406 - دانشگاه علوم پزشکی و خدمات بهداشتی درمانی همدان - دارای تعهد خدمت یک و نیم برابر طول مدت تحصیل در مناطق مورد نیاز دانشگاه علوم پزشکی همدان - سال اول خوابگاه خودگردان، خوابگاه از سال دوم ملکی | پذیرش از تمام متقاضیان سراسر کشور، با اولویت متقاضیان بومی استان همدان | رشته محل های پزشکی و دندان پزشکی دارای تعهد خدمت موضوع مصوبات شورای عالی انقلاب فرهنگی
39056,دندانپزشکی,دانشگاه علوم پزشکی و خدمات بهداشتی درمانی همدان,شرایط خاص,تعهد خدمت,16,185,شروع تحصیل مهرماه 1406 - دانشگاه علوم پزشکی و خدمات بهداشتی درمانی همدان - دارای تعهد خدمت یک و نیم برابر طول مدت تحصیل در مناطق موردنیاز دانشگاه علوم پزشکی همدان - سال اول خوابگاه خودگردان، خوابگاه از سال دوم ملکی | پذیرش از تمام متقاضیان سراسر کشور، با اولویت متقاضیان بومی استان همدان شروع تحصیل مهرماه1406 - دانشگاه علوم پزشکی و خدمات بهداشتی درمانی همدان- دارای تعهد خدمت یک و نیم برابر طول مرد زن - 80 دکتری عمومی پزشکی 39055 با آزمون مدت تحصیل در مناطق مورد نیاز دانشگاه علوم پزشکی همدان- سال اول خوابگاه خودگردان، خوابگاه از سال دوم ملکی | رشته محل های پزشکی و دندان پزشکی دارای تعهد خدمت موضوع مصوبات شورای عالی انقلاب فرهنگی
39057,پزشکی,دانشگاه علوم پزشکی و خدمات بهداشتی درمانی یزد,شرایط خاص,تعهد خدمت,60,185,شروع تحصیل مهرماه 1406 - دانشگاه علوم پزشکی و خدمات بهداشتی درمانی یزد - دارای تعهد خدمت یک و نیم برابر طول مدت تحصیل در مناطق مورد نیاز دانشگاه علوم پزشکی یزد - عدم تعهد در واگذاری خوابگاه | پذیرش از تمام متقاضیان سراسر کشور، با اولویت متقاضیان بومی استان یزد | رشته محل های پزشکی و دندان پزشکی دارای تعهد خدمت موضوع مصوبات شورای عالی انقلاب فرهنگی
39058,دندانپزشکی,دانشگاه علوم پزشکی و خدمات بهداشتی درمانی یزد,شرایط خاص,تعهد خدمت,20,185,شروع تحصیل مهرماه 1406 - دانشگاه علوم پزشکی و خدمات بهداشتی درمانی یزد - دارای تعهد خدمت یک و نیم برابر طول مدت تحصیل در مناطق مورد نیاز دانشگاه علوم پزشکی یزد - عدم تعهد در واگذاری خوابگاه | پذیرش از تمام متقاضیان سراسر کشور، با اولویت متقاضیان بومی استان یزد شروع تحصیل مهرماه1406 - دانشگاه علوم پزشکی و خدمات بهداشتی درمانی یزد- دارای تعهد خدمت یک و نیم برابر طول مرد زن - 60 دکتری عمومی پزشکی 39057 با آزمون مدت تحصیل در مناطق مورد نیاز دانشگاه علوم پزشکی یزد- عدم تعهد در واگذاری خوابگاه | رشته محل های پزشکی و دندان پزشکی دارای تعهد خدمت موضوع مصوبات شورای عالی انقلاب فرهنگی
38001,پزشکی,دانشگاه علوم پزشکی و خدمات بهداشتی درمانی تبریز,شرایط خاص,تعهد خدمت,69,187,دانشگاه علوم پزشکی و خدمات بهداشتی درمانی تبریز - دارای تعهد خدمت یک و نیم برابر طول مدت تحصیل در مناطق مورد نیاز دانشگاه علوم پزشکی تبریز | مخصوص متقاضیان بومی استان آذربایجان شرقی | رشته محل های پزشکی، داروسازی و دندان پزشکی دارای تعهد خدمت موضوع قانون برقراری عدالت آموزشی
38002,پزشکی,دانشگاه علوم پزشکی و خدمات بهداشتی درمانی ارومیه,شرایط خاص,تعهد خدمت,10,187,دانشگاه علوم پزشکی و خدمات بهداشتی درمانی ارومیه - دارای تعهد خدمت یک و نیم برابر طول مدت تحصیل در مناطق مورد نیاز دانشگاه علوم پزشکی ارومیه - عدم تعهد در واگذاری خوابگاه | مخصوص متقاضیان بومی استان آذربایجان غربی | رشته محل های پزشکی، داروسازی و دندان پزشکی دارای تعهد خدمت موضوع قانون برقراری عدالت آموزشی
38003,پزشکی,دانشگاه علوم پزشکی و خدمات بهداشتی درمانی ارومیه ( محل تحصیل دانشکده علوم پزشکی خوی ),شرایط خاص,تعهد خدمت,2,187,دانشگاه علوم پزشکی و خدمات بهداشتی درمانی ارومیه ( محل تحصیل دانشکده علوم پزشکی خوی ) - دارای تعهد خدمت یک و نیم برابر طول مدت تحصیل در مناطق مورد نیاز دانشکده علوم پزشکی خوی - عدم تعهد در واگذاری خوابگاه | مخصوص متقاضیان بومی استان آذربایجان غربی دانشگاه علوم پزشکی و خدمات بهداشتی درمانی ارومیه- دارای مرد زن - 10 دکتری عمومی پزشکی 38002 با آزمون تعهد خدمت یک و نیم برابر طول مدت تحصیل در مناطق مورد نیاز دانشگاه علوم پزشکی ارومیه- عدم تعهد در واگذاری خوابگاه | رشته محل های پزشکی، داروسازی و دندان پزشکی دارای تعهد خدمت موضوع قانون برقراری عدالت آموزشی
38004,داروسازی,دانشگاه علوم پزشکی و خدمات بهداشتی درمانی ارومیه,شرایط خاص,تعهد خدمت,6,187,دانشگاه علوم پزشکی و خدمات بهداشتی درمانی ارومیه - دارای تعهد خدمت یک و نیم برابر طول دوره تحصیلی در مناطق مورد نیاز دانشگاه علوم پزشکی ارومیه - عدم تعهد در واگذاری خوابگاه | مخصوص متقاضیان بومی استان آذربایجان غربی دانشگاه علوم پزشکی و خدمات بهداشتی درمانی ارومیه- دارای مرد زن - 10 دکتری عمومی پزشکی 38002 با آزمون تعهد خدمت یک و نیم برابر طول مدت تحصیل در مناطق مورد نیاز دانشگاه علوم پزشکی ارومیه- عدم تعهد در واگذاری خوابگاه دانشگاه علوم پزشکی و خدمات بهداشتی درمانی ارومیه (محل )تحصیل دانشکده علوم پزشکی خوی- دارای تعهد خدمت یک و مرد زن - 2 دکتری عمومی پزشکی 38003 با آزمون نیم برابر طول مدت تحصیل در مناطق مورد نیاز دانشکده علوم پزشکی خوی- عدم تعهد در واگذاری خوابگاه | رشته محل های پزشکی، داروسازی و دندان پزشکی دارای تعهد خدمت موضوع قانون برقراری عدالت آموزشی
38005,دندانپزشکی,دانشگاه علوم پزشکی و خدمات بهداشتی درمانی ارومیه,شرایط خاص,تعهد خدمت,5,187,دانشگاه علوم پزشکی و خدمات بهداشتی درمانی ارومیه - دارای تعهد خدمت یک و نیم برابر طول مدت تحصیل در مناطق مورد نیاز دانشگاه علوم پزشکی ارومیه - عدم تعهد در واگذاری خوابگاه | مخصوص متقاضیان بومی استان آذربایجان غربی دانشگاه علوم پزشکی و خدمات بهداشتی درمانی ارومیه- دارای مرد زن - 10 دکتری عمومی پزشکی 38002 با آزمون تعهد خدمت یک و نیم برابر طول مدت تحصیل در مناطق مورد نیاز دانشگاه علوم پزشکی ارومیه- عدم تعهد در واگذاری خوابگاه دانشگاه علوم پزشکی و خدمات بهداشتی درمانی ارومیه (محل )تحصیل دانشکده علوم پزشکی خوی- دارای تعهد خدمت یک و مرد زن - 2 دکتری عمومی پزشکی 38003 با آزمون نیم برابر طول مدت تحصیل در مناطق مورد نیاز دانشکده علوم پزشکی خوی- عدم تعهد در واگذاری خوابگاه دانشگاه علوم پزشکی و خدمات بهداشتی درمانی ارومیه- دارای مرد زن - 6 دکتری عمومی داروسازی 38004 با آزمون تعهد خدمت یک و نیم برابر طول دوره تحصیلی در مناطق مورد نیاز دانشگاه علوم پزشکی ارومیه- عدم تعهد در واگذاری خوابگاه | رشته محل های پزشکی، داروسازی و دندان پزشکی دارای تعهد خدمت موضوع قانون برقراری عدالت آموزشی
38006,پزشکی,دانشگاه علوم پزشکی و خدمات بهداشتی درمانی اردبیل,شرایط خاص,تعهد خدمت,3,187,دانشگاه علوم پزشکی و خدمات بهداشتی درمانی اردبیل - دارای تعهد خدمت یک و نیم برابر طول دوره تحصیل در پزشک قانونی شهرستان های استان اردبیل - فاقد خوابگاه | مخصوص متقاضیان بومی استان اردبیل | رشته محل های پزشکی، داروسازی و دندان پزشکی دارای تعهد خدمت موضوع قانون برقراری عدالت آموزشی
38007,پزشکی,دانشگاه علوم پزشکی و خدمات بهداشتی درمانی کاشان,شرایط خاص,تعهد خدمت,5,187,دانشگاه علوم پزشکی و خدمات بهداشتی درمانی کاشان - دارای تعهد خدمت یک و نیم برابر طول دوره تحصیل در پزشک قانونی شهرستان های استان اصفهان - عدم تعهد در واگذاری خوابگاه | مخصوص متقاضیان بومی استان اصفهان | رشته محل های پزشکی، داروسازی و دندان پزشکی دارای تعهد خدمت موضوع قانون برقراری عدالت آموزشی
38008,پزشکی,دانشگاه علوم پزشکی و خدمات بهداشتی درمانی کاشان,شرایط خاص,تعهد خدمت,5,187,دانشگاه علوم پزشکی و خدمات بهداشتی درمانی کاشان - دارای تعهد خدمت یک و نیم برابر طول دوره تحصیل در مناطق مورد نیاز دانشگاه علوم پزشکی کاشان - عدم تعهد در واگذاری خوابگاه | مخصوص متقاضیان بومی استان اصفهان دانشگاه علوم پزشکی و خدمات بهداشتی درمانی کاشان- دارای مرد زن 5 - دکتری عمومی پزشکی 38007 با آزمون تعهد خدمت یک و نیم برابر طول دوره تحصیل در پزشک قانونی شهرستان های استان اصفهان- عدم تعهد در واگذاری خوابگاه | رشته محل های پزشکی، داروسازی و دندان پزشکی دارای تعهد خدمت موضوع قانون برقراری عدالت آموزشی
38009,پزشکی,دانشگاه علوم پزشکی و خدمات بهداشتی درمانی ایالم,شرایط خاص,تعهد خدمت,4,188,دانشگاه علوم پزشکی و خدمات بهداشتی درمانی ایالم - دارای تعهد خدمت یک و نیم برابر طول دوره تحصیل در پزشک قانونی شهرستان های استان ایالم - عدم تعهد در واگذاری خوابگاه | مخصوص متقاضیان بومی استان ایالم | رشته محل های پزشکی، داروسازی و دندان پزشکی دارای تعهد خدمت موضوع قانون برقراری عدالت آموزشی
38010,پزشکی,دانشگاه علوم پزشکی و خدمات بهداشتی درمانی ایالم,شرایط خاص,تعهد خدمت,15,188,دانشگاه علوم پزشکی و خدمات بهداشتی درمانی ایالم - دارای تعهد خدمت یک و نیم برابر طول مدت تحصیل در مناطق مورد نیاز دانشگاه علوم پزشکی ایالم - عدم تعهد در واگذاری خوابگاه | مخصوص متقاضیان بومی استان ایالم | رشته محل های پزشکی، داروسازی و دندان پزشکی دارای تعهد خدمت موضوع قانون برقراری عدالت آموزشی
38011,پزشکی,دانشگاه علوم پزشکی و خدمات بهداشتی درمانی بوشهر,شرایط خاص,تعهد خدمت,10,188,دانشگاه علوم پزشکی و خدمات بهداشتی درمانی بوشهر - دارای تعهد خدمت یک و نیم برابر طول دوره تحصیل در دانشگاه علوم پزشکی بوشهر - فاقد خوابگاه | مخصوص متقاضیان بومی استان بوشهر | رشته محل های پزشکی، داروسازی و دندان پزشکی دارای تعهد خدمت موضوع قانون برقراری عدالت آموزشی
38012,پزشکی,دانشگاه علوم پزشکی و خدمات بهداشتی درمانی بوشهر,شرایط خاص,تعهد خدمت,5,188,دانشگاه علوم پزشکی و خدمات بهداشتی درمانی بوشهر - دارای تعهد خدمت یک و نیم برابر طول دوره تحصیل در پزشک قانونی شهرستان های استان بوشهر - فاقد خوابگاه | مخصوص متقاضیان بومی استان بوشهر دانشگاه علوم پزشکی و خدمات بهداشتی درمانی بوشهر- دارای مرد زن - 10 دکتری عمومی پزشکی 38011 با آزمون تعهد خدمت یک و نیم برابر طول دوره تحصیل در دانشگاه علوم پزشکی بوشهر- فاقد خوابگاه | رشته محل های پزشکی، داروسازی و دندان پزشکی دارای تعهد خدمت موضوع قانون برقراری عدالت آموزشی
38013,پزشکی,دانشگاه علوم پزشکی و خدمات بهداشتی درمانی ایران,شرایط خاص,تعهد خدمت,5,188,دانشگاه علوم پزشکی و خدمات بهداشتی درمانی ایران - دارای تعهد خدمت یک و نیم برابر طول دوره تحصیل در پزشک قانونی شهرستان های استان تهران - محدودیت در ارائه خوابگاه | مخصوص متقاضیان بومی استان تهران | رشته محل های پزشکی، داروسازی و دندان پزشکی دارای تعهد خدمت موضوع قانون برقراری عدالت آموزشی
38014,پزشکی,دانشگاه علوم پزشکی و خدمات بهداشتی درمانی تهران,شرایط خاص,تعهد خدمت,5,188,دانشگاه علوم پزشکی و خدمات بهداشتی درمانی تهران - دارای تعهد خدمت یک و نیم برابر طول دوره تحصیل در پزشک قانونی شهرستان های استان تهران - دارای خوابگاه ملکی | مخصوص متقاضیان بومی استان تهران دانشگاه علوم پزشکی و خدمات بهداشتی درمانی ایران- دارای مرد زن 5 - دکتری عمومی پزشکی 38013 با آزمون تعهد خدمت یک و نیم برابر طول دوره تحصیل در پزشک قانونی شهرستان های استان تهران- محدودیت در ارائه خوابگاه | رشته محل های پزشکی، داروسازی و دندان پزشکی دارای تعهد خدمت موضوع قانون برقراری عدالت آموزشی
38015,پزشکی,دانشگاه علوم پزشکی و خدمات بهداشتی درمانی شهید بهشتی - تهران,شرایط خاص,تعهد خدمت,5,188,دانشگاه علوم پزشکی و خدمات بهداشتی درمانی شهید بهشتی - تهران - دارای تعهد خدمت یک و نیم برابر طول دوره تحصیل در پزشک قانونی شهرستان های استان تهران | مخصوص متقاضیان بومی استان تهران دانشگاه علوم پزشکی و خدمات بهداشتی درمانی ایران- دارای مرد زن 5 - دکتری عمومی پزشکی 38013 با آزمون تعهد خدمت یک و نیم برابر طول دوره تحصیل در پزشک قانونی شهرستان های استان تهران- محدودیت در ارائه خوابگاه دانشگاه علوم پزشکی و خدمات بهداشتی درمانی تهران- دارای مرد زن 5 - دکتری عمومی پزشکی 38014 با آزمون تعهد خدمت یک و نیم برابر طول دوره تحصیل در پزشک قانونی شهرستان های استان تهران- دارای خوابگاه ملکی | رشته محل های پزشکی، داروسازی و دندان پزشکی دارای تعهد خدمت موضوع قانون برقراری عدالت آموزشی
38016,پزشکی,دانشگاه علوم پزشکی و خدمات بهداشتی درمانی شهرکرد,شرایط خاص,تعهد خدمت,5,188,دانشگاه علوم پزشکی و خدمات بهداشتی درمانی شهرکرد - دارای تعهد خدمت یک و نیم برابر طول دوره تحصیل در پزشک قانونی شهرستان های استان چهار محال و بختیاری - عدم تعهد در واگذاری خوابگاه | مخصوص متقاضیان بومی استان چهارمحال و بختیاری | رشته محل های پزشکی، داروسازی و دندان پزشکی دارای تعهد خدمت موضوع قانون برقراری عدالت آموزشی
38017,دندانپزشکی,دانشگاه علوم پزشکی و خدمات بهداشتی درمانی شهرکرد,شرایط خاص,تعهد خدمت,5,188,دانشگاه علوم پزشکی و خدمات بهداشتی درمانی شهرکرد - دارای تعهد خدمت یک و نیم برابر طول دوره تحصیل در مناطق مورد نیاز دانشگاه علوم پزشکی شهرکرد - عدم تعهد در واگذاری خوابگاه | مخصوص متقاضیان بومی استان چهارمحال و بختیاری دانشگاه علوم پزشکی و خدمات بهداشتی درمانی شهرکرد- دارای تعهد خدمت یک و نیم برابر طول دوره تحصیل در پزشک قانونی مرد زن 5 - دکتری عمومی پزشکی 38016 با آزمون شهرستان های استان چهار محال و بختیاری- عدم تعهد در واگذاری خوابگاه | رشته محل های پزشکی، داروسازی و دندان پزشکی دارای تعهد خدمت موضوع قانون برقراری عدالت آموزشی
38018,پزشکی,دانشگاه علوم پزشکی و خدمات بهداشتی درمانی بیرجند,شرایط خاص,تعهد خدمت,45,188,دانشگاه علوم پزشکی و خدمات بهداشتی درمانی بیرجند - دارای تعهد خدمت یک و نیم برابر طول دوره تحصیل در مناطق مورد نیاز دانشگاه علوم پزشکی و خدمات بهداشتی درمانی بیرجند - عدم تعهد در واگذاری خوابگاه | مخصوص متقاضیان بومی استان خراسان جنوبی | رشته محل های پزشکی، داروسازی و دندان پزشکی دارای تعهد خدمت موضوع قانون برقراری عدالت آموزشی
38019,پزشکی,دانشگاه علوم پزشکی و خدمات بهداشتی درمانی بیرجند,شرایط خاص,تعهد خدمت,5,188,دانشگاه علوم پزشکی و خدمات بهداشتی درمانی بیرجند - دارای تعهد خدمت یک و نیم برابر طول دوره تحصیل در پزشک قانونی شهرستان های استان خراسان جنوبی - عدم تعهد در واگذاری خوابگاه | مخصوص متقاضیان بومی استان خراسان جنوبی دانشگاه علوم پزشکی و خدمات بهداشتی درمانی بیرجند- دارای تعهد خدمت یک و نیم برابر طول دوره تحصیل در مناطق مورد نیاز مرد زن - 45 دکتری عمومی پزشکی 38018 با آزمون دانشگاه علوم پزشکی و خدمات بهداشتی درمانی بیرجند- عدم تعهد در واگذاری خوابگاه | رشته محل های پزشکی، داروسازی و دندان پزشکی دارای تعهد خدمت موضوع قانون برقراری عدالت آموزشی
38020,دندانپزشکی,دانشگاه علوم پزشکی و خدمات بهداشتی درمانی بیرجند,شرایط خاص,تعهد خدمت,17,188,دانشگاه علوم پزشکی و خدمات بهداشتی درمانی بیرجند - دارای تعهد خدمت یک و نیم برابر طول دوره تحصیل در مناطق مورد نیاز دانشگاه علوم پزشکی و خدمات بهداشتی درمانی بیرجند - عدم تعهد در واگذاری خوابگاه | مخصوص متقاضیان بومی استان خراسان جنوبی دانشگاه علوم پزشکی و خدمات بهداشتی درمانی بیرجند- دارای تعهد خدمت یک و نیم برابر طول دوره تحصیل در مناطق مورد نیاز مرد زن - 45 دکتری عمومی پزشکی 38018 با آزمون دانشگاه علوم پزشکی و خدمات بهداشتی درمانی بیرجند- عدم تعهد در واگذاری خوابگاه دانشگاه علوم پزشکی و خدمات بهداشتی درمانی بیرجند- دارای تعهد خدمت یک و نیم برابر طول دوره تحصیل در پزشک قانونی مرد زن 5 - دکتری عمومی پزشکی 38019 با آزمون شهرستان های استان خراسان جنوبی- عدم تعهد در واگذاری خوابگاه | رشته محل های پزشکی، داروسازی و دندان پزشکی دارای تعهد خدمت موضوع قانون برقراری عدالت آموزشی
38021,پزشکی,دانشگاه علوم پزشکی و خدمات بهداشتی درمانی مشهد,شرایط خاص,تعهد خدمت,20,189,دانشگاه علوم پزشکی و خدمات بهداشتی درمانی مشهد - دارای تعهد خدمت یک و نیم برابر طول مدت تحصیل در مناطق مورد نیاز دانشکده علوم پزشکی تربت جام - عدم تعهد در واگذاری خوابگاه | مخصوص متقاضیان بومی استان خراسان رضوی | رشته محل های پزشکی، داروسازی و دندان پزشکی دارای تعهد خدمت موضوع قانون برقراری عدالت آموزشی
38022,دندانپزشکی,دانشگاه علوم پزشکی و خدمات بهداشتی درمانی مشهد,شرایط خاص,تعهد خدمت,6,189,دانشگاه علوم پزشکی و خدمات بهداشتی درمانی مشهد - دارای تعهد خدمت یک و نیم برابر طول مدت تحصیل در مناطق مورد نیاز دانشگاه علوم پزشکی سبزوار - عدم تعهد در واگذاری خوابگاه | مخصوص متقاضیان بومی استان خراسان رضوی | رشته محل های پزشکی، داروسازی و دندان پزشکی دارای تعهد خدمت موضوع قانون برقراری عدالت آموزشی
38023,پزشکی,دانشگاه علوم پزشکی و خدمات بهداشتی درمانی بجنورد,شرایط خاص,تعهد خدمت,4,189,دانشگاه علوم پزشکی و خدمات بهداشتی درمانی بجنورد - دارای تعهد خدمت یک و نیم برابر طول دوره تحصیل در پزشک قانونی شهرستان های استان خراسان شمالی - عدم تعهد در واگذاری خوابگاه | مخصوص متقاضیان بومی استان خراسان شمالی | رشته محل های پزشکی، داروسازی و دندان پزشکی دارای تعهد خدمت موضوع قانون برقراری عدالت آموزشی
38024,پزشکی,دانشگاه علوم پزشکی و خدمات بهداشتی درمانی جندی شاپور اهواز,شرایط خاص,تعهد خدمت,6,189,دانشگاه علوم پزشکی و خدمات بهداشتی درمانی جندی شاپور اهواز - دارای تعهد خدمت یک و نیم برابر طول دوره تحصیل در پزشک قانونی شهرستان های استان خوزستان | مخصوص متقاضیان بومی استان خوزستان | رشته محل های پزشکی، داروسازی و دندان پزشکی دارای تعهد خدمت موضوع قانون برقراری عدالت آموزشی
38025,پزشکی,دانشگاه علوم پزشکی و خدمات بهداشتی درمانی جندی شاپور اهواز,شرایط خاص,تعهد خدمت,34,189,دانشگاه علوم پزشکی و خدمات بهداشتی درمانی جندی شاپور اهواز - دارای تعهد خدمت یک و نیم برابر طول دوره تحصیل در مناطق مورد نیاز دانشگاه علوم پزشکی جندی شاپور اهواز | مخصوص متقاضیان بومی استان خوزستان دانشگاه علوم پزشکی و خدمات بهداشتی درمانی جندی شاپور اهواز مرد زن 6 - دکتری عمومی پزشکی 38024 با آزمون - دارای تعهد خدمت یک و نیم برابر طول دوره تحصیل در پزشک قانونی شهرستان های استان خوزستان | رشته محل های پزشکی، داروسازی و دندان پزشکی دارای تعهد خدمت موضوع قانون برقراری عدالت آموزشی
38026,پزشکی,دانشگاه علوم پزشکی و خدمات بهداشتی درمانی دزفول,شرایط خاص,تعهد خدمت,2,189,دانشگاه علوم پزشکی و خدمات بهداشتی درمانی دزفول - دارای تعهد خدمت یک و نیم برابر طول دوره تحصیل در مناطق مورد نیاز دانشگاه علوم پزشکی دزفول - عدم تعهد در واگذاری خوابگاه | مخصوص متقاضیان بومی استان خوزستان دانشگاه علوم پزشکی و خدمات بهداشتی درمانی جندی شاپور اهواز مرد زن 6 - دکتری عمومی پزشکی 38024 با آزمون - دارای تعهد خدمت یک و نیم برابر طول دوره تحصیل در پزشک قانونی شهرستان های استان خوزستان دانشگاه علوم پزشکی و خدمات بهداشتی درمانی جندی شاپور اهواز مرد زن - 34 دکتری عمومی پزشکی 38025 با آزمون - دارای تعهد خدمت یک و نیم برابر طول دوره تحصیل در مناطق مورد نیاز دانشگاه علوم پزشکی جندی شاپور اهواز | رشته محل های پزشکی، داروسازی و دندان پزشکی دارای تعهد خدمت موضوع قانون برقراری عدالت آموزشی
38027,پزشکی,دانشگاه علوم پزشکی و خدمات بهداشتی درمانی آبادان,شرایط خاص,تعهد خدمت,13,189,دانشگاه علوم پزشکی و خدمات بهداشتی درمانی آبادان - دارای تعهد خدمت یک و نیم برابر طول دوره تحصیل در مناطق مورد نیاز دانشگاه علوم پزشکی آبادان - ممنوعیت نقل و انتقال - عدم تعهد در واگذاری خوابگاه | مخصوص متقاضیان بومی استان خوزستان دانشگاه علوم پزشکی و خدمات بهداشتی درمانی جندی شاپور اهواز مرد زن 6 - دکتری عمومی پزشکی 38024 با آزمون - دارای تعهد خدمت یک و نیم برابر طول دوره تحصیل در پزشک قانونی شهرستان های استان خوزستان دانشگاه علوم پزشکی و خدمات بهداشتی درمانی جندی شاپور اهواز مرد زن - 34 دکتری عمومی پزشکی 38025 با آزمون - دارای تعهد خدمت یک و نیم برابر طول دوره تحصیل در مناطق مورد نیاز دانشگاه علوم پزشکی جندی شاپور اهواز دانشگاه علوم پزشکی و خدمات بهداشتی درمانی دزفول- دارای مرد زن 2 - دکتری عمومی پزشکی 38026 با آزمون تعهد خدمت یک و نیم برابر طول دوره تحصیل در مناطق مورد نیاز دانشگاه علوم پزشکی دزفول- عدم تعهد در واگذاری خوابگاه | رشته محل های پزشکی، داروسازی و دندان پزشکی دارای تعهد خدمت موضوع قانون برقراری عدالت آموزشی
38028,داروسازی,دانشگاه علوم پزشکی و خدمات بهداشتی درمانی جندی شاپور اهواز,شرایط خاص,تعهد خدمت,10,189,دانشگاه علوم پزشکی و خدمات بهداشتی درمانی جندی شاپور اهواز - دارای تعهد خدمت یک و نیم برابر طول مدت تحصیل در مناطق مورد نیاز دانشکده علوم پزشکی و خدمات بهداشتی درمانی بهبهان | مخصوص متقاضیان بومی استان خوزستان دانشگاه علوم پزشکی و خدمات بهداشتی درمانی جندی شاپور اهواز مرد زن 6 - دکتری عمومی پزشکی 38024 با آزمون - دارای تعهد خدمت یک و نیم برابر طول دوره تحصیل در پزشک قانونی شهرستان های استان خوزستان دانشگاه علوم پزشکی و خدمات بهداشتی درمانی جندی شاپور اهواز مرد زن - 34 دکتری عمومی پزشکی 38025 با آزمون - دارای تعهد خدمت یک و نیم برابر طول دوره تحصیل در مناطق مورد نیاز دانشگاه علوم پزشکی جندی شاپور اهواز دانشگاه علوم پزشکی و خدمات بهداشتی درمانی دزفول- دارای مرد زن 2 - دکتری عمومی پزشکی 38026 با آزمون تعهد خدمت یک و نیم برابر طول دوره تحصیل در مناطق مورد نیاز دانشگاه علوم پزشکی دزفول- عدم تعهد در واگذاری خوابگاه دانشگاه علوم پزشکی و خدمات بهداشتی درمانی آبادان- دارای تعهد خدمت یک و نیم برابر طول دوره تحصیل در مناطق مورد نیاز مرد زن 13 - دکتری عمومی پزشکی 38027 با آزمون دانشگاه علوم پزشکی آبادان- ممنوعیت نقل و انتقال- عدم تعهد در واگذاری خوابگاه | رشته محل های پزشکی، داروسازی و دندان پزشکی دارای تعهد خدمت موضوع قانون برقراری عدالت آموزشی
38029,داروسازی,دانشگاه علوم پزشکی و خدمات بهداشتی درمانی جندی شاپور اهواز,شرایط خاص,تعهد خدمت,5,189,دانشگاه علوم پزشکی و خدمات بهداشتی درمانی جندی شاپور اهواز - دارای تعهد خدمت یک و نیم برابر طول مدت تحصیل در مناطق مورد نیاز دانشگاه علوم پزشکی و خدمات بهداشتی درمانی دزفول | مخصوص متقاضیان بومی استان خوزستان دانشگاه علوم پزشکی و خدمات بهداشتی درمانی جندی شاپور اهواز مرد زن 6 - دکتری عمومی پزشکی 38024 با آزمون - دارای تعهد خدمت یک و نیم برابر طول دوره تحصیل در پزشک قانونی شهرستان های استان خوزستان دانشگاه علوم پزشکی و خدمات بهداشتی درمانی جندی شاپور اهواز مرد زن - 34 دکتری عمومی پزشکی 38025 با آزمون - دارای تعهد خدمت یک و نیم برابر طول دوره تحصیل در مناطق مورد نیاز دانشگاه علوم پزشکی جندی شاپور اهواز دانشگاه علوم پزشکی و خدمات بهداشتی درمانی دزفول- دارای مرد زن 2 - دکتری عمومی پزشکی 38026 با آزمون تعهد خدمت یک و نیم برابر طول دوره تحصیل در مناطق مورد نیاز دانشگاه علوم پزشکی دزفول- عدم تعهد در واگذاری خوابگاه دانشگاه علوم پزشکی و خدمات بهداشتی درمانی آبادان- دارای تعهد خدمت یک و نیم برابر طول دوره تحصیل در مناطق مورد نیاز مرد زن 13 - دکتری عمومی پزشکی 38027 با آزمون دانشگاه علوم پزشکی آبادان- ممنوعیت نقل و انتقال- عدم تعهد در واگذاری خوابگاه دانشگاه علوم پزشکی و خدمات بهداشتی درمانی جندی شاپور اهواز مرد زن - 10 دکتری عمومی داروسازی 38028 با آزمون - دارای تعهد خدمت یک و نیم برابر طول مدت تحصیل در مناطق مورد نیاز دانشکده علوم پزشکی و خدمات بهداشتی درمانی بهبهان | رشته محل های پزشکی، داروسازی و دندان پزشکی دارای تعهد خدمت موضوع قانون برقراری عدالت آموزشی
38030,دندانپزشکی,دانشگاه علوم پزشکی و خدمات بهداشتی درمانی جندی شاپور اهواز,شرایط خاص,تعهد خدمت,8,189,دانشگاه علوم پزشکی و خدمات بهداشتی درمانی جندی شاپور اهواز - دارای تعهد خدمت یک و نیم برابر طول مدت تحصیل در مناطق مورد نیاز دانشگاه علوم پزشکی دزفول | مخصوص متقاضیان بومی استان خوزستان دانشگاه علوم پزشکی و خدمات بهداشتی درمانی جندی شاپور اهواز مرد زن 6 - دکتری عمومی پزشکی 38024 با آزمون - دارای تعهد خدمت یک و نیم برابر طول دوره تحصیل در پزشک قانونی شهرستان های استان خوزستان دانشگاه علوم پزشکی و خدمات بهداشتی درمانی جندی شاپور اهواز مرد زن - 34 دکتری عمومی پزشکی 38025 با آزمون - دارای تعهد خدمت یک و نیم برابر طول دوره تحصیل در مناطق مورد نیاز دانشگاه علوم پزشکی جندی شاپور اهواز دانشگاه علوم پزشکی و خدمات بهداشتی درمانی دزفول- دارای مرد زن 2 - دکتری عمومی پزشکی 38026 با آزمون تعهد خدمت یک و نیم برابر طول دوره تحصیل در مناطق مورد نیاز دانشگاه علوم پزشکی دزفول- عدم تعهد در واگذاری خوابگاه دانشگاه علوم پزشکی و خدمات بهداشتی درمانی آبادان- دارای تعهد خدمت یک و نیم برابر طول دوره تحصیل در مناطق مورد نیاز مرد زن 13 - دکتری عمومی پزشکی 38027 با آزمون دانشگاه علوم پزشکی آبادان- ممنوعیت نقل و انتقال- عدم تعهد در واگذاری خوابگاه دانشگاه علوم پزشکی و خدمات بهداشتی درمانی جندی شاپور اهواز مرد زن - 10 دکتری عمومی داروسازی 38028 با آزمون - دارای تعهد خدمت یک و نیم برابر طول مدت تحصیل در مناطق مورد نیاز دانشکده علوم پزشکی و خدمات بهداشتی درمانی بهبهان دانشگاه علوم پزشکی و خدمات بهداشتی درمانی جندی شاپور اهواز مرد زن - 5 دکتری عمومی داروسازی 38029 با آزمون - دارای تعهد خدمت یک و نیم برابر طول مدت تحصیل در مناطق مورد نیاز دانشگاه علوم پزشکی و خدمات بهداشتی درمانی دزفول | رشته محل های پزشکی، داروسازی و دندان پزشکی دارای تعهد خدمت موضوع قانون برقراری عدالت آموزشی
38031,دندانپزشکی,دانشگاه علوم پزشکی و خدمات بهداشتی درمانی جندی شاپور اهواز,شرایط خاص,تعهد خدمت,6,189,دانشگاه علوم پزشکی و خدمات بهداشتی درمانی جندی شاپور اهواز - دارای تعهد خدمت یک و نیم برابر طول مدت تحصیل در مناطق مورد نیاز دانشگاه علوم پزشکی جندی شاپور اهواز | مخصوص متقاضیان بومی استان خوزستان دانشگاه علوم پزشکی و خدمات بهداشتی درمانی جندی شاپور اهواز مرد زن 6 - دکتری عمومی پزشکی 38024 با آزمون - دارای تعهد خدمت یک و نیم برابر طول دوره تحصیل در پزشک قانونی شهرستان های استان خوزستان دانشگاه علوم پزشکی و خدمات بهداشتی درمانی جندی شاپور اهواز مرد زن - 34 دکتری عمومی پزشکی 38025 با آزمون - دارای تعهد خدمت یک و نیم برابر طول دوره تحصیل در مناطق مورد نیاز دانشگاه علوم پزشکی جندی شاپور اهواز دانشگاه علوم پزشکی و خدمات بهداشتی درمانی دزفول- دارای مرد زن 2 - دکتری عمومی پزشکی 38026 با آزمون تعهد خدمت یک و نیم برابر طول دوره تحصیل در مناطق مورد نیاز دانشگاه علوم پزشکی دزفول- عدم تعهد در واگذاری خوابگاه دانشگاه علوم پزشکی و خدمات بهداشتی درمانی آبادان- دارای تعهد خدمت یک و نیم برابر طول دوره تحصیل در مناطق مورد نیاز مرد زن 13 - دکتری عمومی پزشکی 38027 با آزمون دانشگاه علوم پزشکی آبادان- ممنوعیت نقل و انتقال- عدم تعهد در واگذاری خوابگاه دانشگاه علوم پزشکی و خدمات بهداشتی درمانی جندی شاپور اهواز مرد زن - 10 دکتری عمومی داروسازی 38028 با آزمون - دارای تعهد خدمت یک و نیم برابر طول مدت تحصیل در مناطق مورد نیاز دانشکده علوم پزشکی و خدمات بهداشتی درمانی بهبهان دانشگاه علوم پزشکی و خدمات بهداشتی درمانی جندی شاپور اهواز مرد زن - 5 دکتری عمومی داروسازی 38029 با آزمون - دارای تعهد خدمت یک و نیم برابر طول مدت تحصیل در مناطق مورد نیاز دانشگاه علوم پزشکی و خدمات بهداشتی درمانی دزفول دانشگاه علوم پزشکی و خدمات بهداشتی درمانی جندی شاپور اهواز مرد زن - 8 دکتری عمومی دندانپزشکی 38030 با آزمون - دارای تعهد خدمت یک و نیم برابر طول مدت تحصیل در مناطق مورد نیاز دانشگاه علوم پزشکی دزفول | رشته محل های پزشکی، داروسازی و دندان پزشکی دارای تعهد خدمت موضوع قانون برقراری عدالت آموزشی
38032,پزشکی,دانشگاه علوم پزشکی و خدمات بهداشتی درمانی زنجان,شرایط خاص,تعهد خدمت,6,189,دانشگاه علوم پزشکی و خدمات بهداشتی درمانی زنجان - دارای تعهد خدمت یک و نیم برابر طول دوره تحصیل در پزشک قانونی شهرستان های استان زنجان - فاقد خوابگاه | مخصوص متقاضیان بومی استان زنجان | رشته محل های پزشکی، داروسازی و دندان پزشکی دارای تعهد خدمت موضوع قانون برقراری عدالت آموزشی
38033,پزشکی,دانشگاه علوم پزشکی و خدمات بهداشتی درمانی زنجان,شرایط خاص,تعهد خدمت,9,189,دانشگاه علوم پزشکی و خدمات بهداشتی درمانی زنجان - دارای تعهد خدمت یک و نیم برابر طول مدت تحصیل در مناطق مورد نیاز دانشگاه علوم پزشکی زنجان - فاقد خوابگاه | مخصوص متقاضیان بومی استان زنجان دانشگاه علوم پزشکی و خدمات بهداشتی درمانی زنجان- دارای مرد زن 6 - دکتری عمومی پزشکی 38032 با آزمون تعهد خدمت یک و نیم برابر طول دوره تحصیل در پزشک قانونی شهرستان های استان زنجان- فاقد خوابگاه | رشته محل های پزشکی، داروسازی و دندان پزشکی دارای تعهد خدمت موضوع قانون برقراری عدالت آموزشی
38034,دندانپزشکی,دانشگاه علوم پزشکی و خدمات بهداشتی درمانی زنجان,شرایط خاص,تعهد خدمت,4,190,دانشگاه علوم پزشکی و خدمات بهداشتی درمانی زنجان - دارای تعهد خدمت یک و نیم برابر طول مدت تحصیل در مناطق مورد نیاز دانشگاه علوم پزشکی زنجان - فاقد خوابگاه | ادامه مخصوص متقاضیان بومی استان زنجان | رشته محل های پزشکی، داروسازی و دندان پزشکی دارای تعهد خدمت موضوع قانون برقراری عدالت آموزشی
38035,پزشکی,دانشگاه علوم پزشکی و خدمات بهداشتی درمانی سمنان,شرایط خاص,تعهد خدمت,1,190,دانشگاه علوم پزشکی و خدمات بهداشتی درمانی سمنان - دارای تعهد خدمت یک و نیم برابر طول مدت تحصیل در مناطق مورد نیاز دانشگاه علوم پزشکی سمنان - کارآموزی و کارورزی دانشجویان می تواند در هر یک از مراکز درمانی یا بهداشتی زیرمجموعه دانشگاه برنامه ریزی و اجرا گردد . - محدودیت در ارائه خوابگاه | مخصوص متقاضیان بومی استان سمنان | رشته محل های پزشکی، داروسازی و دندان پزشکی دارای تعهد خدمت موضوع قانون برقراری عدالت آموزشی
38036,داروسازی,دانشگاه علوم پزشکی و خدمات بهداشتی درمانی سمنان,شرایط خاص,تعهد خدمت,5,190,دانشگاه علوم پزشکی و خدمات بهداشتی درمانی سمنان - دارای تعهد خدمت یک و نیم برابر طول مدت تحصیل در مناطق مورد نیاز دانشگاه علوم پزشکی شاهرود - کارآموزی و کارورزی دانشجویان می تواند در هر یک از مراکز درمانی یا بهداشتی زیرمجموعه دانشگاه برنامه ریزی و اجرا گردد . - محدودیت در ارائه خوابگاه | مخصوص متقاضیان بومی استان سمنان دانشگاه علوم پزشکی و خدمات بهداشتی درمانی سمنان- دارای تعهد خدمت یک و نیم برابر طول مدت تحصیل در مناطق مورد نیاز مرد زن 1 - دکتری عمومی پزشکی 38035 با آزمون دانشگاه علوم پزشکی سمنان- کارآموزی و کارورزی دانشجویان می تواند در هر یک از مراکز درمانی یا بهداشتی زیرمجموعه دانشگاه برنامه .ریزی و اجرا گردد- محدودیت در ارائه خوابگاه | رشته محل های پزشکی، داروسازی و دندان پزشکی دارای تعهد خدمت موضوع قانون برقراری عدالت آموزشی
38037,دندانپزشکی,دانشگاه علوم پزشکی و خدمات بهداشتی درمانی سمنان,شرایط خاص,تعهد خدمت,5,190,دانشگاه علوم پزشکی و خدمات بهداشتی درمانی سمنان - دارای تعهد خدمت یک و نیم برابر طول مدت تحصیل در مناطق مورد نیاز دانشگاه علوم پزشکی شاهرود - کارآموزی و کارورزی دانشجویان می تواند در هر یک از مراکز درمانی یا بهداشتی زیرمجموعه دانشگاه برنامه ریزی و اجرا گردد . - محدودیت در ارائه خوابگاه | مخصوص متقاضیان بومی استان سمنان دانشگاه علوم پزشکی و خدمات بهداشتی درمانی سمنان- دارای تعهد خدمت یک و نیم برابر طول مدت تحصیل در مناطق مورد نیاز مرد زن 1 - دکتری عمومی پزشکی 38035 با آزمون دانشگاه علوم پزشکی سمنان- کارآموزی و کارورزی دانشجویان می تواند در هر یک از مراکز درمانی یا بهداشتی زیرمجموعه دانشگاه برنامه .ریزی و اجرا گردد- محدودیت در ارائه خوابگاه دانشگاه علوم پزشکی و خدمات بهداشتی درمانی سمنان- دارای تعهد خدمت یک و نیم برابر طول مدت تحصیل در مناطق مورد نیاز مرد زن - 5 دکتری عمومی داروسازی 38036 با آزمون دانشگاه علوم پزشکی شاهرود- کارآموزی و کارورزی دانشجویان می تواند در هر یک از مراکز درمانی یا بهداشتی زیرمجموعه دانشگاه برنامه .ریزی و اجرا گردد- محدودیت در ارائه خوابگاه | رشته محل های پزشکی، داروسازی و دندان پزشکی دارای تعهد خدمت موضوع قانون برقراری عدالت آموزشی
38038,پزشکی,دانشگاه علوم پزشکی و خدمات بهداشتی درمانی ایرانشهر,شرایط خاص,تعهد خدمت,15,190,دانشگاه علوم پزشکی و خدمات بهداشتی درمانی ایرانشهر - دارای تعهد خدمت یک و نیم برابر طول مدت تحصیل در مناطق مورد نیاز دانشکده علوم پزشکی ایرانشهر - ممنوعیت در نقل و انتقال - فاقد خوابگاه | مخصوص متقاضیان بومی استان سیستان و بلوچستان با اولویت پذیرش متقاضیان بومی مناطق تحت پوشش دانشگاه علوم پزشکی ایرانشهر شامل ایرانشهر، بمپور، دلگان، راسک، سرباز، فنوج، الشار، مهرستان | رشته محل های پزشکی، داروسازی و دندان پزشکی دارای تعهد خدمت موضوع قانون برقراری عدالت آموزشی
38039,پزشکی,دانشگاه علوم پزشکی و خدمات بهداشتی درمانی ایرانشهر,شرایط خاص,تعهد خدمت,2,190,دانشگاه علوم پزشکی و خدمات بهداشتی درمانی ایرانشهر - دارای تعهد خدمت یک و نیم برابر طول دوره تحصیل در پزشک قانونی شهرستان های استان سیستان و بلوچستان - ممنوعیت در نقل و انتقال - فاقد خوابگاه | مخصوص متقاضیان بومی استان سیستان و بلوچستان با اولویت پذیرش متقاضیان بومی مناطق تحت پوشش دانشگاه علوم پزشکی ایرانشهر شامل ایرانشهر، بمپور، دلگان، راسک، سرباز، فنوج، الشار، مهرستان دانشگاه علوم پزشکی و خدمات بهداشتی درمانی ایرانشهر- دارای تعهد خدمت یک و نیم برابر طول مدت تحصیل در مناطق مورد نیاز مرد زن 15 - دکتری عمومی پزشکی 38038 با آزمون دانشکده علوم پزشکی ایرانشهر- ممنوعیت در نقل و انتقال- فاقد خوابگاه | رشته محل های پزشکی، داروسازی و دندان پزشکی دارای تعهد خدمت موضوع قانون برقراری عدالت آموزشی
38046,داروسازی,دانشگاه علوم پزشکی و خدمات بهداشتی درمانی زابل,شرایط خاص,تعهد خدمت,1,190,دانشگاه علوم پزشکی و خدمات بهداشتی درمانی زابل - دارای تعهد خدمت یک و نیم برابر طول مدت تحصیل در مناطق مورد نیاز دانشگاه علوم پزشکی ایرانشهر | مخصوص متقاضیان بومی استان سیستان و بلوچستان با اولویت پذیرش متقاضیان بومی مناطق تحت پوشش دانشگاه علوم پزشکی ایرانشهر شامل ایرانشهر، بمپور، دلگان، راسک، سرباز، فنوج، الشار، مهرستان دانشگاه علوم پزشکی و خدمات بهداشتی درمانی ایرانشهر- دارای تعهد خدمت یک و نیم برابر طول مدت تحصیل در مناطق مورد نیاز مرد زن 15 - دکتری عمومی پزشکی 38038 با آزمون دانشکده علوم پزشکی ایرانشهر- ممنوعیت در نقل و انتقال- فاقد خوابگاه دانشگاه علوم پزشکی و خدمات بهداشتی درمانی ایرانشهر- دارای تعهد خدمت یک و نیم برابر طول دوره تحصیل در پزشک قانونی مرد زن 2 - دکتری عمومی پزشکی 38039 با آزمون شهرستان های استان سیستان و بلوچستان- ممنوعیت در نقل و انتقال - فاقد خوابگاه | رشته محل های پزشکی، داروسازی و دندان پزشکی دارای تعهد خدمت موضوع قانون برقراری عدالت آموزشی
38051,دندانپزشکی,دانشگاه علوم پزشکی و خدمات بهداشتی درمانی زاهدان,شرایط خاص,تعهد خدمت,2,190,دانشگاه علوم پزشکی و خدمات بهداشتی درمانی زاهدان - دارای تعهد خدمت یک و نیم برابر طول مدت تحصیل در مناطق مورد نیاز دانشگاه علوم پزشکی ایرانشهر - عدم تعهد در واگذاری خوابگاه | مخصوص متقاضیان بومی استان سیستان و بلوچستان با اولویت پذیرش متقاضیان بومی مناطق تحت پوشش دانشگاه علوم پزشکی ایرانشهر شامل ایرانشهر، بمپور، دلگان، راسک، سرباز، فنوج، الشار، مهرستان دانشگاه علوم پزشکی و خدمات بهداشتی درمانی ایرانشهر- دارای تعهد خدمت یک و نیم برابر طول مدت تحصیل در مناطق مورد نیاز مرد زن 15 - دکتری عمومی پزشکی 38038 با آزمون دانشکده علوم پزشکی ایرانشهر- ممنوعیت در نقل و انتقال- فاقد خوابگاه دانشگاه علوم پزشکی و خدمات بهداشتی درمانی ایرانشهر- دارای تعهد خدمت یک و نیم برابر طول دوره تحصیل در پزشک قانونی مرد زن 2 - دکتری عمومی پزشکی 38039 با آزمون شهرستان های استان سیستان و بلوچستان- ممنوعیت در نقل و انتقال - فاقد خوابگاه دانشگاه علوم پزشکی و خدمات بهداشتی درمانی زابل- دارای تعهد مرد زن - 1 دکتری عمومی داروسازی 38046 با آزمون خدمت یک و نیم برابر طول مدت تحصیل در مناطق مورد نیاز دانشگاه علوم پزشکی ایرانشهر | رشته محل های پزشکی، داروسازی و دندان پزشکی دارای تعهد خدمت موضوع قانون برقراری عدالت آموزشی
38040,پزشکی,دانشگاه علوم پزشکی و خدمات بهداشتی درمانی زابل,شرایط خاص,تعهد خدمت,2,190,دانشگاه علوم پزشکی و خدمات بهداشتی درمانی زابل - دارای تعهد خدمت یک و نیم برابر طول دوره تحصیل در پزشک قانونی شهرستان های استان سیستان و بلوچستان | مخصوص متقاضیان بومی استان سیستان و بلوچستان با اولویت پذیرش متقاضیان بومی مناطق تحت پوشش دانشگاه علوم پزشکی زابل شامل زابل، زهک، نیمروز، هامون، هیرمند | رشته محل های پزشکی، داروسازی و دندان پزشکی دارای تعهد خدمت موضوع قانون برقراری عدالت آموزشی
38045,داروسازی,دانشگاه علوم پزشکی و خدمات بهداشتی درمانی زابل,شرایط خاص,تعهد خدمت,1,190,دانشگاه علوم پزشکی و خدمات بهداشتی درمانی زابل - دارای تعهد خدمت یک و نیم برابر طول مدت تحصیل در مناطق مورد نیاز دانشگاه علوم پزشکی زابل | مخصوص متقاضیان بومی استان سیستان و بلوچستان با اولویت پذیرش متقاضیان بومی مناطق تحت پوشش دانشگاه علوم پزشکی زابل شامل زابل، زهک، نیمروز، هامون، هیرمند دانشگاه علوم پزشکی و خدمات بهداشتی درمانی زابل- دارای تعهد مرد زن - 2 دکتری عمومی پزشکی 38040 با آزمون خدمت یک و نیم برابر طول دوره تحصیل در پزشک قانونی شهرستان های استان سیستان و بلوچستان | رشته محل های پزشکی، داروسازی و دندان پزشکی دارای تعهد خدمت موضوع قانون برقراری عدالت آموزشی
38049,دندانپزشکی,دانشگاه علوم پزشکی و خدمات بهداشتی درمانی زاهدان,شرایط خاص,تعهد خدمت,2,191,دانشگاه علوم پزشکی و خدمات بهداشتی درمانی زاهدان - دارای تعهد خدمت یک و نیم برابر طول مدت تحصیل در مناطق مورد نیاز دانشگاه علوم پزشکی زابل - عدم تعهد در واگذاری خوابگاه | ادامه مخصوص متقاضیان بومی استان سیستان و بلوچستان با اولویت پذیرش متقاضیان بومی مناطق تحت پوشش دانشگاه علوم پزشکی زابل شامل زابل، زهک، نیمروز، هامون، هیرمند | رشته محل های پزشکی، داروسازی و دندان پزشکی دارای تعهد خدمت موضوع قانون برقراری عدالت آموزشی
38041,پزشکی,دانشگاه علوم پزشکی و خدمات بهداشتی درمانی زاهدان,شرایط خاص,تعهد خدمت,2,191,دانشگاه علوم پزشکی و خدمات بهداشتی درمانی زاهدان - دارای تعهد خدمت یک و نیم برابر طول دوره تحصیل در پزشک قانونی شهرستان های استان سیستان و بلوچستان - عدم تعه د در واگذاری خوابگاه | مخصوص متقاضیان بومی استان سیستان و بلوچستان با اولویت پذیرش متقاضیان بومی مناطق تحت پوشش دانشگاه علوم پزشکی زاهدان شامل تفتان، خاش، زاهدان، سراوان، سیب سوران، گلشن، میرجاوه | رشته محل های پزشکی، داروسازی و دندان پزشکی دارای تعهد خدمت موضوع قانون برقراری عدالت آموزشی
38042,پزشکی,دانشگاه علوم پزشکی و خدمات بهداشتی درمانی زاهدان,شرایط خاص,تعهد خدمت,2,191,دانشگاه علوم پزشکی و خدمات بهداشتی درمانی زاهدان - دارای تعهد خدمت یک و نیم برابر طول مدت تحصیل در مناطق مورد نیاز دانشگاه علوم پزشکی زاهدان - عدم تعهد در واگذاری خوابگاه | مخصوص متقاضیان بومی استان سیستان و بلوچستان با اولویت پذیرش متقاضیان بومی مناطق تحت پوشش دانشگاه علوم پزشکی زاهدان شامل تفتان، خاش، زاهدان، سراوان، سیب سوران، گلشن، میرجاوه دانشگاه علوم پزشکی و خدمات بهداشتی درمانی زاهدان- دارای تعهد خدمت یک و نیم برابر طول دوره تحصیل در پزشک قانونی مرد زن 2 - دکتری عمومی پزشکی 38041 با آزمون شهرستان های استان سیستان و بلوچستان- عدم تعه د در واگذاری خوابگاه | رشته محل های پزشکی، داروسازی و دندان پزشکی دارای تعهد خدمت موضوع قانون برقراری عدالت آموزشی
38047,داروسازی,دانشگاه علوم پزشکی و خدمات بهداشتی درمانی زابل,شرایط خاص,تعهد خدمت,2,191,دانشگاه علوم پزشکی و خدمات بهداشتی درمانی زابل - دارای تعهد خدمت یک و نیم برابر طول دوره تحصیل در مناطق مورد نیاز دانشگاه علوم پزشکی زاهدان | مخصوص متقاضیان بومی استان سیستان و بلوچستان با اولویت پذیرش متقاضیان بومی مناطق تحت پوشش دانشگاه علوم پزشکی زاهدان شامل تفتان، خاش، زاهدان، سراوان، سیب سوران، گلشن، میرجاوه دانشگاه علوم پزشکی و خدمات بهداشتی درمانی زاهدان- دارای تعهد خدمت یک و نیم برابر طول دوره تحصیل در پزشک قانونی مرد زن 2 - دکتری عمومی پزشکی 38041 با آزمون شهرستان های استان سیستان و بلوچستان- عدم تعه د در واگذاری خوابگاه دانشگاه علوم پزشکی و خدمات بهداشتی درمانی زاهدان- دارای مرد زن - 2 دکتری عمومی پزشکی 38042 با آزمون تعهد خدمت یک و نیم برابر طول مدت تحصیل در مناطق مورد نیاز دانشگاه علوم پزشکی زاهدان- عدم تعهد در واگذاری خوابگاه | رشته محل های پزشکی، داروسازی و دندان پزشکی دارای تعهد خدمت موضوع قانون برقراری عدالت آموزشی
38048,دندانپزشکی,دانشگاه علوم پزشکی و خدمات بهداشتی درمانی زاهدان,شرایط خاص,تعهد خدمت,3,191,دانشگاه علوم پزشکی و خدمات بهداشتی درمانی زاهدان - دارای تعهد خدمت یک و نیم برابر طول دوره تحصیل در مناطق مورد نیاز دانشگاه علوم پزشکی زاهدان - عدم تعهد در واگذاری خوابگاه | مخصوص متقاضیان بومی استان سیستان و بلوچستان با اولویت پذیرش متقاضیان بومی مناطق تحت پوشش دانشگاه علوم پزشکی زاهدان شامل تفتان، خاش، زاهدان، سراوان، سیب سوران، گلشن، میرجاوه دانشگاه علوم پزشکی و خدمات بهداشتی درمانی زاهدان- دارای تعهد خدمت یک و نیم برابر طول دوره تحصیل در پزشک قانونی مرد زن 2 - دکتری عمومی پزشکی 38041 با آزمون شهرستان های استان سیستان و بلوچستان- عدم تعه د در واگذاری خوابگاه دانشگاه علوم پزشکی و خدمات بهداشتی درمانی زاهدان- دارای مرد زن - 2 دکتری عمومی پزشکی 38042 با آزمون تعهد خدمت یک و نیم برابر طول مدت تحصیل در مناطق مورد نیاز دانشگاه علوم پزشکی زاهدان- عدم تعهد در واگذاری خوابگاه دانشگاه علوم پزشکی و خدمات بهداشتی درمانی زابل- دارای تعهد مرد زن - 2 دکتری عمومی داروسازی 38047 با آزمون خدمت یک و نیم برابر طول دوره تحصیل در مناطق مورد نیاز دانشگاه علوم پزشکی زاهدان | رشته محل های پزشکی، داروسازی و دندان پزشکی دارای تعهد خدمت موضوع قانون برقراری عدالت آموزشی
38043,پزشکی,دانشگاه علوم پزشکی و خدمات بهداشتی درمانی زاهدان,شرایط خاص,تعهد خدمت,7,191,دانشگاه علوم پزشکی و خدمات بهداشتی درمانی زاهدان - دارای تعهد خدمت یک و نیم برابر طول مدت تحصیل در مناطق مورد نیاز دانشکده علوم پزشکی چابهار - عدم تعهد در واگذاری خو ابگاه | مخصوص متقاضیان بومی استان سیستان و بلوچستان با اولویت مناطق تحت پوشش دانشکده علوم پزشکی چابهار شامل شهرستان های چابهار، دشتیاری، زرآباد، قصرقند، کنارک، نیک شهر | رشته محل های پزشکی، داروسازی و دندان پزشکی دارای تعهد خدمت موضوع قانون برقراری عدالت آموزشی
38044,داروسازی,دانشگاه علوم پزشکی و خدمات بهداشتی درمانی زابل,شرایط خاص,تعهد خدمت,2,191,دانشگاه علوم پزشکی و خدمات بهداشتی درمانی زابل - دارای تعهد خدمت یک و نیم برابر طول دوره تحصیل در مناطق موردنیاز دانشکده علوم پزشکی چابهار | مخصوص متقاضیان بومی استان سیستان و بلوچستان با اولویت مناطق تحت پوشش دانشکده علوم پزشکی چابهار شامل شهرستان های چابهار، دشتیاری، زرآباد، قصرقند، کنارک، نیک شهر دانشگاه علوم پزشکی و خدمات بهداشتی درمانی زاهدان- دارای مرد زن - 7 دکتری عمومی پزشکی 38043 با آزمون تعهد خدمت یک و نیم برابر طول مدت تحصیل در مناطق مورد نیاز دانشکده علوم پزشکی چابهار- عدم تعهد در واگذاری خو ابگاه | رشته محل های پزشکی، داروسازی و دندان پزشکی دارای تعهد خدمت موضوع قانون برقراری عدالت آموزشی
38050,دندانپزشکی,دانشگاه علوم پزشکی و خدمات بهداشتی درمانی زاهدان,شرایط خاص,تعهد خدمت,2,191,دانشگاه علوم پزشکی و خدمات بهداشتی درمانی زاهدان - دارای تعهد خدمت یک و نیم برابر طول مدت تحصیل در مناطق مورد نیاز دانشکده علوم پزشکی چابهار - عدم تعهد در واگذاری خوابگاه | مخصوص متقاضیان بومی استان سیستان و بلوچستان با اولویت مناطق تحت پوشش دانشکده علوم پزشکی چابهار شامل شهرستان های چابهار، دشتیاری، زرآباد، قصرقند، کنارک، نیک شهر دانشگاه علوم پزشکی و خدمات بهداشتی درمانی زاهدان- دارای مرد زن - 7 دکتری عمومی پزشکی 38043 با آزمون تعهد خدمت یک و نیم برابر طول مدت تحصیل در مناطق مورد نیاز دانشکده علوم پزشکی چابهار- عدم تعهد در واگذاری خو ابگاه دانشگاه علوم پزشکی و خدمات بهداشتی درمانی زابل- دارای تعهد مرد زن - 2 دکتری عمومی داروسازی 38044 با آزمون خدمت یک و نیم برابر طول دوره تحصیل در مناطق موردنیاز دانشکده علوم پزشکی چابهار | رشته محل های پزشکی، داروسازی و دندان پزشکی دارای تعهد خدمت موضوع قانون برقراری عدالت آموزشی
38052,پزشکی,دانشگاه علوم پزشکی و خدمات بهداشتی درمانی شیراز ( محل تحصیل دانشکده علوم پزشکی گراش ),شرایط خاص,تعهد خدمت,6,191,دانشگاه علوم پزشکی و خدمات بهداشتی درمانی شیراز ( محل تحصیل دانشکده علوم پزشکی گراش ) - دارای تعهد خدمت یک و نیم برابر طول مدت تحصیل در مناطق مورد نیاز دانشکده علوم پزشکی گراش - فاقد خوابگاه | مخصوص متقاضیان بومی استان فارس | رشته محل های پزشکی، داروسازی و دندان پزشکی دارای تعهد خدمت موضوع قانون برقراری عدالت آموزشی
38053,پزشکی,دانشگاه علوم پزشکی و خدمات بهداشتی درمانی شیراز ( محل تحصیل دانشکده علوم پزشکی الرستان ),شرایط خاص,تعهد خدمت,6,191,دانشگاه علوم پزشکی و خدمات بهداشتی درمانی شیراز ( محل تحصیل دانشکده علوم پزشکی الرستان ) - دارای تعهد خدمت یک و نیم برابر طول مدت تحصیل در مناطق مورد نیاز دانشکده علوم پزشکی الرستان - فاقد خوابگاه | مخصوص متقاضیان بومی استان فارس دانشگاه علوم پزشکی و خدمات بهداشتی درمانی شیراز (محل )تحصیل دانشکده علوم پزشکی گراش- دارای تعهد خدمت یک و مرد زن 6 - دکتری عمومی پزشکی 38052 با آزمون نیم برابر طول مدت تحصیل در مناطق مورد نیاز دانشکده علوم پزشکی گراش- فاقد خوابگاه | رشته محل های پزشکی، داروسازی و دندان پزشکی دارای تعهد خدمت موضوع قانون برقراری عدالت آموزشی
38054,پزشکی,دانشگاه علوم پزشکی و خدمات بهداشتی درمانی شیراز,شرایط خاص,تعهد خدمت,6,191,دانشگاه علوم پزشکی و خدمات بهداشتی درمانی شیراز - دارای تعهد خدمت یک و نیم برابر طول دوره تحصیل در پزشک قانونی شهرستان های استان فارس - محدودیت در ارائه خوابگاه | مخصوص متقاضیان بومی استان فارس دانشگاه علوم پزشکی و خدمات بهداشتی درمانی شیراز (محل )تحصیل دانشکده علوم پزشکی گراش- دارای تعهد خدمت یک و مرد زن 6 - دکتری عمومی پزشکی 38052 با آزمون نیم برابر طول مدت تحصیل در مناطق مورد نیاز دانشکده علوم پزشکی گراش- فاقد خوابگاه دانشگاه علوم پزشکی و خدمات بهداشتی درمانی شیراز (محل )تحصیل دانشکده علوم پزشکی الرستان- دارای تعهد خدمت یک و مرد زن 6 - دکتری عمومی پزشکی 38053 با آزمون نیم برابر طول مدت تحصیل در مناطق مورد نیاز دانشکده علوم پزشکی الرستان- فاقد خوابگاه | رشته محل های پزشکی، داروسازی و دندان پزشکی دارای تعهد خدمت موضوع قانون برقراری عدالت آموزشی
38055,داروسازی,دانشگاه علوم پزشکی و خدمات بهداشتی درمانی شیراز,شرایط خاص,تعهد خدمت,4,192,دانشگاه علوم پزشکی و خدمات بهداشتی درمانی شیراز - دارای تعهد خدمت یک و نیم برابر طول مدت تحصیل در مناطق مورد نیاز دانشکده علوم پزشکی و خدمات بهداشتی درمانی الرستان - محدودیت در ارائه خوابگاه | ادامه مخصوص متقاضیان بومی استان فارس | رشته محل های پزشکی، داروسازی و دندان پزشکی دارای تعهد خدمت موضوع قانون برقراری عدالت آموزشی
38056,دندانپزشکی,دانشگاه علوم پزشکی و خدمات بهداشتی درمانی شیراز,شرایط خاص,تعهد خدمت,9,192,دانشگاه علوم پزشکی و خدمات بهداشتی درمانی شیراز - دارای تعهد خدمت یک و نیم برابر طول مدت تحصیل در مناطق مورد نیاز دانشکده علوم پزشکی و خدمات بهداشتی درمانی الرستان - محدودیت در ارائه خوابگاه | ادامه مخصوص متقاضیان بومی استان فارس | رشته محل های پزشکی، داروسازی و دندان پزشکی دارای تعهد خدمت موضوع قانون برقراری عدالت آموزشی
38057,پزشکی,دانشگاه علوم پزشکی و خدمات بهداشتی درمانی قزوین,شرایط خاص,تعهد خدمت,15,192,دانشگاه علوم پزشکی و خدمات بهداشتی درمانی قزوین - دارای تعهد خدمت یک و نیم برابر طول مدت تحصیل در مناطق مورد نیاز دانشگاه علوم پزشکی قزوین - عدم تعهد در واگذاری خوابگاه | مخصوص متقاضیان بومی استان قزوین | رشته محل های پزشکی، داروسازی و دندان پزشکی دارای تعهد خدمت موضوع قانون برقراری عدالت آموزشی
38058,پزشکی,دانشگاه علوم پزشکی و خدمات بهداشتی درمانی کردستان - سنندج,شرایط خاص,تعهد خدمت,5,192,دانشگاه علوم پزشکی و خدمات بهداشتی درمانی کردستان - سنندج - دارای تعهد خدمت یک و نیم برابر طول دوره تحصیل در پزشک قانونی شهرستان های استان کردستان - فاقد خوابگاه | مخصوص متقاضیان بومی استان کردستان | رشته محل های پزشکی، داروسازی و دندان پزشکی دارای تعهد خدمت موضوع قانون برقراری عدالت آموزشی
38059,پزشکی,دانشگاه علوم پزشکی و خدمات بهداشتی درمانی کردستان - سنندج,شرایط خاص,تعهد خدمت,12,192,دانشگاه علوم پزشکی و خدمات بهداشتی درمانی کردستان - سنندج - دارای تعهد خدمت یک و نیم برابر طول دوره تحصیل در مناطق مورد نیاز دانشگاه علوم پزشکی کردستان - فاقد خوابگاه | مخصوص متقاضیان بومی استان کردستان دانشگاه علوم پزشکی و خدمات بهداشتی درمانی کردستان- سنندج مرد زن 5 - دکتری عمومی پزشکی 38058 با آزمون - دارای تعهد خدمت یک و نیم برابر طول دوره تحصیل در پزشک قانونی شهرستان های استان کردستان- فاقد خوابگاه | رشته محل های پزشکی، داروسازی و دندان پزشکی دارای تعهد خدمت موضوع قانون برقراری عدالت آموزشی
38060,داروسازی,دانشگاه علوم پزشکی و خدمات بهداشتی درمانی کرمانشاه,شرایط خاص,تعهد خدمت,15,192,دانشگاه علوم پزشکی و خدمات بهداشتی درمانی کرمانشاه - دارای تعهد خدمت یک و نیم برابر طول مدت تحصیل در مناطق مورد نیاز دانشگاه علوم پزشکی کردستان - عدم تعهد در واگذاری خوابگاه | مخصوص متقاضیان بومی استان کردستان دانشگاه علوم پزشکی و خدمات بهداشتی درمانی کردستان- سنندج مرد زن 5 - دکتری عمومی پزشکی 38058 با آزمون - دارای تعهد خدمت یک و نیم برابر طول دوره تحصیل در پزشک قانونی شهرستان های استان کردستان- فاقد خوابگاه دانشگاه علوم پزشکی و خدمات بهداشتی درمانی کردستان- سنندج مرد زن - 12 دکتری عمومی پزشکی 38059 با آزمون - دارای تعهد خدمت یک و نیم برابر طول دوره تحصیل در مناطق مورد نیاز دانشگاه علوم پزشکی کردستان- فاقد خوابگاه | رشته محل های پزشکی، داروسازی و دندان پزشکی دارای تعهد خدمت موضوع قانون برقراری عدالت آموزشی
38061,پزشکی,دانشگاه علوم پزشکی و خدمات بهداشتی درمانی بم,شرایط خاص,تعهد خدمت,17,192,دانشگاه علوم پزشکی و خدمات بهداشتی درمانی بم - دارای تعهد خدمت یک و نیم برابر طول مدت تحصیل در مناطق مورد نیاز دانشگاه علوم پزشکی بم - ممنوعیت نقل و انتقال - محدودیت در ارائه خوابگاه | مخصوص متقاضیان بومی استان کرمان | رشته محل های پزشکی، داروسازی و دندان پزشکی دارای تعهد خدمت موضوع قانون برقراری عدالت آموزشی
38062,پزشکی,دانشگاه علوم پزشکی و خدمات بهداشتی درمانی جیرفت,شرایط خاص,تعهد خدمت,18,192,دانشگاه علوم پزشکی و خدمات بهداشتی درمانی جیرفت - دارای تعهد خدمت یک و نیم برابر طول مدت تحصیل در مناطق مورد نیاز دانشگاه علوم پزشکی جیرفت - فاقد خوابگاه | مخصوص متقاضیان بومی استان کرمان دانشگاه علوم پزشکی و خدمات بهداشتی درمانی بم- دارای تعهد خدمت یک و نیم برابر طول مدت تحصیل در مناطق مورد نیاز مرد زن - 17 دکتری عمومی پزشکی 38061 با آزمون دانشگاه علوم پزشکی بم- ممنوعیت نقل و انتقال- محدودیت در ارائه خوابگاه | رشته محل های پزشکی، داروسازی و دندان پزشکی دارای تعهد خدمت موضوع قانون برقراری عدالت آموزشی
38063,پزشکی,دانشگاه علوم پزشکی و خدمات بهداشتی درمانی کرمان,شرایط خاص,تعهد خدمت,6,192,دانشگاه علوم پزشکی و خدمات بهداشتی درمانی کرمان - دارای تعهد خدمت یک و نیم برابر طول دوره تحصیل در پزشک قانونی شهرستان های استان کرمان - فاقد خوابگاه | مخصوص متقاضیان بومی استان کرمان دانشگاه علوم پزشکی و خدمات بهداشتی درمانی بم- دارای تعهد خدمت یک و نیم برابر طول مدت تحصیل در مناطق مورد نیاز مرد زن - 17 دکتری عمومی پزشکی 38061 با آزمون دانشگاه علوم پزشکی بم- ممنوعیت نقل و انتقال- محدودیت در ارائه خوابگاه دانشگاه علوم پزشکی و خدمات بهداشتی درمانی جیرفت- دارای مرد زن - 18 دکتری عمومی پزشکی 38062 با آزمون تعهد خدمت یک و نیم برابر طول مدت تحصیل در مناطق مورد نیاز دانشگاه علوم پزشکی جیرفت- فاقد خوابگاه | رشته محل های پزشکی، داروسازی و دندان پزشکی دارای تعهد خدمت موضوع قانون برقراری عدالت آموزشی
38064,داروسازی,دانشگاه علوم پزشکی و خدمات بهداشتی درمانی کرمان,شرایط خاص,تعهد خدمت,12,192,دانشگاه علوم پزشکی و خدمات بهداشتی درمانی کرمان - دارای تعهد خدمت یک و نیم برابر طول مدت تحصیل در مناطق مورد نیاز دانشگاه علوم پزشکی و خدمات بهداشتی درمانی بم - فاقد خوابگاه | مخصوص متقاضیان بومی استان کرمان دانشگاه علوم پزشکی و خدمات بهداشتی درمانی بم- دارای تعهد خدمت یک و نیم برابر طول مدت تحصیل در مناطق مورد نیاز مرد زن - 17 دکتری عمومی پزشکی 38061 با آزمون دانشگاه علوم پزشکی بم- ممنوعیت نقل و انتقال- محدودیت در ارائه خوابگاه دانشگاه علوم پزشکی و خدمات بهداشتی درمانی جیرفت- دارای مرد زن - 18 دکتری عمومی پزشکی 38062 با آزمون تعهد خدمت یک و نیم برابر طول مدت تحصیل در مناطق مورد نیاز دانشگاه علوم پزشکی جیرفت- فاقد خوابگاه دانشگاه علوم پزشکی و خدمات بهداشتی درمانی کرمان- دارای مرد زن - 6 دکتری عمومی پزشکی 38063 با آزمون تعهد خدمت یک و نیم برابر طول دوره تحصیل در پزشک قانونی شهرستان های استان کرمان- فاقد خوابگاه | رشته محل های پزشکی، داروسازی و دندان پزشکی دارای تعهد خدمت موضوع قانون برقراری عدالت آموزشی
38065,داروسازی,دانشگاه علوم پزشکی و خدمات بهداشتی درمانی کرمان,شرایط خاص,تعهد خدمت,5,192,دانشگاه علوم پزشکی و خدمات بهداشتی درمانی کرمان - دارای تعهد خدمت یک و نیم برابر طول مدت تحصیل در مناطق مورد نیاز دانشگاه علوم پزشکی جیرفت - فاقد خوابگاه | مخصوص متقاضیان بومی استان کرمان دانشگاه علوم پزشکی و خدمات بهداشتی درمانی بم- دارای تعهد خدمت یک و نیم برابر طول مدت تحصیل در مناطق مورد نیاز مرد زن - 17 دکتری عمومی پزشکی 38061 با آزمون دانشگاه علوم پزشکی بم- ممنوعیت نقل و انتقال- محدودیت در ارائه خوابگاه دانشگاه علوم پزشکی و خدمات بهداشتی درمانی جیرفت- دارای مرد زن - 18 دکتری عمومی پزشکی 38062 با آزمون تعهد خدمت یک و نیم برابر طول مدت تحصیل در مناطق مورد نیاز دانشگاه علوم پزشکی جیرفت- فاقد خوابگاه دانشگاه علوم پزشکی و خدمات بهداشتی درمانی کرمان- دارای مرد زن - 6 دکتری عمومی پزشکی 38063 با آزمون تعهد خدمت یک و نیم برابر طول دوره تحصیل در پزشک قانونی شهرستان های استان کرمان- فاقد خوابگاه دانشگاه علوم پزشکی و خدمات بهداشتی درمانی کرمان- دارای مرد زن - 12 دکتری عمومی داروسازی 38064 با آزمون تعهد خدمت یک و نیم برابر طول مدت تحصیل در مناطق مورد نیاز دانشگاه علوم پزشکی و خدمات بهداشتی درمانی بم- فاقد خوابگاه | رشته محل های پزشکی، داروسازی و دندان پزشکی دارای تعهد خدمت موضوع قانون برقراری عدالت آموزشی
38066,دندانپزشکی,دانشگاه علوم پزشکی و خدمات بهداشتی درمانی کرمان,شرایط خاص,تعهد خدمت,6,192,دانشگاه علوم پزشکی و خدمات بهداشتی درمانی کرمان - دارای تعهد خدمت یک و نیم برابر طول مدت تحصیل در مناطق مورد نیاز دانشگاه علوم پزشکی جیرفت - فاقد خوابگاه | مخصوص متقاضیان بومی استان کرمان دانشگاه علوم پزشکی و خدمات بهداشتی درمانی بم- دارای تعهد خدمت یک و نیم برابر طول مدت تحصیل در مناطق مورد نیاز مرد زن - 17 دکتری عمومی پزشکی 38061 با آزمون دانشگاه علوم پزشکی بم- ممنوعیت نقل و انتقال- محدودیت در ارائه خوابگاه دانشگاه علوم پزشکی و خدمات بهداشتی درمانی جیرفت- دارای مرد زن - 18 دکتری عمومی پزشکی 38062 با آزمون تعهد خدمت یک و نیم برابر طول مدت تحصیل در مناطق مورد نیاز دانشگاه علوم پزشکی جیرفت- فاقد خوابگاه دانشگاه علوم پزشکی و خدمات بهداشتی درمانی کرمان- دارای مرد زن - 6 دکتری عمومی پزشکی 38063 با آزمون تعهد خدمت یک و نیم برابر طول دوره تحصیل در پزشک قانونی شهرستان های استان کرمان- فاقد خوابگاه دانشگاه علوم پزشکی و خدمات بهداشتی درمانی کرمان- دارای مرد زن - 12 دکتری عمومی داروسازی 38064 با آزمون تعهد خدمت یک و نیم برابر طول مدت تحصیل در مناطق مورد نیاز دانشگاه علوم پزشکی و خدمات بهداشتی درمانی بم- فاقد خوابگاه دانشگاه علوم پزشکی و خدمات بهداشتی درمانی کرمان- دارای مرد زن - 5 دکتری عمومی داروسازی 38065 با آزمون تعهد خدمت یک و نیم برابر طول مدت تحصیل در مناطق مورد نیاز دانشگاه علوم پزشکی جیرفت- فاقد خوابگاه | رشته محل های پزشکی، داروسازی و دندان پزشکی دارای تعهد خدمت موضوع قانون برقراری عدالت آموزشی
38067,دندانپزشکی,دانشگاه علوم پزشکی و خدمات بهداشتی درمانی کرمان,شرایط خاص,تعهد خدمت,4,192,دانشگاه علوم پزشکی و خدمات بهداشتی درمانی کرمان - دارای تعهد خدمت یک و نیم برابر طول مدت تحصیل در مناطق مورد نیاز دانشگاه علوم پزشکی بم - فاقد خوابگاه | مخصوص متقاضیان بومی استان کرمان دانشگاه علوم پزشکی و خدمات بهداشتی درمانی بم- دارای تعهد خدمت یک و نیم برابر طول مدت تحصیل در مناطق مورد نیاز مرد زن - 17 دکتری عمومی پزشکی 38061 با آزمون دانشگاه علوم پزشکی بم- ممنوعیت نقل و انتقال- محدودیت در ارائه خوابگاه دانشگاه علوم پزشکی و خدمات بهداشتی درمانی جیرفت- دارای مرد زن - 18 دکتری عمومی پزشکی 38062 با آزمون تعهد خدمت یک و نیم برابر طول مدت تحصیل در مناطق مورد نیاز دانشگاه علوم پزشکی جیرفت- فاقد خوابگاه دانشگاه علوم پزشکی و خدمات بهداشتی درمانی کرمان- دارای مرد زن - 6 دکتری عمومی پزشکی 38063 با آزمون تعهد خدمت یک و نیم برابر طول دوره تحصیل در پزشک قانونی شهرستان های استان کرمان- فاقد خوابگاه دانشگاه علوم پزشکی و خدمات بهداشتی درمانی کرمان- دارای مرد زن - 12 دکتری عمومی داروسازی 38064 با آزمون تعهد خدمت یک و نیم برابر طول مدت تحصیل در مناطق مورد نیاز دانشگاه علوم پزشکی و خدمات بهداشتی درمانی بم- فاقد خوابگاه دانشگاه علوم پزشکی و خدمات بهداشتی درمانی کرمان- دارای مرد زن - 5 دکتری عمومی داروسازی 38065 با آزمون تعهد خدمت یک و نیم برابر طول مدت تحصیل در مناطق مورد نیاز دانشگاه علوم پزشکی جیرفت- فاقد خوابگاه دانشگاه علوم پزشکی و خدمات بهداشتی درمانی کرمان- دارای مرد زن - 6 دکتری عمومی دندانپزشکی 38066 با آزمون تعهد خدمت یک و نیم برابر طول مدت تحصیل در مناطق مورد نیاز دانشگاه علوم پزشکی جیرفت- فاقد خوابگاه | رشته محل های پزشکی، داروسازی و دندان پزشکی دارای تعهد خدمت موضوع قانون برقراری عدالت آموزشی
38068,پزشکی,دانشگاه علوم پزشکی و خدمات بهداشتی درمانی کرمانشاه,شرایط خاص,تعهد خدمت,5,193,دانشگاه علوم پزشکی و خدمات بهداشتی درمانی کرمانشاه - دارای تعهد خدمت یک و نیم برابر طول دوره تحصیل در پزشک قانونی شهرستان های استان کرمانشاه - عدم تعهد در واگذاری خوابگاه | مخصوص متقاضیان بومی استان کرمانشاه | رشته محل های پزشکی، داروسازی و دندان پزشکی دارای تعهد خدمت موضوع قانون برقراری عدالت آموزشی
38069,پزشکی,دانشگاه علوم پزشکی و خدمات بهداشتی درمانی کرمانشاه,شرایط خاص,تعهد خدمت,30,193,دانشگاه علوم پزشکی و خدمات بهداشتی درمانی کرمانشاه - دارای تعهد خدمت یک و نیم برابر طول دوره تحصیل در مناطق مورد نیاز دانشگاه علوم پزشکی کرمانشاه - عدم تعهد در واگذاری خوابگاه | مخصوص متقاضیان بومی استان کرمانشاه | رشته محل های پزشکی، داروسازی و دندان پزشکی دارای تعهد خدمت موضوع قانون برقراری عدالت آموزشی
38070,پزشکی,دانشگاه علوم پزشکی و خدمات بهداشتی درمانی یاسوج,شرایط خاص,تعهد خدمت,17,193,دانشگاه علوم پزشکی و خدمات بهداشتی درمانی یاسوج - دارای تعهد خدمت یک و نیم برابر طول مدت تحصیل در مناطق مورد نیاز دانشگاه علوم پزشکی یاسوج - فاقد خوابگاه | مخصوص متقاضیان بومی استان کهگیلویه و بویراحمد | رشته محل های پزشکی، داروسازی و دندان پزشکی دارای تعهد خدمت موضوع قانون برقراری عدالت آموزشی
38071,پزشکی,دانشگاه علوم پزشکی و خدمات بهداشتی درمانی یاسوج,شرایط خاص,تعهد خدمت,5,193,دانشگاه علوم پزشکی و خدمات بهداشتی درمانی یاسوج - دارای تعهد خدمت یک و نیم برابر طول دوره تحصیل در پزشک قانونی شهرستان های استان کهگیلویه و بویراحمد - فاقد خوابگاه | مخصوص متقاضیان بومی استان کهگیلویه و بویراحمد دانشگاه علوم پزشکی و خدمات بهداشتی درمانی یاسوج- دارای مرد زن 17 - دکتری عمومی پزشکی 38070 با آزمون تعهد خدمت یک و نیم برابر طول مدت تحصیل در مناطق مورد نیاز دانشگاه علوم پزشکی یاسوج- فاقد خوابگاه | رشته محل های پزشکی، داروسازی و دندان پزشکی دارای تعهد خدمت موضوع قانون برقراری عدالت آموزشی
38072,دندانپزشکی,دانشگاه علوم پزشکی و خدمات بهداشتی درمانی یاسوج,شرایط خاص,تعهد خدمت,7,193,دانشگاه علوم پزشکی و خدمات بهداشتی درمانی یاسوج - دارای تعهد خدمت یک و نیم برابر طول مدت تحصیل در مناطق مورد نیاز دانشگاه علوم پزشکی یاسوج - فاقد خوابگاه | مخصوص متقاضیان بومی استان کهگیلویه و بویراحمد دانشگاه علوم پزشکی و خدمات بهداشتی درمانی یاسوج- دارای مرد زن 17 - دکتری عمومی پزشکی 38070 با آزمون تعهد خدمت یک و نیم برابر طول مدت تحصیل در مناطق مورد نیاز دانشگاه علوم پزشکی یاسوج- فاقد خوابگاه دانشگاه علوم پزشکی و خدمات بهداشتی درمانی یاسوج- دارای مرد زن 5 - دکتری عمومی پزشکی 38071 با آزمون تعهد خدمت یک و نیم برابر طول دوره تحصیل در پزشک قانونی شهرستان های استان کهگیلویه و بویراحمد- فاقد خوابگاه | رشته محل های پزشکی، داروسازی و دندان پزشکی دارای تعهد خدمت موضوع قانون برقراری عدالت آموزشی
38073,پزشکی,دانشگاه علوم پزشکی و خدمات بهداشتی درمانی گلستان - گرگان,شرایط خاص,تعهد خدمت,3,193,دانشگاه علوم پزشکی و خدمات بهداشتی درمانی گلستان - گرگان - دارای تعهد خدمت یک و نیم برابر طول مدت تحصیل در مناطق مورد نیاز دانشگاه علوم پزشکی گلستان - فاقد خوابگاه | مخصوص متقاضیان بومی استان گلستان | رشته محل های پزشکی، داروسازی و دندان پزشکی دارای تعهد خدمت موضوع قانون برقراری عدالت آموزشی
38074,داروسازی,دانشگاه علوم پزشکی و خدمات بهداشتی درمانی گیالن - رشت محل تحصیل دانشکده داروسازی )(,شرایط خاص,تعهد خدمت,5,193,دانشگاه علوم پزشکی و خدمات بهداشتی درمانی گیالن - رشت محل تحصیل دانشکده داروسازی )( - دارای تعهد خدمت یک و نیم برابر طول مدت تحصیل در مناطق مورد نیاز دانشگاه علوم پزشکی گیالن - فاقد خوابگاه | مخصوص متقاضیان بومی استان گیالن | رشته محل های پزشکی، داروسازی و دندان پزشکی دارای تعهد خدمت موضوع قانون برقراری عدالت آموزشی
38075,پزشکی,دانشگاه علوم پزشکی و خدمات بهداشتی درمانی لرستان,شرایط خاص,تعهد خدمت,5,193,دانشگاه علوم پزشکی و خدمات بهداشتی درمانی لرستان - خرم آباد ( محل تحصیل دانشکده پزشکی خرم آباد ) - دارای تعهد خدمت یک و نیم برابر طول دوره تحصیل در پزشک قانونی شهرستان های استان لرستان - محدودیت در ارائه خوابگاه | مخصوص متقاضیان بومی استان لرستان | رشته محل های پزشکی، داروسازی و دندان پزشکی دارای تعهد خدمت موضوع قانون برقراری عدالت آموزشی
38076,داروسازی,دانشگاه علوم پزشکی و خدمات بهداشتی درمانی لرستان,شرایط خاص,تعهد خدمت,5,193,دانشگاه علوم پزشکی و خدمات بهداشتی درمانی لرستان - خرم آباد ( محل تحصیل دانشکده داروسازی خرم آباد ) - دارای تعهد خدمت یک و نیم برابر طول دوره تحصیل در مناطق مورد نیاز دانشگاه علوم پزشکی لرستان - محدودیت در ارائه خوابگاه | مخصوص متقاضیان بومی استان لرستان دانشگاه علوم پزشکی و خدمات بهداشتی درمانی لرستان- خرم آباد (محل تحصیل دانشکده پزشکی خرم )آباد- دارای تعهد خدمت یک مرد زن - 5 دکتری عمومی پزشکی 38075 با آزمون و نیم برابر طول دوره تحصیل در پزشک قانونی شهرستان های استان لرستان- محدودیت در ارائه خوابگاه | رشته محل های پزشکی، داروسازی و دندان پزشکی دارای تعهد خدمت موضوع قانون برقراری عدالت آموزشی
38077,پزشکی,دانشگاه علوم پزشکی و خدمات بهداشتی درمانی اراک,شرایط خاص,تعهد خدمت,18,193,دانشگاه علوم پزشکی و خدمات بهداشتی درمانی اراک - دارای تعهد خدمت یک و نیم برابر طول دوره تحصیل در مراکز تحت پوشش دانشگاه علوم پزشکی اراک - فاقد خوابگاه | مخصوص متقاضیان بومی استان مرکزی | رشته محل های پزشکی، داروسازی و دندان پزشکی دارای تعهد خدمت موضوع قانون برقراری عدالت آموزشی
38078,پزشکی,دانشگاه علوم پزشکی و خدمات بهداشتی درمانی اراک ( محل تحصیل دانشکده علوم پزشکی و خدمات بهداشتی درمانی خمین ),شرایط خاص,تعهد خدمت,5,193,دانشگاه علوم پزشکی و خدمات بهداشتی درمانی اراک ( محل تحصیل دانشکده علوم پزشکی و خدمات بهداشتی درمانی خمین ) - دارای تعهد خدمت یک و نیم برابر طول مدت تحصیل در مناطق مورد نیاز دانشکده علوم پزشکی خمین - فاقد خوابگاه | مخصوص متقاضیان بومی استان مرکزی دانشگاه علوم پزشکی و خدمات بهداشتی درمانی اراک- دارای مرد زن 18 - دکتری عمومی پزشکی 38077 با آزمون تعهد خدمت یک و نیم برابر طول دوره تحصیل در مراکز تحت پوشش دانشگاه علوم پزشکی اراک- فاقد خوابگاه | رشته محل های پزشکی، داروسازی و دندان پزشکی دارای تعهد خدمت موضوع قانون برقراری عدالت آموزشی
38079,پزشکی,دانشگاه علوم پزشکی و خدمات بهداشتی درمانی اراک,شرایط خاص,تعهد خدمت,4,194,دانشگاه علوم پزشکی و خدمات بهداشتی درمانی اراک - دارای تعهد خدمت یک و نیم برابر طول دوره تحصیل در پزشکی قانونی شهرستان های استان مرکزی - فاقد خوابگاه | ادامه مخصوص متقاضیان بومی استان مرکزی | رشته محل های پزشکی، داروسازی و دندان پزشکی دارای تعهد خدمت موضوع قانون برقراری عدالت آموزشی
38080,داروسازی,دانشگاه علوم پزشکی و خدمات بهداشتی درمانی زنجان,شرایط خاص,تعهد خدمت,4,194,دانشگاه علوم پزشکی و خدمات بهداشتی درمانی زنجان - دارای تعهد خدمت یک و نیم برابر طول مدت تحصیل در مناطق مورد نیاز دانشکده علوم پزشکی ساوه - فاقد خوابگاه | ادامه مخصوص متقاضیان بومی استان مرکزی | رشته محل های پزشکی، داروسازی و دندان پزشکی دارای تعهد خدمت موضوع قانون برقراری عدالت آموزشی
38081,داروسازی,دانشگاه علوم پزشکی و خدمات بهداشتی درمانی زنجان,شرایط خاص,تعهد خدمت,4,194,دانشگاه علوم پزشکی و خدمات بهداشتی درمانی زنجان - دارای تعهد خدمت یک و نیم برابر طول مدت تحصیل در مناطق مورد نیاز دانشکده علوم پزشکی ساوه - فاقد خوابگاه | ادامه مخصوص متقاضیان بومی استان مرکزی | رشته محل های پزشکی، داروسازی و دندان پزشکی دارای تعهد خدمت موضوع قانون برقراری عدالت آموزشی
38082,دندانپزشکی,دانشگاه علوم پزشکی و خدمات بهداشتی درمانی اراک,شرایط خاص,تعهد خدمت,10,194,دانشگاه علوم پزشکی و خدمات بهداشتی درمانی اراک - دارای تعهد خدمت یک و نیم برابر طول دوره تحصیل در مناطق مورد نیاز دانشگاه علوم پزشکی اراک - فاقد خوابگاه | ادامه مخصوص متقاضیان بومی استان مرکزی | رشته محل های پزشکی، داروسازی و دندان پزشکی دارای تعهد خدمت موضوع قانون برقراری عدالت آموزشی
38083,پزشکی,دانشگاه علوم پزشکی و خدمات بهداشتی درمانی هرمزگان - بندرعباس,شرایط خاص,تعهد خدمت,8,194,دانشگاه علوم پزشکی و خدمات بهداشتی درمانی هرمزگان - بندرعباس - دارای تعهد خدمت یک و نیم برابر طول مدت تحصیل در مناطق مورد نیاز دانشگاه علوم پزشکی هرمزگان - ممنوعیت تغییر رشته و انتقال - فاقد خوابگاه | مخصوص متقاضیان بومی استان هرمزگان | رشته محل های پزشکی، داروسازی و دندان پزشکی دارای تعهد خدمت موضوع قانون برقراری عدالت آموزشی
38084,پزشکی,دانشگاه علوم پزشکی و خدمات بهداشتی درمانی هرمزگان - بندرعباس,شرایط خاص,تعهد خدمت,5,194,دانشگاه علوم پزشکی و خدمات بهداشتی درمانی هرمزگان - بندرعباس - دارای تعهد خدمت یک و نیم برابر طول مدت تحصیل در پزشکی قانونی شهرستان های استان هرمزگان - ممنوعیت تغییر رشته و انتقال - فاقد خوابگاه | مخصوص متقاضیان بومی استان هرمزگان دانشگاه علوم پزشکی و خدمات بهداشتی درمانی هرمزگان- بندرعباس- دارای تعهد خدمت یک و نیم برابر طول مدت تحصیل مرد - - 8 دکتری عمومی پزشکی 38083 با آزمون در مناطق مورد نیاز دانشگاه علوم پزشکی هرمزگان- ممنوعیت تغییر رشته و انتقال- فاقد خوابگاه | رشته محل های پزشکی، داروسازی و دندان پزشکی دارای تعهد خدمت موضوع قانون برقراری عدالت آموزشی
38085,داروسازی,دانشگاه علوم پزشکی و خدمات بهداشتی درمانی هرمزگان - بندرعباس,شرایط خاص,تعهد خدمت,4,194,دانشگاه علوم پزشکی و خدمات بهداشتی درمانی هرمزگان - بندرعباس - دارای تعهد خدمت یک و نیم برابر طول مدت تحصیل در مناطق مورد نیاز دانشگاه علوم پزشکی هرمزگان - فاقد خوابگاه | مخصوص متقاضیان بومی استان هرمزگان دانشگاه علوم پزشکی و خدمات بهداشتی درمانی هرمزگان- بندرعباس- دارای تعهد خدمت یک و نیم برابر طول مدت تحصیل مرد - - 8 دکتری عمومی پزشکی 38083 با آزمون در مناطق مورد نیاز دانشگاه علوم پزشکی هرمزگان- ممنوعیت تغییر رشته و انتقال- فاقد خوابگاه دانشگاه علوم پزشکی و خدمات بهداشتی درمانی هرمزگان- بندرعباس- دارای تعهد خدمت یک و نیم برابر طول مدت تحصیل مرد زن 5 - دکتری عمومی پزشکی 38084 با آزمون در پزشکی قانونی شهرستان های استان هرمزگان- ممنوعیت تغییر رشته و انتقال- فاقد خوابگاه | رشته محل های پزشکی، داروسازی و دندان پزشکی دارای تعهد خدمت موضوع قانون برقراری عدالت آموزشی
38086,پزشکی,دانشگاه علوم پزشکی و خدمات بهداشتی درمانی همدان,شرایط خاص,تعهد خدمت,25,194,دانشگاه علوم پزشکی و خدمات بهداشتی درمانی همدان - دارای تعهد خدمت یک و نیم برابر طول مدت تحصیل در مناطق مورد نیاز دانشگاه علوم پزشکی همدان - اول خوابگاه خودگردان ،سال خوابگاه از سال دوم ملکی | مخصوص متقاضیان بومی استان همدان | رشته محل های پزشکی، داروسازی و دندان پزشکی دارای تعهد خدمت موضوع قانون برقراری عدالت آموزشی
38087,دندانپزشکی,دانشگاه علوم پزشکی و خدمات بهداشتی درمانی همدان,شرایط خاص,تعهد خدمت,13,194,دانشگاه علوم پزشکی و خدمات بهداشتی درمانی همدان - دارای تعهد خدمت یک و نیم برابر طول مدت تحصیل در مناطق موردنیاز دانشگاه علوم پزشکی همدان - سال اول خودگردان ،خوابگاه خوابگاه از سال دوم ملکی | مخصوص متقاضیان بومی استان همدان دانشگاه علوم پزشکی و خدمات بهداشتی درمانی همدان- دارای تعهد خدمت یک و نیم برابر طول مدت تحصیل در مناطق مورد نیاز مرد زن 25 - دکتری عمومی پزشکی 38086 با آزمون دانشگاه علوم پزشکی همدان- ،سال اول خوابگاه خودگردان خوابگاه از سال دوم ملکی | رشته محل های پزشکی، داروسازی و دندان پزشکی دارای تعهد خدمت موضوع قانون برقراری عدالت آموزشی
37651,پرستاری,دانشگاه علوم پزشکی و خدمات بهداشتی درمانی تبریز,شرایط خاص,تعهد خدمت,8,195,دانشگاه علوم پزشکی و خدمات بهداشتی درمانی تبریز - دارای تعهد خدمت دو برابر طول مدت تحصیل در مناطق مورد نیاز دانشگاه علوم پزشکی تبریز | مخصوص متقاضیان بومی استان آذربایجان شرقی | رشته محل های سهمیه بومی در رشته های کاردانی و کارشناسی دارای تعهد خدمت مورد نیاز وزارت بهداشت
37652,اتاق عمل,دانشگاه علوم پزشکی و خدمات بهداشتی درمانی تبریز,شرایط خاص,تعهد خدمت,4,195,دانشگاه علوم پزشکی و خدمات بهداشتی درمانی تبریز - دارای تعهد خدمت دو برابر طول مدت تحصیل در مناطق مورد نیاز دانشگاه علوم پزشکی تبریز | مخصوص متقاضیان بومی استان آذربایجان شرقی | رشته محل های سهمیه بومی در رشته های کاردانی و کارشناسی دارای تعهد خدمت مورد نیاز وزارت بهداشت
37653,علوم تغذیه,دانشکده علوم پزشکی و خدمات بهداشتی درمانی مراغه,شرایط خاص,تعهد خدمت,1,195,دانشکده علوم پزشکی و خدمات بهداشتی درمانی مراغه - دارای تعهد خدمت دو برابر طول مدت تحصیل در مناطق مورد نیاز دانشکده علوم پزشکی مراغه - عدم تعهد در واگذاری خوابگاه | مخصوص متقاضیان بومی استان آذربایجان شرقی | رشته محل های سهمیه بومی در رشته های کاردانی و کارشناسی دارای تعهد خدمت مورد نیاز وزارت بهداشت
37654,فناوری اطلاعات سلامت,دانشگاه علوم پزشکی و خدمات بهداشتی درمانی تبریز,شرایط خاص,تعهد خدمت,5,195,دانشگاه علوم پزشکی و خدمات بهداشتی درمانی تبریز - دارای تعهد خدمت دو برابر طول مدت تحصیل در مناطق مورد نیاز دانشکده علوم پزشکی مراغه | مخصوص متقاضیان بومی استان آذربایجان شرقی | رشته محل های سهمیه بومی در رشته های کاردانی و کارشناسی دارای تعهد خدمت مورد نیاز وزارت بهداشت
37655,فوریت‌های پزشکی پیش‌بیمارستانی,دانشگاه علوم پزشکی و خدمات بهداشتی درمانی تبریز,شرایط خاص,تعهد خدمت,4,195,دانشگاه علوم پزشکی و خدمات بهداشتی درمانی تبریز - دارای تعهد خدمت دو برابر طول مدت تحصیل در مناطق مورد نیاز دانشگاه علوم پزشکی تبریز | مخصوص متقاضیان بومی استان آذربایجان شرقی | رشته محل های سهمیه بومی در رشته های کاردانی و کارشناسی دارای تعهد خدمت مورد نیاز وزارت بهداشت
37656,هوشبری,دانشگاه علوم پزشکی و خدمات بهداشتی درمانی تبریز,شرایط خاص,تعهد خدمت,6,196,دانشگاه علوم پزشکی و خدمات بهداشتی درمانی تبریز - دارای تعهد خدمت دو برابر طول مدت تحصیل در مناطق مورد نیاز دانشگاه علوم پزشکی تبریز | ادامه مخصوص متقاضیان بومی استان آذربایجان شرقی | رشته محل های سهمیه بومی در رشته های کاردانی و کارشناسی دارای تعهد خدمت مورد نیاز وزارت بهداشت
37657,بهداشت عمومی,دانشگاه علوم پزشکی و خدمات بهداشتی درمانی اردبیل,شرایط خاص,تعهد خدمت,6,196,دانشگاه علوم پزشکی و خدمات بهداشتی درمانی اردبیل - دارای تعهد خدمت دو برابر طول مدت تحصیل در مناطق مورد نیاز دانشگاه علوم پزشکی اردبیل - فاقد خوابگاه | مخصوص متقاضیان بومی استان اردبیل | رشته محل های سهمیه بومی در رشته های کاردانی و کارشناسی دارای تعهد خدمت مورد نیاز وزارت بهداشت
37658,پرستاری,دانشگاه علوم پزشکی و خدمات بهداشتی درمانی اردبیل,شرایط خاص,تعهد خدمت,5,196,دانشگاه علوم پزشکی و خدمات بهداشتی درمانی اردبیل - دارای تعهد خدمت دو برابر طول دوره تحصیل در مناطق مورد نیاز دانشگاه علوم پزشکی اردبیل - فاقد خوابگاه | مخصوص متقاضیان بومی استان اردبیل دانشگاه علوم پزشکی و خدمات بهداشتی درمانی اردبیل- دارای مرد زن - 6 بهداشت عمومی 37657 با آزمون تعهد خدمت دو برابر طول مدت تحصیل در مناطق مورد نیاز دانشگاه علوم پزشکی اردبیل- فاقد خوابگاه | رشته محل های سهمیه بومی در رشته های کاردانی و کارشناسی دارای تعهد خدمت مورد نیاز وزارت بهداشت
37659,تکنولوژی پرتوشناسی,دانشگاه علوم پزشکی و خدمات بهداشتی درمانی اردبیل,شرایط خاص,تعهد خدمت,3,196,دانشگاه علوم پزشکی و خدمات بهداشتی درمانی اردبیل - دارای تعهد خدمت دو برابر طول مدت تحصیل در مناطق مورد نیاز دانشگاه علوم پزشکی اردبیل - فاقد خوابگاه | مخصوص متقاضیان بومی استان اردبیل دانشگاه علوم پزشکی و خدمات بهداشتی درمانی اردبیل- دارای مرد زن - 6 بهداشت عمومی 37657 با آزمون تعهد خدمت دو برابر طول مدت تحصیل در مناطق مورد نیاز دانشگاه علوم پزشکی اردبیل- فاقد خوابگاه دانشگاه علوم پزشکی و خدمات بهداشتی درمانی اردبیل- دارای 2 3 - 5 پرستاری 37658 با آزمون تعهد خدمت دو برابر طول دوره تحصیل در مناطق مورد نیاز دانشگاه علوم پزشکی اردبیل- فاقد خوابگاه | رشته محل های سهمیه بومی در رشته های کاردانی و کارشناسی دارای تعهد خدمت مورد نیاز وزارت بهداشت
37660,علوم آزمایشگاهی,دانشگاه علوم پزشکی و خدمات بهداشتی درمانی اردبیل,شرایط خاص,تعهد خدمت,5,196,دانشگاه علوم پزشکی و خدمات بهداشتی درمانی اردبیل - دارای تعهد خدمت دو برابر طول مدت تحصیل در مناطق مورد نیاز دانشگاه علوم پزشکی اردبیل - فاقد خوابگاه | مخصوص متقاضیان بومی استان اردبیل دانشگاه علوم پزشکی و خدمات بهداشتی درمانی اردبیل- دارای مرد زن - 6 بهداشت عمومی 37657 با آزمون تعهد خدمت دو برابر طول مدت تحصیل در مناطق مورد نیاز دانشگاه علوم پزشکی اردبیل- فاقد خوابگاه دانشگاه علوم پزشکی و خدمات بهداشتی درمانی اردبیل- دارای 2 3 - 5 پرستاری 37658 با آزمون تعهد خدمت دو برابر طول دوره تحصیل در مناطق مورد نیاز دانشگاه علوم پزشکی اردبیل- فاقد خوابگاه دانشگاه علوم پزشکی و خدمات بهداشتی درمانی اردبیل- دارای مرد زن - 3 تکنولوژی پرتوشناسی 37659 با آزمون تعهد خدمت دو برابر طول مدت تحصیل در مناطق مورد نیاز دانشگاه علوم پزشکی اردبیل- فاقد خوابگاه | رشته محل های سهمیه بومی در رشته های کاردانی و کارشناسی دارای تعهد خدمت مورد نیاز وزارت بهداشت
37661,فناوری اطلاعات سلامت,دانشگاه علوم پزشکی و خدمات بهداشتی درمانی اردبیل,شرایط خاص,تعهد خدمت,9,196,دانشگاه علوم پزشکی و خدمات بهداشتی درمانی اردبیل - دارای تعهد خدمت دو برابر طول مدت تحصیل در مناطق مورد نیاز دانشگاه علوم پزشکی اردبیل - فاقد خوابگاه | مخصوص متقاضیان بومی استان اردبیل دانشگاه علوم پزشکی و خدمات بهداشتی درمانی اردبیل- دارای مرد زن - 6 بهداشت عمومی 37657 با آزمون تعهد خدمت دو برابر طول مدت تحصیل در مناطق مورد نیاز دانشگاه علوم پزشکی اردبیل- فاقد خوابگاه دانشگاه علوم پزشکی و خدمات بهداشتی درمانی اردبیل- دارای 2 3 - 5 پرستاری 37658 با آزمون تعهد خدمت دو برابر طول دوره تحصیل در مناطق مورد نیاز دانشگاه علوم پزشکی اردبیل- فاقد خوابگاه دانشگاه علوم پزشکی و خدمات بهداشتی درمانی اردبیل- دارای مرد زن - 3 تکنولوژی پرتوشناسی 37659 با آزمون تعهد خدمت دو برابر طول مدت تحصیل در مناطق مورد نیاز دانشگاه علوم پزشکی اردبیل- فاقد خوابگاه دانشگاه علوم پزشکی و خدمات بهداشتی درمانی اردبیل- دارای مرد زن - 5 علوم آزمایشگاهی 37660 با آزمون تعهد خدمت دو برابر طول مدت تحصیل در مناطق مورد نیاز دانشگاه علوم پزشکی اردبیل- فاقد خوابگاه | رشته محل های سهمیه بومی در رشته های کاردانی و کارشناسی دارای تعهد خدمت مورد نیاز وزارت بهداشت
37662,فوریت‌های پزشکی پیش‌بیمارستانی,دانشگاه علوم پزشکی و خدمات بهداشتی درمانی اردبیل,شرایط خاص,تعهد خدمت,2,196,دانشگاه علوم پزشکی و خدمات بهداشتی درمانی اردبیل - دارای تعهد خدمت دو برابر طول مدت تحصیل در مناطق مورد نیاز دانشگاه علوم پزشکی اردبیل - فاقد خوابگاه | مخصوص متقاضیان بومی استان اردبیل دانشگاه علوم پزشکی و خدمات بهداشتی درمانی اردبیل- دارای مرد زن - 6 بهداشت عمومی 37657 با آزمون تعهد خدمت دو برابر طول مدت تحصیل در مناطق مورد نیاز دانشگاه علوم پزشکی اردبیل- فاقد خوابگاه دانشگاه علوم پزشکی و خدمات بهداشتی درمانی اردبیل- دارای 2 3 - 5 پرستاری 37658 با آزمون تعهد خدمت دو برابر طول دوره تحصیل در مناطق مورد نیاز دانشگاه علوم پزشکی اردبیل- فاقد خوابگاه دانشگاه علوم پزشکی و خدمات بهداشتی درمانی اردبیل- دارای مرد زن - 3 تکنولوژی پرتوشناسی 37659 با آزمون تعهد خدمت دو برابر طول مدت تحصیل در مناطق مورد نیاز دانشگاه علوم پزشکی اردبیل- فاقد خوابگاه دانشگاه علوم پزشکی و خدمات بهداشتی درمانی اردبیل- دارای مرد زن - 5 علوم آزمایشگاهی 37660 با آزمون تعهد خدمت دو برابر طول مدت تحصیل در مناطق مورد نیاز دانشگاه علوم پزشکی اردبیل- فاقد خوابگاه دانشگاه علوم پزشکی و خدمات بهداشتی درمانی اردبیل- دارای مرد زن - 9 فناوری اطالعات سالمت 37661 با آزمون تعهد خدمت دو برابر طول مدت تحصیل در مناطق مورد نیاز دانشگاه علوم پزشکی اردبیل- فاقد خوابگاه | رشته محل های سهمیه بومی در رشته های کاردانی و کارشناسی دارای تعهد خدمت مورد نیاز وزارت بهداشت
37663,مامایی,دانشگاه علوم پزشکی و خدمات بهداشتی درمانی اردبیل,شرایط خاص,تعهد خدمت,6,196,دانشگاه علوم پزشکی و خدمات بهداشتی درمانی اردبیل - دارای تعهد خدمت دو برابر طول مدت تحصیل در مناطق مورد نیاز دانشگاه علوم پزشکی اردبیل - فاقد خوابگاه | مخصوص متقاضیان بومی استان اردبیل دانشگاه علوم پزشکی و خدمات بهداشتی درمانی اردبیل- دارای مرد زن - 6 بهداشت عمومی 37657 با آزمون تعهد خدمت دو برابر طول مدت تحصیل در مناطق مورد نیاز دانشگاه علوم پزشکی اردبیل- فاقد خوابگاه دانشگاه علوم پزشکی و خدمات بهداشتی درمانی اردبیل- دارای 2 3 - 5 پرستاری 37658 با آزمون تعهد خدمت دو برابر طول دوره تحصیل در مناطق مورد نیاز دانشگاه علوم پزشکی اردبیل- فاقد خوابگاه دانشگاه علوم پزشکی و خدمات بهداشتی درمانی اردبیل- دارای مرد زن - 3 تکنولوژی پرتوشناسی 37659 با آزمون تعهد خدمت دو برابر طول مدت تحصیل در مناطق مورد نیاز دانشگاه علوم پزشکی اردبیل- فاقد خوابگاه دانشگاه علوم پزشکی و خدمات بهداشتی درمانی اردبیل- دارای مرد زن - 5 علوم آزمایشگاهی 37660 با آزمون تعهد خدمت دو برابر طول مدت تحصیل در مناطق مورد نیاز دانشگاه علوم پزشکی اردبیل- فاقد خوابگاه دانشگاه علوم پزشکی و خدمات بهداشتی درمانی اردبیل- دارای مرد زن - 9 فناوری اطالعات سالمت 37661 با آزمون تعهد خدمت دو برابر طول مدت تحصیل در مناطق مورد نیاز دانشگاه علوم پزشکی اردبیل- فاقد خوابگاه دانشگاه علوم پزشکی و خدمات بهداشتی درمانی اردبیل- دارای مرد زن - 2 فوریت های پزشکی پیش بیمارستانی 37662 با آزمون تعهد خدمت دو برابر طول مدت تحصیل در مناطق مورد نیاز دانشگاه علوم پزشکی اردبیل- فاقد خوابگاه | رشته محل های سهمیه بومی در رشته های کاردانی و کارشناسی دارای تعهد خدمت مورد نیاز وزارت بهداشت
37664,مهندسی بهداشت حرفه ای و ایمنی کار,دانشگاه علوم پزشکی و خدمات بهداشتی درمانی اردبیل,شرایط خاص,تعهد خدمت,1,196,دانشگاه علوم پزشکی و خدمات بهداشتی درمانی اردبیل - دارای تعهد خدمت دو برابر طول مدت تحصیل در مناطق مورد نیاز دانشگاه علوم پزشکی اردبیل - فاقد خوابگاه | مخصوص متقاضیان بومی استان اردبیل دانشگاه علوم پزشکی و خدمات بهداشتی درمانی اردبیل- دارای مرد زن - 6 بهداشت عمومی 37657 با آزمون تعهد خدمت دو برابر طول مدت تحصیل در مناطق مورد نیاز دانشگاه علوم پزشکی اردبیل- فاقد خوابگاه دانشگاه علوم پزشکی و خدمات بهداشتی درمانی اردبیل- دارای 2 3 - 5 پرستاری 37658 با آزمون تعهد خدمت دو برابر طول دوره تحصیل در مناطق مورد نیاز دانشگاه علوم پزشکی اردبیل- فاقد خوابگاه دانشگاه علوم پزشکی و خدمات بهداشتی درمانی اردبیل- دارای مرد زن - 3 تکنولوژی پرتوشناسی 37659 با آزمون تعهد خدمت دو برابر طول مدت تحصیل در مناطق مورد نیاز دانشگاه علوم پزشکی اردبیل- فاقد خوابگاه دانشگاه علوم پزشکی و خدمات بهداشتی درمانی اردبیل- دارای مرد زن - 5 علوم آزمایشگاهی 37660 با آزمون تعهد خدمت دو برابر طول مدت تحصیل در مناطق مورد نیاز دانشگاه علوم پزشکی اردبیل- فاقد خوابگاه دانشگاه علوم پزشکی و خدمات بهداشتی درمانی اردبیل- دارای مرد زن - 9 فناوری اطالعات سالمت 37661 با آزمون تعهد خدمت دو برابر طول مدت تحصیل در مناطق مورد نیاز دانشگاه علوم پزشکی اردبیل- فاقد خوابگاه دانشگاه علوم پزشکی و خدمات بهداشتی درمانی اردبیل- دارای مرد زن - 2 فوریت های پزشکی پیش بیمارستانی 37662 با آزمون تعهد خدمت دو برابر طول مدت تحصیل در مناطق مورد نیاز دانشگاه علوم پزشکی اردبیل- فاقد خوابگاه دانشگاه علوم پزشکی و خدمات بهداشتی درمانی اردبیل - دارای - زن - 6 مامایی 37663 با آزمون تعهد خدمت دو برابر طول مدت تحصیل در مناطق مورد نیاز دانشگاه علوم پزشکی اردبیل- فاقد خوابگاه | رشته محل های سهمیه بومی در رشته های کاردانی و کارشناسی دارای تعهد خدمت مورد نیاز وزارت بهداشت
37665,بهداشت عمومی,دانشگاه علوم پزشکی و خدمات بهداشتی درمانی اصفهان,شرایط خاص,تعهد خدمت,9,196,دانشگاه علوم پزشکی و خدمات بهداشتی درمانی اصفهان - دارای تعهد خدمت دو برابر طول مدت تحصیل در مناطق مورد نیاز دانشگاه علوم پزشکی اصفهان - محدودیت در ارائه خوابگاه | مخصوص متقاضیان بومی استان اصفهان | رشته محل های سهمیه بومی در رشته های کاردانی و کارشناسی دارای تعهد خدمت مورد نیاز وزارت بهداشت
37666,پرستاری,دانشگاه علوم پزشکی و خدمات بهداشتی درمانی اصفهان,شرایط خاص,تعهد خدمت,25,196,دانشگاه علوم پزشکی و خدمات بهداشتی درمانی اصفهان - دارای تعهد خدمت دو برابر طول مدت تحصیل در مناطق مورد نیاز دانشگاه علوم پزشکی اصفهان - محدودیت در ارائه خوابگاه | مخصوص متقاضیان بومی استان اصفهان دانشگاه علوم پزشکی و خدمات بهداشتی درمانی اصفهان- دارای مرد زن - 9 بهداشت عمومی 37665 با آزمون تعهد خدمت دو برابر طول مدت تحصیل در مناطق مورد نیاز دانشگاه علوم پزشکی اصفهان - محدودیت در ارائه خوابگاه | رشته محل های سهمیه بومی در رشته های کاردانی و کارشناسی دارای تعهد خدمت مورد نیاز وزارت بهداشت
37667,پرستاری,دانشگاه علوم پزشکی و خدمات بهداشتی درمانی اصفهان,شرایط خاص,تعهد خدمت,24,196,دانشگاه علوم پزشکی و خدمات بهداشتی درمانی اصفهان - دارای تعهد خدمت دو برابر طول مدت تحصیل در مناطق مورد نیاز دانشگاه علوم پزشکی اصفهان - محدودیت در ارائه خوابگاه | مخصوص متقاضیان بومی استان اصفهان دانشگاه علوم پزشکی و خدمات بهداشتی درمانی اصفهان- دارای مرد زن - 9 بهداشت عمومی 37665 با آزمون تعهد خدمت دو برابر طول مدت تحصیل در مناطق مورد نیاز دانشگاه علوم پزشکی اصفهان - محدودیت در ارائه خوابگاه دانشگاه علوم پزشکی و خدمات بهداشتی درمانی اصفهان- دارای 12 13 - 25 پرستاری 37666 با آزمون تعهد خدمت دو برابر طول مدت تحصیل در مناطق مورد نیاز دانشگاه علوم پزشکی اصفهان- محدودیت در ارائه خوابگاه | رشته محل های سهمیه بومی در رشته های کاردانی و کارشناسی دارای تعهد خدمت مورد نیاز وزارت بهداشت
37668,اتاق عمل,دانشگاه علوم پزشکی و خدمات بهداشتی درمانی اصفهان,شرایط خاص,تعهد خدمت,1,196,دانشگاه علوم پزشکی و خدمات بهداشتی درمانی اصفهان - دارای تعهد خدمت دو برابر طول مدت تحصیل در مناطق مورد نیاز دانشگاه علوم پزشکی اصفهان - محدودیت در ارائه خوابگاه | مخصوص متقاضیان بومی استان اصفهان دانشگاه علوم پزشکی و خدمات بهداشتی درمانی اصفهان- دارای مرد زن - 9 بهداشت عمومی 37665 با آزمون تعهد خدمت دو برابر طول مدت تحصیل در مناطق مورد نیاز دانشگاه علوم پزشکی اصفهان - محدودیت در ارائه خوابگاه دانشگاه علوم پزشکی و خدمات بهداشتی درمانی اصفهان- دارای 12 13 - 25 پرستاری 37666 با آزمون تعهد خدمت دو برابر طول مدت تحصیل در مناطق مورد نیاز دانشگاه علوم پزشکی اصفهان- محدودیت در ارائه خوابگاه دانشگاه علوم پزشکی و خدمات بهداشتی درمانی اصفهان- دارای 12 12 24 - پرستاری 37667 با آزمون تعهد خدمت دو برابر طول مدت تحصیل در مناطق مورد نیاز دانشگاه علوم پزشکی اصفهان- محدودیت در ارائه خوابگاه | رشته محل های سهمیه بومی در رشته های کاردانی و کارشناسی دارای تعهد خدمت مورد نیاز وزارت بهداشت
37669,تکنولوژی پرتوشناسی,دانشگاه علوم پزشکی و خدمات بهداشتی درمانی اصفهان,شرایط خاص,تعهد خدمت,4,196,دانشگاه علوم پزشکی و خدمات بهداشتی درمانی اصفهان - دارای تعهد خدمت دو برابر طول مدت تحصیل در مناطق مورد نیاز دانشگاه علوم پزشکی اصفهان - محدودیت در ارائه خوابگاه | مخصوص متقاضیان بومی استان اصفهان دانشگاه علوم پزشکی و خدمات بهداشتی درمانی اصفهان- دارای مرد زن - 9 بهداشت عمومی 37665 با آزمون تعهد خدمت دو برابر طول مدت تحصیل در مناطق مورد نیاز دانشگاه علوم پزشکی اصفهان - محدودیت در ارائه خوابگاه دانشگاه علوم پزشکی و خدمات بهداشتی درمانی اصفهان- دارای 12 13 - 25 پرستاری 37666 با آزمون تعهد خدمت دو برابر طول مدت تحصیل در مناطق مورد نیاز دانشگاه علوم پزشکی اصفهان- محدودیت در ارائه خوابگاه دانشگاه علوم پزشکی و خدمات بهداشتی درمانی اصفهان- دارای 12 12 24 - پرستاری 37667 با آزمون تعهد خدمت دو برابر طول مدت تحصیل در مناطق مورد نیاز دانشگاه علوم پزشکی اصفهان- محدودیت در ارائه خوابگاه دانشگاه علوم پزشکی و خدمات بهداشتی درمانی اصفهان- دارای مرد زن - 1 تکنولوژی اتاق عمل 37668 با آزمون تعهد خدمت دو برابر طول مدت تحصیل در مناطق مورد نیاز دانشگاه علوم پزشکی اصفهان- محدودیت در ارائه خوابگاه | رشته محل های سهمیه بومی در رشته های کاردانی و کارشناسی دارای تعهد خدمت مورد نیاز وزارت بهداشت
37670,علوم آزمایشگاهی,دانشگاه علوم پزشکی و خدمات بهداشتی درمانی اصفهان,شرایط خاص,تعهد خدمت,9,197,دانشگاه علوم پزشکی و خدمات بهداشتی درمانی اصفهان - دارای تعهد خدمت دو برابر طول مدت تحصیل در مناطق مورد نیاز دانشگاه علوم پزشکی اصفهان - محدودیت در ارائه خوابگاه | ادامه مخصوص متقاضیان بومی استان اصفهان | رشته محل های سهمیه بومی در رشته های کاردانی و کارشناسی دارای تعهد خدمت مورد نیاز وزارت بهداشت
37671,علوم تغذیه,دانشگاه علوم پزشکی و خدمات بهداشتی درمانی اصفهان,شرایط خاص,تعهد خدمت,3,197,دانشگاه علوم پزشکی و خدمات بهداشتی درمانی اصفهان - دارای تعهد خدمت دو برابر طول مدت تحصیل در مناطق مورد نیاز دانشگاه علوم پزشکی اصفهان - محدودیت در ارائه خوابگاه | ادامه مخصوص متقاضیان بومی استان اصفهان | رشته محل های سهمیه بومی در رشته های کاردانی و کارشناسی دارای تعهد خدمت مورد نیاز وزارت بهداشت
37672,فناوری اطلاعات سلامت,دانشگاه علوم پزشکی و خدمات بهداشتی درمانی اصفهان,شرایط خاص,تعهد خدمت,3,197,دانشگاه علوم پزشکی و خدمات بهداشتی درمانی اصفهان - دارای تعهد خدمت دو برابر طول مدت تحصیل در مناطق مورد نیاز دانشگاه علوم پزشکی اصفهان - محدودیت در ارائه خوابگاه | ادامه مخصوص متقاضیان بومی استان اصفهان | رشته محل های سهمیه بومی در رشته های کاردانی و کارشناسی دارای تعهد خدمت مورد نیاز وزارت بهداشت
37673,فوریت‌های پزشکی پیش‌بیمارستانی,دانشگاه علوم پزشکی و خدمات بهداشتی درمانی اصفهان,شرایط خاص,تعهد خدمت,13,197,دانشگاه علوم پزشکی و خدمات بهداشتی درمانی اصفهان - دارای تعهد خدمت دو برابر طول مدت تحصیل در مناطق مورد نیاز دانشگاه علوم پزشکی اصفهان - محدودیت در ارائه خوابگاه | ادامه مخصوص متقاضیان بومی استان اصفهان | رشته محل های سهمیه بومی در رشته های کاردانی و کارشناسی دارای تعهد خدمت مورد نیاز وزارت بهداشت
37674,مامایی,دانشگاه علوم پزشکی و خدمات بهداشتی درمانی اصفهان,شرایط خاص,تعهد خدمت,11,197,دانشگاه علوم پزشکی و خدمات بهداشتی درمانی اصفهان - دارای تعهد خدمت دو برابر طول مدت تحصیل در مناطق مورد نیاز دانشگاه علوم پزشکی اصفهان - محدودیت در ارائه خوابگاه | ادامه مخصوص متقاضیان بومی استان اصفهان | رشته محل های سهمیه بومی در رشته های کاردانی و کارشناسی دارای تعهد خدمت مورد نیاز وزارت بهداشت
37675,مدیریت خدمات بهداشتی درمانی,دانشگاه علوم پزشکی و خدمات بهداشتی درمانی اصفهان,شرایط خاص,تعهد خدمت,1,197,دانشگاه علوم پزشکی و خدمات بهداشتی درمانی اصفهان - دارای تعهد خدمت دو برابر طول مدت تحصیل در مناطق مورد نیاز دانشگاه علوم پزشکی اصفهان - محدودیت در ارائه خوابگاه | ادامه مخصوص متقاضیان بومی استان اصفهان | رشته محل های سهمیه بومی در رشته های کاردانی و کارشناسی دارای تعهد خدمت مورد نیاز وزارت بهداشت
37676,مهندسی بهداشت محیط,دانشگاه علوم پزشکی و خدمات بهداشتی درمانی اصفهان,شرایط خاص,تعهد خدمت,6,197,دانشگاه علوم پزشکی و خدمات بهداشتی درمانی اصفهان - دارای تعهد خدمت دو برابر طول مدت تحصیل در مناطق مورد نیاز دانشگاه علوم پزشکی اصفهان - محدودیت در ارائه خوابگاه | ادامه مخصوص متقاضیان بومی استان اصفهان | رشته محل های سهمیه بومی در رشته های کاردانی و کارشناسی دارای تعهد خدمت مورد نیاز وزارت بهداشت
37677,هوشبری,دانشگاه علوم پزشکی و خدمات بهداشتی درمانی اصفهان,شرایط خاص,تعهد خدمت,2,197,دانشگاه علوم پزشکی و خدمات بهداشتی درمانی اصفهان - دارای تعهد خدمت دو برابر طول مدت تحصیل در مناطق مورد نیاز دانشگاه علوم پزشکی اصفهان - محدودیت در ارائه خوابگاه | ادامه مخصوص متقاضیان بومی استان اصفهان | رشته محل های سهمیه بومی در رشته های کاردانی و کارشناسی دارای تعهد خدمت مورد نیاز وزارت بهداشت
37678,مهندسی بهداشت حرفه ای و ایمنی کار,دانشگاه علوم پزشکی و خدمات بهداشتی درمانی اصفهان,شرایط خاص,تعهد خدمت,5,197,دانشگاه علوم پزشکی و خدمات بهداشتی درمانی اصفهان - دارای تعهد خدمت دو برابر طول مدت تحصیل در مناطق مورد نیاز دانشگاه علوم پزشکی اصفهان - محدودیت در ارائه خوابگاه | ادامه مخصوص متقاضیان بومی استان اصفهان | رشته محل های سهمیه بومی در رشته های کاردانی و کارشناسی دارای تعهد خدمت مورد نیاز وزارت بهداشت
37679,پرستاری,دانشگاه علوم پزشکی و خدمات بهداشتی درمانی بوشهر,شرایط خاص,تعهد خدمت,17,197,دانشگاه علوم پزشکی و خدمات بهداشتی درمانی بوشهر - دارای تعهد خدمت دو برابر طول مدت تحصیل در مناطق مورد نیاز دانشگاه علوم پزشکی بوشهر - فاقد خوابگاه | مخصوص متقاضیان بومی استان بوشهر | رشته محل های سهمیه بومی در رشته های کاردانی و کارشناسی دارای تعهد خدمت مورد نیاز وزارت بهداشت
37680,فوریت‌های پزشکی پیش‌بیمارستانی,دانشگاه علوم پزشکی و خدمات بهداشتی درمانی بوشهر,شرایط خاص,تعهد خدمت,15,197,دانشگاه علوم پزشکی و خدمات بهداشتی درمانی بوشهر - دارای تعهد خدمت دو برابر طول مدت تحصیل در مناطق مورد نیاز دانشگاه علوم پزشکی بوشهر - فاقد خوابگاه | مخصوص متقاضیان بومی استان بوشهر دانشگاه علوم پزشکی و خدمات بهداشتی درمانی بوشهر- دارای 8 9 - 17 پرستاری 37679 با آزمون تعهد خدمت دو برابر طول مدت تحصیل در مناطق مورد نیاز دانشگاه علوم پزشکی بوشهر- فاقد خوابگاه | رشته محل های سهمیه بومی در رشته های کاردانی و کارشناسی دارای تعهد خدمت مورد نیاز وزارت بهداشت
37681,پرستاری,دانشگاه علوم پزشکی و خدمات بهداشتی درمانی تهران,شرایط خاص,تعهد خدمت,23,197,دانشگاه علوم پزشکی و خدمات بهداشتی درمانی تهران - دارای تعهد خدمت دو برابر طول مدت تحصیل در مناطق مورد نیاز دانشگاه علوم پزشکی تهران - دارای خوابگاه ملکی | مخصوص متقاضیان بومی استان تهران | رشته محل های سهمیه بومی در رشته های کاردانی و کارشناسی دارای تعهد خدمت مورد نیاز وزارت بهداشت
37682,پرستاری,دانشگاه علوم پزشکی و خدمات بهداشتی درمانی تهران,شرایط خاص,تعهد خدمت,23,197,دانشگاه علوم پزشکی و خدمات بهداشتی درمانی تهران - دارای تعهد خدمت دو برابر طول مدت تحصیل در مناطق مورد نیاز دانشگاه علوم پزشکی تهران - دارای خوابگاه ملکی | مخصوص متقاضیان بومی استان تهران دانشگاه علوم پزشکی و خدمات بهداشتی درمانی تهران- دارای مرد زن - 23 پرستاری 37681 با آزمون تعهد خدمت دو برابر طول مدت تحصیل در مناطق مورد نیاز دانشگاه علوم پزشکی تهران- دارای خوابگاه ملکی | رشته محل های سهمیه بومی در رشته های کاردانی و کارشناسی دارای تعهد خدمت مورد نیاز وزارت بهداشت
37683,اتاق عمل,دانشگاه علوم پزشکی و خدمات بهداشتی درمانی تهران,شرایط خاص,تعهد خدمت,6,197,دانشگاه علوم پزشکی و خدمات بهداشتی درمانی تهران - دارای تعهد خدمت دو برابر طول مدت تحصیل در مناطق مورد نیاز دانشگاه علوم پزشکی تهران - دارای خوابگاه ملکی | مخصوص متقاضیان بومی استان تهران دانشگاه علوم پزشکی و خدمات بهداشتی درمانی تهران- دارای مرد زن - 23 پرستاری 37681 با آزمون تعهد خدمت دو برابر طول مدت تحصیل در مناطق مورد نیاز دانشگاه علوم پزشکی تهران- دارای خوابگاه ملکی دانشگاه علوم پزشکی و خدمات بهداشتی درمانی تهران- دارای مرد زن 23 - پرستاری 37682 با آزمون تعهد خدمت دو برابر طول مدت تحصیل در مناطق مورد نیاز دانشگاه علوم پزشکی تهران- دارای خوابگاه ملکی | رشته محل های سهمیه بومی در رشته های کاردانی و کارشناسی دارای تعهد خدمت مورد نیاز وزارت بهداشت
37684,فناوری اطلاعات سلامت,دانشگاه علوم پزشکی و خدمات بهداشتی درمانی تهران,شرایط خاص,تعهد خدمت,10,198,دانشگاه علوم پزشکی و خدمات بهداشتی درمانی تهران - دارای تعهد خدمت دو برابر طول مدت تحصیل در مناطق مورد نیاز دانشگاه علوم پزشکی شهید بهشتی - دارای خوابگاه ملکی | ادامه مخصوص متقاضیان بومی استان تهران | رشته محل های سهمیه بومی در رشته های کاردانی و کارشناسی دارای تعهد خدمت مورد نیاز وزارت بهداشت
37685,فوریت‌های پزشکی پیش‌بیمارستانی,دانشگاه علوم پزشکی و خدمات بهداشتی درمانی ایران,شرایط خاص,تعهد خدمت,21,198,دانشگاه علوم پزشکی و خدمات بهداشتی درمانی ایران - متعهد خدمت مرکز اورژانس پیش بیمارستانی استان تهران - محدودیت در ارائه خوابگاه | ادامه مخصوص متقاضیان بومی استان تهران | رشته محل های سهمیه بومی در رشته های کاردانی و کارشناسی دارای تعهد خدمت مورد نیاز وزارت بهداشت
37686,فوریت‌های پزشکی پیش‌بیمارستانی,دانشگاه علوم پزشکی و خدمات بهداشتی درمانی تهران,شرایط خاص,تعهد خدمت,42,198,دانشگاه علوم پزشکی و خدمات بهداشتی درمانی تهران - متعهد خدمت مرکز اورژانس پیش بیمارستانی استان تهران - دارای خوابگاه ملکی | ادامه مخصوص متقاضیان بومی استان تهران | رشته محل های سهمیه بومی در رشته های کاردانی و کارشناسی دارای تعهد خدمت مورد نیاز وزارت بهداشت
37687,فوریت‌های پزشکی پیش‌بیمارستانی,دانشگاه علوم پزشکی و خدمات بهداشتی درمانی شهید بهشتی - تهران,شرایط خاص,تعهد خدمت,21,198,دانشگاه علوم پزشکی و خدمات بهداشتی درمانی شهید بهشتی - تهران - متعهد خدمت مرکز اورژانس پیش بیمارستانی استان تهران | ادامه مخصوص متقاضیان بومی استان تهران | رشته محل های سهمیه بومی در رشته های کاردانی و کارشناسی دارای تعهد خدمت مورد نیاز وزارت بهداشت
37688,هوشبری,دانشگاه علوم پزشکی و خدمات بهداشتی درمانی تهران,شرایط خاص,تعهد خدمت,6,198,دانشگاه علوم پزشکی و خدمات بهداشتی درمانی تهران - دارای تعهد خدمت دو برابر طول مدت تحصیل در مناطق مورد نیاز دانشگاه علوم پزشکی تهران - دارای خوابگاه ملکی | ادامه مخصوص متقاضیان بومی استان تهران | رشته محل های سهمیه بومی در رشته های کاردانی و کارشناسی دارای تعهد خدمت مورد نیاز وزارت بهداشت
37689,پرستاری,دانشگاه علوم پزشکی و خدمات بهداشتی درمانی شهرکرد,شرایط خاص,تعهد خدمت,10,198,دانشگاه علوم پزشکی و خدمات بهداشتی درمانی شهرکرد - دارای تعهد خدمت دو برابر طول مدت تحصیل در مناطق مورد نیاز دانشگاه علوم پزشکی شهرکرد - عدم تعهد در واگذاری خوابگاه | مخصوص متقاضیان بومی استان چهارمحال و بختیاری | رشته محل های سهمیه بومی در رشته های کاردانی و کارشناسی دارای تعهد خدمت مورد نیاز وزارت بهداشت
37690,اتاق عمل,دانشگاه علوم پزشکی و خدمات بهداشتی درمانی شهرکرد,شرایط خاص,تعهد خدمت,4,198,دانشگاه علوم پزشکی و خدمات بهداشتی درمانی شهرکرد - دارای تعهد خدمت دو برابر طول مدت تحصیل در مناطق مورد نیاز دانشگاه علوم پزشکی شهر کرد - عدم تعهد در واگذاری خوابگاه | مخصوص متقاضیان بومی استان چهارمحال و بختیاری دانشگاه علوم پزشکی و خدمات بهداشتی درمانی شهرکرد- دارای 5 5 - 10 پرستاری 37689 با آزمون تعهد خدمت دو برابر طول مدت تحصیل در مناطق مورد نیاز دانشگاه علوم پزشکی شهرکرد- عدم تعهد در واگذاری خوابگاه | رشته محل های سهمیه بومی در رشته های کاردانی و کارشناسی دارای تعهد خدمت مورد نیاز وزارت بهداشت
37691,تکنولوژی پرتوشناسی,دانشگاه علوم پزشکی و خدمات بهداشتی درمانی شهرکرد,شرایط خاص,تعهد خدمت,4,198,دانشگاه علوم پزشکی و خدمات بهداشتی درمانی شهرکرد - دارای تعهد خدمت دو برابر طول مدت تحصیل در مناطق مورد نیاز دانشگاه علوم پزشکی شهرکرد - عدم تعهد در واگذاری خوابگاه | مخصوص متقاضیان بومی استان چهارمحال و بختیاری دانشگاه علوم پزشکی و خدمات بهداشتی درمانی شهرکرد- دارای 5 5 - 10 پرستاری 37689 با آزمون تعهد خدمت دو برابر طول مدت تحصیل در مناطق مورد نیاز دانشگاه علوم پزشکی شهرکرد- عدم تعهد در واگذاری خوابگاه دانشگاه علوم پزشکی و خدمات بهداشتی درمانی شهرکرد- دارای مرد زن - 4 تکنولوژی اتاق عمل 37690 با آزمون تعهد خدمت دو برابر طول مدت تحصیل در مناطق مورد نیاز دانشگاه علوم پزشکی شهر کرد- عدم تعهد در واگذاری خوابگاه | رشته محل های سهمیه بومی در رشته های کاردانی و کارشناسی دارای تعهد خدمت مورد نیاز وزارت بهداشت
37692,فناوری اطلاعات سلامت,دانشگاه علوم پزشکی و خدمات بهداشتی درمانی شهرکرد,شرایط خاص,تعهد خدمت,6,198,دانشگاه علوم پزشکی و خدمات بهداشتی درمانی شهرکرد - دارای تعهد خدمت دو برابر طول مدت تحصیل در مناطق مورد نیاز دانشگاه علوم پزشکی شهرکرد - عدم تعهد در واگذاری خوابگاه | مخصوص متقاضیان بومی استان چهارمحال و بختیاری دانشگاه علوم پزشکی و خدمات بهداشتی درمانی شهرکرد- دارای 5 5 - 10 پرستاری 37689 با آزمون تعهد خدمت دو برابر طول مدت تحصیل در مناطق مورد نیاز دانشگاه علوم پزشکی شهرکرد- عدم تعهد در واگذاری خوابگاه دانشگاه علوم پزشکی و خدمات بهداشتی درمانی شهرکرد- دارای مرد زن - 4 تکنولوژی اتاق عمل 37690 با آزمون تعهد خدمت دو برابر طول مدت تحصیل در مناطق مورد نیاز دانشگاه علوم پزشکی شهر کرد- عدم تعهد در واگذاری خوابگاه دانشگاه علوم پزشکی و خدمات بهداشتی درمانی شهرکرد- دارای مرد زن - 4 تکنولوژی پرتوشناسی 37691 با آزمون تعهد خدمت دو برابر طول مدت تحصیل در مناطق مورد نیاز دانشگاه علوم پزشکی شهرکرد- عدم تعهد در واگذاری خوابگاه | رشته محل های سهمیه بومی در رشته های کاردانی و کارشناسی دارای تعهد خدمت مورد نیاز وزارت بهداشت
37693,فوریت‌های پزشکی پیش‌بیمارستانی,دانشگاه علوم پزشکی و خدمات بهداشتی درمانی شهرکرد ( محل تحصیل دانشکده علوم پزشکی بروجن ),شرایط خاص,تعهد خدمت,8,198,دانشگاه علوم پزشکی و خدمات بهداشتی درمانی شهرکرد ( محل تحصیل دانشکده علوم پزشکی بروجن ) - دارای تعهد خدمت دو برابر طول مدت تحصیل در مناطق مورد نیاز دانشگاه علوم پزشکی شهرکرد - عدم تعهد در واگذاری خوابگاه | مخصوص متقاضیان بومی استان چهارمحال و بختیاری دانشگاه علوم پزشکی و خدمات بهداشتی درمانی شهرکرد- دارای 5 5 - 10 پرستاری 37689 با آزمون تعهد خدمت دو برابر طول مدت تحصیل در مناطق مورد نیاز دانشگاه علوم پزشکی شهرکرد- عدم تعهد در واگذاری خوابگاه دانشگاه علوم پزشکی و خدمات بهداشتی درمانی شهرکرد- دارای مرد زن - 4 تکنولوژی اتاق عمل 37690 با آزمون تعهد خدمت دو برابر طول مدت تحصیل در مناطق مورد نیاز دانشگاه علوم پزشکی شهر کرد- عدم تعهد در واگذاری خوابگاه دانشگاه علوم پزشکی و خدمات بهداشتی درمانی شهرکرد- دارای مرد زن - 4 تکنولوژی پرتوشناسی 37691 با آزمون تعهد خدمت دو برابر طول مدت تحصیل در مناطق مورد نیاز دانشگاه علوم پزشکی شهرکرد- عدم تعهد در واگذاری خوابگاه دانشگاه علوم پزشکی و خدمات بهداشتی درمانی شهرکرد- دارای مرد زن - 6 فناوری اطالعات سالمت 37692 با آزمون تعهد خدمت دو برابر طول مدت تحصیل در مناطق مورد نیاز دانشگاه علوم پزشکی شهرکرد- عدم تعهد در واگذاری خوابگاه | رشته محل های سهمیه بومی در رشته های کاردانی و کارشناسی دارای تعهد خدمت مورد نیاز وزارت بهداشت
37694,مامایی,دانشگاه علوم پزشکی و خدمات بهداشتی درمانی شهرکرد,شرایط خاص,تعهد خدمت,8,198,دانشگاه علوم پزشکی و خدمات بهداشتی درمانی شهرکرد - دارای تعهد خدمت دو برابر طول مدت تحصیل در مناطق مورد نیاز دانشگاه علوم پزشکی شهرکرد - عدم تعهد در واگذاری خوابگاه | مخصوص متقاضیان بومی استان چهارمحال و بختیاری دانشگاه علوم پزشکی و خدمات بهداشتی درمانی شهرکرد- دارای 5 5 - 10 پرستاری 37689 با آزمون تعهد خدمت دو برابر طول مدت تحصیل در مناطق مورد نیاز دانشگاه علوم پزشکی شهرکرد- عدم تعهد در واگذاری خوابگاه دانشگاه علوم پزشکی و خدمات بهداشتی درمانی شهرکرد- دارای مرد زن - 4 تکنولوژی اتاق عمل 37690 با آزمون تعهد خدمت دو برابر طول مدت تحصیل در مناطق مورد نیاز دانشگاه علوم پزشکی شهر کرد- عدم تعهد در واگذاری خوابگاه دانشگاه علوم پزشکی و خدمات بهداشتی درمانی شهرکرد- دارای مرد زن - 4 تکنولوژی پرتوشناسی 37691 با آزمون تعهد خدمت دو برابر طول مدت تحصیل در مناطق مورد نیاز دانشگاه علوم پزشکی شهرکرد- عدم تعهد در واگذاری خوابگاه دانشگاه علوم پزشکی و خدمات بهداشتی درمانی شهرکرد- دارای مرد زن - 6 فناوری اطالعات سالمت 37692 با آزمون تعهد خدمت دو برابر طول مدت تحصیل در مناطق مورد نیاز دانشگاه علوم پزشکی شهرکرد- عدم تعهد در واگذاری خوابگاه دانشگاه علوم پزشکی و خدمات بهداشتی درمانی شهرکرد (محل )تحصیل دانشکده علوم پزشکی بروجن- دارای تعهد خدمت دو 6 2 - 8 فوریت های پزشکی پیش بیمارستانی 37693 با آزمون برابر طول مدت تحصیل در مناطق مورد نیاز دانشگاه علوم پزشکی شهرکرد- عدم تعهد در واگذاری خوابگاه | رشته محل های سهمیه بومی در رشته های کاردانی و کارشناسی دارای تعهد خدمت مورد نیاز وزارت بهداشت
37695,هوشبری,دانشگاه علوم پزشکی و خدمات بهداشتی درمانی شهرکرد,شرایط خاص,تعهد خدمت,4,198,دانشگاه علوم پزشکی و خدمات بهداشتی درمانی شهرکرد - دارای تعهد خدمت دو برابر طول مدت تحصیل در مناطق مورد نیاز دانشگاه علوم پزشکی شهر کرد - عدم تعهد در واگذاری خوابگاه | مخصوص متقاضیان بومی استان چهارمحال و بختیاری دانشگاه علوم پزشکی و خدمات بهداشتی درمانی شهرکرد- دارای 5 5 - 10 پرستاری 37689 با آزمون تعهد خدمت دو برابر طول مدت تحصیل در مناطق مورد نیاز دانشگاه علوم پزشکی شهرکرد- عدم تعهد در واگذاری خوابگاه دانشگاه علوم پزشکی و خدمات بهداشتی درمانی شهرکرد- دارای مرد زن - 4 تکنولوژی اتاق عمل 37690 با آزمون تعهد خدمت دو برابر طول مدت تحصیل در مناطق مورد نیاز دانشگاه علوم پزشکی شهر کرد- عدم تعهد در واگذاری خوابگاه دانشگاه علوم پزشکی و خدمات بهداشتی درمانی شهرکرد- دارای مرد زن - 4 تکنولوژی پرتوشناسی 37691 با آزمون تعهد خدمت دو برابر طول مدت تحصیل در مناطق مورد نیاز دانشگاه علوم پزشکی شهرکرد- عدم تعهد در واگذاری خوابگاه دانشگاه علوم پزشکی و خدمات بهداشتی درمانی شهرکرد- دارای مرد زن - 6 فناوری اطالعات سالمت 37692 با آزمون تعهد خدمت دو برابر طول مدت تحصیل در مناطق مورد نیاز دانشگاه علوم پزشکی شهرکرد- عدم تعهد در واگذاری خوابگاه دانشگاه علوم پزشکی و خدمات بهداشتی درمانی شهرکرد (محل )تحصیل دانشکده علوم پزشکی بروجن- دارای تعهد خدمت دو 6 2 - 8 فوریت های پزشکی پیش بیمارستانی 37693 با آزمون برابر طول مدت تحصیل در مناطق مورد نیاز دانشگاه علوم پزشکی شهرکرد- عدم تعهد در واگذاری خوابگاه دانشگاه علوم پزشکی و خدمات بهداشتی درمانی شهرکرد- دارای - زن - 8 مامایی 37694 با آزمون تعهد خدمت دو برابر طول مدت تحصیل در مناطق مورد نیاز دانشگاه علوم پزشکی شهرکرد- عدم تعهد در واگذاری خوابگاه | رشته محل های سهمیه بومی در رشته های کاردانی و کارشناسی دارای تعهد خدمت مورد نیاز وزارت بهداشت
37696,بهداشت عمومی,دانشگاه علوم پزشکی و خدمات بهداشتی درمانی بیرجند,شرایط خاص,تعهد خدمت,6,198,دانشگاه علوم پزشکی و خدمات بهداشتی درمانی بیرجند - دارای تعهد خدمت دو برابر طول مدت تحصیل در مناطق مورد نیاز دانشگاه علوم پزشکی بیرجند - عدم تعهد در واگذاری خوابگاه | مخصوص متقاضیان بومی استان خراسان جنوبی | رشته محل های سهمیه بومی در رشته های کاردانی و کارشناسی دارای تعهد خدمت مورد نیاز وزارت بهداشت
37697,بهداشت عمومی,دانشگاه علوم پزشکی و خدمات بهداشتی درمانی بیرجند ( محل تحصیل دانشکده علوم پزشکی شهرستان فردوس ),شرایط خاص,تعهد خدمت,2,198,دانشگاه علوم پزشکی و خدمات بهداشتی درمانی بیرجند ( محل تحصیل دانشکده علوم پزشکی شهرستان فردوس ) - دارای تعهد خدمت دو برابر طول مدت تحصیل در مناطق مورد نیاز دانشگاه علوم پزشکی بیرجند - عدم تعهد در واگذاری خوابگاه | مخصوص متقاضیان بومی استان خراسان جنوبی دانشگاه علوم پزشکی و خدمات بهداشتی درمانی بیرجند- دارای مرد زن - 6 بهداشت عمومی 37696 با آزمون تعهد خدمت دو برابر طول مدت تحصیل در مناطق مورد نیاز دانشگاه علوم پزشکی بیرجند- عدم تعهد در واگذاری خوابگاه | رشته محل های سهمیه بومی در رشته های کاردانی و کارشناسی دارای تعهد خدمت مورد نیاز وزارت بهداشت
37698,بهداشت عمومی,دانشگاه علوم پزشکی و خدمات بهداشتی درمانی بیرجند ( محل تحصیل دانشکده علوم پزشکی قائنات ),شرایط خاص,تعهد خدمت,2,199,دانشگاه علوم پزشکی و خدمات بهداشتی درمانی بیرجند ( محل تحصیل دانشکده علوم پزشکی قائنات ) - دارای تعهد خدمت دو برابر طول مدت تحصیل در مناطق مورد نیاز دانشگاه علوم پزشکی بیرجند - عدم تعهد در واگذاری خوابگاه | ادامه مخصوص متقاضیان بومی استان خراسان جنوبی | رشته محل های سهمیه بومی در رشته های کاردانی و کارشناسی دارای تعهد خدمت مورد نیاز وزارت بهداشت
37699,پرستاری,دانشگاه علوم پزشکی و خدمات بهداشتی درمانی بیرجند,شرایط خاص,تعهد خدمت,11,199,دانشگاه علوم پزشکی و خدمات بهداشتی درمانی بیرجند - دارای تعهد خدمت دو برابر طول مدت تحصیل در مناطق مورد نیاز دانشگاه علوم پزشکی بیرجند - عدم تعهد در واگذاری خوابگاه | ادامه مخصوص متقاضیان بومی استان خراسان جنوبی | رشته محل های سهمیه بومی در رشته های کاردانی و کارشناسی دارای تعهد خدمت مورد نیاز وزارت بهداشت
37700,پرستاری,دانشگاه علوم پزشکی و خدمات بهداشتی درمانی بیرجند ( محل تحصیل دانشکده پرستاری طبس ),شرایط خاص,تعهد خدمت,5,199,دانشگاه علوم پزشکی و خدمات بهداشتی درمانی بیرجند ( محل تحصیل دانشکده پرستاری طبس ) - دارای تعهد خدمت دو برابر طول مدت تحصیل در مناطق مورد نیاز دانشگاه علوم پزشکی بیرجند - عدم تعهد در واگذاری خوابگاه | ادامه مخصوص متقاضیان بومی استان خراسان جنوبی | رشته محل های سهمیه بومی در رشته های کاردانی و کارشناسی دارای تعهد خدمت مورد نیاز وزارت بهداشت
37701,پرستاری,دانشگاه علوم پزشکی و خدمات بهداشتی درمانی بیرجند ( محل تحصیل دانشکده علوم پزشکی شهرستان فردوس ),شرایط خاص,تعهد خدمت,6,199,دانشگاه علوم پزشکی و خدمات بهداشتی درمانی بیرجند ( محل تحصیل دانشکده علوم پزشکی شهرستان فردوس ) - دارای تعهد خدمت دو برابر طول مدت تحصیل در مناطق مورد نیاز دانشگاه علوم پزشکی بیرجند - عدم تعهد در واگذاری خوابگاه | ادامه مخصوص متقاضیان بومی استان خراسان جنوبی | رشته محل های سهمیه بومی در رشته های کاردانی و کارشناسی دارای تعهد خدمت مورد نیاز وزارت بهداشت
37702,پرستاری,دانشگاه علوم پزشکی و خدمات بهداشتی درمانی بیرجند ( محل تحصیل دانشکده علوم پزشکی قائنات ),شرایط خاص,تعهد خدمت,5,199,دانشگاه علوم پزشکی و خدمات بهداشتی درمانی بیرجند ( محل تحصیل دانشکده علوم پزشکی قائنات ) - دارای تعهد خدمت دو برابر طول مدت تحصیل در مناطق مورد نیاز دانشگاه علوم پزشکی بیرجند - عدم تعهد در واگذاری خوابگاه | ادامه مخصوص متقاضیان بومی استان خراسان جنوبی | رشته محل های سهمیه بومی در رشته های کاردانی و کارشناسی دارای تعهد خدمت مورد نیاز وزارت بهداشت
37703,اتاق عمل,دانشگاه علوم پزشکی و خدمات بهداشتی درمانی بیرجند,شرایط خاص,تعهد خدمت,3,199,دانشگاه علوم پزشکی و خدمات بهداشتی درمانی بیرجند - دارای تعهد خدمت دو برابر طول مدت تحصیل در مناطق مورد نیاز دانشگاه علوم پزشکی بیرجند - عدم تعهد در واگذاری خوابگاه | ادامه مخصوص متقاضیان بومی استان خراسان جنوبی | رشته محل های سهمیه بومی در رشته های کاردانی و کارشناسی دارای تعهد خدمت مورد نیاز وزارت بهداشت
37704,اتاق عمل,دانشگاه علوم پزشکی و خدمات بهداشتی درمانی بیرجند ( محل تحصیل دانشکده علوم پزشکی شهرستان فردوس ),شرایط خاص,تعهد خدمت,2,199,دانشگاه علوم پزشکی و خدمات بهداشتی درمانی بیرجند ( محل تحصیل دانشکده علوم پزشکی شهرستان فردوس ) - دارای تعهد خدمت دو برابر طول مدت تحصیل در مناطق مورد نیاز دانشگاه علوم پزشکی بیرجند - عدم تعهد در واگذاری خوابگاه | ادامه مخصوص متقاضیان بومی استان خراسان جنوبی | رشته محل های سهمیه بومی در رشته های کاردانی و کارشناسی دارای تعهد خدمت مورد نیاز وزارت بهداشت
37705,تکنولوژی پرتوشناسی,دانشگاه علوم پزشکی و خدمات بهداشتی درمانی بیرجند,شرایط خاص,تعهد خدمت,3,199,دانشگاه علوم پزشکی و خدمات بهداشتی درمانی بیرجند - دارای تعهد خدمت دو برابر طول مدت تحصیل در مناطق مورد نیاز دانشگاه علوم پزشکی بیرجند - عدم تعهد در واگذاری خوابگاه | ادامه مخصوص متقاضیان بومی استان خراسان جنوبی | رشته محل های سهمیه بومی در رشته های کاردانی و کارشناسی دارای تعهد خدمت مورد نیاز وزارت بهداشت
37706,علوم آزمایشگاهی,دانشگاه علوم پزشکی و خدمات بهداشتی درمانی بیرجند ( محل تحصیل دانشکده علوم پزشکی قائنات ),شرایط خاص,تعهد خدمت,5,199,دانشگاه علوم پزشکی و خدمات بهداشتی درمانی بیرجند ( محل تحصیل دانشکده علوم پزشکی قائنات ) - دارای تعهد خدمت دو برابر طول مدت تحصیل در مناطق مورد نیاز دانشگاه علوم پزشکی بیرجند - عدم تعهد در واگذاری خوابگاه | ادامه مخصوص متقاضیان بومی استان خراسان جنوبی | رشته محل های سهمیه بومی در رشته های کاردانی و کارشناسی دارای تعهد خدمت مورد نیاز وزارت بهداشت
37707,علوم آزمایشگاهی,دانشگاه علوم پزشکی و خدمات بهداشتی درمانی بیرجند,شرایط خاص,تعهد خدمت,5,199,دانشگاه علوم پزشکی و خدمات بهداشتی درمانی بیرجند - دارای تعهد خدمت دو برابر طول مدت تحصیل در مناطق مورد نیاز دانشگاه علوم پزشکی بیرجند - عدم تعهد در واگذاری خوابگاه | ادامه مخصوص متقاضیان بومی استان خراسان جنوبی | رشته محل های سهمیه بومی در رشته های کاردانی و کارشناسی دارای تعهد خدمت مورد نیاز وزارت بهداشت
37708,فناوری اطلاعات سلامت,دانشگاه علوم پزشکی و خدمات بهداشتی درمانی بیرجند ( محل تحصیل دانشکده علوم پزشکی شهرستان فردوس ),شرایط خاص,تعهد خدمت,10,199,دانشگاه علوم پزشکی و خدمات بهداشتی درمانی بیرجند ( محل تحصیل دانشکده علوم پزشکی شهرستان فردوس ) - دارای تعهد خدمت دو برابر طول مدت تحصیل در مناطق مورد نیاز دانشگاه علوم پزشکی بیرجند - عدم تعهد در واگذاری خوابگاه | ادامه مخصوص متقاضیان بومی استان خراسان جنوبی | رشته محل های سهمیه بومی در رشته های کاردانی و کارشناسی دارای تعهد خدمت مورد نیاز وزارت بهداشت
37709,فوریت‌های پزشکی پیش‌بیمارستانی,دانشگاه علوم پزشکی و خدمات بهداشتی درمانی بیرجند,شرایط خاص,تعهد خدمت,5,199,دانشگاه علوم پزشکی و خدمات بهداشتی درمانی بیرجند - دارای تعهد خدمت دو برابر طول مدت تحصیل در مناطق مورد نیاز دانشگاه علوم پزشکی بیرجند - عدم تعهد در واگذاری خوابگاه | ادامه مخصوص متقاضیان بومی استان خراسان جنوبی | رشته محل های سهمیه بومی در رشته های کاردانی و کارشناسی دارای تعهد خدمت مورد نیاز وزارت بهداشت
37710,فوریت‌های پزشکی پیش‌بیمارستانی,دانشگاه علوم پزشکی و خدمات بهداشتی درمانی بیرجند ( محل تحصیل دانشکده علوم پزشکی قائنات ),شرایط خاص,تعهد خدمت,10,199,دانشگاه علوم پزشکی و خدمات بهداشتی درمانی بیرجند ( محل تحصیل دانشکده علوم پزشکی قائنات ) - دارای تعهد خدمت دو برابر طول مدت تحصیل در مناطق مورد نیاز دانشگاه علوم پزشکی بیرجند - عدم تعهد در واگذاری خوابگاه | ادامه مخصوص متقاضیان بومی استان خراسان جنوبی | رشته محل های سهمیه بومی در رشته های کاردانی و کارشناسی دارای تعهد خدمت مورد نیاز وزارت بهداشت
37711,مامایی,دانشگاه علوم پزشکی و خدمات بهداشتی درمانی بیرجند,شرایط خاص,تعهد خدمت,4,200,دانشگاه علوم پزشکی و خدمات بهداشتی درمانی بیرجند - دارای تعهد خدمت دو برابر طول مدت تحصیل در مناطق مورد نیاز دانشگاه علوم پزشکی بیرجند - عدم تعهد در واگذاری خوابگاه | ادامه مخصوص متقاضیان بومی استان خراسان جنوبی | رشته محل های سهمیه بومی در رشته های کاردانی و کارشناسی دارای تعهد خدمت مورد نیاز وزارت بهداشت
37712,مامایی,دانشگاه علوم پزشکی و خدمات بهداشتی درمانی بیرجند ( محل تحصیل دانشکده علوم پزشکی قائنات ),شرایط خاص,تعهد خدمت,4,200,دانشگاه علوم پزشکی و خدمات بهداشتی درمانی بیرجند ( محل تحصیل دانشکده علوم پزشکی قائنات ) - دارای تعهد خدمت دو برابر طول مدت تحصیل در مناطق مورد نیاز دانشگاه علوم پزشکی بیرجند - عدم تعهد در واگذاری خوابگاه | ادامه مخصوص متقاضیان بومی استان خراسان جنوبی | رشته محل های سهمیه بومی در رشته های کاردانی و کارشناسی دارای تعهد خدمت مورد نیاز وزارت بهداشت
37713,مدیریت خدمات بهداشتی درمانی,دانشگاه علوم پزشکی و خدمات بهداشتی درمانی بیرجند ( محل تحصیل دانشکده علوم پزشکی شهرستان فردوس ),شرایط خاص,تعهد خدمت,10,200,دانشگاه علوم پزشکی و خدمات بهداشتی درمانی بیرجند ( محل تحصیل دانشکده علوم پزشکی شهرستان فردوس ) - دارای تعهد خدمت دو برابر طول مدت تحصیل در مناطق مورد نیاز دانشگاه علوم پزشکی بیرجند - عدم تعهد در واگذاری خوابگاه | ادامه مخصوص متقاضیان بومی استان خراسان جنوبی | رشته محل های سهمیه بومی در رشته های کاردانی و کارشناسی دارای تعهد خدمت مورد نیاز وزارت بهداشت
37714,مهندسی بهداشت محیط,دانشگاه علوم پزشکی و خدمات بهداشتی درمانی بیرجند,شرایط خاص,تعهد خدمت,1,200,دانشگاه علوم پزشکی و خدمات بهداشتی درمانی بیرجند - دارای تعهد خدمت دو برابر طول مدت تحصیل در مناطق مورد نیاز دانشگاه علوم پزشکی بیرجند - عدم تعهد در واگذاری خوابگاه | ادامه مخصوص متقاضیان بومی استان خراسان جنوبی | رشته محل های سهمیه بومی در رشته های کاردانی و کارشناسی دارای تعهد خدمت مورد نیاز وزارت بهداشت
37715,فوریت‌های پزشکی پیش‌بیمارستانی,دانشگاه علوم پزشکی و خدمات بهداشتی درمانی بیرجند ( محل تحصیل دانشکده پرستاری طبس ),شرایط خاص,تعهد خدمت,10,200,دانشگاه علوم پزشکی و خدمات بهداشتی درمانی بیرجند ( محل تحصیل دانشکده پرستاری طبس ) - دارای تعهد خدمت دو برابر طول مدت تحصیل در مناطق مورد نیاز دانشگاه علوم پزشکی بیرجند - عدم تعهد در واگذاری خوابگاه | ادامه مخصوص متقاضیان بومی استان خراسان جنوبی | رشته محل های سهمیه بومی در رشته های کاردانی و کارشناسی دارای تعهد خدمت مورد نیاز وزارت بهداشت
37716,فوریت‌های پزشکی پیش‌بیمارستانی,دانشگاه علوم پزشکی و خدمات بهداشتی درمانی بیرجند ( محل تحصیل دانشکده علوم پزشکی شهرستان فردوس ),شرایط خاص,تعهد خدمت,10,200,دانشگاه علوم پزشکی و خدمات بهداشتی درمانی بیرجند ( محل تحصیل دانشکده علوم پزشکی شهرستان فردوس ) - دارای تعهد خدمت دو برابر طول مدت تحصیل در مناطق مورد نیاز دانشگاه علوم پزشکی بیرجند - عدم تعهد در واگذاری خوابگاه | ادامه مخصوص متقاضیان بومی استان خراسان جنوبی | رشته محل های سهمیه بومی در رشته های کاردانی و کارشناسی دارای تعهد خدمت مورد نیاز وزارت بهداشت
37717,فوریت‌های پزشکی پیش‌بیمارستانی,دانشگاه علوم پزشکی و خدمات بهداشتی درمانی بیرجند ( محل تحصیل دانشکده علوم پزشکی قائنات ),شرایط خاص,تعهد خدمت,10,200,دانشگاه علوم پزشکی و خدمات بهداشتی درمانی بیرجند ( محل تحصیل دانشکده علوم پزشکی قائنات ) - دارای تعهد خدمت دو برابر طول مدت تحصیل در مناطق مورد نیاز دانشگاه علوم پزشکی بیرجند - عدم تعهد در واگذاری خوابگاه | ادامه مخصوص متقاضیان بومی استان خراسان جنوبی | رشته محل های سهمیه بومی در رشته های کاردانی و کارشناسی دارای تعهد خدمت مورد نیاز وزارت بهداشت
37718,مهندسی بهداشت حرفه ای و ایمنی کار,دانشگاه علوم پزشکی و خدمات بهداشتی درمانی بیرجند,شرایط خاص,تعهد خدمت,1,200,دانشگاه علوم پزشکی و خدمات بهداشتی درمانی بیرجند - دارای تعهد خدمت دو برابر طول مدت تحصیل در مناطق مورد نیاز دانشگاه علوم پزشکی بیرجند - عدم تعهد در واگذاری خوابگاه | ادامه مخصوص متقاضیان بومی استان خراسان جنوبی | رشته محل های سهمیه بومی در رشته های کاردانی و کارشناسی دارای تعهد خدمت مورد نیاز وزارت بهداشت
37719,بهداشت عمومی,دانشگاه علوم پزشکی و خدمات بهداشتی درمانی نیشابور,شرایط خاص,تعهد خدمت,2,200,دانشگاه علوم پزشکی و خدمات بهداشتی درمانی نیشابور - دارای تعهد خدمت دو برابر طول مدت تحصیل در مناطق مورد نیاز دانشگاه علوم پزشکی نیشابور - عدم تعهد در واگذاری خوابگاه | مخصوص متقاضیان بومی استان خراسان رضوی | رشته محل های سهمیه بومی در رشته های کاردانی و کارشناسی دارای تعهد خدمت مورد نیاز وزارت بهداشت
37720,بهداشت عمومی,دانشکده علوم پزشکی و خدمات بهداشتی درمانی تربت جام,شرایط خاص,تعهد خدمت,10,200,دانشکده علوم پزشکی و خدمات بهداشتی درمانی تربت جام - دارای تعهد خدمت دو برابر طول مدت تحصیل در مناطق مورد نیاز دانشکده علوم پزشکی تربت جام - به خوابگاه خودگردان ،معرفی « برادران » خوابگاه استیجاری با ظرفیت محدود | مخصوص متقاضیان بومی استان خراسان رضوی دانشگاه علوم پزشکی و خدمات بهداشتی درمانی نیشابور- دارای مرد زن - 2 بهداشت عمومی 37719 با آزمون تعهد خدمت دو برابر طول مدت تحصیل در مناطق مورد نیاز دانشگاه علوم پزشکی نیشابور- عدم تعهد در واگذاری خوابگاه | رشته محل های سهمیه بومی در رشته های کاردانی و کارشناسی دارای تعهد خدمت مورد نیاز وزارت بهداشت
37721,پرستاری,دانشکده علوم پزشکی و خدمات بهداشتی درمانی تربت جام,شرایط خاص,تعهد خدمت,15,200,دانشکده علوم پزشکی و خدمات بهداشتی درمانی تربت جام - دارای تعهد خدمت دو برابر طول مدت تحصیل در مناطق مورد نیاز دانشکده علوم پزشکی تربت جام - به خوابگاه خودگردان ،معرفی « برادران » خوابگاه استیجاری با ظرفیت محدود | مخصوص متقاضیان بومی استان خراسان رضوی دانشگاه علوم پزشکی و خدمات بهداشتی درمانی نیشابور- دارای مرد زن - 2 بهداشت عمومی 37719 با آزمون تعهد خدمت دو برابر طول مدت تحصیل در مناطق مورد نیاز دانشگاه علوم پزشکی نیشابور- عدم تعهد در واگذاری خوابگاه دانشکده علوم پزشکی و خدمات بهداشتی درمانی تربت جام- دارای تعهد خدمت دو برابر طول مدت تحصیل در مناطق مورد نیاز مرد زن - 10 بهداشت عمومی 37720 با آزمون دانشکده علوم پزشکی تربت جام- ،معرفی به خوابگاه خودگردان | رشته محل های سهمیه بومی در رشته های کاردانی و کارشناسی دارای تعهد خدمت مورد نیاز وزارت بهداشت
37722,اتاق عمل,دانشگاه علوم پزشکی و خدمات بهداشتی درمانی سبزوار,شرایط خاص,تعهد خدمت,2,200,دانشگاه علوم پزشکی و خدمات بهداشتی درمانی سبزوار - دارای تعهد خدمت دو برابر طول مدت تحصیل در مناطق مورد نیاز دانشگاه علوم پزشکی سبزوار - عدم تعهد در واگذاری خوابگاه | مخصوص متقاضیان بومی استان خراسان رضوی دانشگاه علوم پزشکی و خدمات بهداشتی درمانی نیشابور- دارای مرد زن - 2 بهداشت عمومی 37719 با آزمون تعهد خدمت دو برابر طول مدت تحصیل در مناطق مورد نیاز دانشگاه علوم پزشکی نیشابور- عدم تعهد در واگذاری خوابگاه دانشکده علوم پزشکی و خدمات بهداشتی درمانی تربت جام- دارای تعهد خدمت دو برابر طول مدت تحصیل در مناطق مورد نیاز مرد زن - 10 بهداشت عمومی 37720 با آزمون دانشکده علوم پزشکی تربت جام- ،معرفی به خوابگاه خودگردان | رشته محل های سهمیه بومی در رشته های کاردانی و کارشناسی دارای تعهد خدمت مورد نیاز وزارت بهداشت
37723,اتاق عمل,دانشکده علوم پزشکی و خدمات بهداشتی درمانی تربت جام,شرایط خاص,تعهد خدمت,11,201,دانشکده علوم پزشکی و خدمات بهداشتی درمانی تربت جام - دارای تعهد خدمت دو برابر طول مدت تحصیل در مناطق مورد نیاز دانشکده علوم پزشکی تربت جام - به خوابگاه خودگردان ،معرفی « برادران » خوابگاه استیجاری با ظرفیت محدود | ادامه مخصوص متقاضیان بومی استان خراسان رضوی | رشته محل های سهمیه بومی در رشته های کاردانی و کارشناسی دارای تعهد خدمت مورد نیاز وزارت بهداشت
37724,تکنولوژی پرتوشناسی,دانشگاه علوم پزشکی و خدمات بهداشتی درمانی سبزوار,شرایط خاص,تعهد خدمت,2,201,دانشگاه علوم پزشکی و خدمات بهداشتی درمانی سبزوار - دارای تعهد خدمت دو برابر طول مدت تحصیل در مناطق مورد نیاز دانشگاه علوم پزشکی سبزوار - عدم تعهد در واگذاری خوابگاه | ادامه مخصوص متقاضیان بومی استان خراسان رضوی | رشته محل های سهمیه بومی در رشته های کاردانی و کارشناسی دارای تعهد خدمت مورد نیاز وزارت بهداشت
37725,علوم آزمایشگاهی,دانشگاه علوم پزشکی و خدمات بهداشتی درمانی مشهد,شرایط خاص,تعهد خدمت,5,201,دانشگاه علوم پزشکی و خدمات بهداشتی درمانی مشهد - دارای تعهد خدمت دو برابر طول مدت تحصیل در مناطق مورد نیاز دانشکده علوم پزشکی تربت جام - عدم تعهد در واگذاری خوابگاه | ادامه مخصوص متقاضیان بومی استان خراسان رضوی | رشته محل های سهمیه بومی در رشته های کاردانی و کارشناسی دارای تعهد خدمت مورد نیاز وزارت بهداشت
37726,علوم تغذیه,دانشگاه علوم پزشکی و خدمات بهداشتی درمانی نیشابور,شرایط خاص,تعهد خدمت,4,201,دانشگاه علوم پزشکی و خدمات بهداشتی درمانی نیشابور - دارای تعهد خدمت دو برابر طول مدت تحصیل در مناطق مورد نیاز دانشگاه علوم پزشکی نیشابور - عدم تعهد در واگذاری خوابگاه | ادامه مخصوص متقاضیان بومی استان خراسان رضوی | رشته محل های سهمیه بومی در رشته های کاردانی و کارشناسی دارای تعهد خدمت مورد نیاز وزارت بهداشت
37727,فناوری اطلاعات سلامت,دانشگاه علوم پزشکی و خدمات بهداشتی درمانی مشهد,شرایط خاص,تعهد خدمت,2,201,دانشگاه علوم پزشکی و خدمات بهداشتی درمانی مشهد - دارای تعهد خدمت دو برابر طول مدت تحصیل در مناطق مورد نیاز دانشکده علوم پزشکی تربت جام - عدم تعهد در واگذاری خوابگاه | ادامه مخصوص متقاضیان بومی استان خراسان رضوی | رشته محل های سهمیه بومی در رشته های کاردانی و کارشناسی دارای تعهد خدمت مورد نیاز وزارت بهداشت
37728,فناوری اطلاعات سلامت,دانشگاه علوم پزشکی و خدمات بهداشتی درمانی نیشابور,شرایط خاص,تعهد خدمت,3,201,دانشگاه علوم پزشکی و خدمات بهداشتی درمانی نیشابور - دارای تعهد خدمت دو برابر طول مدت تحصیل در مناطق مورد نیاز دانشگاه علوم پزشکی نیشابور - عدم تعهد در واگذاری خوابگاه | ادامه مخصوص متقاضیان بومی استان خراسان رضوی | رشته محل های سهمیه بومی در رشته های کاردانی و کارشناسی دارای تعهد خدمت مورد نیاز وزارت بهداشت
37729,فوریت‌های پزشکی پیش‌بیمارستانی,دانشگاه علوم پزشکی و خدمات بهداشتی درمانی نیشابور,شرایط خاص,تعهد خدمت,8,201,دانشگاه علوم پزشکی و خدمات بهداشتی درمانی نیشابور - دارای تعهد خدمت دو برابر طول مدت تحصیل در مناطق مورد نیاز دانشگاه علوم پزشکی نیشابور - عدم تعهد در واگذاری خوابگاه | ادامه مخصوص متقاضیان بومی استان خراسان رضوی | رشته محل های سهمیه بومی در رشته های کاردانی و کارشناسی دارای تعهد خدمت مورد نیاز وزارت بهداشت
37730,مهندسی بهداشت محیط,دانشگاه علوم پزشکی و خدمات بهداشتی درمانی نیشابور,شرایط خاص,تعهد خدمت,1,201,دانشگاه علوم پزشکی و خدمات بهداشتی درمانی نیشابور - دارای تعهد خدمت دو برابر طول مدت تحصیل در مناطق مورد نیاز دانشگاه علوم پزشکی نیشابور - عدم تعهد در واگذاری خوابگاه | ادامه مخصوص متقاضیان بومی استان خراسان رضوی | رشته محل های سهمیه بومی در رشته های کاردانی و کارشناسی دارای تعهد خدمت مورد نیاز وزارت بهداشت
37736,مهندسی بهداشت حرفه ای و ایمنی کار,دانشگاه علوم پزشکی و خدمات بهداشتی درمانی نیشابور,شرایط خاص,تعهد خدمت,1,201,دانشگاه علوم پزشکی و خدمات بهداشتی درمانی نیشابور - دارای تعهد خدمت دو برابر طول مدت تحصیل در مناطق مورد نیاز دانشگاه علوم پزشکی نیشابور - عدم تعهد در واگذاری خوابگاه | ادامه مخصوص متقاضیان بومی استان خراسان رضوی | رشته محل های سهمیه بومی در رشته های کاردانی و کارشناسی دارای تعهد خدمت مورد نیاز وزارت بهداشت
19430,بهداشت عمومی,دانشگاه علوم پزشکی و خدمات بهداشتی درمانی گناباد ( محل تحصیل مجتمع آموزش عالی سالمت گناباد واقع در بجستان ),شرایط خاص,تعهد خدمت,10,201,دانشگاه علوم پزشکی و خدمات بهداشتی درمانی گناباد ( محل تحصیل مجتمع آموزش عالی سالمت گناباد واقع در بجستان ) - دارای تعهد خدمت دو برابر طول تحصیل در مناطق مورد نیاز مجتمع آموزش عالی سالمت بجستان - دارای خوابگاه ملکی | ادامه مخصوص متقاضیان بومی استان خراسان رضوی | رشته محل های سهمیه بومی در رشته های کاردانی و کارشناسی دارای تعهد خدمت مورد نیاز وزارت بهداشت
19431,بهداشت عمومی,دانشگاه علوم پزشکی و خدمات بهداشتی درمانی گناباد ( محل تحصیل مجتمع آموزش عالی سالمت گناباد واقع در بجستان ),شرایط خاص,تعهد خدمت,10,201,دانشگاه علوم پزشکی و خدمات بهداشتی درمانی گناباد ( محل تحصیل مجتمع آموزش عالی سالمت گناباد واقع در بجستان ) - دارای تعهد خدمت دو برابر طول تحصیل در مناطق مورد نیاز مجتمع آموزش عالی سالمت بجستان - دارای خوابگاه ملکی | ادامه مخصوص متقاضیان بومی استان خراسان رضوی | رشته محل های سهمیه بومی در رشته های کاردانی و کارشناسی دارای تعهد خدمت مورد نیاز وزارت بهداشت
19433,بهداشت عمومی,دانشگاه علوم پزشکی و خدمات بهداشتی درمانی مشهد ( محل تحصیل مجتمع آموزش عالی سالمت خواف ),شرایط خاص,تعهد خدمت,20,201,دانشگاه علوم پزشکی و خدمات بهداشتی درمانی مشهد ( محل تحصیل مجتمع آموزش عالی سالمت خواف ) - دارای تعهد خدمت دو برابر طول تحصیل در مناطق مورد نیاز مجتمع آموزش عالی سالمت خواف - فاقد خوابگاه | ادامه مخصوص متقاضیان بومی استان خراسان رضوی | رشته محل های سهمیه بومی در رشته های کاردانی و کارشناسی دارای تعهد خدمت مورد نیاز وزارت بهداشت
19434,بهداشت عمومی,دانشگاه علوم پزشکی و خدمات بهداشتی درمانی مشهد ( محل تحصیل مجتمع آموزش عالی سالمت خواف ),شرایط خاص,تعهد خدمت,20,201,دانشگاه علوم پزشکی و خدمات بهداشتی درمانی مشهد ( محل تحصیل مجتمع آموزش عالی سالمت خواف ) - دارای تعهد خدمت دو برابر طول تحصیل در مناطق مورد نیاز مجتمع آموزش عالی سالمت خواف - فاقد خوابگاه | ادامه مخصوص متقاضیان بومی استان خراسان رضوی | رشته محل های سهمیه بومی در رشته های کاردانی و کارشناسی دارای تعهد خدمت مورد نیاز وزارت بهداشت
37737,پرستاری,دانشگاه علوم پزشکی و خدمات بهداشتی درمانی بجنورد,شرایط خاص,تعهد خدمت,2,202,دانشگاه علوم پزشکی و خدمات بهداشتی درمانی بجنورد - دارای تعهد خدمت دو برابر طول مدت تحصیل در مناطق مورد نیاز دانشگاه علوم پزشکی بجنورد - شیروان - عدم تعهد در واگذاری خوابگاه | مخصوص متقاضیان بومی استان خراسان شمالی | رشته محل های سهمیه بومی در رشته های کاردانی و کارشناسی دارای تعهد خدمت مورد نیاز وزارت بهداشت
37738,پرستاری,دانشگاه علوم پزشکی و خدمات بهداشتی درمانی بجنورد ( محل تحصیل دانشکده پرستاری و مامایی بجنورد ),شرایط خاص,تعهد خدمت,4,202,دانشگاه علوم پزشکی و خدمات بهداشتی درمانی بجنورد ( محل تحصیل دانشکده پرستاری و مامایی بجنورد ) - دارای تعهد خدمت دو برابر طول مدت تحصیل در مناطق مورد نیاز دانشگاه علوم پزشکی بجنورد - عدم تعهد در واگذاری خوابگاه | مخصوص متقاضیان بومی استان خراسان شمالی | رشته محل های سهمیه بومی در رشته های کاردانی و کارشناسی دارای تعهد خدمت مورد نیاز وزارت بهداشت
37739,اتاق عمل,دانشگاه علوم پزشکی و خدمات بهداشتی درمانی بجنورد,شرایط خاص,تعهد خدمت,1,202,دانشگاه علوم پزشکی و خدمات بهداشتی درمانی بجنورد - دارای تعهد خدمت دو برابر طول مدت تحصیل در مناطق مورد نیاز دانشگاه علوم پزشکی بجنورد - عدم تعهد در واگذاری خوابگاه | مخصوص متقاضیان بومی استان خراسان شمالی | رشته محل های سهمیه بومی در رشته های کاردانی و کارشناسی دارای تعهد خدمت مورد نیاز وزارت بهداشت
37740,تکنولوژی پرتوشناسی,دانشگاه علوم پزشکی و خدمات بهداشتی درمانی بجنورد,شرایط خاص,تعهد خدمت,9,202,دانشگاه علوم پزشکی و خدمات بهداشتی درمانی بجنورد - دارای تعهد خدمت دو برابر طول مدت تحصیل در مناطق مورد نیاز دانشگاه علوم پزشکی بجنورد - عدم تعهد در واگذاری خوابگاه | مخصوص متقاضیان بومی استان خراسان شمالی | رشته محل های سهمیه بومی در رشته های کاردانی و کارشناسی دارای تعهد خدمت مورد نیاز وزارت بهداشت
37741,علوم آزمایشگاهی,دانشگاه علوم پزشکی و خدمات بهداشتی درمانی بجنورد,شرایط خاص,تعهد خدمت,15,202,دانشگاه علوم پزشکی و خدمات بهداشتی درمانی بجنورد - دارای تعهد خدمت دو برابر طول مدت تحصیل در مناطق مورد نیاز دانشگاه علوم پزشکی بجنورد - عدم تعهد در واگذاری خوابگاه | مخصوص متقاضیان بومی استان خراسان شمالی | رشته محل های سهمیه بومی در رشته های کاردانی و کارشناسی دارای تعهد خدمت مورد نیاز وزارت بهداشت
37742,علوم تغذیه,دانشگاه علوم پزشکی و خدمات بهداشتی درمانی بجنورد,شرایط خاص,تعهد خدمت,4,202,دانشگاه علوم پزشکی و خدمات بهداشتی درمانی بجنورد - دارای تعهد خدمت دو برابر طول مدت تحصیل در مناطق مورد نیاز دانشگاه علوم پزشکی بجنورد - عدم تعهد در واگذاری خوابگاه | مخصوص متقاضیان بومی استان خراسان شمالی | رشته محل های سهمیه بومی در رشته های کاردانی و کارشناسی دارای تعهد خدمت مورد نیاز وزارت بهداشت
37743,مامایی,دانشگاه علوم پزشکی و خدمات بهداشتی درمانی بجنورد,شرایط خاص,تعهد خدمت,10,202,دانشگاه علوم پزشکی و خدمات بهداشتی درمانی بجنورد - دارای تعهد خدمت دو برابر طول مدت تحصیل در مناطق مورد نیاز دانشگاه علوم پزشکی بجنورد - عدم تعهد در واگذاری خوابگاه | مخصوص متقاضیان بومی استان خراسان شمالی | رشته محل های سهمیه بومی در رشته های کاردانی و کارشناسی دارای تعهد خدمت مورد نیاز وزارت بهداشت
37744,مامایی,دانشگاه علوم پزشکی و خدمات بهداشتی درمانی بجنورد ( محل تحصیل دانشکده پرستاری شیروان ),شرایط خاص,تعهد خدمت,2,202,دانشگاه علوم پزشکی و خدمات بهداشتی درمانی بجنورد ( محل تحصیل دانشکده پرستاری شیروان ) - دارای تعهد خدمت دو برابر طول مدت تحصیل در مناطق مورد نیاز دانشگاه علوم پزشکی بجنورد - شیروان - عدم تعهد در واگذاری خوابگاه | مخصوص متقاضیان بومی استان خراسان شمالی | رشته محل های سهمیه بومی در رشته های کاردانی و کارشناسی دارای تعهد خدمت مورد نیاز وزارت بهداشت
37745,مهندسی بهداشت محیط,دانشگاه علوم پزشکی و خدمات بهداشتی درمانی بجنورد,شرایط خاص,تعهد خدمت,1,202,دانشگاه علوم پزشکی و خدمات بهداشتی درمانی بجنورد - دارای تعهد خدمت دو برابر طول مدت تحصیل در مناطق مورد نیاز دانشگاه علوم پزشکی بجنورد - عدم تعهد در واگذاری خوابگاه | مخصوص متقاضیان بومی استان خراسان شمالی | رشته محل های سهمیه بومی در رشته های کاردانی و کارشناسی دارای تعهد خدمت مورد نیاز وزارت بهداشت
37746,هوشبری,دانشگاه علوم پزشکی و خدمات بهداشتی درمانی بجنورد,شرایط خاص,تعهد خدمت,1,202,دانشگاه علوم پزشکی و خدمات بهداشتی درمانی بجنورد - دارای تعهد خدمت دو برابر طول مدت تحصیل در مناطق مورد نیاز دانشگاه علوم پزشکی بجنورد - عدم تعهد در واگذاری خوابگاه | مخصوص متقاضیان بومی استان خراسان شمالی | رشته محل های سهمیه بومی در رشته های کاردانی و کارشناسی دارای تعهد خدمت مورد نیاز وزارت بهداشت
37747,مهندسی بهداشت حرفه ای و ایمنی کار,دانشگاه علوم پزشکی و خدمات بهداشتی درمانی بجنورد,شرایط خاص,تعهد خدمت,1,202,دانشگاه علوم پزشکی و خدمات بهداشتی درمانی بجنورد - دارای تعهد خدمت دو برابر طول مدت تحصیل در مناطق مورد نیاز دانشگاه علوم پزشکی بجنورد - عدم تعهد در واگذاری خوابگاه | مخصوص متقاضیان بومی استان خراسان شمالی | رشته محل های سهمیه بومی در رشته های کاردانی و کارشناسی دارای تعهد خدمت مورد نیاز وزارت بهداشت
37748,بهداشت عمومی,دانشگاه علوم پزشکی و خدمات بهداشتی درمانی جندی شاپور اهواز,شرایط خاص,تعهد خدمت,17,202,دانشگاه علوم پزشکی و خدمات بهداشتی درمانی جندی شاپور اهواز - دارای تعهد خدمت دو برابر طول مدت تحصیل در مناطق مورد نیاز دانشگاه علوم پزشکی جندی شاپور اهواز | مخصوص متقاضیان بومی استان خوزستان | رشته محل های سهمیه بومی در رشته های کاردانی و کارشناسی دارای تعهد خدمت مورد نیاز وزارت بهداشت
37749,بهداشت عمومی,دانشگاه علوم پزشکی و خدمات بهداشتی درمانی دزفول,شرایط خاص,تعهد خدمت,5,202,دانشگاه علوم پزشکی و خدمات بهداشتی درمانی دزفول - دارای تعهد خدمت دو برابر طول مدت تحصیل در مناطق مورد نیاز دانشگاه علوم پزشکی دزفول - عدم تعهد در واگذاری خوابگاه | مخصوص متقاضیان بومی استان خوزستان دانشگاه علوم پزشکی و خدمات بهداشتی درمانی جندی شاپور اهواز مرد زن - 17 بهداشت عمومی 37748 با آزمون - دارای تعهد خدمت دو برابر طول مدت تحصیل در مناطق مورد نیاز دانشگاه علوم پزشکی جندی شاپور اهواز | رشته محل های سهمیه بومی در رشته های کاردانی و کارشناسی دارای تعهد خدمت مورد نیاز وزارت بهداشت
37750,پرستاری,دانشگاه علوم پزشکی و خدمات بهداشتی درمانی جندی شاپور اهواز,شرایط خاص,تعهد خدمت,28,203,دانشگاه علوم پزشکی و خدمات بهداشتی درمانی جندی شاپور اهواز - دارای تعهد خدمت دو برابر طول مدت تحصیل در مناطق مورد نیاز دانشگاه علوم پزشکی جندی شاپور اهواز | ادامه مخصوص متقاضیان بومی استان خوزستان | رشته محل های سهمیه بومی در رشته های کاردانی و کارشناسی دارای تعهد خدمت مورد نیاز وزارت بهداشت
37751,پرستاری,دانشگاه علوم پزشکی و خدمات بهداشتی درمانی جندی شاپور اهواز,شرایط خاص,تعهد خدمت,28,203,دانشگاه علوم پزشکی و خدمات بهداشتی درمانی جندی شاپور اهواز - دارای تعهد خدمت دو برابر طول مدت تحصیل در مناطق مورد نیاز دانشگاه علوم پزشکی جندی شاپور اهواز | ادامه مخصوص متقاضیان بومی استان خوزستان | رشته محل های سهمیه بومی در رشته های کاردانی و کارشناسی دارای تعهد خدمت مورد نیاز وزارت بهداشت
37752,پرستاری,دانشگاه علوم پزشکی و خدمات بهداشتی درمانی دزفول,شرایط خاص,تعهد خدمت,5,203,دانشگاه علوم پزشکی و خدمات بهداشتی درمانی دزفول - دارای تعهد خدمت دو برابر طول مدت تحصیل در مناطق مورد نیاز دانشگاه علوم پزشکی دزفول - عدم تعهد در واگذاری خوابگاه | ادامه مخصوص متقاضیان بومی استان خوزستان | رشته محل های سهمیه بومی در رشته های کاردانی و کارشناسی دارای تعهد خدمت مورد نیاز وزارت بهداشت
37753,پرستاری,دانشگاه علوم پزشکی و خدمات بهداشتی درمانی دزفول,شرایط خاص,تعهد خدمت,5,203,دانشگاه علوم پزشکی و خدمات بهداشتی درمانی دزفول - دارای تعهد خدمت دو برابر طول مدت تحصیل در مناطق مورد نیاز دانشگاه علوم پزشکی دزفول - عدم تعهد در واگذاری خوابگاه | ادامه مخصوص متقاضیان بومی استان خوزستان | رشته محل های سهمیه بومی در رشته های کاردانی و کارشناسی دارای تعهد خدمت مورد نیاز وزارت بهداشت
37754,پرستاری,دانشکده علوم پزشکی و خدمات بهداشتی درمانی شوشتر,شرایط خاص,تعهد خدمت,6,203,دانشکده علوم پزشکی و خدمات بهداشتی درمانی شوشتر - دارای تعهد خدمت دو برابر طول مدت تحصیل در مناطق مورد نیاز دانشکده علوم پزشکی شوشتر - فاقد خوابگاه | ادامه مخصوص متقاضیان بومی استان خوزستان | رشته محل های سهمیه بومی در رشته های کاردانی و کارشناسی دارای تعهد خدمت مورد نیاز وزارت بهداشت
37755,پرستاری,دانشکده علوم پزشکی و خدمات بهداشتی درمانی شوشتر,شرایط خاص,تعهد خدمت,6,203,دانشکده علوم پزشکی و خدمات بهداشتی درمانی شوشتر - دارای تعهد خدمت دو برابر طول مدت تحصیل در مناطق مورد نیاز دانشکده علوم پزشکی شوشتر - فاقد خوابگاه | ادامه مخصوص متقاضیان بومی استان خوزستان | رشته محل های سهمیه بومی در رشته های کاردانی و کارشناسی دارای تعهد خدمت مورد نیاز وزارت بهداشت
37756,پرستاری,دانشگاه علوم پزشکی و خدمات بهداشتی درمانی آبادان,شرایط خاص,تعهد خدمت,10,203,دانشگاه علوم پزشکی و خدمات بهداشتی درمانی آبادان - دارای تعهد خدمت دو برابر طول مدت تحصیل در مناطق مورد نیاز دانشگاه علوم پزشکی آبادان - ممنوعیت نقل و انتقال - عدم تعهد در واگذاری خوابگاه | ادامه مخصوص متقاضیان بومی استان خوزستان | رشته محل های سهمیه بومی در رشته های کاردانی و کارشناسی دارای تعهد خدمت مورد نیاز وزارت بهداشت
37757,پرستاری,دانشگاه علوم پزشکی و خدمات بهداشتی درمانی آبادان,شرایط خاص,تعهد خدمت,10,203,دانشگاه علوم پزشکی و خدمات بهداشتی درمانی آبادان - دارای تعهد خدمت دو برابر طول مدت تحصیل در مناطق مورد نیاز دانشگاه علوم پزشکی آبادان - ممنوعیت نقل و انتقال - عدم تعهد در واگذاری خوابگاه | ادامه مخصوص متقاضیان بومی استان خوزستان | رشته محل های سهمیه بومی در رشته های کاردانی و کارشناسی دارای تعهد خدمت مورد نیاز وزارت بهداشت
37758,پرستاری,دانشگاه علوم پزشکی و خدمات بهداشتی درمانی آبادان ( محل تحصیل دانشکده پرستاری شادگان ),شرایط خاص,تعهد خدمت,13,203,دانشگاه علوم پزشکی و خدمات بهداشتی درمانی آبادان ( محل تحصیل دانشکده پرستاری شادگان ) - دارای تعهد خدمت دو برابر طول مدت تحصیل در مناطق مورد نیاز دانشگاه علوم پزشکی آبادان - شادگان - ممنوعیت نقل و انتقال | ادامه مخصوص متقاضیان بومی استان خوزستان | رشته محل های سهمیه بومی در رشته های کاردانی و کارشناسی دارای تعهد خدمت مورد نیاز وزارت بهداشت
37759,اتاق عمل,دانشگاه علوم پزشکی و خدمات بهداشتی درمانی دزفول,شرایط خاص,تعهد خدمت,3,203,دانشگاه علوم پزشکی و خدمات بهداشتی درمانی دزفول - دارای تعهد خدمت دو برابر طول مدت تحصیل در مناطق مورد نیاز دانشگاه علوم پزشکی دزفول - عدم تعهد در واگذاری خوابگاه | ادامه مخصوص متقاضیان بومی استان خوزستان | رشته محل های سهمیه بومی در رشته های کاردانی و کارشناسی دارای تعهد خدمت مورد نیاز وزارت بهداشت
37760,اتاق عمل,دانشکده علوم پزشکی و خدمات بهداشتی درمانی شوشتر,شرایط خاص,تعهد خدمت,5,203,دانشکده علوم پزشکی و خدمات بهداشتی درمانی شوشتر - دارای تعهد خدمت دو برابر طول مدت تحصیل در مناطق مورد نیاز دانشکده علوم پزشکی شوشتر - فاقد خوابگاه | ادامه مخصوص متقاضیان بومی استان خوزستان | رشته محل های سهمیه بومی در رشته های کاردانی و کارشناسی دارای تعهد خدمت مورد نیاز وزارت بهداشت
37761,تکنولوژی پرتوشناسی,دانشگاه علوم پزشکی و خدمات بهداشتی درمانی جندی شاپور اهواز,شرایط خاص,تعهد خدمت,14,203,دانشگاه علوم پزشکی و خدمات بهداشتی درمانی جندی شاپور اهواز - دارای تعهد خدمت دو برابر طول مدت تحصیل در مناطق مورد نیاز دانشگاه علوم پزشکی جندی شاپور اهواز | ادامه مخصوص متقاضیان بومی استان خوزستان | رشته محل های سهمیه بومی در رشته های کاردانی و کارشناسی دارای تعهد خدمت مورد نیاز وزارت بهداشت
37762,علوم تغذیه,دانشگاه علوم پزشکی و خدمات بهداشتی درمانی جندی شاپور اهواز,شرایط خاص,تعهد خدمت,20,203,دانشگاه علوم پزشکی و خدمات بهداشتی درمانی جندی شاپور اهواز - دارای تعهد خدمت دو برابر طول مدت تحصیل در مناطق مورد نیاز دانشگاه علوم پزشکی جندی شاپور اهواز | ادامه مخصوص متقاضیان بومی استان خوزستان | رشته محل های سهمیه بومی در رشته های کاردانی و کارشناسی دارای تعهد خدمت مورد نیاز وزارت بهداشت
37763,فوریت‌های پزشکی پیش‌بیمارستانی,دانشگاه علوم پزشکی و خدمات بهداشتی درمانی جندی شاپور اهواز ( محل تحصیل دانشکده پرستاری و مامایی اهواز ),شرایط خاص,تعهد خدمت,20,203,دانشگاه علوم پزشکی و خدمات بهداشتی درمانی جندی شاپور اهواز ( محل تحصیل دانشکده پرستاری و مامایی اهواز ) - دارای تعهد خدمت دو برابر طول مدت تحصیل در مناطق مورد نیاز دانشگاه علوم پزشکی جندی شاپور اهواز | ادامه مخصوص متقاضیان بومی استان خوزستان | رشته محل های سهمیه بومی در رشته های کاردانی و کارشناسی دارای تعهد خدمت مورد نیاز وزارت بهداشت
37764,فوریت‌های پزشکی پیش‌بیمارستانی,دانشگاه علوم پزشکی و خدمات بهداشتی درمانی دزفول,شرایط خاص,تعهد خدمت,6,204,دانشگاه علوم پزشکی و خدمات بهداشتی درمانی دزفول - دارای تعهد خدمت دو برابر طول مدت تحصیل در مناطق مورد نیاز دانشگاه علوم پزشکی دزفول - عدم تعهد در واگذاری خوابگاه | ادامه مخصوص متقاضیان بومی استان خوزستان | رشته محل های سهمیه بومی در رشته های کاردانی و کارشناسی دارای تعهد خدمت مورد نیاز وزارت بهداشت
37765,فوریت‌های پزشکی پیش‌بیمارستانی,دانشکده علوم پزشکی و خدمات بهداشتی درمانی شوشتر,شرایط خاص,تعهد خدمت,6,204,دانشکده علوم پزشکی و خدمات بهداشتی درمانی شوشتر - دارای تعهد خدمت دو برابر طول مدت تحصیل در مناطق مورد نیاز دانشکده علوم پزشکی شوشتر - فاقد خوابگاه | ادامه مخصوص متقاضیان بومی استان خوزستان | رشته محل های سهمیه بومی در رشته های کاردانی و کارشناسی دارای تعهد خدمت مورد نیاز وزارت بهداشت
37766,فوریت‌های پزشکی پیش‌بیمارستانی,دانشگاه علوم پزشکی و خدمات بهداشتی درمانی آبادان,شرایط خاص,تعهد خدمت,6,204,دانشگاه علوم پزشکی و خدمات بهداشتی درمانی آبادان - دارای تعهد خدمت دو برابر طول مدت تحصیل در مناطق مورد نیاز دانشگاه علوم پزشکی آبادان - ممنوعیت نقل و انتقال - عدم تعهد در واگذاری خوابگاه | ادامه مخصوص متقاضیان بومی استان خوزستان | رشته محل های سهمیه بومی در رشته های کاردانی و کارشناسی دارای تعهد خدمت مورد نیاز وزارت بهداشت
37767,مامایی,دانشگاه علوم پزشکی و خدمات بهداشتی درمانی جندی شاپور اهواز,شرایط خاص,تعهد خدمت,20,204,دانشگاه علوم پزشکی و خدمات بهداشتی درمانی جندی شاپور اهواز - دارای تعهد خدمت دو برابر طول مدت تحصیل در مناطق مورد نیاز دانشگاه علوم پزشکی جندی شاپور اهواز | ادامه مخصوص متقاضیان بومی استان خوزستان | رشته محل های سهمیه بومی در رشته های کاردانی و کارشناسی دارای تعهد خدمت مورد نیاز وزارت بهداشت
37768,مامایی,دانشکده علوم پزشکی و خدمات بهداشتی درمانی شوشتر,شرایط خاص,تعهد خدمت,6,204,دانشکده علوم پزشکی و خدمات بهداشتی درمانی شوشتر - دارای تعهد خدمت دو برابر طول مدت تحصیل در مناطق مورد نیاز دانشکده علوم پزشکی شوشتر - فاقد خوابگاه | ادامه مخصوص متقاضیان بومی استان خوزستان | رشته محل های سهمیه بومی در رشته های کاردانی و کارشناسی دارای تعهد خدمت مورد نیاز وزارت بهداشت
37769,هوشبری,دانشگاه علوم پزشکی و خدمات بهداشتی درمانی دزفول,شرایط خاص,تعهد خدمت,3,204,دانشگاه علوم پزشکی و خدمات بهداشتی درمانی دزفول - دارای تعهد خدمت دو برابر طول مدت تحصیل در مناطق مورد نیاز دانشگاه علوم پزشکی دزفول - عدم تعهد در واگذاری خوابگاه | ادامه مخصوص متقاضیان بومی استان خوزستان | رشته محل های سهمیه بومی در رشته های کاردانی و کارشناسی دارای تعهد خدمت مورد نیاز وزارت بهداشت
37772,فوریت‌های پزشکی پیش‌بیمارستانی,دانشگاه علوم پزشکی و خدمات بهداشتی درمانی دزفول,شرایط خاص,تعهد خدمت,3,204,دانشگاه علوم پزشکی و خدمات بهداشتی درمانی دزفول - دارای تعهد خدمت دو برابر طول مدت تحصیل در مناطق مورد نیاز دانشگاه علوم پزشکی دزفول - عدم تعهد در واگذاری خوابگاه | ادامه مخصوص متقاضیان بومی استان خوزستان | رشته محل های سهمیه بومی در رشته های کاردانی و کارشناسی دارای تعهد خدمت مورد نیاز وزارت بهداشت
37773,فوریت‌های پزشکی پیش‌بیمارستانی,دانشکده علوم پزشکی و خدمات بهداشتی درمانی شوشتر,شرایط خاص,تعهد خدمت,6,204,دانشکده علوم پزشکی و خدمات بهداشتی درمانی شوشتر - دارای تعهد خدمت دو برابر طول مدت تحصیل در مناطق مورد نیاز دانشکده علوم پزشکی شوشتر - فاقد خوابگاه | ادامه مخصوص متقاضیان بومی استان خوزستان | رشته محل های سهمیه بومی در رشته های کاردانی و کارشناسی دارای تعهد خدمت مورد نیاز وزارت بهداشت
37774,فوریت‌های پزشکی پیش‌بیمارستانی,دانشگاه علوم پزشکی و خدمات بهداشتی درمانی آبادان,شرایط خاص,تعهد خدمت,6,204,دانشگاه علوم پزشکی و خدمات بهداشتی درمانی آبادان - دارای تعهد خدمت دو برابر طول مدت تحصیل در مناطق مورد نیاز دانشگاه علوم پزشکی آبادان - ممنوعیت نقل و انتقال - عدم تعهد در واگذاری خوابگاه | ادامه مخصوص متقاضیان بومی استان خوزستان | رشته محل های سهمیه بومی در رشته های کاردانی و کارشناسی دارای تعهد خدمت مورد نیاز وزارت بهداشت
19435,بهداشت عمومی,دانشگاه علوم پزشکی و خدمات بهداشتی درمانی جندی شاپور اهواز محل تحصیل دانشکده پرستاری بندر ماهشهر )(,شرایط خاص,تعهد خدمت,12,204,دانشگاه علوم پزشکی و خدمات بهداشتی درمانی جندی شاپور اهواز محل تحصیل دانشکده پرستاری بندر ماهشهر )( - دارای تعهد خدمت دو برابر طول تحصیل در مناطق مورد نیاز دانشکده پرستاری بندر ماهشهر - فاقد خوابگاه | ادامه مخصوص متقاضیان بومی استان خوزستان | رشته محل های سهمیه بومی در رشته های کاردانی و کارشناسی دارای تعهد خدمت مورد نیاز وزارت بهداشت
19436,بهداشت عمومی,دانشگاه علوم پزشکی و خدمات بهداشتی درمانی جندی شاپور اهواز محل تحصیل مجتمع آموزش عالی سالمت شوش دانیال )(,شرایط خاص,تعهد خدمت,15,204,دانشگاه علوم پزشکی و خدمات بهداشتی درمانی جندی شاپور اهواز محل تحصیل مجتمع آموزش عالی سالمت شوش دانیال )( - دارای تعهد خدمت دو برابر طول تحصیل در مناطق مورد نیاز مجتمع آموزش عالی سالمت شوش دانیال - فاقد خوابگاه | ادامه مخصوص متقاضیان بومی استان خوزستان | رشته محل های سهمیه بومی در رشته های کاردانی و کارشناسی دارای تعهد خدمت مورد نیاز وزارت بهداشت
37775,بهداشت عمومی,دانشگاه علوم پزشکی و خدمات بهداشتی درمانی زنجان,شرایط خاص,تعهد خدمت,8,204,دانشگاه علوم پزشکی و خدمات بهداشتی درمانی زنجان - دارای تعهد خدمت دو برابر طول مدت تحصیل در مناطق مورد نیاز دانشگاه علوم پزشکی زنجان - فاقد خوابگاه | مخصوص متقاضیان بومی استان زنجان | رشته محل های سهمیه بومی در رشته های کاردانی و کارشناسی دارای تعهد خدمت مورد نیاز وزارت بهداشت
37776,پرستاری,دانشگاه علوم پزشکی و خدمات بهداشتی درمانی زنجان,شرایط خاص,تعهد خدمت,5,204,دانشگاه علوم پزشکی و خدمات بهداشتی درمانی زنجان - دارای تعهد خدمت دو برابر طول مدت تحصیل در مناطق مورد نیاز دانشگاه علوم پزشکی زنجان - فاقد خوابگاه | مخصوص متقاضیان بومی استان زنجان دانشگاه علوم پزشکی و خدمات بهداشتی درمانی زنجان- دارای مرد زن - 8 بهداشت عمومی 37775 با آزمون تعهد خدمت دو برابر طول مدت تحصیل در مناطق مورد نیاز دانشگاه علوم پزشکی زنجان- فاقد خوابگاه | رشته محل های سهمیه بومی در رشته های کاردانی و کارشناسی دارای تعهد خدمت مورد نیاز وزارت بهداشت
37777,مامایی,دانشگاه علوم پزشکی و خدمات بهداشتی درمانی زنجان,شرایط خاص,تعهد خدمت,9,205,دانشگاه علوم پزشکی و خدمات بهداشتی درمانی زنجان - دارای تعهد خدمت دو برابر طول مدت تحصیل در مناطق مورد نیاز دانشگاه علوم پزشکی زنجان - فاقد خوابگاه | ادامه مخصوص متقاضیان بومی استان زنجان | رشته محل های سهمیه بومی در رشته های کاردانی و کارشناسی دارای تعهد خدمت مورد نیاز وزارت بهداشت
37778,مهندسی بهداشت محیط,دانشگاه علوم پزشکی و خدمات بهداشتی درمانی زنجان,شرایط خاص,تعهد خدمت,2,205,دانشگاه علوم پزشکی و خدمات بهداشتی درمانی زنجان - دارای تعهد خدمت دو برابر طول مدت تحصیل در مناطق مورد نیاز دانشگاه علوم پزشکی زنجان - فاقد خوابگاه | ادامه مخصوص متقاضیان بومی استان زنجان | رشته محل های سهمیه بومی در رشته های کاردانی و کارشناسی دارای تعهد خدمت مورد نیاز وزارت بهداشت
37779,هوشبری,دانشگاه علوم پزشکی و خدمات بهداشتی درمانی زنجان,شرایط خاص,تعهد خدمت,11,205,دانشگاه علوم پزشکی و خدمات بهداشتی درمانی زنجان - دارای تعهد خدمت دو برابر طول مدت تحصیل در مناطق مورد نیاز دانشگاه علوم پزشکی زنجان - فاقد خوابگاه | ادامه مخصوص متقاضیان بومی استان زنجان | رشته محل های سهمیه بومی در رشته های کاردانی و کارشناسی دارای تعهد خدمت مورد نیاز وزارت بهداشت
37780,مهندسی بهداشت حرفه ای و ایمنی کار,دانشگاه علوم پزشکی و خدمات بهداشتی درمانی زنجان,شرایط خاص,تعهد خدمت,1,205,دانشگاه علوم پزشکی و خدمات بهداشتی درمانی زنجان - دارای تعهد خدمت دو برابر طول مدت تحصیل در مناطق مورد نیاز دانشگاه علوم پزشکی زنجان - فاقد خوابگاه | ادامه مخصوص متقاضیان بومی استان زنجان | رشته محل های سهمیه بومی در رشته های کاردانی و کارشناسی دارای تعهد خدمت مورد نیاز وزارت بهداشت
37781,پرستاری,دانشگاه علوم پزشکی و خدمات بهداشتی درمانی سمنان,شرایط خاص,تعهد خدمت,28,205,دانشگاه علوم پزشکی و خدمات بهداشتی درمانی سمنان - دارای تعهد خدمت دو برابر طول مدت تحصیل در مناطق مورد نیاز دانشگاه علوم پزشکی سمنان - کارآموزی و کارورزی دانشجویان می تواند در هر یک از مراکز درمانی یا بهداشتی زیرمجموعه دانشگاه برنامه ریزی و اجرا گردد . - محدودیت در ارائه خوابگاه | مخصوص متقاضیان بومی استان سمنان | رشته محل های سهمیه بومی در رشته های کاردانی و کارشناسی دارای تعهد خدمت مورد نیاز وزارت بهداشت
37782,پرستاری,دانشگاه علوم پزشکی و خدمات بهداشتی درمانی شاهرود,شرایط خاص,تعهد خدمت,3,205,دانشگاه علوم پزشکی و خدمات بهداشتی درمانی شاهرود - دارای تعهد خدمت دو برابر طول مدت تحصیل در مناطق مورد نیاز دانشگاه علوم پزشکی شاهرود - محدودیت در ارائه خوابگاه | مخصوص متقاضیان بومی استان سمنان دانشگاه علوم پزشکی و خدمات بهداشتی درمانی سمنان- دارای تعهد خدمت دو برابر طول مدت تحصیل در مناطق مورد نیاز 14 14 - 28 پرستاری 37781 با آزمون دانشگاه علوم پزشکی سمنان- کارآموزی و کارورزی دانشجویان می تواند در هر یک از مراکز درمانی یا بهداشتی زیرمجموعه دانشگاه برنامه .ریزی و اجرا گردد- محدودیت در ارائه خوابگاه | رشته محل های سهمیه بومی در رشته های کاردانی و کارشناسی دارای تعهد خدمت مورد نیاز وزارت بهداشت
37783,علوم آزمایشگاهی,دانشگاه علوم پزشکی و خدمات بهداشتی درمانی سمنان,شرایط خاص,تعهد خدمت,10,205,دانشگاه علوم پزشکی و خدمات بهداشتی درمانی سمنان - دارای تعهد خدمت دو برابر طول مدت تحصیل در مناطق مورد نیاز دانشگاه علوم پزشکی سمنان - کارآموزی و کارورزی دانشجویان می تواند در هر یک از مراکز درمانی یا بهداشتی زیرمجموعه دانشگاه برنامه ریزی و اجرا گردد . - محدودیت در ارائه خوابگاه | مخصوص متقاضیان بومی استان سمنان دانشگاه علوم پزشکی و خدمات بهداشتی درمانی سمنان- دارای تعهد خدمت دو برابر طول مدت تحصیل در مناطق مورد نیاز 14 14 - 28 پرستاری 37781 با آزمون دانشگاه علوم پزشکی سمنان- کارآموزی و کارورزی دانشجویان می تواند در هر یک از مراکز درمانی یا بهداشتی زیرمجموعه دانشگاه برنامه .ریزی و اجرا گردد- محدودیت در ارائه خوابگاه دانشگاه علوم پزشکی و خدمات بهداشتی درمانی شاهرود- دارای 1 2 - 3 پرستاری 37782 با آزمون تعهد خدمت دو برابر طول مدت تحصیل در مناطق مورد نیاز دانشگاه علوم پزشکی شاهرود- محدودیت در ارائه خوابگاه | رشته محل های سهمیه بومی در رشته های کاردانی و کارشناسی دارای تعهد خدمت مورد نیاز وزارت بهداشت
37784,علوم تغذیه,دانشگاه علوم پزشکی و خدمات بهداشتی درمانی سمنان ( محل تحصیل شهرستان آرادان ),شرایط خاص,تعهد خدمت,10,205,دانشگاه علوم پزشکی و خدمات بهداشتی درمانی سمنان ( محل تحصیل شهرستان آرادان ) - دارای تعهد خدمت دو برابر طول مدت تحصیل در مناطق مورد نیاز دانشگاه علوم پزشکی سمنان - کارآموزی و کارورزی دانشجویان می تواند در هر یک از مراکز درمانی یا بهداشتی زیرمجموعه دانشگاه برنامه ریزی و اجرا گردد . - دارای خوابگاه ملکی | مخصوص متقاضیان بومی استان سمنان دانشگاه علوم پزشکی و خدمات بهداشتی درمانی سمنان- دارای تعهد خدمت دو برابر طول مدت تحصیل در مناطق مورد نیاز 14 14 - 28 پرستاری 37781 با آزمون دانشگاه علوم پزشکی سمنان- کارآموزی و کارورزی دانشجویان می تواند در هر یک از مراکز درمانی یا بهداشتی زیرمجموعه دانشگاه برنامه .ریزی و اجرا گردد- محدودیت در ارائه خوابگاه دانشگاه علوم پزشکی و خدمات بهداشتی درمانی شاهرود- دارای 1 2 - 3 پرستاری 37782 با آزمون تعهد خدمت دو برابر طول مدت تحصیل در مناطق مورد نیاز دانشگاه علوم پزشکی شاهرود- محدودیت در ارائه خوابگاه دانشگاه علوم پزشکی و خدمات بهداشتی درمانی سمنان- دارای تعهد خدمت دو برابر طول مدت تحصیل در مناطق مورد نیاز مرد زن - 10 علوم آزمایشگاهی 37783 با آزمون دانشگاه علوم پزشکی سمنان- کارآموزی و کارورزی دانشجویان می تواند در هر یک از مراکز درمانی یا بهداشتی زیرمجموعه دانشگاه برنامه .ریزی و اجرا گردد- محدودیت در ارائه خوابگاه | رشته محل های سهمیه بومی در رشته های کاردانی و کارشناسی دارای تعهد خدمت مورد نیاز وزارت بهداشت
37785,علوم تغذیه,دانشگاه علوم پزشکی و خدمات بهداشتی درمانی سمنان ( محل تحصیل شهرستان آرادان ),شرایط خاص,تعهد خدمت,4,205,دانشگاه علوم پزشکی و خدمات بهداشتی درمانی سمنان ( محل تحصیل شهرستان آرادان ) - دارای تعهد خدمت دو برابر طول مدت تحصیل در مناطق مورد نیاز دانشگاه علوم پزشکی شاهرود - کارآموزی و کارورزی دانشجویان می تواند در هر یک از مراکز درمانی یا بهداشتی زیرمجموعه دانشگاه برنامه ریزی و اجرا گردد . - دارای خوابگاه ملکی | مخصوص متقاضیان بومی استان سمنان دانشگاه علوم پزشکی و خدمات بهداشتی درمانی سمنان- دارای تعهد خدمت دو برابر طول مدت تحصیل در مناطق مورد نیاز 14 14 - 28 پرستاری 37781 با آزمون دانشگاه علوم پزشکی سمنان- کارآموزی و کارورزی دانشجویان می تواند در هر یک از مراکز درمانی یا بهداشتی زیرمجموعه دانشگاه برنامه .ریزی و اجرا گردد- محدودیت در ارائه خوابگاه دانشگاه علوم پزشکی و خدمات بهداشتی درمانی شاهرود- دارای 1 2 - 3 پرستاری 37782 با آزمون تعهد خدمت دو برابر طول مدت تحصیل در مناطق مورد نیاز دانشگاه علوم پزشکی شاهرود- محدودیت در ارائه خوابگاه دانشگاه علوم پزشکی و خدمات بهداشتی درمانی سمنان- دارای تعهد خدمت دو برابر طول مدت تحصیل در مناطق مورد نیاز مرد زن - 10 علوم آزمایشگاهی 37783 با آزمون دانشگاه علوم پزشکی سمنان- کارآموزی و کارورزی دانشجویان می تواند در هر یک از مراکز درمانی یا بهداشتی زیرمجموعه دانشگاه برنامه .ریزی و اجرا گردد- محدودیت در ارائه خوابگاه دانشگاه علوم پزشکی و خدمات بهداشتی درمانی سمنان (محل )تحصیل شهرستان آرادان- دارای تعهد خدمت دو برابر طول مدت تحصیل در مناطق مورد نیاز دانشگاه علوم پزشکی سمنان- مرد زن - 10 علوم تغذیه 37784 با آزمون کارآموزی و کارورزی دانشجویان می تواند در هر یک از مراکز درمانی یا بهداشتی زیرمجموعه دانشگاه برنامه .ریزی و اجرا گردد- دارای خوابگاه ملکی | رشته محل های سهمیه بومی در رشته های کاردانی و کارشناسی دارای تعهد خدمت مورد نیاز وزارت بهداشت
37786,فناوری اطلاعات سلامت,دانشگاه علوم پزشکی و خدمات بهداشتی درمانی سمنان ( محل تحصیل دانشکده پیراپزشکی سرخه ),شرایط خاص,تعهد خدمت,25,205,دانشگاه علوم پزشکی و خدمات بهداشتی درمانی سمنان ( محل تحصیل دانشکده پیراپزشکی سرخه ) - دارای تعهد خدمت دو برابر طول مدت تحصیل در مناطق مورد نیاز دانشگاه علوم پزشکی سمنان - کارآموزی و کارورزی دانشجویان می تواند در هر یک از مراکز درمانی یا بهداشتی زیرمجموعه دانشگاه برنامه ریزی و اجرا گردد . - محدودیت در ارائه خوابگاه | مخصوص متقاضیان بومی استان سمنان دانشگاه علوم پزشکی و خدمات بهداشتی درمانی سمنان- دارای تعهد خدمت دو برابر طول مدت تحصیل در مناطق مورد نیاز 14 14 - 28 پرستاری 37781 با آزمون دانشگاه علوم پزشکی سمنان- کارآموزی و کارورزی دانشجویان می تواند در هر یک از مراکز درمانی یا بهداشتی زیرمجموعه دانشگاه برنامه .ریزی و اجرا گردد- محدودیت در ارائه خوابگاه دانشگاه علوم پزشکی و خدمات بهداشتی درمانی شاهرود- دارای 1 2 - 3 پرستاری 37782 با آزمون تعهد خدمت دو برابر طول مدت تحصیل در مناطق مورد نیاز دانشگاه علوم پزشکی شاهرود- محدودیت در ارائه خوابگاه دانشگاه علوم پزشکی و خدمات بهداشتی درمانی سمنان- دارای تعهد خدمت دو برابر طول مدت تحصیل در مناطق مورد نیاز مرد زن - 10 علوم آزمایشگاهی 37783 با آزمون دانشگاه علوم پزشکی سمنان- کارآموزی و کارورزی دانشجویان می تواند در هر یک از مراکز درمانی یا بهداشتی زیرمجموعه دانشگاه برنامه .ریزی و اجرا گردد- محدودیت در ارائه خوابگاه دانشگاه علوم پزشکی و خدمات بهداشتی درمانی سمنان (محل )تحصیل شهرستان آرادان- دارای تعهد خدمت دو برابر طول مدت تحصیل در مناطق مورد نیاز دانشگاه علوم پزشکی سمنان- مرد زن - 10 علوم تغذیه 37784 با آزمون کارآموزی و کارورزی دانشجویان می تواند در هر یک از مراکز درمانی یا بهداشتی زیرمجموعه دانشگاه برنامه .ریزی و اجرا گردد- دارای خوابگاه ملکی دانشگاه علوم پزشکی و خدمات بهداشتی درمانی سمنان (محل )تحصیل شهرستان آرادان- دارای تعهد خدمت دو برابر طول مدت تحصیل در مناطق مورد نیاز دانشگاه علوم پزشکی شاهرود- مرد زن - 4 علوم تغذیه 37785 با آزمون کارآموزی و کارورزی دانشجویان می تواند در هر یک از مراکز درمانی یا بهداشتی زیرمجموعه دانشگاه برنامه .ریزی و اجرا گردد- دارای خوابگاه ملکی | رشته محل های سهمیه بومی در رشته های کاردانی و کارشناسی دارای تعهد خدمت مورد نیاز وزارت بهداشت
37787,فناوری اطلاعات سلامت,دانشگاه علوم پزشکی و خدمات بهداشتی درمانی شاهرود,شرایط خاص,تعهد خدمت,1,206,دانشگاه علوم پزشکی و خدمات بهداشتی درمانی شاهرود - دارای تعهد خدمت دو برابر طول مدت تحصیل در مناطق مورد نیاز دانشگاه علوم پزشکی شاهرود - محدودیت در ارائه خوابگاه | ادامه مخصوص متقاضیان بومی استان سمنان | رشته محل های سهمیه بومی در رشته های کاردانی و کارشناسی دارای تعهد خدمت مورد نیاز وزارت بهداشت
37788,مهندسی بهداشت حرفه ای و ایمنی کار,دانشگاه علوم پزشکی و خدمات بهداشتی درمانی سمنان ( محل تحصیل دانشکده بهداشت دامغان ),شرایط خاص,تعهد خدمت,3,206,دانشگاه علوم پزشکی و خدمات بهداشتی درمانی سمنان ( محل تحصیل دانشکده بهداشت دامغان ) - دارای تعهد خدمت دو برابر طول مدت تحصیل در مناطق مورد نیاز دانشگاه علوم پزشکی سمنان - کارآموزی و کارورزی دانشجویان می تواند در هر یک از مراکز درمانی یا بهداشتی زیرمجموعه دانشگاه برنامه ریزی و اجرا گردد . - دارای خوابگاه ملکی | ادامه مخصوص متقاضیان بومی استان سمنان | رشته محل های سهمیه بومی در رشته های کاردانی و کارشناسی دارای تعهد خدمت مورد نیاز وزارت بهداشت
37789,مهندسی بهداشت حرفه ای و ایمنی کار,دانشگاه علوم پزشکی و خدمات بهداشتی درمانی شاهرود,شرایط خاص,تعهد خدمت,1,206,دانشگاه علوم پزشکی و خدمات بهداشتی درمانی شاهرود - دارای تعهد خدمت دو برابر طول مدت تحصیل در مناطق مورد نیاز دانشگاه علوم پزشکی شاهرود - محدودیت در ارائه خوابگاه | ادامه مخصوص متقاضیان بومی استان سمنان | رشته محل های سهمیه بومی در رشته های کاردانی و کارشناسی دارای تعهد خدمت مورد نیاز وزارت بهداشت
37790,بهداشت عمومی,دانشگاه علوم پزشکی و خدمات بهداشتی درمانی ایرانشهر,شرایط خاص,تعهد خدمت,10,206,دانشگاه علوم پزشکی و خدمات بهداشتی درمانی ایرانشهر - دارای تعهد خدمت دو برابر طول مدت تحصیل در مناطق مورد نیاز دانشگاه علوم پزشکی ایرانشهر - ممنوعیت در نقل و انتقال - فاقد خوابگاه | مخصوص متقاضیان بومی استان سیستان و بلوچستان با اولویت پذیرش متقاضیان بومی مناطق تحت پوشش دانشگاه علوم پزشکی ایرانشهر شامل ایرانشهر، بمپور، دلگان، راسک، سرباز، فنوج، الشار، مهرستان | رشته محل های سهمیه بومی در رشته های کاردانی و کارشناسی دارای تعهد خدمت مورد نیاز وزارت بهداشت
37792,پرستاری,دانشگاه علوم پزشکی و خدمات بهداشتی درمانی ایرانشهر,شرایط خاص,تعهد خدمت,30,206,دانشگاه علوم پزشکی و خدمات بهداشتی درمانی ایرانشهر - دارای تعهد خدمت دو برابر طول دوره تحصیل در مناطق مورد نیاز دانشگاه علوم پزشکی ایرانشهر - ممنوعیت در نقل و انتقال - فاقد خوابگاه | مخصوص متقاضیان بومی استان سیستان و بلوچستان با اولویت پذیرش متقاضیان بومی مناطق تحت پوشش دانشگاه علوم پزشکی ایرانشهر شامل ایرانشهر، بمپور، دلگان، راسک، سرباز، فنوج، الشار، مهرستان دانشگاه علوم پزشکی و خدمات بهداشتی درمانی ایرانشهر- دارای تعهد خدمت دو برابر طول مدت تحصیل در مناطق مورد نیاز مرد زن - 10 بهداشت عمومی 37790 با آزمون دانشگاه علوم پزشکی ایرانشهر- ممنوعیت در نقل و انتقال- فاقد خوابگاه | رشته محل های سهمیه بومی در رشته های کاردانی و کارشناسی دارای تعهد خدمت مورد نیاز وزارت بهداشت
37795,اتاق عمل,دانشگاه علوم پزشکی و خدمات بهداشتی درمانی ایرانشهر,شرایط خاص,تعهد خدمت,10,206,دانشگاه علوم پزشکی و خدمات بهداشتی درمانی ایرانشهر - دارای تعهد خدمت دو برابر طول مدت تحصیل در مناطق مورد نیاز دانشگاه علوم پزشکی ایرانشهر - ممنوعیت در نقل و انتقال - فاقد خوابگاه | مخصوص متقاضیان بومی استان سیستان و بلوچستان با اولویت پذیرش متقاضیان بومی مناطق تحت پوشش دانشگاه علوم پزشکی ایرانشهر شامل ایرانشهر، بمپور، دلگان، راسک، سرباز، فنوج، الشار، مهرستان دانشگاه علوم پزشکی و خدمات بهداشتی درمانی ایرانشهر- دارای تعهد خدمت دو برابر طول مدت تحصیل در مناطق مورد نیاز مرد زن - 10 بهداشت عمومی 37790 با آزمون دانشگاه علوم پزشکی ایرانشهر- ممنوعیت در نقل و انتقال- فاقد خوابگاه دانشگاه علوم پزشکی و خدمات بهداشتی درمانی ایرانشهر- دارای 15 15 - 30 پرستاری 37792 با آزمون تعهد خدمت دو برابر طول دوره تحصیل در مناطق مورد نیاز دانشگاه علوم پزشکی ایرانشهر- ممنوعیت در نقل و انتقال - فاقد خوابگاه | رشته محل های سهمیه بومی در رشته های کاردانی و کارشناسی دارای تعهد خدمت مورد نیاز وزارت بهداشت
37798,تکنولوژی پرتوشناسی,دانشگاه علوم پزشکی و خدمات بهداشتی درمانی ایرانشهر,شرایط خاص,تعهد خدمت,15,206,دانشگاه علوم پزشکی و خدمات بهداشتی درمانی ایرانشهر - دارای تعهد خدمت دو برابر طول مدت تحصیل در مناطق مورد نیاز دانشگاه علوم پزشکی ایرانشهر - فاقد خوابگاه | مخصوص متقاضیان بومی استان سیستان و بلوچستان با اولویت پذیرش متقاضیان بومی مناطق تحت پوشش دانشگاه علوم پزشکی ایرانشهر شامل ایرانشهر، بمپور، دلگان، راسک، سرباز، فنوج، الشار، مهرستان دانشگاه علوم پزشکی و خدمات بهداشتی درمانی ایرانشهر- دارای تعهد خدمت دو برابر طول مدت تحصیل در مناطق مورد نیاز مرد زن - 10 بهداشت عمومی 37790 با آزمون دانشگاه علوم پزشکی ایرانشهر- ممنوعیت در نقل و انتقال- فاقد خوابگاه دانشگاه علوم پزشکی و خدمات بهداشتی درمانی ایرانشهر- دارای 15 15 - 30 پرستاری 37792 با آزمون تعهد خدمت دو برابر طول دوره تحصیل در مناطق مورد نیاز دانشگاه علوم پزشکی ایرانشهر- ممنوعیت در نقل و انتقال - فاقد خوابگاه دانشگاه علوم پزشکی و خدمات بهداشتی درمانی ایرانشهر- دارای تعهد خدمت دو برابر طول مدت تحصیل در مناطق مورد نیاز مرد زن - 10 تکنولوژی اتاق عمل 37795 با آزمون دانشگاه علوم پزشکی ایرانشهر- ممنوعیت در نقل و انتقال- فاقد خوابگاه | رشته محل های سهمیه بومی در رشته های کاردانی و کارشناسی دارای تعهد خدمت مورد نیاز وزارت بهداشت
37801,علوم آزمایشگاهی,دانشگاه علوم پزشکی و خدمات بهداشتی درمانی ایرانشهر,شرایط خاص,تعهد خدمت,15,206,دانشگاه علوم پزشکی و خدمات بهداشتی درمانی ایرانشهر - دارای تعهد خدمت دو برابر طول مدت تحصیل در مناطق مورد نیاز دانشگاه علوم پزشکی ایرانشهر - ممنوعیت در نقل و انتقال - فاقد خوابگاه | مخصوص متقاضیان بومی استان سیستان و بلوچستان با اولویت پذیرش متقاضیان بومی مناطق تحت پوشش دانشگاه علوم پزشکی ایرانشهر شامل ایرانشهر، بمپور، دلگان، راسک، سرباز، فنوج، الشار، مهرستان دانشگاه علوم پزشکی و خدمات بهداشتی درمانی ایرانشهر- دارای تعهد خدمت دو برابر طول مدت تحصیل در مناطق مورد نیاز مرد زن - 10 بهداشت عمومی 37790 با آزمون دانشگاه علوم پزشکی ایرانشهر- ممنوعیت در نقل و انتقال- فاقد خوابگاه دانشگاه علوم پزشکی و خدمات بهداشتی درمانی ایرانشهر- دارای 15 15 - 30 پرستاری 37792 با آزمون تعهد خدمت دو برابر طول دوره تحصیل در مناطق مورد نیاز دانشگاه علوم پزشکی ایرانشهر- ممنوعیت در نقل و انتقال - فاقد خوابگاه دانشگاه علوم پزشکی و خدمات بهداشتی درمانی ایرانشهر- دارای تعهد خدمت دو برابر طول مدت تحصیل در مناطق مورد نیاز مرد زن - 10 تکنولوژی اتاق عمل 37795 با آزمون دانشگاه علوم پزشکی ایرانشهر- ممنوعیت در نقل و انتقال- فاقد خوابگاه دانشگاه علوم پزشکی و خدمات بهداشتی درمانی ایرانشهر- دارای مرد زن 15 - تکنولوژی پرتوشناسی 37798 با آزمون تعهد خدمت دو برابر طول مدت تحصیل در مناطق مورد نیاز دانشگاه علوم پزشکی ایرانشهر- فاقد خوابگاه | رشته محل های سهمیه بومی در رشته های کاردانی و کارشناسی دارای تعهد خدمت مورد نیاز وزارت بهداشت
37806,فوریت‌های پزشکی پیش‌بیمارستانی,دانشگاه علوم پزشکی و خدمات بهداشتی درمانی ایرانشهر,شرایط خاص,تعهد خدمت,16,206,دانشگاه علوم پزشکی و خدمات بهداشتی درمانی ایرانشهر - دارای تعهد خدمت دو برابر طول مدت تحصیل در مناطق مورد نیاز دانشگاه علوم پزشکی ایرانشهر - فاقد خوابگاه | مخصوص متقاضیان بومی استان سیستان و بلوچستان با اولویت پذیرش متقاضیان بومی مناطق تحت پوشش دانشگاه علوم پزشکی ایرانشهر شامل ایرانشهر، بمپور، دلگان، راسک، سرباز، فنوج، الشار، مهرستان دانشگاه علوم پزشکی و خدمات بهداشتی درمانی ایرانشهر- دارای تعهد خدمت دو برابر طول مدت تحصیل در مناطق مورد نیاز مرد زن - 10 بهداشت عمومی 37790 با آزمون دانشگاه علوم پزشکی ایرانشهر- ممنوعیت در نقل و انتقال- فاقد خوابگاه دانشگاه علوم پزشکی و خدمات بهداشتی درمانی ایرانشهر- دارای 15 15 - 30 پرستاری 37792 با آزمون تعهد خدمت دو برابر طول دوره تحصیل در مناطق مورد نیاز دانشگاه علوم پزشکی ایرانشهر- ممنوعیت در نقل و انتقال - فاقد خوابگاه دانشگاه علوم پزشکی و خدمات بهداشتی درمانی ایرانشهر- دارای تعهد خدمت دو برابر طول مدت تحصیل در مناطق مورد نیاز مرد زن - 10 تکنولوژی اتاق عمل 37795 با آزمون دانشگاه علوم پزشکی ایرانشهر- ممنوعیت در نقل و انتقال- فاقد خوابگاه دانشگاه علوم پزشکی و خدمات بهداشتی درمانی ایرانشهر- دارای مرد زن 15 - تکنولوژی پرتوشناسی 37798 با آزمون تعهد خدمت دو برابر طول مدت تحصیل در مناطق مورد نیاز دانشگاه علوم پزشکی ایرانشهر- فاقد خوابگاه دانشگاه علوم پزشکی و خدمات بهداشتی درمانی ایرانشهر- دارای تعهد خدمت دو برابر طول مدت تحصیل در مناطق مورد نیاز مرد زن - 15 علوم آزمایشگاهی 37801 با آزمون دانشگاه علوم پزشکی ایرانشهر- ممنوعیت در نقل و انتقال- فاقد خوابگاه | رشته محل های سهمیه بومی در رشته های کاردانی و کارشناسی دارای تعهد خدمت مورد نیاز وزارت بهداشت
37810,مامایی,دانشگاه علوم پزشکی و خدمات بهداشتی درمانی ایرانشهر,شرایط خاص,تعهد خدمت,24,206,دانشگاه علوم پزشکی و خدمات بهداشتی درمانی ایرانشهر - دارای تعهد خدمت دو برابر طول مدت تحصیل در مناطق مورد نیاز دانشگاه علوم پزشکی ایرانشهر - فاقد خوابگاه | مخصوص متقاضیان بومی استان سیستان و بلوچستان با اولویت پذیرش متقاضیان بومی مناطق تحت پوشش دانشگاه علوم پزشکی ایرانشهر شامل ایرانشهر، بمپور، دلگان، راسک، سرباز، فنوج، الشار، مهرستان دانشگاه علوم پزشکی و خدمات بهداشتی درمانی ایرانشهر- دارای تعهد خدمت دو برابر طول مدت تحصیل در مناطق مورد نیاز مرد زن - 10 بهداشت عمومی 37790 با آزمون دانشگاه علوم پزشکی ایرانشهر- ممنوعیت در نقل و انتقال- فاقد خوابگاه دانشگاه علوم پزشکی و خدمات بهداشتی درمانی ایرانشهر- دارای 15 15 - 30 پرستاری 37792 با آزمون تعهد خدمت دو برابر طول دوره تحصیل در مناطق مورد نیاز دانشگاه علوم پزشکی ایرانشهر- ممنوعیت در نقل و انتقال - فاقد خوابگاه دانشگاه علوم پزشکی و خدمات بهداشتی درمانی ایرانشهر- دارای تعهد خدمت دو برابر طول مدت تحصیل در مناطق مورد نیاز مرد زن - 10 تکنولوژی اتاق عمل 37795 با آزمون دانشگاه علوم پزشکی ایرانشهر- ممنوعیت در نقل و انتقال- فاقد خوابگاه دانشگاه علوم پزشکی و خدمات بهداشتی درمانی ایرانشهر- دارای مرد زن 15 - تکنولوژی پرتوشناسی 37798 با آزمون تعهد خدمت دو برابر طول مدت تحصیل در مناطق مورد نیاز دانشگاه علوم پزشکی ایرانشهر- فاقد خوابگاه دانشگاه علوم پزشکی و خدمات بهداشتی درمانی ایرانشهر- دارای تعهد خدمت دو برابر طول مدت تحصیل در مناطق مورد نیاز مرد زن - 15 علوم آزمایشگاهی 37801 با آزمون دانشگاه علوم پزشکی ایرانشهر- ممنوعیت در نقل و انتقال- فاقد خوابگاه دانشگاه علوم پزشکی و خدمات بهداشتی درمانی ایرانشهر- دارای 13 3 - 16 فوریت های پزشکی پیش بیمارستانی 37806 با آزمون تعهد خدمت دو برابر طول مدت تحصیل در مناطق مورد نیاز دانشگاه علوم پزشکی ایرانشهر- فاقد خوابگاه | رشته محل های سهمیه بومی در رشته های کاردانی و کارشناسی دارای تعهد خدمت مورد نیاز وزارت بهداشت
37815,هوشبری,دانشگاه علوم پزشکی و خدمات بهداشتی درمانی ایرانشهر,شرایط خاص,تعهد خدمت,15,206,دانشگاه علوم پزشکی و خدمات بهداشتی درمانی ایرانشهر - دارای تعهد خدمت دو برابر طول مدت تحصیل در مناطق مورد نیاز دانشگاه علوم پزشکی ایرانشهر - فاقد خوابگاه | مخصوص متقاضیان بومی استان سیستان و بلوچستان با اولویت پذیرش متقاضیان بومی مناطق تحت پوشش دانشگاه علوم پزشکی ایرانشهر شامل ایرانشهر، بمپور، دلگان، راسک، سرباز، فنوج، الشار، مهرستان دانشگاه علوم پزشکی و خدمات بهداشتی درمانی ایرانشهر- دارای تعهد خدمت دو برابر طول مدت تحصیل در مناطق مورد نیاز مرد زن - 10 بهداشت عمومی 37790 با آزمون دانشگاه علوم پزشکی ایرانشهر- ممنوعیت در نقل و انتقال- فاقد خوابگاه دانشگاه علوم پزشکی و خدمات بهداشتی درمانی ایرانشهر- دارای 15 15 - 30 پرستاری 37792 با آزمون تعهد خدمت دو برابر طول دوره تحصیل در مناطق مورد نیاز دانشگاه علوم پزشکی ایرانشهر- ممنوعیت در نقل و انتقال - فاقد خوابگاه دانشگاه علوم پزشکی و خدمات بهداشتی درمانی ایرانشهر- دارای تعهد خدمت دو برابر طول مدت تحصیل در مناطق مورد نیاز مرد زن - 10 تکنولوژی اتاق عمل 37795 با آزمون دانشگاه علوم پزشکی ایرانشهر- ممنوعیت در نقل و انتقال- فاقد خوابگاه دانشگاه علوم پزشکی و خدمات بهداشتی درمانی ایرانشهر- دارای مرد زن 15 - تکنولوژی پرتوشناسی 37798 با آزمون تعهد خدمت دو برابر طول مدت تحصیل در مناطق مورد نیاز دانشگاه علوم پزشکی ایرانشهر- فاقد خوابگاه دانشگاه علوم پزشکی و خدمات بهداشتی درمانی ایرانشهر- دارای تعهد خدمت دو برابر طول مدت تحصیل در مناطق مورد نیاز مرد زن - 15 علوم آزمایشگاهی 37801 با آزمون دانشگاه علوم پزشکی ایرانشهر- ممنوعیت در نقل و انتقال- فاقد خوابگاه دانشگاه علوم پزشکی و خدمات بهداشتی درمانی ایرانشهر- دارای 13 3 - 16 فوریت های پزشکی پیش بیمارستانی 37806 با آزمون تعهد خدمت دو برابر طول مدت تحصیل در مناطق مورد نیاز دانشگاه علوم پزشکی ایرانشهر- فاقد خوابگاه دانشگاه علوم پزشکی و خدمات بهداشتی درمانی ایرانشهر- دارای - زن - 24 مامایی 37810 با آزمون تعهد خدمت دو برابر طول مدت تحصیل در مناطق مورد نیاز دانشگاه علوم پزشکی ایرانشهر- فاقد خوابگاه | رشته محل های سهمیه بومی در رشته های کاردانی و کارشناسی دارای تعهد خدمت مورد نیاز وزارت بهداشت
37823,فوریت‌های پزشکی پیش‌بیمارستانی,دانشگاه علوم پزشکی و خدمات بهداشتی درمانی ایرانشهر,شرایط خاص,تعهد خدمت,20,206,دانشگاه علوم پزشکی و خدمات بهداشتی درمانی ایرانشهر - دارای تعهد خدمت دو برابر طول مدت تحصیل در مناطق مورد نیاز دانشگاه علوم پزشکی ایرانشهر - فاقد خوابگاه | مخصوص متقاضیان بومی استان سیستان و بلوچستان با اولویت پذیرش متقاضیان بومی مناطق تحت پوشش دانشگاه علوم پزشکی ایرانشهر شامل ایرانشهر، بمپور، دلگان، راسک، سرباز، فنوج، الشار، مهرستان دانشگاه علوم پزشکی و خدمات بهداشتی درمانی ایرانشهر- دارای تعهد خدمت دو برابر طول مدت تحصیل در مناطق مورد نیاز مرد زن - 10 بهداشت عمومی 37790 با آزمون دانشگاه علوم پزشکی ایرانشهر- ممنوعیت در نقل و انتقال- فاقد خوابگاه دانشگاه علوم پزشکی و خدمات بهداشتی درمانی ایرانشهر- دارای 15 15 - 30 پرستاری 37792 با آزمون تعهد خدمت دو برابر طول دوره تحصیل در مناطق مورد نیاز دانشگاه علوم پزشکی ایرانشهر- ممنوعیت در نقل و انتقال - فاقد خوابگاه دانشگاه علوم پزشکی و خدمات بهداشتی درمانی ایرانشهر- دارای تعهد خدمت دو برابر طول مدت تحصیل در مناطق مورد نیاز مرد زن - 10 تکنولوژی اتاق عمل 37795 با آزمون دانشگاه علوم پزشکی ایرانشهر- ممنوعیت در نقل و انتقال- فاقد خوابگاه دانشگاه علوم پزشکی و خدمات بهداشتی درمانی ایرانشهر- دارای مرد زن 15 - تکنولوژی پرتوشناسی 37798 با آزمون تعهد خدمت دو برابر طول مدت تحصیل در مناطق مورد نیاز دانشگاه علوم پزشکی ایرانشهر- فاقد خوابگاه دانشگاه علوم پزشکی و خدمات بهداشتی درمانی ایرانشهر- دارای تعهد خدمت دو برابر طول مدت تحصیل در مناطق مورد نیاز مرد زن - 15 علوم آزمایشگاهی 37801 با آزمون دانشگاه علوم پزشکی ایرانشهر- ممنوعیت در نقل و انتقال- فاقد خوابگاه دانشگاه علوم پزشکی و خدمات بهداشتی درمانی ایرانشهر- دارای 13 3 - 16 فوریت های پزشکی پیش بیمارستانی 37806 با آزمون تعهد خدمت دو برابر طول مدت تحصیل در مناطق مورد نیاز دانشگاه علوم پزشکی ایرانشهر- فاقد خوابگاه دانشگاه علوم پزشکی و خدمات بهداشتی درمانی ایرانشهر- دارای - زن - 24 مامایی 37810 با آزمون تعهد خدمت دو برابر طول مدت تحصیل در مناطق مورد نیاز دانشگاه علوم پزشکی ایرانشهر- فاقد خوابگاه دانشگاه علوم پزشکی و خدمات بهداشتی درمانی ایرانشهر- دارای مرد زن - 15 هوشبری 37815 با آزمون تعهد خدمت دو برابر طول مدت تحصیل در مناطق مورد نیاز دانشگاه علوم پزشکی ایرانشهر- فاقد خوابگاه | رشته محل های سهمیه بومی در رشته های کاردانی و کارشناسی دارای تعهد خدمت مورد نیاز وزارت بهداشت
19437,علوم آزمایشگاهی,دانشگاه علوم پزشکی و خدمات بهداشتی درمانی ایرانشهر,شرایط خاص,تعهد خدمت,20,206,دانشگاه علوم پزشکی و خدمات بهداشتی درمانی ایرانشهر - دارای تعهد خدمت دو برابر طول تحصیل در مناطق مورد نیاز دانشگاه علوم پزشکی ایرانشهر - ممنوعیت در نقل انتقاالت - فاقد خوابگاه | مخصوص متقاضیان بومی استان سیستان و بلوچستان با اولویت پذیرش متقاضیان بومی مناطق تحت پوشش دانشگاه علوم پزشکی ایرانشهر شامل ایرانشهر، بمپور، دلگان، راسک، سرباز، فنوج، الشار، مهرستان دانشگاه علوم پزشکی و خدمات بهداشتی درمانی ایرانشهر- دارای تعهد خدمت دو برابر طول مدت تحصیل در مناطق مورد نیاز مرد زن - 10 بهداشت عمومی 37790 با آزمون دانشگاه علوم پزشکی ایرانشهر- ممنوعیت در نقل و انتقال- فاقد خوابگاه دانشگاه علوم پزشکی و خدمات بهداشتی درمانی ایرانشهر- دارای 15 15 - 30 پرستاری 37792 با آزمون تعهد خدمت دو برابر طول دوره تحصیل در مناطق مورد نیاز دانشگاه علوم پزشکی ایرانشهر- ممنوعیت در نقل و انتقال - فاقد خوابگاه دانشگاه علوم پزشکی و خدمات بهداشتی درمانی ایرانشهر- دارای تعهد خدمت دو برابر طول مدت تحصیل در مناطق مورد نیاز مرد زن - 10 تکنولوژی اتاق عمل 37795 با آزمون دانشگاه علوم پزشکی ایرانشهر- ممنوعیت در نقل و انتقال- فاقد خوابگاه دانشگاه علوم پزشکی و خدمات بهداشتی درمانی ایرانشهر- دارای مرد زن 15 - تکنولوژی پرتوشناسی 37798 با آزمون تعهد خدمت دو برابر طول مدت تحصیل در مناطق مورد نیاز دانشگاه علوم پزشکی ایرانشهر- فاقد خوابگاه دانشگاه علوم پزشکی و خدمات بهداشتی درمانی ایرانشهر- دارای تعهد خدمت دو برابر طول مدت تحصیل در مناطق مورد نیاز مرد زن - 15 علوم آزمایشگاهی 37801 با آزمون دانشگاه علوم پزشکی ایرانشهر- ممنوعیت در نقل و انتقال- فاقد خوابگاه دانشگاه علوم پزشکی و خدمات بهداشتی درمانی ایرانشهر- دارای 13 3 - 16 فوریت های پزشکی پیش بیمارستانی 37806 با آزمون تعهد خدمت دو برابر طول مدت تحصیل در مناطق مورد نیاز دانشگاه علوم پزشکی ایرانشهر- فاقد خوابگاه دانشگاه علوم پزشکی و خدمات بهداشتی درمانی ایرانشهر- دارای - زن - 24 مامایی 37810 با آزمون تعهد خدمت دو برابر طول مدت تحصیل در مناطق مورد نیاز دانشگاه علوم پزشکی ایرانشهر- فاقد خوابگاه دانشگاه علوم پزشکی و خدمات بهداشتی درمانی ایرانشهر- دارای مرد زن - 15 هوشبری 37815 با آزمون تعهد خدمت دو برابر طول مدت تحصیل در مناطق مورد نیاز دانشگاه علوم پزشکی ایرانشهر- فاقد خوابگاه دانشگاه علوم پزشکی و خدمات بهداشتی درمانی ایرانشهر- دارای کاردانی فوریت های پزشکی مرد - 20 - پیش بیمارستانی 37823 با آزمون تعهد خدمت دو برابر طول مدت تحصیل در مناطق مورد نیاز دانشگاه علوم پزشکی ایرانشهر- فاقد خوابگاه | رشته محل های سهمیه بومی در رشته های کاردانی و کارشناسی دارای تعهد خدمت مورد نیاز وزارت بهداشت
37791,بینایی‌سنجی,دانشگاه علوم پزشکی و خدمات بهداشتی درمانی زاهدان,شرایط خاص,تعهد خدمت,3,207,دانشگاه علوم پزشکی و خدمات بهداشتی درمانی زاهدان - دارای تعهد خدمت دو برابر طول مدت تحصیل در مناطق مورد نیاز دانشگاه علوم پزشکی زاهدان ( سراوان ) - عدم تعهد در واگذاری خوابگاه | مخصوص متقاضیان بومی استان سیستان و بلوچستان با اولویت پذیرش متقاضیان بومی مناطق تحت پوشش دانشگاه علوم پزشکی زاهدان شامل تفتان، خاش، زاهدان، سراوان، سیب سوران، گلشن، میرجاوه | رشته محل های سهمیه بومی در رشته های کاردانی و کارشناسی دارای تعهد خدمت مورد نیاز وزارت بهداشت
37793,پرستاری,دانشگاه علوم پزشکی و خدمات بهداشتی درمانی زاهدان ( محل تحصیل مجتمع آموزش عالی سالمت سراوان ),شرایط خاص,تعهد خدمت,14,207,دانشگاه علوم پزشکی و خدمات بهداشتی درمانی زاهدان ( محل تحصیل مجتمع آموزش عالی سالمت سراوان ) - دارای تعهد خدمت دو برابر طول مدت تحصیل در مناطق مورد نیاز مجتمع آموزش عالی سالمت سراوان - ممنوعیت انتقال و مهمانی - عدم تعهد در واگذاری خوابگاه | مخصوص متقاضیان بومی استان سیستان و بلوچستان با اولویت پذیرش متقاضیان بومی مناطق تحت پوشش دانشگاه علوم پزشکی زاهدان شامل تفتان، خاش، زاهدان، سراوان، سیب سوران، گلشن، میرجاوه | رشته محل های سهمیه بومی در رشته های کاردانی و کارشناسی دارای تعهد خدمت مورد نیاز وزارت بهداشت
37796,اتاق عمل,دانشگاه علوم پزشکی و خدمات بهداشتی درمانی زاهدان,شرایط خاص,تعهد خدمت,4,207,دانشگاه علوم پزشکی و خدمات بهداشتی درمانی زاهدان - دارای تعهد خدمت دو برابر طول مدت تحصیل در مناطق مورد نیاز دانشگاه علوم پزشکی زاهدان ( سراوان ) - عدم تعهد در واگذاری خوابگاه | مخصوص متقاضیان بومی استان سیستان و بلوچستان با اولویت پذیرش متقاضیان بومی مناطق تحت پوشش دانشگاه علوم پزشکی زاهدان شامل تفتان، خاش، زاهدان، سراوان، سیب سوران، گلشن، میرجاوه | رشته محل های سهمیه بومی در رشته های کاردانی و کارشناسی دارای تعهد خدمت مورد نیاز وزارت بهداشت
37799,تکنولوژی پرتوشناسی,دانشگاه علوم پزشکی و خدمات بهداشتی درمانی زاهدان,شرایط خاص,تعهد خدمت,5,207,دانشگاه علوم پزشکی و خدمات بهداشتی درمانی زاهدان - دارای تعهد خدمت دو برابر طول مدت تحصیل در مناطق مورد نیاز دانشگاه علوم پزشکی زاهدان ( سراوان ) - عدم تعهد در واگذاری خوابگاه | مخصوص متقاضیان بومی استان سیستان و بلوچستان با اولویت پذیرش متقاضیان بومی مناطق تحت پوشش دانشگاه علوم پزشکی زاهدان شامل تفتان، خاش، زاهدان، سراوان، سیب سوران، گلشن، میرجاوه | رشته محل های سهمیه بومی در رشته های کاردانی و کارشناسی دارای تعهد خدمت مورد نیاز وزارت بهداشت
37800,شنوایی‌شناسی,دانشگاه علوم پزشکی و خدمات بهداشتی درمانی زاهدان,شرایط خاص,تعهد خدمت,3,207,دانشگاه علوم پزشکی و خدمات بهداشتی درمانی زاهدان - دارای تعهد خدمت دو برابر طول مدت تحصیل در مناطق مورد نیاز دانشگاه علوم پزشکی زاهدان ( سراوان ) - عدم تعهد در واگذاری خوابگاه | مخصوص متقاضیان بومی استان سیستان و بلوچستان با اولویت پذیرش متقاضیان بومی مناطق تحت پوشش دانشگاه علوم پزشکی زاهدان شامل تفتان، خاش، زاهدان، سراوان، سیب سوران، گلشن، میرجاوه | رشته محل های سهمیه بومی در رشته های کاردانی و کارشناسی دارای تعهد خدمت مورد نیاز وزارت بهداشت
37803,علوم آزمایشگاهی,دانشگاه علوم پزشکی و خدمات بهداشتی درمانی زاهدان,شرایط خاص,تعهد خدمت,5,207,دانشگاه علوم پزشکی و خدمات بهداشتی درمانی زاهدان - دارای تعهد خدمت دو برابر طول مدت تحصیل در مناطق مورد نیاز دانشگاه علوم پزشکی زاهدان سراوان )( - عدم تعهد در واگذاری خوابگاه | مخصوص متقاضیان بومی استان سیستان و بلوچستان با اولویت پذیرش متقاضیان بومی مناطق تحت پوشش دانشگاه علوم پزشکی زاهدان شامل تفتان، خاش، زاهدان، سراوان، سیب سوران، گلشن، میرجاوه | رشته محل های سهمیه بومی در رشته های کاردانی و کارشناسی دارای تعهد خدمت مورد نیاز وزارت بهداشت
37804,علوم تغذیه,دانشگاه علوم پزشکی و خدمات بهداشتی درمانی زاهدان,شرایط خاص,تعهد خدمت,5,207,دانشگاه علوم پزشکی و خدمات بهداشتی درمانی زاهدان - دارای تعهد خدمت دو برابر طول مدت تحصیل در مناطق مورد نیاز دانشگاه علوم پزشکی زاهدان ( سراوان ) - عدم تعهد در واگذاری خوابگاه | مخصوص متقاضیان بومی استان سیستان و بلوچستان با اولویت پذیرش متقاضیان بومی مناطق تحت پوشش دانشگاه علوم پزشکی زاهدان شامل تفتان، خاش، زاهدان، سراوان، سیب سوران، گلشن، میرجاوه | رشته محل های سهمیه بومی در رشته های کاردانی و کارشناسی دارای تعهد خدمت مورد نیاز وزارت بهداشت
37805,فناوری اطلاعات سلامت,دانشگاه علوم پزشکی و خدمات بهداشتی درمانی زاهدان,شرایط خاص,تعهد خدمت,5,207,دانشگاه علوم پزشکی و خدمات بهداشتی درمانی زاهدان - دارای تعهد خدمت دو برابر طول مدت تحصیل در مناطق مورد نیاز دانشگاه علوم پزشکی زاهدان ( سراوان ) - عدم تعهد در واگذاری خوابگاه | مخصوص متقاضیان بومی استان سیستان و بلوچستان با اولویت پذیرش متقاضیان بومی مناطق تحت پوشش دانشگاه علوم پزشکی زاهدان شامل تفتان، خاش، زاهدان، سراوان، سیب سوران، گلشن، میرجاوه | رشته محل های سهمیه بومی در رشته های کاردانی و کارشناسی دارای تعهد خدمت مورد نیاز وزارت بهداشت
37807,فیزیوتراپی,دانشگاه علوم پزشکی و خدمات بهداشتی درمانی زاهدان,شرایط خاص,تعهد خدمت,7,207,دانشگاه علوم پزشکی و خدمات بهداشتی درمانی زاهدان - دارای تعهد خدمت دو برابر طول مدت تحصیل در مناطق مورد نیاز دانشگاه علوم پزشکی زاهدان ( سراوان ) - عدم تعهد در واگذاری خوابگاه | مخصوص متقاضیان بومی استان سیستان و بلوچستان با اولویت پذیرش متقاضیان بومی مناطق تحت پوشش دانشگاه علوم پزشکی زاهدان شامل تفتان، خاش، زاهدان، سراوان، سیب سوران، گلشن، میرجاوه | رشته محل های سهمیه بومی در رشته های کاردانی و کارشناسی دارای تعهد خدمت مورد نیاز وزارت بهداشت
37809,گفتاردرمانی,دانشگاه علوم پزشکی و خدمات بهداشتی درمانی زاهدان,شرایط خاص,تعهد خدمت,3,207,دانشگاه علوم پزشکی و خدمات بهداشتی درمانی زاهدان - دارای تعهد خدمت دو برابر طول مدت تحصیل در مناطق مورد نیاز دانشگاه علوم پزشکی زاهدان ( سراوان ) - عدم تعهد در واگذاری خوابگاه | مخصوص متقاضیان بومی استان سیستان و بلوچستان با اولویت پذیرش متقاضیان بومی مناطق تحت پوشش دانشگاه علوم پزشکی زاهدان شامل تفتان، خاش، زاهدان، سراوان، سیب سوران، گلشن، میرجاوه | رشته محل های سهمیه بومی در رشته های کاردانی و کارشناسی دارای تعهد خدمت مورد نیاز وزارت بهداشت
37811,مامایی,دانشگاه علوم پزشکی و خدمات بهداشتی درمانی زاهدان,شرایط خاص,تعهد خدمت,5,207,دانشگاه علوم پزشکی و خدمات بهداشتی درمانی زاهدان - دارای تعهد خدمت دو برابر طول مدت تحصیل در مناطق مورد نیاز دانشگاه علوم پزشکی زاهدان ( سراوان ) - عدم تعهد در واگذاری خوابگاه | مخصوص متقاضیان بومی استان سیستان و بلوچستان با اولویت پذیرش متقاضیان بومی مناطق تحت پوشش دانشگاه علوم پزشکی زاهدان شامل تفتان، خاش، زاهدان، سراوان، سیب سوران، گلشن، میرجاوه | رشته محل های سهمیه بومی در رشته های کاردانی و کارشناسی دارای تعهد خدمت مورد نیاز وزارت بهداشت
37812,مامایی,دانشگاه علوم پزشکی و خدمات بهداشتی درمانی زاهدان,شرایط خاص,تعهد خدمت,5,207,دانشگاه علوم پزشکی و خدمات بهداشتی درمانی زاهدان - دارای تعهد خدمت دو برابر طول مدت تحصیل در مناطق مورد نیاز دانشگاه علوم پزشکی زاهدان ( سراوان ) - عدم تعهد در واگذاری خوابگاه | مخصوص متقاضیان بومی استان سیستان و بلوچستان با اولویت پذیرش متقاضیان بومی مناطق تحت پوشش دانشگاه علوم پزشکی زاهدان شامل تفتان، خاش، زاهدان، سراوان، سیب سوران، گلشن، میرجاوه | رشته محل های سهمیه بومی در رشته های کاردانی و کارشناسی دارای تعهد خدمت مورد نیاز وزارت بهداشت
37814,مهندسی بهداشت محیط,دانشگاه علوم پزشکی و خدمات بهداشتی درمانی زاهدان,شرایط خاص,تعهد خدمت,5,207,دانشگاه علوم پزشکی و خدمات بهداشتی درمانی زاهدان - دارای تعهد خدمت دو برابر طول مدت تحصیل در مناطق مورد نیاز دانشگاه علوم پزشکی زاهدان ( سراوان ) - عدم تعهد در واگذاری خوابگاه | مخصوص متقاضیان بومی استان سیستان و بلوچستان با اولویت پذیرش متقاضیان بومی مناطق تحت پوشش دانشگاه علوم پزشکی زاهدان شامل تفتان، خاش، زاهدان، سراوان، سیب سوران، گلشن، میرجاوه | رشته محل های سهمیه بومی در رشته های کاردانی و کارشناسی دارای تعهد خدمت مورد نیاز وزارت بهداشت
37816,هوشبری,دانشگاه علوم پزشکی و خدمات بهداشتی درمانی زاهدان,شرایط خاص,تعهد خدمت,6,207,دانشگاه علوم پزشکی و خدمات بهداشتی درمانی زاهدان - دارای تعهد خدمت دو برابر طول مدت تحصیل در مناطق مورد نیاز دانشگاه علوم پزشکی زاهدان ( سراوان ) - عدم تعهد در واگذاری خوابگاه | مخصوص متقاضیان بومی استان سیستان و بلوچستان با اولویت پذیرش متقاضیان بومی مناطق تحت پوشش دانشگاه علوم پزشکی زاهدان شامل تفتان، خاش، زاهدان، سراوان، سیب سوران، گلشن، میرجاوه | رشته محل های سهمیه بومی در رشته های کاردانی و کارشناسی دارای تعهد خدمت مورد نیاز وزارت بهداشت
37824,فوریت‌های پزشکی پیش‌بیمارستانی,دانشگاه علوم پزشکی و خدمات بهداشتی درمانی زاهدان ( محل تحصیل دانشکده پرستاری خاش ),شرایط خاص,تعهد خدمت,15,208,دانشگاه علوم پزشکی و خدمات بهداشتی درمانی زاهدان ( محل تحصیل دانشکده پرستاری خاش ) - دارای تعهد خدمت دو برابر طول مدت تحصیل در مناطق مورد نیاز دانشگاه علوم پزشکی زاهدان ( سراوان ) - عدم تعهد در واگذاری خوابگاه | ادامه مخصوص متقاضیان بومی استان سیستان و بلوچستان با اولویت پذیرش متقاضیان بومی مناطق تحت پوشش دانشگاه علوم پزشکی زاهدان شامل تفتان، خاش، زاهدان، سراوان، سیب سوران، گلشن، میرجاوه | رشته محل های سهمیه بومی در رشته های کاردانی و کارشناسی دارای تعهد خدمت مورد نیاز وزارت بهداشت
37828,مهندسی بهداشت حرفه ای و ایمنی کار,دانشگاه علوم پزشکی و خدمات بهداشتی درمانی زاهدان,شرایط خاص,تعهد خدمت,4,208,دانشگاه علوم پزشکی و خدمات بهداشتی درمانی زاهدان - دارای تعهد خدمت دو برابر طول مدت تحصیل در مناطق مورد نیاز دانشگاه علوم پزشکی زاهدان ( سراوان ) - عدم تعهد در واگذاری خوابگاه | ادامه مخصوص متقاضیان بومی استان سیستان و بلوچستان با اولویت پذیرش متقاضیان بومی مناطق تحت پوشش دانشگاه علوم پزشکی زاهدان شامل تفتان، خاش، زاهدان، سراوان، سیب سوران، گلشن، میرجاوه | رشته محل های سهمیه بومی در رشته های کاردانی و کارشناسی دارای تعهد خدمت مورد نیاز وزارت بهداشت
19438,کتابداری و اطلاع‌رسانی پزشکی,دانشگاه علوم پزشکی و خدمات بهداشتی درمانی زاهدان,شرایط خاص,تعهد خدمت,4,208,دانشگاه علوم پزشکی و خدمات بهداشتی درمانی زاهدان - دارای تعهد خدمت دو برابر طول مدت تحصیل در مناطق مورد نیاز دانشگاه علوم پزشکی زاهدان ( سراوان ) - عدم تعهد در واگذاری خوابگاه | ادامه مخصوص متقاضیان بومی استان سیستان و بلوچستان با اولویت پذیرش متقاضیان بومی مناطق تحت پوشش دانشگاه علوم پزشکی زاهدان شامل تفتان، خاش، زاهدان، سراوان، سیب سوران، گلشن، میرجاوه | رشته محل های سهمیه بومی در رشته های کاردانی و کارشناسی دارای تعهد خدمت مورد نیاز وزارت بهداشت
37794,پرستاری,دانشکده علوم پزشکی و خدمات بهداشتی درمانی چابهار,شرایط خاص,تعهد خدمت,40,208,دانشکده علوم پزشکی و خدمات بهداشتی درمانی چابهار - دارای تعهد خدمت دو برابر طول مدت تحصیل در مناطق مورد نیاز دانشکده علوم پزشکی چابهار - دارای خوابگاه استیجاری | مخصوص متقاضیان بومی استان سیستان و بلوچستان با اولویت مناطق تحت پوشش دانشکده علوم پزشکی چابهار شامل شهرستان های چابهار، دشتیاری، زرآباد، قصرقند، کنارک، نیک شهر | رشته محل های سهمیه بومی در رشته های کاردانی و کارشناسی دارای تعهد خدمت مورد نیاز وزارت بهداشت
37797,اتاق عمل,دانشکده علوم پزشکی و خدمات بهداشتی درمانی چابهار,شرایط خاص,تعهد خدمت,15,208,دانشکده علوم پزشکی و خدمات بهداشتی درمانی چابهار - دارای تعهد خدمت دو برابر طول مدت تحصیل در مناطق مورد نیاز دانشکده علوم پزشکی چابهار - دارای خوابگاه استیجاری | مخصوص متقاضیان بومی استان سیستان و بلوچستان با اولویت مناطق تحت پوشش دانشکده علوم پزشکی چابهار شامل شهرستان های چابهار، دشتیاری، زرآباد، قصرقند، کنارک، نیک شهر دانشکده علوم پزشکی و خدمات بهداشتی درمانی چابهار- دارای 20 20 - 40 پرستاری 37794 با آزمون تعهد خدمت دو برابر طول مدت تحصیل در مناطق مورد نیاز دانشکده علوم پزشکی چابهار- دارای خوابگاه استیجاری | رشته محل های سهمیه بومی در رشته های کاردانی و کارشناسی دارای تعهد خدمت مورد نیاز وزارت بهداشت
37802,علوم آزمایشگاهی,دانشگاه علوم پزشکی و خدمات بهداشتی درمانی زاهدان,شرایط خاص,تعهد خدمت,20,208,دانشگاه علوم پزشکی و خدمات بهداشتی درمانی زاهدان - دارای تعهد خدمت دو برابر طول مدت تحصیل در مناطق مورد نیاز دانشکده علوم پزشکی چابهار - عدم تعهد در واگذاری خوابگاه | مخصوص متقاضیان بومی استان سیستان و بلوچستان با اولویت مناطق تحت پوشش دانشکده علوم پزشکی چابهار شامل شهرستان های چابهار، دشتیاری، زرآباد، قصرقند، کنارک، نیک شهر دانشکده علوم پزشکی و خدمات بهداشتی درمانی چابهار- دارای 20 20 - 40 پرستاری 37794 با آزمون تعهد خدمت دو برابر طول مدت تحصیل در مناطق مورد نیاز دانشکده علوم پزشکی چابهار- دارای خوابگاه استیجاری دانشکده علوم پزشکی و خدمات بهداشتی درمانی چابهار- دارای مرد زن 15 - تکنولوژی اتاق عمل 37797 با آزمون تعهد خدمت دو برابر طول مدت تحصیل در مناطق مورد نیاز دانشکده علوم پزشکی چابهار- دارای خوابگاه استیجاری | رشته محل های سهمیه بومی در رشته های کاردانی و کارشناسی دارای تعهد خدمت مورد نیاز وزارت بهداشت
37813,مامایی,دانشکده علوم پزشکی و خدمات بهداشتی درمانی چابهار,شرایط خاص,تعهد خدمت,20,208,دانشکده علوم پزشکی و خدمات بهداشتی درمانی چابهار - دارای تعهد خدمت دو برابر طول مدت تحصیل در مناطق مورد نیاز دانشکده علوم پزشکی چابهار - دارای خوابگاه استیجاری | مخصوص متقاضیان بومی استان سیستان و بلوچستان با اولویت مناطق تحت پوشش دانشکده علوم پزشکی چابهار شامل شهرستان های چابهار، دشتیاری، زرآباد، قصرقند، کنارک، نیک شهر دانشکده علوم پزشکی و خدمات بهداشتی درمانی چابهار- دارای 20 20 - 40 پرستاری 37794 با آزمون تعهد خدمت دو برابر طول مدت تحصیل در مناطق مورد نیاز دانشکده علوم پزشکی چابهار- دارای خوابگاه استیجاری دانشکده علوم پزشکی و خدمات بهداشتی درمانی چابهار- دارای مرد زن 15 - تکنولوژی اتاق عمل 37797 با آزمون تعهد خدمت دو برابر طول مدت تحصیل در مناطق مورد نیاز دانشکده علوم پزشکی چابهار- دارای خوابگاه استیجاری دانشگاه علوم پزشکی و خدمات بهداشتی درمانی زاهدان- دارای مرد زن 20 - علوم آزمایشگاهی 37802 با آزمون تعهد خدمت دو برابر طول مدت تحصیل در مناطق مورد نیاز دانشکده علوم پزشکی چابهار- عدم تعهد در واگذاری خوابگاه | رشته محل های سهمیه بومی در رشته های کاردانی و کارشناسی دارای تعهد خدمت مورد نیاز وزارت بهداشت
37817,هوشبری,دانشکده علوم پزشکی و خدمات بهداشتی درمانی چابهار,شرایط خاص,تعهد خدمت,11,208,دانشکده علوم پزشکی و خدمات بهداشتی درمانی چابهار - دارای تعهد خدمت دو برابر طول مدت تحصیل در مناطق مورد نیاز دانشکده علوم پزشکی چابهار - دارای خوابگاه استیجاری | مخصوص متقاضیان بومی استان سیستان و بلوچستان با اولویت مناطق تحت پوشش دانشکده علوم پزشکی چابهار شامل شهرستان های چابهار، دشتیاری، زرآباد، قصرقند، کنارک، نیک شهر دانشکده علوم پزشکی و خدمات بهداشتی درمانی چابهار- دارای 20 20 - 40 پرستاری 37794 با آزمون تعهد خدمت دو برابر طول مدت تحصیل در مناطق مورد نیاز دانشکده علوم پزشکی چابهار- دارای خوابگاه استیجاری دانشکده علوم پزشکی و خدمات بهداشتی درمانی چابهار- دارای مرد زن 15 - تکنولوژی اتاق عمل 37797 با آزمون تعهد خدمت دو برابر طول مدت تحصیل در مناطق مورد نیاز دانشکده علوم پزشکی چابهار- دارای خوابگاه استیجاری دانشگاه علوم پزشکی و خدمات بهداشتی درمانی زاهدان- دارای مرد زن 20 - علوم آزمایشگاهی 37802 با آزمون تعهد خدمت دو برابر طول مدت تحصیل در مناطق مورد نیاز دانشکده علوم پزشکی چابهار- عدم تعهد در واگذاری خوابگاه دانشکده علوم پزشکی و خدمات بهداشتی درمانی چابهار- دارای - زن 20 - مامایی 37813 با آزمون تعهد خدمت دو برابر طول مدت تحصیل در مناطق مورد نیاز دانشکده علوم پزشکی چابهار- دارای خوابگاه استیجاری | رشته محل های سهمیه بومی در رشته های کاردانی و کارشناسی دارای تعهد خدمت مورد نیاز وزارت بهداشت
37825,فوریت‌های پزشکی پیش‌بیمارستانی,دانشکده علوم پزشکی و خدمات بهداشتی درمانی چابهار,شرایط خاص,تعهد خدمت,21,208,دانشکده علوم پزشکی و خدمات بهداشتی درمانی چابهار - دارای تعهد خدمت دو برابر طول مدت تحصیل در مناطق مورد نیاز دانشکده علوم پزشکی چابهار - دارای خوابگاه استیجاری | مخصوص متقاضیان بومی استان سیستان و بلوچستان با اولویت مناطق تحت پوشش دانشکده علوم پزشکی چابهار شامل شهرستان های چابهار، دشتیاری، زرآباد، قصرقند، کنارک، نیک شهر دانشکده علوم پزشکی و خدمات بهداشتی درمانی چابهار- دارای 20 20 - 40 پرستاری 37794 با آزمون تعهد خدمت دو برابر طول مدت تحصیل در مناطق مورد نیاز دانشکده علوم پزشکی چابهار- دارای خوابگاه استیجاری دانشکده علوم پزشکی و خدمات بهداشتی درمانی چابهار- دارای مرد زن 15 - تکنولوژی اتاق عمل 37797 با آزمون تعهد خدمت دو برابر طول مدت تحصیل در مناطق مورد نیاز دانشکده علوم پزشکی چابهار- دارای خوابگاه استیجاری دانشگاه علوم پزشکی و خدمات بهداشتی درمانی زاهدان- دارای مرد زن 20 - علوم آزمایشگاهی 37802 با آزمون تعهد خدمت دو برابر طول مدت تحصیل در مناطق مورد نیاز دانشکده علوم پزشکی چابهار- عدم تعهد در واگذاری خوابگاه دانشکده علوم پزشکی و خدمات بهداشتی درمانی چابهار- دارای - زن 20 - مامایی 37813 با آزمون تعهد خدمت دو برابر طول مدت تحصیل در مناطق مورد نیاز دانشکده علوم پزشکی چابهار- دارای خوابگاه استیجاری دانشکده علوم پزشکی و خدمات بهداشتی درمانی چابهار- دارای مرد زن 11 - هوشبری 37817 با آزمون تعهد خدمت دو برابر طول مدت تحصیل در مناطق مورد نیاز دانشکده علوم پزشکی چابهار- دارای خوابگاه استیجاری | رشته محل های سهمیه بومی در رشته های کاردانی و کارشناسی دارای تعهد خدمت مورد نیاز وزارت بهداشت
19440,علوم آزمایشگاهی,دانشکده علوم پزشکی و خدمات بهداشتی درمانی چابهار,شرایط خاص,تعهد خدمت,20,208,دانشکده علوم پزشکی و خدمات بهداشتی درمانی چابهار - دارای تعهد خدمت دو برابر طول دوره تحصیل در های چابهار ،شهرستان دشتیاری، زرآباد، قصرقند، کنارک و نیکشهر - ممنوعیت در نقل و انتقال - دارای خوابگاه استیجاری | مخصوص متقاضیان بومی استان سیستان و بلوچستان با اولویت مناطق تحت پوشش دانشکده علوم پزشکی چابهار شامل شهرستان های چابهار، دشتیاری، زرآباد، قصرقند، کنارک، نیک شهر دانشکده علوم پزشکی و خدمات بهداشتی درمانی چابهار- دارای 20 20 - 40 پرستاری 37794 با آزمون تعهد خدمت دو برابر طول مدت تحصیل در مناطق مورد نیاز دانشکده علوم پزشکی چابهار- دارای خوابگاه استیجاری دانشکده علوم پزشکی و خدمات بهداشتی درمانی چابهار- دارای مرد زن 15 - تکنولوژی اتاق عمل 37797 با آزمون تعهد خدمت دو برابر طول مدت تحصیل در مناطق مورد نیاز دانشکده علوم پزشکی چابهار- دارای خوابگاه استیجاری دانشگاه علوم پزشکی و خدمات بهداشتی درمانی زاهدان- دارای مرد زن 20 - علوم آزمایشگاهی 37802 با آزمون تعهد خدمت دو برابر طول مدت تحصیل در مناطق مورد نیاز دانشکده علوم پزشکی چابهار- عدم تعهد در واگذاری خوابگاه دانشکده علوم پزشکی و خدمات بهداشتی درمانی چابهار- دارای - زن 20 - مامایی 37813 با آزمون تعهد خدمت دو برابر طول مدت تحصیل در مناطق مورد نیاز دانشکده علوم پزشکی چابهار- دارای خوابگاه استیجاری دانشکده علوم پزشکی و خدمات بهداشتی درمانی چابهار- دارای مرد زن 11 - هوشبری 37817 با آزمون تعهد خدمت دو برابر طول مدت تحصیل در مناطق مورد نیاز دانشکده علوم پزشکی چابهار- دارای خوابگاه استیجاری دانشکده علوم پزشکی و خدمات بهداشتی درمانی چابهار- دارای کاردانی فوریت های پزشکی 16 5 21 - پیش بیمارستانی 37825 با آزمون تعهد خدمت دو برابر طول مدت تحصیل در مناطق مورد نیاز دانشکده علوم پزشکی چابهار- دارای خوابگاه استیجاری دانشکده علوم پزشکی و خدمات بهداشتی درمانی چابهار- دارای تعهد خدمت دو برابر طول دوره تحصیل در شهرستان های ،چابهار مرد زن 15 - کاردانی اتاق عمل 19439 صرفا با سوابق تحصیلی دشتیاری، زرآباد، قصرقند، کنارک و نیکشهر- ممنوعیت در نقل و انتقال- دارای خوابگاه استیجاری | رشته محل های سهمیه بومی در رشته های کاردانی و کارشناسی دارای تعهد خدمت مورد نیاز وزارت بهداشت
19441,هوشبری,دانشکده علوم پزشکی و خدمات بهداشتی درمانی چابهار,شرایط خاص,تعهد خدمت,15,208,دانشکده علوم پزشکی و خدمات بهداشتی درمانی چابهار - دارای تعهد خدمت دو برابر طول دوره تحصیل در شهرستان چابهار ،های دشتیاری، زرآباد، قصرقند، کنارک و نیکشهر - ممنوعیت در نقل و انتقال - دارای خوابگاه استیجاری | مخصوص متقاضیان بومی استان سیستان و بلوچستان با اولویت مناطق تحت پوشش دانشکده علوم پزشکی چابهار شامل شهرستان های چابهار، دشتیاری، زرآباد، قصرقند، کنارک، نیک شهر دانشکده علوم پزشکی و خدمات بهداشتی درمانی چابهار- دارای 20 20 - 40 پرستاری 37794 با آزمون تعهد خدمت دو برابر طول مدت تحصیل در مناطق مورد نیاز دانشکده علوم پزشکی چابهار- دارای خوابگاه استیجاری دانشکده علوم پزشکی و خدمات بهداشتی درمانی چابهار- دارای مرد زن 15 - تکنولوژی اتاق عمل 37797 با آزمون تعهد خدمت دو برابر طول مدت تحصیل در مناطق مورد نیاز دانشکده علوم پزشکی چابهار- دارای خوابگاه استیجاری دانشگاه علوم پزشکی و خدمات بهداشتی درمانی زاهدان- دارای مرد زن 20 - علوم آزمایشگاهی 37802 با آزمون تعهد خدمت دو برابر طول مدت تحصیل در مناطق مورد نیاز دانشکده علوم پزشکی چابهار- عدم تعهد در واگذاری خوابگاه دانشکده علوم پزشکی و خدمات بهداشتی درمانی چابهار- دارای - زن 20 - مامایی 37813 با آزمون تعهد خدمت دو برابر طول مدت تحصیل در مناطق مورد نیاز دانشکده علوم پزشکی چابهار- دارای خوابگاه استیجاری دانشکده علوم پزشکی و خدمات بهداشتی درمانی چابهار- دارای مرد زن 11 - هوشبری 37817 با آزمون تعهد خدمت دو برابر طول مدت تحصیل در مناطق مورد نیاز دانشکده علوم پزشکی چابهار- دارای خوابگاه استیجاری دانشکده علوم پزشکی و خدمات بهداشتی درمانی چابهار- دارای کاردانی فوریت های پزشکی 16 5 21 - پیش بیمارستانی 37825 با آزمون تعهد خدمت دو برابر طول مدت تحصیل در مناطق مورد نیاز دانشکده علوم پزشکی چابهار- دارای خوابگاه استیجاری دانشکده علوم پزشکی و خدمات بهداشتی درمانی چابهار- دارای تعهد خدمت دو برابر طول دوره تحصیل در شهرستان های ،چابهار مرد زن 15 - کاردانی اتاق عمل 19439 صرفا با سوابق تحصیلی دشتیاری، زرآباد، قصرقند، کنارک و نیکشهر- ممنوعیت در نقل و انتقال- دارای خوابگاه استیجاری دانشکده علوم پزشکی و خدمات بهداشتی درمانی چابهار- دارای مرد زن 20 - کاردانی علوم آزمایشگاهی 19440 صرفا با سوابق تعهد خدمت دو برابر طول دوره تحصیل در ،شهرستان های چابهار دشتیاری، زرآباد، قصرقند، کنارک و نیکشهر- ممنوعیت در نقل و تحصیلی انتقال- دارای خوابگاه استیجاری | رشته محل های سهمیه بومی در رشته های کاردانی و کارشناسی دارای تعهد خدمت مورد نیاز وزارت بهداشت
19442,بهداشت عمومی,دانشکده علوم پزشکی و خدمات بهداشتی درمانی چابهار ( محل تحصیل مجتمع آموزش عالی سالمت شهرستان نیکشهر ),شرایط خاص,تعهد خدمت,20,208,دانشکده علوم پزشکی و خدمات بهداشتی درمانی چابهار ( محل تحصیل مجتمع آموزش عالی سالمت شهرستان نیکشهر ) - دارای تعهد خدمت دو برابر طول دوره تحصیل در شهرستان چابهار ،های دشتیاری، زرآباد، قصرقند، کنارک و نیکشهر - ممنوعیت در نقل و انتقال - دارای خوابگاه استیجاری | مخصوص متقاضیان بومی استان سیستان و بلوچستان با اولویت مناطق تحت پوشش دانشکده علوم پزشکی چابهار شامل شهرستان های چابهار، دشتیاری، زرآباد، قصرقند، کنارک، نیک شهر دانشکده علوم پزشکی و خدمات بهداشتی درمانی چابهار- دارای 20 20 - 40 پرستاری 37794 با آزمون تعهد خدمت دو برابر طول مدت تحصیل در مناطق مورد نیاز دانشکده علوم پزشکی چابهار- دارای خوابگاه استیجاری دانشکده علوم پزشکی و خدمات بهداشتی درمانی چابهار- دارای مرد زن 15 - تکنولوژی اتاق عمل 37797 با آزمون تعهد خدمت دو برابر طول مدت تحصیل در مناطق مورد نیاز دانشکده علوم پزشکی چابهار- دارای خوابگاه استیجاری دانشگاه علوم پزشکی و خدمات بهداشتی درمانی زاهدان- دارای مرد زن 20 - علوم آزمایشگاهی 37802 با آزمون تعهد خدمت دو برابر طول مدت تحصیل در مناطق مورد نیاز دانشکده علوم پزشکی چابهار- عدم تعهد در واگذاری خوابگاه دانشکده علوم پزشکی و خدمات بهداشتی درمانی چابهار- دارای - زن 20 - مامایی 37813 با آزمون تعهد خدمت دو برابر طول مدت تحصیل در مناطق مورد نیاز دانشکده علوم پزشکی چابهار- دارای خوابگاه استیجاری دانشکده علوم پزشکی و خدمات بهداشتی درمانی چابهار- دارای مرد زن 11 - هوشبری 37817 با آزمون تعهد خدمت دو برابر طول مدت تحصیل در مناطق مورد نیاز دانشکده علوم پزشکی چابهار- دارای خوابگاه استیجاری دانشکده علوم پزشکی و خدمات بهداشتی درمانی چابهار- دارای کاردانی فوریت های پزشکی 16 5 21 - پیش بیمارستانی 37825 با آزمون تعهد خدمت دو برابر طول مدت تحصیل در مناطق مورد نیاز دانشکده علوم پزشکی چابهار- دارای خوابگاه استیجاری دانشکده علوم پزشکی و خدمات بهداشتی درمانی چابهار- دارای تعهد خدمت دو برابر طول دوره تحصیل در شهرستان های ،چابهار مرد زن 15 - کاردانی اتاق عمل 19439 صرفا با سوابق تحصیلی دشتیاری، زرآباد، قصرقند، کنارک و نیکشهر- ممنوعیت در نقل و انتقال- دارای خوابگاه استیجاری دانشکده علوم پزشکی و خدمات بهداشتی درمانی چابهار- دارای مرد زن 20 - کاردانی علوم آزمایشگاهی 19440 صرفا با سوابق تعهد خدمت دو برابر طول دوره تحصیل در ،شهرستان های چابهار دشتیاری، زرآباد، قصرقند، کنارک و نیکشهر- ممنوعیت در نقل و تحصیلی انتقال- دارای خوابگاه استیجاری دانشکده علوم پزشکی و خدمات بهداشتی درمانی چابهار- دارای تعهد خدمت دو برابر طول دوره تحصیل در شهرستان ،های چابهار مرد زن 15 - کاردانی هوشبری 19441 صرفا با سوابق تحصیلی دشتیاری، زرآباد، قصرقند، کنارک و نیکشهر- ممنوعیت در نقل و انتقال- دارای خوابگاه استیجاری | رشته محل های سهمیه بومی در رشته های کاردانی و کارشناسی دارای تعهد خدمت مورد نیاز وزارت بهداشت
19443,بهداشت عمومی,دانشکده علوم پزشکی و خدمات بهداشتی درمانی چابهار ( محل تحصیل مجتمع آموزش عالی سالمت شهرستان نیکشهر ),شرایط خاص,تعهد خدمت,20,209,دانشکده علوم پزشکی و خدمات بهداشتی درمانی چابهار ( محل تحصیل مجتمع آموزش عالی سالمت شهرستان نیکشهر ) - دارای خدمت دو برابر طول دوره تحصیل در شهرستان های چابهار ،تعهد دشتیاری، زرآباد، قصرقند، کنارک و نیکشهر - ممنوعیت در نقل و انتقال - دارای خوابگاه استیجاری | ادامه مخصوص متقاضیان بومی استان سیستان و بلوچستان با اولویت مناطق تحت پوشش دانشکده علوم پزشکی چابهار شامل شهرستان های چابهار، دشتیاری، زرآباد، قصرقند، کنارک، نیک شهر | رشته محل های سهمیه بومی در رشته های کاردانی و کارشناسی دارای تعهد خدمت مورد نیاز وزارت بهداشت
19444,مامایی,دانشکده علوم پزشکی و خدمات بهداشتی درمانی چابهار ( محل تحصیل مجتمع آموزش عالی سالمت شهرستان نیکشهر ),شرایط خاص,تعهد خدمت,30,209,دانشکده علوم پزشکی و خدمات بهداشتی درمانی چابهار ( محل تحصیل مجتمع آموزش عالی سالمت شهرستان نیکشهر ) - دارای تعهد خدمت دو برابر طول دوره تحصیل در شهرستان چابهار ،های دشتیاری، زرآباد، قصرقند، کنارک و نیکشهر - ممنوعیت در نقل و انتقال - دارای خوابگاه استیجاری | ادامه مخصوص متقاضیان بومی استان سیستان و بلوچستان با اولویت مناطق تحت پوشش دانشکده علوم پزشکی چابهار شامل شهرستان های چابهار، دشتیاری، زرآباد، قصرقند، کنارک، نیک شهر | رشته محل های سهمیه بومی در رشته های کاردانی و کارشناسی دارای تعهد خدمت مورد نیاز وزارت بهداشت
37829,پرستاری,دانشگاه علوم پزشکی و خدمات بهداشتی درمانی جهرم,شرایط خاص,تعهد خدمت,5,209,دانشگاه علوم پزشکی و خدمات بهداشتی درمانی جهرم - دارای تعهد خدمت دو برابر طول مدت تحصیل در مناطق مورد نیاز دانشگاه علوم پزشکی جهرم - فاقد خوابگاه | مخصوص متقاضیان بومی استان فارس | رشته محل های سهمیه بومی در رشته های کاردانی و کارشناسی دارای تعهد خدمت مورد نیاز وزارت بهداشت
37830,پرستاری,دانشکده علوم پزشکی و خدمات بهداشتی درمانی گراش,شرایط خاص,تعهد خدمت,10,209,دانشکده علوم پزشکی و خدمات بهداشتی درمانی گراش - دارای تعهد خدمت دو برابر طول مدت تحصیل در مناطق مورد نیاز دانشکده علوم پزشکی گراش - دارای خوابگاه ملکی | مخصوص متقاضیان بومی استان فارس دانشگاه علوم پزشکی و خدمات بهداشتی درمانی جهرم- دارای 2 3 - 5 پرستاری 37829 با آزمون تعهد خدمت دو برابر طول مدت تحصیل در مناطق مورد نیاز دانشگاه علوم پزشکی جهرم- فاقد خوابگاه | رشته محل های سهمیه بومی در رشته های کاردانی و کارشناسی دارای تعهد خدمت مورد نیاز وزارت بهداشت
37831,اتاق عمل,دانشکده علوم پزشکی و خدمات بهداشتی درمانی گراش,شرایط خاص,تعهد خدمت,5,209,دانشکده علوم پزشکی و خدمات بهداشتی درمانی گراش - دارای تعهد خدمت دو برابر طول مدت تحصیل در مناطق مورد نیاز دانشکده علوم پزشکی گراش - دارای خوابگاه ملکی | مخصوص متقاضیان بومی استان فارس دانشگاه علوم پزشکی و خدمات بهداشتی درمانی جهرم- دارای 2 3 - 5 پرستاری 37829 با آزمون تعهد خدمت دو برابر طول مدت تحصیل در مناطق مورد نیاز دانشگاه علوم پزشکی جهرم- فاقد خوابگاه دانشکده علوم پزشکی و خدمات بهداشتی درمانی گراش- دارای 5 5 - 10 پرستاری 37830 با آزمون تعهد خدمت دو برابر طول مدت تحصیل در مناطق مورد نیاز دانشکده علوم پزشکی گراش- دارای خوابگاه ملکی | رشته محل های سهمیه بومی در رشته های کاردانی و کارشناسی دارای تعهد خدمت مورد نیاز وزارت بهداشت
37832,علوم آزمایشگاهی,دانشکده علوم پزشکی و خدمات بهداشتی درمانی گراش,شرایط خاص,تعهد خدمت,5,209,دانشکده علوم پزشکی و خدمات بهداشتی درمانی گراش - دارای تعهد خدمت دو برابر طول مدت تحصیل در مناطق مورد نیاز دانشکده علوم پزشکی گراش - دارای خوابگاه ملکی | مخصوص متقاضیان بومی استان فارس دانشگاه علوم پزشکی و خدمات بهداشتی درمانی جهرم- دارای 2 3 - 5 پرستاری 37829 با آزمون تعهد خدمت دو برابر طول مدت تحصیل در مناطق مورد نیاز دانشگاه علوم پزشکی جهرم- فاقد خوابگاه دانشکده علوم پزشکی و خدمات بهداشتی درمانی گراش- دارای 5 5 - 10 پرستاری 37830 با آزمون تعهد خدمت دو برابر طول مدت تحصیل در مناطق مورد نیاز دانشکده علوم پزشکی گراش- دارای خوابگاه ملکی دانشکده علوم پزشکی و خدمات بهداشتی درمانی گراش- دارای مرد زن - 5 تکنولوژی اتاق عمل 37831 با آزمون تعهد خدمت دو برابر طول مدت تحصیل در مناطق مورد نیاز دانشکده علوم پزشکی گراش- دارای خوابگاه ملکی | رشته محل های سهمیه بومی در رشته های کاردانی و کارشناسی دارای تعهد خدمت مورد نیاز وزارت بهداشت
37833,فوریت‌های پزشکی پیش‌بیمارستانی,دانشکده علوم پزشکی و خدمات بهداشتی درمانی گراش,شرایط خاص,تعهد خدمت,5,209,دانشکده علوم پزشکی و خدمات بهداشتی درمانی گراش - دارای تعهد خدمت دو برابر طول مدت تحصیل در مناطق مورد نیاز دانشکده علوم پزشکی گراش - دارای خوابگاه ملکی | مخصوص متقاضیان بومی استان فارس دانشگاه علوم پزشکی و خدمات بهداشتی درمانی جهرم- دارای 2 3 - 5 پرستاری 37829 با آزمون تعهد خدمت دو برابر طول مدت تحصیل در مناطق مورد نیاز دانشگاه علوم پزشکی جهرم- فاقد خوابگاه دانشکده علوم پزشکی و خدمات بهداشتی درمانی گراش- دارای 5 5 - 10 پرستاری 37830 با آزمون تعهد خدمت دو برابر طول مدت تحصیل در مناطق مورد نیاز دانشکده علوم پزشکی گراش- دارای خوابگاه ملکی دانشکده علوم پزشکی و خدمات بهداشتی درمانی گراش- دارای مرد زن - 5 تکنولوژی اتاق عمل 37831 با آزمون تعهد خدمت دو برابر طول مدت تحصیل در مناطق مورد نیاز دانشکده علوم پزشکی گراش- دارای خوابگاه ملکی دانشکده علوم پزشکی و خدمات بهداشتی درمانی گراش- دارای مرد زن - 5 علوم آزمایشگاهی 37832 با آزمون تعهد خدمت دو برابر طول مدت تحصیل در مناطق مورد نیاز دانشکده علوم پزشکی گراش- دارای خوابگاه ملکی | رشته محل های سهمیه بومی در رشته های کاردانی و کارشناسی دارای تعهد خدمت مورد نیاز وزارت بهداشت
37834,هوشبری,دانشکده علوم پزشکی و خدمات بهداشتی درمانی گراش,شرایط خاص,تعهد خدمت,5,209,دانشکده علوم پزشکی و خدمات بهداشتی درمانی گراش - دارای تعهد خدمت دو برابر طول مدت تحصیل در مناطق مورد نیاز دانشکده علوم پزشکی گراش - دارای خوابگاه ملکی | مخصوص متقاضیان بومی استان فارس دانشگاه علوم پزشکی و خدمات بهداشتی درمانی جهرم- دارای 2 3 - 5 پرستاری 37829 با آزمون تعهد خدمت دو برابر طول مدت تحصیل در مناطق مورد نیاز دانشگاه علوم پزشکی جهرم- فاقد خوابگاه دانشکده علوم پزشکی و خدمات بهداشتی درمانی گراش- دارای 5 5 - 10 پرستاری 37830 با آزمون تعهد خدمت دو برابر طول مدت تحصیل در مناطق مورد نیاز دانشکده علوم پزشکی گراش- دارای خوابگاه ملکی دانشکده علوم پزشکی و خدمات بهداشتی درمانی گراش- دارای مرد زن - 5 تکنولوژی اتاق عمل 37831 با آزمون تعهد خدمت دو برابر طول مدت تحصیل در مناطق مورد نیاز دانشکده علوم پزشکی گراش- دارای خوابگاه ملکی دانشکده علوم پزشکی و خدمات بهداشتی درمانی گراش- دارای مرد زن - 5 علوم آزمایشگاهی 37832 با آزمون تعهد خدمت دو برابر طول مدت تحصیل در مناطق مورد نیاز دانشکده علوم پزشکی گراش- دارای خوابگاه ملکی دانشکده علوم پزشکی و خدمات بهداشتی درمانی گراش- دارای مرد - 5 - فوریت های پزشکی پیش بیمارستانی 37833 با آزمون تعهد خدمت دو برابر طول مدت تحصیل در مناطق مورد نیاز دانشکده علوم پزشکی گراش- دارای خوابگاه ملکی | رشته محل های سهمیه بومی در رشته های کاردانی و کارشناسی دارای تعهد خدمت مورد نیاز وزارت بهداشت
37835,فوریت‌های پزشکی پیش‌بیمارستانی,دانشکده علوم پزشکی و خدمات بهداشتی درمانی گراش,شرایط خاص,تعهد خدمت,5,209,دانشکده علوم پزشکی و خدمات بهداشتی درمانی گراش - دارای تعهد خدمت دو برابر طول مدت تحصیل در مناطق مورد نیاز دانشکده علوم پزشکی گراش - دارای خوابگاه ملکی | مخصوص متقاضیان بومی استان فارس دانشگاه علوم پزشکی و خدمات بهداشتی درمانی جهرم- دارای 2 3 - 5 پرستاری 37829 با آزمون تعهد خدمت دو برابر طول مدت تحصیل در مناطق مورد نیاز دانشگاه علوم پزشکی جهرم- فاقد خوابگاه دانشکده علوم پزشکی و خدمات بهداشتی درمانی گراش- دارای 5 5 - 10 پرستاری 37830 با آزمون تعهد خدمت دو برابر طول مدت تحصیل در مناطق مورد نیاز دانشکده علوم پزشکی گراش- دارای خوابگاه ملکی دانشکده علوم پزشکی و خدمات بهداشتی درمانی گراش- دارای مرد زن - 5 تکنولوژی اتاق عمل 37831 با آزمون تعهد خدمت دو برابر طول مدت تحصیل در مناطق مورد نیاز دانشکده علوم پزشکی گراش- دارای خوابگاه ملکی دانشکده علوم پزشکی و خدمات بهداشتی درمانی گراش- دارای مرد زن - 5 علوم آزمایشگاهی 37832 با آزمون تعهد خدمت دو برابر طول مدت تحصیل در مناطق مورد نیاز دانشکده علوم پزشکی گراش- دارای خوابگاه ملکی دانشکده علوم پزشکی و خدمات بهداشتی درمانی گراش- دارای مرد - 5 - فوریت های پزشکی پیش بیمارستانی 37833 با آزمون تعهد خدمت دو برابر طول مدت تحصیل در مناطق مورد نیاز دانشکده علوم پزشکی گراش- دارای خوابگاه ملکی دانشکده علوم پزشکی و خدمات بهداشتی درمانی گراش- دارای مرد زن - 5 هوشبری 37834 با آزمون تعهد خدمت دو برابر طول مدت تحصیل در مناطق مورد نیاز دانشکده علوم پزشکی گراش- دارای خوابگاه ملکی | رشته محل های سهمیه بومی در رشته های کاردانی و کارشناسی دارای تعهد خدمت مورد نیاز وزارت بهداشت
37836,بهداشت عمومی,دانشگاه علوم پزشکی و خدمات بهداشتی درمانی قزوین,شرایط خاص,تعهد خدمت,28,209,دانشگاه علوم پزشکی و خدمات بهداشتی درمانی قزوین - دارای تعهد خدمت دو برابر طول مدت تحصیل در مناطق مورد نیاز دانشگاه علوم پزشکی قزوین - عدم تعهد در واگذاری خوابگاه | مخصوص متقاضیان بومی استان قزوین | رشته محل های سهمیه بومی در رشته های کاردانی و کارشناسی دارای تعهد خدمت مورد نیاز وزارت بهداشت
37837,پرستاری,دانشگاه علوم پزشکی و خدمات بهداشتی درمانی قزوین,شرایط خاص,تعهد خدمت,23,209,دانشگاه علوم پزشکی و خدمات بهداشتی درمانی قزوین - دارای تعهد خدمت دو برابر طول مدت تحصیل در مناطق مورد نیاز دانشگاه علوم پزشکی قزوین - عدم تعهد در واگذاری خوابگاه | مخصوص متقاضیان بومی استان قزوین دانشگاه علوم پزشکی و خدمات بهداشتی درمانی قزوین- دارای مرد زن - 28 بهداشت عمومی 37836 با آزمون تعهد خدمت دو برابر طول مدت تحصیل در مناطق مورد نیاز دانشگاه علوم پزشکی قزوین- عدم تعهد در واگذاری خوابگاه | رشته محل های سهمیه بومی در رشته های کاردانی و کارشناسی دارای تعهد خدمت مورد نیاز وزارت بهداشت
37838,پرستاری,دانشگاه علوم پزشکی و خدمات بهداشتی درمانی قزوین,شرایط خاص,تعهد خدمت,23,209,دانشگاه علوم پزشکی و خدمات بهداشتی درمانی قزوین - دارای تعهد خدمت دو برابر طول مدت تحصیل در مناطق مورد نیاز دانشگاه علوم پزشکی قزوین - عدم تعهد در واگذاری خوابگاه | مخصوص متقاضیان بومی استان قزوین دانشگاه علوم پزشکی و خدمات بهداشتی درمانی قزوین- دارای مرد زن - 28 بهداشت عمومی 37836 با آزمون تعهد خدمت دو برابر طول مدت تحصیل در مناطق مورد نیاز دانشگاه علوم پزشکی قزوین- عدم تعهد در واگذاری خوابگاه دانشگاه علوم پزشکی و خدمات بهداشتی درمانی قزوین- دارای 11 12 23 - پرستاری 37837 با آزمون تعهد خدمت دو برابر طول مدت تحصیل در مناطق مورد نیاز دانشگاه علوم پزشکی قزوین- عدم تعهد در واگذاری خوابگاه | رشته محل های سهمیه بومی در رشته های کاردانی و کارشناسی دارای تعهد خدمت مورد نیاز وزارت بهداشت
37839,اتاق عمل,دانشگاه علوم پزشکی و خدمات بهداشتی درمانی قزوین,شرایط خاص,تعهد خدمت,10,209,دانشگاه علوم پزشکی و خدمات بهداشتی درمانی قزوین - دارای تعهد خدمت دو برابر طول مدت تحصیل در مناطق مورد نیاز دانشگاه علوم پزشکی قزوین - عدم تعهد در واگذاری خوابگاه | مخصوص متقاضیان بومی استان قزوین دانشگاه علوم پزشکی و خدمات بهداشتی درمانی قزوین- دارای مرد زن - 28 بهداشت عمومی 37836 با آزمون تعهد خدمت دو برابر طول مدت تحصیل در مناطق مورد نیاز دانشگاه علوم پزشکی قزوین- عدم تعهد در واگذاری خوابگاه دانشگاه علوم پزشکی و خدمات بهداشتی درمانی قزوین- دارای 11 12 23 - پرستاری 37837 با آزمون تعهد خدمت دو برابر طول مدت تحصیل در مناطق مورد نیاز دانشگاه علوم پزشکی قزوین- عدم تعهد در واگذاری خوابگاه دانشگاه علوم پزشکی و خدمات بهداشتی درمانی قزوین- دارای 12 11 - 23 پرستاری 37838 با آزمون تعهد خدمت دو برابر طول مدت تحصیل در مناطق مورد نیاز دانشگاه علوم پزشکی قزوین- عدم تعهد در واگذاری خوابگاه | رشته محل های سهمیه بومی در رشته های کاردانی و کارشناسی دارای تعهد خدمت مورد نیاز وزارت بهداشت
37840,علوم آزمایشگاهی,دانشگاه علوم پزشکی و خدمات بهداشتی درمانی قزوین,شرایط خاص,تعهد خدمت,15,210,دانشگاه علوم پزشکی و خدمات بهداشتی درمانی قزوین - دارای تعهد خدمت دو برابر طول مدت تحصیل در مناطق مورد نیاز دانشگاه علوم پزشکی قزوین - عدم تعهد در واگذاری خوابگاه | ادامه مخصوص متقاضیان بومی استان قزوین | رشته محل های سهمیه بومی در رشته های کاردانی و کارشناسی دارای تعهد خدمت مورد نیاز وزارت بهداشت
37841,مامایی,دانشگاه علوم پزشکی و خدمات بهداشتی درمانی قزوین,شرایط خاص,تعهد خدمت,11,210,دانشگاه علوم پزشکی و خدمات بهداشتی درمانی قزوین - دارای تعهد خدمت دو برابر طول مدت تحصیل در مناطق مورد نیاز دانشگاه علوم پزشکی قزوین - عدم تعهد در واگذاری خوابگاه | ادامه مخصوص متقاضیان بومی استان قزوین | رشته محل های سهمیه بومی در رشته های کاردانی و کارشناسی دارای تعهد خدمت مورد نیاز وزارت بهداشت
37842,مدیریت خدمات بهداشتی درمانی,دانشگاه علوم پزشکی و خدمات بهداشتی درمانی قزوین,شرایط خاص,تعهد خدمت,2,210,دانشگاه علوم پزشکی و خدمات بهداشتی درمانی قزوین - دارای تعهد خدمت دو برابر طول مدت تحصیل در مناطق مورد نیاز دانشگاه علوم پزشکی قزوین - عدم تعهد در واگذاری خوابگاه | ادامه مخصوص متقاضیان بومی استان قزوین | رشته محل های سهمیه بومی در رشته های کاردانی و کارشناسی دارای تعهد خدمت مورد نیاز وزارت بهداشت
37843,هوشبری,دانشگاه علوم پزشکی و خدمات بهداشتی درمانی قزوین,شرایط خاص,تعهد خدمت,4,210,دانشگاه علوم پزشکی و خدمات بهداشتی درمانی قزوین - دارای تعهد خدمت دو برابر طول مدت تحصیل در مناطق مورد نیاز دانشگاه علوم پزشکی قزوین - عدم تعهد در واگذاری خوابگاه | ادامه مخصوص متقاضیان بومی استان قزوین | رشته محل های سهمیه بومی در رشته های کاردانی و کارشناسی دارای تعهد خدمت مورد نیاز وزارت بهداشت
37844,بهداشت عمومی,دانشگاه علوم پزشکی و خدمات بهداشتی درمانی قم,شرایط خاص,تعهد خدمت,15,210,دانشگاه علوم پزشکی و خدمات بهداشتی درمانی قم - دارای تعهد خدمت دو برابر طول مدت تحصیل در مناطق مورد نیاز دانشگاه علوم پزشکی قم - عدم تعهد در واگذاری خوابگاه | مخصوص متقاضیان بومی استان قم | رشته محل های سهمیه بومی در رشته های کاردانی و کارشناسی دارای تعهد خدمت مورد نیاز وزارت بهداشت
37845,پرستاری,دانشگاه علوم پزشکی و خدمات بهداشتی درمانی قم,شرایط خاص,تعهد خدمت,5,210,دانشگاه علوم پزشکی و خدمات بهداشتی درمانی قم - دارای تعهد خدمت دو برابر طول مدت تحصیل در مناطق مورد نیاز دانشگاه علوم پزشکی قم - عدم تعهد در واگذاری خوابگاه | مخصوص متقاضیان بومی استان قم دانشگاه علوم پزشکی و خدمات بهداشتی درمانی قم- دارای تعهد مرد زن - 15 بهداشت عمومی 37844 با آزمون خدمت دو برابر طول مدت تحصیل در مناطق مورد نیاز دانشگاه علوم پزشکی قم- عدم تعهد در واگذاری خوابگاه | رشته محل های سهمیه بومی در رشته های کاردانی و کارشناسی دارای تعهد خدمت مورد نیاز وزارت بهداشت
37846,پرستاری,دانشگاه علوم پزشکی و خدمات بهداشتی درمانی قم,شرایط خاص,تعهد خدمت,5,210,دانشگاه علوم پزشکی و خدمات بهداشتی درمانی قم - دارای تعهد خدمت دو برابر طول مدت تحصیل در مناطق مورد نیاز دانشگاه علوم پزشکی قم - عدم تعهد در واگذاری خوابگاه | مخصوص متقاضیان بومی استان قم دانشگاه علوم پزشکی و خدمات بهداشتی درمانی قم- دارای تعهد مرد زن - 15 بهداشت عمومی 37844 با آزمون خدمت دو برابر طول مدت تحصیل در مناطق مورد نیاز دانشگاه علوم پزشکی قم- عدم تعهد در واگذاری خوابگاه دانشگاه علوم پزشکی و خدمات بهداشتی درمانی قم- دارای تعهد 2 3 - 5 پرستاری 37845 با آزمون خدمت دو برابر طول مدت تحصیل در مناطق مورد نیاز دانشگاه علوم پزشکی قم- عدم تعهد در واگذاری خوابگاه | رشته محل های سهمیه بومی در رشته های کاردانی و کارشناسی دارای تعهد خدمت مورد نیاز وزارت بهداشت
37847,بهداشت عمومی,دانشگاه علوم پزشکی و خدمات بهداشتی درمانی رفسنجان,شرایط خاص,تعهد خدمت,6,210,دانشگاه علوم پزشکی و خدمات بهداشتی درمانی رفسنجان - دارای تعهد خدمت دو برابر طول مدت تحصیل در مناطق مورد نیاز دانشگاه علوم پزشکی رفسنجان - انتقال بر اساس شرایط آیین نامه - عدم تعهد در واگذاری خوابگاه | مخصوص متقاضیان بومی استان کرمان | رشته محل های سهمیه بومی در رشته های کاردانی و کارشناسی دارای تعهد خدمت مورد نیاز وزارت بهداشت
37848,بهداشت عمومی,دانشکده علوم پزشکی و خدمات بهداشتی درمانی سیرجان,شرایط خاص,تعهد خدمت,6,210,دانشکده علوم پزشکی و خدمات بهداشتی درمانی سیرجان - دارای تعهد خدمت دو برابر طول مدت تحصیل در مناطق مورد نیاز دانشکده علوم پزشکی سیرجان - عدم تعهد در واگذاری خوابگاه | مخصوص متقاضیان بومی استان کرمان دانشگاه علوم پزشکی و خدمات بهداشتی درمانی رفسنجان- دارای تعهد خدمت دو برابر طول مدت تحصیل در مناطق مورد نیاز مرد زن - 6 بهداشت عمومی 37847 با آزمون دانشگاه علوم پزشکی رفسنجان- انتقال بر اساس شرایط آیین نامه- عدم تعهد در واگذاری خوابگاه | رشته محل های سهمیه بومی در رشته های کاردانی و کارشناسی دارای تعهد خدمت مورد نیاز وزارت بهداشت
37849,پرستاری,دانشگاه علوم پزشکی و خدمات بهداشتی درمانی بم,شرایط خاص,تعهد خدمت,10,210,دانشگاه علوم پزشکی و خدمات بهداشتی درمانی بم - دارای تعهد خدمت دو برابر مدت تحصیل در مناطق مورد نیاز دانشگاه علوم پزشکی بم - ممنوعیت نقل و انتقال - محدودیت در ارائه خوابگاه | مخصوص متقاضیان بومی استان کرمان دانشگاه علوم پزشکی و خدمات بهداشتی درمانی رفسنجان- دارای تعهد خدمت دو برابر طول مدت تحصیل در مناطق مورد نیاز مرد زن - 6 بهداشت عمومی 37847 با آزمون دانشگاه علوم پزشکی رفسنجان- انتقال بر اساس شرایط آیین نامه- عدم تعهد در واگذاری خوابگاه دانشکده علوم پزشکی و خدمات بهداشتی درمانی سیرجان- دارای مرد زن - 6 بهداشت عمومی 37848 با آزمون تعهد خدمت دو برابر طول مدت تحصیل در مناطق مورد نیاز دانشکده علوم پزشکی سیرجان- عدم تعهد در واگذاری خوابگاه | رشته محل های سهمیه بومی در رشته های کاردانی و کارشناسی دارای تعهد خدمت مورد نیاز وزارت بهداشت
37850,پرستاری,دانشگاه علوم پزشکی و خدمات بهداشتی درمانی جیرفت,شرایط خاص,تعهد خدمت,26,210,دانشگاه علوم پزشکی و خدمات بهداشتی درمانی جیرفت - دارای تعهد خدمت دو برابر طول مدت تحصیل در مناطق مورد نیاز دانشگاه علوم پزشکی جیرفت - فاقد خوابگاه | مخصوص متقاضیان بومی استان کرمان دانشگاه علوم پزشکی و خدمات بهداشتی درمانی رفسنجان- دارای تعهد خدمت دو برابر طول مدت تحصیل در مناطق مورد نیاز مرد زن - 6 بهداشت عمومی 37847 با آزمون دانشگاه علوم پزشکی رفسنجان- انتقال بر اساس شرایط آیین نامه- عدم تعهد در واگذاری خوابگاه دانشکده علوم پزشکی و خدمات بهداشتی درمانی سیرجان- دارای مرد زن - 6 بهداشت عمومی 37848 با آزمون تعهد خدمت دو برابر طول مدت تحصیل در مناطق مورد نیاز دانشکده علوم پزشکی سیرجان- عدم تعهد در واگذاری خوابگاه دانشگاه علوم پزشکی و خدمات بهداشتی درمانی بم- دارای تعهد 5 5 - 10 پرستاری 37849 با آزمون خدمت دو برابر مدت تحصیل در مناطق مورد نیاز دانشگاه علوم پزشکی بم- ممنوعیت نقل و انتقال- محدودیت در ارائه خوابگاه | رشته محل های سهمیه بومی در رشته های کاردانی و کارشناسی دارای تعهد خدمت مورد نیاز وزارت بهداشت
37851,پرستاری,دانشگاه علوم پزشکی و خدمات بهداشتی درمانی جیرفت ( محل تحصیل دانشکده پرستاری کهنوج ),شرایط خاص,تعهد خدمت,5,210,دانشگاه علوم پزشکی و خدمات بهداشتی درمانی جیرفت ( محل تحصیل دانشکده پرستاری کهنوج ) - دارای تعهد خدمت دو برابر طول مدت تحصیل در مناطق مورد نیاز دانشگاه علوم پزشکی جیرفت - کهنوج - دارای خوابگاه ملکی | مخصوص متقاضیان بومی استان کرمان دانشگاه علوم پزشکی و خدمات بهداشتی درمانی رفسنجان- دارای تعهد خدمت دو برابر طول مدت تحصیل در مناطق مورد نیاز مرد زن - 6 بهداشت عمومی 37847 با آزمون دانشگاه علوم پزشکی رفسنجان- انتقال بر اساس شرایط آیین نامه- عدم تعهد در واگذاری خوابگاه دانشکده علوم پزشکی و خدمات بهداشتی درمانی سیرجان- دارای مرد زن - 6 بهداشت عمومی 37848 با آزمون تعهد خدمت دو برابر طول مدت تحصیل در مناطق مورد نیاز دانشکده علوم پزشکی سیرجان- عدم تعهد در واگذاری خوابگاه دانشگاه علوم پزشکی و خدمات بهداشتی درمانی بم- دارای تعهد 5 5 - 10 پرستاری 37849 با آزمون خدمت دو برابر مدت تحصیل در مناطق مورد نیاز دانشگاه علوم پزشکی بم- ممنوعیت نقل و انتقال- محدودیت در ارائه خوابگاه دانشگاه علوم پزشکی و خدمات بهداشتی درمانی جیرفت- دارای 13 13 - 26 پرستاری 37850 با آزمون تعهد خدمت دو برابر طول مدت تحصیل در مناطق مورد نیاز دانشگاه علوم پزشکی جیرفت- فاقد خوابگاه | رشته محل های سهمیه بومی در رشته های کاردانی و کارشناسی دارای تعهد خدمت مورد نیاز وزارت بهداشت
37852,پرستاری,دانشگاه علوم پزشکی و خدمات بهداشتی درمانی رفسنجان,شرایط خاص,تعهد خدمت,20,210,دانشگاه علوم پزشکی و خدمات بهداشتی درمانی رفسنجان - دارای تعهد خدمت دو برابر طول مدت تحصیل در مناطق مورد نیاز دانشگاه علوم پزشکی رفسنجان - انتقال بر اساس شرایط آیین نامه - عدم تعهد در واگذاری خوابگاه | مخصوص متقاضیان بومی استان کرمان دانشگاه علوم پزشکی و خدمات بهداشتی درمانی رفسنجان- دارای تعهد خدمت دو برابر طول مدت تحصیل در مناطق مورد نیاز مرد زن - 6 بهداشت عمومی 37847 با آزمون دانشگاه علوم پزشکی رفسنجان- انتقال بر اساس شرایط آیین نامه- عدم تعهد در واگذاری خوابگاه دانشکده علوم پزشکی و خدمات بهداشتی درمانی سیرجان- دارای مرد زن - 6 بهداشت عمومی 37848 با آزمون تعهد خدمت دو برابر طول مدت تحصیل در مناطق مورد نیاز دانشکده علوم پزشکی سیرجان- عدم تعهد در واگذاری خوابگاه دانشگاه علوم پزشکی و خدمات بهداشتی درمانی بم- دارای تعهد 5 5 - 10 پرستاری 37849 با آزمون خدمت دو برابر مدت تحصیل در مناطق مورد نیاز دانشگاه علوم پزشکی بم- ممنوعیت نقل و انتقال- محدودیت در ارائه خوابگاه دانشگاه علوم پزشکی و خدمات بهداشتی درمانی جیرفت- دارای 13 13 - 26 پرستاری 37850 با آزمون تعهد خدمت دو برابر طول مدت تحصیل در مناطق مورد نیاز دانشگاه علوم پزشکی جیرفت- فاقد خوابگاه دانشگاه علوم پزشکی و خدمات بهداشتی درمانی جیرفت (محل )تحصیل دانشکده پرستاری کهنوج- دارای تعهد خدمت دو برابر 2 3 - 5 پرستاری 37851 با آزمون طول مدت تحصیل در مناطق مورد نیاز دانشگاه علوم پزشکی جیرفت- کهنوج- دارای خوابگاه ملکی | رشته محل های سهمیه بومی در رشته های کاردانی و کارشناسی دارای تعهد خدمت مورد نیاز وزارت بهداشت
37853,پرستاری,دانشکده علوم پزشکی و خدمات بهداشتی درمانی سیرجان,شرایط خاص,تعهد خدمت,10,211,دانشکده علوم پزشکی و خدمات بهداشتی درمانی سیرجان - دارای تعهد خدمت دو برابر طول مدت تحصیل در مناطق مورد نیاز دانشکده علوم پزشکی سیرجان - عدم تعهد در واگذاری خوابگاه | ادامه مخصوص متقاضیان بومی استان کرمان | رشته محل های سهمیه بومی در رشته های کاردانی و کارشناسی دارای تعهد خدمت مورد نیاز وزارت بهداشت
37854,اتاق عمل,دانشگاه علوم پزشکی و خدمات بهداشتی درمانی بم,شرایط خاص,تعهد خدمت,5,211,دانشگاه علوم پزشکی و خدمات بهداشتی درمانی بم - دارای تعهد خدمت دو برابر طول مدت تحصیل در مناطق مورد نیاز دانشگاه علوم پزشکی بم - ممنوعیت نقل و انتقال - محدودیت در ارائه خوابگاه | ادامه مخصوص متقاضیان بومی استان کرمان | رشته محل های سهمیه بومی در رشته های کاردانی و کارشناسی دارای تعهد خدمت مورد نیاز وزارت بهداشت
37855,اتاق عمل,دانشگاه علوم پزشکی و خدمات بهداشتی درمانی رفسنجان,شرایط خاص,تعهد خدمت,6,211,دانشگاه علوم پزشکی و خدمات بهداشتی درمانی رفسنجان - دارای تعهد خدمت دو برابر طول مدت تحصیل در مناطق مورد نیاز دانشگاه علوم پزشکی رفسنجان - انتقال بر اساس شرایط آیین نامه - عدم تعهد در واگذاری خوابگاه | ادامه مخصوص متقاضیان بومی استان کرمان | رشته محل های سهمیه بومی در رشته های کاردانی و کارشناسی دارای تعهد خدمت مورد نیاز وزارت بهداشت
37856,تکنولوژی پرتوشناسی,دانشگاه علوم پزشکی و خدمات بهداشتی درمانی رفسنجان,شرایط خاص,تعهد خدمت,8,211,دانشگاه علوم پزشکی و خدمات بهداشتی درمانی رفسنجان - دارای تعهد خدمت دو برابر طول مدت تحصیل در مناطق مورد نیاز دانشگاه علوم پزشکی رفسنجان - انتقال بر اساس شرایط آیین نامه - عدم تعهد در واگذاری خوابگاه | ادامه مخصوص متقاضیان بومی استان کرمان | رشته محل های سهمیه بومی در رشته های کاردانی و کارشناسی دارای تعهد خدمت مورد نیاز وزارت بهداشت
37857,علوم آزمایشگاهی,دانشکده علوم پزشکی و خدمات بهداشتی درمانی سیرجان,شرایط خاص,تعهد خدمت,7,211,دانشکده علوم پزشکی و خدمات بهداشتی درمانی سیرجان - دارای تعهد خدمت دو برابر طول مدت تحصیل در مناطق مورد نیاز دانشکده علوم پزشکی سیرجان - عدم تعهد در واگذاری خوابگاه | ادامه مخصوص متقاضیان بومی استان کرمان | رشته محل های سهمیه بومی در رشته های کاردانی و کارشناسی دارای تعهد خدمت مورد نیاز وزارت بهداشت
37858,فناوری اطلاعات سلامت,دانشکده علوم پزشکی و خدمات بهداشتی درمانی سیرجان,شرایط خاص,تعهد خدمت,5,211,دانشکده علوم پزشکی و خدمات بهداشتی درمانی سیرجان - دارای تعهد خدمت دو برابر طول مدت تحصیل در مناطق مورد نیاز دانشکده علوم پزشکی سیرجان - عدم تعهد در واگذاری خوابگاه | ادامه مخصوص متقاضیان بومی استان کرمان | رشته محل های سهمیه بومی در رشته های کاردانی و کارشناسی دارای تعهد خدمت مورد نیاز وزارت بهداشت
37859,فوریت‌های پزشکی پیش‌بیمارستانی,دانشگاه علوم پزشکی و خدمات بهداشتی درمانی بم,شرایط خاص,تعهد خدمت,10,211,دانشگاه علوم پزشکی و خدمات بهداشتی درمانی بم - دارای تعهد خدمت دو برابر طول مدت تحصیل در مناطق مورد نیاز دانشگاه علوم پزشکی بم - ممنوعیت نقل و انتقال - محدودیت در ارائه خوابگاه | ادامه مخصوص متقاضیان بومی استان کرمان | رشته محل های سهمیه بومی در رشته های کاردانی و کارشناسی دارای تعهد خدمت مورد نیاز وزارت بهداشت
37860,فوریت‌های پزشکی پیش‌بیمارستانی,دانشکده علوم پزشکی و خدمات بهداشتی درمانی سیرجان,شرایط خاص,تعهد خدمت,6,211,دانشکده علوم پزشکی و خدمات بهداشتی درمانی سیرجان - دارای تعهد خدمت دو برابر طول مدت تحصیل در مناطق مورد نیاز دانشکده علوم پزشکی سیرجان - عدم تعهد در واگذاری خوابگاه | ادامه مخصوص متقاضیان بومی استان کرمان | رشته محل های سهمیه بومی در رشته های کاردانی و کارشناسی دارای تعهد خدمت مورد نیاز وزارت بهداشت
37861,مامایی,دانشگاه علوم پزشکی و خدمات بهداشتی درمانی بم,شرایط خاص,تعهد خدمت,5,211,دانشگاه علوم پزشکی و خدمات بهداشتی درمانی بم - دارای تعهد خدمت دو برابر طول مدت تحصیل در مناطق مورد نیاز دانشگاه علوم پزشکی بم - ممنوعیت نقل و انتقال - محدودیت در ارائه خوابگاه | ادامه مخصوص متقاضیان بومی استان کرمان | رشته محل های سهمیه بومی در رشته های کاردانی و کارشناسی دارای تعهد خدمت مورد نیاز وزارت بهداشت
37862,مامایی,دانشگاه علوم پزشکی و خدمات بهداشتی درمانی جیرفت,شرایط خاص,تعهد خدمت,8,211,دانشگاه علوم پزشکی و خدمات بهداشتی درمانی جیرفت - دارای تعهد خدمت دو برابر طول مدت تحصیل در مناطق مورد نیاز دانشگاه علوم پزشکی جیرفت - فاقد خوابگاه | ادامه مخصوص متقاضیان بومی استان کرمان | رشته محل های سهمیه بومی در رشته های کاردانی و کارشناسی دارای تعهد خدمت مورد نیاز وزارت بهداشت
37863,مامایی,دانشگاه علوم پزشکی و خدمات بهداشتی درمانی رفسنجان,شرایط خاص,تعهد خدمت,9,211,دانشگاه علوم پزشکی و خدمات بهداشتی درمانی رفسنجان - دارای تعهد خدمت دو برابر طول مدت تحصیل در مناطق مورد نیاز دانشگاه علوم پزشکی رفسنجان - انتقال بر اساس شرایط آیین نامه - عدم تعهد در واگذاری خوابگاه | ادامه مخصوص متقاضیان بومی استان کرمان | رشته محل های سهمیه بومی در رشته های کاردانی و کارشناسی دارای تعهد خدمت مورد نیاز وزارت بهداشت
37864,مهندسی بهداشت محیط,دانشکده علوم پزشکی و خدمات بهداشتی درمانی سیرجان,شرایط خاص,تعهد خدمت,6,211,دانشکده علوم پزشکی و خدمات بهداشتی درمانی سیرجان - دارای تعهد خدمت دو برابر طول مدت تحصیل در مناطق مورد نیاز دانشکده علوم پزشکی سیرجان - عدم تعهد در واگذاری خوابگاه | ادامه مخصوص متقاضیان بومی استان کرمان | رشته محل های سهمیه بومی در رشته های کاردانی و کارشناسی دارای تعهد خدمت مورد نیاز وزارت بهداشت
37865,هوشبری,دانشگاه علوم پزشکی و خدمات بهداشتی درمانی رفسنجان,شرایط خاص,تعهد خدمت,6,211,دانشگاه علوم پزشکی و خدمات بهداشتی درمانی رفسنجان - دارای تعهد خدمت دو برابر طول مدت تحصیل در مناطق مورد نیاز دانشگاه علوم پزشکی رفسنجان - انتقال بر اساس شرایط آیین نامه - عدم تعهد در واگذاری خوابگاه | ادامه مخصوص متقاضیان بومی استان کرمان | رشته محل های سهمیه بومی در رشته های کاردانی و کارشناسی دارای تعهد خدمت مورد نیاز وزارت بهداشت
37866,هوشبری,دانشکده علوم پزشکی و خدمات بهداشتی درمانی سیرجان,شرایط خاص,تعهد خدمت,5,212,دانشکده علوم پزشکی و خدمات بهداشتی درمانی سیرجان - دارای تعهد خدمت دو برابر طول مدت تحصیل در مناطق مورد نیاز دانشکده علوم پزشکی سیرجان - عدم تعهد در واگذاری خوابگاه | ادامه مخصوص متقاضیان بومی استان کرمان | رشته محل های سهمیه بومی در رشته های کاردانی و کارشناسی دارای تعهد خدمت مورد نیاز وزارت بهداشت
37867,فوریت‌های پزشکی پیش‌بیمارستانی,دانشکده علوم پزشکی و خدمات بهداشتی درمانی سیرجان,شرایط خاص,تعهد خدمت,5,212,دانشکده علوم پزشکی و خدمات بهداشتی درمانی سیرجان - دارای تعهد خدمت دو برابر طول مدت تحصیل در مناطق مورد نیاز دانشکده علوم پزشکی سیرجان - عدم تعهد در واگذاری خوابگاه | ادامه مخصوص متقاضیان بومی استان کرمان | رشته محل های سهمیه بومی در رشته های کاردانی و کارشناسی دارای تعهد خدمت مورد نیاز وزارت بهداشت
37868,مهندسی بهداشت حرفه ای و ایمنی کار,دانشکده علوم پزشکی و خدمات بهداشتی درمانی سیرجان,شرایط خاص,تعهد خدمت,3,212,دانشکده علوم پزشکی و خدمات بهداشتی درمانی سیرجان - دارای تعهد خدمت دو برابر طول مدت تحصیل در مناطق مورد نیاز دانشکده علوم پزشکی سیرجان - عدم تعهد در واگذاری خوابگاه | ادامه مخصوص متقاضیان بومی استان کرمان | رشته محل های سهمیه بومی در رشته های کاردانی و کارشناسی دارای تعهد خدمت مورد نیاز وزارت بهداشت
37869,بهداشت عمومی,دانشگاه علوم پزشکی و خدمات بهداشتی درمانی کرمانشاه,شرایط خاص,تعهد خدمت,5,212,دانشگاه علوم پزشکی و خدمات بهداشتی درمانی کرمانشاه - دارای تعهد خدمت دو برابر طول مدت تحصیل در مناطق مورد نیاز دانشگاه علوم پزشکی کرمانشاه - عدم تعهد در واگذاری خوابگاه | مخصوص متقاضیان بومی استان کرمانشاه | رشته محل های سهمیه بومی در رشته های کاردانی و کارشناسی دارای تعهد خدمت مورد نیاز وزارت بهداشت
37870,پرستاری,دانشگاه علوم پزشکی و خدمات بهداشتی درمانی کرمانشاه,شرایط خاص,تعهد خدمت,7,212,دانشگاه علوم پزشکی و خدمات بهداشتی درمانی کرمانشاه - دارای تعهد خدمت دو برابر طول مدت تحصیل در مناطق مورد نیاز دانشگاه علوم پزشکی کرمانشاه - عدم تعهد در واگذاری خوابگاه | مخصوص متقاضیان بومی استان کرمانشاه دانشگاه علوم پزشکی و خدمات بهداشتی درمانی کرمانشاه- دارای مرد زن - 5 بهداشت عمومی 37869 با آزمون تعهد خدمت دو برابر طول مدت تحصیل در مناطق مورد نیاز دانشگاه علوم پزشکی کرمانشاه- عدم تعهد در واگذاری خوابگاه | رشته محل های سهمیه بومی در رشته های کاردانی و کارشناسی دارای تعهد خدمت مورد نیاز وزارت بهداشت
37871,علوم آزمایشگاهی,دانشگاه علوم پزشکی و خدمات بهداشتی درمانی کرمانشاه,شرایط خاص,تعهد خدمت,8,212,دانشگاه علوم پزشکی و خدمات بهداشتی درمانی کرمانشاه - دارای تعهد خدمت دو برابر طول مدت تحصیل در مناطق مورد نیاز دانشگاه علوم پزشکی کرمانشاه - عدم تعهد در واگذاری خوابگاه | مخصوص متقاضیان بومی استان کرمانشاه دانشگاه علوم پزشکی و خدمات بهداشتی درمانی کرمانشاه- دارای مرد زن - 5 بهداشت عمومی 37869 با آزمون تعهد خدمت دو برابر طول مدت تحصیل در مناطق مورد نیاز دانشگاه علوم پزشکی کرمانشاه- عدم تعهد در واگذاری خوابگاه دانشگاه علوم پزشکی و خدمات بهداشتی درمانی کرمانشاه- دارای 3 4 - 7 پرستاری 37870 با آزمون تعهد خدمت دو برابر طول مدت تحصیل در مناطق مورد نیاز دانشگاه علوم پزشکی کرمانشاه- عدم تعهد در واگذاری خوابگاه | رشته محل های سهمیه بومی در رشته های کاردانی و کارشناسی دارای تعهد خدمت مورد نیاز وزارت بهداشت
37872,علوم تغذیه,دانشگاه علوم پزشکی و خدمات بهداشتی درمانی کرمانشاه,شرایط خاص,تعهد خدمت,8,212,دانشگاه علوم پزشکی و خدمات بهداشتی درمانی کرمانشاه - دارای تعهد خدمت دو برابر طول مدت تحصیل در مناطق مورد نیاز دانشگاه علوم پزشکی کرمانشاه - عدم تعهد در واگذاری خوابگاه | مخصوص متقاضیان بومی استان کرمانشاه دانشگاه علوم پزشکی و خدمات بهداشتی درمانی کرمانشاه- دارای مرد زن - 5 بهداشت عمومی 37869 با آزمون تعهد خدمت دو برابر طول مدت تحصیل در مناطق مورد نیاز دانشگاه علوم پزشکی کرمانشاه- عدم تعهد در واگذاری خوابگاه دانشگاه علوم پزشکی و خدمات بهداشتی درمانی کرمانشاه- دارای 3 4 - 7 پرستاری 37870 با آزمون تعهد خدمت دو برابر طول مدت تحصیل در مناطق مورد نیاز دانشگاه علوم پزشکی کرمانشاه- عدم تعهد در واگذاری خوابگاه دانشگاه علوم پزشکی و خدمات بهداشتی درمانی کرمانشاه- دارای مرد زن - 8 علوم آزمایشگاهی 37871 با آزمون تعهد خدمت دو برابر طول مدت تحصیل در مناطق مورد نیاز دانشگاه علوم پزشکی کرمانشاه- عدم تعهد در واگذاری خوابگاه | رشته محل های سهمیه بومی در رشته های کاردانی و کارشناسی دارای تعهد خدمت مورد نیاز وزارت بهداشت
37873,فناوری اطلاعات سلامت,دانشگاه علوم پزشکی و خدمات بهداشتی درمانی کرمانشاه,شرایط خاص,تعهد خدمت,5,212,دانشگاه علوم پزشکی و خدمات بهداشتی درمانی کرمانشاه - دارای تعهد خدمت دو برابر طول مدت تحصیل در مناطق مورد نیاز دانشگاه علوم پزشکی کرمانشاه - عدم تعهد در واگذاری خوابگاه | مخصوص متقاضیان بومی استان کرمانشاه دانشگاه علوم پزشکی و خدمات بهداشتی درمانی کرمانشاه- دارای مرد زن - 5 بهداشت عمومی 37869 با آزمون تعهد خدمت دو برابر طول مدت تحصیل در مناطق مورد نیاز دانشگاه علوم پزشکی کرمانشاه- عدم تعهد در واگذاری خوابگاه دانشگاه علوم پزشکی و خدمات بهداشتی درمانی کرمانشاه- دارای 3 4 - 7 پرستاری 37870 با آزمون تعهد خدمت دو برابر طول مدت تحصیل در مناطق مورد نیاز دانشگاه علوم پزشکی کرمانشاه- عدم تعهد در واگذاری خوابگاه دانشگاه علوم پزشکی و خدمات بهداشتی درمانی کرمانشاه- دارای مرد زن - 8 علوم آزمایشگاهی 37871 با آزمون تعهد خدمت دو برابر طول مدت تحصیل در مناطق مورد نیاز دانشگاه علوم پزشکی کرمانشاه- عدم تعهد در واگذاری خوابگاه دانشگاه علوم پزشکی و خدمات بهداشتی درمانی کرمانشاه- دارای مرد زن - 8 علوم تغذیه 37872 با آزمون تعهد خدمت دو برابر طول مدت تحصیل در مناطق مورد نیاز دانشگاه علوم پزشکی کرمانشاه- عدم تعهد در واگذاری خوابگاه | رشته محل های سهمیه بومی در رشته های کاردانی و کارشناسی دارای تعهد خدمت مورد نیاز وزارت بهداشت
19446,هوشبری,دانشگاه علوم پزشکی و خدمات بهداشتی درمانی کرمانشاه ( محل تحصیل مجتمع آموزش عالی سالمت اسالم آباد غرب ),شرایط خاص,تعهد خدمت,15,212,دانشگاه علوم پزشکی و خدمات بهداشتی درمانی کرمانشاه ( محل تحصیل مجتمع آموزش عالی سالمت اسالم آباد غرب ) - دارای تعهد خدمت دو برابر طول تحصیل در مناطق مورد نیاز مجتمع آموزش عالی سالمت اسالم آباد غرب - عدم تعهد در واگذاری خوابگاه | مخصوص متقاضیان بومی استان کرمانشاه دانشگاه علوم پزشکی و خدمات بهداشتی درمانی کرمانشاه- دارای مرد زن - 5 بهداشت عمومی 37869 با آزمون تعهد خدمت دو برابر طول مدت تحصیل در مناطق مورد نیاز دانشگاه علوم پزشکی کرمانشاه- عدم تعهد در واگذاری خوابگاه دانشگاه علوم پزشکی و خدمات بهداشتی درمانی کرمانشاه- دارای 3 4 - 7 پرستاری 37870 با آزمون تعهد خدمت دو برابر طول مدت تحصیل در مناطق مورد نیاز دانشگاه علوم پزشکی کرمانشاه- عدم تعهد در واگذاری خوابگاه دانشگاه علوم پزشکی و خدمات بهداشتی درمانی کرمانشاه- دارای مرد زن - 8 علوم آزمایشگاهی 37871 با آزمون تعهد خدمت دو برابر طول مدت تحصیل در مناطق مورد نیاز دانشگاه علوم پزشکی کرمانشاه- عدم تعهد در واگذاری خوابگاه دانشگاه علوم پزشکی و خدمات بهداشتی درمانی کرمانشاه- دارای مرد زن - 8 علوم تغذیه 37872 با آزمون تعهد خدمت دو برابر طول مدت تحصیل در مناطق مورد نیاز دانشگاه علوم پزشکی کرمانشاه- عدم تعهد در واگذاری خوابگاه دانشگاه علوم پزشکی و خدمات بهداشتی درمانی کرمانشاه- دارای مرد زن - 5 فناوری اطالعات سالمت 37873 با آزمون تعهد خدمت دو برابر طول مدت تحصیل در مناطق مورد نیاز دانشگاه علوم پزشکی کرمانشاه- عدم تعهد در واگذاری خوابگاه دانشگاه علوم پزشکی و خدمات بهداشتی درمانی کرمانشاه (محل تحصیل مجتمع آموزش عالی سالمت اسالم )آباد غرب- دارای تعهد مرد زن 15 - کاردانی اتاق عمل 19445 صرفا با سوابق تحصیلی خدمت دو برابر طول تحصیل در مناطق مورد نیاز مجتمع آموزش عالی سالمت اسالم آباد غرب- عدم تعهد در واگذاری خوابگاه | رشته محل های سهمیه بومی در رشته های کاردانی و کارشناسی دارای تعهد خدمت مورد نیاز وزارت بهداشت
37876,پرستاری,دانشگاه علوم پزشکی و خدمات بهداشتی درمانی لرستان ( محل تحصیل دانشکده پرستاری الیگودرز ),شرایط خاص,تعهد خدمت,10,212,دانشگاه علوم پزشکی و خدمات بهداشتی درمانی لرستان ( محل تحصیل دانشکده پرستاری الیگودرز ) - دارای تعهد خدمت دو برابر طول مدت تحصیل در مناطق مورد نیاز دانشگاه علوم پزشکی لرستان - الیگودرز - فاقد خوابگاه | مخصوص متقاضیان بومی استان لرستان | رشته محل های سهمیه بومی در رشته های کاردانی و کارشناسی دارای تعهد خدمت مورد نیاز وزارت بهداشت
37877,پرستاری,دانشگاه علوم پزشکی و خدمات بهداشتی درمانی لرستان ( محل تحصیل دانشکده پرستاری الیگودرز ),شرایط خاص,تعهد خدمت,10,212,دانشگاه علوم پزشکی و خدمات بهداشتی درمانی لرستان ( محل تحصیل دانشکده پرستاری الیگودرز ) - دارای تعهد خدمت دو برابر طول مدت تحصیل در مناطق مورد نیاز دانشگاه علوم پزشکی لرستان - الیگودرز - فاقد خوابگاه | مخصوص متقاضیان بومی استان لرستان دانشگاه علوم پزشکی و خدمات بهداشتی درمانی لرستان (محل تحصیل دانشکده پرستاری )الیگودرز- دارای تعهد خدمت دو برابر 5 5 - 10 پرستاری 37876 با آزمون طول مدت تحصیل در مناطق مورد نیاز دانشگاه علوم پزشکی لرستان - الیگودرز- فاقد خوابگاه | رشته محل های سهمیه بومی در رشته های کاردانی و کارشناسی دارای تعهد خدمت مورد نیاز وزارت بهداشت
37878,پرستاری,دانشگاه علوم پزشکی و خدمات بهداشتی درمانی لرستان ( محل تحصیل دانشکده علوم پزشکی بروجرد ),شرایط خاص,تعهد خدمت,20,212,دانشگاه علوم پزشکی و خدمات بهداشتی درمانی لرستان ( محل تحصیل دانشکده علوم پزشکی بروجرد ) - دارای تعهد خدمت دو برابر طول مدت تحصیل در مناطق مورد نیاز دانشگاه علوم پزشکی لرستان - بروجرد - فاقد خوابگاه | مخصوص متقاضیان بومی استان لرستان دانشگاه علوم پزشکی و خدمات بهداشتی درمانی لرستان (محل تحصیل دانشکده پرستاری )الیگودرز- دارای تعهد خدمت دو برابر 5 5 - 10 پرستاری 37876 با آزمون طول مدت تحصیل در مناطق مورد نیاز دانشگاه علوم پزشکی لرستان - الیگودرز- فاقد خوابگاه دانشگاه علوم پزشکی و خدمات بهداشتی درمانی لرستان (محل )تحصیل دانشکده پرستاری الیگودرز- دارای تعهد خدمت دو برابر مرد زن 10 - پرستاری 37877 با آزمون طول مدت تحصیل در مناطق مورد نیاز دانشگاه علوم پزشکی لرستان - الیگودرز- فاقد خوابگاه | رشته محل های سهمیه بومی در رشته های کاردانی و کارشناسی دارای تعهد خدمت مورد نیاز وزارت بهداشت
37879,پرستاری,دانشگاه علوم پزشکی و خدمات بهداشتی درمانی لرستان ( محل تحصیل دانشکده پرستاری دورود ),شرایط خاص,تعهد خدمت,10,213,دانشگاه علوم پزشکی و خدمات بهداشتی درمانی لرستان ( محل تحصیل دانشکده پرستاری دورود ) - دارای تعهد خدمت دو برابر طول مدت تحصیل در مناطق مورد نیاز دانشگاه علوم پزشکی لرستان - دورود - فاقد خوابگاه | ادامه مخصوص متقاضیان بومی استان لرستان | رشته محل های سهمیه بومی در رشته های کاردانی و کارشناسی دارای تعهد خدمت مورد نیاز وزارت بهداشت
37880,علوم آزمایشگاهی,دانشگاه علوم پزشکی و خدمات بهداشتی درمانی لرستان,شرایط خاص,تعهد خدمت,10,213,دانشگاه علوم پزشکی و خدمات بهداشتی درمانی لرستان - خرم آباد ( محل تحصیل دانشکده پیراپزشکی خرم آباد ) - دارای تعهد خدمت دو برابر طول مدت تحصیل در مناطق مورد نیاز دانشگاه علوم پزشکی لرستان - فاقد خوابگاه | ادامه مخصوص متقاضیان بومی استان لرستان | رشته محل های سهمیه بومی در رشته های کاردانی و کارشناسی دارای تعهد خدمت مورد نیاز وزارت بهداشت
37881,فناوری اطلاعات سلامت,دانشگاه علوم پزشکی و خدمات بهداشتی درمانی لرستان,شرایط خاص,تعهد خدمت,14,213,دانشگاه علوم پزشکی و خدمات بهداشتی درمانی لرستان - خرم آباد ( محل تحصیل دانشکده پیراپزشکی خرم آباد ) - دارای تعهد خدمت دو برابر طول مدت تحصیل در مناطق مورد نیاز دانشگاه علوم پزشکی لرستان - فاقد خوابگاه | ادامه مخصوص متقاضیان بومی استان لرستان | رشته محل های سهمیه بومی در رشته های کاردانی و کارشناسی دارای تعهد خدمت مورد نیاز وزارت بهداشت
37883,پرستاری,دانشکده علوم پزشکی و خدمات بهداشتی درمانی خمین,شرایط خاص,تعهد خدمت,10,213,دانشکده علوم پزشکی و خدمات بهداشتی درمانی خمین - دارای تعهد خدمت دو برابر طول مدت تحصیل در مناطق مورد نیاز دانشکده علوم پزشکی خمین - محدودیت در ارائه خوابگاه | مخصوص متقاضیان بومی استان مرکزی | رشته محل های سهمیه بومی در رشته های کاردانی و کارشناسی دارای تعهد خدمت مورد نیاز وزارت بهداشت
37884,اتاق عمل,دانشکده علوم پزشکی و خدمات بهداشتی درمانی خمین,شرایط خاص,تعهد خدمت,5,213,دانشکده علوم پزشکی و خدمات بهداشتی درمانی خمین - دارای تعهد خدمت دو برابر طول مدت تحصیل در مناطق مورد نیاز دانشکده علوم پزشکی خمین - محدودیت در ارائه خوابگاه | مخصوص متقاضیان بومی استان مرکزی دانشکده علوم پزشکی و خدمات بهداشتی درمانی خمین- دارای 5 5 - 10 پرستاری 37883 با آزمون تعهد خدمت دو برابر طول مدت تحصیل در مناطق مورد نیاز دانشکده علوم پزشکی خمین- محدودیت در ارائه خوابگاه | رشته محل های سهمیه بومی در رشته های کاردانی و کارشناسی دارای تعهد خدمت مورد نیاز وزارت بهداشت
37885,علوم آزمایشگاهی,دانشکده علوم پزشکی و خدمات بهداشتی درمانی خمین,شرایط خاص,تعهد خدمت,5,213,دانشکده علوم پزشکی و خدمات بهداشتی درمانی خمین - دارای تعهد خدمت دو برابر طول مدت تحصیل در مناطق مورد نیاز دانشکده علوم پزشکی خمین - محدودیت در ارائه خوابگاه | مخصوص متقاضیان بومی استان مرکزی دانشکده علوم پزشکی و خدمات بهداشتی درمانی خمین- دارای 5 5 - 10 پرستاری 37883 با آزمون تعهد خدمت دو برابر طول مدت تحصیل در مناطق مورد نیاز دانشکده علوم پزشکی خمین- محدودیت در ارائه خوابگاه دانشکده علوم پزشکی و خدمات بهداشتی درمانی خمین- دارای مرد زن 5 - تکنولوژی اتاق عمل 37884 با آزمون تعهد خدمت دو برابر طول مدت تحصیل در مناطق مورد نیاز دانشکده علوم پزشکی خمین- محدودیت در ارائه خوابگاه | رشته محل های سهمیه بومی در رشته های کاردانی و کارشناسی دارای تعهد خدمت مورد نیاز وزارت بهداشت
37886,فناوری اطلاعات سلامت,دانشکده علوم پزشکی و خدمات بهداشتی درمانی خمین,شرایط خاص,تعهد خدمت,3,213,دانشکده علوم پزشکی و خدمات بهداشتی درمانی خمین - دارای تعهد خدمت دو برابر طول مدت تحصیل در مناطق مورد نیاز دانشکده علوم پزشکی خمین - محدودیت در ارائه خوابگاه | مخصوص متقاضیان بومی استان مرکزی دانشکده علوم پزشکی و خدمات بهداشتی درمانی خمین- دارای 5 5 - 10 پرستاری 37883 با آزمون تعهد خدمت دو برابر طول مدت تحصیل در مناطق مورد نیاز دانشکده علوم پزشکی خمین- محدودیت در ارائه خوابگاه دانشکده علوم پزشکی و خدمات بهداشتی درمانی خمین- دارای مرد زن 5 - تکنولوژی اتاق عمل 37884 با آزمون تعهد خدمت دو برابر طول مدت تحصیل در مناطق مورد نیاز دانشکده علوم پزشکی خمین- محدودیت در ارائه خوابگاه دانشکده علوم پزشکی و خدمات بهداشتی درمانی خمین- دارای مرد زن - 5 علوم آزمایشگاهی 37885 با آزمون تعهد خدمت دو برابر طول مدت تحصیل در مناطق مورد نیاز دانشکده علوم پزشکی خمین- محدودیت در ارائه خوابگاه | رشته محل های سهمیه بومی در رشته های کاردانی و کارشناسی دارای تعهد خدمت مورد نیاز وزارت بهداشت
37887,فوریت‌های پزشکی پیش‌بیمارستانی,دانشکده علوم پزشکی و خدمات بهداشتی درمانی خمین,شرایط خاص,تعهد خدمت,2,213,دانشکده علوم پزشکی و خدمات بهداشتی درمانی خمین - دارای تعهد خدمت دو برابر طول مدت تحصیل در مناطق مورد نیاز دانشکده علوم پزشکی خمین - محدودیت در ارائه خوابگاه | مخصوص متقاضیان بومی استان مرکزی دانشکده علوم پزشکی و خدمات بهداشتی درمانی خمین- دارای 5 5 - 10 پرستاری 37883 با آزمون تعهد خدمت دو برابر طول مدت تحصیل در مناطق مورد نیاز دانشکده علوم پزشکی خمین- محدودیت در ارائه خوابگاه دانشکده علوم پزشکی و خدمات بهداشتی درمانی خمین- دارای مرد زن 5 - تکنولوژی اتاق عمل 37884 با آزمون تعهد خدمت دو برابر طول مدت تحصیل در مناطق مورد نیاز دانشکده علوم پزشکی خمین- محدودیت در ارائه خوابگاه دانشکده علوم پزشکی و خدمات بهداشتی درمانی خمین- دارای مرد زن - 5 علوم آزمایشگاهی 37885 با آزمون تعهد خدمت دو برابر طول مدت تحصیل در مناطق مورد نیاز دانشکده علوم پزشکی خمین- محدودیت در ارائه خوابگاه دانشکده علوم پزشکی و خدمات بهداشتی درمانی خمین- دارای مرد زن - 3 فناوری اطالعات سالمت 37886 با آزمون تعهد خدمت دو برابر طول مدت تحصیل در مناطق مورد نیاز دانشکده علوم پزشکی خمین- محدودیت در ارائه خوابگاه | رشته محل های سهمیه بومی در رشته های کاردانی و کارشناسی دارای تعهد خدمت مورد نیاز وزارت بهداشت
37888,هوشبری,دانشکده علوم پزشکی و خدمات بهداشتی درمانی خمین,شرایط خاص,تعهد خدمت,5,213,دانشکده علوم پزشکی و خدمات بهداشتی درمانی خمین - دارای تعهد خدمت دو برابر طول مدت تحصیل در مناطق مورد نیاز دانشکده علوم پزشکی خمین - محدودیت در ارائه خوابگاه | مخصوص متقاضیان بومی استان مرکزی دانشکده علوم پزشکی و خدمات بهداشتی درمانی خمین- دارای 5 5 - 10 پرستاری 37883 با آزمون تعهد خدمت دو برابر طول مدت تحصیل در مناطق مورد نیاز دانشکده علوم پزشکی خمین- محدودیت در ارائه خوابگاه دانشکده علوم پزشکی و خدمات بهداشتی درمانی خمین- دارای مرد زن 5 - تکنولوژی اتاق عمل 37884 با آزمون تعهد خدمت دو برابر طول مدت تحصیل در مناطق مورد نیاز دانشکده علوم پزشکی خمین- محدودیت در ارائه خوابگاه دانشکده علوم پزشکی و خدمات بهداشتی درمانی خمین- دارای مرد زن - 5 علوم آزمایشگاهی 37885 با آزمون تعهد خدمت دو برابر طول مدت تحصیل در مناطق مورد نیاز دانشکده علوم پزشکی خمین- محدودیت در ارائه خوابگاه دانشکده علوم پزشکی و خدمات بهداشتی درمانی خمین- دارای مرد زن - 3 فناوری اطالعات سالمت 37886 با آزمون تعهد خدمت دو برابر طول مدت تحصیل در مناطق مورد نیاز دانشکده علوم پزشکی خمین- محدودیت در ارائه خوابگاه دانشکده علوم پزشکی و خدمات بهداشتی درمانی خمین- دارای مرد زن 2 - فوریت های پزشکی پیش بیمارستانی 37887 با آزمون تعهد خدمت دو برابر طول مدت تحصیل در مناطق مورد نیاز دانشکده علوم پزشکی خمین- محدودیت در ارائه خوابگاه | رشته محل های سهمیه بومی در رشته های کاردانی و کارشناسی دارای تعهد خدمت مورد نیاز وزارت بهداشت
37889,بهداشت عمومی,دانشگاه علوم پزشکی و خدمات بهداشتی درمانی هرمزگان - بندرعباس,شرایط خاص,تعهد خدمت,1,213,دانشگاه علوم پزشکی و خدمات بهداشتی درمانی هرمزگان - بندرعباس - دارای تعهد خدمت دو برابر طول مدت تحصیل در مناطق مورد نیاز دانشگاه علوم پزشکی هرمزگان - فاقد خوابگاه | مخصوص متقاضیان بومی استان هرمزگان | رشته محل های سهمیه بومی در رشته های کاردانی و کارشناسی دارای تعهد خدمت مورد نیاز وزارت بهداشت
37890,پرستاری,دانشگاه علوم پزشکی و خدمات بهداشتی درمانی هرمزگان - بندرعباس,شرایط خاص,تعهد خدمت,70,213,دانشگاه علوم پزشکی و خدمات بهداشتی درمانی هرمزگان - بندرعباس - متعهد خدمت دو برابر طول دوره تحصیل در مناطق مورد نیاز دانشگاه علوم پزشکی هرمزگان - فاقد خوابگاه | مخصوص متقاضیان بومی استان هرمزگان دانشگاه علوم پزشکی و خدمات بهداشتی درمانی هرمزگان- مرد زن - 1 بهداشت عمومی 37889 با آزمون بندرعباس- دارای تعهد خدمت دو برابر طول مدت تحصیل در مناطق مورد نیاز دانشگاه علوم پزشکی هرمزگان- فاقد خوابگاه | رشته محل های سهمیه بومی در رشته های کاردانی و کارشناسی دارای تعهد خدمت مورد نیاز وزارت بهداشت
37891,پرستاری,دانشگاه علوم پزشکی و خدمات بهداشتی درمانی هرمزگان - بندرعباس,شرایط خاص,تعهد خدمت,70,213,دانشگاه علوم پزشکی و خدمات بهداشتی درمانی هرمزگان - بندرعباس - دارای تعهد خدمت دو برابر طول مدت تحصیل در مناطق موردنیاز دانشگاه علوم پزشکی هرمزگان - فاقد خوابگاه | مخصوص متقاضیان بومی استان هرمزگان دانشگاه علوم پزشکی و خدمات بهداشتی درمانی هرمزگان- مرد زن - 1 بهداشت عمومی 37889 با آزمون بندرعباس- دارای تعهد خدمت دو برابر طول مدت تحصیل در مناطق مورد نیاز دانشگاه علوم پزشکی هرمزگان- فاقد خوابگاه دانشگاه علوم پزشکی و خدمات بهداشتی درمانی هرمزگان- 35 35 - 70 پرستاری 37890 با آزمون بندرعباس- متعهد خدمت دو برابر طول دوره تحصیل در مناطق مورد نیاز دانشگاه علوم پزشکی هرمزگان- فاقد خوابگاه | رشته محل های سهمیه بومی در رشته های کاردانی و کارشناسی دارای تعهد خدمت مورد نیاز وزارت بهداشت
37892,پرستاری,دانشکده علوم پزشکی و خدمات بهداشتی درمانی شرق استان هرمزگان - میناب,شرایط خاص,تعهد خدمت,28,214,دانشکده علوم پزشکی و خدمات بهداشتی درمانی شرق استان هرمزگان - میناب - دارای تعهد خدمت دو برابر طول مدت تحصیل در مناطق مورد نیاز دانشکده علوم پزشکی و خدمات بهداشتی درمانی شرق استان هرمزگان - ممنوعیت نقل و انتقال و هرگونه جا به جایی - عدم تعهد در واگذاری خوابگاه | ادامه مخصوص متقاضیان بومی استان هرمزگان | رشته محل های سهمیه بومی در رشته های کاردانی و کارشناسی دارای تعهد خدمت مورد نیاز وزارت بهداشت
37893,پرستاری,دانشکده علوم پزشکی و خدمات بهداشتی درمانی غرب استان هرمزگان - بندرلنگه,شرایط خاص,تعهد خدمت,17,214,دانشکده علوم پزشکی و خدمات بهداشتی درمانی غرب استان هرمزگان - بندرلنگه - دارای تعهد خدمت دو برابر طول مدت تحصیل در مناطق مورد نیاز دانشکده علوم پزشکی غرب استان هرمزگان - ممنوعیت نقل و انتقال و هرگونه جابجایی - فاقد خوابگاه | ادامه مخصوص متقاضیان بومی استان هرمزگان | رشته محل های سهمیه بومی در رشته های کاردانی و کارشناسی دارای تعهد خدمت مورد نیاز وزارت بهداشت
37894,پرستاری,دانشکده علوم پزشکی و خدمات بهداشتی درمانی غرب استان هرمزگان - بندرلنگه,شرایط خاص,تعهد خدمت,17,214,دانشکده علوم پزشکی و خدمات بهداشتی درمانی غرب استان هرمزگان - بندرلنگه - دارای تعهد خدمت دو برابر طول مدت تحصیل در مناطق مورد نیاز دانشکده علوم پزشکی و خدمات بهداشتی درمانی غرب استان هرمزگان - ممنوعیت نقل و انتقال و هرگونه جابجایی - فاقد خوابگاه | ادامه مخصوص متقاضیان بومی استان هرمزگان | رشته محل های سهمیه بومی در رشته های کاردانی و کارشناسی دارای تعهد خدمت مورد نیاز وزارت بهداشت
37895,اتاق عمل,دانشگاه علوم پزشکی و خدمات بهداشتی درمانی هرمزگان - بندرعباس,شرایط خاص,تعهد خدمت,17,214,دانشگاه علوم پزشکی و خدمات بهداشتی درمانی هرمزگان - بندرعباس - دارای تعهد خدمت دو برابر طول مدت تحصیل در مناطق مورد نیاز دانشگاه علوم پزشکی هرمزگان - فاقد خوابگاه | ادامه مخصوص متقاضیان بومی استان هرمزگان | رشته محل های سهمیه بومی در رشته های کاردانی و کارشناسی دارای تعهد خدمت مورد نیاز وزارت بهداشت
37896,تکنولوژی پرتوشناسی,دانشگاه علوم پزشکی و خدمات بهداشتی درمانی هرمزگان - بندرعباس,شرایط خاص,تعهد خدمت,21,214,دانشگاه علوم پزشکی و خدمات بهداشتی درمانی هرمزگان - بندرعباس - دارای تعهد خدمت دو برابر طول مدت تحصیل در مناطق مورد نیاز دانشگاه علوم پزشکی هرمزگان - فاقد خوابگاه | ادامه مخصوص متقاضیان بومی استان هرمزگان | رشته محل های سهمیه بومی در رشته های کاردانی و کارشناسی دارای تعهد خدمت مورد نیاز وزارت بهداشت
37897,علوم آزمایشگاهی,دانشگاه علوم پزشکی و خدمات بهداشتی درمانی هرمزگان - بندرعباس,شرایط خاص,تعهد خدمت,21,214,دانشگاه علوم پزشکی و خدمات بهداشتی درمانی هرمزگان - بندرعباس - دارای تعهد خدمت دو برابر طول مدت تحصیل در مناطق مورد نیاز دانشگاه علوم پزشکی هرمزگان - فاقد خوابگاه | ادامه مخصوص متقاضیان بومی استان هرمزگان | رشته محل های سهمیه بومی در رشته های کاردانی و کارشناسی دارای تعهد خدمت مورد نیاز وزارت بهداشت
37898,علوم آزمایشگاهی,دانشگاه علوم پزشکی و خدمات بهداشتی درمانی هرمزگان - بندرعباس,شرایط خاص,تعهد خدمت,21,214,دانشگاه علوم پزشکی و خدمات بهداشتی درمانی هرمزگان - بندرعباس - دارای تعهد خدمت دو برابر طول مدت تحصیل در مناطق مورد نیاز دانشگاه علوم پزشکی هرمزگان - فاقد خوابگاه | ادامه مخصوص متقاضیان بومی استان هرمزگان | رشته محل های سهمیه بومی در رشته های کاردانی و کارشناسی دارای تعهد خدمت مورد نیاز وزارت بهداشت
37899,فناوری اطلاعات سلامت,دانشگاه علوم پزشکی و خدمات بهداشتی درمانی هرمزگان - بندرعباس,شرایط خاص,تعهد خدمت,42,214,دانشگاه علوم پزشکی و خدمات بهداشتی درمانی هرمزگان - بندرعباس - دارای تعهد خدمت دو برابر طول مدت تحصیل در مناطق مورد نیاز دانشگاه علوم پزشکی هرمزگان - فاقد خوابگاه | ادامه مخصوص متقاضیان بومی استان هرمزگان | رشته محل های سهمیه بومی در رشته های کاردانی و کارشناسی دارای تعهد خدمت مورد نیاز وزارت بهداشت
37901,فوریت‌های پزشکی پیش‌بیمارستانی,دانشگاه علوم پزشکی و خدمات بهداشتی درمانی هرمزگان - بندرعباس,شرایط خاص,تعهد خدمت,28,214,دانشگاه علوم پزشکی و خدمات بهداشتی درمانی هرمزگان - بندرعباس - دارای تعهد خدمت دو برابر طول مدت تحصیل در مناطق مورد نیاز دانشگاه علوم پزشکی هرمزگان - فاقد خوابگاه | ادامه مخصوص متقاضیان بومی استان هرمزگان | رشته محل های سهمیه بومی در رشته های کاردانی و کارشناسی دارای تعهد خدمت مورد نیاز وزارت بهداشت
37902,مامایی,دانشگاه علوم پزشکی و خدمات بهداشتی درمانی هرمزگان - بندرعباس,شرایط خاص,تعهد خدمت,35,214,دانشگاه علوم پزشکی و خدمات بهداشتی درمانی هرمزگان - بندرعباس - دارای تعهد خدمت دو برابر طول مدت تحصیل در مناطق مورد نیاز دانشگاه علوم پزشکی هرمزگان - فاقد خوابگاه | ادامه مخصوص متقاضیان بومی استان هرمزگان | رشته محل های سهمیه بومی در رشته های کاردانی و کارشناسی دارای تعهد خدمت مورد نیاز وزارت بهداشت
37903,مهندسی بهداشت محیط,دانشگاه علوم پزشکی و خدمات بهداشتی درمانی هرمزگان - بندرعباس,شرایط خاص,تعهد خدمت,24,214,دانشگاه علوم پزشکی و خدمات بهداشتی درمانی هرمزگان - بندرعباس - دارای تعهد خدمت دو برابر طول مدت تحصیل در مناطق مورد نیاز دانشگاه علوم پزشکی هرمزگان - فاقد خوابگاه | ادامه مخصوص متقاضیان بومی استان هرمزگان | رشته محل های سهمیه بومی در رشته های کاردانی و کارشناسی دارای تعهد خدمت مورد نیاز وزارت بهداشت
37904,هوشبری,دانشگاه علوم پزشکی و خدمات بهداشتی درمانی هرمزگان - بندرعباس,شرایط خاص,تعهد خدمت,28,214,دانشگاه علوم پزشکی و خدمات بهداشتی درمانی هرمزگان - بندرعباس - دارای تعهد خدمت دو برابر طول مدت تحصیل در مناطق مورد نیاز دانشگاه علوم پزشکی هرمزگان - فاقد خوابگاه | ادامه مخصوص متقاضیان بومی استان هرمزگان | رشته محل های سهمیه بومی در رشته های کاردانی و کارشناسی دارای تعهد خدمت مورد نیاز وزارت بهداشت
37909,فوریت‌های پزشکی پیش‌بیمارستانی,دانشکده علوم پزشکی و خدمات بهداشتی درمانی شرق استان هرمزگان - میناب,شرایط خاص,تعهد خدمت,10,214,دانشکده علوم پزشکی و خدمات بهداشتی درمانی شرق استان هرمزگان - میناب - دارای تعهد خدمت دو برابر طول مدت تحصیل در مناطق مورد نیاز دانشکده علوم پزشکی و خدمات بهداشتی درمانی شرق استان هرمزگان - ممنوعیت نقل و انتقال و هرگونه جابجایی - عدم تعهد در واگذاری خوابگاه | ادامه مخصوص متقاضیان بومی استان هرمزگان | رشته محل های سهمیه بومی در رشته های کاردانی و کارشناسی دارای تعهد خدمت مورد نیاز وزارت بهداشت
37910,فوریت‌های پزشکی پیش‌بیمارستانی,دانشکده علوم پزشکی و خدمات بهداشتی درمانی غرب استان هرمزگان - بندرلنگه,شرایط خاص,تعهد خدمت,14,215,دانشکده علوم پزشکی و خدمات بهداشتی درمانی غرب استان هرمزگان - بندرلنگه - دارای تعهد خدمت دو برابر طول مدت تحصیل در مناطق مورد نیاز دانشکده علوم پزشکی و خدمات بهداشتی درمانی غرب استان هرمزگان - فاقد خوابگاه | ادامه مخصوص متقاضیان بومی استان هرمزگان | رشته محل های سهمیه بومی در رشته های کاردانی و کارشناسی دارای تعهد خدمت مورد نیاز وزارت بهداشت
37912,مهندسی بهداشت حرفه ای و ایمنی کار,دانشگاه علوم پزشکی و خدمات بهداشتی درمانی هرمزگان - بندرعباس,شرایط خاص,تعهد خدمت,12,215,دانشگاه علوم پزشکی و خدمات بهداشتی درمانی هرمزگان - بندرعباس - دارای تعهد خدمت دو برابر طول مدت تحصیل در مناطق مورد نیاز دانشگاه علوم پزشکی هرمزگان - فاقد خوابگاه | ادامه مخصوص متقاضیان بومی استان هرمزگان | رشته محل های سهمیه بومی در رشته های کاردانی و کارشناسی دارای تعهد خدمت مورد نیاز وزارت بهداشت
19447,فناوری اطلاعات سلامت,دانشگاه علوم پزشکی و خدمات بهداشتی درمانی هرمزگان - بندرعباس,شرایط خاص,تعهد خدمت,42,215,دانشگاه علوم پزشکی و خدمات بهداشتی درمانی هرمزگان - بندرعباس - دارای تعهد خدمت دو برابر طول مدت تحصیل در مناطق مورد نیاز دانشگاه علوم پزشکی هرمزگان - فاقد خوابگاه | ادامه مخصوص متقاضیان بومی استان هرمزگان | رشته محل های سهمیه بومی در رشته های کاردانی و کارشناسی دارای تعهد خدمت مورد نیاز وزارت بهداشت
19448,بهداشت عمومی,دانشکده علوم پزشکی و خدمات بهداشتی درمانی شرق استان هرمزگان - میناب,شرایط خاص,تعهد خدمت,7,215,دانشکده علوم پزشکی و خدمات بهداشتی درمانی شرق استان هرمزگان - میناب - دارای تعهد خدمت دو برابر طول تحصیل در مناطق مورد نیاز دانشکده علوم پزشکی و خدمات بهداشتی درمانی شرق استان هرمزگان - ممنوعیت نقل و انتقال و هرگونه جابه جایی - عدم تعهد در واگذاری خوابگاه | ادامه مخصوص متقاضیان بومی استان هرمزگان | رشته محل های سهمیه بومی در رشته های کاردانی و کارشناسی دارای تعهد خدمت مورد نیاز وزارت بهداشت
19449,بهداشت عمومی,دانشکده علوم پزشکی و خدمات بهداشتی درمانی شرق استان هرمزگان - میناب,شرایط خاص,تعهد خدمت,7,215,دانشکده علوم پزشکی و خدمات بهداشتی درمانی شرق استان هرمزگان - میناب - دارای تعهد خدمت دو برابر طول تحصیل در مناطق مورد نیاز دانشکده علوم پزشکی و خدمات بهداشتی درمانی شرق استان هرمزگان - ممنوعیت نقل و انتقال و هرگونه جابه جایی - عدم تعهد در واگذاری خوابگاه | ادامه مخصوص متقاضیان بومی استان هرمزگان | رشته محل های سهمیه بومی در رشته های کاردانی و کارشناسی دارای تعهد خدمت مورد نیاز وزارت بهداشت
19450,بهداشت عمومی,دانشکده علوم پزشکی و خدمات بهداشتی درمانی غرب استان هرمزگان ( محل تحصیل مجتمع آموزش عالی سالمت بستک ),شرایط خاص,تعهد خدمت,2,215,دانشکده علوم پزشکی و خدمات بهداشتی درمانی غرب استان هرمزگان ( محل تحصیل مجتمع آموزش عالی سالمت بستک ) - دارای تعهد خدمت دو برابر طول تحصیل در مناطق مورد نیاز مجتمع آموزش عالی سالمت بستک - ممنوعیت نقل و انتقال و هر گونه جابجایی - دارای خوابگاه ملکی | ادامه مخصوص متقاضیان بومی استان هرمزگان | رشته محل های سهمیه بومی در رشته های کاردانی و کارشناسی دارای تعهد خدمت مورد نیاز وزارت بهداشت
19451,بهداشت عمومی,دانشکده علوم پزشکی و خدمات بهداشتی درمانی غرب استان هرمزگان ( محل تحصیل مجتمع آموزش عالی سالمت بستک ),شرایط خاص,تعهد خدمت,2,215,دانشکده علوم پزشکی و خدمات بهداشتی درمانی غرب استان هرمزگان ( محل تحصیل مجتمع آموزش عالی سالمت بستک ) - دارای تعهد خدمت دو برابر طول تحصیل در مناطق مورد نیاز مجتمع آموزش عالی سالمت بستک - ممنوعیت نقل و انتقال و هر گونه جابجایی - ممنوعیت نقل و انتقال و هر گونه جابه جایی - دارای خوابگاه ملکی | ادامه مخصوص متقاضیان بومی استان هرمزگان | رشته محل های سهمیه بومی در رشته های کاردانی و کارشناسی دارای تعهد خدمت مورد نیاز وزارت بهداشت
19452,مامایی,دانشکده علوم پزشکی و خدمات بهداشتی درمانی غرب استان هرمزگان ( محل تحصیل مجتمع آموزش عالی سالمت بستک ),شرایط خاص,تعهد خدمت,3,215,دانشکده علوم پزشکی و خدمات بهداشتی درمانی غرب استان هرمزگان ( محل تحصیل مجتمع آموزش عالی سالمت بستک ) - دارای تعهد خدمت دو برابر طول تحصیل در مناطق مورد نیاز مجتمع آموزش عالی سالمت بستک - ممنوعیت نقل و انتقال و هر گونه جابه جایی - دارای خوابگاه ملکی | ادامه مخصوص متقاضیان بومی استان هرمزگان | رشته محل های سهمیه بومی در رشته های کاردانی و کارشناسی دارای تعهد خدمت مورد نیاز وزارت بهداشت
37913,بهداشت عمومی,دانشگاه علوم پزشکی و خدمات بهداشتی درمانی یزد ( محل تحصیل دانشکده بهداشت ),شرایط خاص,تعهد خدمت,10,215,دانشگاه علوم پزشکی و خدمات بهداشتی درمانی یزد ( محل تحصیل دانشکده بهداشت ) - دارای تعهد خدمت دو برابر طول مدت تحصیل در مناطق مورد نیاز دانشگاه علوم پزشکی یزد - عدم تعهد در واگذاری خوابگاه | مخصوص متقاضیان بومی استان یزد | رشته محل های سهمیه بومی در رشته های کاردانی و کارشناسی دارای تعهد خدمت مورد نیاز وزارت بهداشت
37914,پرستاری,دانشگاه علوم پزشکی و خدمات بهداشتی درمانی یزد ( محل تحصیل دانشکده پرستاری و مامایی یزد ),شرایط خاص,تعهد خدمت,12,215,دانشگاه علوم پزشکی و خدمات بهداشتی درمانی یزد ( محل تحصیل دانشکده پرستاری و مامایی یزد ) - دارای تعهد خدمت دو برابر طول مدت تحصیل در مناطق مورد نیاز دانشگاه علوم پزشکی یزد - عدم تعهد در واگذاری خوابگاه | مخصوص متقاضیان بومی استان یزد دانشگاه علوم پزشکی و خدمات بهداشتی درمانی یزد (محل تحصیل )دانشکده بهداشت- دارای تعهد خدمت دو برابر طول مدت تحصیل مرد زن - 10 بهداشت عمومی 37913 با آزمون در مناطق مورد نیاز دانشگاه علوم پزشکی یزد- عدم تعهد در واگذاری خوابگاه | رشته محل های سهمیه بومی در رشته های کاردانی و کارشناسی دارای تعهد خدمت مورد نیاز وزارت بهداشت
37915,پرستاری,دانشگاه علوم پزشکی و خدمات بهداشتی درمانی یزد ( محل تحصیل دانشکده پرستاری و مامایی یزد ),شرایط خاص,تعهد خدمت,13,215,دانشگاه علوم پزشکی و خدمات بهداشتی درمانی یزد ( محل تحصیل دانشکده پرستاری و مامایی یزد ) - دارای تعهد خدمت دو برابر طول مدت تحصیل در مناطق مورد نیاز دانشگاه علوم پزشکی یزد - عدم تعهد در واگذاری خوابگاه | مخصوص متقاضیان بومی استان یزد دانشگاه علوم پزشکی و خدمات بهداشتی درمانی یزد (محل تحصیل )دانشکده بهداشت- دارای تعهد خدمت دو برابر طول مدت تحصیل مرد زن - 10 بهداشت عمومی 37913 با آزمون در مناطق مورد نیاز دانشگاه علوم پزشکی یزد- عدم تعهد در واگذاری خوابگاه دانشگاه علوم پزشکی و خدمات بهداشتی درمانی یزد (محل تحصیل )دانشکده پرستاری و مامایی یزد- دارای تعهد خدمت دو برابر طول 6 6 - 12 پرستاری 37914 با آزمون مدت تحصیل در مناطق مورد نیاز دانشگاه علوم پزشکی یزد- عدم تعهد در واگذاری خوابگاه | رشته محل های سهمیه بومی در رشته های کاردانی و کارشناسی دارای تعهد خدمت مورد نیاز وزارت بهداشت
37916,پرستاری,دانشگاه علوم پزشکی و خدمات بهداشتی درمانی یزد ( محل تحصیل دانشکده علوم پزشکی میبد ),شرایط خاص,تعهد خدمت,10,216,دانشگاه علوم پزشکی و خدمات بهداشتی درمانی یزد ( محل تحصیل دانشکده علوم پزشکی میبد ) - دارای تعهد خدمت دو برابر طول مدت تحصیل در مناطق مورد نیاز دانشگاه علوم پزشکی یزد - میبد - خوابگاه برادران ملکی و خوابگاه خواهران استیجاری | ادامه مخصوص متقاضیان بومی استان یزد | رشته محل های سهمیه بومی در رشته های کاردانی و کارشناسی دارای تعهد خدمت مورد نیاز وزارت بهداشت
37917,اتاق عمل,دانشگاه علوم پزشکی و خدمات بهداشتی درمانی یزد ( محل تحصیل دانشکده پیراپزشکی یزد ),شرایط خاص,تعهد خدمت,7,216,دانشگاه علوم پزشکی و خدمات بهداشتی درمانی یزد ( محل تحصیل دانشکده پیراپزشکی یزد ) - دارای تعهد خدمت دو برابر طول مدت تحصیل در مناطق مورد نیاز دانشگاه علوم پزشکی یزد - عدم تعهد در واگذاری خوابگاه | ادامه مخصوص متقاضیان بومی استان یزد | رشته محل های سهمیه بومی در رشته های کاردانی و کارشناسی دارای تعهد خدمت مورد نیاز وزارت بهداشت
37918,اتاق عمل,دانشگاه علوم پزشکی و خدمات بهداشتی درمانی یزد ( محل تحصیل دانشکده علوم پزشکی ابرکوه ),شرایط خاص,تعهد خدمت,2,216,دانشگاه علوم پزشکی و خدمات بهداشتی درمانی یزد ( محل تحصیل دانشکده علوم پزشکی ابرکوه ) - دارای تعهد خدمت دو برابر طول مدت تحصیل در مناطق مورد نیاز دانشگاه علوم پزشکی یزد - ابرکوه - خوابگاه برادران ملکی و خوابگاه خواهران استیجاری با ظرفیت محدود | ادامه مخصوص متقاضیان بومی استان یزد | رشته محل های سهمیه بومی در رشته های کاردانی و کارشناسی دارای تعهد خدمت مورد نیاز وزارت بهداشت
37919,تکنولوژی پرتوشناسی,دانشگاه علوم پزشکی و خدمات بهداشتی درمانی یزد ( محل تحصیل دانشکده پیراپزشکی یزد ),شرایط خاص,تعهد خدمت,12,216,دانشگاه علوم پزشکی و خدمات بهداشتی درمانی یزد ( محل تحصیل دانشکده پیراپزشکی یزد ) - دارای تعهد خدمت دو برابر طول مدت تحصیل در مناطق مورد نیاز دانشگاه علوم پزشکی یزد - عدم تعهد در واگذاری خوابگاه | ادامه مخصوص متقاضیان بومی استان یزد | رشته محل های سهمیه بومی در رشته های کاردانی و کارشناسی دارای تعهد خدمت مورد نیاز وزارت بهداشت
37920,علوم آزمایشگاهی,دانشگاه علوم پزشکی و خدمات بهداشتی درمانی یزد,شرایط خاص,تعهد خدمت,10,216,دانشگاه علوم پزشکی و خدمات بهداشتی درمانی یزد - دارای تعهد خدمت دو برابر طول مدت تحصیل در مناطق مورد نیاز دانشگاه علوم پزشکی یزد - عدم تعهد در واگذاری خوابگاه | ادامه مخصوص متقاضیان بومی استان یزد | رشته محل های سهمیه بومی در رشته های کاردانی و کارشناسی دارای تعهد خدمت مورد نیاز وزارت بهداشت
37921,فوریت‌های پزشکی پیش‌بیمارستانی,دانشگاه علوم پزشکی و خدمات بهداشتی درمانی یزد ( محل تحصیل دانشکده پیراپزشکی یزد ),شرایط خاص,تعهد خدمت,10,216,دانشگاه علوم پزشکی و خدمات بهداشتی درمانی یزد ( محل تحصیل دانشکده پیراپزشکی یزد ) - دارای تعهد خدمت دو برابر طول مدت تحصیل در مناطق مورد نیاز دانشگاه علوم پزشکی یزد - عدم تعهد در واگذاری خوابگاه | ادامه مخصوص متقاضیان بومی استان یزد | رشته محل های سهمیه بومی در رشته های کاردانی و کارشناسی دارای تعهد خدمت مورد نیاز وزارت بهداشت
37922,مامایی,دانشگاه علوم پزشکی و خدمات بهداشتی درمانی یزد ( محل تحصیل دانشکده پرستاری و مامایی یزد ),شرایط خاص,تعهد خدمت,18,216,دانشگاه علوم پزشکی و خدمات بهداشتی درمانی یزد ( محل تحصیل دانشکده پرستاری و مامایی یزد ) - دارای تعهد خدمت دو برابر طول مدت تحصیل در مناطق مورد نیاز دانشگاه علوم پزشکی یزد - عدم تعهد در واگذاری خوابگاه | ادامه مخصوص متقاضیان بومی استان یزد | رشته محل های سهمیه بومی در رشته های کاردانی و کارشناسی دارای تعهد خدمت مورد نیاز وزارت بهداشت
37923,مهندسی بهداشت محیط,دانشگاه علوم پزشکی و خدمات بهداشتی درمانی یزد ( محل تحصیل دانشکده بهداشت ),شرایط خاص,تعهد خدمت,10,216,دانشگاه علوم پزشکی و خدمات بهداشتی درمانی یزد ( محل تحصیل دانشکده بهداشت ) - دارای تعهد خدمت دو برابر طول مدت تحصیل در مناطق مورد نیاز دانشگاه علوم پزشکی یزد - عدم تعهد در واگذاری خوابگاه | ادامه مخصوص متقاضیان بومی استان یزد | رشته محل های سهمیه بومی در رشته های کاردانی و کارشناسی دارای تعهد خدمت مورد نیاز وزارت بهداشت
37924,هوشبری,دانشگاه علوم پزشکی و خدمات بهداشتی درمانی یزد ( محل تحصیل دانشکده پیراپزشکی یزد ),شرایط خاص,تعهد خدمت,17,216,دانشگاه علوم پزشکی و خدمات بهداشتی درمانی یزد ( محل تحصیل دانشکده پیراپزشکی یزد ) - دارای تعهد خدمت دو برابر طول مدت تحصیل در مناطق مورد نیاز دانشگاه علوم پزشکی یزد - عدم تعهد در واگذاری خوابگاه | ادامه مخصوص متقاضیان بومی استان یزد | رشته محل های سهمیه بومی در رشته های کاردانی و کارشناسی دارای تعهد خدمت مورد نیاز وزارت بهداشت
37925,فوریت‌های پزشکی پیش‌بیمارستانی,دانشگاه علوم پزشکی و خدمات بهداشتی درمانی یزد ( محل تحصیل دانشکده علوم پزشکی میبد ),شرایط خاص,تعهد خدمت,5,216,دانشگاه علوم پزشکی و خدمات بهداشتی درمانی یزد ( محل تحصیل دانشکده علوم پزشکی میبد ) - دارای تعهد خدمت دو برابر طول مدت تحصیل در مناطق مورد نیاز دانشکده علوم پزشکی میبد - خوابگاه برادران ملکی و خوابگاه خواهران استیجاری | ادامه مخصوص متقاضیان بومی استان یزد | رشته محل های سهمیه بومی در رشته های کاردانی و کارشناسی دارای تعهد خدمت مورد نیاز وزارت بهداشت
37926,فوریت‌های پزشکی پیش‌بیمارستانی,دانشگاه علوم پزشکی و خدمات بهداشتی درمانی یزد ( محل تحصیل دانشکده علوم پزشکی ابرکوه ),شرایط خاص,تعهد خدمت,10,216,دانشگاه علوم پزشکی و خدمات بهداشتی درمانی یزد ( محل تحصیل دانشکده علوم پزشکی ابرکوه ) - دارای تعهد خدمت دو برابر طول مدت تحصیل در مناطق مورد نیاز دانشکده علوم پزشکی ابرکوه - خوابگاه برادران ملکی و خوابگاه خواهران استیجاری با ظرفیت محدود | ادامه مخصوص متقاضیان بومی استان یزد | رشته محل های سهمیه بومی در رشته های کاردانی و کارشناسی دارای تعهد خدمت مورد نیاز وزارت بهداشت
37927,مهندسی بهداشت حرفه ای و ایمنی کار,دانشگاه علوم پزشکی و خدمات بهداشتی درمانی یزد,شرایط خاص,تعهد خدمت,9,216,دانشگاه علوم پزشکی و خدمات بهداشتی درمانی یزد - دارای تعهد خدمت دو برابر طول مدت تحصیل در مناطق مورد نیاز دانشگاه علوم پزشکی یزد - عدم تعهد در واگذاری خوابگاه | ادامه مخصوص متقاضیان بومی استان یزد | رشته محل های سهمیه بومی در رشته های کاردانی و کارشناسی دارای تعهد خدمت مورد نیاز وزارت بهداشت
37357,پرستاری,دانشگاه علوم پزشکی و خدمات بهداشتی درمانی یزد,شرایط خاص,سهمیه بهیاران,1,217,ویژه بهیاران - معرفی به خوابگاه های خودگردان
37366,فوریت‌های پزشکی پیش‌بیمارستانی,دانشگاه علوم پزشکی و خدمات بهداشتی درمانی یزد,شرایط خاص,سهمیه بهیاران,1,217,دارای مصاحبه - ویژه بهیاران - شرایط در دفترچه « پیوست ها » - معرفی به خوابگاه های خودگردان
34056,علوم و صنایع غذایی / علوم و مهندسی صنایع غذایی,دانشگاه صنعتی اصفهان,شرایط خاص,عادی,9,227,عدم تعهد در واگذاری خوابگاه
35897,شیمی کاربردی,دانشگاه صنعتی اصفهان,شرایط خاص,عادی,6,227,عدم تعهد در واگذاری خوابگاه
35898,شیمی محض,دانشگاه صنعتی اصفهان,شرایط خاص,عادی,6,227,عدم تعهد در واگذاری خوابگاه
34080,میکروبیولوژی,دانشگاه تهران,شرایط خاص,عادی,20,232,No special admission criterion; hostel noncommitment is not service commitment
12946,شیمی محض,دانشکده کشاورزی و دامپروری تربت جام,عادی,شرایط خاص,2,246,دارای مصاحبه - بورس کارخانه فراورده های پروتئینی فولیا تربت جام - شرایط در دفترچه « پیوست ها » - فاقد خوابگاه
34119,زیست‌شناسی سلولی و مولکولی,دانشگاه صنعتی خاتم االنبیاء(ص) بهبهان,شرایط خاص,عادی,2,250,عدم تعهد در واگذاری خوابگاه
34120,میکروبیولوژی,دانشگاه صنعتی خاتم االنبیاء(ص) بهبهان,شرایط خاص,عادی,2,250,عدم تعهد در واگذاری خوابگاه
36183,شیمی کاربردی,دانشگاه صنعتی خاتم االنبیاء(ص) بهبهان,شرایط خاص,عادی,1,250,عدم تعهد در واگذاری خوابگاه
13732,زیست‌شناسی گیاهی,دانشگاه صنعتی خاتم االنبیاء(ص) بهبهان,شرایط خاص,عادی,2,251,عدم تعهد در واگذاری خوابگاه
14317,زیست‌شناسی جانوری,دانشگاه سمنان,شرایط خاص,عادی,10,254,محل تحصیل پردیس فرزانگان سمنان ( ویژه خواهران )
14318,زیست‌شناسی سلولی و مولکولی,دانشگاه سمنان,شرایط خاص,عادی,20,254,محل تحصیل پردیس فرزانگان سمنان ( ویژه خواهران )
14319,زیست‌شناسی جانوری,دانشگاه سمنان,شرایط خاص,عادی,5,254,محل تحصیل پردیس فرزانگان سمنان ( ویژه خواهران )
14320,زیست‌شناسی سلولی و مولکولی,دانشگاه سمنان,شرایط خاص,عادی,8,254,محل تحصیل پردیس فرزانگان سمنان ( ویژه خواهران )
14341,شیمی کاربردی,دانشگاه صنعتی شاهرود,شرایط خاص,عادی,10,255,عدم تعهد در واگذاری خوابگاه
14342,شیمی محض,دانشگاه صنعتی شاهرود,شرایط خاص,عادی,10,255,عدم تعهد در واگذاری خوابگاه
34157,زیست‌شناسی جانوری,دانشگاه گیالن - رشت,شرایط خاص,عادی,40,281,عدم تعهد در واگذاری خوابگاه
34158,زیست‌شناسی سلولی و مولکولی,دانشگاه گیالن - رشت,شرایط خاص,عادی,40,281,عدم تعهد در واگذاری خوابگاه
36422,شیمی کاربردی,دانشگاه گیالن - رشت,شرایط خاص,عادی,36,281,عدم تعهد در واگذاری خوابگاه
36423,شیمی محض,دانشگاه گیالن - رشت,شرایط خاص,عادی,36,281,عدم تعهد در واگذاری خوابگاه
17157,زیست‌شناسی گیاهی,دانشگاه گیالن - رشت,شرایط خاص,عادی,40,281,عدم تعهد در واگذاری خوابگاه
17160,علوم و صنایع غذایی / علوم و مهندسی صنایع غذایی,دانشگاه گیالن - رشت,شرایط خاص,عادی,20,281,عدم تعهد در واگذاری خوابگاه
34177,میکروبیولوژی,دانشگاه مازندران - بابلسر,شرایط خاص,عادی,30,285,محدودیت در ارائه خوابگاه
34178,میکروبیولوژی,دانشگاه مازندران - بابلسر,عادی,شرایط خاص,1,285,دارای مصاحبه - بورس شرکت صنایع غذایی بابل آب - شرایط در دفترچه « پیوست ها » - محدودیت در ارائه خوابگاه
34190,دکتری عمومی دامپزشکی,دانشگاه بوعلی سینا - همدان,شرایط خاص,عادی,5,293,عدم تعهد در واگذاری خوابگاه
18741,علوم و صنایع غذایی / علوم و مهندسی صنایع غذایی,دانشگاه بوعلی سینا - همدان,شرایط خاص,عادی,5,294,عدم تعهد در واگذاری خوابگاه
18749,علوم و صنایع غذایی / علوم و مهندسی صنایع غذایی,دانشگاه بوعلی سینا ))(محل تحصیل دانشکده صنایع غذایی بهار (ویژه خواهران,عادی,بومی,20,296,امکان مهمانی و انتقال به پردیس اصلی در شهر همدان وجود ندارد . در مدرک فارغ التحصیلی نام دانشکده صنایع غذایی بهار قید می گردد . ارائه خوابگاه به دانشجویان غیربومی - فاقد خوابگاه متأهلی
18751,شیمی کاربردی,دانشگاه بوعلی سینا (محل تحصیل مجتمع آموزش عالی فاطمیه نهاوند (ویژه خواهران),شرایط خاص,عادی,15,296,امکان مهمانی و انتقال به پردیس اصلی در شهر همدان به هیچ عنوان وجود ندارد . در مدرک فارغ التحصیلی نام مجتمع آموزش عالی فاطمیه نهاوند قید می شود . - دارای خوابگاه ملکی
36789,دکتری عمومی دامپزشکی,دانشگاه اردکان,شرایط خاص,بومی,2,300,لرستان - خرم آباد - مهمانی و انتقال دائم به سایر امکان پذیر نیست . - محدودیت در ارائه خوابگاه | مخصوص متقاضیان بومی استان محروم ایالم
36790,زیست‌فناوری,دانشگاه اردکان,شرایط خاص,بومی,1,300,ایالم | مخصوص متقاضیان بومی استان محروم ایالم
36791,میکروبیولوژی,دانشگاه اردکان,شرایط خاص,بومی,1,300,لرستان - خرم آباد - محدودیت در ارائه خوابگاه | مخصوص متقاضیان بومی استان محروم ایالم
19183,علوم آزمایشگاهی دامپزشکی,دانشگاه اردکان,شرایط خاص,بومی,1,300,ایالم | مخصوص متقاضیان بومی استان محروم ایالم
19185,علوم و صنایع غذایی / علوم و مهندسی صنایع غذایی,دانشگاه اردکان,شرایط خاص,بومی,1,300,ایالم | مخصوص متقاضیان بومی استان محروم ایالم
36792,دکتری عمومی دامپزشکی,دانشگاه اردکان,شرایط خاص,بومی,3,301,شیراز - دارای خوابگاه ملکی | مخصوص متقاضیان بومی استان محروم بوشهر
36793,زیست‌شناسی سلولی و مولکولی,دانشگاه اردکان,شرایط خاص,بومی,1,301,خلیج فارس - بوشهر | مخصوص متقاضیان بومی استان محروم بوشهر
36794,زیست‌فناوری,دانشگاه اردکان,شرایط خاص,بومی,1,301,هرمزگان - بندرعباس | مخصوص متقاضیان بومی استان محروم بوشهر
19197,زیست‌شناسی گیاهی,دانشگاه اردکان,شرایط خاص,بومی,1,301,شیراز - دارای خوابگاه ملکی | مخصوص متقاضیان بومی استان محروم بوشهر
36795,دکتری عمومی دامپزشکی,دانشگاه اردکان,شرایط خاص,بومی,1,301,شهرکرد | مخصوص متقاضیان بومی استان محروم چهارمحال و بختیاری
36796,دکتری عمومی دامپزشکی,دانشگاه اردکان,شرایط خاص,بومی,3,301,زابل | مخصوص متقاضیان بومی استان محروم سیستان و بلوچستان
19202,علوم آزمایشگاهی دامپزشکی,دانشگاه اردکان,شرایط خاص,بومی,5,301,زابل | مخصوص متقاضیان بومی استان محروم سیستان و بلوچستان دانشگاه زابل مرد زن - 3 دکتری عمومی دامپزشکی 36796 با آزمون دانشگاه سیستان و بلوچستان- زاهدان - زن - 1 روان شناسی 36924 با آزمون دانشگاه سیستان و بلوچستان- زاهدان مرد- - 1 روان شناسی 36925 با آزمون دانشگاه بجنورد- عدم تعهد در واگذاری خوابگاه مرد- - 1 مهندسی پزشکی 19200 صرفا با سوابق تحصیلی دانشگاه بجنورد- عدم تعهد در واگذاری خوابگاه - زن - 1 مهندسی پزشکی 19201 صرفا با سوابق تحصیلی
19209,زیست‌شناسی سلولی و مولکولی,دانشگاه اردکان,شرایط خاص,بومی,1,301,سیستان و بلوچستان - زاهدان | مخصوص متقاضیان بومی استان محروم سیستان و بلوچستان دانشگاه زابل مرد زن - 3 دکتری عمومی دامپزشکی 36796 با آزمون دانشگاه سیستان و بلوچستان- زاهدان - زن - 1 روان شناسی 36924 با آزمون دانشگاه سیستان و بلوچستان- زاهدان مرد- - 1 روان شناسی 36925 با آزمون دانشگاه بجنورد- عدم تعهد در واگذاری خوابگاه مرد- - 1 مهندسی پزشکی 19200 صرفا با سوابق تحصیلی دانشگاه بجنورد- عدم تعهد در واگذاری خوابگاه - زن - 1 مهندسی پزشکی 19201 صرفا با سوابق تحصیلی دانشگاه زابل مرد زن - 5 علوم آزمایشگاهی دامپزشکی 19202 صرفا با سوابق تحصیلی دانشگاه زابل - زن - 1 مهندسی تولید و ژنتیک گیاهی 19203 صرفا با سوابق تحصیلی دانشگاه زابل مرد- - 1 مهندسی تولید و ژنتیک گیاهی 19204 صرفا با سوابق تحصیلی دانشگاه زابل مرد- - 1 مهندسی صنایع مبلمان 19205 صرفا با سوابق تحصیلی دانشگاه زابل - زن - 1 مهندسی صنایع مبلمان 19206 صرفا با سوابق تحصیلی دانشگاه زابل - زن - 1 مهندسی گیاه پزشکی 19207 صرفا با سوابق تحصیلی دانشگاه زابل مرد- - 1 مهندسی گیاه پزشکی 19208 صرفا با سوابق تحصیلی
19210,زیست‌شناسی سلولی و مولکولی,دانشگاه اردکان,شرایط خاص,بومی,1,301,سیستان و بلوچستان - زاهدان | مخصوص متقاضیان بومی استان محروم سیستان و بلوچستان دانشگاه زابل مرد زن - 3 دکتری عمومی دامپزشکی 36796 با آزمون دانشگاه سیستان و بلوچستان- زاهدان - زن - 1 روان شناسی 36924 با آزمون دانشگاه سیستان و بلوچستان- زاهدان مرد- - 1 روان شناسی 36925 با آزمون دانشگاه بجنورد- عدم تعهد در واگذاری خوابگاه مرد- - 1 مهندسی پزشکی 19200 صرفا با سوابق تحصیلی دانشگاه بجنورد- عدم تعهد در واگذاری خوابگاه - زن - 1 مهندسی پزشکی 19201 صرفا با سوابق تحصیلی دانشگاه زابل مرد زن - 5 علوم آزمایشگاهی دامپزشکی 19202 صرفا با سوابق تحصیلی دانشگاه زابل - زن - 1 مهندسی تولید و ژنتیک گیاهی 19203 صرفا با سوابق تحصیلی دانشگاه زابل مرد- - 1 مهندسی تولید و ژنتیک گیاهی 19204 صرفا با سوابق تحصیلی دانشگاه زابل مرد- - 1 مهندسی صنایع مبلمان 19205 صرفا با سوابق تحصیلی دانشگاه زابل - زن - 1 مهندسی صنایع مبلمان 19206 صرفا با سوابق تحصیلی دانشگاه زابل - زن - 1 مهندسی گیاه پزشکی 19207 صرفا با سوابق تحصیلی دانشگاه زابل مرد- - 1 مهندسی گیاه پزشکی 19208 صرفا با سوابق تحصیلی دانشگاه سیستان و بلوچستان- زاهدان - زن - 1 زیست شناسی سلولی و مولکولی 19209 صرفا با سوابق تحصیلی
36797,دکتری عمومی دامپزشکی,دانشگاه اردکان,شرایط خاص,بومی,3,302,بوعلی سینا - همدان - ارائه خوابگاه با محدودیت 100 کیلومتر فاصله - فاقد خوابگاه متأهلی | مخصوص متقاضیان بومی استان محروم کردستان
36798,بهداشت مواد غذایی,دانشگاه اردکان,شرایط خاص,بومی,1,302,بوعلی سینا - همدان - ارائه خوابگاه با محدودیت 100 کیلومتر فاصله - فاقد خوابگاه متأهلی | مخصوص متقاضیان بومی استان محروم کردستان
36799,میکروبیولوژی,دانشگاه اردکان,شرایط خاص,بومی,2,302,مالیر | مخصوص متقاضیان بومی استان محروم کردستان
36800,دکتری عمومی دامپزشکی,دانشگاه اردکان,شرایط خاص,بومی,3,302,رازی - کرمانشاه | مخصوص متقاضیان بومی استان محروم کرمانشاه
19223,علوم آزمایشگاهی دامپزشکی,دانشگاه اردکان,شرایط خاص,بومی,4,302,رازی - کرمانشاه | مخصوص متقاضیان بومی استان محروم کرمانشاه دانشگاه رازی- کرمانشاه مرد زن - 3 دکتری عمومی دامپزشکی 36800 با آزمون دانشگاه کردستان- سنندج - زن - 1 گردشگری 36938 با آزمون دانشگاه کردستان- سنندج مرد - - 1 گردشگری 36939 با آزمون دانشگاه صنعتی کرمانشاه- فاقد خوابگاه مرد - - 1 مهندسی حمل و نقل ریلی 19224 صرفا با سوابق تحصیلی )دانشگاه کردستان (محل تحصیل دانشکده صنعت و معدن قروه - زن - 2 مهندسی انرژی 19228 صرفا با سوابق تحصیلی - ممنوعیت تغییر رشته و انتقالی و مهمانی به پردیس شهر سنندج در هر شرایطی )دانشگاه کردستان (محل تحصیل دانشکده صنعت و معدن قروه مرد - - 2 مهندسی انرژی 19229 صرفا با سوابق تحصیلی - ممنوعیت تغییر رشته و انتقالی و مهمانی به پردیس شهر سنندج در هر شرایطی
36801,دکتری عمومی دامپزشکی,دانشگاه اردکان,شرایط خاص,بومی,1,302,شیراز - دارای خوابگاه ملکی | مخصوص متقاضیان بومی استان محروم کهگیلویه و بویراحمد
36802,دکتری عمومی دامپزشکی,دانشگاه اردکان,شرایط خاص,بومی,2,302,شیراز - دارای خوابگاه ملکی | مخصوص متقاضیان بومی استان محروم کهگیلویه و بویراحمد دانشگاه شیراز- دارای خوابگاه ملکی - زن - 1 دکتری عمومی دامپزشکی 36801 با آزمون
36803,زیست‌شناسی سلولی و مولکولی,دانشگاه اردکان,شرایط خاص,بومی,1,302,شیراز - دارای خوابگاه ملکی | مخصوص متقاضیان بومی استان محروم کهگیلویه و بویراحمد دانشگاه شیراز- دارای خوابگاه ملکی - زن - 1 دکتری عمومی دامپزشکی 36801 با آزمون دانشگاه شیراز- دارای خوابگاه ملکی مرد- - 2 دکتری عمومی دامپزشکی 36802 با آزمون
36804,زیست‌شناسی سلولی و مولکولی,دانشگاه اردکان,شرایط خاص,بومی,1,302,شیراز - دارای خوابگاه ملکی | مخصوص متقاضیان بومی استان محروم کهگیلویه و بویراحمد دانشگاه شیراز- دارای خوابگاه ملکی - زن - 1 دکتری عمومی دامپزشکی 36801 با آزمون دانشگاه شیراز- دارای خوابگاه ملکی مرد- - 2 دکتری عمومی دامپزشکی 36802 با آزمون دانشگاه شیراز- دارای خوابگاه ملکی - زن - 1 زیست شناسی سلولی و مولکولی 36803 با آزمون
36805,زیست‌فناوری,دانشگاه اردکان,شرایط خاص,بومی,1,303,هرمزگان - بندرعباس | ادامه مخصوص متقاضیان بومی استان محروم کهگیلویه و بویراحمد
36806,زیست‌فناوری,دانشگاه اردکان,شرایط خاص,بومی,1,303,هرمزگان - بندرعباس | ادامه مخصوص متقاضیان بومی استان محروم کهگیلویه و بویراحمد
36807,دکتری عمومی دامپزشکی,دانشگاه اردکان,شرایط خاص,بومی,3,303,لرستان - خرم آباد - مهمانی و انتقال دائم به سایر امکان پذیر نیست . - محدودیت در ارائه خوابگاه | مخصوص متقاضیان بومی استان محروم لرستان
36808,زیست‌شناسی سلولی و مولکولی,دانشگاه اردکان,شرایط خاص,بومی,1,303,شهید چمران اهواز | مخصوص متقاضیان بومی استان محروم لرستان دانشگاه لرستان- خرم آباد- مهمانی و انتقال دائم به سایر مرد زن - 3 دکتری عمومی دامپزشکی 36807 با آزمون مؤسسات امکان .پذیر نیست- محدودیت در ارائه خوابگاه
36809,زیست‌فناوری,دانشگاه اردکان,شرایط خاص,بومی,1,303,اصفهان - فاقد خوابگاه | مخصوص متقاضیان بومی استان محروم لرستان دانشگاه لرستان- خرم آباد- مهمانی و انتقال دائم به سایر مرد زن - 3 دکتری عمومی دامپزشکی 36807 با آزمون مؤسسات امکان .پذیر نیست- محدودیت در ارائه خوابگاه دانشگاه شهید چمران اهواز مرد زن - 1 زیست شناسی سلولی و مولکولی 36808 با آزمون
36810,علوم و صنایع غذایی / علوم و مهندسی صنایع غذایی,دانشگاه اردکان,شرایط خاص,بومی,1,303,صنعتی اصفهان | مخصوص متقاضیان بومی استان محروم لرستان دانشگاه لرستان- خرم آباد- مهمانی و انتقال دائم به سایر مرد زن - 3 دکتری عمومی دامپزشکی 36807 با آزمون مؤسسات امکان .پذیر نیست- محدودیت در ارائه خوابگاه دانشگاه شهید چمران اهواز مرد زن - 1 زیست شناسی سلولی و مولکولی 36808 با آزمون دانشگاه اصفهان- فاقد خوابگاه مرد زن - 1 زیست فناوری 36809 با آزمون
36811,میکروبیولوژی,دانشگاه اردکان,شرایط خاص,بومی,1,303,لرستان - خرم آباد - محدودیت در ارائه خوابگاه | مخصوص متقاضیان بومی استان محروم لرستان دانشگاه لرستان- خرم آباد- مهمانی و انتقال دائم به سایر مرد زن - 3 دکتری عمومی دامپزشکی 36807 با آزمون مؤسسات امکان .پذیر نیست- محدودیت در ارائه خوابگاه دانشگاه شهید چمران اهواز مرد زن - 1 زیست شناسی سلولی و مولکولی 36808 با آزمون دانشگاه اصفهان- فاقد خوابگاه مرد زن - 1 زیست فناوری 36809 با آزمون علوم و مهندسی صنایع غذایی(این دانشگاه صنعتی اصفهان مرد زن - 1 36810 با آزمون رشته متعلق به گروه کشاورزی )است
36956,شیمی کاربردی,دانشگاه اردکان,شرایط خاص,بومی,1,303,لرستان - خرم آباد - محدودیت در ارائه خوابگاه | مخصوص متقاضیان بومی استان محروم لرستان دانشگاه لرستان- خرم آباد- مهمانی و انتقال دائم به سایر مرد زن - 3 دکتری عمومی دامپزشکی 36807 با آزمون مؤسسات امکان .پذیر نیست- محدودیت در ارائه خوابگاه دانشگاه شهید چمران اهواز مرد زن - 1 زیست شناسی سلولی و مولکولی 36808 با آزمون دانشگاه اصفهان- فاقد خوابگاه مرد زن - 1 زیست فناوری 36809 با آزمون علوم و مهندسی صنایع غذایی(این دانشگاه صنعتی اصفهان مرد زن - 1 36810 با آزمون رشته متعلق به گروه کشاورزی )است دانشگاه لرستان- خرم آباد- محدودیت در ارائه خوابگاه مرد زن - 1 میکروبیولوژی 36811 با آزمون دانشگاه لرستان- خرم آباد- محدودیت در ارائه خوابگاه مرد زن - 1 اقتصاد 36953 با آزمون دانشگاه لرستان- خرم آباد- محدودیت در ارائه خوابگاه مرد زن - 2 حسابداری 36954 با آزمون دانشگاه لرستان- خرم آباد- محدودیت در ارائه خوابگاه مرد زن - 2 روان شناسی 36955 با آزمون
36812,دکتری عمومی دامپزشکی,دانشگاه اردکان,شرایط خاص,بومی,1,303,شیراز - دارای خوابگاه ملکی | مخصوص متقاضیان بومی استان محروم هرمزگان
36813,دکتری عمومی دامپزشکی,دانشگاه اردکان,شرایط خاص,بومی,1,303,شیراز - دارای خوابگاه ملکی | مخصوص متقاضیان بومی استان محروم هرمزگان دانشگاه شیراز- دارای خوابگاه ملکی - زن - 1 دکتری عمومی دامپزشکی 36812 با آزمون
36814,زیست‌شناسی سلولی و مولکولی,دانشگاه اردکان,شرایط خاص,بومی,1,303,شیراز - دارای خوابگاه ملکی | مخصوص متقاضیان بومی استان محروم هرمزگان دانشگاه شیراز- دارای خوابگاه ملکی - زن - 1 دکتری عمومی دامپزشکی 36812 با آزمون دانشگاه شیراز- دارای خوابگاه ملکی مرد - - 1 دکتری عمومی دامپزشکی 36813 با آزمون
36815,زیست‌فناوری,دانشگاه اردکان,شرایط خاص,بومی,2,303,هرمزگان - بندرعباس | مخصوص متقاضیان بومی استان محروم هرمزگان دانشگاه شیراز- دارای خوابگاه ملکی - زن - 1 دکتری عمومی دامپزشکی 36812 با آزمون دانشگاه شیراز- دارای خوابگاه ملکی مرد - - 1 دکتری عمومی دامپزشکی 36813 با آزمون دانشگاه شیراز- دارای خوابگاه ملکی - زن - 1 زیست شناسی سلولی و مولکولی 36814 با آزمون
36816,زیست‌فناوری,دانشگاه اردکان,شرایط خاص,بومی,2,303,هرمزگان - بندرعباس | مخصوص متقاضیان بومی استان محروم هرمزگان دانشگاه شیراز- دارای خوابگاه ملکی - زن - 1 دکتری عمومی دامپزشکی 36812 با آزمون دانشگاه شیراز- دارای خوابگاه ملکی مرد - - 1 دکتری عمومی دامپزشکی 36813 با آزمون دانشگاه شیراز- دارای خوابگاه ملکی - زن - 1 زیست شناسی سلولی و مولکولی 36814 با آزمون دانشگاه هرمزگان- بندرعباس - زن - 2 زیست فناوری 36815 با آزمون
37051,زیست‌شناسی سلولی و مولکولی,دانشگاه اردکان,شرایط خاص,بومی,2,304,بیرجند | سهمیه مخصوص متقاضیان بومی مناطق درگیر بالیای طبیعی(سیل، زلزله و ...) استان خراسان جنوبی
19260,زیست‌شناسی گیاهی,دانشگاه اردکان,شرایط خاص,بومی,1,304,بیرجند | سهمیه مخصوص متقاضیان بومی مناطق درگیر بالیای طبیعی(سیل، زلزله و ...) استان خراسان جنوبی
19261,شیمی کاربردی,دانشگاه اردکان,شرایط خاص,بومی,2,305,بیرجند | ادامه سهمیه مخصوص متقاضیان بومی مناطق درگیر بالیای طبیعی(سیل، زلزله و ...) استان خراسان جنوبی
19262,شیمی محض,دانشگاه اردکان,شرایط خاص,بومی,2,305,بیرجند | ادامه سهمیه مخصوص متقاضیان بومی مناطق درگیر بالیای طبیعی(سیل، زلزله و ...) استان خراسان جنوبی
37052,دکتری عمومی دامپزشکی,دانشگاه اردکان,شرایط خاص,بومی,2,305,شهید چمران اهواز | سهمیه مخصوص متقاضیان بومی مناطق درگیر بالیای طبیعی(سیل، زلزله و ...) استان خوزستان
37053,زیست‌شناسی سلولی و مولکولی,دانشگاه اردکان,شرایط خاص,بومی,2,305,شهید چمران اهواز | سهمیه مخصوص متقاضیان بومی مناطق درگیر بالیای طبیعی(سیل، زلزله و ...) استان خوزستان دانشگاه شهید چمران اهواز مرد زن - 2 دکتری عمومی دامپزشکی 37052 با آزمون
37054,زیست‌شناسی سلولی و مولکولی,دانشگاه اردکان,شرایط خاص,بومی,2,305,صنعتی خاتم االنبیاء ( ص ) بهبهان - دارای خوابگاه ملکی | سهمیه مخصوص متقاضیان بومی مناطق درگیر بالیای طبیعی(سیل، زلزله و ...) استان خوزستان دانشگاه شهید چمران اهواز مرد زن - 2 دکتری عمومی دامپزشکی 37052 با آزمون دانشگاه شهید چمران اهواز مرد زن - 2 زیست شناسی سلولی و مولکولی 37053 با آزمون
37055,زیست‌شناسی سلولی و مولکولی,دانشگاه اردکان,شرایط خاص,بومی,2,305,علوم و فنون دریایی خرمشهر | سهمیه مخصوص متقاضیان بومی مناطق درگیر بالیای طبیعی(سیل، زلزله و ...) استان خوزستان دانشگاه شهید چمران اهواز مرد زن - 2 دکتری عمومی دامپزشکی 37052 با آزمون دانشگاه شهید چمران اهواز مرد زن - 2 زیست شناسی سلولی و مولکولی 37053 با آزمون دانشگاه صنعتی خاتم االنبیاء(ص) بهبهان- دارای خوابگاه ملکی مرد زن - 2 زیست شناسی سلولی و مولکولی 37054 با آزمون
37056,میکروبیولوژی,دانشگاه اردکان,شرایط خاص,بومی,2,305,شهید چمران اهواز | سهمیه مخصوص متقاضیان بومی مناطق درگیر بالیای طبیعی(سیل، زلزله و ...) استان خوزستان دانشگاه شهید چمران اهواز مرد زن - 2 دکتری عمومی دامپزشکی 37052 با آزمون دانشگاه شهید چمران اهواز مرد زن - 2 زیست شناسی سلولی و مولکولی 37053 با آزمون دانشگاه صنعتی خاتم االنبیاء(ص) بهبهان- دارای خوابگاه ملکی مرد زن - 2 زیست شناسی سلولی و مولکولی 37054 با آزمون دانشگاه علوم و فنون دریایی خرمشهر مرد زن - 2 زیست شناسی سلولی و مولکولی 37055 با آزمون
37057,میکروبیولوژی,دانشگاه اردکان,شرایط خاص,بومی,2,305,صنعتی خاتم االنبیاء ( ص ) بهبهان - دارای خوابگاه ملکی | سهمیه مخصوص متقاضیان بومی مناطق درگیر بالیای طبیعی(سیل، زلزله و ...) استان خوزستان دانشگاه شهید چمران اهواز مرد زن - 2 دکتری عمومی دامپزشکی 37052 با آزمون دانشگاه شهید چمران اهواز مرد زن - 2 زیست شناسی سلولی و مولکولی 37053 با آزمون دانشگاه صنعتی خاتم االنبیاء(ص) بهبهان- دارای خوابگاه ملکی مرد زن - 2 زیست شناسی سلولی و مولکولی 37054 با آزمون دانشگاه علوم و فنون دریایی خرمشهر مرد زن - 2 زیست شناسی سلولی و مولکولی 37055 با آزمون دانشگاه شهید چمران اهواز مرد زن - 2 میکروبیولوژی 37056 با آزمون
37138,شیمی کاربردی,دانشگاه اردکان,شرایط خاص,بومی,1,305,شهید چمران اهواز | سهمیه مخصوص متقاضیان بومی مناطق درگیر بالیای طبیعی(سیل، زلزله و ...) استان خوزستان دانشگاه شهید چمران اهواز مرد زن - 2 دکتری عمومی دامپزشکی 37052 با آزمون دانشگاه شهید چمران اهواز مرد زن - 2 زیست شناسی سلولی و مولکولی 37053 با آزمون دانشگاه صنعتی خاتم االنبیاء(ص) بهبهان- دارای خوابگاه ملکی مرد زن - 2 زیست شناسی سلولی و مولکولی 37054 با آزمون دانشگاه علوم و فنون دریایی خرمشهر مرد زن - 2 زیست شناسی سلولی و مولکولی 37055 با آزمون دانشگاه شهید چمران اهواز مرد زن - 2 میکروبیولوژی 37056 با آزمون دانشگاه صنعتی خاتم االنبیاء(ص) بهبهان- دارای خوابگاه ملکی مرد زن - 2 میکروبیولوژی 37057 با آزمون دانشگاه شهید چمران اهواز مرد زن - 1 اقتصاد 37134 با آزمون دانشگاه علوم و فنون دریایی خرمشهر مرد زن - 1 اقتصاد 37135 با آزمون دانشگاه شهید چمران اهواز مرد زن - 1 حسابداری 37136 با آزمون دانشگاه شهید چمران اهواز مرد زن - 1 روان شناسی 37137 با آزمون
37139,شیمی کاربردی,دانشگاه اردکان,شرایط خاص,بومی,1,305,صنعتی جندی شاپور - دزفول | سهمیه مخصوص متقاضیان بومی مناطق درگیر بالیای طبیعی(سیل، زلزله و ...) استان خوزستان دانشگاه شهید چمران اهواز مرد زن - 2 دکتری عمومی دامپزشکی 37052 با آزمون دانشگاه شهید چمران اهواز مرد زن - 2 زیست شناسی سلولی و مولکولی 37053 با آزمون دانشگاه صنعتی خاتم االنبیاء(ص) بهبهان- دارای خوابگاه ملکی مرد زن - 2 زیست شناسی سلولی و مولکولی 37054 با آزمون دانشگاه علوم و فنون دریایی خرمشهر مرد زن - 2 زیست شناسی سلولی و مولکولی 37055 با آزمون دانشگاه شهید چمران اهواز مرد زن - 2 میکروبیولوژی 37056 با آزمون دانشگاه صنعتی خاتم االنبیاء(ص) بهبهان- دارای خوابگاه ملکی مرد زن - 2 میکروبیولوژی 37057 با آزمون دانشگاه شهید چمران اهواز مرد زن - 1 اقتصاد 37134 با آزمون دانشگاه علوم و فنون دریایی خرمشهر مرد زن - 1 اقتصاد 37135 با آزمون دانشگاه شهید چمران اهواز مرد زن - 1 حسابداری 37136 با آزمون دانشگاه شهید چمران اهواز مرد زن - 1 روان شناسی 37137 با آزمون دانشگاه شهید چمران اهواز مرد زن - 1 شیمی کاربردی 37138 با آزمون
37140,شیمی کاربردی,دانشگاه اردکان,شرایط خاص,بومی,1,305,صنعتی خاتم االنبیاء ( ص ) بهبهان - دارای خوابگاه ملکی | سهمیه مخصوص متقاضیان بومی مناطق درگیر بالیای طبیعی(سیل، زلزله و ...) استان خوزستان دانشگاه شهید چمران اهواز مرد زن - 2 دکتری عمومی دامپزشکی 37052 با آزمون دانشگاه شهید چمران اهواز مرد زن - 2 زیست شناسی سلولی و مولکولی 37053 با آزمون دانشگاه صنعتی خاتم االنبیاء(ص) بهبهان- دارای خوابگاه ملکی مرد زن - 2 زیست شناسی سلولی و مولکولی 37054 با آزمون دانشگاه علوم و فنون دریایی خرمشهر مرد زن - 2 زیست شناسی سلولی و مولکولی 37055 با آزمون دانشگاه شهید چمران اهواز مرد زن - 2 میکروبیولوژی 37056 با آزمون دانشگاه صنعتی خاتم االنبیاء(ص) بهبهان- دارای خوابگاه ملکی مرد زن - 2 میکروبیولوژی 37057 با آزمون دانشگاه شهید چمران اهواز مرد زن - 1 اقتصاد 37134 با آزمون دانشگاه علوم و فنون دریایی خرمشهر مرد زن - 1 اقتصاد 37135 با آزمون دانشگاه شهید چمران اهواز مرد زن - 1 حسابداری 37136 با آزمون دانشگاه شهید چمران اهواز مرد زن - 1 روان شناسی 37137 با آزمون دانشگاه شهید چمران اهواز مرد زن - 1 شیمی کاربردی 37138 با آزمون دانشگاه صنعتی جندی شاپور- دزفول مرد زن - 1 شیمی کاربردی 37139 با آزمون
37141,شیمی محض,دانشگاه اردکان,شرایط خاص,بومی,1,305,شهید چمران اهواز | سهمیه مخصوص متقاضیان بومی مناطق درگیر بالیای طبیعی(سیل، زلزله و ...) استان خوزستان دانشگاه شهید چمران اهواز مرد زن - 2 دکتری عمومی دامپزشکی 37052 با آزمون دانشگاه شهید چمران اهواز مرد زن - 2 زیست شناسی سلولی و مولکولی 37053 با آزمون دانشگاه صنعتی خاتم االنبیاء(ص) بهبهان- دارای خوابگاه ملکی مرد زن - 2 زیست شناسی سلولی و مولکولی 37054 با آزمون دانشگاه علوم و فنون دریایی خرمشهر مرد زن - 2 زیست شناسی سلولی و مولکولی 37055 با آزمون دانشگاه شهید چمران اهواز مرد زن - 2 میکروبیولوژی 37056 با آزمون دانشگاه صنعتی خاتم االنبیاء(ص) بهبهان- دارای خوابگاه ملکی مرد زن - 2 میکروبیولوژی 37057 با آزمون دانشگاه شهید چمران اهواز مرد زن - 1 اقتصاد 37134 با آزمون دانشگاه علوم و فنون دریایی خرمشهر مرد زن - 1 اقتصاد 37135 با آزمون دانشگاه شهید چمران اهواز مرد زن - 1 حسابداری 37136 با آزمون دانشگاه شهید چمران اهواز مرد زن - 1 روان شناسی 37137 با آزمون دانشگاه شهید چمران اهواز مرد زن - 1 شیمی کاربردی 37138 با آزمون دانشگاه صنعتی جندی شاپور- دزفول مرد زن - 1 شیمی کاربردی 37139 با آزمون دانشگاه صنعتی خاتم االنبیاء(ص) بهبهان- دارای خوابگاه ملکی مرد زن - 1 شیمی کاربردی 37140 با آزمون
19285,زیست‌شناسی جانوری,دانشگاه اردکان,شرایط خاص,بومی,2,305,شهید چمران اهواز | سهمیه مخصوص متقاضیان بومی مناطق درگیر بالیای طبیعی(سیل، زلزله و ...) استان خوزستان دانشگاه شهید چمران اهواز مرد زن - 2 دکتری عمومی دامپزشکی 37052 با آزمون دانشگاه شهید چمران اهواز مرد زن - 2 زیست شناسی سلولی و مولکولی 37053 با آزمون دانشگاه صنعتی خاتم االنبیاء(ص) بهبهان- دارای خوابگاه ملکی مرد زن - 2 زیست شناسی سلولی و مولکولی 37054 با آزمون دانشگاه علوم و فنون دریایی خرمشهر مرد زن - 2 زیست شناسی سلولی و مولکولی 37055 با آزمون دانشگاه شهید چمران اهواز مرد زن - 2 میکروبیولوژی 37056 با آزمون دانشگاه صنعتی خاتم االنبیاء(ص) بهبهان- دارای خوابگاه ملکی مرد زن - 2 میکروبیولوژی 37057 با آزمون دانشگاه شهید چمران اهواز مرد زن - 1 اقتصاد 37134 با آزمون دانشگاه علوم و فنون دریایی خرمشهر مرد زن - 1 اقتصاد 37135 با آزمون دانشگاه شهید چمران اهواز مرد زن - 1 حسابداری 37136 با آزمون دانشگاه شهید چمران اهواز مرد زن - 1 روان شناسی 37137 با آزمون دانشگاه شهید چمران اهواز مرد زن - 1 شیمی کاربردی 37138 با آزمون دانشگاه صنعتی جندی شاپور- دزفول مرد زن - 1 شیمی کاربردی 37139 با آزمون دانشگاه صنعتی خاتم االنبیاء(ص) بهبهان- دارای خوابگاه ملکی مرد زن - 1 شیمی کاربردی 37140 با آزمون دانشگاه شهید چمران اهواز مرد زن 1 - شیمی محض 37141 با آزمون دانشگاه شهید چمران اهواز مرد- - 1 علوم ورزشی 37142 با آزمون دانشگاه شهید چمران اهواز - زن - 1 علوم ورزشی 37143 با آزمون دانشگاه شهید چمران اهواز مرد زن - 1 مدیریت بازرگانی 37144 با آزمون دانشگاه علوم و فنون دریایی خرمشهر مرد زن - 1 مدیریت بازرگانی 37145 با آزمون دانشگاه شهید چمران اهواز مرد زن - 2 آمار 19283 صرفا با سوابق تحصیلی دانشگاه صنعتی خاتم االنبیاء(ص) بهبهان- دارای خوابگاه ملکی مرد زن - 1 آمار 19294 صرفا با سوابق تحصیلی دانشگاه علوم کشاورزی و منابع طبیعی خوزستان- مالثانی اهواز مرد زن - 2 مهندسی مکانیزاسیون کشاورزی 19297 صرفا با سوابق تحصیلی مهندسی مکانیک بیوسیستم (این رشته دانشگاه علوم کشاورزی و منابع طبیعی خوزستان- مالثانی اهواز مرد زن - 2 19298 صرفا با سوابق تحصیلی )متعلق به گروه کشاورزی است دانشگاه علوم و فنون دریایی خرمشهر مرد زن - 2 مهندسی دریا 19307 صرفا با سوابق تحصیلی دانشگاه علوم و فنون دریایی خرمشهر مرد- - 2 مهندسی ماشین آالت دریایی 19308 صرفا با سوابق تحصیلی
19286,زیست‌شناسی گیاهی,دانشگاه اردکان,شرایط خاص,بومی,1,305,شهید چمران اهواز | سهمیه مخصوص متقاضیان بومی مناطق درگیر بالیای طبیعی(سیل، زلزله و ...) استان خوزستان دانشگاه شهید چمران اهواز مرد زن - 2 دکتری عمومی دامپزشکی 37052 با آزمون دانشگاه شهید چمران اهواز مرد زن - 2 زیست شناسی سلولی و مولکولی 37053 با آزمون دانشگاه صنعتی خاتم االنبیاء(ص) بهبهان- دارای خوابگاه ملکی مرد زن - 2 زیست شناسی سلولی و مولکولی 37054 با آزمون دانشگاه علوم و فنون دریایی خرمشهر مرد زن - 2 زیست شناسی سلولی و مولکولی 37055 با آزمون دانشگاه شهید چمران اهواز مرد زن - 2 میکروبیولوژی 37056 با آزمون دانشگاه صنعتی خاتم االنبیاء(ص) بهبهان- دارای خوابگاه ملکی مرد زن - 2 میکروبیولوژی 37057 با آزمون دانشگاه شهید چمران اهواز مرد زن - 1 اقتصاد 37134 با آزمون دانشگاه علوم و فنون دریایی خرمشهر مرد زن - 1 اقتصاد 37135 با آزمون دانشگاه شهید چمران اهواز مرد زن - 1 حسابداری 37136 با آزمون دانشگاه شهید چمران اهواز مرد زن - 1 روان شناسی 37137 با آزمون دانشگاه شهید چمران اهواز مرد زن - 1 شیمی کاربردی 37138 با آزمون دانشگاه صنعتی جندی شاپور- دزفول مرد زن - 1 شیمی کاربردی 37139 با آزمون دانشگاه صنعتی خاتم االنبیاء(ص) بهبهان- دارای خوابگاه ملکی مرد زن - 1 شیمی کاربردی 37140 با آزمون دانشگاه شهید چمران اهواز مرد زن 1 - شیمی محض 37141 با آزمون دانشگاه شهید چمران اهواز مرد- - 1 علوم ورزشی 37142 با آزمون دانشگاه شهید چمران اهواز - زن - 1 علوم ورزشی 37143 با آزمون دانشگاه شهید چمران اهواز مرد زن - 1 مدیریت بازرگانی 37144 با آزمون دانشگاه علوم و فنون دریایی خرمشهر مرد زن - 1 مدیریت بازرگانی 37145 با آزمون دانشگاه شهید چمران اهواز مرد زن - 2 آمار 19283 صرفا با سوابق تحصیلی دانشگاه صنعتی خاتم االنبیاء(ص) بهبهان- دارای خوابگاه ملکی مرد زن - 1 آمار 19294 صرفا با سوابق تحصیلی دانشگاه علوم کشاورزی و منابع طبیعی خوزستان- مالثانی اهواز مرد زن - 2 مهندسی مکانیزاسیون کشاورزی 19297 صرفا با سوابق تحصیلی مهندسی مکانیک بیوسیستم (این رشته دانشگاه علوم کشاورزی و منابع طبیعی خوزستان- مالثانی اهواز مرد زن - 2 19298 صرفا با سوابق تحصیلی )متعلق به گروه کشاورزی است دانشگاه علوم و فنون دریایی خرمشهر مرد زن - 2 مهندسی دریا 19307 صرفا با سوابق تحصیلی دانشگاه علوم و فنون دریایی خرمشهر مرد- - 2 مهندسی ماشین آالت دریایی 19308 صرفا با سوابق تحصیلی
19295,زیست‌شناسی گیاهی,دانشگاه اردکان,شرایط خاص,بومی,1,305,صنعتی خاتم االنبیاء ( ص ) بهبهان - دارای خوابگاه ملکی | سهمیه مخصوص متقاضیان بومی مناطق درگیر بالیای طبیعی(سیل، زلزله و ...) استان خوزستان دانشگاه شهید چمران اهواز مرد زن - 2 دکتری عمومی دامپزشکی 37052 با آزمون دانشگاه شهید چمران اهواز مرد زن - 2 زیست شناسی سلولی و مولکولی 37053 با آزمون دانشگاه صنعتی خاتم االنبیاء(ص) بهبهان- دارای خوابگاه ملکی مرد زن - 2 زیست شناسی سلولی و مولکولی 37054 با آزمون دانشگاه علوم و فنون دریایی خرمشهر مرد زن - 2 زیست شناسی سلولی و مولکولی 37055 با آزمون دانشگاه شهید چمران اهواز مرد زن - 2 میکروبیولوژی 37056 با آزمون دانشگاه صنعتی خاتم االنبیاء(ص) بهبهان- دارای خوابگاه ملکی مرد زن - 2 میکروبیولوژی 37057 با آزمون دانشگاه شهید چمران اهواز مرد زن - 1 اقتصاد 37134 با آزمون دانشگاه علوم و فنون دریایی خرمشهر مرد زن - 1 اقتصاد 37135 با آزمون دانشگاه شهید چمران اهواز مرد زن - 1 حسابداری 37136 با آزمون دانشگاه شهید چمران اهواز مرد زن - 1 روان شناسی 37137 با آزمون دانشگاه شهید چمران اهواز مرد زن - 1 شیمی کاربردی 37138 با آزمون دانشگاه صنعتی جندی شاپور- دزفول مرد زن - 1 شیمی کاربردی 37139 با آزمون دانشگاه صنعتی خاتم االنبیاء(ص) بهبهان- دارای خوابگاه ملکی مرد زن - 1 شیمی کاربردی 37140 با آزمون دانشگاه شهید چمران اهواز مرد زن 1 - شیمی محض 37141 با آزمون دانشگاه شهید چمران اهواز مرد- - 1 علوم ورزشی 37142 با آزمون دانشگاه شهید چمران اهواز - زن - 1 علوم ورزشی 37143 با آزمون دانشگاه شهید چمران اهواز مرد زن - 1 مدیریت بازرگانی 37144 با آزمون دانشگاه علوم و فنون دریایی خرمشهر مرد زن - 1 مدیریت بازرگانی 37145 با آزمون دانشگاه شهید چمران اهواز مرد زن - 2 آمار 19283 صرفا با سوابق تحصیلی دانشگاه صنعتی خاتم االنبیاء(ص) بهبهان- دارای خوابگاه ملکی مرد زن - 1 آمار 19294 صرفا با سوابق تحصیلی دانشگاه علوم کشاورزی و منابع طبیعی خوزستان- مالثانی اهواز مرد زن - 2 مهندسی مکانیزاسیون کشاورزی 19297 صرفا با سوابق تحصیلی مهندسی مکانیک بیوسیستم (این رشته دانشگاه علوم کشاورزی و منابع طبیعی خوزستان- مالثانی اهواز مرد زن - 2 19298 صرفا با سوابق تحصیلی )متعلق به گروه کشاورزی است دانشگاه علوم و فنون دریایی خرمشهر مرد زن - 2 مهندسی دریا 19307 صرفا با سوابق تحصیلی دانشگاه علوم و فنون دریایی خرمشهر مرد- - 2 مهندسی ماشین آالت دریایی 19308 صرفا با سوابق تحصیلی دانشگاه شهید چمران اهواز مرد زن - 1 زمین شناسی 19284 صرفا با سوابق تحصیلی دانشگاه شهید چمران اهواز مرد زن - 2 زیست شناسی جانوری 19285 صرفا با سوابق تحصیلی دانشگاه شهید چمران اهواز مرد زن - 1 زیست شناسی گیاهی 19286 صرفا با سوابق تحصیلی دانشگاه شهید چمران اهواز مرد زن - 2 علوم و مهندسی باغبانی 19287 صرفا با سوابق تحصیلی دانشگاه شهید چمران اهواز مرد زن - 1 علوم و مهندسی خاک 19288 صرفا با سوابق تحصیلی دانشگاه شهید چمران اهواز مرد زن - 1 مهندسی تولید و ژنتیک گیاهی 19289 صرفا با سوابق تحصیلی دانشگاه شهید چمران اهواز مرد زن - 1 مهندسی گیاه پزشکی 19290 صرفا با سوابق تحصیلی
19301,علوم و صنایع غذایی / علوم و مهندسی صنایع غذایی,دانشگاه اردکان,شرایط خاص,بومی,2,305,علوم کشاورزی و منابع طبیعی خوزستان - مالثانی اهواز | سهمیه مخصوص متقاضیان بومی مناطق درگیر بالیای طبیعی(سیل، زلزله و ...) استان خوزستان دانشگاه شهید چمران اهواز مرد زن - 2 دکتری عمومی دامپزشکی 37052 با آزمون دانشگاه شهید چمران اهواز مرد زن - 2 زیست شناسی سلولی و مولکولی 37053 با آزمون دانشگاه صنعتی خاتم االنبیاء(ص) بهبهان- دارای خوابگاه ملکی مرد زن - 2 زیست شناسی سلولی و مولکولی 37054 با آزمون دانشگاه علوم و فنون دریایی خرمشهر مرد زن - 2 زیست شناسی سلولی و مولکولی 37055 با آزمون دانشگاه شهید چمران اهواز مرد زن - 2 میکروبیولوژی 37056 با آزمون دانشگاه صنعتی خاتم االنبیاء(ص) بهبهان- دارای خوابگاه ملکی مرد زن - 2 میکروبیولوژی 37057 با آزمون دانشگاه شهید چمران اهواز مرد زن - 1 اقتصاد 37134 با آزمون دانشگاه علوم و فنون دریایی خرمشهر مرد زن - 1 اقتصاد 37135 با آزمون دانشگاه شهید چمران اهواز مرد زن - 1 حسابداری 37136 با آزمون دانشگاه شهید چمران اهواز مرد زن - 1 روان شناسی 37137 با آزمون دانشگاه شهید چمران اهواز مرد زن - 1 شیمی کاربردی 37138 با آزمون دانشگاه صنعتی جندی شاپور- دزفول مرد زن - 1 شیمی کاربردی 37139 با آزمون دانشگاه صنعتی خاتم االنبیاء(ص) بهبهان- دارای خوابگاه ملکی مرد زن - 1 شیمی کاربردی 37140 با آزمون دانشگاه شهید چمران اهواز مرد زن 1 - شیمی محض 37141 با آزمون دانشگاه شهید چمران اهواز مرد- - 1 علوم ورزشی 37142 با آزمون دانشگاه شهید چمران اهواز - زن - 1 علوم ورزشی 37143 با آزمون دانشگاه شهید چمران اهواز مرد زن - 1 مدیریت بازرگانی 37144 با آزمون دانشگاه علوم و فنون دریایی خرمشهر مرد زن - 1 مدیریت بازرگانی 37145 با آزمون دانشگاه شهید چمران اهواز مرد زن - 2 آمار 19283 صرفا با سوابق تحصیلی دانشگاه صنعتی خاتم االنبیاء(ص) بهبهان- دارای خوابگاه ملکی مرد زن - 1 آمار 19294 صرفا با سوابق تحصیلی دانشگاه علوم کشاورزی و منابع طبیعی خوزستان- مالثانی اهواز مرد زن - 2 مهندسی مکانیزاسیون کشاورزی 19297 صرفا با سوابق تحصیلی مهندسی مکانیک بیوسیستم (این رشته دانشگاه علوم کشاورزی و منابع طبیعی خوزستان- مالثانی اهواز مرد زن - 2 19298 صرفا با سوابق تحصیلی )متعلق به گروه کشاورزی است دانشگاه علوم و فنون دریایی خرمشهر مرد زن - 2 مهندسی دریا 19307 صرفا با سوابق تحصیلی دانشگاه علوم و فنون دریایی خرمشهر مرد- - 2 مهندسی ماشین آالت دریایی 19308 صرفا با سوابق تحصیلی دانشگاه شهید چمران اهواز مرد زن - 1 زمین شناسی 19284 صرفا با سوابق تحصیلی دانشگاه شهید چمران اهواز مرد زن - 2 زیست شناسی جانوری 19285 صرفا با سوابق تحصیلی دانشگاه شهید چمران اهواز مرد زن - 1 زیست شناسی گیاهی 19286 صرفا با سوابق تحصیلی دانشگاه شهید چمران اهواز مرد زن - 2 علوم و مهندسی باغبانی 19287 صرفا با سوابق تحصیلی دانشگاه شهید چمران اهواز مرد زن - 1 علوم و مهندسی خاک 19288 صرفا با سوابق تحصیلی دانشگاه شهید چمران اهواز مرد زن - 1 مهندسی تولید و ژنتیک گیاهی 19289 صرفا با سوابق تحصیلی دانشگاه شهید چمران اهواز مرد زن - 1 مهندسی گیاه پزشکی 19290 صرفا با سوابق تحصیلی دانشگاه صنعتی خاتم االنبیاء(ص) بهبهان- دارای خوابگاه ملکی مرد زن - 1 زیست شناسی گیاهی 19295 صرفا با سوابق تحصیلی دانشگاه صنعتی خاتم االنبیاء(ص) بهبهان- دارای خوابگاه ملکی مرد زن - 2 علوم و مهندسی شیالت 19296 صرفا با سوابق تحصیلی دانشگاه علوم کشاورزی و منابع طبیعی خوزستان- مالثانی اهواز مرد زن - 1 علوم و مهندسی باغبانی 19299 صرفا با سوابق تحصیلی دانشگاه علوم کشاورزی و منابع طبیعی خوزستان- مالثانی اهواز مرد زن - 1 علوم و مهندسی خاک 19300 صرفا با سوابق تحصیلی
19311,شیمی محض,دانشگاه اردکان,شرایط خاص,بومی,2,306,علوم و فنون دریایی خرمشهر | ادامه سهمیه مخصوص متقاضیان بومی مناطق درگیر بالیای طبیعی(سیل، زلزله و ...) استان خوزستان
37058,دکتری عمومی دامپزشکی,دانشگاه اردکان,شرایط خاص,بومی,1,306,سمنان | سهمیه مخصوص متقاضیان بومی مناطق درگیر بالیای طبیعی(سیل، زلزله و ...) استان سمنان
37059,زیست‌شناسی سلولی و مولکولی,دانشگاه اردکان,شرایط خاص,بومی,2,306,سمنان | سهمیه مخصوص متقاضیان بومی مناطق درگیر بالیای طبیعی(سیل، زلزله و ...) استان سمنان دانشگاه سمنان مرد زن - 1 دکتری عمومی دامپزشکی 37058 با آزمون
19314,زیست‌شناسی جانوری,دانشگاه اردکان,شرایط خاص,بومی,1,306,دامغان - دارای خوابگاه ملکی | سهمیه مخصوص متقاضیان بومی مناطق درگیر بالیای طبیعی(سیل، زلزله و ...) استان سمنان دانشگاه سمنان مرد زن - 1 دکتری عمومی دامپزشکی 37058 با آزمون دانشگاه سمنان مرد زن - 2 زیست شناسی سلولی و مولکولی 37059 با آزمون دانشگاه دامغان- دارای خوابگاه ملکی مرد زن - 1 اقتصاد 37146 با آزمون دانشگاه سمنان مرد زن - 1 حسابداری 37147 با آزمون دانشگاه سمنان (محل تحصیل دانشکده روان شناسی و علوم مرد زن - 1 روان شناسی 37148 با آزمون )تربیتی مهدی شهر دانشگاه سمنان مرد - - 1 علوم ورزشی 37149 با آزمون دانشگاه سمنان - زن - 1 علوم ورزشی 37150 با آزمون دانشگاه سمنان مرد زن - 1 گردشگری 37151 با آزمون دانشگاه سمنان (محل تحصیل پردیس فرزانگان سمنان(ویژه ))خواهران - زن - 1 مددکاری اجتماعی 37152 با آزمون دانشگاه سمنان مرد زن - 1 مدیریت بازرگانی 37153 با آزمون دانشگاه سمنان مرد زن - 1 مدیریت دولتی 37154 با آزمون دانشگاه سمنان مرد زن - 1 مدیریت صنعتی 37155 با آزمون دانشگاه صنعتی شاهرود- خوابگاه حداکثر8 نیمسال مرد زن - 1 مدیریت صنعتی 37156 با آزمون دانشگاه صنعتی شاهرود- خوابگاه حداکثر8 نیمسال مرد زن - 1 مدیریت مالی 37157 با آزمون دانشگاه سمنان مرد زن - 1 هتلداری 37158 با آزمون دانشگاه صنعتی شاهرود- خوابگاه حداکثر8 نیمسال مرد زن - 2 آمار 19322 صرفا با سوابق تحصیلی دانشگاه صنعتی شاهرود- خوابگاه حداکثر8 نیمسال مرد زن - 2 علوم کامپیوتر 19323 صرفا با سوابق تحصیلی دانشگاه صنعتی شاهرود- خوابگاه حداکثر8 نیمسال مرد زن - 1 علوم و مهندسی آب 19324 صرفا با سوابق تحصیلی دانشگاه صنعتی شاهرود- خوابگاه حداکثر8 نیمسال مرد زن - 2 مهندسی معدن 19325 صرفا با سوابق تحصیلی مهندسی مکانیک بیوسیستم (این رشته دانشگاه صنعتی شاهرود- خوابگاه حداکثر8 نیمسال مرد زن - 2 19326 صرفا با سوابق تحصیلی )متعلق به گروه کشاورزی است دانشگاه ملی مهارت- آموزشکده دختران سمنان - زن 1 - مهندسی حرفه ای معماری 19331 صرفا با سوابق تحصیلی دانشگاه دامغان- دارای خوابگاه ملکی مرد زن - 1 زمین شناسی 19313 صرفا با سوابق تحصیلی
19315,زیست‌شناسی گیاهی,دانشگاه اردکان,شرایط خاص,بومی,1,306,دامغان - دارای خوابگاه ملکی | سهمیه مخصوص متقاضیان بومی مناطق درگیر بالیای طبیعی(سیل، زلزله و ...) استان سمنان دانشگاه سمنان مرد زن - 1 دکتری عمومی دامپزشکی 37058 با آزمون دانشگاه سمنان مرد زن - 2 زیست شناسی سلولی و مولکولی 37059 با آزمون دانشگاه دامغان- دارای خوابگاه ملکی مرد زن - 1 اقتصاد 37146 با آزمون دانشگاه سمنان مرد زن - 1 حسابداری 37147 با آزمون دانشگاه سمنان (محل تحصیل دانشکده روان شناسی و علوم مرد زن - 1 روان شناسی 37148 با آزمون )تربیتی مهدی شهر دانشگاه سمنان مرد - - 1 علوم ورزشی 37149 با آزمون دانشگاه سمنان - زن - 1 علوم ورزشی 37150 با آزمون دانشگاه سمنان مرد زن - 1 گردشگری 37151 با آزمون دانشگاه سمنان (محل تحصیل پردیس فرزانگان سمنان(ویژه ))خواهران - زن - 1 مددکاری اجتماعی 37152 با آزمون دانشگاه سمنان مرد زن - 1 مدیریت بازرگانی 37153 با آزمون دانشگاه سمنان مرد زن - 1 مدیریت دولتی 37154 با آزمون دانشگاه سمنان مرد زن - 1 مدیریت صنعتی 37155 با آزمون دانشگاه صنعتی شاهرود- خوابگاه حداکثر8 نیمسال مرد زن - 1 مدیریت صنعتی 37156 با آزمون دانشگاه صنعتی شاهرود- خوابگاه حداکثر8 نیمسال مرد زن - 1 مدیریت مالی 37157 با آزمون دانشگاه سمنان مرد زن - 1 هتلداری 37158 با آزمون دانشگاه صنعتی شاهرود- خوابگاه حداکثر8 نیمسال مرد زن - 2 آمار 19322 صرفا با سوابق تحصیلی دانشگاه صنعتی شاهرود- خوابگاه حداکثر8 نیمسال مرد زن - 2 علوم کامپیوتر 19323 صرفا با سوابق تحصیلی دانشگاه صنعتی شاهرود- خوابگاه حداکثر8 نیمسال مرد زن - 1 علوم و مهندسی آب 19324 صرفا با سوابق تحصیلی دانشگاه صنعتی شاهرود- خوابگاه حداکثر8 نیمسال مرد زن - 2 مهندسی معدن 19325 صرفا با سوابق تحصیلی مهندسی مکانیک بیوسیستم (این رشته دانشگاه صنعتی شاهرود- خوابگاه حداکثر8 نیمسال مرد زن - 2 19326 صرفا با سوابق تحصیلی )متعلق به گروه کشاورزی است دانشگاه ملی مهارت- آموزشکده دختران سمنان - زن 1 - مهندسی حرفه ای معماری 19331 صرفا با سوابق تحصیلی دانشگاه دامغان- دارای خوابگاه ملکی مرد زن - 1 زمین شناسی 19313 صرفا با سوابق تحصیلی
19316,شیمی کاربردی,دانشگاه اردکان,شرایط خاص,بومی,2,307,دامغان - دارای خوابگاه ملکی | ادامه سهمیه مخصوص متقاضیان بومی مناطق درگیر بالیای طبیعی(سیل، زلزله و ...) استان سمنان
19317,شیمی محض,دانشگاه اردکان,شرایط خاص,بومی,2,307,دامغان - دارای خوابگاه ملکی | ادامه سهمیه مخصوص متقاضیان بومی مناطق درگیر بالیای طبیعی(سیل، زلزله و ...) استان سمنان
37060,دکتری عمومی دامپزشکی,دانشگاه اردکان,شرایط خاص,بومی,3,307,زابل | ادامه سهمیه مخصوص متقاضیان بومی مناطق درگیر بالیای طبیعی(سیل، زلزله و ...) استان سمنان
19350,زیست‌شناسی جانوری,دانشگاه اردکان,شرایط خاص,بومی,2,308,زابل | ادامه سهمیه مخصوص متقاضیان بومی مناطق درگیر بالیای طبیعی(سیل، زلزله و ...) استان سیستان و بلوچستان
19351,زیست‌شناسی سلولی و مولکولی,دانشگاه اردکان,شرایط خاص,بومی,2,308,زابل | ادامه سهمیه مخصوص متقاضیان بومی مناطق درگیر بالیای طبیعی(سیل، زلزله و ...) استان سیستان و بلوچستان
19352,زیست‌شناسی گیاهی,دانشگاه اردکان,شرایط خاص,بومی,2,308,زابل | ادامه سهمیه مخصوص متقاضیان بومی مناطق درگیر بالیای طبیعی(سیل، زلزله و ...) استان سیستان و بلوچستان
19355,علوم آزمایشگاهی دامپزشکی,دانشگاه اردکان,شرایط خاص,بومی,2,308,زابل | ادامه سهمیه مخصوص متقاضیان بومی مناطق درگیر بالیای طبیعی(سیل، زلزله و ...) استان سیستان و بلوچستان
19358,علوم و صنایع غذایی / علوم و مهندسی صنایع غذایی,دانشگاه اردکان,شرایط خاص,بومی,2,308,زابل | ادامه سهمیه مخصوص متقاضیان بومی مناطق درگیر بالیای طبیعی(سیل، زلزله و ...) استان سیستان و بلوچستان
19384,زیست‌شناسی جانوری,دانشگاه اردکان,شرایط خاص,بومی,2,308,سیستان و بلوچستان - زاهدان | ادامه سهمیه مخصوص متقاضیان بومی مناطق درگیر بالیای طبیعی(سیل، زلزله و ...) استان سیستان و بلوچستان
19385,زیست‌شناسی سلولی و مولکولی,دانشگاه اردکان,شرایط خاص,بومی,2,308,سیستان و بلوچستان - زاهدان | ادامه سهمیه مخصوص متقاضیان بومی مناطق درگیر بالیای طبیعی(سیل، زلزله و ...) استان سیستان و بلوچستان
19386,زیست‌شناسی گیاهی,دانشگاه اردکان,شرایط خاص,بومی,1,308,سیستان و بلوچستان - زاهدان | ادامه سهمیه مخصوص متقاضیان بومی مناطق درگیر بالیای طبیعی(سیل، زلزله و ...) استان سیستان و بلوچستان
37061,زیست‌فناوری,دانشگاه اردکان,شرایط خاص,بومی,1,309,هرمزگان - بندرعباس | سهمیه مخصوص متقاضیان بومی مناطق درگیر بالیای طبیعی(سیل، زلزله و ...) استان هرمزگان
37178,شیمی محض,دانشگاه اردکان,شرایط خاص,بومی,1,309,هرمزگان - بندرعباس | سهمیه مخصوص متقاضیان بومی مناطق درگیر بالیای طبیعی(سیل، زلزله و ...) استان هرمزگان دانشگاه هرمزگان- بندرعباس مرد زن - 1 زیست فناوری 37061 با آزمون دانشگاه هرمزگان- بندرعباس مرد زن - 1 اقتصاد 37175 با آزمون دانشگاه هرمزگان- بندرعباس مرد زن - 1 حسابداری 37176 با آزمون دانشگاه هرمزگان- بندرعباس مرد زن - 1 روان شناسی 37177 با آزمون
19414,علوم و صنایع غذایی / علوم و مهندسی صنایع غذایی,مجتمع آموزش عالی میناب ),شرایط خاص,بومی,1,309,هرمزگان ( محل تحصیل مجتمع آموزش عالی میناب ) - مهمانی و انتقال به پردیس اصلی دانشگاه در بندرعباس | سهمیه مخصوص متقاضیان بومی مناطق درگیر بالیای طبیعی(سیل، زلزله و ...) استان هرمزگان دانشگاه هرمزگان- بندرعباس مرد زن - 1 زیست فناوری 37061 با آزمون دانشگاه هرمزگان- بندرعباس مرد زن - 1 اقتصاد 37175 با آزمون دانشگاه هرمزگان- بندرعباس مرد زن - 1 حسابداری 37176 با آزمون دانشگاه هرمزگان- بندرعباس مرد زن - 1 روان شناسی 37177 با آزمون دانشگاه هرمزگان- بندرعباس مرد زن - 1 شیمی محض 37178 با آزمون دانشگاه هرمزگان- بندرعباس - زن - 1 علوم ورزشی 37179 با آزمون دانشگاه هرمزگان- بندرعباس مرد- - 1 علوم ورزشی 37180 با آزمون دانشگاه هرمزگان- بندرعباس مرد زن - 1 مدیریت بازرگانی 37181 با آزمون دانشگاه هرمزگان- بندرعباس مرد زن - 1 مدیریت دولتی 37182 با آزمون دانشگاه هرمزگان- بندرعباس مرد زن - 1 مدیریت صنعتی 37183 با آزمون دانشگاه هرمزگان- بندرعباس مرد زن - 2 آمار 19409 صرفا با سوابق تحصیلی دانشگاه هرمزگان- بندرعباس مرد زن - 1 فیزیک 19410 صرفا با سوابق تحصیلی دانشگاه )هرمزگان (محل تحصیل مجتمع آموزش عالی میناب- مرد زن - 2 علوم و مهندسی آب 19413 صرفا با سوابق تحصیلی ممنوعیت مهمانی و انتقال به پردیس اصلی دانشگاه در بندرعباس دانشگاه هرمزگان- بندرعباس مرد زن - 2 زیست شناسی دریا 19411 صرفا با سوابق تحصیلی دانشگاه هرمزگان - بندرعباس مرد زن - 2 علوم و مهندسی شیالت 19412 صرفا با سوابق تحصیلی
37193,دکتری عمومی دامپزشکی,دانشگاه اردکان,شرایط خاص,بومی,1,310,شهید باهنر کرمان - ممنوعیت نقل و انتقال در هر - محدودیت در ارائه خوابگاه | سهمیه مخصوص متقاضیان بومی شهرستان های جنوب استان کرمان(شهرستان های جیرفت، رودبار جنوب، عنبرآباد، قلعه گنچ، کهنوج )و منوجان
37194,زیست‌شناسی سلولی و مولکولی,دانشگاه اردکان,شرایط خاص,بومی,1,310,شهید باهنر کرمان - محدودیت در ارائه خوابگاه | سهمیه مخصوص متقاضیان بومی شهرستان های جنوب استان کرمان(شهرستان های جیرفت، رودبار جنوب، عنبرآباد، قلعه گنچ، کهنوج )و منوجان
19418,علوم و صنایع غذایی / علوم و مهندسی صنایع غذایی,دانشگاه اردکان,شرایط خاص,بومی,1,310,جیرفت | سهمیه مخصوص متقاضیان بومی شهرستان های جنوب استان کرمان(شهرستان های جیرفت، رودبار جنوب، عنبرآباد، قلعه گنچ، کهنوج )و منوجان
19421,زیست‌شناسی جانوری,دانشگاه اردکان,شرایط خاص,بومی,1,310,شهید باهنر کرمان - محدودیت در ارائه خوابگاه | سهمیه مخصوص متقاضیان بومی شهرستان های جنوب استان کرمان(شهرستان های جیرفت، رودبار جنوب، عنبرآباد، قلعه گنچ، کهنوج )و منوجان
